timestamp,kw_import,kw_export,kvar_import,kvar_export
2024-06-01 00:00:00,961.93402689844,0.0,355.0,0.0
2024-06-01 00:30:00,783.8899318588906,0.0,295.0,0.0
2024-06-01 01:00:00,832.6299598612027,0.0,317.0,0.0
2024-06-01 01:30:00,837.4832803970331,0.0,313.0,0.0
2024-06-01 02:00:00,671.4491244399157,0.0,273.0,0.0
2024-06-01 02:30:00,867.0321950678068,0.0,341.0,0.0
2024-06-01 03:00:00,717.9035478863506,0.0,286.0,0.0
2024-06-01 03:30:00,804.1189033565948,0.0,292.0,0.0
2024-06-01 04:00:00,828.2693289620731,0.0,282.0,0.0
2024-06-01 04:30:00,640.2025034655213,0.0,262.0,0.0
2024-06-01 05:00:00,706.075160021902,0.0,240.0,0.0
2024-06-01 05:30:00,827.7336143604872,0.0,312.0,0.0
2024-06-01 06:00:00,979.4869216502638,0.0,350.0,0.0
2024-06-01 06:30:00,678.7435563496055,0.0,244.0,0.0
2024-06-01 07:00:00,661.5433893788256,0.0,228.00000000000003,0.0
2024-06-01 07:30:00,629.755783965853,0.0,221.0,0.0
2024-06-01 08:00:00,770.826160129039,0.0,282.0,0.0
2024-06-01 08:30:00,800.5277483518498,0.0,268.0,0.0
2024-06-01 09:00:00,699.9736686371181,0.0,229.0,0.0
2024-06-01 09:30:00,703.2632307237582,0.0,234.0,0.0
2024-06-01 10:00:00,750.1235542948078,0.0,250.0,0.0
2024-06-01 10:30:00,722.8377469905089,0.0,240.0,0.0
2024-06-01 11:00:00,699.6677204806751,0.0,247.00000000000003,0.0
2024-06-01 11:30:00,681.0182623304846,0.0,248.0,0.0
2024-06-01 12:00:00,921.0160396670263,0.0,347.0,0.0
2024-06-01 12:30:00,840.8334537739289,0.0,299.0,0.0
2024-06-01 13:00:00,650.4902097139432,0.0,264.0,0.0
2024-06-01 13:30:00,715.5577552290797,0.0,263.0,0.0
2024-06-01 14:00:00,745.5529890418027,0.0,306.0,0.0
2024-06-01 14:30:00,984.5750657173315,0.0,375.0,0.0
2024-06-01 15:00:00,842.1481170784972,0.0,292.0,0.0
2024-06-01 15:30:00,680.2912177530671,0.0,270.0,0.0
2024-06-01 16:00:00,790.8399991321569,0.0,273.0,0.0
2024-06-01 16:30:00,946.2155461722577,0.0,311.0,0.0
2024-06-01 17:00:00,1068.9654444661599,0.0,371.0,0.0
2024-06-01 17:30:00,762.9192225231642,0.0,284.0,0.0
2024-06-01 18:00:00,751.0287910154082,0.0,268.0,0.0
2024-06-01 18:30:00,685.0553936715967,0.0,276.0,0.0
2024-06-01 19:00:00,880.5512339574699,0.0,359.0,0.0
2024-06-01 19:30:00,953.0255421243247,0.0,349.0,0.0
2024-06-01 20:00:00,755.2789547229814,0.0,264.0,0.0
2024-06-01 20:30:00,783.1930422656059,0.0,270.0,0.0
2024-06-01 21:00:00,710.5420747753782,0.0,258.0,0.0
2024-06-01 21:30:00,803.2932723679063,0.0,293.0,0.0
2024-06-01 22:00:00,974.6527255362232,0.0,363.0,0.0
2024-06-01 22:30:00,950.4743687774329,0.0,351.0,0.0
2024-06-01 23:00:00,741.9017603615312,0.0,272.0,0.0
2024-06-01 23:30:00,745.0008836887868,0.0,298.0,0.0
2024-06-02 00:00:00,826.9116454061704,0.0,336.0,0.0
2024-06-02 00:30:00,836.3231301239266,0.0,322.0,0.0
2024-06-02 01:00:00,651.7133440541057,0.0,269.0,0.0
2024-06-02 01:30:00,628.8040632353514,0.0,259.0,0.0
2024-06-02 02:00:00,633.0122876460115,0.0,256.0,0.0
2024-06-02 02:30:00,810.0210150606277,0.0,363.0,0.0
2024-06-02 03:00:00,764.450816556141,0.0,305.0,0.0
2024-06-02 03:30:00,713.7962792914777,0.0,287.0,0.0
2024-06-02 04:00:00,578.0889774220542,0.0,234.0,0.0
2024-06-02 04:30:00,623.3023744946585,0.0,239.0,0.0
2024-06-02 05:00:00,600.4379980624914,0.0,249.0,0.0
2024-06-02 05:30:00,717.6947521773677,0.0,302.0,0.0
2024-06-02 06:00:00,821.1144099485431,0.0,356.0,0.0
2024-06-02 06:30:00,667.027029626224,0.0,269.0,0.0
2024-06-02 07:00:00,590.5953215632943,0.0,234.0,0.0
2024-06-02 07:30:00,648.447961680507,0.0,269.0,0.0
2024-06-02 08:00:00,680.4247706806411,0.0,280.0,0.0
2024-06-02 08:30:00,828.008310812615,0.0,349.0,0.0
2024-06-02 09:00:00,778.9643131969726,0.0,292.0,0.0
2024-06-02 09:30:00,607.5161513194399,0.0,268.0,0.0
2024-06-02 10:00:00,634.1948315333166,0.0,257.0,0.0
2024-06-02 10:30:00,842.437115850069,0.0,350.0,0.0
2024-06-02 11:00:00,738.9987077805018,0.0,308.0,0.0
2024-06-02 11:30:00,658.760267569669,0.0,241.0,0.0
2024-06-02 12:00:00,586.186832165348,0.0,246.0,0.0
2024-06-02 12:30:00,629.5987585777497,0.0,227.0,0.0
2024-06-02 13:00:00,643.9666191804226,0.0,249.99999999999997,0.0
2024-06-02 13:30:00,613.7033613473897,0.0,229.0,0.0
2024-06-02 14:00:00,642.1099687275923,0.0,240.0,0.0
2024-06-02 14:30:00,727.3223185347262,0.0,294.0,0.0
2024-06-02 15:00:00,826.3770867890739,0.0,335.0,0.0
2024-06-02 15:30:00,768.4498297347166,0.0,281.0,0.0
2024-06-02 16:00:00,744.071209350535,0.0,292.0,0.0
2024-06-02 16:30:00,615.3966731174963,0.0,257.0,0.0
2024-06-02 17:00:00,593.3064705208884,0.0,270.0,0.0
2024-06-02 17:30:00,694.4232687999983,0.0,263.0,0.0
2024-06-02 18:00:00,586.2404270317144,0.0,252.0,0.0
2024-06-02 18:30:00,632.2950563952735,0.0,271.0,0.0
2024-06-02 19:00:00,563.8139104070548,0.0,224.0,0.0
2024-06-02 19:30:00,581.9062879215637,0.0,250.0,0.0
2024-06-02 20:00:00,606.0849105590465,0.0,232.0,0.0
2024-06-02 20:30:00,617.9286085834759,0.0,252.0,0.0
2024-06-02 21:00:00,613.0814091116275,0.0,251.0,0.0
2024-06-02 21:30:00,649.5835690715415,0.0,250.0,0.0
2024-06-02 22:00:00,694.6556227464728,0.0,265.0,0.0
2024-06-02 22:30:00,669.2312792691148,0.0,217.0,0.0
2024-06-02 23:00:00,616.8298866423943,0.0,197.00000000000003,0.0
2024-06-02 23:30:00,615.8989152416223,0.0,196.0,0.0
2024-06-03 00:00:00,619.6039242882521,0.0,282.0,0.0
2024-06-03 00:30:00,684.3617448516407,0.0,257.0,0.0
2024-06-03 01:00:00,577.1142808604021,0.0,244.0,0.0
2024-06-03 01:30:00,600.4134835997621,0.0,221.0,0.0
2024-06-03 02:00:00,661.4521111833398,0.0,249.0,0.0
2024-06-03 02:30:00,641.3064503324363,0.0,250.0,0.0
2024-06-03 03:00:00,599.5437915805297,0.0,265.0,0.0
2024-06-03 03:30:00,744.1663007180057,0.0,283.0,0.0
2024-06-03 04:00:00,751.2105847565314,0.0,298.0,0.0
2024-06-03 04:30:00,638.7309692421641,0.0,248.0,0.0
2024-06-03 05:00:00,550.743650136515,0.0,245.0,0.0
2024-06-03 05:30:00,563.093952379473,0.0,238.0,0.0
2024-06-03 06:00:00,699.3344920272276,0.0,295.0,0.0
2024-06-03 06:30:00,656.6801247180231,0.0,272.0,0.0
2024-06-03 07:00:00,650.4547833047977,0.0,246.0,0.0
2024-06-03 07:30:00,650.7458701512111,0.0,232.0,0.0
2024-06-03 08:00:00,595.7080848709644,0.0,227.00000000000003,0.0
2024-06-03 08:30:00,603.1717322152173,0.0,214.0,0.0
2024-06-03 09:00:00,693.6655304869727,0.0,227.0,0.0
2024-06-03 09:30:00,753.5807146621588,0.0,264.0,0.0
2024-06-03 10:00:00,850.9402812371599,0.0,322.0,0.0
2024-06-03 10:30:00,778.7236225804345,0.0,361.0,0.0
2024-06-03 11:00:00,741.8870970406241,0.0,298.0,0.0
2024-06-03 11:30:00,698.4174473515303,0.0,271.0,0.0
2024-06-03 12:00:00,691.382467911311,0.0,283.0,0.0
2024-06-03 12:30:00,966.5013604774409,0.0,368.0,0.0
2024-06-03 13:00:00,914.4683529309226,0.0,361.0,0.0
2024-06-03 13:30:00,674.1090307663095,0.0,272.0,0.0
2024-06-03 14:00:00,677.8507913198214,0.0,268.0,0.0
2024-06-03 14:30:00,634.2251894290962,0.0,280.0,0.0
2024-06-03 15:00:00,735.3152711272262,0.0,332.0,0.0
2024-06-03 15:30:00,907.6526551655977,0.0,362.0,0.0
2024-06-03 16:00:00,935.0837594455786,0.0,340.0,0.0
2024-06-03 16:30:00,687.15525301545,0.0,282.0,0.0
2024-06-03 17:00:00,754.4504503953149,0.0,368.0,0.0
2024-06-03 17:30:00,805.8865721103748,0.0,356.0,0.0
2024-06-03 18:00:00,677.2896324263697,0.0,280.0,0.0
2024-06-03 18:30:00,659.0218989460478,0.0,286.0,0.0
2024-06-03 19:00:00,771.1298749291005,0.0,308.0,0.0
2024-06-03 19:30:00,825.0155867494141,0.0,343.0,0.0
2024-06-03 20:00:00,728.2577411215251,0.0,294.0,0.0
2024-06-03 20:30:00,702.2158871872141,0.0,273.0,0.0
2024-06-03 21:00:00,649.1305093641337,0.0,264.0,0.0
2024-06-03 21:30:00,666.4363903954996,0.0,280.0,0.0
2024-06-03 22:00:00,778.7666757909598,0.0,311.0,0.0
2024-06-03 22:30:00,699.5590781523355,0.0,267.0,0.0
2024-06-03 23:00:00,761.0841910687377,0.0,326.0,0.0
2024-06-03 23:30:00,727.2796272394619,0.0,289.0,0.0
2024-06-04 00:00:00,669.1084243616136,0.0,267.0,0.0
2024-06-04 00:30:00,638.4105842769271,0.0,243.99999999999997,0.0
2024-06-04 01:00:00,770.0851317216469,0.0,302.0,0.0
2024-06-04 01:30:00,788.299844105057,0.0,300.0,0.0
2024-06-04 02:00:00,675.9686941192435,0.0,269.0,0.0
2024-06-04 02:30:00,631.9891384105592,0.0,256.0,0.0
2024-06-04 03:00:00,605.7807155837645,0.0,237.0,0.0
2024-06-04 03:30:00,611.2924758865389,0.0,236.0,0.0
2024-06-04 04:00:00,641.4999019029908,0.0,255.0,0.0
2024-06-04 04:30:00,800.6115058089231,0.0,339.0,0.0
2024-06-04 05:00:00,797.7361385905874,0.0,325.0,0.0
2024-06-04 05:30:00,702.1372735992169,0.0,258.0,0.0
2024-06-04 06:00:00,622.2161625122268,0.0,259.0,0.0
2024-06-04 06:30:00,772.5734788623612,0.0,307.0,0.0
2024-06-04 07:00:00,664.2964777460999,0.0,300.0,0.0
2024-06-04 07:30:00,600.1888759186056,0.0,226.0,0.0
2024-06-04 08:00:00,539.0571579167411,0.0,224.0,0.0
2024-06-04 08:30:00,516.9029276115946,0.0,199.0,0.0
2024-06-04 09:00:00,543.3583896926187,0.0,202.0,0.0
2024-06-04 09:30:00,557.4032017451126,0.0,213.0,0.0
2024-06-04 10:00:00,614.3088058396471,0.0,230.0,0.0
2024-06-04 10:30:00,632.9945074942436,0.0,238.0,0.0
2024-06-04 11:00:00,685.0726797809234,0.0,248.0,0.0
2024-06-04 11:30:00,642.7713318463615,0.0,248.0,0.0
2024-06-04 12:00:00,712.0666713472555,0.0,278.0,0.0
2024-06-04 12:30:00,871.5997091844781,0.0,369.0,0.0
2024-06-04 13:00:00,785.7426777099571,0.0,281.0,0.0
2024-06-04 13:30:00,732.575122516717,0.0,268.0,0.0
2024-06-04 14:00:00,606.7924115566467,0.0,240.0,0.0
2024-06-04 14:30:00,871.5200712498678,0.0,327.0,0.0
2024-06-04 15:00:00,879.0889379570639,0.0,353.0,0.0
2024-06-04 15:30:00,792.6150928346345,0.0,292.0,0.0
2024-06-04 16:00:00,713.5328902124918,0.0,296.0,0.0
2024-06-04 16:30:00,669.0695448914001,0.0,248.00000000000003,0.0
2024-06-04 17:00:00,901.6931365615862,0.0,322.0,0.0
2024-06-04 17:30:00,876.6185688562084,0.0,334.0,0.0
2024-06-04 18:00:00,754.386659164827,0.0,304.0,0.0
2024-06-04 18:30:00,682.5241690503576,0.0,270.0,0.0
2024-06-04 19:00:00,595.4000674739424,0.0,250.0,0.0
2024-06-04 19:30:00,916.6857929240966,0.0,333.0,0.0
2024-06-04 20:00:00,868.131998252464,0.0,321.0,0.0
2024-06-04 20:30:00,714.2480868095404,0.0,288.0,0.0
2024-06-04 21:00:00,610.9138611053665,0.0,245.0,0.0
2024-06-04 21:30:00,683.9221988955154,0.0,277.0,0.0
2024-06-04 22:00:00,874.3085155843553,0.0,334.0,0.0
2024-06-04 22:30:00,797.878597163164,0.0,333.0,0.0
2024-06-04 23:00:00,811.8950428321602,0.0,294.0,0.0
2024-06-04 23:30:00,682.299534907333,0.0,266.0,0.0
2024-06-05 00:00:00,707.9624584582226,0.0,314.0,0.0
2024-06-05 00:30:00,934.4499983253529,0.0,379.0,0.0
2024-06-05 01:00:00,871.0040175443978,0.0,353.0,0.0
2024-06-05 01:30:00,781.2158868491545,0.0,314.0,0.0
2024-06-05 02:00:00,711.0055583670642,0.0,280.0,0.0
2024-06-05 02:30:00,693.0402433518484,0.0,297.0,0.0
2024-06-05 03:00:00,618.2983863542453,0.0,264.0,0.0
2024-06-05 03:30:00,713.9739223965236,0.0,292.0,0.0
2024-06-05 04:00:00,721.7052531404553,0.0,273.0,0.0
2024-06-05 04:30:00,697.8657808263273,0.0,294.0,0.0
2024-06-05 05:00:00,698.4201601244291,0.0,263.0,0.0
2024-06-05 05:30:00,781.6769413150977,0.0,279.0,0.0
2024-06-05 06:00:00,757.8858398929685,0.0,287.0,0.0
2024-06-05 06:30:00,676.9947220505643,0.0,277.0,0.0
2024-06-05 07:00:00,576.8287170632233,0.0,244.0,0.0
2024-06-05 07:30:00,634.5794705684567,0.0,286.0,0.0
2024-06-05 08:00:00,767.133907631217,0.0,332.0,0.0
2024-06-05 08:30:00,794.6637541770904,0.0,302.0,0.0
2024-06-05 09:00:00,661.4575681190719,0.0,258.0,0.0
2024-06-05 09:30:00,689.7423338090765,0.0,285.0,0.0
2024-06-05 10:00:00,657.3774601073173,0.0,284.0,0.0
2024-06-05 10:30:00,652.3232962087557,0.0,270.0,0.0
2024-06-05 11:00:00,794.1339687112825,0.0,329.0,0.0
2024-06-05 11:30:00,804.8268028454963,0.0,366.0,0.0
2024-06-05 12:00:00,811.8532801183693,0.0,311.0,0.0
2024-06-05 12:30:00,710.8551157650986,0.0,300.0,0.0
2024-06-05 13:00:00,773.8442077349197,0.0,276.0,0.0
2024-06-05 13:30:00,727.7920923380535,0.0,326.0,0.0
2024-06-05 14:00:00,950.2347798205296,0.0,379.0,0.0
2024-06-05 14:30:00,824.764713164767,0.0,297.0,0.0
2024-06-05 15:00:00,718.2839590796389,0.0,292.0,0.0
2024-06-05 15:30:00,681.8990017408302,0.0,280.0,0.0
2024-06-05 16:00:00,685.0017232096723,0.0,284.0,0.0
2024-06-05 16:30:00,659.1265956507539,0.0,274.0,0.0
2024-06-05 17:00:00,856.7740411116451,0.0,373.0,0.0
2024-06-05 17:30:00,799.4864527389099,0.0,339.0,0.0
2024-06-05 18:00:00,699.0185116325704,0.0,308.0,0.0
2024-06-05 18:30:00,736.7557639252732,0.0,271.0,0.0
2024-06-05 19:00:00,734.9381874078192,0.0,307.0,0.0
2024-06-05 19:30:00,828.9104431718421,0.0,326.0,0.0
2024-06-05 20:00:00,768.7121511170214,0.0,335.0,0.0
2024-06-05 20:30:00,694.4039343193584,0.0,290.0,0.0
2024-06-05 21:00:00,646.1275995306218,0.0,264.0,0.0
2024-06-05 21:30:00,756.7291068259206,0.0,312.0,0.0
2024-06-05 22:00:00,754.2493767804431,0.0,298.0,0.0
2024-06-05 22:30:00,684.3760785352584,0.0,262.0,0.0
2024-06-05 23:00:00,599.3527539561738,0.0,244.0,0.0
2024-06-05 23:30:00,638.8306525944267,0.0,252.0,0.0
2024-06-06 00:00:00,714.0385439900947,0.0,293.0,0.0
2024-06-06 00:30:00,937.9537701913085,0.0,351.0,0.0
2024-06-06 01:00:00,912.9254515408082,0.0,357.0,0.0
2024-06-06 01:30:00,786.950798143924,0.0,282.0,0.0
2024-06-06 02:00:00,631.0014703261655,0.0,293.0,0.0
2024-06-06 02:30:00,760.4139429553469,0.0,326.0,0.0
2024-06-06 03:00:00,949.578864537486,0.0,383.0,0.0
2024-06-06 03:30:00,803.0271118941081,0.0,316.0,0.0
2024-06-06 04:00:00,681.3038882683626,0.0,290.0,0.0
2024-06-06 04:30:00,707.8436714508057,0.0,277.0,0.0
2024-06-06 05:00:00,866.8061241199297,0.0,355.0,0.0
2024-06-06 05:30:00,787.224630070243,0.0,324.0,0.0
2024-06-06 06:00:00,766.9084024664376,0.0,305.0,0.0
2024-06-06 06:30:00,676.4686047500466,0.0,263.0,0.0
2024-06-06 07:00:00,673.4787372793808,0.0,300.0,0.0
2024-06-06 07:30:00,649.4978069141205,0.0,253.0,0.0
2024-06-06 08:00:00,676.7736946101107,0.0,272.0,0.0
2024-06-06 08:30:00,704.8708718129535,0.0,285.0,0.0
2024-06-06 09:00:00,748.9659349220619,0.0,279.0,0.0
2024-06-06 09:30:00,684.5289848050188,0.0,277.0,0.0
2024-06-06 10:00:00,700.1218352683672,0.0,265.0,0.0
2024-06-06 10:30:00,861.1209447318203,0.0,325.0,0.0
2024-06-06 11:00:00,730.705052705439,0.0,303.0,0.0
2024-06-06 11:30:00,605.5232853559444,0.0,266.0,0.0
2024-06-06 12:00:00,612.8201692620671,0.0,242.0,0.0
2024-06-06 12:30:00,776.7843752236129,0.0,309.0,0.0
2024-06-06 13:00:00,797.2396861754818,0.0,343.0,0.0
2024-06-06 13:30:00,720.1315469496062,0.0,245.99999999999997,0.0
2024-06-06 14:00:00,695.1750076760676,0.0,234.0,0.0
2024-06-06 14:30:00,745.3862569684036,0.0,252.0,0.0
2024-06-06 15:00:00,634.7394925141649,0.0,237.0,0.0
2024-06-06 15:30:00,834.9141566158381,0.0,290.0,0.0
2024-06-06 16:00:00,924.9698870906514,0.0,351.0,0.0
2024-06-06 16:30:00,786.360547705214,0.0,328.0,0.0
2024-06-06 17:00:00,652.59457827747,0.0,244.99999999999997,0.0
2024-06-06 17:30:00,688.9644236691444,0.0,259.0,0.0
2024-06-06 18:00:00,752.5761847407264,0.0,294.0,0.0
2024-06-06 18:30:00,817.526523625177,0.0,318.0,0.0
2024-06-06 19:00:00,657.0238513628017,0.0,283.0,0.0
2024-06-06 19:30:00,519.091146511303,0.0,241.0,0.0
2024-06-06 20:00:00,641.7934708804521,0.0,265.0,0.0
2024-06-06 20:30:00,699.4794283172114,0.0,280.0,0.0
2024-06-06 21:00:00,784.6728200189755,0.0,326.0,0.0
2024-06-06 21:30:00,749.9028773932993,0.0,274.0,0.0
2024-06-06 22:00:00,697.1895268042574,0.0,294.0,0.0
2024-06-06 22:30:00,726.8604010018885,0.0,289.0,0.0
2024-06-06 23:00:00,700.9692521675303,0.0,274.0,0.0
2024-06-06 23:30:00,802.6708874013625,0.0,350.0,0.0
2024-06-07 00:00:00,1124.4349679335337,0.0,445.0,0.0
2024-06-07 00:30:00,1029.4008003300733,0.0,435.0,0.0
2024-06-07 01:00:00,1203.0552100310051,0.0,517.0,0.0
2024-06-07 01:30:00,1510.9831085871092,0.0,635.0,0.0
2024-06-07 02:00:00,1343.4954737975154,0.0,557.0,0.0
2024-06-07 02:30:00,1257.8283458092046,0.0,514.0,0.0
2024-06-07 03:00:00,966.1220655223437,0.0,445.0,0.0
2024-06-07 03:30:00,1301.1405053146425,0.0,525.0,0.0
2024-06-07 04:00:00,1351.5542585580633,0.0,566.0,0.0
2024-06-07 04:30:00,1084.4245925651185,0.0,478.0,0.0
2024-06-07 05:00:00,958.9627978409487,0.0,457.0,0.0
2024-06-07 05:30:00,1433.913624224244,0.0,582.0,0.0
2024-06-07 06:00:00,1428.0061554352897,0.0,587.0,0.0
2024-06-07 06:30:00,1329.6610130891288,0.0,556.0,0.0
2024-06-07 07:00:00,1198.1158501206212,0.0,475.0,0.0
2024-06-07 07:30:00,1164.9768709411899,0.0,463.0,0.0
2024-06-07 08:00:00,1156.596051586176,0.0,472.0,0.0
2024-06-07 08:30:00,1409.8491048877918,0.0,589.0,0.0
2024-06-07 09:00:00,1525.0542637246394,0.0,637.0,0.0
2024-06-07 09:30:00,1362.240200530668,0.0,556.0,0.0
2024-06-07 10:00:00,1235.2934153345348,0.0,464.0,0.0
2024-06-07 10:30:00,1071.5780468056073,0.0,418.0,0.0
2024-06-07 11:00:00,1209.211583862735,0.0,455.0,0.0
2024-06-07 11:30:00,1495.165286874199,0.0,606.0,0.0
2024-06-07 12:00:00,1621.4877734551856,0.0,647.0,0.0
2024-06-07 12:30:00,1482.030775935079,0.0,524.0,0.0
2024-06-07 13:00:00,1235.69669312137,0.0,446.0,0.0
2024-06-07 13:30:00,1311.2523587560656,0.0,490.0,0.0
2024-06-07 14:00:00,1354.4019158344104,0.0,582.0,0.0
2024-06-07 14:30:00,1483.7915142766717,0.0,547.0,0.0
2024-06-07 15:00:00,1154.972494759366,0.0,455.0,0.0
2024-06-07 15:30:00,1092.0949796686746,0.0,431.0,0.0
2024-06-07 16:00:00,1049.999593876977,0.0,475.00000000000006,0.0
2024-06-07 16:30:00,1402.5750457666875,0.0,582.0,0.0
2024-06-07 17:00:00,1189.5354530526317,0.0,506.0,0.0
2024-06-07 17:30:00,1261.4749856501467,0.0,503.0,0.0
2024-06-07 18:00:00,1300.8692812894044,0.0,559.0,0.0
2024-06-07 18:30:00,1362.9229800579578,0.0,513.0,0.0
2024-06-07 19:00:00,1257.7563265280558,0.0,514.0,0.0
2024-06-07 19:30:00,1190.8145759806634,0.0,411.0,0.0
2024-06-07 20:00:00,949.4370846803981,0.0,407.0,0.0
2024-06-07 20:30:00,1260.5623382776826,0.0,472.0,0.0
2024-06-07 21:00:00,1224.113338418619,0.0,543.0,0.0
2024-06-07 21:30:00,1367.6219240213509,0.0,562.0,0.0
2024-06-07 22:00:00,1139.9064528989363,0.0,479.0,0.0
2024-06-07 22:30:00,1021.0859179030854,0.0,418.0,0.0
2024-06-07 23:00:00,1021.4811258018758,0.0,436.0,0.0
2024-06-07 23:30:00,1003.5233082580419,0.0,423.0,0.0
2024-06-08 00:00:00,751.1538560099241,0.0,324.0,0.0
2024-06-08 00:30:00,843.4586936757973,0.0,293.0,0.0
2024-06-08 01:00:00,683.1075093893394,0.0,248.0,0.0
2024-06-08 01:30:00,645.4838640126641,0.0,260.0,0.0
2024-06-08 02:00:00,585.6510835622794,0.0,254.0,0.0
2024-06-08 02:30:00,707.40254424192,0.0,304.0,0.0
2024-06-08 03:00:00,786.544838424842,0.0,287.0,0.0
2024-06-08 03:30:00,617.6770299502838,0.0,249.0,0.0
2024-06-08 04:00:00,622.1582940438732,0.0,278.0,0.0
2024-06-08 04:30:00,683.1950147786838,0.0,267.0,0.0
2024-06-08 05:00:00,763.5494183034665,0.0,280.0,0.0
2024-06-08 05:30:00,727.8085430049081,0.0,292.0,0.0
2024-06-08 06:00:00,730.5140496885292,0.0,313.0,0.0
2024-06-08 06:30:00,806.5867358954017,0.0,350.0,0.0
2024-06-08 07:00:00,781.4930379531143,0.0,326.0,0.0
2024-06-08 07:30:00,810.0321636928531,0.0,307.0,0.0
2024-06-08 08:00:00,793.765549015862,0.0,320.0,0.0
2024-06-08 08:30:00,639.1193775183507,0.0,265.0,0.0
2024-06-08 09:00:00,786.9702584750772,0.0,334.0,0.0
2024-06-08 09:30:00,890.5762235477058,0.0,383.0,0.0
2024-06-08 10:00:00,795.6908522887823,0.0,344.0,0.0
2024-06-08 10:30:00,755.0082192427872,0.0,318.0,0.0
2024-06-08 11:00:00,722.3745373634644,0.0,311.0,0.0
2024-06-08 11:30:00,849.5804764251388,0.0,350.0,0.0
2024-06-08 12:00:00,962.4047810621279,0.0,390.0,0.0
2024-06-08 12:30:00,891.9268461706794,0.0,322.0,0.0
2024-06-08 13:00:00,757.8423012778222,0.0,281.0,0.0
2024-06-08 13:30:00,775.4606687149762,0.0,316.0,0.0
2024-06-08 14:00:00,890.5240137156528,0.0,383.0,0.0
2024-06-08 14:30:00,909.5619353322538,0.0,371.0,0.0
2024-06-08 15:00:00,816.034339569968,0.0,303.0,0.0
2024-06-08 15:30:00,795.080903750788,0.0,311.0,0.0
2024-06-08 16:00:00,752.7312205786627,0.0,344.0,0.0
2024-06-08 16:30:00,899.3565103647493,0.0,364.0,0.0
2024-06-08 17:00:00,921.450680718623,0.0,373.0,0.0
2024-06-08 17:30:00,782.3062325064445,0.0,291.0,0.0
2024-06-08 18:00:00,764.2853977897333,0.0,282.0,0.0
2024-06-08 18:30:00,716.9327692524173,0.0,307.0,0.0
2024-06-08 19:00:00,916.84811246408,0.0,339.0,0.0
2024-06-08 19:30:00,771.3348003612233,0.0,300.0,0.0
2024-06-08 20:00:00,727.6738385390454,0.0,280.0,0.0
2024-06-08 20:30:00,721.9977068636041,0.0,290.0,0.0
2024-06-08 21:00:00,675.5652485172424,0.0,300.0,0.0
2024-06-08 21:30:00,775.5560171231097,0.0,326.0,0.0
2024-06-08 22:00:00,962.0188924823711,0.0,376.0,0.0
2024-06-08 22:30:00,922.1697342041905,0.0,370.0,0.0
2024-06-08 23:00:00,736.4370772735818,0.0,287.0,0.0
2024-06-08 23:30:00,671.0494303166947,0.0,280.0,0.0
2024-06-09 00:00:00,1264.026292456485,0.0,486.0,0.0
2024-06-09 00:30:00,1199.5481935538335,0.0,488.0,0.0
2024-06-09 01:00:00,1048.011130502944,0.0,417.0,0.0
2024-06-09 01:30:00,900.3107057195538,0.0,355.0,0.0
2024-06-09 02:00:00,856.3125409885577,0.0,362.0,0.0
2024-06-09 02:30:00,805.6553004492989,0.0,322.0,0.0
2024-06-09 03:00:00,917.2445363530979,0.0,336.0,0.0
2024-06-09 03:30:00,841.9775031165428,0.0,339.0,0.0
2024-06-09 04:00:00,828.6031720198813,0.0,339.0,0.0
2024-06-09 04:30:00,797.0687624780086,0.0,295.0,0.0
2024-06-09 05:00:00,731.6155724564567,0.0,305.0,0.0
2024-06-09 05:30:00,706.8803485244889,0.0,305.0,0.0
2024-06-09 06:00:00,719.5584375411855,0.0,316.0,0.0
2024-06-09 06:30:00,753.6136066780865,0.0,329.0,0.0
2024-06-09 07:00:00,636.5995182018374,0.0,263.0,0.0
2024-06-09 07:30:00,681.3962155239265,0.0,276.0,0.0
2024-06-09 08:00:00,649.2377158352,0.0,287.0,0.0
2024-06-09 08:30:00,700.9589483480198,0.0,261.0,0.0
2024-06-09 09:00:00,632.9167495752781,0.0,260.0,0.0
2024-06-09 09:30:00,720.1642623506074,0.0,292.0,0.0
2024-06-09 10:00:00,533.4147631009148,0.0,262.0,0.0
2024-06-09 10:30:00,580.3997179721051,0.0,265.0,0.0
2024-06-09 11:00:00,754.3969825188058,0.0,315.0,0.0
2024-06-09 11:30:00,639.0357885243366,0.0,249.0,0.0
2024-06-09 12:00:00,621.4090034512801,0.0,248.0,0.0
2024-06-09 12:30:00,515.7875451332433,0.0,210.0,0.0
2024-06-09 13:00:00,616.8893636172717,0.0,246.0,0.0
2024-06-09 13:30:00,649.1256723963164,0.0,245.0,0.0
2024-06-09 14:00:00,567.882239492365,0.0,242.0,0.0
2024-06-09 14:30:00,543.6046009132607,0.0,196.0,0.0
2024-06-09 15:00:00,533.1694619269556,0.0,213.0,0.0
2024-06-09 15:30:00,607.6245935969546,0.0,222.0,0.0
2024-06-09 16:00:00,592.7273414883264,0.0,209.0,0.0
2024-06-09 16:30:00,561.9750197934991,0.0,216.0,0.0
2024-06-09 17:00:00,527.524645055518,0.0,228.0,0.0
2024-06-09 17:30:00,604.056876203272,0.0,230.0,0.0
2024-06-09 18:00:00,599.2380247018922,0.0,268.0,0.0
2024-06-09 18:30:00,666.9428598030984,0.0,261.0,0.0
2024-06-09 19:00:00,669.5928688854368,0.0,261.0,0.0
2024-06-09 19:30:00,558.9013399987224,0.0,211.0,0.0
2024-06-09 20:00:00,602.5592252267231,0.0,239.0,0.0
2024-06-09 20:30:00,718.5973379356157,0.0,287.0,0.0
2024-06-09 21:00:00,784.631487041006,0.0,320.0,0.0
2024-06-09 21:30:00,590.9535995178076,0.0,226.0,0.0
2024-06-09 22:00:00,598.5843286454083,0.0,215.0,0.0
2024-06-09 22:30:00,588.4522296168745,0.0,240.0,0.0
2024-06-09 23:00:00,718.0014651483492,0.0,299.0,0.0
2024-06-09 23:30:00,711.788074825297,0.0,273.0,0.0
2024-06-10 00:00:00,774.9002653706714,0.0,316.0,0.0
2024-06-10 00:30:00,860.4220665715847,0.0,346.0,0.0
2024-06-10 01:00:00,700.102395672392,0.0,281.0,0.0
2024-06-10 01:30:00,659.0232504647538,0.0,279.0,0.0
2024-06-10 02:00:00,750.1131898481417,0.0,294.0,0.0
2024-06-10 02:30:00,764.3470772998332,0.0,305.0,0.0
2024-06-10 03:00:00,785.3104335092345,0.0,294.0,0.0
2024-06-10 03:30:00,880.6072666140934,0.0,343.0,0.0
2024-06-10 04:00:00,966.8432812871117,0.0,382.0,0.0
2024-06-10 04:30:00,807.8159741902457,0.0,322.0,0.0
2024-06-10 05:00:00,862.7565930517376,0.0,334.0,0.0
2024-06-10 05:30:00,789.849881251187,0.0,279.0,0.0
2024-06-10 06:00:00,772.8114747933587,0.0,300.0,0.0
2024-06-10 06:30:00,804.0753604391219,0.0,308.0,0.0
2024-06-10 07:00:00,882.8826400689383,0.0,386.0,0.0
2024-06-10 07:30:00,907.3409111287516,0.0,321.0,0.0
2024-06-10 08:00:00,954.1964055106891,0.0,326.0,0.0
2024-06-10 08:30:00,841.6141047493277,0.0,306.0,0.0
2024-06-10 09:00:00,790.7605352638034,0.0,314.0,0.0
2024-06-10 09:30:00,946.9870135545643,0.0,394.0,0.0
2024-06-10 10:00:00,880.7286353973037,0.0,352.0,0.0
2024-06-10 10:30:00,884.4278707692324,0.0,339.0,0.0
2024-06-10 11:00:00,850.8620860887048,0.0,312.0,0.0
2024-06-10 11:30:00,870.8407478833478,0.0,337.0,0.0
2024-06-10 12:00:00,968.3654932817041,0.0,365.0,0.0
2024-06-10 12:30:00,859.183556631111,0.0,299.0,0.0
2024-06-10 13:00:00,790.5045257949613,0.0,307.0,0.0
2024-06-10 13:30:00,761.7599653962998,0.0,289.0,0.0
2024-06-10 14:00:00,754.3755751240305,0.0,294.0,0.0
2024-06-10 14:30:00,788.1822203521181,0.0,291.0,0.0
2024-06-10 15:00:00,1004.8234800289782,0.0,367.0,0.0
2024-06-10 15:30:00,1026.7647892025848,0.0,357.0,0.0
2024-06-10 16:00:00,893.7026620883546,0.0,329.0,0.0
2024-06-10 16:30:00,799.2983668844029,0.0,302.0,0.0
2024-06-10 17:00:00,730.0268058664519,0.0,314.0,0.0
2024-06-10 17:30:00,875.5061396298069,0.0,353.0,0.0
2024-06-10 18:00:00,823.9357970485183,0.0,339.0,0.0
2024-06-10 18:30:00,872.5968838293659,0.0,317.0,0.0
2024-06-10 19:00:00,731.7091156601343,0.0,319.0,0.0
2024-06-10 19:30:00,773.468873543878,0.0,293.0,0.0
2024-06-10 20:00:00,699.371688677459,0.0,284.0,0.0
2024-06-10 20:30:00,749.3433232721521,0.0,292.0,0.0
2024-06-10 21:00:00,783.0993219354568,0.0,291.0,0.0
2024-06-10 21:30:00,747.2679209801373,0.0,291.0,0.0
2024-06-10 22:00:00,658.9543102396132,0.0,259.0,0.0
2024-06-10 22:30:00,649.0579130083252,0.0,247.0,0.0
2024-06-10 23:00:00,707.1154559040513,0.0,294.0,0.0
2024-06-10 23:30:00,814.6602190648896,0.0,329.0,0.0
2024-06-11 00:00:00,711.1704441103373,0.0,273.0,0.0
2024-06-11 00:30:00,767.7127743502451,0.0,325.0,0.0
2024-06-11 01:00:00,801.597605122887,0.0,344.0,0.0
2024-06-11 01:30:00,692.2950484981668,0.0,271.0,0.0
2024-06-11 02:00:00,631.8786101755319,0.0,282.0,0.0
2024-06-11 02:30:00,635.0057883747603,0.0,257.0,0.0
2024-06-11 03:00:00,708.3380441393788,0.0,254.0,0.0
2024-06-11 03:30:00,730.9004310249394,0.0,275.0,0.0
2024-06-11 04:00:00,746.8411955036634,0.0,338.0,0.0
2024-06-11 04:30:00,841.1183488409484,0.0,364.0,0.0
2024-06-11 05:00:00,823.7508174370756,0.0,336.0,0.0
2024-06-11 05:30:00,786.4240885888858,0.0,284.0,0.0
2024-06-11 06:00:00,664.7322927780841,0.0,292.0,0.0
2024-06-11 06:30:00,866.0815880430804,0.0,351.0,0.0
2024-06-11 07:00:00,891.3365247566527,0.0,347.0,0.0
2024-06-11 07:30:00,726.3528223725674,0.0,262.0,0.0
2024-06-11 08:00:00,737.5071593469565,0.0,299.0,0.0
2024-06-11 08:30:00,804.8661726222662,0.0,313.0,0.0
2024-06-11 09:00:00,940.9460055726447,0.0,383.0,0.0
2024-06-11 09:30:00,887.7186197116841,0.0,352.0,0.0
2024-06-11 10:00:00,772.8429657906754,0.0,310.0,0.0
2024-06-11 10:30:00,767.2257823767159,0.0,306.0,0.0
2024-06-11 11:00:00,809.0914526490328,0.0,313.0,0.0
2024-06-11 11:30:00,957.3372532294604,0.0,358.0,0.0
2024-06-11 12:00:00,996.2443766969677,0.0,337.0,0.0
2024-06-11 12:30:00,805.0707975817145,0.0,315.0,0.0
2024-06-11 13:00:00,696.0158993643506,0.0,280.0,0.0
2024-06-11 13:30:00,731.490484922883,0.0,284.0,0.0
2024-06-11 14:00:00,749.9248578310322,0.0,292.0,0.0
2024-06-11 14:30:00,833.9795399644638,0.0,280.0,0.0
2024-06-11 15:00:00,685.2964904485535,0.0,290.0,0.0
2024-06-11 15:30:00,761.1786967396548,0.0,290.0,0.0
2024-06-11 16:00:00,670.9657458558988,0.0,280.0,0.0
2024-06-11 16:30:00,701.9598060074106,0.0,294.0,0.0
2024-06-11 17:00:00,763.8492755197987,0.0,326.0,0.0
2024-06-11 17:30:00,731.1170363096147,0.0,281.0,0.0
2024-06-11 18:00:00,558.4148512283001,0.0,243.0,0.0
2024-06-11 18:30:00,584.3104573582023,0.0,198.0,0.0
2024-06-11 19:00:00,673.9529090695172,0.0,260.0,0.0
2024-06-11 19:30:00,796.5154236520345,0.0,309.0,0.0
2024-06-11 20:00:00,697.4246037710493,0.0,240.0,0.0
2024-06-11 20:30:00,591.2915678928096,0.0,247.0,0.0
2024-06-11 21:00:00,610.0238555580622,0.0,245.0,0.0
2024-06-11 21:30:00,590.4655520549771,0.0,245.0,0.0
2024-06-11 22:00:00,695.3174980912872,0.0,298.0,0.0
2024-06-11 22:30:00,831.8510073663979,0.0,313.0,0.0
2024-06-11 23:00:00,782.7894337105225,0.0,321.0,0.0
2024-06-11 23:30:00,683.8374238560081,0.0,294.0,0.0
2024-06-12 00:00:00,90.26987993511983,0.0,52.99999999999999,0.0
2024-06-12 00:30:00,96.02963870242317,0.0,55.0,0.0
2024-06-12 01:00:00,87.1786968292913,0.0,55.0,0.0
2024-06-12 01:30:00,101.29946465888352,0.0,55.0,0.0
2024-06-12 02:00:00,89.83163801308578,0.0,52.0,0.0
2024-06-12 02:30:00,93.03486558030613,0.0,51.0,0.0
2024-06-12 03:00:00,93.25542783968221,0.0,53.0,0.0
2024-06-12 03:30:00,103.01031884808867,0.0,53.0,0.0
2024-06-12 04:00:00,95.67337314957625,0.0,55.0,0.0
2024-06-12 04:30:00,104.08737344990752,0.0,54.0,0.0
2024-06-12 05:00:00,98.56819906589924,0.0,55.0,0.0
2024-06-12 05:30:00,99.43530888545223,0.0,51.0,0.0
2024-06-12 06:00:00,91.85096752399123,0.0,50.0,0.0
2024-06-12 06:30:00,94.42347965268459,0.0,49.0,0.0
2024-06-12 07:00:00,95.22927242751707,0.0,45.0,0.0
2024-06-12 07:30:00,94.887613206623,0.0,42.0,0.0
2024-06-12 08:00:00,78.53104928905597,0.0,35.0,0.0
2024-06-12 08:30:00,81.2653012057539,0.0,33.0,0.0
2024-06-12 09:00:00,80.95219190526858,0.0,33.0,0.0
2024-06-12 09:30:00,85.16364000300992,0.0,35.0,0.0
2024-06-12 10:00:00,88.17995936851247,0.0,35.0,0.0
2024-06-12 10:30:00,117.82265578833412,0.0,36.0,0.0
2024-06-12 11:00:00,116.90654971378792,0.0,37.0,0.0
2024-06-12 11:30:00,107.45000330932363,0.0,39.0,0.0
2024-06-12 12:00:00,81.79823431797233,0.0,41.0,0.0
2024-06-12 12:30:00,74.88995158836049,0.0,39.0,0.0
2024-06-12 13:00:00,79.62733302803318,0.0,39.0,0.0
2024-06-12 13:30:00,78.58726556243788,0.0,38.0,0.0
2024-06-12 14:00:00,72.43062306342621,0.0,36.0,0.0
2024-06-12 14:30:00,82.4817618754811,0.0,38.0,0.0
2024-06-12 15:00:00,69.96143488082598,0.0,39.0,0.0
2024-06-12 15:30:00,82.8477121940765,0.0,40.0,0.0
2024-06-12 16:00:00,76.68347525166251,0.0,39.0,0.0
2024-06-12 16:30:00,66.7404847541597,0.0,39.0,0.0
2024-06-12 17:00:00,81.48775374559078,0.0,40.0,0.0
2024-06-12 17:30:00,79.14912999092624,0.0,41.0,0.0
2024-06-12 18:00:00,73.8639291067992,0.0,42.0,0.0
2024-06-12 18:30:00,72.80994383795166,0.0,40.99999999999999,0.0
2024-06-12 19:00:00,75.19820768513938,0.0,45.0,0.0
2024-06-12 19:30:00,91.4550203401864,0.0,44.0,0.0
2024-06-12 20:00:00,79.77841700225517,0.0,43.0,0.0
2024-06-12 20:30:00,83.13345755040189,0.0,49.0,0.0
2024-06-12 21:00:00,99.23173203281833,0.0,60.0,0.0
2024-06-12 21:30:00,86.15500385395686,0.0,56.00000000000001,0.0
2024-06-12 22:00:00,86.32475181946016,0.0,53.0,0.0
2024-06-12 22:30:00,97.43765203009875,0.0,51.99999999999999,0.0
2024-06-12 23:00:00,97.06175085122831,0.0,53.0,0.0
2024-06-12 23:30:00,91.02685701684953,0.0,51.0,0.0
2024-06-13 00:00:00,900.2151477968811,0.0,374.0,0.0
2024-06-13 00:30:00,704.7153755665438,0.0,264.0,0.0
2024-06-13 01:00:00,755.0364533454899,0.0,257.0,0.0
2024-06-13 01:30:00,739.5601256978822,0.0,272.0,0.0
2024-06-13 02:00:00,719.3198468184361,0.0,280.0,0.0
2024-06-13 02:30:00,776.1787764493569,0.0,320.0,0.0
2024-06-13 03:00:00,833.0881016736465,0.0,364.0,0.0
2024-06-13 03:30:00,704.6828455164425,0.0,269.0,0.0
2024-06-13 04:00:00,654.4276839444284,0.0,254.0,0.0
2024-06-13 04:30:00,605.2348363602573,0.0,244.0,0.0
2024-06-13 05:00:00,623.7042990206901,0.0,254.0,0.0
2024-06-13 05:30:00,755.2238081368029,0.0,338.0,0.0
2024-06-13 06:00:00,774.2990462396331,0.0,299.0,0.0
2024-06-13 06:30:00,629.7364300698091,0.0,229.0,0.0
2024-06-13 07:00:00,609.323847278464,0.0,229.0,0.0
2024-06-13 07:30:00,609.6729435113216,0.0,243.0,0.0
2024-06-13 08:00:00,579.3481017090317,0.0,221.0,0.0
2024-06-13 08:30:00,565.9584692995238,0.0,240.0,0.0
2024-06-13 09:00:00,714.7473091158338,0.0,317.0,0.0
2024-06-13 09:30:00,749.3614419032858,0.0,303.0,0.0
2024-06-13 10:00:00,659.7085497282077,0.0,285.0,0.0
2024-06-13 10:30:00,676.7313342734443,0.0,267.0,0.0
2024-06-13 11:00:00,698.3921069931407,0.0,263.0,0.0
2024-06-13 11:30:00,635.4328990972016,0.0,232.0,0.0
2024-06-13 12:00:00,742.4612393100114,0.0,266.0,0.0
2024-06-13 12:30:00,589.0234019969502,0.0,221.0,0.0
2024-06-13 13:00:00,624.0619656260761,0.0,236.0,0.0
2024-06-13 13:30:00,642.9965812375245,0.0,244.0,0.0
2024-06-13 14:00:00,615.3012595847578,0.0,200.0,0.0
2024-06-13 14:30:00,582.4273369937565,0.0,205.0,0.0
2024-06-13 15:00:00,580.1487882729924,0.0,233.0,0.0
2024-06-13 15:30:00,499.6120026058743,0.0,208.0,0.0
2024-06-13 16:00:00,556.2138167210736,0.0,217.0,0.0
2024-06-13 16:30:00,693.951350043282,0.0,252.99999999999997,0.0
2024-06-13 17:00:00,595.1165615063098,0.0,240.0,0.0
2024-06-13 17:30:00,620.4407964061584,0.0,232.0,0.0
2024-06-13 18:00:00,500.7863038006629,0.0,191.0,0.0
2024-06-13 18:30:00,508.61198154728635,0.0,195.0,0.0
2024-06-13 19:00:00,550.3693777404176,0.0,232.0,0.0
2024-06-13 19:30:00,731.4343867914328,0.0,237.0,0.0
2024-06-13 20:00:00,753.4673703300109,0.0,235.0,0.0
2024-06-13 20:30:00,602.2616612668613,0.0,209.00000000000003,0.0
2024-06-13 21:00:00,593.5274950007973,0.0,208.0,0.0
2024-06-13 21:30:00,574.4600448454613,0.0,215.0,0.0
2024-06-13 22:00:00,623.3125076015627,0.0,223.0,0.0
2024-06-13 22:30:00,593.3498089535454,0.0,222.99999999999997,0.0
2024-06-13 23:00:00,597.4046517910647,0.0,213.0,0.0
2024-06-13 23:30:00,689.6426149881611,0.0,231.0,0.0
2024-06-14 00:00:00,672.2909581170961,0.0,270.0,0.0
2024-06-14 00:30:00,763.5426894376067,0.0,245.00000000000003,0.0
2024-06-14 01:00:00,643.9644171419285,0.0,240.0,0.0
2024-06-14 01:30:00,621.3014675616507,0.0,273.0,0.0
2024-06-14 02:00:00,601.334591805395,0.0,241.99999999999997,0.0
2024-06-14 02:30:00,655.4264977249011,0.0,299.0,0.0
2024-06-14 03:00:00,753.6107116270684,0.0,324.0,0.0
2024-06-14 03:30:00,571.6213751798778,0.0,259.0,0.0
2024-06-14 04:00:00,609.2773860012328,0.0,234.0,0.0
2024-06-14 04:30:00,678.9722931674949,0.0,293.0,0.0
2024-06-14 05:00:00,791.9570236767416,0.0,324.0,0.0
2024-06-14 05:30:00,686.3197345412335,0.0,251.00000000000003,0.0
2024-06-14 06:00:00,652.0896017185282,0.0,244.0,0.0
2024-06-14 06:30:00,801.7976454664608,0.0,287.0,0.0
2024-06-14 07:00:00,732.8643212724173,0.0,292.0,0.0
2024-06-14 07:30:00,795.0916200208799,0.0,352.0,0.0
2024-06-14 08:00:00,948.5878194083657,0.0,367.0,0.0
2024-06-14 08:30:00,940.3998951634998,0.0,336.0,0.0
2024-06-14 09:00:00,835.0050027915008,0.0,324.0,0.0
2024-06-14 09:30:00,739.1577315681768,0.0,364.0,0.0
2024-06-14 10:00:00,1075.5534616373081,0.0,372.00000000000006,0.0
2024-06-14 10:30:00,785.909476649907,0.0,341.0,0.0
2024-06-14 11:00:00,800.5282588931248,0.0,312.0,0.0
2024-06-14 11:30:00,759.1729443709781,0.0,322.0,0.0
2024-06-14 12:00:00,926.2710785250582,0.0,385.0,0.0
2024-06-14 12:30:00,906.2262870862843,0.0,347.0,0.0
2024-06-14 13:00:00,713.2146848199914,0.0,335.0,0.0
2024-06-14 13:30:00,757.4865164544631,0.0,310.0,0.0
2024-06-14 14:00:00,938.3075832970342,0.0,366.0,0.0
2024-06-14 14:30:00,915.4440746089347,0.0,377.0,0.0
2024-06-14 15:00:00,758.3272740924172,0.0,304.0,0.0
2024-06-14 15:30:00,845.7676922246977,0.0,337.0,0.0
2024-06-14 16:00:00,790.1627321978153,0.0,309.0,0.0
2024-06-14 16:30:00,954.0162268156762,0.0,434.0,0.0
2024-06-14 17:00:00,943.0846461659957,0.0,422.0,0.0
2024-06-14 17:30:00,935.5517017946,0.0,347.0,0.0
2024-06-14 18:00:00,780.4163202390615,0.0,289.0,0.0
2024-06-14 18:30:00,751.2772688702355,0.0,319.0,0.0
2024-06-14 19:00:00,951.3104427144538,0.0,416.0,0.0
2024-06-14 19:30:00,906.8066439660598,0.0,338.0,0.0
2024-06-14 20:00:00,771.7752241228355,0.0,309.0,0.0
2024-06-14 20:30:00,752.280697376919,0.0,254.0,0.0
2024-06-14 21:00:00,797.0656315144572,0.0,251.99999999999997,0.0
2024-06-14 21:30:00,812.5422855626274,0.0,296.0,0.0
2024-06-14 22:00:00,752.11286872957,0.0,324.0,0.0
2024-06-14 22:30:00,798.7179097830982,0.0,305.0,0.0
2024-06-14 23:00:00,799.6532305564492,0.0,328.0,0.0
2024-06-14 23:30:00,739.0096534941983,0.0,297.0,0.0
2024-06-15 00:00:00,733.7543643289697,0.0,297.0,0.0
2024-06-15 00:30:00,867.0024820313006,0.0,347.0,0.0
2024-06-15 01:00:00,639.8162238450975,0.0,248.0,0.0
2024-06-15 01:30:00,591.5653116973313,0.0,229.0,0.0
2024-06-15 02:00:00,556.5074783414648,0.0,229.0,0.0
2024-06-15 02:30:00,550.3853181838421,0.0,231.0,0.0
2024-06-15 03:00:00,729.8686324956259,0.0,267.0,0.0
2024-06-15 03:30:00,690.2318908669109,0.0,270.0,0.0
2024-06-15 04:00:00,763.6917976597952,0.0,300.0,0.0
2024-06-15 04:30:00,635.708546174729,0.0,287.0,0.0
2024-06-15 05:00:00,783.3524510640581,0.0,278.0,0.0
2024-06-15 05:30:00,703.6771341346848,0.0,295.0,0.0
2024-06-15 06:00:00,724.4615402382651,0.0,278.0,0.0
2024-06-15 06:30:00,851.3439348074177,0.0,345.0,0.0
2024-06-15 07:00:00,915.0640222107845,0.0,385.0,0.0
2024-06-15 07:30:00,905.6902660078391,0.0,327.0,0.0
2024-06-15 08:00:00,853.6657719285258,0.0,326.0,0.0
2024-06-15 08:30:00,811.4944451184994,0.0,351.0,0.0
2024-06-15 09:00:00,899.5895913499852,0.0,364.0,0.0
2024-06-15 09:30:00,911.901098013968,0.0,357.0,0.0
2024-06-15 10:00:00,798.1044194217537,0.0,305.0,0.0
2024-06-15 10:30:00,765.916843691605,0.0,279.0,0.0
2024-06-15 11:00:00,782.3745333772596,0.0,304.0,0.0
2024-06-15 11:30:00,649.4849662947673,0.0,261.0,0.0
2024-06-15 12:00:00,775.5715622098394,0.0,301.0,0.0
2024-06-15 12:30:00,658.3312782902731,0.0,274.0,0.0
2024-06-15 13:00:00,702.9082087851394,0.0,282.0,0.0
2024-06-15 13:30:00,709.7897057970447,0.0,277.0,0.0
2024-06-15 14:00:00,661.2065553262602,0.0,243.99999999999997,0.0
2024-06-15 14:30:00,775.7317417587865,0.0,303.0,0.0
2024-06-15 15:00:00,780.2859447561875,0.0,272.0,0.0
2024-06-15 15:30:00,722.6358893435569,0.0,266.0,0.0
2024-06-15 16:00:00,633.8756420001943,0.0,248.0,0.0
2024-06-15 16:30:00,597.586477863251,0.0,239.99999999999997,0.0
2024-06-15 17:00:00,817.0511622085612,0.0,320.0,0.0
2024-06-15 17:30:00,714.9347437387014,0.0,287.0,0.0
2024-06-15 18:00:00,621.5222222757404,0.0,226.0,0.0
2024-06-15 18:30:00,553.9866061118786,0.0,237.0,0.0
2024-06-15 19:00:00,593.6975788007519,0.0,222.0,0.0
2024-06-15 19:30:00,651.4247970962165,0.0,246.00000000000003,0.0
2024-06-15 20:00:00,613.4526783614026,0.0,248.0,0.0
2024-06-15 20:30:00,611.3930801654913,0.0,241.0,0.0
2024-06-15 21:00:00,653.3650660455152,0.0,256.0,0.0
2024-06-15 21:30:00,888.4017805152607,0.0,342.0,0.0
2024-06-15 22:00:00,811.5183257348809,0.0,357.0,0.0
2024-06-15 22:30:00,670.0466035105325,0.0,273.0,0.0
2024-06-15 23:00:00,695.7484862391856,0.0,268.0,0.0
2024-06-15 23:30:00,830.2105678555325,0.0,340.0,0.0
2024-06-16 00:00:00,1192.1276668664564,0.0,486.0,0.0
2024-06-16 00:30:00,1225.2474539124055,0.0,487.99999999999994,0.0
2024-06-16 01:00:00,1130.1822123387342,0.0,417.0,0.0
2024-06-16 01:30:00,842.9524206922725,0.0,355.0,0.0
2024-06-16 02:00:00,918.0824908649429,0.0,362.0,0.0
2024-06-16 02:30:00,891.7765195296196,0.0,322.0,0.0
2024-06-16 03:00:00,865.7030993465105,0.0,336.0,0.0
2024-06-16 03:30:00,806.5697025864652,0.0,339.0,0.0
2024-06-16 04:00:00,828.3506453993626,0.0,339.0,0.0
2024-06-16 04:30:00,768.4207114020147,0.0,295.0,0.0
2024-06-16 05:00:00,789.2292225822908,0.0,305.0,0.0
2024-06-16 05:30:00,751.9013752789949,0.0,305.0,0.0
2024-06-16 06:00:00,732.3852676736144,0.0,316.0,0.0
2024-06-16 06:30:00,710.2742998967792,0.0,329.0,0.0
2024-06-16 07:00:00,587.7062899439047,0.0,263.0,0.0
2024-06-16 07:30:00,752.2416275674992,0.0,276.0,0.0
2024-06-16 08:00:00,662.6706558074462,0.0,287.0,0.0
2024-06-16 08:30:00,672.6695286119291,0.0,261.0,0.0
2024-06-16 09:00:00,661.8948017766429,0.0,260.0,0.0
2024-06-16 09:30:00,604.187093302413,0.0,292.0,0.0
2024-06-16 10:00:00,566.1287634503914,0.0,262.0,0.0
2024-06-16 10:30:00,685.306278974028,0.0,265.0,0.0
2024-06-16 11:00:00,716.431483873355,0.0,315.0,0.0
2024-06-16 11:30:00,600.4065899101168,0.0,249.0,0.0
2024-06-16 12:00:00,573.5020185423851,0.0,248.0,0.0
2024-06-16 12:30:00,491.8813022196945,0.0,210.0,0.0
2024-06-16 13:00:00,590.3008657510803,0.0,246.0,0.0
2024-06-16 13:30:00,705.06554278827,0.0,245.0,0.0
2024-06-16 14:00:00,591.0830428380558,0.0,242.0,0.0
2024-06-16 14:30:00,491.1784238127188,0.0,196.0,0.0
2024-06-16 15:00:00,514.6077074046782,0.0,213.0,0.0
2024-06-16 15:30:00,574.6155816093266,0.0,222.0,0.0
2024-06-16 16:00:00,509.8055945059856,0.0,209.0,0.0
2024-06-16 16:30:00,563.9566597033393,0.0,216.0,0.0
2024-06-16 17:00:00,595.9917471747833,0.0,228.00000000000003,0.0
2024-06-16 17:30:00,558.7272960825092,0.0,230.0,0.0
2024-06-16 18:00:00,606.2174502212574,0.0,268.0,0.0
2024-06-16 18:30:00,638.5167517407621,0.0,261.0,0.0
2024-06-16 19:00:00,622.040577851513,0.0,261.0,0.0
2024-06-16 19:30:00,567.3776657140317,0.0,211.0,0.0
2024-06-16 20:00:00,589.3985235672473,0.0,239.0,0.0
2024-06-16 20:30:00,678.093129767615,0.0,287.0,0.0
2024-06-16 21:00:00,839.1935307768068,0.0,320.0,0.0
2024-06-16 21:30:00,640.4853775778772,0.0,226.0,0.0
2024-06-16 22:00:00,549.7124665824687,0.0,215.0,0.0
2024-06-16 22:30:00,557.7687657096687,0.0,240.0,0.0
2024-06-16 23:00:00,689.5383128901568,0.0,299.0,0.0
2024-06-16 23:30:00,772.3631839327954,0.0,273.0,0.0
2024-06-17 00:00:00,855.3309868246797,0.0,353.0,0.0
2024-06-17 00:30:00,702.3903833266098,0.0,286.0,0.0
2024-06-17 01:00:00,631.4283391922852,0.0,274.0,0.0
2024-06-17 01:30:00,839.297771336779,0.0,345.0,0.0
2024-06-17 02:00:00,785.4344597701664,0.0,363.0,0.0
2024-06-17 02:30:00,703.6776449742401,0.0,300.0,0.0
2024-06-17 03:00:00,700.3523043413786,0.0,289.0,0.0
2024-06-17 03:30:00,675.132524847109,0.0,268.0,0.0
2024-06-17 04:00:00,703.3971357011279,0.0,284.0,0.0
2024-06-17 04:30:00,747.9369019241913,0.0,275.0,0.0
2024-06-17 05:00:00,633.4374809946582,0.0,307.0,0.0
2024-06-17 05:30:00,690.9939738068713,0.0,284.0,0.0
2024-06-17 06:00:00,592.208284666767,0.0,297.99999999999994,0.0
2024-06-17 06:30:00,663.3761953025273,0.0,268.0,0.0
2024-06-17 07:00:00,684.112806733556,0.0,338.0,0.0
2024-06-17 07:30:00,971.4734514322685,0.0,342.0,0.0
2024-06-17 08:00:00,675.082242470249,0.0,259.0,0.0
2024-06-17 08:30:00,703.6045793924272,0.0,263.0,0.0
2024-06-17 09:00:00,819.372471381793,0.0,332.0,0.0
2024-06-17 09:30:00,1020.6870546393751,0.0,430.0,0.0
2024-06-17 10:00:00,805.3288430574356,0.0,291.0,0.0
2024-06-17 10:30:00,738.8424990174719,0.0,268.0,0.0
2024-06-17 11:00:00,814.19971467929,0.0,281.0,0.0
2024-06-17 11:30:00,781.7496481942438,0.0,300.0,0.0
2024-06-17 12:00:00,878.4521923823326,0.0,389.0,0.0
2024-06-17 12:30:00,1035.8796647670563,0.0,424.0,0.0
2024-06-17 13:00:00,860.2574533141749,0.0,352.0,0.0
2024-06-17 13:30:00,795.5549691746737,0.0,310.0,0.0
2024-06-17 14:00:00,816.2680696903515,0.0,296.0,0.0
2024-06-17 14:30:00,765.1079744369483,0.0,278.0,0.0
2024-06-17 15:00:00,919.316259960329,0.0,382.0,0.0
2024-06-17 15:30:00,1105.9721322609194,0.0,415.0,0.0
2024-06-17 16:00:00,923.7693643786937,0.0,373.0,0.0
2024-06-17 16:30:00,787.3039936901141,0.0,321.0,0.0
2024-06-17 17:00:00,736.0579538737845,0.0,308.0,0.0
2024-06-17 17:30:00,911.7368766573575,0.0,357.0,0.0
2024-06-17 18:00:00,864.7420192521679,0.0,359.0,0.0
2024-06-17 18:30:00,786.5499289946501,0.0,292.0,0.0
2024-06-17 19:00:00,696.2735632130964,0.0,270.0,0.0
2024-06-17 19:30:00,644.5723313360807,0.0,270.0,0.0
2024-06-17 20:00:00,922.5508396922929,0.0,347.0,0.0
2024-06-17 20:30:00,982.8623394558333,0.0,369.0,0.0
2024-06-17 21:00:00,752.9827223406802,0.0,311.0,0.0
2024-06-17 21:30:00,652.7487351795033,0.0,267.0,0.0
2024-06-17 22:00:00,762.3750328713843,0.0,300.0,0.0
2024-06-17 22:30:00,818.4507600850021,0.0,342.0,0.0
2024-06-17 23:00:00,994.7851071732381,0.0,367.0,0.0
2024-06-17 23:30:00,745.0894268885178,0.0,285.0,0.0
2024-06-18 00:00:00,685.1350499901134,0.0,265.0,0.0
2024-06-18 00:30:00,685.1802408483558,0.0,267.0,0.0
2024-06-18 01:00:00,735.0226362519759,0.0,270.0,0.0
2024-06-18 01:30:00,693.2623422727256,0.0,277.0,0.0
2024-06-18 02:00:00,737.4073704954752,0.0,311.0,0.0
2024-06-18 02:30:00,719.6878026423044,0.0,311.0,0.0
2024-06-18 03:00:00,833.1518335296623,0.0,330.0,0.0
2024-06-18 03:30:00,714.0223693469475,0.0,290.0,0.0
2024-06-18 04:00:00,665.9182465610013,0.0,263.0,0.0
2024-06-18 04:30:00,616.6879515336793,0.0,273.0,0.0
2024-06-18 05:00:00,734.5786436888221,0.0,279.0,0.0
2024-06-18 05:30:00,691.1770172852312,0.0,279.0,0.0
2024-06-18 06:00:00,645.4521380846912,0.0,272.0,0.0
2024-06-18 06:30:00,790.7441802337987,0.0,298.0,0.0
2024-06-18 07:00:00,723.3497267522051,0.0,294.0,0.0
2024-06-18 07:30:00,711.1065622171179,0.0,275.0,0.0
2024-06-18 08:00:00,681.6996809638307,0.0,275.0,0.0
2024-06-18 08:30:00,708.2418142608199,0.0,267.0,0.0
2024-06-18 09:00:00,711.296638342546,0.0,271.0,0.0
2024-06-18 09:30:00,623.6806801786506,0.0,238.0,0.0
2024-06-18 10:00:00,662.2731791336066,0.0,281.0,0.0
2024-06-18 10:30:00,747.3179610619748,0.0,333.0,0.0
2024-06-18 11:00:00,820.8447875620844,0.0,324.0,0.0
2024-06-18 11:30:00,820.6645118861026,0.0,319.0,0.0
2024-06-18 12:00:00,717.5192068053159,0.0,297.0,0.0
2024-06-18 12:30:00,826.968974313695,0.0,300.0,0.0
2024-06-18 13:00:00,767.4559988219419,0.0,298.0,0.0
2024-06-18 13:30:00,654.1192907518786,0.0,274.0,0.0
2024-06-18 14:00:00,715.7441046343839,0.0,296.0,0.0
2024-06-18 14:30:00,719.9844096358457,0.0,287.0,0.0
2024-06-18 15:00:00,723.217381450392,0.0,287.0,0.0
2024-06-18 15:30:00,831.4771126823059,0.0,309.0,0.0
2024-06-18 16:00:00,821.9217958062637,0.0,299.0,0.0
2024-06-18 16:30:00,815.3872590604797,0.0,298.0,0.0
2024-06-18 17:00:00,756.1289726450359,0.0,287.0,0.0
2024-06-18 17:30:00,701.9633178553012,0.0,267.0,0.0
2024-06-18 18:00:00,774.3892719361861,0.0,303.0,0.0
2024-06-18 18:30:00,745.0220236958418,0.0,302.0,0.0
2024-06-18 19:00:00,713.1561208106617,0.0,293.0,0.0
2024-06-18 19:30:00,739.7664674695138,0.0,284.0,0.0
2024-06-18 20:00:00,589.1488838533885,0.0,239.0,0.0
2024-06-18 20:30:00,689.8057616627456,0.0,278.0,0.0
2024-06-18 21:00:00,765.0193525853027,0.0,301.0,0.0
2024-06-18 21:30:00,682.8683245074144,0.0,278.0,0.0
2024-06-18 22:00:00,655.7410783321337,0.0,288.0,0.0
2024-06-18 22:30:00,679.0809662054103,0.0,268.0,0.0
2024-06-18 23:00:00,690.0484316227622,0.0,275.0,0.0
2024-06-18 23:30:00,699.493843887674,0.0,286.0,0.0
2024-06-19 00:00:00,698.3617414941068,0.0,260.0,0.0
2024-06-19 00:30:00,789.4528240970261,0.0,303.0,0.0
2024-06-19 01:00:00,814.9606672477458,0.0,345.0,0.0
2024-06-19 01:30:00,809.8865228909335,0.0,312.0,0.0
2024-06-19 02:00:00,703.3862098278964,0.0,273.0,0.0
2024-06-19 02:30:00,636.8296372228463,0.0,265.0,0.0
2024-06-19 03:00:00,769.4669197301373,0.0,310.0,0.0
2024-06-19 03:30:00,830.8078971667355,0.0,338.0,0.0
2024-06-19 04:00:00,733.4481734461922,0.0,284.0,0.0
2024-06-19 04:30:00,625.8640457518586,0.0,248.0,0.0
2024-06-19 05:00:00,679.8624651960768,0.0,283.0,0.0
2024-06-19 05:30:00,646.3681369322665,0.0,263.0,0.0
2024-06-19 06:00:00,700.6840979420118,0.0,288.0,0.0
2024-06-19 06:30:00,650.785433643232,0.0,250.0,0.0
2024-06-19 07:00:00,661.9174920270976,0.0,271.0,0.0
2024-06-19 07:30:00,585.5790593222312,0.0,233.0,0.0
2024-06-19 08:00:00,646.4494309127354,0.0,248.0,0.0
2024-06-19 08:30:00,742.3059639838511,0.0,272.0,0.0
2024-06-19 09:00:00,680.9785142072064,0.0,273.0,0.0
2024-06-19 09:30:00,716.5821371612174,0.0,281.0,0.0
2024-06-19 10:00:00,639.7530670237611,0.0,249.99999999999997,0.0
2024-06-19 10:30:00,678.4238348072358,0.0,261.0,0.0
2024-06-19 11:00:00,876.0292975339886,0.0,287.0,0.0
2024-06-19 11:30:00,740.8402869180918,0.0,263.0,0.0
2024-06-19 12:00:00,653.2765516229811,0.0,232.0,0.0
2024-06-19 12:30:00,616.521270700739,0.0,233.0,0.0
2024-06-19 13:00:00,661.0552886242929,0.0,231.0,0.0
2024-06-19 13:30:00,623.9379427148888,0.0,228.0,0.0
2024-06-19 14:00:00,682.803241897328,0.0,252.0,0.0
2024-06-19 14:30:00,830.5722246884543,0.0,295.0,0.0
2024-06-19 15:00:00,783.9741079130225,0.0,285.0,0.0
2024-06-19 15:30:00,634.4424862451356,0.0,276.0,0.0
2024-06-19 16:00:00,701.283907896278,0.0,279.0,0.0
2024-06-19 16:30:00,667.1609754211536,0.0,245.0,0.0
2024-06-19 17:00:00,659.7638322042958,0.0,257.0,0.0
2024-06-19 17:30:00,672.4287697054178,0.0,262.0,0.0
2024-06-19 18:00:00,586.3101362902368,0.0,251.0,0.0
2024-06-19 18:30:00,549.0124542948816,0.0,269.0,0.0
2024-06-19 19:00:00,587.0019275050853,0.0,245.0,0.0
2024-06-19 19:30:00,778.8991362172239,0.0,297.0,0.0
2024-06-19 20:00:00,702.3878577556018,0.0,339.0,0.0
2024-06-19 20:30:00,679.0005096466956,0.0,274.0,0.0
2024-06-19 21:00:00,591.8849603464737,0.0,244.0,0.0
2024-06-19 21:30:00,796.0246720887121,0.0,318.0,0.0
2024-06-19 22:00:00,874.6050853436394,0.0,305.0,0.0
2024-06-19 22:30:00,649.7470716312522,0.0,246.0,0.0
2024-06-19 23:00:00,644.2185203539599,0.0,239.0,0.0
2024-06-19 23:30:00,648.308474567922,0.0,240.99999999999997,0.0
2024-06-20 00:00:00,612.3605934579126,0.0,223.00000000000003,0.0
2024-06-20 00:30:00,665.7882213953345,0.0,236.00000000000003,0.0
2024-06-20 01:00:00,735.5202814021993,0.0,302.0,0.0
2024-06-20 01:30:00,825.1205439770487,0.0,342.0,0.0
2024-06-20 02:00:00,779.1668265074286,0.0,292.0,0.0
2024-06-20 02:30:00,677.3860710773654,0.0,265.0,0.0
2024-06-20 03:00:00,693.8165603381112,0.0,292.0,0.0
2024-06-20 03:30:00,780.9091580954728,0.0,339.0,0.0
2024-06-20 04:00:00,707.0940232514305,0.0,318.0,0.0
2024-06-20 04:30:00,748.7136850507359,0.0,253.99999999999997,0.0
2024-06-20 05:00:00,661.8340917427427,0.0,268.0,0.0
2024-06-20 05:30:00,730.7766551910713,0.0,298.0,0.0
2024-06-20 06:00:00,894.6028237599261,0.0,342.0,0.0
2024-06-20 06:30:00,706.4030859741266,0.0,308.0,0.0
2024-06-20 07:00:00,671.0797436165168,0.0,267.0,0.0
2024-06-20 07:30:00,631.8078259722832,0.0,253.0,0.0
2024-06-20 08:00:00,795.3074365900694,0.0,341.0,0.0
2024-06-20 08:30:00,764.7971533847789,0.0,348.0,0.0
2024-06-20 09:00:00,675.7340205573572,0.0,277.0,0.0
2024-06-20 09:30:00,724.7299169495078,0.0,259.0,0.0
2024-06-20 10:00:00,696.2223563444111,0.0,268.0,0.0
2024-06-20 10:30:00,937.3151504432424,0.0,381.0,0.0
2024-06-20 11:00:00,840.0681672693353,0.0,323.0,0.0
2024-06-20 11:30:00,744.1964161163281,0.0,305.0,0.0
2024-06-20 12:00:00,698.3172851592797,0.0,276.0,0.0
2024-06-20 12:30:00,660.2222206328637,0.0,253.99999999999997,0.0
2024-06-20 13:00:00,680.150358050251,0.0,273.0,0.0
2024-06-20 13:30:00,720.2119819950155,0.0,255.0,0.0
2024-06-20 14:00:00,759.7938979829123,0.0,267.0,0.0
2024-06-20 14:30:00,707.7794409667505,0.0,250.0,0.0
2024-06-20 15:00:00,585.3037868420704,0.0,242.0,0.0
2024-06-20 15:30:00,570.6910553905328,0.0,214.0,0.0
2024-06-20 16:00:00,606.0059969502363,0.0,232.0,0.0
2024-06-20 16:30:00,567.727080053963,0.0,204.99999999999997,0.0
2024-06-20 17:00:00,492.0468741287593,0.0,194.0,0.0
2024-06-20 17:30:00,505.57881471340227,0.0,210.0,0.0
2024-06-20 18:00:00,554.1896013877565,0.0,213.0,0.0
2024-06-20 18:30:00,507.64027635246146,0.0,218.0,0.0
2024-06-20 19:00:00,477.7359920298759,0.0,211.0,0.0
2024-06-20 19:30:00,487.6394453159013,0.0,206.0,0.0
2024-06-20 20:00:00,530.3562454725508,0.0,197.0,0.0
2024-06-20 20:30:00,489.0250339951808,0.0,187.0,0.0
2024-06-20 21:00:00,525.4523600454559,0.0,188.0,0.0
2024-06-20 21:30:00,565.5594993234582,0.0,235.0,0.0
2024-06-20 22:00:00,552.1101555475251,0.0,231.0,0.0
2024-06-20 22:30:00,774.68416232192,0.0,286.0,0.0
2024-06-20 23:00:00,841.6089175498719,0.0,316.0,0.0
2024-06-20 23:30:00,632.8795635344961,0.0,248.0,0.0
2024-06-21 00:00:00,105.78745514672096,0.0,64.0,0.0
2024-06-21 00:30:00,111.05870545867309,0.0,62.0,0.0
2024-06-21 01:00:00,112.49744132639687,0.0,63.0,0.0
2024-06-21 01:30:00,116.51896447422897,0.0,62.99999999999999,0.0
2024-06-21 02:00:00,113.67775170655845,0.0,63.99999999999999,0.0
2024-06-21 02:30:00,108.54395191375885,0.0,60.0,0.0
2024-06-21 03:00:00,106.56382158799137,0.0,60.99999999999999,0.0
2024-06-21 03:30:00,109.14951564406542,0.0,61.00000000000001,0.0
2024-06-21 04:00:00,112.16110530921496,0.0,61.99999999999999,0.0
2024-06-21 04:30:00,112.82451911272989,0.0,62.0,0.0
2024-06-21 05:00:00,109.74943439718386,0.0,63.0,0.0
2024-06-21 05:30:00,108.64471207447455,0.0,63.0,0.0
2024-06-21 06:00:00,114.57963047826674,0.0,62.0,0.0
2024-06-21 06:30:00,103.4891133571305,0.0,58.0,0.0
2024-06-21 07:00:00,130.69525167082813,0.0,58.0,0.0
2024-06-21 07:30:00,174.7212372489939,0.0,65.0,0.0
2024-06-21 08:00:00,206.93712255424086,0.0,74.0,0.0
2024-06-21 08:30:00,239.8610801395174,0.0,75.0,0.0
2024-06-21 09:00:00,245.7823913853562,0.0,73.0,0.0
2024-06-21 09:30:00,236.51499344596476,0.0,75.0,0.0
2024-06-21 10:00:00,225.5556892040875,0.0,78.0,0.0
2024-06-21 10:30:00,232.08185735482954,0.0,77.0,0.0
2024-06-21 11:00:00,250.38757089862793,0.0,77.0,0.0
2024-06-21 11:30:00,223.32349437576315,0.0,79.0,0.0
2024-06-21 12:00:00,237.46694013579906,0.0,91.0,0.0
2024-06-21 12:30:00,247.18134301409674,0.0,79.0,0.0
2024-06-21 13:00:00,237.03274763609076,0.0,83.0,0.0
2024-06-21 13:30:00,226.43849602993572,0.0,81.0,0.0
2024-06-21 14:00:00,231.78109789336634,0.0,81.0,0.0
2024-06-21 14:30:00,230.57719291296527,0.0,79.0,0.0
2024-06-21 15:00:00,266.40031686306656,0.0,73.0,0.0
2024-06-21 15:30:00,252.54749990308048,0.0,76.0,0.0
2024-06-21 16:00:00,252.1398662009005,0.0,73.0,0.0
2024-06-21 16:30:00,253.19539423969084,0.0,71.0,0.0
2024-06-21 17:00:00,234.61049499619753,0.0,69.0,0.0
2024-06-21 17:30:00,222.39816595315466,0.0,73.0,0.0
2024-06-21 18:00:00,194.7301917518849,0.0,78.0,0.0
2024-06-21 18:30:00,213.98017593668726,0.0,79.0,0.0
2024-06-21 19:00:00,212.99795740038994,0.0,79.0,0.0
2024-06-21 19:30:00,206.67155384889477,0.0,73.0,0.0
2024-06-21 20:00:00,209.8591040997984,0.0,79.0,0.0
2024-06-21 20:30:00,222.5018932376699,0.0,80.0,0.0
2024-06-21 21:00:00,225.61287691395185,0.0,80.0,0.0
2024-06-21 21:30:00,186.5473979364522,0.0,71.0,0.0
2024-06-21 22:00:00,190.91265208730226,0.0,68.0,0.0
2024-06-21 22:30:00,186.9019994350156,0.0,66.0,0.0
2024-06-21 23:00:00,186.6732554864988,0.0,65.0,0.0
2024-06-21 23:30:00,196.723312280332,0.0,66.0,0.0
2024-06-22 00:00:00,800.322051585045,0.0,297.0,0.0
2024-06-22 00:30:00,905.7220766771402,0.0,347.0,0.0
2024-06-22 01:00:00,696.8565185311431,0.0,248.00000000000003,0.0
2024-06-22 01:30:00,572.4978832757123,0.0,229.00000000000003,0.0
2024-06-22 02:00:00,532.8662527471256,0.0,229.0,0.0
2024-06-22 02:30:00,541.0507472181573,0.0,231.0,0.0
2024-06-22 03:00:00,651.6120470678318,0.0,267.0,0.0
2024-06-22 03:30:00,605.6771453064105,0.0,270.0,0.0
2024-06-22 04:00:00,679.9289649202794,0.0,300.0,0.0
2024-06-22 04:30:00,745.859496430683,0.0,287.0,0.0
2024-06-22 05:00:00,703.2666595528351,0.0,278.0,0.0
2024-06-22 05:30:00,703.5604902143123,0.0,295.0,0.0
2024-06-22 06:00:00,713.6612150573908,0.0,278.0,0.0
2024-06-22 06:30:00,736.3010953502416,0.0,345.0,0.0
2024-06-22 07:00:00,951.636024856417,0.0,385.0,0.0
2024-06-22 07:30:00,925.634745923705,0.0,327.0,0.0
2024-06-22 08:00:00,813.0861155321501,0.0,326.0,0.0
2024-06-22 08:30:00,766.9435406830914,0.0,351.0,0.0
2024-06-22 09:00:00,912.984575911919,0.0,364.0,0.0
2024-06-22 09:30:00,968.0361866757721,0.0,357.0,0.0
2024-06-22 10:00:00,813.1206185389018,0.0,305.0,0.0
2024-06-22 10:30:00,665.2616619862007,0.0,279.0,0.0
2024-06-22 11:00:00,845.2950743105378,0.0,304.0,0.0
2024-06-22 11:30:00,610.9196342640873,0.0,261.0,0.0
2024-06-22 12:00:00,743.6168045972419,0.0,301.0,0.0
2024-06-22 12:30:00,695.3400927420844,0.0,274.0,0.0
2024-06-22 13:00:00,687.653530937218,0.0,282.0,0.0
2024-06-22 13:30:00,683.9010410648898,0.0,277.0,0.0
2024-06-22 14:00:00,646.20040610542,0.0,244.0,0.0
2024-06-22 14:30:00,817.6202790907685,0.0,303.0,0.0
2024-06-22 15:00:00,713.2177667603837,0.0,272.0,0.0
2024-06-22 15:30:00,657.5997388621303,0.0,266.0,0.0
2024-06-22 16:00:00,665.2895554803272,0.0,248.0,0.0
2024-06-22 16:30:00,617.0846240899792,0.0,240.0,0.0
2024-06-22 17:00:00,810.3234665938825,0.0,320.0,0.0
2024-06-22 17:30:00,741.4229777385606,0.0,287.0,0.0
2024-06-22 18:00:00,574.0706569598433,0.0,226.0,0.0
2024-06-22 18:30:00,589.3782738098512,0.0,237.0,0.0
2024-06-22 19:00:00,579.1516090682334,0.0,222.0,0.0
2024-06-22 19:30:00,661.9427769285983,0.0,246.0,0.0
2024-06-22 20:00:00,692.6610265014958,0.0,248.0,0.0
2024-06-22 20:30:00,633.9639834140332,0.0,241.0,0.0
2024-06-22 21:00:00,655.6444762722751,0.0,256.0,0.0
2024-06-22 21:30:00,864.661954117212,0.0,342.0,0.0
2024-06-22 22:00:00,804.9399263302794,0.0,357.0,0.0
2024-06-22 22:30:00,734.955644466884,0.0,273.0,0.0
2024-06-22 23:00:00,672.4124979767237,0.0,268.0,0.0
2024-06-22 23:30:00,796.8477034730786,0.0,340.0,0.0
2024-06-23 00:00:00,922.8674806213882,0.0,321.0,0.0
2024-06-23 00:30:00,655.1556424760752,0.0,282.0,0.0
2024-06-23 01:00:00,624.1160101656172,0.0,237.99999999999997,0.0
2024-06-23 01:30:00,577.3180376903497,0.0,238.0,0.0
2024-06-23 02:00:00,787.3820299871795,0.0,307.0,0.0
2024-06-23 02:30:00,829.628788835588,0.0,333.0,0.0
2024-06-23 03:00:00,716.403238269876,0.0,298.0,0.0
2024-06-23 03:30:00,608.987998243439,0.0,245.0,0.0
2024-06-23 04:00:00,659.8307963960933,0.0,260.0,0.0
2024-06-23 04:30:00,730.0275896580442,0.0,310.0,0.0
2024-06-23 05:00:00,853.8902894243568,0.0,347.0,0.0
2024-06-23 05:30:00,686.4293585993449,0.0,293.0,0.0
2024-06-23 06:00:00,621.3764510578035,0.0,263.0,0.0
2024-06-23 06:30:00,661.5641190567468,0.0,288.0,0.0
2024-06-23 07:00:00,747.0567633918733,0.0,327.0,0.0
2024-06-23 07:30:00,748.3473507986472,0.0,323.0,0.0
2024-06-23 08:00:00,567.1239128995037,0.0,224.0,0.0
2024-06-23 08:30:00,627.1196688060536,0.0,233.0,0.0
2024-06-23 09:00:00,666.000098534061,0.0,236.0,0.0
2024-06-23 09:30:00,794.3096801343855,0.0,309.0,0.0
2024-06-23 10:00:00,730.4176961593429,0.0,284.0,0.0
2024-06-23 10:30:00,584.7671603131255,0.0,238.0,0.0
2024-06-23 11:00:00,667.1843552596482,0.0,252.0,0.0
2024-06-23 11:30:00,627.5840546629078,0.0,256.0,0.0
2024-06-23 12:00:00,766.8435505533123,0.0,300.0,0.0
2024-06-23 12:30:00,850.0501382380465,0.0,313.0,0.0
2024-06-23 13:00:00,651.7412105035212,0.0,257.0,0.0
2024-06-23 13:30:00,621.78954767633,0.0,246.00000000000003,0.0
2024-06-23 14:00:00,637.8207002637396,0.0,269.0,0.0
2024-06-23 14:30:00,583.5660176832968,0.0,251.0,0.0
2024-06-23 15:00:00,738.2561904160585,0.0,300.0,0.0
2024-06-23 15:30:00,746.7745880404785,0.0,308.0,0.0
2024-06-23 16:00:00,664.4889165429931,0.0,281.0,0.0
2024-06-23 16:30:00,619.8545129277688,0.0,286.0,0.0
2024-06-23 17:00:00,802.7952996237132,0.0,282.0,0.0
2024-06-23 17:30:00,1095.854841318721,0.0,344.0,0.0
2024-06-23 18:00:00,896.3887810443507,0.0,279.0,0.0
2024-06-23 18:30:00,875.2616391488033,0.0,274.0,0.0
2024-06-23 19:00:00,671.3518359553817,0.0,250.0,0.0
2024-06-23 19:30:00,662.4821442743149,0.0,278.0,0.0
2024-06-23 20:00:00,779.701699980975,0.0,336.0,0.0
2024-06-23 20:30:00,783.4193097740572,0.0,315.0,0.0
2024-06-23 21:00:00,669.4312386026097,0.0,286.0,0.0
2024-06-23 21:30:00,599.6133991740004,0.0,260.0,0.0
2024-06-23 22:00:00,698.857773458998,0.0,305.0,0.0
2024-06-23 22:30:00,791.081873731744,0.0,315.0,0.0
2024-06-23 23:00:00,718.7731201401998,0.0,303.0,0.0
2024-06-23 23:30:00,686.4727686522833,0.0,264.0,0.0
2024-06-24 00:00:00,644.0558111495473,0.0,229.0,0.0
2024-06-24 00:30:00,615.7372276909459,0.0,230.0,0.0
2024-06-24 01:00:00,709.5950019456906,0.0,271.0,0.0
2024-06-24 01:30:00,785.915599508715,0.0,308.0,0.0
2024-06-24 02:00:00,609.5624665731127,0.0,245.0,0.0
2024-06-24 02:30:00,648.7787556023173,0.0,246.0,0.0
2024-06-24 03:00:00,549.8185637883598,0.0,232.0,0.0
2024-06-24 03:30:00,724.0952368710953,0.0,301.0,0.0
2024-06-24 04:00:00,699.2828396186752,0.0,271.0,0.0
2024-06-24 04:30:00,586.3216050178551,0.0,232.0,0.0
2024-06-24 05:00:00,639.8958271251591,0.0,249.0,0.0
2024-06-24 05:30:00,567.6677764087989,0.0,256.0,0.0
2024-06-24 06:00:00,632.9041165659143,0.0,281.0,0.0
2024-06-24 06:30:00,765.1266779412641,0.0,343.0,0.0
2024-06-24 07:00:00,631.6630074174278,0.0,241.0,0.0
2024-06-24 07:30:00,679.066226637154,0.0,273.0,0.0
2024-06-24 08:00:00,610.0227965701624,0.0,253.0,0.0
2024-06-24 08:30:00,709.1631512855331,0.0,271.0,0.0
2024-06-24 09:00:00,800.6163364746899,0.0,298.0,0.0
2024-06-24 09:30:00,763.9863737278591,0.0,295.0,0.0
2024-06-24 10:00:00,708.4591142489993,0.0,275.0,0.0
2024-06-24 10:30:00,619.8162543888245,0.0,269.0,0.0
2024-06-24 11:00:00,644.0178726482095,0.0,270.0,0.0
2024-06-24 11:30:00,619.3552766604047,0.0,241.0,0.0
2024-06-24 12:00:00,690.6788796684929,0.0,276.0,0.0
2024-06-24 12:30:00,670.5932560397312,0.0,278.0,0.0
2024-06-24 13:00:00,512.5060115713352,0.0,244.0,0.0
2024-06-24 13:30:00,738.674979907928,0.0,292.0,0.0
2024-06-24 14:00:00,693.8791969808159,0.0,245.0,0.0
2024-06-24 14:30:00,647.9912959373729,0.0,261.0,0.0
2024-06-24 15:00:00,644.3846801536336,0.0,253.0,0.0
2024-06-24 15:30:00,662.7765287644592,0.0,267.0,0.0
2024-06-24 16:00:00,648.1557630645996,0.0,258.0,0.0
2024-06-24 16:30:00,883.0567945386609,0.0,325.0,0.0
2024-06-24 17:00:00,674.4832259066412,0.0,276.0,0.0
2024-06-24 17:30:00,715.0076068092411,0.0,282.0,0.0
2024-06-24 18:00:00,702.3230601417448,0.0,286.0,0.0
2024-06-24 18:30:00,681.5981500041455,0.0,300.0,0.0
2024-06-24 19:00:00,893.6308794968339,0.0,369.0,0.0
2024-06-24 19:30:00,868.3762222887026,0.0,319.0,0.0
2024-06-24 20:00:00,818.1443007760228,0.0,291.0,0.0
2024-06-24 20:30:00,737.7209987163827,0.0,269.0,0.0
2024-06-24 21:00:00,752.4074094321786,0.0,344.0,0.0
2024-06-24 21:30:00,845.257392197877,0.0,369.0,0.0
2024-06-24 22:00:00,767.242070330342,0.0,297.0,0.0
2024-06-24 22:30:00,753.5079695495073,0.0,311.0,0.0
2024-06-24 23:00:00,713.1267149478691,0.0,301.0,0.0
2024-06-24 23:30:00,807.7149822597521,0.0,307.0,0.0
2024-06-25 00:00:00,814.2627028825109,0.0,352.0,0.0
2024-06-25 00:30:00,891.7189001893228,0.0,356.0,0.0
2024-06-25 01:00:00,797.7904931429043,0.0,310.0,0.0
2024-06-25 01:30:00,774.3286591816158,0.0,296.0,0.0
2024-06-25 02:00:00,731.7750969813209,0.0,313.0,0.0
2024-06-25 02:30:00,797.5356767403957,0.0,362.0,0.0
2024-06-25 03:00:00,873.9924521402855,0.0,347.0,0.0
2024-06-25 03:30:00,769.0172278542979,0.0,300.0,0.0
2024-06-25 04:00:00,702.638687377257,0.0,302.0,0.0
2024-06-25 04:30:00,894.7662064144484,0.0,355.0,0.0
2024-06-25 05:00:00,951.5641824808375,0.0,340.0,0.0
2024-06-25 05:30:00,761.7321444968902,0.0,314.0,0.0
2024-06-25 06:00:00,791.205385371308,0.0,305.0,0.0
2024-06-25 06:30:00,669.3908881248325,0.0,324.0,0.0
2024-06-25 07:00:00,937.296864725484,0.0,353.0,0.0
2024-06-25 07:30:00,816.1484264901688,0.0,336.0,0.0
2024-06-25 08:00:00,833.3583915820711,0.0,335.0,0.0
2024-06-25 08:30:00,728.2311935371575,0.0,285.0,0.0
2024-06-25 09:00:00,771.5289160221314,0.0,315.0,0.0
2024-06-25 09:30:00,731.0770261185456,0.0,303.0,0.0
2024-06-25 10:00:00,791.1281941798813,0.0,315.0,0.0
2024-06-25 10:30:00,814.9547238480313,0.0,297.0,0.0
2024-06-25 11:00:00,753.7699130736861,0.0,304.0,0.0
2024-06-25 11:30:00,785.9548918256918,0.0,272.0,0.0
2024-06-25 12:00:00,759.2455815726574,0.0,306.0,0.0
2024-06-25 12:30:00,903.1699199127771,0.0,341.0,0.0
2024-06-25 13:00:00,655.9627739474929,0.0,278.0,0.0
2024-06-25 13:30:00,624.3459717071173,0.0,253.0,0.0
2024-06-25 14:00:00,682.9489728349039,0.0,290.0,0.0
2024-06-25 14:30:00,861.163620742273,0.0,324.0,0.0
2024-06-25 15:00:00,836.9409704154137,0.0,305.0,0.0
2024-06-25 15:30:00,615.704229126537,0.0,241.0,0.0
2024-06-25 16:00:00,630.054219209614,0.0,248.0,0.0
2024-06-25 16:30:00,598.44291122406,0.0,252.0,0.0
2024-06-25 17:00:00,612.8233883098396,0.0,227.0,0.0
2024-06-25 17:30:00,740.6166564031962,0.0,313.0,0.0
2024-06-25 18:00:00,764.561197607346,0.0,336.0,0.0
2024-06-25 18:30:00,684.4979403625977,0.0,294.0,0.0
2024-06-25 19:00:00,621.2430505666114,0.0,234.0,0.0
2024-06-25 19:30:00,588.0229309167277,0.0,261.0,0.0
2024-06-25 20:00:00,755.3789693418388,0.0,308.0,0.0
2024-06-25 20:30:00,810.4187659154979,0.0,324.0,0.0
2024-06-25 21:00:00,667.981298020387,0.0,281.0,0.0
2024-06-25 21:30:00,679.3038692699175,0.0,260.0,0.0
2024-06-25 22:00:00,657.1575664963646,0.0,253.0,0.0
2024-06-25 22:30:00,835.2493469918343,0.0,347.0,0.0
2024-06-25 23:00:00,699.6911749666237,0.0,316.0,0.0
2024-06-25 23:30:00,671.8060050434499,0.0,253.0,0.0
2024-06-26 00:00:00,92.58272319801358,0.0,53.0,0.0
2024-06-26 00:30:00,101.9658707289271,0.0,55.0,0.0
2024-06-26 01:00:00,98.55453230157852,0.0,54.99999999999999,0.0
2024-06-26 01:30:00,100.57621018716065,0.0,54.99999999999999,0.0
2024-06-26 02:00:00,97.20164392347165,0.0,52.0,0.0
2024-06-26 02:30:00,98.19094254807764,0.0,51.0,0.0
2024-06-26 03:00:00,99.70586517343503,0.0,52.99999999999999,0.0
2024-06-26 03:30:00,94.32512215002996,0.0,53.0,0.0
2024-06-26 04:00:00,99.55704213624489,0.0,55.0,0.0
2024-06-26 04:30:00,95.68552977451942,0.0,54.0,0.0
2024-06-26 05:00:00,105.06974703845258,0.0,54.99999999999999,0.0
2024-06-26 05:30:00,97.91455477106898,0.0,51.0,0.0
2024-06-26 06:00:00,89.91654715255518,0.0,49.99999999999999,0.0
2024-06-26 06:30:00,103.63682830973869,0.0,49.0,0.0
2024-06-26 07:00:00,80.32604521607765,0.0,45.0,0.0
2024-06-26 07:30:00,93.67295316789678,0.0,42.0,0.0
2024-06-26 08:00:00,73.83685396487178,0.0,35.0,0.0
2024-06-26 08:30:00,90.39528679316325,0.0,33.0,0.0
2024-06-26 09:00:00,82.63144874640477,0.0,33.0,0.0
2024-06-26 09:30:00,77.38179807116398,0.0,35.0,0.0
2024-06-26 10:00:00,81.51911034382091,0.0,35.0,0.0
2024-06-26 10:30:00,80.6543386398605,0.0,36.0,0.0
2024-06-26 11:00:00,82.36124067561992,0.0,37.0,0.0
2024-06-26 11:30:00,76.24616184081228,0.0,39.0,0.0
2024-06-26 12:00:00,75.59021090361097,0.0,41.0,0.0
2024-06-26 12:30:00,79.60054058808497,0.0,39.0,0.0
2024-06-26 13:00:00,77.99643242503075,0.0,38.99999999999999,0.0
2024-06-26 13:30:00,72.68912805336943,0.0,38.0,0.0
2024-06-26 14:00:00,68.2862653951872,0.0,36.0,0.0
2024-06-26 14:30:00,77.68940842947211,0.0,38.0,0.0
2024-06-26 15:00:00,77.48746815992513,0.0,38.99999999999999,0.0
2024-06-26 15:30:00,79.29307911450172,0.0,40.0,0.0
2024-06-26 16:00:00,77.56013211613624,0.0,39.0,0.0
2024-06-26 16:30:00,80.31522455606883,0.0,39.0,0.0
2024-06-26 17:00:00,79.24293420527859,0.0,40.0,0.0
2024-06-26 17:30:00,85.59367161327239,0.0,41.0,0.0
2024-06-26 18:00:00,87.18184252084754,0.0,42.0,0.0
2024-06-26 18:30:00,69.77525760225897,0.0,41.0,0.0
2024-06-26 19:00:00,72.63567438455775,0.0,45.0,0.0
2024-06-26 19:30:00,81.5698435047854,0.0,44.00000000000001,0.0
2024-06-26 20:00:00,85.7487000217595,0.0,43.00000000000001,0.0
2024-06-26 20:30:00,88.4032982150416,0.0,49.0,0.0
2024-06-26 21:00:00,101.3647298638988,0.0,59.99999999999999,0.0
2024-06-26 21:30:00,92.57202418223082,0.0,56.0,0.0
2024-06-26 22:00:00,87.63015748486329,0.0,53.0,0.0
2024-06-26 22:30:00,90.30044351943131,0.0,51.99999999999999,0.0
2024-06-26 23:00:00,93.91060142552848,0.0,53.0,0.0
2024-06-26 23:30:00,96.73474078878316,0.0,51.0,0.0
2024-06-27 00:00:00,912.2055158169779,0.0,374.0,0.0
2024-06-27 00:30:00,775.0372639962977,0.0,264.0,0.0
2024-06-27 01:00:00,658.3603437506396,0.0,257.0,0.0
2024-06-27 01:30:00,680.4608046622692,0.0,272.0,0.0
2024-06-27 02:00:00,705.0266460477125,0.0,280.0,0.0
2024-06-27 02:30:00,795.011542613644,0.0,320.0,0.0
2024-06-27 03:00:00,907.0359406287181,0.0,364.0,0.0
2024-06-27 03:30:00,638.8506464843001,0.0,269.0,0.0
2024-06-27 04:00:00,632.455352175412,0.0,254.0,0.0
2024-06-27 04:30:00,629.9352328870292,0.0,244.0,0.0
2024-06-27 05:00:00,671.2299058283622,0.0,253.99999999999997,0.0
2024-06-27 05:30:00,784.0974285897051,0.0,338.0,0.0
2024-06-27 06:00:00,734.5999368320179,0.0,299.0,0.0
2024-06-27 06:30:00,577.7035568744164,0.0,229.0,0.0
2024-06-27 07:00:00,660.0945445084906,0.0,229.0,0.0
2024-06-27 07:30:00,615.6925787722321,0.0,243.0,0.0
2024-06-27 08:00:00,632.0797103293476,0.0,221.0,0.0
2024-06-27 08:30:00,634.366874476709,0.0,240.0,0.0
2024-06-27 09:00:00,772.3588597268703,0.0,317.0,0.0
2024-06-27 09:30:00,719.8784801302737,0.0,303.0,0.0
2024-06-27 10:00:00,616.2806449251248,0.0,285.0,0.0
2024-06-27 10:30:00,708.8360464355766,0.0,267.0,0.0
2024-06-27 11:00:00,673.7794775542183,0.0,263.0,0.0
2024-06-27 11:30:00,646.140952088743,0.0,232.0,0.0
2024-06-27 12:00:00,650.2828158736897,0.0,266.0,0.0
2024-06-27 12:30:00,585.3401798864476,0.0,221.0,0.0
2024-06-27 13:00:00,661.6932796676567,0.0,236.0,0.0
2024-06-27 13:30:00,700.7283140217612,0.0,243.99999999999997,0.0
2024-06-27 14:00:00,565.3161944702272,0.0,199.99999999999997,0.0
2024-06-27 14:30:00,598.8115278973011,0.0,205.0,0.0
2024-06-27 15:00:00,581.7755684352204,0.0,233.0,0.0
2024-06-27 15:30:00,541.3975148459233,0.0,208.0,0.0
2024-06-27 16:00:00,636.3508986266128,0.0,217.0,0.0
2024-06-27 16:30:00,642.9919318540816,0.0,253.0,0.0
2024-06-27 17:00:00,705.2129002616175,0.0,239.99999999999997,0.0
2024-06-27 17:30:00,592.4879758264124,0.0,232.0,0.0
2024-06-27 18:00:00,488.1674107439498,0.0,191.0,0.0
2024-06-27 18:30:00,564.6059496771879,0.0,195.0,0.0
2024-06-27 19:00:00,582.5906318532204,0.0,232.0,0.0
2024-06-27 19:30:00,664.8788383632802,0.0,237.0,0.0
2024-06-27 20:00:00,752.3425700672378,0.0,235.00000000000003,0.0
2024-06-27 20:30:00,643.7251507157657,0.0,209.0,0.0
2024-06-27 21:00:00,624.991474780974,0.0,208.0,0.0
2024-06-27 21:30:00,478.2421915320451,0.0,215.0,0.0
2024-06-27 22:00:00,632.766547802984,0.0,223.0,0.0
2024-06-27 22:30:00,620.5524220616342,0.0,223.00000000000003,0.0
2024-06-27 23:00:00,598.7145207364845,0.0,213.0,0.0
2024-06-27 23:30:00,651.6812320262161,0.0,231.0,0.0
2024-06-28 00:00:00,710.1656054824049,0.0,258.0,0.0
2024-06-28 00:30:00,724.6584850231908,0.0,246.0,0.0
2024-06-28 01:00:00,724.081578228185,0.0,261.0,0.0
2024-06-28 01:30:00,733.3380637725087,0.0,288.0,0.0
2024-06-28 02:00:00,876.6664220579977,0.0,362.0,0.0
2024-06-28 02:30:00,909.9346646619802,0.0,311.0,0.0
2024-06-28 03:00:00,728.7378244133837,0.0,296.0,0.0
2024-06-28 03:30:00,787.3563905002252,0.0,286.0,0.0
2024-06-28 04:00:00,777.1538743065421,0.0,286.0,0.0
2024-06-28 04:30:00,983.8064748237181,0.0,396.0,0.0
2024-06-28 05:00:00,838.0527404102883,0.0,312.0,0.0
2024-06-28 05:30:00,827.3946142040295,0.0,289.0,0.0
2024-06-28 06:00:00,801.7723455855582,0.0,285.0,0.0
2024-06-28 06:30:00,736.4440608956231,0.0,283.0,0.0
2024-06-28 07:00:00,922.7002644899612,0.0,362.0,0.0
2024-06-28 07:30:00,910.2982215939703,0.0,332.0,0.0
2024-06-28 08:00:00,761.7037762663714,0.0,276.0,0.0
2024-06-28 08:30:00,792.5097826874821,0.0,255.99999999999997,0.0
2024-06-28 09:00:00,877.906808144735,0.0,297.0,0.0
2024-06-28 09:30:00,919.6902431472197,0.0,350.0,0.0
2024-06-28 10:00:00,829.4969882311625,0.0,285.0,0.0
2024-06-28 10:30:00,790.4974942986876,0.0,273.0,0.0
2024-06-28 11:00:00,741.8939658445752,0.0,258.0,0.0
2024-06-28 11:30:00,869.5301109183813,0.0,323.0,0.0
2024-06-28 12:00:00,847.6099805469797,0.0,288.0,0.0
2024-06-28 12:30:00,797.051243649931,0.0,269.0,0.0
2024-06-28 13:00:00,843.3345202732303,0.0,310.0,0.0
2024-06-28 13:30:00,995.6535630652226,0.0,350.0,0.0
2024-06-28 14:00:00,769.780815720426,0.0,267.0,0.0
2024-06-28 14:30:00,756.7229430244685,0.0,281.0,0.0
2024-06-28 15:00:00,779.0761759582805,0.0,262.0,0.0
2024-06-28 15:30:00,844.4745166605795,0.0,264.0,0.0
2024-06-28 16:00:00,765.7350310603043,0.0,294.0,0.0
2024-06-28 16:30:00,1001.4537100984398,0.0,345.0,0.0
2024-06-28 17:00:00,828.9666179860469,0.0,286.0,0.0
2024-06-28 17:30:00,753.2430425956658,0.0,253.0,0.0
2024-06-28 18:00:00,734.0011765427196,0.0,275.0,0.0
2024-06-28 18:30:00,815.6419688473833,0.0,321.0,0.0
2024-06-28 19:00:00,973.4338074910609,0.0,377.0,0.0
2024-06-28 19:30:00,813.7324610128293,0.0,279.0,0.0
2024-06-28 20:00:00,699.2856540367401,0.0,266.0,0.0
2024-06-28 20:30:00,707.1053753684644,0.0,274.0,0.0
2024-06-28 21:00:00,1019.1119813264526,0.0,349.0,0.0
2024-06-28 21:30:00,913.7742541990928,0.0,355.0,0.0
2024-06-28 22:00:00,777.0593222421275,0.0,290.0,0.0
2024-06-28 22:30:00,793.8739982803387,0.0,284.0,0.0
2024-06-28 23:00:00,810.2821075291718,0.0,289.0,0.0
2024-06-28 23:30:00,878.7787061448828,0.0,361.0,0.0
2024-06-29 00:00:00,718.9231878895301,0.0,297.0,0.0
2024-06-29 00:30:00,827.9437092810346,0.0,347.0,0.0
2024-06-29 01:00:00,710.157320762017,0.0,248.00000000000003,0.0
2024-06-29 01:30:00,543.3176906468998,0.0,229.0,0.0
2024-06-29 02:00:00,547.9328470690285,0.0,229.0,0.0
2024-06-29 02:30:00,544.0544102720656,0.0,231.0,0.0
2024-06-29 03:00:00,715.9145359817321,0.0,267.0,0.0
2024-06-29 03:30:00,673.4952600077987,0.0,270.0,0.0
2024-06-29 04:00:00,732.2372586503541,0.0,300.0,0.0
2024-06-29 04:30:00,697.2971454649768,0.0,287.0,0.0
2024-06-29 05:00:00,721.7278415370382,0.0,278.0,0.0
2024-06-29 05:30:00,747.5427602635323,0.0,295.0,0.0
2024-06-29 06:00:00,698.5500642111462,0.0,278.0,0.0
2024-06-29 06:30:00,746.791183885627,0.0,345.0,0.0
2024-06-29 07:00:00,927.5267175985871,0.0,385.0,0.0
2024-06-29 07:30:00,869.1918695959179,0.0,327.0,0.0
2024-06-29 08:00:00,829.7383496544148,0.0,326.0,0.0
2024-06-29 08:30:00,810.4673672648344,0.0,351.0,0.0
2024-06-29 09:00:00,985.461964733499,0.0,364.0,0.0
2024-06-29 09:30:00,910.4595745779857,0.0,357.0,0.0
2024-06-29 10:00:00,765.7939979508648,0.0,305.0,0.0
2024-06-29 10:30:00,699.6345269173703,0.0,279.0,0.0
2024-06-29 11:00:00,828.7015554360605,0.0,304.0,0.0
2024-06-29 11:30:00,673.4314111532334,0.0,261.0,0.0
2024-06-29 12:00:00,792.221807838333,0.0,301.0,0.0
2024-06-29 12:30:00,695.1860474075788,0.0,274.0,0.0
2024-06-29 13:00:00,700.2423465317232,0.0,282.0,0.0
2024-06-29 13:30:00,675.8797592064388,0.0,277.0,0.0
2024-06-29 14:00:00,632.05410549885,0.0,244.0,0.0
2024-06-29 14:30:00,761.3778076808213,0.0,303.0,0.0
2024-06-29 15:00:00,709.460514723461,0.0,272.0,0.0
2024-06-29 15:30:00,679.972634081198,0.0,266.0,0.0
2024-06-29 16:00:00,623.944178890487,0.0,248.0,0.0
2024-06-29 16:30:00,596.3886358571365,0.0,240.0,0.0
2024-06-29 17:00:00,845.2675858987841,0.0,320.0,0.0
2024-06-29 17:30:00,676.0090333318801,0.0,287.0,0.0
2024-06-29 18:00:00,587.3214753313146,0.0,226.0,0.0
2024-06-29 18:30:00,626.971218277345,0.0,237.0,0.0
2024-06-29 19:00:00,579.1067234186185,0.0,221.99999999999997,0.0
2024-06-29 19:30:00,611.7048306683525,0.0,245.99999999999997,0.0
2024-06-29 20:00:00,652.0199773337064,0.0,247.99999999999997,0.0
2024-06-29 20:30:00,597.3996855162884,0.0,241.0,0.0
2024-06-29 21:00:00,655.1158766587192,0.0,256.0,0.0
2024-06-29 21:30:00,809.3521748868345,0.0,342.0,0.0
2024-06-29 22:00:00,754.4938780314696,0.0,357.0,0.0
2024-06-29 22:30:00,702.500668931853,0.0,273.0,0.0
2024-06-29 23:00:00,616.3406193938325,0.0,268.0,0.0
2024-06-29 23:30:00,813.4850334485295,0.0,340.0,0.0
2024-06-30 00:00:00,811.9688842220902,0.0,321.0,0.0
2024-06-30 00:30:00,724.0928258029708,0.0,282.0,0.0
2024-06-30 01:00:00,653.3221187240797,0.0,238.00000000000003,0.0
2024-06-30 01:30:00,607.1349292545135,0.0,238.0,0.0
2024-06-30 02:00:00,735.7196425177585,0.0,307.0,0.0
2024-06-30 02:30:00,870.8589249995001,0.0,333.0,0.0
2024-06-30 03:00:00,742.7982011805088,0.0,298.0,0.0
2024-06-30 03:30:00,620.1081907779715,0.0,244.99999999999997,0.0
2024-06-30 04:00:00,558.1978331209058,0.0,260.0,0.0
2024-06-30 04:30:00,665.6490433287248,0.0,310.0,0.0
2024-06-30 05:00:00,779.014073252429,0.0,347.0,0.0
2024-06-30 05:30:00,684.7691271468784,0.0,293.0,0.0
2024-06-30 06:00:00,589.0480035025674,0.0,263.0,0.0
2024-06-30 06:30:00,663.2234310679459,0.0,288.0,0.0
2024-06-30 07:00:00,749.2006038359376,0.0,327.0,0.0
2024-06-30 07:30:00,719.3138138978658,0.0,323.0,0.0
2024-06-30 08:00:00,621.2856978415078,0.0,224.0,0.0
2024-06-30 08:30:00,653.9034716044672,0.0,233.0,0.0
2024-06-30 09:00:00,606.0631706318885,0.0,236.0,0.0
2024-06-30 09:30:00,766.062695714431,0.0,309.0,0.0
2024-06-30 10:00:00,639.5314203668696,0.0,284.0,0.0
2024-06-30 10:30:00,545.1487664270918,0.0,238.0,0.0
2024-06-30 11:00:00,600.9135762633107,0.0,252.0,0.0
2024-06-30 11:30:00,634.8715744781784,0.0,256.0,0.0
2024-06-30 12:00:00,689.1410527169696,0.0,300.0,0.0
2024-06-30 12:30:00,760.2003864864655,0.0,313.0,0.0
2024-06-30 13:00:00,657.0434102351647,0.0,257.0,0.0
2024-06-30 13:30:00,611.0909759728481,0.0,245.99999999999997,0.0
2024-06-30 14:00:00,589.934893523486,0.0,269.0,0.0
2024-06-30 14:30:00,680.6274610577681,0.0,251.0,0.0
2024-06-30 15:00:00,771.959780933846,0.0,300.0,0.0
2024-06-30 15:30:00,803.1957891029011,0.0,308.0,0.0
2024-06-30 16:00:00,654.6785545427828,0.0,281.0,0.0
2024-06-30 16:30:00,644.2270236958809,0.0,286.0,0.0
2024-06-30 17:00:00,706.1048087752813,0.0,282.0,0.0
2024-06-30 17:30:00,905.9744158066402,0.0,344.0,0.0
2024-06-30 18:00:00,666.1835019312871,0.0,279.0,0.0
2024-06-30 18:30:00,670.4355651366185,0.0,274.0,0.0
2024-06-30 19:00:00,626.724165634667,0.0,250.0,0.0
2024-06-30 19:30:00,679.2603680973647,0.0,278.0,0.0
2024-06-30 20:00:00,804.1288124173925,0.0,336.0,0.0
2024-06-30 20:30:00,751.782924898581,0.0,315.0,0.0
2024-06-30 21:00:00,700.4252691870074,0.0,286.0,0.0
2024-06-30 21:30:00,635.870144096278,0.0,260.0,0.0
2024-06-30 22:00:00,787.4938521099807,0.0,305.0,0.0
2024-06-30 22:30:00,817.9199847104121,0.0,315.0,0.0
2024-06-30 23:00:00,721.3431686873361,0.0,303.0,0.0
2024-06-30 23:30:00,578.7722114209313,0.0,264.0,0.0
2024-07-01 00:00:00,580.4108609174991,0.0,229.0,0.0
2024-07-01 00:30:00,544.3066812355344,0.0,230.0,0.0
2024-07-01 01:00:00,688.0539598896311,0.0,271.0,0.0
2024-07-01 01:30:00,693.7077779225954,0.0,308.0,0.0
2024-07-01 02:00:00,667.6869294296038,0.0,245.0,0.0
2024-07-01 02:30:00,665.1991529757818,0.0,246.0,0.0
2024-07-01 03:00:00,588.0018316680519,0.0,232.00000000000003,0.0
2024-07-01 03:30:00,752.9370756665693,0.0,301.0,0.0
2024-07-01 04:00:00,705.1337605183342,0.0,271.0,0.0
2024-07-01 04:30:00,641.3678669776583,0.0,232.0,0.0
2024-07-01 05:00:00,613.889741047272,0.0,249.0,0.0
2024-07-01 05:30:00,513.8608913958913,0.0,256.0,0.0
2024-07-01 06:00:00,608.6084964381861,0.0,281.0,0.0
2024-07-01 06:30:00,819.9966016678973,0.0,343.0,0.0
2024-07-01 07:00:00,662.6531597485443,0.0,240.99999999999997,0.0
2024-07-01 07:30:00,614.0011344223154,0.0,273.0,0.0
2024-07-01 08:00:00,607.7528293569363,0.0,253.0,0.0
2024-07-01 08:30:00,713.7941761264095,0.0,271.0,0.0
2024-07-01 09:00:00,737.1607790889225,0.0,298.0,0.0
2024-07-01 09:30:00,799.8428895168531,0.0,295.0,0.0
2024-07-01 10:00:00,664.1125154071419,0.0,275.0,0.0
2024-07-01 10:30:00,654.4067303328312,0.0,269.0,0.0
2024-07-01 11:00:00,712.964924700785,0.0,270.0,0.0
2024-07-01 11:30:00,585.7698877467016,0.0,241.0,0.0
2024-07-01 12:00:00,634.6592220923211,0.0,276.0,0.0
2024-07-01 12:30:00,685.6734321767193,0.0,278.0,0.0
2024-07-01 13:00:00,617.5082555126767,0.0,244.00000000000003,0.0
2024-07-01 13:30:00,712.7883998066108,0.0,292.0,0.0
2024-07-01 14:00:00,602.7993716146544,0.0,245.0,0.0
2024-07-01 14:30:00,672.8175161952676,0.0,261.0,0.0
2024-07-01 15:00:00,616.7541113569541,0.0,253.0,0.0
2024-07-01 15:30:00,634.2667026296716,0.0,267.0,0.0
2024-07-01 16:00:00,676.5720757175901,0.0,258.0,0.0
2024-07-01 16:30:00,805.3182877132434,0.0,325.0,0.0
2024-07-01 17:00:00,691.9569000290426,0.0,276.0,0.0
2024-07-01 17:30:00,701.4427007985141,0.0,282.0,0.0
2024-07-01 18:00:00,684.6710712094787,0.0,286.0,0.0
2024-07-01 18:30:00,780.7213697543791,0.0,300.0,0.0
2024-07-01 19:00:00,911.3706941690969,0.0,369.0,0.0
2024-07-01 19:30:00,767.9127631522039,0.0,319.0,0.0
2024-07-01 20:00:00,840.1888758262003,0.0,291.0,0.0
2024-07-01 20:30:00,689.7222373034814,0.0,269.0,0.0
2024-07-01 21:00:00,815.2589218218989,0.0,344.0,0.0
2024-07-01 21:30:00,937.1237766895001,0.0,369.0,0.0
2024-07-01 22:00:00,679.2446215857451,0.0,297.0,0.0
2024-07-01 22:30:00,738.542344099816,0.0,311.0,0.0
2024-07-01 23:00:00,703.4104412572552,0.0,301.0,0.0
2024-07-01 23:30:00,737.7177813242757,0.0,307.0,0.0
2024-07-02 00:00:00,846.8791415415147,0.0,352.0,0.0
2024-07-02 00:30:00,833.7118847269703,0.0,356.0,0.0
2024-07-02 01:00:00,803.0887259355478,0.0,310.0,0.0
2024-07-02 01:30:00,719.811223314591,0.0,296.0,0.0
2024-07-02 02:00:00,704.0357607703955,0.0,313.0,0.0
2024-07-02 02:30:00,842.6258609823353,0.0,362.0,0.0
2024-07-02 03:00:00,833.645109140117,0.0,347.0,0.0
2024-07-02 03:30:00,737.3380745149188,0.0,300.0,0.0
2024-07-02 04:00:00,740.4272206238323,0.0,302.0,0.0
2024-07-02 04:30:00,883.0441229249188,0.0,355.0,0.0
2024-07-02 05:00:00,823.0336809736554,0.0,340.0,0.0
2024-07-02 05:30:00,765.605937614831,0.0,314.0,0.0
2024-07-02 06:00:00,701.3243198080249,0.0,305.0,0.0
2024-07-02 06:30:00,721.2165308355325,0.0,324.0,0.0
2024-07-02 07:00:00,854.5375619974386,0.0,353.0,0.0
2024-07-02 07:30:00,836.0662619601081,0.0,336.0,0.0
2024-07-02 08:00:00,809.8378980457326,0.0,335.0,0.0
2024-07-02 08:30:00,769.6368833412257,0.0,285.0,0.0
2024-07-02 09:00:00,726.0811996536386,0.0,315.0,0.0
2024-07-02 09:30:00,803.2902569792888,0.0,303.0,0.0
2024-07-02 10:00:00,829.231172038039,0.0,315.0,0.0
2024-07-02 10:30:00,706.0067712395618,0.0,297.0,0.0
2024-07-02 11:00:00,796.3604768311598,0.0,304.0,0.0
2024-07-02 11:30:00,715.4777417157701,0.0,272.0,0.0
2024-07-02 12:00:00,760.5931464665268,0.0,306.0,0.0
2024-07-02 12:30:00,847.1404268108731,0.0,341.0,0.0
2024-07-02 13:00:00,706.0890023746377,0.0,278.0,0.0
2024-07-02 13:30:00,644.3039391438642,0.0,253.0,0.0
2024-07-02 14:00:00,701.3880905356692,0.0,290.0,0.0
2024-07-02 14:30:00,778.480627738439,0.0,324.0,0.0
2024-07-02 15:00:00,737.9566436624907,0.0,305.0,0.0
2024-07-02 15:30:00,698.6837121354889,0.0,241.0,0.0
2024-07-02 16:00:00,655.1371999798116,0.0,248.0,0.0
2024-07-02 16:30:00,648.4589357404184,0.0,252.0,0.0
2024-07-02 17:00:00,593.7023150301864,0.0,227.0,0.0
2024-07-02 17:30:00,692.7251842209619,0.0,313.0,0.0
2024-07-02 18:00:00,807.9239476771976,0.0,336.0,0.0
2024-07-02 18:30:00,704.0377077066953,0.0,294.0,0.0
2024-07-02 19:00:00,598.739210710045,0.0,234.0,0.0
2024-07-02 19:30:00,612.8485257045799,0.0,261.0,0.0
2024-07-02 20:00:00,792.7941639509115,0.0,308.0,0.0
2024-07-02 20:30:00,759.704423540922,0.0,324.0,0.0
2024-07-02 21:00:00,659.820077409923,0.0,281.0,0.0
2024-07-02 21:30:00,618.7270175882695,0.0,260.0,0.0
2024-07-02 22:00:00,670.9346483385328,0.0,253.0,0.0
2024-07-02 22:30:00,783.500578667971,0.0,347.0,0.0
2024-07-02 23:00:00,724.9034542952733,0.0,316.0,0.0
2024-07-02 23:30:00,628.7087133486039,0.0,253.0,0.0
2024-07-03 00:00:00,596.0634659785084,0.0,265.0,0.0
2024-07-03 00:30:00,646.7572386734884,0.0,288.0,0.0
2024-07-03 01:00:00,784.4664075334434,0.0,337.0,0.0
2024-07-03 01:30:00,726.0801265870276,0.0,246.0,0.0
2024-07-03 02:00:00,601.0613667489695,0.0,247.0,0.0
2024-07-03 02:30:00,646.3093148474658,0.0,282.0,0.0
2024-07-03 03:00:00,616.2636488944922,0.0,263.0,0.0
2024-07-03 03:30:00,835.7047758048055,0.0,311.0,0.0
2024-07-03 04:00:00,724.2178977745126,0.0,272.0,0.0
2024-07-03 04:30:00,640.9206401662476,0.0,260.0,0.0
2024-07-03 05:00:00,693.584609686782,0.0,281.0,0.0
2024-07-03 05:30:00,629.6230696315001,0.0,263.0,0.0
2024-07-03 06:00:00,648.562590863763,0.0,257.0,0.0
2024-07-03 06:30:00,841.9959289806919,0.0,336.0,0.0
2024-07-03 07:00:00,815.8490182825823,0.0,327.0,0.0
2024-07-03 07:30:00,626.7546500194396,0.0,282.0,0.0
2024-07-03 08:00:00,674.5284039030938,0.0,240.0,0.0
2024-07-03 08:30:00,759.0031678986988,0.0,304.0,0.0
2024-07-03 09:00:00,905.4968869905483,0.0,351.0,0.0
2024-07-03 09:30:00,771.9296004105834,0.0,303.0,0.0
2024-07-03 10:00:00,667.6022754617984,0.0,300.0,0.0
2024-07-03 10:30:00,686.8194447423245,0.0,267.0,0.0
2024-07-03 11:00:00,826.715727183227,0.0,344.0,0.0
2024-07-03 11:30:00,871.0165626648015,0.0,330.0,0.0
2024-07-03 12:00:00,800.079439406649,0.0,319.0,0.0
2024-07-03 12:30:00,771.8234057703792,0.0,299.0,0.0
2024-07-03 13:00:00,661.8386949322851,0.0,262.0,0.0
2024-07-03 13:30:00,797.8023777083748,0.0,337.0,0.0
2024-07-03 14:00:00,900.3007007331241,0.0,354.0,0.0
2024-07-03 14:30:00,810.9925695228065,0.0,275.0,0.0
2024-07-03 15:00:00,775.2589276447486,0.0,309.0,0.0
2024-07-03 15:30:00,701.0240122604165,0.0,262.0,0.0
2024-07-03 16:00:00,699.589413493538,0.0,260.0,0.0
2024-07-03 16:30:00,682.2944499696912,0.0,262.0,0.0
2024-07-03 17:00:00,679.3484409407157,0.0,261.0,0.0
2024-07-03 17:30:00,721.9750269092416,0.0,258.0,0.0
2024-07-03 18:00:00,634.8288414018541,0.0,261.0,0.0
2024-07-03 18:30:00,698.6830747893716,0.0,237.0,0.0
2024-07-03 19:00:00,637.3140824899493,0.0,258.0,0.0
2024-07-03 19:30:00,668.695764814216,0.0,282.0,0.0
2024-07-03 20:00:00,788.3860837117186,0.0,333.0,0.0
2024-07-03 20:30:00,669.9884935096815,0.0,286.0,0.0
2024-07-03 21:00:00,609.9914132385139,0.0,218.99999999999997,0.0
2024-07-03 21:30:00,642.2485485676152,0.0,242.99999999999997,0.0
2024-07-03 22:00:00,700.5813673150035,0.0,307.0,0.0
2024-07-03 22:30:00,759.0001297418614,0.0,276.0,0.0
2024-07-03 23:00:00,652.8767333095527,0.0,226.0,0.0
2024-07-03 23:30:00,714.0127518629187,0.0,257.0,0.0
2024-07-04 00:00:00,730.0097027904633,0.0,293.0,0.0
2024-07-04 00:30:00,881.9244804663092,0.0,351.0,0.0
2024-07-04 01:00:00,952.4853613527605,0.0,357.0,0.0
2024-07-04 01:30:00,656.1195191836291,0.0,282.0,0.0
2024-07-04 02:00:00,646.268098052513,0.0,293.0,0.0
2024-07-04 02:30:00,826.3816317534939,0.0,326.0,0.0
2024-07-04 03:00:00,949.3955395170121,0.0,383.0,0.0
2024-07-04 03:30:00,802.8669812582654,0.0,316.0,0.0
2024-07-04 04:00:00,748.4496098644045,0.0,290.0,0.0
2024-07-04 04:30:00,605.4607673842467,0.0,277.0,0.0
2024-07-04 05:00:00,916.8056894821297,0.0,355.0,0.0
2024-07-04 05:30:00,854.1918066413511,0.0,324.0,0.0
2024-07-04 06:00:00,716.923960940364,0.0,305.0,0.0
2024-07-04 06:30:00,757.6608025626751,0.0,263.0,0.0
2024-07-04 07:00:00,691.5027921805207,0.0,300.0,0.0
2024-07-04 07:30:00,589.0186819964237,0.0,253.0,0.0
2024-07-04 08:00:00,721.5072193628539,0.0,272.0,0.0
2024-07-04 08:30:00,686.4211832823024,0.0,285.0,0.0
2024-07-04 09:00:00,743.9072538880747,0.0,279.0,0.0
2024-07-04 09:30:00,687.9759881539908,0.0,277.0,0.0
2024-07-04 10:00:00,641.7722326542843,0.0,265.0,0.0
2024-07-04 10:30:00,893.6741554008834,0.0,325.0,0.0
2024-07-04 11:00:00,781.4498530134948,0.0,303.0,0.0
2024-07-04 11:30:00,626.4189562824689,0.0,266.0,0.0
2024-07-04 12:00:00,631.4626857619565,0.0,242.0,0.0
2024-07-04 12:30:00,816.4501867716658,0.0,309.0,0.0
2024-07-04 13:00:00,805.1830206467458,0.0,343.0,0.0
2024-07-04 13:30:00,668.3649346611453,0.0,245.99999999999997,0.0
2024-07-04 14:00:00,657.7054990527816,0.0,234.0,0.0
2024-07-04 14:30:00,629.1645788510216,0.0,252.0,0.0
2024-07-04 15:00:00,580.5177417100055,0.0,237.0,0.0
2024-07-04 15:30:00,774.733843395208,0.0,290.0,0.0
2024-07-04 16:00:00,764.0308641508982,0.0,351.0,0.0
2024-07-04 16:30:00,748.6842054831294,0.0,328.0,0.0
2024-07-04 17:00:00,575.3344317956856,0.0,245.0,0.0
2024-07-04 17:30:00,589.4152612268025,0.0,259.0,0.0
2024-07-04 18:00:00,763.3328928568379,0.0,294.0,0.0
2024-07-04 18:30:00,806.0101641952243,0.0,318.0,0.0
2024-07-04 19:00:00,662.9722667042417,0.0,283.0,0.0
2024-07-04 19:30:00,544.4265958778718,0.0,241.0,0.0
2024-07-04 20:00:00,612.5035223755602,0.0,265.0,0.0
2024-07-04 20:30:00,731.6268107190214,0.0,280.0,0.0
2024-07-04 21:00:00,818.9914791919437,0.0,326.0,0.0
2024-07-04 21:30:00,757.1124288594866,0.0,274.0,0.0
2024-07-04 22:00:00,780.2892770533084,0.0,294.0,0.0
2024-07-04 22:30:00,683.1250845532029,0.0,289.0,0.0
2024-07-04 23:00:00,614.9456068219412,0.0,274.0,0.0
2024-07-04 23:30:00,780.3469143755163,0.0,350.0,0.0
2024-07-05 00:00:00,590.7569024053864,0.0,232.0,0.0
2024-07-05 00:30:00,714.6343021863594,0.0,273.0,0.0
2024-07-05 01:00:00,747.1156232894596,0.0,305.0,0.0
2024-07-05 01:30:00,738.9282838889294,0.0,296.0,0.0
2024-07-05 02:00:00,718.8440221075596,0.0,276.0,0.0
2024-07-05 02:30:00,750.8645067322811,0.0,277.0,0.0
2024-07-05 03:00:00,703.5489077960684,0.0,270.0,0.0
2024-07-05 03:30:00,850.9185484383012,0.0,345.0,0.0
2024-07-05 04:00:00,831.353670858028,0.0,352.0,0.0
2024-07-05 04:30:00,738.7013432311614,0.0,332.0,0.0
2024-07-05 05:00:00,822.6351715320077,0.0,319.0,0.0
2024-07-05 05:30:00,780.4324945545075,0.0,335.0,0.0
2024-07-05 06:00:00,850.0526775808827,0.0,372.0,0.0
2024-07-05 06:30:00,790.3374102856463,0.0,344.0,0.0
2024-07-05 07:00:00,803.8440982625268,0.0,341.0,0.0
2024-07-05 07:30:00,776.5678003012116,0.0,301.0,0.0
2024-07-05 08:00:00,931.3079848150904,0.0,351.0,0.0
2024-07-05 08:30:00,1039.957851916566,0.0,391.0,0.0
2024-07-05 09:00:00,960.1042085483473,0.0,347.0,0.0
2024-07-05 09:30:00,698.146180556409,0.0,297.0,0.0
2024-07-05 10:00:00,838.6046687573287,0.0,372.0,0.0
2024-07-05 10:30:00,853.4595961985989,0.0,369.0,0.0
2024-07-05 11:00:00,790.8115766650278,0.0,298.0,0.0
2024-07-05 11:30:00,623.0245973776932,0.0,249.0,0.0
2024-07-05 12:00:00,635.5161736410137,0.0,261.0,0.0
2024-07-05 12:30:00,631.4070763626033,0.0,249.0,0.0
2024-07-05 13:00:00,661.8526440983388,0.0,253.0,0.0
2024-07-05 13:30:00,560.0597809583287,0.0,244.0,0.0
2024-07-05 14:00:00,573.535001453009,0.0,239.0,0.0
2024-07-05 14:30:00,609.069471433182,0.0,239.00000000000003,0.0
2024-07-05 15:00:00,659.4505885818932,0.0,231.0,0.0
2024-07-05 15:30:00,609.2653284060353,0.0,227.99999999999997,0.0
2024-07-05 16:00:00,575.2225626028304,0.0,221.0,0.0
2024-07-05 16:30:00,535.500184215912,0.0,228.0,0.0
2024-07-05 17:00:00,666.6093737386927,0.0,251.0,0.0
2024-07-05 17:30:00,588.5654482819973,0.0,232.0,0.0
2024-07-05 18:00:00,651.205234056104,0.0,264.0,0.0
2024-07-05 18:30:00,619.5853470388311,0.0,252.0,0.0
2024-07-05 19:00:00,685.1848740062889,0.0,289.0,0.0
2024-07-05 19:30:00,698.9804617173675,0.0,268.0,0.0
2024-07-05 20:00:00,712.5278311190475,0.0,267.0,0.0
2024-07-05 20:30:00,697.4845297735463,0.0,285.0,0.0
2024-07-05 21:00:00,785.9406352959361,0.0,296.0,0.0
2024-07-05 21:30:00,785.0753042485649,0.0,291.0,0.0
2024-07-05 22:00:00,971.8343887829069,0.0,332.0,0.0
2024-07-05 22:30:00,851.8594240576413,0.0,364.0,0.0
2024-07-05 23:00:00,683.1818112358502,0.0,258.0,0.0
2024-07-05 23:30:00,667.3056500250023,0.0,262.0,0.0
2024-07-06 00:00:00,746.1247627603192,0.0,297.0,0.0
2024-07-06 00:30:00,880.0068120663611,0.0,347.0,0.0
2024-07-06 01:00:00,679.2555336013935,0.0,247.99999999999997,0.0
2024-07-06 01:30:00,583.4930165601769,0.0,229.0,0.0
2024-07-06 02:00:00,539.2882652605422,0.0,229.0,0.0
2024-07-06 02:30:00,556.5332212809341,0.0,231.0,0.0
2024-07-06 03:00:00,753.484779542989,0.0,267.0,0.0
2024-07-06 03:30:00,728.2039505660547,0.0,270.0,0.0
2024-07-06 04:00:00,698.7956320050228,0.0,300.0,0.0
2024-07-06 04:30:00,665.8767050242293,0.0,287.0,0.0
2024-07-06 05:00:00,585.9758676588596,0.0,278.0,0.0
2024-07-06 05:30:00,747.9702454721862,0.0,295.0,0.0
2024-07-06 06:00:00,720.1103692708209,0.0,278.0,0.0
2024-07-06 06:30:00,786.0293500412297,0.0,345.0,0.0
2024-07-06 07:00:00,862.6828610535287,0.0,385.0,0.0
2024-07-06 07:30:00,811.7651219834378,0.0,327.0,0.0
2024-07-06 08:00:00,828.0185578282791,0.0,326.0,0.0
2024-07-06 08:30:00,829.5278416837855,0.0,351.0,0.0
2024-07-06 09:00:00,955.0618127566993,0.0,364.0,0.0
2024-07-06 09:30:00,904.8139176109331,0.0,357.0,0.0
2024-07-06 10:00:00,833.2923796442215,0.0,305.0,0.0
2024-07-06 10:30:00,722.1218083020456,0.0,279.0,0.0
2024-07-06 11:00:00,779.4239375233027,0.0,304.0,0.0
2024-07-06 11:30:00,577.9569611712545,0.0,261.0,0.0
2024-07-06 12:00:00,699.3771749331302,0.0,301.0,0.0
2024-07-06 12:30:00,712.9605730422153,0.0,274.0,0.0
2024-07-06 13:00:00,756.8724570062357,0.0,282.0,0.0
2024-07-06 13:30:00,758.0071913001648,0.0,277.0,0.0
2024-07-06 14:00:00,615.04754109553,0.0,243.99999999999997,0.0
2024-07-06 14:30:00,737.2737507005561,0.0,303.0,0.0
2024-07-06 15:00:00,649.7384251111814,0.0,272.0,0.0
2024-07-06 15:30:00,715.4011696881868,0.0,266.0,0.0
2024-07-06 16:00:00,625.6711944818564,0.0,247.99999999999997,0.0
2024-07-06 16:30:00,684.0435814735262,0.0,240.0,0.0
2024-07-06 17:00:00,763.5381801000318,0.0,320.0,0.0
2024-07-06 17:30:00,800.3988533446793,0.0,287.0,0.0
2024-07-06 18:00:00,593.0505849250806,0.0,226.0,0.0
2024-07-06 18:30:00,550.8917725047058,0.0,237.0,0.0
2024-07-06 19:00:00,585.4474287400851,0.0,222.0,0.0
2024-07-06 19:30:00,646.1561054199319,0.0,246.0,0.0
2024-07-06 20:00:00,610.1597309738046,0.0,248.0,0.0
2024-07-06 20:30:00,648.2279661598609,0.0,241.00000000000003,0.0
2024-07-06 21:00:00,675.9253528997899,0.0,256.0,0.0
2024-07-06 21:30:00,870.576333912363,0.0,342.0,0.0
2024-07-06 22:00:00,823.4811654494983,0.0,357.0,0.0
2024-07-06 22:30:00,659.7618746900882,0.0,273.0,0.0
2024-07-06 23:00:00,648.948908357333,0.0,268.0,0.0
2024-07-06 23:30:00,813.0752298830848,0.0,340.0,0.0
2024-07-07 00:00:00,737.9435608856825,0.0,317.0,0.0
2024-07-07 00:30:00,888.4891529142844,0.0,371.0,0.0
2024-07-07 01:00:00,822.5215472248857,0.0,333.0,0.0
2024-07-07 01:30:00,641.6253309142819,0.0,258.0,0.0
2024-07-07 02:00:00,708.0637988538484,0.0,256.0,0.0
2024-07-07 02:30:00,707.158389890193,0.0,269.0,0.0
2024-07-07 03:00:00,685.8701059916336,0.0,283.0,0.0
2024-07-07 03:30:00,828.4290796525811,0.0,331.0,0.0
2024-07-07 04:00:00,899.9131191321272,0.0,404.0,0.0
2024-07-07 04:30:00,697.0523991006866,0.0,310.0,0.0
2024-07-07 05:00:00,706.5408668990709,0.0,261.0,0.0
2024-07-07 05:30:00,627.7673182631544,0.0,274.0,0.0
2024-07-07 06:00:00,737.0835308326738,0.0,306.0,0.0
2024-07-07 06:30:00,924.4907474849795,0.0,383.0,0.0
2024-07-07 07:00:00,810.189741928625,0.0,314.0,0.0
2024-07-07 07:30:00,725.4096905500829,0.0,288.0,0.0
2024-07-07 08:00:00,684.9204450404698,0.0,252.0,0.0
2024-07-07 08:30:00,860.3109756782559,0.0,342.0,0.0
2024-07-07 09:00:00,841.0481193503296,0.0,356.0,0.0
2024-07-07 09:30:00,715.3517911501277,0.0,314.0,0.0
2024-07-07 10:00:00,636.0333837549919,0.0,297.0,0.0
2024-07-07 10:30:00,689.2660747375924,0.0,263.0,0.0
2024-07-07 11:00:00,624.5483668041245,0.0,279.0,0.0
2024-07-07 11:30:00,655.053160174251,0.0,260.0,0.0
2024-07-07 12:00:00,613.2079531039458,0.0,254.0,0.0
2024-07-07 12:30:00,615.9891394228757,0.0,243.0,0.0
2024-07-07 13:00:00,637.73790317195,0.0,252.0,0.0
2024-07-07 13:30:00,593.9118204790649,0.0,254.0,0.0
2024-07-07 14:00:00,727.1612009407571,0.0,289.0,0.0
2024-07-07 14:30:00,722.1711604234278,0.0,302.0,0.0
2024-07-07 15:00:00,546.5891745053716,0.0,223.0,0.0
2024-07-07 15:30:00,553.7962701200435,0.0,245.0,0.0
2024-07-07 16:00:00,638.6705443564696,0.0,246.0,0.0
2024-07-07 16:30:00,810.9296483373048,0.0,336.0,0.0
2024-07-07 17:00:00,641.9796550803975,0.0,268.0,0.0
2024-07-07 17:30:00,556.1074404084915,0.0,218.0,0.0
2024-07-07 18:00:00,592.4687555883603,0.0,248.0,0.0
2024-07-07 18:30:00,579.7045871032221,0.0,227.0,0.0
2024-07-07 19:00:00,615.3225357784701,0.0,267.0,0.0
2024-07-07 19:30:00,840.3603759935075,0.0,316.0,0.0
2024-07-07 20:00:00,690.9477728391403,0.0,301.0,0.0
2024-07-07 20:30:00,685.3121515747978,0.0,272.0,0.0
2024-07-07 21:00:00,638.6301043526132,0.0,260.0,0.0
2024-07-07 21:30:00,691.7602538659759,0.0,327.0,0.0
2024-07-07 22:00:00,780.7256115014217,0.0,313.0,0.0
2024-07-07 22:30:00,692.5946359712447,0.0,279.0,0.0
2024-07-07 23:00:00,627.1334450462729,0.0,261.0,0.0
2024-07-07 23:30:00,626.8113774897815,0.0,253.0,0.0
2024-07-08 00:00:00,615.950024533868,0.0,229.0,0.0
2024-07-08 00:30:00,661.2798614370178,0.0,230.0,0.0
2024-07-08 01:00:00,706.6278352424047,0.0,271.0,0.0
2024-07-08 01:30:00,786.9266036535719,0.0,308.0,0.0
2024-07-08 02:00:00,615.9063486678697,0.0,244.99999999999997,0.0
2024-07-08 02:30:00,591.6843554879428,0.0,246.0,0.0
2024-07-08 03:00:00,651.3806674243349,0.0,232.0,0.0
2024-07-08 03:30:00,671.300549834848,0.0,301.0,0.0
2024-07-08 04:00:00,710.0091875909044,0.0,271.0,0.0
2024-07-08 04:30:00,604.5980111238697,0.0,232.0,0.0
2024-07-08 05:00:00,618.4410127832579,0.0,249.0,0.0
2024-07-08 05:30:00,553.5672856058626,0.0,256.0,0.0
2024-07-08 06:00:00,587.0694454367542,0.0,281.0,0.0
2024-07-08 06:30:00,734.8363200429676,0.0,343.0,0.0
2024-07-08 07:00:00,622.4950198606492,0.0,241.0,0.0
2024-07-08 07:30:00,672.0791250299175,0.0,273.0,0.0
2024-07-08 08:00:00,597.6471692991422,0.0,253.0,0.0
2024-07-08 08:30:00,662.9113819202387,0.0,271.0,0.0
2024-07-08 09:00:00,744.2892124308105,0.0,298.0,0.0
2024-07-08 09:30:00,730.6122412521752,0.0,295.0,0.0
2024-07-08 10:00:00,670.0027757697623,0.0,275.0,0.0
2024-07-08 10:30:00,651.2743841857388,0.0,269.0,0.0
2024-07-08 11:00:00,643.1488197685958,0.0,270.0,0.0
2024-07-08 11:30:00,642.5596508865492,0.0,241.0,0.0
2024-07-08 12:00:00,648.1297561922448,0.0,276.0,0.0
2024-07-08 12:30:00,650.8936930488034,0.0,278.0,0.0
2024-07-08 13:00:00,591.8266854050166,0.0,243.99999999999997,0.0
2024-07-08 13:30:00,657.9075364758964,0.0,292.0,0.0
2024-07-08 14:00:00,601.7914937068598,0.0,245.0,0.0
2024-07-08 14:30:00,626.6044569506331,0.0,261.0,0.0
2024-07-08 15:00:00,625.8858535795321,0.0,253.0,0.0
2024-07-08 15:30:00,605.7169269943771,0.0,267.0,0.0
2024-07-08 16:00:00,613.126615236567,0.0,258.0,0.0
2024-07-08 16:30:00,784.771052267391,0.0,325.0,0.0
2024-07-08 17:00:00,699.3395377310187,0.0,276.0,0.0
2024-07-08 17:30:00,697.7641883436524,0.0,282.0,0.0
2024-07-08 18:00:00,696.4226902448158,0.0,286.0,0.0
2024-07-08 18:30:00,740.3161944715071,0.0,300.0,0.0
2024-07-08 19:00:00,926.0743822936843,0.0,369.0,0.0
2024-07-08 19:30:00,887.9094093612065,0.0,319.0,0.0
2024-07-08 20:00:00,700.5963462825753,0.0,291.0,0.0
2024-07-08 20:30:00,674.8109476920646,0.0,269.0,0.0
2024-07-08 21:00:00,842.4904413478032,0.0,344.0,0.0
2024-07-08 21:30:00,876.5194241709958,0.0,369.0,0.0
2024-07-08 22:00:00,785.8884086786302,0.0,297.0,0.0
2024-07-08 22:30:00,755.139828883391,0.0,311.0,0.0
2024-07-08 23:00:00,781.3506156391174,0.0,301.0,0.0
2024-07-08 23:30:00,768.3011293938533,0.0,307.0,0.0
2024-07-09 00:00:00,783.1813631077135,0.0,352.0,0.0
2024-07-09 00:30:00,803.5482517906631,0.0,356.0,0.0
2024-07-09 01:00:00,818.7839455665916,0.0,310.0,0.0
2024-07-09 01:30:00,741.1976830354467,0.0,296.0,0.0
2024-07-09 02:00:00,657.0648580433268,0.0,313.0,0.0
2024-07-09 02:30:00,824.6958345889205,0.0,362.0,0.0
2024-07-09 03:00:00,886.5682806087987,0.0,347.0,0.0
2024-07-09 03:30:00,751.9123900044887,0.0,300.0,0.0
2024-07-09 04:00:00,732.518265193015,0.0,302.0,0.0
2024-07-09 04:30:00,815.0687470706197,0.0,355.0,0.0
2024-07-09 05:00:00,814.0014835868451,0.0,340.0,0.0
2024-07-09 05:30:00,778.0459229689121,0.0,314.0,0.0
2024-07-09 06:00:00,731.1193793254839,0.0,305.0,0.0
2024-07-09 06:30:00,775.5974131912267,0.0,324.0,0.0
2024-07-09 07:00:00,911.391070666275,0.0,353.0,0.0
2024-07-09 07:30:00,847.9848973942337,0.0,336.0,0.0
2024-07-09 08:00:00,829.863147608585,0.0,335.0,0.0
2024-07-09 08:30:00,743.2997281943577,0.0,285.0,0.0
2024-07-09 09:00:00,711.2412602487948,0.0,315.0,0.0
2024-07-09 09:30:00,772.4661340982977,0.0,303.0,0.0
2024-07-09 10:00:00,796.8436193173794,0.0,315.0,0.0
2024-07-09 10:30:00,757.6895704086219,0.0,297.0,0.0
2024-07-09 11:00:00,702.9858887354021,0.0,304.0,0.0
2024-07-09 11:30:00,767.0033361249759,0.0,272.0,0.0
2024-07-09 12:00:00,793.8232022645205,0.0,306.0,0.0
2024-07-09 12:30:00,820.2558733717444,0.0,341.0,0.0
2024-07-09 13:00:00,673.9317312901497,0.0,278.0,0.0
2024-07-09 13:30:00,660.9900695278606,0.0,253.0,0.0
2024-07-09 14:00:00,656.6001106919733,0.0,290.0,0.0
2024-07-09 14:30:00,881.3719561431676,0.0,324.0,0.0
2024-07-09 15:00:00,795.9539513850232,0.0,305.0,0.0
2024-07-09 15:30:00,739.3008359895312,0.0,241.0,0.0
2024-07-09 16:00:00,661.4521728173802,0.0,248.0,0.0
2024-07-09 16:30:00,673.5135240355729,0.0,252.0,0.0
2024-07-09 17:00:00,558.4383665926198,0.0,227.0,0.0
2024-07-09 17:30:00,705.6439635073926,0.0,313.0,0.0
2024-07-09 18:00:00,799.53691913312,0.0,336.0,0.0
2024-07-09 18:30:00,719.9700778281659,0.0,294.0,0.0
2024-07-09 19:00:00,626.5660218886372,0.0,233.99999999999997,0.0
2024-07-09 19:30:00,602.0688041617403,0.0,261.0,0.0
2024-07-09 20:00:00,734.3407637281348,0.0,308.0,0.0
2024-07-09 20:30:00,836.974026008564,0.0,324.0,0.0
2024-07-09 21:00:00,646.9913725163601,0.0,281.0,0.0
2024-07-09 21:30:00,678.410400301971,0.0,260.0,0.0
2024-07-09 22:00:00,640.3156734582743,0.0,252.99999999999997,0.0
2024-07-09 22:30:00,815.2969172635549,0.0,347.0,0.0
2024-07-09 23:00:00,745.4882926577633,0.0,316.0,0.0
2024-07-09 23:30:00,619.9524968657446,0.0,253.00000000000003,0.0
2024-07-10 00:00:00,182.75726277696754,0.0,80.0,0.0
2024-07-10 00:30:00,170.60699722070532,0.0,79.0,0.0
2024-07-10 01:00:00,177.20906054152536,0.0,79.0,0.0
2024-07-10 01:30:00,170.41806074340167,0.0,82.0,0.0
2024-07-10 02:00:00,188.06883418141527,0.0,81.0,0.0
2024-07-10 02:30:00,168.58866075377315,0.0,79.0,0.0
2024-07-10 03:00:00,186.94238622984264,0.0,80.0,0.0
2024-07-10 03:30:00,166.52014724374555,0.0,82.0,0.0
2024-07-10 04:00:00,171.17581513367534,0.0,80.0,0.0
2024-07-10 04:30:00,190.20316254513946,0.0,85.0,0.0
2024-07-10 05:00:00,177.21774691315363,0.0,80.0,0.0
2024-07-10 05:30:00,194.5746622005849,0.0,81.0,0.0
2024-07-10 06:00:00,172.37865446523205,0.0,81.0,0.0
2024-07-10 06:30:00,174.9296935567419,0.0,79.0,0.0
2024-07-10 07:00:00,195.79917676820838,0.0,79.0,0.0
2024-07-10 07:30:00,229.6525318784108,0.0,85.0,0.0
2024-07-10 08:00:00,405.2273133927332,0.0,160.0,0.0
2024-07-10 08:30:00,407.32727156138844,0.0,143.0,0.0
2024-07-10 09:00:00,491.9032501430126,0.0,156.0,0.0
2024-07-10 09:30:00,597.1557173004369,0.0,233.0,0.0
2024-07-10 10:00:00,599.1269629572761,0.0,183.0,0.0
2024-07-10 10:30:00,641.6545879163756,0.0,209.0,0.0
2024-07-10 11:00:00,800.4432288792232,0.0,263.0,0.0
2024-07-10 11:30:00,847.0492000244848,0.0,285.0,0.0
2024-07-10 12:00:00,731.1814058024764,0.0,257.0,0.0
2024-07-10 12:30:00,598.6430983399996,0.0,196.0,0.0
2024-07-10 13:00:00,562.1703397722549,0.0,187.0,0.0
2024-07-10 13:30:00,533.8406560725575,0.0,183.0,0.0
2024-07-10 14:00:00,502.7602315607691,0.0,180.0,0.0
2024-07-10 14:30:00,518.0984355431277,0.0,176.0,0.0
2024-07-10 15:00:00,569.5065921744844,0.0,185.0,0.0
2024-07-10 15:30:00,584.8132585158689,0.0,191.0,0.0
2024-07-10 16:00:00,506.1188411084031,0.0,189.0,0.0
2024-07-10 16:30:00,634.3092489598248,0.0,219.0,0.0
2024-07-10 17:00:00,673.6212906552564,0.0,231.0,0.0
2024-07-10 17:30:00,572.7831538134704,0.0,195.0,0.0
2024-07-10 18:00:00,661.8449874073419,0.0,225.0,0.0
2024-07-10 18:30:00,575.9471595000921,0.0,208.0,0.0
2024-07-10 19:00:00,554.3385679809569,0.0,220.0,0.0
2024-07-10 19:30:00,764.8497636097287,0.0,317.0,0.0
2024-07-10 20:00:00,835.7552427077402,0.0,288.0,0.0
2024-07-10 20:30:00,586.4294306262592,0.0,224.0,0.0
2024-07-10 21:00:00,622.781183001869,0.0,224.99999999999997,0.0
2024-07-10 21:30:00,600.7967630324207,0.0,219.0,0.0
2024-07-10 22:00:00,705.5423378087652,0.0,284.0,0.0
2024-07-10 22:30:00,964.2755924478973,0.0,337.0,0.0
2024-07-10 23:00:00,932.2655333030926,0.0,334.0,0.0
2024-07-10 23:30:00,801.4034218746239,0.0,286.0,0.0
2024-07-11 00:00:00,657.6713720830519,0.0,270.0,0.0
2024-07-11 00:30:00,560.8082989559672,0.0,240.0,0.0
2024-07-11 01:00:00,607.6293854498178,0.0,253.0,0.0
2024-07-11 01:30:00,507.07607041634446,0.0,208.0,0.0
2024-07-11 02:00:00,568.3990664916715,0.0,205.0,0.0
2024-07-11 02:30:00,385.71698665797294,0.0,149.0,0.0
2024-07-11 03:00:00,334.6990752786572,0.0,136.0,0.0
2024-07-11 03:30:00,298.6504203907296,0.0,144.0,0.0
2024-07-11 04:00:00,310.77426871897393,0.0,139.0,0.0
2024-07-11 04:30:00,286.9079740898732,0.0,140.0,0.0
2024-07-11 05:00:00,270.10428925121636,0.0,139.0,0.0
2024-07-11 05:30:00,300.1370607130364,0.0,138.0,0.0
2024-07-11 06:00:00,281.86885282015396,0.0,137.0,0.0
2024-07-11 06:30:00,267.007407439751,0.0,119.0,0.0
2024-07-11 07:00:00,135.3274987898412,0.0,70.0,0.0
2024-07-11 07:30:00,121.83938863646995,0.0,69.0,0.0
2024-07-11 08:00:00,134.588205494371,0.0,67.0,0.0
2024-07-11 08:30:00,114.43966250925214,0.0,67.0,0.0
2024-07-11 09:00:00,120.11799662864793,0.0,64.0,0.0
2024-07-11 09:30:00,157.53777491326503,0.0,68.0,0.0
2024-07-11 10:00:00,156.26230758406473,0.0,70.0,0.0
2024-07-11 10:30:00,194.84144507900862,0.0,73.0,0.0
2024-07-11 11:00:00,187.06372665179035,0.0,67.0,0.0
2024-07-11 11:30:00,169.73192967365802,0.0,68.0,0.0
2024-07-11 12:00:00,171.7382489929204,0.0,68.0,0.0
2024-07-11 12:30:00,170.39575840767162,0.0,70.0,0.0
2024-07-11 13:00:00,168.85602793478583,0.0,72.0,0.0
2024-07-11 13:30:00,184.51486905346422,0.0,67.0,0.0
2024-07-11 14:00:00,170.6049490059152,0.0,72.0,0.0
2024-07-11 14:30:00,173.75589628458818,0.0,74.0,0.0
2024-07-11 15:00:00,178.34811056573764,0.0,73.0,0.0
2024-07-11 15:30:00,158.34460418022962,0.0,71.0,0.0
2024-07-11 16:00:00,173.16462298956966,0.0,72.0,0.0
2024-07-11 16:30:00,160.37414025393895,0.0,73.0,0.0
2024-07-11 17:00:00,166.18705176747142,0.0,69.0,0.0
2024-07-11 17:30:00,104.9012757801914,0.0,48.0,0.0
2024-07-11 18:00:00,93.86706934324047,0.0,51.0,0.0
2024-07-11 18:30:00,92.94666119271909,0.0,50.0,0.0
2024-07-11 19:00:00,91.90541491387397,0.0,49.0,0.0
2024-07-11 19:30:00,93.89651166290628,0.0,52.0,0.0
2024-07-11 20:00:00,99.78579725414218,0.0,55.0,0.0
2024-07-11 20:30:00,94.68122663731579,0.0,55.99999999999999,0.0
2024-07-11 21:00:00,102.35316846587614,0.0,56.00000000000001,0.0
2024-07-11 21:30:00,100.95828188748514,0.0,61.00000000000001,0.0
2024-07-11 22:00:00,102.49979897165177,0.0,63.0,0.0
2024-07-11 22:30:00,104.74538544097194,0.0,65.0,0.0
2024-07-11 23:00:00,108.76122767886116,0.0,64.0,0.0
2024-07-11 23:30:00,120.38693378930839,0.0,66.0,0.0
2024-07-12 00:00:00,635.0200325676324,0.0,237.0,0.0
2024-07-12 00:30:00,577.93320752904,0.0,230.0,0.0
2024-07-12 01:00:00,614.9644074687927,0.0,234.0,0.0
2024-07-12 01:30:00,520.6646933928508,0.0,217.0,0.0
2024-07-12 02:00:00,549.0587145933125,0.0,225.0,0.0
2024-07-12 02:30:00,645.2378569395969,0.0,230.0,0.0
2024-07-12 03:00:00,622.3254971599404,0.0,240.00000000000003,0.0
2024-07-12 03:30:00,610.1613643169002,0.0,240.00000000000003,0.0
2024-07-12 04:00:00,605.4601142643291,0.0,258.0,0.0
2024-07-12 04:30:00,683.9555468478859,0.0,290.0,0.0
2024-07-12 05:00:00,674.2912991827326,0.0,260.0,0.0
2024-07-12 05:30:00,671.0290802151364,0.0,270.0,0.0
2024-07-12 06:00:00,752.9691324682055,0.0,267.0,0.0
2024-07-12 06:30:00,588.3936260980126,0.0,254.00000000000003,0.0
2024-07-12 07:00:00,544.9753770537917,0.0,223.0,0.0
2024-07-12 07:30:00,517.8741967496253,0.0,223.0,0.0
2024-07-12 08:00:00,560.3583493576332,0.0,214.0,0.0
2024-07-12 08:30:00,682.6885041904753,0.0,261.0,0.0
2024-07-12 09:00:00,704.724942646035,0.0,279.0,0.0
2024-07-12 09:30:00,634.6463888310989,0.0,242.0,0.0
2024-07-12 10:00:00,753.4575590926833,0.0,265.0,0.0
2024-07-12 10:30:00,805.095444607653,0.0,262.0,0.0
2024-07-12 11:00:00,663.2932614867555,0.0,240.0,0.0
2024-07-12 11:30:00,688.7190077184289,0.0,234.0,0.0
2024-07-12 12:00:00,703.9802619637362,0.0,248.0,0.0
2024-07-12 12:30:00,733.6195334948806,0.0,250.99999999999997,0.0
2024-07-12 13:00:00,696.2177012922773,0.0,259.0,0.0
2024-07-12 13:30:00,719.6761162823672,0.0,280.0,0.0
2024-07-12 14:00:00,760.8173102887285,0.0,310.0,0.0
2024-07-12 14:30:00,907.8886253906707,0.0,347.0,0.0
2024-07-12 15:00:00,856.8137475777065,0.0,301.0,0.0
2024-07-12 15:30:00,840.4927842375015,0.0,311.0,0.0
2024-07-12 16:00:00,766.4569669284888,0.0,292.0,0.0
2024-07-12 16:30:00,651.7503689138606,0.0,252.0,0.0
2024-07-12 17:00:00,715.0944420337131,0.0,269.0,0.0
2024-07-12 17:30:00,785.3607988544859,0.0,289.0,0.0
2024-07-12 18:00:00,701.7115159952994,0.0,258.0,0.0
2024-07-12 18:30:00,746.3132713642982,0.0,285.0,0.0
2024-07-12 19:00:00,683.0529068710523,0.0,257.0,0.0
2024-07-12 19:30:00,576.0171063797574,0.0,234.0,0.0
2024-07-12 20:00:00,644.6509300293204,0.0,252.0,0.0
2024-07-12 20:30:00,710.4468149022103,0.0,272.0,0.0
2024-07-12 21:00:00,648.6873077994647,0.0,269.0,0.0
2024-07-12 21:30:00,797.1881751803268,0.0,317.0,0.0
2024-07-12 22:00:00,799.2128482739897,0.0,353.0,0.0
2024-07-12 22:30:00,877.6904318485495,0.0,341.0,0.0
2024-07-12 23:00:00,742.8138194774946,0.0,285.0,0.0
2024-07-12 23:30:00,721.065479118848,0.0,310.0,0.0
2024-07-13 00:00:00,878.1696461365642,0.0,347.0,0.0
2024-07-13 00:30:00,755.0917621578137,0.0,333.0,0.0
2024-07-13 01:00:00,863.0136004447781,0.0,346.0,0.0
2024-07-13 01:30:00,891.12139764336,0.0,315.0,0.0
2024-07-13 02:00:00,841.3364047131532,0.0,333.0,0.0
2024-07-13 02:30:00,819.8151635764376,0.0,327.0,0.0
2024-07-13 03:00:00,758.4069618714622,0.0,334.0,0.0
2024-07-13 03:30:00,825.6019953885559,0.0,344.0,0.0
2024-07-13 04:00:00,832.5358421780056,0.0,302.0,0.0
2024-07-13 04:30:00,612.2099304311644,0.0,243.0,0.0
2024-07-13 05:00:00,588.4106219123684,0.0,253.0,0.0
2024-07-13 05:30:00,675.9058611098567,0.0,266.0,0.0
2024-07-13 06:00:00,804.8043837494921,0.0,310.0,0.0
2024-07-13 06:30:00,610.5899383452719,0.0,263.0,0.0
2024-07-13 07:00:00,476.2063445544631,0.0,219.0,0.0
2024-07-13 07:30:00,568.1112493712528,0.0,232.0,0.0
2024-07-13 08:00:00,871.6511384749991,0.0,333.0,0.0
2024-07-13 08:30:00,914.0622504941527,0.0,340.0,0.0
2024-07-13 09:00:00,1120.6140557119809,0.0,421.0,0.0
2024-07-13 09:30:00,796.4712813295016,0.0,344.0,0.0
2024-07-13 10:00:00,923.7867303589895,0.0,359.0,0.0
2024-07-13 10:30:00,1146.9061302285002,0.0,441.0,0.0
2024-07-13 11:00:00,1293.1956270217556,0.0,503.0,0.0
2024-07-13 11:30:00,982.316842033951,0.0,371.0,0.0
2024-07-13 12:00:00,962.97430374301,0.0,387.0,0.0
2024-07-13 12:30:00,897.0512548369691,0.0,396.0,0.0
2024-07-13 13:00:00,1434.1583145530951,0.0,537.0,0.0
2024-07-13 13:30:00,1248.4240360814943,0.0,479.0,0.0
2024-07-13 14:00:00,854.6296362766774,0.0,361.0,0.0
2024-07-13 14:30:00,991.5035293886127,0.0,364.0,0.0
2024-07-13 15:00:00,1062.4543513971541,0.0,438.0,0.0
2024-07-13 15:30:00,1197.4875385033154,0.0,478.0,0.0
2024-07-13 16:00:00,1222.7345838446279,0.0,502.0,0.0
2024-07-13 16:30:00,1100.3790031899446,0.0,438.0,0.0
2024-07-13 17:00:00,950.2167314456633,0.0,368.0,0.0
2024-07-13 17:30:00,985.1573634997022,0.0,396.0,0.0
2024-07-13 18:00:00,1519.6260328202984,0.0,557.0,0.0
2024-07-13 18:30:00,1296.2516030047807,0.0,504.0,0.0
2024-07-13 19:00:00,1099.7994752240168,0.0,438.0,0.0
2024-07-13 19:30:00,1122.2971764914455,0.0,439.0,0.0
2024-07-13 20:00:00,1106.1330255310347,0.0,456.0,0.0
2024-07-13 20:30:00,1345.3926731617373,0.0,541.0,0.0
2024-07-13 21:00:00,1252.060556388745,0.0,483.0,0.0
2024-07-13 21:30:00,1033.765918062818,0.0,436.0,0.0
2024-07-13 22:00:00,1119.1973900405271,0.0,393.0,0.0
2024-07-13 22:30:00,1139.964298148203,0.0,444.0,0.0
2024-07-13 23:00:00,1153.2554956812887,0.0,424.0,0.0
2024-07-13 23:30:00,1166.2697037586545,0.0,420.0,0.0
2024-07-14 00:00:00,810.3720204099795,0.0,278.0,0.0
2024-07-14 00:30:00,921.0069146146271,0.0,327.0,0.0
2024-07-14 01:00:00,1021.8013538573053,0.0,381.0,0.0
2024-07-14 01:30:00,783.4896197104387,0.0,315.0,0.0
2024-07-14 02:00:00,691.4358048966759,0.0,278.0,0.0
2024-07-14 02:30:00,688.4642076789808,0.0,281.0,0.0
2024-07-14 03:00:00,820.9537734075077,0.0,295.0,0.0
2024-07-14 03:30:00,995.1781145234015,0.0,355.0,0.0
2024-07-14 04:00:00,944.4205366415891,0.0,358.0,0.0
2024-07-14 04:30:00,705.2383565463113,0.0,277.0,0.0
2024-07-14 05:00:00,788.9521630590002,0.0,277.0,0.0
2024-07-14 05:30:00,699.3037223436407,0.0,283.0,0.0
2024-07-14 06:00:00,974.1376290781534,0.0,373.0,0.0
2024-07-14 06:30:00,889.7399931432656,0.0,330.0,0.0
2024-07-14 07:00:00,698.7278556310789,0.0,280.0,0.0
2024-07-14 07:30:00,746.1272711784609,0.0,279.0,0.0
2024-07-14 08:00:00,734.3630141972736,0.0,268.0,0.0
2024-07-14 08:30:00,824.1370661452776,0.0,276.0,0.0
2024-07-14 09:00:00,759.1794255790887,0.0,256.0,0.0
2024-07-14 09:30:00,691.7577725111005,0.0,265.0,0.0
2024-07-14 10:00:00,700.5078378321004,0.0,275.0,0.0
2024-07-14 10:30:00,640.7290488161964,0.0,245.0,0.0
2024-07-14 11:00:00,670.6985573826164,0.0,246.00000000000003,0.0
2024-07-14 11:30:00,603.0792741531994,0.0,229.0,0.0
2024-07-14 12:00:00,810.1105780454155,0.0,296.0,0.0
2024-07-14 12:30:00,839.1267616552223,0.0,288.0,0.0
2024-07-14 13:00:00,616.4782468504009,0.0,240.00000000000003,0.0
2024-07-14 13:30:00,567.2414302091393,0.0,206.0,0.0
2024-07-14 14:00:00,572.3629617442015,0.0,219.0,0.0
2024-07-14 14:30:00,865.7418135418535,0.0,320.0,0.0
2024-07-14 15:00:00,758.5588855378033,0.0,284.0,0.0
2024-07-14 15:30:00,799.9985784060596,0.0,287.0,0.0
2024-07-14 16:00:00,741.9857314125719,0.0,300.0,0.0
2024-07-14 16:30:00,831.2893643871072,0.0,279.0,0.0
2024-07-14 17:00:00,853.1323155911793,0.0,319.0,0.0
2024-07-14 17:30:00,825.359068856744,0.0,292.0,0.0
2024-07-14 18:00:00,814.2675810221361,0.0,274.0,0.0
2024-07-14 18:30:00,804.7247282576448,0.0,295.0,0.0
2024-07-14 19:00:00,804.7937855823119,0.0,307.0,0.0
2024-07-14 19:30:00,917.6398442777325,0.0,350.0,0.0
2024-07-14 20:00:00,983.5577415907451,0.0,370.0,0.0
2024-07-14 20:30:00,966.9115991540774,0.0,354.0,0.0
2024-07-14 21:00:00,925.6108967336729,0.0,355.0,0.0
2024-07-14 21:30:00,1058.3924571420976,0.0,395.0,0.0
2024-07-14 22:00:00,902.8858581457747,0.0,381.0,0.0
2024-07-14 22:30:00,924.1634229281332,0.0,354.0,0.0
2024-07-14 23:00:00,1015.4934152111647,0.0,362.0,0.0
2024-07-14 23:30:00,925.2621377111452,0.0,351.0,0.0
2024-07-15 00:00:00,834.4945116805987,0.0,353.0,0.0
2024-07-15 00:30:00,765.2889684706835,0.0,286.0,0.0
2024-07-15 01:00:00,624.3563707592299,0.0,274.0,0.0
2024-07-15 01:30:00,821.0756893602766,0.0,345.0,0.0
2024-07-15 02:00:00,875.3863128140684,0.0,363.0,0.0
2024-07-15 02:30:00,640.2369713828164,0.0,300.0,0.0
2024-07-15 03:00:00,695.4422868012985,0.0,289.0,0.0
2024-07-15 03:30:00,728.0269876720164,0.0,268.0,0.0
2024-07-15 04:00:00,706.791527571185,0.0,284.0,0.0
2024-07-15 04:30:00,621.6529595872287,0.0,275.0,0.0
2024-07-15 05:00:00,704.1911464249558,0.0,307.0,0.0
2024-07-15 05:30:00,630.9833004375637,0.0,284.0,0.0
2024-07-15 06:00:00,693.8209039798704,0.0,298.0,0.0
2024-07-15 06:30:00,592.8917294382899,0.0,268.0,0.0
2024-07-15 07:00:00,752.4694305832253,0.0,338.0,0.0
2024-07-15 07:30:00,834.4431225692479,0.0,342.0,0.0
2024-07-15 08:00:00,681.8576388738488,0.0,259.0,0.0
2024-07-15 08:30:00,635.916323588936,0.0,263.0,0.0
2024-07-15 09:00:00,761.0180249267421,0.0,332.0,0.0
2024-07-15 09:30:00,972.4964818631579,0.0,430.0,0.0
2024-07-15 10:00:00,831.9617608929989,0.0,291.0,0.0
2024-07-15 10:30:00,770.2520386956078,0.0,268.0,0.0
2024-07-15 11:00:00,712.9844161595447,0.0,281.0,0.0
2024-07-15 11:30:00,830.0914141193746,0.0,300.0,0.0
2024-07-15 12:00:00,898.9855173176283,0.0,389.0,0.0
2024-07-15 12:30:00,1006.9691419988044,0.0,424.0,0.0
2024-07-15 13:00:00,925.9229517982894,0.0,352.0,0.0
2024-07-15 13:30:00,814.0749529586692,0.0,310.0,0.0
2024-07-15 14:00:00,850.7988365638113,0.0,296.0,0.0
2024-07-15 14:30:00,771.2711464996858,0.0,278.0,0.0
2024-07-15 15:00:00,981.5085440201261,0.0,382.0,0.0
2024-07-15 15:30:00,1023.3211470516646,0.0,415.0,0.0
2024-07-15 16:00:00,947.606471462893,0.0,373.0,0.0
2024-07-15 16:30:00,809.8812527558672,0.0,321.0,0.0
2024-07-15 17:00:00,780.8942096796794,0.0,308.0,0.0
2024-07-15 17:30:00,914.5809779317865,0.0,357.0,0.0
2024-07-15 18:00:00,882.9423404004514,0.0,359.0,0.0
2024-07-15 18:30:00,738.1000907798957,0.0,292.0,0.0
2024-07-15 19:00:00,679.0465180783146,0.0,270.0,0.0
2024-07-15 19:30:00,674.3007247944956,0.0,270.0,0.0
2024-07-15 20:00:00,794.1973638814061,0.0,347.0,0.0
2024-07-15 20:30:00,810.4749485698031,0.0,369.0,0.0
2024-07-15 21:00:00,716.525155431101,0.0,311.0,0.0
2024-07-15 21:30:00,752.7583283980974,0.0,267.0,0.0
2024-07-15 22:00:00,721.8897389339415,0.0,300.0,0.0
2024-07-15 22:30:00,955.6917798017962,0.0,342.0,0.0
2024-07-15 23:00:00,940.7180476181798,0.0,367.0,0.0
2024-07-15 23:30:00,753.6004404907178,0.0,285.0,0.0
2024-07-16 00:00:00,104.49060969786125,0.0,55.0,0.0
2024-07-16 00:30:00,101.92247837604269,0.0,53.042553191489354,0.0
2024-07-16 01:00:00,91.5989046684464,0.0,52.99999999999999,0.0
2024-07-16 01:30:00,98.30007744542462,0.0,53.93617021276596,0.0
2024-07-16 02:00:00,93.01709547527196,0.0,54.0,0.0
2024-07-16 02:30:00,93.25488537316116,0.0,50.42553191489362,0.0
2024-07-16 03:00:00,99.70399792051997,0.0,51.74468085106383,0.0
2024-07-16 03:30:00,99.63359561064452,0.0,52.00000000000001,0.0
2024-07-16 04:00:00,98.13433417536423,0.0,52.829787234042556,0.0
2024-07-16 04:30:00,94.2821888062786,0.0,53.808510638297875,0.0
2024-07-16 05:00:00,105.59340034673144,0.0,53.212765957446805,0.0
2024-07-16 05:30:00,92.21568166074553,0.0,53.0,0.0
2024-07-16 06:00:00,84.99840891903396,0.0,50.765957446808514,0.0
2024-07-16 06:30:00,85.40874938886554,0.0,50.0,0.0
2024-07-16 07:00:00,96.39956206320815,0.0,46.48936170212767,0.0
2024-07-16 07:30:00,80.31906619912994,0.0,40.91489361702127,0.0
2024-07-16 08:00:00,76.6989944963996,0.0,38.340425531914896,0.0
2024-07-16 08:30:00,73.06799769155435,0.0,37.361702127659576,0.0
2024-07-16 09:00:00,72.43916536211283,0.0,38.234042553191486,0.0
2024-07-16 09:30:00,71.40639337355974,0.0,37.21276595744681,0.0
2024-07-16 10:00:00,75.90680943762783,0.0,36.57446808510638,0.0
2024-07-16 10:30:00,73.92701191630316,0.0,35.8936170212766,0.0
2024-07-16 11:00:00,77.46345315172266,0.0,36.06382978723404,0.0
2024-07-16 11:30:00,77.53826666491224,0.0,37.51063829787234,0.0
2024-07-16 12:00:00,74.1369842963654,0.0,37.51063829787234,0.0
2024-07-16 12:30:00,70.22505775666569,0.0,37.0,0.0
2024-07-16 13:00:00,70.31168146692781,0.0,37.4468085106383,0.0
2024-07-16 13:30:00,88.37628880892566,0.0,38.42553191489361,0.0
2024-07-16 14:00:00,83.74865355756415,0.0,39.0,0.0
2024-07-16 14:30:00,83.89847371529522,0.0,39.0,0.0
2024-07-16 15:00:00,74.1708590747843,0.0,38.63829787234043,0.0
2024-07-16 15:30:00,76.45250508446199,0.0,38.0,0.0
2024-07-16 16:00:00,72.97101262990766,0.0,38.31914893617021,0.0
2024-07-16 16:30:00,71.44311491963167,0.0,39.595744680851055,0.0
2024-07-16 17:00:00,74.06229561855037,0.0,41.0,0.0
2024-07-16 17:30:00,82.65189856885256,0.0,41.25531914893617,0.0
2024-07-16 18:00:00,79.74046084482171,0.0,42.0,0.0
2024-07-16 18:30:00,73.30276775885838,0.0,42.85106382978722,0.0
2024-07-16 19:00:00,81.09332469822681,0.0,45.61702127659575,0.0
2024-07-16 19:30:00,88.01778049535498,0.0,43.829787234042556,0.0
2024-07-16 20:00:00,82.71020153786218,0.0,43.29787234042553,0.0
2024-07-16 20:30:00,87.20564306130855,0.0,44.99999999999999,0.0
2024-07-16 21:00:00,88.71482913239788,0.0,45.531914893617014,0.0
2024-07-16 21:30:00,90.02574146159874,0.0,50.25531914893617,0.0
2024-07-16 22:00:00,94.23133425416802,0.0,53.06382978723405,0.0
2024-07-16 22:30:00,91.75375157624813,0.0,53.95744680851063,0.0
2024-07-16 23:00:00,90.40196678057185,0.0,53.02127659574468,0.0
2024-07-16 23:30:00,89.55856415483159,0.0,54.0,0.0
2024-07-17 00:00:00,1039.8828274764533,0.0,378.0,0.0
2024-07-17 00:30:00,1057.3222157477853,0.0,405.0,0.0
2024-07-17 01:00:00,997.0929066742433,0.0,409.0,0.0
2024-07-17 01:30:00,1178.369272285485,0.0,423.0,0.0
2024-07-17 02:00:00,1165.4491460926076,0.0,427.0,0.0
2024-07-17 02:30:00,1059.602487656103,0.0,415.0,0.0
2024-07-17 03:00:00,1034.3404417454797,0.0,408.0,0.0
2024-07-17 03:30:00,954.1302632044,0.0,387.0,0.0
2024-07-17 04:00:00,951.8199224867927,0.0,387.0,0.0
2024-07-17 04:30:00,919.9815393025403,0.0,393.0,0.0
2024-07-17 05:00:00,1037.5563916830024,0.0,445.0,0.0
2024-07-17 05:30:00,1275.593914880188,0.0,593.0,0.0
2024-07-17 06:00:00,1373.5391343157673,0.0,549.0,0.0
2024-07-17 06:30:00,909.7327564248285,0.0,387.0,0.0
2024-07-17 07:00:00,1079.6527955864597,0.0,388.0,0.0
2024-07-17 07:30:00,905.9709182563145,0.0,350.0,0.0
2024-07-17 08:00:00,1299.7196256263412,0.0,481.99999999999994,0.0
2024-07-17 08:30:00,1056.0164648048376,0.0,431.0,0.0
2024-07-17 09:00:00,1078.92187139141,0.0,488.0,0.0
2024-07-17 09:30:00,1259.701737860903,0.0,467.00000000000006,0.0
2024-07-17 10:00:00,1013.7849729153583,0.0,370.0,0.0
2024-07-17 10:30:00,860.1060266419722,0.0,330.0,0.0
2024-07-17 11:00:00,929.6834606624717,0.0,353.0,0.0
2024-07-17 11:30:00,955.5789894568375,0.0,412.0,0.0
2024-07-17 12:00:00,1102.296915319014,0.0,465.0,0.0
2024-07-17 12:30:00,1181.9784129448685,0.0,482.0,0.0
2024-07-17 13:00:00,1114.3025396429755,0.0,463.0,0.0
2024-07-17 13:30:00,976.9073275428588,0.0,427.0,0.0
2024-07-17 14:00:00,960.0716171016068,0.0,374.0,0.0
2024-07-17 14:30:00,1008.9342281448974,0.0,379.0,0.0
2024-07-17 15:00:00,1216.331347461369,0.0,519.0,0.0
2024-07-17 15:30:00,1302.4316295319634,0.0,556.0,0.0
2024-07-17 16:00:00,1326.0451952233782,0.0,573.0,0.0
2024-07-17 16:30:00,1322.888940310808,0.0,578.0,0.0
2024-07-17 17:00:00,1114.667587643243,0.0,419.00000000000006,0.0
2024-07-17 17:30:00,989.5864572242219,0.0,420.0,0.0
2024-07-17 18:00:00,1135.3456995251254,0.0,439.0,0.0
2024-07-17 18:30:00,1152.0842164901048,0.0,464.0,0.0
2024-07-17 19:00:00,989.6473244560267,0.0,383.0,0.0
2024-07-17 19:30:00,888.3636151293995,0.0,328.0,0.0
2024-07-17 20:00:00,883.0893662829764,0.0,350.0,0.0
2024-07-17 20:30:00,958.215863225349,0.0,385.0,0.0
2024-07-17 21:00:00,1060.43541111364,0.0,440.0,0.0
2024-07-17 21:30:00,1318.330720489938,0.0,533.0,0.0
2024-07-17 22:00:00,1113.6825225987238,0.0,461.00000000000006,0.0
2024-07-17 22:30:00,1110.7639110168634,0.0,406.0,0.0
2024-07-17 23:00:00,1020.9764506933514,0.0,407.0,0.0
2024-07-17 23:30:00,1068.7151426986695,0.0,482.0,0.0
2024-07-18 00:00:00,910.4646956574356,0.0,374.0,0.0
2024-07-18 00:30:00,683.7658422276427,0.0,264.0,0.0
2024-07-18 01:00:00,658.1353840632189,0.0,257.0,0.0
2024-07-18 01:30:00,726.2648367232008,0.0,272.0,0.0
2024-07-18 02:00:00,626.475483557815,0.0,280.0,0.0
2024-07-18 02:30:00,719.9277201578094,0.0,320.0,0.0
2024-07-18 03:00:00,857.8593916014639,0.0,364.0,0.0
2024-07-18 03:30:00,705.1610393631844,0.0,269.0,0.0
2024-07-18 04:00:00,631.3223507550315,0.0,254.00000000000003,0.0
2024-07-18 04:30:00,629.950564375474,0.0,244.0,0.0
2024-07-18 05:00:00,626.0567846533321,0.0,254.00000000000003,0.0
2024-07-18 05:30:00,836.7086967858743,0.0,338.0,0.0
2024-07-18 06:00:00,670.5094425453584,0.0,299.0,0.0
2024-07-18 06:30:00,625.1581866474362,0.0,229.0,0.0
2024-07-18 07:00:00,591.9737175964153,0.0,229.0,0.0
2024-07-18 07:30:00,632.9672844239651,0.0,243.0,0.0
2024-07-18 08:00:00,569.5522371414572,0.0,220.99999999999997,0.0
2024-07-18 08:30:00,627.9749788674336,0.0,239.99999999999997,0.0
2024-07-18 09:00:00,757.6368519685777,0.0,317.0,0.0
2024-07-18 09:30:00,732.0046576368175,0.0,303.0,0.0
2024-07-18 10:00:00,639.9945997068627,0.0,285.0,0.0
2024-07-18 10:30:00,641.370753951746,0.0,267.0,0.0
2024-07-18 11:00:00,668.8974814853749,0.0,263.0,0.0
2024-07-18 11:30:00,609.3035097857347,0.0,232.00000000000003,0.0
2024-07-18 12:00:00,675.4652738456247,0.0,266.0,0.0
2024-07-18 12:30:00,549.7751073927463,0.0,221.0,0.0
2024-07-18 13:00:00,610.6298222735921,0.0,236.0,0.0
2024-07-18 13:30:00,670.9887914136838,0.0,244.00000000000003,0.0
2024-07-18 14:00:00,598.0898388959719,0.0,200.0,0.0
2024-07-18 14:30:00,571.1867311583134,0.0,205.0,0.0
2024-07-18 15:00:00,577.6020213764666,0.0,233.0,0.0
2024-07-18 15:30:00,517.0043019120124,0.0,208.0,0.0
2024-07-18 16:00:00,623.5515016520492,0.0,217.0,0.0
2024-07-18 16:30:00,718.8021942434242,0.0,252.99999999999997,0.0
2024-07-18 17:00:00,662.9286592712742,0.0,240.0,0.0
2024-07-18 17:30:00,650.2728917910301,0.0,232.00000000000003,0.0
2024-07-18 18:00:00,467.3367285237459,0.0,191.0,0.0
2024-07-18 18:30:00,490.4530181590362,0.0,195.0,0.0
2024-07-18 19:00:00,548.4543322354731,0.0,231.99999999999997,0.0
2024-07-18 19:30:00,654.289810756982,0.0,237.0,0.0
2024-07-18 20:00:00,777.4639589766673,0.0,235.0,0.0
2024-07-18 20:30:00,591.5060696552035,0.0,209.0,0.0
2024-07-18 21:00:00,558.6875064800633,0.0,208.0,0.0
2024-07-18 21:30:00,561.4133956581596,0.0,215.0,0.0
2024-07-18 22:00:00,648.0156678115187,0.0,223.0,0.0
2024-07-18 22:30:00,638.338970450343,0.0,223.0,0.0
2024-07-18 23:00:00,579.4642107344159,0.0,213.0,0.0
2024-07-18 23:30:00,567.4691993256243,0.0,231.0,0.0
2024-07-19 00:00:00,536.2819627139038,0.0,232.0,0.0
2024-07-19 00:30:00,779.7051757458391,0.0,273.0,0.0
2024-07-19 01:00:00,802.5046343927869,0.0,305.0,0.0
2024-07-19 01:30:00,772.1956963853951,0.0,296.0,0.0
2024-07-19 02:00:00,778.9555059992421,0.0,276.0,0.0
2024-07-19 02:30:00,714.145471932991,0.0,277.0,0.0
2024-07-19 03:00:00,670.4890794526843,0.0,270.0,0.0
2024-07-19 03:30:00,833.2839225551498,0.0,345.0,0.0
2024-07-19 04:00:00,914.3665566917439,0.0,352.0,0.0
2024-07-19 04:30:00,778.9097572084539,0.0,332.0,0.0
2024-07-19 05:00:00,880.1807441744531,0.0,319.0,0.0
2024-07-19 05:30:00,822.5529024575886,0.0,335.0,0.0
2024-07-19 06:00:00,845.8324298754312,0.0,372.0,0.0
2024-07-19 06:30:00,796.9982198998359,0.0,344.0,0.0
2024-07-19 07:00:00,791.9881341747091,0.0,341.0,0.0
2024-07-19 07:30:00,665.2186643250861,0.0,301.0,0.0
2024-07-19 08:00:00,871.3355659493401,0.0,351.0,0.0
2024-07-19 08:30:00,950.8729541727681,0.0,391.0,0.0
2024-07-19 09:00:00,836.274346879845,0.0,347.0,0.0
2024-07-19 09:30:00,806.7799604038561,0.0,297.0,0.0
2024-07-19 10:00:00,882.0748830780395,0.0,372.0,0.0
2024-07-19 10:30:00,908.4620168366864,0.0,369.0,0.0
2024-07-19 11:00:00,754.1201129357903,0.0,298.0,0.0
2024-07-19 11:30:00,656.8491406101657,0.0,249.0,0.0
2024-07-19 12:00:00,653.8349978779362,0.0,261.0,0.0
2024-07-19 12:30:00,615.9476790885969,0.0,249.0,0.0
2024-07-19 13:00:00,653.5101567823042,0.0,253.0,0.0
2024-07-19 13:30:00,603.4570776215995,0.0,244.0,0.0
2024-07-19 14:00:00,577.1889763789769,0.0,239.0,0.0
2024-07-19 14:30:00,600.2445993256637,0.0,239.0,0.0
2024-07-19 15:00:00,640.1820549162529,0.0,231.0,0.0
2024-07-19 15:30:00,627.4913612033632,0.0,228.0,0.0
2024-07-19 16:00:00,592.0433731196817,0.0,221.0,0.0
2024-07-19 16:30:00,620.241153525195,0.0,228.0,0.0
2024-07-19 17:00:00,605.1227158634342,0.0,251.0,0.0
2024-07-19 17:30:00,582.0560490735984,0.0,232.0,0.0
2024-07-19 18:00:00,682.1611510579097,0.0,264.0,0.0
2024-07-19 18:30:00,728.4557773043807,0.0,252.0,0.0
2024-07-19 19:00:00,744.3365154194712,0.0,289.0,0.0
2024-07-19 19:30:00,724.1603573468357,0.0,268.0,0.0
2024-07-19 20:00:00,776.816983909508,0.0,267.0,0.0
2024-07-19 20:30:00,731.6995626313327,0.0,285.0,0.0
2024-07-19 21:00:00,865.7204559603489,0.0,296.0,0.0
2024-07-19 21:30:00,774.549819176379,0.0,291.0,0.0
2024-07-19 22:00:00,830.4140674836528,0.0,332.0,0.0
2024-07-19 22:30:00,923.4740200889219,0.0,364.0,0.0
2024-07-19 23:00:00,669.2696552794073,0.0,258.0,0.0
2024-07-19 23:30:00,634.8326424823066,0.0,262.0,0.0
2024-07-20 00:00:00,175.50898667484316,0.0,65.0,0.0
2024-07-20 00:30:00,178.31059317962325,0.0,66.0,0.0
2024-07-20 01:00:00,186.34296550111296,0.0,65.0,0.0
2024-07-20 01:30:00,161.39537543729722,0.0,62.0,0.0
2024-07-20 02:00:00,166.05078881962072,0.0,65.0,0.0
2024-07-20 02:30:00,165.53242743368804,0.0,65.0,0.0
2024-07-20 03:00:00,155.0108966909888,0.0,66.0,0.0
2024-07-20 03:30:00,164.47116705220904,0.0,62.99999999999999,0.0
2024-07-20 04:00:00,165.96001566552536,0.0,63.00000000000001,0.0
2024-07-20 04:30:00,168.43467093493405,0.0,66.0,0.0
2024-07-20 05:00:00,162.20467945180178,0.0,66.0,0.0
2024-07-20 05:30:00,176.15316125280208,0.0,66.0,0.0
2024-07-20 06:00:00,153.69172784044792,0.0,67.0,0.0
2024-07-20 06:30:00,175.4107491420197,0.0,65.0,0.0
2024-07-20 07:00:00,162.5638642474739,0.0,61.0,0.0
2024-07-20 07:30:00,165.9641922889488,0.0,53.00000000000001,0.0
2024-07-20 08:00:00,233.55195194797625,0.0,70.0,0.0
2024-07-20 08:30:00,263.1614931249175,0.0,78.0,0.0
2024-07-20 09:00:00,268.3514244257325,0.0,75.0,0.0
2024-07-20 09:30:00,277.93072105115584,0.0,96.0,0.0
2024-07-20 10:00:00,285.4993264889716,0.0,104.0,0.0
2024-07-20 10:30:00,257.03202068463264,0.0,105.0,0.0
2024-07-20 11:00:00,280.27837170735296,0.0,103.0,0.0
2024-07-20 11:30:00,273.1992273169349,0.0,106.0,0.0
2024-07-20 12:00:00,267.7327321110582,0.0,105.0,0.0
2024-07-20 12:30:00,300.9874372853492,0.0,105.0,0.0
2024-07-20 13:00:00,296.12225081517977,0.0,104.0,0.0
2024-07-20 13:30:00,249.32390123950043,0.0,101.0,0.0
2024-07-20 14:00:00,276.12523260538484,0.0,98.0,0.0
2024-07-20 14:30:00,284.6437713919492,0.0,100.0,0.0
2024-07-20 15:00:00,274.0503904055114,0.0,110.0,0.0
2024-07-20 15:30:00,298.5683284501355,0.0,127.0,0.0
2024-07-20 16:00:00,322.54018696445405,0.0,131.0,0.0
2024-07-20 16:30:00,335.3506207386895,0.0,138.0,0.0
2024-07-20 17:00:00,442.55805483981607,0.0,180.0,0.0
2024-07-20 17:30:00,549.0798305276045,0.0,216.0,0.0
2024-07-20 18:00:00,499.389755210235,0.0,213.0,0.0
2024-07-20 18:30:00,487.10879143571395,0.0,201.0,0.0
2024-07-20 19:00:00,477.1829304291914,0.0,200.0,0.0
2024-07-20 19:30:00,516.8096000162844,0.0,194.0,0.0
2024-07-20 20:00:00,523.156309070325,0.0,209.0,0.0
2024-07-20 20:30:00,485.9643973179494,0.0,217.0,0.0
2024-07-20 21:00:00,585.2840781236457,0.0,217.0,0.0
2024-07-20 21:30:00,594.6652480292548,0.0,231.0,0.0
2024-07-20 22:00:00,750.537505100473,0.0,311.0,0.0
2024-07-20 22:30:00,572.446362639053,0.0,235.0,0.0
2024-07-20 23:00:00,567.6718471754488,0.0,222.0,0.0
2024-07-20 23:30:00,681.3119279872345,0.0,290.0,0.0
2024-07-21 00:00:00,730.2547011613367,0.0,278.0,0.0
2024-07-21 00:30:00,849.5114846126249,0.0,327.0,0.0
2024-07-21 01:00:00,995.8287050410105,0.0,381.0,0.0
2024-07-21 01:30:00,841.8533099616177,0.0,315.0,0.0
2024-07-21 02:00:00,742.8024874042577,0.0,278.0,0.0
2024-07-21 02:30:00,757.1744465191102,0.0,281.0,0.0
2024-07-21 03:00:00,825.961483788372,0.0,295.0,0.0
2024-07-21 03:30:00,935.3756161702356,0.0,355.0,0.0
2024-07-21 04:00:00,1015.3965484462274,0.0,358.0,0.0
2024-07-21 04:30:00,719.4188354094874,0.0,277.0,0.0
2024-07-21 05:00:00,771.6977852629852,0.0,277.0,0.0
2024-07-21 05:30:00,751.0414500547216,0.0,283.0,0.0
2024-07-21 06:00:00,944.9390898007243,0.0,373.0,0.0
2024-07-21 06:30:00,877.4901516495128,0.0,330.0,0.0
2024-07-21 07:00:00,748.6015600056744,0.0,280.0,0.0
2024-07-21 07:30:00,769.3893576998604,0.0,279.0,0.0
2024-07-21 08:00:00,777.2603376357929,0.0,268.0,0.0
2024-07-21 08:30:00,802.9200320378583,0.0,276.0,0.0
2024-07-21 09:00:00,692.0502842418363,0.0,256.0,0.0
2024-07-21 09:30:00,586.5682311301751,0.0,265.0,0.0
2024-07-21 10:00:00,769.6111077832419,0.0,275.0,0.0
2024-07-21 10:30:00,650.7114478341132,0.0,244.99999999999997,0.0
2024-07-21 11:00:00,643.0337676350514,0.0,246.0,0.0
2024-07-21 11:30:00,585.2847120626931,0.0,229.00000000000003,0.0
2024-07-21 12:00:00,800.3656424373137,0.0,296.0,0.0
2024-07-21 12:30:00,799.0071248980528,0.0,288.0,0.0
2024-07-21 13:00:00,606.0425767519918,0.0,240.0,0.0
2024-07-21 13:30:00,553.1383374524054,0.0,206.0,0.0
2024-07-21 14:00:00,593.0221512157921,0.0,219.0,0.0
2024-07-21 14:30:00,969.0165511342419,0.0,320.0,0.0
2024-07-21 15:00:00,807.50504885741,0.0,284.0,0.0
2024-07-21 15:30:00,813.8853919558708,0.0,287.0,0.0
2024-07-21 16:00:00,798.6982794900234,0.0,300.0,0.0
2024-07-21 16:30:00,774.6629135327121,0.0,279.0,0.0
2024-07-21 17:00:00,865.4598462260351,0.0,319.0,0.0
2024-07-21 17:30:00,774.5170148122348,0.0,292.0,0.0
2024-07-21 18:00:00,769.0534912581957,0.0,274.0,0.0
2024-07-21 18:30:00,869.9059258379476,0.0,295.0,0.0
2024-07-21 19:00:00,889.3249197506839,0.0,307.0,0.0
2024-07-21 19:30:00,970.8412414288787,0.0,350.0,0.0
2024-07-21 20:00:00,936.3495384974849,0.0,370.0,0.0
2024-07-21 20:30:00,920.4421594839451,0.0,354.0,0.0
2024-07-21 21:00:00,884.7288621558362,0.0,355.0,0.0
2024-07-21 21:30:00,1031.032282965497,0.0,395.0,0.0
2024-07-21 22:00:00,1037.2184271188758,0.0,381.0,0.0
2024-07-21 22:30:00,929.5750724471736,0.0,354.0,0.0
2024-07-21 23:00:00,971.0960958938342,0.0,362.0,0.0
2024-07-21 23:30:00,952.6934456181301,0.0,351.0,0.0
2024-07-22 00:00:00,1079.1368998353412,0.0,406.0,0.0
2024-07-22 00:30:00,940.6192039321345,0.0,373.0,0.0
2024-07-22 01:00:00,950.5125811772294,0.0,359.0,0.0
2024-07-22 01:30:00,984.1095274585425,0.0,363.0,0.0
2024-07-22 02:00:00,893.7799725789637,0.0,343.0,0.0
2024-07-22 02:30:00,1107.5580471328517,0.0,419.0,0.0
2024-07-22 03:00:00,916.1536426015185,0.0,367.0,0.0
2024-07-22 03:30:00,1005.3184422436507,0.0,370.0,0.0
2024-07-22 04:00:00,946.8166651058019,0.0,354.0,0.0
2024-07-22 04:30:00,938.8511792052904,0.0,378.0,0.0
2024-07-22 05:00:00,1022.6557609596504,0.0,393.0,0.0
2024-07-22 05:30:00,1010.5281042200724,0.0,363.0,0.0
2024-07-22 06:00:00,881.1159555849184,0.0,360.0,0.0
2024-07-22 06:30:00,856.501643602699,0.0,339.0,0.0
2024-07-22 07:00:00,1032.6591542816475,0.0,395.0,0.0
2024-07-22 07:30:00,1119.9686682905995,0.0,371.0,0.0
2024-07-22 08:00:00,928.209101224961,0.0,335.0,0.0
2024-07-22 08:30:00,986.3658041410513,0.0,336.0,0.0
2024-07-22 09:00:00,969.933722503507,0.0,334.0,0.0
2024-07-22 09:30:00,1033.161624268566,0.0,394.0,0.0
2024-07-22 10:00:00,1008.97399915675,0.0,351.0,0.0
2024-07-22 10:30:00,946.9015912320724,0.0,353.0,0.0
2024-07-22 11:00:00,938.366591761764,0.0,341.0,0.0
2024-07-22 11:30:00,865.9088939308097,0.0,342.0,0.0
2024-07-22 12:00:00,1024.9062256614789,0.0,365.0,0.0
2024-07-22 12:30:00,925.5895027680529,0.0,310.0,0.0
2024-07-22 13:00:00,692.82360111244,0.0,228.0,0.0
2024-07-22 13:30:00,772.1762153931112,0.0,252.0,0.0
2024-07-22 14:00:00,745.1827863265001,0.0,251.0,0.0
2024-07-22 14:30:00,960.6714784849289,0.0,343.0,0.0
2024-07-22 15:00:00,1015.4647704369356,0.0,357.0,0.0
2024-07-22 15:30:00,1089.9007127059194,0.0,392.0,0.0
2024-07-22 16:00:00,1077.971582668234,0.0,417.0,0.0
2024-07-22 16:30:00,1226.7069072575925,0.0,436.0,0.0
2024-07-22 17:00:00,975.6606468778828,0.0,327.0,0.0
2024-07-22 17:30:00,1049.4737285249903,0.0,343.0,0.0
2024-07-22 18:00:00,978.6260864513507,0.0,343.0,0.0
2024-07-22 18:30:00,877.4229855947533,0.0,331.0,0.0
2024-07-22 19:00:00,837.9568404651525,0.0,314.0,0.0
2024-07-22 19:30:00,895.6139311581676,0.0,316.0,0.0
2024-07-22 20:00:00,943.7927058991916,0.0,312.0,0.0
2024-07-22 20:30:00,911.9581528722002,0.0,314.0,0.0
2024-07-22 21:00:00,841.3072328794417,0.0,291.0,0.0
2024-07-22 21:30:00,591.5042204043438,0.0,220.0,0.0
2024-07-22 22:00:00,451.9620814837555,0.0,173.0,0.0
2024-07-22 22:30:00,410.76760367518693,0.0,178.0,0.0
2024-07-22 23:00:00,434.2224564328165,0.0,138.0,0.0
2024-07-22 23:30:00,216.5170459912875,0.0,90.0,0.0
2024-07-23 00:00:00,157.88162695830394,0.0,69.0,0.0
2024-07-23 00:30:00,139.64839550421695,0.0,68.0,0.0
2024-07-23 01:00:00,143.74620584833397,0.0,65.0,0.0
2024-07-23 01:30:00,147.72283675959173,0.0,67.0,0.0
2024-07-23 02:00:00,140.78694272389083,0.0,69.0,0.0
2024-07-23 02:30:00,129.46899003210808,0.0,64.0,0.0
2024-07-23 03:00:00,132.13625125470168,0.0,63.0,0.0
2024-07-23 03:30:00,139.01685155829946,0.0,63.0,0.0
2024-07-23 04:00:00,127.04150041447537,0.0,65.0,0.0
2024-07-23 04:30:00,140.29432092926115,0.0,66.0,0.0
2024-07-23 05:00:00,129.7761158893472,0.0,66.0,0.0
2024-07-23 05:30:00,135.95581668608702,0.0,66.0,0.0
2024-07-23 06:00:00,129.55816772054627,0.0,65.0,0.0
2024-07-23 06:30:00,127.57753368988956,0.0,62.0,0.0
2024-07-23 07:00:00,146.73369959143244,0.0,61.0,0.0
2024-07-23 07:30:00,146.45921583977716,0.0,62.0,0.0
2024-07-23 08:00:00,163.4527367306359,0.0,57.0,0.0
2024-07-23 08:30:00,177.78396500574706,0.0,58.0,0.0
2024-07-23 09:00:00,170.27287373776105,0.0,59.99999999999999,0.0
2024-07-23 09:30:00,148.95917688508638,0.0,57.99999999999999,0.0
2024-07-23 10:00:00,142.73730782926557,0.0,57.0,0.0
2024-07-23 10:30:00,143.8623519349448,0.0,56.0,0.0
2024-07-23 11:00:00,154.73210112882657,0.0,59.0,0.0
2024-07-23 11:30:00,158.31856643798207,0.0,61.0,0.0
2024-07-23 12:00:00,149.43313319324275,0.0,64.0,0.0
2024-07-23 12:30:00,178.69626344445922,0.0,68.0,0.0
2024-07-23 13:00:00,225.7816913169496,0.0,80.0,0.0
2024-07-23 13:30:00,225.19626439279452,0.0,71.0,0.0
2024-07-23 14:00:00,246.47042077169024,0.0,67.0,0.0
2024-07-23 14:30:00,222.42390628596968,0.0,77.0,0.0
2024-07-23 15:00:00,219.03130750927454,0.0,76.0,0.0
2024-07-23 15:30:00,212.4691405662376,0.0,73.0,0.0
2024-07-23 16:00:00,227.17671018480573,0.0,72.0,0.0
2024-07-23 16:30:00,205.61409887434974,0.0,65.0,0.0
2024-07-23 17:00:00,198.73655521938792,0.0,66.0,0.0
2024-07-23 17:30:00,190.4023340196853,0.0,68.0,0.0
2024-07-23 18:00:00,161.0247691470716,0.0,70.0,0.0
2024-07-23 18:30:00,165.01574406170917,0.0,70.0,0.0
2024-07-23 19:00:00,178.70751890834154,0.0,65.0,0.0
2024-07-23 19:30:00,165.01316574550583,0.0,72.0,0.0
2024-07-23 20:00:00,159.84334871794542,0.0,70.0,0.0
2024-07-23 20:30:00,156.22699806109733,0.0,72.0,0.0
2024-07-23 21:00:00,154.5139605218297,0.0,71.0,0.0
2024-07-23 21:30:00,171.71641835547996,0.0,78.0,0.0
2024-07-23 22:00:00,175.44364084925988,0.0,76.0,0.0
2024-07-23 22:30:00,167.69852294340942,0.0,78.0,0.0
2024-07-23 23:00:00,184.25901897583958,0.0,78.0,0.0
2024-07-23 23:30:00,175.92546667198326,0.0,81.0,0.0
2024-07-24 00:00:00,183.00968376146486,0.0,80.0,0.0
2024-07-24 00:30:00,181.03837497363443,0.0,79.0,0.0
2024-07-24 01:00:00,182.14475206637937,0.0,79.0,0.0
2024-07-24 01:30:00,173.7051128759713,0.0,82.0,0.0
2024-07-24 02:00:00,174.9419095866489,0.0,81.0,0.0
2024-07-24 02:30:00,168.09076601465713,0.0,79.0,0.0
2024-07-24 03:00:00,176.19536587375063,0.0,80.0,0.0
2024-07-24 03:30:00,171.10135739778778,0.0,82.0,0.0
2024-07-24 04:00:00,169.9583869353183,0.0,80.0,0.0
2024-07-24 04:30:00,183.09191505724002,0.0,85.0,0.0
2024-07-24 05:00:00,186.14854635033487,0.0,80.0,0.0
2024-07-24 05:30:00,178.20940071143067,0.0,81.0,0.0
2024-07-24 06:00:00,190.4060405566917,0.0,81.0,0.0
2024-07-24 06:30:00,166.6175202777112,0.0,79.0,0.0
2024-07-24 07:00:00,162.34126368742804,0.0,79.0,0.0
2024-07-24 07:30:00,257.33782227237106,0.0,85.0,0.0
2024-07-24 08:00:00,424.33679124341563,0.0,160.0,0.0
2024-07-24 08:30:00,418.39498755194455,0.0,143.0,0.0
2024-07-24 09:00:00,430.8526292797974,0.0,156.0,0.0
2024-07-24 09:30:00,620.2312944533099,0.0,232.99999999999997,0.0
2024-07-24 10:00:00,538.0632089065432,0.0,182.99999999999997,0.0
2024-07-24 10:30:00,611.6138971371131,0.0,209.0,0.0
2024-07-24 11:00:00,712.8541076824159,0.0,263.0,0.0
2024-07-24 11:30:00,808.5907716241982,0.0,285.0,0.0
2024-07-24 12:00:00,762.6228728966547,0.0,257.0,0.0
2024-07-24 12:30:00,579.5219903394236,0.0,196.0,0.0
2024-07-24 13:00:00,503.0195948872829,0.0,187.0,0.0
2024-07-24 13:30:00,563.021285708661,0.0,183.0,0.0
2024-07-24 14:00:00,536.259827252579,0.0,180.0,0.0
2024-07-24 14:30:00,530.6715560161895,0.0,176.0,0.0
2024-07-24 15:00:00,570.002325662066,0.0,185.0,0.0
2024-07-24 15:30:00,585.6693612329362,0.0,191.0,0.0
2024-07-24 16:00:00,547.0085012671902,0.0,189.0,0.0
2024-07-24 16:30:00,635.5024638763286,0.0,219.0,0.0
2024-07-24 17:00:00,712.479424553854,0.0,230.99999999999997,0.0
2024-07-24 17:30:00,537.8979223533538,0.0,195.0,0.0
2024-07-24 18:00:00,580.5423382651136,0.0,225.0,0.0
2024-07-24 18:30:00,568.8893350967893,0.0,208.0,0.0
2024-07-24 19:00:00,547.9211765119376,0.0,220.0,0.0
2024-07-24 19:30:00,768.8585438213411,0.0,317.0,0.0
2024-07-24 20:00:00,794.0835260461774,0.0,288.0,0.0
2024-07-24 20:30:00,657.4753309384803,0.0,224.0,0.0
2024-07-24 21:00:00,595.7578414565062,0.0,225.0,0.0
2024-07-24 21:30:00,566.574087657917,0.0,219.0,0.0
2024-07-24 22:00:00,683.1376234904197,0.0,284.0,0.0
2024-07-24 22:30:00,958.8444384151207,0.0,337.0,0.0
2024-07-24 23:00:00,879.7578841886573,0.0,334.0,0.0
2024-07-24 23:30:00,737.1984598939295,0.0,286.0,0.0
2024-07-25 00:00:00,681.9245046179597,0.0,266.0,0.0
2024-07-25 00:30:00,739.7303835486533,0.0,246.0,0.0
2024-07-25 01:00:00,732.2577958476027,0.0,277.0,0.0
2024-07-25 01:30:00,731.4715314160001,0.0,266.0,0.0
2024-07-25 02:00:00,726.2821085655743,0.0,271.0,0.0
2024-07-25 02:30:00,828.608854259925,0.0,314.0,0.0
2024-07-25 03:00:00,1034.7084328737762,0.0,406.0,0.0
2024-07-25 03:30:00,925.5743766761781,0.0,349.0,0.0
2024-07-25 04:00:00,751.8073160840622,0.0,296.0,0.0
2024-07-25 04:30:00,697.8113449031202,0.0,303.0,0.0
2024-07-25 05:00:00,776.0689960876226,0.0,302.0,0.0
2024-07-25 05:30:00,740.5210095964727,0.0,293.0,0.0
2024-07-25 06:00:00,742.6709207966916,0.0,295.0,0.0
2024-07-25 06:30:00,789.3775116374521,0.0,282.0,0.0
2024-07-25 07:00:00,703.4617307638166,0.0,283.0,0.0
2024-07-25 07:30:00,709.3709426530304,0.0,290.0,0.0
2024-07-25 08:00:00,836.9963844974426,0.0,286.0,0.0
2024-07-25 08:30:00,692.4433413600931,0.0,269.0,0.0
2024-07-25 09:00:00,719.1594331557169,0.0,278.0,0.0
2024-07-25 09:30:00,711.6547073641884,0.0,253.0,0.0
2024-07-25 10:00:00,748.2413731352532,0.0,276.0,0.0
2024-07-25 10:30:00,661.6782983565588,0.0,241.0,0.0
2024-07-25 11:00:00,658.7674907849106,0.0,249.0,0.0
2024-07-25 11:30:00,672.1625556029273,0.0,260.0,0.0
2024-07-25 12:00:00,618.5266524587123,0.0,239.0,0.0
2024-07-25 12:30:00,732.2470285253594,0.0,263.0,0.0
2024-07-25 13:00:00,659.1833280055719,0.0,250.0,0.0
2024-07-25 13:30:00,691.191159797113,0.0,248.0,0.0
2024-07-25 14:00:00,703.4785082541637,0.0,258.0,0.0
2024-07-25 14:30:00,680.9220060218212,0.0,246.0,0.0
2024-07-25 15:00:00,765.4119053175269,0.0,261.0,0.0
2024-07-25 15:30:00,864.8080370986884,0.0,333.0,0.0
2024-07-25 16:00:00,988.6387935848302,0.0,372.0,0.0
2024-07-25 16:30:00,827.8559388181505,0.0,314.0,0.0
2024-07-25 17:00:00,847.0303622589221,0.0,300.0,0.0
2024-07-25 17:30:00,765.4168894534289,0.0,289.0,0.0
2024-07-25 18:00:00,674.3791899369967,0.0,290.0,0.0
2024-07-25 18:30:00,837.2475887832211,0.0,322.0,0.0
2024-07-25 19:00:00,707.2125962318403,0.0,269.0,0.0
2024-07-25 19:30:00,762.2475992879835,0.0,289.0,0.0
2024-07-25 20:00:00,782.4719218999682,0.0,313.0,0.0
2024-07-25 20:30:00,854.8859710026973,0.0,322.0,0.0
2024-07-25 21:00:00,704.6997886832573,0.0,284.0,0.0
2024-07-25 21:30:00,730.1788515406289,0.0,275.0,0.0
2024-07-25 22:00:00,744.6600003980541,0.0,306.0,0.0
2024-07-25 22:30:00,693.4341121293045,0.0,285.0,0.0
2024-07-25 23:00:00,747.664644567447,0.0,283.0,0.0
2024-07-25 23:30:00,814.8544162379592,0.0,320.0,0.0
2024-07-26 00:00:00,105.00934077282963,0.0,64.0,0.0
2024-07-26 00:30:00,115.16958584307045,0.0,62.0,0.0
2024-07-26 01:00:00,120.30754409522734,0.0,62.99999999999999,0.0
2024-07-26 01:30:00,108.87226340599113,0.0,63.0,0.0
2024-07-26 02:00:00,109.88273755330688,0.0,63.99999999999999,0.0
2024-07-26 02:30:00,108.37795222835832,0.0,60.0,0.0
2024-07-26 03:00:00,117.42079369563616,0.0,61.00000000000001,0.0
2024-07-26 03:30:00,96.65159155718483,0.0,61.00000000000001,0.0
2024-07-26 04:00:00,111.13683124868778,0.0,61.99999999999999,0.0
2024-07-26 04:30:00,105.11425308265899,0.0,62.00000000000001,0.0
2024-07-26 05:00:00,94.44852459306477,0.0,63.0,0.0
2024-07-26 05:30:00,106.1218756185411,0.0,62.99999999999999,0.0
2024-07-26 06:00:00,118.05593164168518,0.0,62.0,0.0
2024-07-26 06:30:00,102.57129916790187,0.0,58.0,0.0
2024-07-26 07:00:00,119.69243702129246,0.0,58.0,0.0
2024-07-26 07:30:00,176.6379360820305,0.0,65.0,0.0
2024-07-26 08:00:00,217.01214446555855,0.0,74.0,0.0
2024-07-26 08:30:00,236.74734103403648,0.0,75.0,0.0
2024-07-26 09:00:00,214.21185372696434,0.0,73.0,0.0
2024-07-26 09:30:00,229.8247590787084,0.0,75.0,0.0
2024-07-26 10:00:00,252.3371285218509,0.0,78.0,0.0
2024-07-26 10:30:00,243.13543065608926,0.0,77.0,0.0
2024-07-26 11:00:00,245.82362752750453,0.0,77.0,0.0
2024-07-26 11:30:00,244.01386986575858,0.0,79.0,0.0
2024-07-26 12:00:00,281.2947459959294,0.0,91.0,0.0
2024-07-26 12:30:00,233.22906465189428,0.0,79.0,0.0
2024-07-26 13:00:00,256.40220368514,0.0,83.0,0.0
2024-07-26 13:30:00,233.8506399259312,0.0,81.0,0.0
2024-07-26 14:00:00,255.26479223440498,0.0,81.0,0.0
2024-07-26 14:30:00,231.34581998416107,0.0,79.0,0.0
2024-07-26 15:00:00,259.9278588037664,0.0,73.0,0.0
2024-07-26 15:30:00,255.4506548922611,0.0,76.0,0.0
2024-07-26 16:00:00,258.32901165194846,0.0,73.0,0.0
2024-07-26 16:30:00,261.50212030857205,0.0,71.0,0.0
2024-07-26 17:00:00,239.78726322144428,0.0,69.0,0.0
2024-07-26 17:30:00,242.18822764127742,0.0,73.0,0.0
2024-07-26 18:00:00,206.94461297540914,0.0,78.0,0.0
2024-07-26 18:30:00,199.5000531383808,0.0,79.0,0.0
2024-07-26 19:00:00,210.24916768823385,0.0,79.0,0.0
2024-07-26 19:30:00,209.67399751818004,0.0,73.0,0.0
2024-07-26 20:00:00,217.1332601067401,0.0,79.0,0.0
2024-07-26 20:30:00,209.62642333209143,0.0,80.0,0.0
2024-07-26 21:00:00,231.2348915421044,0.0,80.0,0.0
2024-07-26 21:30:00,180.48516328897762,0.0,71.0,0.0
2024-07-26 22:00:00,187.18893151471107,0.0,68.0,0.0
2024-07-26 22:30:00,178.88390656987647,0.0,66.0,0.0
2024-07-26 23:00:00,191.86520162512412,0.0,65.0,0.0
2024-07-26 23:30:00,193.09856667635788,0.0,66.0,0.0
2024-07-27 00:00:00,815.5804539934072,0.0,324.0,0.0
2024-07-27 00:30:00,744.2909747346788,0.0,293.0,0.0
2024-07-27 01:00:00,636.6724667507393,0.0,248.00000000000003,0.0
2024-07-27 01:30:00,630.1733714372219,0.0,260.0,0.0
2024-07-27 02:00:00,622.2899369047984,0.0,254.0,0.0
2024-07-27 02:30:00,775.4285091625034,0.0,304.0,0.0
2024-07-27 03:00:00,677.0801645769553,0.0,287.0,0.0
2024-07-27 03:30:00,594.23760396133,0.0,249.0,0.0
2024-07-27 04:00:00,658.0629703808271,0.0,278.0,0.0
2024-07-27 04:30:00,692.5312699847505,0.0,267.0,0.0
2024-07-27 05:00:00,718.2477451209751,0.0,280.0,0.0
2024-07-27 05:30:00,718.3976087488678,0.0,292.0,0.0
2024-07-27 06:00:00,777.8109464833276,0.0,313.0,0.0
2024-07-27 06:30:00,815.2610942322063,0.0,350.0,0.0
2024-07-27 07:00:00,866.3376464199185,0.0,326.0,0.0
2024-07-27 07:30:00,745.3149783626066,0.0,307.0,0.0
2024-07-27 08:00:00,755.052385165968,0.0,320.0,0.0
2024-07-27 08:30:00,682.907766698735,0.0,265.0,0.0
2024-07-27 09:00:00,811.6647719419807,0.0,334.0,0.0
2024-07-27 09:30:00,857.0557892891545,0.0,383.0,0.0
2024-07-27 10:00:00,844.2462297437077,0.0,344.0,0.0
2024-07-27 10:30:00,763.1676292227297,0.0,318.0,0.0
2024-07-27 11:00:00,726.557819517934,0.0,311.0,0.0
2024-07-27 11:30:00,824.2146386956592,0.0,350.0,0.0
2024-07-27 12:00:00,900.1856074606476,0.0,390.0,0.0
2024-07-27 12:30:00,898.0136933687234,0.0,322.0,0.0
2024-07-27 13:00:00,754.3737209057986,0.0,281.0,0.0
2024-07-27 13:30:00,722.4808627194212,0.0,316.0,0.0
2024-07-27 14:00:00,899.7145744368878,0.0,383.0,0.0
2024-07-27 14:30:00,885.0404953923958,0.0,371.0,0.0
2024-07-27 15:00:00,776.8832269805114,0.0,303.0,0.0
2024-07-27 15:30:00,804.683014677541,0.0,311.0,0.0
2024-07-27 16:00:00,779.1456221975895,0.0,344.0,0.0
2024-07-27 16:30:00,923.9275303304004,0.0,364.0,0.0
2024-07-27 17:00:00,876.7400968344497,0.0,373.0,0.0
2024-07-27 17:30:00,708.861654717288,0.0,291.0,0.0
2024-07-27 18:00:00,689.140113285304,0.0,282.0,0.0
2024-07-27 18:30:00,707.6247066781685,0.0,307.0,0.0
2024-07-27 19:00:00,867.7512594857556,0.0,339.0,0.0
2024-07-27 19:30:00,750.5455803883194,0.0,300.0,0.0
2024-07-27 20:00:00,653.8005499328698,0.0,280.0,0.0
2024-07-27 20:30:00,722.6879255753502,0.0,290.0,0.0
2024-07-27 21:00:00,717.6049900641532,0.0,300.0,0.0
2024-07-27 21:30:00,738.8759419640832,0.0,326.0,0.0
2024-07-27 22:00:00,967.7502274221299,0.0,376.0,0.0
2024-07-27 22:30:00,830.1364836223031,0.0,370.0,0.0
2024-07-27 23:00:00,785.2968163800613,0.0,287.0,0.0
2024-07-27 23:30:00,689.4030631179954,0.0,280.0,0.0
2024-07-28 00:00:00,803.3497206948526,0.0,317.0,0.0
2024-07-28 00:30:00,933.9146360988016,0.0,371.0,0.0
2024-07-28 01:00:00,754.5701401915939,0.0,333.0,0.0
2024-07-28 01:30:00,642.7169277411602,0.0,258.0,0.0
2024-07-28 02:00:00,679.1001371123405,0.0,256.0,0.0
2024-07-28 02:30:00,672.0393632163352,0.0,269.0,0.0
2024-07-28 03:00:00,750.2733025020884,0.0,283.0,0.0
2024-07-28 03:30:00,801.6662408572672,0.0,331.0,0.0
2024-07-28 04:00:00,943.1131682382568,0.0,404.0,0.0
2024-07-28 04:30:00,728.3809098877398,0.0,310.0,0.0
2024-07-28 05:00:00,689.1886114371767,0.0,261.0,0.0
2024-07-28 05:30:00,627.8610830693074,0.0,274.0,0.0
2024-07-28 06:00:00,792.9492436667226,0.0,306.0,0.0
2024-07-28 06:30:00,934.3741068633517,0.0,383.0,0.0
2024-07-28 07:00:00,762.0883459726347,0.0,314.0,0.0
2024-07-28 07:30:00,723.8883487731498,0.0,288.0,0.0
2024-07-28 08:00:00,740.1868275480127,0.0,252.0,0.0
2024-07-28 08:30:00,828.1795689250272,0.0,342.0,0.0
2024-07-28 09:00:00,899.7690158908487,0.0,356.0,0.0
2024-07-28 09:30:00,689.7584483102119,0.0,314.0,0.0
2024-07-28 10:00:00,690.7453054400038,0.0,297.0,0.0
2024-07-28 10:30:00,591.1489864367547,0.0,263.0,0.0
2024-07-28 11:00:00,671.6322176126893,0.0,279.0,0.0
2024-07-28 11:30:00,668.0524324032543,0.0,260.0,0.0
2024-07-28 12:00:00,715.5521020249289,0.0,254.0,0.0
2024-07-28 12:30:00,581.9500329977684,0.0,243.0,0.0
2024-07-28 13:00:00,628.3595081338011,0.0,252.0,0.0
2024-07-28 13:30:00,649.3301513782822,0.0,254.0,0.0
2024-07-28 14:00:00,679.495357373733,0.0,289.0,0.0
2024-07-28 14:30:00,707.9525075770702,0.0,302.0,0.0
2024-07-28 15:00:00,536.2279122608713,0.0,223.0,0.0
2024-07-28 15:30:00,531.5226924197954,0.0,245.0,0.0
2024-07-28 16:00:00,547.0054533559538,0.0,246.0,0.0
2024-07-28 16:30:00,751.2765158353692,0.0,336.0,0.0
2024-07-28 17:00:00,647.0653219891486,0.0,268.0,0.0
2024-07-28 17:30:00,579.0977478268189,0.0,218.0,0.0
2024-07-28 18:00:00,555.9376390605657,0.0,248.0,0.0
2024-07-28 18:30:00,555.9802895638484,0.0,227.0,0.0
2024-07-28 19:00:00,634.7462125793281,0.0,267.0,0.0
2024-07-28 19:30:00,808.0692619520577,0.0,316.0,0.0
2024-07-28 20:00:00,704.0496922529137,0.0,301.0,0.0
2024-07-28 20:30:00,609.2139341658574,0.0,272.0,0.0
2024-07-28 21:00:00,624.8280225383294,0.0,260.0,0.0
2024-07-28 21:30:00,772.3971371579095,0.0,327.0,0.0
2024-07-28 22:00:00,807.0911090526228,0.0,313.0,0.0
2024-07-28 22:30:00,690.3388678476094,0.0,279.0,0.0
2024-07-28 23:00:00,618.3291616303475,0.0,261.0,0.0
2024-07-28 23:30:00,568.3397892758157,0.0,253.0,0.0
2024-07-29 00:00:00,836.0354511275823,0.0,316.0,0.0
2024-07-29 00:30:00,889.3114048306815,0.0,346.0,0.0
2024-07-29 01:00:00,731.2647937119227,0.0,281.0,0.0
2024-07-29 01:30:00,701.4903119207906,0.0,279.0,0.0
2024-07-29 02:00:00,764.3831608448603,0.0,294.0,0.0
2024-07-29 02:30:00,740.3149594903992,0.0,305.0,0.0
2024-07-29 03:00:00,728.9276376366382,0.0,294.0,0.0
2024-07-29 03:30:00,811.9561291271937,0.0,343.0,0.0
2024-07-29 04:00:00,935.2336830347934,0.0,382.0,0.0
2024-07-29 04:30:00,861.7470292404573,0.0,322.0,0.0
2024-07-29 05:00:00,809.4316226553441,0.0,334.0,0.0
2024-07-29 05:30:00,657.8096675904528,0.0,279.0,0.0
2024-07-29 06:00:00,772.5816258902773,0.0,300.0,0.0
2024-07-29 06:30:00,784.405487293832,0.0,308.0,0.0
2024-07-29 07:00:00,886.893834079472,0.0,386.0,0.0
2024-07-29 07:30:00,886.4473744155399,0.0,321.0,0.0
2024-07-29 08:00:00,806.9270140055469,0.0,326.0,0.0
2024-07-29 08:30:00,862.9879846739951,0.0,306.0,0.0
2024-07-29 09:00:00,804.6752855805448,0.0,314.0,0.0
2024-07-29 09:30:00,838.1152856170644,0.0,394.0,0.0
2024-07-29 10:00:00,898.7629781462919,0.0,352.0,0.0
2024-07-29 10:30:00,873.7172730182731,0.0,339.0,0.0
2024-07-29 11:00:00,793.3583214964488,0.0,312.0,0.0
2024-07-29 11:30:00,819.0511628971201,0.0,337.0,0.0
2024-07-29 12:00:00,907.232344715665,0.0,365.0,0.0
2024-07-29 12:30:00,815.006822514076,0.0,299.0,0.0
2024-07-29 13:00:00,742.1520856023791,0.0,307.0,0.0
2024-07-29 13:30:00,822.8674020603343,0.0,289.0,0.0
2024-07-29 14:00:00,759.2192131025598,0.0,294.0,0.0
2024-07-29 14:30:00,758.9690797245552,0.0,291.0,0.0
2024-07-29 15:00:00,861.5252020444404,0.0,367.0,0.0
2024-07-29 15:30:00,961.8614459456436,0.0,357.0,0.0
2024-07-29 16:00:00,794.264945056486,0.0,329.0,0.0
2024-07-29 16:30:00,792.0609934614414,0.0,302.0,0.0
2024-07-29 17:00:00,753.0437571113351,0.0,314.0,0.0
2024-07-29 17:30:00,834.9628947632203,0.0,353.0,0.0
2024-07-29 18:00:00,802.541274939688,0.0,339.0,0.0
2024-07-29 18:30:00,774.131030108206,0.0,317.0,0.0
2024-07-29 19:00:00,788.1471201014551,0.0,319.0,0.0
2024-07-29 19:30:00,760.2811509683844,0.0,293.0,0.0
2024-07-29 20:00:00,695.7248746414652,0.0,284.0,0.0
2024-07-29 20:30:00,738.9747423175293,0.0,292.0,0.0
2024-07-29 21:00:00,783.7661429316566,0.0,291.0,0.0
2024-07-29 21:30:00,645.447968738228,0.0,291.0,0.0
2024-07-29 22:00:00,654.27485410818,0.0,259.0,0.0
2024-07-29 22:30:00,589.6970567941576,0.0,247.0,0.0
2024-07-29 23:00:00,686.0538851539185,0.0,294.0,0.0
2024-07-29 23:30:00,807.2898732296528,0.0,329.0,0.0
2024-07-30 00:00:00,884.5308420792637,0.0,352.0,0.0
2024-07-30 00:30:00,842.6794096022466,0.0,356.0,0.0
2024-07-30 01:00:00,771.6428170612184,0.0,310.0,0.0
2024-07-30 01:30:00,711.0462587806868,0.0,296.0,0.0
2024-07-30 02:00:00,711.9631018396548,0.0,313.0,0.0
2024-07-30 02:30:00,817.8221663931727,0.0,362.0,0.0
2024-07-30 03:00:00,842.50445675966,0.0,347.0,0.0
2024-07-30 03:30:00,773.6577392006053,0.0,300.0,0.0
2024-07-30 04:00:00,713.089108135727,0.0,302.0,0.0
2024-07-30 04:30:00,777.6064994120414,0.0,355.0,0.0
2024-07-30 05:00:00,790.5870897417657,0.0,340.0,0.0
2024-07-30 05:30:00,786.8697029046863,0.0,314.0,0.0
2024-07-30 06:00:00,731.8680112433415,0.0,305.0,0.0
2024-07-30 06:30:00,731.5953700223827,0.0,324.0,0.0
2024-07-30 07:00:00,860.1350873057712,0.0,353.0,0.0
2024-07-30 07:30:00,860.7611413289154,0.0,336.0,0.0
2024-07-30 08:00:00,841.4933943470121,0.0,335.0,0.0
2024-07-30 08:30:00,727.9520238755465,0.0,285.0,0.0
2024-07-30 09:00:00,769.9976012607194,0.0,315.0,0.0
2024-07-30 09:30:00,790.6193135854949,0.0,303.0,0.0
2024-07-30 10:00:00,761.1120830225105,0.0,315.0,0.0
2024-07-30 10:30:00,738.7421432530529,0.0,297.0,0.0
2024-07-30 11:00:00,749.0043479787461,0.0,304.0,0.0
2024-07-30 11:30:00,657.8143746693207,0.0,272.0,0.0
2024-07-30 12:00:00,773.048474553969,0.0,306.0,0.0
2024-07-30 12:30:00,833.5526371660876,0.0,341.0,0.0
2024-07-30 13:00:00,726.6222282232206,0.0,278.0,0.0
2024-07-30 13:30:00,589.9886467114028,0.0,253.0,0.0
2024-07-30 14:00:00,695.226411065516,0.0,290.0,0.0
2024-07-30 14:30:00,846.5456150482609,0.0,324.0,0.0
2024-07-30 15:00:00,906.4248718489068,0.0,305.0,0.0
2024-07-30 15:30:00,724.3117599279867,0.0,241.0,0.0
2024-07-30 16:00:00,628.3187646056421,0.0,248.0,0.0
2024-07-30 16:30:00,638.2569031538994,0.0,252.0,0.0
2024-07-30 17:00:00,565.7350302316022,0.0,227.0,0.0
2024-07-30 17:30:00,714.9872120072366,0.0,313.0,0.0
2024-07-30 18:00:00,738.93332588864,0.0,336.0,0.0
2024-07-30 18:30:00,637.1940179186565,0.0,294.0,0.0
2024-07-30 19:00:00,583.6499051140472,0.0,234.0,0.0
2024-07-30 19:30:00,639.4062675052503,0.0,261.0,0.0
2024-07-30 20:00:00,741.7698470596335,0.0,308.0,0.0
2024-07-30 20:30:00,803.6721162020264,0.0,324.0,0.0
2024-07-30 21:00:00,677.8946590301445,0.0,281.0,0.0
2024-07-30 21:30:00,672.8699002742495,0.0,260.0,0.0
2024-07-30 22:00:00,664.550560397516,0.0,253.0,0.0
2024-07-30 22:30:00,795.9067416823956,0.0,347.0,0.0
2024-07-30 23:00:00,745.4266904134927,0.0,316.0,0.0
2024-07-30 23:30:00,701.6440761278575,0.0,253.0,0.0
2024-07-31 00:00:00,647.0432032558512,0.0,283.0,0.0
2024-07-31 00:30:00,682.9205396533806,0.0,269.0,0.0
2024-07-31 01:00:00,660.2478283141525,0.0,280.0,0.0
2024-07-31 01:30:00,854.5904581554848,0.0,353.0,0.0
2024-07-31 02:00:00,837.3710809673788,0.0,336.0,0.0
2024-07-31 02:30:00,608.9171847649818,0.0,276.0,0.0
2024-07-31 03:00:00,690.1343167189438,0.0,275.0,0.0
2024-07-31 03:30:00,651.8066862883578,0.0,268.0,0.0
2024-07-31 04:00:00,682.3756293461753,0.0,283.0,0.0
2024-07-31 04:30:00,590.656796953139,0.0,277.0,0.0
2024-07-31 05:00:00,832.6867614726013,0.0,338.0,0.0
2024-07-31 05:30:00,831.3670352629979,0.0,355.0,0.0
2024-07-31 06:00:00,727.2244473583991,0.0,294.0,0.0
2024-07-31 06:30:00,683.3240305278847,0.0,290.0,0.0
2024-07-31 07:00:00,697.3131105385744,0.0,292.0,0.0
2024-07-31 07:30:00,754.6969979032604,0.0,325.0,0.0
2024-07-31 08:00:00,877.2041847362331,0.0,357.0,0.0
2024-07-31 08:30:00,726.6545355217665,0.0,286.0,0.0
2024-07-31 09:00:00,728.6492626027826,0.0,295.0,0.0
2024-07-31 09:30:00,790.729785708965,0.0,304.0,0.0
2024-07-31 10:00:00,910.7511354849844,0.0,390.0,0.0
2024-07-31 10:30:00,781.0270253344464,0.0,337.0,0.0
2024-07-31 11:00:00,746.3430564640945,0.0,305.0,0.0
2024-07-31 11:30:00,792.4503885770595,0.0,290.0,0.0
2024-07-31 12:00:00,847.1705334849845,0.0,310.0,0.0
2024-07-31 12:30:00,792.7289819584388,0.0,366.0,0.0
2024-07-31 13:00:00,766.9915137510234,0.0,302.0,0.0
2024-07-31 13:30:00,746.2928574339288,0.0,297.0,0.0
2024-07-31 14:00:00,662.5246256428399,0.0,272.0,0.0
2024-07-31 14:30:00,673.9607740278573,0.0,271.0,0.0
2024-07-31 15:00:00,873.9465553602749,0.0,380.0,0.0
2024-07-31 15:30:00,882.2027336622824,0.0,331.0,0.0
2024-07-31 16:00:00,721.6177178508991,0.0,305.0,0.0
2024-07-31 16:30:00,725.4795107424532,0.0,288.0,0.0
2024-07-31 17:00:00,801.709193719721,0.0,350.0,0.0
2024-07-31 17:30:00,851.0986463551122,0.0,374.0,0.0
2024-07-31 18:00:00,761.6806937695527,0.0,291.0,0.0
2024-07-31 18:30:00,602.9851653718348,0.0,266.0,0.0
2024-07-31 19:00:00,607.834409972779,0.0,250.0,0.0
2024-07-31 19:30:00,761.3571975416049,0.0,320.0,0.0
2024-07-31 20:00:00,920.335442866001,0.0,342.0,0.0
2024-07-31 20:30:00,668.1534190608401,0.0,286.0,0.0
2024-07-31 21:00:00,585.763266637084,0.0,289.0,0.0
2024-07-31 21:30:00,639.3631555143189,0.0,289.0,0.0
2024-07-31 22:00:00,737.5657788763741,0.0,302.0,0.0
2024-07-31 22:30:00,709.5270782512711,0.0,267.0,0.0
2024-07-31 23:00:00,771.726164599938,0.0,293.0,0.0
2024-07-31 23:30:00,722.1402826596377,0.0,284.0,0.0
2024-08-01 00:00:00,939.8790644102785,0.0,374.0,0.0
2024-08-01 00:30:00,760.5857007159765,0.0,264.0,0.0
2024-08-01 01:00:00,641.1235896015985,0.0,257.0,0.0
2024-08-01 01:30:00,701.1844212037348,0.0,272.0,0.0
2024-08-01 02:00:00,676.7449058863142,0.0,280.0,0.0
2024-08-01 02:30:00,761.0634341924119,0.0,320.0,0.0
2024-08-01 03:00:00,890.6005900440564,0.0,364.0,0.0
2024-08-01 03:30:00,623.9576063815755,0.0,269.0,0.0
2024-08-01 04:00:00,613.7698250615034,0.0,254.0,0.0
2024-08-01 04:30:00,613.8327122006017,0.0,244.00000000000003,0.0
2024-08-01 05:00:00,626.7906377500792,0.0,254.0,0.0
2024-08-01 05:30:00,748.8843533166635,0.0,338.0,0.0
2024-08-01 06:00:00,764.456134649673,0.0,299.0,0.0
2024-08-01 06:30:00,596.2265210516885,0.0,229.0,0.0
2024-08-01 07:00:00,591.1044828376298,0.0,229.0,0.0
2024-08-01 07:30:00,619.6149433827333,0.0,243.00000000000003,0.0
2024-08-01 08:00:00,595.8942986172879,0.0,220.99999999999997,0.0
2024-08-01 08:30:00,659.94372814154,0.0,240.0,0.0
2024-08-01 09:00:00,733.1861697314132,0.0,317.0,0.0
2024-08-01 09:30:00,723.8834953484691,0.0,303.0,0.0
2024-08-01 10:00:00,679.8439647847255,0.0,285.0,0.0
2024-08-01 10:30:00,669.0891173120744,0.0,267.0,0.0
2024-08-01 11:00:00,629.5227120279753,0.0,263.0,0.0
2024-08-01 11:30:00,595.1638043575108,0.0,232.0,0.0
2024-08-01 12:00:00,699.9220870914813,0.0,266.0,0.0
2024-08-01 12:30:00,589.7932678312291,0.0,221.0,0.0
2024-08-01 13:00:00,582.6878918985107,0.0,236.0,0.0
2024-08-01 13:30:00,675.7548805338669,0.0,244.0,0.0
2024-08-01 14:00:00,565.0092858013709,0.0,200.0,0.0
2024-08-01 14:30:00,612.6677425407717,0.0,205.0,0.0
2024-08-01 15:00:00,577.1203858458181,0.0,233.0,0.0
2024-08-01 15:30:00,552.7074628492142,0.0,208.0,0.0
2024-08-01 16:00:00,576.2609158939135,0.0,217.00000000000003,0.0
2024-08-01 16:30:00,570.5584379656693,0.0,253.0,0.0
2024-08-01 17:00:00,626.2775517105259,0.0,240.0,0.0
2024-08-01 17:30:00,577.7456260059766,0.0,231.99999999999997,0.0
2024-08-01 18:00:00,497.4899680949235,0.0,191.0,0.0
2024-08-01 18:30:00,481.0803916765506,0.0,195.0,0.0
2024-08-01 19:00:00,572.7209341622025,0.0,232.0,0.0
2024-08-01 19:30:00,630.6107681666153,0.0,237.0,0.0
2024-08-01 20:00:00,712.056283609505,0.0,235.0,0.0
2024-08-01 20:30:00,605.2922725980095,0.0,208.99999999999997,0.0
2024-08-01 21:00:00,611.4769402364191,0.0,208.0,0.0
2024-08-01 21:30:00,625.3054382138259,0.0,215.0,0.0
2024-08-01 22:00:00,633.3489503118261,0.0,223.0,0.0
2024-08-01 22:30:00,640.4558039685745,0.0,223.00000000000003,0.0
2024-08-01 23:00:00,589.253929831996,0.0,213.00000000000003,0.0
2024-08-01 23:30:00,721.6669725442671,0.0,231.00000000000003,0.0
2024-08-02 00:00:00,666.7478437024726,0.0,237.0,0.0
2024-08-02 00:30:00,598.8808540156529,0.0,230.0,0.0
2024-08-02 01:00:00,604.5311331469,0.0,234.0,0.0
2024-08-02 01:30:00,578.6564637102389,0.0,217.0,0.0
2024-08-02 02:00:00,571.1932817274266,0.0,225.0,0.0
2024-08-02 02:30:00,561.2089342742522,0.0,230.0,0.0
2024-08-02 03:00:00,602.8159903988031,0.0,239.99999999999997,0.0
2024-08-02 03:30:00,654.692162083221,0.0,240.0,0.0
2024-08-02 04:00:00,646.8688692094408,0.0,258.0,0.0
2024-08-02 04:30:00,787.3059665661897,0.0,290.0,0.0
2024-08-02 05:00:00,699.5354879974903,0.0,260.0,0.0
2024-08-02 05:30:00,707.5842107990079,0.0,270.0,0.0
2024-08-02 06:00:00,772.2824493074596,0.0,267.0,0.0
2024-08-02 06:30:00,596.8467978970436,0.0,254.0,0.0
2024-08-02 07:00:00,550.4906703296289,0.0,223.0,0.0
2024-08-02 07:30:00,561.6978382869285,0.0,223.0,0.0
2024-08-02 08:00:00,620.784214659054,0.0,214.0,0.0
2024-08-02 08:30:00,683.4859483634071,0.0,261.0,0.0
2024-08-02 09:00:00,701.7128141385901,0.0,279.0,0.0
2024-08-02 09:30:00,676.1816153688519,0.0,241.99999999999997,0.0
2024-08-02 10:00:00,718.1241302328913,0.0,265.0,0.0
2024-08-02 10:30:00,775.9804219331929,0.0,262.0,0.0
2024-08-02 11:00:00,678.8010387420843,0.0,240.0,0.0
2024-08-02 11:30:00,651.6695992425053,0.0,234.0,0.0
2024-08-02 12:00:00,709.0269197592654,0.0,248.0,0.0
2024-08-02 12:30:00,650.5005496388948,0.0,251.0,0.0
2024-08-02 13:00:00,731.1291694813654,0.0,259.0,0.0
2024-08-02 13:30:00,717.4072550750376,0.0,280.0,0.0
2024-08-02 14:00:00,887.3073116979896,0.0,310.0,0.0
2024-08-02 14:30:00,899.4536937326943,0.0,347.0,0.0
2024-08-02 15:00:00,807.5005484562125,0.0,301.0,0.0
2024-08-02 15:30:00,785.4073676784891,0.0,311.0,0.0
2024-08-02 16:00:00,789.940545558541,0.0,292.0,0.0
2024-08-02 16:30:00,665.4264919860468,0.0,252.0,0.0
2024-08-02 17:00:00,664.1966282246663,0.0,269.0,0.0
2024-08-02 17:30:00,767.491932336702,0.0,289.0,0.0
2024-08-02 18:00:00,707.7071637899346,0.0,258.0,0.0
2024-08-02 18:30:00,772.4113941017656,0.0,285.0,0.0
2024-08-02 19:00:00,666.7177483391459,0.0,257.0,0.0
2024-08-02 19:30:00,613.78686209779,0.0,234.0,0.0
2024-08-02 20:00:00,652.1190190233403,0.0,252.0,0.0
2024-08-02 20:30:00,718.7492532161212,0.0,272.0,0.0
2024-08-02 21:00:00,716.6683717537912,0.0,269.0,0.0
2024-08-02 21:30:00,829.4549766340854,0.0,317.0,0.0
2024-08-02 22:00:00,863.3083213210407,0.0,353.0,0.0
2024-08-02 22:30:00,868.7686136970746,0.0,341.0,0.0
2024-08-02 23:00:00,743.2785843860037,0.0,285.0,0.0
2024-08-02 23:30:00,784.3061309208143,0.0,310.0,0.0
2024-08-03 00:00:00,865.0960184962967,0.0,355.0,0.0
2024-08-03 00:30:00,817.6782321830595,0.0,295.0,0.0
2024-08-03 01:00:00,903.891287920963,0.0,317.0,0.0
2024-08-03 01:30:00,870.4349580535186,0.0,313.0,0.0
2024-08-03 02:00:00,761.3560741893418,0.0,273.0,0.0
2024-08-03 02:30:00,912.9059083782469,0.0,341.0,0.0
2024-08-03 03:00:00,724.9392934969437,0.0,286.0,0.0
2024-08-03 03:30:00,764.7031012212725,0.0,292.0,0.0
2024-08-03 04:00:00,845.5387424091875,0.0,282.0,0.0
2024-08-03 04:30:00,705.4422188085467,0.0,262.0,0.0
2024-08-03 05:00:00,639.9437897917485,0.0,240.0,0.0
2024-08-03 05:30:00,869.7897691843541,0.0,312.0,0.0
2024-08-03 06:00:00,986.9902015694552,0.0,350.0,0.0
2024-08-03 06:30:00,633.9152981306598,0.0,244.0,0.0
2024-08-03 07:00:00,609.0318922585593,0.0,228.0,0.0
2024-08-03 07:30:00,607.5801228422155,0.0,221.00000000000003,0.0
2024-08-03 08:00:00,830.1024224073458,0.0,282.0,0.0
2024-08-03 08:30:00,849.1912479524171,0.0,268.0,0.0
2024-08-03 09:00:00,654.9473850066306,0.0,229.00000000000003,0.0
2024-08-03 09:30:00,749.6743150805864,0.0,234.0,0.0
2024-08-03 10:00:00,729.9311601508306,0.0,249.99999999999997,0.0
2024-08-03 10:30:00,809.570053054892,0.0,240.0,0.0
2024-08-03 11:00:00,732.6360851977606,0.0,246.99999999999997,0.0
2024-08-03 11:30:00,716.6303499819287,0.0,248.0,0.0
2024-08-03 12:00:00,966.4149254473654,0.0,347.0,0.0
2024-08-03 12:30:00,818.2893221640859,0.0,299.0,0.0
2024-08-03 13:00:00,656.4078369913032,0.0,264.0,0.0
2024-08-03 13:30:00,735.6453966818871,0.0,263.0,0.0
2024-08-03 14:00:00,817.6263690612252,0.0,306.0,0.0
2024-08-03 14:30:00,935.0366422739119,0.0,375.0,0.0
2024-08-03 15:00:00,791.6783849446547,0.0,292.0,0.0
2024-08-03 15:30:00,648.4353613883488,0.0,270.0,0.0
2024-08-03 16:00:00,750.6987105838958,0.0,273.0,0.0
2024-08-03 16:30:00,838.327797222554,0.0,311.0,0.0
2024-08-03 17:00:00,1001.3730285182667,0.0,371.0,0.0
2024-08-03 17:30:00,742.2833444638998,0.0,284.0,0.0
2024-08-03 18:00:00,717.0403923474578,0.0,268.0,0.0
2024-08-03 18:30:00,706.5891665695026,0.0,276.0,0.0
2024-08-03 19:00:00,956.2568890136447,0.0,359.0,0.0
2024-08-03 19:30:00,954.4239254848562,0.0,349.0,0.0
2024-08-03 20:00:00,707.1873443182187,0.0,264.0,0.0
2024-08-03 20:30:00,752.4991359165018,0.0,270.0,0.0
2024-08-03 21:00:00,740.9005392383269,0.0,258.0,0.0
2024-08-03 21:30:00,788.988169637745,0.0,293.0,0.0
2024-08-03 22:00:00,1084.0127821103952,0.0,363.0,0.0
2024-08-03 22:30:00,950.0290792257961,0.0,351.0,0.0
2024-08-03 23:00:00,734.2041090447625,0.0,272.0,0.0
2024-08-03 23:30:00,761.8234169413995,0.0,298.0,0.0
2024-08-04 00:00:00,677.3468038457137,0.0,317.0,0.0
2024-08-04 00:30:00,933.0294615068826,0.0,371.0,0.0
2024-08-04 01:00:00,839.2964133320728,0.0,333.0,0.0
2024-08-04 01:30:00,689.2118215501016,0.0,258.0,0.0
2024-08-04 02:00:00,662.4274769742782,0.0,256.0,0.0
2024-08-04 02:30:00,633.0746210685783,0.0,269.0,0.0
2024-08-04 03:00:00,711.5922952035967,0.0,283.0,0.0
2024-08-04 03:30:00,731.8203507544354,0.0,331.0,0.0
2024-08-04 04:00:00,924.9884008276028,0.0,404.0,0.0
2024-08-04 04:30:00,781.2568093664211,0.0,310.0,0.0
2024-08-04 05:00:00,715.8007437305873,0.0,261.0,0.0
2024-08-04 05:30:00,649.5246199545106,0.0,274.0,0.0
2024-08-04 06:00:00,806.3008145455752,0.0,306.0,0.0
2024-08-04 06:30:00,967.8703014319209,0.0,383.0,0.0
2024-08-04 07:00:00,785.5047811656574,0.0,314.0,0.0
2024-08-04 07:30:00,663.8196595278789,0.0,288.0,0.0
2024-08-04 08:00:00,623.6547819314178,0.0,251.99999999999997,0.0
2024-08-04 08:30:00,857.0694810889696,0.0,342.0,0.0
2024-08-04 09:00:00,851.7395067597539,0.0,356.0,0.0
2024-08-04 09:30:00,754.6547035544186,0.0,314.0,0.0
2024-08-04 10:00:00,671.0194578662343,0.0,297.0,0.0
2024-08-04 10:30:00,616.5836387509821,0.0,263.0,0.0
2024-08-04 11:00:00,686.223437702451,0.0,279.0,0.0
2024-08-04 11:30:00,650.1076627880138,0.0,260.0,0.0
2024-08-04 12:00:00,663.2834322801758,0.0,254.0,0.0
2024-08-04 12:30:00,677.4906935422792,0.0,243.0,0.0
2024-08-04 13:00:00,647.3925571224312,0.0,252.0,0.0
2024-08-04 13:30:00,619.8061892474867,0.0,254.0,0.0
2024-08-04 14:00:00,701.7449503470983,0.0,289.0,0.0
2024-08-04 14:30:00,660.0919297072795,0.0,302.0,0.0
2024-08-04 15:00:00,576.1509837865361,0.0,223.0,0.0
2024-08-04 15:30:00,567.5423937479874,0.0,245.0,0.0
2024-08-04 16:00:00,880.1214758988425,0.0,245.99999999999997,0.0
2024-08-04 16:30:00,1118.5325233639633,0.0,336.0,0.0
2024-08-04 17:00:00,943.1483990202231,0.0,268.0,0.0
2024-08-04 17:30:00,611.4116613562157,0.0,218.0,0.0
2024-08-04 18:00:00,575.9084531236635,0.0,248.0,0.0
2024-08-04 18:30:00,582.389226941691,0.0,227.0,0.0
2024-08-04 19:00:00,645.6564767262905,0.0,267.0,0.0
2024-08-04 19:30:00,836.9268177369692,0.0,316.0,0.0
2024-08-04 20:00:00,716.5720990971995,0.0,301.0,0.0
2024-08-04 20:30:00,703.2640091196847,0.0,272.0,0.0
2024-08-04 21:00:00,691.6974677526807,0.0,260.0,0.0
2024-08-04 21:30:00,772.878437799491,0.0,327.0,0.0
2024-08-04 22:00:00,872.2932665213716,0.0,313.0,0.0
2024-08-04 22:30:00,663.757543340713,0.0,279.0,0.0
2024-08-04 23:00:00,583.6659968172728,0.0,261.0,0.0
2024-08-04 23:30:00,629.2574577608336,0.0,253.0,0.0
2024-08-05 00:00:00,901.6405668407172,0.0,353.0,0.0
2024-08-05 00:30:00,792.0174931922501,0.0,286.0,0.0
2024-08-05 01:00:00,621.5319213994821,0.0,274.0,0.0
2024-08-05 01:30:00,844.5377337989548,0.0,345.0,0.0
2024-08-05 02:00:00,860.2776663381998,0.0,363.0,0.0
2024-08-05 02:30:00,695.528283612403,0.0,300.0,0.0
2024-08-05 03:00:00,723.6248838908207,0.0,289.0,0.0
2024-08-05 03:30:00,620.6816670324909,0.0,268.0,0.0
2024-08-05 04:00:00,745.4190312069671,0.0,284.0,0.0
2024-08-05 04:30:00,710.4119991375031,0.0,275.0,0.0
2024-08-05 05:00:00,658.7155676341357,0.0,307.0,0.0
2024-08-05 05:30:00,642.6035070679956,0.0,284.0,0.0
2024-08-05 06:00:00,619.6046477520615,0.0,298.0,0.0
2024-08-05 06:30:00,610.4248135970774,0.0,268.0,0.0
2024-08-05 07:00:00,743.5493598630655,0.0,338.0,0.0
2024-08-05 07:30:00,808.6040453479284,0.0,342.0,0.0
2024-08-05 08:00:00,715.2379743954591,0.0,259.0,0.0
2024-08-05 08:30:00,703.155593525023,0.0,263.0,0.0
2024-08-05 09:00:00,776.1767166358915,0.0,332.0,0.0
2024-08-05 09:30:00,1027.5134851812566,0.0,430.0,0.0
2024-08-05 10:00:00,837.9161086258121,0.0,291.0,0.0
2024-08-05 10:30:00,770.3628001620411,0.0,268.0,0.0
2024-08-05 11:00:00,740.9732044586569,0.0,281.0,0.0
2024-08-05 11:30:00,772.5966099616109,0.0,300.0,0.0
2024-08-05 12:00:00,902.3838237629537,0.0,389.0,0.0
2024-08-05 12:30:00,1021.2982836388101,0.0,424.0,0.0
2024-08-05 13:00:00,901.0804604161309,0.0,352.0,0.0
2024-08-05 13:30:00,817.367968834819,0.0,310.0,0.0
2024-08-05 14:00:00,750.0180831906059,0.0,296.0,0.0
2024-08-05 14:30:00,816.7927313349568,0.0,278.0,0.0
2024-08-05 15:00:00,942.6409701180172,0.0,382.0,0.0
2024-08-05 15:30:00,1158.2394788939896,0.0,415.0,0.0
2024-08-05 16:00:00,915.2110421157178,0.0,373.0,0.0
2024-08-05 16:30:00,814.6861572349543,0.0,321.0,0.0
2024-08-05 17:00:00,847.6032490544774,0.0,308.0,0.0
2024-08-05 17:30:00,900.1314402934747,0.0,357.0,0.0
2024-08-05 18:00:00,908.7964531922493,0.0,359.0,0.0
2024-08-05 18:30:00,732.0985724426262,0.0,292.0,0.0
2024-08-05 19:00:00,740.0126281064416,0.0,270.0,0.0
2024-08-05 19:30:00,666.8547584588665,0.0,270.0,0.0
2024-08-05 20:00:00,864.680028410181,0.0,347.0,0.0
2024-08-05 20:30:00,894.2721133947188,0.0,369.0,0.0
2024-08-05 21:00:00,776.9544211179525,0.0,311.0,0.0
2024-08-05 21:30:00,642.3232700160015,0.0,267.0,0.0
2024-08-05 22:00:00,804.4011218599287,0.0,300.0,0.0
2024-08-05 22:30:00,869.0391395120171,0.0,342.0,0.0
2024-08-05 23:00:00,874.6817802129636,0.0,367.0,0.0
2024-08-05 23:30:00,810.7476408958854,0.0,285.0,0.0
2024-08-06 00:00:00,93.03016655122167,0.0,55.0,0.0
2024-08-06 00:30:00,94.74150054162357,0.0,53.04255319148936,0.0
2024-08-06 01:00:00,92.09322351928193,0.0,53.0,0.0
2024-08-06 01:30:00,95.4241311594308,0.0,53.93617021276595,0.0
2024-08-06 02:00:00,103.14547172037562,0.0,53.99999999999999,0.0
2024-08-06 02:30:00,105.80917434541323,0.0,50.42553191489362,0.0
2024-08-06 03:00:00,101.0303801288646,0.0,51.744680851063826,0.0
2024-08-06 03:30:00,100.500891486203,0.0,52.0,0.0
2024-08-06 04:00:00,103.0010155446458,0.0,52.82978723404256,0.0
2024-08-06 04:30:00,96.0403955171033,0.0,53.808510638297875,0.0
2024-08-06 05:00:00,102.3076998935411,0.0,53.212765957446805,0.0
2024-08-06 05:30:00,98.61835857092768,0.0,53.0,0.0
2024-08-06 06:00:00,94.01284619685856,0.0,50.765957446808514,0.0
2024-08-06 06:30:00,94.44593274088928,0.0,50.00000000000001,0.0
2024-08-06 07:00:00,82.41395992084065,0.0,46.489361702127674,0.0
2024-08-06 07:30:00,82.6156937175509,0.0,40.91489361702128,0.0
2024-08-06 08:00:00,70.91559769223579,0.0,38.340425531914896,0.0
2024-08-06 08:30:00,69.68518936321445,0.0,37.361702127659576,0.0
2024-08-06 09:00:00,75.57249294725209,0.0,38.234042553191486,0.0
2024-08-06 09:30:00,70.88609593828411,0.0,37.21276595744681,0.0
2024-08-06 10:00:00,74.86740367355009,0.0,36.57446808510638,0.0
2024-08-06 10:30:00,75.54355265538334,0.0,35.8936170212766,0.0
2024-08-06 11:00:00,77.26586699097501,0.0,36.06382978723404,0.0
2024-08-06 11:30:00,73.51831999230949,0.0,37.51063829787234,0.0
2024-08-06 12:00:00,79.93746011299059,0.0,37.51063829787234,0.0
2024-08-06 12:30:00,76.15867522051725,0.0,37.0,0.0
2024-08-06 13:00:00,78.6529100522603,0.0,37.4468085106383,0.0
2024-08-06 13:30:00,72.88260005634143,0.0,38.42553191489361,0.0
2024-08-06 14:00:00,78.05479391735649,0.0,39.0,0.0
2024-08-06 14:30:00,83.7647877920969,0.0,39.0,0.0
2024-08-06 15:00:00,81.28040850089052,0.0,38.63829787234043,0.0
2024-08-06 15:30:00,74.09630187650136,0.0,38.0,0.0
2024-08-06 16:00:00,74.72989200582164,0.0,38.31914893617021,0.0
2024-08-06 16:30:00,73.39904007098042,0.0,39.59574468085106,0.0
2024-08-06 17:00:00,74.53495668276672,0.0,41.0,0.0
2024-08-06 17:30:00,72.80365388115425,0.0,41.25531914893617,0.0
2024-08-06 18:00:00,76.7473562050218,0.0,42.0,0.0
2024-08-06 18:30:00,80.26510338365446,0.0,42.851063829787215,0.0
2024-08-06 19:00:00,79.93990368786211,0.0,45.61702127659575,0.0
2024-08-06 19:30:00,85.29184268507953,0.0,43.82978723404256,0.0
2024-08-06 20:00:00,85.03586490972751,0.0,43.29787234042553,0.0
2024-08-06 20:30:00,92.3477507567898,0.0,45.0,0.0
2024-08-06 21:00:00,85.14275063104421,0.0,45.531914893617014,0.0
2024-08-06 21:30:00,86.60932527014457,0.0,50.25531914893617,0.0
2024-08-06 22:00:00,89.99517349445101,0.0,53.06382978723404,0.0
2024-08-06 22:30:00,90.34490812546917,0.0,53.95744680851064,0.0
2024-08-06 23:00:00,96.36748867921233,0.0,53.02127659574468,0.0
2024-08-06 23:30:00,95.23227884239168,0.0,54.0,0.0
2024-08-07 00:00:00,700.7652045494262,0.0,280.0,0.0
2024-08-07 00:30:00,652.3536063314386,0.0,270.0,0.0
2024-08-07 01:00:00,766.0476118079807,0.0,345.0,0.0
2024-08-07 01:30:00,801.1472751636556,0.0,308.0,0.0
2024-08-07 02:00:00,656.5702286729104,0.0,277.0,0.0
2024-08-07 02:30:00,661.5443701475099,0.0,285.0,0.0
2024-08-07 03:00:00,618.559978589006,0.0,288.0,0.0
2024-08-07 03:30:00,722.1764548835331,0.0,311.0,0.0
2024-08-07 04:00:00,832.4407740490686,0.0,308.0,0.0
2024-08-07 04:30:00,726.0237582782646,0.0,299.0,0.0
2024-08-07 05:00:00,738.361241350481,0.0,295.0,0.0
2024-08-07 05:30:00,686.49459518004,0.0,278.0,0.0
2024-08-07 06:00:00,717.5335668307296,0.0,277.0,0.0
2024-08-07 06:30:00,759.119890095067,0.0,291.0,0.0
2024-08-07 07:00:00,630.8781984367596,0.0,274.0,0.0
2024-08-07 07:30:00,683.5846763537868,0.0,302.0,0.0
2024-08-07 08:00:00,769.4998298247707,0.0,301.0,0.0
2024-08-07 08:30:00,750.5819255483195,0.0,295.0,0.0
2024-08-07 09:00:00,642.4613023297755,0.0,246.0,0.0
2024-08-07 09:30:00,670.8737803426815,0.0,280.0,0.0
2024-08-07 10:00:00,693.7031546076494,0.0,290.0,0.0
2024-08-07 10:30:00,781.7852296582362,0.0,280.0,0.0
2024-08-07 11:00:00,596.6584844978191,0.0,236.0,0.0
2024-08-07 11:30:00,625.618561096242,0.0,221.0,0.0
2024-08-07 12:00:00,651.0695696799414,0.0,244.0,0.0
2024-08-07 12:30:00,554.2874898761113,0.0,232.0,0.0
2024-08-07 13:00:00,578.7570802768334,0.0,215.0,0.0
2024-08-07 13:30:00,678.507513597391,0.0,280.0,0.0
2024-08-07 14:00:00,863.1572889882373,0.0,327.0,0.0
2024-08-07 14:30:00,824.054435498777,0.0,346.0,0.0
2024-08-07 15:00:00,704.8506343848171,0.0,275.0,0.0
2024-08-07 15:30:00,658.17934941647,0.0,279.0,0.0
2024-08-07 16:00:00,925.699277510167,0.0,335.0,0.0
2024-08-07 16:30:00,891.5825805800272,0.0,378.0,0.0
2024-08-07 17:00:00,761.086905314841,0.0,296.0,0.0
2024-08-07 17:30:00,634.161555953148,0.0,247.00000000000003,0.0
2024-08-07 18:00:00,653.2059961835353,0.0,268.0,0.0
2024-08-07 18:30:00,878.3918770784672,0.0,334.0,0.0
2024-08-07 19:00:00,724.8862976615322,0.0,342.0,0.0
2024-08-07 19:30:00,773.5898283664973,0.0,302.0,0.0
2024-08-07 20:00:00,644.8775519455038,0.0,267.0,0.0
2024-08-07 20:30:00,745.5113260798115,0.0,293.0,0.0
2024-08-07 21:00:00,852.1755481942633,0.0,358.0,0.0
2024-08-07 21:30:00,769.9538196876209,0.0,311.0,0.0
2024-08-07 22:00:00,695.8509267144304,0.0,273.0,0.0
2024-08-07 22:30:00,615.2091153332743,0.0,271.0,0.0
2024-08-07 23:00:00,672.6197585728381,0.0,269.0,0.0
2024-08-07 23:30:00,828.5624923858355,0.0,336.0,0.0
2024-08-08 00:00:00,664.2089676690864,0.0,266.0,0.0
2024-08-08 00:30:00,632.2600627989547,0.0,245.99999999999997,0.0
2024-08-08 01:00:00,736.7825200333453,0.0,277.0,0.0
2024-08-08 01:30:00,747.9588303281095,0.0,266.0,0.0
2024-08-08 02:00:00,738.7488068008279,0.0,271.0,0.0
2024-08-08 02:30:00,818.9395376046355,0.0,314.0,0.0
2024-08-08 03:00:00,940.0310885295802,0.0,406.0,0.0
2024-08-08 03:30:00,942.3987308812615,0.0,349.0,0.0
2024-08-08 04:00:00,736.6931224461837,0.0,296.0,0.0
2024-08-08 04:30:00,771.8566527684583,0.0,303.0,0.0
2024-08-08 05:00:00,849.1246032969101,0.0,302.0,0.0
2024-08-08 05:30:00,723.6716091015132,0.0,293.0,0.0
2024-08-08 06:00:00,655.0382905580818,0.0,295.0,0.0
2024-08-08 06:30:00,709.2449813342696,0.0,282.0,0.0
2024-08-08 07:00:00,755.3819398022395,0.0,283.0,0.0
2024-08-08 07:30:00,771.1367818468083,0.0,290.0,0.0
2024-08-08 08:00:00,763.5280382402025,0.0,286.0,0.0
2024-08-08 08:30:00,699.3246771320055,0.0,269.0,0.0
2024-08-08 09:00:00,789.5089728723304,0.0,278.0,0.0
2024-08-08 09:30:00,644.6467418174828,0.0,253.00000000000003,0.0
2024-08-08 10:00:00,769.2159436832709,0.0,276.0,0.0
2024-08-08 10:30:00,639.3710263552385,0.0,241.0,0.0
2024-08-08 11:00:00,659.0073309286881,0.0,249.0,0.0
2024-08-08 11:30:00,701.6494509674126,0.0,260.0,0.0
2024-08-08 12:00:00,672.7559376452023,0.0,239.0,0.0
2024-08-08 12:30:00,751.297206752645,0.0,263.0,0.0
2024-08-08 13:00:00,718.1189750718057,0.0,250.0,0.0
2024-08-08 13:30:00,693.6717695013809,0.0,248.0,0.0
2024-08-08 14:00:00,724.634753702734,0.0,258.0,0.0
2024-08-08 14:30:00,646.1633072827498,0.0,246.0,0.0
2024-08-08 15:00:00,739.0284613796026,0.0,261.0,0.0
2024-08-08 15:30:00,839.892127063848,0.0,333.0,0.0
2024-08-08 16:00:00,1074.6853340710918,0.0,372.0,0.0
2024-08-08 16:30:00,793.3085959473914,0.0,314.0,0.0
2024-08-08 17:00:00,829.8633568129269,0.0,300.0,0.0
2024-08-08 17:30:00,767.7337034291605,0.0,289.0,0.0
2024-08-08 18:00:00,763.4428224831582,0.0,290.0,0.0
2024-08-08 18:30:00,863.0422746304997,0.0,322.0,0.0
2024-08-08 19:00:00,697.9652908533259,0.0,269.0,0.0
2024-08-08 19:30:00,739.9001772641961,0.0,289.0,0.0
2024-08-08 20:00:00,878.9601328729899,0.0,313.0,0.0
2024-08-08 20:30:00,956.6178135356,0.0,322.0,0.0
2024-08-08 21:00:00,805.7354237986672,0.0,284.0,0.0
2024-08-08 21:30:00,706.0823643815723,0.0,275.0,0.0
2024-08-08 22:00:00,806.8574967349065,0.0,306.0,0.0
2024-08-08 22:30:00,736.1155306684759,0.0,285.0,0.0
2024-08-08 23:00:00,740.8253152485777,0.0,283.0,0.0
2024-08-08 23:30:00,813.6621100581617,0.0,320.0,0.0
2024-08-09 00:00:00,976.6988728782627,0.0,385.0,0.0
2024-08-09 00:30:00,701.9172646866035,0.0,288.0,0.0
2024-08-09 01:00:00,824.2753810084928,0.0,325.0,0.0
2024-08-09 01:30:00,852.5949781676541,0.0,347.0,0.0
2024-08-09 02:00:00,1011.5440258709497,0.0,387.0,0.0
2024-08-09 02:30:00,773.0879393807008,0.0,347.0,0.0
2024-08-09 03:00:00,714.1145764556388,0.0,322.0,0.0
2024-08-09 03:30:00,808.3247414603438,0.0,309.0,0.0
2024-08-09 04:00:00,970.5900892642275,0.0,334.0,0.0
2024-08-09 04:30:00,1022.5591326691416,0.0,417.0,0.0
2024-08-09 05:00:00,880.8378575306175,0.0,333.0,0.0
2024-08-09 05:30:00,757.8641483988883,0.0,321.0,0.0
2024-08-09 06:00:00,736.4903428361612,0.0,341.0,0.0
2024-08-09 06:30:00,837.3295327861956,0.0,349.0,0.0
2024-08-09 07:00:00,932.0317577563908,0.0,430.0,0.0
2024-08-09 07:30:00,805.8967916819865,0.0,347.0,0.0
2024-08-09 08:00:00,751.6243534648753,0.0,337.0,0.0
2024-08-09 08:30:00,819.4375809082313,0.0,320.0,0.0
2024-08-09 09:00:00,907.2281198132381,0.0,386.0,0.0
2024-08-09 09:30:00,1004.640887833221,0.0,430.0,0.0
2024-08-09 10:00:00,823.5252345620154,0.0,340.0,0.0
2024-08-09 10:30:00,771.0333535755113,0.0,335.0,0.0
2024-08-09 11:00:00,721.6002738165582,0.0,281.0,0.0
2024-08-09 11:30:00,760.0475046169458,0.0,306.0,0.0
2024-08-09 12:00:00,713.1450294560129,0.0,292.0,0.0
2024-08-09 12:30:00,799.4053692523045,0.0,326.0,0.0
2024-08-09 13:00:00,717.8509078185011,0.0,292.0,0.0
2024-08-09 13:30:00,810.1842448597513,0.0,297.0,0.0
2024-08-09 14:00:00,769.2079527114848,0.0,291.0,0.0
2024-08-09 14:30:00,636.3342779651589,0.0,251.99999999999997,0.0
2024-08-09 15:00:00,789.8292190983547,0.0,329.0,0.0
2024-08-09 15:30:00,908.4471289669289,0.0,345.0,0.0
2024-08-09 16:00:00,645.0374263252407,0.0,271.0,0.0
2024-08-09 16:30:00,656.3078730857555,0.0,265.0,0.0
2024-08-09 17:00:00,729.0463308488786,0.0,289.0,0.0
2024-08-09 17:30:00,821.863270803713,0.0,302.0,0.0
2024-08-09 18:00:00,733.8637855166426,0.0,276.0,0.0
2024-08-09 18:30:00,580.8382876242672,0.0,240.99999999999997,0.0
2024-08-09 19:00:00,566.9663534880949,0.0,239.0,0.0
2024-08-09 19:30:00,566.3548765293273,0.0,233.0,0.0
2024-08-09 20:00:00,581.780391688149,0.0,244.0,0.0
2024-08-09 20:30:00,596.4060476773254,0.0,248.0,0.0
2024-08-09 21:00:00,692.2910146330076,0.0,248.0,0.0
2024-08-09 21:30:00,677.9388992910618,0.0,266.0,0.0
2024-08-09 22:00:00,632.2521191977828,0.0,271.0,0.0
2024-08-09 22:30:00,695.2267909889711,0.0,282.0,0.0
2024-08-09 23:00:00,830.0124792001956,0.0,318.0,0.0
2024-08-09 23:30:00,764.0089452337444,0.0,330.0,0.0
2024-08-10 00:00:00,1177.2040230554715,0.0,435.0,0.0
2024-08-10 00:30:00,1186.030250576975,0.0,435.0,0.0
2024-08-10 01:00:00,1292.1825304233942,0.0,536.0,0.0
2024-08-10 01:30:00,1521.1441978721655,0.0,553.0,0.0
2024-08-10 02:00:00,1265.8340634965937,0.0,545.0,0.0
2024-08-10 02:30:00,1151.255689308693,0.0,519.0,0.0
2024-08-10 03:00:00,967.8804693424902,0.0,399.0,0.0
2024-08-10 03:30:00,1045.4666231364827,0.0,382.0,0.0
2024-08-10 04:00:00,1139.7880122645074,0.0,439.0,0.0
2024-08-10 04:30:00,1207.5621724189227,0.0,467.0,0.0
2024-08-10 05:00:00,1239.504604828856,0.0,453.0,0.0
2024-08-10 05:30:00,1440.2050739587087,0.0,552.0,0.0
2024-08-10 06:00:00,1091.387235466397,0.0,458.0,0.0
2024-08-10 06:30:00,1049.2225047524976,0.0,427.0,0.0
2024-08-10 07:00:00,1077.9114805829379,0.0,426.0,0.0
2024-08-10 07:30:00,1089.2628912283171,0.0,417.0,0.0
2024-08-10 08:00:00,1187.453808515589,0.0,523.0,0.0
2024-08-10 08:30:00,1519.3830593950966,0.0,626.0,0.0
2024-08-10 09:00:00,1659.0944201656162,0.0,640.0,0.0
2024-08-10 09:30:00,1195.2184072877799,0.0,502.99999999999994,0.0
2024-08-10 10:00:00,1082.338263258578,0.0,450.0,0.0
2024-08-10 10:30:00,1136.2026016070351,0.0,465.0,0.0
2024-08-10 11:00:00,1344.1134872335501,0.0,555.0,0.0
2024-08-10 11:30:00,1461.6600123467638,0.0,623.0,0.0
2024-08-10 12:00:00,1535.8319475685985,0.0,574.0,0.0
2024-08-10 12:30:00,1073.7706001406927,0.0,430.0,0.0
2024-08-10 13:00:00,1147.5375463265573,0.0,474.0,0.0
2024-08-10 13:30:00,1331.0373564349604,0.0,548.0,0.0
2024-08-10 14:00:00,1385.6912108308388,0.0,551.0,0.0
2024-08-10 14:30:00,1396.3912350871724,0.0,552.0,0.0
2024-08-10 15:00:00,1447.0891989640677,0.0,569.0,0.0
2024-08-10 15:30:00,1153.7099317453137,0.0,501.0,0.0
2024-08-10 16:00:00,1301.9962473579492,0.0,556.0,0.0
2024-08-10 16:30:00,1271.4822786892917,0.0,492.99999999999994,0.0
2024-08-10 17:00:00,1125.3751200525185,0.0,445.00000000000006,0.0
2024-08-10 17:30:00,1295.2873323372858,0.0,516.0,0.0
2024-08-10 18:00:00,1492.5935299893267,0.0,592.0,0.0
2024-08-10 18:30:00,1468.4149690274853,0.0,591.0,0.0
2024-08-10 19:00:00,1279.4565320050024,0.0,528.0,0.0
2024-08-10 19:30:00,1162.8900148603796,0.0,468.0,0.0
2024-08-10 20:00:00,1026.8774805088951,0.0,424.0,0.0
2024-08-10 20:30:00,1298.6281738874623,0.0,450.00000000000006,0.0
2024-08-10 21:00:00,1327.29059062363,0.0,545.0,0.0
2024-08-10 21:30:00,1486.8430202292056,0.0,592.0,0.0
2024-08-10 22:00:00,1487.3256538214894,0.0,587.0,0.0
2024-08-10 22:30:00,1303.7598374471822,0.0,549.0,0.0
2024-08-10 23:00:00,1199.9892998599057,0.0,494.0,0.0
2024-08-10 23:30:00,1206.3990763458673,0.0,495.0,0.0
2024-08-11 00:00:00,652.4174761792666,0.0,250.00000000000003,0.0
2024-08-11 00:30:00,552.5064824932398,0.0,236.0,0.0
2024-08-11 01:00:00,635.040102480935,0.0,236.0,0.0
2024-08-11 01:30:00,705.7500232035163,0.0,308.0,0.0
2024-08-11 02:00:00,645.5471762589705,0.0,263.0,0.0
2024-08-11 02:30:00,589.3223142702141,0.0,239.0,0.0
2024-08-11 03:00:00,598.6225487595661,0.0,242.0,0.0
2024-08-11 03:30:00,592.874966632891,0.0,255.0,0.0
2024-08-11 04:00:00,662.5978700701876,0.0,256.0,0.0
2024-08-11 04:30:00,768.9079124077476,0.0,304.0,0.0
2024-08-11 05:00:00,810.6922732279113,0.0,306.0,0.0
2024-08-11 05:30:00,754.6825370467302,0.0,313.0,0.0
2024-08-11 06:00:00,727.1022181875213,0.0,287.0,0.0
2024-08-11 06:30:00,728.0705429535539,0.0,284.0,0.0
2024-08-11 07:00:00,777.8375413027688,0.0,314.0,0.0
2024-08-11 07:30:00,800.0750130048685,0.0,332.0,0.0
2024-08-11 08:00:00,777.4201576568709,0.0,305.0,0.0
2024-08-11 08:30:00,632.7732218114404,0.0,273.0,0.0
2024-08-11 09:00:00,690.0816261079599,0.0,296.0,0.0
2024-08-11 09:30:00,836.8011125576135,0.0,332.0,0.0
2024-08-11 10:00:00,790.6942552571975,0.0,320.0,0.0
2024-08-11 10:30:00,644.6091820929274,0.0,278.0,0.0
2024-08-11 11:00:00,669.2939013624946,0.0,279.0,0.0
2024-08-11 11:30:00,738.0670335044247,0.0,308.0,0.0
2024-08-11 12:00:00,927.924296404306,0.0,342.0,0.0
2024-08-11 12:30:00,742.1476132454378,0.0,278.0,0.0
2024-08-11 13:00:00,644.2493926078059,0.0,275.0,0.0
2024-08-11 13:30:00,687.1683462661609,0.0,280.0,0.0
2024-08-11 14:00:00,781.9543739663164,0.0,326.0,0.0
2024-08-11 14:30:00,915.0693842581443,0.0,356.0,0.0
2024-08-11 15:00:00,686.3377090856918,0.0,295.0,0.0
2024-08-11 15:30:00,692.935931440144,0.0,287.0,0.0
2024-08-11 16:00:00,677.984077562717,0.0,286.0,0.0
2024-08-11 16:30:00,792.8113991963793,0.0,340.0,0.0
2024-08-11 17:00:00,825.7020609998765,0.0,380.0,0.0
2024-08-11 17:30:00,767.0905628914711,0.0,295.0,0.0
2024-08-11 18:00:00,704.9710525522555,0.0,301.0,0.0
2024-08-11 18:30:00,773.9945863821272,0.0,301.0,0.0
2024-08-11 19:00:00,860.448447227081,0.0,343.0,0.0
2024-08-11 19:30:00,723.2732379974459,0.0,297.0,0.0
2024-08-11 20:00:00,618.12808973941,0.0,249.0,0.0
2024-08-11 20:30:00,535.7840803665136,0.0,233.0,0.0
2024-08-11 21:00:00,622.6185083364943,0.0,232.0,0.0
2024-08-11 21:30:00,677.3917133769023,0.0,271.0,0.0
2024-08-11 22:00:00,716.6041290361421,0.0,270.0,0.0
2024-08-11 22:30:00,680.6810908032185,0.0,273.0,0.0
2024-08-11 23:00:00,702.6032112481848,0.0,298.0,0.0
2024-08-11 23:30:00,893.2702279902105,0.0,382.0,0.0
2024-08-12 00:00:00,890.9524215613025,0.0,316.0,0.0
2024-08-12 00:30:00,891.555116916753,0.0,346.0,0.0
2024-08-12 01:00:00,793.2762369528394,0.0,281.0,0.0
2024-08-12 01:30:00,742.5806582218469,0.0,279.0,0.0
2024-08-12 02:00:00,759.1093043728195,0.0,294.0,0.0
2024-08-12 02:30:00,797.2486933623275,0.0,305.0,0.0
2024-08-12 03:00:00,770.9813056892721,0.0,294.0,0.0
2024-08-12 03:30:00,873.8844223617165,0.0,343.0,0.0
2024-08-12 04:00:00,831.7483121324806,0.0,382.0,0.0
2024-08-12 04:30:00,804.038325010972,0.0,322.0,0.0
2024-08-12 05:00:00,883.3774125191597,0.0,334.0,0.0
2024-08-12 05:30:00,692.1054552339083,0.0,279.0,0.0
2024-08-12 06:00:00,791.2991003594436,0.0,300.0,0.0
2024-08-12 06:30:00,815.2544540027292,0.0,308.0,0.0
2024-08-12 07:00:00,908.2796457128085,0.0,386.0,0.0
2024-08-12 07:30:00,775.9154930294047,0.0,321.0,0.0
2024-08-12 08:00:00,851.2565079964993,0.0,326.0,0.0
2024-08-12 08:30:00,914.2947589869302,0.0,306.0,0.0
2024-08-12 09:00:00,779.802313619761,0.0,314.0,0.0
2024-08-12 09:30:00,916.8053313982092,0.0,394.0,0.0
2024-08-12 10:00:00,854.7667480194434,0.0,352.0,0.0
2024-08-12 10:30:00,955.3653893324545,0.0,339.0,0.0
2024-08-12 11:00:00,814.1499293553526,0.0,312.0,0.0
2024-08-12 11:30:00,831.9623347164661,0.0,337.0,0.0
2024-08-12 12:00:00,987.2468060887745,0.0,365.0,0.0
2024-08-12 12:30:00,867.9813221468571,0.0,299.0,0.0
2024-08-12 13:00:00,788.2241201149492,0.0,307.0,0.0
2024-08-12 13:30:00,733.5194709304606,0.0,289.0,0.0
2024-08-12 14:00:00,821.1697345069567,0.0,294.0,0.0
2024-08-12 14:30:00,796.2678331536455,0.0,291.0,0.0
2024-08-12 15:00:00,850.6619524285538,0.0,367.0,0.0
2024-08-12 15:30:00,851.9490286710494,0.0,357.0,0.0
2024-08-12 16:00:00,809.9519834663672,0.0,329.0,0.0
2024-08-12 16:30:00,745.3365167992548,0.0,302.0,0.0
2024-08-12 17:00:00,703.2192572037326,0.0,314.0,0.0
2024-08-12 17:30:00,818.3724469851068,0.0,353.0,0.0
2024-08-12 18:00:00,818.3997156305335,0.0,339.0,0.0
2024-08-12 18:30:00,788.1549741452781,0.0,317.0,0.0
2024-08-12 19:00:00,862.9439615951804,0.0,319.0,0.0
2024-08-12 19:30:00,748.7548988835031,0.0,293.0,0.0
2024-08-12 20:00:00,725.2122909082074,0.0,284.0,0.0
2024-08-12 20:30:00,768.7894373120034,0.0,292.0,0.0
2024-08-12 21:00:00,748.8673063330749,0.0,291.0,0.0
2024-08-12 21:30:00,725.1642374072809,0.0,291.0,0.0
2024-08-12 22:00:00,670.233760453501,0.0,259.0,0.0
2024-08-12 22:30:00,629.0924863263291,0.0,247.0,0.0
2024-08-12 23:00:00,832.5013653089482,0.0,294.0,0.0
2024-08-12 23:30:00,841.4427928385006,0.0,329.0,0.0
2024-08-13 00:00:00,862.5278311701793,0.0,327.0,0.0
2024-08-13 00:30:00,788.4176700534451,0.0,345.0,0.0
2024-08-13 01:00:00,878.6284287296082,0.0,364.0,0.0
2024-08-13 01:30:00,1033.2476548277978,0.0,389.0,0.0
2024-08-13 02:00:00,844.8466359724607,0.0,350.0,0.0
2024-08-13 02:30:00,980.9694635256644,0.0,373.0,0.0
2024-08-13 03:00:00,818.4054929336991,0.0,328.0,0.0
2024-08-13 03:30:00,854.641468329107,0.0,340.0,0.0
2024-08-13 04:00:00,871.4652295044331,0.0,367.0,0.0
2024-08-13 04:30:00,906.8931503334206,0.0,371.0,0.0
2024-08-13 05:00:00,819.3018746619624,0.0,355.0,0.0
2024-08-13 05:30:00,845.8345773863427,0.0,350.0,0.0
2024-08-13 06:00:00,825.9509797118011,0.0,348.0,0.0
2024-08-13 06:30:00,910.0149661858359,0.0,363.0,0.0
2024-08-13 07:00:00,784.0468816457117,0.0,303.0,0.0
2024-08-13 07:30:00,878.2201145266708,0.0,349.0,0.0
2024-08-13 08:00:00,918.1527115595817,0.0,371.0,0.0
2024-08-13 08:30:00,864.9369235562973,0.0,356.0,0.0
2024-08-13 09:00:00,977.1745899024248,0.0,366.0,0.0
2024-08-13 09:30:00,1075.0089197809925,0.0,459.0,0.0
2024-08-13 10:00:00,1148.8553402687792,0.0,485.0,0.0
2024-08-13 10:30:00,1152.1023362633277,0.0,449.99999999999994,0.0
2024-08-13 11:00:00,1001.8799347815767,0.0,407.0,0.0
2024-08-13 11:30:00,1042.079449759725,0.0,452.0,0.0
2024-08-13 12:00:00,975.5257458824503,0.0,421.0,0.0
2024-08-13 12:30:00,1027.7635887095203,0.0,399.0,0.0
2024-08-13 13:00:00,1001.7439835017922,0.0,386.0,0.0
2024-08-13 13:30:00,1077.1787685176225,0.0,466.0,0.0
2024-08-13 14:00:00,1202.9929921514668,0.0,480.0,0.0
2024-08-13 14:30:00,1051.957945998028,0.0,446.0,0.0
2024-08-13 15:00:00,819.3364220345238,0.0,339.0,0.0
2024-08-13 15:30:00,805.8304294518607,0.0,343.0,0.0
2024-08-13 16:00:00,910.3469425816651,0.0,343.0,0.0
2024-08-13 16:30:00,772.5980497432909,0.0,334.0,0.0
2024-08-13 17:00:00,826.7838411162337,0.0,326.0,0.0
2024-08-13 17:30:00,1007.6561886903668,0.0,407.0,0.0
2024-08-13 18:00:00,998.1503404782691,0.0,350.0,0.0
2024-08-13 18:30:00,983.2554683970066,0.0,354.0,0.0
2024-08-13 19:00:00,846.9313295749861,0.0,325.0,0.0
2024-08-13 19:30:00,1144.1129012581443,0.0,409.99999999999994,0.0
2024-08-13 20:00:00,1074.5042384750022,0.0,445.0,0.0
2024-08-13 20:30:00,1142.0530195985896,0.0,436.0,0.0
2024-08-13 21:00:00,1027.1141076454958,0.0,376.0,0.0
2024-08-13 21:30:00,966.2875373094665,0.0,380.0,0.0
2024-08-13 22:00:00,1067.1885953484102,0.0,386.0,0.0
2024-08-13 22:30:00,960.9964805110187,0.0,363.0,0.0
2024-08-13 23:00:00,1120.890304159228,0.0,430.0,0.0
2024-08-13 23:30:00,1003.9798027878641,0.0,444.0,0.0
2024-08-14 00:00:00,174.5655177763346,0.0,80.0,0.0
2024-08-14 00:30:00,161.9639472254752,0.0,79.0,0.0
2024-08-14 01:00:00,167.8153245469628,0.0,79.0,0.0
2024-08-14 01:30:00,188.11683317258382,0.0,82.0,0.0
2024-08-14 02:00:00,176.6382539425522,0.0,81.0,0.0
2024-08-14 02:30:00,177.8821113426364,0.0,79.0,0.0
2024-08-14 03:00:00,168.6998890465187,0.0,80.0,0.0
2024-08-14 03:30:00,177.22216915813533,0.0,82.0,0.0
2024-08-14 04:00:00,163.40348223389154,0.0,80.0,0.0
2024-08-14 04:30:00,180.4165431144881,0.0,85.0,0.0
2024-08-14 05:00:00,180.76906732237578,0.0,80.0,0.0
2024-08-14 05:30:00,179.28878373795342,0.0,81.0,0.0
2024-08-14 06:00:00,168.4876710405853,0.0,81.0,0.0
2024-08-14 06:30:00,171.43697336765953,0.0,79.0,0.0
2024-08-14 07:00:00,185.38925155577618,0.0,79.0,0.0
2024-08-14 07:30:00,248.267303929641,0.0,85.0,0.0
2024-08-14 08:00:00,439.336824943786,0.0,160.0,0.0
2024-08-14 08:30:00,469.17227617675945,0.0,143.0,0.0
2024-08-14 09:00:00,454.66179171090334,0.0,156.0,0.0
2024-08-14 09:30:00,691.290162824042,0.0,233.0,0.0
2024-08-14 10:00:00,553.6001008288791,0.0,183.0,0.0
2024-08-14 10:30:00,652.0507840967177,0.0,209.0,0.0
2024-08-14 11:00:00,760.4033619343122,0.0,263.0,0.0
2024-08-14 11:30:00,792.1951875423963,0.0,285.0,0.0
2024-08-14 12:00:00,681.0730718383672,0.0,257.0,0.0
2024-08-14 12:30:00,510.3268881663443,0.0,196.0,0.0
2024-08-14 13:00:00,535.837032386286,0.0,187.0,0.0
2024-08-14 13:30:00,566.3388987156526,0.0,183.0,0.0
2024-08-14 14:00:00,509.5416289856226,0.0,180.0,0.0
2024-08-14 14:30:00,541.1706313871142,0.0,176.0,0.0
2024-08-14 15:00:00,533.756675373199,0.0,185.0,0.0
2024-08-14 15:30:00,578.6331570643486,0.0,191.0,0.0
2024-08-14 16:00:00,539.4019268569701,0.0,189.0,0.0
2024-08-14 16:30:00,645.174601446149,0.0,219.0,0.0
2024-08-14 17:00:00,662.3003347353106,0.0,231.0,0.0
2024-08-14 17:30:00,529.528812532639,0.0,195.0,0.0
2024-08-14 18:00:00,597.7568562923644,0.0,225.0,0.0
2024-08-14 18:30:00,549.382270014497,0.0,208.0,0.0
2024-08-14 19:00:00,547.9691581655379,0.0,220.0,0.0
2024-08-14 19:30:00,895.6582908957703,0.0,317.0,0.0
2024-08-14 20:00:00,801.3048655304023,0.0,288.0,0.0
2024-08-14 20:30:00,550.9657067730266,0.0,224.0,0.0
2024-08-14 21:00:00,584.0336931782887,0.0,225.0,0.0
2024-08-14 21:30:00,593.0575653570307,0.0,219.0,0.0
2024-08-14 22:00:00,742.7462272458324,0.0,284.0,0.0
2024-08-14 22:30:00,1018.5416072020932,0.0,337.0,0.0
2024-08-14 23:00:00,846.4609739157635,0.0,334.0,0.0
2024-08-14 23:30:00,789.4837271892126,0.0,286.0,0.0
2024-08-15 00:00:00,656.187365048664,0.0,270.0,0.0
2024-08-15 00:30:00,557.584057875104,0.0,240.00000000000003,0.0
2024-08-15 01:00:00,627.281108276869,0.0,253.0,0.0
2024-08-15 01:30:00,546.914045724081,0.0,208.0,0.0
2024-08-15 02:00:00,551.9183795488443,0.0,205.0,0.0
2024-08-15 02:30:00,359.7721255877285,0.0,149.0,0.0
2024-08-15 03:00:00,393.17926359114506,0.0,136.0,0.0
2024-08-15 03:30:00,292.2789674618223,0.0,144.0,0.0
2024-08-15 04:00:00,279.0359098576901,0.0,139.0,0.0
2024-08-15 04:30:00,286.6180493218949,0.0,140.0,0.0
2024-08-15 05:00:00,311.88110776836294,0.0,139.0,0.0
2024-08-15 05:30:00,293.9787107822173,0.0,138.0,0.0
2024-08-15 06:00:00,287.1559418436689,0.0,137.0,0.0
2024-08-15 06:30:00,250.77145621327278,0.0,119.0,0.0
2024-08-15 07:00:00,121.57789533648696,0.0,70.0,0.0
2024-08-15 07:30:00,128.25391522749288,0.0,69.0,0.0
2024-08-15 08:00:00,126.22694167530419,0.0,67.0,0.0
2024-08-15 08:30:00,135.03289618473204,0.0,67.0,0.0
2024-08-15 09:00:00,128.98947783502862,0.0,64.0,0.0
2024-08-15 09:30:00,139.8699383889595,0.0,68.0,0.0
2024-08-15 10:00:00,132.95715159022117,0.0,70.0,0.0
2024-08-15 10:30:00,184.73639327787822,0.0,73.0,0.0
2024-08-15 11:00:00,174.19913111805556,0.0,67.0,0.0
2024-08-15 11:30:00,173.51233544516646,0.0,68.0,0.0
2024-08-15 12:00:00,169.61743655835159,0.0,68.0,0.0
2024-08-15 12:30:00,188.02556395711292,0.0,70.0,0.0
2024-08-15 13:00:00,181.52825346441455,0.0,72.0,0.0
2024-08-15 13:30:00,177.74532790261344,0.0,67.0,0.0
2024-08-15 14:00:00,168.89435478834554,0.0,72.0,0.0
2024-08-15 14:30:00,178.01538689677304,0.0,74.0,0.0
2024-08-15 15:00:00,161.8015780898765,0.0,73.0,0.0
2024-08-15 15:30:00,173.28777017904036,0.0,71.0,0.0
2024-08-15 16:00:00,152.3739261450895,0.0,72.0,0.0
2024-08-15 16:30:00,157.92438091989516,0.0,73.0,0.0
2024-08-15 17:00:00,167.59487002250563,0.0,69.0,0.0
2024-08-15 17:30:00,122.10101972422231,0.0,48.0,0.0
2024-08-15 18:00:00,89.10356191251186,0.0,51.0,0.0
2024-08-15 18:30:00,87.0485424700225,0.0,50.0,0.0
2024-08-15 19:00:00,92.79499631681999,0.0,48.99999999999999,0.0
2024-08-15 19:30:00,104.362613411434,0.0,52.0,0.0
2024-08-15 20:00:00,99.9401473426,0.0,55.00000000000001,0.0
2024-08-15 20:30:00,103.46930497781618,0.0,56.0,0.0
2024-08-15 21:00:00,98.27265645411897,0.0,56.00000000000001,0.0
2024-08-15 21:30:00,100.38978819537327,0.0,60.99999999999999,0.0
2024-08-15 22:00:00,106.51590580336737,0.0,63.0,0.0
2024-08-15 22:30:00,106.53414203643142,0.0,65.0,0.0
2024-08-15 23:00:00,115.20621325393195,0.0,64.0,0.0
2024-08-15 23:30:00,102.2507345137615,0.0,66.0,0.0
2024-08-16 00:00:00,696.1620191321784,0.0,258.0,0.0
2024-08-16 00:30:00,670.5209035935638,0.0,246.0,0.0
2024-08-16 01:00:00,674.5698201991588,0.0,261.0,0.0
2024-08-16 01:30:00,679.5469833413222,0.0,288.0,0.0
2024-08-16 02:00:00,977.0403765346666,0.0,362.0,0.0
2024-08-16 02:30:00,828.872283255548,0.0,311.0,0.0
2024-08-16 03:00:00,716.1949234082481,0.0,296.0,0.0
2024-08-16 03:30:00,738.7426053273651,0.0,286.0,0.0
2024-08-16 04:00:00,745.6784947180587,0.0,286.0,0.0
2024-08-16 04:30:00,1010.4386073637454,0.0,396.0,0.0
2024-08-16 05:00:00,736.1886738652115,0.0,312.0,0.0
2024-08-16 05:30:00,773.183897912606,0.0,289.0,0.0
2024-08-16 06:00:00,698.6935097767371,0.0,285.0,0.0
2024-08-16 06:30:00,758.2110462007054,0.0,283.0,0.0
2024-08-16 07:00:00,918.0940542030668,0.0,362.0,0.0
2024-08-16 07:30:00,888.1553534732868,0.0,332.0,0.0
2024-08-16 08:00:00,812.3114885606719,0.0,276.0,0.0
2024-08-16 08:30:00,767.5334832006325,0.0,256.0,0.0
2024-08-16 09:00:00,894.4345909264333,0.0,297.0,0.0
2024-08-16 09:30:00,1021.2969153223148,0.0,350.0,0.0
2024-08-16 10:00:00,826.9616416270969,0.0,285.0,0.0
2024-08-16 10:30:00,726.6046143929796,0.0,273.0,0.0
2024-08-16 11:00:00,728.7633195770969,0.0,258.0,0.0
2024-08-16 11:30:00,849.1819606485572,0.0,323.0,0.0
2024-08-16 12:00:00,848.6070141769535,0.0,288.0,0.0
2024-08-16 12:30:00,740.6658166861762,0.0,269.0,0.0
2024-08-16 13:00:00,887.7832302322397,0.0,310.0,0.0
2024-08-16 13:30:00,1009.8518383828787,0.0,350.0,0.0
2024-08-16 14:00:00,833.0199864105729,0.0,267.0,0.0
2024-08-16 14:30:00,820.6750319599337,0.0,281.0,0.0
2024-08-16 15:00:00,815.7827592064132,0.0,262.0,0.0
2024-08-16 15:30:00,707.2533236445115,0.0,264.0,0.0
2024-08-16 16:00:00,769.8393923232042,0.0,294.0,0.0
2024-08-16 16:30:00,888.1890979709385,0.0,345.0,0.0
2024-08-16 17:00:00,863.969465491417,0.0,286.0,0.0
2024-08-16 17:30:00,1058.3097553810396,0.0,253.0,0.0
2024-08-16 18:00:00,1110.8772160443934,0.0,275.0,0.0
2024-08-16 18:30:00,848.4763644323053,0.0,321.0,0.0
2024-08-16 19:00:00,1016.0405462023754,0.0,377.0,0.0
2024-08-16 19:30:00,758.3422745277182,0.0,279.0,0.0
2024-08-16 20:00:00,788.5062670686882,0.0,266.0,0.0
2024-08-16 20:30:00,786.6399017357032,0.0,274.0,0.0
2024-08-16 21:00:00,958.6777466156462,0.0,349.0,0.0
2024-08-16 21:30:00,964.3002655474301,0.0,355.0,0.0
2024-08-16 22:00:00,814.9902836694471,0.0,290.0,0.0
2024-08-16 22:30:00,744.1375536324903,0.0,284.0,0.0
2024-08-16 23:00:00,756.0468583507246,0.0,289.0,0.0
2024-08-16 23:30:00,935.3865417163461,0.0,361.0,0.0
2024-08-17 00:00:00,692.3395855778227,0.0,275.0,0.0
2024-08-17 00:30:00,637.8194408137933,0.0,251.0,0.0
2024-08-17 01:00:00,669.0245012055932,0.0,266.0,0.0
2024-08-17 01:30:00,634.1204838557975,0.0,252.0,0.0
2024-08-17 02:00:00,729.5598099558633,0.0,296.0,0.0
2024-08-17 02:30:00,751.1548720986848,0.0,304.0,0.0
2024-08-17 03:00:00,692.9419257727382,0.0,254.0,0.0
2024-08-17 03:30:00,575.6825399526522,0.0,246.0,0.0
2024-08-17 04:00:00,649.9125554351178,0.0,274.0,0.0
2024-08-17 04:30:00,591.1891775510879,0.0,234.0,0.0
2024-08-17 05:00:00,839.1401474341125,0.0,342.0,0.0
2024-08-17 05:30:00,705.2412873809908,0.0,294.0,0.0
2024-08-17 06:00:00,716.7847146817514,0.0,287.0,0.0
2024-08-17 06:30:00,734.649622848004,0.0,271.0,0.0
2024-08-17 07:00:00,642.2737679902399,0.0,248.0,0.0
2024-08-17 07:30:00,669.6415124358937,0.0,251.0,0.0
2024-08-17 08:00:00,764.6146626749596,0.0,310.0,0.0
2024-08-17 08:30:00,757.8432368206969,0.0,310.0,0.0
2024-08-17 09:00:00,689.6939477644812,0.0,278.0,0.0
2024-08-17 09:30:00,653.7253220824882,0.0,275.0,0.0
2024-08-17 10:00:00,642.0528955279466,0.0,261.0,0.0
2024-08-17 10:30:00,622.0402289204794,0.0,225.0,0.0
2024-08-17 11:00:00,666.9499871434056,0.0,242.0,0.0
2024-08-17 11:30:00,606.1849671468918,0.0,260.0,0.0
2024-08-17 12:00:00,678.6632448102154,0.0,260.0,0.0
2024-08-17 12:30:00,711.6254407120738,0.0,281.0,0.0
2024-08-17 13:00:00,656.8014156760568,0.0,262.0,0.0
2024-08-17 13:30:00,609.7883682165228,0.0,235.0,0.0
2024-08-17 14:00:00,567.2927498548441,0.0,191.0,0.0
2024-08-17 14:30:00,625.6842838946425,0.0,226.0,0.0
2024-08-17 15:00:00,570.6255222657866,0.0,225.0,0.0
2024-08-17 15:30:00,520.0683165985923,0.0,216.0,0.0
2024-08-17 16:00:00,675.2440322502408,0.0,296.0,0.0
2024-08-17 16:30:00,736.7341419733872,0.0,267.0,0.0
2024-08-17 17:00:00,678.3371797683089,0.0,254.0,0.0
2024-08-17 17:30:00,548.6848130230038,0.0,212.0,0.0
2024-08-17 18:00:00,702.7782465656765,0.0,295.0,0.0
2024-08-17 18:30:00,802.7811656687281,0.0,320.0,0.0
2024-08-17 19:00:00,674.3583135986944,0.0,247.0,0.0
2024-08-17 19:30:00,585.9694189567875,0.0,256.0,0.0
2024-08-17 20:00:00,582.1716218780124,0.0,249.00000000000003,0.0
2024-08-17 20:30:00,841.1241692986746,0.0,306.0,0.0
2024-08-17 21:00:00,943.7331752835937,0.0,381.0,0.0
2024-08-17 21:30:00,840.7991133530884,0.0,318.0,0.0
2024-08-17 22:00:00,754.126076519896,0.0,296.0,0.0
2024-08-17 22:30:00,666.9594648790467,0.0,252.00000000000003,0.0
2024-08-17 23:00:00,591.1202384684052,0.0,265.0,0.0
2024-08-17 23:30:00,614.6041091356907,0.0,273.0,0.0
2024-08-18 00:00:00,1161.415254180386,0.0,486.0,0.0
2024-08-18 00:30:00,1210.737549481982,0.0,488.0,0.0
2024-08-18 01:00:00,1151.3183929970185,0.0,417.00000000000006,0.0
2024-08-18 01:30:00,797.740845071417,0.0,355.0,0.0
2024-08-18 02:00:00,892.9613914862779,0.0,362.0,0.0
2024-08-18 02:30:00,935.7317042500399,0.0,322.0,0.0
2024-08-18 03:00:00,908.6311756843276,0.0,336.0,0.0
2024-08-18 03:30:00,845.0517188139003,0.0,339.0,0.0
2024-08-18 04:00:00,886.5111114202185,0.0,339.0,0.0
2024-08-18 04:30:00,762.6689611633378,0.0,295.0,0.0
2024-08-18 05:00:00,839.8216356626576,0.0,305.0,0.0
2024-08-18 05:30:00,695.0485262130625,0.0,305.0,0.0
2024-08-18 06:00:00,714.4314454169239,0.0,316.0,0.0
2024-08-18 06:30:00,712.2605659711563,0.0,329.0,0.0
2024-08-18 07:00:00,669.4934071706741,0.0,263.0,0.0
2024-08-18 07:30:00,611.6599139698397,0.0,276.0,0.0
2024-08-18 08:00:00,630.687705522878,0.0,287.0,0.0
2024-08-18 08:30:00,637.7454296497087,0.0,261.0,0.0
2024-08-18 09:00:00,687.8593913740411,0.0,260.0,0.0
2024-08-18 09:30:00,634.2177983478589,0.0,292.0,0.0
2024-08-18 10:00:00,601.2607122089496,0.0,262.0,0.0
2024-08-18 10:30:00,579.8022282907799,0.0,265.0,0.0
2024-08-18 11:00:00,698.1606611804247,0.0,315.0,0.0
2024-08-18 11:30:00,586.6869605334743,0.0,249.0,0.0
2024-08-18 12:00:00,597.9768639756428,0.0,247.99999999999997,0.0
2024-08-18 12:30:00,560.7218089870984,0.0,209.99999999999997,0.0
2024-08-18 13:00:00,627.7140452246996,0.0,246.0,0.0
2024-08-18 13:30:00,635.4337508388032,0.0,245.00000000000003,0.0
2024-08-18 14:00:00,692.1404318783817,0.0,242.0,0.0
2024-08-18 14:30:00,498.3429584849719,0.0,196.0,0.0
2024-08-18 15:00:00,546.1895739558367,0.0,213.0,0.0
2024-08-18 15:30:00,523.6594831016432,0.0,222.0,0.0
2024-08-18 16:00:00,538.0370076182159,0.0,209.0,0.0
2024-08-18 16:30:00,515.584395725509,0.0,216.0,0.0
2024-08-18 17:00:00,569.2497104899686,0.0,228.0,0.0
2024-08-18 17:30:00,556.432838715289,0.0,230.0,0.0
2024-08-18 18:00:00,621.6673299545735,0.0,268.0,0.0
2024-08-18 18:30:00,691.671826024967,0.0,261.0,0.0
2024-08-18 19:00:00,659.0668383306104,0.0,261.0,0.0
2024-08-18 19:30:00,580.5348859173772,0.0,211.0,0.0
2024-08-18 20:00:00,604.1916838117339,0.0,239.0,0.0
2024-08-18 20:30:00,657.271579969021,0.0,287.0,0.0
2024-08-18 21:00:00,736.3731514309549,0.0,320.0,0.0
2024-08-18 21:30:00,617.7391332371969,0.0,226.0,0.0
2024-08-18 22:00:00,622.8655920393799,0.0,214.99999999999997,0.0
2024-08-18 22:30:00,655.4898756371989,0.0,240.0,0.0
2024-08-18 23:00:00,717.3919826183269,0.0,299.0,0.0
2024-08-18 23:30:00,704.7097037310488,0.0,273.0,0.0
2024-08-19 00:00:00,745.7244396075508,0.0,292.0,0.0
2024-08-19 00:30:00,880.9679518963993,0.0,348.0,0.0
2024-08-19 01:00:00,691.8604107352452,0.0,290.0,0.0
2024-08-19 01:30:00,603.4826566262135,0.0,244.0,0.0
2024-08-19 02:00:00,699.1477005524773,0.0,278.0,0.0
2024-08-19 02:30:00,772.4273832667984,0.0,349.0,0.0
2024-08-19 03:00:00,742.302653185073,0.0,339.0,0.0
2024-08-19 03:30:00,635.615722720636,0.0,269.0,0.0
2024-08-19 04:00:00,626.2785575012032,0.0,261.0,0.0
2024-08-19 04:30:00,639.0262308341173,0.0,286.0,0.0
2024-08-19 05:00:00,796.9724043710828,0.0,365.0,0.0
2024-08-19 05:30:00,712.938399362503,0.0,292.0,0.0
2024-08-19 06:00:00,663.1806416409812,0.0,272.0,0.0
2024-08-19 06:30:00,648.5136450546169,0.0,229.0,0.0
2024-08-19 07:00:00,847.6086515356026,0.0,325.0,0.0
2024-08-19 07:30:00,874.4179146565681,0.0,329.0,0.0
2024-08-19 08:00:00,732.7866755807985,0.0,290.0,0.0
2024-08-19 08:30:00,654.0197901725835,0.0,277.0,0.0
2024-08-19 09:00:00,664.0861768344379,0.0,272.0,0.0
2024-08-19 09:30:00,835.1058524473855,0.0,334.0,0.0
2024-08-19 10:00:00,762.2016395296113,0.0,288.0,0.0
2024-08-19 10:30:00,726.3524781540019,0.0,291.0,0.0
2024-08-19 11:00:00,643.6877519144967,0.0,260.0,0.0
2024-08-19 11:30:00,767.4617785765847,0.0,318.0,0.0
2024-08-19 12:00:00,862.9457990248117,0.0,329.0,0.0
2024-08-19 12:30:00,778.5306293911477,0.0,290.0,0.0
2024-08-19 13:00:00,682.593323115552,0.0,249.0,0.0
2024-08-19 13:30:00,654.8101958820266,0.0,274.0,0.0
2024-08-19 14:00:00,748.7448669785604,0.0,322.0,0.0
2024-08-19 14:30:00,764.4147598422446,0.0,317.0,0.0
2024-08-19 15:00:00,686.7247571341687,0.0,293.0,0.0
2024-08-19 15:30:00,664.290266990147,0.0,258.0,0.0
2024-08-19 16:00:00,690.6965943446827,0.0,295.0,0.0
2024-08-19 16:30:00,589.5682058101795,0.0,271.0,0.0
2024-08-19 17:00:00,657.2298209019564,0.0,286.0,0.0
2024-08-19 17:30:00,626.6713881494591,0.0,274.0,0.0
2024-08-19 18:00:00,572.7803988559931,0.0,251.0,0.0
2024-08-19 18:30:00,555.4548165926192,0.0,214.0,0.0
2024-08-19 19:00:00,556.3939210684434,0.0,232.0,0.0
2024-08-19 19:30:00,703.9035853597254,0.0,282.0,0.0
2024-08-19 20:00:00,792.6029447175426,0.0,304.0,0.0
2024-08-19 20:30:00,611.523702523418,0.0,238.0,0.0
2024-08-19 21:00:00,614.3600409591351,0.0,265.0,0.0
2024-08-19 21:30:00,729.5217804877461,0.0,273.0,0.0
2024-08-19 22:00:00,647.1879902904508,0.0,254.0,0.0
2024-08-19 22:30:00,543.5479039605681,0.0,200.0,0.0
2024-08-19 23:00:00,602.4326343331173,0.0,240.0,0.0
2024-08-19 23:30:00,613.0042117492544,0.0,242.99999999999997,0.0
2024-08-20 00:00:00,812.2319657615568,0.0,327.0,0.0
2024-08-20 00:30:00,907.2395569151488,0.0,345.0,0.0
2024-08-20 01:00:00,922.879720815419,0.0,364.0,0.0
2024-08-20 01:30:00,915.5527382919831,0.0,389.0,0.0
2024-08-20 02:00:00,874.9790046940835,0.0,350.0,0.0
2024-08-20 02:30:00,935.45526948235,0.0,373.0,0.0
2024-08-20 03:00:00,792.1172121239185,0.0,328.0,0.0
2024-08-20 03:30:00,861.8861509951081,0.0,340.0,0.0
2024-08-20 04:00:00,981.2027137239327,0.0,367.0,0.0
2024-08-20 04:30:00,946.4799299885182,0.0,371.0,0.0
2024-08-20 05:00:00,833.5873992109662,0.0,355.0,0.0
2024-08-20 05:30:00,830.1908980992207,0.0,350.0,0.0
2024-08-20 06:00:00,821.9332407756484,0.0,348.0,0.0
2024-08-20 06:30:00,899.1047274173372,0.0,363.0,0.0
2024-08-20 07:00:00,848.3618786729023,0.0,303.0,0.0
2024-08-20 07:30:00,933.5836414626897,0.0,349.0,0.0
2024-08-20 08:00:00,846.0285249703772,0.0,371.0,0.0
2024-08-20 08:30:00,886.2415330437476,0.0,356.0,0.0
2024-08-20 09:00:00,934.8765698985172,0.0,366.0,0.0
2024-08-20 09:30:00,1141.9701696566194,0.0,459.0,0.0
2024-08-20 10:00:00,1243.687742953527,0.0,485.0,0.0
2024-08-20 10:30:00,1226.00188347274,0.0,450.0,0.0
2024-08-20 11:00:00,1012.2880755966729,0.0,407.0,0.0
2024-08-20 11:30:00,1179.6466474969986,0.0,452.0,0.0
2024-08-20 12:00:00,955.2806863629031,0.0,421.0,0.0
2024-08-20 12:30:00,997.1212299412925,0.0,399.0,0.0
2024-08-20 13:00:00,943.9279771473352,0.0,386.0,0.0
2024-08-20 13:30:00,1172.3825076720334,0.0,466.0,0.0
2024-08-20 14:00:00,1361.2707173278436,0.0,480.0,0.0
2024-08-20 14:30:00,1098.6456232745004,0.0,446.0,0.0
2024-08-20 15:00:00,819.7942416903147,0.0,339.0,0.0
2024-08-20 15:30:00,872.1880865366289,0.0,343.0,0.0
2024-08-20 16:00:00,844.5847906613515,0.0,343.0,0.0
2024-08-20 16:30:00,815.6417221923306,0.0,334.0,0.0
2024-08-20 17:00:00,953.6620583076665,0.0,326.0,0.0
2024-08-20 17:30:00,1055.0680798994915,0.0,407.0,0.0
2024-08-20 18:00:00,941.1234876624281,0.0,350.0,0.0
2024-08-20 18:30:00,938.0159574411381,0.0,354.0,0.0
2024-08-20 19:00:00,870.5978214314183,0.0,325.0,0.0
2024-08-20 19:30:00,1144.8105713678317,0.0,410.0,0.0
2024-08-20 20:00:00,1170.2680634956089,0.0,445.0,0.0
2024-08-20 20:30:00,953.3685161691195,0.0,436.0,0.0
2024-08-20 21:00:00,1124.0289106055245,0.0,376.0,0.0
2024-08-20 21:30:00,1020.0721545837363,0.0,380.0,0.0
2024-08-20 22:00:00,1048.9244493046929,0.0,386.0,0.0
2024-08-20 22:30:00,1039.932528114164,0.0,363.0,0.0
2024-08-20 23:00:00,1108.4471479328502,0.0,430.0,0.0
2024-08-20 23:30:00,1146.9720960218563,0.0,444.0,0.0
2024-08-21 00:00:00,740.6408068782913,0.0,260.0,0.0
2024-08-21 00:30:00,816.6130986803655,0.0,303.0,0.0
2024-08-21 01:00:00,839.3488919602073,0.0,345.0,0.0
2024-08-21 01:30:00,819.2113014569136,0.0,312.0,0.0
2024-08-21 02:00:00,655.7039376255917,0.0,273.0,0.0
2024-08-21 02:30:00,675.8791857367177,0.0,265.0,0.0
2024-08-21 03:00:00,841.1845176762617,0.0,310.0,0.0
2024-08-21 03:30:00,790.3457441569465,0.0,338.0,0.0
2024-08-21 04:00:00,735.7789240407996,0.0,284.0,0.0
2024-08-21 04:30:00,688.2010182843073,0.0,248.0,0.0
2024-08-21 05:00:00,678.3963401040602,0.0,283.0,0.0
2024-08-21 05:30:00,688.7610294616097,0.0,263.0,0.0
2024-08-21 06:00:00,779.9428286015858,0.0,288.0,0.0
2024-08-21 06:30:00,629.0496154353804,0.0,250.00000000000003,0.0
2024-08-21 07:00:00,696.913357662063,0.0,271.0,0.0
2024-08-21 07:30:00,608.4317758812653,0.0,233.0,0.0
2024-08-21 08:00:00,609.4492280770667,0.0,248.0,0.0
2024-08-21 08:30:00,730.9047460546587,0.0,272.0,0.0
2024-08-21 09:00:00,722.1588360281562,0.0,273.0,0.0
2024-08-21 09:30:00,746.4898747803368,0.0,281.0,0.0
2024-08-21 10:00:00,617.2128270141596,0.0,250.0,0.0
2024-08-21 10:30:00,681.5091506392746,0.0,261.0,0.0
2024-08-21 11:00:00,795.4054798137319,0.0,287.0,0.0
2024-08-21 11:30:00,698.5802811834519,0.0,263.0,0.0
2024-08-21 12:00:00,663.033931943609,0.0,232.0,0.0
2024-08-21 12:30:00,660.1992365215405,0.0,233.0,0.0
2024-08-21 13:00:00,668.7221235282793,0.0,230.99999999999997,0.0
2024-08-21 13:30:00,616.0208552138428,0.0,228.0,0.0
2024-08-21 14:00:00,685.4596222056134,0.0,252.0,0.0
2024-08-21 14:30:00,861.8379049660186,0.0,295.0,0.0
2024-08-21 15:00:00,762.7544760429399,0.0,285.0,0.0
2024-08-21 15:30:00,726.3125812516935,0.0,276.0,0.0
2024-08-21 16:00:00,700.6713091747135,0.0,279.0,0.0
2024-08-21 16:30:00,700.5599716406225,0.0,245.0,0.0
2024-08-21 17:00:00,710.4835557074349,0.0,257.0,0.0
2024-08-21 17:30:00,704.2099429870404,0.0,262.0,0.0
2024-08-21 18:00:00,645.4963272492764,0.0,251.0,0.0
2024-08-21 18:30:00,611.6421147478342,0.0,269.0,0.0
2024-08-21 19:00:00,676.5024495142618,0.0,245.00000000000003,0.0
2024-08-21 19:30:00,800.9448336420228,0.0,297.0,0.0
2024-08-21 20:00:00,818.2992317901192,0.0,339.0,0.0
2024-08-21 20:30:00,759.3672590299446,0.0,274.0,0.0
2024-08-21 21:00:00,637.3030928965867,0.0,244.00000000000003,0.0
2024-08-21 21:30:00,862.6372401144711,0.0,318.0,0.0
2024-08-21 22:00:00,855.5015534797736,0.0,305.0,0.0
2024-08-21 22:30:00,626.6148198469074,0.0,245.99999999999997,0.0
2024-08-21 23:00:00,666.5402426433338,0.0,239.0,0.0
2024-08-21 23:30:00,646.533952800237,0.0,241.0,0.0
2024-08-22 00:00:00,85.64205625327222,0.0,53.0,0.0
2024-08-22 00:30:00,93.32487590074517,0.0,53.0,0.0
2024-08-22 01:00:00,91.45088131711562,0.0,52.99999999999999,0.0
2024-08-22 01:30:00,97.19236167561252,0.0,53.00000000000001,0.0
2024-08-22 02:00:00,103.14234529050177,0.0,54.0,0.0
2024-08-22 02:30:00,84.7159807926445,0.0,53.99999999999999,0.0
2024-08-22 03:00:00,104.51047616225394,0.0,52.99999999999999,0.0
2024-08-22 03:30:00,93.75452452029846,0.0,50.99999999999999,0.0
2024-08-22 04:00:00,93.39644185117214,0.0,50.99999999999999,0.0
2024-08-22 04:30:00,87.20160751642952,0.0,51.0,0.0
2024-08-22 05:00:00,100.65900230766498,0.0,51.99999999999999,0.0
2024-08-22 05:30:00,93.01247404120836,0.0,52.0,0.0
2024-08-22 06:00:00,95.58532523076335,0.0,53.99999999999999,0.0
2024-08-22 06:30:00,84.74978904087534,0.0,48.99999999999999,0.0
2024-08-22 07:00:00,116.70905467570894,0.0,49.0,0.0
2024-08-22 07:30:00,140.33411627593318,0.0,45.0,0.0
2024-08-22 08:00:00,159.25606675527646,0.0,44.00000000000001,0.0
2024-08-22 08:30:00,274.29057832347434,0.0,79.0,0.0
2024-08-22 09:00:00,371.83329054942857,0.0,113.0,0.0
2024-08-22 09:30:00,318.89923576011,0.0,109.0,0.0
2024-08-22 10:00:00,360.14171382316414,0.0,111.0,0.0
2024-08-22 10:30:00,335.31769416323,0.0,113.0,0.0
2024-08-22 11:00:00,346.6400456408708,0.0,115.0,0.0
2024-08-22 11:30:00,339.2909020187567,0.0,112.0,0.0
2024-08-22 12:00:00,332.6489085718492,0.0,117.0,0.0
2024-08-22 12:30:00,327.76938355985396,0.0,150.0,0.0
2024-08-22 13:00:00,355.70978913969816,0.0,130.0,0.0
2024-08-22 13:30:00,340.2570653203869,0.0,126.0,0.0
2024-08-22 14:00:00,399.2654097343058,0.0,122.0,0.0
2024-08-22 14:30:00,416.1365079144013,0.0,131.0,0.0
2024-08-22 15:00:00,378.58779236406366,0.0,125.99999999999999,0.0
2024-08-22 15:30:00,355.766870725588,0.0,125.00000000000001,0.0
2024-08-22 16:00:00,543.3796846488316,0.0,209.0,0.0
2024-08-22 16:30:00,610.6208253707305,0.0,229.0,0.0
2024-08-22 17:00:00,593.1096107306957,0.0,194.0,0.0
2024-08-22 17:30:00,596.7269475722142,0.0,219.0,0.0
2024-08-22 18:00:00,465.23001729090265,0.0,191.0,0.0
2024-08-22 18:30:00,613.4919882135359,0.0,218.0,0.0
2024-08-22 19:00:00,671.0737031822417,0.0,210.99999999999997,0.0
2024-08-22 19:30:00,824.0465200339374,0.0,274.0,0.0
2024-08-22 20:00:00,828.3218376233046,0.0,269.0,0.0
2024-08-22 20:30:00,573.0770768756562,0.0,186.0,0.0
2024-08-22 21:00:00,531.8038116439,0.0,182.00000000000003,0.0
2024-08-22 21:30:00,508.2445613002704,0.0,195.0,0.0
2024-08-22 22:00:00,663.9242565257255,0.0,232.00000000000003,0.0
2024-08-22 22:30:00,880.2730769362677,0.0,305.0,0.0
2024-08-22 23:00:00,924.9614203561057,0.0,343.0,0.0
2024-08-22 23:30:00,786.3847844806496,0.0,291.0,0.0
2024-08-23 00:00:00,687.8461047485324,0.0,258.0,0.0
2024-08-23 00:30:00,630.5587256986535,0.0,246.0,0.0
2024-08-23 01:00:00,685.8671395905177,0.0,261.0,0.0
2024-08-23 01:30:00,799.5924376511653,0.0,288.0,0.0
2024-08-23 02:00:00,951.5341112330459,0.0,362.0,0.0
2024-08-23 02:30:00,837.1556034983569,0.0,311.0,0.0
2024-08-23 03:00:00,774.4837732241074,0.0,296.0,0.0
2024-08-23 03:30:00,818.11640243609,0.0,286.0,0.0
2024-08-23 04:00:00,757.1758390999607,0.0,286.0,0.0
2024-08-23 04:30:00,1090.8522900152177,0.0,396.0,0.0
2024-08-23 05:00:00,800.4996842813398,0.0,312.0,0.0
2024-08-23 05:30:00,737.9628774446353,0.0,289.0,0.0
2024-08-23 06:00:00,745.0673378813959,0.0,285.0,0.0
2024-08-23 06:30:00,726.56474199457,0.0,283.0,0.0
2024-08-23 07:00:00,947.0145488115157,0.0,362.0,0.0
2024-08-23 07:30:00,945.9780507811114,0.0,332.0,0.0
2024-08-23 08:00:00,737.3235997603884,0.0,276.0,0.0
2024-08-23 08:30:00,747.6633282445137,0.0,256.0,0.0
2024-08-23 09:00:00,876.6006912415957,0.0,297.0,0.0
2024-08-23 09:30:00,963.2829480378919,0.0,350.0,0.0
2024-08-23 10:00:00,855.3135522215733,0.0,285.0,0.0
2024-08-23 10:30:00,800.546738937847,0.0,273.0,0.0
2024-08-23 11:00:00,734.4061719697994,0.0,258.0,0.0
2024-08-23 11:30:00,772.6061169233272,0.0,323.0,0.0
2024-08-23 12:00:00,784.7414801185333,0.0,288.0,0.0
2024-08-23 12:30:00,774.0186538514407,0.0,269.0,0.0
2024-08-23 13:00:00,952.6418199287174,0.0,310.0,0.0
2024-08-23 13:30:00,1026.9341375756387,0.0,350.0,0.0
2024-08-23 14:00:00,831.7813854775773,0.0,267.0,0.0
2024-08-23 14:30:00,776.2518900636777,0.0,281.0,0.0
2024-08-23 15:00:00,778.3926164902651,0.0,262.0,0.0
2024-08-23 15:30:00,820.3516159675492,0.0,264.0,0.0
2024-08-23 16:00:00,800.2497085112047,0.0,294.0,0.0
2024-08-23 16:30:00,1051.0495060583085,0.0,345.0,0.0
2024-08-23 17:00:00,861.7803570421129,0.0,286.0,0.0
2024-08-23 17:30:00,752.759939619645,0.0,253.0,0.0
2024-08-23 18:00:00,758.4465415852574,0.0,275.0,0.0
2024-08-23 18:30:00,834.9107934675699,0.0,321.0,0.0
2024-08-23 19:00:00,1138.3079525992507,0.0,377.0,0.0
2024-08-23 19:30:00,787.0642913261363,0.0,279.0,0.0
2024-08-23 20:00:00,747.9447955204408,0.0,266.0,0.0
2024-08-23 20:30:00,710.2496552804382,0.0,274.0,0.0
2024-08-23 21:00:00,923.8260336106164,0.0,349.0,0.0
2024-08-23 21:30:00,956.4125401146787,0.0,355.0,0.0
2024-08-23 22:00:00,779.2548512811378,0.0,290.0,0.0
2024-08-23 22:30:00,781.4565511322187,0.0,284.0,0.0
2024-08-23 23:00:00,740.951027849131,0.0,289.0,0.0
2024-08-23 23:30:00,872.4228810436302,0.0,361.0,0.0
2024-08-24 00:00:00,684.9302932775703,0.0,275.0,0.0
2024-08-24 00:30:00,672.224218862515,0.0,251.0,0.0
2024-08-24 01:00:00,686.3959596354346,0.0,266.0,0.0
2024-08-24 01:30:00,595.2658470634312,0.0,251.99999999999997,0.0
2024-08-24 02:00:00,733.5078386941892,0.0,296.0,0.0
2024-08-24 02:30:00,772.1544117071427,0.0,304.0,0.0
2024-08-24 03:00:00,728.6962165450485,0.0,254.0,0.0
2024-08-24 03:30:00,650.4115367623199,0.0,246.0,0.0
2024-08-24 04:00:00,646.0229793994985,0.0,274.0,0.0
2024-08-24 04:30:00,591.901958084528,0.0,234.0,0.0
2024-08-24 05:00:00,732.8668055618335,0.0,342.0,0.0
2024-08-24 05:30:00,732.2096296570644,0.0,294.0,0.0
2024-08-24 06:00:00,744.9416545266625,0.0,287.0,0.0
2024-08-24 06:30:00,783.6738569451034,0.0,271.0,0.0
2024-08-24 07:00:00,696.4495967467536,0.0,248.0,0.0
2024-08-24 07:30:00,765.3094781355519,0.0,250.99999999999997,0.0
2024-08-24 08:00:00,758.1094366861314,0.0,310.0,0.0
2024-08-24 08:30:00,764.0951611150127,0.0,310.0,0.0
2024-08-24 09:00:00,658.9987233711554,0.0,278.0,0.0
2024-08-24 09:30:00,712.4797034153725,0.0,275.0,0.0
2024-08-24 10:00:00,685.3982245375939,0.0,261.0,0.0
2024-08-24 10:30:00,640.3544655857712,0.0,225.0,0.0
2024-08-24 11:00:00,619.4666041433339,0.0,242.0,0.0
2024-08-24 11:30:00,664.2763607298315,0.0,260.0,0.0
2024-08-24 12:00:00,660.5281807105324,0.0,260.0,0.0
2024-08-24 12:30:00,690.2050088872364,0.0,281.0,0.0
2024-08-24 13:00:00,604.8842113509219,0.0,262.0,0.0
2024-08-24 13:30:00,636.5061231178955,0.0,235.0,0.0
2024-08-24 14:00:00,606.1409050385265,0.0,191.0,0.0
2024-08-24 14:30:00,532.7449674263285,0.0,226.0,0.0
2024-08-24 15:00:00,600.2298212008488,0.0,225.0,0.0
2024-08-24 15:30:00,469.7975475475224,0.0,216.0,0.0
2024-08-24 16:00:00,755.789060022725,0.0,296.0,0.0
2024-08-24 16:30:00,613.94908406543,0.0,267.0,0.0
2024-08-24 17:00:00,606.8614924721112,0.0,254.0,0.0
2024-08-24 17:30:00,537.5121586293008,0.0,212.0,0.0
2024-08-24 18:00:00,721.4377268366703,0.0,295.0,0.0
2024-08-24 18:30:00,850.2227828934074,0.0,320.0,0.0
2024-08-24 19:00:00,576.4475856716014,0.0,247.0,0.0
2024-08-24 19:30:00,615.0232530025072,0.0,256.0,0.0
2024-08-24 20:00:00,629.0869160363112,0.0,249.0,0.0
2024-08-24 20:30:00,818.8713112608344,0.0,306.0,0.0
2024-08-24 21:00:00,949.2800481857321,0.0,381.0,0.0
2024-08-24 21:30:00,773.7293133417827,0.0,318.0,0.0
2024-08-24 22:00:00,743.9850980420789,0.0,296.0,0.0
2024-08-24 22:30:00,702.491881024746,0.0,252.0,0.0
2024-08-24 23:00:00,662.383259734483,0.0,265.0,0.0
2024-08-24 23:30:00,612.1239887594966,0.0,273.0,0.0
2024-08-25 00:00:00,816.4640063473644,0.0,278.0,0.0
2024-08-25 00:30:00,848.7541306028638,0.0,327.0,0.0
2024-08-25 01:00:00,1022.5376844704969,0.0,381.0,0.0
2024-08-25 01:30:00,871.4797830450684,0.0,315.0,0.0
2024-08-25 02:00:00,670.4386327129099,0.0,278.0,0.0
2024-08-25 02:30:00,728.8579064080932,0.0,281.0,0.0
2024-08-25 03:00:00,781.7819981359004,0.0,295.0,0.0
2024-08-25 03:30:00,1015.7452947381097,0.0,355.0,0.0
2024-08-25 04:00:00,886.1609035152968,0.0,358.0,0.0
2024-08-25 04:30:00,709.3839198564801,0.0,277.0,0.0
2024-08-25 05:00:00,705.1740446342968,0.0,277.0,0.0
2024-08-25 05:30:00,704.1543585525466,0.0,283.0,0.0
2024-08-25 06:00:00,1036.5526325952424,0.0,373.0,0.0
2024-08-25 06:30:00,879.390294104358,0.0,330.0,0.0
2024-08-25 07:00:00,716.9745707661649,0.0,280.0,0.0
2024-08-25 07:30:00,758.1090624488405,0.0,279.0,0.0
2024-08-25 08:00:00,747.4216659831418,0.0,268.0,0.0
2024-08-25 08:30:00,758.8270609195822,0.0,276.0,0.0
2024-08-25 09:00:00,655.4821151846958,0.0,256.0,0.0
2024-08-25 09:30:00,685.634064257168,0.0,265.0,0.0
2024-08-25 10:00:00,704.1813624841957,0.0,275.0,0.0
2024-08-25 10:30:00,641.804448654623,0.0,245.0,0.0
2024-08-25 11:00:00,682.5304864235117,0.0,246.0,0.0
2024-08-25 11:30:00,633.7918991804199,0.0,229.00000000000003,0.0
2024-08-25 12:00:00,799.2384596093251,0.0,296.0,0.0
2024-08-25 12:30:00,824.2964148650897,0.0,288.0,0.0
2024-08-25 13:00:00,704.045951674821,0.0,239.99999999999997,0.0
2024-08-25 13:30:00,639.656568538998,0.0,206.00000000000003,0.0
2024-08-25 14:00:00,552.6900809735354,0.0,219.0,0.0
2024-08-25 14:30:00,847.7993246445697,0.0,320.0,0.0
2024-08-25 15:00:00,741.8652924467775,0.0,284.0,0.0
2024-08-25 15:30:00,819.3931399661398,0.0,287.0,0.0
2024-08-25 16:00:00,805.7380546116415,0.0,300.0,0.0
2024-08-25 16:30:00,787.5864438410628,0.0,279.0,0.0
2024-08-25 17:00:00,941.2282352237557,0.0,319.0,0.0
2024-08-25 17:30:00,808.436772323702,0.0,292.0,0.0
2024-08-25 18:00:00,821.582536781887,0.0,274.0,0.0
2024-08-25 18:30:00,864.4432444850283,0.0,295.0,0.0
2024-08-25 19:00:00,826.650764078028,0.0,307.0,0.0
2024-08-25 19:30:00,1028.9085238894438,0.0,350.0,0.0
2024-08-25 20:00:00,962.991945113588,0.0,370.0,0.0
2024-08-25 20:30:00,1006.708828925504,0.0,354.0,0.0
2024-08-25 21:00:00,934.5977607309721,0.0,355.0,0.0
2024-08-25 21:30:00,1012.5492482389543,0.0,395.0,0.0
2024-08-25 22:00:00,977.9899406889641,0.0,381.0,0.0
2024-08-25 22:30:00,907.6809644551115,0.0,354.0,0.0
2024-08-25 23:00:00,948.3232685831824,0.0,362.0,0.0
2024-08-25 23:30:00,827.9051305570204,0.0,351.0,0.0
2024-08-26 00:00:00,785.5496557845639,0.0,353.0,0.0
2024-08-26 00:30:00,693.8439973382997,0.0,286.0,0.0
2024-08-26 01:00:00,636.7287879538447,0.0,274.0,0.0
2024-08-26 01:30:00,808.8166528089602,0.0,345.0,0.0
2024-08-26 02:00:00,842.9192629392438,0.0,363.0,0.0
2024-08-26 02:30:00,720.9556847567826,0.0,300.0,0.0
2024-08-26 03:00:00,735.5691770406931,0.0,289.0,0.0
2024-08-26 03:30:00,667.8775025559601,0.0,268.0,0.0
2024-08-26 04:00:00,695.8773306430837,0.0,284.0,0.0
2024-08-26 04:30:00,654.7023667058248,0.0,275.0,0.0
2024-08-26 05:00:00,642.2156899399465,0.0,307.0,0.0
2024-08-26 05:30:00,612.365514318147,0.0,284.0,0.0
2024-08-26 06:00:00,699.2661275374063,0.0,298.0,0.0
2024-08-26 06:30:00,609.6821534464797,0.0,268.0,0.0
2024-08-26 07:00:00,690.6559313471788,0.0,338.0,0.0
2024-08-26 07:30:00,863.2483114377524,0.0,342.0,0.0
2024-08-26 08:00:00,645.5093256532641,0.0,259.0,0.0
2024-08-26 08:30:00,715.8321992094188,0.0,263.0,0.0
2024-08-26 09:00:00,754.7458302556928,0.0,332.0,0.0
2024-08-26 09:30:00,1079.016211798141,0.0,430.0,0.0
2024-08-26 10:00:00,864.7318399748941,0.0,291.0,0.0
2024-08-26 10:30:00,734.3017785832108,0.0,268.0,0.0
2024-08-26 11:00:00,786.3386135003828,0.0,281.0,0.0
2024-08-26 11:30:00,820.7616337061328,0.0,300.0,0.0
2024-08-26 12:00:00,921.2517836040381,0.0,389.0,0.0
2024-08-26 12:30:00,1026.9935611988278,0.0,424.0,0.0
2024-08-26 13:00:00,840.7827995198506,0.0,352.0,0.0
2024-08-26 13:30:00,831.2668868339146,0.0,310.0,0.0
2024-08-26 14:00:00,792.1836783733646,0.0,296.0,0.0
2024-08-26 14:30:00,804.3120596003057,0.0,278.0,0.0
2024-08-26 15:00:00,985.8335543577672,0.0,382.0,0.0
2024-08-26 15:30:00,1061.4879985206162,0.0,415.0,0.0
2024-08-26 16:00:00,949.5730059899663,0.0,373.0,0.0
2024-08-26 16:30:00,827.4603548808526,0.0,321.0,0.0
2024-08-26 17:00:00,768.1193256087829,0.0,308.0,0.0
2024-08-26 17:30:00,958.1404687675272,0.0,357.0,0.0
2024-08-26 18:00:00,910.3274924086944,0.0,359.0,0.0
2024-08-26 18:30:00,776.4131640324993,0.0,292.0,0.0
2024-08-26 19:00:00,719.5188644917449,0.0,270.0,0.0
2024-08-26 19:30:00,690.5232209400302,0.0,270.0,0.0
2024-08-26 20:00:00,790.0781278815409,0.0,347.0,0.0
2024-08-26 20:30:00,938.5489555355417,0.0,369.0,0.0
2024-08-26 21:00:00,776.2999571130473,0.0,311.0,0.0
2024-08-26 21:30:00,649.8061171570491,0.0,267.0,0.0
2024-08-26 22:00:00,772.6449247763967,0.0,300.0,0.0
2024-08-26 22:30:00,944.3414451742487,0.0,342.0,0.0
2024-08-26 23:00:00,855.3742978171413,0.0,367.0,0.0
2024-08-26 23:30:00,801.9596539175184,0.0,285.0,0.0
2024-08-27 00:00:00,636.363001156076,0.0,267.0,0.0
2024-08-27 00:30:00,589.5312309084557,0.0,244.0,0.0
2024-08-27 01:00:00,805.244061234476,0.0,302.0,0.0
2024-08-27 01:30:00,770.2529047438534,0.0,300.0,0.0
2024-08-27 02:00:00,706.8861807450503,0.0,269.0,0.0
2024-08-27 02:30:00,683.6680666294984,0.0,256.0,0.0
2024-08-27 03:00:00,604.0259793046948,0.0,237.0,0.0
2024-08-27 03:30:00,643.4799555370801,0.0,236.0,0.0
2024-08-27 04:00:00,677.464243360702,0.0,255.0,0.0
2024-08-27 04:30:00,775.6093422955787,0.0,339.0,0.0
2024-08-27 05:00:00,794.7578373864277,0.0,325.0,0.0
2024-08-27 05:30:00,703.9448845166174,0.0,258.0,0.0
2024-08-27 06:00:00,621.1370505556382,0.0,259.0,0.0
2024-08-27 06:30:00,711.8021927487177,0.0,307.0,0.0
2024-08-27 07:00:00,697.0221778835357,0.0,300.0,0.0
2024-08-27 07:30:00,604.9544419479588,0.0,226.0,0.0
2024-08-27 08:00:00,614.2307168043412,0.0,224.0,0.0
2024-08-27 08:30:00,529.0617250411836,0.0,199.0,0.0
2024-08-27 09:00:00,477.3971739047829,0.0,202.0,0.0
2024-08-27 09:30:00,555.8712971328523,0.0,213.0,0.0
2024-08-27 10:00:00,656.0107924806662,0.0,230.0,0.0
2024-08-27 10:30:00,646.5557682639528,0.0,238.0,0.0
2024-08-27 11:00:00,666.9201323347714,0.0,248.0,0.0
2024-08-27 11:30:00,656.5775363155113,0.0,248.0,0.0
2024-08-27 12:00:00,750.2029817521386,0.0,278.0,0.0
2024-08-27 12:30:00,903.6649230257426,0.0,369.0,0.0
2024-08-27 13:00:00,776.9331314470099,0.0,281.0,0.0
2024-08-27 13:30:00,708.3694090358746,0.0,268.0,0.0
2024-08-27 14:00:00,685.6165185054202,0.0,239.99999999999997,0.0
2024-08-27 14:30:00,847.23037075095,0.0,327.0,0.0
2024-08-27 15:00:00,864.7020244349518,0.0,353.0,0.0
2024-08-27 15:30:00,797.972135319653,0.0,292.0,0.0
2024-08-27 16:00:00,778.3093169086461,0.0,296.0,0.0
2024-08-27 16:30:00,694.8194663157035,0.0,248.0,0.0
2024-08-27 17:00:00,816.317628216976,0.0,322.0,0.0
2024-08-27 17:30:00,829.0394789071668,0.0,334.0,0.0
2024-08-27 18:00:00,740.8174718571364,0.0,304.0,0.0
2024-08-27 18:30:00,675.51564219858,0.0,270.0,0.0
2024-08-27 19:00:00,648.6874753684266,0.0,250.0,0.0
2024-08-27 19:30:00,849.5358735023161,0.0,333.0,0.0
2024-08-27 20:00:00,806.733938979066,0.0,321.0,0.0
2024-08-27 20:30:00,711.2019816267,0.0,288.0,0.0
2024-08-27 21:00:00,576.087470761728,0.0,245.0,0.0
2024-08-27 21:30:00,576.8075418514301,0.0,277.0,0.0
2024-08-27 22:00:00,829.8756050369957,0.0,334.0,0.0
2024-08-27 22:30:00,944.8153517797971,0.0,333.0,0.0
2024-08-27 23:00:00,838.1733598078756,0.0,294.0,0.0
2024-08-27 23:30:00,651.9140530437215,0.0,266.0,0.0
2024-08-28 00:00:00,514.6060952407356,0.0,201.0,0.0
2024-08-28 00:30:00,537.1554622464112,0.0,196.0,0.0
2024-08-28 01:00:00,589.6474036580477,0.0,240.0,0.0
2024-08-28 01:30:00,764.1882616063904,0.0,294.0,0.0
2024-08-28 02:00:00,581.1577177791686,0.0,224.0,0.0
2024-08-28 02:30:00,579.9567669750408,0.0,233.0,0.0
2024-08-28 03:00:00,479.0381946490512,0.0,189.0,0.0
2024-08-28 03:30:00,675.0224671923688,0.0,231.0,0.0
2024-08-28 04:00:00,758.5430483745234,0.0,292.0,0.0
2024-08-28 04:30:00,620.5261099356726,0.0,234.99999999999997,0.0
2024-08-28 05:00:00,566.8903422448562,0.0,236.0,0.0
2024-08-28 05:30:00,527.9941535711081,0.0,251.0,0.0
2024-08-28 06:00:00,545.4865097349459,0.0,250.0,0.0
2024-08-28 06:30:00,662.9366077623262,0.0,252.0,0.0
2024-08-28 07:00:00,613.5443818824048,0.0,248.0,0.0
2024-08-28 07:30:00,609.0339692399639,0.0,239.0,0.0
2024-08-28 08:00:00,680.9844778951741,0.0,246.0,0.0
2024-08-28 08:30:00,739.8658250940722,0.0,253.0,0.0
2024-08-28 09:00:00,896.453606155953,0.0,369.0,0.0
2024-08-28 09:30:00,909.2036837593212,0.0,348.0,0.0
2024-08-28 10:00:00,728.8090906483341,0.0,270.0,0.0
2024-08-28 10:30:00,676.1246149776047,0.0,244.0,0.0
2024-08-28 11:00:00,706.0657236842505,0.0,266.0,0.0
2024-08-28 11:30:00,619.4313823889395,0.0,253.0,0.0
2024-08-28 12:00:00,824.0108211723752,0.0,312.0,0.0
2024-08-28 12:30:00,789.6380474876723,0.0,383.0,0.0
2024-08-28 13:00:00,753.4669403562698,0.0,307.0,0.0
2024-08-28 13:30:00,671.9294967043479,0.0,249.0,0.0
2024-08-28 14:00:00,663.2718762595068,0.0,275.0,0.0
2024-08-28 14:30:00,676.9361441399113,0.0,256.0,0.0
2024-08-28 15:00:00,912.2088780257451,0.0,318.0,0.0
2024-08-28 15:30:00,998.8112424662753,0.0,383.0,0.0
2024-08-28 16:00:00,763.3926609161136,0.0,288.0,0.0
2024-08-28 16:30:00,732.0982993362005,0.0,289.0,0.0
2024-08-28 17:00:00,706.6058709816534,0.0,287.0,0.0
2024-08-28 17:30:00,969.3663990732354,0.0,395.0,0.0
2024-08-28 18:00:00,798.7596660780491,0.0,333.0,0.0
2024-08-28 18:30:00,632.7606244692521,0.0,268.0,0.0
2024-08-28 19:00:00,657.1147163998627,0.0,266.0,0.0
2024-08-28 19:30:00,693.187968837356,0.0,272.0,0.0
2024-08-28 20:00:00,908.7521611871385,0.0,352.0,0.0
2024-08-28 20:30:00,848.5761860729481,0.0,328.0,0.0
2024-08-28 21:00:00,678.6737765331726,0.0,273.0,0.0
2024-08-28 21:30:00,787.152248090886,0.0,281.0,0.0
2024-08-28 22:00:00,784.6383024560683,0.0,320.0,0.0
2024-08-28 22:30:00,968.9917481783407,0.0,402.0,0.0
2024-08-28 23:00:00,759.2498608136754,0.0,321.0,0.0
2024-08-28 23:30:00,777.6716340760361,0.0,314.0,0.0
2024-08-29 00:00:00,612.8363129679391,0.0,223.00000000000003,0.0
2024-08-29 00:30:00,569.9716388070274,0.0,236.0,0.0
2024-08-29 01:00:00,789.1481591071602,0.0,302.0,0.0
2024-08-29 01:30:00,877.2137449686678,0.0,342.0,0.0
2024-08-29 02:00:00,756.6175305957212,0.0,292.0,0.0
2024-08-29 02:30:00,644.5309348152675,0.0,265.0,0.0
2024-08-29 03:00:00,678.7834007256745,0.0,292.0,0.0
2024-08-29 03:30:00,866.539797015759,0.0,339.0,0.0
2024-08-29 04:00:00,791.5259412248827,0.0,318.0,0.0
2024-08-29 04:30:00,693.3257414248892,0.0,254.00000000000003,0.0
2024-08-29 05:00:00,671.389497811845,0.0,268.0,0.0
2024-08-29 05:30:00,793.8565757265372,0.0,298.0,0.0
2024-08-29 06:00:00,829.4695898174003,0.0,342.0,0.0
2024-08-29 06:30:00,749.7569657294089,0.0,308.0,0.0
2024-08-29 07:00:00,669.9785963398436,0.0,267.0,0.0
2024-08-29 07:30:00,659.7302482935428,0.0,253.0,0.0
2024-08-29 08:00:00,892.7671903968428,0.0,341.0,0.0
2024-08-29 08:30:00,896.3494535624641,0.0,348.0,0.0
2024-08-29 09:00:00,785.7508508420877,0.0,277.0,0.0
2024-08-29 09:30:00,704.1926494716964,0.0,259.0,0.0
2024-08-29 10:00:00,728.3314051561043,0.0,268.0,0.0
2024-08-29 10:30:00,901.3573622619372,0.0,381.0,0.0
2024-08-29 11:00:00,732.1806109740073,0.0,323.0,0.0
2024-08-29 11:30:00,793.3900092342852,0.0,305.0,0.0
2024-08-29 12:00:00,697.4903107233669,0.0,276.0,0.0
2024-08-29 12:30:00,672.4498822886754,0.0,254.0,0.0
2024-08-29 13:00:00,718.2022283355604,0.0,273.0,0.0
2024-08-29 13:30:00,637.021613419603,0.0,255.0,0.0
2024-08-29 14:00:00,662.5512564434845,0.0,267.0,0.0
2024-08-29 14:30:00,710.9870158731102,0.0,250.0,0.0
2024-08-29 15:00:00,665.3842518658105,0.0,242.0,0.0
2024-08-29 15:30:00,566.5031550010838,0.0,214.0,0.0
2024-08-29 16:00:00,602.0524436449022,0.0,232.0,0.0
2024-08-29 16:30:00,585.0165566876823,0.0,205.0,0.0
2024-08-29 17:00:00,563.7192203102854,0.0,194.0,0.0
2024-08-29 17:30:00,513.2597977582976,0.0,210.0,0.0
2024-08-29 18:00:00,562.707722773906,0.0,213.0,0.0
2024-08-29 18:30:00,547.4680573854375,0.0,218.0,0.0
2024-08-29 19:00:00,512.185223715491,0.0,211.0,0.0
2024-08-29 19:30:00,485.3664106337041,0.0,206.0,0.0
2024-08-29 20:00:00,547.6147647279847,0.0,197.0,0.0
2024-08-29 20:30:00,522.1489012575128,0.0,187.0,0.0
2024-08-29 21:00:00,481.3370119034794,0.0,188.0,0.0
2024-08-29 21:30:00,587.7596225853694,0.0,234.99999999999997,0.0
2024-08-29 22:00:00,699.4048483088733,0.0,230.99999999999997,0.0
2024-08-29 22:30:00,723.7766870463481,0.0,286.0,0.0
2024-08-29 23:00:00,794.5670352483052,0.0,316.0,0.0
2024-08-29 23:30:00,611.165570101007,0.0,248.0,0.0
2024-08-30 00:00:00,923.0647956844689,0.0,385.0,0.0
2024-08-30 00:30:00,774.3568160226213,0.0,288.0,0.0
2024-08-30 01:00:00,708.7725892733409,0.0,325.0,0.0
2024-08-30 01:30:00,815.5298360903355,0.0,347.0,0.0
2024-08-30 02:00:00,1005.5093935831586,0.0,387.0,0.0
2024-08-30 02:30:00,837.4950831970034,0.0,347.0,0.0
2024-08-30 03:00:00,706.3934080487289,0.0,322.0,0.0
2024-08-30 03:30:00,794.7517363985494,0.0,309.0,0.0
2024-08-30 04:00:00,833.107566773458,0.0,334.0,0.0
2024-08-30 04:30:00,914.6868837332797,0.0,417.0,0.0
2024-08-30 05:00:00,783.2344221449412,0.0,333.0,0.0
2024-08-30 05:30:00,703.3311428638441,0.0,321.0,0.0
2024-08-30 06:00:00,790.0479343056454,0.0,341.0,0.0
2024-08-30 06:30:00,808.6303983564243,0.0,349.0,0.0
2024-08-30 07:00:00,1025.3045091296854,0.0,430.0,0.0
2024-08-30 07:30:00,843.8310909975911,0.0,347.0,0.0
2024-08-30 08:00:00,765.6239419094582,0.0,337.0,0.0
2024-08-30 08:30:00,817.2156569164009,0.0,320.0,0.0
2024-08-30 09:00:00,884.6625202260797,0.0,386.0,0.0
2024-08-30 09:30:00,1008.9236718315818,0.0,430.0,0.0
2024-08-30 10:00:00,760.2906972297336,0.0,340.0,0.0
2024-08-30 10:30:00,793.7426743559893,0.0,335.0,0.0
2024-08-30 11:00:00,784.3227834533885,0.0,281.0,0.0
2024-08-30 11:30:00,756.2884277697749,0.0,306.0,0.0
2024-08-30 12:00:00,798.2778505603079,0.0,292.0,0.0
2024-08-30 12:30:00,724.4988683774993,0.0,326.0,0.0
2024-08-30 13:00:00,737.6544428664989,0.0,292.0,0.0
2024-08-30 13:30:00,780.6934248824862,0.0,297.0,0.0
2024-08-30 14:00:00,809.4747754934378,0.0,291.0,0.0
2024-08-30 14:30:00,640.5719880105485,0.0,252.0,0.0
2024-08-30 15:00:00,828.617437241292,0.0,329.0,0.0
2024-08-30 15:30:00,875.2313694876062,0.0,345.0,0.0
2024-08-30 16:00:00,653.8306786137105,0.0,271.0,0.0
2024-08-30 16:30:00,630.5986755259335,0.0,265.0,0.0
2024-08-30 17:00:00,730.3556009671935,0.0,289.0,0.0
2024-08-30 17:30:00,721.5554197383102,0.0,302.0,0.0
2024-08-30 18:00:00,706.7239229623053,0.0,276.0,0.0
2024-08-30 18:30:00,631.5175575993715,0.0,241.0,0.0
2024-08-30 19:00:00,579.8470890261634,0.0,239.0,0.0
2024-08-30 19:30:00,559.6391433827041,0.0,233.0,0.0
2024-08-30 20:00:00,587.7643136299475,0.0,244.0,0.0
2024-08-30 20:30:00,657.0659846999034,0.0,248.0,0.0
2024-08-30 21:00:00,676.9520743102427,0.0,247.99999999999997,0.0
2024-08-30 21:30:00,625.7140363231931,0.0,266.0,0.0
2024-08-30 22:00:00,718.2690823421501,0.0,271.0,0.0
2024-08-30 22:30:00,752.2965607169149,0.0,282.0,0.0
2024-08-30 23:00:00,867.8865345188154,0.0,318.0,0.0
2024-08-30 23:30:00,776.7221922392783,0.0,330.0,0.0
2024-08-31 00:00:00,501.6339792204133,0.0,273.0,0.0
2024-08-31 00:30:00,471.5849370074421,0.0,271.0,0.0
2024-08-31 01:00:00,513.2605374982426,0.0,303.0,0.0
2024-08-31 01:30:00,582.8797726448197,0.0,351.99999999999994,0.0
2024-08-31 02:00:00,549.7605409831123,0.0,301.0,0.0
2024-08-31 02:30:00,445.55817958151187,0.0,274.0,0.0
2024-08-31 03:00:00,455.15720745554546,0.0,290.0,0.0
2024-08-31 03:30:00,474.94104898929345,0.0,285.0,0.0
2024-08-31 04:00:00,639.3990936734943,0.0,356.0,0.0
2024-08-31 04:30:00,508.4431711091712,0.0,341.0,0.0
2024-08-31 05:00:00,487.4511714063319,0.0,264.0,0.0
2024-08-31 05:30:00,485.71454271510527,0.0,270.0,0.0
2024-08-31 06:00:00,528.0222655015777,0.0,318.0,0.0
2024-08-31 06:30:00,609.7331390624154,0.0,376.0,0.0
2024-08-31 07:00:00,513.5264310057778,0.0,310.0,0.0
2024-08-31 07:30:00,480.91256999924707,0.0,277.0,0.0
2024-08-31 08:00:00,513.8168984361664,0.0,306.0,0.0
2024-08-31 08:30:00,633.2821374628988,0.0,338.0,0.0
2024-08-31 09:00:00,609.7157623538477,0.0,335.0,0.0
2024-08-31 09:30:00,499.393185397772,0.0,298.0,0.0
2024-08-31 10:00:00,467.39912554949177,0.0,290.0,0.0
2024-08-31 10:30:00,579.4680381390644,0.0,348.0,0.0
2024-08-31 11:00:00,630.0982801004036,0.0,374.0,0.0
2024-08-31 11:30:00,473.2534328528033,0.0,283.0,0.0
2024-08-31 12:00:00,437.5507359357049,0.0,271.0,0.0
2024-08-31 12:30:00,407.5346880512495,0.0,272.0,0.0
2024-08-31 13:00:00,538.0868745887498,0.0,295.0,0.0
2024-08-31 13:30:00,612.3208150585328,0.0,345.0,0.0
2024-08-31 14:00:00,509.23228143977906,0.0,301.0,0.0
2024-08-31 14:30:00,537.9618416588119,0.0,299.0,0.0
2024-08-31 15:00:00,487.7763794164599,0.0,279.0,0.0
2024-08-31 15:30:00,662.3304733083035,0.0,345.0,0.0
2024-08-31 16:00:00,602.8721202329253,0.0,348.0,0.0
2024-08-31 16:30:00,471.8004602557722,0.0,308.0,0.0
2024-08-31 17:00:00,470.3522517185111,0.0,271.0,0.0
2024-08-31 17:30:00,512.8564515058191,0.0,293.0,0.0
2024-08-31 18:00:00,593.0601616381941,0.0,361.0,0.0
2024-08-31 18:30:00,512.7883747169329,0.0,318.0,0.0
2024-08-31 19:00:00,513.787687758954,0.0,301.0,0.0
2024-08-31 19:30:00,463.2583051726219,0.0,282.0,0.0
2024-08-31 20:00:00,508.2065747710443,0.0,300.0,0.0
2024-08-31 20:30:00,489.6246547561394,0.0,288.0,0.0
2024-08-31 21:00:00,542.8977816512675,0.0,270.0,0.0
2024-08-31 21:30:00,440.3355995430085,0.0,287.0,0.0
2024-08-31 22:00:00,473.6972418218,0.0,284.0,0.0
2024-08-31 22:30:00,500.3291734825576,0.0,272.0,0.0
2024-08-31 23:00:00,482.3268080974362,0.0,297.0,0.0
2024-08-31 23:30:00,554.6118403263238,0.0,335.0,0.0
2024-09-01 00:00:00,785.9525761323908,0.0,278.0,0.0
2024-09-01 00:30:00,955.2975904603319,0.0,327.0,0.0
2024-09-01 01:00:00,948.3814193718538,0.0,381.0,0.0
2024-09-01 01:30:00,800.8101089071558,0.0,315.0,0.0
2024-09-01 02:00:00,718.1694072786713,0.0,278.0,0.0
2024-09-01 02:30:00,768.8308272702125,0.0,281.0,0.0
2024-09-01 03:00:00,786.4178479855667,0.0,295.0,0.0
2024-09-01 03:30:00,913.1374978831352,0.0,355.0,0.0
2024-09-01 04:00:00,997.5521277870315,0.0,358.0,0.0
2024-09-01 04:30:00,772.6201963394957,0.0,277.0,0.0
2024-09-01 05:00:00,753.2927495297291,0.0,277.0,0.0
2024-09-01 05:30:00,726.2212049570527,0.0,283.0,0.0
2024-09-01 06:00:00,1014.0004650713834,0.0,373.0,0.0
2024-09-01 06:30:00,884.9961157711617,0.0,330.0,0.0
2024-09-01 07:00:00,742.8588660866419,0.0,280.0,0.0
2024-09-01 07:30:00,773.1900089267535,0.0,279.0,0.0
2024-09-01 08:00:00,820.4267431610045,0.0,268.0,0.0
2024-09-01 08:30:00,802.3812540879729,0.0,276.0,0.0
2024-09-01 09:00:00,750.385521858767,0.0,256.0,0.0
2024-09-01 09:30:00,755.5619814636714,0.0,265.0,0.0
2024-09-01 10:00:00,747.8985009866889,0.0,275.0,0.0
2024-09-01 10:30:00,662.9357262769857,0.0,244.99999999999997,0.0
2024-09-01 11:00:00,726.4803841460848,0.0,246.0,0.0
2024-09-01 11:30:00,653.4277426143434,0.0,229.0,0.0
2024-09-01 12:00:00,947.3523502615618,0.0,296.0,0.0
2024-09-01 12:30:00,859.6860350642031,0.0,288.0,0.0
2024-09-01 13:00:00,670.5223017119004,0.0,240.0,0.0
2024-09-01 13:30:00,598.2428580109722,0.0,206.0,0.0
2024-09-01 14:00:00,591.9324114834747,0.0,219.0,0.0
2024-09-01 14:30:00,894.11881313608,0.0,320.0,0.0
2024-09-01 15:00:00,810.4709221802846,0.0,284.0,0.0
2024-09-01 15:30:00,814.1981691289665,0.0,287.0,0.0
2024-09-01 16:00:00,886.6227056498972,0.0,300.0,0.0
2024-09-01 16:30:00,805.7739547512601,0.0,279.0,0.0
2024-09-01 17:00:00,852.3650710545481,0.0,319.0,0.0
2024-09-01 17:30:00,811.2418485962444,0.0,292.0,0.0
2024-09-01 18:00:00,755.5992630379089,0.0,274.0,0.0
2024-09-01 18:30:00,930.392457009118,0.0,295.0,0.0
2024-09-01 19:00:00,844.9022417009247,0.0,307.0,0.0
2024-09-01 19:30:00,1044.51401396223,0.0,350.0,0.0
2024-09-01 20:00:00,1039.6193155627936,0.0,370.0,0.0
2024-09-01 20:30:00,976.6095010633754,0.0,354.0,0.0
2024-09-01 21:00:00,975.9947186986316,0.0,355.0,0.0
2024-09-01 21:30:00,1016.0180435738671,0.0,395.0,0.0
2024-09-01 22:00:00,1003.4910654028591,0.0,381.0,0.0
2024-09-01 22:30:00,1054.1782268032603,0.0,354.0,0.0
2024-09-01 23:00:00,993.62967729456,0.0,362.0,0.0
2024-09-01 23:30:00,1015.0268646688243,0.0,351.0,0.0
2024-09-02 00:00:00,855.7090040938759,0.0,353.0,0.0
2024-09-02 00:30:00,778.1689912268988,0.0,286.0,0.0
2024-09-02 01:00:00,666.3683411709949,0.0,274.0,0.0
2024-09-02 01:30:00,856.476821811274,0.0,345.0,0.0
2024-09-02 02:00:00,845.3623592332921,0.0,363.0,0.0
2024-09-02 02:30:00,742.5965062955361,0.0,300.0,0.0
2024-09-02 03:00:00,739.6580841025577,0.0,289.0,0.0
2024-09-02 03:30:00,695.0228071650714,0.0,268.0,0.0
2024-09-02 04:00:00,736.3762404994591,0.0,284.0,0.0
2024-09-02 04:30:00,650.7123495883969,0.0,275.0,0.0
2024-09-02 05:00:00,664.621440740445,0.0,307.0,0.0
2024-09-02 05:30:00,665.8460261369322,0.0,284.0,0.0
2024-09-02 06:00:00,640.7270017504155,0.0,298.0,0.0
2024-09-02 06:30:00,619.4565715078385,0.0,268.0,0.0
2024-09-02 07:00:00,762.3278608180076,0.0,338.0,0.0
2024-09-02 07:30:00,940.7799198137612,0.0,342.0,0.0
2024-09-02 08:00:00,707.0029329504304,0.0,259.0,0.0
2024-09-02 08:30:00,708.6076589950485,0.0,263.0,0.0
2024-09-02 09:00:00,804.4335590581163,0.0,332.0,0.0
2024-09-02 09:30:00,1035.4246438395392,0.0,430.0,0.0
2024-09-02 10:00:00,841.7504322982662,0.0,291.0,0.0
2024-09-02 10:30:00,814.9152080395415,0.0,268.0,0.0
2024-09-02 11:00:00,846.379675372811,0.0,281.0,0.0
2024-09-02 11:30:00,808.9328634775617,0.0,300.0,0.0
2024-09-02 12:00:00,856.987842974643,0.0,389.0,0.0
2024-09-02 12:30:00,940.2168655053064,0.0,424.0,0.0
2024-09-02 13:00:00,903.3324385938731,0.0,352.0,0.0
2024-09-02 13:30:00,728.3142936986621,0.0,310.0,0.0
2024-09-02 14:00:00,902.142964045779,0.0,296.0,0.0
2024-09-02 14:30:00,830.0564092254093,0.0,278.0,0.0
2024-09-02 15:00:00,930.4174715276764,0.0,382.0,0.0
2024-09-02 15:30:00,989.1744133873234,0.0,415.0,0.0
2024-09-02 16:00:00,1000.5179065865433,0.0,373.0,0.0
2024-09-02 16:30:00,771.9234221742322,0.0,321.0,0.0
2024-09-02 17:00:00,718.5740076371186,0.0,308.0,0.0
2024-09-02 17:30:00,874.1492889176669,0.0,357.0,0.0
2024-09-02 18:00:00,935.0636957287312,0.0,359.0,0.0
2024-09-02 18:30:00,809.5725074609269,0.0,292.0,0.0
2024-09-02 19:00:00,742.7607764367522,0.0,270.0,0.0
2024-09-02 19:30:00,759.4709242363886,0.0,270.0,0.0
2024-09-02 20:00:00,863.2333932905715,0.0,347.0,0.0
2024-09-02 20:30:00,981.5742940865258,0.0,369.0,0.0
2024-09-02 21:00:00,772.9280674363133,0.0,311.0,0.0
2024-09-02 21:30:00,640.9235477941289,0.0,267.0,0.0
2024-09-02 22:00:00,742.7697751763086,0.0,300.0,0.0
2024-09-02 22:30:00,862.336327614595,0.0,342.0,0.0
2024-09-02 23:00:00,919.5157817792623,0.0,367.0,0.0
2024-09-02 23:30:00,740.6041605314075,0.0,285.0,0.0
2024-09-03 00:00:00,157.3289832692872,0.0,69.0,0.0
2024-09-03 00:30:00,163.92737236753092,0.0,68.0,0.0
2024-09-03 01:00:00,135.3862329080737,0.0,65.0,0.0
2024-09-03 01:30:00,142.22323511230528,0.0,67.0,0.0
2024-09-03 02:00:00,141.5077636176916,0.0,69.0,0.0
2024-09-03 02:30:00,132.56325587801072,0.0,64.0,0.0
2024-09-03 03:00:00,133.9386685201705,0.0,63.0,0.0
2024-09-03 03:30:00,149.43317606842984,0.0,63.0,0.0
2024-09-03 04:00:00,140.359003345114,0.0,65.0,0.0
2024-09-03 04:30:00,134.84220956764204,0.0,66.0,0.0
2024-09-03 05:00:00,125.6732059141065,0.0,66.0,0.0
2024-09-03 05:30:00,126.4150566294594,0.0,66.0,0.0
2024-09-03 06:00:00,133.597716978769,0.0,65.0,0.0
2024-09-03 06:30:00,130.91626922722267,0.0,62.0,0.0
2024-09-03 07:00:00,138.82716404223393,0.0,61.0,0.0
2024-09-03 07:30:00,143.8080450108644,0.0,62.0,0.0
2024-09-03 08:00:00,163.56674401509767,0.0,57.0,0.0
2024-09-03 08:30:00,177.13759562583925,0.0,58.0,0.0
2024-09-03 09:00:00,183.27520241265893,0.0,60.0,0.0
2024-09-03 09:30:00,148.75523044871278,0.0,58.0,0.0
2024-09-03 10:00:00,150.74746405445416,0.0,57.0,0.0
2024-09-03 10:30:00,147.34581620594,0.0,56.0,0.0
2024-09-03 11:00:00,159.23178216316276,0.0,59.0,0.0
2024-09-03 11:30:00,151.3686339089158,0.0,61.0,0.0
2024-09-03 12:00:00,178.1414748515384,0.0,63.99999999999999,0.0
2024-09-03 12:30:00,192.81868617761683,0.0,68.0,0.0
2024-09-03 13:00:00,240.82795955885078,0.0,80.0,0.0
2024-09-03 13:30:00,252.6347506852585,0.0,71.0,0.0
2024-09-03 14:00:00,230.69474622758182,0.0,67.0,0.0
2024-09-03 14:30:00,245.04844451886225,0.0,77.0,0.0
2024-09-03 15:00:00,228.21853567184948,0.0,76.0,0.0
2024-09-03 15:30:00,216.02765805362938,0.0,73.0,0.0
2024-09-03 16:00:00,219.80094054526805,0.0,72.0,0.0
2024-09-03 16:30:00,235.3594396995267,0.0,65.0,0.0
2024-09-03 17:00:00,221.02092039804987,0.0,66.0,0.0
2024-09-03 17:30:00,202.42095581371672,0.0,68.0,0.0
2024-09-03 18:00:00,164.21194489592136,0.0,70.0,0.0
2024-09-03 18:30:00,175.06899170583677,0.0,70.0,0.0
2024-09-03 19:00:00,151.22639215876654,0.0,65.0,0.0
2024-09-03 19:30:00,152.40357727402608,0.0,72.0,0.0
2024-09-03 20:00:00,160.73912126801457,0.0,70.0,0.0
2024-09-03 20:30:00,182.66136438751926,0.0,72.0,0.0
2024-09-03 21:00:00,186.7452420138442,0.0,71.0,0.0
2024-09-03 21:30:00,166.71185147587937,0.0,78.0,0.0
2024-09-03 22:00:00,168.83019737702242,0.0,76.0,0.0
2024-09-03 22:30:00,162.29919956145156,0.0,78.0,0.0
2024-09-03 23:00:00,179.57790680905163,0.0,78.0,0.0
2024-09-03 23:30:00,182.4258913799885,0.0,81.0,0.0
2024-09-04 00:00:00,670.3855968690574,0.0,265.0,0.0
2024-09-04 00:30:00,693.84639824812,0.0,288.0,0.0
2024-09-04 01:00:00,812.0116853085673,0.0,337.0,0.0
2024-09-04 01:30:00,686.1072349212985,0.0,246.0,0.0
2024-09-04 02:00:00,622.2206293772828,0.0,246.99999999999997,0.0
2024-09-04 02:30:00,627.8291956750439,0.0,282.0,0.0
2024-09-04 03:00:00,651.7422596590627,0.0,263.0,0.0
2024-09-04 03:30:00,800.3961362932663,0.0,311.0,0.0
2024-09-04 04:00:00,738.136687841506,0.0,272.0,0.0
2024-09-04 04:30:00,674.334766159547,0.0,260.0,0.0
2024-09-04 05:00:00,623.3792055287493,0.0,281.0,0.0
2024-09-04 05:30:00,642.6935437585832,0.0,263.0,0.0
2024-09-04 06:00:00,665.9470298995675,0.0,257.0,0.0
2024-09-04 06:30:00,830.4578194021982,0.0,336.0,0.0
2024-09-04 07:00:00,792.8174514411219,0.0,327.0,0.0
2024-09-04 07:30:00,710.3224351707466,0.0,282.0,0.0
2024-09-04 08:00:00,631.174380050287,0.0,240.00000000000003,0.0
2024-09-04 08:30:00,824.4161776532918,0.0,304.0,0.0
2024-09-04 09:00:00,885.1190188878002,0.0,351.0,0.0
2024-09-04 09:30:00,753.4862539776148,0.0,303.0,0.0
2024-09-04 10:00:00,743.1898461246981,0.0,300.0,0.0
2024-09-04 10:30:00,737.1631270533857,0.0,267.0,0.0
2024-09-04 11:00:00,800.0741634215682,0.0,344.0,0.0
2024-09-04 11:30:00,843.8099432076732,0.0,330.0,0.0
2024-09-04 12:00:00,850.9401879965235,0.0,319.0,0.0
2024-09-04 12:30:00,742.2415469415132,0.0,299.0,0.0
2024-09-04 13:00:00,690.0390707646308,0.0,262.0,0.0
2024-09-04 13:30:00,837.0430773637133,0.0,337.0,0.0
2024-09-04 14:00:00,875.1710745656425,0.0,354.0,0.0
2024-09-04 14:30:00,737.8034578706865,0.0,275.0,0.0
2024-09-04 15:00:00,795.0989066021624,0.0,309.0,0.0
2024-09-04 15:30:00,756.0033115484857,0.0,262.0,0.0
2024-09-04 16:00:00,743.3441443623996,0.0,260.0,0.0
2024-09-04 16:30:00,652.5631018585638,0.0,262.0,0.0
2024-09-04 17:00:00,744.4788106075522,0.0,261.0,0.0
2024-09-04 17:30:00,658.7948515742111,0.0,258.0,0.0
2024-09-04 18:00:00,653.4822170231276,0.0,261.0,0.0
2024-09-04 18:30:00,674.4015036882977,0.0,237.0,0.0
2024-09-04 19:00:00,687.8438609319131,0.0,258.0,0.0
2024-09-04 19:30:00,763.6944583621633,0.0,282.0,0.0
2024-09-04 20:00:00,809.0552863878595,0.0,333.0,0.0
2024-09-04 20:30:00,738.9869823029604,0.0,286.0,0.0
2024-09-04 21:00:00,614.749104367101,0.0,219.0,0.0
2024-09-04 21:30:00,639.460071240306,0.0,243.00000000000003,0.0
2024-09-04 22:00:00,733.3261628241818,0.0,307.0,0.0
2024-09-04 22:30:00,742.932548336947,0.0,276.0,0.0
2024-09-04 23:00:00,634.8896646531418,0.0,226.0,0.0
2024-09-04 23:30:00,634.3502944747316,0.0,257.0,0.0
2024-09-05 00:00:00,627.5324911587408,0.0,238.0,0.0
2024-09-05 00:30:00,644.1821932220818,0.0,249.0,0.0
2024-09-05 01:00:00,680.2535084433732,0.0,248.0,0.0
2024-09-05 01:30:00,663.6756565093983,0.0,303.0,0.0
2024-09-05 02:00:00,825.9792775277367,0.0,344.0,0.0
2024-09-05 02:30:00,714.7476700400687,0.0,288.0,0.0
2024-09-05 03:00:00,611.2383045469346,0.0,270.0,0.0
2024-09-05 03:30:00,744.927803416946,0.0,295.0,0.0
2024-09-05 04:00:00,813.8887038953176,0.0,351.0,0.0
2024-09-05 04:30:00,776.2900696975631,0.0,325.0,0.0
2024-09-05 05:00:00,723.7190519124449,0.0,242.00000000000003,0.0
2024-09-05 05:30:00,697.0268857971078,0.0,274.0,0.0
2024-09-05 06:00:00,724.3042382056647,0.0,284.0,0.0
2024-09-05 06:30:00,852.0795220836134,0.0,324.0,0.0
2024-09-05 07:00:00,771.514605846966,0.0,302.0,0.0
2024-09-05 07:30:00,765.314336307695,0.0,281.0,0.0
2024-09-05 08:00:00,746.3817746160759,0.0,272.0,0.0
2024-09-05 08:30:00,723.7399214345625,0.0,283.0,0.0
2024-09-05 09:00:00,864.6720452902177,0.0,387.0,0.0
2024-09-05 09:30:00,997.8207125045114,0.0,397.0,0.0
2024-09-05 10:00:00,792.3404312081892,0.0,314.0,0.0
2024-09-05 10:30:00,711.7173736899551,0.0,305.0,0.0
2024-09-05 11:00:00,762.7216930830076,0.0,293.0,0.0
2024-09-05 11:30:00,960.3459100533178,0.0,399.0,0.0
2024-09-05 12:00:00,934.1452541114999,0.0,369.0,0.0
2024-09-05 12:30:00,762.1498421604346,0.0,303.0,0.0
2024-09-05 13:00:00,688.716895010849,0.0,280.0,0.0
2024-09-05 13:30:00,769.2749841967922,0.0,298.0,0.0
2024-09-05 14:00:00,863.0067042832405,0.0,381.0,0.0
2024-09-05 14:30:00,807.887173220104,0.0,338.0,0.0
2024-09-05 15:00:00,708.6253207989819,0.0,288.0,0.0
2024-09-05 15:30:00,790.0448719068208,0.0,297.0,0.0
2024-09-05 16:00:00,731.1174981404965,0.0,290.0,0.0
2024-09-05 16:30:00,782.4023999540963,0.0,287.0,0.0
2024-09-05 17:00:00,985.4848555272536,0.0,394.0,0.0
2024-09-05 17:30:00,804.2740437215057,0.0,317.0,0.0
2024-09-05 18:00:00,636.7736106868396,0.0,302.0,0.0
2024-09-05 18:30:00,726.6248255100705,0.0,254.99999999999997,0.0
2024-09-05 19:00:00,778.9297055390018,0.0,327.0,0.0
2024-09-05 19:30:00,853.6742269917031,0.0,363.0,0.0
2024-09-05 20:00:00,768.1432471033148,0.0,303.0,0.0
2024-09-05 20:30:00,724.1035033964553,0.0,276.0,0.0
2024-09-05 21:00:00,779.6476446641166,0.0,301.0,0.0
2024-09-05 21:30:00,919.3725921578359,0.0,375.0,0.0
2024-09-05 22:00:00,853.3020362782954,0.0,332.0,0.0
2024-09-05 22:30:00,766.2379018195844,0.0,312.0,0.0
2024-09-05 23:00:00,699.3373616081747,0.0,283.0,0.0
2024-09-05 23:30:00,692.3772678690875,0.0,309.0,0.0
2024-09-06 00:00:00,706.9895882638103,0.0,299.0,0.0
2024-09-06 00:30:00,698.106334540521,0.0,267.0,0.0
2024-09-06 01:00:00,778.1658708807136,0.0,290.0,0.0
2024-09-06 01:30:00,794.4256590865721,0.0,266.0,0.0
2024-09-06 02:00:00,677.3247588298552,0.0,280.0,0.0
2024-09-06 02:30:00,699.0428107802209,0.0,283.0,0.0
2024-09-06 03:00:00,688.4576982122126,0.0,290.0,0.0
2024-09-06 03:30:00,751.0561073584287,0.0,321.0,0.0
2024-09-06 04:00:00,720.888905880917,0.0,271.0,0.0
2024-09-06 04:30:00,765.4723067662361,0.0,321.0,0.0
2024-09-06 05:00:00,615.4532229515316,0.0,283.0,0.0
2024-09-06 05:30:00,746.9870232908611,0.0,275.0,0.0
2024-09-06 06:00:00,643.8977228644802,0.0,273.0,0.0
2024-09-06 06:30:00,669.7269683247669,0.0,266.0,0.0
2024-09-06 07:00:00,741.5905841302792,0.0,268.0,0.0
2024-09-06 07:30:00,808.5488288930561,0.0,323.0,0.0
2024-09-06 08:00:00,779.8189114942404,0.0,316.0,0.0
2024-09-06 08:30:00,666.7002061497433,0.0,254.0,0.0
2024-09-06 09:00:00,668.4920533335566,0.0,274.0,0.0
2024-09-06 09:30:00,670.3761442566508,0.0,264.0,0.0
2024-09-06 10:00:00,676.6154431729607,0.0,260.0,0.0
2024-09-06 10:30:00,810.9214627023055,0.0,326.0,0.0
2024-09-06 11:00:00,633.3440404609349,0.0,233.0,0.0
2024-09-06 11:30:00,736.024757735191,0.0,278.0,0.0
2024-09-06 12:00:00,652.6253704478754,0.0,274.0,0.0
2024-09-06 12:30:00,703.256860835345,0.0,260.0,0.0
2024-09-06 13:00:00,698.2298072160762,0.0,281.0,0.0
2024-09-06 13:30:00,709.5734575949529,0.0,255.0,0.0
2024-09-06 14:00:00,644.0007548592581,0.0,254.0,0.0
2024-09-06 14:30:00,663.9573997712307,0.0,280.0,0.0
2024-09-06 15:00:00,674.2855580677979,0.0,268.0,0.0
2024-09-06 15:30:00,670.0351388114607,0.0,261.0,0.0
2024-09-06 16:00:00,642.8759095515168,0.0,241.0,0.0
2024-09-06 16:30:00,584.2244952246472,0.0,241.0,0.0
2024-09-06 17:00:00,556.4296625523449,0.0,240.0,0.0
2024-09-06 17:30:00,559.5956305221519,0.0,238.0,0.0
2024-09-06 18:00:00,587.9485444075997,0.0,228.00000000000003,0.0
2024-09-06 18:30:00,571.5278854536987,0.0,214.0,0.0
2024-09-06 19:00:00,619.1667713526189,0.0,235.0,0.0
2024-09-06 19:30:00,606.0832189461564,0.0,211.0,0.0
2024-09-06 20:00:00,643.580318774948,0.0,229.0,0.0
2024-09-06 20:30:00,608.0848225412233,0.0,226.0,0.0
2024-09-06 21:00:00,590.6066940376745,0.0,221.0,0.0
2024-09-06 21:30:00,617.4917400083532,0.0,239.0,0.0
2024-09-06 22:00:00,680.4077265257739,0.0,228.0,0.0
2024-09-06 22:30:00,799.5981771258175,0.0,308.0,0.0
2024-09-06 23:00:00,708.8430538923982,0.0,243.0,0.0
2024-09-06 23:30:00,726.402530733898,0.0,283.0,0.0
2024-09-07 00:00:00,1131.3431261572846,0.0,435.0,0.0
2024-09-07 00:30:00,1140.1666759161817,0.0,435.0,0.0
2024-09-07 01:00:00,1365.4958329698304,0.0,536.0,0.0
2024-09-07 01:30:00,1603.0856595696855,0.0,553.0,0.0
2024-09-07 02:00:00,1296.1002225907412,0.0,545.0,0.0
2024-09-07 02:30:00,1269.7148126178272,0.0,519.0,0.0
2024-09-07 03:00:00,993.2818561879171,0.0,399.0,0.0
2024-09-07 03:30:00,1042.763802042253,0.0,382.0,0.0
2024-09-07 04:00:00,1105.442985961982,0.0,439.0,0.0
2024-09-07 04:30:00,1217.0499291130066,0.0,466.99999999999994,0.0
2024-09-07 05:00:00,1198.3387531075455,0.0,453.0,0.0
2024-09-07 05:30:00,1455.8183649082098,0.0,552.0,0.0
2024-09-07 06:00:00,1151.4788630642315,0.0,458.0,0.0
2024-09-07 06:30:00,1067.3777975318374,0.0,427.0,0.0
2024-09-07 07:00:00,1064.0273218946108,0.0,426.0,0.0
2024-09-07 07:30:00,1119.1132222305466,0.0,417.0,0.0
2024-09-07 08:00:00,1200.5194502272022,0.0,523.0,0.0
2024-09-07 08:30:00,1440.8311359913002,0.0,626.0,0.0
2024-09-07 09:00:00,1572.4382273696976,0.0,640.0,0.0
2024-09-07 09:30:00,1124.1481280104003,0.0,503.0,0.0
2024-09-07 10:00:00,1167.5116806548715,0.0,450.0,0.0
2024-09-07 10:30:00,1077.0421839027335,0.0,465.0,0.0
2024-09-07 11:00:00,1383.0871198931595,0.0,555.0,0.0
2024-09-07 11:30:00,1578.3471132118161,0.0,623.0,0.0
2024-09-07 12:00:00,1483.8691105636562,0.0,574.0,0.0
2024-09-07 12:30:00,1100.834041907204,0.0,430.0,0.0
2024-09-07 13:00:00,1165.0222970314805,0.0,474.0,0.0
2024-09-07 13:30:00,1395.6665427537303,0.0,548.0,0.0
2024-09-07 14:00:00,1298.3953562897284,0.0,551.0,0.0
2024-09-07 14:30:00,1312.7293752102557,0.0,552.0,0.0
2024-09-07 15:00:00,1574.1958208794815,0.0,569.0,0.0
2024-09-07 15:30:00,1118.5462259855221,0.0,501.0,0.0
2024-09-07 16:00:00,1337.0643524392276,0.0,556.0,0.0
2024-09-07 16:30:00,1230.9280796839691,0.0,493.0,0.0
2024-09-07 17:00:00,1160.5224329395867,0.0,445.00000000000006,0.0
2024-09-07 17:30:00,1218.0078662958176,0.0,516.0,0.0
2024-09-07 18:00:00,1468.2881629457218,0.0,592.0,0.0
2024-09-07 18:30:00,1435.0974065457228,0.0,591.0,0.0
2024-09-07 19:00:00,1377.2242914682547,0.0,528.0,0.0
2024-09-07 19:30:00,1178.8600843747988,0.0,468.0,0.0
2024-09-07 20:00:00,1036.1876712038736,0.0,424.0,0.0
2024-09-07 20:30:00,1145.5412167973475,0.0,450.0,0.0
2024-09-07 21:00:00,1433.6185648466299,0.0,545.0,0.0
2024-09-07 21:30:00,1410.6186571605967,0.0,592.0,0.0
2024-09-07 22:00:00,1468.9210862272948,0.0,587.0,0.0
2024-09-07 22:30:00,1356.581086091567,0.0,549.0,0.0
2024-09-07 23:00:00,1199.4485943197253,0.0,494.0,0.0
2024-09-07 23:30:00,1396.151866670658,0.0,495.0,0.0
2024-09-08 00:00:00,765.3236261978476,0.0,278.0,0.0
2024-09-08 00:30:00,926.5732464528916,0.0,327.0,0.0
2024-09-08 01:00:00,1019.3830561239231,0.0,381.0,0.0
2024-09-08 01:30:00,986.247754035709,0.0,315.0,0.0
2024-09-08 02:00:00,726.6548956067556,0.0,278.0,0.0
2024-09-08 02:30:00,707.0351103852306,0.0,281.0,0.0
2024-09-08 03:00:00,753.7871317457958,0.0,295.0,0.0
2024-09-08 03:30:00,937.4473159016695,0.0,355.0,0.0
2024-09-08 04:00:00,880.2408981526308,0.0,358.0,0.0
2024-09-08 04:30:00,748.2199429262438,0.0,277.0,0.0
2024-09-08 05:00:00,682.1700478874068,0.0,277.0,0.0
2024-09-08 05:30:00,763.2402145011106,0.0,283.0,0.0
2024-09-08 06:00:00,932.884982753324,0.0,373.0,0.0
2024-09-08 06:30:00,878.3687315647785,0.0,330.0,0.0
2024-09-08 07:00:00,774.6483008457802,0.0,280.0,0.0
2024-09-08 07:30:00,884.9349991454782,0.0,279.0,0.0
2024-09-08 08:00:00,741.8937555812124,0.0,268.0,0.0
2024-09-08 08:30:00,786.5238213839286,0.0,276.0,0.0
2024-09-08 09:00:00,687.6220805534069,0.0,256.0,0.0
2024-09-08 09:30:00,677.4361521374772,0.0,265.0,0.0
2024-09-08 10:00:00,704.9834349496333,0.0,275.0,0.0
2024-09-08 10:30:00,708.184852703461,0.0,245.0,0.0
2024-09-08 11:00:00,673.7084071198535,0.0,246.0,0.0
2024-09-08 11:30:00,710.3760558303919,0.0,229.0,0.0
2024-09-08 12:00:00,855.6745225730601,0.0,296.0,0.0
2024-09-08 12:30:00,803.8082687338238,0.0,288.0,0.0
2024-09-08 13:00:00,636.0402189192281,0.0,240.0,0.0
2024-09-08 13:30:00,566.038343345661,0.0,206.0,0.0
2024-09-08 14:00:00,618.677242013247,0.0,219.0,0.0
2024-09-08 14:30:00,831.6163917948465,0.0,320.0,0.0
2024-09-08 15:00:00,745.1677656709155,0.0,284.0,0.0
2024-09-08 15:30:00,770.0498161925091,0.0,287.0,0.0
2024-09-08 16:00:00,866.8636659940136,0.0,300.0,0.0
2024-09-08 16:30:00,842.4428994638683,0.0,279.0,0.0
2024-09-08 17:00:00,932.7902946990376,0.0,319.0,0.0
2024-09-08 17:30:00,846.5668954765564,0.0,292.0,0.0
2024-09-08 18:00:00,805.7666209171,0.0,274.0,0.0
2024-09-08 18:30:00,893.1707678905107,0.0,295.0,0.0
2024-09-08 19:00:00,818.7057831911151,0.0,307.0,0.0
2024-09-08 19:30:00,904.4265558280397,0.0,350.0,0.0
2024-09-08 20:00:00,1047.8272818831417,0.0,370.0,0.0
2024-09-08 20:30:00,913.6268681351403,0.0,354.0,0.0
2024-09-08 21:00:00,978.5542231314608,0.0,355.0,0.0
2024-09-08 21:30:00,1064.006355107418,0.0,395.0,0.0
2024-09-08 22:00:00,1067.6428481163532,0.0,381.0,0.0
2024-09-08 22:30:00,1015.8178942830815,0.0,354.0,0.0
2024-09-08 23:00:00,1029.1045143016115,0.0,362.0,0.0
2024-09-08 23:30:00,970.3293632272732,0.0,351.0,0.0
2024-09-09 00:00:00,1029.607512581512,0.0,406.0,0.0
2024-09-09 00:30:00,1070.6804238205207,0.0,373.0,0.0
2024-09-09 01:00:00,895.2846508643382,0.0,359.0,0.0
2024-09-09 01:30:00,935.6917530363355,0.0,363.0,0.0
2024-09-09 02:00:00,968.8776191660749,0.0,343.0,0.0
2024-09-09 02:30:00,1110.2075229391983,0.0,419.0,0.0
2024-09-09 03:00:00,987.8375676211238,0.0,367.0,0.0
2024-09-09 03:30:00,937.4977637250386,0.0,370.0,0.0
2024-09-09 04:00:00,959.4015285167576,0.0,354.0,0.0
2024-09-09 04:30:00,1080.1763544708072,0.0,378.0,0.0
2024-09-09 05:00:00,1066.02325161971,0.0,393.0,0.0
2024-09-09 05:30:00,952.9678110712836,0.0,363.0,0.0
2024-09-09 06:00:00,907.844168045562,0.0,360.0,0.0
2024-09-09 06:30:00,894.1193691909338,0.0,339.0,0.0
2024-09-09 07:00:00,1087.9717903588107,0.0,395.0,0.0
2024-09-09 07:30:00,1059.9830522779903,0.0,371.0,0.0
2024-09-09 08:00:00,949.453322861343,0.0,335.0,0.0
2024-09-09 08:30:00,881.5636060842571,0.0,336.0,0.0
2024-09-09 09:00:00,1006.6249491979831,0.0,334.0,0.0
2024-09-09 09:30:00,1046.9584528769644,0.0,394.0,0.0
2024-09-09 10:00:00,1066.1487676686156,0.0,351.0,0.0
2024-09-09 10:30:00,959.6543243663734,0.0,353.0,0.0
2024-09-09 11:00:00,935.2432008830748,0.0,341.0,0.0
2024-09-09 11:30:00,979.847218130961,0.0,342.0,0.0
2024-09-09 12:00:00,1181.2019657207532,0.0,365.0,0.0
2024-09-09 12:30:00,946.2387637148803,0.0,310.0,0.0
2024-09-09 13:00:00,716.2050480341537,0.0,228.00000000000003,0.0
2024-09-09 13:30:00,767.5287029215625,0.0,252.0,0.0
2024-09-09 14:00:00,680.391396220371,0.0,251.0,0.0
2024-09-09 14:30:00,936.4829388877073,0.0,343.0,0.0
2024-09-09 15:00:00,943.9901035802156,0.0,357.0,0.0
2024-09-09 15:30:00,1249.7285074248907,0.0,392.0,0.0
2024-09-09 16:00:00,1289.576532690546,0.0,417.0,0.0
2024-09-09 16:30:00,1305.385099500069,0.0,436.0,0.0
2024-09-09 17:00:00,1004.0979199606031,0.0,327.0,0.0
2024-09-09 17:30:00,918.0666751157105,0.0,343.0,0.0
2024-09-09 18:00:00,970.995003551214,0.0,343.0,0.0
2024-09-09 18:30:00,1028.9495749307182,0.0,331.0,0.0
2024-09-09 19:00:00,935.8692669241224,0.0,314.0,0.0
2024-09-09 19:30:00,905.5319918462553,0.0,316.0,0.0
2024-09-09 20:00:00,851.8251324604713,0.0,312.0,0.0
2024-09-09 20:30:00,1015.0513947297477,0.0,314.0,0.0
2024-09-09 21:00:00,840.4844259430618,0.0,291.0,0.0
2024-09-09 21:30:00,560.6520552184535,0.0,220.0,0.0
2024-09-09 22:00:00,428.51729571794493,0.0,173.0,0.0
2024-09-09 22:30:00,430.3170662090407,0.0,178.0,0.0
2024-09-09 23:00:00,411.19343599186504,0.0,138.0,0.0
2024-09-09 23:30:00,238.52742919730971,0.0,90.0,0.0
2024-09-10 00:00:00,718.4432517121945,0.0,256.0,0.0
2024-09-10 00:30:00,680.9702743441703,0.0,236.0,0.0
2024-09-10 01:00:00,833.7514040422537,0.0,335.0,0.0
2024-09-10 01:30:00,897.5583624510675,0.0,347.0,0.0
2024-09-10 02:00:00,806.8089661046987,0.0,305.0,0.0
2024-09-10 02:30:00,756.3810771328959,0.0,283.0,0.0
2024-09-10 03:00:00,632.0179047526813,0.0,262.0,0.0
2024-09-10 03:30:00,836.5342283735715,0.0,340.0,0.0
2024-09-10 04:00:00,932.562851340714,0.0,356.0,0.0
2024-09-10 04:30:00,787.7754618239303,0.0,311.0,0.0
2024-09-10 05:00:00,752.3871154456915,0.0,257.0,0.0
2024-09-10 05:30:00,613.1532706395394,0.0,228.0,0.0
2024-09-10 06:00:00,774.0734852583092,0.0,356.0,0.0
2024-09-10 06:30:00,934.2204995176899,0.0,355.0,0.0
2024-09-10 07:00:00,834.3818989107318,0.0,304.0,0.0
2024-09-10 07:30:00,665.348345770505,0.0,260.0,0.0
2024-09-10 08:00:00,716.053843441605,0.0,289.0,0.0
2024-09-10 08:30:00,788.566807633725,0.0,323.0,0.0
2024-09-10 09:00:00,876.9599405869285,0.0,383.0,0.0
2024-09-10 09:30:00,822.6599852878979,0.0,353.0,0.0
2024-09-10 10:00:00,791.5987840340202,0.0,336.0,0.0
2024-09-10 10:30:00,785.9101285361644,0.0,316.0,0.0
2024-09-10 11:00:00,759.9913061076027,0.0,347.0,0.0
2024-09-10 11:30:00,931.884584441138,0.0,383.0,0.0
2024-09-10 12:00:00,845.4676491095769,0.0,332.0,0.0
2024-09-10 12:30:00,762.3249211458767,0.0,276.0,0.0
2024-09-10 13:00:00,726.6438316469189,0.0,306.0,0.0
2024-09-10 13:30:00,823.4538396647927,0.0,334.0,0.0
2024-09-10 14:00:00,988.9082514364497,0.0,365.0,0.0
2024-09-10 14:30:00,738.7297859976737,0.0,292.0,0.0
2024-09-10 15:00:00,722.4917473316335,0.0,303.0,0.0
2024-09-10 15:30:00,684.4281178965084,0.0,318.0,0.0
2024-09-10 16:00:00,774.2322027998983,0.0,338.0,0.0
2024-09-10 16:30:00,970.8207199323638,0.0,399.0,0.0
2024-09-10 17:00:00,793.5601475995701,0.0,309.0,0.0
2024-09-10 17:30:00,731.6124454191756,0.0,285.0,0.0
2024-09-10 18:00:00,742.7124998140766,0.0,291.0,0.0
2024-09-10 18:30:00,754.6046623359877,0.0,294.0,0.0
2024-09-10 19:00:00,782.8690686406989,0.0,321.0,0.0
2024-09-10 19:30:00,660.4508660509011,0.0,286.0,0.0
2024-09-10 20:00:00,645.418164953804,0.0,272.0,0.0
2024-09-10 20:30:00,665.2608993078701,0.0,285.0,0.0
2024-09-10 21:00:00,677.6944745177057,0.0,289.0,0.0
2024-09-10 21:30:00,735.5887363105829,0.0,287.0,0.0
2024-09-10 22:00:00,930.5262423849086,0.0,357.0,0.0
2024-09-10 22:30:00,991.2551105380754,0.0,356.0,0.0
2024-09-10 23:00:00,793.2706873194414,0.0,321.0,0.0
2024-09-10 23:30:00,797.882885556101,0.0,311.0,0.0
2024-09-11 00:00:00,160.73438346506308,0.0,80.0,0.0
2024-09-11 00:30:00,176.4686311362982,0.0,79.0,0.0
2024-09-11 01:00:00,190.438404099873,0.0,79.0,0.0
2024-09-11 01:30:00,176.8766767693948,0.0,82.0,0.0
2024-09-11 02:00:00,180.4941633638089,0.0,81.0,0.0
2024-09-11 02:30:00,188.20851541545406,0.0,79.0,0.0
2024-09-11 03:00:00,187.07622136680803,0.0,80.0,0.0
2024-09-11 03:30:00,190.2048038410727,0.0,82.0,0.0
2024-09-11 04:00:00,154.08228051167967,0.0,80.0,0.0
2024-09-11 04:30:00,198.9052028478222,0.0,85.0,0.0
2024-09-11 05:00:00,186.7181511397519,0.0,80.0,0.0
2024-09-11 05:30:00,202.06344182056128,0.0,81.0,0.0
2024-09-11 06:00:00,172.88219502715455,0.0,81.0,0.0
2024-09-11 06:30:00,162.15939721456988,0.0,79.0,0.0
2024-09-11 07:00:00,184.14643867569853,0.0,79.0,0.0
2024-09-11 07:30:00,252.3174371577464,0.0,85.0,0.0
2024-09-11 08:00:00,469.33386036366323,0.0,160.0,0.0
2024-09-11 08:30:00,460.27643504576605,0.0,143.0,0.0
2024-09-11 09:00:00,484.5956096902126,0.0,156.0,0.0
2024-09-11 09:30:00,660.6716857802057,0.0,233.0,0.0
2024-09-11 10:00:00,614.696504034147,0.0,183.0,0.0
2024-09-11 10:30:00,635.5092929086899,0.0,209.0,0.0
2024-09-11 11:00:00,736.0710701424243,0.0,263.0,0.0
2024-09-11 11:30:00,871.8630203984585,0.0,285.0,0.0
2024-09-11 12:00:00,786.016506925439,0.0,257.0,0.0
2024-09-11 12:30:00,608.483265797889,0.0,196.0,0.0
2024-09-11 13:00:00,558.9386137765439,0.0,187.0,0.0
2024-09-11 13:30:00,502.44345619652745,0.0,183.0,0.0
2024-09-11 14:00:00,545.050853691998,0.0,180.0,0.0
2024-09-11 14:30:00,528.308900771939,0.0,176.0,0.0
2024-09-11 15:00:00,583.7886789414689,0.0,185.0,0.0
2024-09-11 15:30:00,576.9292790341649,0.0,191.0,0.0
2024-09-11 16:00:00,582.8349769363575,0.0,189.0,0.0
2024-09-11 16:30:00,626.0831187227737,0.0,219.0,0.0
2024-09-11 17:00:00,648.2861937315691,0.0,231.0,0.0
2024-09-11 17:30:00,609.176136315715,0.0,195.0,0.0
2024-09-11 18:00:00,599.6841492875585,0.0,225.0,0.0
2024-09-11 18:30:00,587.6097431500317,0.0,208.0,0.0
2024-09-11 19:00:00,626.5399939134248,0.0,220.0,0.0
2024-09-11 19:30:00,905.9239975317603,0.0,317.0,0.0
2024-09-11 20:00:00,865.0656853244786,0.0,288.0,0.0
2024-09-11 20:30:00,640.8396786637264,0.0,224.0,0.0
2024-09-11 21:00:00,636.8900696779544,0.0,225.0,0.0
2024-09-11 21:30:00,617.9387240899091,0.0,219.0,0.0
2024-09-11 22:00:00,804.0105893900338,0.0,284.0,0.0
2024-09-11 22:30:00,877.4084290301005,0.0,337.0,0.0
2024-09-11 23:00:00,877.8516089339291,0.0,334.0,0.0
2024-09-11 23:30:00,812.5394890158092,0.0,286.0,0.0
2024-09-12 00:00:00,722.3453675631944,0.0,293.0,0.0
2024-09-12 00:30:00,972.7825166101221,0.0,351.0,0.0
2024-09-12 01:00:00,892.0930570750162,0.0,357.0,0.0
2024-09-12 01:30:00,707.9564252340513,0.0,282.0,0.0
2024-09-12 02:00:00,703.4126484184898,0.0,293.0,0.0
2024-09-12 02:30:00,835.1223591940835,0.0,326.0,0.0
2024-09-12 03:00:00,951.838231476315,0.0,383.0,0.0
2024-09-12 03:30:00,801.0553138150385,0.0,316.0,0.0
2024-09-12 04:00:00,673.3491141286979,0.0,290.0,0.0
2024-09-12 04:30:00,687.5076619001276,0.0,277.0,0.0
2024-09-12 05:00:00,963.9003010350565,0.0,355.0,0.0
2024-09-12 05:30:00,783.5882071432483,0.0,324.0,0.0
2024-09-12 06:00:00,754.0184898702768,0.0,305.0,0.0
2024-09-12 06:30:00,676.1610763741083,0.0,263.0,0.0
2024-09-12 07:00:00,680.5217276575956,0.0,300.0,0.0
2024-09-12 07:30:00,689.6442575339174,0.0,253.0,0.0
2024-09-12 08:00:00,745.1993626542641,0.0,272.0,0.0
2024-09-12 08:30:00,749.0674343297275,0.0,285.0,0.0
2024-09-12 09:00:00,688.4873010352414,0.0,279.0,0.0
2024-09-12 09:30:00,632.7730661541519,0.0,277.0,0.0
2024-09-12 10:00:00,690.1369501482367,0.0,265.0,0.0
2024-09-12 10:30:00,834.2686887007085,0.0,325.0,0.0
2024-09-12 11:00:00,839.2026681266038,0.0,303.0,0.0
2024-09-12 11:30:00,736.2824442127269,0.0,266.0,0.0
2024-09-12 12:00:00,720.4149976644143,0.0,242.0,0.0
2024-09-12 12:30:00,780.9980157192016,0.0,309.0,0.0
2024-09-12 13:00:00,868.5210403185981,0.0,343.0,0.0
2024-09-12 13:30:00,730.399854293733,0.0,246.0,0.0
2024-09-12 14:00:00,701.6323730938008,0.0,234.0,0.0
2024-09-12 14:30:00,672.193919941463,0.0,251.99999999999997,0.0
2024-09-12 15:00:00,715.9162239953654,0.0,237.0,0.0
2024-09-12 15:30:00,788.3387220626229,0.0,290.0,0.0
2024-09-12 16:00:00,879.19567553718,0.0,351.0,0.0
2024-09-12 16:30:00,748.8254751959191,0.0,328.0,0.0
2024-09-12 17:00:00,670.9548615111221,0.0,245.0,0.0
2024-09-12 17:30:00,652.8276638087333,0.0,259.0,0.0
2024-09-12 18:00:00,787.4846906136282,0.0,294.0,0.0
2024-09-12 18:30:00,849.146311298601,0.0,318.0,0.0
2024-09-12 19:00:00,697.8567868210332,0.0,283.0,0.0
2024-09-12 19:30:00,598.7084099717097,0.0,240.99999999999997,0.0
2024-09-12 20:00:00,677.7262977488695,0.0,265.0,0.0
2024-09-12 20:30:00,732.0865451262854,0.0,280.0,0.0
2024-09-12 21:00:00,784.0000738952057,0.0,326.0,0.0
2024-09-12 21:30:00,770.1016979026401,0.0,274.0,0.0
2024-09-12 22:00:00,735.4756722632864,0.0,294.0,0.0
2024-09-12 22:30:00,665.2297931636622,0.0,289.0,0.0
2024-09-12 23:00:00,662.1718855850964,0.0,274.0,0.0
2024-09-12 23:30:00,846.9508268324275,0.0,350.0,0.0
2024-09-13 00:00:00,846.8477600990342,0.0,311.0,0.0
2024-09-13 00:30:00,764.7605553851346,0.0,274.0,0.0
2024-09-13 01:00:00,700.3747470085515,0.0,282.0,0.0
2024-09-13 01:30:00,831.6921480630178,0.0,325.0,0.0
2024-09-13 02:00:00,757.4587903520262,0.0,293.0,0.0
2024-09-13 02:30:00,709.4903419040172,0.0,281.0,0.0
2024-09-13 03:00:00,708.948336496004,0.0,269.0,0.0
2024-09-13 03:30:00,732.2554862851755,0.0,267.0,0.0
2024-09-13 04:00:00,680.6472971761899,0.0,261.0,0.0
2024-09-13 04:30:00,644.8962661587562,0.0,258.0,0.0
2024-09-13 05:00:00,789.2888959046809,0.0,293.0,0.0
2024-09-13 05:30:00,913.0903741641772,0.0,352.0,0.0
2024-09-13 06:00:00,765.2340957492185,0.0,284.0,0.0
2024-09-13 06:30:00,625.572525100244,0.0,234.0,0.0
2024-09-13 07:00:00,561.2977413410938,0.0,230.99999999999997,0.0
2024-09-13 07:30:00,796.7369969107135,0.0,287.0,0.0
2024-09-13 08:00:00,944.0787868177324,0.0,318.0,0.0
2024-09-13 08:30:00,722.2177859262059,0.0,242.0,0.0
2024-09-13 09:00:00,707.1656408825377,0.0,253.0,0.0
2024-09-13 09:30:00,779.739022994565,0.0,299.0,0.0
2024-09-13 10:00:00,923.8508597201437,0.0,306.0,0.0
2024-09-13 10:30:00,888.3693505821233,0.0,298.0,0.0
2024-09-13 11:00:00,826.903576062334,0.0,304.0,0.0
2024-09-13 11:30:00,882.1490722480928,0.0,325.0,0.0
2024-09-13 12:00:00,1126.7173386640306,0.0,396.0,0.0
2024-09-13 12:30:00,972.1152953585645,0.0,329.0,0.0
2024-09-13 13:00:00,952.7337496502545,0.0,363.0,0.0
2024-09-13 13:30:00,1019.0346092338729,0.0,369.0,0.0
2024-09-13 14:00:00,843.5775272741305,0.0,343.0,0.0
2024-09-13 14:30:00,929.6019799320051,0.0,351.0,0.0
2024-09-13 15:00:00,996.0734803494101,0.0,393.0,0.0
2024-09-13 15:30:00,984.394918177639,0.0,374.0,0.0
2024-09-13 16:00:00,1140.7884138682186,0.0,385.0,0.0
2024-09-13 16:30:00,1064.4213046321531,0.0,346.0,0.0
2024-09-13 17:00:00,993.275576904496,0.0,353.0,0.0
2024-09-13 17:30:00,1060.162170326803,0.0,397.0,0.0
2024-09-13 18:00:00,941.0543735175121,0.0,358.0,0.0
2024-09-13 18:30:00,960.2815342396322,0.0,362.0,0.0
2024-09-13 19:00:00,861.8937711475762,0.0,346.0,0.0
2024-09-13 19:30:00,860.7159965073288,0.0,322.0,0.0
2024-09-13 20:00:00,959.6830327292867,0.0,320.0,0.0
2024-09-13 20:30:00,1038.8467225202512,0.0,407.0,0.0
2024-09-13 21:00:00,957.0044742079102,0.0,367.0,0.0
2024-09-13 21:30:00,986.5703944652612,0.0,372.0,0.0
2024-09-13 22:00:00,932.3754833849125,0.0,325.0,0.0
2024-09-13 22:30:00,865.442319264362,0.0,339.0,0.0
2024-09-13 23:00:00,1010.5940791953705,0.0,380.0,0.0
2024-09-13 23:30:00,1011.6025358322016,0.0,358.0,0.0
2024-09-14 00:00:00,962.1610219558655,0.0,347.0,0.0
2024-09-14 00:30:00,859.1767895108584,0.0,333.0,0.0
2024-09-14 01:00:00,935.4971541048731,0.0,346.0,0.0
2024-09-14 01:30:00,813.0821115867516,0.0,315.0,0.0
2024-09-14 02:00:00,909.5800535999144,0.0,333.0,0.0
2024-09-14 02:30:00,783.0755467493962,0.0,327.0,0.0
2024-09-14 03:00:00,899.3953063555069,0.0,334.0,0.0
2024-09-14 03:30:00,857.6147086520816,0.0,344.0,0.0
2024-09-14 04:00:00,793.603999597419,0.0,302.0,0.0
2024-09-14 04:30:00,638.8833090937522,0.0,243.0,0.0
2024-09-14 05:00:00,655.2862021106345,0.0,253.0,0.0
2024-09-14 05:30:00,659.5081368411384,0.0,266.0,0.0
2024-09-14 06:00:00,802.0183450205768,0.0,310.0,0.0
2024-09-14 06:30:00,618.5199076221577,0.0,263.0,0.0
2024-09-14 07:00:00,498.78122040275775,0.0,219.0,0.0
2024-09-14 07:30:00,593.1491810851342,0.0,232.0,0.0
2024-09-14 08:00:00,897.0046961328402,0.0,333.0,0.0
2024-09-14 08:30:00,934.2992154240728,0.0,340.0,0.0
2024-09-14 09:00:00,1138.8307998192931,0.0,421.0,0.0
2024-09-14 09:30:00,888.6704435696165,0.0,344.0,0.0
2024-09-14 10:00:00,935.5147422660016,0.0,359.0,0.0
2024-09-14 10:30:00,1132.8146546366663,0.0,441.0,0.0
2024-09-14 11:00:00,1308.0109921907008,0.0,503.0,0.0
2024-09-14 11:30:00,954.7779559356675,0.0,371.0,0.0
2024-09-14 12:00:00,982.1066730931486,0.0,387.0,0.0
2024-09-14 12:30:00,1092.676910336866,0.0,396.0,0.0
2024-09-14 13:00:00,1387.4590199870443,0.0,537.0,0.0
2024-09-14 13:30:00,1458.4288832921625,0.0,479.0,0.0
2024-09-14 14:00:00,886.597026841782,0.0,361.0,0.0
2024-09-14 14:30:00,991.1215769895607,0.0,364.0,0.0
2024-09-14 15:00:00,1039.3793409139291,0.0,438.0,0.0
2024-09-14 15:30:00,1235.0203478184203,0.0,478.0,0.0
2024-09-14 16:00:00,1286.6365035532833,0.0,502.0,0.0
2024-09-14 16:30:00,1150.0537208073347,0.0,438.0,0.0
2024-09-14 17:00:00,996.2849931614547,0.0,368.0,0.0
2024-09-14 17:30:00,1063.0130249825863,0.0,396.0,0.0
2024-09-14 18:00:00,1449.0958155148571,0.0,557.0,0.0
2024-09-14 18:30:00,1252.4531755551875,0.0,504.0,0.0
2024-09-14 19:00:00,1103.681472303434,0.0,438.0,0.0
2024-09-14 19:30:00,1095.629598335999,0.0,439.0,0.0
2024-09-14 20:00:00,1182.6695257467704,0.0,456.0,0.0
2024-09-14 20:30:00,1458.2050131882822,0.0,541.0,0.0
2024-09-14 21:00:00,1254.9449984054274,0.0,483.0,0.0
2024-09-14 21:30:00,1138.8174992087238,0.0,436.0,0.0
2024-09-14 22:00:00,1041.767416471506,0.0,393.0,0.0
2024-09-14 22:30:00,1252.8416466145684,0.0,444.0,0.0
2024-09-14 23:00:00,1099.1755743056767,0.0,424.0,0.0
2024-09-14 23:30:00,1212.627859028054,0.0,420.0,0.0
2024-09-15 00:00:00,849.5439873027339,0.0,336.0,0.0
2024-09-15 00:30:00,828.1863257787002,0.0,322.0,0.0
2024-09-15 01:00:00,695.9204889175746,0.0,269.0,0.0
2024-09-15 01:30:00,691.5372730354879,0.0,259.0,0.0
2024-09-15 02:00:00,688.5918048370851,0.0,256.0,0.0
2024-09-15 02:30:00,908.2027313807927,0.0,363.0,0.0
2024-09-15 03:00:00,734.0055071287918,0.0,305.0,0.0
2024-09-15 03:30:00,726.6684321530005,0.0,287.0,0.0
2024-09-15 04:00:00,590.9584425985304,0.0,234.0,0.0
2024-09-15 04:30:00,695.1666070069273,0.0,239.0,0.0
2024-09-15 05:00:00,721.4471100648818,0.0,248.99999999999997,0.0
2024-09-15 05:30:00,809.5935280193335,0.0,302.0,0.0
2024-09-15 06:00:00,916.4910027444785,0.0,356.0,0.0
2024-09-15 06:30:00,588.5113872827776,0.0,269.0,0.0
2024-09-15 07:00:00,608.6471857671497,0.0,234.0,0.0
2024-09-15 07:30:00,705.5720103363498,0.0,269.0,0.0
2024-09-15 08:00:00,791.0301861833457,0.0,280.0,0.0
2024-09-15 08:30:00,818.3693358189597,0.0,349.0,0.0
2024-09-15 09:00:00,763.4212081755186,0.0,292.0,0.0
2024-09-15 09:30:00,580.2816469931763,0.0,268.0,0.0
2024-09-15 10:00:00,671.9140723271264,0.0,257.0,0.0
2024-09-15 10:30:00,766.8424754328711,0.0,350.0,0.0
2024-09-15 11:00:00,828.4837752600152,0.0,308.0,0.0
2024-09-15 11:30:00,699.4535749008888,0.0,241.00000000000003,0.0
2024-09-15 12:00:00,631.5370797548362,0.0,246.0,0.0
2024-09-15 12:30:00,630.6598518947151,0.0,227.0,0.0
2024-09-15 13:00:00,637.8007371362893,0.0,250.0,0.0
2024-09-15 13:30:00,631.5475419244639,0.0,229.0,0.0
2024-09-15 14:00:00,584.2841359548484,0.0,240.0,0.0
2024-09-15 14:30:00,777.4679718961446,0.0,294.0,0.0
2024-09-15 15:00:00,798.0943956716842,0.0,335.0,0.0
2024-09-15 15:30:00,666.1147602490049,0.0,281.0,0.0
2024-09-15 16:00:00,690.4846979922554,0.0,292.0,0.0
2024-09-15 16:30:00,643.1345934126334,0.0,257.0,0.0
2024-09-15 17:00:00,616.6834186433842,0.0,270.0,0.0
2024-09-15 17:30:00,651.027969998489,0.0,263.0,0.0
2024-09-15 18:00:00,656.6582927402309,0.0,252.0,0.0
2024-09-15 18:30:00,631.1075785875341,0.0,271.0,0.0
2024-09-15 19:00:00,559.7224415208728,0.0,224.0,0.0
2024-09-15 19:30:00,616.5003668739727,0.0,250.0,0.0
2024-09-15 20:00:00,635.6320642738447,0.0,232.0,0.0
2024-09-15 20:30:00,648.3914607652345,0.0,252.0,0.0
2024-09-15 21:00:00,680.3103557022915,0.0,251.0,0.0
2024-09-15 21:30:00,722.4416862135173,0.0,249.99999999999997,0.0
2024-09-15 22:00:00,665.3645073669765,0.0,265.0,0.0
2024-09-15 22:30:00,593.8216192003014,0.0,217.0,0.0
2024-09-15 23:00:00,597.7979334059755,0.0,197.0,0.0
2024-09-15 23:30:00,599.2975976145149,0.0,196.0,0.0
2024-09-16 00:00:00,484.61692956401083,0.0,229.0,0.0
2024-09-16 00:30:00,430.1677276285844,0.0,230.0,0.0
2024-09-16 01:00:00,518.9601240870413,0.0,271.0,0.0
2024-09-16 01:30:00,575.6853342042627,0.0,308.0,0.0
2024-09-16 02:00:00,460.80287643203826,0.0,244.99999999999997,0.0
2024-09-16 02:30:00,456.87213457093986,0.0,246.00000000000003,0.0
2024-09-16 03:00:00,432.9183839154588,0.0,231.99999999999997,0.0
2024-09-16 03:30:00,518.6697252528161,0.0,301.0,0.0
2024-09-16 04:00:00,503.6084551646156,0.0,271.0,0.0
2024-09-16 04:30:00,413.047760855099,0.0,231.99999999999997,0.0
2024-09-16 05:00:00,445.2297217871523,0.0,249.0,0.0
2024-09-16 05:30:00,384.70524265714903,0.0,255.99999999999997,0.0
2024-09-16 06:00:00,458.9813861790335,0.0,281.0,0.0
2024-09-16 06:30:00,510.91394349678376,0.0,343.0,0.0
2024-09-16 07:00:00,460.1296165540397,0.0,241.0,0.0
2024-09-16 07:30:00,468.9914358541836,0.0,273.0,0.0
2024-09-16 08:00:00,449.0639919774426,0.0,253.0,0.0
2024-09-16 08:30:00,447.1333992424099,0.0,271.0,0.0
2024-09-16 09:00:00,531.1733831353047,0.0,298.0,0.0
2024-09-16 09:30:00,521.314294941956,0.0,295.0,0.0
2024-09-16 10:00:00,492.67803580457536,0.0,275.0,0.0
2024-09-16 10:30:00,479.3623106593986,0.0,269.0,0.0
2024-09-16 11:00:00,474.6986356133138,0.0,270.0,0.0
2024-09-16 11:30:00,392.7023566195072,0.0,241.0,0.0
2024-09-16 12:00:00,486.31234662066026,0.0,276.0,0.0
2024-09-16 12:30:00,457.65874214884303,0.0,278.0,0.0
2024-09-16 13:00:00,403.04139720445687,0.0,244.0,0.0
2024-09-16 13:30:00,501.22772339446595,0.0,292.0,0.0
2024-09-16 14:00:00,502.31500171054404,0.0,245.0,0.0
2024-09-16 14:30:00,439.9013550389935,0.0,261.0,0.0
2024-09-16 15:00:00,489.4442121396557,0.0,253.0,0.0
2024-09-16 15:30:00,439.4256992740853,0.0,267.0,0.0
2024-09-16 16:00:00,481.1080143693367,0.0,258.0,0.0
2024-09-16 16:30:00,556.4695941121424,0.0,325.0,0.0
2024-09-16 17:00:00,515.0373193849296,0.0,276.0,0.0
2024-09-16 17:30:00,508.3615002394529,0.0,282.0,0.0
2024-09-16 18:00:00,467.605000836873,0.0,286.0,0.0
2024-09-16 18:30:00,579.1094908638597,0.0,300.00000000000006,0.0
2024-09-16 19:00:00,612.7038744421818,0.0,369.0,0.0
2024-09-16 19:30:00,567.2912487683344,0.0,319.0,0.0
2024-09-16 20:00:00,576.2710440363971,0.0,291.0,0.0
2024-09-16 20:30:00,554.2391366722112,0.0,269.0,0.0
2024-09-16 21:00:00,619.8158554082573,0.0,343.99999999999994,0.0
2024-09-16 21:30:00,607.638014647387,0.0,369.0,0.0
2024-09-16 22:00:00,548.8965708074219,0.0,297.0,0.0
2024-09-16 22:30:00,488.0433508144778,0.0,311.0,0.0
2024-09-16 23:00:00,545.5094205764159,0.0,301.0,0.0
2024-09-16 23:30:00,483.31042672066616,0.0,307.0,0.0
2024-09-17 00:00:00,761.8186218508024,0.0,273.0,0.0
2024-09-17 00:30:00,848.6798551430826,0.0,325.0,0.0
2024-09-17 01:00:00,918.4715713873541,0.0,344.0,0.0
2024-09-17 01:30:00,753.7801929242953,0.0,271.0,0.0
2024-09-17 02:00:00,688.1123225751235,0.0,282.0,0.0
2024-09-17 02:30:00,747.4860750669993,0.0,257.0,0.0
2024-09-17 03:00:00,606.2835408494858,0.0,254.0,0.0
2024-09-17 03:30:00,700.9396359422268,0.0,275.0,0.0
2024-09-17 04:00:00,832.6053704847232,0.0,338.0,0.0
2024-09-17 04:30:00,896.6983632943754,0.0,364.0,0.0
2024-09-17 05:00:00,899.0373362467186,0.0,336.0,0.0
2024-09-17 05:30:00,722.4156978492535,0.0,284.0,0.0
2024-09-17 06:00:00,719.1864176667003,0.0,292.0,0.0
2024-09-17 06:30:00,878.0136813450848,0.0,351.0,0.0
2024-09-17 07:00:00,881.1616042235235,0.0,347.0,0.0
2024-09-17 07:30:00,724.2700018520866,0.0,262.0,0.0
2024-09-17 08:00:00,780.0344791022792,0.0,299.0,0.0
2024-09-17 08:30:00,745.7930758457994,0.0,313.0,0.0
2024-09-17 09:00:00,982.7891218552754,0.0,383.0,0.0
2024-09-17 09:30:00,896.7630696462546,0.0,352.0,0.0
2024-09-17 10:00:00,807.5168660287978,0.0,310.0,0.0
2024-09-17 10:30:00,706.5330721116222,0.0,306.0,0.0
2024-09-17 11:00:00,699.4460063818221,0.0,313.0,0.0
2024-09-17 11:30:00,915.0084598222905,0.0,358.0,0.0
2024-09-17 12:00:00,1041.8954279169582,0.0,337.0,0.0
2024-09-17 12:30:00,822.7470852069227,0.0,315.0,0.0
2024-09-17 13:00:00,713.8851671221015,0.0,280.0,0.0
2024-09-17 13:30:00,730.7073461214156,0.0,284.0,0.0
2024-09-17 14:00:00,765.2625086228207,0.0,292.0,0.0
2024-09-17 14:30:00,722.7574833654909,0.0,280.0,0.0
2024-09-17 15:00:00,784.5217049039984,0.0,290.0,0.0
2024-09-17 15:30:00,748.719404364256,0.0,290.0,0.0
2024-09-17 16:00:00,705.0288099307464,0.0,280.0,0.0
2024-09-17 16:30:00,698.6698943369661,0.0,294.0,0.0
2024-09-17 17:00:00,832.333678043716,0.0,326.0,0.0
2024-09-17 17:30:00,700.5113694414688,0.0,281.0,0.0
2024-09-17 18:00:00,560.2789226934618,0.0,243.0,0.0
2024-09-17 18:30:00,582.293315052172,0.0,198.0,0.0
2024-09-17 19:00:00,610.6592758054242,0.0,260.0,0.0
2024-09-17 19:30:00,793.8655251160377,0.0,309.0,0.0
2024-09-17 20:00:00,686.3699794942663,0.0,239.99999999999997,0.0
2024-09-17 20:30:00,632.4367138426305,0.0,247.0,0.0
2024-09-17 21:00:00,643.391079065616,0.0,245.0,0.0
2024-09-17 21:30:00,617.6207640905551,0.0,245.0,0.0
2024-09-17 22:00:00,786.6027405562976,0.0,298.0,0.0
2024-09-17 22:30:00,740.9080698915947,0.0,313.0,0.0
2024-09-17 23:00:00,811.4376781113912,0.0,321.0,0.0
2024-09-17 23:30:00,701.8802374928902,0.0,294.0,0.0
2024-09-18 00:00:00,502.29406125246174,0.0,201.0,0.0
2024-09-18 00:30:00,528.4857077515742,0.0,196.00000000000003,0.0
2024-09-18 01:00:00,618.6683944507963,0.0,240.0,0.0
2024-09-18 01:30:00,737.1672572757753,0.0,294.0,0.0
2024-09-18 02:00:00,648.3734907511226,0.0,224.0,0.0
2024-09-18 02:30:00,608.0055252263438,0.0,233.00000000000003,0.0
2024-09-18 03:00:00,508.31538973007093,0.0,189.0,0.0
2024-09-18 03:30:00,675.4427338745118,0.0,231.00000000000003,0.0
2024-09-18 04:00:00,821.0396500566263,0.0,292.0,0.0
2024-09-18 04:30:00,647.5784999526126,0.0,235.00000000000003,0.0
2024-09-18 05:00:00,537.9301119156496,0.0,236.0,0.0
2024-09-18 05:30:00,607.1000566894777,0.0,251.0,0.0
2024-09-18 06:00:00,653.7562033360946,0.0,250.0,0.0
2024-09-18 06:30:00,699.9032105244313,0.0,252.0,0.0
2024-09-18 07:00:00,678.3624113932656,0.0,248.0,0.0
2024-09-18 07:30:00,690.4045634614993,0.0,239.0,0.0
2024-09-18 08:00:00,687.300972872244,0.0,246.0,0.0
2024-09-18 08:30:00,713.1869462293882,0.0,253.0,0.0
2024-09-18 09:00:00,828.5916313035484,0.0,369.0,0.0
2024-09-18 09:30:00,858.5450890931172,0.0,348.0,0.0
2024-09-18 10:00:00,704.8550683335559,0.0,270.0,0.0
2024-09-18 10:30:00,686.302034016113,0.0,244.00000000000003,0.0
2024-09-18 11:00:00,713.2989250106618,0.0,266.0,0.0
2024-09-18 11:30:00,690.8800651565144,0.0,253.0,0.0
2024-09-18 12:00:00,797.937817193182,0.0,312.0,0.0
2024-09-18 12:30:00,960.1637660277594,0.0,383.0,0.0
2024-09-18 13:00:00,683.6793375309082,0.0,307.0,0.0
2024-09-18 13:30:00,690.8208201676009,0.0,249.0,0.0
2024-09-18 14:00:00,746.4124501852868,0.0,275.0,0.0
2024-09-18 14:30:00,772.187672736572,0.0,256.0,0.0
2024-09-18 15:00:00,882.9327694791431,0.0,318.0,0.0
2024-09-18 15:30:00,1046.425715137743,0.0,383.0,0.0
2024-09-18 16:00:00,812.8081206290773,0.0,288.0,0.0
2024-09-18 16:30:00,764.5094076519323,0.0,289.0,0.0
2024-09-18 17:00:00,789.9719139514038,0.0,287.0,0.0
2024-09-18 17:30:00,954.5675177119122,0.0,395.0,0.0
2024-09-18 18:00:00,792.4587074488361,0.0,333.0,0.0
2024-09-18 18:30:00,697.0867650259371,0.0,268.0,0.0
2024-09-18 19:00:00,629.5697193346696,0.0,266.0,0.0
2024-09-18 19:30:00,709.8712799404402,0.0,272.0,0.0
2024-09-18 20:00:00,884.5035181125211,0.0,352.0,0.0
2024-09-18 20:30:00,852.7563768103633,0.0,328.0,0.0
2024-09-18 21:00:00,685.1409974689445,0.0,273.0,0.0
2024-09-18 21:30:00,748.5165768616712,0.0,281.0,0.0
2024-09-18 22:00:00,830.9685618462355,0.0,320.0,0.0
2024-09-18 22:30:00,899.772570590647,0.0,402.0,0.0
2024-09-18 23:00:00,744.375903836326,0.0,321.0,0.0
2024-09-18 23:30:00,803.0606395392198,0.0,314.0,0.0
2024-09-19 00:00:00,695.1780537551849,0.0,270.0,0.0
2024-09-19 00:30:00,636.5757198187283,0.0,240.0,0.0
2024-09-19 01:00:00,690.5938645606116,0.0,253.0,0.0
2024-09-19 01:30:00,530.2397640457034,0.0,208.0,0.0
2024-09-19 02:00:00,514.2829639613784,0.0,205.0,0.0
2024-09-19 02:30:00,411.1125660722539,0.0,149.0,0.0
2024-09-19 03:00:00,353.5927051762503,0.0,136.0,0.0
2024-09-19 03:30:00,321.1603647759754,0.0,144.0,0.0
2024-09-19 04:00:00,296.35964333788735,0.0,139.0,0.0
2024-09-19 04:30:00,262.06545885768503,0.0,140.0,0.0
2024-09-19 05:00:00,300.3191327267817,0.0,139.0,0.0
2024-09-19 05:30:00,293.6974105831327,0.0,138.0,0.0
2024-09-19 06:00:00,315.23964416480726,0.0,137.0,0.0
2024-09-19 06:30:00,266.313088305124,0.0,119.0,0.0
2024-09-19 07:00:00,124.76840078434087,0.0,70.0,0.0
2024-09-19 07:30:00,122.16288417400271,0.0,69.0,0.0
2024-09-19 08:00:00,110.82037936667055,0.0,67.0,0.0
2024-09-19 08:30:00,121.15200179863271,0.0,67.0,0.0
2024-09-19 09:00:00,133.05774248265053,0.0,64.0,0.0
2024-09-19 09:30:00,162.2878509453407,0.0,68.0,0.0
2024-09-19 10:00:00,151.22788955509202,0.0,70.0,0.0
2024-09-19 10:30:00,165.97672372291845,0.0,73.0,0.0
2024-09-19 11:00:00,178.7662092770147,0.0,67.0,0.0
2024-09-19 11:30:00,177.67283626467116,0.0,68.0,0.0
2024-09-19 12:00:00,191.7879262280761,0.0,68.0,0.0
2024-09-19 12:30:00,189.19712485426095,0.0,70.0,0.0
2024-09-19 13:00:00,186.77109745399892,0.0,72.0,0.0
2024-09-19 13:30:00,190.42606473666348,0.0,67.0,0.0
2024-09-19 14:00:00,174.56696942422386,0.0,72.0,0.0
2024-09-19 14:30:00,191.9303871943653,0.0,74.0,0.0
2024-09-19 15:00:00,167.56921762622315,0.0,73.0,0.0
2024-09-19 15:30:00,168.22883504908344,0.0,71.0,0.0
2024-09-19 16:00:00,184.53342251376324,0.0,72.0,0.0
2024-09-19 16:30:00,161.5745849092607,0.0,73.0,0.0
2024-09-19 17:00:00,178.65389671719024,0.0,69.0,0.0
2024-09-19 17:30:00,111.84370660986546,0.0,48.0,0.0
2024-09-19 18:00:00,105.19068882144512,0.0,51.0,0.0
2024-09-19 18:30:00,94.35871115783347,0.0,50.0,0.0
2024-09-19 19:00:00,93.86230906866308,0.0,49.0,0.0
2024-09-19 19:30:00,100.24928728541694,0.0,51.99999999999999,0.0
2024-09-19 20:00:00,97.53759566949849,0.0,55.00000000000001,0.0
2024-09-19 20:30:00,98.32117265702983,0.0,56.0,0.0
2024-09-19 21:00:00,104.33769242544207,0.0,55.99999999999999,0.0
2024-09-19 21:30:00,104.8861804264459,0.0,61.0,0.0
2024-09-19 22:00:00,105.95724633521844,0.0,63.00000000000001,0.0
2024-09-19 22:30:00,111.8550844960979,0.0,65.0,0.0
2024-09-19 23:00:00,122.39796329042765,0.0,64.0,0.0
2024-09-19 23:30:00,110.84897167059829,0.0,66.0,0.0
2024-09-20 00:00:00,693.509171110266,0.0,258.0,0.0
2024-09-20 00:30:00,660.1103175933068,0.0,246.0,0.0
2024-09-20 01:00:00,789.9171128402559,0.0,261.0,0.0
2024-09-20 01:30:00,761.9268464468778,0.0,288.0,0.0
2024-09-20 02:00:00,1035.199426704466,0.0,362.0,0.0
2024-09-20 02:30:00,845.7721738515799,0.0,311.0,0.0
2024-09-20 03:00:00,777.1155971194926,0.0,296.0,0.0
2024-09-20 03:30:00,749.6550510669256,0.0,286.0,0.0
2024-09-20 04:00:00,814.374713068571,0.0,286.0,0.0
2024-09-20 04:30:00,1070.9913501172102,0.0,396.0,0.0
2024-09-20 05:00:00,796.8800798726237,0.0,312.0,0.0
2024-09-20 05:30:00,824.163748887302,0.0,289.0,0.0
2024-09-20 06:00:00,748.0847236584796,0.0,285.0,0.0
2024-09-20 06:30:00,753.087898586785,0.0,283.0,0.0
2024-09-20 07:00:00,837.508049377501,0.0,362.0,0.0
2024-09-20 07:30:00,952.8140355214658,0.0,332.0,0.0
2024-09-20 08:00:00,787.0752509186007,0.0,276.0,0.0
2024-09-20 08:30:00,766.1287663270382,0.0,256.0,0.0
2024-09-20 09:00:00,845.8140871948572,0.0,297.0,0.0
2024-09-20 09:30:00,994.937342228399,0.0,350.0,0.0
2024-09-20 10:00:00,811.52154515483,0.0,285.0,0.0
2024-09-20 10:30:00,832.1139736635197,0.0,273.0,0.0
2024-09-20 11:00:00,779.1679741675551,0.0,258.0,0.0
2024-09-20 11:30:00,865.5645129346067,0.0,323.0,0.0
2024-09-20 12:00:00,854.0462837683057,0.0,288.0,0.0
2024-09-20 12:30:00,771.740540227383,0.0,269.0,0.0
2024-09-20 13:00:00,870.8372143552526,0.0,310.0,0.0
2024-09-20 13:30:00,1028.2609400873841,0.0,350.0,0.0
2024-09-20 14:00:00,748.3087916159825,0.0,267.0,0.0
2024-09-20 14:30:00,852.202095178418,0.0,281.0,0.0
2024-09-20 15:00:00,737.1314154336989,0.0,262.0,0.0
2024-09-20 15:30:00,747.81111414528,0.0,264.0,0.0
2024-09-20 16:00:00,767.6580264644539,0.0,294.0,0.0
2024-09-20 16:30:00,1013.3687218472436,0.0,345.0,0.0
2024-09-20 17:00:00,915.8162763038595,0.0,286.0,0.0
2024-09-20 17:30:00,752.6879459181011,0.0,253.00000000000003,0.0
2024-09-20 18:00:00,811.5406284362751,0.0,275.0,0.0
2024-09-20 18:30:00,1000.7577978104704,0.0,321.0,0.0
2024-09-20 19:00:00,1087.5361767048012,0.0,377.0,0.0
2024-09-20 19:30:00,748.1563123137043,0.0,279.0,0.0
2024-09-20 20:00:00,726.311197946228,0.0,266.0,0.0
2024-09-20 20:30:00,739.464335274421,0.0,274.0,0.0
2024-09-20 21:00:00,910.4088885155745,0.0,349.0,0.0
2024-09-20 21:30:00,940.2109126890225,0.0,355.0,0.0
2024-09-20 22:00:00,817.3336692578387,0.0,290.0,0.0
2024-09-20 22:30:00,807.9931335575146,0.0,284.0,0.0
2024-09-20 23:00:00,721.497362745703,0.0,289.0,0.0
2024-09-20 23:30:00,920.6511358188611,0.0,361.0,0.0
2024-09-21 00:00:00,682.6820456017977,0.0,270.0,0.0
2024-09-21 00:30:00,882.9817357589669,0.0,313.0,0.0
2024-09-21 01:00:00,875.1748190129081,0.0,316.0,0.0
2024-09-21 01:30:00,739.0980161287479,0.0,254.0,0.0
2024-09-21 02:00:00,738.4635565730468,0.0,271.0,0.0
2024-09-21 02:30:00,773.6965135335558,0.0,298.0,0.0
2024-09-21 03:00:00,699.4185872750866,0.0,241.0,0.0
2024-09-21 03:30:00,638.6629374278186,0.0,239.0,0.0
2024-09-21 04:00:00,778.3438534094095,0.0,281.0,0.0
2024-09-21 04:30:00,823.3534816648305,0.0,309.0,0.0
2024-09-21 05:00:00,795.5002676787544,0.0,320.0,0.0
2024-09-21 05:30:00,817.4006749665872,0.0,312.0,0.0
2024-09-21 06:00:00,772.1273024341483,0.0,287.0,0.0
2024-09-21 06:30:00,628.5046836989573,0.0,270.0,0.0
2024-09-21 07:00:00,742.676492443358,0.0,272.0,0.0
2024-09-21 07:30:00,676.9202413221368,0.0,273.0,0.0
2024-09-21 08:00:00,762.8685198202355,0.0,319.0,0.0
2024-09-21 08:30:00,795.7036496938762,0.0,319.0,0.0
2024-09-21 09:00:00,719.4351488431339,0.0,289.0,0.0
2024-09-21 09:30:00,810.8625638316922,0.0,287.0,0.0
2024-09-21 10:00:00,751.3386801354695,0.0,299.0,0.0
2024-09-21 10:30:00,830.6264091649745,0.0,327.0,0.0
2024-09-21 11:00:00,870.3915941703503,0.0,320.0,0.0
2024-09-21 11:30:00,727.6599066733421,0.0,281.0,0.0
2024-09-21 12:00:00,750.0488424207568,0.0,278.0,0.0
2024-09-21 12:30:00,665.9740813547915,0.0,261.0,0.0
2024-09-21 13:00:00,672.0517785904603,0.0,250.99999999999997,0.0
2024-09-21 13:30:00,814.6513645888655,0.0,269.0,0.0
2024-09-21 14:00:00,764.9603873698901,0.0,276.0,0.0
2024-09-21 14:30:00,827.1446186833313,0.0,325.0,0.0
2024-09-21 15:00:00,862.004349911361,0.0,337.0,0.0
2024-09-21 15:30:00,778.3372975693991,0.0,312.0,0.0
2024-09-21 16:00:00,727.5000341842782,0.0,282.0,0.0
2024-09-21 16:30:00,639.4348596434481,0.0,267.0,0.0
2024-09-21 17:00:00,687.5106223479836,0.0,247.0,0.0
2024-09-21 17:30:00,671.5052552904302,0.0,268.0,0.0
2024-09-21 18:00:00,611.9212536767055,0.0,252.0,0.0
2024-09-21 18:30:00,688.5126064482969,0.0,254.99999999999997,0.0
2024-09-21 19:00:00,653.1468294193725,0.0,251.0,0.0
2024-09-21 19:30:00,708.1861454267957,0.0,264.0,0.0
2024-09-21 20:00:00,806.463748728559,0.0,294.0,0.0
2024-09-21 20:30:00,695.4822583812548,0.0,290.0,0.0
2024-09-21 21:00:00,602.3197178088014,0.0,231.0,0.0
2024-09-21 21:30:00,559.9949568065668,0.0,226.0,0.0
2024-09-21 22:00:00,737.0975547839346,0.0,270.0,0.0
2024-09-21 22:30:00,779.5437428531375,0.0,305.0,0.0
2024-09-21 23:00:00,722.6590572083136,0.0,263.0,0.0
2024-09-21 23:30:00,688.1047922458318,0.0,239.0,0.0
2024-09-22 00:00:00,1233.87724810682,0.0,486.0,0.0
2024-09-22 00:30:00,1297.4022695556207,0.0,487.99999999999994,0.0
2024-09-22 01:00:00,1011.6592160825451,0.0,417.0,0.0
2024-09-22 01:30:00,794.6775999859035,0.0,355.0,0.0
2024-09-22 02:00:00,912.946389611864,0.0,362.0,0.0
2024-09-22 02:30:00,794.5447641178754,0.0,322.0,0.0
2024-09-22 03:00:00,976.8433355639005,0.0,336.0,0.0
2024-09-22 03:30:00,810.6199844091556,0.0,339.0,0.0
2024-09-22 04:00:00,863.7712960032244,0.0,339.0,0.0
2024-09-22 04:30:00,777.0240273207055,0.0,295.0,0.0
2024-09-22 05:00:00,766.2173876189528,0.0,305.0,0.0
2024-09-22 05:30:00,672.7306778968192,0.0,305.0,0.0
2024-09-22 06:00:00,834.3448832436841,0.0,316.0,0.0
2024-09-22 06:30:00,740.9362816767766,0.0,329.0,0.0
2024-09-22 07:00:00,672.4558698886472,0.0,263.0,0.0
2024-09-22 07:30:00,663.7836828756438,0.0,276.0,0.0
2024-09-22 08:00:00,681.7005360461319,0.0,287.0,0.0
2024-09-22 08:30:00,696.9477248104563,0.0,261.0,0.0
2024-09-22 09:00:00,638.0840614643122,0.0,260.0,0.0
2024-09-22 09:30:00,652.7103562341008,0.0,292.0,0.0
2024-09-22 10:00:00,594.2996193374672,0.0,262.0,0.0
2024-09-22 10:30:00,666.788562434109,0.0,265.0,0.0
2024-09-22 11:00:00,665.8881370905999,0.0,315.0,0.0
2024-09-22 11:30:00,700.704350358196,0.0,249.00000000000003,0.0
2024-09-22 12:00:00,599.3129558474133,0.0,248.0,0.0
2024-09-22 12:30:00,514.5747905274853,0.0,210.0,0.0
2024-09-22 13:00:00,576.0521628919394,0.0,246.0,0.0
2024-09-22 13:30:00,609.7548235844694,0.0,245.0,0.0
2024-09-22 14:00:00,581.7998877958587,0.0,242.0,0.0
2024-09-22 14:30:00,506.6407898529069,0.0,196.0,0.0
2024-09-22 15:00:00,515.3400691804381,0.0,213.0,0.0
2024-09-22 15:30:00,549.9361630883827,0.0,222.0,0.0
2024-09-22 16:00:00,574.6740996344977,0.0,209.0,0.0
2024-09-22 16:30:00,541.612381894347,0.0,216.0,0.0
2024-09-22 17:00:00,547.4303984816157,0.0,228.0,0.0
2024-09-22 17:30:00,554.6436967718507,0.0,230.0,0.0
2024-09-22 18:00:00,675.7174978274763,0.0,268.0,0.0
2024-09-22 18:30:00,675.9045997408373,0.0,261.0,0.0
2024-09-22 19:00:00,688.1527360564913,0.0,261.0,0.0
2024-09-22 19:30:00,540.669736298512,0.0,211.0,0.0
2024-09-22 20:00:00,557.9495420895526,0.0,239.0,0.0
2024-09-22 20:30:00,677.5717874500859,0.0,287.0,0.0
2024-09-22 21:00:00,830.9671977232215,0.0,320.0,0.0
2024-09-22 21:30:00,644.8239265713188,0.0,225.99999999999997,0.0
2024-09-22 22:00:00,589.1558742532777,0.0,215.0,0.0
2024-09-22 22:30:00,606.3916047126395,0.0,240.0,0.0
2024-09-22 23:00:00,708.9273716041533,0.0,299.0,0.0
2024-09-22 23:30:00,697.7425221572387,0.0,273.0,0.0
2024-09-23 00:00:00,735.4913529745003,0.0,292.0,0.0
2024-09-23 00:30:00,844.3533023767252,0.0,348.0,0.0
2024-09-23 01:00:00,691.6103523743321,0.0,290.0,0.0
2024-09-23 01:30:00,624.6147561387735,0.0,244.0,0.0
2024-09-23 02:00:00,661.0879582848784,0.0,278.0,0.0
2024-09-23 02:30:00,755.7542054306317,0.0,349.0,0.0
2024-09-23 03:00:00,787.6858109983124,0.0,339.0,0.0
2024-09-23 03:30:00,643.7046685597245,0.0,269.0,0.0
2024-09-23 04:00:00,629.2536917083247,0.0,261.0,0.0
2024-09-23 04:30:00,687.0900657813982,0.0,286.0,0.0
2024-09-23 05:00:00,958.6797867028932,0.0,365.0,0.0
2024-09-23 05:30:00,694.8309124239473,0.0,292.0,0.0
2024-09-23 06:00:00,599.5517173698735,0.0,272.0,0.0
2024-09-23 06:30:00,575.0389260435945,0.0,229.0,0.0
2024-09-23 07:00:00,821.4871233853038,0.0,325.0,0.0
2024-09-23 07:30:00,884.2679453541157,0.0,329.0,0.0
2024-09-23 08:00:00,690.1234771353962,0.0,290.0,0.0
2024-09-23 08:30:00,714.8024773023945,0.0,277.0,0.0
2024-09-23 09:00:00,724.7941209544979,0.0,272.0,0.0
2024-09-23 09:30:00,842.6602731483757,0.0,334.0,0.0
2024-09-23 10:00:00,745.2076318950948,0.0,288.0,0.0
2024-09-23 10:30:00,717.793192213152,0.0,291.0,0.0
2024-09-23 11:00:00,664.4041540842175,0.0,260.0,0.0
2024-09-23 11:30:00,802.9191032800825,0.0,318.0,0.0
2024-09-23 12:00:00,817.9120582014649,0.0,329.0,0.0
2024-09-23 12:30:00,740.2158056922257,0.0,290.0,0.0
2024-09-23 13:00:00,732.6794734727912,0.0,249.0,0.0
2024-09-23 13:30:00,677.1195845263956,0.0,274.0,0.0
2024-09-23 14:00:00,831.2669704035883,0.0,322.0,0.0
2024-09-23 14:30:00,836.3019571408398,0.0,317.0,0.0
2024-09-23 15:00:00,734.7875780734528,0.0,293.0,0.0
2024-09-23 15:30:00,672.3544564209038,0.0,258.0,0.0
2024-09-23 16:00:00,717.1984462611533,0.0,295.0,0.0
2024-09-23 16:30:00,670.1237644588888,0.0,271.0,0.0
2024-09-23 17:00:00,696.510546626213,0.0,286.0,0.0
2024-09-23 17:30:00,609.3820796436064,0.0,274.0,0.0
2024-09-23 18:00:00,623.30884603845,0.0,250.99999999999997,0.0
2024-09-23 18:30:00,552.4628080328506,0.0,214.0,0.0
2024-09-23 19:00:00,567.279763705971,0.0,232.0,0.0
2024-09-23 19:30:00,844.3761870999366,0.0,282.0,0.0
2024-09-23 20:00:00,743.9762322993745,0.0,304.0,0.0
2024-09-23 20:30:00,640.8274891785416,0.0,238.0,0.0
2024-09-23 21:00:00,625.9437587553457,0.0,265.0,0.0
2024-09-23 21:30:00,757.8992477828002,0.0,273.0,0.0
2024-09-23 22:00:00,727.6112616154677,0.0,254.0,0.0
2024-09-23 22:30:00,548.4360739971083,0.0,200.0,0.0
2024-09-23 23:00:00,645.5189525351445,0.0,240.0,0.0
2024-09-23 23:30:00,676.4471249699441,0.0,243.00000000000003,0.0
2024-09-24 00:00:00,718.3411966762749,0.0,256.0,0.0
2024-09-24 00:30:00,656.7503428416944,0.0,236.0,0.0
2024-09-24 01:00:00,791.0176199714031,0.0,335.0,0.0
2024-09-24 01:30:00,899.9733097601237,0.0,347.0,0.0
2024-09-24 02:00:00,793.6143215161221,0.0,305.0,0.0
2024-09-24 02:30:00,708.9074287184284,0.0,283.0,0.0
2024-09-24 03:00:00,637.7255954412602,0.0,262.0,0.0
2024-09-24 03:30:00,851.8124461272512,0.0,340.0,0.0
2024-09-24 04:00:00,859.5008720597449,0.0,356.0,0.0
2024-09-24 04:30:00,745.141888656294,0.0,311.0,0.0
2024-09-24 05:00:00,692.5239518638919,0.0,257.0,0.0
2024-09-24 05:30:00,690.0284033900501,0.0,228.00000000000003,0.0
2024-09-24 06:00:00,853.366996651144,0.0,356.0,0.0
2024-09-24 06:30:00,875.7092234680757,0.0,355.0,0.0
2024-09-24 07:00:00,776.9130138379801,0.0,304.0,0.0
2024-09-24 07:30:00,693.1982391034451,0.0,260.0,0.0
2024-09-24 08:00:00,617.8745744924018,0.0,289.0,0.0
2024-09-24 08:30:00,790.5494379694507,0.0,323.0,0.0
2024-09-24 09:00:00,828.5024869594841,0.0,383.0,0.0
2024-09-24 09:30:00,792.4470067891082,0.0,353.0,0.0
2024-09-24 10:00:00,763.9966652878315,0.0,336.0,0.0
2024-09-24 10:30:00,833.5079872776281,0.0,316.0,0.0
2024-09-24 11:00:00,874.7272260152957,0.0,347.0,0.0
2024-09-24 11:30:00,974.4473137878133,0.0,383.0,0.0
2024-09-24 12:00:00,871.1785876215322,0.0,332.0,0.0
2024-09-24 12:30:00,677.1900271222862,0.0,276.0,0.0
2024-09-24 13:00:00,732.6578457043877,0.0,306.0,0.0
2024-09-24 13:30:00,823.3125515623935,0.0,334.0,0.0
2024-09-24 14:00:00,892.7922092131986,0.0,365.0,0.0
2024-09-24 14:30:00,765.0763252954381,0.0,292.0,0.0
2024-09-24 15:00:00,715.9291070536841,0.0,303.0,0.0
2024-09-24 15:30:00,775.9205571191219,0.0,318.0,0.0
2024-09-24 16:00:00,725.163031808957,0.0,338.0,0.0
2024-09-24 16:30:00,949.9495405054118,0.0,399.0,0.0
2024-09-24 17:00:00,746.7094952273296,0.0,309.0,0.0
2024-09-24 17:30:00,695.7713739002303,0.0,285.0,0.0
2024-09-24 18:00:00,733.8091987999799,0.0,291.0,0.0
2024-09-24 18:30:00,645.1082941817897,0.0,294.0,0.0
2024-09-24 19:00:00,819.958335713002,0.0,321.0,0.0
2024-09-24 19:30:00,711.0102636104207,0.0,286.0,0.0
2024-09-24 20:00:00,658.7004113720752,0.0,272.0,0.0
2024-09-24 20:30:00,673.2965429722875,0.0,285.0,0.0
2024-09-24 21:00:00,706.8948616359216,0.0,289.0,0.0
2024-09-24 21:30:00,704.051040948086,0.0,287.0,0.0
2024-09-24 22:00:00,875.9906245076567,0.0,357.0,0.0
2024-09-24 22:30:00,907.5983118709272,0.0,356.0,0.0
2024-09-24 23:00:00,750.1107012059534,0.0,321.0,0.0
2024-09-24 23:30:00,778.011554740928,0.0,311.0,0.0
2024-09-25 00:00:00,707.3586307458229,0.0,283.0,0.0
2024-09-25 00:30:00,641.7538926539858,0.0,269.0,0.0
2024-09-25 01:00:00,613.8962150230506,0.0,280.0,0.0
2024-09-25 01:30:00,856.3219575411662,0.0,353.0,0.0
2024-09-25 02:00:00,867.7646378630607,0.0,336.0,0.0
2024-09-25 02:30:00,643.5131578670205,0.0,276.0,0.0
2024-09-25 03:00:00,634.5909257882876,0.0,275.0,0.0
2024-09-25 03:30:00,697.4951835416108,0.0,268.0,0.0
2024-09-25 04:00:00,662.8198833380847,0.0,283.0,0.0
2024-09-25 04:30:00,724.9836946045173,0.0,277.0,0.0
2024-09-25 05:00:00,786.8196384038566,0.0,338.0,0.0
2024-09-25 05:30:00,984.4787523288478,0.0,355.0,0.0
2024-09-25 06:00:00,672.0170750540673,0.0,294.0,0.0
2024-09-25 06:30:00,622.3660020895396,0.0,290.0,0.0
2024-09-25 07:00:00,703.0429710460429,0.0,292.0,0.0
2024-09-25 07:30:00,774.0154190919228,0.0,325.0,0.0
2024-09-25 08:00:00,904.0846784640794,0.0,357.0,0.0
2024-09-25 08:30:00,752.2566628657034,0.0,286.0,0.0
2024-09-25 09:00:00,724.9930976431713,0.0,295.0,0.0
2024-09-25 09:30:00,743.1611912390226,0.0,304.0,0.0
2024-09-25 10:00:00,950.9358173410589,0.0,390.0,0.0
2024-09-25 10:30:00,845.4097362465207,0.0,337.0,0.0
2024-09-25 11:00:00,806.582071360247,0.0,305.0,0.0
2024-09-25 11:30:00,715.2507261507585,0.0,290.0,0.0
2024-09-25 12:00:00,767.1247088584764,0.0,310.0,0.0
2024-09-25 12:30:00,877.9644053024207,0.0,366.0,0.0
2024-09-25 13:00:00,780.5050843404663,0.0,302.0,0.0
2024-09-25 13:30:00,687.6449617761355,0.0,297.0,0.0
2024-09-25 14:00:00,642.0089131377396,0.0,272.0,0.0
2024-09-25 14:30:00,729.0531737916644,0.0,271.0,0.0
2024-09-25 15:00:00,831.0111345307047,0.0,380.0,0.0
2024-09-25 15:30:00,946.4189473223147,0.0,331.0,0.0
2024-09-25 16:00:00,794.6153810073347,0.0,305.0,0.0
2024-09-25 16:30:00,703.574284200584,0.0,288.0,0.0
2024-09-25 17:00:00,785.0089681887301,0.0,350.0,0.0
2024-09-25 17:30:00,954.4966657182922,0.0,374.0,0.0
2024-09-25 18:00:00,742.4521456253959,0.0,291.0,0.0
2024-09-25 18:30:00,649.7969645516284,0.0,266.0,0.0
2024-09-25 19:00:00,650.1919573358214,0.0,250.0,0.0
2024-09-25 19:30:00,739.1362413021102,0.0,320.0,0.0
2024-09-25 20:00:00,785.9345400782231,0.0,342.0,0.0
2024-09-25 20:30:00,672.4989716415755,0.0,286.0,0.0
2024-09-25 21:00:00,687.8140216452083,0.0,289.0,0.0
2024-09-25 21:30:00,677.969529857485,0.0,289.0,0.0
2024-09-25 22:00:00,781.5065021715541,0.0,302.0,0.0
2024-09-25 22:30:00,670.7005167165703,0.0,267.0,0.0
2024-09-25 23:00:00,733.9395512056504,0.0,293.0,0.0
2024-09-25 23:30:00,690.7645924919975,0.0,284.0,0.0
2024-09-26 00:00:00,894.8600642515543,0.0,374.0,0.0
2024-09-26 00:30:00,710.4123540108234,0.0,264.0,0.0
2024-09-26 01:00:00,664.9532688078913,0.0,257.0,0.0
2024-09-26 01:30:00,752.1276637847839,0.0,272.0,0.0
2024-09-26 02:00:00,589.1999590043442,0.0,280.0,0.0
2024-09-26 02:30:00,768.8327516959489,0.0,320.0,0.0
2024-09-26 03:00:00,892.3479738702623,0.0,364.0,0.0
2024-09-26 03:30:00,657.67808216643,0.0,269.0,0.0
2024-09-26 04:00:00,691.0840813980872,0.0,254.0,0.0
2024-09-26 04:30:00,673.63081086631,0.0,244.00000000000003,0.0
2024-09-26 05:00:00,598.3092721594342,0.0,254.0,0.0
2024-09-26 05:30:00,893.8140960649516,0.0,338.0,0.0
2024-09-26 06:00:00,696.479180157338,0.0,299.0,0.0
2024-09-26 06:30:00,660.8842508819448,0.0,229.0,0.0
2024-09-26 07:00:00,620.2922958717229,0.0,229.0,0.0
2024-09-26 07:30:00,607.2707182270989,0.0,243.0,0.0
2024-09-26 08:00:00,599.0031967582316,0.0,221.0,0.0
2024-09-26 08:30:00,644.7578049639972,0.0,240.0,0.0
2024-09-26 09:00:00,792.3316475279553,0.0,317.0,0.0
2024-09-26 09:30:00,757.0119559549834,0.0,303.0,0.0
2024-09-26 10:00:00,695.84437772989,0.0,285.0,0.0
2024-09-26 10:30:00,653.9509586378783,0.0,267.0,0.0
2024-09-26 11:00:00,642.7458653816404,0.0,263.0,0.0
2024-09-26 11:30:00,625.4323692530628,0.0,232.0,0.0
2024-09-26 12:00:00,666.5368969878893,0.0,266.0,0.0
2024-09-26 12:30:00,611.9093186667209,0.0,221.00000000000003,0.0
2024-09-26 13:00:00,654.4930361719643,0.0,236.0,0.0
2024-09-26 13:30:00,661.2470250797045,0.0,244.0,0.0
2024-09-26 14:00:00,653.6049110369944,0.0,199.99999999999997,0.0
2024-09-26 14:30:00,525.4320597867686,0.0,205.0,0.0
2024-09-26 15:00:00,601.3892375873729,0.0,233.0,0.0
2024-09-26 15:30:00,555.5382771833442,0.0,208.0,0.0
2024-09-26 16:00:00,618.0588838057084,0.0,217.0,0.0
2024-09-26 16:30:00,694.8302429525712,0.0,253.0,0.0
2024-09-26 17:00:00,671.4546992744241,0.0,240.0,0.0
2024-09-26 17:30:00,597.9173840831543,0.0,232.0,0.0
2024-09-26 18:00:00,479.6267240446264,0.0,191.0,0.0
2024-09-26 18:30:00,555.2500839238916,0.0,195.0,0.0
2024-09-26 19:00:00,530.5140246980558,0.0,232.0,0.0
2024-09-26 19:30:00,707.6587085003958,0.0,237.0,0.0
2024-09-26 20:00:00,716.7685368208084,0.0,234.99999999999997,0.0
2024-09-26 20:30:00,602.7156277754733,0.0,209.0,0.0
2024-09-26 21:00:00,594.1309821574292,0.0,208.0,0.0
2024-09-26 21:30:00,600.4620851564172,0.0,215.0,0.0
2024-09-26 22:00:00,672.2280958958065,0.0,222.99999999999997,0.0
2024-09-26 22:30:00,727.3012856343315,0.0,223.0,0.0
2024-09-26 23:00:00,648.818770319222,0.0,213.0,0.0
2024-09-26 23:30:00,626.5738966629143,0.0,231.00000000000003,0.0
2024-09-27 00:00:00,1161.3525171770682,0.0,445.0,0.0
2024-09-27 00:30:00,1111.3684300543994,0.0,435.0,0.0
2024-09-27 01:00:00,1253.8802317829027,0.0,517.0,0.0
2024-09-27 01:30:00,1657.1618308433121,0.0,635.0,0.0
2024-09-27 02:00:00,1365.2062708389585,0.0,557.0,0.0
2024-09-27 02:30:00,1364.4804927085308,0.0,514.0,0.0
2024-09-27 03:00:00,1039.9002952492822,0.0,445.0,0.0
2024-09-27 03:30:00,1311.7101886035125,0.0,525.0,0.0
2024-09-27 04:00:00,1461.8748890879453,0.0,566.0,0.0
2024-09-27 04:30:00,1152.8565046009899,0.0,478.0,0.0
2024-09-27 05:00:00,1207.4687244855672,0.0,457.0,0.0
2024-09-27 05:30:00,1423.089250990135,0.0,582.0,0.0
2024-09-27 06:00:00,1354.3480566286605,0.0,587.0,0.0
2024-09-27 06:30:00,1316.501575648372,0.0,556.0,0.0
2024-09-27 07:00:00,1237.3654985471567,0.0,475.0,0.0
2024-09-27 07:30:00,1191.3593041248564,0.0,463.0,0.0
2024-09-27 08:00:00,1106.134672721055,0.0,472.0,0.0
2024-09-27 08:30:00,1445.8620676725318,0.0,589.0,0.0
2024-09-27 09:00:00,1604.2405389243863,0.0,637.0,0.0
2024-09-27 09:30:00,1325.7947662694332,0.0,556.0,0.0
2024-09-27 10:00:00,1316.0695229167295,0.0,464.0,0.0
2024-09-27 10:30:00,1111.0709434778732,0.0,418.00000000000006,0.0
2024-09-27 11:00:00,1144.6114857446378,0.0,455.0,0.0
2024-09-27 11:30:00,1585.6690019397442,0.0,606.0,0.0
2024-09-27 12:00:00,1592.773878053874,0.0,647.0,0.0
2024-09-27 12:30:00,1416.8249477704749,0.0,524.0,0.0
2024-09-27 13:00:00,1066.7179873658172,0.0,446.0,0.0
2024-09-27 13:30:00,1205.4622476599434,0.0,490.0,0.0
2024-09-27 14:00:00,1513.764948208018,0.0,582.0,0.0
2024-09-27 14:30:00,1470.4835190080391,0.0,547.0,0.0
2024-09-27 15:00:00,1136.7596642642336,0.0,455.0,0.0
2024-09-27 15:30:00,1076.2088047347106,0.0,431.0,0.0
2024-09-27 16:00:00,1234.2113253936707,0.0,475.0,0.0
2024-09-27 16:30:00,1363.2858272891694,0.0,582.0,0.0
2024-09-27 17:00:00,1265.099858225195,0.0,506.0,0.0
2024-09-27 17:30:00,1315.7145502790347,0.0,503.0,0.0
2024-09-27 18:00:00,1369.8508535969206,0.0,559.0,0.0
2024-09-27 18:30:00,1149.7401774880968,0.0,513.0,0.0
2024-09-27 19:00:00,1166.812331218193,0.0,514.0,0.0
2024-09-27 19:30:00,1090.4625395994126,0.0,411.0,0.0
2024-09-27 20:00:00,925.1830583501012,0.0,407.0,0.0
2024-09-27 20:30:00,1175.1561640707187,0.0,472.0,0.0
2024-09-27 21:00:00,1276.278884143857,0.0,543.0,0.0
2024-09-27 21:30:00,1493.242351229754,0.0,562.0,0.0
2024-09-27 22:00:00,1330.0858768266985,0.0,478.99999999999994,0.0
2024-09-27 22:30:00,1008.6131206944896,0.0,418.0,0.0
2024-09-27 23:00:00,1082.845292000107,0.0,436.0,0.0
2024-09-27 23:30:00,1020.7508351201848,0.0,423.0,0.0
2024-09-28 00:00:00,730.5631644876431,0.0,273.0,0.0
2024-09-28 00:30:00,703.0196763997653,0.0,271.0,0.0
2024-09-28 01:00:00,739.2765717230234,0.0,303.0,0.0
2024-09-28 01:30:00,864.4648022361457,0.0,352.0,0.0
2024-09-28 02:00:00,773.3468705569908,0.0,301.0,0.0
2024-09-28 02:30:00,683.726863777888,0.0,274.0,0.0
2024-09-28 03:00:00,701.9330702311408,0.0,290.0,0.0
2024-09-28 03:30:00,714.4991715871157,0.0,285.0,0.0
2024-09-28 04:00:00,829.6294959556448,0.0,356.0,0.0
2024-09-28 04:30:00,853.4099982905835,0.0,341.0,0.0
2024-09-28 05:00:00,662.4040899308234,0.0,264.0,0.0
2024-09-28 05:30:00,669.2483380215576,0.0,270.0,0.0
2024-09-28 06:00:00,667.6176505957685,0.0,318.0,0.0
2024-09-28 06:30:00,897.4814126613725,0.0,376.0,0.0
2024-09-28 07:00:00,694.1065912618536,0.0,310.0,0.0
2024-09-28 07:30:00,689.4441012913469,0.0,277.0,0.0
2024-09-28 08:00:00,668.434773138411,0.0,306.0,0.0
2024-09-28 08:30:00,846.3375876120631,0.0,338.0,0.0
2024-09-28 09:00:00,854.7565901892774,0.0,335.0,0.0
2024-09-28 09:30:00,662.8934057019812,0.0,298.0,0.0
2024-09-28 10:00:00,714.2423491744557,0.0,290.0,0.0
2024-09-28 10:30:00,800.7395814447178,0.0,348.0,0.0
2024-09-28 11:00:00,893.97110635453,0.0,374.0,0.0
2024-09-28 11:30:00,740.0252174865705,0.0,283.0,0.0
2024-09-28 12:00:00,724.5477210593275,0.0,271.0,0.0
2024-09-28 12:30:00,663.4540994218064,0.0,272.0,0.0
2024-09-28 13:00:00,749.2512699643953,0.0,295.0,0.0
2024-09-28 13:30:00,858.6737723870383,0.0,345.0,0.0
2024-09-28 14:00:00,813.4262325914356,0.0,301.0,0.0
2024-09-28 14:30:00,706.6166865797755,0.0,299.0,0.0
2024-09-28 15:00:00,698.842084068853,0.0,279.0,0.0
2024-09-28 15:30:00,886.3226693632416,0.0,345.0,0.0
2024-09-28 16:00:00,857.7042802446862,0.0,348.0,0.0
2024-09-28 16:30:00,689.2870813183647,0.0,308.0,0.0
2024-09-28 17:00:00,607.7420875331208,0.0,271.0,0.0
2024-09-28 17:30:00,741.6196381407816,0.0,293.0,0.0
2024-09-28 18:00:00,930.975148254284,0.0,361.0,0.0
2024-09-28 18:30:00,732.8285423106142,0.0,318.0,0.0
2024-09-28 19:00:00,758.3758588236049,0.0,301.0,0.0
2024-09-28 19:30:00,748.7903244036413,0.0,282.0,0.0
2024-09-28 20:00:00,721.8454903669259,0.0,300.0,0.0
2024-09-28 20:30:00,712.8332054961912,0.0,288.0,0.0
2024-09-28 21:00:00,693.6567321410724,0.0,270.0,0.0
2024-09-28 21:30:00,720.5054934870776,0.0,287.0,0.0
2024-09-28 22:00:00,693.8510983965649,0.0,284.0,0.0
2024-09-28 22:30:00,683.4182218393897,0.0,272.0,0.0
2024-09-28 23:00:00,728.6575304583578,0.0,297.0,0.0
2024-09-28 23:30:00,770.2387524006178,0.0,335.0,0.0
2024-09-29 00:00:00,1230.2733718246545,0.0,526.0,0.0
2024-09-29 00:30:00,1534.1981006818876,0.0,568.0,0.0
2024-09-29 01:00:00,1262.2134916434022,0.0,537.0,0.0
2024-09-29 01:30:00,1121.661699149185,0.0,427.0,0.0
2024-09-29 02:00:00,1188.0727596992815,0.0,481.0,0.0
2024-09-29 02:30:00,1170.0386422706854,0.0,427.0,0.0
2024-09-29 03:00:00,1292.3148876124478,0.0,493.0,0.0
2024-09-29 03:30:00,1165.3231531476904,0.0,473.0,0.0
2024-09-29 04:00:00,1137.338711398174,0.0,458.0,0.0
2024-09-29 04:30:00,1014.4631044300382,0.0,455.0,0.0
2024-09-29 05:00:00,1067.0731969613937,0.0,413.0,0.0
2024-09-29 05:30:00,1078.3495484816679,0.0,439.0,0.0
2024-09-29 06:00:00,1364.7775306463643,0.0,524.0,0.0
2024-09-29 06:30:00,1046.6589785877193,0.0,446.0,0.0
2024-09-29 07:00:00,1055.3745461020353,0.0,456.0,0.0
2024-09-29 07:30:00,970.1917840447613,0.0,380.0,0.0
2024-09-29 08:00:00,1016.6994360210306,0.0,484.0,0.0
2024-09-29 08:30:00,1280.8323538864672,0.0,489.0,0.0
2024-09-29 09:00:00,1388.5992645622746,0.0,507.00000000000006,0.0
2024-09-29 09:30:00,1238.2949252181643,0.0,493.0,0.0
2024-09-29 10:00:00,1169.2570078733136,0.0,474.0,0.0
2024-09-29 10:30:00,1087.4800680275953,0.0,454.0,0.0
2024-09-29 11:00:00,1166.83724133961,0.0,469.0,0.0
2024-09-29 11:30:00,1330.8750065221611,0.0,534.0,0.0
2024-09-29 12:00:00,1358.0735270399762,0.0,551.0,0.0
2024-09-29 12:30:00,1327.1739735506483,0.0,542.0,0.0
2024-09-29 13:00:00,1439.3485749136826,0.0,576.0,0.0
2024-09-29 13:30:00,1440.5163986981638,0.0,570.0,0.0
2024-09-29 14:00:00,1617.460809203326,0.0,586.0,0.0
2024-09-29 14:30:00,1366.133179227607,0.0,539.0,0.0
2024-09-29 15:00:00,1354.10663838973,0.0,524.0,0.0
2024-09-29 15:30:00,1329.1627448380939,0.0,552.0,0.0
2024-09-29 16:00:00,1305.0779384155237,0.0,550.0,0.0
2024-09-29 16:30:00,1302.4292701598902,0.0,578.0,0.0
2024-09-29 17:00:00,1258.2333980644498,0.0,533.0,0.0
2024-09-29 17:30:00,1261.611791490335,0.0,543.0,0.0
2024-09-29 18:00:00,1302.494324140737,0.0,526.0,0.0
2024-09-29 18:30:00,1364.471482443124,0.0,523.0,0.0
2024-09-29 19:00:00,1181.9726188625884,0.0,537.0,0.0
2024-09-29 19:30:00,1226.886431678122,0.0,529.0,0.0
2024-09-29 20:00:00,1102.6328753834837,0.0,480.0,0.0
2024-09-29 20:30:00,1004.7061816918493,0.0,414.0,0.0
2024-09-29 21:00:00,992.9216523875313,0.0,378.0,0.0
2024-09-29 21:30:00,977.1083926268464,0.0,403.0,0.0
2024-09-29 22:00:00,977.3524286337702,0.0,381.0,0.0
2024-09-29 22:30:00,924.8919857116799,0.0,314.0,0.0
2024-09-29 23:00:00,878.7077607671758,0.0,335.0,0.0
2024-09-29 23:30:00,769.3654468695977,0.0,298.0,0.0
2024-09-30 00:00:00,879.8262361370333,0.0,316.0,0.0
2024-09-30 00:30:00,882.1169222494558,0.0,346.0,0.0
2024-09-30 01:00:00,664.8388293080513,0.0,281.0,0.0
2024-09-30 01:30:00,676.2095848910967,0.0,279.0,0.0
2024-09-30 02:00:00,839.5187585948449,0.0,294.0,0.0
2024-09-30 02:30:00,741.834482160728,0.0,305.0,0.0
2024-09-30 03:00:00,742.0609581327232,0.0,294.0,0.0
2024-09-30 03:30:00,899.0024077175842,0.0,343.0,0.0
2024-09-30 04:00:00,1028.829823071035,0.0,382.0,0.0
2024-09-30 04:30:00,853.5562070024694,0.0,322.0,0.0
2024-09-30 05:00:00,825.3554314496666,0.0,334.0,0.0
2024-09-30 05:30:00,755.6563884813703,0.0,279.0,0.0
2024-09-30 06:00:00,748.4705853163272,0.0,300.0,0.0
2024-09-30 06:30:00,779.8446019030076,0.0,308.0,0.0
2024-09-30 07:00:00,980.7500158872676,0.0,386.0,0.0
2024-09-30 07:30:00,886.9417092936474,0.0,321.0,0.0
2024-09-30 08:00:00,988.5745458333588,0.0,326.0,0.0
2024-09-30 08:30:00,863.0099524336144,0.0,306.0,0.0
2024-09-30 09:00:00,878.7877952322024,0.0,314.0,0.0
2024-09-30 09:30:00,921.2984078785319,0.0,394.0,0.0
2024-09-30 10:00:00,941.3658139499485,0.0,352.0,0.0
2024-09-30 10:30:00,885.1235884894659,0.0,339.0,0.0
2024-09-30 11:00:00,856.9353643106682,0.0,312.0,0.0
2024-09-30 11:30:00,905.8259231638602,0.0,337.0,0.0
2024-09-30 12:00:00,942.5042346188213,0.0,365.0,0.0
2024-09-30 12:30:00,963.6046353263021,0.0,299.0,0.0
2024-09-30 13:00:00,902.546507874848,0.0,307.0,0.0
2024-09-30 13:30:00,843.5320360972486,0.0,289.0,0.0
2024-09-30 14:00:00,821.6843332044663,0.0,294.0,0.0
2024-09-30 14:30:00,882.7219147671307,0.0,291.0,0.0
2024-09-30 15:00:00,872.6109472645671,0.0,367.0,0.0
2024-09-30 15:30:00,1019.0205801982627,0.0,357.0,0.0
2024-09-30 16:00:00,831.2909037476369,0.0,329.0,0.0
2024-09-30 16:30:00,787.299750964845,0.0,302.0,0.0
2024-09-30 17:00:00,821.1397686460468,0.0,314.0,0.0
2024-09-30 17:30:00,937.4042038669675,0.0,353.0,0.0
2024-09-30 18:00:00,824.1917867432844,0.0,339.0,0.0
2024-09-30 18:30:00,801.5580040913595,0.0,317.0,0.0
2024-09-30 19:00:00,815.1559008606532,0.0,319.0,0.0
2024-09-30 19:30:00,766.5498720103323,0.0,293.0,0.0
2024-09-30 20:00:00,777.5217313710928,0.0,284.0,0.0
2024-09-30 20:30:00,895.7211534829283,0.0,292.0,0.0
2024-09-30 21:00:00,788.920874894606,0.0,291.0,0.0
2024-09-30 21:30:00,698.233540295245,0.0,291.0,0.0
2024-09-30 22:00:00,630.2328552907885,0.0,259.0,0.0
2024-09-30 22:30:00,627.1522062505452,0.0,247.0,0.0
2024-09-30 23:00:00,710.6237232493027,0.0,294.0,0.0
2024-09-30 23:30:00,839.7426328651677,0.0,329.0,0.0
2024-10-01 00:00:00,144.53986853985842,0.0,69.0,0.0
2024-10-01 00:30:00,159.72041468983772,0.0,68.0,0.0
2024-10-01 01:00:00,144.2888770888711,0.0,65.0,0.0
2024-10-01 01:30:00,134.29753330454383,0.0,67.0,0.0
2024-10-01 02:00:00,145.11368341870732,0.0,69.0,0.0
2024-10-01 02:30:00,141.8966382531968,0.0,64.0,0.0
2024-10-01 03:00:00,136.71130986655396,0.0,63.0,0.0
2024-10-01 03:30:00,126.62716704494254,0.0,63.0,0.0
2024-10-01 04:00:00,152.49856050403474,0.0,65.0,0.0
2024-10-01 04:30:00,147.449610142295,0.0,66.0,0.0
2024-10-01 05:00:00,136.00052954422628,0.0,66.0,0.0
2024-10-01 05:30:00,136.27912535977978,0.0,66.0,0.0
2024-10-01 06:00:00,139.74752147731124,0.0,65.0,0.0
2024-10-01 06:30:00,127.56375936479537,0.0,62.0,0.0
2024-10-01 07:00:00,142.66518858448953,0.0,61.0,0.0
2024-10-01 07:30:00,151.44509847218546,0.0,61.99999999999999,0.0
2024-10-01 08:00:00,163.7404908744001,0.0,56.99999999999999,0.0
2024-10-01 08:30:00,158.63595368520583,0.0,58.0,0.0
2024-10-01 09:00:00,160.04312016579877,0.0,60.0,0.0
2024-10-01 09:30:00,177.8412569934872,0.0,57.99999999999999,0.0
2024-10-01 10:00:00,157.5050417219223,0.0,57.0,0.0
2024-10-01 10:30:00,155.5162003116474,0.0,56.0,0.0
2024-10-01 11:00:00,142.18205357801324,0.0,59.0,0.0
2024-10-01 11:30:00,156.38816582632037,0.0,61.00000000000001,0.0
2024-10-01 12:00:00,168.1093187672749,0.0,63.99999999999999,0.0
2024-10-01 12:30:00,194.267590878415,0.0,68.0,0.0
2024-10-01 13:00:00,216.22177468447853,0.0,80.0,0.0
2024-10-01 13:30:00,236.42351362488785,0.0,71.0,0.0
2024-10-01 14:00:00,235.11155482817762,0.0,67.0,0.0
2024-10-01 14:30:00,255.6605491223628,0.0,77.0,0.0
2024-10-01 15:00:00,229.351579853867,0.0,76.0,0.0
2024-10-01 15:30:00,205.92097112130676,0.0,73.0,0.0
2024-10-01 16:00:00,215.42060675753675,0.0,72.0,0.0
2024-10-01 16:30:00,200.52233406768235,0.0,65.0,0.0
2024-10-01 17:00:00,222.1316254987791,0.0,66.0,0.0
2024-10-01 17:30:00,172.55610190146115,0.0,68.0,0.0
2024-10-01 18:00:00,168.76978703665313,0.0,70.0,0.0
2024-10-01 18:30:00,179.37675970478878,0.0,70.0,0.0
2024-10-01 19:00:00,162.29850749850647,0.0,65.0,0.0
2024-10-01 19:30:00,172.77074743614668,0.0,72.0,0.0
2024-10-01 20:00:00,151.78561137819963,0.0,70.0,0.0
2024-10-01 20:30:00,153.0714472501234,0.0,72.0,0.0
2024-10-01 21:00:00,182.81680368050417,0.0,71.0,0.0
2024-10-01 21:30:00,171.42316463917786,0.0,78.0,0.0
2024-10-01 22:00:00,175.62220482825907,0.0,76.0,0.0
2024-10-01 22:30:00,166.91552899953416,0.0,78.0,0.0
2024-10-01 23:00:00,179.78139178373087,0.0,78.0,0.0
2024-10-01 23:30:00,170.59155688165882,0.0,81.0,0.0
2024-10-02 00:00:00,161.96575866366229,0.0,80.0,0.0
2024-10-02 00:30:00,175.4260935202185,0.0,79.0,0.0
2024-10-02 01:00:00,163.06196552693925,0.0,79.0,0.0
2024-10-02 01:30:00,188.02115835005293,0.0,82.0,0.0
2024-10-02 02:00:00,167.92019492803996,0.0,81.0,0.0
2024-10-02 02:30:00,167.451188241084,0.0,79.0,0.0
2024-10-02 03:00:00,184.5441707438328,0.0,80.0,0.0
2024-10-02 03:30:00,190.56738673705644,0.0,82.0,0.0
2024-10-02 04:00:00,177.4581892399979,0.0,80.0,0.0
2024-10-02 04:30:00,188.2582187576011,0.0,85.0,0.0
2024-10-02 05:00:00,185.82590733386775,0.0,80.0,0.0
2024-10-02 05:30:00,177.98201997245553,0.0,81.0,0.0
2024-10-02 06:00:00,170.07202947595533,0.0,81.0,0.0
2024-10-02 06:30:00,182.86301439001824,0.0,79.0,0.0
2024-10-02 07:00:00,189.72293273789387,0.0,79.0,0.0
2024-10-02 07:30:00,267.2763601643306,0.0,85.0,0.0
2024-10-02 08:00:00,461.5713974207689,0.0,160.0,0.0
2024-10-02 08:30:00,411.2799618896115,0.0,143.0,0.0
2024-10-02 09:00:00,503.5201181670804,0.0,156.0,0.0
2024-10-02 09:30:00,668.6738222014852,0.0,232.99999999999997,0.0
2024-10-02 10:00:00,584.5810480676272,0.0,183.00000000000003,0.0
2024-10-02 10:30:00,634.2762616724087,0.0,209.00000000000003,0.0
2024-10-02 11:00:00,722.9567712410642,0.0,263.0,0.0
2024-10-02 11:30:00,865.7172415708429,0.0,285.0,0.0
2024-10-02 12:00:00,687.0094620700795,0.0,257.0,0.0
2024-10-02 12:30:00,548.5279959214868,0.0,196.00000000000003,0.0
2024-10-02 13:00:00,554.413865018413,0.0,187.0,0.0
2024-10-02 13:30:00,608.0380388626595,0.0,183.0,0.0
2024-10-02 14:00:00,578.0663267558932,0.0,180.0,0.0
2024-10-02 14:30:00,504.0690749060442,0.0,176.0,0.0
2024-10-02 15:00:00,627.3025774675481,0.0,185.0,0.0
2024-10-02 15:30:00,637.237494636529,0.0,191.0,0.0
2024-10-02 16:00:00,549.1918291132675,0.0,189.0,0.0
2024-10-02 16:30:00,577.1414479049054,0.0,219.0,0.0
2024-10-02 17:00:00,690.1388207748703,0.0,231.0,0.0
2024-10-02 17:30:00,606.2980702445421,0.0,194.99999999999997,0.0
2024-10-02 18:00:00,680.383847192344,0.0,225.0,0.0
2024-10-02 18:30:00,562.0150949730665,0.0,208.0,0.0
2024-10-02 19:00:00,650.3841752294227,0.0,220.0,0.0
2024-10-02 19:30:00,769.8148803428038,0.0,317.0,0.0
2024-10-02 20:00:00,816.6890944647016,0.0,288.0,0.0
2024-10-02 20:30:00,618.1111624368741,0.0,224.0,0.0
2024-10-02 21:00:00,650.0536214499737,0.0,225.0,0.0
2024-10-02 21:30:00,615.7765208952509,0.0,218.99999999999997,0.0
2024-10-02 22:00:00,824.8420599724801,0.0,284.0,0.0
2024-10-02 22:30:00,900.9176282451834,0.0,337.0,0.0
2024-10-02 23:00:00,940.5703164296226,0.0,334.0,0.0
2024-10-02 23:30:00,805.1849876869805,0.0,286.0,0.0
2024-10-03 00:00:00,959.420171661984,0.0,374.0,0.0
2024-10-03 00:30:00,705.1827454541881,0.0,264.0,0.0
2024-10-03 01:00:00,656.6062002760364,0.0,257.0,0.0
2024-10-03 01:30:00,765.7068788848203,0.0,272.0,0.0
2024-10-03 02:00:00,720.3110146546215,0.0,280.0,0.0
2024-10-03 02:30:00,771.2306326260044,0.0,320.0,0.0
2024-10-03 03:00:00,843.1609493385737,0.0,364.0,0.0
2024-10-03 03:30:00,749.7882024237488,0.0,269.0,0.0
2024-10-03 04:00:00,661.6700579558374,0.0,254.0,0.0
2024-10-03 04:30:00,679.8359072007809,0.0,244.00000000000003,0.0
2024-10-03 05:00:00,672.5242765338886,0.0,254.0,0.0
2024-10-03 05:30:00,788.0464064213522,0.0,338.0,0.0
2024-10-03 06:00:00,730.6088117168032,0.0,299.0,0.0
2024-10-03 06:30:00,665.7793996914606,0.0,229.0,0.0
2024-10-03 07:00:00,660.7021335673735,0.0,229.0,0.0
2024-10-03 07:30:00,564.4978211757914,0.0,243.0,0.0
2024-10-03 08:00:00,628.3300812597915,0.0,221.0,0.0
2024-10-03 08:30:00,641.9257315258649,0.0,240.0,0.0
2024-10-03 09:00:00,743.6454654275071,0.0,317.0,0.0
2024-10-03 09:30:00,803.9050380539995,0.0,303.0,0.0
2024-10-03 10:00:00,656.568794570115,0.0,285.0,0.0
2024-10-03 10:30:00,664.2967862991954,0.0,267.0,0.0
2024-10-03 11:00:00,656.9994227595429,0.0,263.0,0.0
2024-10-03 11:30:00,635.7848056234578,0.0,232.0,0.0
2024-10-03 12:00:00,704.672520464112,0.0,266.0,0.0
2024-10-03 12:30:00,593.3015106821298,0.0,221.0,0.0
2024-10-03 13:00:00,691.0320706528695,0.0,236.00000000000003,0.0
2024-10-03 13:30:00,673.4912601822645,0.0,244.0,0.0
2024-10-03 14:00:00,648.2574827161958,0.0,200.0,0.0
2024-10-03 14:30:00,585.9918780333117,0.0,205.0,0.0
2024-10-03 15:00:00,571.4765509077109,0.0,233.0,0.0
2024-10-03 15:30:00,604.1876847832424,0.0,208.0,0.0
2024-10-03 16:00:00,576.6762502036617,0.0,216.99999999999997,0.0
2024-10-03 16:30:00,664.8200855824848,0.0,253.0,0.0
2024-10-03 17:00:00,701.4150449401552,0.0,239.99999999999997,0.0
2024-10-03 17:30:00,556.1138070420687,0.0,232.0,0.0
2024-10-03 18:00:00,515.8769280088403,0.0,191.0,0.0
2024-10-03 18:30:00,554.4330365742097,0.0,195.0,0.0
2024-10-03 19:00:00,622.6807680108756,0.0,232.0,0.0
2024-10-03 19:30:00,711.5149157725255,0.0,236.99999999999997,0.0
2024-10-03 20:00:00,764.2432233012473,0.0,235.00000000000003,0.0
2024-10-03 20:30:00,614.3492883370963,0.0,209.0,0.0
2024-10-03 21:00:00,575.1915809009406,0.0,208.0,0.0
2024-10-03 21:30:00,669.1365985718188,0.0,215.0,0.0
2024-10-03 22:00:00,583.0913795916646,0.0,223.0,0.0
2024-10-03 22:30:00,581.4244345789343,0.0,223.0,0.0
2024-10-03 23:00:00,628.799354966598,0.0,213.0,0.0
2024-10-03 23:30:00,697.1895501932379,0.0,231.0,0.0
2024-10-04 00:00:00,869.8802834199796,0.0,311.0,0.0
2024-10-04 00:30:00,825.609939609269,0.0,274.0,0.0
2024-10-04 01:00:00,682.6521038413111,0.0,282.0,0.0
2024-10-04 01:30:00,894.4232552034218,0.0,325.0,0.0
2024-10-04 02:00:00,785.8422258181782,0.0,293.0,0.0
2024-10-04 02:30:00,749.4776199428092,0.0,281.0,0.0
2024-10-04 03:00:00,750.1592875941992,0.0,269.0,0.0
2024-10-04 03:30:00,698.4377224997622,0.0,267.0,0.0
2024-10-04 04:00:00,689.577427255051,0.0,261.0,0.0
2024-10-04 04:30:00,658.9832170054318,0.0,258.0,0.0
2024-10-04 05:00:00,765.030029378568,0.0,293.0,0.0
2024-10-04 05:30:00,878.8316768736447,0.0,352.0,0.0
2024-10-04 06:00:00,785.4305851523367,0.0,284.0,0.0
2024-10-04 06:30:00,633.9183791091729,0.0,234.0,0.0
2024-10-04 07:00:00,611.2530680362615,0.0,230.99999999999997,0.0
2024-10-04 07:30:00,789.5355889686191,0.0,287.0,0.0
2024-10-04 08:00:00,955.4426844269973,0.0,318.0,0.0
2024-10-04 08:30:00,660.1716801432012,0.0,242.00000000000003,0.0
2024-10-04 09:00:00,710.2169088766911,0.0,253.0,0.0
2024-10-04 09:30:00,895.5435922666311,0.0,299.0,0.0
2024-10-04 10:00:00,791.0136595589776,0.0,306.0,0.0
2024-10-04 10:30:00,900.2912417601747,0.0,298.0,0.0
2024-10-04 11:00:00,806.1946441161972,0.0,304.0,0.0
2024-10-04 11:30:00,912.9205316794731,0.0,325.0,0.0
2024-10-04 12:00:00,1049.0484226307287,0.0,396.0,0.0
2024-10-04 12:30:00,1007.4400391992651,0.0,329.0,0.0
2024-10-04 13:00:00,920.0600931678492,0.0,363.0,0.0
2024-10-04 13:30:00,897.8929082063498,0.0,369.0,0.0
2024-10-04 14:00:00,932.8184714244405,0.0,343.0,0.0
2024-10-04 14:30:00,960.4336606716989,0.0,351.0,0.0
2024-10-04 15:00:00,1027.16024402092,0.0,393.0,0.0
2024-10-04 15:30:00,1057.7363088428478,0.0,374.0,0.0
2024-10-04 16:00:00,955.170889727669,0.0,385.0,0.0
2024-10-04 16:30:00,915.1151556270287,0.0,346.0,0.0
2024-10-04 17:00:00,953.5236855415845,0.0,353.0,0.0
2024-10-04 17:30:00,1139.046489304847,0.0,397.0,0.0
2024-10-04 18:00:00,1013.2383849024858,0.0,358.0,0.0
2024-10-04 18:30:00,989.8048985286525,0.0,362.0,0.0
2024-10-04 19:00:00,927.7947568434715,0.0,346.0,0.0
2024-10-04 19:30:00,778.5405355225954,0.0,322.0,0.0
2024-10-04 20:00:00,912.9392714659973,0.0,320.0,0.0
2024-10-04 20:30:00,1176.7592054994227,0.0,407.0,0.0
2024-10-04 21:00:00,1055.574188753228,0.0,366.99999999999994,0.0
2024-10-04 21:30:00,1008.7415343843265,0.0,372.0,0.0
2024-10-04 22:00:00,864.68093692889,0.0,325.0,0.0
2024-10-04 22:30:00,869.895586761926,0.0,339.0,0.0
2024-10-04 23:00:00,1104.0604815752622,0.0,380.0,0.0
2024-10-04 23:30:00,912.215580602407,0.0,358.0,0.0
2024-10-05 00:00:00,179.8738506807158,0.0,65.0,0.0
2024-10-05 00:30:00,173.71181624716303,0.0,66.0,0.0
2024-10-05 01:00:00,190.4494833672774,0.0,65.0,0.0
2024-10-05 01:30:00,168.86377908506094,0.0,62.0,0.0
2024-10-05 02:00:00,175.47882635367688,0.0,65.0,0.0
2024-10-05 02:30:00,157.68562803440742,0.0,65.0,0.0
2024-10-05 03:00:00,172.53779412422548,0.0,66.0,0.0
2024-10-05 03:30:00,162.35120721447316,0.0,63.0,0.0
2024-10-05 04:00:00,164.70438826729017,0.0,63.0,0.0
2024-10-05 04:30:00,163.30777697431347,0.0,66.0,0.0
2024-10-05 05:00:00,159.15330224698056,0.0,66.0,0.0
2024-10-05 05:30:00,162.2263490412648,0.0,66.0,0.0
2024-10-05 06:00:00,159.66669329705482,0.0,67.0,0.0
2024-10-05 06:30:00,171.11373405543202,0.0,65.0,0.0
2024-10-05 07:00:00,159.5633592334266,0.0,61.0,0.0
2024-10-05 07:30:00,148.17597011982645,0.0,53.0,0.0
2024-10-05 08:00:00,223.87744195843095,0.0,70.0,0.0
2024-10-05 08:30:00,237.55266401983448,0.0,78.0,0.0
2024-10-05 09:00:00,265.88935088941565,0.0,75.0,0.0
2024-10-05 09:30:00,285.21543676029705,0.0,96.0,0.0
2024-10-05 10:00:00,300.84727119792757,0.0,104.0,0.0
2024-10-05 10:30:00,298.4240343492228,0.0,105.0,0.0
2024-10-05 11:00:00,290.25784285811363,0.0,103.0,0.0
2024-10-05 11:30:00,299.7087739023991,0.0,106.0,0.0
2024-10-05 12:00:00,280.9261180928936,0.0,105.0,0.0
2024-10-05 12:30:00,233.76445387760157,0.0,105.0,0.0
2024-10-05 13:00:00,276.2563016184872,0.0,104.0,0.0
2024-10-05 13:30:00,282.52002655036534,0.0,101.0,0.0
2024-10-05 14:00:00,299.32839183836313,0.0,98.0,0.0
2024-10-05 14:30:00,305.6055607328806,0.0,100.0,0.0
2024-10-05 15:00:00,267.47606382902444,0.0,110.0,0.0
2024-10-05 15:30:00,299.3915853396706,0.0,127.0,0.0
2024-10-05 16:00:00,301.947039351463,0.0,131.0,0.0
2024-10-05 16:30:00,398.37611251043785,0.0,138.0,0.0
2024-10-05 17:00:00,504.8128575445608,0.0,180.0,0.0
2024-10-05 17:30:00,570.3862772930012,0.0,216.0,0.0
2024-10-05 18:00:00,515.9293709304812,0.0,213.0,0.0
2024-10-05 18:30:00,555.8964086090863,0.0,201.0,0.0
2024-10-05 19:00:00,542.6705437827434,0.0,200.0,0.0
2024-10-05 19:30:00,565.5122186522249,0.0,194.0,0.0
2024-10-05 20:00:00,527.618686943504,0.0,209.0,0.0
2024-10-05 20:30:00,493.5487820294023,0.0,217.0,0.0
2024-10-05 21:00:00,578.8213033179934,0.0,217.0,0.0
2024-10-05 21:30:00,660.2848492346922,0.0,231.0,0.0
2024-10-05 22:00:00,758.1439227637766,0.0,311.0,0.0
2024-10-05 22:30:00,589.5411274392975,0.0,235.0,0.0
2024-10-05 23:00:00,600.0170303492968,0.0,222.0,0.0
2024-10-05 23:30:00,790.8268944345258,0.0,290.0,0.0
2024-10-06 00:00:00,703.5223111408977,0.0,273.0,0.0
2024-10-06 00:30:00,605.3046144945697,0.0,236.0,0.0
2024-10-06 01:00:00,636.4704163978375,0.0,238.0,0.0
2024-10-06 01:30:00,695.9761030484667,0.0,264.0,0.0
2024-10-06 02:00:00,640.41835744626,0.0,249.0,0.0
2024-10-06 02:30:00,607.9272322385348,0.0,250.0,0.0
2024-10-06 03:00:00,753.1186098488589,0.0,286.0,0.0
2024-10-06 03:30:00,786.454171458546,0.0,321.0,0.0
2024-10-06 04:00:00,809.7600007267552,0.0,270.0,0.0
2024-10-06 04:30:00,880.3731622149869,0.0,314.0,0.0
2024-10-06 05:00:00,723.781347572609,0.0,298.0,0.0
2024-10-06 05:30:00,677.3010989019773,0.0,301.0,0.0
2024-10-06 06:00:00,864.6543078704926,0.0,302.0,0.0
2024-10-06 06:30:00,922.3203687854082,0.0,335.0,0.0
2024-10-06 07:00:00,835.9199836417705,0.0,343.0,0.0
2024-10-06 07:30:00,811.8403954183857,0.0,289.0,0.0
2024-10-06 08:00:00,749.2577424678766,0.0,262.0,0.0
2024-10-06 08:30:00,934.1862935056221,0.0,364.0,0.0
2024-10-06 09:00:00,898.968775999849,0.0,364.0,0.0
2024-10-06 09:30:00,825.1738422395937,0.0,315.0,0.0
2024-10-06 10:00:00,682.8776541230299,0.0,294.0,0.0
2024-10-06 10:30:00,823.1814316511649,0.0,310.0,0.0
2024-10-06 11:00:00,922.460474612095,0.0,337.0,0.0
2024-10-06 11:30:00,875.3283594668109,0.0,328.0,0.0
2024-10-06 12:00:00,771.1951913271407,0.0,274.0,0.0
2024-10-06 12:30:00,669.5704750267722,0.0,245.99999999999997,0.0
2024-10-06 13:00:00,671.5250857920836,0.0,271.0,0.0
2024-10-06 13:30:00,861.6385898173734,0.0,331.0,0.0
2024-10-06 14:00:00,992.3085736005726,0.0,359.0,0.0
2024-10-06 14:30:00,789.6325846079436,0.0,330.0,0.0
2024-10-06 15:00:00,735.3234651058459,0.0,254.0,0.0
2024-10-06 15:30:00,747.9813781315622,0.0,280.0,0.0
2024-10-06 16:00:00,715.8097072988168,0.0,264.0,0.0
2024-10-06 16:30:00,670.5106812617943,0.0,264.0,0.0
2024-10-06 17:00:00,657.2862499137606,0.0,260.0,0.0
2024-10-06 17:30:00,680.5838671458206,0.0,264.0,0.0
2024-10-06 18:00:00,593.485151045152,0.0,238.0,0.0
2024-10-06 18:30:00,769.2333601869685,0.0,267.0,0.0
2024-10-06 19:00:00,830.3505252471986,0.0,315.0,0.0
2024-10-06 19:30:00,695.7561570737747,0.0,265.0,0.0
2024-10-06 20:00:00,556.5907501762418,0.0,238.0,0.0
2024-10-06 20:30:00,608.6822128070768,0.0,243.0,0.0
2024-10-06 21:00:00,826.7032070123512,0.0,308.0,0.0
2024-10-06 21:30:00,806.5806276128478,0.0,261.0,0.0
2024-10-06 22:00:00,627.2940636341249,0.0,242.0,0.0
2024-10-06 22:30:00,676.9885179716548,0.0,260.0,0.0
2024-10-06 23:00:00,642.523532348971,0.0,240.99999999999997,0.0
2024-10-06 23:30:00,667.4383625491336,0.0,259.0,0.0
2024-10-07 00:00:00,888.4405754000142,0.0,316.0,0.0
2024-10-07 00:30:00,894.2706446080673,0.0,346.0,0.0
2024-10-07 01:00:00,772.4578472583986,0.0,281.0,0.0
2024-10-07 01:30:00,745.3454511036979,0.0,279.0,0.0
2024-10-07 02:00:00,802.423030244724,0.0,294.0,0.0
2024-10-07 02:30:00,805.728140243662,0.0,305.0,0.0
2024-10-07 03:00:00,657.5707682371208,0.0,294.0,0.0
2024-10-07 03:30:00,860.0125233310123,0.0,343.0,0.0
2024-10-07 04:00:00,982.6434673802272,0.0,382.0,0.0
2024-10-07 04:30:00,844.4660372734902,0.0,322.0,0.0
2024-10-07 05:00:00,843.9248551656239,0.0,334.0,0.0
2024-10-07 05:30:00,781.2223529102163,0.0,279.0,0.0
2024-10-07 06:00:00,775.8466273119305,0.0,300.0,0.0
2024-10-07 06:30:00,863.4139170854764,0.0,308.0,0.0
2024-10-07 07:00:00,1015.1094354496033,0.0,386.0,0.0
2024-10-07 07:30:00,873.5902911184353,0.0,321.0,0.0
2024-10-07 08:00:00,884.5136736460656,0.0,326.0,0.0
2024-10-07 08:30:00,724.1279149819776,0.0,306.0,0.0
2024-10-07 09:00:00,817.3944867235924,0.0,314.0,0.0
2024-10-07 09:30:00,907.5736964539933,0.0,394.0,0.0
2024-10-07 10:00:00,927.4264717143167,0.0,352.0,0.0
2024-10-07 10:30:00,925.339211571786,0.0,339.0,0.0
2024-10-07 11:00:00,869.5570754452211,0.0,312.0,0.0
2024-10-07 11:30:00,936.8318199437797,0.0,337.0,0.0
2024-10-07 12:00:00,938.9251266499801,0.0,365.0,0.0
2024-10-07 12:30:00,958.1470230779452,0.0,299.0,0.0
2024-10-07 13:00:00,852.1908548726624,0.0,307.0,0.0
2024-10-07 13:30:00,744.451460605479,0.0,289.0,0.0
2024-10-07 14:00:00,769.1976917581424,0.0,294.0,0.0
2024-10-07 14:30:00,796.0813938355147,0.0,291.0,0.0
2024-10-07 15:00:00,967.9947131214182,0.0,367.0,0.0
2024-10-07 15:30:00,908.5113357574661,0.0,357.0,0.0
2024-10-07 16:00:00,861.6089186929795,0.0,329.0,0.0
2024-10-07 16:30:00,803.6365803055122,0.0,302.0,0.0
2024-10-07 17:00:00,780.8238474254682,0.0,314.0,0.0
2024-10-07 17:30:00,918.7823662703962,0.0,353.0,0.0
2024-10-07 18:00:00,902.6862669603669,0.0,339.0,0.0
2024-10-07 18:30:00,870.623239401096,0.0,317.0,0.0
2024-10-07 19:00:00,797.7736186541298,0.0,319.0,0.0
2024-10-07 19:30:00,820.283386537162,0.0,293.0,0.0
2024-10-07 20:00:00,694.8247326464319,0.0,284.0,0.0
2024-10-07 20:30:00,711.3359520161677,0.0,292.0,0.0
2024-10-07 21:00:00,725.8235580561799,0.0,291.0,0.0
2024-10-07 21:30:00,725.2138685877575,0.0,291.0,0.0
2024-10-07 22:00:00,714.4353330162041,0.0,259.0,0.0
2024-10-07 22:30:00,618.3261190375312,0.0,247.0,0.0
2024-10-07 23:00:00,727.906963089306,0.0,294.0,0.0
2024-10-07 23:30:00,811.6972153295685,0.0,329.0,0.0
2024-10-08 00:00:00,783.4113264054639,0.0,265.0,0.0
2024-10-08 00:30:00,650.8761626369668,0.0,267.0,0.0
2024-10-08 01:00:00,713.8252069418036,0.0,270.0,0.0
2024-10-08 01:30:00,683.8831139004933,0.0,277.0,0.0
2024-10-08 02:00:00,760.7391398956333,0.0,311.0,0.0
2024-10-08 02:30:00,734.4572977428212,0.0,311.0,0.0
2024-10-08 03:00:00,806.8432010906752,0.0,330.0,0.0
2024-10-08 03:30:00,609.8145306992492,0.0,290.0,0.0
2024-10-08 04:00:00,641.4279715553384,0.0,263.0,0.0
2024-10-08 04:30:00,664.1107524744409,0.0,273.0,0.0
2024-10-08 05:00:00,735.1717480567787,0.0,279.0,0.0
2024-10-08 05:30:00,733.5431140835701,0.0,279.0,0.0
2024-10-08 06:00:00,685.1090552370716,0.0,272.0,0.0
2024-10-08 06:30:00,818.3275976587665,0.0,298.0,0.0
2024-10-08 07:00:00,720.3326043645658,0.0,294.0,0.0
2024-10-08 07:30:00,751.6116540668575,0.0,275.0,0.0
2024-10-08 08:00:00,692.0084120348264,0.0,275.0,0.0
2024-10-08 08:30:00,683.8986164284088,0.0,267.0,0.0
2024-10-08 09:00:00,686.2126928964373,0.0,271.0,0.0
2024-10-08 09:30:00,663.2434420835536,0.0,238.0,0.0
2024-10-08 10:00:00,721.9956540820828,0.0,281.0,0.0
2024-10-08 10:30:00,865.1906549677594,0.0,333.0,0.0
2024-10-08 11:00:00,794.8463237119731,0.0,324.0,0.0
2024-10-08 11:30:00,865.7402116322679,0.0,319.0,0.0
2024-10-08 12:00:00,732.4318296303582,0.0,297.0,0.0
2024-10-08 12:30:00,789.8395352789964,0.0,300.0,0.0
2024-10-08 13:00:00,760.0664076262794,0.0,298.0,0.0
2024-10-08 13:30:00,711.2511914486057,0.0,274.0,0.0
2024-10-08 14:00:00,766.6120369073632,0.0,296.0,0.0
2024-10-08 14:30:00,715.1155564797516,0.0,287.0,0.0
2024-10-08 15:00:00,782.8444682478545,0.0,287.0,0.0
2024-10-08 15:30:00,866.7453916080741,0.0,309.0,0.0
2024-10-08 16:00:00,775.4052265287797,0.0,299.0,0.0
2024-10-08 16:30:00,753.765209755837,0.0,298.0,0.0
2024-10-08 17:00:00,764.2966307865028,0.0,287.0,0.0
2024-10-08 17:30:00,676.0566674956395,0.0,267.0,0.0
2024-10-08 18:00:00,782.1192671781757,0.0,303.0,0.0
2024-10-08 18:30:00,765.347610201377,0.0,302.0,0.0
2024-10-08 19:00:00,690.0456960877177,0.0,293.0,0.0
2024-10-08 19:30:00,726.4219458230115,0.0,284.0,0.0
2024-10-08 20:00:00,621.9110648566979,0.0,239.0,0.0
2024-10-08 20:30:00,781.4990433426545,0.0,278.0,0.0
2024-10-08 21:00:00,792.6299143739827,0.0,301.0,0.0
2024-10-08 21:30:00,677.1670118155497,0.0,278.0,0.0
2024-10-08 22:00:00,678.6031373725795,0.0,288.0,0.0
2024-10-08 22:30:00,674.4225316165367,0.0,268.0,0.0
2024-10-08 23:00:00,652.544379736106,0.0,275.0,0.0
2024-10-08 23:30:00,704.6887607297585,0.0,286.0,0.0
2024-10-09 00:00:00,100.50964966411122,0.0,53.0,0.0
2024-10-09 00:30:00,102.0562996979897,0.0,55.0,0.0
2024-10-09 01:00:00,94.54553084950953,0.0,55.00000000000001,0.0
2024-10-09 01:30:00,100.90013370771582,0.0,55.0,0.0
2024-10-09 02:00:00,90.87581588700712,0.0,52.0,0.0
2024-10-09 02:30:00,90.40258433161479,0.0,51.00000000000001,0.0
2024-10-09 03:00:00,97.32046306259703,0.0,53.0,0.0
2024-10-09 03:30:00,96.87188322473612,0.0,53.0,0.0
2024-10-09 04:00:00,92.04418722039065,0.0,55.0,0.0
2024-10-09 04:30:00,93.25755010002712,0.0,54.0,0.0
2024-10-09 05:00:00,92.55406311965723,0.0,54.99999999999999,0.0
2024-10-09 05:30:00,96.79334324291331,0.0,51.0,0.0
2024-10-09 06:00:00,85.32913132125393,0.0,50.00000000000001,0.0
2024-10-09 06:30:00,89.85321654972115,0.0,49.0,0.0
2024-10-09 07:00:00,82.99517947711931,0.0,45.0,0.0
2024-10-09 07:30:00,94.49922735465474,0.0,42.0,0.0
2024-10-09 08:00:00,70.96933915478667,0.0,35.0,0.0
2024-10-09 08:30:00,84.3736433842317,0.0,33.0,0.0
2024-10-09 09:00:00,90.02041990550929,0.0,33.0,0.0
2024-10-09 09:30:00,89.03446679506087,0.0,35.0,0.0
2024-10-09 10:00:00,76.63351731861881,0.0,35.0,0.0
2024-10-09 10:30:00,86.5524185413544,0.0,36.0,0.0
2024-10-09 11:00:00,81.06302639223374,0.0,37.0,0.0
2024-10-09 11:30:00,74.32472638687307,0.0,39.0,0.0
2024-10-09 12:00:00,79.62566630262214,0.0,41.0,0.0
2024-10-09 12:30:00,84.99807779236023,0.0,39.0,0.0
2024-10-09 13:00:00,80.3386696094594,0.0,39.0,0.0
2024-10-09 13:30:00,75.21095037891676,0.0,37.99999999999999,0.0
2024-10-09 14:00:00,78.59630905416837,0.0,36.0,0.0
2024-10-09 14:30:00,69.24953750566145,0.0,38.0,0.0
2024-10-09 15:00:00,74.0626645676289,0.0,39.0,0.0
2024-10-09 15:30:00,74.78682297566512,0.0,40.0,0.0
2024-10-09 16:00:00,77.26137802181141,0.0,39.0,0.0
2024-10-09 16:30:00,75.15006504994665,0.0,39.0,0.0
2024-10-09 17:00:00,76.4156192317507,0.0,40.0,0.0
2024-10-09 17:30:00,76.28767924815159,0.0,41.0,0.0
2024-10-09 18:00:00,77.04622306332601,0.0,42.0,0.0
2024-10-09 18:30:00,80.10651077113707,0.0,41.0,0.0
2024-10-09 19:00:00,83.82121706858591,0.0,45.0,0.0
2024-10-09 19:30:00,82.01709644292504,0.0,44.0,0.0
2024-10-09 20:00:00,86.9930546650876,0.0,43.0,0.0
2024-10-09 20:30:00,94.2173829114851,0.0,49.0,0.0
2024-10-09 21:00:00,97.06431875351264,0.0,60.00000000000001,0.0
2024-10-09 21:30:00,95.39581733646193,0.0,56.0,0.0
2024-10-09 22:00:00,97.9373035737796,0.0,53.0,0.0
2024-10-09 22:30:00,89.42173647517087,0.0,52.0,0.0
2024-10-09 23:00:00,105.44753982109374,0.0,53.0,0.0
2024-10-09 23:30:00,88.30311865953233,0.0,51.0,0.0
2024-10-10 00:00:00,710.4424812476384,0.0,293.0,0.0
2024-10-10 00:30:00,889.2567758036298,0.0,351.0,0.0
2024-10-10 01:00:00,888.9985542145043,0.0,357.0,0.0
2024-10-10 01:30:00,793.2882126063264,0.0,282.0,0.0
2024-10-10 02:00:00,628.6208113391267,0.0,293.0,0.0
2024-10-10 02:30:00,713.7947007920685,0.0,326.0,0.0
2024-10-10 03:00:00,935.1136038514262,0.0,383.0,0.0
2024-10-10 03:30:00,808.8289271186616,0.0,316.0,0.0
2024-10-10 04:00:00,740.5913925769447,0.0,290.0,0.0
2024-10-10 04:30:00,670.93834932857,0.0,277.0,0.0
2024-10-10 05:00:00,866.2499309440286,0.0,355.0,0.0
2024-10-10 05:30:00,834.8145075631897,0.0,324.0,0.0
2024-10-10 06:00:00,746.5058457300377,0.0,305.0,0.0
2024-10-10 06:30:00,742.9947377469097,0.0,263.0,0.0
2024-10-10 07:00:00,693.6890440766374,0.0,300.0,0.0
2024-10-10 07:30:00,679.3885137325163,0.0,252.99999999999997,0.0
2024-10-10 08:00:00,819.2739420246243,0.0,272.0,0.0
2024-10-10 08:30:00,726.060090088053,0.0,285.0,0.0
2024-10-10 09:00:00,743.9684292652855,0.0,279.0,0.0
2024-10-10 09:30:00,711.8021640254279,0.0,277.0,0.0
2024-10-10 10:00:00,706.1115399850424,0.0,265.0,0.0
2024-10-10 10:30:00,868.30889701054,0.0,325.0,0.0
2024-10-10 11:00:00,776.0089140476072,0.0,303.0,0.0
2024-10-10 11:30:00,676.2556468472799,0.0,266.0,0.0
2024-10-10 12:00:00,636.3304397628216,0.0,242.0,0.0
2024-10-10 12:30:00,832.8584584651419,0.0,309.0,0.0
2024-10-10 13:00:00,930.137541839416,0.0,343.0,0.0
2024-10-10 13:30:00,742.2890240860887,0.0,246.0,0.0
2024-10-10 14:00:00,686.2724291511927,0.0,234.0,0.0
2024-10-10 14:30:00,713.6030723719946,0.0,252.0,0.0
2024-10-10 15:00:00,643.637445726666,0.0,237.0,0.0
2024-10-10 15:30:00,778.0516529300639,0.0,290.0,0.0
2024-10-10 16:00:00,915.0020811939596,0.0,351.0,0.0
2024-10-10 16:30:00,871.5195013666643,0.0,328.0,0.0
2024-10-10 17:00:00,624.9468494069002,0.0,245.00000000000003,0.0
2024-10-10 17:30:00,645.4467674307574,0.0,259.0,0.0
2024-10-10 18:00:00,853.5393405484461,0.0,294.0,0.0
2024-10-10 18:30:00,843.3195070853051,0.0,318.0,0.0
2024-10-10 19:00:00,754.6518570159791,0.0,283.0,0.0
2024-10-10 19:30:00,606.2865469475429,0.0,241.0,0.0
2024-10-10 20:00:00,660.1064619249386,0.0,265.0,0.0
2024-10-10 20:30:00,728.1453909014383,0.0,280.0,0.0
2024-10-10 21:00:00,885.3674611624864,0.0,326.0,0.0
2024-10-10 21:30:00,799.6351914833818,0.0,274.0,0.0
2024-10-10 22:00:00,726.8145745320815,0.0,294.0,0.0
2024-10-10 22:30:00,699.845711329908,0.0,289.0,0.0
2024-10-10 23:00:00,729.7689198724653,0.0,274.0,0.0
2024-10-10 23:30:00,829.7105670806776,0.0,350.0,0.0
2024-10-11 00:00:00,662.0812919023095,0.0,237.0,0.0
2024-10-11 00:30:00,589.8493913690011,0.0,230.0,0.0
2024-10-11 01:00:00,626.4007639796645,0.0,234.0,0.0
2024-10-11 01:30:00,627.9944815287686,0.0,217.0,0.0
2024-10-11 02:00:00,631.1185008442062,0.0,224.99999999999997,0.0
2024-10-11 02:30:00,602.4002474652978,0.0,230.0,0.0
2024-10-11 03:00:00,592.4464029412542,0.0,240.0,0.0
2024-10-11 03:30:00,640.1041227982623,0.0,240.00000000000003,0.0
2024-10-11 04:00:00,671.4410870194658,0.0,258.0,0.0
2024-10-11 04:30:00,759.7254808196491,0.0,290.0,0.0
2024-10-11 05:00:00,669.8360418296131,0.0,260.0,0.0
2024-10-11 05:30:00,713.5091248022892,0.0,270.0,0.0
2024-10-11 06:00:00,773.7407592783954,0.0,267.0,0.0
2024-10-11 06:30:00,617.7925039591609,0.0,254.0,0.0
2024-10-11 07:00:00,513.8310533475383,0.0,223.0,0.0
2024-10-11 07:30:00,578.8620960872596,0.0,222.99999999999997,0.0
2024-10-11 08:00:00,647.6514558142264,0.0,214.0,0.0
2024-10-11 08:30:00,651.9473040710527,0.0,261.0,0.0
2024-10-11 09:00:00,740.5389801971427,0.0,279.0,0.0
2024-10-11 09:30:00,662.1804790186198,0.0,242.00000000000003,0.0
2024-10-11 10:00:00,767.0196607896106,0.0,265.0,0.0
2024-10-11 10:30:00,778.1249239653212,0.0,262.0,0.0
2024-10-11 11:00:00,716.7296102154775,0.0,240.0,0.0
2024-10-11 11:30:00,673.6436314258832,0.0,234.0,0.0
2024-10-11 12:00:00,747.938227955118,0.0,248.0,0.0
2024-10-11 12:30:00,712.344633056998,0.0,251.0,0.0
2024-10-11 13:00:00,726.4947431926099,0.0,259.0,0.0
2024-10-11 13:30:00,723.7457891150347,0.0,280.0,0.0
2024-10-11 14:00:00,719.5342320836573,0.0,310.0,0.0
2024-10-11 14:30:00,922.5480542426258,0.0,347.0,0.0
2024-10-11 15:00:00,935.7953402404372,0.0,301.0,0.0
2024-10-11 15:30:00,879.7859584652012,0.0,311.0,0.0
2024-10-11 16:00:00,782.0417969767282,0.0,292.0,0.0
2024-10-11 16:30:00,676.298854409901,0.0,252.00000000000003,0.0
2024-10-11 17:00:00,696.5057819572555,0.0,269.0,0.0
2024-10-11 17:30:00,807.4890044710639,0.0,289.0,0.0
2024-10-11 18:00:00,769.0717905662875,0.0,258.0,0.0
2024-10-11 18:30:00,820.151996813493,0.0,285.0,0.0
2024-10-11 19:00:00,706.4628866470447,0.0,257.0,0.0
2024-10-11 19:30:00,621.971214586599,0.0,234.0,0.0
2024-10-11 20:00:00,664.1722023984813,0.0,252.00000000000003,0.0
2024-10-11 20:30:00,693.5666102370834,0.0,272.0,0.0
2024-10-11 21:00:00,663.7103587578761,0.0,269.0,0.0
2024-10-11 21:30:00,756.6644002406885,0.0,317.0,0.0
2024-10-11 22:00:00,879.9456239150987,0.0,353.0,0.0
2024-10-11 22:30:00,910.0369653363617,0.0,341.0,0.0
2024-10-11 23:00:00,707.2743490142591,0.0,285.0,0.0
2024-10-11 23:30:00,769.2018555584556,0.0,310.0,0.0
2024-10-12 00:00:00,688.8543336783257,0.0,275.0,0.0
2024-10-12 00:30:00,629.2010250821809,0.0,251.0,0.0
2024-10-12 01:00:00,707.8177086164545,0.0,266.0,0.0
2024-10-12 01:30:00,619.6597855347453,0.0,252.0,0.0
2024-10-12 02:00:00,801.2790213837418,0.0,296.0,0.0
2024-10-12 02:30:00,789.54190004388,0.0,304.0,0.0
2024-10-12 03:00:00,726.9895101041618,0.0,254.00000000000003,0.0
2024-10-12 03:30:00,706.2378690639507,0.0,245.99999999999997,0.0
2024-10-12 04:00:00,693.1183776852502,0.0,274.0,0.0
2024-10-12 04:30:00,627.639121864286,0.0,234.0,0.0
2024-10-12 05:00:00,816.4189190826104,0.0,342.0,0.0
2024-10-12 05:30:00,779.1340372125214,0.0,294.0,0.0
2024-10-12 06:00:00,749.8817156160939,0.0,287.0,0.0
2024-10-12 06:30:00,770.8224133136666,0.0,271.0,0.0
2024-10-12 07:00:00,676.5245598532752,0.0,248.0,0.0
2024-10-12 07:30:00,701.1412048492506,0.0,251.00000000000003,0.0
2024-10-12 08:00:00,842.6945500831505,0.0,310.0,0.0
2024-10-12 08:30:00,836.789880865069,0.0,310.0,0.0
2024-10-12 09:00:00,721.4931378876125,0.0,278.0,0.0
2024-10-12 09:30:00,709.5273384865548,0.0,275.0,0.0
2024-10-12 10:00:00,670.3398261886535,0.0,261.0,0.0
2024-10-12 10:30:00,626.8513315932873,0.0,225.00000000000003,0.0
2024-10-12 11:00:00,680.121113109428,0.0,242.0,0.0
2024-10-12 11:30:00,693.9084202608606,0.0,260.0,0.0
2024-10-12 12:00:00,691.6130309358348,0.0,260.0,0.0
2024-10-12 12:30:00,660.1180515504727,0.0,281.0,0.0
2024-10-12 13:00:00,669.7531046251074,0.0,262.0,0.0
2024-10-12 13:30:00,609.8410397480244,0.0,235.0,0.0
2024-10-12 14:00:00,532.89660628307,0.0,191.0,0.0
2024-10-12 14:30:00,613.5490795095924,0.0,226.0,0.0
2024-10-12 15:00:00,633.9394084476522,0.0,225.0,0.0
2024-10-12 15:30:00,566.8985855779623,0.0,216.0,0.0
2024-10-12 16:00:00,772.1066606534348,0.0,296.0,0.0
2024-10-12 16:30:00,717.0584862795279,0.0,267.0,0.0
2024-10-12 17:00:00,679.7864728391509,0.0,254.0,0.0
2024-10-12 17:30:00,607.9127937138617,0.0,212.0,0.0
2024-10-12 18:00:00,694.236549844834,0.0,295.0,0.0
2024-10-12 18:30:00,915.6080023571989,0.0,320.0,0.0
2024-10-12 19:00:00,682.4430205915955,0.0,247.0,0.0
2024-10-12 19:30:00,622.2919111740513,0.0,256.0,0.0
2024-10-12 20:00:00,624.4288611182835,0.0,249.0,0.0
2024-10-12 20:30:00,793.2902219954732,0.0,306.0,0.0
2024-10-12 21:00:00,934.258265462451,0.0,381.0,0.0
2024-10-12 21:30:00,852.0707652768044,0.0,318.0,0.0
2024-10-12 22:00:00,805.7568953426129,0.0,296.0,0.0
2024-10-12 22:30:00,645.7382689456425,0.0,252.0,0.0
2024-10-12 23:00:00,615.6904150065199,0.0,265.0,0.0
2024-10-12 23:30:00,666.7793504471566,0.0,273.0,0.0
2024-10-13 00:00:00,681.6474391563947,0.0,250.0,0.0
2024-10-13 00:30:00,571.4739988266591,0.0,236.0,0.0
2024-10-13 01:00:00,640.8853893014763,0.0,235.99999999999997,0.0
2024-10-13 01:30:00,772.2271572336065,0.0,308.0,0.0
2024-10-13 02:00:00,676.9825665743133,0.0,263.0,0.0
2024-10-13 02:30:00,575.1783710543841,0.0,238.99999999999997,0.0
2024-10-13 03:00:00,589.8862510981544,0.0,242.0,0.0
2024-10-13 03:30:00,560.8774301867527,0.0,255.0,0.0
2024-10-13 04:00:00,662.5542238808194,0.0,256.0,0.0
2024-10-13 04:30:00,751.4536416326995,0.0,304.0,0.0
2024-10-13 05:00:00,824.7390026752659,0.0,306.0,0.0
2024-10-13 05:30:00,843.9822345615407,0.0,313.0,0.0
2024-10-13 06:00:00,706.408999349016,0.0,287.0,0.0
2024-10-13 06:30:00,738.6364516434988,0.0,284.0,0.0
2024-10-13 07:00:00,724.3129329929413,0.0,314.0,0.0
2024-10-13 07:30:00,801.2619462763537,0.0,332.0,0.0
2024-10-13 08:00:00,735.2565046569448,0.0,305.0,0.0
2024-10-13 08:30:00,707.948194292935,0.0,273.0,0.0
2024-10-13 09:00:00,632.2675993859074,0.0,296.0,0.0
2024-10-13 09:30:00,829.0326668324421,0.0,332.0,0.0
2024-10-13 10:00:00,869.167551972916,0.0,320.0,0.0
2024-10-13 10:30:00,658.4589207523148,0.0,278.0,0.0
2024-10-13 11:00:00,662.6324539164651,0.0,279.0,0.0
2024-10-13 11:30:00,766.5065597365939,0.0,308.0,0.0
2024-10-13 12:00:00,874.312172513056,0.0,342.0,0.0
2024-10-13 12:30:00,784.9940453065407,0.0,278.0,0.0
2024-10-13 13:00:00,692.2217354185991,0.0,275.0,0.0
2024-10-13 13:30:00,720.8787238683806,0.0,280.0,0.0
2024-10-13 14:00:00,771.0660718920129,0.0,326.0,0.0
2024-10-13 14:30:00,843.256835393817,0.0,356.0,0.0
2024-10-13 15:00:00,710.5293142284185,0.0,295.0,0.0
2024-10-13 15:30:00,659.3560281445075,0.0,287.0,0.0
2024-10-13 16:00:00,711.5152622795539,0.0,286.0,0.0
2024-10-13 16:30:00,790.4491120559636,0.0,340.0,0.0
2024-10-13 17:00:00,851.291729689392,0.0,380.0,0.0
2024-10-13 17:30:00,779.1950034665135,0.0,295.0,0.0
2024-10-13 18:00:00,663.8166297521932,0.0,301.0,0.0
2024-10-13 18:30:00,770.0871400809174,0.0,301.0,0.0
2024-10-13 19:00:00,856.7667286938912,0.0,343.0,0.0
2024-10-13 19:30:00,796.5976629272578,0.0,297.0,0.0
2024-10-13 20:00:00,594.4137675783925,0.0,249.00000000000003,0.0
2024-10-13 20:30:00,586.8540385555735,0.0,233.0,0.0
2024-10-13 21:00:00,607.5662639495546,0.0,232.0,0.0
2024-10-13 21:30:00,679.5702253828866,0.0,271.0,0.0
2024-10-13 22:00:00,691.2190945768983,0.0,270.0,0.0
2024-10-13 22:30:00,624.5446841355891,0.0,273.0,0.0
2024-10-13 23:00:00,771.2748284126571,0.0,298.0,0.0
2024-10-13 23:30:00,901.8686650760365,0.0,382.0,0.0
2024-10-14 00:00:00,620.7795101960363,0.0,282.0,0.0
2024-10-14 00:30:00,622.1996512081556,0.0,257.0,0.0
2024-10-14 01:00:00,646.6932982811098,0.0,244.0,0.0
2024-10-14 01:30:00,650.6784333789107,0.0,221.0,0.0
2024-10-14 02:00:00,565.408636742827,0.0,249.0,0.0
2024-10-14 02:30:00,712.06630343019,0.0,250.0,0.0
2024-10-14 03:00:00,653.3006860604421,0.0,265.0,0.0
2024-10-14 03:30:00,749.0628802314976,0.0,283.0,0.0
2024-10-14 04:00:00,723.8076636382763,0.0,298.0,0.0
2024-10-14 04:30:00,581.2093164140545,0.0,248.0,0.0
2024-10-14 05:00:00,598.8226497820519,0.0,245.0,0.0
2024-10-14 05:30:00,570.9947757305766,0.0,238.00000000000003,0.0
2024-10-14 06:00:00,722.1602869139329,0.0,295.0,0.0
2024-10-14 06:30:00,708.720795254627,0.0,272.0,0.0
2024-10-14 07:00:00,629.3220725330029,0.0,246.0,0.0
2024-10-14 07:30:00,587.823710642031,0.0,232.0,0.0
2024-10-14 08:00:00,641.2044009864089,0.0,226.99999999999997,0.0
2024-10-14 08:30:00,568.3366924599048,0.0,214.0,0.0
2024-10-14 09:00:00,742.6460896955236,0.0,227.0,0.0
2024-10-14 09:30:00,778.2392504300055,0.0,264.0,0.0
2024-10-14 10:00:00,870.6728929158562,0.0,322.0,0.0
2024-10-14 10:30:00,924.8876224695896,0.0,361.0,0.0
2024-10-14 11:00:00,765.3109756897977,0.0,298.0,0.0
2024-10-14 11:30:00,735.2411663708351,0.0,271.0,0.0
2024-10-14 12:00:00,719.3241813523008,0.0,283.0,0.0
2024-10-14 12:30:00,834.5188663888224,0.0,368.0,0.0
2024-10-14 13:00:00,926.960006556035,0.0,361.0,0.0
2024-10-14 13:30:00,757.0035228575875,0.0,272.0,0.0
2024-10-14 14:00:00,695.7081454892847,0.0,268.0,0.0
2024-10-14 14:30:00,630.683610427732,0.0,280.0,0.0
2024-10-14 15:00:00,734.9287871874263,0.0,332.0,0.0
2024-10-14 15:30:00,850.7703866272645,0.0,362.0,0.0
2024-10-14 16:00:00,953.001178794118,0.0,340.0,0.0
2024-10-14 16:30:00,674.4226932747592,0.0,282.0,0.0
2024-10-14 17:00:00,897.7328396657308,0.0,368.0,0.0
2024-10-14 17:30:00,855.6739055413769,0.0,356.0,0.0
2024-10-14 18:00:00,676.0679946020191,0.0,280.0,0.0
2024-10-14 18:30:00,702.9995025201245,0.0,286.0,0.0
2024-10-14 19:00:00,765.959181540867,0.0,308.0,0.0
2024-10-14 19:30:00,926.4658876272119,0.0,343.0,0.0
2024-10-14 20:00:00,740.3042397798415,0.0,294.0,0.0
2024-10-14 20:30:00,722.4473789503309,0.0,273.0,0.0
2024-10-14 21:00:00,617.2779158768112,0.0,264.0,0.0
2024-10-14 21:30:00,622.550189532733,0.0,280.0,0.0
2024-10-14 22:00:00,892.0692261859607,0.0,311.0,0.0
2024-10-14 22:30:00,761.3541330635802,0.0,267.0,0.0
2024-10-14 23:00:00,820.1850836972417,0.0,326.0,0.0
2024-10-14 23:30:00,723.9388164294975,0.0,289.0,0.0
2024-10-15 00:00:00,847.8741802239258,0.0,352.0,0.0
2024-10-15 00:30:00,885.5748333362831,0.0,356.0,0.0
2024-10-15 01:00:00,832.2466983807894,0.0,310.0,0.0
2024-10-15 01:30:00,797.7605885215802,0.0,296.0,0.0
2024-10-15 02:00:00,735.956542157824,0.0,313.0,0.0
2024-10-15 02:30:00,847.410497121248,0.0,362.0,0.0
2024-10-15 03:00:00,907.016558387921,0.0,347.0,0.0
2024-10-15 03:30:00,787.0410192450482,0.0,300.0,0.0
2024-10-15 04:00:00,766.0001439171277,0.0,302.0,0.0
2024-10-15 04:30:00,972.5789045067411,0.0,355.0,0.0
2024-10-15 05:00:00,912.2167252132125,0.0,340.0,0.0
2024-10-15 05:30:00,847.1815581274565,0.0,314.0,0.0
2024-10-15 06:00:00,739.3512866224414,0.0,305.0,0.0
2024-10-15 06:30:00,736.3345746352194,0.0,324.0,0.0
2024-10-15 07:00:00,892.6275904888302,0.0,353.0,0.0
2024-10-15 07:30:00,900.3903325686405,0.0,336.0,0.0
2024-10-15 08:00:00,826.6397827434204,0.0,335.0,0.0
2024-10-15 08:30:00,795.7268034533563,0.0,285.0,0.0
2024-10-15 09:00:00,780.900255741891,0.0,315.0,0.0
2024-10-15 09:30:00,762.3600110748288,0.0,303.0,0.0
2024-10-15 10:00:00,808.0275798646517,0.0,315.0,0.0
2024-10-15 10:30:00,788.8564335350886,0.0,297.0,0.0
2024-10-15 11:00:00,805.2023449147923,0.0,304.0,0.0
2024-10-15 11:30:00,688.409777649316,0.0,272.0,0.0
2024-10-15 12:00:00,819.4481361356404,0.0,306.0,0.0
2024-10-15 12:30:00,829.0778967045571,0.0,341.0,0.0
2024-10-15 13:00:00,745.0687481270144,0.0,278.0,0.0
2024-10-15 13:30:00,639.6410422444013,0.0,253.00000000000003,0.0
2024-10-15 14:00:00,771.5376511375739,0.0,290.0,0.0
2024-10-15 14:30:00,798.3159335256967,0.0,324.0,0.0
2024-10-15 15:00:00,853.0709941856678,0.0,305.0,0.0
2024-10-15 15:30:00,722.2198769861428,0.0,241.00000000000003,0.0
2024-10-15 16:00:00,657.4002864035764,0.0,248.0,0.0
2024-10-15 16:30:00,640.3786656667997,0.0,252.0,0.0
2024-10-15 17:00:00,589.0029743637687,0.0,227.0,0.0
2024-10-15 17:30:00,707.2706258062968,0.0,313.0,0.0
2024-10-15 18:00:00,774.0392813853053,0.0,336.0,0.0
2024-10-15 18:30:00,757.4990837811482,0.0,294.0,0.0
2024-10-15 19:00:00,593.218712733968,0.0,233.99999999999997,0.0
2024-10-15 19:30:00,653.4359112482423,0.0,261.0,0.0
2024-10-15 20:00:00,764.8038726364686,0.0,308.0,0.0
2024-10-15 20:30:00,754.5384865041589,0.0,324.0,0.0
2024-10-15 21:00:00,708.4858823699882,0.0,281.0,0.0
2024-10-15 21:30:00,631.1227454494677,0.0,260.0,0.0
2024-10-15 22:00:00,687.5755568164011,0.0,253.0,0.0
2024-10-15 22:30:00,809.8872016111995,0.0,347.0,0.0
2024-10-15 23:00:00,764.7197964194615,0.0,316.0,0.0
2024-10-15 23:30:00,621.553665833816,0.0,253.0,0.0
2024-10-16 00:00:00,661.6155267475838,0.0,280.0,0.0
2024-10-16 00:30:00,680.2511748459486,0.0,270.0,0.0
2024-10-16 01:00:00,788.2193327932007,0.0,345.0,0.0
2024-10-16 01:30:00,769.5319865799372,0.0,308.0,0.0
2024-10-16 02:00:00,770.3765439862988,0.0,277.0,0.0
2024-10-16 02:30:00,712.9586269244022,0.0,285.0,0.0
2024-10-16 03:00:00,608.2757390064879,0.0,288.0,0.0
2024-10-16 03:30:00,703.4478381854013,0.0,311.0,0.0
2024-10-16 04:00:00,740.7824454817304,0.0,308.0,0.0
2024-10-16 04:30:00,783.5990736206924,0.0,299.0,0.0
2024-10-16 05:00:00,733.8009660077283,0.0,295.0,0.0
2024-10-16 05:30:00,663.8116763410372,0.0,278.0,0.0
2024-10-16 06:00:00,712.5947744813438,0.0,277.0,0.0
2024-10-16 06:30:00,660.2147347838174,0.0,291.0,0.0
2024-10-16 07:00:00,645.22438088869,0.0,274.0,0.0
2024-10-16 07:30:00,729.7261171006268,0.0,302.0,0.0
2024-10-16 08:00:00,776.3666792375789,0.0,301.0,0.0
2024-10-16 08:30:00,761.7100443483495,0.0,295.0,0.0
2024-10-16 09:00:00,655.9546456930981,0.0,246.00000000000003,0.0
2024-10-16 09:30:00,695.3529482810967,0.0,280.0,0.0
2024-10-16 10:00:00,723.0772765414825,0.0,290.0,0.0
2024-10-16 10:30:00,726.4417043071062,0.0,280.0,0.0
2024-10-16 11:00:00,630.0393862782474,0.0,236.0,0.0
2024-10-16 11:30:00,623.8720250160711,0.0,220.99999999999997,0.0
2024-10-16 12:00:00,660.1674194170672,0.0,244.0,0.0
2024-10-16 12:30:00,619.6856592533419,0.0,232.0,0.0
2024-10-16 13:00:00,579.3980684127674,0.0,215.0,0.0
2024-10-16 13:30:00,679.7823571975013,0.0,280.0,0.0
2024-10-16 14:00:00,872.9905457673535,0.0,327.0,0.0
2024-10-16 14:30:00,918.901730575511,0.0,346.0,0.0
2024-10-16 15:00:00,727.2603691767323,0.0,275.0,0.0
2024-10-16 15:30:00,708.9408968156326,0.0,279.0,0.0
2024-10-16 16:00:00,855.0042170942987,0.0,335.0,0.0
2024-10-16 16:30:00,854.3510841315218,0.0,378.0,0.0
2024-10-16 17:00:00,806.6713521338444,0.0,296.0,0.0
2024-10-16 17:30:00,670.7601502337128,0.0,247.0,0.0
2024-10-16 18:00:00,665.4346048924401,0.0,268.0,0.0
2024-10-16 18:30:00,810.622735709852,0.0,334.0,0.0
2024-10-16 19:00:00,795.898975123096,0.0,342.0,0.0
2024-10-16 19:30:00,828.9387154182676,0.0,302.0,0.0
2024-10-16 20:00:00,692.8424058297107,0.0,267.0,0.0
2024-10-16 20:30:00,781.8669480233161,0.0,293.0,0.0
2024-10-16 21:00:00,923.2665484686834,0.0,358.0,0.0
2024-10-16 21:30:00,795.1752284637696,0.0,311.0,0.0
2024-10-16 22:00:00,715.0996396147782,0.0,273.0,0.0
2024-10-16 22:30:00,729.5552895290813,0.0,271.0,0.0
2024-10-16 23:00:00,642.6558938756416,0.0,269.0,0.0
2024-10-16 23:30:00,859.3624174118115,0.0,336.0,0.0
2024-10-17 00:00:00,700.3012563916536,0.0,238.0,0.0
2024-10-17 00:30:00,680.6271351468193,0.0,249.0,0.0
2024-10-17 01:00:00,641.7064696985062,0.0,248.0,0.0
2024-10-17 01:30:00,709.2835554322406,0.0,303.0,0.0
2024-10-17 02:00:00,768.5540040863634,0.0,344.0,0.0
2024-10-17 02:30:00,702.8335251849242,0.0,288.0,0.0
2024-10-17 03:00:00,633.6981319188169,0.0,270.0,0.0
2024-10-17 03:30:00,694.7904075887848,0.0,295.0,0.0
2024-10-17 04:00:00,830.7017406561822,0.0,351.0,0.0
2024-10-17 04:30:00,786.3591948891576,0.0,325.0,0.0
2024-10-17 05:00:00,678.5521605538028,0.0,242.00000000000003,0.0
2024-10-17 05:30:00,622.4548726231144,0.0,274.0,0.0
2024-10-17 06:00:00,680.0622894009322,0.0,284.0,0.0
2024-10-17 06:30:00,829.4844295613577,0.0,324.0,0.0
2024-10-17 07:00:00,770.3164079166086,0.0,302.0,0.0
2024-10-17 07:30:00,759.6455079334982,0.0,281.0,0.0
2024-10-17 08:00:00,725.933007746932,0.0,272.0,0.0
2024-10-17 08:30:00,691.2554774295735,0.0,283.0,0.0
2024-10-17 09:00:00,949.2004151374455,0.0,387.0,0.0
2024-10-17 09:30:00,996.793421172647,0.0,397.0,0.0
2024-10-17 10:00:00,789.5889136938931,0.0,314.0,0.0
2024-10-17 10:30:00,719.9777858499418,0.0,305.0,0.0
2024-10-17 11:00:00,812.3587301042235,0.0,293.0,0.0
2024-10-17 11:30:00,921.3666101581731,0.0,399.0,0.0
2024-10-17 12:00:00,940.065135391925,0.0,369.0,0.0
2024-10-17 12:30:00,753.1386839256198,0.0,303.0,0.0
2024-10-17 13:00:00,731.6583874593414,0.0,280.0,0.0
2024-10-17 13:30:00,809.3184908446548,0.0,298.0,0.0
2024-10-17 14:00:00,909.8936433699852,0.0,381.0,0.0
2024-10-17 14:30:00,802.6938713938266,0.0,338.0,0.0
2024-10-17 15:00:00,768.2581188146578,0.0,288.0,0.0
2024-10-17 15:30:00,724.1644537617505,0.0,297.0,0.0
2024-10-17 16:00:00,747.584076830491,0.0,290.0,0.0
2024-10-17 16:30:00,684.822795277758,0.0,287.0,0.0
2024-10-17 17:00:00,858.0543572752854,0.0,394.0,0.0
2024-10-17 17:30:00,837.2657018107334,0.0,317.0,0.0
2024-10-17 18:00:00,759.4037448427293,0.0,302.0,0.0
2024-10-17 18:30:00,631.7798565797242,0.0,255.0,0.0
2024-10-17 19:00:00,812.1845146696584,0.0,327.0,0.0
2024-10-17 19:30:00,855.7603567800904,0.0,363.0,0.0
2024-10-17 20:00:00,842.0798141561395,0.0,303.0,0.0
2024-10-17 20:30:00,726.4271711375003,0.0,276.0,0.0
2024-10-17 21:00:00,691.0264359563142,0.0,301.0,0.0
2024-10-17 21:30:00,915.5369910611738,0.0,375.0,0.0
2024-10-17 22:00:00,765.1063063367518,0.0,332.0,0.0
2024-10-17 22:30:00,795.2033209479017,0.0,312.0,0.0
2024-10-17 23:00:00,710.3388308507456,0.0,283.0,0.0
2024-10-17 23:30:00,700.8046017918222,0.0,309.0,0.0
2024-10-18 00:00:00,834.8620284750596,0.0,311.0,0.0
2024-10-18 00:30:00,827.8448024171125,0.0,274.0,0.0
2024-10-18 01:00:00,662.0035993244505,0.0,282.0,0.0
2024-10-18 01:30:00,762.16744483777,0.0,325.0,0.0
2024-10-18 02:00:00,798.6627571833089,0.0,293.0,0.0
2024-10-18 02:30:00,739.2979868062196,0.0,281.0,0.0
2024-10-18 03:00:00,721.3225838590514,0.0,269.0,0.0
2024-10-18 03:30:00,695.4536476350825,0.0,267.0,0.0
2024-10-18 04:00:00,665.1039131645215,0.0,261.0,0.0
2024-10-18 04:30:00,750.8719903348382,0.0,258.0,0.0
2024-10-18 05:00:00,712.9181590500374,0.0,293.0,0.0
2024-10-18 05:30:00,1008.9343486290593,0.0,352.0,0.0
2024-10-18 06:00:00,807.1090262064531,0.0,284.0,0.0
2024-10-18 06:30:00,647.580618880876,0.0,234.0,0.0
2024-10-18 07:00:00,598.5234694328122,0.0,231.0,0.0
2024-10-18 07:30:00,761.1236002540846,0.0,287.0,0.0
2024-10-18 08:00:00,910.7332333266228,0.0,318.0,0.0
2024-10-18 08:30:00,654.5987914696084,0.0,242.0,0.0
2024-10-18 09:00:00,669.2345325558136,0.0,253.0,0.0
2024-10-18 09:30:00,893.1737843878474,0.0,299.0,0.0
2024-10-18 10:00:00,896.5947385396129,0.0,306.0,0.0
2024-10-18 10:30:00,824.7983052498926,0.0,298.0,0.0
2024-10-18 11:00:00,909.5839561777209,0.0,304.0,0.0
2024-10-18 11:30:00,939.179790586349,0.0,325.0,0.0
2024-10-18 12:00:00,1197.9285852899081,0.0,396.0,0.0
2024-10-18 12:30:00,966.9139658593085,0.0,329.0,0.0
2024-10-18 13:00:00,1028.2483956917422,0.0,363.0,0.0
2024-10-18 13:30:00,1001.9843606793971,0.0,369.0,0.0
2024-10-18 14:00:00,972.0420755104901,0.0,343.0,0.0
2024-10-18 14:30:00,917.6049231105426,0.0,351.0,0.0
2024-10-18 15:00:00,1103.9587998298884,0.0,393.0,0.0
2024-10-18 15:30:00,1028.631139987699,0.0,374.0,0.0
2024-10-18 16:00:00,1047.8715028145525,0.0,385.0,0.0
2024-10-18 16:30:00,986.5401932325639,0.0,346.0,0.0
2024-10-18 17:00:00,1012.9004284798874,0.0,353.0,0.0
2024-10-18 17:30:00,1116.5984285121078,0.0,397.00000000000006,0.0
2024-10-18 18:00:00,943.1810101314887,0.0,358.0,0.0
2024-10-18 18:30:00,903.5713163349443,0.0,362.0,0.0
2024-10-18 19:00:00,986.2512545946556,0.0,346.0,0.0
2024-10-18 19:30:00,901.5745627072594,0.0,322.0,0.0
2024-10-18 20:00:00,849.8346203317417,0.0,320.0,0.0
2024-10-18 20:30:00,1085.5443732172675,0.0,407.0,0.0
2024-10-18 21:00:00,907.5770864218116,0.0,367.0,0.0
2024-10-18 21:30:00,987.6636298048716,0.0,372.0,0.0
2024-10-18 22:00:00,910.2408707986277,0.0,325.0,0.0
2024-10-18 22:30:00,867.6997102615278,0.0,339.0,0.0
2024-10-18 23:00:00,1086.4824351539505,0.0,380.0,0.0
2024-10-18 23:30:00,925.0067065799168,0.0,358.0,0.0
2024-10-19 00:00:00,692.8511785290025,0.0,273.0,0.0
2024-10-19 00:30:00,699.9466475314367,0.0,271.0,0.0
2024-10-19 01:00:00,750.4605077048531,0.0,303.0,0.0
2024-10-19 01:30:00,884.1283038332743,0.0,352.0,0.0
2024-10-19 02:00:00,831.5531770678832,0.0,301.0,0.0
2024-10-19 02:30:00,719.8811957012567,0.0,274.0,0.0
2024-10-19 03:00:00,697.7944265272845,0.0,290.0,0.0
2024-10-19 03:30:00,649.6185040906198,0.0,285.0,0.0
2024-10-19 04:00:00,850.7115451154464,0.0,356.0,0.0
2024-10-19 04:30:00,902.5905453417449,0.0,341.0,0.0
2024-10-19 05:00:00,662.5582433998028,0.0,264.0,0.0
2024-10-19 05:30:00,714.4396426057729,0.0,270.0,0.0
2024-10-19 06:00:00,850.7164954483493,0.0,318.0,0.0
2024-10-19 06:30:00,928.4307747788176,0.0,376.0,0.0
2024-10-19 07:00:00,813.6018176957649,0.0,310.0,0.0
2024-10-19 07:30:00,651.2290148468737,0.0,277.0,0.0
2024-10-19 08:00:00,704.8238144878733,0.0,306.0,0.0
2024-10-19 08:30:00,928.1734535599438,0.0,338.0,0.0
2024-10-19 09:00:00,785.1848919978937,0.0,335.0,0.0
2024-10-19 09:30:00,692.00413939876,0.0,298.0,0.0
2024-10-19 10:00:00,697.6226335160943,0.0,290.0,0.0
2024-10-19 10:30:00,866.3461904719259,0.0,348.0,0.0
2024-10-19 11:00:00,922.9420054644264,0.0,374.0,0.0
2024-10-19 11:30:00,735.063256496203,0.0,283.0,0.0
2024-10-19 12:00:00,677.6839402421604,0.0,271.0,0.0
2024-10-19 12:30:00,700.5194327100858,0.0,272.0,0.0
2024-10-19 13:00:00,938.2564805165853,0.0,295.0,0.0
2024-10-19 13:30:00,909.174935426673,0.0,345.0,0.0
2024-10-19 14:00:00,792.2486797326661,0.0,301.0,0.0
2024-10-19 14:30:00,696.3179658640199,0.0,299.0,0.0
2024-10-19 15:00:00,682.6449540228745,0.0,279.0,0.0
2024-10-19 15:30:00,894.1028619483892,0.0,345.0,0.0
2024-10-19 16:00:00,839.1144528425646,0.0,348.0,0.0
2024-10-19 16:30:00,725.3364389180136,0.0,308.0,0.0
2024-10-19 17:00:00,729.3022023801225,0.0,271.0,0.0
2024-10-19 17:30:00,767.8726123937242,0.0,293.0,0.0
2024-10-19 18:00:00,881.1065567270779,0.0,361.0,0.0
2024-10-19 18:30:00,756.3291487870885,0.0,318.0,0.0
2024-10-19 19:00:00,794.4328720805427,0.0,301.0,0.0
2024-10-19 19:30:00,708.5777884237463,0.0,282.0,0.0
2024-10-19 20:00:00,640.4496130834887,0.0,300.0,0.0
2024-10-19 20:30:00,753.9324563131465,0.0,288.0,0.0
2024-10-19 21:00:00,765.3349953060981,0.0,270.0,0.0
2024-10-19 21:30:00,630.558406430944,0.0,287.0,0.0
2024-10-19 22:00:00,657.1041615233896,0.0,284.0,0.0
2024-10-19 22:30:00,676.4036799834472,0.0,272.0,0.0
2024-10-19 23:00:00,762.28355914335,0.0,297.0,0.0
2024-10-19 23:30:00,793.3208620604423,0.0,335.0,0.0
2024-10-20 00:00:00,744.0473545653184,0.0,273.0,0.0
2024-10-20 00:30:00,686.2493434111339,0.0,236.0,0.0
2024-10-20 01:00:00,706.2966608607423,0.0,238.00000000000003,0.0
2024-10-20 01:30:00,631.8814287285587,0.0,264.0,0.0
2024-10-20 02:00:00,685.3012207119652,0.0,248.99999999999997,0.0
2024-10-20 02:30:00,585.0227794683691,0.0,250.00000000000003,0.0
2024-10-20 03:00:00,735.7397022643004,0.0,286.0,0.0
2024-10-20 03:30:00,790.1758758569845,0.0,321.0,0.0
2024-10-20 04:00:00,720.9109334076634,0.0,270.0,0.0
2024-10-20 04:30:00,847.9143745819663,0.0,314.0,0.0
2024-10-20 05:00:00,755.8614106403065,0.0,298.0,0.0
2024-10-20 05:30:00,765.6661450983568,0.0,301.0,0.0
2024-10-20 06:00:00,784.1748448100068,0.0,302.0,0.0
2024-10-20 06:30:00,910.7697483121349,0.0,335.0,0.0
2024-10-20 07:00:00,872.0634000268748,0.0,343.0,0.0
2024-10-20 07:30:00,786.5678202855361,0.0,289.0,0.0
2024-10-20 08:00:00,743.4327505462958,0.0,262.0,0.0
2024-10-20 08:30:00,885.6625203772493,0.0,364.0,0.0
2024-10-20 09:00:00,968.9393344336519,0.0,364.0,0.0
2024-10-20 09:30:00,746.155836560374,0.0,315.0,0.0
2024-10-20 10:00:00,721.1552979482645,0.0,294.0,0.0
2024-10-20 10:30:00,741.5186264571425,0.0,310.0,0.0
2024-10-20 11:00:00,936.2969923649231,0.0,337.0,0.0
2024-10-20 11:30:00,934.0657063898457,0.0,328.0,0.0
2024-10-20 12:00:00,758.464650730052,0.0,274.0,0.0
2024-10-20 12:30:00,682.3943528351969,0.0,245.99999999999997,0.0
2024-10-20 13:00:00,728.5526836937495,0.0,271.0,0.0
2024-10-20 13:30:00,743.1852908158681,0.0,331.0,0.0
2024-10-20 14:00:00,899.41102637651,0.0,359.0,0.0
2024-10-20 14:30:00,827.043709954389,0.0,330.0,0.0
2024-10-20 15:00:00,611.8771166948853,0.0,254.0,0.0
2024-10-20 15:30:00,696.4009946855115,0.0,280.0,0.0
2024-10-20 16:00:00,754.9042948556889,0.0,264.0,0.0
2024-10-20 16:30:00,762.3247754987595,0.0,264.0,0.0
2024-10-20 17:00:00,716.1980343285138,0.0,260.0,0.0
2024-10-20 17:30:00,739.4803828256678,0.0,264.0,0.0
2024-10-20 18:00:00,671.7074835013565,0.0,238.0,0.0
2024-10-20 18:30:00,738.5964498142172,0.0,267.0,0.0
2024-10-20 19:00:00,802.4914295979859,0.0,315.0,0.0
2024-10-20 19:30:00,700.8349138730058,0.0,265.0,0.0
2024-10-20 20:00:00,605.2771606837327,0.0,238.0,0.0
2024-10-20 20:30:00,712.0715302299773,0.0,243.0,0.0
2024-10-20 21:00:00,889.7012659888211,0.0,308.0,0.0
2024-10-20 21:30:00,784.899358739191,0.0,261.0,0.0
2024-10-20 22:00:00,636.7364652454695,0.0,242.0,0.0
2024-10-20 22:30:00,618.0119399706816,0.0,260.0,0.0
2024-10-20 23:00:00,700.3528650172524,0.0,241.0,0.0
2024-10-20 23:30:00,683.7012317022422,0.0,259.0,0.0
2024-10-21 00:00:00,640.9786460557618,0.0,282.0,0.0
2024-10-21 00:30:00,661.7391818010034,0.0,257.0,0.0
2024-10-21 01:00:00,606.3887323768992,0.0,244.0,0.0
2024-10-21 01:30:00,686.0278592933367,0.0,221.0,0.0
2024-10-21 02:00:00,646.197544389506,0.0,249.0,0.0
2024-10-21 02:30:00,661.7857597727166,0.0,250.0,0.0
2024-10-21 03:00:00,627.9636745767993,0.0,265.0,0.0
2024-10-21 03:30:00,747.6804046277226,0.0,283.0,0.0
2024-10-21 04:00:00,786.5901529530073,0.0,298.0,0.0
2024-10-21 04:30:00,636.4346488460532,0.0,248.0,0.0
2024-10-21 05:00:00,629.3794012712608,0.0,244.99999999999997,0.0
2024-10-21 05:30:00,569.6313151498215,0.0,238.0,0.0
2024-10-21 06:00:00,729.8995039752914,0.0,295.0,0.0
2024-10-21 06:30:00,734.0839884389161,0.0,272.0,0.0
2024-10-21 07:00:00,588.6913718678691,0.0,246.0,0.0
2024-10-21 07:30:00,618.057445528991,0.0,232.0,0.0
2024-10-21 08:00:00,614.8663700020177,0.0,227.0,0.0
2024-10-21 08:30:00,578.463357970324,0.0,214.0,0.0
2024-10-21 09:00:00,679.6315532631368,0.0,227.0,0.0
2024-10-21 09:30:00,705.0395489556138,0.0,264.0,0.0
2024-10-21 10:00:00,802.0385205447792,0.0,322.0,0.0
2024-10-21 10:30:00,866.4588002650809,0.0,361.0,0.0
2024-10-21 11:00:00,765.1010857700832,0.0,298.0,0.0
2024-10-21 11:30:00,681.9475859563876,0.0,271.0,0.0
2024-10-21 12:00:00,727.8536041938415,0.0,283.0,0.0
2024-10-21 12:30:00,875.6693210326627,0.0,368.0,0.0
2024-10-21 13:00:00,976.6897435582888,0.0,361.0,0.0
2024-10-21 13:30:00,666.0664084814687,0.0,272.0,0.0
2024-10-21 14:00:00,676.4277950691516,0.0,268.0,0.0
2024-10-21 14:30:00,654.8511112230515,0.0,280.0,0.0
2024-10-21 15:00:00,834.3649186926697,0.0,332.0,0.0
2024-10-21 15:30:00,874.2176983810531,0.0,362.0,0.0
2024-10-21 16:00:00,929.379464558368,0.0,340.0,0.0
2024-10-21 16:30:00,742.3061264246062,0.0,282.0,0.0
2024-10-21 17:00:00,899.8025691864582,0.0,368.0,0.0
2024-10-21 17:30:00,948.5849763875055,0.0,356.0,0.0
2024-10-21 18:00:00,772.256188694794,0.0,280.0,0.0
2024-10-21 18:30:00,679.0555636739972,0.0,286.0,0.0
2024-10-21 19:00:00,786.516591622892,0.0,308.0,0.0
2024-10-21 19:30:00,806.3220236505157,0.0,343.0,0.0
2024-10-21 20:00:00,794.3161556967866,0.0,294.0,0.0
2024-10-21 20:30:00,721.0704609214785,0.0,273.0,0.0
2024-10-21 21:00:00,694.4276687349359,0.0,264.0,0.0
2024-10-21 21:30:00,639.9863655558454,0.0,280.0,0.0
2024-10-21 22:00:00,835.0489934616915,0.0,311.0,0.0
2024-10-21 22:30:00,631.0290976513353,0.0,267.0,0.0
2024-10-21 23:00:00,822.4529776492325,0.0,326.0,0.0
2024-10-21 23:30:00,708.7369608522127,0.0,289.0,0.0
2024-10-22 00:00:00,724.9663408173534,0.0,256.0,0.0
2024-10-22 00:30:00,697.861903365325,0.0,236.0,0.0
2024-10-22 01:00:00,878.9370688845481,0.0,335.0,0.0
2024-10-22 01:30:00,904.9333886758394,0.0,347.0,0.0
2024-10-22 02:00:00,844.3627216919207,0.0,305.0,0.0
2024-10-22 02:30:00,693.8016252555481,0.0,283.0,0.0
2024-10-22 03:00:00,625.1042313035607,0.0,262.0,0.0
2024-10-22 03:30:00,833.691136526796,0.0,340.0,0.0
2024-10-22 04:00:00,823.9068032473344,0.0,356.0,0.0
2024-10-22 04:30:00,785.7760685430591,0.0,311.0,0.0
2024-10-22 05:00:00,673.6066438442203,0.0,257.0,0.0
2024-10-22 05:30:00,600.5618482488075,0.0,228.0,0.0
2024-10-22 06:00:00,918.9121990663848,0.0,356.0,0.0
2024-10-22 06:30:00,875.42047414452,0.0,355.0,0.0
2024-10-22 07:00:00,734.2748793138674,0.0,304.0,0.0
2024-10-22 07:30:00,702.0113867867209,0.0,260.0,0.0
2024-10-22 08:00:00,676.4256358748711,0.0,289.0,0.0
2024-10-22 08:30:00,801.6793912726495,0.0,323.0,0.0
2024-10-22 09:00:00,880.6380117505358,0.0,383.0,0.0
2024-10-22 09:30:00,829.7361224871944,0.0,353.0,0.0
2024-10-22 10:00:00,797.6801616651761,0.0,336.0,0.0
2024-10-22 10:30:00,774.2226758369518,0.0,316.0,0.0
2024-10-22 11:00:00,838.049855769168,0.0,347.0,0.0
2024-10-22 11:30:00,936.9767820113979,0.0,383.0,0.0
2024-10-22 12:00:00,878.5426812156501,0.0,332.0,0.0
2024-10-22 12:30:00,774.5587896680929,0.0,276.0,0.0
2024-10-22 13:00:00,734.2502870486279,0.0,306.0,0.0
2024-10-22 13:30:00,840.5215673817489,0.0,334.0,0.0
2024-10-22 14:00:00,863.5359731093233,0.0,365.0,0.0
2024-10-22 14:30:00,781.9446509913685,0.0,292.0,0.0
2024-10-22 15:00:00,734.7460878105146,0.0,303.0,0.0
2024-10-22 15:30:00,728.2217626096008,0.0,318.0,0.0
2024-10-22 16:00:00,854.1746529000236,0.0,338.0,0.0
2024-10-22 16:30:00,878.8349124905419,0.0,399.0,0.0
2024-10-22 17:00:00,845.2429061876296,0.0,309.0,0.0
2024-10-22 17:30:00,709.5289422360183,0.0,285.0,0.0
2024-10-22 18:00:00,734.2751069710948,0.0,291.0,0.0
2024-10-22 18:30:00,669.7837128711878,0.0,294.0,0.0
2024-10-22 19:00:00,745.4901470851513,0.0,321.0,0.0
2024-10-22 19:30:00,713.6235371283276,0.0,286.0,0.0
2024-10-22 20:00:00,692.6014115287686,0.0,272.0,0.0
2024-10-22 20:30:00,712.8335484901759,0.0,285.0,0.0
2024-10-22 21:00:00,705.3460574716063,0.0,289.0,0.0
2024-10-22 21:30:00,651.8955014931887,0.0,287.0,0.0
2024-10-22 22:00:00,808.1798996887944,0.0,357.0,0.0
2024-10-22 22:30:00,1014.8339430855867,0.0,356.0,0.0
2024-10-22 23:00:00,731.4919678598244,0.0,321.0,0.0
2024-10-22 23:30:00,772.1451542771082,0.0,311.0,0.0
2024-10-23 00:00:00,664.4023073579118,0.0,260.0,0.0
2024-10-23 00:30:00,794.539038694395,0.0,303.0,0.0
2024-10-23 01:00:00,853.3736153914409,0.0,345.0,0.0
2024-10-23 01:30:00,867.4440690402859,0.0,312.0,0.0
2024-10-23 02:00:00,696.1836076304619,0.0,273.0,0.0
2024-10-23 02:30:00,666.8722778512845,0.0,265.0,0.0
2024-10-23 03:00:00,766.1373687370657,0.0,310.0,0.0
2024-10-23 03:30:00,872.2525735295179,0.0,338.0,0.0
2024-10-23 04:00:00,759.3103996828008,0.0,284.0,0.0
2024-10-23 04:30:00,669.2271772887175,0.0,248.0,0.0
2024-10-23 05:00:00,691.3884094895682,0.0,283.0,0.0
2024-10-23 05:30:00,622.5879866079878,0.0,263.0,0.0
2024-10-23 06:00:00,749.1526168085655,0.0,288.0,0.0
2024-10-23 06:30:00,630.1432157153827,0.0,249.99999999999997,0.0
2024-10-23 07:00:00,716.713940602629,0.0,271.0,0.0
2024-10-23 07:30:00,619.643443442691,0.0,233.0,0.0
2024-10-23 08:00:00,690.478279582119,0.0,248.0,0.0
2024-10-23 08:30:00,692.8518541119902,0.0,272.0,0.0
2024-10-23 09:00:00,659.8185833346313,0.0,273.0,0.0
2024-10-23 09:30:00,729.7606531235119,0.0,281.0,0.0
2024-10-23 10:00:00,612.7441460345026,0.0,250.0,0.0
2024-10-23 10:30:00,662.1788852749751,0.0,261.0,0.0
2024-10-23 11:00:00,855.711870356043,0.0,287.0,0.0
2024-10-23 11:30:00,743.4446324609174,0.0,263.0,0.0
2024-10-23 12:00:00,649.6362170952823,0.0,231.99999999999997,0.0
2024-10-23 12:30:00,646.6026170920345,0.0,233.0,0.0
2024-10-23 13:00:00,630.589775909394,0.0,231.0,0.0
2024-10-23 13:30:00,710.3919131344785,0.0,228.0,0.0
2024-10-23 14:00:00,693.213562616173,0.0,252.0,0.0
2024-10-23 14:30:00,761.45924524294,0.0,295.0,0.0
2024-10-23 15:00:00,815.371552610404,0.0,285.0,0.0
2024-10-23 15:30:00,731.4630830935844,0.0,276.0,0.0
2024-10-23 16:00:00,794.1892486502413,0.0,279.0,0.0
2024-10-23 16:30:00,658.2142494087582,0.0,245.0,0.0
2024-10-23 17:00:00,713.2661946945584,0.0,257.0,0.0
2024-10-23 17:30:00,716.9633668190212,0.0,262.0,0.0
2024-10-23 18:00:00,640.1468192105133,0.0,251.00000000000003,0.0
2024-10-23 18:30:00,627.8578112830938,0.0,269.0,0.0
2024-10-23 19:00:00,652.5233910630864,0.0,245.0,0.0
2024-10-23 19:30:00,805.6304679378379,0.0,297.0,0.0
2024-10-23 20:00:00,793.6182335804491,0.0,339.0,0.0
2024-10-23 20:30:00,682.0183361039475,0.0,274.0,0.0
2024-10-23 21:00:00,583.0038207148159,0.0,244.00000000000003,0.0
2024-10-23 21:30:00,846.0584919614492,0.0,318.0,0.0
2024-10-23 22:00:00,801.6066740323711,0.0,305.0,0.0
2024-10-23 22:30:00,664.3299067023797,0.0,246.00000000000003,0.0
2024-10-23 23:00:00,604.5485158938848,0.0,239.00000000000003,0.0
2024-10-23 23:30:00,599.5681933600065,0.0,241.0,0.0
2024-10-24 00:00:00,646.0246768502013,0.0,238.0,0.0
2024-10-24 00:30:00,690.8170031581436,0.0,249.0,0.0
2024-10-24 01:00:00,643.25867832657,0.0,248.0,0.0
2024-10-24 01:30:00,789.3568122072222,0.0,303.0,0.0
2024-10-24 02:00:00,831.0620011545909,0.0,344.0,0.0
2024-10-24 02:30:00,774.5569642937044,0.0,288.0,0.0
2024-10-24 03:00:00,621.3901415474619,0.0,270.0,0.0
2024-10-24 03:30:00,720.4239649657114,0.0,295.0,0.0
2024-10-24 04:00:00,872.903575611271,0.0,351.0,0.0
2024-10-24 04:30:00,782.874927362963,0.0,325.0,0.0
2024-10-24 05:00:00,700.646102045123,0.0,242.0,0.0
2024-10-24 05:30:00,649.1866562371903,0.0,274.0,0.0
2024-10-24 06:00:00,776.9301420219434,0.0,284.0,0.0
2024-10-24 06:30:00,924.8848332586141,0.0,324.0,0.0
2024-10-24 07:00:00,788.8914723652571,0.0,302.0,0.0
2024-10-24 07:30:00,714.9838898621764,0.0,281.0,0.0
2024-10-24 08:00:00,760.357171110212,0.0,272.0,0.0
2024-10-24 08:30:00,707.2861265884229,0.0,283.0,0.0
2024-10-24 09:00:00,868.7677433223076,0.0,387.0,0.0
2024-10-24 09:30:00,1031.276420024717,0.0,397.0,0.0
2024-10-24 10:00:00,805.4450140502986,0.0,314.0,0.0
2024-10-24 10:30:00,757.7994129530706,0.0,305.0,0.0
2024-10-24 11:00:00,747.1352996363711,0.0,293.0,0.0
2024-10-24 11:30:00,857.306589457096,0.0,399.0,0.0
2024-10-24 12:00:00,901.3294146922065,0.0,369.0,0.0
2024-10-24 12:30:00,717.6034053759199,0.0,303.0,0.0
2024-10-24 13:00:00,742.9262321394733,0.0,280.0,0.0
2024-10-24 13:30:00,782.7787275412694,0.0,298.0,0.0
2024-10-24 14:00:00,910.5592537207169,0.0,381.0,0.0
2024-10-24 14:30:00,842.0876966916189,0.0,338.0,0.0
2024-10-24 15:00:00,673.4965783465823,0.0,288.0,0.0
2024-10-24 15:30:00,769.8429634749232,0.0,297.0,0.0
2024-10-24 16:00:00,764.8555582282249,0.0,290.0,0.0
2024-10-24 16:30:00,777.7440126691657,0.0,287.0,0.0
2024-10-24 17:00:00,1000.6278119143421,0.0,394.0,0.0
2024-10-24 17:30:00,764.4454365143439,0.0,317.0,0.0
2024-10-24 18:00:00,731.1960300336506,0.0,302.0,0.0
2024-10-24 18:30:00,664.9310175522209,0.0,254.99999999999997,0.0
2024-10-24 19:00:00,799.3154248325702,0.0,327.0,0.0
2024-10-24 19:30:00,892.917937306256,0.0,363.0,0.0
2024-10-24 20:00:00,782.1769042040726,0.0,303.0,0.0
2024-10-24 20:30:00,777.4325884497242,0.0,276.0,0.0
2024-10-24 21:00:00,691.8394285570939,0.0,301.0,0.0
2024-10-24 21:30:00,864.6006966010276,0.0,375.0,0.0
2024-10-24 22:00:00,760.7767604311373,0.0,332.0,0.0
2024-10-24 22:30:00,734.2880721613172,0.0,312.0,0.0
2024-10-24 23:00:00,666.685389891675,0.0,283.0,0.0
2024-10-24 23:30:00,704.4450378734754,0.0,309.0,0.0
2024-10-25 00:00:00,1148.5690437970104,0.0,445.0,0.0
2024-10-25 00:30:00,1097.0242149327532,0.0,435.0,0.0
2024-10-25 01:00:00,1323.5998811968811,0.0,517.0,0.0
2024-10-25 01:30:00,1487.4873540923618,0.0,635.0,0.0
2024-10-25 02:00:00,1392.1742134947394,0.0,557.0,0.0
2024-10-25 02:30:00,1350.2069483746861,0.0,514.0,0.0
2024-10-25 03:00:00,1074.5523840217063,0.0,445.0,0.0
2024-10-25 03:30:00,1173.896596566809,0.0,525.0,0.0
2024-10-25 04:00:00,1552.6348475994785,0.0,566.0,0.0
2024-10-25 04:30:00,1106.902323344801,0.0,478.0,0.0
2024-10-25 05:00:00,1111.2733586541035,0.0,457.0,0.0
2024-10-25 05:30:00,1414.5831473595247,0.0,582.0,0.0
2024-10-25 06:00:00,1435.4337424596197,0.0,587.0,0.0
2024-10-25 06:30:00,1328.871992335251,0.0,556.0,0.0
2024-10-25 07:00:00,1160.2219107849435,0.0,474.99999999999994,0.0
2024-10-25 07:30:00,1125.4229795335639,0.0,463.0,0.0
2024-10-25 08:00:00,1102.7539263936983,0.0,472.0,0.0
2024-10-25 08:30:00,1612.5359588099745,0.0,589.0,0.0
2024-10-25 09:00:00,1570.6118411698872,0.0,637.0,0.0
2024-10-25 09:30:00,1400.9208584078556,0.0,556.0,0.0
2024-10-25 10:00:00,1157.58099418543,0.0,464.0,0.0
2024-10-25 10:30:00,1078.7592172236157,0.0,418.0,0.0
2024-10-25 11:00:00,1122.0138902134609,0.0,455.0,0.0
2024-10-25 11:30:00,1380.5881393763402,0.0,606.0,0.0
2024-10-25 12:00:00,1609.3704131134032,0.0,647.0,0.0
2024-10-25 12:30:00,1321.4297757620805,0.0,524.0,0.0
2024-10-25 13:00:00,1231.9286681404437,0.0,446.0,0.0
2024-10-25 13:30:00,1159.6371103483277,0.0,490.0,0.0
2024-10-25 14:00:00,1396.813883578965,0.0,582.0,0.0
2024-10-25 14:30:00,1302.1915165004407,0.0,547.0,0.0
2024-10-25 15:00:00,1267.7681670155541,0.0,455.0,0.0
2024-10-25 15:30:00,1077.3583940195642,0.0,431.0,0.0
2024-10-25 16:00:00,1233.9024890823262,0.0,475.0,0.0
2024-10-25 16:30:00,1475.3766806229512,0.0,582.0,0.0
2024-10-25 17:00:00,1272.9511834116897,0.0,506.0,0.0
2024-10-25 17:30:00,1173.7078634767279,0.0,502.99999999999994,0.0
2024-10-25 18:00:00,1312.112655112166,0.0,559.0,0.0
2024-10-25 18:30:00,1329.8516786588796,0.0,513.0,0.0
2024-10-25 19:00:00,1169.338933226889,0.0,514.0,0.0
2024-10-25 19:30:00,1111.283882196321,0.0,411.0,0.0
2024-10-25 20:00:00,1026.0731767901682,0.0,407.0,0.0
2024-10-25 20:30:00,1215.373689894247,0.0,472.0,0.0
2024-10-25 21:00:00,1404.1050588005337,0.0,543.0,0.0
2024-10-25 21:30:00,1315.6529811920273,0.0,562.0,0.0
2024-10-25 22:00:00,1141.6205050336835,0.0,479.0,0.0
2024-10-25 22:30:00,1103.0284400365783,0.0,418.0,0.0
2024-10-25 23:00:00,1035.4777544976698,0.0,436.0,0.0
2024-10-25 23:30:00,924.79903904662,0.0,423.0,0.0
2024-10-26 00:00:00,695.5626432484784,0.0,297.0,0.0
2024-10-26 00:30:00,834.9939965262001,0.0,347.0,0.0
2024-10-26 01:00:00,701.6958573199793,0.0,248.0,0.0
2024-10-26 01:30:00,609.0823759027543,0.0,229.0,0.0
2024-10-26 02:00:00,513.8408190465341,0.0,229.0,0.0
2024-10-26 02:30:00,558.7173690200085,0.0,231.0,0.0
2024-10-26 03:00:00,744.1882177021234,0.0,267.0,0.0
2024-10-26 03:30:00,700.5375639748083,0.0,270.0,0.0
2024-10-26 04:00:00,784.457748866221,0.0,300.0,0.0
2024-10-26 04:30:00,726.929019923756,0.0,287.0,0.0
2024-10-26 05:00:00,665.9090209321921,0.0,278.0,0.0
2024-10-26 05:30:00,720.4211082002296,0.0,295.0,0.0
2024-10-26 06:00:00,708.8492191226334,0.0,278.0,0.0
2024-10-26 06:30:00,792.3755187673102,0.0,345.0,0.0
2024-10-26 07:00:00,910.4015137887246,0.0,385.0,0.0
2024-10-26 07:30:00,953.9542276720109,0.0,327.0,0.0
2024-10-26 08:00:00,793.3201527163252,0.0,326.0,0.0
2024-10-26 08:30:00,904.2649076779323,0.0,351.0,0.0
2024-10-26 09:00:00,929.8147657122676,0.0,364.0,0.0
2024-10-26 09:30:00,926.490745322699,0.0,357.0,0.0
2024-10-26 10:00:00,841.4729209719953,0.0,305.0,0.0
2024-10-26 10:30:00,708.2302142042877,0.0,279.0,0.0
2024-10-26 11:00:00,792.5224890075714,0.0,304.0,0.0
2024-10-26 11:30:00,596.5612339434064,0.0,261.0,0.0
2024-10-26 12:00:00,784.3942107378001,0.0,301.0,0.0
2024-10-26 12:30:00,655.4665957025156,0.0,274.0,0.0
2024-10-26 13:00:00,731.0530228205047,0.0,282.0,0.0
2024-10-26 13:30:00,743.9125557722813,0.0,277.0,0.0
2024-10-26 14:00:00,658.4286445318319,0.0,243.99999999999997,0.0
2024-10-26 14:30:00,732.2794392857662,0.0,303.0,0.0
2024-10-26 15:00:00,698.1535228504367,0.0,272.0,0.0
2024-10-26 15:30:00,681.8443676002884,0.0,266.0,0.0
2024-10-26 16:00:00,668.6482142247509,0.0,248.0,0.0
2024-10-26 16:30:00,551.2602897294591,0.0,240.0,0.0
2024-10-26 17:00:00,815.8602136338618,0.0,320.0,0.0
2024-10-26 17:30:00,757.2913327727616,0.0,287.0,0.0
2024-10-26 18:00:00,580.3096496926051,0.0,226.0,0.0
2024-10-26 18:30:00,613.7070969447863,0.0,237.0,0.0
2024-10-26 19:00:00,602.5860850214876,0.0,222.0,0.0
2024-10-26 19:30:00,623.2897307629346,0.0,246.0,0.0
2024-10-26 20:00:00,573.9233916458355,0.0,248.0,0.0
2024-10-26 20:30:00,644.9134878288766,0.0,241.0,0.0
2024-10-26 21:00:00,636.8529720881705,0.0,256.0,0.0
2024-10-26 21:30:00,845.3082155955261,0.0,342.0,0.0
2024-10-26 22:00:00,868.9701988166097,0.0,357.0,0.0
2024-10-26 22:30:00,772.9087271413789,0.0,273.0,0.0
2024-10-26 23:00:00,669.5234634597551,0.0,268.0,0.0
2024-10-26 23:30:00,852.9114744531579,0.0,340.0,0.0
2024-10-27 00:00:00,940.7125289711826,0.0,336.0,0.0
2024-10-27 00:30:00,818.653824150587,0.0,322.0,0.0
2024-10-27 01:00:00,748.6203498002717,0.0,269.0,0.0
2024-10-27 01:30:00,676.0154010196715,0.0,259.0,0.0
2024-10-27 02:00:00,644.435802331897,0.0,256.0,0.0
2024-10-27 02:30:00,881.0116908675104,0.0,363.0,0.0
2024-10-27 03:00:00,731.9273748000553,0.0,305.0,0.0
2024-10-27 03:30:00,662.8968933840815,0.0,287.0,0.0
2024-10-27 04:00:00,596.4033556768338,0.0,234.0,0.0
2024-10-27 04:30:00,626.7157070895232,0.0,239.00000000000003,0.0
2024-10-27 05:00:00,630.6334387719802,0.0,249.0,0.0
2024-10-27 05:30:00,778.0288631741373,0.0,302.0,0.0
2024-10-27 06:00:00,894.7125715366799,0.0,356.0,0.0
2024-10-27 06:30:00,691.6031154196135,0.0,269.0,0.0
2024-10-27 07:00:00,557.3440828865814,0.0,234.00000000000003,0.0
2024-10-27 07:30:00,643.7727127920542,0.0,269.0,0.0
2024-10-27 08:00:00,698.6406268758878,0.0,280.0,0.0
2024-10-27 08:30:00,882.1551684073814,0.0,349.0,0.0
2024-10-27 09:00:00,794.2985146834593,0.0,292.0,0.0
2024-10-27 09:30:00,673.0845843157703,0.0,268.0,0.0
2024-10-27 10:00:00,632.4017969901574,0.0,257.0,0.0
2024-10-27 10:30:00,857.0088331122662,0.0,350.0,0.0
2024-10-27 11:00:00,765.727760259814,0.0,308.0,0.0
2024-10-27 11:30:00,622.8157956492466,0.0,241.0,0.0
2024-10-27 12:00:00,670.8769813230656,0.0,246.0,0.0
2024-10-27 12:30:00,639.7796289274389,0.0,227.0,0.0
2024-10-27 13:00:00,675.3923903101323,0.0,250.0,0.0
2024-10-27 13:30:00,605.0195236789874,0.0,229.0,0.0
2024-10-27 14:00:00,656.3907967949839,0.0,240.00000000000003,0.0
2024-10-27 14:30:00,735.3919491249319,0.0,294.0,0.0
2024-10-27 15:00:00,897.8490094499223,0.0,335.0,0.0
2024-10-27 15:30:00,714.4699418196337,0.0,281.0,0.0
2024-10-27 16:00:00,686.939755560127,0.0,292.0,0.0
2024-10-27 16:30:00,571.3117196348513,0.0,257.0,0.0
2024-10-27 17:00:00,599.2158000174375,0.0,270.0,0.0
2024-10-27 17:30:00,675.9446308425155,0.0,263.0,0.0
2024-10-27 18:00:00,587.7768712806154,0.0,252.0,0.0
2024-10-27 18:30:00,681.0557112833372,0.0,271.0,0.0
2024-10-27 19:00:00,521.1215382155615,0.0,224.0,0.0
2024-10-27 19:30:00,593.2772463186398,0.0,250.0,0.0
2024-10-27 20:00:00,577.8949353313881,0.0,232.0,0.0
2024-10-27 20:30:00,612.4742598378947,0.0,252.0,0.0
2024-10-27 21:00:00,699.9254267346666,0.0,251.0,0.0
2024-10-27 21:30:00,748.2946277143515,0.0,250.00000000000003,0.0
2024-10-27 22:00:00,706.5053840994794,0.0,265.0,0.0
2024-10-27 22:30:00,628.5070620770528,0.0,217.0,0.0
2024-10-27 23:00:00,565.3615120275882,0.0,197.0,0.0
2024-10-27 23:30:00,644.8134209376202,0.0,196.0,0.0
2024-10-28 00:00:00,671.071443449015,0.0,282.0,0.0
2024-10-28 00:30:00,633.1267468571474,0.0,257.0,0.0
2024-10-28 01:00:00,627.0745940211243,0.0,244.0,0.0
2024-10-28 01:30:00,645.9030829793704,0.0,221.0,0.0
2024-10-28 02:00:00,616.983222864221,0.0,249.00000000000003,0.0
2024-10-28 02:30:00,647.0257118388345,0.0,250.0,0.0
2024-10-28 03:00:00,646.2981293154534,0.0,265.0,0.0
2024-10-28 03:30:00,662.7853178922797,0.0,283.0,0.0
2024-10-28 04:00:00,722.138895601755,0.0,298.0,0.0
2024-10-28 04:30:00,630.9325042703663,0.0,248.0,0.0
2024-10-28 05:00:00,609.0569621301307,0.0,245.0,0.0
2024-10-28 05:30:00,533.4086783218319,0.0,238.0,0.0
2024-10-28 06:00:00,689.6293003953753,0.0,295.0,0.0
2024-10-28 06:30:00,699.2996944942216,0.0,272.0,0.0
2024-10-28 07:00:00,651.7743666941062,0.0,246.0,0.0
2024-10-28 07:30:00,610.1885200950991,0.0,232.0,0.0
2024-10-28 08:00:00,669.8375806501886,0.0,227.0,0.0
2024-10-28 08:30:00,624.2467906941557,0.0,214.0,0.0
2024-10-28 09:00:00,653.9851155619772,0.0,227.0,0.0
2024-10-28 09:30:00,708.3070957447774,0.0,264.0,0.0
2024-10-28 10:00:00,790.709438560498,0.0,322.0,0.0
2024-10-28 10:30:00,906.7996668457996,0.0,361.0,0.0
2024-10-28 11:00:00,717.3663062736531,0.0,298.0,0.0
2024-10-28 11:30:00,666.1080965578182,0.0,271.0,0.0
2024-10-28 12:00:00,739.2686336565749,0.0,283.0,0.0
2024-10-28 12:30:00,960.2532217402567,0.0,368.0,0.0
2024-10-28 13:00:00,767.2375377576315,0.0,361.0,0.0
2024-10-28 13:30:00,765.8045547265046,0.0,272.0,0.0
2024-10-28 14:00:00,691.9176921255684,0.0,268.0,0.0
2024-10-28 14:30:00,608.5568722786069,0.0,280.0,0.0
2024-10-28 15:00:00,643.4865908174372,0.0,331.99999999999994,0.0
2024-10-28 15:30:00,864.4247321201725,0.0,362.0,0.0
2024-10-28 16:00:00,909.1034290590342,0.0,340.0,0.0
2024-10-28 16:30:00,730.7841779339263,0.0,282.0,0.0
2024-10-28 17:00:00,913.0603856367565,0.0,368.0,0.0
2024-10-28 17:30:00,868.8155067527069,0.0,356.0,0.0
2024-10-28 18:00:00,687.6673241093594,0.0,280.0,0.0
2024-10-28 18:30:00,680.3710312382112,0.0,286.0,0.0
2024-10-28 19:00:00,780.2690534546322,0.0,308.0,0.0
2024-10-28 19:30:00,899.4601584637117,0.0,343.0,0.0
2024-10-28 20:00:00,759.2122110847545,0.0,294.0,0.0
2024-10-28 20:30:00,784.7239149173907,0.0,273.0,0.0
2024-10-28 21:00:00,679.1812859446161,0.0,264.0,0.0
2024-10-28 21:30:00,668.4885964909186,0.0,280.0,0.0
2024-10-28 22:00:00,796.2831698665198,0.0,311.0,0.0
2024-10-28 22:30:00,726.576189897523,0.0,267.0,0.0
2024-10-28 23:00:00,810.9792487909623,0.0,326.0,0.0
2024-10-28 23:30:00,728.82072623211,0.0,289.0,0.0
2024-10-29 00:00:00,645.139658938425,0.0,273.0,0.0
2024-10-29 00:30:00,810.3775838413727,0.0,325.0,0.0
2024-10-29 01:00:00,825.9674795280064,0.0,344.0,0.0
2024-10-29 01:30:00,743.4285545547508,0.0,271.0,0.0
2024-10-29 02:00:00,664.0903136069493,0.0,282.0,0.0
2024-10-29 02:30:00,665.3672372644913,0.0,257.0,0.0
2024-10-29 03:00:00,682.8912698163393,0.0,254.0,0.0
2024-10-29 03:30:00,716.7954158192803,0.0,275.0,0.0
2024-10-29 04:00:00,852.410156965396,0.0,338.0,0.0
2024-10-29 04:30:00,911.1834168281717,0.0,364.0,0.0
2024-10-29 05:00:00,892.5085734452939,0.0,336.0,0.0
2024-10-29 05:30:00,757.857073096686,0.0,284.0,0.0
2024-10-29 06:00:00,738.3095351418784,0.0,292.0,0.0
2024-10-29 06:30:00,810.7140230783878,0.0,351.0,0.0
2024-10-29 07:00:00,955.3164613647511,0.0,347.0,0.0
2024-10-29 07:30:00,727.5914190167438,0.0,262.0,0.0
2024-10-29 08:00:00,797.1411857757573,0.0,299.0,0.0
2024-10-29 08:30:00,738.113506332938,0.0,313.0,0.0
2024-10-29 09:00:00,882.4952870729041,0.0,383.0,0.0
2024-10-29 09:30:00,954.2147989532107,0.0,352.0,0.0
2024-10-29 10:00:00,728.8143440659717,0.0,310.0,0.0
2024-10-29 10:30:00,791.7102325660975,0.0,306.0,0.0
2024-10-29 11:00:00,768.9260246853038,0.0,313.0,0.0
2024-10-29 11:30:00,895.9753061294386,0.0,358.0,0.0
2024-10-29 12:00:00,907.9602857629756,0.0,337.0,0.0
2024-10-29 12:30:00,723.4232561181966,0.0,315.0,0.0
2024-10-29 13:00:00,733.7350492157859,0.0,280.0,0.0
2024-10-29 13:30:00,676.7838825300581,0.0,284.0,0.0
2024-10-29 14:00:00,723.8002151139276,0.0,292.0,0.0
2024-10-29 14:30:00,811.7342206855078,0.0,280.0,0.0
2024-10-29 15:00:00,743.5718481177847,0.0,290.0,0.0
2024-10-29 15:30:00,699.0850993262626,0.0,290.0,0.0
2024-10-29 16:00:00,738.3928975502739,0.0,280.0,0.0
2024-10-29 16:30:00,697.5922751074662,0.0,294.0,0.0
2024-10-29 17:00:00,765.9374190943348,0.0,326.0,0.0
2024-10-29 17:30:00,755.1790174622851,0.0,281.0,0.0
2024-10-29 18:00:00,607.4387889970684,0.0,243.0,0.0
2024-10-29 18:30:00,539.6414712890215,0.0,198.0,0.0
2024-10-29 19:00:00,743.0003126669781,0.0,260.0,0.0
2024-10-29 19:30:00,805.3033160514932,0.0,309.0,0.0
2024-10-29 20:00:00,645.2834449155941,0.0,240.0,0.0
2024-10-29 20:30:00,602.1903078623754,0.0,247.00000000000003,0.0
2024-10-29 21:00:00,647.5986324496553,0.0,245.0,0.0
2024-10-29 21:30:00,583.3188389241295,0.0,245.0,0.0
2024-10-29 22:00:00,647.7712069557126,0.0,298.0,0.0
2024-10-29 22:30:00,737.4562310007543,0.0,313.0,0.0
2024-10-29 23:00:00,848.3790936060917,0.0,321.0,0.0
2024-10-29 23:30:00,747.4569019530813,0.0,294.0,0.0
2024-10-30 00:00:00,720.5500567420886,0.0,280.0,0.0
2024-10-30 00:30:00,681.0121959571396,0.0,270.0,0.0
2024-10-30 01:00:00,853.9103493017661,0.0,345.0,0.0
2024-10-30 01:30:00,792.9468477292485,0.0,308.0,0.0
2024-10-30 02:00:00,794.5180111087219,0.0,277.0,0.0
2024-10-30 02:30:00,678.7456841925589,0.0,285.0,0.0
2024-10-30 03:00:00,662.6166824303291,0.0,288.0,0.0
2024-10-30 03:30:00,747.5029164227481,0.0,311.0,0.0
2024-10-30 04:00:00,842.5133682769875,0.0,308.0,0.0
2024-10-30 04:30:00,708.2720061614826,0.0,299.0,0.0
2024-10-30 05:00:00,679.0729289913568,0.0,295.0,0.0
2024-10-30 05:30:00,627.2868788867829,0.0,278.0,0.0
2024-10-30 06:00:00,746.4015741747347,0.0,277.0,0.0
2024-10-30 06:30:00,723.1630030404029,0.0,291.0,0.0
2024-10-30 07:00:00,682.8049919591755,0.0,274.0,0.0
2024-10-30 07:30:00,839.0438971430931,0.0,302.0,0.0
2024-10-30 08:00:00,771.538698375432,0.0,301.0,0.0
2024-10-30 08:30:00,715.5975551840116,0.0,295.0,0.0
2024-10-30 09:00:00,641.5735077845276,0.0,246.0,0.0
2024-10-30 09:30:00,658.8813356167534,0.0,280.0,0.0
2024-10-30 10:00:00,714.6098052806689,0.0,290.0,0.0
2024-10-30 10:30:00,722.5173265256432,0.0,280.0,0.0
2024-10-30 11:00:00,624.8648589003338,0.0,236.0,0.0
2024-10-30 11:30:00,573.756740664861,0.0,221.00000000000003,0.0
2024-10-30 12:00:00,698.3878728394967,0.0,244.0,0.0
2024-10-30 12:30:00,622.76865800337,0.0,231.99999999999997,0.0
2024-10-30 13:00:00,608.7390688837879,0.0,215.0,0.0
2024-10-30 13:30:00,742.6252509887552,0.0,280.0,0.0
2024-10-30 14:00:00,876.0797950944547,0.0,327.0,0.0
2024-10-30 14:30:00,867.7184605984287,0.0,346.0,0.0
2024-10-30 15:00:00,746.4802104500093,0.0,275.0,0.0
2024-10-30 15:30:00,728.6873662461134,0.0,279.0,0.0
2024-10-30 16:00:00,873.8542823157765,0.0,335.0,0.0
2024-10-30 16:30:00,939.9499623313562,0.0,378.0,0.0
2024-10-30 17:00:00,763.2798804334018,0.0,296.0,0.0
2024-10-30 17:30:00,657.2367317701111,0.0,247.0,0.0
2024-10-30 18:00:00,741.1624139172494,0.0,268.0,0.0
2024-10-30 18:30:00,797.9072082663803,0.0,334.0,0.0
2024-10-30 19:00:00,833.4337694766665,0.0,342.0,0.0
2024-10-30 19:30:00,794.0193815441069,0.0,302.0,0.0
2024-10-30 20:00:00,678.5879134021819,0.0,267.0,0.0
2024-10-30 20:30:00,744.5029540289966,0.0,293.0,0.0
2024-10-30 21:00:00,881.6405367114445,0.0,358.0,0.0
2024-10-30 21:30:00,805.4373505660855,0.0,311.0,0.0
2024-10-30 22:00:00,656.6046805512445,0.0,273.0,0.0
2024-10-30 22:30:00,696.2366009506264,0.0,271.0,0.0
2024-10-30 23:00:00,706.0752087846682,0.0,269.0,0.0
2024-10-30 23:30:00,902.3565181625934,0.0,336.0,0.0
2024-10-31 00:00:00,1233.3430159029788,0.0,473.0,0.0
2024-10-31 00:30:00,1197.460482457518,0.0,502.0,0.0
2024-10-31 01:00:00,1362.7414259095665,0.0,563.0,0.0
2024-10-31 01:30:00,1218.4501531197513,0.0,450.99999999999994,0.0
2024-10-31 02:00:00,1245.8070365565816,0.0,479.0,0.0
2024-10-31 02:30:00,1136.8002946826132,0.0,494.0,0.0
2024-10-31 03:00:00,1117.6162164573848,0.0,448.0,0.0
2024-10-31 03:30:00,963.3083911221819,0.0,433.0,0.0
2024-10-31 04:00:00,1032.3785239403583,0.0,406.0,0.0
2024-10-31 04:30:00,1331.9475426831355,0.0,522.0,0.0
2024-10-31 05:00:00,1081.0330811388228,0.0,416.0,0.0
2024-10-31 05:30:00,1007.4245948461962,0.0,387.0,0.0
2024-10-31 06:00:00,850.4716926992539,0.0,386.0,0.0
2024-10-31 06:30:00,1056.3085130837692,0.0,427.0,0.0
2024-10-31 07:00:00,1298.7207111247105,0.0,511.0,0.0
2024-10-31 07:30:00,1281.2908685189393,0.0,491.0,0.0
2024-10-31 08:00:00,1181.6060667364957,0.0,451.0,0.0
2024-10-31 08:30:00,1145.351122358361,0.0,460.0,0.0
2024-10-31 09:00:00,1265.510496531329,0.0,497.0,0.0
2024-10-31 09:30:00,994.9981410124543,0.0,405.0,0.0
2024-10-31 10:00:00,875.9895128485077,0.0,327.0,0.0
2024-10-31 10:30:00,810.6992165004216,0.0,315.0,0.0
2024-10-31 11:00:00,781.558104121658,0.0,319.0,0.0
2024-10-31 11:30:00,1044.5520544650135,0.0,462.99999999999994,0.0
2024-10-31 12:00:00,1222.4676154199465,0.0,445.0,0.0
2024-10-31 12:30:00,953.0897294772967,0.0,352.0,0.0
2024-10-31 13:00:00,1021.993481436653,0.0,388.0,0.0
2024-10-31 13:30:00,1027.4843696668288,0.0,409.0,0.0
2024-10-31 14:00:00,1020.7488720536046,0.0,448.0,0.0
2024-10-31 14:30:00,1265.0436994607526,0.0,491.00000000000006,0.0
2024-10-31 15:00:00,914.9941026700518,0.0,403.0,0.0
2024-10-31 15:30:00,1094.065144832994,0.0,456.0,0.0
2024-10-31 16:00:00,1301.635832875725,0.0,519.0,0.0
2024-10-31 16:30:00,1313.9298413614822,0.0,511.0,0.0
2024-10-31 17:00:00,1084.4059141707876,0.0,446.0,0.0
2024-10-31 17:30:00,971.8143569646945,0.0,415.0,0.0
2024-10-31 18:00:00,1029.2917864113124,0.0,399.0,0.0
2024-10-31 18:30:00,1018.0826825827219,0.0,401.0,0.0
2024-10-31 19:00:00,1110.7768425979007,0.0,470.0,0.0
2024-10-31 19:30:00,1604.0417216821602,0.0,617.0,0.0
2024-10-31 20:00:00,1230.8847459763235,0.0,515.0,0.0
2024-10-31 20:30:00,1031.3709510585563,0.0,381.0,0.0
2024-10-31 21:00:00,1041.9420572597196,0.0,410.0,0.0
2024-10-31 21:30:00,1204.3877487515222,0.0,469.00000000000006,0.0
2024-10-31 22:00:00,1192.1710226408104,0.0,471.0,0.0
2024-10-31 22:30:00,1382.7765383663752,0.0,517.0,0.0
2024-10-31 23:00:00,1291.898824682341,0.0,488.00000000000006,0.0
2024-10-31 23:30:00,1089.1531216669698,0.0,391.0,0.0
2024-11-01 00:00:00,784.5269946888288,0.0,299.0,0.0
2024-11-01 00:30:00,712.0438819924299,0.0,267.0,0.0
2024-11-01 01:00:00,743.8991916739049,0.0,290.0,0.0
2024-11-01 01:30:00,685.8558023324399,0.0,266.0,0.0
2024-11-01 02:00:00,694.4017110232624,0.0,280.0,0.0
2024-11-01 02:30:00,669.4783002817823,0.0,283.0,0.0
2024-11-01 03:00:00,694.0996423263401,0.0,290.0,0.0
2024-11-01 03:30:00,814.2100108719256,0.0,321.0,0.0
2024-11-01 04:00:00,641.647544396896,0.0,271.0,0.0
2024-11-01 04:30:00,816.223750100495,0.0,321.0,0.0
2024-11-01 05:00:00,728.8226597621436,0.0,283.0,0.0
2024-11-01 05:30:00,691.6903052973546,0.0,275.0,0.0
2024-11-01 06:00:00,619.5087286412781,0.0,273.0,0.0
2024-11-01 06:30:00,586.5341085944876,0.0,266.0,0.0
2024-11-01 07:00:00,701.4930865291137,0.0,268.0,0.0
2024-11-01 07:30:00,795.234332402623,0.0,323.0,0.0
2024-11-01 08:00:00,735.1098509589783,0.0,316.0,0.0
2024-11-01 08:30:00,730.3079255796464,0.0,254.00000000000003,0.0
2024-11-01 09:00:00,676.5438935609694,0.0,274.0,0.0
2024-11-01 09:30:00,642.5771036485693,0.0,264.0,0.0
2024-11-01 10:00:00,662.3279496113272,0.0,260.0,0.0
2024-11-01 10:30:00,732.4900277786487,0.0,326.0,0.0
2024-11-01 11:00:00,626.790037576462,0.0,233.0,0.0
2024-11-01 11:30:00,752.9560094458508,0.0,278.0,0.0
2024-11-01 12:00:00,705.2768149540311,0.0,274.0,0.0
2024-11-01 12:30:00,709.249714836343,0.0,260.0,0.0
2024-11-01 13:00:00,710.7864481068157,0.0,281.0,0.0
2024-11-01 13:30:00,627.4526780366292,0.0,255.0,0.0
2024-11-01 14:00:00,552.1446329457563,0.0,254.00000000000003,0.0
2024-11-01 14:30:00,639.2861943913902,0.0,280.0,0.0
2024-11-01 15:00:00,681.5564422390208,0.0,268.0,0.0
2024-11-01 15:30:00,610.2715586455133,0.0,261.0,0.0
2024-11-01 16:00:00,601.0687246871971,0.0,241.0,0.0
2024-11-01 16:30:00,576.1993250261171,0.0,241.0,0.0
2024-11-01 17:00:00,619.0858057976311,0.0,240.0,0.0
2024-11-01 17:30:00,574.8434421228245,0.0,238.0,0.0
2024-11-01 18:00:00,545.4471598457466,0.0,228.0,0.0
2024-11-01 18:30:00,517.7786652390763,0.0,214.0,0.0
2024-11-01 19:00:00,609.4386152504181,0.0,235.0,0.0
2024-11-01 19:30:00,561.2378997212385,0.0,211.0,0.0
2024-11-01 20:00:00,626.099962403434,0.0,229.0,0.0
2024-11-01 20:30:00,559.4841474212999,0.0,226.0,0.0
2024-11-01 21:00:00,601.5123312642999,0.0,221.0,0.0
2024-11-01 21:30:00,607.100146218075,0.0,239.0,0.0
2024-11-01 22:00:00,610.6993459925483,0.0,228.0,0.0
2024-11-01 22:30:00,788.2516084954125,0.0,308.0,0.0
2024-11-01 23:00:00,668.5122209606094,0.0,243.0,0.0
2024-11-01 23:30:00,750.6332465876457,0.0,283.0,0.0
2024-11-02 00:00:00,676.0740797426934,0.0,297.0,0.0
2024-11-02 00:30:00,829.5844031403072,0.0,347.0,0.0
2024-11-02 01:00:00,668.7646034009504,0.0,248.0,0.0
2024-11-02 01:30:00,554.8060035368326,0.0,229.0,0.0
2024-11-02 02:00:00,526.888725017652,0.0,229.0,0.0
2024-11-02 02:30:00,499.8384982969757,0.0,231.0,0.0
2024-11-02 03:00:00,623.6041818757126,0.0,267.0,0.0
2024-11-02 03:30:00,678.9879578202093,0.0,270.0,0.0
2024-11-02 04:00:00,706.5587658699037,0.0,300.0,0.0
2024-11-02 04:30:00,656.6566809747598,0.0,287.0,0.0
2024-11-02 05:00:00,686.4683346338204,0.0,278.0,0.0
2024-11-02 05:30:00,694.6282549972913,0.0,295.0,0.0
2024-11-02 06:00:00,730.6407407873922,0.0,278.0,0.0
2024-11-02 06:30:00,801.4703191333965,0.0,345.0,0.0
2024-11-02 07:00:00,961.5515327499237,0.0,385.0,0.0
2024-11-02 07:30:00,870.2837376314873,0.0,327.0,0.0
2024-11-02 08:00:00,753.2347208395765,0.0,326.0,0.0
2024-11-02 08:30:00,829.4729537533499,0.0,351.0,0.0
2024-11-02 09:00:00,866.107298447286,0.0,364.0,0.0
2024-11-02 09:30:00,896.0495887216805,0.0,357.0,0.0
2024-11-02 10:00:00,765.2558933653921,0.0,305.0,0.0
2024-11-02 10:30:00,722.56097150007,0.0,279.0,0.0
2024-11-02 11:00:00,698.178429514846,0.0,304.0,0.0
2024-11-02 11:30:00,645.8644205508548,0.0,261.0,0.0
2024-11-02 12:00:00,766.7133563465477,0.0,301.0,0.0
2024-11-02 12:30:00,759.1443413238251,0.0,274.0,0.0
2024-11-02 13:00:00,690.672174569288,0.0,282.0,0.0
2024-11-02 13:30:00,693.4749469301731,0.0,277.0,0.0
2024-11-02 14:00:00,625.8498451890691,0.0,244.0,0.0
2024-11-02 14:30:00,819.361797469033,0.0,303.0,0.0
2024-11-02 15:00:00,666.7924891676001,0.0,272.0,0.0
2024-11-02 15:30:00,654.5487492807862,0.0,266.0,0.0
2024-11-02 16:00:00,733.5853516975806,0.0,248.0,0.0
2024-11-02 16:30:00,587.7630664245318,0.0,240.0,0.0
2024-11-02 17:00:00,717.8862778909095,0.0,320.0,0.0
2024-11-02 17:30:00,703.0767331345779,0.0,287.0,0.0
2024-11-02 18:00:00,492.5172967108841,0.0,226.0,0.0
2024-11-02 18:30:00,587.7457351879456,0.0,237.0,0.0
2024-11-02 19:00:00,602.1623367157907,0.0,222.0,0.0
2024-11-02 19:30:00,593.8000068021424,0.0,246.0,0.0
2024-11-02 20:00:00,602.5855780169686,0.0,248.0,0.0
2024-11-02 20:30:00,650.8930334652161,0.0,241.0,0.0
2024-11-02 21:00:00,592.5978785332508,0.0,256.0,0.0
2024-11-02 21:30:00,789.5091672171435,0.0,342.0,0.0
2024-11-02 22:00:00,814.7598295918618,0.0,357.0,0.0
2024-11-02 22:30:00,674.5729209513005,0.0,273.0,0.0
2024-11-02 23:00:00,641.8780204820416,0.0,268.0,0.0
2024-11-02 23:30:00,755.0521258782366,0.0,340.0,0.0
2024-11-03 00:00:00,784.7435744021285,0.0,317.0,0.0
2024-11-03 00:30:00,951.7245540339278,0.0,371.0,0.0
2024-11-03 01:00:00,893.2260972459017,0.0,333.0,0.0
2024-11-03 01:30:00,717.2182892002503,0.0,258.0,0.0
2024-11-03 02:00:00,644.595975796595,0.0,256.0,0.0
2024-11-03 02:30:00,646.3927083691706,0.0,269.0,0.0
2024-11-03 03:00:00,737.9262263794699,0.0,283.0,0.0
2024-11-03 03:30:00,780.2107256840537,0.0,331.0,0.0
2024-11-03 04:00:00,1045.0723000491034,0.0,404.0,0.0
2024-11-03 04:30:00,753.5875396807073,0.0,310.0,0.0
2024-11-03 05:00:00,739.0144062838318,0.0,261.0,0.0
2024-11-03 05:30:00,665.3824576743899,0.0,274.0,0.0
2024-11-03 06:00:00,794.0957247170729,0.0,306.0,0.0
2024-11-03 06:30:00,992.6887370535966,0.0,383.0,0.0
2024-11-03 07:00:00,754.2143895293499,0.0,314.0,0.0
2024-11-03 07:30:00,679.0147343649083,0.0,288.0,0.0
2024-11-03 08:00:00,631.2129678583658,0.0,252.0,0.0
2024-11-03 08:30:00,785.7989889713135,0.0,342.0,0.0
2024-11-03 09:00:00,904.8765214499591,0.0,356.0,0.0
2024-11-03 09:30:00,698.0490465770922,0.0,314.0,0.0
2024-11-03 10:00:00,689.6109040376705,0.0,297.0,0.0
2024-11-03 10:30:00,657.1110183081234,0.0,263.0,0.0
2024-11-03 11:00:00,609.2743066567689,0.0,279.0,0.0
2024-11-03 11:30:00,709.4879109118887,0.0,260.0,0.0
2024-11-03 12:00:00,645.0409840883672,0.0,254.0,0.0
2024-11-03 12:30:00,656.3490063558526,0.0,243.0,0.0
2024-11-03 13:00:00,657.0893249784373,0.0,252.0,0.0
2024-11-03 13:30:00,651.8520366964186,0.0,254.0,0.0
2024-11-03 14:00:00,684.2039020054476,0.0,289.0,0.0
2024-11-03 14:30:00,638.2487099810608,0.0,302.0,0.0
2024-11-03 15:00:00,561.1382592415903,0.0,223.0,0.0
2024-11-03 15:30:00,563.1149043781128,0.0,245.0,0.0
2024-11-03 16:00:00,570.8308166616008,0.0,246.0,0.0
2024-11-03 16:30:00,781.4002775415272,0.0,336.0,0.0
2024-11-03 17:00:00,668.4520155372212,0.0,268.0,0.0
2024-11-03 17:30:00,537.048827569903,0.0,218.0,0.0
2024-11-03 18:00:00,598.1604226644362,0.0,248.0,0.0
2024-11-03 18:30:00,553.583980252129,0.0,227.0,0.0
2024-11-03 19:00:00,636.2342573286652,0.0,267.0,0.0
2024-11-03 19:30:00,791.2850941060258,0.0,316.0,0.0
2024-11-03 20:00:00,767.8324351271086,0.0,301.0,0.0
2024-11-03 20:30:00,642.0537884499927,0.0,272.0,0.0
2024-11-03 21:00:00,624.6206372175394,0.0,260.0,0.0
2024-11-03 21:30:00,717.1049566717315,0.0,327.0,0.0
2024-11-03 22:00:00,820.499570971955,0.0,313.0,0.0
2024-11-03 22:30:00,760.089095819965,0.0,279.0,0.0
2024-11-03 23:00:00,642.3136543103702,0.0,261.0,0.0
2024-11-03 23:30:00,655.0186120302262,0.0,253.0,0.0
2024-11-04 00:00:00,744.9670104637776,0.0,292.0,0.0
2024-11-04 00:30:00,772.6748350253474,0.0,348.0,0.0
2024-11-04 01:00:00,687.1277073558275,0.0,290.0,0.0
2024-11-04 01:30:00,687.1753288093118,0.0,244.0,0.0
2024-11-04 02:00:00,644.1978465081007,0.0,278.0,0.0
2024-11-04 02:30:00,753.7814359931847,0.0,349.0,0.0
2024-11-04 03:00:00,793.6766272342485,0.0,339.0,0.0
2024-11-04 03:30:00,610.9603677113521,0.0,269.0,0.0
2024-11-04 04:00:00,608.2416852625474,0.0,261.0,0.0
2024-11-04 04:30:00,729.6924514486449,0.0,286.0,0.0
2024-11-04 05:00:00,812.7642889245857,0.0,365.0,0.0
2024-11-04 05:30:00,643.4172903117872,0.0,292.0,0.0
2024-11-04 06:00:00,667.0941587614768,0.0,272.0,0.0
2024-11-04 06:30:00,594.9770622469474,0.0,228.99999999999997,0.0
2024-11-04 07:00:00,827.7872625531006,0.0,325.0,0.0
2024-11-04 07:30:00,780.5718846381476,0.0,329.0,0.0
2024-11-04 08:00:00,730.3407083194604,0.0,290.0,0.0
2024-11-04 08:30:00,710.3885969098667,0.0,277.0,0.0
2024-11-04 09:00:00,649.8423907567305,0.0,272.0,0.0
2024-11-04 09:30:00,818.1985633254999,0.0,334.0,0.0
2024-11-04 10:00:00,747.5081684259579,0.0,288.0,0.0
2024-11-04 10:30:00,661.2255630152738,0.0,291.0,0.0
2024-11-04 11:00:00,626.4737356229522,0.0,260.0,0.0
2024-11-04 11:30:00,755.9716347890773,0.0,318.0,0.0
2024-11-04 12:00:00,812.0660073345115,0.0,329.0,0.0
2024-11-04 12:30:00,726.9544571812033,0.0,290.0,0.0
2024-11-04 13:00:00,649.7168744756359,0.0,249.0,0.0
2024-11-04 13:30:00,654.7514543930525,0.0,274.0,0.0
2024-11-04 14:00:00,750.4956004786952,0.0,322.0,0.0
2024-11-04 14:30:00,768.8776772616243,0.0,317.0,0.0
2024-11-04 15:00:00,699.7958947547493,0.0,293.0,0.0
2024-11-04 15:30:00,647.9766522526119,0.0,258.0,0.0
2024-11-04 16:00:00,651.9731514995793,0.0,295.0,0.0
2024-11-04 16:30:00,638.395268097564,0.0,271.0,0.0
2024-11-04 17:00:00,607.0323454483477,0.0,286.0,0.0
2024-11-04 17:30:00,590.6786525325344,0.0,274.0,0.0
2024-11-04 18:00:00,585.5678231287325,0.0,251.0,0.0
2024-11-04 18:30:00,515.2863755682907,0.0,214.0,0.0
2024-11-04 19:00:00,605.1200728603083,0.0,232.0,0.0
2024-11-04 19:30:00,723.8420066538807,0.0,282.0,0.0
2024-11-04 20:00:00,789.6683232815662,0.0,304.0,0.0
2024-11-04 20:30:00,579.5309473576737,0.0,238.0,0.0
2024-11-04 21:00:00,634.788790483813,0.0,265.0,0.0
2024-11-04 21:30:00,686.8079028381635,0.0,273.0,0.0
2024-11-04 22:00:00,620.8830285998633,0.0,254.0,0.0
2024-11-04 22:30:00,533.3253151931765,0.0,200.0,0.0
2024-11-04 23:00:00,641.4182806165601,0.0,240.0,0.0
2024-11-04 23:30:00,573.3514629245223,0.0,243.0,0.0
2024-11-05 00:00:00,150.3888367104164,0.0,69.0,0.0
2024-11-05 00:30:00,148.301388852005,0.0,68.0,0.0
2024-11-05 01:00:00,132.47289120003046,0.0,65.0,0.0
2024-11-05 01:30:00,143.1393470503168,0.0,67.0,0.0
2024-11-05 02:00:00,135.73702907502323,0.0,69.0,0.0
2024-11-05 02:30:00,141.55367950705184,0.0,64.0,0.0
2024-11-05 03:00:00,131.0638539955514,0.0,63.0,0.0
2024-11-05 03:30:00,140.4028484197219,0.0,63.0,0.0
2024-11-05 04:00:00,127.74320888282287,0.0,65.0,0.0
2024-11-05 04:30:00,131.72930506528127,0.0,66.0,0.0
2024-11-05 05:00:00,136.88854957050845,0.0,66.0,0.0
2024-11-05 05:30:00,142.19164372800083,0.0,66.0,0.0
2024-11-05 06:00:00,144.42961498282727,0.0,65.0,0.0
2024-11-05 06:30:00,131.57156886456494,0.0,62.0,0.0
2024-11-05 07:00:00,148.8788308378887,0.0,61.0,0.0
2024-11-05 07:30:00,155.27802267647527,0.0,62.0,0.0
2024-11-05 08:00:00,168.34706685883418,0.0,57.00000000000001,0.0
2024-11-05 08:30:00,155.91201726387592,0.0,58.0,0.0
2024-11-05 09:00:00,168.08888047224488,0.0,60.0,0.0
2024-11-05 09:30:00,140.89563122700642,0.0,58.00000000000001,0.0
2024-11-05 10:00:00,143.9573077406391,0.0,57.0,0.0
2024-11-05 10:30:00,152.96794238885562,0.0,55.99999999999999,0.0
2024-11-05 11:00:00,143.44571937050878,0.0,59.0,0.0
2024-11-05 11:30:00,159.89194807845234,0.0,61.0,0.0
2024-11-05 12:00:00,166.81262934596185,0.0,63.99999999999999,0.0
2024-11-05 12:30:00,182.16641609952947,0.0,68.0,0.0
2024-11-05 13:00:00,223.92881504705957,0.0,80.0,0.0
2024-11-05 13:30:00,221.86205457735053,0.0,71.0,0.0
2024-11-05 14:00:00,213.3922780896261,0.0,67.0,0.0
2024-11-05 14:30:00,232.12929323896532,0.0,77.0,0.0
2024-11-05 15:00:00,231.45547145496138,0.0,76.0,0.0
2024-11-05 15:30:00,221.78386699874528,0.0,73.0,0.0
2024-11-05 16:00:00,238.61302087521673,0.0,72.0,0.0
2024-11-05 16:30:00,198.6287018495848,0.0,65.0,0.0
2024-11-05 17:00:00,222.53507936379302,0.0,66.0,0.0
2024-11-05 17:30:00,183.82414436471777,0.0,68.0,0.0
2024-11-05 18:00:00,168.27009436882,0.0,70.0,0.0
2024-11-05 18:30:00,172.2292385242001,0.0,70.0,0.0
2024-11-05 19:00:00,166.47283164545163,0.0,65.0,0.0
2024-11-05 19:30:00,157.21553921041595,0.0,72.0,0.0
2024-11-05 20:00:00,165.04693231731287,0.0,70.0,0.0
2024-11-05 20:30:00,165.00312699600693,0.0,72.0,0.0
2024-11-05 21:00:00,161.16822372289494,0.0,71.0,0.0
2024-11-05 21:30:00,170.74129737946038,0.0,78.0,0.0
2024-11-05 22:00:00,185.48138358769233,0.0,76.0,0.0
2024-11-05 22:30:00,175.74955020956267,0.0,78.0,0.0
2024-11-05 23:00:00,178.63937150860784,0.0,78.0,0.0
2024-11-05 23:30:00,181.64622579344962,0.0,81.0,0.0
2024-11-06 00:00:00,739.822953368338,0.0,280.0,0.0
2024-11-06 00:30:00,692.2769476730575,0.0,270.0,0.0
2024-11-06 01:00:00,828.0183772382992,0.0,345.0,0.0
2024-11-06 01:30:00,786.5792826435775,0.0,308.0,0.0
2024-11-06 02:00:00,740.3397408109113,0.0,277.0,0.0
2024-11-06 02:30:00,677.1694673830079,0.0,285.0,0.0
2024-11-06 03:00:00,624.2456953978025,0.0,288.0,0.0
2024-11-06 03:30:00,716.8978956271767,0.0,311.0,0.0
2024-11-06 04:00:00,736.8402641993243,0.0,308.0,0.0
2024-11-06 04:30:00,707.7356269698639,0.0,299.0,0.0
2024-11-06 05:00:00,688.7113808021275,0.0,295.0,0.0
2024-11-06 05:30:00,678.3722714359384,0.0,278.0,0.0
2024-11-06 06:00:00,651.8365667092228,0.0,277.0,0.0
2024-11-06 06:30:00,712.2319442436008,0.0,291.0,0.0
2024-11-06 07:00:00,619.0364750870516,0.0,274.0,0.0
2024-11-06 07:30:00,684.797598097003,0.0,302.0,0.0
2024-11-06 08:00:00,717.8011776945921,0.0,301.0,0.0
2024-11-06 08:30:00,703.5139797244151,0.0,295.0,0.0
2024-11-06 09:00:00,661.184258928738,0.0,246.0,0.0
2024-11-06 09:30:00,640.0678580683085,0.0,280.0,0.0
2024-11-06 10:00:00,683.2680121976351,0.0,290.0,0.0
2024-11-06 10:30:00,761.039245370119,0.0,280.0,0.0
2024-11-06 11:00:00,607.3538700314059,0.0,236.0,0.0
2024-11-06 11:30:00,593.2957850795119,0.0,221.0,0.0
2024-11-06 12:00:00,596.4311570522107,0.0,244.0,0.0
2024-11-06 12:30:00,620.7177812311179,0.0,232.0,0.0
2024-11-06 13:00:00,623.234026756336,0.0,215.0,0.0
2024-11-06 13:30:00,720.553936492865,0.0,280.0,0.0
2024-11-06 14:00:00,853.5705459544827,0.0,327.0,0.0
2024-11-06 14:30:00,834.288473837636,0.0,346.0,0.0
2024-11-06 15:00:00,682.5621709538245,0.0,275.0,0.0
2024-11-06 15:30:00,674.3154588093028,0.0,279.0,0.0
2024-11-06 16:00:00,874.0890062594905,0.0,335.0,0.0
2024-11-06 16:30:00,913.3502982940299,0.0,378.0,0.0
2024-11-06 17:00:00,709.7913633912036,0.0,296.0,0.0
2024-11-06 17:30:00,646.6753512446764,0.0,247.00000000000003,0.0
2024-11-06 18:00:00,658.586852326418,0.0,268.0,0.0
2024-11-06 18:30:00,749.0779324584216,0.0,334.0,0.0
2024-11-06 19:00:00,800.9115160922294,0.0,342.0,0.0
2024-11-06 19:30:00,739.7851801010287,0.0,302.0,0.0
2024-11-06 20:00:00,647.3566125909417,0.0,267.0,0.0
2024-11-06 20:30:00,697.7366392878174,0.0,293.0,0.0
2024-11-06 21:00:00,803.4770977557865,0.0,358.0,0.0
2024-11-06 21:30:00,787.0469265578281,0.0,311.0,0.0
2024-11-06 22:00:00,684.883541419602,0.0,273.0,0.0
2024-11-06 22:30:00,668.3317378880677,0.0,271.0,0.0
2024-11-06 23:00:00,698.7177685347823,0.0,269.0,0.0
2024-11-06 23:30:00,821.4589581062077,0.0,336.0,0.0
2024-11-07 00:00:00,721.1109292102518,0.0,293.0,0.0
2024-11-07 00:30:00,860.50779491086,0.0,351.0,0.0
2024-11-07 01:00:00,855.121306011505,0.0,357.0,0.0
2024-11-07 01:30:00,707.9117404992691,0.0,282.0,0.0
2024-11-07 02:00:00,656.5253659149561,0.0,293.0,0.0
2024-11-07 02:30:00,770.3444085415352,0.0,326.0,0.0
2024-11-07 03:00:00,914.7072403510529,0.0,383.0,0.0
2024-11-07 03:30:00,774.2853321361147,0.0,316.0,0.0
2024-11-07 04:00:00,690.0584092174217,0.0,290.0,0.0
2024-11-07 04:30:00,657.8644914822745,0.0,277.0,0.0
2024-11-07 05:00:00,992.2868087562514,0.0,355.0,0.0
2024-11-07 05:30:00,779.7759390190204,0.0,324.0,0.0
2024-11-07 06:00:00,720.6576515592183,0.0,305.0,0.0
2024-11-07 06:30:00,779.9131763293282,0.0,263.0,0.0
2024-11-07 07:00:00,699.1950744629469,0.0,300.0,0.0
2024-11-07 07:30:00,615.9036895235705,0.0,253.0,0.0
2024-11-07 08:00:00,737.8415483643971,0.0,272.0,0.0
2024-11-07 08:30:00,679.6503404472161,0.0,285.0,0.0
2024-11-07 09:00:00,734.9116938763336,0.0,279.0,0.0
2024-11-07 09:30:00,662.5666664432505,0.0,277.0,0.0
2024-11-07 10:00:00,647.0026527885141,0.0,265.0,0.0
2024-11-07 10:30:00,898.1093098519276,0.0,325.0,0.0
2024-11-07 11:00:00,767.5278152805666,0.0,303.0,0.0
2024-11-07 11:30:00,685.2609703844967,0.0,266.0,0.0
2024-11-07 12:00:00,650.136969603927,0.0,241.99999999999997,0.0
2024-11-07 12:30:00,778.1937746201775,0.0,309.0,0.0
2024-11-07 13:00:00,845.1891993571081,0.0,343.0,0.0
2024-11-07 13:30:00,720.8269989434705,0.0,246.00000000000003,0.0
2024-11-07 14:00:00,660.9227762784637,0.0,233.99999999999997,0.0
2024-11-07 14:30:00,724.4467820998301,0.0,252.00000000000003,0.0
2024-11-07 15:00:00,681.2583936338176,0.0,237.0,0.0
2024-11-07 15:30:00,773.6944800227076,0.0,290.0,0.0
2024-11-07 16:00:00,859.0680586457759,0.0,351.0,0.0
2024-11-07 16:30:00,793.2057705100347,0.0,328.0,0.0
2024-11-07 17:00:00,591.757775829658,0.0,245.0,0.0
2024-11-07 17:30:00,639.4670612150193,0.0,259.0,0.0
2024-11-07 18:00:00,755.6657389571994,0.0,294.0,0.0
2024-11-07 18:30:00,798.1130750104646,0.0,318.0,0.0
2024-11-07 19:00:00,682.9900384806504,0.0,283.0,0.0
2024-11-07 19:30:00,583.3908683077124,0.0,241.0,0.0
2024-11-07 20:00:00,657.7677931938058,0.0,265.0,0.0
2024-11-07 20:30:00,741.9193815983556,0.0,280.0,0.0
2024-11-07 21:00:00,827.992728951727,0.0,326.0,0.0
2024-11-07 21:30:00,677.4881392722593,0.0,274.0,0.0
2024-11-07 22:00:00,811.0180142496051,0.0,294.0,0.0
2024-11-07 22:30:00,686.9416356319277,0.0,289.0,0.0
2024-11-07 23:00:00,674.9691220733137,0.0,274.0,0.0
2024-11-07 23:30:00,797.1402658039667,0.0,350.0,0.0
2024-11-08 00:00:00,620.1838602909245,0.0,258.0,0.0
2024-11-08 00:30:00,702.8792474249296,0.0,246.0,0.0
2024-11-08 01:00:00,691.2246161359786,0.0,261.0,0.0
2024-11-08 01:30:00,706.559176142461,0.0,288.0,0.0
2024-11-08 02:00:00,976.6727046429661,0.0,362.0,0.0
2024-11-08 02:30:00,884.3886896532906,0.0,311.0,0.0
2024-11-08 03:00:00,801.1074796714231,0.0,296.0,0.0
2024-11-08 03:30:00,724.2936437801135,0.0,286.0,0.0
2024-11-08 04:00:00,782.2348896530865,0.0,286.0,0.0
2024-11-08 04:30:00,1068.5911528757165,0.0,396.0,0.0
2024-11-08 05:00:00,813.520490429637,0.0,312.0,0.0
2024-11-08 05:30:00,714.6745837473285,0.0,289.0,0.0
2024-11-08 06:00:00,713.8820974426752,0.0,285.0,0.0
2024-11-08 06:30:00,779.7628912413201,0.0,283.0,0.0
2024-11-08 07:00:00,945.3835475812435,0.0,362.0,0.0
2024-11-08 07:30:00,849.9650045384014,0.0,332.0,0.0
2024-11-08 08:00:00,696.4605633855123,0.0,276.0,0.0
2024-11-08 08:30:00,771.1214889465257,0.0,255.99999999999997,0.0
2024-11-08 09:00:00,815.381782430795,0.0,297.0,0.0
2024-11-08 09:30:00,1011.2843129357177,0.0,350.0,0.0
2024-11-08 10:00:00,852.7211330515577,0.0,285.0,0.0
2024-11-08 10:30:00,738.129263484579,0.0,273.0,0.0
2024-11-08 11:00:00,731.6051282182575,0.0,258.0,0.0
2024-11-08 11:30:00,843.1619142086274,0.0,323.0,0.0
2024-11-08 12:00:00,806.8747799318622,0.0,288.0,0.0
2024-11-08 12:30:00,799.0702970405729,0.0,269.0,0.0
2024-11-08 13:00:00,809.9190450058521,0.0,310.0,0.0
2024-11-08 13:30:00,1016.9605256850388,0.0,350.0,0.0
2024-11-08 14:00:00,819.9349858919045,0.0,267.0,0.0
2024-11-08 14:30:00,810.4762461988478,0.0,281.0,0.0
2024-11-08 15:00:00,770.3492558276332,0.0,262.0,0.0
2024-11-08 15:30:00,781.5978233953739,0.0,264.0,0.0
2024-11-08 16:00:00,843.5062884578496,0.0,294.0,0.0
2024-11-08 16:30:00,1021.7388569586151,0.0,345.0,0.0
2024-11-08 17:00:00,846.250903265358,0.0,286.0,0.0
2024-11-08 17:30:00,699.1787701563462,0.0,253.0,0.0
2024-11-08 18:00:00,801.3663943493794,0.0,275.0,0.0
2024-11-08 18:30:00,920.3423152836127,0.0,321.0,0.0
2024-11-08 19:00:00,1044.8821157846442,0.0,377.0,0.0
2024-11-08 19:30:00,699.0397774503929,0.0,279.0,0.0
2024-11-08 20:00:00,724.0320514716838,0.0,266.0,0.0
2024-11-08 20:30:00,725.0902402144895,0.0,274.0,0.0
2024-11-08 21:00:00,860.7867099445562,0.0,349.0,0.0
2024-11-08 21:30:00,922.3861158441055,0.0,355.0,0.0
2024-11-08 22:00:00,703.1813076002919,0.0,290.0,0.0
2024-11-08 22:30:00,769.0538421903816,0.0,284.0,0.0
2024-11-08 23:00:00,769.8958420123306,0.0,289.0,0.0
2024-11-08 23:30:00,855.5175780132608,0.0,361.0,0.0
2024-11-09 00:00:00,1163.3555998636698,0.0,435.0,0.0
2024-11-09 00:30:00,1152.5406240165767,0.0,435.0,0.0
2024-11-09 01:00:00,1321.6967688489015,0.0,536.0,0.0
2024-11-09 01:30:00,1411.5004446721016,0.0,553.0,0.0
2024-11-09 02:00:00,1236.0957829331464,0.0,545.0,0.0
2024-11-09 02:30:00,1307.2574775691758,0.0,519.0,0.0
2024-11-09 03:00:00,1003.8231115584597,0.0,399.0,0.0
2024-11-09 03:30:00,943.997354893429,0.0,382.0,0.0
2024-11-09 04:00:00,1010.4723846689452,0.0,439.0,0.0
2024-11-09 04:30:00,1069.2318992217934,0.0,467.0,0.0
2024-11-09 05:00:00,1183.4411090043327,0.0,453.0,0.0
2024-11-09 05:30:00,1289.1925370089843,0.0,552.0,0.0
2024-11-09 06:00:00,1109.140202691636,0.0,458.0,0.0
2024-11-09 06:30:00,956.0432611301956,0.0,427.0,0.0
2024-11-09 07:00:00,1045.9020382751705,0.0,426.0,0.0
2024-11-09 07:30:00,1100.128888798245,0.0,417.0,0.0
2024-11-09 08:00:00,1089.685631592936,0.0,523.0,0.0
2024-11-09 08:30:00,1597.8325031146833,0.0,626.0,0.0
2024-11-09 09:00:00,1498.6010158729073,0.0,640.0,0.0
2024-11-09 09:30:00,1204.2763750902386,0.0,503.0,0.0
2024-11-09 10:00:00,1119.8891243878843,0.0,449.99999999999994,0.0
2024-11-09 10:30:00,1138.7764348592132,0.0,465.0,0.0
2024-11-09 11:00:00,1394.4580111574394,0.0,555.0,0.0
2024-11-09 11:30:00,1626.6043915459811,0.0,623.0,0.0
2024-11-09 12:00:00,1475.5674131076335,0.0,574.0,0.0
2024-11-09 12:30:00,1183.541683884647,0.0,430.0,0.0
2024-11-09 13:00:00,1164.8883559875126,0.0,474.0,0.0
2024-11-09 13:30:00,1493.0021701930132,0.0,548.0,0.0
2024-11-09 14:00:00,1347.879222788666,0.0,551.0,0.0
2024-11-09 14:30:00,1206.3970292857468,0.0,552.0,0.0
2024-11-09 15:00:00,1639.7119440313295,0.0,569.0,0.0
2024-11-09 15:30:00,1179.1567382713242,0.0,501.0,0.0
2024-11-09 16:00:00,1410.0969396252262,0.0,556.0,0.0
2024-11-09 16:30:00,1225.7599194795685,0.0,493.0,0.0
2024-11-09 17:00:00,1162.4984684037609,0.0,445.0,0.0
2024-11-09 17:30:00,1231.7177823466134,0.0,516.0,0.0
2024-11-09 18:00:00,1508.236943968883,0.0,592.0,0.0
2024-11-09 18:30:00,1383.1356480336672,0.0,591.0,0.0
2024-11-09 19:00:00,1369.8027490190586,0.0,528.0,0.0
2024-11-09 19:30:00,1150.8503078368333,0.0,468.0,0.0
2024-11-09 20:00:00,1119.643744485487,0.0,424.0,0.0
2024-11-09 20:30:00,1016.9062392113985,0.0,450.0,0.0
2024-11-09 21:00:00,1327.4957251652902,0.0,545.0,0.0
2024-11-09 21:30:00,1487.3475134741507,0.0,592.0,0.0
2024-11-09 22:00:00,1448.192839835241,0.0,587.0,0.0
2024-11-09 22:30:00,1381.3926632770406,0.0,549.0,0.0
2024-11-09 23:00:00,1166.0296786897768,0.0,494.0,0.0
2024-11-09 23:30:00,1197.7446148354263,0.0,495.0,0.0
2024-11-10 00:00:00,831.6807972259711,0.0,321.0,0.0
2024-11-10 00:30:00,698.8536799526495,0.0,282.0,0.0
2024-11-10 01:00:00,700.0603652659466,0.0,237.99999999999997,0.0
2024-11-10 01:30:00,552.4560862745922,0.0,238.0,0.0
2024-11-10 02:00:00,781.3610397601498,0.0,307.0,0.0
2024-11-10 02:30:00,767.7259408823068,0.0,333.0,0.0
2024-11-10 03:00:00,712.9215880821539,0.0,298.0,0.0
2024-11-10 03:30:00,591.732197758123,0.0,245.0,0.0
2024-11-10 04:00:00,577.8134006252917,0.0,260.0,0.0
2024-11-10 04:30:00,724.3556486181354,0.0,310.0,0.0
2024-11-10 05:00:00,745.8929003533696,0.0,347.0,0.0
2024-11-10 05:30:00,706.9844422233938,0.0,293.0,0.0
2024-11-10 06:00:00,580.0530074890484,0.0,263.0,0.0
2024-11-10 06:30:00,606.2460056021671,0.0,288.0,0.0
2024-11-10 07:00:00,743.409302410272,0.0,327.0,0.0
2024-11-10 07:30:00,758.9557440427494,0.0,323.0,0.0
2024-11-10 08:00:00,588.6322532210377,0.0,224.0,0.0
2024-11-10 08:30:00,607.0365665854838,0.0,233.0,0.0
2024-11-10 09:00:00,657.4046819214923,0.0,236.0,0.0
2024-11-10 09:30:00,789.9794142135387,0.0,309.0,0.0
2024-11-10 10:00:00,689.07774953295,0.0,284.0,0.0
2024-11-10 10:30:00,552.3429367991341,0.0,238.0,0.0
2024-11-10 11:00:00,615.4025621096514,0.0,252.0,0.0
2024-11-10 11:30:00,608.8892366138725,0.0,256.0,0.0
2024-11-10 12:00:00,658.1720605500368,0.0,300.0,0.0
2024-11-10 12:30:00,749.8238663378679,0.0,313.0,0.0
2024-11-10 13:00:00,626.0769227077393,0.0,257.0,0.0
2024-11-10 13:30:00,597.7039777228333,0.0,246.0,0.0
2024-11-10 14:00:00,584.8838082958421,0.0,269.0,0.0
2024-11-10 14:30:00,634.7432728667578,0.0,251.0,0.0
2024-11-10 15:00:00,712.4975731413103,0.0,300.0,0.0
2024-11-10 15:30:00,728.3655531348867,0.0,308.0,0.0
2024-11-10 16:00:00,650.5057928372296,0.0,281.0,0.0
2024-11-10 16:30:00,618.6980516355992,0.0,286.0,0.0
2024-11-10 17:00:00,610.6243958422741,0.0,282.0,0.0
2024-11-10 17:30:00,803.0745304259644,0.0,344.0,0.0
2024-11-10 18:00:00,672.0384080226081,0.0,279.0,0.0
2024-11-10 18:30:00,616.8562566397628,0.0,274.0,0.0
2024-11-10 19:00:00,608.5666689138533,0.0,250.0,0.0
2024-11-10 19:30:00,620.1348191237474,0.0,278.0,0.0
2024-11-10 20:00:00,859.0275406551309,0.0,336.0,0.0
2024-11-10 20:30:00,769.7828247240699,0.0,315.0,0.0
2024-11-10 21:00:00,635.8219432881943,0.0,286.0,0.0
2024-11-10 21:30:00,603.7898340969622,0.0,260.0,0.0
2024-11-10 22:00:00,727.6441458901414,0.0,305.0,0.0
2024-11-10 22:30:00,850.6466869629376,0.0,315.0,0.0
2024-11-10 23:00:00,696.552968698544,0.0,303.0,0.0
2024-11-10 23:30:00,678.5416409399731,0.0,264.0,0.0
2024-11-11 00:00:00,574.0713983453433,0.0,192.99999999999997,0.0
2024-11-11 00:30:00,671.493074784865,0.0,282.0,0.0
2024-11-11 01:00:00,733.6418383241893,0.0,279.0,0.0
2024-11-11 01:30:00,685.6355034391481,0.0,278.0,0.0
2024-11-11 02:00:00,632.7370994371206,0.0,250.0,0.0
2024-11-11 02:30:00,623.7228440647606,0.0,260.0,0.0
2024-11-11 03:00:00,634.1829509830056,0.0,273.0,0.0
2024-11-11 03:30:00,637.7541082303602,0.0,229.0,0.0
2024-11-11 04:00:00,618.4199709099702,0.0,255.0,0.0
2024-11-11 04:30:00,584.9811004064993,0.0,267.0,0.0
2024-11-11 05:00:00,631.6432933421345,0.0,277.0,0.0
2024-11-11 05:30:00,715.198346890939,0.0,298.0,0.0
2024-11-11 06:00:00,693.7303282409962,0.0,277.0,0.0
2024-11-11 06:30:00,585.6701074024743,0.0,222.0,0.0
2024-11-11 07:00:00,530.175169717549,0.0,220.0,0.0
2024-11-11 07:30:00,560.5353317951525,0.0,231.0,0.0
2024-11-11 08:00:00,684.7620166342269,0.0,255.00000000000003,0.0
2024-11-11 08:30:00,690.4622291922791,0.0,262.0,0.0
2024-11-11 09:00:00,715.1457704851044,0.0,268.0,0.0
2024-11-11 09:30:00,769.473936906299,0.0,288.0,0.0
2024-11-11 10:00:00,717.0689071337184,0.0,279.0,0.0
2024-11-11 10:30:00,769.9097295108718,0.0,286.0,0.0
2024-11-11 11:00:00,813.8083509652072,0.0,294.0,0.0
2024-11-11 11:30:00,888.0434290637097,0.0,326.0,0.0
2024-11-11 12:00:00,731.599355956523,0.0,261.0,0.0
2024-11-11 12:30:00,687.7219967308183,0.0,253.00000000000003,0.0
2024-11-11 13:00:00,763.3407040979423,0.0,280.0,0.0
2024-11-11 13:30:00,892.6747473582266,0.0,353.0,0.0
2024-11-11 14:00:00,669.2538782947181,0.0,237.0,0.0
2024-11-11 14:30:00,634.4881582359927,0.0,255.0,0.0
2024-11-11 15:00:00,725.8371248260896,0.0,255.0,0.0
2024-11-11 15:30:00,761.372735656642,0.0,278.0,0.0
2024-11-11 16:00:00,758.2646453958349,0.0,277.0,0.0
2024-11-11 16:30:00,687.0102829356404,0.0,287.0,0.0
2024-11-11 17:00:00,942.3367780902842,0.0,339.0,0.0
2024-11-11 17:30:00,1082.7707804000597,0.0,453.0,0.0
2024-11-11 18:00:00,1036.1058325217537,0.0,400.0,0.0
2024-11-11 18:30:00,1038.106262503443,0.0,371.0,0.0
2024-11-11 19:00:00,882.6669088066612,0.0,334.0,0.0
2024-11-11 19:30:00,908.5861204858476,0.0,312.0,0.0
2024-11-11 20:00:00,847.8265552352887,0.0,364.0,0.0
2024-11-11 20:30:00,1206.8490414655878,0.0,398.0,0.0
2024-11-11 21:00:00,1063.834165958659,0.0,414.0,0.0
2024-11-11 21:30:00,884.8296173297888,0.0,347.0,0.0
2024-11-11 22:00:00,938.0649609600061,0.0,337.0,0.0
2024-11-11 22:30:00,921.5034361715532,0.0,371.0,0.0
2024-11-11 23:00:00,1109.8988177136869,0.0,446.0,0.0
2024-11-11 23:30:00,1006.0462852220194,0.0,368.0,0.0
2024-11-12 00:00:00,101.49987402580422,0.0,57.99999999999999,0.0
2024-11-12 00:30:00,105.04549982130548,0.0,58.0,0.0
2024-11-12 01:00:00,104.66054759146019,0.0,57.99999999999999,0.0
2024-11-12 01:30:00,93.30805255641933,0.0,55.0,0.0
2024-11-12 02:00:00,100.83277468307838,0.0,55.0,0.0
2024-11-12 02:30:00,106.06607173019226,0.0,58.00000000000001,0.0
2024-11-12 03:00:00,103.05296864268047,0.0,59.0,0.0
2024-11-12 03:30:00,102.8610577804594,0.0,57.0,0.0
2024-11-12 04:00:00,105.892956579026,0.0,56.0,0.0
2024-11-12 04:30:00,104.37845580826317,0.0,54.0,0.0
2024-11-12 05:00:00,103.45956844997801,0.0,56.00000000000001,0.0
2024-11-12 05:30:00,107.87360372076589,0.0,55.99999999999999,0.0
2024-11-12 06:00:00,114.50167506921215,0.0,55.0,0.0
2024-11-12 06:30:00,99.51922392495325,0.0,52.0,0.0
2024-11-12 07:00:00,109.01975310390628,0.0,49.0,0.0
2024-11-12 07:30:00,136.3330046304854,0.0,53.0,0.0
2024-11-12 08:00:00,223.1408953734499,0.0,70.0,0.0
2024-11-12 08:30:00,238.26461080146086,0.0,74.0,0.0
2024-11-12 09:00:00,304.62544932841473,0.0,116.0,0.0
2024-11-12 09:30:00,348.02817859288007,0.0,130.0,0.0
2024-11-12 10:00:00,319.8865297428017,0.0,120.0,0.0
2024-11-12 10:30:00,317.99241391953484,0.0,116.0,0.0
2024-11-12 11:00:00,312.71192775199,0.0,113.0,0.0
2024-11-12 11:30:00,326.99565578814617,0.0,113.99999999999999,0.0
2024-11-12 12:00:00,363.4698496733007,0.0,112.0,0.0
2024-11-12 12:30:00,330.8123582518778,0.0,115.0,0.0
2024-11-12 13:00:00,356.57280719939536,0.0,117.0,0.0
2024-11-12 13:30:00,330.9762381759413,0.0,115.0,0.0
2024-11-12 14:00:00,354.3444815064324,0.0,111.00000000000001,0.0
2024-11-12 14:30:00,332.48945205668014,0.0,115.0,0.0
2024-11-12 15:00:00,345.08552453002136,0.0,117.0,0.0
2024-11-12 15:30:00,345.32012598159827,0.0,118.0,0.0
2024-11-12 16:00:00,381.1133092874655,0.0,115.99999999999999,0.0
2024-11-12 16:30:00,361.51725753392043,0.0,118.00000000000001,0.0
2024-11-12 17:00:00,353.8010633667702,0.0,125.00000000000001,0.0
2024-11-12 17:30:00,379.1879750771594,0.0,127.0,0.0
2024-11-12 18:00:00,383.46638909050955,0.0,117.0,0.0
2024-11-12 18:30:00,307.9975213069403,0.0,113.00000000000001,0.0
2024-11-12 19:00:00,307.65058087838884,0.0,110.0,0.0
2024-11-12 19:30:00,325.3599554843178,0.0,123.99999999999999,0.0
2024-11-12 20:00:00,335.24965809544335,0.0,133.0,0.0
2024-11-12 20:30:00,349.6049169304881,0.0,145.0,0.0
2024-11-12 21:00:00,352.1628289291529,0.0,140.0,0.0
2024-11-12 21:30:00,472.35320416776847,0.0,188.0,0.0
2024-11-12 22:00:00,600.4212900972357,0.0,255.0,0.0
2024-11-12 22:30:00,547.939310706507,0.0,222.0,0.0
2024-11-12 23:00:00,494.20871687102056,0.0,193.0,0.0
2024-11-12 23:30:00,483.0598433980704,0.0,197.0,0.0
2024-11-13 00:00:00,651.3119573091124,0.0,283.0,0.0
2024-11-13 00:30:00,608.4274844540165,0.0,269.0,0.0
2024-11-13 01:00:00,628.7723952396764,0.0,280.0,0.0
2024-11-13 01:30:00,842.838555449135,0.0,353.0,0.0
2024-11-13 02:00:00,847.2977075972931,0.0,336.0,0.0
2024-11-13 02:30:00,641.0443910984304,0.0,276.0,0.0
2024-11-13 03:00:00,652.104794329136,0.0,275.0,0.0
2024-11-13 03:30:00,658.9937950367304,0.0,268.0,0.0
2024-11-13 04:00:00,653.5213040164308,0.0,283.0,0.0
2024-11-13 04:30:00,640.422237233,0.0,277.0,0.0
2024-11-13 05:00:00,878.9965361943122,0.0,338.0,0.0
2024-11-13 05:30:00,851.0425728263912,0.0,355.0,0.0
2024-11-13 06:00:00,769.7173416008583,0.0,294.0,0.0
2024-11-13 06:30:00,646.0768584107058,0.0,290.0,0.0
2024-11-13 07:00:00,710.2136652927381,0.0,292.0,0.0
2024-11-13 07:30:00,794.512539226306,0.0,325.0,0.0
2024-11-13 08:00:00,865.2940859317041,0.0,357.0,0.0
2024-11-13 08:30:00,756.4425773275616,0.0,286.0,0.0
2024-11-13 09:00:00,700.4037844678517,0.0,295.0,0.0
2024-11-13 09:30:00,653.175779853272,0.0,304.0,0.0
2024-11-13 10:00:00,765.5160180028292,0.0,390.00000000000006,0.0
2024-11-13 10:30:00,887.3365455719286,0.0,337.0,0.0
2024-11-13 11:00:00,788.0141183103497,0.0,305.0,0.0
2024-11-13 11:30:00,767.0856381434322,0.0,290.0,0.0
2024-11-13 12:00:00,782.0639881828563,0.0,310.0,0.0
2024-11-13 12:30:00,871.0336309841762,0.0,366.0,0.0
2024-11-13 13:00:00,748.5299390712163,0.0,302.0,0.0
2024-11-13 13:30:00,713.467318246177,0.0,297.0,0.0
2024-11-13 14:00:00,634.9537051239245,0.0,272.0,0.0
2024-11-13 14:30:00,746.6918150574531,0.0,271.0,0.0
2024-11-13 15:00:00,984.9542232851016,0.0,380.0,0.0
2024-11-13 15:30:00,879.0301990788429,0.0,331.0,0.0
2024-11-13 16:00:00,765.1641466401398,0.0,305.0,0.0
2024-11-13 16:30:00,640.4416256240139,0.0,288.0,0.0
2024-11-13 17:00:00,866.123549757681,0.0,350.0,0.0
2024-11-13 17:30:00,896.2464886499232,0.0,374.0,0.0
2024-11-13 18:00:00,710.7135992865085,0.0,291.0,0.0
2024-11-13 18:30:00,669.1916415863076,0.0,266.0,0.0
2024-11-13 19:00:00,606.8809504595627,0.0,250.0,0.0
2024-11-13 19:30:00,789.5157442842979,0.0,320.0,0.0
2024-11-13 20:00:00,771.2789139785781,0.0,342.0,0.0
2024-11-13 20:30:00,729.4550635942148,0.0,286.0,0.0
2024-11-13 21:00:00,653.0727075747216,0.0,289.0,0.0
2024-11-13 21:30:00,696.6746771372354,0.0,289.0,0.0
2024-11-13 22:00:00,713.8876328355647,0.0,302.0,0.0
2024-11-13 22:30:00,678.1104143415325,0.0,267.0,0.0
2024-11-13 23:00:00,650.8616873316818,0.0,293.0,0.0
2024-11-13 23:30:00,700.309641727794,0.0,284.0,0.0
2024-11-14 00:00:00,87.18450240808353,0.0,53.0,0.0
2024-11-14 00:30:00,101.2419554893576,0.0,52.99999999999999,0.0
2024-11-14 01:00:00,98.28559715363153,0.0,53.0,0.0
2024-11-14 01:30:00,93.78166222532053,0.0,53.0,0.0
2024-11-14 02:00:00,87.55782404526313,0.0,53.99999999999999,0.0
2024-11-14 02:30:00,100.05582415078128,0.0,54.0,0.0
2024-11-14 03:00:00,91.21988119613896,0.0,53.0,0.0
2024-11-14 03:30:00,88.73940546510053,0.0,51.0,0.0
2024-11-14 04:00:00,82.89117363331229,0.0,51.00000000000001,0.0
2024-11-14 04:30:00,89.91884599722152,0.0,51.0,0.0
2024-11-14 05:00:00,88.03483283235038,0.0,52.00000000000001,0.0
2024-11-14 05:30:00,89.04782684575936,0.0,52.0,0.0
2024-11-14 06:00:00,98.47370825886306,0.0,54.00000000000001,0.0
2024-11-14 06:30:00,91.17589083817107,0.0,49.0,0.0
2024-11-14 07:00:00,117.18772680082863,0.0,49.0,0.0
2024-11-14 07:30:00,128.49825115955812,0.0,45.0,0.0
2024-11-14 08:00:00,160.09998398052022,0.0,44.0,0.0
2024-11-14 08:30:00,281.1793948448974,0.0,79.0,0.0
2024-11-14 09:00:00,342.3785013055764,0.0,113.0,0.0
2024-11-14 09:30:00,332.5006207717331,0.0,109.0,0.0
2024-11-14 10:00:00,304.4176661291999,0.0,111.0,0.0
2024-11-14 10:30:00,356.4590378117131,0.0,113.0,0.0
2024-11-14 11:00:00,334.2204611157784,0.0,115.0,0.0
2024-11-14 11:30:00,351.87019522501214,0.0,111.99999999999999,0.0
2024-11-14 12:00:00,326.228303395857,0.0,117.0,0.0
2024-11-14 12:30:00,385.1273604354138,0.0,150.0,0.0
2024-11-14 13:00:00,367.4479169061027,0.0,130.0,0.0
2024-11-14 13:30:00,353.4003311019496,0.0,126.00000000000001,0.0
2024-11-14 14:00:00,385.5811415521624,0.0,122.00000000000001,0.0
2024-11-14 14:30:00,367.29173793123573,0.0,131.0,0.0
2024-11-14 15:00:00,373.54570140765514,0.0,126.0,0.0
2024-11-14 15:30:00,349.57400532354035,0.0,125.0,0.0
2024-11-14 16:00:00,576.5131514637206,0.0,209.0,0.0
2024-11-14 16:30:00,610.748329742907,0.0,229.0,0.0
2024-11-14 17:00:00,536.637606963022,0.0,194.0,0.0
2024-11-14 17:30:00,579.1711486471269,0.0,219.0,0.0
2024-11-14 18:00:00,528.6333415347474,0.0,191.0,0.0
2024-11-14 18:30:00,578.9964098006426,0.0,218.0,0.0
2024-11-14 19:00:00,601.4260142578362,0.0,211.0,0.0
2024-11-14 19:30:00,751.3869314221785,0.0,274.0,0.0
2024-11-14 20:00:00,784.9442985078822,0.0,269.0,0.0
2024-11-14 20:30:00,518.8032034693592,0.0,186.0,0.0
2024-11-14 21:00:00,521.818799801339,0.0,182.0,0.0
2024-11-14 21:30:00,533.3261126035525,0.0,195.0,0.0
2024-11-14 22:00:00,733.498687003895,0.0,232.0,0.0
2024-11-14 22:30:00,890.1373570890097,0.0,305.0,0.0
2024-11-14 23:00:00,934.7214133813011,0.0,343.0,0.0
2024-11-14 23:30:00,831.8311448076319,0.0,291.0,0.0
2024-11-15 00:00:00,583.2021695623415,0.0,237.0,0.0
2024-11-15 00:30:00,642.2707616987814,0.0,230.0,0.0
2024-11-15 01:00:00,613.0038252819386,0.0,234.0,0.0
2024-11-15 01:30:00,579.0833757776647,0.0,217.0,0.0
2024-11-15 02:00:00,554.1446910489974,0.0,225.0,0.0
2024-11-15 02:30:00,627.1714173812318,0.0,230.0,0.0
2024-11-15 03:00:00,631.707687448395,0.0,240.0,0.0
2024-11-15 03:30:00,676.5916067095555,0.0,240.00000000000003,0.0
2024-11-15 04:00:00,666.2493060363608,0.0,258.0,0.0
2024-11-15 04:30:00,701.6859326956185,0.0,290.0,0.0
2024-11-15 05:00:00,634.1005650275556,0.0,260.0,0.0
2024-11-15 05:30:00,636.0424394424127,0.0,270.0,0.0
2024-11-15 06:00:00,750.4032979827169,0.0,267.0,0.0
2024-11-15 06:30:00,570.772892802653,0.0,254.0,0.0
2024-11-15 07:00:00,583.5963653100814,0.0,223.0,0.0
2024-11-15 07:30:00,571.1203920730075,0.0,223.0,0.0
2024-11-15 08:00:00,580.0629539690797,0.0,213.99999999999997,0.0
2024-11-15 08:30:00,666.3171106445224,0.0,261.0,0.0
2024-11-15 09:00:00,741.8317912778024,0.0,279.0,0.0
2024-11-15 09:30:00,649.9368598510216,0.0,241.99999999999997,0.0
2024-11-15 10:00:00,727.6543709251256,0.0,265.0,0.0
2024-11-15 10:30:00,774.454847118769,0.0,262.0,0.0
2024-11-15 11:00:00,653.779574331785,0.0,240.0,0.0
2024-11-15 11:30:00,625.4462404195297,0.0,234.0,0.0
2024-11-15 12:00:00,703.2368864606757,0.0,247.99999999999997,0.0
2024-11-15 12:30:00,693.6636511052319,0.0,251.0,0.0
2024-11-15 13:00:00,735.6645584271698,0.0,259.0,0.0
2024-11-15 13:30:00,710.6976555502418,0.0,280.0,0.0
2024-11-15 14:00:00,722.1428637004585,0.0,310.0,0.0
2024-11-15 14:30:00,960.4185807185995,0.0,347.0,0.0
2024-11-15 15:00:00,887.8927630147454,0.0,301.0,0.0
2024-11-15 15:30:00,872.1799532296639,0.0,311.0,0.0
2024-11-15 16:00:00,720.0321124025116,0.0,292.0,0.0
2024-11-15 16:30:00,660.5697377239629,0.0,252.0,0.0
2024-11-15 17:00:00,732.109509420049,0.0,269.0,0.0
2024-11-15 17:30:00,734.1773714961057,0.0,289.0,0.0
2024-11-15 18:00:00,657.2535783505182,0.0,258.0,0.0
2024-11-15 18:30:00,810.7381227218165,0.0,285.0,0.0
2024-11-15 19:00:00,657.9577569322602,0.0,257.0,0.0
2024-11-15 19:30:00,656.2853710166997,0.0,234.0,0.0
2024-11-15 20:00:00,593.6889237784179,0.0,252.0,0.0
2024-11-15 20:30:00,718.0646572503678,0.0,272.0,0.0
2024-11-15 21:00:00,766.8376938271821,0.0,269.0,0.0
2024-11-15 21:30:00,779.8683601186651,0.0,317.0,0.0
2024-11-15 22:00:00,841.187600530562,0.0,353.0,0.0
2024-11-15 22:30:00,844.5133330072165,0.0,341.0,0.0
2024-11-15 23:00:00,781.4592099987514,0.0,285.0,0.0
2024-11-15 23:30:00,719.5914220835441,0.0,310.0,0.0
2024-11-16 00:00:00,988.4737761133719,0.0,347.0,0.0
2024-11-16 00:30:00,915.6115465854568,0.0,333.0,0.0
2024-11-16 01:00:00,839.9903040443074,0.0,346.0,0.0
2024-11-16 01:30:00,787.805280692426,0.0,315.0,0.0
2024-11-16 02:00:00,849.2932552498601,0.0,333.0,0.0
2024-11-16 02:30:00,828.0534596649868,0.0,327.0,0.0
2024-11-16 03:00:00,784.5852417547121,0.0,334.0,0.0
2024-11-16 03:30:00,935.7252776572402,0.0,344.0,0.0
2024-11-16 04:00:00,743.0995516013945,0.0,302.0,0.0
2024-11-16 04:30:00,638.2220965857622,0.0,243.0,0.0
2024-11-16 05:00:00,686.5098324569879,0.0,253.0,0.0
2024-11-16 05:30:00,689.2470688520339,0.0,266.0,0.0
2024-11-16 06:00:00,823.6701584362124,0.0,310.0,0.0
2024-11-16 06:30:00,609.4268257780928,0.0,263.0,0.0
2024-11-16 07:00:00,545.7437229512904,0.0,219.0,0.0
2024-11-16 07:30:00,558.405007243592,0.0,232.0,0.0
2024-11-16 08:00:00,801.3243830419623,0.0,333.0,0.0
2024-11-16 08:30:00,874.9465645389441,0.0,340.0,0.0
2024-11-16 09:00:00,1048.6279482867876,0.0,421.0,0.0
2024-11-16 09:30:00,849.5104298768053,0.0,344.0,0.0
2024-11-16 10:00:00,964.8584576041102,0.0,359.0,0.0
2024-11-16 10:30:00,1116.8636035242516,0.0,441.0,0.0
2024-11-16 11:00:00,1411.5375986743147,0.0,503.0,0.0
2024-11-16 11:30:00,927.0520522371003,0.0,371.0,0.0
2024-11-16 12:00:00,1076.297119592382,0.0,387.0,0.0
2024-11-16 12:30:00,1002.7648594190227,0.0,396.0,0.0
2024-11-16 13:00:00,1355.3513322177612,0.0,537.0,0.0
2024-11-16 13:30:00,1198.0580370635419,0.0,479.0,0.0
2024-11-16 14:00:00,907.2745157078273,0.0,361.0,0.0
2024-11-16 14:30:00,1007.399330278081,0.0,364.0,0.0
2024-11-16 15:00:00,1168.257588507819,0.0,438.0,0.0
2024-11-16 15:30:00,1295.9171335939147,0.0,478.0,0.0
2024-11-16 16:00:00,1245.8494368178715,0.0,502.0,0.0
2024-11-16 16:30:00,1081.482486944047,0.0,438.0,0.0
2024-11-16 17:00:00,951.0949660321527,0.0,368.0,0.0
2024-11-16 17:30:00,990.6443639098571,0.0,396.0,0.0
2024-11-16 18:00:00,1355.80720926724,0.0,557.0,0.0
2024-11-16 18:30:00,1279.3337996565056,0.0,504.0,0.0
2024-11-16 19:00:00,1121.7977775497814,0.0,438.0,0.0
2024-11-16 19:30:00,981.0488811805576,0.0,439.0,0.0
2024-11-16 20:00:00,1141.6778033762876,0.0,456.0,0.0
2024-11-16 20:30:00,1482.0668426292204,0.0,541.0,0.0
2024-11-16 21:00:00,1302.3875974746452,0.0,482.99999999999994,0.0
2024-11-16 21:30:00,1087.3170583861622,0.0,436.0,0.0
2024-11-16 22:00:00,1029.6458782170164,0.0,393.0,0.0
2024-11-16 22:30:00,1211.9687379489037,0.0,444.0,0.0
2024-11-16 23:00:00,977.8020113341508,0.0,424.0,0.0
2024-11-16 23:30:00,1198.2545679257325,0.0,420.00000000000006,0.0
2024-11-17 00:00:00,1243.83938442904,0.0,526.0,0.0
2024-11-17 00:30:00,1331.1543034436127,0.0,568.0,0.0
2024-11-17 01:00:00,1243.7273953370463,0.0,537.0,0.0
2024-11-17 01:30:00,1022.6438362861265,0.0,427.0,0.0
2024-11-17 02:00:00,1122.4103799698867,0.0,481.0,0.0
2024-11-17 02:30:00,1077.9135289992662,0.0,427.0,0.0
2024-11-17 03:00:00,1160.7078938037025,0.0,493.0,0.0
2024-11-17 03:30:00,1118.9815973768589,0.0,473.0,0.0
2024-11-17 04:00:00,1088.6373047246213,0.0,458.0,0.0
2024-11-17 04:30:00,1054.8379178399907,0.0,455.0,0.0
2024-11-17 05:00:00,1018.1924462988247,0.0,413.0,0.0
2024-11-17 05:30:00,989.8633817214649,0.0,439.0,0.0
2024-11-17 06:00:00,1197.2672325226602,0.0,524.0,0.0
2024-11-17 06:30:00,1051.0959216043123,0.0,446.0,0.0
2024-11-17 07:00:00,1041.7884689513307,0.0,456.0,0.0
2024-11-17 07:30:00,905.8491275047395,0.0,380.0,0.0
2024-11-17 08:00:00,1093.5197048153314,0.0,484.0,0.0
2024-11-17 08:30:00,1219.8507644015679,0.0,489.0,0.0
2024-11-17 09:00:00,1218.8579470865918,0.0,507.0,0.0
2024-11-17 09:30:00,1135.4230091759082,0.0,493.0,0.0
2024-11-17 10:00:00,1208.0356304601194,0.0,474.00000000000006,0.0
2024-11-17 10:30:00,1089.5764795420973,0.0,454.00000000000006,0.0
2024-11-17 11:00:00,1114.824730190047,0.0,469.0,0.0
2024-11-17 11:30:00,1252.646063806197,0.0,534.0,0.0
2024-11-17 12:00:00,1394.4032042106928,0.0,551.0,0.0
2024-11-17 12:30:00,1430.2485122436003,0.0,542.0,0.0
2024-11-17 13:00:00,1388.471612336923,0.0,576.0,0.0
2024-11-17 13:30:00,1403.7552396592532,0.0,570.0,0.0
2024-11-17 14:00:00,1513.1749540542742,0.0,586.0,0.0
2024-11-17 14:30:00,1230.887139186073,0.0,539.0,0.0
2024-11-17 15:00:00,1419.9383890778747,0.0,524.0,0.0
2024-11-17 15:30:00,1491.590017892006,0.0,552.0,0.0
2024-11-17 16:00:00,1129.2156315102216,0.0,550.0,0.0
2024-11-17 16:30:00,1375.9491630204545,0.0,578.0,0.0
2024-11-17 17:00:00,1278.459138631341,0.0,533.0,0.0
2024-11-17 17:30:00,1286.6480720099805,0.0,543.0,0.0
2024-11-17 18:00:00,1227.1895984946354,0.0,526.0,0.0
2024-11-17 18:30:00,1308.4873239191436,0.0,523.0,0.0
2024-11-17 19:00:00,1253.3853941832494,0.0,537.0,0.0
2024-11-17 19:30:00,1169.3310122333605,0.0,529.0,0.0
2024-11-17 20:00:00,1139.4846909655307,0.0,479.99999999999994,0.0
2024-11-17 20:30:00,1014.2406752833031,0.0,414.0,0.0
2024-11-17 21:00:00,860.9011980907551,0.0,378.0,0.0
2024-11-17 21:30:00,890.7174559574423,0.0,403.0,0.0
2024-11-17 22:00:00,1046.216767778537,0.0,381.0,0.0
2024-11-17 22:30:00,810.3951282673461,0.0,314.0,0.0
2024-11-17 23:00:00,828.530594856626,0.0,335.0,0.0
2024-11-17 23:30:00,761.2418143124669,0.0,298.0,0.0
2024-11-18 00:00:00,982.6762893466771,0.0,406.0,0.0
2024-11-18 00:30:00,965.7131229082073,0.0,373.0,0.0
2024-11-18 01:00:00,965.239983242946,0.0,359.0,0.0
2024-11-18 01:30:00,963.976707935317,0.0,363.0,0.0
2024-11-18 02:00:00,910.5816584469331,0.0,343.0,0.0
2024-11-18 02:30:00,1063.910923543331,0.0,419.0,0.0
2024-11-18 03:00:00,1009.4921444506392,0.0,367.0,0.0
2024-11-18 03:30:00,981.3779775116491,0.0,370.0,0.0
2024-11-18 04:00:00,902.0715847259096,0.0,354.0,0.0
2024-11-18 04:30:00,1000.7740512133461,0.0,378.0,0.0
2024-11-18 05:00:00,1054.0544364995972,0.0,393.0,0.0
2024-11-18 05:30:00,1048.5130575427897,0.0,363.0,0.0
2024-11-18 06:00:00,977.2794004265628,0.0,360.0,0.0
2024-11-18 06:30:00,959.9162686182041,0.0,339.0,0.0
2024-11-18 07:00:00,1004.6225989755272,0.0,395.0,0.0
2024-11-18 07:30:00,985.4958207605906,0.0,371.0,0.0
2024-11-18 08:00:00,949.2057581551597,0.0,335.0,0.0
2024-11-18 08:30:00,955.6203510215684,0.0,336.0,0.0
2024-11-18 09:00:00,909.2218131701444,0.0,334.0,0.0
2024-11-18 09:30:00,1131.9218491407398,0.0,394.0,0.0
2024-11-18 10:00:00,1045.1177743874575,0.0,351.0,0.0
2024-11-18 10:30:00,953.7861740160987,0.0,353.0,0.0
2024-11-18 11:00:00,986.1164428353388,0.0,341.0,0.0
2024-11-18 11:30:00,954.8747412291337,0.0,342.0,0.0
2024-11-18 12:00:00,1063.092934045627,0.0,365.0,0.0
2024-11-18 12:30:00,826.2326539597351,0.0,310.0,0.0
2024-11-18 13:00:00,685.8085752096142,0.0,228.0,0.0
2024-11-18 13:30:00,730.1250643970491,0.0,252.00000000000003,0.0
2024-11-18 14:00:00,746.7511449637884,0.0,251.0,0.0
2024-11-18 14:30:00,933.2637616878483,0.0,343.0,0.0
2024-11-18 15:00:00,917.336131374325,0.0,357.0,0.0
2024-11-18 15:30:00,1056.6438256682559,0.0,392.0,0.0
2024-11-18 16:00:00,1159.9684723832822,0.0,417.0,0.0
2024-11-18 16:30:00,1247.2813948205273,0.0,436.0,0.0
2024-11-18 17:00:00,1050.1330797046667,0.0,327.0,0.0
2024-11-18 17:30:00,994.733261357345,0.0,343.0,0.0
2024-11-18 18:00:00,957.3267114715236,0.0,343.0,0.0
2024-11-18 18:30:00,915.594730394464,0.0,331.0,0.0
2024-11-18 19:00:00,952.7905671548152,0.0,314.0,0.0
2024-11-18 19:30:00,878.2586822607802,0.0,316.0,0.0
2024-11-18 20:00:00,900.6182705097516,0.0,312.0,0.0
2024-11-18 20:30:00,871.9081204838434,0.0,314.0,0.0
2024-11-18 21:00:00,877.2220066773406,0.0,291.0,0.0
2024-11-18 21:30:00,608.6243270242817,0.0,220.0,0.0
2024-11-18 22:00:00,420.8846717743779,0.0,173.0,0.0
2024-11-18 22:30:00,443.8652497146851,0.0,178.0,0.0
2024-11-18 23:00:00,412.22347068968304,0.0,138.0,0.0
2024-11-18 23:30:00,226.39588374400822,0.0,90.0,0.0
2024-11-19 00:00:00,709.1195555985109,0.0,273.0,0.0
2024-11-19 00:30:00,806.4989164111785,0.0,325.0,0.0
2024-11-19 01:00:00,890.0034004816932,0.0,344.0,0.0
2024-11-19 01:30:00,654.7993933212629,0.0,271.0,0.0
2024-11-19 02:00:00,690.9276591262101,0.0,282.0,0.0
2024-11-19 02:30:00,614.2439436962651,0.0,257.0,0.0
2024-11-19 03:00:00,628.5632958654578,0.0,254.0,0.0
2024-11-19 03:30:00,688.736314702403,0.0,275.0,0.0
2024-11-19 04:00:00,763.3386801848098,0.0,338.0,0.0
2024-11-19 04:30:00,816.750036307259,0.0,364.0,0.0
2024-11-19 05:00:00,848.8545338563589,0.0,336.0,0.0
2024-11-19 05:30:00,726.8396364242907,0.0,284.0,0.0
2024-11-19 06:00:00,730.4383921165044,0.0,292.0,0.0
2024-11-19 06:30:00,845.8225930043625,0.0,351.0,0.0
2024-11-19 07:00:00,876.9609334176855,0.0,347.0,0.0
2024-11-19 07:30:00,722.0598145714503,0.0,262.0,0.0
2024-11-19 08:00:00,810.4803896476765,0.0,299.0,0.0
2024-11-19 08:30:00,646.6854963038588,0.0,313.0,0.0
2024-11-19 09:00:00,867.4302279591973,0.0,383.0,0.0
2024-11-19 09:30:00,843.5836434884231,0.0,352.0,0.0
2024-11-19 10:00:00,703.0115255086606,0.0,310.0,0.0
2024-11-19 10:30:00,717.8074718096223,0.0,306.0,0.0
2024-11-19 11:00:00,737.6703912787899,0.0,313.0,0.0
2024-11-19 11:30:00,859.5724293252626,0.0,358.0,0.0
2024-11-19 12:00:00,886.5987206721618,0.0,337.0,0.0
2024-11-19 12:30:00,775.0408246639166,0.0,315.0,0.0
2024-11-19 13:00:00,704.6363924353097,0.0,280.0,0.0
2024-11-19 13:30:00,679.1342021629903,0.0,284.0,0.0
2024-11-19 14:00:00,711.1564989133755,0.0,292.0,0.0
2024-11-19 14:30:00,753.1798505128207,0.0,280.0,0.0
2024-11-19 15:00:00,651.0123865371319,0.0,290.0,0.0
2024-11-19 15:30:00,750.1819512942144,0.0,290.0,0.0
2024-11-19 16:00:00,672.2998422187101,0.0,280.0,0.0
2024-11-19 16:30:00,720.4577467775099,0.0,294.0,0.0
2024-11-19 17:00:00,787.1650877935984,0.0,326.0,0.0
2024-11-19 17:30:00,748.3618473891648,0.0,281.0,0.0
2024-11-19 18:00:00,564.8181976578469,0.0,243.0,0.0
2024-11-19 18:30:00,546.1759810156393,0.0,198.0,0.0
2024-11-19 19:00:00,619.5053235347441,0.0,260.0,0.0
2024-11-19 19:30:00,755.1505790605285,0.0,309.0,0.0
2024-11-19 20:00:00,668.623114813177,0.0,240.0,0.0
2024-11-19 20:30:00,641.3049000433858,0.0,247.0,0.0
2024-11-19 21:00:00,559.7873299440764,0.0,245.0,0.0
2024-11-19 21:30:00,568.4296191839868,0.0,245.0,0.0
2024-11-19 22:00:00,679.1526800298836,0.0,298.0,0.0
2024-11-19 22:30:00,763.0466443249632,0.0,313.0,0.0
2024-11-19 23:00:00,704.6641299939264,0.0,321.0,0.0
2024-11-19 23:30:00,641.0434621591415,0.0,294.0,0.0
2024-11-20 00:00:00,89.84563216281788,0.0,53.0,0.0
2024-11-20 00:30:00,92.32608037075777,0.0,55.0,0.0
2024-11-20 01:00:00,102.02626736378373,0.0,54.99999999999999,0.0
2024-11-20 01:30:00,100.17008032466646,0.0,54.99999999999999,0.0
2024-11-20 02:00:00,91.29854740129785,0.0,52.0,0.0
2024-11-20 02:30:00,91.5959077385826,0.0,51.00000000000001,0.0
2024-11-20 03:00:00,93.79702641910913,0.0,53.0,0.0
2024-11-20 03:30:00,90.32329730543938,0.0,53.0,0.0
2024-11-20 04:00:00,90.317779932366,0.0,55.0,0.0
2024-11-20 04:30:00,98.67592606146441,0.0,54.0,0.0
2024-11-20 05:00:00,92.94728355992767,0.0,55.0,0.0
2024-11-20 05:30:00,86.87932275339962,0.0,51.00000000000001,0.0
2024-11-20 06:00:00,91.71174854882888,0.0,50.00000000000001,0.0
2024-11-20 06:30:00,92.45231382050488,0.0,49.0,0.0
2024-11-20 07:00:00,80.1133024276826,0.0,45.0,0.0
2024-11-20 07:30:00,89.70686549479062,0.0,42.0,0.0
2024-11-20 08:00:00,79.03747400134404,0.0,35.0,0.0
2024-11-20 08:30:00,83.65575380147706,0.0,33.0,0.0
2024-11-20 09:00:00,89.80837226538767,0.0,33.0,0.0
2024-11-20 09:30:00,84.78130127968444,0.0,35.0,0.0
2024-11-20 10:00:00,87.73686462824337,0.0,35.0,0.0
2024-11-20 10:30:00,94.41515586062124,0.0,36.0,0.0
2024-11-20 11:00:00,85.95952508000862,0.0,37.0,0.0
2024-11-20 11:30:00,77.3858634580457,0.0,39.0,0.0
2024-11-20 12:00:00,81.55638913100773,0.0,41.0,0.0
2024-11-20 12:30:00,75.59540912874357,0.0,39.0,0.0
2024-11-20 13:00:00,76.1578619350872,0.0,39.0,0.0
2024-11-20 13:30:00,73.29673155184089,0.0,38.0,0.0
2024-11-20 14:00:00,75.19717007145557,0.0,36.0,0.0
2024-11-20 14:30:00,73.28089432912493,0.0,38.0,0.0
2024-11-20 15:00:00,72.17294819601676,0.0,39.0,0.0
2024-11-20 15:30:00,77.3160300976371,0.0,40.00000000000001,0.0
2024-11-20 16:00:00,74.22537234580301,0.0,39.0,0.0
2024-11-20 16:30:00,66.62419333318022,0.0,38.99999999999999,0.0
2024-11-20 17:00:00,69.30058378505672,0.0,40.0,0.0
2024-11-20 17:30:00,70.4526651214085,0.0,41.0,0.0
2024-11-20 18:00:00,71.44033398685207,0.0,42.0,0.0
2024-11-20 18:30:00,77.31962836040034,0.0,41.00000000000001,0.0
2024-11-20 19:00:00,81.6845129421694,0.0,45.0,0.0
2024-11-20 19:30:00,85.10372866166476,0.0,44.0,0.0
2024-11-20 20:00:00,85.93735234880188,0.0,43.0,0.0
2024-11-20 20:30:00,92.57940563798851,0.0,49.0,0.0
2024-11-20 21:00:00,99.90950473619384,0.0,60.00000000000001,0.0
2024-11-20 21:30:00,93.89417007003907,0.0,56.0,0.0
2024-11-20 22:00:00,94.83103640571187,0.0,53.0,0.0
2024-11-20 22:30:00,96.13516148444162,0.0,52.0,0.0
2024-11-20 23:00:00,95.69633189371733,0.0,53.0,0.0
2024-11-20 23:30:00,97.75121078253778,0.0,50.99999999999999,0.0
2024-11-21 00:00:00,594.8572877856915,0.0,243.0,0.0
2024-11-21 00:30:00,711.35089392642,0.0,274.0,0.0
2024-11-21 01:00:00,748.8298296678896,0.0,289.0,0.0
2024-11-21 01:30:00,767.3301031795669,0.0,299.0,0.0
2024-11-21 02:00:00,666.0095696187301,0.0,265.0,0.0
2024-11-21 02:30:00,657.2222403123417,0.0,257.0,0.0
2024-11-21 03:00:00,634.9910946435182,0.0,261.0,0.0
2024-11-21 03:30:00,620.885987686487,0.0,251.00000000000003,0.0
2024-11-21 04:00:00,628.6060309586964,0.0,260.0,0.0
2024-11-21 04:30:00,619.2275705729687,0.0,266.0,0.0
2024-11-21 05:00:00,638.1840225355901,0.0,256.0,0.0
2024-11-21 05:30:00,601.2350274656595,0.0,268.0,0.0
2024-11-21 06:00:00,632.2993431721284,0.0,267.0,0.0
2024-11-21 06:30:00,734.9495549967412,0.0,268.0,0.0
2024-11-21 07:00:00,829.8494480309218,0.0,317.0,0.0
2024-11-21 07:30:00,591.6180533457181,0.0,241.0,0.0
2024-11-21 08:00:00,574.4896655914107,0.0,255.00000000000003,0.0
2024-11-21 08:30:00,743.5487195677231,0.0,320.0,0.0
2024-11-21 09:00:00,761.5553171291708,0.0,315.0,0.0
2024-11-21 09:30:00,803.3085561628451,0.0,308.0,0.0
2024-11-21 10:00:00,756.2402708110453,0.0,315.0,0.0
2024-11-21 10:30:00,686.8962030635832,0.0,259.0,0.0
2024-11-21 11:00:00,717.3305468935021,0.0,271.0,0.0
2024-11-21 11:30:00,689.3743508836841,0.0,278.0,0.0
2024-11-21 12:00:00,710.5451296779651,0.0,268.0,0.0
2024-11-21 12:30:00,737.874222213761,0.0,287.0,0.0
2024-11-21 13:00:00,836.439911457726,0.0,365.0,0.0
2024-11-21 13:30:00,972.247384690073,0.0,377.0,0.0
2024-11-21 14:00:00,843.9425381121885,0.0,288.0,0.0
2024-11-21 14:30:00,859.8916248260339,0.0,335.0,0.0
2024-11-21 15:00:00,761.9778342582204,0.0,301.0,0.0
2024-11-21 15:30:00,921.3405386601697,0.0,391.0,0.0
2024-11-21 16:00:00,935.8638976777087,0.0,396.0,0.0
2024-11-21 16:30:00,742.9143452166169,0.0,332.0,0.0
2024-11-21 17:00:00,785.0675708778303,0.0,310.0,0.0
2024-11-21 17:30:00,785.4170881543477,0.0,351.0,0.0
2024-11-21 18:00:00,994.929479819124,0.0,362.0,0.0
2024-11-21 18:30:00,934.056457949379,0.0,352.0,0.0
2024-11-21 19:00:00,757.2410720378401,0.0,304.0,0.0
2024-11-21 19:30:00,699.4468474554964,0.0,314.0,0.0
2024-11-21 20:00:00,782.0298039401703,0.0,322.0,0.0
2024-11-21 20:30:00,841.3181018471951,0.0,349.0,0.0
2024-11-21 21:00:00,664.8926055640377,0.0,294.0,0.0
2024-11-21 21:30:00,642.3472837192683,0.0,287.0,0.0
2024-11-21 22:00:00,685.1613975960274,0.0,288.0,0.0
2024-11-21 22:30:00,661.4866350417267,0.0,307.0,0.0
2024-11-21 23:00:00,751.621488360023,0.0,347.0,0.0
2024-11-21 23:30:00,933.6558271502746,0.0,392.0,0.0
2024-11-22 00:00:00,725.3974049259544,0.0,258.0,0.0
2024-11-22 00:30:00,642.7813300680571,0.0,246.0,0.0
2024-11-22 01:00:00,720.9521175167068,0.0,261.0,0.0
2024-11-22 01:30:00,817.1189300559644,0.0,288.0,0.0
2024-11-22 02:00:00,1031.8529122528867,0.0,362.0,0.0
2024-11-22 02:30:00,770.5426070884839,0.0,311.0,0.0
2024-11-22 03:00:00,741.102624876308,0.0,296.0,0.0
2024-11-22 03:30:00,744.5865154513882,0.0,286.0,0.0
2024-11-22 04:00:00,746.7864661002002,0.0,286.0,0.0
2024-11-22 04:30:00,952.4806313839122,0.0,396.0,0.0
2024-11-22 05:00:00,832.8318905394738,0.0,312.0,0.0
2024-11-22 05:30:00,739.9592096019276,0.0,289.0,0.0
2024-11-22 06:00:00,807.8716061881784,0.0,285.0,0.0
2024-11-22 06:30:00,738.9340553337038,0.0,283.0,0.0
2024-11-22 07:00:00,1002.7071523595353,0.0,362.0,0.0
2024-11-22 07:30:00,840.0586876500394,0.0,332.0,0.0
2024-11-22 08:00:00,721.4384044335384,0.0,276.0,0.0
2024-11-22 08:30:00,767.043399935288,0.0,256.0,0.0
2024-11-22 09:00:00,883.7245756691581,0.0,297.0,0.0
2024-11-22 09:30:00,947.2268923232446,0.0,350.0,0.0
2024-11-22 10:00:00,803.9166476768129,0.0,285.0,0.0
2024-11-22 10:30:00,735.2600568581632,0.0,273.0,0.0
2024-11-22 11:00:00,726.6159375081622,0.0,258.0,0.0
2024-11-22 11:30:00,886.0067937675234,0.0,323.0,0.0
2024-11-22 12:00:00,774.6191231022018,0.0,288.0,0.0
2024-11-22 12:30:00,743.0806917756294,0.0,269.0,0.0
2024-11-22 13:00:00,818.5800405196164,0.0,310.0,0.0
2024-11-22 13:30:00,956.7354842095905,0.0,350.0,0.0
2024-11-22 14:00:00,848.2617121795322,0.0,267.0,0.0
2024-11-22 14:30:00,821.0829926956893,0.0,281.0,0.0
2024-11-22 15:00:00,736.8064955782232,0.0,262.0,0.0
2024-11-22 15:30:00,753.5308445290892,0.0,264.0,0.0
2024-11-22 16:00:00,762.9798521126238,0.0,294.0,0.0
2024-11-22 16:30:00,942.4855916426217,0.0,345.0,0.0
2024-11-22 17:00:00,879.1381828098043,0.0,286.0,0.0
2024-11-22 17:30:00,730.0417761498509,0.0,253.0,0.0
2024-11-22 18:00:00,835.7442966631919,0.0,275.0,0.0
2024-11-22 18:30:00,865.4642283082723,0.0,321.0,0.0
2024-11-22 19:00:00,1033.3876527383877,0.0,377.0,0.0
2024-11-22 19:30:00,779.6891359447702,0.0,279.0,0.0
2024-11-22 20:00:00,630.8997498376006,0.0,266.0,0.0
2024-11-22 20:30:00,725.4684488854434,0.0,274.0,0.0
2024-11-22 21:00:00,910.8036688470414,0.0,349.0,0.0
2024-11-22 21:30:00,1009.0918166339388,0.0,355.0,0.0
2024-11-22 22:00:00,792.9785157445417,0.0,290.0,0.0
2024-11-22 22:30:00,704.0811931412361,0.0,284.0,0.0
2024-11-22 23:00:00,810.9823681819638,0.0,289.0,0.0
2024-11-22 23:30:00,920.0031264908814,0.0,361.0,0.0
2024-11-23 00:00:00,850.0078292717319,0.0,355.0,0.0
2024-11-23 00:30:00,703.5781756555805,0.0,295.0,0.0
2024-11-23 01:00:00,733.837772906745,0.0,317.0,0.0
2024-11-23 01:30:00,825.383615573678,0.0,313.0,0.0
2024-11-23 02:00:00,666.3741320968189,0.0,273.0,0.0
2024-11-23 02:30:00,949.9648914263521,0.0,341.0,0.0
2024-11-23 03:00:00,750.5533690317174,0.0,286.0,0.0
2024-11-23 03:30:00,745.2584147572683,0.0,292.0,0.0
2024-11-23 04:00:00,725.5389890266357,0.0,282.0,0.0
2024-11-23 04:30:00,733.1625430185023,0.0,262.0,0.0
2024-11-23 05:00:00,622.3373761926155,0.0,240.0,0.0
2024-11-23 05:30:00,775.8726359219327,0.0,312.0,0.0
2024-11-23 06:00:00,977.990667285381,0.0,350.0,0.0
2024-11-23 06:30:00,667.112531233821,0.0,243.99999999999997,0.0
2024-11-23 07:00:00,603.8723186434446,0.0,228.0,0.0
2024-11-23 07:30:00,636.9017354604512,0.0,221.0,0.0
2024-11-23 08:00:00,819.4758093291853,0.0,282.0,0.0
2024-11-23 08:30:00,812.150967473172,0.0,268.0,0.0
2024-11-23 09:00:00,648.0932020421965,0.0,229.00000000000003,0.0
2024-11-23 09:30:00,776.8449254357406,0.0,234.0,0.0
2024-11-23 10:00:00,698.2791844422336,0.0,250.0,0.0
2024-11-23 10:30:00,773.9795442273024,0.0,239.99999999999997,0.0
2024-11-23 11:00:00,707.3267210388577,0.0,247.0,0.0
2024-11-23 11:30:00,741.8354334644464,0.0,248.0,0.0
2024-11-23 12:00:00,964.3591020514551,0.0,347.0,0.0
2024-11-23 12:30:00,871.419467126223,0.0,299.0,0.0
2024-11-23 13:00:00,684.056791471265,0.0,264.0,0.0
2024-11-23 13:30:00,776.9532990681452,0.0,263.0,0.0
2024-11-23 14:00:00,895.8351125264745,0.0,306.0,0.0
2024-11-23 14:30:00,992.9482605300931,0.0,375.0,0.0
2024-11-23 15:00:00,788.1553193283374,0.0,292.0,0.0
2024-11-23 15:30:00,697.3482546893193,0.0,270.0,0.0
2024-11-23 16:00:00,743.3862219792247,0.0,273.0,0.0
2024-11-23 16:30:00,890.2986032930257,0.0,311.0,0.0
2024-11-23 17:00:00,937.2225748325249,0.0,371.0,0.0
2024-11-23 17:30:00,715.0802886259262,0.0,284.0,0.0
2024-11-23 18:00:00,770.4934510859819,0.0,268.0,0.0
2024-11-23 18:30:00,750.9501204608083,0.0,276.0,0.0
2024-11-23 19:00:00,1046.7027396293188,0.0,359.0,0.0
2024-11-23 19:30:00,921.1069079208783,0.0,349.0,0.0
2024-11-23 20:00:00,737.889845334541,0.0,264.0,0.0
2024-11-23 20:30:00,710.9908728391733,0.0,270.0,0.0
2024-11-23 21:00:00,729.3587203649801,0.0,258.0,0.0
2024-11-23 21:30:00,717.9183310939712,0.0,293.0,0.0
2024-11-23 22:00:00,990.2715144453019,0.0,363.0,0.0
2024-11-23 22:30:00,962.7026438609486,0.0,351.0,0.0
2024-11-23 23:00:00,735.1782473681939,0.0,272.0,0.0
2024-11-23 23:30:00,755.5886770266881,0.0,298.0,0.0
2024-11-24 00:00:00,1160.1132835199478,0.0,486.00000000000006,0.0
2024-11-24 00:30:00,1237.272734408033,0.0,488.0,0.0
2024-11-24 01:00:00,985.0289561471818,0.0,417.0,0.0
2024-11-24 01:30:00,900.695532498785,0.0,355.0,0.0
2024-11-24 02:00:00,854.0144012224757,0.0,362.0,0.0
2024-11-24 02:30:00,840.3981726445642,0.0,322.0,0.0
2024-11-24 03:00:00,843.9134819421864,0.0,336.0,0.0
2024-11-24 03:30:00,829.1492908911896,0.0,339.0,0.0
2024-11-24 04:00:00,950.5043322715766,0.0,339.0,0.0
2024-11-24 04:30:00,743.1443975574605,0.0,295.0,0.0
2024-11-24 05:00:00,745.15604878333,0.0,305.0,0.0
2024-11-24 05:30:00,666.5161912291544,0.0,305.0,0.0
2024-11-24 06:00:00,666.4687665540112,0.0,316.0,0.0
2024-11-24 06:30:00,710.1077460053282,0.0,329.0,0.0
2024-11-24 07:00:00,663.2220239254905,0.0,263.0,0.0
2024-11-24 07:30:00,683.378664431719,0.0,276.0,0.0
2024-11-24 08:00:00,621.4175240174858,0.0,287.0,0.0
2024-11-24 08:30:00,713.4996559527832,0.0,261.0,0.0
2024-11-24 09:00:00,623.2103863535837,0.0,260.0,0.0
2024-11-24 09:30:00,636.7115003005332,0.0,292.0,0.0
2024-11-24 10:00:00,552.2682351100759,0.0,262.0,0.0
2024-11-24 10:30:00,655.1006829741282,0.0,265.0,0.0
2024-11-24 11:00:00,758.8285144862904,0.0,315.0,0.0
2024-11-24 11:30:00,563.6692850053058,0.0,249.0,0.0
2024-11-24 12:00:00,594.5187705048347,0.0,248.0,0.0
2024-11-24 12:30:00,531.5663342266332,0.0,210.0,0.0
2024-11-24 13:00:00,550.9143996867882,0.0,246.0,0.0
2024-11-24 13:30:00,651.213195888379,0.0,245.0,0.0
2024-11-24 14:00:00,626.9353424746322,0.0,242.0,0.0
2024-11-24 14:30:00,519.1426842240104,0.0,196.0,0.0
2024-11-24 15:00:00,525.1208722517332,0.0,213.0,0.0
2024-11-24 15:30:00,611.002617197691,0.0,221.99999999999997,0.0
2024-11-24 16:00:00,591.8832188844457,0.0,209.0,0.0
2024-11-24 16:30:00,545.7238954120331,0.0,216.0,0.0
2024-11-24 17:00:00,541.6963201543242,0.0,228.0,0.0
2024-11-24 17:30:00,524.1663063885835,0.0,230.0,0.0
2024-11-24 18:00:00,655.7294108603264,0.0,268.0,0.0
2024-11-24 18:30:00,604.8863899751906,0.0,261.0,0.0
2024-11-24 19:00:00,663.1679323691604,0.0,261.0,0.0
2024-11-24 19:30:00,568.5040667225924,0.0,210.99999999999997,0.0
2024-11-24 20:00:00,560.236474298283,0.0,239.0,0.0
2024-11-24 20:30:00,712.7951226748922,0.0,287.0,0.0
2024-11-24 21:00:00,854.6309419303382,0.0,320.0,0.0
2024-11-24 21:30:00,606.3309997972498,0.0,226.00000000000003,0.0
2024-11-24 22:00:00,584.9031133624308,0.0,215.0,0.0
2024-11-24 22:30:00,636.7645542787701,0.0,240.0,0.0
2024-11-24 23:00:00,726.7123705348671,0.0,299.0,0.0
2024-11-24 23:30:00,760.0458924252144,0.0,273.0,0.0
2024-11-25 00:00:00,614.2841135189626,0.0,229.0,0.0
2024-11-25 00:30:00,605.7841645901437,0.0,230.0,0.0
2024-11-25 01:00:00,666.9076766536308,0.0,271.0,0.0
2024-11-25 01:30:00,724.6153788309277,0.0,308.0,0.0
2024-11-25 02:00:00,607.1471165473272,0.0,245.0,0.0
2024-11-25 02:30:00,600.7360077836554,0.0,246.0,0.0
2024-11-25 03:00:00,626.5399721243888,0.0,232.0,0.0
2024-11-25 03:30:00,705.828993801553,0.0,301.0,0.0
2024-11-25 04:00:00,688.8823024286604,0.0,271.0,0.0
2024-11-25 04:30:00,630.3007227360422,0.0,232.0,0.0
2024-11-25 05:00:00,676.9440249212788,0.0,249.0,0.0
2024-11-25 05:30:00,619.3499618371608,0.0,255.99999999999997,0.0
2024-11-25 06:00:00,584.9859678594728,0.0,281.0,0.0
2024-11-25 06:30:00,736.7724786208049,0.0,343.0,0.0
2024-11-25 07:00:00,703.9183561210208,0.0,241.0,0.0
2024-11-25 07:30:00,637.8387939743047,0.0,273.0,0.0
2024-11-25 08:00:00,589.9190212678668,0.0,253.0,0.0
2024-11-25 08:30:00,705.1904095598177,0.0,271.0,0.0
2024-11-25 09:00:00,777.6166859268616,0.0,298.0,0.0
2024-11-25 09:30:00,686.7992576676859,0.0,295.0,0.0
2024-11-25 10:00:00,689.2301595894569,0.0,275.0,0.0
2024-11-25 10:30:00,652.0402219166997,0.0,269.0,0.0
2024-11-25 11:00:00,646.9557394077386,0.0,270.0,0.0
2024-11-25 11:30:00,607.3846908056121,0.0,241.0,0.0
2024-11-25 12:00:00,612.2903730584427,0.0,276.0,0.0
2024-11-25 12:30:00,620.3726534487566,0.0,278.0,0.0
2024-11-25 13:00:00,595.8090117749575,0.0,244.0,0.0
2024-11-25 13:30:00,717.6616084440618,0.0,292.0,0.0
2024-11-25 14:00:00,645.9296072149532,0.0,245.0,0.0
2024-11-25 14:30:00,630.3294006244666,0.0,261.0,0.0
2024-11-25 15:00:00,609.5873102796421,0.0,253.0,0.0
2024-11-25 15:30:00,599.8093808002035,0.0,267.0,0.0
2024-11-25 16:00:00,678.8287021254031,0.0,258.0,0.0
2024-11-25 16:30:00,868.6479156238203,0.0,325.0,0.0
2024-11-25 17:00:00,710.2361383266544,0.0,276.0,0.0
2024-11-25 17:30:00,702.8356567643526,0.0,282.0,0.0
2024-11-25 18:00:00,714.0279640591461,0.0,286.0,0.0
2024-11-25 18:30:00,632.5709191612578,0.0,300.0,0.0
2024-11-25 19:00:00,895.0253099847199,0.0,369.0,0.0
2024-11-25 19:30:00,932.1495412382034,0.0,319.0,0.0
2024-11-25 20:00:00,757.8726623794485,0.0,291.0,0.0
2024-11-25 20:30:00,700.780961686533,0.0,269.0,0.0
2024-11-25 21:00:00,844.3270357250575,0.0,344.0,0.0
2024-11-25 21:30:00,970.6632981726694,0.0,369.0,0.0
2024-11-25 22:00:00,790.1899636033672,0.0,297.0,0.0
2024-11-25 22:30:00,666.8449709473327,0.0,311.0,0.0
2024-11-25 23:00:00,744.5698268135116,0.0,301.0,0.0
2024-11-25 23:30:00,824.1350274979915,0.0,307.0,0.0
2024-11-26 00:00:00,877.4380103406309,0.0,327.0,0.0
2024-11-26 00:30:00,777.4623339088943,0.0,345.0,0.0
2024-11-26 01:00:00,923.5026547735671,0.0,364.0,0.0
2024-11-26 01:30:00,969.7584487733585,0.0,389.0,0.0
2024-11-26 02:00:00,946.3452659316213,0.0,350.0,0.0
2024-11-26 02:30:00,915.5127381012896,0.0,373.0,0.0
2024-11-26 03:00:00,821.0940192212884,0.0,328.0,0.0
2024-11-26 03:30:00,876.2419889889676,0.0,340.0,0.0
2024-11-26 04:00:00,865.6918020979004,0.0,367.0,0.0
2024-11-26 04:30:00,915.9412300294396,0.0,371.0,0.0
2024-11-26 05:00:00,829.0681450401455,0.0,355.0,0.0
2024-11-26 05:30:00,822.4476618358818,0.0,350.0,0.0
2024-11-26 06:00:00,848.5926876921344,0.0,348.0,0.0
2024-11-26 06:30:00,905.1230551570786,0.0,363.0,0.0
2024-11-26 07:00:00,766.0869362144099,0.0,303.0,0.0
2024-11-26 07:30:00,918.2636887205258,0.0,349.0,0.0
2024-11-26 08:00:00,968.0584329487722,0.0,371.0,0.0
2024-11-26 08:30:00,865.4063327963981,0.0,356.0,0.0
2024-11-26 09:00:00,924.7538084707347,0.0,366.0,0.0
2024-11-26 09:30:00,1060.2601089634752,0.0,459.0,0.0
2024-11-26 10:00:00,1152.806892471778,0.0,485.0,0.0
2024-11-26 10:30:00,1024.1275762443513,0.0,450.0,0.0
2024-11-26 11:00:00,1066.1061148047677,0.0,407.0,0.0
2024-11-26 11:30:00,1081.5772851117335,0.0,452.0,0.0
2024-11-26 12:00:00,1072.434800837681,0.0,421.0,0.0
2024-11-26 12:30:00,936.539800597976,0.0,399.0,0.0
2024-11-26 13:00:00,956.8869507475202,0.0,386.0,0.0
2024-11-26 13:30:00,1235.1659209432275,0.0,466.0,0.0
2024-11-26 14:00:00,1228.7615688992612,0.0,480.0,0.0
2024-11-26 14:30:00,1082.7904231994396,0.0,446.0,0.0
2024-11-26 15:00:00,880.6880063227841,0.0,339.0,0.0
2024-11-26 15:30:00,834.1687348923294,0.0,343.0,0.0
2024-11-26 16:00:00,858.1408195801666,0.0,343.0,0.0
2024-11-26 16:30:00,820.3338932716848,0.0,334.0,0.0
2024-11-26 17:00:00,893.084366828955,0.0,326.0,0.0
2024-11-26 17:30:00,957.4329394940798,0.0,407.0,0.0
2024-11-26 18:00:00,984.095358645361,0.0,350.0,0.0
2024-11-26 18:30:00,932.4192512808582,0.0,354.0,0.0
2024-11-26 19:00:00,876.5679367126091,0.0,325.0,0.0
2024-11-26 19:30:00,1092.3450271748518,0.0,410.0,0.0
2024-11-26 20:00:00,1142.6618231951834,0.0,445.0,0.0
2024-11-26 20:30:00,1099.425971292094,0.0,436.0,0.0
2024-11-26 21:00:00,991.3395910156158,0.0,376.0,0.0
2024-11-26 21:30:00,1045.641586412966,0.0,380.0,0.0
2024-11-26 22:00:00,987.2677483726994,0.0,386.0,0.0
2024-11-26 22:30:00,970.505405105321,0.0,363.0,0.0
2024-11-26 23:00:00,1073.1716874738363,0.0,430.0,0.0
2024-11-26 23:30:00,1142.1691227735748,0.0,444.0,0.0
2024-11-27 00:00:00,670.9617077833309,0.0,260.0,0.0
2024-11-27 00:30:00,700.1864147528237,0.0,303.0,0.0
2024-11-27 01:00:00,744.5906580110681,0.0,345.0,0.0
2024-11-27 01:30:00,794.4615974197134,0.0,312.0,0.0
2024-11-27 02:00:00,732.1820258230102,0.0,273.0,0.0
2024-11-27 02:30:00,702.7149515804227,0.0,265.0,0.0
2024-11-27 03:00:00,779.1834459682407,0.0,310.0,0.0
2024-11-27 03:30:00,930.519198974164,0.0,338.0,0.0
2024-11-27 04:00:00,710.5211900940325,0.0,284.0,0.0
2024-11-27 04:30:00,695.1991818881801,0.0,248.0,0.0
2024-11-27 05:00:00,639.7139203914261,0.0,283.0,0.0
2024-11-27 05:30:00,614.0239613764779,0.0,263.0,0.0
2024-11-27 06:00:00,677.1953379806844,0.0,288.0,0.0
2024-11-27 06:30:00,565.3086118182187,0.0,250.0,0.0
2024-11-27 07:00:00,710.573783183158,0.0,271.0,0.0
2024-11-27 07:30:00,580.692951723177,0.0,233.0,0.0
2024-11-27 08:00:00,598.1983697809977,0.0,248.0,0.0
2024-11-27 08:30:00,671.9408810655419,0.0,272.0,0.0
2024-11-27 09:00:00,684.7806961916186,0.0,273.0,0.0
2024-11-27 09:30:00,795.7168058586853,0.0,281.0,0.0
2024-11-27 10:00:00,706.2607816348244,0.0,250.0,0.0
2024-11-27 10:30:00,633.4703363760444,0.0,261.0,0.0
2024-11-27 11:00:00,791.6961002101518,0.0,287.0,0.0
2024-11-27 11:30:00,684.8019268163417,0.0,263.0,0.0
2024-11-27 12:00:00,678.3430757959563,0.0,232.0,0.0
2024-11-27 12:30:00,649.5158656037097,0.0,233.0,0.0
2024-11-27 13:00:00,611.158280604574,0.0,231.0,0.0
2024-11-27 13:30:00,639.6225774995731,0.0,228.0,0.0
2024-11-27 14:00:00,682.2361288562862,0.0,252.0,0.0
2024-11-27 14:30:00,855.751231368491,0.0,295.0,0.0
2024-11-27 15:00:00,782.3665774532657,0.0,285.0,0.0
2024-11-27 15:30:00,742.1603448397152,0.0,276.0,0.0
2024-11-27 16:00:00,606.5972224800216,0.0,279.0,0.0
2024-11-27 16:30:00,654.3076616174443,0.0,245.0,0.0
2024-11-27 17:00:00,733.8030169585727,0.0,257.0,0.0
2024-11-27 17:30:00,704.3380647961015,0.0,262.0,0.0
2024-11-27 18:00:00,579.3682887757676,0.0,251.0,0.0
2024-11-27 18:30:00,623.345841146823,0.0,269.0,0.0
2024-11-27 19:00:00,574.3405765175182,0.0,245.0,0.0
2024-11-27 19:30:00,825.5972034851386,0.0,297.0,0.0
2024-11-27 20:00:00,839.3378997223003,0.0,339.0,0.0
2024-11-27 20:30:00,675.002295342326,0.0,274.0,0.0
2024-11-27 21:00:00,649.5274346875359,0.0,244.0,0.0
2024-11-27 21:30:00,693.8791522178128,0.0,318.0,0.0
2024-11-27 22:00:00,746.0185837110209,0.0,305.0,0.0
2024-11-27 22:30:00,651.6252228513233,0.0,245.99999999999997,0.0
2024-11-27 23:00:00,668.4686948778769,0.0,239.0,0.0
2024-11-27 23:30:00,556.2978185149989,0.0,241.00000000000003,0.0
2024-11-28 00:00:00,86.54329894700776,0.0,53.0,0.0
2024-11-28 00:30:00,97.58084805214838,0.0,52.99999999999999,0.0
2024-11-28 01:00:00,96.22546012518282,0.0,53.0,0.0
2024-11-28 01:30:00,102.44021716945153,0.0,53.00000000000001,0.0
2024-11-28 02:00:00,89.73420703849497,0.0,54.0,0.0
2024-11-28 02:30:00,93.93663479788344,0.0,54.0,0.0
2024-11-28 03:00:00,86.92974867287053,0.0,53.0,0.0
2024-11-28 03:30:00,92.35648922972358,0.0,51.00000000000001,0.0
2024-11-28 04:00:00,88.54184805113705,0.0,51.0,0.0
2024-11-28 04:30:00,95.07783450252373,0.0,51.0,0.0
2024-11-28 05:00:00,99.76780251506715,0.0,52.00000000000001,0.0
2024-11-28 05:30:00,96.46444697771615,0.0,52.00000000000001,0.0
2024-11-28 06:00:00,90.939170143783,0.0,54.0,0.0
2024-11-28 06:30:00,97.55888188487846,0.0,49.0,0.0
2024-11-28 07:00:00,114.88620186567042,0.0,49.0,0.0
2024-11-28 07:30:00,131.1562370919505,0.0,45.0,0.0
2024-11-28 08:00:00,153.92678684667186,0.0,44.0,0.0
2024-11-28 08:30:00,249.3577035657244,0.0,79.0,0.0
2024-11-28 09:00:00,378.80546298535387,0.0,113.0,0.0
2024-11-28 09:30:00,331.2443307176673,0.0,109.0,0.0
2024-11-28 10:00:00,333.1534527437111,0.0,111.0,0.0
2024-11-28 10:30:00,326.93614303519405,0.0,113.0,0.0
2024-11-28 11:00:00,384.2639308385133,0.0,115.0,0.0
2024-11-28 11:30:00,356.1239028263124,0.0,112.0,0.0
2024-11-28 12:00:00,316.4155680408648,0.0,117.0,0.0
2024-11-28 12:30:00,368.58750270284406,0.0,150.0,0.0
2024-11-28 13:00:00,351.7115889970387,0.0,130.0,0.0
2024-11-28 13:30:00,364.2172194953711,0.0,126.0,0.0
2024-11-28 14:00:00,352.80088762870474,0.0,122.0,0.0
2024-11-28 14:30:00,390.15656861445143,0.0,131.0,0.0
2024-11-28 15:00:00,385.6656404378028,0.0,126.0,0.0
2024-11-28 15:30:00,333.1126085148373,0.0,125.0,0.0
2024-11-28 16:00:00,534.6490388648132,0.0,209.0,0.0
2024-11-28 16:30:00,610.0867051406839,0.0,229.0,0.0
2024-11-28 17:00:00,523.6091668337139,0.0,194.0,0.0
2024-11-28 17:30:00,673.2190511648498,0.0,219.0,0.0
2024-11-28 18:00:00,548.3231251707574,0.0,190.99999999999997,0.0
2024-11-28 18:30:00,604.9976954632882,0.0,218.0,0.0
2024-11-28 19:00:00,609.9495138762749,0.0,211.0,0.0
2024-11-28 19:30:00,742.6737150261204,0.0,274.0,0.0
2024-11-28 20:00:00,723.1238127389422,0.0,269.0,0.0
2024-11-28 20:30:00,556.2232772036998,0.0,186.0,0.0
2024-11-28 21:00:00,538.0950939222788,0.0,182.0,0.0
2024-11-28 21:30:00,597.668234005437,0.0,195.0,0.0
2024-11-28 22:00:00,649.5795146590838,0.0,231.99999999999997,0.0
2024-11-28 22:30:00,839.3772081588286,0.0,305.0,0.0
2024-11-28 23:00:00,929.9702041625809,0.0,343.0,0.0
2024-11-28 23:30:00,820.8217638440982,0.0,291.0,0.0
2024-11-29 00:00:00,689.3286574535812,0.0,258.0,0.0
2024-11-29 00:30:00,701.3244918294215,0.0,246.0,0.0
2024-11-29 01:00:00,674.5869947257124,0.0,261.0,0.0
2024-11-29 01:30:00,768.367178760862,0.0,288.0,0.0
2024-11-29 02:00:00,1062.9561004573686,0.0,362.0,0.0
2024-11-29 02:30:00,830.6717897165049,0.0,311.0,0.0
2024-11-29 03:00:00,710.3494790753815,0.0,296.0,0.0
2024-11-29 03:30:00,680.1892618045573,0.0,286.0,0.0
2024-11-29 04:00:00,778.5186877881844,0.0,286.0,0.0
2024-11-29 04:30:00,1021.0805774139727,0.0,396.0,0.0
2024-11-29 05:00:00,852.9124878432489,0.0,312.0,0.0
2024-11-29 05:30:00,720.576727815993,0.0,289.0,0.0
2024-11-29 06:00:00,767.9209370800559,0.0,285.0,0.0
2024-11-29 06:30:00,742.4863657799245,0.0,283.0,0.0
2024-11-29 07:00:00,912.6820154033599,0.0,362.0,0.0
2024-11-29 07:30:00,878.8976242165859,0.0,332.0,0.0
2024-11-29 08:00:00,715.0102125534983,0.0,276.0,0.0
2024-11-29 08:30:00,813.9691281002363,0.0,256.0,0.0
2024-11-29 09:00:00,834.260156284696,0.0,297.0,0.0
2024-11-29 09:30:00,1026.9097420562741,0.0,350.0,0.0
2024-11-29 10:00:00,781.3960464880696,0.0,285.0,0.0
2024-11-29 10:30:00,748.2783183821948,0.0,273.0,0.0
2024-11-29 11:00:00,724.6852388282157,0.0,258.0,0.0
2024-11-29 11:30:00,897.2438077118169,0.0,323.0,0.0
2024-11-29 12:00:00,771.2231869149592,0.0,288.0,0.0
2024-11-29 12:30:00,719.6984108559876,0.0,269.0,0.0
2024-11-29 13:00:00,874.3339611886113,0.0,310.0,0.0
2024-11-29 13:30:00,1013.4614278681848,0.0,350.0,0.0
2024-11-29 14:00:00,843.7680787109102,0.0,267.0,0.0
2024-11-29 14:30:00,832.5701633178269,0.0,281.0,0.0
2024-11-29 15:00:00,800.6566120441555,0.0,262.0,0.0
2024-11-29 15:30:00,793.1131367940731,0.0,264.0,0.0
2024-11-29 16:00:00,781.4054057573823,0.0,294.0,0.0
2024-11-29 16:30:00,945.0087510237862,0.0,345.0,0.0
2024-11-29 17:00:00,778.5395384605554,0.0,286.0,0.0
2024-11-29 17:30:00,686.3049934377523,0.0,253.0,0.0
2024-11-29 18:00:00,793.9290671028024,0.0,275.0,0.0
2024-11-29 18:30:00,882.2215230105859,0.0,321.0,0.0
2024-11-29 19:00:00,1039.364914965771,0.0,377.0,0.0
2024-11-29 19:30:00,657.5427263471947,0.0,279.0,0.0
2024-11-29 20:00:00,803.0509401607333,0.0,266.0,0.0
2024-11-29 20:30:00,686.0007165548645,0.0,274.0,0.0
2024-11-29 21:00:00,1006.7093559341253,0.0,349.0,0.0
2024-11-29 21:30:00,871.236373861211,0.0,355.0,0.0
2024-11-29 22:00:00,725.7613323781783,0.0,290.0,0.0
2024-11-29 22:30:00,664.1807624694319,0.0,284.0,0.0
2024-11-29 23:00:00,777.3852073315404,0.0,289.0,0.0
2024-11-29 23:30:00,880.8987676967572,0.0,361.0,0.0
2024-11-30 00:00:00,925.7109601087284,0.0,355.0,0.0
2024-11-30 00:30:00,747.1509573637743,0.0,295.0,0.0
2024-11-30 01:00:00,815.3107822798137,0.0,317.0,0.0
2024-11-30 01:30:00,789.938581395359,0.0,313.0,0.0
2024-11-30 02:00:00,639.1429761143118,0.0,273.0,0.0
2024-11-30 02:30:00,935.0675661108269,0.0,341.0,0.0
2024-11-30 03:00:00,758.5261110412781,0.0,286.0,0.0
2024-11-30 03:30:00,742.6269918083194,0.0,292.0,0.0
2024-11-30 04:00:00,720.9057290327564,0.0,282.0,0.0
2024-11-30 04:30:00,658.7836255873591,0.0,262.0,0.0
2024-11-30 05:00:00,655.6788254558535,0.0,240.0,0.0
2024-11-30 05:30:00,881.9148449410357,0.0,312.0,0.0
2024-11-30 06:00:00,932.5175550669361,0.0,350.0,0.0
2024-11-30 06:30:00,610.1706797411107,0.0,244.0,0.0
2024-11-30 07:00:00,617.9278788028407,0.0,228.0,0.0
2024-11-30 07:30:00,615.4640762283962,0.0,220.99999999999997,0.0
2024-11-30 08:00:00,854.4973387276832,0.0,282.0,0.0
2024-11-30 08:30:00,821.0649800873815,0.0,268.0,0.0
2024-11-30 09:00:00,574.8154785963634,0.0,229.0,0.0
2024-11-30 09:30:00,723.1617077325751,0.0,234.0,0.0
2024-11-30 10:00:00,683.0388943518711,0.0,249.99999999999997,0.0
2024-11-30 10:30:00,667.0621186739138,0.0,240.0,0.0
2024-11-30 11:00:00,707.3408395927275,0.0,247.0,0.0
2024-11-30 11:30:00,727.712352950247,0.0,248.0,0.0
2024-11-30 12:00:00,853.8986129082547,0.0,347.0,0.0
2024-11-30 12:30:00,853.1941849941076,0.0,299.0,0.0
2024-11-30 13:00:00,741.3238685428445,0.0,264.0,0.0
2024-11-30 13:30:00,739.0317774765809,0.0,263.0,0.0
2024-11-30 14:00:00,784.5422254189097,0.0,306.0,0.0
2024-11-30 14:30:00,956.699245145287,0.0,375.0,0.0
2024-11-30 15:00:00,827.1496570903004,0.0,292.0,0.0
2024-11-30 15:30:00,661.9814273213574,0.0,270.0,0.0
2024-11-30 16:00:00,796.753062945255,0.0,273.0,0.0
2024-11-30 16:30:00,813.3458432806973,0.0,311.0,0.0
2024-11-30 17:00:00,982.0416695393709,0.0,371.0,0.0
2024-11-30 17:30:00,686.3399871613339,0.0,284.0,0.0
2024-11-30 18:00:00,707.8291119860255,0.0,268.0,0.0
2024-11-30 18:30:00,750.5509554307322,0.0,276.0,0.0
2024-11-30 19:00:00,883.1330792579761,0.0,359.0,0.0
2024-11-30 19:30:00,965.8239768393717,0.0,349.0,0.0
2024-11-30 20:00:00,736.523456256634,0.0,264.0,0.0
2024-11-30 20:30:00,711.612968613069,0.0,270.0,0.0
2024-11-30 21:00:00,755.1164304522204,0.0,258.0,0.0
2024-11-30 21:30:00,701.0531058699346,0.0,293.0,0.0
2024-11-30 22:00:00,974.0769941653564,0.0,363.0,0.0
2024-11-30 22:30:00,1024.0910240027738,0.0,351.0,0.0
2024-11-30 23:00:00,790.3835038229458,0.0,272.0,0.0
2024-11-30 23:30:00,785.64983765243,0.0,298.0,0.0
2024-12-01 00:00:00,1232.1214178851715,0.0,526.0,0.0
2024-12-01 00:30:00,1331.294050708225,0.0,568.0,0.0
2024-12-01 01:00:00,1272.5269184925653,0.0,537.0,0.0
2024-12-01 01:30:00,965.4947424671519,0.0,427.0,0.0
2024-12-01 02:00:00,1004.3868922485028,0.0,481.0,0.0
2024-12-01 02:30:00,1090.4598684286561,0.0,427.0,0.0
2024-12-01 03:00:00,985.6111790681684,0.0,493.00000000000006,0.0
2024-12-01 03:30:00,1140.8875018590622,0.0,473.0,0.0
2024-12-01 04:00:00,925.3931009061113,0.0,458.0,0.0
2024-12-01 04:30:00,1030.5158148016628,0.0,455.0,0.0
2024-12-01 05:00:00,918.6666256725575,0.0,413.0,0.0
2024-12-01 05:30:00,1023.1451117870603,0.0,439.0,0.0
2024-12-01 06:00:00,1387.383859433928,0.0,524.0,0.0
2024-12-01 06:30:00,953.7384971442232,0.0,446.0,0.0
2024-12-01 07:00:00,1077.9601095006176,0.0,456.0,0.0
2024-12-01 07:30:00,798.6944242223803,0.0,380.0,0.0
2024-12-01 08:00:00,1128.0274601916174,0.0,484.0,0.0
2024-12-01 08:30:00,1165.7815331111206,0.0,489.0,0.0
2024-12-01 09:00:00,1250.703635259199,0.0,507.0,0.0
2024-12-01 09:30:00,1146.7113586358576,0.0,492.99999999999994,0.0
2024-12-01 10:00:00,1169.9652450057624,0.0,474.0,0.0
2024-12-01 10:30:00,1004.4786648630939,0.0,454.0,0.0
2024-12-01 11:00:00,1199.0479402161081,0.0,469.0,0.0
2024-12-01 11:30:00,1259.4501162886445,0.0,534.0,0.0
2024-12-01 12:00:00,1232.0345480034002,0.0,551.0,0.0
2024-12-01 12:30:00,1402.0512732553948,0.0,542.0,0.0
2024-12-01 13:00:00,1370.3103946473293,0.0,576.0,0.0
2024-12-01 13:30:00,1508.2311983850811,0.0,570.0,0.0
2024-12-01 14:00:00,1478.661652378295,0.0,586.0,0.0
2024-12-01 14:30:00,1260.7937530237227,0.0,539.0,0.0
2024-12-01 15:00:00,1249.0694396852473,0.0,524.0,0.0
2024-12-01 15:30:00,1297.485010501266,0.0,552.0,0.0
2024-12-01 16:00:00,1363.8419918415407,0.0,550.0,0.0
2024-12-01 16:30:00,1370.9691257303793,0.0,578.0,0.0
2024-12-01 17:00:00,1298.082138363483,0.0,533.0,0.0
2024-12-01 17:30:00,1252.5358171997482,0.0,543.0,0.0
2024-12-01 18:00:00,1213.1056772067154,0.0,526.0,0.0
2024-12-01 18:30:00,1299.686640186806,0.0,523.0,0.0
2024-12-01 19:00:00,1223.2665896119672,0.0,537.0,0.0
2024-12-01 19:30:00,1165.2625471858505,0.0,529.0,0.0
2024-12-01 20:00:00,1083.7619514310495,0.0,480.0,0.0
2024-12-01 20:30:00,932.8553318053255,0.0,414.0,0.0
2024-12-01 21:00:00,825.6353503516775,0.0,378.0,0.0
2024-12-01 21:30:00,906.4455771062144,0.0,403.0,0.0
2024-12-01 22:00:00,992.3240830834676,0.0,381.0,0.0
2024-12-01 22:30:00,804.0277314364877,0.0,314.0,0.0
2024-12-01 23:00:00,837.9903578731396,0.0,335.0,0.0
2024-12-01 23:30:00,660.2179756489786,0.0,298.0,0.0
2024-12-02 00:00:00,889.4117417887537,0.0,316.0,0.0
2024-12-02 00:30:00,896.9911731996511,0.0,346.0,0.0
2024-12-02 01:00:00,708.9382153319041,0.0,281.0,0.0
2024-12-02 01:30:00,724.630869819227,0.0,279.0,0.0
2024-12-02 02:00:00,796.6297141688907,0.0,294.0,0.0
2024-12-02 02:30:00,810.5929524581616,0.0,305.0,0.0
2024-12-02 03:00:00,754.7406303686531,0.0,294.0,0.0
2024-12-02 03:30:00,821.3129863678755,0.0,343.0,0.0
2024-12-02 04:00:00,892.8008501377103,0.0,382.0,0.0
2024-12-02 04:30:00,835.8205193041672,0.0,322.0,0.0
2024-12-02 05:00:00,860.2400477173078,0.0,334.0,0.0
2024-12-02 05:30:00,724.9083933796799,0.0,279.0,0.0
2024-12-02 06:00:00,744.6881418591278,0.0,300.0,0.0
2024-12-02 06:30:00,758.5042780331069,0.0,308.0,0.0
2024-12-02 07:00:00,890.6744042483092,0.0,386.0,0.0
2024-12-02 07:30:00,821.3868207524087,0.0,321.0,0.0
2024-12-02 08:00:00,847.5202151449695,0.0,326.0,0.0
2024-12-02 08:30:00,864.11976265039,0.0,306.0,0.0
2024-12-02 09:00:00,773.6349658567406,0.0,314.0,0.0
2024-12-02 09:30:00,919.6930002495995,0.0,394.0,0.0
2024-12-02 10:00:00,826.9601082725516,0.0,352.0,0.0
2024-12-02 10:30:00,896.3464763530941,0.0,339.0,0.0
2024-12-02 11:00:00,845.9495620438142,0.0,312.0,0.0
2024-12-02 11:30:00,892.1835321284838,0.0,337.0,0.0
2024-12-02 12:00:00,894.9282349859211,0.0,365.0,0.0
2024-12-02 12:30:00,833.7345586213245,0.0,299.0,0.0
2024-12-02 13:00:00,787.7055877130712,0.0,307.0,0.0
2024-12-02 13:30:00,770.4986531236542,0.0,289.0,0.0
2024-12-02 14:00:00,757.4874465715432,0.0,294.0,0.0
2024-12-02 14:30:00,766.6268648807518,0.0,291.0,0.0
2024-12-02 15:00:00,892.0219375531077,0.0,367.0,0.0
2024-12-02 15:30:00,918.9662239597268,0.0,357.0,0.0
2024-12-02 16:00:00,812.058272312449,0.0,329.0,0.0
2024-12-02 16:30:00,754.1636549495894,0.0,302.0,0.0
2024-12-02 17:00:00,816.891447298488,0.0,314.0,0.0
2024-12-02 17:30:00,944.7814561307783,0.0,353.0,0.0
2024-12-02 18:00:00,774.5492424178606,0.0,339.0,0.0
2024-12-02 18:30:00,726.3641555895883,0.0,317.0,0.0
2024-12-02 19:00:00,727.8176189211725,0.0,319.0,0.0
2024-12-02 19:30:00,725.3545175413544,0.0,293.0,0.0
2024-12-02 20:00:00,734.131456694272,0.0,284.0,0.0
2024-12-02 20:30:00,741.5939747078685,0.0,292.0,0.0
2024-12-02 21:00:00,734.4031375967664,0.0,291.0,0.0
2024-12-02 21:30:00,701.124735735253,0.0,291.0,0.0
2024-12-02 22:00:00,613.064880354736,0.0,259.0,0.0
2024-12-02 22:30:00,593.4072843048666,0.0,247.0,0.0
2024-12-02 23:00:00,701.9540182319131,0.0,294.0,0.0
2024-12-02 23:30:00,711.9726121228754,0.0,329.0,0.0
2024-12-03 00:00:00,151.63678501101842,0.0,69.0,0.0
2024-12-03 00:30:00,132.87343526403566,0.0,68.0,0.0
2024-12-03 01:00:00,133.2050543076936,0.0,65.0,0.0
2024-12-03 01:30:00,133.34940461991448,0.0,67.0,0.0
2024-12-03 02:00:00,138.10199153834762,0.0,69.0,0.0
2024-12-03 02:30:00,134.4699236969208,0.0,64.0,0.0
2024-12-03 03:00:00,138.66793763998885,0.0,63.0,0.0
2024-12-03 03:30:00,134.09917437783218,0.0,63.0,0.0
2024-12-03 04:00:00,137.63757239029823,0.0,65.0,0.0
2024-12-03 04:30:00,141.86597868727387,0.0,66.0,0.0
2024-12-03 05:00:00,134.05278626388343,0.0,66.0,0.0
2024-12-03 05:30:00,130.100779206151,0.0,66.0,0.0
2024-12-03 06:00:00,135.88693580965767,0.0,65.0,0.0
2024-12-03 06:30:00,134.23506915157574,0.0,62.00000000000001,0.0
2024-12-03 07:00:00,136.59026301814532,0.0,61.0,0.0
2024-12-03 07:30:00,141.76082664825603,0.0,62.0,0.0
2024-12-03 08:00:00,148.32541549474124,0.0,57.0,0.0
2024-12-03 08:30:00,156.578208122206,0.0,58.00000000000001,0.0
2024-12-03 09:00:00,165.96683309261763,0.0,59.99999999999999,0.0
2024-12-03 09:30:00,154.67473602355574,0.0,58.0,0.0
2024-12-03 10:00:00,156.3916910189007,0.0,57.0,0.0
2024-12-03 10:30:00,154.57809603165353,0.0,55.99999999999999,0.0
2024-12-03 11:00:00,157.89142165070785,0.0,59.0,0.0
2024-12-03 11:30:00,161.0560805872278,0.0,61.0,0.0
2024-12-03 12:00:00,146.8115931901322,0.0,64.0,0.0
2024-12-03 12:30:00,185.6750908025666,0.0,68.0,0.0
2024-12-03 13:00:00,221.40384093941202,0.0,80.0,0.0
2024-12-03 13:30:00,202.31904369676482,0.0,71.0,0.0
2024-12-03 14:00:00,214.43288902549662,0.0,67.0,0.0
2024-12-03 14:30:00,241.37469771393486,0.0,77.0,0.0
2024-12-03 15:00:00,228.58740973704346,0.0,76.0,0.0
2024-12-03 15:30:00,240.58860300353757,0.0,73.0,0.0
2024-12-03 16:00:00,215.53317241175395,0.0,72.0,0.0
2024-12-03 16:30:00,224.3882363249147,0.0,65.0,0.0
2024-12-03 17:00:00,203.6718992503691,0.0,66.0,0.0
2024-12-03 17:30:00,188.37149462621434,0.0,68.0,0.0
2024-12-03 18:00:00,152.27344102484656,0.0,70.0,0.0
2024-12-03 18:30:00,166.54122945816965,0.0,70.0,0.0
2024-12-03 19:00:00,149.04175551437896,0.0,65.0,0.0
2024-12-03 19:30:00,150.7788518413666,0.0,72.0,0.0
2024-12-03 20:00:00,165.80206732227418,0.0,70.0,0.0
2024-12-03 20:30:00,165.88046572336032,0.0,72.0,0.0
2024-12-03 21:00:00,169.817164786905,0.0,71.0,0.0
2024-12-03 21:30:00,157.80943204673417,0.0,78.0,0.0
2024-12-03 22:00:00,164.22036667680715,0.0,76.0,0.0
2024-12-03 22:30:00,166.10141286719355,0.0,78.0,0.0
2024-12-03 23:00:00,175.15506322670697,0.0,78.0,0.0
2024-12-03 23:30:00,183.76569236358182,0.0,81.0,0.0
2024-12-04 00:00:00,163.36890942556838,0.0,80.0,0.0
2024-12-04 00:30:00,181.19374458774624,0.0,79.0,0.0
2024-12-04 01:00:00,179.09027592532965,0.0,79.0,0.0
2024-12-04 01:30:00,170.76000613457157,0.0,82.0,0.0
2024-12-04 02:00:00,167.70533555800452,0.0,81.0,0.0
2024-12-04 02:30:00,178.04093393931873,0.0,79.0,0.0
2024-12-04 03:00:00,161.11956594675482,0.0,80.0,0.0
2024-12-04 03:30:00,173.86245117383845,0.0,82.0,0.0
2024-12-04 04:00:00,187.713969975249,0.0,80.0,0.0
2024-12-04 04:30:00,174.25098740373656,0.0,85.0,0.0
2024-12-04 05:00:00,163.90715357981557,0.0,80.0,0.0
2024-12-04 05:30:00,173.0186954925466,0.0,81.0,0.0
2024-12-04 06:00:00,165.55573608890688,0.0,81.0,0.0
2024-12-04 06:30:00,155.8987033451901,0.0,78.99999999999999,0.0
2024-12-04 07:00:00,179.54008546106178,0.0,79.0,0.0
2024-12-04 07:30:00,254.55437586422633,0.0,85.0,0.0
2024-12-04 08:00:00,421.60255543091,0.0,160.0,0.0
2024-12-04 08:30:00,403.83648982709866,0.0,143.0,0.0
2024-12-04 09:00:00,436.5893824507942,0.0,156.0,0.0
2024-12-04 09:30:00,625.4159790360684,0.0,233.0,0.0
2024-12-04 10:00:00,548.6077147603759,0.0,183.0,0.0
2024-12-04 10:30:00,575.9543675796035,0.0,209.0,0.0
2024-12-04 11:00:00,772.3557163364982,0.0,263.0,0.0
2024-12-04 11:30:00,799.2779439725184,0.0,285.0,0.0
2024-12-04 12:00:00,716.7216731686345,0.0,257.0,0.0
2024-12-04 12:30:00,567.9240512771173,0.0,196.0,0.0
2024-12-04 13:00:00,551.6371798447069,0.0,187.0,0.0
2024-12-04 13:30:00,519.2288682613118,0.0,183.0,0.0
2024-12-04 14:00:00,524.4914814615178,0.0,180.0,0.0
2024-12-04 14:30:00,510.4796433112081,0.0,176.0,0.0
2024-12-04 15:00:00,565.8388654519418,0.0,185.0,0.0
2024-12-04 15:30:00,572.1303978584593,0.0,191.0,0.0
2024-12-04 16:00:00,539.2610520891039,0.0,189.0,0.0
2024-12-04 16:30:00,580.9388702362882,0.0,219.0,0.0
2024-12-04 17:00:00,657.4523001170123,0.0,231.0,0.0
2024-12-04 17:30:00,535.4349188937882,0.0,195.0,0.0
2024-12-04 18:00:00,537.7472864765361,0.0,225.0,0.0
2024-12-04 18:30:00,567.7546160716842,0.0,208.0,0.0
2024-12-04 19:00:00,590.6985140124402,0.0,220.0,0.0
2024-12-04 19:30:00,919.5399262486037,0.0,317.0,0.0
2024-12-04 20:00:00,768.6650578698301,0.0,288.0,0.0
2024-12-04 20:30:00,578.8370920609411,0.0,224.0,0.0
2024-12-04 21:00:00,547.05227637951,0.0,225.0,0.0
2024-12-04 21:30:00,550.564240100332,0.0,219.00000000000003,0.0
2024-12-04 22:00:00,749.3645882714511,0.0,284.0,0.0
2024-12-04 22:30:00,873.4889795441724,0.0,337.0,0.0
2024-12-04 23:00:00,842.2284538228308,0.0,334.0,0.0
2024-12-04 23:30:00,666.6992636534283,0.0,286.0,0.0
2024-12-05 00:00:00,95.27447227872706,0.0,52.99999999999999,0.0
2024-12-05 00:30:00,94.62927451149034,0.0,53.0,0.0
2024-12-05 01:00:00,95.26448026900343,0.0,53.0,0.0
2024-12-05 01:30:00,93.79912384348454,0.0,52.99999999999999,0.0
2024-12-05 02:00:00,93.10680165132142,0.0,54.0,0.0
2024-12-05 02:30:00,92.50740981134743,0.0,54.0,0.0
2024-12-05 03:00:00,94.07507322532739,0.0,53.0,0.0
2024-12-05 03:30:00,82.8519208461023,0.0,51.0,0.0
2024-12-05 04:00:00,81.58032789772912,0.0,51.0,0.0
2024-12-05 04:30:00,86.84207638594451,0.0,51.0,0.0
2024-12-05 05:00:00,91.52204828927623,0.0,52.0,0.0
2024-12-05 05:30:00,90.91070254103117,0.0,52.0,0.0
2024-12-05 06:00:00,93.6154836947721,0.0,54.0,0.0
2024-12-05 06:30:00,95.19591299804378,0.0,49.00000000000001,0.0
2024-12-05 07:00:00,118.13549473786983,0.0,49.0,0.0
2024-12-05 07:30:00,123.71741311955573,0.0,45.0,0.0
2024-12-05 08:00:00,156.68705624401076,0.0,43.99999999999999,0.0
2024-12-05 08:30:00,238.367888557054,0.0,79.0,0.0
2024-12-05 09:00:00,334.9176838166329,0.0,113.0,0.0
2024-12-05 09:30:00,321.63299199793056,0.0,109.0,0.0
2024-12-05 10:00:00,265.8422063986941,0.0,111.0,0.0
2024-12-05 10:30:00,360.193514205089,0.0,113.0,0.0
2024-12-05 11:00:00,341.62861454024943,0.0,114.99999999999999,0.0
2024-12-05 11:30:00,314.71828857606994,0.0,112.0,0.0
2024-12-05 12:00:00,349.1933633520414,0.0,117.0,0.0
2024-12-05 12:30:00,356.30107287908527,0.0,150.0,0.0
2024-12-05 13:00:00,347.24569436676234,0.0,130.0,0.0
2024-12-05 13:30:00,342.2950144540048,0.0,126.0,0.0
2024-12-05 14:00:00,384.06303121256997,0.0,122.0,0.0
2024-12-05 14:30:00,368.49547326980246,0.0,131.0,0.0
2024-12-05 15:00:00,351.4876006533,0.0,125.99999999999999,0.0
2024-12-05 15:30:00,366.76181990088116,0.0,125.0,0.0
2024-12-05 16:00:00,565.8648985461475,0.0,209.0,0.0
2024-12-05 16:30:00,604.9715688364184,0.0,229.0,0.0
2024-12-05 17:00:00,548.2368535521233,0.0,194.0,0.0
2024-12-05 17:30:00,669.2577210146336,0.0,219.0,0.0
2024-12-05 18:00:00,514.7009588994357,0.0,191.0,0.0
2024-12-05 18:30:00,563.8325517428923,0.0,218.0,0.0
2024-12-05 19:00:00,604.876764983569,0.0,211.0,0.0
2024-12-05 19:30:00,778.9814399733954,0.0,274.0,0.0
2024-12-05 20:00:00,733.8935480791746,0.0,269.0,0.0
2024-12-05 20:30:00,512.1720929742881,0.0,186.0,0.0
2024-12-05 21:00:00,470.4259536562531,0.0,182.0,0.0
2024-12-05 21:30:00,512.6267039502366,0.0,195.0,0.0
2024-12-05 22:00:00,620.5080699140697,0.0,232.0,0.0
2024-12-05 22:30:00,817.9658560625999,0.0,305.0,0.0
2024-12-05 23:00:00,973.8834807449779,0.0,343.0,0.0
2024-12-05 23:30:00,782.8731177093593,0.0,291.0,0.0
2024-12-06 00:00:00,648.7115123543579,0.0,258.0,0.0
2024-12-06 00:30:00,722.4764306839643,0.0,246.0,0.0
2024-12-06 01:00:00,670.0849697154655,0.0,261.0,0.0
2024-12-06 01:30:00,708.6773992198324,0.0,288.0,0.0
2024-12-06 02:00:00,998.9548358892407,0.0,362.0,0.0
2024-12-06 02:30:00,835.1364603776393,0.0,311.0,0.0
2024-12-06 03:00:00,820.2419565644271,0.0,296.0,0.0
2024-12-06 03:30:00,716.3592961255662,0.0,286.0,0.0
2024-12-06 04:00:00,712.7247541889167,0.0,286.0,0.0
2024-12-06 04:30:00,963.3218625604167,0.0,396.0,0.0
2024-12-06 05:00:00,719.6032245399863,0.0,312.0,0.0
2024-12-06 05:30:00,708.3336756281196,0.0,289.0,0.0
2024-12-06 06:00:00,756.3421037298554,0.0,285.0,0.0
2024-12-06 06:30:00,747.9230699749692,0.0,283.0,0.0
2024-12-06 07:00:00,920.1733965975294,0.0,362.0,0.0
2024-12-06 07:30:00,826.9484124806639,0.0,332.0,0.0
2024-12-06 08:00:00,746.3109337456159,0.0,276.0,0.0
2024-12-06 08:30:00,754.7172298495022,0.0,256.0,0.0
2024-12-06 09:00:00,830.9173521606342,0.0,297.0,0.0
2024-12-06 09:30:00,973.347472962354,0.0,350.0,0.0
2024-12-06 10:00:00,748.0545146164307,0.0,285.0,0.0
2024-12-06 10:30:00,799.5886727531441,0.0,273.0,0.0
2024-12-06 11:00:00,600.0656179779945,0.0,258.0,0.0
2024-12-06 11:30:00,840.9554482563581,0.0,323.0,0.0
2024-12-06 12:00:00,867.0614892199676,0.0,288.0,0.0
2024-12-06 12:30:00,675.0368294954509,0.0,269.0,0.0
2024-12-06 13:00:00,831.6605182821647,0.0,310.0,0.0
2024-12-06 13:30:00,959.0405018927268,0.0,350.0,0.0
2024-12-06 14:00:00,739.0614173098677,0.0,267.0,0.0
2024-12-06 14:30:00,834.9336936871658,0.0,281.0,0.0
2024-12-06 15:00:00,770.4192765722187,0.0,262.0,0.0
2024-12-06 15:30:00,748.4967404371525,0.0,264.0,0.0
2024-12-06 16:00:00,836.653477863279,0.0,294.0,0.0
2024-12-06 16:30:00,964.1468314038586,0.0,345.0,0.0
2024-12-06 17:00:00,925.687888361167,0.0,286.0,0.0
2024-12-06 17:30:00,718.8388478174032,0.0,252.99999999999997,0.0
2024-12-06 18:00:00,748.1140300564526,0.0,275.0,0.0
2024-12-06 18:30:00,771.6170634565531,0.0,321.0,0.0
2024-12-06 19:00:00,977.2052073111855,0.0,377.0,0.0
2024-12-06 19:30:00,775.0936867933266,0.0,279.0,0.0
2024-12-06 20:00:00,659.3996449336361,0.0,266.0,0.0
2024-12-06 20:30:00,621.6128656044941,0.0,274.0,0.0
2024-12-06 21:00:00,887.3514461117247,0.0,349.0,0.0
2024-12-06 21:30:00,973.8648272056347,0.0,355.0,0.0
2024-12-06 22:00:00,735.5754334743765,0.0,290.0,0.0
2024-12-06 22:30:00,712.0485920142975,0.0,284.0,0.0
2024-12-06 23:00:00,672.0341728343232,0.0,289.0,0.0
2024-12-06 23:30:00,924.9940972074521,0.0,361.0,0.0
2024-12-07 00:00:00,660.3615749008255,0.0,273.0,0.0
2024-12-07 00:30:00,585.7138634141579,0.0,271.0,0.0
2024-12-07 01:00:00,773.6067202031159,0.0,303.0,0.0
2024-12-07 01:30:00,878.1680642515636,0.0,352.0,0.0
2024-12-07 02:00:00,774.4413974691448,0.0,301.0,0.0
2024-12-07 02:30:00,564.8602139837018,0.0,274.0,0.0
2024-12-07 03:00:00,586.9390727822384,0.0,290.0,0.0
2024-12-07 03:30:00,629.7654266174453,0.0,285.0,0.0
2024-12-07 04:00:00,730.574804338691,0.0,356.0,0.0
2024-12-07 04:30:00,770.0175999496647,0.0,341.0,0.0
2024-12-07 05:00:00,665.5187313862612,0.0,264.0,0.0
2024-12-07 05:30:00,626.9332189044544,0.0,270.0,0.0
2024-12-07 06:00:00,777.8125810014387,0.0,318.0,0.0
2024-12-07 06:30:00,874.1872447605452,0.0,376.0,0.0
2024-12-07 07:00:00,663.3855812063304,0.0,310.0,0.0
2024-12-07 07:30:00,631.5051747464101,0.0,277.0,0.0
2024-12-07 08:00:00,630.61979632621,0.0,306.0,0.0
2024-12-07 08:30:00,810.487808801566,0.0,338.0,0.0
2024-12-07 09:00:00,787.2305765771059,0.0,335.0,0.0
2024-12-07 09:30:00,664.1165208156738,0.0,298.0,0.0
2024-12-07 10:00:00,672.0342239276893,0.0,290.0,0.0
2024-12-07 10:30:00,785.638533571292,0.0,348.0,0.0
2024-12-07 11:00:00,832.6276037560586,0.0,374.0,0.0
2024-12-07 11:30:00,686.8702745599466,0.0,283.0,0.0
2024-12-07 12:00:00,684.3512125020144,0.0,271.0,0.0
2024-12-07 12:30:00,619.3285774489703,0.0,272.0,0.0
2024-12-07 13:00:00,747.6671743877149,0.0,295.0,0.0
2024-12-07 13:30:00,820.3915871503922,0.0,345.0,0.0
2024-12-07 14:00:00,718.8180803241158,0.0,301.0,0.0
2024-12-07 14:30:00,720.0247102341372,0.0,299.0,0.0
2024-12-07 15:00:00,645.9942836827773,0.0,279.0,0.0
2024-12-07 15:30:00,868.0625211911484,0.0,345.0,0.0
2024-12-07 16:00:00,813.5677614461096,0.0,348.0,0.0
2024-12-07 16:30:00,673.644826193658,0.0,308.0,0.0
2024-12-07 17:00:00,620.76512478878,0.0,271.0,0.0
2024-12-07 17:30:00,663.7959396032838,0.0,293.0,0.0
2024-12-07 18:00:00,768.049804152763,0.0,361.0,0.0
2024-12-07 18:30:00,773.0416793791023,0.0,318.0,0.0
2024-12-07 19:00:00,709.8035888180646,0.0,301.0,0.0
2024-12-07 19:30:00,697.7759143386937,0.0,282.0,0.0
2024-12-07 20:00:00,642.9681043444158,0.0,300.0,0.0
2024-12-07 20:30:00,751.0116583538497,0.0,288.0,0.0
2024-12-07 21:00:00,672.9750569887576,0.0,270.0,0.0
2024-12-07 21:30:00,646.6125429973972,0.0,287.0,0.0
2024-12-07 22:00:00,613.7329202533605,0.0,284.0,0.0
2024-12-07 22:30:00,585.3547226661022,0.0,272.0,0.0
2024-12-07 23:00:00,745.9548280761751,0.0,297.0,0.0
2024-12-07 23:30:00,819.9437425816213,0.0,335.0,0.0
2024-12-08 00:00:00,787.5614724794406,0.0,321.0,0.0
2024-12-08 00:30:00,666.1456082446649,0.0,282.0,0.0
2024-12-08 01:00:00,647.2794347026917,0.0,238.0,0.0
2024-12-08 01:30:00,593.5627591270089,0.0,238.0,0.0
2024-12-08 02:00:00,717.8588599944684,0.0,307.0,0.0
2024-12-08 02:30:00,778.6329367477889,0.0,333.0,0.0
2024-12-08 03:00:00,700.901063641734,0.0,298.0,0.0
2024-12-08 03:30:00,589.6208843363579,0.0,245.0,0.0
2024-12-08 04:00:00,601.4626129349422,0.0,260.0,0.0
2024-12-08 04:30:00,677.4648511896062,0.0,310.0,0.0
2024-12-08 05:00:00,831.1106231700588,0.0,347.0,0.0
2024-12-08 05:30:00,705.8926793996242,0.0,293.0,0.0
2024-12-08 06:00:00,600.539415786226,0.0,263.0,0.0
2024-12-08 06:30:00,638.0701783362027,0.0,288.0,0.0
2024-12-08 07:00:00,737.6216449154533,0.0,327.0,0.0
2024-12-08 07:30:00,678.5534485641889,0.0,323.0,0.0
2024-12-08 08:00:00,572.9198685848191,0.0,224.0,0.0
2024-12-08 08:30:00,590.9811609821146,0.0,233.0,0.0
2024-12-08 09:00:00,623.4920779988589,0.0,236.0,0.0
2024-12-08 09:30:00,744.2314032319614,0.0,309.0,0.0
2024-12-08 10:00:00,710.4256095293325,0.0,284.0,0.0
2024-12-08 10:30:00,545.8907279310276,0.0,237.99999999999997,0.0
2024-12-08 11:00:00,574.5432822147824,0.0,252.0,0.0
2024-12-08 11:30:00,619.0931746340673,0.0,256.0,0.0
2024-12-08 12:00:00,715.4980028029363,0.0,300.0,0.0
2024-12-08 12:30:00,746.5821779201581,0.0,313.0,0.0
2024-12-08 13:00:00,626.7620976998219,0.0,257.0,0.0
2024-12-08 13:30:00,583.0302759345321,0.0,246.0,0.0
2024-12-08 14:00:00,590.8913734590562,0.0,269.0,0.0
2024-12-08 14:30:00,608.9190132124531,0.0,251.0,0.0
2024-12-08 15:00:00,846.93263237667,0.0,300.0,0.0
2024-12-08 15:30:00,774.6203899821276,0.0,308.0,0.0
2024-12-08 16:00:00,663.1660876378984,0.0,281.0,0.0
2024-12-08 16:30:00,554.5701123831501,0.0,286.0,0.0
2024-12-08 17:00:00,623.4684150307019,0.0,282.0,0.0
2024-12-08 17:30:00,852.9737868091532,0.0,344.0,0.0
2024-12-08 18:00:00,678.805435385826,0.0,279.0,0.0
2024-12-08 18:30:00,476.5534990678311,0.0,274.0,0.0
2024-12-08 19:00:00,605.7902278742691,0.0,250.0,0.0
2024-12-08 19:30:00,681.9836851388741,0.0,278.0,0.0
2024-12-08 20:00:00,698.702818397863,0.0,336.0,0.0
2024-12-08 20:30:00,784.5107971033328,0.0,315.0,0.0
2024-12-08 21:00:00,553.7782582091602,0.0,286.0,0.0
2024-12-08 21:30:00,610.4473592430323,0.0,260.0,0.0
2024-12-08 22:00:00,701.3765716049866,0.0,305.0,0.0
2024-12-08 22:30:00,686.6920198996929,0.0,315.0,0.0
2024-12-08 23:00:00,712.3229957632069,0.0,303.0,0.0
2024-12-08 23:30:00,670.5450725673677,0.0,264.0,0.0
2024-12-09 00:00:00,631.8469417729501,0.0,253.0,0.0
2024-12-09 00:30:00,613.785295776286,0.0,233.0,0.0
2024-12-09 01:00:00,507.47274734334025,0.0,230.0,0.0
2024-12-09 01:30:00,518.6845598575974,0.0,215.0,0.0
2024-12-09 02:00:00,564.9008700090951,0.0,221.0,0.0
2024-12-09 02:30:00,490.5046543061657,0.0,198.0,0.0
2024-12-09 03:00:00,495.6785968347285,0.0,215.0,0.0
2024-12-09 03:30:00,440.4694264005384,0.0,192.0,0.0
2024-12-09 04:00:00,439.3138994387841,0.0,215.0,0.0
2024-12-09 04:30:00,397.9632841805113,0.0,157.0,0.0
2024-12-09 05:00:00,314.0389980126238,0.0,120.0,0.0
2024-12-09 05:30:00,309.2920268449294,0.0,123.0,0.0
2024-12-09 06:00:00,233.45170499521257,0.0,106.0,0.0
2024-12-09 06:30:00,189.4476241068145,0.0,77.0,0.0
2024-12-09 07:00:00,184.76408226038026,0.0,74.0,0.0
2024-12-09 07:30:00,168.65149650214383,0.0,64.0,0.0
2024-12-09 08:00:00,169.7085177984453,0.0,65.0,0.0
2024-12-09 08:30:00,160.8236863331493,0.0,64.0,0.0
2024-12-09 09:00:00,159.0671567613084,0.0,60.00000000000001,0.0
2024-12-09 09:30:00,191.79021851887128,0.0,60.0,0.0
2024-12-09 10:00:00,198.35522177078602,0.0,58.0,0.0
2024-12-09 10:30:00,178.34240344310714,0.0,58.0,0.0
2024-12-09 11:00:00,112.56029964506162,0.0,44.0,0.0
2024-12-09 11:30:00,97.9797976845687,0.0,41.0,0.0
2024-12-09 12:00:00,106.52435665365073,0.0,43.0,0.0
2024-12-09 12:30:00,108.75432515712784,0.0,44.0,0.0
2024-12-09 13:00:00,85.61285737839276,0.0,45.0,0.0
2024-12-09 13:30:00,89.59950764361315,0.0,44.0,0.0
2024-12-09 14:00:00,90.05366107535565,0.0,44.0,0.0
2024-12-09 14:30:00,93.03515531428371,0.0,46.0,0.0
2024-12-09 15:00:00,87.64788272006871,0.0,44.0,0.0
2024-12-09 15:30:00,80.40020413114509,0.0,45.0,0.0
2024-12-09 16:00:00,90.93948123718731,0.0,46.0,0.0
2024-12-09 16:30:00,94.19546520869854,0.0,46.0,0.0
2024-12-09 17:00:00,86.85981863532935,0.0,45.0,0.0
2024-12-09 17:30:00,90.98696556713537,0.0,47.0,0.0
2024-12-09 18:00:00,83.2372438889524,0.0,45.99999999999999,0.0
2024-12-09 18:30:00,79.77735630996665,0.0,48.00000000000001,0.0
2024-12-09 19:00:00,88.60535781782598,0.0,46.0,0.0
2024-12-09 19:30:00,90.90784398540467,0.0,49.99999999999999,0.0
2024-12-09 20:00:00,92.37058164610369,0.0,48.0,0.0
2024-12-09 20:30:00,100.09234601391492,0.0,48.0,0.0
2024-12-09 21:00:00,90.04633438498382,0.0,48.99999999999999,0.0
2024-12-09 21:30:00,90.53031772171788,0.0,53.0,0.0
2024-12-09 22:00:00,98.77387340929,0.0,56.00000000000001,0.0
2024-12-09 22:30:00,96.18721378631962,0.0,54.0,0.0
2024-12-09 23:00:00,103.8741164032917,0.0,56.0,0.0
2024-12-09 23:30:00,100.9650135702733,0.0,56.99999999999999,0.0
2024-12-10 00:00:00,616.4790651884841,0.0,273.0,0.0
2024-12-10 00:30:00,732.2261923834014,0.0,325.0,0.0
2024-12-10 01:00:00,778.859199890051,0.0,344.0,0.0
2024-12-10 01:30:00,711.864555793142,0.0,271.0,0.0
2024-12-10 02:00:00,637.2546031761834,0.0,282.0,0.0
2024-12-10 02:30:00,614.0655489445894,0.0,257.0,0.0
2024-12-10 03:00:00,665.8793337390363,0.0,254.0,0.0
2024-12-10 03:30:00,700.6535240526416,0.0,275.0,0.0
2024-12-10 04:00:00,723.7180848385697,0.0,338.0,0.0
2024-12-10 04:30:00,838.2732686734514,0.0,364.0,0.0
2024-12-10 05:00:00,708.9591639194099,0.0,336.0,0.0
2024-12-10 05:30:00,644.88413223411,0.0,284.0,0.0
2024-12-10 06:00:00,648.2662471874611,0.0,292.0,0.0
2024-12-10 06:30:00,841.990826111563,0.0,351.0,0.0
2024-12-10 07:00:00,812.2983363788911,0.0,347.0,0.0
2024-12-10 07:30:00,683.666050486369,0.0,262.0,0.0
2024-12-10 08:00:00,680.7695094858149,0.0,299.0,0.0
2024-12-10 08:30:00,737.3348974469121,0.0,313.0,0.0
2024-12-10 09:00:00,902.7757336514638,0.0,383.0,0.0
2024-12-10 09:30:00,834.762778230597,0.0,352.0,0.0
2024-12-10 10:00:00,721.7257918610312,0.0,310.0,0.0
2024-12-10 10:30:00,651.2309446834308,0.0,306.0,0.0
2024-12-10 11:00:00,697.9723687948989,0.0,313.0,0.0
2024-12-10 11:30:00,844.8369362896269,0.0,358.0,0.0
2024-12-10 12:00:00,840.2087134585282,0.0,337.0,0.0
2024-12-10 12:30:00,731.8535152830375,0.0,315.0,0.0
2024-12-10 13:00:00,741.195178235803,0.0,280.0,0.0
2024-12-10 13:30:00,701.6173875220233,0.0,284.0,0.0
2024-12-10 14:00:00,661.4442564390639,0.0,292.0,0.0
2024-12-10 14:30:00,755.8783387035932,0.0,280.0,0.0
2024-12-10 15:00:00,714.0306201070284,0.0,290.0,0.0
2024-12-10 15:30:00,682.804955717221,0.0,290.0,0.0
2024-12-10 16:00:00,695.705806972422,0.0,280.0,0.0
2024-12-10 16:30:00,652.3069765867557,0.0,294.0,0.0
2024-12-10 17:00:00,689.5605951948942,0.0,326.0,0.0
2024-12-10 17:30:00,701.613453455054,0.0,281.0,0.0
2024-12-10 18:00:00,583.4817351913388,0.0,243.0,0.0
2024-12-10 18:30:00,533.8329316896119,0.0,198.0,0.0
2024-12-10 19:00:00,639.7197784386251,0.0,260.0,0.0
2024-12-10 19:30:00,732.1927289392106,0.0,309.0,0.0
2024-12-10 20:00:00,629.1654538894143,0.0,240.00000000000003,0.0
2024-12-10 20:30:00,577.921713075256,0.0,247.00000000000003,0.0
2024-12-10 21:00:00,581.0357240918363,0.0,245.0,0.0
2024-12-10 21:30:00,574.5599736750805,0.0,245.0,0.0
2024-12-10 22:00:00,623.3120808028493,0.0,298.0,0.0
2024-12-10 22:30:00,687.15621683499,0.0,313.0,0.0
2024-12-10 23:00:00,666.8602319312863,0.0,321.0,0.0
2024-12-10 23:30:00,695.2939357595606,0.0,294.0,0.0
2024-12-11 00:00:00,491.58017634075645,0.0,201.0,0.0
2024-12-11 00:30:00,480.8832725364117,0.0,196.0,0.0
2024-12-11 01:00:00,592.0841776898213,0.0,240.0,0.0
2024-12-11 01:30:00,666.4511638628655,0.0,294.0,0.0
2024-12-11 02:00:00,536.3856803240818,0.0,224.0,0.0
2024-12-11 02:30:00,551.7796573898505,0.0,233.0,0.0
2024-12-11 03:00:00,483.1412786391051,0.0,189.0,0.0
2024-12-11 03:30:00,611.5015359457014,0.0,231.0,0.0
2024-12-11 04:00:00,710.198243643268,0.0,292.0,0.0
2024-12-11 04:30:00,588.6576815726454,0.0,235.0,0.0
2024-12-11 05:00:00,590.6363285045176,0.0,236.0,0.0
2024-12-11 05:30:00,525.1954521606149,0.0,251.0,0.0
2024-12-11 06:00:00,571.3956872326108,0.0,250.0,0.0
2024-12-11 06:30:00,628.949365579465,0.0,252.0,0.0
2024-12-11 07:00:00,544.9907065378706,0.0,248.0,0.0
2024-12-11 07:30:00,630.6852402752298,0.0,239.0,0.0
2024-12-11 08:00:00,647.7852815244529,0.0,246.0,0.0
2024-12-11 08:30:00,694.3142546677086,0.0,253.0,0.0
2024-12-11 09:00:00,862.2896599492163,0.0,369.0,0.0
2024-12-11 09:30:00,790.3213224350906,0.0,348.0,0.0
2024-12-11 10:00:00,646.7502821020618,0.0,270.0,0.0
2024-12-11 10:30:00,635.4580061071249,0.0,244.0,0.0
2024-12-11 11:00:00,637.6339797752986,0.0,266.0,0.0
2024-12-11 11:30:00,651.480225015739,0.0,252.99999999999997,0.0
2024-12-11 12:00:00,786.0593352182768,0.0,312.0,0.0
2024-12-11 12:30:00,928.1847154231242,0.0,383.0,0.0
2024-12-11 13:00:00,759.6428435485757,0.0,307.0,0.0
2024-12-11 13:30:00,674.650158647342,0.0,249.0,0.0
2024-12-11 14:00:00,653.6028176318646,0.0,275.0,0.0
2024-12-11 14:30:00,649.5072413413293,0.0,256.0,0.0
2024-12-11 15:00:00,821.6289266503691,0.0,318.0,0.0
2024-12-11 15:30:00,891.8663055318167,0.0,383.0,0.0
2024-12-11 16:00:00,769.7223303307303,0.0,288.0,0.0
2024-12-11 16:30:00,682.0811633010848,0.0,289.0,0.0
2024-12-11 17:00:00,693.2321802334093,0.0,287.0,0.0
2024-12-11 17:30:00,928.2219811784047,0.0,395.0,0.0
2024-12-11 18:00:00,811.5941162600546,0.0,333.0,0.0
2024-12-11 18:30:00,641.0115592317952,0.0,268.0,0.0
2024-12-11 19:00:00,649.2433248786962,0.0,266.0,0.0
2024-12-11 19:30:00,634.3408080941455,0.0,272.0,0.0
2024-12-11 20:00:00,833.6874405887429,0.0,352.0,0.0
2024-12-11 20:30:00,876.2742807720742,0.0,328.0,0.0
2024-12-11 21:00:00,691.2663408887104,0.0,273.0,0.0
2024-12-11 21:30:00,715.3364046439874,0.0,281.0,0.0
2024-12-11 22:00:00,825.545129497017,0.0,320.0,0.0
2024-12-11 22:30:00,867.0325895686094,0.0,402.0,0.0
2024-12-11 23:00:00,712.7444765624043,0.0,321.0,0.0
2024-12-11 23:30:00,696.1819984552349,0.0,314.0,0.0
2024-12-12 00:00:00,615.6947460237363,0.0,270.0,0.0
2024-12-12 00:30:00,543.9130901129353,0.0,240.0,0.0
2024-12-12 01:00:00,581.5357584228408,0.0,253.0,0.0
2024-12-12 01:30:00,527.4376668023493,0.0,208.0,0.0
2024-12-12 02:00:00,505.7246615206486,0.0,205.0,0.0
2024-12-12 02:30:00,398.4416965471948,0.0,149.0,0.0
2024-12-12 03:00:00,314.55029967065315,0.0,136.0,0.0
2024-12-12 03:30:00,322.8890605080518,0.0,144.0,0.0
2024-12-12 04:00:00,280.72983283145993,0.0,139.0,0.0
2024-12-12 04:30:00,294.5945341423272,0.0,140.0,0.0
2024-12-12 05:00:00,262.64866822342907,0.0,139.0,0.0
2024-12-12 05:30:00,279.3692202737317,0.0,138.0,0.0
2024-12-12 06:00:00,282.59952131127557,0.0,137.0,0.0
2024-12-12 06:30:00,265.37774101438015,0.0,119.0,0.0
2024-12-12 07:00:00,115.49728300700409,0.0,70.0,0.0
2024-12-12 07:30:00,116.79931811050703,0.0,69.0,0.0
2024-12-12 08:00:00,110.29199301735017,0.0,67.0,0.0
2024-12-12 08:30:00,124.59139396460948,0.0,67.0,0.0
2024-12-12 09:00:00,126.24236767550742,0.0,64.0,0.0
2024-12-12 09:30:00,164.80527201749763,0.0,68.0,0.0
2024-12-12 10:00:00,132.57591438670565,0.0,70.0,0.0
2024-12-12 10:30:00,181.50183531037888,0.0,73.0,0.0
2024-12-12 11:00:00,182.12304693482938,0.0,67.0,0.0
2024-12-12 11:30:00,157.40915723348937,0.0,68.0,0.0
2024-12-12 12:00:00,177.76086259092904,0.0,68.0,0.0
2024-12-12 12:30:00,180.74620105259962,0.0,70.0,0.0
2024-12-12 13:00:00,168.3140988296607,0.0,72.0,0.0
2024-12-12 13:30:00,156.51425609921583,0.0,67.0,0.0
2024-12-12 14:00:00,175.48102628044285,0.0,72.0,0.0
2024-12-12 14:30:00,159.37176366879288,0.0,74.0,0.0
2024-12-12 15:00:00,165.11433255052418,0.0,73.0,0.0
2024-12-12 15:30:00,167.24380051966588,0.0,71.0,0.0
2024-12-12 16:00:00,173.5754933352278,0.0,72.0,0.0
2024-12-12 16:30:00,159.4815690020928,0.0,73.0,0.0
2024-12-12 17:00:00,158.05805167432166,0.0,69.0,0.0
2024-12-12 17:30:00,105.378613855155,0.0,48.0,0.0
2024-12-12 18:00:00,98.8140608067233,0.0,51.00000000000001,0.0
2024-12-12 18:30:00,99.37973955291238,0.0,49.99999999999999,0.0
2024-12-12 19:00:00,81.55200790897561,0.0,49.0,0.0
2024-12-12 19:30:00,93.57246533392498,0.0,52.0,0.0
2024-12-12 20:00:00,89.89569902030841,0.0,55.0,0.0
2024-12-12 20:30:00,100.93233158987877,0.0,56.0,0.0
2024-12-12 21:00:00,91.53310908382106,0.0,56.00000000000001,0.0
2024-12-12 21:30:00,95.64116596821569,0.0,61.0,0.0
2024-12-12 22:00:00,98.91707570220987,0.0,63.0,0.0
2024-12-12 22:30:00,105.4367552162948,0.0,65.0,0.0
2024-12-12 23:00:00,108.54619836482235,0.0,64.0,0.0
2024-12-12 23:30:00,109.40344914326306,0.0,66.0,0.0
2024-12-13 00:00:00,566.115077645195,0.0,232.0,0.0
2024-12-13 00:30:00,673.4988182365772,0.0,273.0,0.0
2024-12-13 01:00:00,729.1944628132346,0.0,305.0,0.0
2024-12-13 01:30:00,781.398570588464,0.0,296.0,0.0
2024-12-13 02:00:00,726.4025597591202,0.0,276.0,0.0
2024-12-13 02:30:00,663.4489518288601,0.0,277.0,0.0
2024-12-13 03:00:00,656.151674063431,0.0,270.0,0.0
2024-12-13 03:30:00,796.6043600270934,0.0,345.0,0.0
2024-12-13 04:00:00,851.6645451780781,0.0,352.0,0.0
2024-12-13 04:30:00,758.1592896486234,0.0,332.0,0.0
2024-12-13 05:00:00,772.0535668896556,0.0,319.0,0.0
2024-12-13 05:30:00,817.0056714965223,0.0,335.0,0.0
2024-12-13 06:00:00,757.6763686416953,0.0,372.0,0.0
2024-12-13 06:30:00,807.1499214364037,0.0,344.0,0.0
2024-12-13 07:00:00,760.4590252146343,0.0,341.0,0.0
2024-12-13 07:30:00,710.6129059881024,0.0,301.0,0.0
2024-12-13 08:00:00,841.7251968499813,0.0,351.0,0.0
2024-12-13 08:30:00,941.3533997950202,0.0,391.0,0.0
2024-12-13 09:00:00,939.975517075624,0.0,347.0,0.0
2024-12-13 09:30:00,742.3784050586758,0.0,297.0,0.0
2024-12-13 10:00:00,877.9614602304747,0.0,372.0,0.0
2024-12-13 10:30:00,1001.2228517124012,0.0,369.0,0.0
2024-12-13 11:00:00,723.3643706247462,0.0,298.0,0.0
2024-12-13 11:30:00,683.0392998503149,0.0,249.0,0.0
2024-12-13 12:00:00,632.2682336244497,0.0,261.0,0.0
2024-12-13 12:30:00,674.5417623225851,0.0,249.0,0.0
2024-12-13 13:00:00,653.7765868436836,0.0,253.0,0.0
2024-12-13 13:30:00,596.0339375501567,0.0,244.0,0.0
2024-12-13 14:00:00,591.9311625320597,0.0,239.0,0.0
2024-12-13 14:30:00,572.501447575889,0.0,239.0,0.0
2024-12-13 15:00:00,605.9676921441239,0.0,231.0,0.0
2024-12-13 15:30:00,618.4783097411566,0.0,228.0,0.0
2024-12-13 16:00:00,580.7590211495298,0.0,221.00000000000003,0.0
2024-12-13 16:30:00,572.9043766358695,0.0,228.0,0.0
2024-12-13 17:00:00,609.6583431699321,0.0,251.0,0.0
2024-12-13 17:30:00,622.3219692096696,0.0,231.99999999999997,0.0
2024-12-13 18:00:00,711.3825113291267,0.0,264.0,0.0
2024-12-13 18:30:00,635.6447582578098,0.0,252.0,0.0
2024-12-13 19:00:00,692.4318515340883,0.0,289.0,0.0
2024-12-13 19:30:00,725.9739027953016,0.0,268.0,0.0
2024-12-13 20:00:00,753.1622368175973,0.0,267.0,0.0
2024-12-13 20:30:00,761.5728409538768,0.0,285.0,0.0
2024-12-13 21:00:00,708.2862752760551,0.0,296.0,0.0
2024-12-13 21:30:00,761.0764383692039,0.0,291.0,0.0
2024-12-13 22:00:00,809.1907687603052,0.0,332.0,0.0
2024-12-13 22:30:00,891.4743192849124,0.0,364.0,0.0
2024-12-13 23:00:00,710.3313962596465,0.0,258.0,0.0
2024-12-13 23:30:00,596.241632177309,0.0,262.0,0.0
2024-12-14 00:00:00,1065.7902525786951,0.0,435.0,0.0
2024-12-14 00:30:00,1188.3421283846237,0.0,435.0,0.0
2024-12-14 01:00:00,1251.3778397839956,0.0,536.0,0.0
2024-12-14 01:30:00,1332.9291988693606,0.0,553.0,0.0
2024-12-14 02:00:00,1247.792988448687,0.0,545.0,0.0
2024-12-14 02:30:00,1193.366090003227,0.0,519.0,0.0
2024-12-14 03:00:00,933.0224851278075,0.0,399.0,0.0
2024-12-14 03:30:00,897.0782969489729,0.0,382.0,0.0
2024-12-14 04:00:00,1053.108158210079,0.0,439.0,0.0
2024-12-14 04:30:00,1170.261010526979,0.0,467.0,0.0
2024-12-14 05:00:00,1201.6683391566905,0.0,453.0,0.0
2024-12-14 05:30:00,1422.0305421872686,0.0,552.0,0.0
2024-12-14 06:00:00,1027.0468028273792,0.0,458.0,0.0
2024-12-14 06:30:00,976.3282518770437,0.0,427.0,0.0
2024-12-14 07:00:00,1076.538314124149,0.0,426.0,0.0
2024-12-14 07:30:00,1045.3886066550494,0.0,417.0,0.0
2024-12-14 08:00:00,1126.6183680212732,0.0,523.0,0.0
2024-12-14 08:30:00,1335.478611883817,0.0,626.0,0.0
2024-12-14 09:00:00,1522.222543077552,0.0,640.0,0.0
2024-12-14 09:30:00,1150.0352332393443,0.0,503.0,0.0
2024-12-14 10:00:00,1055.043916930687,0.0,450.0,0.0
2024-12-14 10:30:00,1123.41889873943,0.0,465.0,0.0
2024-12-14 11:00:00,1385.4166209820114,0.0,555.0,0.0
2024-12-14 11:30:00,1603.2812525906197,0.0,623.0,0.0
2024-12-14 12:00:00,1260.745136641692,0.0,574.0,0.0
2024-12-14 12:30:00,1068.8325682855145,0.0,430.0,0.0
2024-12-14 13:00:00,1139.7806650595485,0.0,474.0,0.0
2024-12-14 13:30:00,1218.3955564080204,0.0,548.0,0.0
2024-12-14 14:00:00,1210.4812150363111,0.0,551.0,0.0
2024-12-14 14:30:00,1232.6657061112444,0.0,552.0,0.0
2024-12-14 15:00:00,1408.80677010846,0.0,569.0,0.0
2024-12-14 15:30:00,1273.837343048143,0.0,501.0,0.0
2024-12-14 16:00:00,1401.7598381963255,0.0,556.0,0.0
2024-12-14 16:30:00,1139.401090798084,0.0,493.0,0.0
2024-12-14 17:00:00,1099.3408266646843,0.0,445.0,0.0
2024-12-14 17:30:00,1272.3223226755315,0.0,516.0,0.0
2024-12-14 18:00:00,1446.5428237405145,0.0,592.0,0.0
2024-12-14 18:30:00,1386.3758529157826,0.0,591.0,0.0
2024-12-14 19:00:00,1250.5684119534847,0.0,528.0,0.0
2024-12-14 19:30:00,1184.9003935502587,0.0,468.0,0.0
2024-12-14 20:00:00,1095.0280898970727,0.0,424.0,0.0
2024-12-14 20:30:00,1047.7712262309662,0.0,450.0,0.0
2024-12-14 21:00:00,1345.0672395113538,0.0,545.0,0.0
2024-12-14 21:30:00,1477.2370441915812,0.0,592.0,0.0
2024-12-14 22:00:00,1411.5245570458806,0.0,587.0,0.0
2024-12-14 22:30:00,1351.248931371797,0.0,549.0,0.0
2024-12-14 23:00:00,1163.3175781524478,0.0,494.00000000000006,0.0
2024-12-14 23:30:00,1170.960512387627,0.0,495.0,0.0
2024-12-15 00:00:00,723.3878109144713,0.0,278.0,0.0
2024-12-15 00:30:00,963.4431537769957,0.0,327.0,0.0
2024-12-15 01:00:00,1029.6088068283009,0.0,381.0,0.0
2024-12-15 01:30:00,819.6413399594541,0.0,315.0,0.0
2024-12-15 02:00:00,673.7603069674864,0.0,278.0,0.0
2024-12-15 02:30:00,694.373801216503,0.0,281.0,0.0
2024-12-15 03:00:00,802.1159767072297,0.0,295.0,0.0
2024-12-15 03:30:00,969.091915706941,0.0,355.0,0.0
2024-12-15 04:00:00,974.557704603375,0.0,358.0,0.0
2024-12-15 04:30:00,722.0983659280937,0.0,277.0,0.0
2024-12-15 05:00:00,665.8926711713498,0.0,277.0,0.0
2024-12-15 05:30:00,730.8180363654773,0.0,283.0,0.0
2024-12-15 06:00:00,884.2427747033378,0.0,373.0,0.0
2024-12-15 06:30:00,781.0250778224591,0.0,330.0,0.0
2024-12-15 07:00:00,717.0126747185178,0.0,280.0,0.0
2024-12-15 07:30:00,767.3008577350741,0.0,279.0,0.0
2024-12-15 08:00:00,772.2961702804718,0.0,268.0,0.0
2024-12-15 08:30:00,765.322072943536,0.0,276.0,0.0
2024-12-15 09:00:00,690.1487313247567,0.0,256.0,0.0
2024-12-15 09:30:00,634.5231278913894,0.0,265.0,0.0
2024-12-15 10:00:00,685.3238681426673,0.0,275.0,0.0
2024-12-15 10:30:00,592.6229354875571,0.0,245.0,0.0
2024-12-15 11:00:00,585.5383820058353,0.0,246.0,0.0
2024-12-15 11:30:00,624.0029765683388,0.0,229.0,0.0
2024-12-15 12:00:00,760.1361051916199,0.0,296.0,0.0
2024-12-15 12:30:00,832.5204752564779,0.0,288.0,0.0
2024-12-15 13:00:00,644.374526509944,0.0,239.99999999999997,0.0
2024-12-15 13:30:00,538.4535067699936,0.0,206.0,0.0
2024-12-15 14:00:00,577.1052393581958,0.0,219.0,0.0
2024-12-15 14:30:00,825.3624919794984,0.0,320.0,0.0
2024-12-15 15:00:00,683.1758861900433,0.0,284.0,0.0
2024-12-15 15:30:00,752.3501687038902,0.0,287.0,0.0
2024-12-15 16:00:00,771.2833069945058,0.0,300.0,0.0
2024-12-15 16:30:00,731.2863921611789,0.0,279.0,0.0
2024-12-15 17:00:00,903.4283309177474,0.0,319.0,0.0
2024-12-15 17:30:00,717.8497752219565,0.0,292.0,0.0
2024-12-15 18:00:00,777.0358134226311,0.0,274.0,0.0
2024-12-15 18:30:00,769.2161718838033,0.0,295.0,0.0
2024-12-15 19:00:00,855.4615155601725,0.0,307.0,0.0
2024-12-15 19:30:00,952.84895908853,0.0,350.0,0.0
2024-12-15 20:00:00,984.6076428863122,0.0,370.0,0.0
2024-12-15 20:30:00,863.6728780821776,0.0,354.0,0.0
2024-12-15 21:00:00,889.7069654829353,0.0,355.0,0.0
2024-12-15 21:30:00,1042.8676745325674,0.0,395.0,0.0
2024-12-15 22:00:00,1081.7038556017558,0.0,381.0,0.0
2024-12-15 22:30:00,936.2982324800382,0.0,354.0,0.0
2024-12-15 23:00:00,889.2250654480898,0.0,362.0,0.0
2024-12-15 23:30:00,920.8657805429926,0.0,351.0,0.0
2024-12-16 00:00:00,589.8990323184365,0.0,192.99999999999997,0.0
2024-12-16 00:30:00,679.5939643184097,0.0,282.0,0.0
2024-12-16 01:00:00,663.3377815048002,0.0,279.0,0.0
2024-12-16 01:30:00,693.9378113235832,0.0,278.0,0.0
2024-12-16 02:00:00,583.4813202807401,0.0,250.00000000000003,0.0
2024-12-16 02:30:00,609.3120766817389,0.0,260.0,0.0
2024-12-16 03:00:00,594.9813740950214,0.0,273.0,0.0
2024-12-16 03:30:00,550.2138041383405,0.0,229.0,0.0
2024-12-16 04:00:00,577.0331934099228,0.0,255.0,0.0
2024-12-16 04:30:00,540.3544661735737,0.0,267.0,0.0
2024-12-16 05:00:00,622.7374081761747,0.0,277.0,0.0
2024-12-16 05:30:00,649.2102712370668,0.0,298.0,0.0
2024-12-16 06:00:00,642.3722266186385,0.0,277.0,0.0
2024-12-16 06:30:00,581.2227789795306,0.0,222.0,0.0
2024-12-16 07:00:00,534.0913902744546,0.0,220.0,0.0
2024-12-16 07:30:00,570.2050864820051,0.0,231.0,0.0
2024-12-16 08:00:00,676.8364394577079,0.0,255.0,0.0
2024-12-16 08:30:00,647.1400136250527,0.0,262.0,0.0
2024-12-16 09:00:00,640.3352221673094,0.0,268.0,0.0
2024-12-16 09:30:00,698.3958367633495,0.0,288.0,0.0
2024-12-16 10:00:00,646.3897403210824,0.0,279.0,0.0
2024-12-16 10:30:00,671.3936253305253,0.0,286.0,0.0
2024-12-16 11:00:00,805.9756581345555,0.0,294.0,0.0
2024-12-16 11:30:00,828.8934113495105,0.0,326.0,0.0
2024-12-16 12:00:00,669.2825549261469,0.0,261.0,0.0
2024-12-16 12:30:00,666.4817811914019,0.0,253.0,0.0
2024-12-16 13:00:00,644.6727399936094,0.0,280.0,0.0
2024-12-16 13:30:00,934.379782021026,0.0,353.0,0.0
2024-12-16 14:00:00,663.4761330251687,0.0,237.0,0.0
2024-12-16 14:30:00,657.8685759146036,0.0,255.0,0.0
2024-12-16 15:00:00,696.282736242161,0.0,255.00000000000003,0.0
2024-12-16 15:30:00,768.2347014320942,0.0,278.0,0.0
2024-12-16 16:00:00,732.6144652344486,0.0,277.0,0.0
2024-12-16 16:30:00,769.4503474143839,0.0,287.0,0.0
2024-12-16 17:00:00,828.6982187662984,0.0,339.0,0.0
2024-12-16 17:30:00,1108.4181069310584,0.0,453.0,0.0
2024-12-16 18:00:00,904.9704152901929,0.0,400.0,0.0
2024-12-16 18:30:00,913.417345895653,0.0,371.0,0.0
2024-12-16 19:00:00,930.0490480299812,0.0,334.0,0.0
2024-12-16 19:30:00,796.4812060620754,0.0,312.0,0.0
2024-12-16 20:00:00,866.6325253250512,0.0,364.0,0.0
2024-12-16 20:30:00,999.5160210616581,0.0,398.0,0.0
2024-12-16 21:00:00,995.459981533434,0.0,414.0,0.0
2024-12-16 21:30:00,818.3812586720891,0.0,347.0,0.0
2024-12-16 22:00:00,841.774690656592,0.0,337.0,0.0
2024-12-16 22:30:00,989.9250319974811,0.0,371.0,0.0
2024-12-16 23:00:00,1054.5230606130526,0.0,446.0,0.0
2024-12-16 23:30:00,946.3183667600721,0.0,368.0,0.0
2024-12-17 00:00:00,702.2980588647325,0.0,267.0,0.0
2024-12-17 00:30:00,561.867059320282,0.0,244.0,0.0
2024-12-17 01:00:00,728.2182415711308,0.0,302.0,0.0
2024-12-17 01:30:00,713.644395445353,0.0,300.0,0.0
2024-12-17 02:00:00,708.9622640548736,0.0,269.0,0.0
2024-12-17 02:30:00,607.9961048956743,0.0,256.0,0.0
2024-12-17 03:00:00,582.4948361710658,0.0,237.0,0.0
2024-12-17 03:30:00,628.8627944086751,0.0,236.0,0.0
2024-12-17 04:00:00,655.0308495454457,0.0,255.0,0.0
2024-12-17 04:30:00,708.4432092333908,0.0,339.0,0.0
2024-12-17 05:00:00,712.1608196715109,0.0,325.0,0.0
2024-12-17 05:30:00,634.6870326384775,0.0,258.0,0.0
2024-12-17 06:00:00,597.1839649619051,0.0,259.0,0.0
2024-12-17 06:30:00,642.2949719585671,0.0,307.0,0.0
2024-12-17 07:00:00,703.7216646240133,0.0,300.0,0.0
2024-12-17 07:30:00,512.7203124767597,0.0,226.0,0.0
2024-12-17 08:00:00,603.7427493770349,0.0,224.0,0.0
2024-12-17 08:30:00,526.9571627354603,0.0,199.0,0.0
2024-12-17 09:00:00,490.27872524305195,0.0,202.0,0.0
2024-12-17 09:30:00,533.4125945883884,0.0,213.0,0.0
2024-12-17 10:00:00,555.5246183895554,0.0,230.0,0.0
2024-12-17 10:30:00,589.0163697603723,0.0,238.0,0.0
2024-12-17 11:00:00,667.3102943270723,0.0,248.0,0.0
2024-12-17 11:30:00,720.065321466353,0.0,248.0,0.0
2024-12-17 12:00:00,710.9154004027242,0.0,278.0,0.0
2024-12-17 12:30:00,849.6517164941931,0.0,369.0,0.0
2024-12-17 13:00:00,709.5371530387889,0.0,281.0,0.0
2024-12-17 13:30:00,642.9277448378484,0.0,268.0,0.0
2024-12-17 14:00:00,708.008186539309,0.0,240.00000000000003,0.0
2024-12-17 14:30:00,788.2500666502202,0.0,327.0,0.0
2024-12-17 15:00:00,963.3789510273527,0.0,353.0,0.0
2024-12-17 15:30:00,805.0809261856458,0.0,292.0,0.0
2024-12-17 16:00:00,656.7105155501998,0.0,296.0,0.0
2024-12-17 16:30:00,610.1052061994197,0.0,248.0,0.0
2024-12-17 17:00:00,742.6179625097384,0.0,322.0,0.0
2024-12-17 17:30:00,833.5787490476312,0.0,334.0,0.0
2024-12-17 18:00:00,739.6227634092515,0.0,304.0,0.0
2024-12-17 18:30:00,762.8542395116426,0.0,270.0,0.0
2024-12-17 19:00:00,584.1459755149642,0.0,250.0,0.0
2024-12-17 19:30:00,830.6419634982512,0.0,333.0,0.0
2024-12-17 20:00:00,846.5550409212129,0.0,321.0,0.0
2024-12-17 20:30:00,724.163076146166,0.0,288.0,0.0
2024-12-17 21:00:00,621.7866732844218,0.0,245.0,0.0
2024-12-17 21:30:00,622.2989239999148,0.0,277.0,0.0
2024-12-17 22:00:00,806.8933974756002,0.0,334.0,0.0
2024-12-17 22:30:00,834.1985971744117,0.0,333.0,0.0
2024-12-17 23:00:00,751.023531186481,0.0,294.0,0.0
2024-12-17 23:30:00,677.3355753640172,0.0,266.0,0.0
2024-12-18 00:00:00,178.65875658165334,0.0,80.0,0.0
2024-12-18 00:30:00,189.13739245207427,0.0,79.0,0.0
2024-12-18 01:00:00,161.51174841472456,0.0,79.0,0.0
2024-12-18 01:30:00,161.8056841408027,0.0,82.0,0.0
2024-12-18 02:00:00,163.97324173809244,0.0,81.0,0.0
2024-12-18 02:30:00,182.097046520619,0.0,79.0,0.0
2024-12-18 03:00:00,178.37604602246063,0.0,80.0,0.0
2024-12-18 03:30:00,169.36448982549138,0.0,82.0,0.0
2024-12-18 04:00:00,168.86812485157057,0.0,80.0,0.0
2024-12-18 04:30:00,165.43812776767948,0.0,85.0,0.0
2024-12-18 05:00:00,178.1083715469184,0.0,80.0,0.0
2024-12-18 05:30:00,166.3195722370318,0.0,81.0,0.0
2024-12-18 06:00:00,167.33533117503995,0.0,81.0,0.0
2024-12-18 06:30:00,172.68104949564363,0.0,79.0,0.0
2024-12-18 07:00:00,171.82951990200422,0.0,79.0,0.0
2024-12-18 07:30:00,238.24771991437694,0.0,85.0,0.0
2024-12-18 08:00:00,428.4864468759941,0.0,160.0,0.0
2024-12-18 08:30:00,427.9684144158615,0.0,143.0,0.0
2024-12-18 09:00:00,496.39737920699525,0.0,156.0,0.0
2024-12-18 09:30:00,648.5869147193773,0.0,233.0,0.0
2024-12-18 10:00:00,587.1527406475714,0.0,183.00000000000003,0.0
2024-12-18 10:30:00,600.5582264424108,0.0,209.0,0.0
2024-12-18 11:00:00,680.6288913874076,0.0,263.0,0.0
2024-12-18 11:30:00,806.6001243274779,0.0,285.0,0.0
2024-12-18 12:00:00,702.7458590882593,0.0,257.0,0.0
2024-12-18 12:30:00,505.2116138972506,0.0,196.0,0.0
2024-12-18 13:00:00,522.447126941063,0.0,187.0,0.0
2024-12-18 13:30:00,527.9824828045274,0.0,183.0,0.0
2024-12-18 14:00:00,504.23343406423913,0.0,180.0,0.0
2024-12-18 14:30:00,555.7754633019938,0.0,176.0,0.0
2024-12-18 15:00:00,566.9843437366379,0.0,185.0,0.0
2024-12-18 15:30:00,601.1419177405361,0.0,191.00000000000003,0.0
2024-12-18 16:00:00,557.0212970175562,0.0,189.00000000000003,0.0
2024-12-18 16:30:00,624.8323825303662,0.0,219.0,0.0
2024-12-18 17:00:00,622.1150668201071,0.0,231.0,0.0
2024-12-18 17:30:00,541.2826700139008,0.0,195.0,0.0
2024-12-18 18:00:00,594.2676232690065,0.0,225.0,0.0
2024-12-18 18:30:00,515.8514521205122,0.0,208.0,0.0
2024-12-18 19:00:00,548.2988135392192,0.0,220.0,0.0
2024-12-18 19:30:00,803.1445741763577,0.0,317.0,0.0
2024-12-18 20:00:00,800.2083981269843,0.0,288.0,0.0
2024-12-18 20:30:00,608.5819363807909,0.0,224.0,0.0
2024-12-18 21:00:00,562.3455980807696,0.0,225.0,0.0
2024-12-18 21:30:00,557.6538834516512,0.0,219.0,0.0
2024-12-18 22:00:00,735.1061462736754,0.0,284.0,0.0
2024-12-18 22:30:00,779.7920268485775,0.0,337.0,0.0
2024-12-18 23:00:00,829.0684035766026,0.0,334.0,0.0
2024-12-18 23:30:00,779.8171847420673,0.0,286.0,0.0
2024-12-19 00:00:00,563.6507642094157,0.0,238.0,0.0
2024-12-19 00:30:00,608.488723848835,0.0,249.0,0.0
2024-12-19 01:00:00,636.5127127970164,0.0,248.0,0.0
2024-12-19 01:30:00,723.3910199499112,0.0,303.0,0.0
2024-12-19 02:00:00,782.8995048484014,0.0,344.0,0.0
2024-12-19 02:30:00,713.2271594891788,0.0,288.0,0.0
2024-12-19 03:00:00,595.7871009792534,0.0,270.0,0.0
2024-12-19 03:30:00,680.1987265813048,0.0,295.0,0.0
2024-12-19 04:00:00,795.0498383796223,0.0,351.0,0.0
2024-12-19 04:30:00,734.6423413447303,0.0,325.0,0.0
2024-12-19 05:00:00,612.093000572024,0.0,242.0,0.0
2024-12-19 05:30:00,627.5180068509943,0.0,274.0,0.0
2024-12-19 06:00:00,664.601399864328,0.0,284.0,0.0
2024-12-19 06:30:00,746.6161445947098,0.0,324.0,0.0
2024-12-19 07:00:00,762.4274236896712,0.0,302.0,0.0
2024-12-19 07:30:00,623.6131165042143,0.0,281.0,0.0
2024-12-19 08:00:00,668.82152723986,0.0,272.0,0.0
2024-12-19 08:30:00,698.0790986929467,0.0,283.0,0.0
2024-12-19 09:00:00,891.8070868561496,0.0,387.0,0.0
2024-12-19 09:30:00,817.4609251650842,0.0,397.0,0.0
2024-12-19 10:00:00,782.0720998316992,0.0,314.0,0.0
2024-12-19 10:30:00,697.8118475766819,0.0,305.0,0.0
2024-12-19 11:00:00,746.5607486368463,0.0,293.0,0.0
2024-12-19 11:30:00,895.3494439019911,0.0,399.0,0.0
2024-12-19 12:00:00,855.4058312616543,0.0,369.0,0.0
2024-12-19 12:30:00,769.8970449457239,0.0,303.0,0.0
2024-12-19 13:00:00,660.0583221663023,0.0,280.0,0.0
2024-12-19 13:30:00,746.1845129982325,0.0,298.0,0.0
2024-12-19 14:00:00,835.6081410229566,0.0,381.0,0.0
2024-12-19 14:30:00,794.2822850113985,0.0,338.0,0.0
2024-12-19 15:00:00,688.3995796168101,0.0,288.0,0.0
2024-12-19 15:30:00,734.4906606461797,0.0,297.0,0.0
2024-12-19 16:00:00,674.789582041753,0.0,290.0,0.0
2024-12-19 16:30:00,655.9742621499302,0.0,287.0,0.0
2024-12-19 17:00:00,825.3774970042276,0.0,394.0,0.0
2024-12-19 17:30:00,790.863304177224,0.0,317.0,0.0
2024-12-19 18:00:00,694.9019736072603,0.0,302.0,0.0
2024-12-19 18:30:00,673.8295033808662,0.0,255.0,0.0
2024-12-19 19:00:00,795.4760722079359,0.0,327.0,0.0
2024-12-19 19:30:00,799.8138046259658,0.0,363.0,0.0
2024-12-19 20:00:00,718.411783509508,0.0,303.0,0.0
2024-12-19 20:30:00,646.7428549053984,0.0,276.0,0.0
2024-12-19 21:00:00,759.959746689226,0.0,301.0,0.0
2024-12-19 21:30:00,872.5525623857623,0.0,375.0,0.0
2024-12-19 22:00:00,773.7064518492286,0.0,332.0,0.0
2024-12-19 22:30:00,657.4031183869712,0.0,312.0,0.0
2024-12-19 23:00:00,669.300843977907,0.0,283.0,0.0
2024-12-19 23:30:00,682.3631896894077,0.0,309.0,0.0
2024-12-20 00:00:00,623.8476808053086,0.0,270.0,0.0
2024-12-20 00:30:00,631.9728821794529,0.0,244.99999999999997,0.0
2024-12-20 01:00:00,578.4814877638503,0.0,240.00000000000003,0.0
2024-12-20 01:30:00,610.0855209339653,0.0,273.0,0.0
2024-12-20 02:00:00,544.8174706294462,0.0,242.0,0.0
2024-12-20 02:30:00,661.6581335762338,0.0,299.0,0.0
2024-12-20 03:00:00,749.5722333773351,0.0,324.0,0.0
2024-12-20 03:30:00,543.9410733652335,0.0,259.0,0.0
2024-12-20 04:00:00,544.8395870973625,0.0,234.0,0.0
2024-12-20 04:30:00,648.5245807581891,0.0,293.0,0.0
2024-12-20 05:00:00,732.2997017264838,0.0,324.0,0.0
2024-12-20 05:30:00,708.2976118191401,0.0,251.0,0.0
2024-12-20 06:00:00,704.6398279505263,0.0,244.0,0.0
2024-12-20 06:30:00,652.5012740976277,0.0,287.0,0.0
2024-12-20 07:00:00,643.9601148897173,0.0,292.0,0.0
2024-12-20 07:30:00,863.4443349315814,0.0,352.0,0.0
2024-12-20 08:00:00,906.4793142439308,0.0,367.0,0.0
2024-12-20 08:30:00,797.3089397009211,0.0,336.0,0.0
2024-12-20 09:00:00,741.7841127493444,0.0,324.0,0.0
2024-12-20 09:30:00,804.1002314557834,0.0,364.0,0.0
2024-12-20 10:00:00,858.0672805988469,0.0,372.0,0.0
2024-12-20 10:30:00,868.7708298543427,0.0,341.0,0.0
2024-12-20 11:00:00,746.9577804243191,0.0,312.0,0.0
2024-12-20 11:30:00,815.4971407150291,0.0,322.0,0.0
2024-12-20 12:00:00,905.6281395041871,0.0,385.0,0.0
2024-12-20 12:30:00,813.6952367184103,0.0,347.0,0.0
2024-12-20 13:00:00,748.1067533061125,0.0,335.0,0.0
2024-12-20 13:30:00,635.1562076152132,0.0,310.0,0.0
2024-12-20 14:00:00,847.4516355763872,0.0,366.0,0.0
2024-12-20 14:30:00,910.4493175776411,0.0,377.0,0.0
2024-12-20 15:00:00,815.3095032700994,0.0,304.0,0.0
2024-12-20 15:30:00,741.1218338715599,0.0,337.0,0.0
2024-12-20 16:00:00,817.1019839256633,0.0,309.0,0.0
2024-12-20 16:30:00,983.4818282985093,0.0,434.0,0.0
2024-12-20 17:00:00,1023.6471823326735,0.0,422.0,0.0
2024-12-20 17:30:00,873.8104874027628,0.0,347.0,0.0
2024-12-20 18:00:00,765.052942039179,0.0,289.0,0.0
2024-12-20 18:30:00,706.3532349012789,0.0,319.0,0.0
2024-12-20 19:00:00,992.6106654197316,0.0,416.0,0.0
2024-12-20 19:30:00,831.9741007722217,0.0,338.0,0.0
2024-12-20 20:00:00,714.7696416179646,0.0,309.0,0.0
2024-12-20 20:30:00,676.1144107798708,0.0,254.0,0.0
2024-12-20 21:00:00,713.6373067771833,0.0,252.0,0.0
2024-12-20 21:30:00,750.7478616990726,0.0,296.0,0.0
2024-12-20 22:00:00,783.7656683966788,0.0,324.0,0.0
2024-12-20 22:30:00,684.5924043300888,0.0,305.0,0.0
2024-12-20 23:00:00,692.7358263069927,0.0,328.0,0.0
2024-12-20 23:30:00,764.4902985193157,0.0,297.0,0.0
2024-12-21 00:00:00,702.6997105406385,0.0,273.0,0.0
2024-12-21 00:30:00,682.307873996127,0.0,271.0,0.0
2024-12-21 01:00:00,716.7155801444071,0.0,303.0,0.0
2024-12-21 01:30:00,804.3933282804821,0.0,352.0,0.0
2024-12-21 02:00:00,666.2615869698707,0.0,301.0,0.0
2024-12-21 02:30:00,662.4204821777818,0.0,274.0,0.0
2024-12-21 03:00:00,700.6086502305175,0.0,290.0,0.0
2024-12-21 03:30:00,660.2130366149825,0.0,285.0,0.0
2024-12-21 04:00:00,709.4583481425992,0.0,356.0,0.0
2024-12-21 04:30:00,791.7111380848231,0.0,341.0,0.0
2024-12-21 05:00:00,623.1759541518909,0.0,264.0,0.0
2024-12-21 05:30:00,652.8246594999662,0.0,270.0,0.0
2024-12-21 06:00:00,772.176513728216,0.0,318.0,0.0
2024-12-21 06:30:00,859.4817497620069,0.0,376.0,0.0
2024-12-21 07:00:00,665.4335383258524,0.0,310.0,0.0
2024-12-21 07:30:00,616.310060601637,0.0,277.0,0.0
2024-12-21 08:00:00,703.1363342612502,0.0,306.0,0.0
2024-12-21 08:30:00,807.3063340465178,0.0,338.0,0.0
2024-12-21 09:00:00,743.2948465041225,0.0,335.0,0.0
2024-12-21 09:30:00,647.6093595602805,0.0,298.0,0.0
2024-12-21 10:00:00,670.7387459370862,0.0,290.0,0.0
2024-12-21 10:30:00,769.2481606596637,0.0,348.0,0.0
2024-12-21 11:00:00,784.1454857485073,0.0,374.0,0.0
2024-12-21 11:30:00,710.6687390151543,0.0,283.0,0.0
2024-12-21 12:00:00,562.4558293272014,0.0,271.0,0.0
2024-12-21 12:30:00,608.4113482012901,0.0,272.0,0.0
2024-12-21 13:00:00,713.1573170708705,0.0,295.0,0.0
2024-12-21 13:30:00,834.235346438266,0.0,345.0,0.0
2024-12-21 14:00:00,763.7012428654092,0.0,301.0,0.0
2024-12-21 14:30:00,741.2114165330302,0.0,299.0,0.0
2024-12-21 15:00:00,640.7724852974944,0.0,279.0,0.0
2024-12-21 15:30:00,876.597262505997,0.0,345.0,0.0
2024-12-21 16:00:00,820.3743387341328,0.0,348.0,0.0
2024-12-21 16:30:00,625.5019302899834,0.0,308.0,0.0
2024-12-21 17:00:00,691.0934483004788,0.0,271.0,0.0
2024-12-21 17:30:00,632.102513041835,0.0,293.0,0.0
2024-12-21 18:00:00,854.4742828570722,0.0,361.0,0.0
2024-12-21 18:30:00,773.3096208436438,0.0,318.0,0.0
2024-12-21 19:00:00,711.3504408712333,0.0,301.0,0.0
2024-12-21 19:30:00,652.7879954846975,0.0,282.0,0.0
2024-12-21 20:00:00,687.8408460565662,0.0,300.0,0.0
2024-12-21 20:30:00,632.4793956437518,0.0,288.0,0.0
2024-12-21 21:00:00,683.7420725484844,0.0,270.0,0.0
2024-12-21 21:30:00,657.1353971857613,0.0,287.0,0.0
2024-12-21 22:00:00,623.9493721527134,0.0,284.0,0.0
2024-12-21 22:30:00,654.6596515967362,0.0,272.0,0.0
2024-12-21 23:00:00,730.187089155438,0.0,297.0,0.0
2024-12-21 23:30:00,754.170306185605,0.0,335.0,0.0
2024-12-22 00:00:00,767.4875231044676,0.0,321.0,0.0
2024-12-22 00:30:00,591.7519006878797,0.0,282.0,0.0
2024-12-22 01:00:00,620.5625590823287,0.0,238.00000000000003,0.0
2024-12-22 01:30:00,582.8700672576864,0.0,238.0,0.0
2024-12-22 02:00:00,708.0978723891608,0.0,307.0,0.0
2024-12-22 02:30:00,847.0669157273963,0.0,333.0,0.0
2024-12-22 03:00:00,751.4498246112184,0.0,298.0,0.0
2024-12-22 03:30:00,635.5240226364116,0.0,245.0,0.0
2024-12-22 04:00:00,564.3792234790274,0.0,260.0,0.0
2024-12-22 04:30:00,671.2688698744197,0.0,310.0,0.0
2024-12-22 05:00:00,762.7257443517136,0.0,347.0,0.0
2024-12-22 05:30:00,635.8534093733575,0.0,293.0,0.0
2024-12-22 06:00:00,596.6865204642169,0.0,263.0,0.0
2024-12-22 06:30:00,637.395172977793,0.0,288.0,0.0
2024-12-22 07:00:00,700.564726114082,0.0,327.0,0.0
2024-12-22 07:30:00,767.5579298530798,0.0,323.0,0.0
2024-12-22 08:00:00,582.1428049567708,0.0,224.0,0.0
2024-12-22 08:30:00,537.1653082857778,0.0,233.0,0.0
2024-12-22 09:00:00,614.8375617629497,0.0,236.0,0.0
2024-12-22 09:30:00,737.3841043244449,0.0,309.0,0.0
2024-12-22 10:00:00,712.1731102172735,0.0,284.0,0.0
2024-12-22 10:30:00,555.9185296544013,0.0,238.0,0.0
2024-12-22 11:00:00,619.4853678886823,0.0,252.0,0.0
2024-12-22 11:30:00,582.6211048801753,0.0,256.0,0.0
2024-12-22 12:00:00,643.6403138824825,0.0,300.0,0.0
2024-12-22 12:30:00,707.5803554332003,0.0,313.0,0.0
2024-12-22 13:00:00,665.5084938287955,0.0,257.0,0.0
2024-12-22 13:30:00,621.0847283949425,0.0,246.0,0.0
2024-12-22 14:00:00,599.4851764784786,0.0,269.0,0.0
2024-12-22 14:30:00,639.3468050080576,0.0,251.0,0.0
2024-12-22 15:00:00,791.3705679565306,0.0,300.0,0.0
2024-12-22 15:30:00,793.5687834639485,0.0,308.0,0.0
2024-12-22 16:00:00,612.6514577690928,0.0,281.0,0.0
2024-12-22 16:30:00,658.0711254387614,0.0,286.0,0.0
2024-12-22 17:00:00,656.0937581561899,0.0,282.0,0.0
2024-12-22 17:30:00,788.0969980361051,0.0,344.0,0.0
2024-12-22 18:00:00,643.1859886534874,0.0,279.0,0.0
2024-12-22 18:30:00,618.3788384982735,0.0,274.0,0.0
2024-12-22 19:00:00,537.0746266960635,0.0,250.0,0.0
2024-12-22 19:30:00,644.0703339626043,0.0,278.0,0.0
2024-12-22 20:00:00,739.1538238233542,0.0,336.0,0.0
2024-12-22 20:30:00,742.6308892152982,0.0,315.0,0.0
2024-12-22 21:00:00,626.1130358759593,0.0,286.0,0.0
2024-12-22 21:30:00,575.3908724305113,0.0,260.0,0.0
2024-12-22 22:00:00,675.1245740239104,0.0,305.0,0.0
2024-12-22 22:30:00,771.8472077504797,0.0,315.0,0.0
2024-12-22 23:00:00,762.6040940036986,0.0,303.0,0.0
2024-12-22 23:30:00,677.970545356323,0.0,264.0,0.0
2024-12-23 00:00:00,599.7661223695247,0.0,282.0,0.0
2024-12-23 00:30:00,598.5774298802631,0.0,257.0,0.0
2024-12-23 01:00:00,656.5301143062268,0.0,244.0,0.0
2024-12-23 01:30:00,546.0274749043488,0.0,221.0,0.0
2024-12-23 02:00:00,599.5020174962619,0.0,249.0,0.0
2024-12-23 02:30:00,646.4916831935244,0.0,250.0,0.0
2024-12-23 03:00:00,555.8008458469343,0.0,265.0,0.0
2024-12-23 03:30:00,660.1256378087198,0.0,283.0,0.0
2024-12-23 04:00:00,668.8080566470492,0.0,298.0,0.0
2024-12-23 04:30:00,596.9402230295225,0.0,248.0,0.0
2024-12-23 05:00:00,502.30154124286753,0.0,245.0,0.0
2024-12-23 05:30:00,570.1804945804587,0.0,238.0,0.0
2024-12-23 06:00:00,684.5500999459654,0.0,295.0,0.0
2024-12-23 06:30:00,692.383259347931,0.0,272.0,0.0
2024-12-23 07:00:00,560.5363105959227,0.0,246.0,0.0
2024-12-23 07:30:00,578.7325489041635,0.0,232.0,0.0
2024-12-23 08:00:00,553.1331101023187,0.0,227.0,0.0
2024-12-23 08:30:00,559.9113056644958,0.0,214.0,0.0
2024-12-23 09:00:00,696.9037940529414,0.0,227.00000000000003,0.0
2024-12-23 09:30:00,662.6957464669917,0.0,264.0,0.0
2024-12-23 10:00:00,713.4818670791104,0.0,322.0,0.0
2024-12-23 10:30:00,826.6672568949565,0.0,361.0,0.0
2024-12-23 11:00:00,675.2701177213215,0.0,298.0,0.0
2024-12-23 11:30:00,615.3939918321986,0.0,271.0,0.0
2024-12-23 12:00:00,645.6445516052639,0.0,283.0,0.0
2024-12-23 12:30:00,833.659088052898,0.0,368.0,0.0
2024-12-23 13:00:00,850.480617569829,0.0,361.0,0.0
2024-12-23 13:30:00,694.7473015632465,0.0,272.0,0.0
2024-12-23 14:00:00,673.7699366263598,0.0,268.0,0.0
2024-12-23 14:30:00,598.294641800797,0.0,280.0,0.0
2024-12-23 15:00:00,694.1302343128995,0.0,332.0,0.0
2024-12-23 15:30:00,893.9952488135486,0.0,362.0,0.0
2024-12-23 16:00:00,830.5607806264718,0.0,340.0,0.0
2024-12-23 16:30:00,681.2838313197985,0.0,282.0,0.0
2024-12-23 17:00:00,852.3842161198064,0.0,368.0,0.0
2024-12-23 17:30:00,827.139809075556,0.0,356.0,0.0
2024-12-23 18:00:00,693.7538439061994,0.0,280.0,0.0
2024-12-23 18:30:00,706.7731878224325,0.0,286.0,0.0
2024-12-23 19:00:00,727.7126102183781,0.0,308.0,0.0
2024-12-23 19:30:00,887.3083575381861,0.0,343.0,0.0
2024-12-23 20:00:00,765.630941306526,0.0,294.0,0.0
2024-12-23 20:30:00,655.6519127544251,0.0,273.0,0.0
2024-12-23 21:00:00,624.1208224715429,0.0,264.0,0.0
2024-12-23 21:30:00,631.1113547622743,0.0,280.0,0.0
2024-12-23 22:00:00,738.2950010983211,0.0,311.0,0.0
2024-12-23 22:30:00,646.8067570182279,0.0,267.0,0.0
2024-12-23 23:00:00,792.9422833094673,0.0,326.0,0.0
2024-12-23 23:30:00,756.1310055158539,0.0,289.0,0.0
2024-12-24 00:00:00,693.0179487211441,0.0,256.0,0.0
2024-12-24 00:30:00,656.2974239199094,0.0,236.0,0.0
2024-12-24 01:00:00,743.2869040381975,0.0,335.0,0.0
2024-12-24 01:30:00,895.1491896992371,0.0,347.0,0.0
2024-12-24 02:00:00,736.2138201332291,0.0,305.0,0.0
2024-12-24 02:30:00,636.7764099128862,0.0,283.0,0.0
2024-12-24 03:00:00,706.42789623263,0.0,262.0,0.0
2024-12-24 03:30:00,775.5043246780867,0.0,340.0,0.0
2024-12-24 04:00:00,819.7979969300319,0.0,356.0,0.0
2024-12-24 04:30:00,737.4656061369345,0.0,311.0,0.0
2024-12-24 05:00:00,662.7387233274324,0.0,257.0,0.0
2024-12-24 05:30:00,615.0736009715675,0.0,228.0,0.0
2024-12-24 06:00:00,796.0454858472424,0.0,356.0,0.0
2024-12-24 06:30:00,846.0146778209167,0.0,355.0,0.0
2024-12-24 07:00:00,760.207367061471,0.0,304.0,0.0
2024-12-24 07:30:00,558.4560919732155,0.0,260.0,0.0
2024-12-24 08:00:00,723.7099838542846,0.0,289.0,0.0
2024-12-24 08:30:00,711.1042798975056,0.0,323.0,0.0
2024-12-24 09:00:00,886.4279968422011,0.0,383.0,0.0
2024-12-24 09:30:00,748.2278880971629,0.0,353.0,0.0
2024-12-24 10:00:00,721.5184243478851,0.0,336.0,0.0
2024-12-24 10:30:00,684.7218658038666,0.0,316.0,0.0
2024-12-24 11:00:00,816.3647764216729,0.0,347.0,0.0
2024-12-24 11:30:00,860.9220956048628,0.0,383.0,0.0
2024-12-24 12:00:00,837.111091633333,0.0,332.0,0.0
2024-12-24 12:30:00,680.7569076340517,0.0,276.0,0.0
2024-12-24 13:00:00,669.5173486979128,0.0,306.0,0.0
2024-12-24 13:30:00,787.9259861108054,0.0,334.0,0.0
2024-12-24 14:00:00,933.403028037099,0.0,365.0,0.0
2024-12-24 14:30:00,647.7999703864926,0.0,292.0,0.0
2024-12-24 15:00:00,645.4504024830447,0.0,303.0,0.0
2024-12-24 15:30:00,632.4761635200572,0.0,318.0,0.0
2024-12-24 16:00:00,715.4219698136638,0.0,338.0,0.0
2024-12-24 16:30:00,855.6107537173439,0.0,399.0,0.0
2024-12-24 17:00:00,676.5687043307278,0.0,309.0,0.0
2024-12-24 17:30:00,644.7702773640469,0.0,285.0,0.0
2024-12-24 18:00:00,612.4888983518126,0.0,291.0,0.0
2024-12-24 18:30:00,611.087889015747,0.0,294.0,0.0
2024-12-24 19:00:00,812.3577088837591,0.0,321.0,0.0
2024-12-24 19:30:00,690.8450884716478,0.0,286.0,0.0
2024-12-24 20:00:00,647.9167749383772,0.0,272.0,0.0
2024-12-24 20:30:00,617.1627330421604,0.0,285.0,0.0
2024-12-24 21:00:00,619.7413083496638,0.0,289.0,0.0
2024-12-24 21:30:00,650.6236720183695,0.0,287.0,0.0
2024-12-24 22:00:00,823.3772489619242,0.0,357.0,0.0
2024-12-24 22:30:00,904.9484860528469,0.0,356.0,0.0
2024-12-24 23:00:00,762.0167065590853,0.0,321.0,0.0
2024-12-24 23:30:00,700.5537039928465,0.0,311.0,0.0
2024-12-25 00:00:00,121.67620691279345,0.0,80.0,0.0
2024-12-25 00:30:00,110.195500403375,0.0,79.0,0.0
2024-12-25 01:00:00,129.26970366635842,0.0,79.0,0.0
2024-12-25 01:30:00,115.73025601000688,0.0,82.0,0.0
2024-12-25 02:00:00,121.0596553571853,0.0,81.0,0.0
2024-12-25 02:30:00,123.03252774413811,0.0,79.0,0.0
2024-12-25 03:00:00,112.82136082708168,0.0,80.0,0.0
2024-12-25 03:30:00,116.10342696352471,0.0,82.0,0.0
2024-12-25 04:00:00,119.04904180143531,0.0,80.0,0.0
2024-12-25 04:30:00,137.98599346196534,0.0,85.0,0.0
2024-12-25 05:00:00,121.16117269028946,0.0,80.0,0.0
2024-12-25 05:30:00,128.2099864317276,0.0,81.0,0.0
2024-12-25 06:00:00,125.83234387625453,0.0,81.0,0.0
2024-12-25 06:30:00,119.46448926705128,0.0,79.0,0.0
2024-12-25 07:00:00,115.41649355085298,0.0,79.0,0.0
2024-12-25 07:30:00,177.69798901736206,0.0,85.0,0.0
2024-12-25 08:00:00,277.3266742780032,0.0,160.0,0.0
2024-12-25 08:30:00,311.18220703169214,0.0,143.0,0.0
2024-12-25 09:00:00,324.25856520964265,0.0,156.0,0.0
2024-12-25 09:30:00,382.64758468669345,0.0,233.00000000000003,0.0
2024-12-25 10:00:00,388.40868918167496,0.0,183.0,0.0
2024-12-25 10:30:00,438.51842394948955,0.0,209.0,0.0
2024-12-25 11:00:00,488.0664584314099,0.0,263.0,0.0
2024-12-25 11:30:00,566.2881853557124,0.0,285.0,0.0
2024-12-25 12:00:00,467.0162056147499,0.0,257.0,0.0
2024-12-25 12:30:00,355.86866656042866,0.0,196.00000000000003,0.0
2024-12-25 13:00:00,370.48378709010314,0.0,187.00000000000003,0.0
2024-12-25 13:30:00,371.7117419919318,0.0,183.0,0.0
2024-12-25 14:00:00,355.89862004852085,0.0,180.0,0.0
2024-12-25 14:30:00,384.4347335821487,0.0,176.0,0.0
2024-12-25 15:00:00,371.11340617349265,0.0,185.0,0.0
2024-12-25 15:30:00,399.9296671102807,0.0,191.0,0.0
2024-12-25 16:00:00,386.1538985761218,0.0,189.0,0.0
2024-12-25 16:30:00,401.70394820449997,0.0,219.0,0.0
2024-12-25 17:00:00,426.7443382903132,0.0,231.0,0.0
2024-12-25 17:30:00,378.8975184172451,0.0,195.0,0.0
2024-12-25 18:00:00,456.8968269327074,0.0,225.0,0.0
2024-12-25 18:30:00,398.81595931969304,0.0,208.0,0.0
2024-12-25 19:00:00,360.41616716108496,0.0,220.0,0.0
2024-12-25 19:30:00,482.56544605221677,0.0,317.0,0.0
2024-12-25 20:00:00,568.9149905920401,0.0,288.0,0.0
2024-12-25 20:30:00,414.3988256640866,0.0,224.0,0.0
2024-12-25 21:00:00,428.56094484773547,0.0,225.0,0.0
2024-12-25 21:30:00,364.6200046776962,0.0,219.0,0.0
2024-12-25 22:00:00,528.3953025281464,0.0,284.0,0.0
2024-12-25 22:30:00,664.2570635473439,0.0,336.99999999999994,0.0
2024-12-25 23:00:00,581.4552815806518,0.0,334.0,0.0
2024-12-25 23:30:00,506.89587503051115,0.0,286.0,0.0
2024-12-26 00:00:00,590.8544417352846,0.0,266.0,0.0
2024-12-26 00:30:00,663.4239263958223,0.0,246.0,0.0
2024-12-26 01:00:00,727.1272694314362,0.0,277.0,0.0
2024-12-26 01:30:00,698.6770693461896,0.0,266.0,0.0
2024-12-26 02:00:00,695.477566755252,0.0,271.0,0.0
2024-12-26 02:30:00,778.0387448439102,0.0,314.0,0.0
2024-12-26 03:00:00,954.5764751843534,0.0,406.0,0.0
2024-12-26 03:30:00,898.2749391833655,0.0,349.0,0.0
2024-12-26 04:00:00,717.6423770732939,0.0,296.0,0.0
2024-12-26 04:30:00,705.8143149105515,0.0,303.0,0.0
2024-12-26 05:00:00,785.0805950202417,0.0,302.0,0.0
2024-12-26 05:30:00,693.1872964425039,0.0,293.0,0.0
2024-12-26 06:00:00,713.5555158294293,0.0,295.0,0.0
2024-12-26 06:30:00,778.1756691870803,0.0,282.0,0.0
2024-12-26 07:00:00,739.3112523080993,0.0,283.0,0.0
2024-12-26 07:30:00,726.6554457285616,0.0,290.0,0.0
2024-12-26 08:00:00,792.2830788537095,0.0,286.0,0.0
2024-12-26 08:30:00,728.837597146471,0.0,269.0,0.0
2024-12-26 09:00:00,666.2263574454935,0.0,278.0,0.0
2024-12-26 09:30:00,630.582791344692,0.0,252.99999999999997,0.0
2024-12-26 10:00:00,718.4687590848092,0.0,276.0,0.0
2024-12-26 10:30:00,616.0166640951002,0.0,241.0,0.0
2024-12-26 11:00:00,661.7360531263527,0.0,249.00000000000003,0.0
2024-12-26 11:30:00,740.2714128341303,0.0,260.0,0.0
2024-12-26 12:00:00,627.7233300053244,0.0,239.0,0.0
2024-12-26 12:30:00,682.208562517635,0.0,263.0,0.0
2024-12-26 13:00:00,694.1546586931277,0.0,250.0,0.0
2024-12-26 13:30:00,649.7329377855897,0.0,248.0,0.0
2024-12-26 14:00:00,693.2876094717852,0.0,258.0,0.0
2024-12-26 14:30:00,645.0896626246814,0.0,246.0,0.0
2024-12-26 15:00:00,819.5672392548048,0.0,261.0,0.0
2024-12-26 15:30:00,730.9726126173246,0.0,333.0,0.0
2024-12-26 16:00:00,917.7279150029078,0.0,372.0,0.0
2024-12-26 16:30:00,817.1692442778527,0.0,314.0,0.0
2024-12-26 17:00:00,782.5726588567376,0.0,300.0,0.0
2024-12-26 17:30:00,767.0445078649401,0.0,289.0,0.0
2024-12-26 18:00:00,775.0857159555193,0.0,290.0,0.0
2024-12-26 18:30:00,785.0609990263314,0.0,322.0,0.0
2024-12-26 19:00:00,671.8822052617705,0.0,269.0,0.0
2024-12-26 19:30:00,715.2933605000245,0.0,289.0,0.0
2024-12-26 20:00:00,807.188595888201,0.0,313.0,0.0
2024-12-26 20:30:00,839.4973605947803,0.0,322.0,0.0
2024-12-26 21:00:00,716.4415764909495,0.0,284.0,0.0
2024-12-26 21:30:00,691.6819014412739,0.0,275.0,0.0
2024-12-26 22:00:00,806.4075612030164,0.0,306.0,0.0
2024-12-26 22:30:00,662.1964219927222,0.0,285.0,0.0
2024-12-26 23:00:00,669.4610951039921,0.0,283.0,0.0
2024-12-26 23:30:00,744.970739590571,0.0,320.0,0.0
2024-12-27 00:00:00,724.2819640764345,0.0,299.0,0.0
2024-12-27 00:30:00,689.0161531947016,0.0,267.0,0.0
2024-12-27 01:00:00,711.4257757094283,0.0,290.0,0.0
2024-12-27 01:30:00,686.2412482622409,0.0,266.0,0.0
2024-12-27 02:00:00,659.8978455139869,0.0,280.0,0.0
2024-12-27 02:30:00,640.0104657857316,0.0,283.0,0.0
2024-12-27 03:00:00,647.0528817438483,0.0,290.0,0.0
2024-12-27 03:30:00,689.7710510257762,0.0,321.0,0.0
2024-12-27 04:00:00,634.240209946884,0.0,271.0,0.0
2024-12-27 04:30:00,762.890642675939,0.0,321.0,0.0
2024-12-27 05:00:00,636.6322185036253,0.0,283.0,0.0
2024-12-27 05:30:00,728.3197191043887,0.0,275.0,0.0
2024-12-27 06:00:00,660.0920950836946,0.0,273.0,0.0
2024-12-27 06:30:00,680.630739078237,0.0,266.0,0.0
2024-12-27 07:00:00,671.4991921028736,0.0,268.0,0.0
2024-12-27 07:30:00,838.4288704934683,0.0,323.0,0.0
2024-12-27 08:00:00,711.7262985242431,0.0,316.0,0.0
2024-12-27 08:30:00,583.639801914163,0.0,254.0,0.0
2024-12-27 09:00:00,670.697891633496,0.0,274.0,0.0
2024-12-27 09:30:00,654.7792616311891,0.0,264.0,0.0
2024-12-27 10:00:00,630.964147902401,0.0,260.0,0.0
2024-12-27 10:30:00,763.0065852959397,0.0,326.0,0.0
2024-12-27 11:00:00,651.908144241634,0.0,233.0,0.0
2024-12-27 11:30:00,706.0956205521044,0.0,278.0,0.0
2024-12-27 12:00:00,704.2303928153043,0.0,274.0,0.0
2024-12-27 12:30:00,617.3485023541309,0.0,260.0,0.0
2024-12-27 13:00:00,616.9329223461239,0.0,281.0,0.0
2024-12-27 13:30:00,657.6958725637122,0.0,255.0,0.0
2024-12-27 14:00:00,609.6804444625457,0.0,254.0,0.0
2024-12-27 14:30:00,636.1393859074634,0.0,280.0,0.0
2024-12-27 15:00:00,617.2085853805243,0.0,268.0,0.0
2024-12-27 15:30:00,621.06639341102,0.0,261.0,0.0
2024-12-27 16:00:00,571.882909821096,0.0,241.0,0.0
2024-12-27 16:30:00,514.507550054228,0.0,241.0,0.0
2024-12-27 17:00:00,517.5997375662724,0.0,240.0,0.0
2024-12-27 17:30:00,568.680644300031,0.0,238.0,0.0
2024-12-27 18:00:00,530.6282208536996,0.0,228.0,0.0
2024-12-27 18:30:00,531.6049137631747,0.0,214.0,0.0
2024-12-27 19:00:00,589.6559283139768,0.0,235.0,0.0
2024-12-27 19:30:00,556.0803171413398,0.0,211.0,0.0
2024-12-27 20:00:00,555.772801917571,0.0,229.0,0.0
2024-12-27 20:30:00,562.0381636006528,0.0,226.0,0.0
2024-12-27 21:00:00,590.6319200141407,0.0,221.0,0.0
2024-12-27 21:30:00,596.8750316526016,0.0,239.0,0.0
2024-12-27 22:00:00,601.8213684088702,0.0,228.0,0.0
2024-12-27 22:30:00,773.6249218249777,0.0,308.0,0.0
2024-12-27 23:00:00,644.1171998216735,0.0,243.0,0.0
2024-12-27 23:30:00,728.4773987972668,0.0,283.0,0.0
2024-12-28 00:00:00,694.0382651674139,0.0,275.0,0.0
2024-12-28 00:30:00,617.7265074755334,0.0,250.99999999999997,0.0
2024-12-28 01:00:00,651.9436813539319,0.0,266.0,0.0
2024-12-28 01:30:00,561.5392581379822,0.0,252.0,0.0
2024-12-28 02:00:00,768.0570707342571,0.0,296.0,0.0
2024-12-28 02:30:00,707.8843064512015,0.0,304.0,0.0
2024-12-28 03:00:00,637.6196382856385,0.0,254.0,0.0
2024-12-28 03:30:00,654.8800764048563,0.0,245.99999999999997,0.0
2024-12-28 04:00:00,707.955840624255,0.0,274.0,0.0
2024-12-28 04:30:00,589.9624482514752,0.0,234.0,0.0
2024-12-28 05:00:00,735.1554146899699,0.0,342.0,0.0
2024-12-28 05:30:00,673.7780495328054,0.0,294.0,0.0
2024-12-28 06:00:00,767.3097499569659,0.0,287.0,0.0
2024-12-28 06:30:00,608.0647880637439,0.0,271.0,0.0
2024-12-28 07:00:00,604.1319284756628,0.0,247.99999999999997,0.0
2024-12-28 07:30:00,746.2682083217081,0.0,251.00000000000003,0.0
2024-12-28 08:00:00,752.6791033144134,0.0,310.0,0.0
2024-12-28 08:30:00,702.687313749125,0.0,310.0,0.0
2024-12-28 09:00:00,675.7606990415444,0.0,278.0,0.0
2024-12-28 09:30:00,663.7310597726945,0.0,275.0,0.0
2024-12-28 10:00:00,682.3353715489823,0.0,261.0,0.0
2024-12-28 10:30:00,650.6424436680899,0.0,225.0,0.0
2024-12-28 11:00:00,643.3811368544469,0.0,242.0,0.0
2024-12-28 11:30:00,610.2722388175137,0.0,260.0,0.0
2024-12-28 12:00:00,652.9015352418625,0.0,260.0,0.0
2024-12-28 12:30:00,635.5679351976996,0.0,281.0,0.0
2024-12-28 13:00:00,570.6310080956741,0.0,262.0,0.0
2024-12-28 13:30:00,526.4272700464651,0.0,235.0,0.0
2024-12-28 14:00:00,486.88339397284994,0.0,191.0,0.0
2024-12-28 14:30:00,517.6490256045006,0.0,226.0,0.0
2024-12-28 15:00:00,523.8597551853493,0.0,225.0,0.0
2024-12-28 15:30:00,535.4975413346523,0.0,216.0,0.0
2024-12-28 16:00:00,660.5214156533241,0.0,296.0,0.0
2024-12-28 16:30:00,548.437673197323,0.0,267.0,0.0
2024-12-28 17:00:00,567.5263253805659,0.0,254.0,0.0
2024-12-28 17:30:00,539.6796867755709,0.0,212.00000000000003,0.0
2024-12-28 18:00:00,679.4880771924056,0.0,295.0,0.0
2024-12-28 18:30:00,843.56536742892,0.0,320.0,0.0
2024-12-28 19:00:00,591.8103862925801,0.0,247.0,0.0
2024-12-28 19:30:00,628.2234633138111,0.0,256.0,0.0
2024-12-28 20:00:00,619.7512167056988,0.0,249.0,0.0
2024-12-28 20:30:00,727.5777389208797,0.0,306.0,0.0
2024-12-28 21:00:00,855.4894592861125,0.0,381.0,0.0
2024-12-28 21:30:00,787.5584379584692,0.0,318.0,0.0
2024-12-28 22:00:00,704.0551864671738,0.0,296.0,0.0
2024-12-28 22:30:00,631.5436313036249,0.0,251.99999999999997,0.0
2024-12-28 23:00:00,607.2017025369024,0.0,265.0,0.0
2024-12-28 23:30:00,587.3056224711016,0.0,273.0,0.0
2024-12-29 00:00:00,796.1840798391429,0.0,317.0,0.0
2024-12-29 00:30:00,936.6473022010734,0.0,371.0,0.0
2024-12-29 01:00:00,825.0365890700912,0.0,333.0,0.0
2024-12-29 01:30:00,688.8252884338783,0.0,258.0,0.0
2024-12-29 02:00:00,665.265591329918,0.0,256.0,0.0
2024-12-29 02:30:00,619.9252649371588,0.0,269.0,0.0
2024-12-29 03:00:00,698.990218547629,0.0,283.0,0.0
2024-12-29 03:30:00,726.9034080469447,0.0,331.0,0.0
2024-12-29 04:00:00,915.9569912511898,0.0,404.0,0.0
2024-12-29 04:30:00,736.3291055479027,0.0,310.0,0.0
2024-12-29 05:00:00,669.0364325470453,0.0,261.0,0.0
2024-12-29 05:30:00,654.5626143374502,0.0,274.0,0.0
2024-12-29 06:00:00,611.2836578298304,0.0,306.0,0.0
2024-12-29 06:30:00,895.8217186494397,0.0,383.0,0.0
2024-12-29 07:00:00,796.0233442995165,0.0,314.0,0.0
2024-12-29 07:30:00,690.2749869682546,0.0,288.0,0.0
2024-12-29 08:00:00,642.5073972109786,0.0,252.0,0.0
2024-12-29 08:30:00,879.126250087905,0.0,342.0,0.0
2024-12-29 09:00:00,862.8880646444755,0.0,356.0,0.0
2024-12-29 09:30:00,699.0093022132046,0.0,314.0,0.0
2024-12-29 10:00:00,702.2336500125734,0.0,297.0,0.0
2024-12-29 10:30:00,631.5865470715894,0.0,263.0,0.0
2024-12-29 11:00:00,622.438091504998,0.0,279.0,0.0
2024-12-29 11:30:00,567.944168038367,0.0,260.0,0.0
2024-12-29 12:00:00,621.8036992707241,0.0,254.0,0.0
2024-12-29 12:30:00,643.9422473762546,0.0,243.0,0.0
2024-12-29 13:00:00,607.4626145288928,0.0,252.0,0.0
2024-12-29 13:30:00,615.63167510605,0.0,254.0,0.0
2024-12-29 14:00:00,672.3429105022835,0.0,289.0,0.0
2024-12-29 14:30:00,737.4824728720929,0.0,302.0,0.0
2024-12-29 15:00:00,534.9060472685024,0.0,223.0,0.0
2024-12-29 15:30:00,553.6080458290029,0.0,245.0,0.0
2024-12-29 16:00:00,598.8538674246906,0.0,246.0,0.0
2024-12-29 16:30:00,809.148281670857,0.0,336.0,0.0
2024-12-29 17:00:00,604.1565963210041,0.0,268.0,0.0
2024-12-29 17:30:00,545.7966568917303,0.0,218.0,0.0
2024-12-29 18:00:00,585.363786690993,0.0,248.0,0.0
2024-12-29 18:30:00,595.4423951151628,0.0,227.0,0.0
2024-12-29 19:00:00,637.703933148814,0.0,267.0,0.0
2024-12-29 19:30:00,774.4573117465644,0.0,316.0,0.0
2024-12-29 20:00:00,728.2427408465742,0.0,301.0,0.0
2024-12-29 20:30:00,651.3748166020065,0.0,272.0,0.0
2024-12-29 21:00:00,592.823971891106,0.0,260.0,0.0
2024-12-29 21:30:00,723.2303523234041,0.0,327.0,0.0
2024-12-29 22:00:00,824.0495936714001,0.0,313.0,0.0
2024-12-29 22:30:00,756.2059059226659,0.0,279.0,0.0
2024-12-29 23:00:00,626.094788089558,0.0,261.0,0.0
2024-12-29 23:30:00,615.8160793222571,0.0,253.0,0.0
2024-12-30 00:00:00,1019.4096215953163,0.0,406.0,0.0
2024-12-30 00:30:00,1035.1905035715045,0.0,373.0,0.0
2024-12-30 01:00:00,963.8581216341973,0.0,359.0,0.0
2024-12-30 01:30:00,870.1162867959064,0.0,363.0,0.0
2024-12-30 02:00:00,849.0371630870591,0.0,343.0,0.0
2024-12-30 02:30:00,1083.3766987150784,0.0,419.0,0.0
2024-12-30 03:00:00,927.4905892597985,0.0,367.0,0.0
2024-12-30 03:30:00,930.8907240354031,0.0,370.0,0.0
2024-12-30 04:00:00,962.0795470013667,0.0,354.0,0.0
2024-12-30 04:30:00,932.9377885076185,0.0,378.0,0.0
2024-12-30 05:00:00,1008.1007563126756,0.0,393.0,0.0
2024-12-30 05:30:00,981.5985843658486,0.0,363.0,0.0
2024-12-30 06:00:00,949.2911307026627,0.0,360.0,0.0
2024-12-30 06:30:00,871.0723654451723,0.0,339.0,0.0
2024-12-30 07:00:00,990.9555457460135,0.0,395.0,0.0
2024-12-30 07:30:00,896.5876384211473,0.0,371.0,0.0
2024-12-30 08:00:00,882.7600395867945,0.0,335.0,0.0
2024-12-30 08:30:00,948.8064208033603,0.0,336.0,0.0
2024-12-30 09:00:00,922.6350965592552,0.0,334.0,0.0
2024-12-30 09:30:00,1036.7896838996314,0.0,394.0,0.0
2024-12-30 10:00:00,1021.6451160302203,0.0,351.0,0.0
2024-12-30 10:30:00,884.0264997820545,0.0,353.0,0.0
2024-12-30 11:00:00,916.1320982703077,0.0,341.0,0.0
2024-12-30 11:30:00,924.9457927886849,0.0,342.0,0.0
2024-12-30 12:00:00,960.6241016677902,0.0,365.0,0.0
2024-12-30 12:30:00,920.9748660168029,0.0,310.0,0.0
2024-12-30 13:00:00,700.7721952428662,0.0,227.99999999999997,0.0
2024-12-30 13:30:00,720.806986444828,0.0,252.00000000000003,0.0
2024-12-30 14:00:00,765.6967451031512,0.0,251.00000000000003,0.0
2024-12-30 14:30:00,864.8526412593443,0.0,343.0,0.0
2024-12-30 15:00:00,1016.8470258904028,0.0,357.0,0.0
2024-12-30 15:30:00,1103.7332656944125,0.0,392.0,0.0
2024-12-30 16:00:00,1077.3351967185768,0.0,417.0,0.0
2024-12-30 16:30:00,1224.5188004479035,0.0,436.0,0.0
2024-12-30 17:00:00,887.8205820344137,0.0,327.0,0.0
2024-12-30 17:30:00,970.2423043258345,0.0,343.0,0.0
2024-12-30 18:00:00,974.0512050345707,0.0,343.0,0.0
2024-12-30 18:30:00,901.9566576830016,0.0,331.0,0.0
2024-12-30 19:00:00,794.956338913265,0.0,314.0,0.0
2024-12-30 19:30:00,835.6338972467263,0.0,316.0,0.0
2024-12-30 20:00:00,904.8883695613855,0.0,312.0,0.0
2024-12-30 20:30:00,895.6883637148127,0.0,314.0,0.0
2024-12-30 21:00:00,687.7230299755182,0.0,291.0,0.0
2024-12-30 21:30:00,615.1711250864403,0.0,220.0,0.0
2024-12-30 22:00:00,426.25274492438115,0.0,173.0,0.0
2024-12-30 22:30:00,415.420480927087,0.0,178.0,0.0
2024-12-30 23:00:00,409.4436240637451,0.0,138.0,0.0
2024-12-30 23:30:00,214.92372243643658,0.0,90.0,0.0
2024-12-31 00:00:00,762.986489817978,0.0,256.0,0.0
2024-12-31 00:30:00,619.0935837721705,0.0,236.0,0.0
2024-12-31 01:00:00,733.8604520104462,0.0,335.0,0.0
2024-12-31 01:30:00,829.0072019355015,0.0,347.0,0.0
2024-12-31 02:00:00,761.6126563723257,0.0,305.0,0.0
2024-12-31 02:30:00,695.0971739878928,0.0,283.0,0.0
2024-12-31 03:00:00,641.1643190006899,0.0,262.0,0.0
2024-12-31 03:30:00,843.1156554602512,0.0,340.0,0.0
2024-12-31 04:00:00,817.7502517160897,0.0,356.0,0.0
2024-12-31 04:30:00,776.3835089017168,0.0,311.0,0.0
2024-12-31 05:00:00,678.3044301143503,0.0,257.0,0.0
2024-12-31 05:30:00,626.8227417119691,0.0,228.0,0.0
2024-12-31 06:00:00,784.1938690421576,0.0,356.0,0.0
2024-12-31 06:30:00,950.554312953829,0.0,355.0,0.0
2024-12-31 07:00:00,722.8342970313877,0.0,304.0,0.0
2024-12-31 07:30:00,642.5107767837583,0.0,260.0,0.0
2024-12-31 08:00:00,636.6865042517414,0.0,289.0,0.0
2024-12-31 08:30:00,780.3391495948665,0.0,323.0,0.0
2024-12-31 09:00:00,899.6164968077105,0.0,383.0,0.0
2024-12-31 09:30:00,776.3439018681629,0.0,353.0,0.0
2024-12-31 10:00:00,757.8583346273101,0.0,336.0,0.0
2024-12-31 10:30:00,717.6693863176645,0.0,316.0,0.0
2024-12-31 11:00:00,740.8358600506725,0.0,347.0,0.0
2024-12-31 11:30:00,920.5207922129833,0.0,383.0,0.0
2024-12-31 12:00:00,822.2395185070675,0.0,332.0,0.0
2024-12-31 12:30:00,711.2287121519356,0.0,276.0,0.0
2024-12-31 13:00:00,683.5842079702389,0.0,306.0,0.0
2024-12-31 13:30:00,814.9130394918297,0.0,334.0,0.0
2024-12-31 14:00:00,887.1597958947518,0.0,365.0,0.0
2024-12-31 14:30:00,717.5137685223049,0.0,292.0,0.0
2024-12-31 15:00:00,668.7561051822096,0.0,303.0,0.0
2024-12-31 15:30:00,760.0411002451139,0.0,318.0,0.0
2024-12-31 16:00:00,716.8247143830112,0.0,338.0,0.0
2024-12-31 16:30:00,910.8682989998478,0.0,399.0,0.0
2024-12-31 17:00:00,724.1954609240496,0.0,309.0,0.0
2024-12-31 17:30:00,728.2267684666598,0.0,285.0,0.0
2024-12-31 18:00:00,650.3319021948421,0.0,291.0,0.0
2024-12-31 18:30:00,620.1896698141496,0.0,294.0,0.0
2024-12-31 19:00:00,729.1985114519334,0.0,321.0,0.0
2024-12-31 19:30:00,688.1322031601367,0.0,286.0,0.0
2024-12-31 20:00:00,597.8319390811445,0.0,272.0,0.0
2024-12-31 20:30:00,634.1940447908045,0.0,285.0,0.0
2024-12-31 21:00:00,599.0558411558959,0.0,289.0,0.0
2024-12-31 21:30:00,698.2135750320026,0.0,287.0,0.0
2024-12-31 22:00:00,804.5221353574341,0.0,357.0,0.0
2024-12-31 22:30:00,802.7704192993951,0.0,356.0,0.0
2024-12-31 23:00:00,768.6969763948223,0.0,321.0,0.0
2024-12-31 23:30:00,634.7355551315426,0.0,311.0,0.0
2025-01-01 00:00:00,67.1197474822998,0.0,53.0,0.0
2025-01-01 00:30:00,62.09697886246046,0.0,55.0,0.0
2025-01-01 01:00:00,64.57881186768932,0.0,55.0,0.0
2025-01-01 01:30:00,65.67332857367113,0.0,55.0,0.0
2025-01-01 02:00:00,58.38275459486813,0.0,52.0,0.0
2025-01-01 02:30:00,66.88427235534154,0.0,51.0,0.0
2025-01-01 03:00:00,63.36687350892729,0.0,53.0,0.0
2025-01-01 03:30:00,66.17899947880717,0.0,53.0,0.0
2025-01-01 04:00:00,61.399103578219865,0.0,55.0,0.0
2025-01-01 04:30:00,63.272162907198705,0.0,54.0,0.0
2025-01-01 05:00:00,61.68909462113511,0.0,55.0,0.0
2025-01-01 05:30:00,66.28392206424937,0.0,51.0,0.0
2025-01-01 06:00:00,63.398001996197785,0.0,50.0,0.0
2025-01-01 06:30:00,63.571684172829045,0.0,49.0,0.0
2025-01-01 07:00:00,64.46754302962167,0.0,45.0,0.0
2025-01-01 07:30:00,64.58396307704365,0.0,42.0,0.0
2025-01-01 08:00:00,53.41884367421059,0.0,35.0,0.0
2025-01-01 08:30:00,51.61601491172581,0.0,33.0,0.0
2025-01-01 09:00:00,52.971056496046224,0.0,33.0,0.0
2025-01-01 09:30:00,51.47376431785003,0.0,35.0,0.0
2025-01-01 10:00:00,57.587306861000556,0.0,35.0,0.0
2025-01-01 10:30:00,56.73197565136619,0.0,36.0,0.0
2025-01-01 11:00:00,52.341044729170584,0.0,37.0,0.0
2025-01-01 11:30:00,51.64398158552233,0.0,39.0,0.0
2025-01-01 12:00:00,48.87589991013313,0.0,41.0,0.0
2025-01-01 12:30:00,52.68160839935895,0.0,39.0,0.0
2025-01-01 13:00:00,47.191554233492965,0.0,39.0,0.0
2025-01-01 13:30:00,52.810408726731914,0.0,38.0,0.0
2025-01-01 14:00:00,51.024380619326706,0.0,36.0,0.0
2025-01-01 14:30:00,56.358197499134846,0.0,38.0,0.0
2025-01-01 15:00:00,52.91607198340215,0.0,39.0,0.0
2025-01-01 15:30:00,50.36205307689661,0.0,40.0,0.0
2025-01-01 16:00:00,52.8404255107493,0.0,39.0,0.0
2025-01-01 16:30:00,46.57838940850136,0.0,39.0,0.0
2025-01-01 17:00:00,48.32105203733666,0.0,40.0,0.0
2025-01-01 17:30:00,51.60958237491304,0.0,41.0,0.0
2025-01-01 18:00:00,45.285930706013204,0.0,42.0,0.0
2025-01-01 18:30:00,51.35440388075758,0.0,41.0,0.0
2025-01-01 19:00:00,52.080397526427056,0.0,45.0,0.0
2025-01-01 19:30:00,55.15798655934056,0.0,44.0,0.0
2025-01-01 20:00:00,53.22075871935626,0.0,43.0,0.0
2025-01-01 20:30:00,60.94799886698003,0.0,49.0,0.0
2025-01-01 21:00:00,65.91964134065198,0.0,60.0,0.0
2025-01-01 21:30:00,67.53099468731072,0.0,56.0,0.0
2025-01-01 22:00:00,61.07455851225202,0.0,53.0,0.0
2025-01-01 22:30:00,60.02683521287376,0.0,52.0,0.0
2025-01-01 23:00:00,63.010458808496544,0.0,53.0,0.0
2025-01-01 23:30:00,58.23023493399167,0.0,51.0,0.0
2025-01-02 00:00:00,619.9612797855276,0.0,238.0,0.0
2025-01-02 00:30:00,597.546111389155,0.0,249.0,0.0
2025-01-02 01:00:00,592.0777093185852,0.0,248.0,0.0
2025-01-02 01:30:00,777.7888917434742,0.0,303.0,0.0
2025-01-02 02:00:00,790.8356352532619,0.0,344.0,0.0
2025-01-02 02:30:00,687.6614043991538,0.0,288.0,0.0
2025-01-02 03:00:00,606.9492226588899,0.0,270.0,0.0
2025-01-02 03:30:00,658.889007282058,0.0,295.0,0.0
2025-01-02 04:00:00,708.7672605645976,0.0,351.0,0.0
2025-01-02 04:30:00,780.8758974088332,0.0,325.0,0.0
2025-01-02 05:00:00,638.2530908457738,0.0,242.00000000000003,0.0
2025-01-02 05:30:00,619.6389127201622,0.0,274.0,0.0
2025-01-02 06:00:00,658.907778619986,0.0,284.0,0.0
2025-01-02 06:30:00,816.9211393560365,0.0,324.0,0.0
2025-01-02 07:00:00,676.0567664014771,0.0,302.0,0.0
2025-01-02 07:30:00,636.2831000703347,0.0,281.0,0.0
2025-01-02 08:00:00,637.7816002056035,0.0,272.0,0.0
2025-01-02 08:30:00,771.299259350658,0.0,283.0,0.0
2025-01-02 09:00:00,914.4789662283657,0.0,387.0,0.0
2025-01-02 09:30:00,813.6395005252145,0.0,397.0,0.0
2025-01-02 10:00:00,692.0508197451059,0.0,314.0,0.0
2025-01-02 10:30:00,717.4806006980411,0.0,305.0,0.0
2025-01-02 11:00:00,687.0186084588679,0.0,293.0,0.0
2025-01-02 11:30:00,856.5385344087616,0.0,399.0,0.0
2025-01-02 12:00:00,940.8816809392647,0.0,369.0,0.0
2025-01-02 12:30:00,713.6404647979499,0.0,303.0,0.0
2025-01-02 13:00:00,685.2306778772592,0.0,280.0,0.0
2025-01-02 13:30:00,678.3474387886246,0.0,298.0,0.0
2025-01-02 14:00:00,864.0981096631756,0.0,381.0,0.0
2025-01-02 14:30:00,763.3188830012339,0.0,338.0,0.0
2025-01-02 15:00:00,676.2813291418328,0.0,288.0,0.0
2025-01-02 15:30:00,726.1462100466038,0.0,297.0,0.0
2025-01-02 16:00:00,641.8277120694884,0.0,290.0,0.0
2025-01-02 16:30:00,745.0110730534194,0.0,287.0,0.0
2025-01-02 17:00:00,860.3752522236789,0.0,394.0,0.0
2025-01-02 17:30:00,837.3413117828833,0.0,317.0,0.0
2025-01-02 18:00:00,664.877277690711,0.0,302.0,0.0
2025-01-02 18:30:00,620.6838995246187,0.0,255.0,0.0
2025-01-02 19:00:00,703.3769695259062,0.0,327.0,0.0
2025-01-02 19:30:00,851.3630147541752,0.0,363.0,0.0
2025-01-02 20:00:00,748.2404513452294,0.0,303.0,0.0
2025-01-02 20:30:00,680.6003566298049,0.0,276.0,0.0
2025-01-02 21:00:00,654.9386691222294,0.0,301.0,0.0
2025-01-02 21:30:00,805.0305585008565,0.0,375.0,0.0
2025-01-02 22:00:00,753.7483267241191,0.0,332.0,0.0
2025-01-02 22:30:00,688.216912168314,0.0,312.0,0.0
2025-01-02 23:00:00,646.3947907867461,0.0,283.0,0.0
2025-01-02 23:30:00,716.8932142930847,0.0,309.0,0.0
2025-01-03 00:00:00,630.3778070900084,0.0,270.0,0.0
2025-01-03 00:30:00,730.6819551317558,0.0,245.0,0.0
2025-01-03 01:00:00,595.8927461146171,0.0,240.0,0.0
2025-01-03 01:30:00,545.7164248815333,0.0,273.0,0.0
2025-01-03 02:00:00,573.6894613794124,0.0,242.0,0.0
2025-01-03 02:30:00,649.0068951415236,0.0,299.0,0.0
2025-01-03 03:00:00,742.4895627020754,0.0,324.0,0.0
2025-01-03 03:30:00,598.2070051507286,0.0,259.0,0.0
2025-01-03 04:00:00,593.0284269257845,0.0,234.00000000000003,0.0
2025-01-03 04:30:00,633.3694608213052,0.0,293.0,0.0
2025-01-03 05:00:00,786.8205105311606,0.0,324.0,0.0
2025-01-03 05:30:00,678.8478851474782,0.0,251.0,0.0
2025-01-03 06:00:00,646.0258517311468,0.0,244.0,0.0
2025-01-03 06:30:00,802.1255220279115,0.0,287.0,0.0
2025-01-03 07:00:00,668.0605505750867,0.0,292.0,0.0
2025-01-03 07:30:00,800.7293932036721,0.0,352.0,0.0
2025-01-03 08:00:00,824.2017967657602,0.0,367.0,0.0
2025-01-03 08:30:00,819.1224773924788,0.0,336.0,0.0
2025-01-03 09:00:00,741.8119267248808,0.0,324.0,0.0
2025-01-03 09:30:00,806.9044513238942,0.0,364.0,0.0
2025-01-03 10:00:00,960.0548049878129,0.0,372.0,0.0
2025-01-03 10:30:00,851.6560700540962,0.0,341.0,0.0
2025-01-03 11:00:00,799.2266888964037,0.0,312.0,0.0
2025-01-03 11:30:00,704.7434497429322,0.0,322.0,0.0
2025-01-03 12:00:00,1009.0174151122892,0.0,385.0,0.0
2025-01-03 12:30:00,807.3196866091309,0.0,347.0,0.0
2025-01-03 13:00:00,822.8215943223115,0.0,335.0,0.0
2025-01-03 13:30:00,768.4215144770873,0.0,310.0,0.0
2025-01-03 14:00:00,877.2116947822809,0.0,366.0,0.0
2025-01-03 14:30:00,879.0050837541535,0.0,377.0,0.0
2025-01-03 15:00:00,788.9548940145291,0.0,304.0,0.0
2025-01-03 15:30:00,799.0322504834655,0.0,337.0,0.0
2025-01-03 16:00:00,773.3612759349624,0.0,309.0,0.0
2025-01-03 16:30:00,932.9170339698345,0.0,434.0,0.0
2025-01-03 17:00:00,865.1462477299268,0.0,422.0,0.0
2025-01-03 17:30:00,925.2608765180308,0.0,347.0,0.0
2025-01-03 18:00:00,725.1871317515074,0.0,289.0,0.0
2025-01-03 18:30:00,743.9584391701757,0.0,319.0,0.0
2025-01-03 19:00:00,931.5879983483318,0.0,416.0,0.0
2025-01-03 19:30:00,880.849470490661,0.0,338.0,0.0
2025-01-03 20:00:00,744.2837218417388,0.0,309.0,0.0
2025-01-03 20:30:00,635.6018666710182,0.0,254.0,0.0
2025-01-03 21:00:00,727.9631343400456,0.0,252.0,0.0
2025-01-03 21:30:00,803.3434014730075,0.0,296.0,0.0
2025-01-03 22:00:00,761.6211618637748,0.0,324.0,0.0
2025-01-03 22:30:00,709.4421190008495,0.0,305.0,0.0
2025-01-03 23:00:00,778.6270526293277,0.0,328.0,0.0
2025-01-03 23:30:00,663.0136771854229,0.0,297.0,0.0
2025-01-04 00:00:00,182.11795987435153,0.0,65.0,0.0
2025-01-04 00:30:00,182.34990467302637,0.0,66.0,0.0
2025-01-04 01:00:00,164.4843337243748,0.0,65.0,0.0
2025-01-04 01:30:00,161.07640974783004,0.0,62.0,0.0
2025-01-04 02:00:00,165.57364274523206,0.0,65.0,0.0
2025-01-04 02:30:00,150.2689907763812,0.0,65.0,0.0
2025-01-04 03:00:00,158.49075507839635,0.0,66.0,0.0
2025-01-04 03:30:00,145.85551119194395,0.0,63.0,0.0
2025-01-04 04:00:00,148.27261058213452,0.0,63.0,0.0
2025-01-04 04:30:00,146.7698720666999,0.0,66.0,0.0
2025-01-04 05:00:00,156.4959849034056,0.0,66.0,0.0
2025-01-04 05:30:00,161.73151543781105,0.0,66.0,0.0
2025-01-04 06:00:00,152.44361921322263,0.0,67.0,0.0
2025-01-04 06:30:00,144.08028021279387,0.0,65.0,0.0
2025-01-04 07:00:00,143.67684168473164,0.0,61.0,0.0
2025-01-04 07:30:00,153.8976472336621,0.0,53.0,0.0
2025-01-04 08:00:00,251.535000500235,0.0,70.0,0.0
2025-01-04 08:30:00,249.82313124160137,0.0,78.0,0.0
2025-01-04 09:00:00,238.33843311648596,0.0,75.0,0.0
2025-01-04 09:30:00,296.1050171833182,0.0,96.0,0.0
2025-01-04 10:00:00,275.9554015540311,0.0,104.0,0.0
2025-01-04 10:30:00,274.0172469395089,0.0,105.0,0.0
2025-01-04 11:00:00,261.24994106986094,0.0,103.0,0.0
2025-01-04 11:30:00,295.8219461297962,0.0,106.0,0.0
2025-01-04 12:00:00,229.29512162744692,0.0,105.0,0.0
2025-01-04 12:30:00,264.9647262115579,0.0,105.0,0.0
2025-01-04 13:00:00,258.4646544729386,0.0,104.0,0.0
2025-01-04 13:30:00,255.33161890625968,0.0,101.0,0.0
2025-01-04 14:00:00,282.73763574483957,0.0,98.0,0.0
2025-01-04 14:30:00,256.0970532266755,0.0,100.0,0.0
2025-01-04 15:00:00,261.2827447609198,0.0,110.0,0.0
2025-01-04 15:30:00,285.2679299118323,0.0,127.00000000000001,0.0
2025-01-04 16:00:00,315.08773440001187,0.0,131.0,0.0
2025-01-04 16:30:00,341.17226773368316,0.0,138.0,0.0
2025-01-04 17:00:00,417.13098153052863,0.0,180.0,0.0
2025-01-04 17:30:00,505.35604534473174,0.0,216.0,0.0
2025-01-04 18:00:00,513.0503966116466,0.0,213.0,0.0
2025-01-04 18:30:00,491.83203133382005,0.0,201.0,0.0
2025-01-04 19:00:00,493.0348122355317,0.0,200.0,0.0
2025-01-04 19:30:00,497.1358454761398,0.0,194.0,0.0
2025-01-04 20:00:00,470.05156799220487,0.0,209.0,0.0
2025-01-04 20:30:00,513.0430361702013,0.0,217.0,0.0
2025-01-04 21:00:00,520.3373290664103,0.0,217.0,0.0
2025-01-04 21:30:00,584.5476743009341,0.0,231.0,0.0
2025-01-04 22:00:00,760.8112783002389,0.0,311.0,0.0
2025-01-04 22:30:00,545.0367055737424,0.0,235.0,0.0
2025-01-04 23:00:00,519.1686646446706,0.0,222.0,0.0
2025-01-04 23:30:00,688.3124654368133,0.0,290.0,0.0
2025-01-05 00:00:00,819.8215828725118,0.0,321.0,0.0
2025-01-05 00:30:00,697.5793999830676,0.0,282.0,0.0
2025-01-05 01:00:00,607.7582191096283,0.0,238.0,0.0
2025-01-05 01:30:00,583.1147765938795,0.0,238.0,0.0
2025-01-05 02:00:00,712.226769880527,0.0,307.0,0.0
2025-01-05 02:30:00,787.5834328404443,0.0,333.0,0.0
2025-01-05 03:00:00,702.8520216345254,0.0,298.0,0.0
2025-01-05 03:30:00,607.848273546778,0.0,245.0,0.0
2025-01-05 04:00:00,633.8051294155688,0.0,260.0,0.0
2025-01-05 04:30:00,730.60435963705,0.0,310.0,0.0
2025-01-05 05:00:00,784.6534183529241,0.0,347.0,0.0
2025-01-05 05:30:00,718.3595324910084,0.0,293.0,0.0
2025-01-05 06:00:00,570.8721096446379,0.0,263.0,0.0
2025-01-05 06:30:00,677.0369216500345,0.0,288.0,0.0
2025-01-05 07:00:00,760.9769420903309,0.0,327.0,0.0
2025-01-05 07:30:00,842.6671269115126,0.0,323.0,0.0
2025-01-05 08:00:00,544.6469158823062,0.0,224.0,0.0
2025-01-05 08:30:00,567.7332495848102,0.0,233.0,0.0
2025-01-05 09:00:00,629.327767862969,0.0,236.0,0.0
2025-01-05 09:30:00,741.6026356982102,0.0,309.0,0.0
2025-01-05 10:00:00,745.360869485631,0.0,284.0,0.0
2025-01-05 10:30:00,546.5630425790723,0.0,238.0,0.0
2025-01-05 11:00:00,621.7749915015122,0.0,252.0,0.0
2025-01-05 11:30:00,610.7698447781271,0.0,256.0,0.0
2025-01-05 12:00:00,713.2130038765046,0.0,300.0,0.0
2025-01-05 12:30:00,724.8719862739154,0.0,313.0,0.0
2025-01-05 13:00:00,674.494256677144,0.0,257.0,0.0
2025-01-05 13:30:00,622.0616791374042,0.0,246.0,0.0
2025-01-05 14:00:00,607.6465441647766,0.0,269.0,0.0
2025-01-05 14:30:00,600.9379132606559,0.0,251.0,0.0
2025-01-05 15:00:00,760.1578173414975,0.0,300.0,0.0
2025-01-05 15:30:00,764.3191438591518,0.0,308.0,0.0
2025-01-05 16:00:00,662.4659988838386,0.0,281.0,0.0
2025-01-05 16:30:00,606.5828256168797,0.0,286.0,0.0
2025-01-05 17:00:00,611.8513240874338,0.0,282.0,0.0
2025-01-05 17:30:00,761.4675877108274,0.0,344.0,0.0
2025-01-05 18:00:00,640.3990018047346,0.0,279.0,0.0
2025-01-05 18:30:00,617.3210309683071,0.0,274.0,0.0
2025-01-05 19:00:00,585.2501400807755,0.0,250.0,0.0
2025-01-05 19:30:00,629.0004221281794,0.0,278.0,0.0
2025-01-05 20:00:00,795.5955560866574,0.0,336.0,0.0
2025-01-05 20:30:00,706.2503883247742,0.0,315.0,0.0
2025-01-05 21:00:00,689.9921804512928,0.0,286.0,0.0
2025-01-05 21:30:00,575.2948908374309,0.0,260.0,0.0
2025-01-05 22:00:00,686.4736476659255,0.0,305.0,0.0
2025-01-05 22:30:00,796.8877189496563,0.0,315.0,0.0
2025-01-05 23:00:00,632.7978210594548,0.0,303.0,0.0
2025-01-05 23:30:00,608.9976863404343,0.0,264.0,0.0
2025-01-06 00:00:00,857.2336126581695,0.0,353.0,0.0
2025-01-06 00:30:00,729.7068665601968,0.0,286.0,0.0
2025-01-06 01:00:00,607.3936060867698,0.0,274.0,0.0
2025-01-06 01:30:00,733.7749080650858,0.0,345.0,0.0
2025-01-06 02:00:00,839.1118770989216,0.0,363.0,0.0
2025-01-06 02:30:00,638.0221975084991,0.0,300.0,0.0
2025-01-06 03:00:00,676.3251567454115,0.0,289.0,0.0
2025-01-06 03:30:00,662.6056456608396,0.0,268.0,0.0
2025-01-06 04:00:00,629.4196259687425,0.0,284.0,0.0
2025-01-06 04:30:00,631.3417678735462,0.0,275.0,0.0
2025-01-06 05:00:00,658.3869457894194,0.0,307.0,0.0
2025-01-06 05:30:00,652.0365827935524,0.0,284.0,0.0
2025-01-06 06:00:00,685.257574714182,0.0,298.0,0.0
2025-01-06 06:30:00,613.9253359286843,0.0,268.0,0.0
2025-01-06 07:00:00,734.7560523464992,0.0,338.0,0.0
2025-01-06 07:30:00,800.9775520572732,0.0,342.0,0.0
2025-01-06 08:00:00,626.0797511124425,0.0,259.0,0.0
2025-01-06 08:30:00,618.8186306913728,0.0,263.0,0.0
2025-01-06 09:00:00,762.0661748720044,0.0,332.0,0.0
2025-01-06 09:30:00,1019.4139365421088,0.0,430.0,0.0
2025-01-06 10:00:00,705.192261370373,0.0,291.0,0.0
2025-01-06 10:30:00,711.7753801648586,0.0,268.0,0.0
2025-01-06 11:00:00,797.9680281820429,0.0,281.0,0.0
2025-01-06 11:30:00,770.3792437391014,0.0,300.0,0.0
2025-01-06 12:00:00,817.6887738056424,0.0,389.0,0.0
2025-01-06 12:30:00,1083.3854502814281,0.0,424.0,0.0
2025-01-06 13:00:00,864.0877780679372,0.0,352.0,0.0
2025-01-06 13:30:00,792.074064657041,0.0,310.0,0.0
2025-01-06 14:00:00,795.6630635847845,0.0,296.0,0.0
2025-01-06 14:30:00,745.540562172567,0.0,278.0,0.0
2025-01-06 15:00:00,872.5783739818545,0.0,382.0,0.0
2025-01-06 15:30:00,1091.5498087881087,0.0,415.0,0.0
2025-01-06 16:00:00,941.6787351643118,0.0,373.0,0.0
2025-01-06 16:30:00,801.9360893634995,0.0,321.0,0.0
2025-01-06 17:00:00,733.997388046972,0.0,308.0,0.0
2025-01-06 17:30:00,813.5519294403705,0.0,357.0,0.0
2025-01-06 18:00:00,932.0834875793744,0.0,359.0,0.0
2025-01-06 18:30:00,708.7083073168553,0.0,292.0,0.0
2025-01-06 19:00:00,669.8758297957232,0.0,270.0,0.0
2025-01-06 19:30:00,624.3709068747719,0.0,270.0,0.0
2025-01-06 20:00:00,730.3982705441654,0.0,347.0,0.0
2025-01-06 20:30:00,894.0454494991424,0.0,369.0,0.0
2025-01-06 21:00:00,723.1323305128286,0.0,311.0,0.0
2025-01-06 21:30:00,598.355874946362,0.0,267.0,0.0
2025-01-06 22:00:00,743.7960107112166,0.0,300.0,0.0
2025-01-06 22:30:00,936.4757395232062,0.0,342.0,0.0
2025-01-06 23:00:00,956.9047572880962,0.0,367.0,0.0
2025-01-06 23:30:00,723.6087848692425,0.0,285.0,0.0
2025-01-07 00:00:00,750.0541989469971,0.0,273.0,0.0
2025-01-07 00:30:00,741.00370095475,0.0,325.0,0.0
2025-01-07 01:00:00,823.0292808336567,0.0,344.0,0.0
2025-01-07 01:30:00,704.1497034852406,0.0,271.0,0.0
2025-01-07 02:00:00,606.0938036509793,0.0,282.0,0.0
2025-01-07 02:30:00,650.3986094563769,0.0,257.0,0.0
2025-01-07 03:00:00,620.6488906043215,0.0,254.00000000000003,0.0
2025-01-07 03:30:00,655.6179284115515,0.0,275.0,0.0
2025-01-07 04:00:00,795.0491243653652,0.0,338.0,0.0
2025-01-07 04:30:00,901.3439649424598,0.0,364.0,0.0
2025-01-07 05:00:00,769.5455067226095,0.0,336.0,0.0
2025-01-07 05:30:00,657.0621123812406,0.0,284.0,0.0
2025-01-07 06:00:00,651.5272815714674,0.0,292.0,0.0
2025-01-07 06:30:00,869.6098339758286,0.0,351.0,0.0
2025-01-07 07:00:00,809.9706487940527,0.0,347.0,0.0
2025-01-07 07:30:00,714.1949062279373,0.0,262.0,0.0
2025-01-07 08:00:00,752.2806653535995,0.0,299.0,0.0
2025-01-07 08:30:00,727.854275809986,0.0,313.0,0.0
2025-01-07 09:00:00,928.6027952740361,0.0,383.0,0.0
2025-01-07 09:30:00,805.8491494153251,0.0,352.0,0.0
2025-01-07 10:00:00,713.5675116057555,0.0,310.0,0.0
2025-01-07 10:30:00,671.1227529656682,0.0,306.0,0.0
2025-01-07 11:00:00,756.9336421745417,0.0,313.0,0.0
2025-01-07 11:30:00,829.3476383262711,0.0,358.0,0.0
2025-01-07 12:00:00,872.4964666845332,0.0,337.0,0.0
2025-01-07 12:30:00,726.5201014568569,0.0,315.0,0.0
2025-01-07 13:00:00,655.4600227147151,0.0,280.0,0.0
2025-01-07 13:30:00,653.7059148154282,0.0,284.0,0.0
2025-01-07 14:00:00,743.9101251962271,0.0,292.0,0.0
2025-01-07 14:30:00,738.4513898134609,0.0,280.0,0.0
2025-01-07 15:00:00,656.9694530907555,0.0,290.0,0.0
2025-01-07 15:30:00,722.3417484941424,0.0,290.0,0.0
2025-01-07 16:00:00,662.5043208797216,0.0,280.0,0.0
2025-01-07 16:30:00,771.1455916593865,0.0,294.0,0.0
2025-01-07 17:00:00,752.4360986469089,0.0,326.0,0.0
2025-01-07 17:30:00,672.9445677456237,0.0,281.0,0.0
2025-01-07 18:00:00,618.2034257352536,0.0,243.0,0.0
2025-01-07 18:30:00,490.2738645192605,0.0,198.0,0.0
2025-01-07 19:00:00,643.9425837313886,0.0,260.0,0.0
2025-01-07 19:30:00,835.2384220855138,0.0,309.0,0.0
2025-01-07 20:00:00,606.9927844463498,0.0,240.0,0.0
2025-01-07 20:30:00,528.9853350480362,0.0,246.99999999999997,0.0
2025-01-07 21:00:00,564.8328116094019,0.0,245.00000000000003,0.0
2025-01-07 21:30:00,605.5323171880278,0.0,245.0,0.0
2025-01-07 22:00:00,673.9385018983095,0.0,298.0,0.0
2025-01-07 22:30:00,689.1497011652727,0.0,313.0,0.0
2025-01-07 23:00:00,724.0136733728942,0.0,321.0,0.0
2025-01-07 23:30:00,657.2765338324248,0.0,294.0,0.0
2025-01-08 00:00:00,641.6668259100559,0.0,283.0,0.0
2025-01-08 00:30:00,641.8253083149907,0.0,269.0,0.0
2025-01-08 01:00:00,650.2305206212986,0.0,280.0,0.0
2025-01-08 01:30:00,783.0879338779913,0.0,353.0,0.0
2025-01-08 02:00:00,761.2648311127706,0.0,336.0,0.0
2025-01-08 02:30:00,665.5230632102091,0.0,276.0,0.0
2025-01-08 03:00:00,633.2207301529636,0.0,275.0,0.0
2025-01-08 03:30:00,612.6314455615136,0.0,268.0,0.0
2025-01-08 04:00:00,620.9500994737876,0.0,283.0,0.0
2025-01-08 04:30:00,634.981533100876,0.0,277.0,0.0
2025-01-08 05:00:00,709.36133730904,0.0,338.0,0.0
2025-01-08 05:30:00,820.9461906637937,0.0,355.0,0.0
2025-01-08 06:00:00,680.6039983332976,0.0,294.0,0.0
2025-01-08 06:30:00,647.4490001039136,0.0,290.0,0.0
2025-01-08 07:00:00,711.479504030006,0.0,292.0,0.0
2025-01-08 07:30:00,726.2160219813484,0.0,325.0,0.0
2025-01-08 08:00:00,818.3859332835584,0.0,357.0,0.0
2025-01-08 08:30:00,618.553746670588,0.0,286.0,0.0
2025-01-08 09:00:00,673.3302986836568,0.0,295.0,0.0
2025-01-08 09:30:00,716.6176455224783,0.0,304.0,0.0
2025-01-08 10:00:00,854.7349509318612,0.0,390.0,0.0
2025-01-08 10:30:00,854.3121326382657,0.0,337.0,0.0
2025-01-08 11:00:00,751.2951400669657,0.0,305.0,0.0
2025-01-08 11:30:00,682.767595765434,0.0,290.0,0.0
2025-01-08 12:00:00,745.4259692918238,0.0,310.0,0.0
2025-01-08 12:30:00,949.9211968257318,0.0,366.0,0.0
2025-01-08 13:00:00,741.1271217051087,0.0,302.0,0.0
2025-01-08 13:30:00,663.5727662736549,0.0,297.0,0.0
2025-01-08 14:00:00,593.0883253997561,0.0,272.0,0.0
2025-01-08 14:30:00,654.5705278327932,0.0,271.0,0.0
2025-01-08 15:00:00,891.8893001607586,0.0,380.0,0.0
2025-01-08 15:30:00,927.8178364194697,0.0,331.0,0.0
2025-01-08 16:00:00,745.1283314781696,0.0,305.0,0.0
2025-01-08 16:30:00,639.0133590766732,0.0,288.0,0.0
2025-01-08 17:00:00,733.8616170160825,0.0,350.0,0.0
2025-01-08 17:30:00,890.2284782883733,0.0,374.0,0.0
2025-01-08 18:00:00,637.983142791284,0.0,291.0,0.0
2025-01-08 18:30:00,651.5075907498391,0.0,266.0,0.0
2025-01-08 19:00:00,631.4220107295604,0.0,250.00000000000003,0.0
2025-01-08 19:30:00,777.0690899297265,0.0,320.0,0.0
2025-01-08 20:00:00,797.6817037557338,0.0,342.0,0.0
2025-01-08 20:30:00,690.2622330362988,0.0,286.0,0.0
2025-01-08 21:00:00,642.4443871204363,0.0,289.0,0.0
2025-01-08 21:30:00,614.1004995002379,0.0,289.0,0.0
2025-01-08 22:00:00,764.4585255106126,0.0,302.0,0.0
2025-01-08 22:30:00,650.8309722297813,0.0,267.0,0.0
2025-01-08 23:00:00,698.3561378273232,0.0,293.0,0.0
2025-01-08 23:30:00,575.4739172988038,0.0,284.0,0.0
2025-01-09 00:00:00,673.1091344360395,0.0,270.0,0.0
2025-01-09 00:30:00,577.6789684052243,0.0,240.0,0.0
2025-01-09 01:00:00,580.6513946797598,0.0,252.99999999999997,0.0
2025-01-09 01:30:00,529.1309009142419,0.0,208.0,0.0
2025-01-09 02:00:00,537.5314254639674,0.0,205.0,0.0
2025-01-09 02:30:00,379.5366959067601,0.0,149.0,0.0
2025-01-09 03:00:00,343.01027968321034,0.0,136.0,0.0
2025-01-09 03:30:00,327.77137833981277,0.0,144.0,0.0
2025-01-09 04:00:00,298.9763013816176,0.0,139.0,0.0
2025-01-09 04:30:00,279.6388764681473,0.0,140.00000000000003,0.0
2025-01-09 05:00:00,281.33293702749177,0.0,139.0,0.0
2025-01-09 05:30:00,282.0284944910853,0.0,138.0,0.0
2025-01-09 06:00:00,284.3527177714086,0.0,137.0,0.0
2025-01-09 06:30:00,233.86281146981975,0.0,118.99999999999999,0.0
2025-01-09 07:00:00,115.7655365398686,0.0,70.0,0.0
2025-01-09 07:30:00,111.44562878170369,0.0,69.0,0.0
2025-01-09 08:00:00,110.99461013880087,0.0,67.0,0.0
2025-01-09 08:30:00,117.60812529110306,0.0,67.0,0.0
2025-01-09 09:00:00,125.37650186133887,0.0,63.99999999999999,0.0
2025-01-09 09:30:00,153.53215047173387,0.0,68.0,0.0
2025-01-09 10:00:00,137.5576436547244,0.0,70.0,0.0
2025-01-09 10:30:00,162.84161652470348,0.0,73.0,0.0
2025-01-09 11:00:00,166.58403857789602,0.0,67.0,0.0
2025-01-09 11:30:00,176.535734449462,0.0,68.0,0.0
2025-01-09 12:00:00,177.61086999931672,0.0,68.0,0.0
2025-01-09 12:30:00,166.23127530570747,0.0,70.0,0.0
2025-01-09 13:00:00,171.89833350627208,0.0,72.0,0.0
2025-01-09 13:30:00,184.91640261950783,0.0,67.0,0.0
2025-01-09 14:00:00,167.432546950767,0.0,72.0,0.0
2025-01-09 14:30:00,163.66385425755047,0.0,74.0,0.0
2025-01-09 15:00:00,165.1525592966132,0.0,73.0,0.0
2025-01-09 15:30:00,168.3523519839673,0.0,71.0,0.0
2025-01-09 16:00:00,166.31336013819387,0.0,72.0,0.0
2025-01-09 16:30:00,164.38188810403102,0.0,73.0,0.0
2025-01-09 17:00:00,151.84827486066584,0.0,69.0,0.0
2025-01-09 17:30:00,99.81292841912436,0.0,48.0,0.0
2025-01-09 18:00:00,93.37752704481568,0.0,51.0,0.0
2025-01-09 18:30:00,88.44307012166995,0.0,50.0,0.0
2025-01-09 19:00:00,85.7031052978674,0.0,49.0,0.0
2025-01-09 19:30:00,91.30467542253193,0.0,52.0,0.0
2025-01-09 20:00:00,95.35000360778372,0.0,55.00000000000001,0.0
2025-01-09 20:30:00,100.31096341823076,0.0,56.0,0.0
2025-01-09 21:00:00,95.5635852474445,0.0,56.00000000000001,0.0
2025-01-09 21:30:00,100.95516176302105,0.0,61.0,0.0
2025-01-09 22:00:00,99.16000486389274,0.0,63.00000000000001,0.0
2025-01-09 22:30:00,108.86753056928318,0.0,65.0,0.0
2025-01-09 23:00:00,108.8267755195476,0.0,64.0,0.0
2025-01-09 23:30:00,111.44432861398342,0.0,66.0,0.0
2025-01-10 00:00:00,858.305073587527,0.0,311.0,0.0
2025-01-10 00:30:00,810.3961608761457,0.0,274.0,0.0
2025-01-10 01:00:00,677.5941273335939,0.0,282.0,0.0
2025-01-10 01:30:00,752.7516109968348,0.0,325.0,0.0
2025-01-10 02:00:00,716.5167791788821,0.0,293.0,0.0
2025-01-10 02:30:00,660.2988496217446,0.0,281.0,0.0
2025-01-10 03:00:00,617.4228056821164,0.0,269.0,0.0
2025-01-10 03:30:00,638.1018077540732,0.0,267.0,0.0
2025-01-10 04:00:00,632.5104124889715,0.0,261.0,0.0
2025-01-10 04:30:00,628.2059019045586,0.0,258.0,0.0
2025-01-10 05:00:00,670.3068093000081,0.0,293.0,0.0
2025-01-10 05:30:00,904.5554172367805,0.0,352.0,0.0
2025-01-10 06:00:00,721.8084935616306,0.0,284.0,0.0
2025-01-10 06:30:00,634.8132905623035,0.0,234.0,0.0
2025-01-10 07:00:00,564.5618462905693,0.0,231.0,0.0
2025-01-10 07:30:00,758.8103127442453,0.0,287.0,0.0
2025-01-10 08:00:00,880.8607810002517,0.0,318.0,0.0
2025-01-10 08:30:00,651.1691987467633,0.0,242.00000000000003,0.0
2025-01-10 09:00:00,687.1353057937442,0.0,253.0,0.0
2025-01-10 09:30:00,846.9645434895299,0.0,299.0,0.0
2025-01-10 10:00:00,831.6960249600073,0.0,306.0,0.0
2025-01-10 10:30:00,809.7754487768748,0.0,298.0,0.0
2025-01-10 11:00:00,814.2589468799804,0.0,304.0,0.0
2025-01-10 11:30:00,806.1613920607476,0.0,325.0,0.0
2025-01-10 12:00:00,1007.2862408959221,0.0,396.0,0.0
2025-01-10 12:30:00,858.3675547212508,0.0,329.0,0.0
2025-01-10 13:00:00,868.5049352388594,0.0,363.0,0.0
2025-01-10 13:30:00,942.4644541800014,0.0,369.0,0.0
2025-01-10 14:00:00,925.4235761321038,0.0,343.0,0.0
2025-01-10 14:30:00,882.1811591893669,0.0,351.0,0.0
2025-01-10 15:00:00,1061.4730572153883,0.0,393.0,0.0
2025-01-10 15:30:00,920.9645971755767,0.0,374.0,0.0
2025-01-10 16:00:00,984.3599898964607,0.0,385.0,0.0
2025-01-10 16:30:00,878.0493333756281,0.0,346.0,0.0
2025-01-10 17:00:00,952.9612851219396,0.0,353.0,0.0
2025-01-10 17:30:00,996.9165665942652,0.0,397.0,0.0
2025-01-10 18:00:00,942.0577946485374,0.0,358.0,0.0
2025-01-10 18:30:00,873.0996332456782,0.0,362.0,0.0
2025-01-10 19:00:00,852.404306988638,0.0,346.0,0.0
2025-01-10 19:30:00,782.6370119076141,0.0,322.0,0.0
2025-01-10 20:00:00,854.4624450848505,0.0,320.0,0.0
2025-01-10 20:30:00,1079.1544496013735,0.0,407.0,0.0
2025-01-10 21:00:00,949.6834609412133,0.0,367.0,0.0
2025-01-10 21:30:00,1033.0382085682827,0.0,372.0,0.0
2025-01-10 22:00:00,928.2526732912086,0.0,325.0,0.0
2025-01-10 22:30:00,828.875848855296,0.0,339.0,0.0
2025-01-10 23:00:00,933.5553227596631,0.0,380.0,0.0
2025-01-10 23:30:00,946.8462914565145,0.0,358.0,0.0
2025-01-11 00:00:00,719.8386458857127,0.0,273.0,0.0
2025-01-11 00:30:00,724.0432651738871,0.0,271.0,0.0
2025-01-11 01:00:00,729.9531676762592,0.0,303.0,0.0
2025-01-11 01:30:00,754.2065950230101,0.0,352.0,0.0
2025-01-11 02:00:00,651.0522066206938,0.0,301.0,0.0
2025-01-11 02:30:00,619.544750587147,0.0,274.0,0.0
2025-01-11 03:00:00,624.9947650837778,0.0,290.0,0.0
2025-01-11 03:30:00,636.1660346614049,0.0,285.0,0.0
2025-01-11 04:00:00,802.5863838303164,0.0,356.0,0.0
2025-01-11 04:30:00,783.5009714543996,0.0,341.0,0.0
2025-01-11 05:00:00,663.2234990395453,0.0,264.0,0.0
2025-01-11 05:30:00,664.5473081974719,0.0,270.0,0.0
2025-01-11 06:00:00,707.4796851880579,0.0,318.0,0.0
2025-01-11 06:30:00,876.9339616723302,0.0,376.0,0.0
2025-01-11 07:00:00,682.5067692513119,0.0,310.0,0.0
2025-01-11 07:30:00,665.2941871659837,0.0,277.0,0.0
2025-01-11 08:00:00,726.3428694719114,0.0,306.0,0.0
2025-01-11 08:30:00,765.5906068966374,0.0,338.0,0.0
2025-01-11 09:00:00,730.5076588031657,0.0,335.0,0.0
2025-01-11 09:30:00,633.6815552133119,0.0,298.0,0.0
2025-01-11 10:00:00,624.7075356307986,0.0,290.0,0.0
2025-01-11 10:30:00,805.4698109220805,0.0,348.0,0.0
2025-01-11 11:00:00,858.6014039202543,0.0,374.0,0.0
2025-01-11 11:30:00,714.3972708455768,0.0,283.0,0.0
2025-01-11 12:00:00,664.6195229453347,0.0,271.0,0.0
2025-01-11 12:30:00,628.7921317399898,0.0,272.0,0.0
2025-01-11 13:00:00,780.1288561868852,0.0,295.0,0.0
2025-01-11 13:30:00,847.5490605017297,0.0,345.0,0.0
2025-01-11 14:00:00,745.3694059840038,0.0,301.0,0.0
2025-01-11 14:30:00,753.6202142424241,0.0,299.0,0.0
2025-01-11 15:00:00,668.266539300102,0.0,279.0,0.0
2025-01-11 15:30:00,838.66087270199,0.0,345.0,0.0
2025-01-11 16:00:00,778.386781405193,0.0,348.0,0.0
2025-01-11 16:30:00,708.0848767502712,0.0,308.0,0.0
2025-01-11 17:00:00,670.156366898381,0.0,271.0,0.0
2025-01-11 17:30:00,679.3772460441845,0.0,293.0,0.0
2025-01-11 18:00:00,891.6510371926911,0.0,361.0,0.0
2025-01-11 18:30:00,683.805209897446,0.0,318.0,0.0
2025-01-11 19:00:00,699.734473798239,0.0,301.0,0.0
2025-01-11 19:30:00,667.9981435766009,0.0,282.0,0.0
2025-01-11 20:00:00,636.5102838568749,0.0,300.0,0.0
2025-01-11 20:30:00,767.7664336027783,0.0,288.0,0.0
2025-01-11 21:00:00,683.7295926987755,0.0,270.0,0.0
2025-01-11 21:30:00,662.414622612054,0.0,287.0,0.0
2025-01-11 22:00:00,646.6583426048812,0.0,284.0,0.0
2025-01-11 22:30:00,576.7378309352013,0.0,272.0,0.0
2025-01-11 23:00:00,666.5358954622761,0.0,297.0,0.0
2025-01-11 23:30:00,805.0639679077119,0.0,335.0,0.0
2025-01-12 00:00:00,743.9888235067889,0.0,278.0,0.0
2025-01-12 00:30:00,780.0084503904667,0.0,327.0,0.0
2025-01-12 01:00:00,1058.372992833354,0.0,381.0,0.0
2025-01-12 01:30:00,737.3486156658756,0.0,315.0,0.0
2025-01-12 02:00:00,666.128220500122,0.0,278.0,0.0
2025-01-12 02:30:00,712.3212325761745,0.0,281.0,0.0
2025-01-12 03:00:00,811.0222360030656,0.0,295.0,0.0
2025-01-12 03:30:00,906.8432060891897,0.0,355.0,0.0
2025-01-12 04:00:00,933.0191152703559,0.0,358.0,0.0
2025-01-12 04:30:00,695.4292495010236,0.0,277.0,0.0
2025-01-12 05:00:00,674.0371949175577,0.0,277.0,0.0
2025-01-12 05:30:00,695.9557848416048,0.0,283.0,0.0
2025-01-12 06:00:00,885.6329996195226,0.0,373.0,0.0
2025-01-12 06:30:00,789.8325051694616,0.0,330.0,0.0
2025-01-12 07:00:00,722.7727589647407,0.0,280.0,0.0
2025-01-12 07:30:00,705.7477447836774,0.0,279.0,0.0
2025-01-12 08:00:00,750.7262423324013,0.0,268.0,0.0
2025-01-12 08:30:00,698.1525420775687,0.0,276.0,0.0
2025-01-12 09:00:00,682.2426188382045,0.0,256.0,0.0
2025-01-12 09:30:00,651.0731513562749,0.0,265.0,0.0
2025-01-12 10:00:00,737.3936852876636,0.0,275.0,0.0
2025-01-12 10:30:00,651.2938957277266,0.0,245.0,0.0
2025-01-12 11:00:00,690.9274322064574,0.0,246.00000000000003,0.0
2025-01-12 11:30:00,578.9856128896317,0.0,229.0,0.0
2025-01-12 12:00:00,792.0973250796031,0.0,296.0,0.0
2025-01-12 12:30:00,758.5883576113741,0.0,288.0,0.0
2025-01-12 13:00:00,597.9138727547411,0.0,239.99999999999997,0.0
2025-01-12 13:30:00,548.3779583794859,0.0,206.0,0.0
2025-01-12 14:00:00,540.2156457905808,0.0,219.0,0.0
2025-01-12 14:30:00,801.7035534873246,0.0,320.0,0.0
2025-01-12 15:00:00,699.4465160763034,0.0,284.0,0.0
2025-01-12 15:30:00,660.2638371980476,0.0,287.0,0.0
2025-01-12 16:00:00,748.1606527703944,0.0,300.0,0.0
2025-01-12 16:30:00,771.2001143148702,0.0,279.0,0.0
2025-01-12 17:00:00,756.5041268504019,0.0,319.0,0.0
2025-01-12 17:30:00,723.9788505631353,0.0,292.0,0.0
2025-01-12 18:00:00,830.7126353325411,0.0,274.0,0.0
2025-01-12 18:30:00,783.7184588784418,0.0,295.0,0.0
2025-01-12 19:00:00,831.4355974649792,0.0,307.0,0.0
2025-01-12 19:30:00,968.9916514910262,0.0,350.0,0.0
2025-01-12 20:00:00,998.2892874342527,0.0,370.0,0.0
2025-01-12 20:30:00,837.5011074976896,0.0,354.0,0.0
2025-01-12 21:00:00,914.4321034465692,0.0,355.0,0.0
2025-01-12 21:30:00,916.01888047809,0.0,395.0,0.0
2025-01-12 22:00:00,1115.2677491378183,0.0,381.0,0.0
2025-01-12 22:30:00,841.4270875549988,0.0,354.0,0.0
2025-01-12 23:00:00,882.2230378116099,0.0,362.0,0.0
2025-01-12 23:30:00,858.405755696196,0.0,351.0,0.0
2025-01-13 00:00:00,695.809323268306,0.0,292.0,0.0
2025-01-13 00:30:00,769.0724598776824,0.0,348.0,0.0
2025-01-13 01:00:00,678.5472693290753,0.0,290.0,0.0
2025-01-13 01:30:00,636.281062336767,0.0,244.0,0.0
2025-01-13 02:00:00,609.9090208918026,0.0,278.0,0.0
2025-01-13 02:30:00,757.1149146886083,0.0,349.0,0.0
2025-01-13 03:00:00,734.8149399850405,0.0,339.0,0.0
2025-01-13 03:30:00,670.8503191830437,0.0,269.0,0.0
2025-01-13 04:00:00,594.6154955333951,0.0,261.0,0.0
2025-01-13 04:30:00,698.3474377782852,0.0,286.0,0.0
2025-01-13 05:00:00,835.4146935802688,0.0,365.0,0.0
2025-01-13 05:30:00,675.0213443416816,0.0,292.0,0.0
2025-01-13 06:00:00,623.5008771262284,0.0,272.0,0.0
2025-01-13 06:30:00,579.2896984118521,0.0,229.0,0.0
2025-01-13 07:00:00,736.2406111472283,0.0,325.0,0.0
2025-01-13 07:30:00,814.420629275107,0.0,329.0,0.0
2025-01-13 08:00:00,681.0364888643523,0.0,290.0,0.0
2025-01-13 08:30:00,640.5278604540631,0.0,277.0,0.0
2025-01-13 09:00:00,621.5086402502127,0.0,272.0,0.0
2025-01-13 09:30:00,762.8610627186458,0.0,334.0,0.0
2025-01-13 10:00:00,787.7309773446163,0.0,288.0,0.0
2025-01-13 10:30:00,664.3599929912242,0.0,291.0,0.0
2025-01-13 11:00:00,576.5261373965961,0.0,260.0,0.0
2025-01-13 11:30:00,794.9437613492038,0.0,318.0,0.0
2025-01-13 12:00:00,808.9602157727921,0.0,329.0,0.0
2025-01-13 12:30:00,723.9806462851276,0.0,290.0,0.0
2025-01-13 13:00:00,623.8440794124823,0.0,249.0,0.0
2025-01-13 13:30:00,620.0995669351967,0.0,274.0,0.0
2025-01-13 14:00:00,744.3147450946866,0.0,322.0,0.0
2025-01-13 14:30:00,714.2884846201526,0.0,317.0,0.0
2025-01-13 15:00:00,680.0570151860821,0.0,293.0,0.0
2025-01-13 15:30:00,639.4671141583817,0.0,258.0,0.0
2025-01-13 16:00:00,706.643980982507,0.0,295.0,0.0
2025-01-13 16:30:00,612.181079503229,0.0,271.0,0.0
2025-01-13 17:00:00,572.1783397798504,0.0,286.0,0.0
2025-01-13 17:30:00,592.064591272687,0.0,274.0,0.0
2025-01-13 18:00:00,655.1705930831165,0.0,251.0,0.0
2025-01-13 18:30:00,544.9668869591043,0.0,214.0,0.0
2025-01-13 19:00:00,520.907608731372,0.0,232.0,0.0
2025-01-13 19:30:00,722.4183809522816,0.0,282.0,0.0
2025-01-13 20:00:00,731.3220401898121,0.0,304.0,0.0
2025-01-13 20:30:00,537.2340977468159,0.0,238.0,0.0
2025-01-13 21:00:00,605.6829078557627,0.0,265.0,0.0
2025-01-13 21:30:00,712.7669919584379,0.0,273.0,0.0
2025-01-13 22:00:00,550.7239158360735,0.0,254.0,0.0
2025-01-13 22:30:00,511.7249218990381,0.0,200.0,0.0
2025-01-13 23:00:00,631.4461490317824,0.0,240.0,0.0
2025-01-13 23:30:00,624.9596838591284,0.0,243.0,0.0
2025-01-14 00:00:00,93.51584039118809,0.0,55.0,0.0
2025-01-14 00:30:00,94.83901655917532,0.0,53.042553191489354,0.0
2025-01-14 01:00:00,90.8851533699326,0.0,53.0,0.0
2025-01-14 01:30:00,97.44163915028727,0.0,53.93617021276596,0.0
2025-01-14 02:00:00,97.3172143132492,0.0,54.00000000000001,0.0
2025-01-14 02:30:00,92.4909464905128,0.0,50.42553191489362,0.0
2025-01-14 03:00:00,97.91954142511864,0.0,51.74468085106384,0.0
2025-01-14 03:30:00,95.0139819637465,0.0,52.0,0.0
2025-01-14 04:00:00,89.13736476967821,0.0,52.829787234042556,0.0
2025-01-14 04:30:00,85.01585265942259,0.0,53.808510638297875,0.0
2025-01-14 05:00:00,93.05559020746483,0.0,53.212765957446805,0.0
2025-01-14 05:30:00,93.62852862489882,0.0,53.0,0.0
2025-01-14 06:00:00,94.57012514171193,0.0,50.76595744680851,0.0
2025-01-14 06:30:00,85.00494343457302,0.0,50.0,0.0
2025-01-14 07:00:00,83.16752384431193,0.0,46.48936170212767,0.0
2025-01-14 07:30:00,80.03216476936491,0.0,40.91489361702128,0.0
2025-01-14 08:00:00,73.57089121129978,0.0,38.340425531914896,0.0
2025-01-14 08:30:00,66.00327436982217,0.0,37.361702127659576,0.0
2025-01-14 09:00:00,73.26412031452386,0.0,38.234042553191486,0.0
2025-01-14 09:30:00,65.44363803650226,0.0,37.21276595744681,0.0
2025-01-14 10:00:00,68.55612898584603,0.0,36.57446808510638,0.0
2025-01-14 10:30:00,76.95373112325301,0.0,35.8936170212766,0.0
2025-01-14 11:00:00,80.2746911822628,0.0,36.06382978723404,0.0
2025-01-14 11:30:00,69.48288742613644,0.0,37.51063829787234,0.0
2025-01-14 12:00:00,72.28948610000835,0.0,37.51063829787234,0.0
2025-01-14 12:30:00,73.65663777231424,0.0,37.0,0.0
2025-01-14 13:00:00,80.52287879946826,0.0,37.4468085106383,0.0
2025-01-14 13:30:00,72.64455603830193,0.0,38.42553191489361,0.0
2025-01-14 14:00:00,73.86425544979149,0.0,39.0,0.0
2025-01-14 14:30:00,82.20196923622053,0.0,39.0,0.0
2025-01-14 15:00:00,73.0842851952772,0.0,38.63829787234043,0.0
2025-01-14 15:30:00,76.82381520376919,0.0,38.0,0.0
2025-01-14 16:00:00,68.36116555897017,0.0,38.31914893617021,0.0
2025-01-14 16:30:00,73.55291363679693,0.0,39.595744680851055,0.0
2025-01-14 17:00:00,67.89812361123496,0.0,41.0,0.0
2025-01-14 17:30:00,71.24083972877757,0.0,41.25531914893617,0.0
2025-01-14 18:00:00,77.36620011189709,0.0,41.99999999999999,0.0
2025-01-14 18:30:00,74.56453977605855,0.0,42.85106382978722,0.0
2025-01-14 19:00:00,78.66746555202712,0.0,45.61702127659575,0.0
2025-01-14 19:30:00,79.23814654769454,0.0,43.829787234042556,0.0
2025-01-14 20:00:00,81.70047385644858,0.0,43.29787234042553,0.0
2025-01-14 20:30:00,85.54889088616233,0.0,45.00000000000001,0.0
2025-01-14 21:00:00,88.53138792531887,0.0,45.531914893617014,0.0
2025-01-14 21:30:00,74.43128386121842,0.0,50.25531914893617,0.0
2025-01-14 22:00:00,86.53032407780127,0.0,53.06382978723404,0.0
2025-01-14 22:30:00,92.76872957102321,0.0,53.95744680851063,0.0
2025-01-14 23:00:00,89.75582106078745,0.0,53.02127659574468,0.0
2025-01-14 23:30:00,93.9779509730781,0.0,53.99999999999999,0.0
2025-01-15 00:00:00,597.2951466937842,0.0,265.0,0.0
2025-01-15 00:30:00,665.1500519596542,0.0,288.0,0.0
2025-01-15 01:00:00,728.8698237471338,0.0,337.0,0.0
2025-01-15 01:30:00,601.1468062972453,0.0,246.0,0.0
2025-01-15 02:00:00,620.7898188337879,0.0,247.0,0.0
2025-01-15 02:30:00,641.1533830813994,0.0,282.0,0.0
2025-01-15 03:00:00,654.5081841340151,0.0,263.0,0.0
2025-01-15 03:30:00,774.1404913452019,0.0,311.0,0.0
2025-01-15 04:00:00,674.8153408737588,0.0,272.0,0.0
2025-01-15 04:30:00,618.6157514166925,0.0,260.0,0.0
2025-01-15 05:00:00,659.6024717335448,0.0,281.0,0.0
2025-01-15 05:30:00,652.7021597260157,0.0,263.0,0.0
2025-01-15 06:00:00,635.7403471413577,0.0,257.0,0.0
2025-01-15 06:30:00,804.8353104119294,0.0,336.0,0.0
2025-01-15 07:00:00,776.105350976024,0.0,327.0,0.0
2025-01-15 07:30:00,705.6685305381354,0.0,282.0,0.0
2025-01-15 08:00:00,648.9659662430436,0.0,240.0,0.0
2025-01-15 08:30:00,767.8879763880448,0.0,304.0,0.0
2025-01-15 09:00:00,809.9075148258961,0.0,351.0,0.0
2025-01-15 09:30:00,759.7602771180934,0.0,303.0,0.0
2025-01-15 10:00:00,810.4596639537434,0.0,300.0,0.0
2025-01-15 10:30:00,645.2571127359769,0.0,267.0,0.0
2025-01-15 11:00:00,796.6177802552162,0.0,344.0,0.0
2025-01-15 11:30:00,811.5411429137955,0.0,330.0,0.0
2025-01-15 12:00:00,736.1870091140682,0.0,319.0,0.0
2025-01-15 12:30:00,750.5870753681764,0.0,299.0,0.0
2025-01-15 13:00:00,607.9896777243293,0.0,262.0,0.0
2025-01-15 13:30:00,754.8915748191831,0.0,337.0,0.0
2025-01-15 14:00:00,760.5654339301311,0.0,354.0,0.0
2025-01-15 14:30:00,680.7572124091444,0.0,275.0,0.0
2025-01-15 15:00:00,657.8756894500399,0.0,309.0,0.0
2025-01-15 15:30:00,694.5284415895711,0.0,262.0,0.0
2025-01-15 16:00:00,757.451541103879,0.0,260.0,0.0
2025-01-15 16:30:00,641.67583698712,0.0,262.0,0.0
2025-01-15 17:00:00,603.6769947824974,0.0,261.0,0.0
2025-01-15 17:30:00,660.5444893943018,0.0,258.0,0.0
2025-01-15 18:00:00,616.6805820891117,0.0,261.0,0.0
2025-01-15 18:30:00,682.5588717365188,0.0,237.0,0.0
2025-01-15 19:00:00,613.5246661780159,0.0,258.0,0.0
2025-01-15 19:30:00,678.5643373329847,0.0,282.0,0.0
2025-01-15 20:00:00,765.3687028575475,0.0,333.0,0.0
2025-01-15 20:30:00,693.6833837969655,0.0,286.0,0.0
2025-01-15 21:00:00,568.718700397575,0.0,219.0,0.0
2025-01-15 21:30:00,604.9330898934477,0.0,243.0,0.0
2025-01-15 22:00:00,709.2580508128998,0.0,307.0,0.0
2025-01-15 22:30:00,642.3753671716197,0.0,276.0,0.0
2025-01-15 23:00:00,612.6656382381043,0.0,226.0,0.0
2025-01-15 23:30:00,584.5550099705475,0.0,257.0,0.0
2025-01-16 00:00:00,692.8141080058274,0.0,293.0,0.0
2025-01-16 00:30:00,844.4305138794725,0.0,351.0,0.0
2025-01-16 01:00:00,795.9911761013689,0.0,357.0,0.0
2025-01-16 01:30:00,714.7612172173808,0.0,282.0,0.0
2025-01-16 02:00:00,618.616295519257,0.0,293.0,0.0
2025-01-16 02:30:00,682.001504401683,0.0,326.0,0.0
2025-01-16 03:00:00,887.0494066496881,0.0,383.0,0.0
2025-01-16 03:30:00,777.0234636294341,0.0,316.0,0.0
2025-01-16 04:00:00,702.0541264360606,0.0,290.0,0.0
2025-01-16 04:30:00,668.1656747589489,0.0,277.0,0.0
2025-01-16 05:00:00,772.8696394512235,0.0,355.0,0.0
2025-01-16 05:30:00,733.3880669376248,0.0,324.0,0.0
2025-01-16 06:00:00,790.2996719964405,0.0,305.0,0.0
2025-01-16 06:30:00,615.7193290113773,0.0,263.0,0.0
2025-01-16 07:00:00,684.733360736423,0.0,300.0,0.0
2025-01-16 07:30:00,619.8527370326346,0.0,253.0,0.0
2025-01-16 08:00:00,689.7166789211016,0.0,272.0,0.0
2025-01-16 08:30:00,669.0242335824587,0.0,285.0,0.0
2025-01-16 09:00:00,701.2307995371484,0.0,279.0,0.0
2025-01-16 09:30:00,654.1833807492676,0.0,277.0,0.0
2025-01-16 10:00:00,627.5121397148883,0.0,265.0,0.0
2025-01-16 10:30:00,764.1897089296359,0.0,325.0,0.0
2025-01-16 11:00:00,733.9163714654013,0.0,303.0,0.0
2025-01-16 11:30:00,595.6131759139528,0.0,266.0,0.0
2025-01-16 12:00:00,630.5963397702702,0.0,242.0,0.0
2025-01-16 12:30:00,873.6538353077328,0.0,309.0,0.0
2025-01-16 13:00:00,849.480565999613,0.0,343.0,0.0
2025-01-16 13:30:00,683.2289582661087,0.0,246.0,0.0
2025-01-16 14:00:00,634.2734075669445,0.0,234.0,0.0
2025-01-16 14:30:00,582.3307378001524,0.0,251.99999999999997,0.0
2025-01-16 15:00:00,592.1395543907764,0.0,237.0,0.0
2025-01-16 15:30:00,790.485492261367,0.0,290.0,0.0
2025-01-16 16:00:00,790.693639742064,0.0,351.0,0.0
2025-01-16 16:30:00,737.6745848081702,0.0,328.0,0.0
2025-01-16 17:00:00,607.4269541821768,0.0,245.0,0.0
2025-01-16 17:30:00,590.182390389306,0.0,259.0,0.0
2025-01-16 18:00:00,680.7173656851576,0.0,294.0,0.0
2025-01-16 18:30:00,788.8641037400042,0.0,318.0,0.0
2025-01-16 19:00:00,622.6495127195117,0.0,283.0,0.0
2025-01-16 19:30:00,544.5091816939114,0.0,241.0,0.0
2025-01-16 20:00:00,590.4594681036856,0.0,265.0,0.0
2025-01-16 20:30:00,714.9785074897791,0.0,280.0,0.0
2025-01-16 21:00:00,787.4928088677365,0.0,326.0,0.0
2025-01-16 21:30:00,699.2999809727048,0.0,274.0,0.0
2025-01-16 22:00:00,743.8175071895157,0.0,294.0,0.0
2025-01-16 22:30:00,666.5324405496614,0.0,289.0,0.0
2025-01-16 23:00:00,648.4312943468966,0.0,274.0,0.0
2025-01-16 23:30:00,805.4508101406194,0.0,350.0,0.0
2025-01-17 00:00:00,626.431979424279,0.0,270.0,0.0
2025-01-17 00:30:00,600.221025974594,0.0,245.0,0.0
2025-01-17 01:00:00,611.291247397147,0.0,240.0,0.0
2025-01-17 01:30:00,656.2612710440058,0.0,273.0,0.0
2025-01-17 02:00:00,544.6852627170654,0.0,242.0,0.0
2025-01-17 02:30:00,659.0579474834367,0.0,299.0,0.0
2025-01-17 03:00:00,731.0433186578346,0.0,324.0,0.0
2025-01-17 03:30:00,600.6395107576082,0.0,259.0,0.0
2025-01-17 04:00:00,575.2447213994797,0.0,234.0,0.0
2025-01-17 04:30:00,606.9894844439053,0.0,293.0,0.0
2025-01-17 05:00:00,803.5787504744122,0.0,324.0,0.0
2025-01-17 05:30:00,695.5316830261767,0.0,251.0,0.0
2025-01-17 06:00:00,746.7256703055397,0.0,244.0,0.0
2025-01-17 06:30:00,698.393392863463,0.0,287.0,0.0
2025-01-17 07:00:00,660.7778784481379,0.0,292.0,0.0
2025-01-17 07:30:00,845.6176436945785,0.0,352.0,0.0
2025-01-17 08:00:00,918.9164701112278,0.0,367.0,0.0
2025-01-17 08:30:00,843.9775361368547,0.0,336.0,0.0
2025-01-17 09:00:00,824.4415100120352,0.0,324.0,0.0
2025-01-17 09:30:00,798.2269305085101,0.0,364.0,0.0
2025-01-17 10:00:00,906.5748312974001,0.0,372.0,0.0
2025-01-17 10:30:00,824.8875155602763,0.0,341.0,0.0
2025-01-17 11:00:00,726.9854618150698,0.0,312.0,0.0
2025-01-17 11:30:00,763.0293412047322,0.0,322.0,0.0
2025-01-17 12:00:00,985.8900856101144,0.0,385.0,0.0
2025-01-17 12:30:00,868.6675007672471,0.0,347.0,0.0
2025-01-17 13:00:00,712.9535360497646,0.0,335.0,0.0
2025-01-17 13:30:00,674.207846146,0.0,310.0,0.0
2025-01-17 14:00:00,923.5694033844388,0.0,366.0,0.0
2025-01-17 14:30:00,914.1131832821562,0.0,377.0,0.0
2025-01-17 15:00:00,757.673243036576,0.0,304.0,0.0
2025-01-17 15:30:00,807.0896269392391,0.0,337.0,0.0
2025-01-17 16:00:00,715.1981929902992,0.0,309.0,0.0
2025-01-17 16:30:00,1011.9413224823309,0.0,434.0,0.0
2025-01-17 17:00:00,944.4078191552937,0.0,422.0,0.0
2025-01-17 17:30:00,936.0203913241094,0.0,347.0,0.0
2025-01-17 18:00:00,730.0204839678834,0.0,289.0,0.0
2025-01-17 18:30:00,816.936617934498,0.0,319.0,0.0
2025-01-17 19:00:00,970.7413137831427,0.0,416.0,0.0
2025-01-17 19:30:00,902.2568176243564,0.0,338.0,0.0
2025-01-17 20:00:00,807.1122696103712,0.0,309.0,0.0
2025-01-17 20:30:00,738.7056627020793,0.0,253.99999999999997,0.0
2025-01-17 21:00:00,725.8515186700616,0.0,252.00000000000003,0.0
2025-01-17 21:30:00,773.9036616133587,0.0,296.0,0.0
2025-01-17 22:00:00,842.9771954113501,0.0,324.0,0.0
2025-01-17 22:30:00,718.510147376871,0.0,305.0,0.0
2025-01-17 23:00:00,775.3469599095785,0.0,328.0,0.0
2025-01-17 23:30:00,715.9324677561757,0.0,297.0,0.0
2025-01-18 00:00:00,836.483661324408,0.0,324.0,0.0
2025-01-18 00:30:00,712.4533596986466,0.0,293.0,0.0
2025-01-18 01:00:00,657.6460285343217,0.0,248.0,0.0
2025-01-18 01:30:00,650.817921392157,0.0,260.0,0.0
2025-01-18 02:00:00,596.1335387241963,0.0,254.0,0.0
2025-01-18 02:30:00,741.4408893860754,0.0,304.0,0.0
2025-01-18 03:00:00,701.4533232908396,0.0,287.0,0.0
2025-01-18 03:30:00,589.7768844199712,0.0,249.0,0.0
2025-01-18 04:00:00,634.7269151240697,0.0,278.0,0.0
2025-01-18 04:30:00,584.5337641720681,0.0,267.0,0.0
2025-01-18 05:00:00,703.6295672776816,0.0,280.0,0.0
2025-01-18 05:30:00,700.2945452519817,0.0,292.0,0.0
2025-01-18 06:00:00,755.490912223812,0.0,313.0,0.0
2025-01-18 06:30:00,760.8310187118353,0.0,350.0,0.0
2025-01-18 07:00:00,812.3194716744796,0.0,326.0,0.0
2025-01-18 07:30:00,797.5364597116766,0.0,307.0,0.0
2025-01-18 08:00:00,768.3822080547399,0.0,320.0,0.0
2025-01-18 08:30:00,668.2532251614736,0.0,265.0,0.0
2025-01-18 09:00:00,753.321824394287,0.0,334.0,0.0
2025-01-18 09:30:00,935.9997738207693,0.0,383.0,0.0
2025-01-18 10:00:00,742.0133252220108,0.0,344.0,0.0
2025-01-18 10:30:00,772.1665689943151,0.0,318.0,0.0
2025-01-18 11:00:00,703.7309561579467,0.0,311.0,0.0
2025-01-18 11:30:00,753.0254472560902,0.0,350.0,0.0
2025-01-18 12:00:00,911.0953098196476,0.0,390.0,0.0
2025-01-18 12:30:00,893.300088368561,0.0,322.0,0.0
2025-01-18 13:00:00,784.0944279443711,0.0,281.0,0.0
2025-01-18 13:30:00,749.465305884858,0.0,316.0,0.0
2025-01-18 14:00:00,859.6228915632332,0.0,383.0,0.0
2025-01-18 14:30:00,993.031928223224,0.0,371.0,0.0
2025-01-18 15:00:00,725.0416717936292,0.0,303.0,0.0
2025-01-18 15:30:00,693.0664396629594,0.0,311.0,0.0
2025-01-18 16:00:00,701.9198435810949,0.0,344.0,0.0
2025-01-18 16:30:00,934.1319618216562,0.0,364.0,0.0
2025-01-18 17:00:00,890.7939775007096,0.0,373.0,0.0
2025-01-18 17:30:00,770.0292023600638,0.0,291.0,0.0
2025-01-18 18:00:00,627.3963887500225,0.0,282.0,0.0
2025-01-18 18:30:00,769.6616705226608,0.0,307.0,0.0
2025-01-18 19:00:00,831.0039611379495,0.0,339.0,0.0
2025-01-18 19:30:00,768.7021786098978,0.0,300.0,0.0
2025-01-18 20:00:00,609.6975478182272,0.0,280.0,0.0
2025-01-18 20:30:00,716.3684223405184,0.0,290.0,0.0
2025-01-18 21:00:00,720.1072998163886,0.0,300.0,0.0
2025-01-18 21:30:00,723.7891221386517,0.0,326.0,0.0
2025-01-18 22:00:00,908.4262484824646,0.0,376.0,0.0
2025-01-18 22:30:00,852.9541108752815,0.0,370.0,0.0
2025-01-18 23:00:00,695.6250355745491,0.0,287.0,0.0
2025-01-18 23:30:00,683.5059267477019,0.0,280.0,0.0
2025-01-19 00:00:00,1213.2725505396681,0.0,526.0,0.0
2025-01-19 00:30:00,1311.2084539721181,0.0,568.0,0.0
2025-01-19 01:00:00,1235.5765967352022,0.0,537.0,0.0
2025-01-19 01:30:00,1098.219756973076,0.0,427.0,0.0
2025-01-19 02:00:00,1045.4053916434266,0.0,481.0,0.0
2025-01-19 02:30:00,1057.5886731303378,0.0,427.0,0.0
2025-01-19 03:00:00,1126.768266686272,0.0,493.0,0.0
2025-01-19 03:30:00,989.8290618051124,0.0,473.0,0.0
2025-01-19 04:00:00,971.3586769935919,0.0,458.0,0.0
2025-01-19 04:30:00,1066.353694949283,0.0,455.0,0.0
2025-01-19 05:00:00,979.8732650087976,0.0,413.0,0.0
2025-01-19 05:30:00,907.8230198454812,0.0,439.0,0.0
2025-01-19 06:00:00,1103.517615411782,0.0,524.0,0.0
2025-01-19 06:30:00,1070.0053578462503,0.0,446.0,0.0
2025-01-19 07:00:00,1123.0575229535634,0.0,456.0,0.0
2025-01-19 07:30:00,869.8805708495496,0.0,380.0,0.0
2025-01-19 08:00:00,1176.6364363376301,0.0,484.0,0.0
2025-01-19 08:30:00,1198.6880185396774,0.0,489.0,0.0
2025-01-19 09:00:00,1271.9197334468809,0.0,507.0,0.0
2025-01-19 09:30:00,1121.2379261240374,0.0,493.0,0.0
2025-01-19 10:00:00,1178.803478017433,0.0,474.0,0.0
2025-01-19 10:30:00,1064.7651048418206,0.0,454.0,0.0
2025-01-19 11:00:00,1177.6798428214286,0.0,469.0,0.0
2025-01-19 11:30:00,1233.4186401980767,0.0,534.0,0.0
2025-01-19 12:00:00,1336.6891651738367,0.0,551.0,0.0
2025-01-19 12:30:00,1321.3537917844008,0.0,542.0,0.0
2025-01-19 13:00:00,1364.350671585359,0.0,576.0,0.0
2025-01-19 13:30:00,1404.7509138180162,0.0,570.0,0.0
2025-01-19 14:00:00,1374.9979845947364,0.0,586.0,0.0
2025-01-19 14:30:00,1270.5827366153096,0.0,539.0,0.0
2025-01-19 15:00:00,1355.0959177688376,0.0,524.0,0.0
2025-01-19 15:30:00,1357.3206766344513,0.0,552.0,0.0
2025-01-19 16:00:00,1218.9338923479825,0.0,550.0,0.0
2025-01-19 16:30:00,1379.7518124635922,0.0,578.0,0.0
2025-01-19 17:00:00,1238.9582705250918,0.0,533.0,0.0
2025-01-19 17:30:00,1190.238034126565,0.0,543.0,0.0
2025-01-19 18:00:00,1279.0449183220303,0.0,526.0,0.0
2025-01-19 18:30:00,1116.14140233738,0.0,523.0,0.0
2025-01-19 19:00:00,1279.7190928270327,0.0,537.0,0.0
2025-01-19 19:30:00,1173.718943907595,0.0,529.0,0.0
2025-01-19 20:00:00,1103.4437383190236,0.0,480.00000000000006,0.0
2025-01-19 20:30:00,979.0761757565488,0.0,414.0,0.0
2025-01-19 21:00:00,913.6817400596728,0.0,378.0,0.0
2025-01-19 21:30:00,902.8683261463035,0.0,403.0,0.0
2025-01-19 22:00:00,956.2887786486854,0.0,381.0,0.0
2025-01-19 22:30:00,817.0252246251225,0.0,314.0,0.0
2025-01-19 23:00:00,758.642438313459,0.0,335.0,0.0
2025-01-19 23:30:00,747.2189595842318,0.0,298.0,0.0
2025-01-20 00:00:00,732.7418950497622,0.0,316.0,0.0
2025-01-20 00:30:00,919.4782635657074,0.0,346.0,0.0
2025-01-20 01:00:00,750.9468101574814,0.0,281.0,0.0
2025-01-20 01:30:00,642.0390148950545,0.0,279.0,0.0
2025-01-20 02:00:00,722.892197465108,0.0,294.0,0.0
2025-01-20 02:30:00,777.3278098187976,0.0,305.0,0.0
2025-01-20 03:00:00,732.0680929600298,0.0,294.0,0.0
2025-01-20 03:30:00,766.5700846164116,0.0,343.0,0.0
2025-01-20 04:00:00,930.1421827489264,0.0,382.0,0.0
2025-01-20 04:30:00,725.5925882866104,0.0,322.0,0.0
2025-01-20 05:00:00,784.9561878441963,0.0,334.0,0.0
2025-01-20 05:30:00,749.8901543512361,0.0,279.0,0.0
2025-01-20 06:00:00,728.8096782063051,0.0,300.0,0.0
2025-01-20 06:30:00,737.6861903600394,0.0,308.0,0.0
2025-01-20 07:00:00,945.7860409857968,0.0,386.0,0.0
2025-01-20 07:30:00,868.45959890366,0.0,321.0,0.0
2025-01-20 08:00:00,896.9608807124628,0.0,326.0,0.0
2025-01-20 08:30:00,830.5483365430249,0.0,306.0,0.0
2025-01-20 09:00:00,825.3569045574332,0.0,314.0,0.0
2025-01-20 09:30:00,950.894118078315,0.0,394.0,0.0
2025-01-20 10:00:00,875.8356171575157,0.0,352.0,0.0
2025-01-20 10:30:00,869.212785892781,0.0,339.0,0.0
2025-01-20 11:00:00,782.4464132014957,0.0,312.0,0.0
2025-01-20 11:30:00,775.1401089649418,0.0,337.0,0.0
2025-01-20 12:00:00,843.6035214053177,0.0,365.0,0.0
2025-01-20 12:30:00,799.0319271485396,0.0,299.0,0.0
2025-01-20 13:00:00,803.3832362146204,0.0,307.0,0.0
2025-01-20 13:30:00,804.7594600534919,0.0,289.0,0.0
2025-01-20 14:00:00,744.22142316975,0.0,294.0,0.0
2025-01-20 14:30:00,802.7528638373443,0.0,291.0,0.0
2025-01-20 15:00:00,933.7293663173172,0.0,367.0,0.0
2025-01-20 15:30:00,888.2604010394496,0.0,357.0,0.0
2025-01-20 16:00:00,848.6865889203539,0.0,329.0,0.0
2025-01-20 16:30:00,754.1242911193202,0.0,302.0,0.0
2025-01-20 17:00:00,802.3946179659613,0.0,314.0,0.0
2025-01-20 17:30:00,858.4717187152011,0.0,353.0,0.0
2025-01-20 18:00:00,775.1213549530476,0.0,339.0,0.0
2025-01-20 18:30:00,781.4405339928309,0.0,317.0,0.0
2025-01-20 19:00:00,827.3908468249086,0.0,319.0,0.0
2025-01-20 19:30:00,722.5130414045655,0.0,293.0,0.0
2025-01-20 20:00:00,718.38957215233,0.0,284.0,0.0
2025-01-20 20:30:00,739.9598263411752,0.0,292.0,0.0
2025-01-20 21:00:00,690.3996701101144,0.0,291.0,0.0
2025-01-20 21:30:00,700.5022085894891,0.0,291.0,0.0
2025-01-20 22:00:00,590.7829462525965,0.0,259.0,0.0
2025-01-20 22:30:00,581.9481287160213,0.0,247.0,0.0
2025-01-20 23:00:00,740.4533750169734,0.0,294.0,0.0
2025-01-20 23:30:00,787.0125549396115,0.0,329.0,0.0
2025-01-21 00:00:00,848.7305642408575,0.0,327.0,0.0
2025-01-21 00:30:00,818.9556148501265,0.0,345.0,0.0
2025-01-21 01:00:00,940.3329569397398,0.0,364.0,0.0
2025-01-21 01:30:00,938.2348640276325,0.0,389.0,0.0
2025-01-21 02:00:00,840.8628290745822,0.0,350.0,0.0
2025-01-21 02:30:00,946.4827394646446,0.0,373.0,0.0
2025-01-21 03:00:00,764.2862454399352,0.0,328.0,0.0
2025-01-21 03:30:00,930.0993937747548,0.0,340.0,0.0
2025-01-21 04:00:00,916.5198318828961,0.0,367.0,0.0
2025-01-21 04:30:00,915.7718008177551,0.0,371.0,0.0
2025-01-21 05:00:00,844.812950288712,0.0,355.0,0.0
2025-01-21 05:30:00,879.0233435788255,0.0,350.0,0.0
2025-01-21 06:00:00,821.179287716598,0.0,348.0,0.0
2025-01-21 06:30:00,785.9791681291204,0.0,363.0,0.0
2025-01-21 07:00:00,826.4307984966429,0.0,303.0,0.0
2025-01-21 07:30:00,869.8563490492962,0.0,349.0,0.0
2025-01-21 08:00:00,878.8435339236611,0.0,371.0,0.0
2025-01-21 08:30:00,820.0810004948903,0.0,356.0,0.0
2025-01-21 09:00:00,914.2575640892563,0.0,366.0,0.0
2025-01-21 09:30:00,1004.9676193738912,0.0,459.0,0.0
2025-01-21 10:00:00,1127.7200175396238,0.0,485.0,0.0
2025-01-21 10:30:00,1066.5513802060032,0.0,450.0,0.0
2025-01-21 11:00:00,1059.285068503066,0.0,407.0,0.0
2025-01-21 11:30:00,1199.9236607437472,0.0,451.99999999999994,0.0
2025-01-21 12:00:00,992.1019367939275,0.0,421.0,0.0
2025-01-21 12:30:00,940.8601068192197,0.0,399.0,0.0
2025-01-21 13:00:00,940.5438661665985,0.0,386.0,0.0
2025-01-21 13:30:00,1192.426037451033,0.0,466.0,0.0
2025-01-21 14:00:00,1117.1403116438971,0.0,480.0,0.0
2025-01-21 14:30:00,1017.8750964284447,0.0,446.0,0.0
2025-01-21 15:00:00,863.4788822684499,0.0,339.0,0.0
2025-01-21 15:30:00,799.1363625481077,0.0,343.0,0.0
2025-01-21 16:00:00,831.4275028152186,0.0,343.0,0.0
2025-01-21 16:30:00,758.1132482330074,0.0,334.0,0.0
2025-01-21 17:00:00,858.2715065667358,0.0,326.0,0.0
2025-01-21 17:30:00,1055.7506353795532,0.0,407.0,0.0
2025-01-21 18:00:00,920.9134192433412,0.0,350.0,0.0
2025-01-21 18:30:00,986.4272133388092,0.0,354.0,0.0
2025-01-21 19:00:00,813.7150429487784,0.0,325.0,0.0
2025-01-21 19:30:00,1033.226245191796,0.0,410.0,0.0
2025-01-21 20:00:00,1055.177234987667,0.0,445.0,0.0
2025-01-21 20:30:00,1070.5676345344982,0.0,436.0,0.0
2025-01-21 21:00:00,1000.5351102296381,0.0,376.0,0.0
2025-01-21 21:30:00,976.1243071516831,0.0,380.0,0.0
2025-01-21 22:00:00,920.799176381358,0.0,386.0,0.0
2025-01-21 22:30:00,885.3499758923045,0.0,363.0,0.0
2025-01-21 23:00:00,968.8869913330831,0.0,430.0,0.0
2025-01-21 23:30:00,1088.4239957672312,0.0,444.0,0.0
2025-01-22 00:00:00,91.52638329735609,0.0,53.0,0.0
2025-01-22 00:30:00,91.70824549425718,0.0,55.0,0.0
2025-01-22 01:00:00,89.97721685442723,0.0,55.0,0.0
2025-01-22 01:30:00,86.85337503473588,0.0,55.0,0.0
2025-01-22 02:00:00,84.40836331050808,0.0,52.0,0.0
2025-01-22 02:30:00,86.57644813858779,0.0,50.99999999999999,0.0
2025-01-22 03:00:00,91.10226856893287,0.0,53.00000000000001,0.0
2025-01-22 03:30:00,88.36821410461363,0.0,53.0,0.0
2025-01-22 04:00:00,93.98909076765062,0.0,55.00000000000001,0.0
2025-01-22 04:30:00,89.86759027115235,0.0,54.0,0.0
2025-01-22 05:00:00,87.67515138966559,0.0,55.0,0.0
2025-01-22 05:30:00,87.9399686295669,0.0,51.0,0.0
2025-01-22 06:00:00,90.1871090101355,0.0,50.0,0.0
2025-01-22 06:30:00,90.62866096123881,0.0,49.0,0.0
2025-01-22 07:00:00,94.33957081715437,0.0,45.0,0.0
2025-01-22 07:30:00,84.30288636824508,0.0,42.0,0.0
2025-01-22 08:00:00,73.22996591865528,0.0,35.0,0.0
2025-01-22 08:30:00,81.0712859449263,0.0,33.0,0.0
2025-01-22 09:00:00,78.30818199993281,0.0,33.0,0.0
2025-01-22 09:30:00,75.48210715687793,0.0,35.0,0.0
2025-01-22 10:00:00,73.23099826708969,0.0,35.0,0.0
2025-01-22 10:30:00,78.30746674172498,0.0,36.0,0.0
2025-01-22 11:00:00,76.04586370569987,0.0,37.0,0.0
2025-01-22 11:30:00,68.05011671949505,0.0,39.0,0.0
2025-01-22 12:00:00,72.45790373037687,0.0,41.0,0.0
2025-01-22 12:30:00,71.50932293754816,0.0,39.0,0.0
2025-01-22 13:00:00,75.64541555395158,0.0,39.0,0.0
2025-01-22 13:30:00,75.70901250249753,0.0,38.0,0.0
2025-01-22 14:00:00,68.3068237811692,0.0,36.0,0.0
2025-01-22 14:30:00,72.54365978268054,0.0,38.0,0.0
2025-01-22 15:00:00,65.78201210717994,0.0,39.0,0.0
2025-01-22 15:30:00,71.6833006830786,0.0,40.0,0.0
2025-01-22 16:00:00,73.9667083719467,0.0,39.00000000000001,0.0
2025-01-22 16:30:00,74.49080283114964,0.0,39.00000000000001,0.0
2025-01-22 17:00:00,69.93449128178729,0.0,40.0,0.0
2025-01-22 17:30:00,76.33402572427278,0.0,41.00000000000001,0.0
2025-01-22 18:00:00,67.02410109259215,0.0,42.0,0.0
2025-01-22 18:30:00,68.91496783814657,0.0,41.0,0.0
2025-01-22 19:00:00,81.18187451330049,0.0,45.0,0.0
2025-01-22 19:30:00,84.95079521596793,0.0,44.0,0.0
2025-01-22 20:00:00,82.34260972852209,0.0,43.0,0.0
2025-01-22 20:30:00,85.08802040620552,0.0,48.99999999999999,0.0
2025-01-22 21:00:00,83.75385565635953,0.0,60.0,0.0
2025-01-22 21:30:00,81.042808671356,0.0,56.0,0.0
2025-01-22 22:00:00,87.78435499040289,0.0,53.0,0.0
2025-01-22 22:30:00,87.58339855638212,0.0,52.0,0.0
2025-01-22 23:00:00,86.1007090749328,0.0,53.0,0.0
2025-01-22 23:30:00,89.4722097779212,0.0,51.0,0.0
2025-01-23 00:00:00,672.122871741303,0.0,270.0,0.0
2025-01-23 00:30:00,589.3760666935938,0.0,240.0,0.0
2025-01-23 01:00:00,527.2566483035628,0.0,253.0,0.0
2025-01-23 01:30:00,503.550148550604,0.0,208.0,0.0
2025-01-23 02:00:00,498.99568010760476,0.0,205.0,0.0
2025-01-23 02:30:00,390.9744599573493,0.0,149.0,0.0
2025-01-23 03:00:00,360.65743058472117,0.0,136.0,0.0
2025-01-23 03:30:00,309.106443551913,0.0,144.0,0.0
2025-01-23 04:00:00,293.52504454964594,0.0,139.0,0.0
2025-01-23 04:30:00,285.11138396179354,0.0,140.0,0.0
2025-01-23 05:00:00,271.7836237091168,0.0,139.00000000000003,0.0
2025-01-23 05:30:00,275.6514427791089,0.0,138.0,0.0
2025-01-23 06:00:00,279.5652119214291,0.0,137.0,0.0
2025-01-23 06:30:00,250.4449834877668,0.0,119.0,0.0
2025-01-23 07:00:00,113.61368674333055,0.0,70.0,0.0
2025-01-23 07:30:00,114.30227467402649,0.0,69.0,0.0
2025-01-23 08:00:00,116.94773516316285,0.0,67.0,0.0
2025-01-23 08:30:00,119.81039592918096,0.0,67.0,0.0
2025-01-23 09:00:00,120.0202986184716,0.0,64.0,0.0
2025-01-23 09:30:00,158.61802919276911,0.0,68.0,0.0
2025-01-23 10:00:00,128.87122259901176,0.0,70.0,0.0
2025-01-23 10:30:00,159.33998987840116,0.0,73.0,0.0
2025-01-23 11:00:00,167.55150436332653,0.0,67.0,0.0
2025-01-23 11:30:00,178.05228102717786,0.0,68.0,0.0
2025-01-23 12:00:00,187.03345741253275,0.0,68.0,0.0
2025-01-23 12:30:00,179.22507393395304,0.0,70.0,0.0
2025-01-23 13:00:00,158.0015831833582,0.0,72.0,0.0
2025-01-23 13:30:00,164.66438089599148,0.0,67.0,0.0
2025-01-23 14:00:00,169.73033947908212,0.0,72.0,0.0
2025-01-23 14:30:00,171.04543989816128,0.0,74.0,0.0
2025-01-23 15:00:00,171.09240692601412,0.0,73.0,0.0
2025-01-23 15:30:00,159.89604687760527,0.0,71.0,0.0
2025-01-23 16:00:00,168.12415813058766,0.0,72.0,0.0
2025-01-23 16:30:00,168.1000975347171,0.0,73.0,0.0
2025-01-23 17:00:00,170.41646541088383,0.0,69.0,0.0
2025-01-23 17:30:00,100.63561965244914,0.0,48.0,0.0
2025-01-23 18:00:00,92.4563820964894,0.0,51.0,0.0
2025-01-23 18:30:00,77.12367696455297,0.0,50.00000000000001,0.0
2025-01-23 19:00:00,85.45935272298202,0.0,49.0,0.0
2025-01-23 19:30:00,89.70454500297538,0.0,52.0,0.0
2025-01-23 20:00:00,90.21391483268015,0.0,55.00000000000001,0.0
2025-01-23 20:30:00,96.83526954541719,0.0,56.00000000000001,0.0
2025-01-23 21:00:00,95.77135003531862,0.0,56.0,0.0
2025-01-23 21:30:00,87.7991505198684,0.0,61.0,0.0
2025-01-23 22:00:00,103.01822861156175,0.0,63.00000000000001,0.0
2025-01-23 22:30:00,100.92730869986447,0.0,65.0,0.0
2025-01-23 23:00:00,109.41406473103653,0.0,64.0,0.0
2025-01-23 23:30:00,99.9736324858812,0.0,66.0,0.0
2025-01-24 00:00:00,710.5595748163097,0.0,299.0,0.0
2025-01-24 00:30:00,721.027768962235,0.0,267.0,0.0
2025-01-24 01:00:00,702.7662494487151,0.0,290.0,0.0
2025-01-24 01:30:00,710.9942374929273,0.0,266.0,0.0
2025-01-24 02:00:00,645.1782754698102,0.0,280.0,0.0
2025-01-24 02:30:00,597.2152390190865,0.0,283.0,0.0
2025-01-24 03:00:00,640.7011364543066,0.0,290.0,0.0
2025-01-24 03:30:00,786.7536829080361,0.0,321.0,0.0
2025-01-24 04:00:00,577.6875836615988,0.0,271.0,0.0
2025-01-24 04:30:00,713.4350647367046,0.0,321.0,0.0
2025-01-24 05:00:00,646.3584317037324,0.0,283.0,0.0
2025-01-24 05:30:00,703.1887311882092,0.0,275.0,0.0
2025-01-24 06:00:00,656.3917220085127,0.0,273.0,0.0
2025-01-24 06:30:00,621.1595160017076,0.0,266.0,0.0
2025-01-24 07:00:00,687.9440517935582,0.0,268.0,0.0
2025-01-24 07:30:00,738.9286295148336,0.0,323.0,0.0
2025-01-24 08:00:00,778.2610931295225,0.0,316.0,0.0
2025-01-24 08:30:00,623.8624552106945,0.0,254.0,0.0
2025-01-24 09:00:00,722.8127436303681,0.0,274.0,0.0
2025-01-24 09:30:00,624.0646433917491,0.0,264.0,0.0
2025-01-24 10:00:00,594.0165037118879,0.0,260.0,0.0
2025-01-24 10:30:00,744.4684515527122,0.0,326.0,0.0
2025-01-24 11:00:00,620.0000756391253,0.0,233.0,0.0
2025-01-24 11:30:00,675.7204301212978,0.0,278.0,0.0
2025-01-24 12:00:00,695.9363117594957,0.0,274.0,0.0
2025-01-24 12:30:00,628.8974111020045,0.0,260.0,0.0
2025-01-24 13:00:00,672.9252327035559,0.0,281.0,0.0
2025-01-24 13:30:00,622.0363751257117,0.0,255.0,0.0
2025-01-24 14:00:00,604.7721428276536,0.0,254.0,0.0
2025-01-24 14:30:00,642.1094186850258,0.0,280.0,0.0
2025-01-24 15:00:00,641.8265743451237,0.0,268.0,0.0
2025-01-24 15:30:00,659.5603938826665,0.0,261.0,0.0
2025-01-24 16:00:00,654.0220358827285,0.0,241.0,0.0
2025-01-24 16:30:00,575.6037279748102,0.0,241.0,0.0
2025-01-24 17:00:00,586.8872228058975,0.0,240.0,0.0
2025-01-24 17:30:00,662.9635391632181,0.0,238.0,0.0
2025-01-24 18:00:00,560.9473366717864,0.0,228.0,0.0
2025-01-24 18:30:00,515.9262314758965,0.0,214.0,0.0
2025-01-24 19:00:00,601.5965660145642,0.0,235.0,0.0
2025-01-24 19:30:00,521.1139735749783,0.0,211.0,0.0
2025-01-24 20:00:00,564.4085548713183,0.0,229.00000000000003,0.0
2025-01-24 20:30:00,551.1490763228077,0.0,226.0,0.0
2025-01-24 21:00:00,598.945986251185,0.0,221.0,0.0
2025-01-24 21:30:00,571.2216825132829,0.0,239.0,0.0
2025-01-24 22:00:00,608.8389088223646,0.0,228.0,0.0
2025-01-24 22:30:00,773.9306720140688,0.0,308.0,0.0
2025-01-24 23:00:00,671.6474117311024,0.0,242.99999999999997,0.0
2025-01-24 23:30:00,695.0341046584498,0.0,283.0,0.0
2025-01-25 00:00:00,847.9700483545269,0.0,324.0,0.0
2025-01-25 00:30:00,811.5899020282369,0.0,293.0,0.0
2025-01-25 01:00:00,644.639994492535,0.0,248.0,0.0
2025-01-25 01:30:00,572.3994469402019,0.0,260.0,0.0
2025-01-25 02:00:00,522.2175634630685,0.0,254.0,0.0
2025-01-25 02:30:00,722.5392866688507,0.0,304.0,0.0
2025-01-25 03:00:00,668.5481060101254,0.0,287.0,0.0
2025-01-25 03:30:00,564.8522004666237,0.0,249.0,0.0
2025-01-25 04:00:00,652.5861755403373,0.0,278.0,0.0
2025-01-25 04:30:00,665.6978645303288,0.0,267.0,0.0
2025-01-25 05:00:00,641.6233054273102,0.0,280.0,0.0
2025-01-25 05:30:00,678.267537597233,0.0,292.0,0.0
2025-01-25 06:00:00,790.4877476046715,0.0,313.0,0.0
2025-01-25 06:30:00,771.522643315135,0.0,350.0,0.0
2025-01-25 07:00:00,821.1624934313795,0.0,326.0,0.0
2025-01-25 07:30:00,705.7111662008653,0.0,307.0,0.0
2025-01-25 08:00:00,786.2669813956978,0.0,320.0,0.0
2025-01-25 08:30:00,707.0980287314112,0.0,265.0,0.0
2025-01-25 09:00:00,769.3563645827754,0.0,334.0,0.0
2025-01-25 09:30:00,888.2838273808521,0.0,383.0,0.0
2025-01-25 10:00:00,737.010389656682,0.0,344.0,0.0
2025-01-25 10:30:00,806.9640739916524,0.0,318.0,0.0
2025-01-25 11:00:00,701.7870919624046,0.0,311.0,0.0
2025-01-25 11:30:00,784.2468617452741,0.0,350.0,0.0
2025-01-25 12:00:00,925.1535868677894,0.0,390.0,0.0
2025-01-25 12:30:00,857.2204385984564,0.0,322.0,0.0
2025-01-25 13:00:00,731.4389838111807,0.0,281.0,0.0
2025-01-25 13:30:00,702.1126766671118,0.0,316.0,0.0
2025-01-25 14:00:00,816.9877081369739,0.0,383.0,0.0
2025-01-25 14:30:00,921.4933218716321,0.0,371.0,0.0
2025-01-25 15:00:00,747.7640560896107,0.0,303.0,0.0
2025-01-25 15:30:00,754.4405706706473,0.0,311.0,0.0
2025-01-25 16:00:00,768.5571557726885,0.0,344.0,0.0
2025-01-25 16:30:00,811.8319291772045,0.0,364.0,0.0
2025-01-25 17:00:00,890.7040872380974,0.0,373.0,0.0
2025-01-25 17:30:00,674.2581399287507,0.0,291.0,0.0
2025-01-25 18:00:00,685.7696205565775,0.0,282.0,0.0
2025-01-25 18:30:00,694.1369252192966,0.0,307.0,0.0
2025-01-25 19:00:00,896.182312312226,0.0,339.0,0.0
2025-01-25 19:30:00,706.5344360057276,0.0,300.0,0.0
2025-01-25 20:00:00,653.2299087090846,0.0,280.0,0.0
2025-01-25 20:30:00,670.9654557603068,0.0,290.0,0.0
2025-01-25 21:00:00,655.0235276427265,0.0,300.0,0.0
2025-01-25 21:30:00,737.1846381065861,0.0,326.0,0.0
2025-01-25 22:00:00,950.9672848295245,0.0,376.0,0.0
2025-01-25 22:30:00,865.1504554840374,0.0,370.0,0.0
2025-01-25 23:00:00,730.5336206348974,0.0,287.0,0.0
2025-01-25 23:30:00,603.5282535840552,0.0,280.0,0.0
2025-01-26 00:00:00,843.2634984674527,0.0,336.0,0.0
2025-01-26 00:30:00,789.7049972380651,0.0,322.0,0.0
2025-01-26 01:00:00,696.8867769214133,0.0,269.0,0.0
2025-01-26 01:30:00,606.8304782653478,0.0,259.0,0.0
2025-01-26 02:00:00,650.5426258591666,0.0,256.0,0.0
2025-01-26 02:30:00,756.0675090199479,0.0,363.0,0.0
2025-01-26 03:00:00,768.7630488649353,0.0,305.0,0.0
2025-01-26 03:30:00,636.7091933556387,0.0,287.0,0.0
2025-01-26 04:00:00,598.3511952811269,0.0,234.0,0.0
2025-01-26 04:30:00,614.15200211683,0.0,239.0,0.0
2025-01-26 05:00:00,586.9296073794463,0.0,249.0,0.0
2025-01-26 05:30:00,688.1064027134315,0.0,302.0,0.0
2025-01-26 06:00:00,792.0016318281952,0.0,356.0,0.0
2025-01-26 06:30:00,674.1385533974073,0.0,269.0,0.0
2025-01-26 07:00:00,599.1643572920642,0.0,234.0,0.0
2025-01-26 07:30:00,587.0402426665296,0.0,269.0,0.0
2025-01-26 08:00:00,677.5102972326798,0.0,280.0,0.0
2025-01-26 08:30:00,791.5424962638973,0.0,349.0,0.0
2025-01-26 09:00:00,717.0565787749599,0.0,292.0,0.0
2025-01-26 09:30:00,583.5728264351726,0.0,268.0,0.0
2025-01-26 10:00:00,576.2322203696315,0.0,257.0,0.0
2025-01-26 10:30:00,764.9402773674883,0.0,350.0,0.0
2025-01-26 11:00:00,742.106734233169,0.0,308.0,0.0
2025-01-26 11:30:00,585.5658071185701,0.0,241.0,0.0
2025-01-26 12:00:00,606.0305406230805,0.0,246.0,0.0
2025-01-26 12:30:00,609.8346310026508,0.0,227.0,0.0
2025-01-26 13:00:00,568.0519315773776,0.0,250.0,0.0
2025-01-26 13:30:00,581.9304947027301,0.0,229.0,0.0
2025-01-26 14:00:00,614.0069956524576,0.0,240.0,0.0
2025-01-26 14:30:00,695.6410154323257,0.0,294.0,0.0
2025-01-26 15:00:00,795.7801947836757,0.0,335.0,0.0
2025-01-26 15:30:00,731.0929629052171,0.0,281.0,0.0
2025-01-26 16:00:00,644.6173935511033,0.0,292.0,0.0
2025-01-26 16:30:00,646.3251601469206,0.0,257.0,0.0
2025-01-26 17:00:00,585.5962929366611,0.0,270.0,0.0
2025-01-26 17:30:00,623.1907959687994,0.0,263.0,0.0
2025-01-26 18:00:00,579.0222903715841,0.0,252.0,0.0
2025-01-26 18:30:00,599.4126197594304,0.0,271.0,0.0
2025-01-26 19:00:00,547.9723733778925,0.0,224.0,0.0
2025-01-26 19:30:00,559.4879372943884,0.0,250.0,0.0
2025-01-26 20:00:00,571.5351146124782,0.0,232.0,0.0
2025-01-26 20:30:00,592.0533534098199,0.0,252.0,0.0
2025-01-26 21:00:00,649.2820857218237,0.0,251.0,0.0
2025-01-26 21:30:00,622.9433670463977,0.0,250.0,0.0
2025-01-26 22:00:00,725.001640256013,0.0,265.0,0.0
2025-01-26 22:30:00,628.7870188673918,0.0,217.0,0.0
2025-01-26 23:00:00,528.2265773931757,0.0,197.0,0.0
2025-01-26 23:30:00,604.817239257053,0.0,196.0,0.0
2025-01-27 00:00:00,1074.0587258926478,0.0,406.0,0.0
2025-01-27 00:30:00,967.330168678154,0.0,373.0,0.0
2025-01-27 01:00:00,960.9828332104127,0.0,359.0,0.0
2025-01-27 01:30:00,941.3201135323375,0.0,363.0,0.0
2025-01-27 02:00:00,900.6357289197413,0.0,343.0,0.0
2025-01-27 02:30:00,1080.8052344313287,0.0,419.0,0.0
2025-01-27 03:00:00,937.8142786251746,0.0,367.0,0.0
2025-01-27 03:30:00,958.22194787453,0.0,370.0,0.0
2025-01-27 04:00:00,871.6986670997039,0.0,354.0,0.0
2025-01-27 04:30:00,987.136318862398,0.0,378.0,0.0
2025-01-27 05:00:00,1037.0585257769108,0.0,393.0,0.0
2025-01-27 05:30:00,905.5094431833857,0.0,363.0,0.0
2025-01-27 06:00:00,914.7445285239546,0.0,360.0,0.0
2025-01-27 06:30:00,850.7013554172325,0.0,339.0,0.0
2025-01-27 07:00:00,979.0104023393488,0.0,395.0,0.0
2025-01-27 07:30:00,926.7282185231944,0.0,371.0,0.0
2025-01-27 08:00:00,990.9638457378363,0.0,335.0,0.0
2025-01-27 08:30:00,983.704300603902,0.0,336.0,0.0
2025-01-27 09:00:00,954.0048773965682,0.0,334.0,0.0
2025-01-27 09:30:00,1134.7760321340902,0.0,394.0,0.0
2025-01-27 10:00:00,961.9904182203354,0.0,351.0,0.0
2025-01-27 10:30:00,1082.2855476484638,0.0,353.0,0.0
2025-01-27 11:00:00,916.5331014802532,0.0,341.0,0.0
2025-01-27 11:30:00,927.9916834107019,0.0,342.0,0.0
2025-01-27 12:00:00,975.8770243324007,0.0,365.0,0.0
2025-01-27 12:30:00,875.4599462924715,0.0,310.0,0.0
2025-01-27 13:00:00,698.3264699230353,0.0,228.0,0.0
2025-01-27 13:30:00,706.4531201367892,0.0,252.0,0.0
2025-01-27 14:00:00,765.0814983887833,0.0,251.0,0.0
2025-01-27 14:30:00,946.0992724594757,0.0,343.0,0.0
2025-01-27 15:00:00,1030.997427708337,0.0,357.0,0.0
2025-01-27 15:30:00,1034.6177789435235,0.0,392.0,0.0
2025-01-27 16:00:00,1152.5834357602203,0.0,417.0,0.0
2025-01-27 16:30:00,1198.2956120679999,0.0,436.0,0.0
2025-01-27 17:00:00,911.2382068787115,0.0,327.0,0.0
2025-01-27 17:30:00,901.4487855786988,0.0,343.0,0.0
2025-01-27 18:00:00,1048.7050868940253,0.0,343.0,0.0
2025-01-27 18:30:00,878.1173701850344,0.0,331.0,0.0
2025-01-27 19:00:00,812.2952966572558,0.0,314.0,0.0
2025-01-27 19:30:00,847.425285031901,0.0,316.0,0.0
2025-01-27 20:00:00,877.7709119273676,0.0,312.0,0.0
2025-01-27 20:30:00,919.1962430381637,0.0,314.0,0.0
2025-01-27 21:00:00,816.8270589768422,0.0,291.0,0.0
2025-01-27 21:30:00,598.7740808048964,0.0,220.0,0.0
2025-01-27 22:00:00,409.709597029101,0.0,173.0,0.0
2025-01-27 22:30:00,440.53325912535644,0.0,178.0,0.0
2025-01-27 23:00:00,372.95508833091554,0.0,138.0,0.0
2025-01-27 23:30:00,215.56771109993517,0.0,90.0,0.0
2025-01-28 00:00:00,93.07689925261066,0.0,55.0,0.0
2025-01-28 00:30:00,84.88352379771973,0.0,53.042553191489354,0.0
2025-01-28 01:00:00,94.69538346661531,0.0,53.0,0.0
2025-01-28 01:30:00,97.89215623460665,0.0,53.93617021276596,0.0
2025-01-28 02:00:00,89.03001419307863,0.0,54.0,0.0
2025-01-28 02:30:00,90.43235237050254,0.0,50.42553191489362,0.0
2025-01-28 03:00:00,85.50667858581622,0.0,51.744680851063826,0.0
2025-01-28 03:30:00,85.81393147711178,0.0,51.99999999999999,0.0
2025-01-28 04:00:00,95.91587078520182,0.0,52.829787234042556,0.0
2025-01-28 04:30:00,89.01453998212412,0.0,53.80851063829788,0.0
2025-01-28 05:00:00,86.08718484320735,0.0,53.212765957446805,0.0
2025-01-28 05:30:00,92.18565088083706,0.0,53.0,0.0
2025-01-28 06:00:00,87.33791707422006,0.0,50.76595744680851,0.0
2025-01-28 06:30:00,87.08060622797888,0.0,50.0,0.0
2025-01-28 07:00:00,90.33609154528122,0.0,46.48936170212767,0.0
2025-01-28 07:30:00,73.6888860729072,0.0,40.91489361702128,0.0
2025-01-28 08:00:00,70.49129760239974,0.0,38.340425531914896,0.0
2025-01-28 08:30:00,73.4358929586267,0.0,37.361702127659576,0.0
2025-01-28 09:00:00,75.4010898733242,0.0,38.234042553191486,0.0
2025-01-28 09:30:00,76.58887292893225,0.0,37.21276595744681,0.0
2025-01-28 10:00:00,69.5642282584802,0.0,36.574468085106375,0.0
2025-01-28 10:30:00,75.4605339693068,0.0,35.8936170212766,0.0
2025-01-28 11:00:00,70.67837773283368,0.0,36.06382978723404,0.0
2025-01-28 11:30:00,80.73468398677535,0.0,37.51063829787234,0.0
2025-01-28 12:00:00,69.3333914815825,0.0,37.51063829787234,0.0
2025-01-28 12:30:00,78.38215962965961,0.0,37.0,0.0
2025-01-28 13:00:00,71.51091304246425,0.0,37.4468085106383,0.0
2025-01-28 13:30:00,81.9773297976551,0.0,38.42553191489361,0.0
2025-01-28 14:00:00,77.90572858138889,0.0,39.00000000000001,0.0
2025-01-28 14:30:00,72.41824213672065,0.0,39.0,0.0
2025-01-28 15:00:00,72.5351839021837,0.0,38.63829787234043,0.0
2025-01-28 15:30:00,77.04247101963843,0.0,38.0,0.0
2025-01-28 16:00:00,77.69769575914032,0.0,38.31914893617021,0.0
2025-01-28 16:30:00,73.92577238952285,0.0,39.59574468085105,0.0
2025-01-28 17:00:00,74.20745736658216,0.0,41.0,0.0
2025-01-28 17:30:00,78.0615657457151,0.0,41.255319148936174,0.0
2025-01-28 18:00:00,74.7399441644828,0.0,42.0,0.0
2025-01-28 18:30:00,69.91652061456007,0.0,42.85106382978722,0.0
2025-01-28 19:00:00,76.69340046567974,0.0,45.61702127659576,0.0
2025-01-28 19:30:00,83.28775368601225,0.0,43.829787234042556,0.0
2025-01-28 20:00:00,87.63258139093678,0.0,43.29787234042553,0.0
2025-01-28 20:30:00,91.08974993541887,0.0,45.0,0.0
2025-01-28 21:00:00,87.67325580270725,0.0,45.531914893617014,0.0
2025-01-28 21:30:00,86.90773210888983,0.0,50.25531914893617,0.0
2025-01-28 22:00:00,93.66544345082771,0.0,53.06382978723404,0.0
2025-01-28 22:30:00,88.96832182153533,0.0,53.95744680851064,0.0
2025-01-28 23:00:00,89.51061745596223,0.0,53.02127659574468,0.0
2025-01-28 23:30:00,88.32405389751038,0.0,54.0,0.0
2025-01-29 00:00:00,182.26597641766327,0.0,80.0,0.0
2025-01-29 00:30:00,172.9471460556591,0.0,79.0,0.0
2025-01-29 01:00:00,163.07886509259723,0.0,79.0,0.0
2025-01-29 01:30:00,169.06708726241456,0.0,82.0,0.0
2025-01-29 02:00:00,171.61350446927432,0.0,81.0,0.0
2025-01-29 02:30:00,174.76076076044123,0.0,79.0,0.0
2025-01-29 03:00:00,158.02600120178204,0.0,80.0,0.0
2025-01-29 03:30:00,163.3500676436957,0.0,82.0,0.0
2025-01-29 04:00:00,170.86047110198865,0.0,80.0,0.0
2025-01-29 04:30:00,171.61902657780723,0.0,85.0,0.0
2025-01-29 05:00:00,175.3956713911606,0.0,80.0,0.0
2025-01-29 05:30:00,159.1174657925827,0.0,81.00000000000001,0.0
2025-01-29 06:00:00,172.567379788752,0.0,81.0,0.0
2025-01-29 06:30:00,176.72637914676383,0.0,79.0,0.0
2025-01-29 07:00:00,177.68217725942574,0.0,79.0,0.0
2025-01-29 07:30:00,242.7568529110862,0.0,85.0,0.0
2025-01-29 08:00:00,426.20684441825483,0.0,160.0,0.0
2025-01-29 08:30:00,394.4187632759625,0.0,143.0,0.0
2025-01-29 09:00:00,456.98892827817076,0.0,156.0,0.0
2025-01-29 09:30:00,669.8295523067029,0.0,232.99999999999997,0.0
2025-01-29 10:00:00,561.1205394297181,0.0,183.0,0.0
2025-01-29 10:30:00,579.6313551990734,0.0,209.00000000000003,0.0
2025-01-29 11:00:00,688.2335227083572,0.0,263.0,0.0
2025-01-29 11:30:00,788.9038066595168,0.0,285.0,0.0
2025-01-29 12:00:00,683.7671458522165,0.0,257.0,0.0
2025-01-29 12:30:00,557.0978227829021,0.0,196.0,0.0
2025-01-29 13:00:00,545.0456845979727,0.0,187.0,0.0
2025-01-29 13:30:00,553.7460551293468,0.0,183.0,0.0
2025-01-29 14:00:00,554.2703306664408,0.0,180.0,0.0
2025-01-29 14:30:00,543.2048569169617,0.0,176.0,0.0
2025-01-29 15:00:00,527.8355915090638,0.0,185.0,0.0
2025-01-29 15:30:00,537.1071901555957,0.0,191.0,0.0
2025-01-29 16:00:00,547.6971178835959,0.0,189.0,0.0
2025-01-29 16:30:00,608.2616787594956,0.0,219.0,0.0
2025-01-29 17:00:00,615.5318455923566,0.0,231.0,0.0
2025-01-29 17:30:00,529.0131203512088,0.0,195.0,0.0
2025-01-29 18:00:00,579.7898129491163,0.0,225.0,0.0
2025-01-29 18:30:00,535.099895324711,0.0,208.0,0.0
2025-01-29 19:00:00,554.6026312275827,0.0,220.0,0.0
2025-01-29 19:30:00,864.4408283574434,0.0,317.0,0.0
2025-01-29 20:00:00,791.8101312169701,0.0,288.0,0.0
2025-01-29 20:30:00,668.3790173491178,0.0,224.0,0.0
2025-01-29 21:00:00,584.1177465589429,0.0,225.0,0.0
2025-01-29 21:30:00,536.9774480548535,0.0,219.0,0.0
2025-01-29 22:00:00,742.013301016317,0.0,284.0,0.0
2025-01-29 22:30:00,922.0957713507283,0.0,337.0,0.0
2025-01-29 23:00:00,868.1508938624983,0.0,334.0,0.0
2025-01-29 23:30:00,816.7279355001546,0.0,286.0,0.0
2025-01-30 00:00:00,593.945586197075,0.0,238.0,0.0
2025-01-30 00:30:00,590.8085714193876,0.0,249.0,0.0
2025-01-30 01:00:00,609.2473108290696,0.0,248.0,0.0
2025-01-30 01:30:00,719.8057397470064,0.0,303.0,0.0
2025-01-30 02:00:00,746.6660671190829,0.0,344.0,0.0
2025-01-30 02:30:00,671.9722482997772,0.0,288.0,0.0
2025-01-30 03:00:00,599.51635316038,0.0,270.0,0.0
2025-01-30 03:30:00,757.229692811911,0.0,295.0,0.0
2025-01-30 04:00:00,792.1897921267565,0.0,351.0,0.0
2025-01-30 04:30:00,802.3444453291798,0.0,325.0,0.0
2025-01-30 05:00:00,618.1540401884996,0.0,242.0,0.0
2025-01-30 05:30:00,633.3458502496643,0.0,274.0,0.0
2025-01-30 06:00:00,619.6263896513115,0.0,284.0,0.0
2025-01-30 06:30:00,770.3071281707736,0.0,324.0,0.0
2025-01-30 07:00:00,740.7565167537674,0.0,302.0,0.0
2025-01-30 07:30:00,707.6107915826954,0.0,281.0,0.0
2025-01-30 08:00:00,683.7052377132346,0.0,272.0,0.0
2025-01-30 08:30:00,757.5610612359843,0.0,283.0,0.0
2025-01-30 09:00:00,904.1877794015492,0.0,387.0,0.0
2025-01-30 09:30:00,988.739907036307,0.0,397.0,0.0
2025-01-30 10:00:00,746.509695552968,0.0,314.0,0.0
2025-01-30 10:30:00,808.5781127497686,0.0,305.0,0.0
2025-01-30 11:00:00,686.5627907890753,0.0,293.0,0.0
2025-01-30 11:30:00,882.1269944363581,0.0,399.0,0.0
2025-01-30 12:00:00,805.6189840695827,0.0,369.0,0.0
2025-01-30 12:30:00,784.5558897858497,0.0,303.0,0.0
2025-01-30 13:00:00,696.7644519128032,0.0,280.0,0.0
2025-01-30 13:30:00,690.9213362741496,0.0,298.0,0.0
2025-01-30 14:00:00,886.0629974369278,0.0,381.0,0.0
2025-01-30 14:30:00,804.8753521541925,0.0,338.0,0.0
2025-01-30 15:00:00,753.4381722681827,0.0,288.0,0.0
2025-01-30 15:30:00,650.0883014697401,0.0,297.0,0.0
2025-01-30 16:00:00,689.4691138958249,0.0,290.0,0.0
2025-01-30 16:30:00,673.9648623395083,0.0,287.0,0.0
2025-01-30 17:00:00,768.4619075047013,0.0,394.0,0.0
2025-01-30 17:30:00,828.6606945264666,0.0,317.0,0.0
2025-01-30 18:00:00,693.1601578049606,0.0,302.0,0.0
2025-01-30 18:30:00,674.7846408854429,0.0,255.0,0.0
2025-01-30 19:00:00,834.869164483999,0.0,327.0,0.0
2025-01-30 19:30:00,825.9889287081837,0.0,363.0,0.0
2025-01-30 20:00:00,730.0756264296973,0.0,303.0,0.0
2025-01-30 20:30:00,700.9141410090143,0.0,276.0,0.0
2025-01-30 21:00:00,723.9760846885157,0.0,301.0,0.0
2025-01-30 21:30:00,835.1066411633469,0.0,375.0,0.0
2025-01-30 22:00:00,731.7429018219452,0.0,332.0,0.0
2025-01-30 22:30:00,741.8658351798736,0.0,312.0,0.0
2025-01-30 23:00:00,682.0119222508876,0.0,283.0,0.0
2025-01-30 23:30:00,597.3898459615666,0.0,309.0,0.0
2025-01-31 00:00:00,582.6920851797631,0.0,270.0,0.0
2025-01-31 00:30:00,640.1846255765041,0.0,245.0,0.0
2025-01-31 01:00:00,566.2246192738513,0.0,240.0,0.0
2025-01-31 01:30:00,647.1864599154566,0.0,273.0,0.0
2025-01-31 02:00:00,587.0794964900044,0.0,242.0,0.0
2025-01-31 02:30:00,656.7459142132959,0.0,299.0,0.0
2025-01-31 03:00:00,690.8549889895563,0.0,324.0,0.0
2025-01-31 03:30:00,581.7319896450875,0.0,259.0,0.0
2025-01-31 04:00:00,571.7248171554987,0.0,234.0,0.0
2025-01-31 04:30:00,662.6539446265634,0.0,293.0,0.0
2025-01-31 05:00:00,808.3924940168847,0.0,324.0,0.0
2025-01-31 05:30:00,734.6151803254454,0.0,251.0,0.0
2025-01-31 06:00:00,652.5520199264076,0.0,244.0,0.0
2025-01-31 06:30:00,601.3374055525568,0.0,287.0,0.0
2025-01-31 07:00:00,631.6471389630806,0.0,292.0,0.0
2025-01-31 07:30:00,853.373353925861,0.0,352.0,0.0
2025-01-31 08:00:00,872.9477037477557,0.0,367.0,0.0
2025-01-31 08:30:00,783.8112442688629,0.0,336.0,0.0
2025-01-31 09:00:00,842.0293413764301,0.0,324.0,0.0
2025-01-31 09:30:00,877.3579690309574,0.0,364.0,0.0
2025-01-31 10:00:00,913.4953262452588,0.0,372.0,0.0
2025-01-31 10:30:00,819.8141380086477,0.0,341.0,0.0
2025-01-31 11:00:00,772.0069431737204,0.0,312.0,0.0
2025-01-31 11:30:00,782.0023409484578,0.0,322.0,0.0
2025-01-31 12:00:00,998.0733847279351,0.0,385.0,0.0
2025-01-31 12:30:00,876.6139917179587,0.0,347.0,0.0
2025-01-31 13:00:00,792.1488296427559,0.0,335.0,0.0
2025-01-31 13:30:00,773.821499566951,0.0,310.0,0.0
2025-01-31 14:00:00,802.736712076329,0.0,366.0,0.0
2025-01-31 14:30:00,952.9179740691608,0.0,377.0,0.0
2025-01-31 15:00:00,771.4873386862432,0.0,304.0,0.0
2025-01-31 15:30:00,715.3539650649573,0.0,337.0,0.0
2025-01-31 16:00:00,690.0671176448438,0.0,309.0,0.0
2025-01-31 16:30:00,896.6281965023034,0.0,434.0,0.0
2025-01-31 17:00:00,988.927429251619,0.0,422.0,0.0
2025-01-31 17:30:00,881.105103759297,0.0,347.0,0.0
2025-01-31 18:00:00,734.8522387081443,0.0,289.0,0.0
2025-01-31 18:30:00,836.813867446982,0.0,319.0,0.0
2025-01-31 19:00:00,897.622687476688,0.0,416.0,0.0
2025-01-31 19:30:00,864.1530410645329,0.0,338.0,0.0
2025-01-31 20:00:00,790.9592857912122,0.0,309.0,0.0
2025-01-31 20:30:00,690.0074332387134,0.0,254.0,0.0
2025-01-31 21:00:00,714.4504716505986,0.0,252.0,0.0
2025-01-31 21:30:00,720.3803836212638,0.0,296.0,0.0
2025-01-31 22:00:00,823.5320426474839,0.0,324.0,0.0
2025-01-31 22:30:00,726.9894811591747,0.0,305.0,0.0
2025-01-31 23:00:00,853.91503898665,0.0,328.0,0.0
2025-01-31 23:30:00,714.2383934334727,0.0,297.0,0.0
2025-02-01 00:00:00,436.60096932850684,0.0,275.0,0.0
2025-02-01 00:30:00,446.39579139299,0.0,251.0,0.0
2025-02-01 01:00:00,409.5691809075553,0.0,266.0,0.0
2025-02-01 01:30:00,395.5025004180983,0.0,252.00000000000003,0.0
2025-02-01 02:00:00,501.36188786621426,0.0,296.0,0.0
2025-02-01 02:30:00,513.9132267381516,0.0,304.0,0.0
2025-02-01 03:00:00,474.72640788886946,0.0,254.0,0.0
2025-02-01 03:30:00,472.6123789665302,0.0,245.99999999999997,0.0
2025-02-01 04:00:00,480.4529021627858,0.0,274.0,0.0
2025-02-01 04:30:00,446.6950598466404,0.0,234.0,0.0
2025-02-01 05:00:00,574.184475359055,0.0,342.0,0.0
2025-02-01 05:30:00,494.85252919177594,0.0,294.0,0.0
2025-02-01 06:00:00,513.7792299251657,0.0,287.0,0.0
2025-02-01 06:30:00,518.325951247498,0.0,271.0,0.0
2025-02-01 07:00:00,457.5177318812371,0.0,247.99999999999997,0.0
2025-02-01 07:30:00,459.68579343244454,0.0,251.0,0.0
2025-02-01 08:00:00,513.5199254283885,0.0,310.0,0.0
2025-02-01 08:30:00,509.5815611483644,0.0,310.0,0.0
2025-02-01 09:00:00,493.89680303136925,0.0,278.0,0.0
2025-02-01 09:30:00,470.27889151223815,0.0,275.0,0.0
2025-02-01 10:00:00,452.0949977101124,0.0,261.0,0.0
2025-02-01 10:30:00,411.50743024477265,0.0,225.0,0.0
2025-02-01 11:00:00,423.5176126757759,0.0,242.0,0.0
2025-02-01 11:30:00,469.92604604371326,0.0,260.0,0.0
2025-02-01 12:00:00,450.46378741594566,0.0,260.0,0.0
2025-02-01 12:30:00,450.1069435396367,0.0,281.0,0.0
2025-02-01 13:00:00,447.17569113894734,0.0,262.0,0.0
2025-02-01 13:30:00,400.74634778608896,0.0,235.0,0.0
2025-02-01 14:00:00,350.7663656714142,0.0,191.0,0.0
2025-02-01 14:30:00,406.86575740783627,0.0,226.0,0.0
2025-02-01 15:00:00,386.92251184742565,0.0,225.0,0.0
2025-02-01 15:30:00,368.90043013136847,0.0,216.00000000000003,0.0
2025-02-01 16:00:00,502.9334126106626,0.0,296.0,0.0
2025-02-01 16:30:00,491.3537735376422,0.0,267.0,0.0
2025-02-01 17:00:00,428.12849746517605,0.0,254.0,0.0
2025-02-01 17:30:00,371.1294279298931,0.0,212.0,0.0
2025-02-01 18:00:00,514.1105220279072,0.0,295.0,0.0
2025-02-01 18:30:00,546.4202877206717,0.0,320.0,0.0
2025-02-01 19:00:00,477.2661821992,0.0,247.0,0.0
2025-02-01 19:30:00,429.7759371742653,0.0,256.0,0.0
2025-02-01 20:00:00,393.582788544055,0.0,248.99999999999997,0.0
2025-02-01 20:30:00,530.1057838749336,0.0,306.0,0.0
2025-02-01 21:00:00,699.7035006062173,0.0,381.0,0.0
2025-02-01 21:30:00,608.6567113398654,0.0,318.0,0.0
2025-02-01 22:00:00,570.7702998795404,0.0,296.0,0.0
2025-02-01 22:30:00,424.49306345394353,0.0,251.99999999999997,0.0
2025-02-01 23:00:00,458.9171843297104,0.0,265.0,0.0
2025-02-01 23:30:00,424.4052902076962,0.0,273.0,0.0
2025-02-02 00:00:00,659.1657281217244,0.0,273.0,0.0
2025-02-02 00:30:00,624.2862053432824,0.0,236.0,0.0
2025-02-02 01:00:00,626.3376006727235,0.0,237.99999999999997,0.0
2025-02-02 01:30:00,690.2119608107571,0.0,264.0,0.0
2025-02-02 02:00:00,671.9858035344354,0.0,249.0,0.0
2025-02-02 02:30:00,556.4867834624284,0.0,250.0,0.0
2025-02-02 03:00:00,767.0429108953244,0.0,286.0,0.0
2025-02-02 03:30:00,743.3519581610781,0.0,321.0,0.0
2025-02-02 04:00:00,762.6474742488019,0.0,270.0,0.0
2025-02-02 04:30:00,829.3831951431606,0.0,314.0,0.0
2025-02-02 05:00:00,659.4495491285893,0.0,298.0,0.0
2025-02-02 05:30:00,721.3630263431363,0.0,301.0,0.0
2025-02-02 06:00:00,741.9889913388758,0.0,302.0,0.0
2025-02-02 06:30:00,894.113355201509,0.0,335.0,0.0
2025-02-02 07:00:00,826.4229635522486,0.0,343.0,0.0
2025-02-02 07:30:00,789.5636458300417,0.0,289.0,0.0
2025-02-02 08:00:00,698.6239041014829,0.0,262.0,0.0
2025-02-02 08:30:00,835.924107973681,0.0,364.0,0.0
2025-02-02 09:00:00,942.9940712176559,0.0,364.0,0.0
2025-02-02 09:30:00,803.6644624277285,0.0,315.0,0.0
2025-02-02 10:00:00,723.540287461799,0.0,294.0,0.0
2025-02-02 10:30:00,740.5463304524958,0.0,310.0,0.0
2025-02-02 11:00:00,841.5903325059078,0.0,337.0,0.0
2025-02-02 11:30:00,806.4395310550129,0.0,328.0,0.0
2025-02-02 12:00:00,723.8123212448301,0.0,274.0,0.0
2025-02-02 12:30:00,677.630096158085,0.0,246.0,0.0
2025-02-02 13:00:00,707.9394616974242,0.0,271.0,0.0
2025-02-02 13:30:00,790.8180579621338,0.0,331.0,0.0
2025-02-02 14:00:00,951.5328044358013,0.0,359.0,0.0
2025-02-02 14:30:00,834.4387298265283,0.0,330.0,0.0
2025-02-02 15:00:00,696.3729227241786,0.0,254.0,0.0
2025-02-02 15:30:00,675.069409641685,0.0,280.0,0.0
2025-02-02 16:00:00,742.1929567405825,0.0,264.0,0.0
2025-02-02 16:30:00,695.8704944491086,0.0,264.0,0.0
2025-02-02 17:00:00,680.264383639367,0.0,260.0,0.0
2025-02-02 17:30:00,669.4364488780964,0.0,264.0,0.0
2025-02-02 18:00:00,610.5711990748046,0.0,238.0,0.0
2025-02-02 18:30:00,640.2585076826067,0.0,267.0,0.0
2025-02-02 19:00:00,808.8084382834456,0.0,315.0,0.0
2025-02-02 19:30:00,643.7560646944632,0.0,265.0,0.0
2025-02-02 20:00:00,692.9389134313545,0.0,238.0,0.0
2025-02-02 20:30:00,609.0284306398781,0.0,243.0,0.0
2025-02-02 21:00:00,745.0190466194905,0.0,308.0,0.0
2025-02-02 21:30:00,724.0078966611545,0.0,261.0,0.0
2025-02-02 22:00:00,672.791046217728,0.0,241.99999999999997,0.0
2025-02-02 22:30:00,626.0151972966286,0.0,260.0,0.0
2025-02-02 23:00:00,651.1114725989272,0.0,241.0,0.0
2025-02-02 23:30:00,581.0064826413213,0.0,259.0,0.0
2025-02-03 00:00:00,705.5863046564539,0.0,292.0,0.0
2025-02-03 00:30:00,912.1800524029245,0.0,348.0,0.0
2025-02-03 01:00:00,720.4847166970454,0.0,290.0,0.0
2025-02-03 01:30:00,599.761326450511,0.0,244.0,0.0
2025-02-03 02:00:00,661.0355458055708,0.0,278.0,0.0
2025-02-03 02:30:00,735.8288294330677,0.0,349.0,0.0
2025-02-03 03:00:00,798.8924245955898,0.0,339.0,0.0
2025-02-03 03:30:00,614.0110562081233,0.0,269.0,0.0
2025-02-03 04:00:00,631.433431324772,0.0,261.0,0.0
2025-02-03 04:30:00,716.2432394112666,0.0,286.0,0.0
2025-02-03 05:00:00,818.4484570498305,0.0,365.0,0.0
2025-02-03 05:30:00,694.2639382173685,0.0,292.0,0.0
2025-02-03 06:00:00,643.3472870281208,0.0,272.0,0.0
2025-02-03 06:30:00,599.3039450385425,0.0,229.0,0.0
2025-02-03 07:00:00,739.0566224963086,0.0,325.0,0.0
2025-02-03 07:30:00,779.0880853236773,0.0,329.0,0.0
2025-02-03 08:00:00,737.8239293349096,0.0,290.0,0.0
2025-02-03 08:30:00,642.4942667642695,0.0,277.0,0.0
2025-02-03 09:00:00,645.5972453487389,0.0,272.0,0.0
2025-02-03 09:30:00,796.8834282883643,0.0,334.0,0.0
2025-02-03 10:00:00,765.9434557093092,0.0,288.0,0.0
2025-02-03 10:30:00,707.1057468542251,0.0,291.0,0.0
2025-02-03 11:00:00,629.1460728539071,0.0,260.0,0.0
2025-02-03 11:30:00,747.2528226212644,0.0,318.0,0.0
2025-02-03 12:00:00,837.3358525360388,0.0,329.0,0.0
2025-02-03 12:30:00,694.8961556142717,0.0,290.0,0.0
2025-02-03 13:00:00,632.6793702953679,0.0,248.99999999999997,0.0
2025-02-03 13:30:00,674.1792142696446,0.0,274.0,0.0
2025-02-03 14:00:00,799.4848351026002,0.0,322.0,0.0
2025-02-03 14:30:00,744.5582295310261,0.0,317.0,0.0
2025-02-03 15:00:00,667.1849031161362,0.0,293.0,0.0
2025-02-03 15:30:00,646.4947742129511,0.0,258.0,0.0
2025-02-03 16:00:00,716.9623683640939,0.0,295.0,0.0
2025-02-03 16:30:00,562.4259233850142,0.0,271.0,0.0
2025-02-03 17:00:00,670.1989036528051,0.0,286.0,0.0
2025-02-03 17:30:00,565.2370848867549,0.0,274.0,0.0
2025-02-03 18:00:00,569.350668790349,0.0,251.0,0.0
2025-02-03 18:30:00,523.2879826585879,0.0,214.0,0.0
2025-02-03 19:00:00,542.3519188867981,0.0,232.0,0.0
2025-02-03 19:30:00,696.8901053602003,0.0,282.0,0.0
2025-02-03 20:00:00,775.2792735895844,0.0,304.0,0.0
2025-02-03 20:30:00,572.263486341061,0.0,238.0,0.0
2025-02-03 21:00:00,583.0057152463369,0.0,265.0,0.0
2025-02-03 21:30:00,752.2312799733245,0.0,273.0,0.0
2025-02-03 22:00:00,643.3390371816153,0.0,254.0,0.0
2025-02-03 22:30:00,577.355928387628,0.0,200.0,0.0
2025-02-03 23:00:00,594.3883492202965,0.0,240.0,0.0
2025-02-03 23:30:00,660.7297858666141,0.0,243.0,0.0
2025-02-04 00:00:00,692.131256404661,0.0,273.0,0.0
2025-02-04 00:30:00,741.0056829861403,0.0,325.0,0.0
2025-02-04 01:00:00,780.0386134936908,0.0,344.0,0.0
2025-02-04 01:30:00,693.0742024862694,0.0,271.0,0.0
2025-02-04 02:00:00,697.8281168809395,0.0,282.0,0.0
2025-02-04 02:30:00,605.158899333976,0.0,257.0,0.0
2025-02-04 03:00:00,621.4028699181987,0.0,254.0,0.0
2025-02-04 03:30:00,645.0832573293591,0.0,275.0,0.0
2025-02-04 04:00:00,834.332862206519,0.0,338.0,0.0
2025-02-04 04:30:00,856.7264039128916,0.0,364.0,0.0
2025-02-04 05:00:00,812.9564902438497,0.0,336.0,0.0
2025-02-04 05:30:00,681.9831536495028,0.0,284.0,0.0
2025-02-04 06:00:00,654.5590741268538,0.0,292.0,0.0
2025-02-04 06:30:00,845.9355523249021,0.0,351.0,0.0
2025-02-04 07:00:00,976.9335968495403,0.0,347.0,0.0
2025-02-04 07:30:00,765.8361389708783,0.0,262.0,0.0
2025-02-04 08:00:00,708.441300741686,0.0,299.0,0.0
2025-02-04 08:30:00,770.1545140442008,0.0,313.0,0.0
2025-02-04 09:00:00,864.4983229527464,0.0,383.0,0.0
2025-02-04 09:30:00,760.8366510781702,0.0,352.0,0.0
2025-02-04 10:00:00,773.5180017700584,0.0,310.0,0.0
2025-02-04 10:30:00,761.7633424791678,0.0,306.0,0.0
2025-02-04 11:00:00,773.4424202260103,0.0,313.0,0.0
2025-02-04 11:30:00,859.3259290343387,0.0,358.0,0.0
2025-02-04 12:00:00,867.7035616374131,0.0,337.0,0.0
2025-02-04 12:30:00,771.8912785960822,0.0,315.0,0.0
2025-02-04 13:00:00,719.8198101183882,0.0,280.0,0.0
2025-02-04 13:30:00,674.4588709873817,0.0,284.0,0.0
2025-02-04 14:00:00,652.5229503858052,0.0,292.0,0.0
2025-02-04 14:30:00,750.2475447414971,0.0,280.0,0.0
2025-02-04 15:00:00,744.0890402650348,0.0,290.0,0.0
2025-02-04 15:30:00,682.52754510806,0.0,290.0,0.0
2025-02-04 16:00:00,702.749756946067,0.0,280.0,0.0
2025-02-04 16:30:00,682.1232238717354,0.0,294.0,0.0
2025-02-04 17:00:00,785.3931117633439,0.0,326.0,0.0
2025-02-04 17:30:00,730.5191424901652,0.0,281.0,0.0
2025-02-04 18:00:00,568.5479986252983,0.0,243.0,0.0
2025-02-04 18:30:00,506.4527685254557,0.0,198.0,0.0
2025-02-04 19:00:00,636.5539115101699,0.0,260.0,0.0
2025-02-04 19:30:00,809.4536835541716,0.0,309.0,0.0
2025-02-04 20:00:00,606.116578405166,0.0,240.0,0.0
2025-02-04 20:30:00,570.4910197800067,0.0,247.0,0.0
2025-02-04 21:00:00,534.4522999474157,0.0,245.0,0.0
2025-02-04 21:30:00,626.476249571067,0.0,245.0,0.0
2025-02-04 22:00:00,702.8678353981043,0.0,298.0,0.0
2025-02-04 22:30:00,762.2551825127839,0.0,313.0,0.0
2025-02-04 23:00:00,802.0154960443149,0.0,321.0,0.0
2025-02-04 23:30:00,709.8964384732474,0.0,294.0,0.0
2025-02-05 00:00:00,692.4265697313092,0.0,280.0,0.0
2025-02-05 00:30:00,691.1832339750644,0.0,270.0,0.0
2025-02-05 01:00:00,822.3972476750257,0.0,345.0,0.0
2025-02-05 01:30:00,713.570820805601,0.0,308.0,0.0
2025-02-05 02:00:00,727.1395446979394,0.0,277.0,0.0
2025-02-05 02:30:00,709.177649026521,0.0,285.0,0.0
2025-02-05 03:00:00,617.0861994960592,0.0,288.0,0.0
2025-02-05 03:30:00,732.7476547335124,0.0,311.0,0.0
2025-02-05 04:00:00,720.2586903150324,0.0,308.0,0.0
2025-02-05 04:30:00,640.6003450805293,0.0,299.0,0.0
2025-02-05 05:00:00,679.7644543856017,0.0,295.0,0.0
2025-02-05 05:30:00,594.7388589036701,0.0,278.0,0.0
2025-02-05 06:00:00,658.0156252706433,0.0,277.0,0.0
2025-02-05 06:30:00,724.8169790430794,0.0,291.0,0.0
2025-02-05 07:00:00,580.6966107255444,0.0,274.0,0.0
2025-02-05 07:30:00,653.345561822605,0.0,302.0,0.0
2025-02-05 08:00:00,692.3308230516025,0.0,301.0,0.0
2025-02-05 08:30:00,733.6698291626367,0.0,295.0,0.0
2025-02-05 09:00:00,611.6079221271206,0.0,246.0,0.0
2025-02-05 09:30:00,712.5912415104797,0.0,280.0,0.0
2025-02-05 10:00:00,734.449908934664,0.0,290.0,0.0
2025-02-05 10:30:00,726.5574259381318,0.0,280.0,0.0
2025-02-05 11:00:00,623.5072582289432,0.0,236.0,0.0
2025-02-05 11:30:00,604.6592628876001,0.0,221.0,0.0
2025-02-05 12:00:00,595.192348749754,0.0,244.0,0.0
2025-02-05 12:30:00,615.28770542992,0.0,232.0,0.0
2025-02-05 13:00:00,559.0834900709676,0.0,215.0,0.0
2025-02-05 13:30:00,716.7369685902368,0.0,280.0,0.0
2025-02-05 14:00:00,871.8097639621899,0.0,327.0,0.0
2025-02-05 14:30:00,831.6770783759248,0.0,346.0,0.0
2025-02-05 15:00:00,687.8854068540195,0.0,275.0,0.0
2025-02-05 15:30:00,709.9307848091767,0.0,279.0,0.0
2025-02-05 16:00:00,696.6792782554077,0.0,335.0,0.0
2025-02-05 16:30:00,884.1633454150418,0.0,378.0,0.0
2025-02-05 17:00:00,723.873914478631,0.0,296.0,0.0
2025-02-05 17:30:00,637.3824317878291,0.0,247.00000000000003,0.0
2025-02-05 18:00:00,685.3862261769181,0.0,268.0,0.0
2025-02-05 18:30:00,783.0615813825062,0.0,334.0,0.0
2025-02-05 19:00:00,741.1898705336095,0.0,342.0,0.0
2025-02-05 19:30:00,742.7115401111308,0.0,302.0,0.0
2025-02-05 20:00:00,675.2732420393197,0.0,267.0,0.0
2025-02-05 20:30:00,750.2870349019718,0.0,293.0,0.0
2025-02-05 21:00:00,869.9868206983507,0.0,358.0,0.0
2025-02-05 21:30:00,835.2629510832666,0.0,311.0,0.0
2025-02-05 22:00:00,644.0205234691873,0.0,273.0,0.0
2025-02-05 22:30:00,698.0792357833038,0.0,271.0,0.0
2025-02-05 23:00:00,713.2126449037111,0.0,269.0,0.0
2025-02-05 23:30:00,745.2278509249625,0.0,336.0,0.0
2025-02-06 00:00:00,874.1663855714949,0.0,374.0,0.0
2025-02-06 00:30:00,739.8839994618323,0.0,264.0,0.0
2025-02-06 01:00:00,720.1911045984416,0.0,257.0,0.0
2025-02-06 01:30:00,656.0656732689572,0.0,272.0,0.0
2025-02-06 02:00:00,675.5636155288222,0.0,280.0,0.0
2025-02-06 02:30:00,759.4079280858342,0.0,320.0,0.0
2025-02-06 03:00:00,817.5916752477863,0.0,364.0,0.0
2025-02-06 03:30:00,652.1790987783452,0.0,269.0,0.0
2025-02-06 04:00:00,637.1695331053867,0.0,253.99999999999997,0.0
2025-02-06 04:30:00,645.8333995815173,0.0,244.0,0.0
2025-02-06 05:00:00,656.3698046262317,0.0,254.0,0.0
2025-02-06 05:30:00,765.1937544038345,0.0,338.0,0.0
2025-02-06 06:00:00,713.2869891638178,0.0,299.0,0.0
2025-02-06 06:30:00,616.8291252163607,0.0,229.0,0.0
2025-02-06 07:00:00,574.6784219117604,0.0,229.0,0.0
2025-02-06 07:30:00,616.6297725445352,0.0,243.0,0.0
2025-02-06 08:00:00,585.4155492713451,0.0,221.0,0.0
2025-02-06 08:30:00,590.9001741612158,0.0,240.0,0.0
2025-02-06 09:00:00,717.9272559244373,0.0,317.0,0.0
2025-02-06 09:30:00,818.2052892535866,0.0,303.0,0.0
2025-02-06 10:00:00,671.7051329309993,0.0,285.0,0.0
2025-02-06 10:30:00,707.6395788704748,0.0,267.0,0.0
2025-02-06 11:00:00,641.1013670224795,0.0,263.0,0.0
2025-02-06 11:30:00,636.1292830554723,0.0,232.0,0.0
2025-02-06 12:00:00,761.3510085826202,0.0,266.0,0.0
2025-02-06 12:30:00,569.2255283228685,0.0,221.0,0.0
2025-02-06 13:00:00,557.5473134030868,0.0,236.0,0.0
2025-02-06 13:30:00,672.6562481486766,0.0,244.0,0.0
2025-02-06 14:00:00,548.3532595857581,0.0,200.0,0.0
2025-02-06 14:30:00,567.411939259383,0.0,205.0,0.0
2025-02-06 15:00:00,548.4478105547428,0.0,233.0,0.0
2025-02-06 15:30:00,541.159946251507,0.0,208.0,0.0
2025-02-06 16:00:00,543.8621912848471,0.0,217.0,0.0
2025-02-06 16:30:00,639.1969321657634,0.0,253.0,0.0
2025-02-06 17:00:00,665.6414888794152,0.0,240.0,0.0
2025-02-06 17:30:00,541.2631967411835,0.0,232.0,0.0
2025-02-06 18:00:00,462.232987489981,0.0,191.0,0.0
2025-02-06 18:30:00,509.002784609798,0.0,195.0,0.0
2025-02-06 19:00:00,522.7788455265303,0.0,232.0,0.0
2025-02-06 19:30:00,641.1611278133411,0.0,237.0,0.0
2025-02-06 20:00:00,694.0984806266501,0.0,234.99999999999997,0.0
2025-02-06 20:30:00,582.1333964348237,0.0,208.99999999999997,0.0
2025-02-06 21:00:00,570.1572193542731,0.0,208.0,0.0
2025-02-06 21:30:00,581.4208613766184,0.0,215.0,0.0
2025-02-06 22:00:00,587.0981859151793,0.0,223.0,0.0
2025-02-06 22:30:00,622.800983232593,0.0,223.0,0.0
2025-02-06 23:00:00,630.2177568691723,0.0,213.0,0.0
2025-02-06 23:30:00,605.604207841941,0.0,231.0,0.0
2025-02-07 00:00:00,104.55374476848485,0.0,64.0,0.0
2025-02-07 00:30:00,101.84380274829601,0.0,62.0,0.0
2025-02-07 01:00:00,115.90135983657305,0.0,63.0,0.0
2025-02-07 01:30:00,116.47926576862253,0.0,63.00000000000001,0.0
2025-02-07 02:00:00,101.69758121160767,0.0,64.0,0.0
2025-02-07 02:30:00,112.17879360436318,0.0,60.00000000000001,0.0
2025-02-07 03:00:00,106.53476413050778,0.0,61.00000000000001,0.0
2025-02-07 03:30:00,108.8179758735238,0.0,61.0,0.0
2025-02-07 04:00:00,110.48518065294934,0.0,62.0,0.0
2025-02-07 04:30:00,113.36949252787132,0.0,62.0,0.0
2025-02-07 05:00:00,106.4384064698749,0.0,63.00000000000001,0.0
2025-02-07 05:30:00,114.54436667486536,0.0,63.0,0.0
2025-02-07 06:00:00,108.6553586927156,0.0,62.0,0.0
2025-02-07 06:30:00,108.27696743046505,0.0,57.99999999999999,0.0
2025-02-07 07:00:00,109.2504032282377,0.0,58.00000000000001,0.0
2025-02-07 07:30:00,182.80893683831488,0.0,65.0,0.0
2025-02-07 08:00:00,220.05061792445338,0.0,74.0,0.0
2025-02-07 08:30:00,241.3064200052704,0.0,75.0,0.0
2025-02-07 09:00:00,213.34504458994613,0.0,73.0,0.0
2025-02-07 09:30:00,226.29211612766662,0.0,75.0,0.0
2025-02-07 10:00:00,253.79271007062883,0.0,78.0,0.0
2025-02-07 10:30:00,243.44269341951124,0.0,77.0,0.0
2025-02-07 11:00:00,216.13033216879433,0.0,77.0,0.0
2025-02-07 11:30:00,252.45947914780584,0.0,79.0,0.0
2025-02-07 12:00:00,244.17552580537333,0.0,91.0,0.0
2025-02-07 12:30:00,252.6535404333452,0.0,79.0,0.0
2025-02-07 13:00:00,233.96793077640652,0.0,83.0,0.0
2025-02-07 13:30:00,232.35412688923608,0.0,81.0,0.0
2025-02-07 14:00:00,246.7348208405927,0.0,81.0,0.0
2025-02-07 14:30:00,233.0505857555731,0.0,79.0,0.0
2025-02-07 15:00:00,242.34120320011726,0.0,73.0,0.0
2025-02-07 15:30:00,255.46517037686442,0.0,76.0,0.0
2025-02-07 16:00:00,264.50509455518954,0.0,73.0,0.0
2025-02-07 16:30:00,227.76329751811542,0.0,71.0,0.0
2025-02-07 17:00:00,213.56739691129204,0.0,69.0,0.0
2025-02-07 17:30:00,235.30804647559486,0.0,73.0,0.0
2025-02-07 18:00:00,205.60842988678976,0.0,78.0,0.0
2025-02-07 18:30:00,201.96007206692107,0.0,79.0,0.0
2025-02-07 19:00:00,188.68917181982226,0.0,79.0,0.0
2025-02-07 19:30:00,200.93861513073938,0.0,73.0,0.0
2025-02-07 20:00:00,216.91789483155202,0.0,79.0,0.0
2025-02-07 20:30:00,228.14111864808953,0.0,80.0,0.0
2025-02-07 21:00:00,207.6707142046659,0.0,80.0,0.0
2025-02-07 21:30:00,197.08212269411572,0.0,71.0,0.0
2025-02-07 22:00:00,167.07859039084474,0.0,68.0,0.0
2025-02-07 22:30:00,170.9546375559712,0.0,66.0,0.0
2025-02-07 23:00:00,198.1436894774598,0.0,65.0,0.0
2025-02-07 23:30:00,187.96657941698442,0.0,66.0,0.0
2025-02-08 00:00:00,663.6685718015337,0.0,270.0,0.0
2025-02-08 00:30:00,754.7189880476444,0.0,313.0,0.0
2025-02-08 01:00:00,834.8611364197527,0.0,316.0,0.0
2025-02-08 01:30:00,648.9248536024564,0.0,254.0,0.0
2025-02-08 02:00:00,726.4426081821242,0.0,271.0,0.0
2025-02-08 02:30:00,780.6034208575218,0.0,298.0,0.0
2025-02-08 03:00:00,660.988864867162,0.0,241.00000000000003,0.0
2025-02-08 03:30:00,629.5473376667373,0.0,239.0,0.0
2025-02-08 04:00:00,685.9461059296895,0.0,281.0,0.0
2025-02-08 04:30:00,816.5708366641195,0.0,309.0,0.0
2025-02-08 05:00:00,722.3333080881557,0.0,320.0,0.0
2025-02-08 05:30:00,717.6638237972803,0.0,312.0,0.0
2025-02-08 06:00:00,703.983130196778,0.0,287.0,0.0
2025-02-08 06:30:00,671.5468075785857,0.0,270.0,0.0
2025-02-08 07:00:00,669.7038856871347,0.0,272.0,0.0
2025-02-08 07:30:00,670.3938769419526,0.0,273.0,0.0
2025-02-08 08:00:00,776.3546820745837,0.0,319.0,0.0
2025-02-08 08:30:00,826.3024374993246,0.0,319.0,0.0
2025-02-08 09:00:00,752.2824586213538,0.0,289.0,0.0
2025-02-08 09:30:00,736.6114630792271,0.0,287.0,0.0
2025-02-08 10:00:00,750.1169410030693,0.0,299.0,0.0
2025-02-08 10:30:00,872.017332071523,0.0,327.0,0.0
2025-02-08 11:00:00,723.2949471510009,0.0,320.0,0.0
2025-02-08 11:30:00,742.0923293755079,0.0,281.0,0.0
2025-02-08 12:00:00,669.6285138703531,0.0,278.0,0.0
2025-02-08 12:30:00,681.2930081624381,0.0,261.0,0.0
2025-02-08 13:00:00,644.7119743641695,0.0,251.0,0.0
2025-02-08 13:30:00,621.6495181052082,0.0,269.0,0.0
2025-02-08 14:00:00,721.7719307013552,0.0,276.0,0.0
2025-02-08 14:30:00,790.6844660936545,0.0,325.0,0.0
2025-02-08 15:00:00,765.2589288555068,0.0,337.0,0.0
2025-02-08 15:30:00,781.4838034040345,0.0,312.0,0.0
2025-02-08 16:00:00,744.8664646851155,0.0,282.0,0.0
2025-02-08 16:30:00,674.7899043481124,0.0,267.0,0.0
2025-02-08 17:00:00,655.5583973889774,0.0,247.0,0.0
2025-02-08 17:30:00,679.5613708977642,0.0,268.0,0.0
2025-02-08 18:00:00,659.0400395856801,0.0,252.0,0.0
2025-02-08 18:30:00,704.6774665235532,0.0,255.0,0.0
2025-02-08 19:00:00,704.8045162409021,0.0,251.0,0.0
2025-02-08 19:30:00,626.070489766751,0.0,264.0,0.0
2025-02-08 20:00:00,783.812180304739,0.0,294.0,0.0
2025-02-08 20:30:00,752.1741941099245,0.0,290.0,0.0
2025-02-08 21:00:00,523.8830312951839,0.0,231.0,0.0
2025-02-08 21:30:00,601.7992033928508,0.0,226.0,0.0
2025-02-08 22:00:00,762.849970039794,0.0,270.0,0.0
2025-02-08 22:30:00,783.2855774921401,0.0,305.0,0.0
2025-02-08 23:00:00,682.8545359898478,0.0,263.0,0.0
2025-02-08 23:30:00,633.7435225260414,0.0,238.99999999999997,0.0
2025-02-09 00:00:00,753.8969241495632,0.0,317.0,0.0
2025-02-09 00:30:00,917.6869964945739,0.0,371.0,0.0
2025-02-09 01:00:00,815.4191622784758,0.0,333.0,0.0
2025-02-09 01:30:00,749.3977023174126,0.0,258.0,0.0
2025-02-09 02:00:00,624.2275646912129,0.0,256.0,0.0
2025-02-09 02:30:00,682.338614016485,0.0,269.0,0.0
2025-02-09 03:00:00,689.7622550026913,0.0,283.0,0.0
2025-02-09 03:30:00,766.1385398034288,0.0,331.0,0.0
2025-02-09 04:00:00,914.7411802717816,0.0,404.0,0.0
2025-02-09 04:30:00,764.0699911403599,0.0,310.0,0.0
2025-02-09 05:00:00,694.2370261573412,0.0,261.0,0.0
2025-02-09 05:30:00,709.7408430443215,0.0,274.0,0.0
2025-02-09 06:00:00,736.9170784900218,0.0,306.0,0.0
2025-02-09 06:30:00,942.933818069375,0.0,383.0,0.0
2025-02-09 07:00:00,759.3854706644021,0.0,314.0,0.0
2025-02-09 07:30:00,715.3871653464187,0.0,288.0,0.0
2025-02-09 08:00:00,633.8923792899006,0.0,252.0,0.0
2025-02-09 08:30:00,874.207854350853,0.0,342.0,0.0
2025-02-09 09:00:00,962.8312820349969,0.0,356.0,0.0
2025-02-09 09:30:00,693.7392723097985,0.0,314.0,0.0
2025-02-09 10:00:00,606.3438941380077,0.0,297.0,0.0
2025-02-09 10:30:00,615.6534916628013,0.0,263.0,0.0
2025-02-09 11:00:00,705.9598482151193,0.0,279.0,0.0
2025-02-09 11:30:00,678.251533971833,0.0,260.0,0.0
2025-02-09 12:00:00,658.0896919569385,0.0,254.0,0.0
2025-02-09 12:30:00,664.9243534659706,0.0,243.0,0.0
2025-02-09 13:00:00,646.2845060082877,0.0,252.00000000000003,0.0
2025-02-09 13:30:00,640.7753006610243,0.0,254.0,0.0
2025-02-09 14:00:00,712.3063761898298,0.0,289.0,0.0
2025-02-09 14:30:00,760.7921110042515,0.0,302.0,0.0
2025-02-09 15:00:00,563.9386515242032,0.0,223.0,0.0
2025-02-09 15:30:00,576.9851594812332,0.0,245.0,0.0
2025-02-09 16:00:00,586.8476132220436,0.0,246.0,0.0
2025-02-09 16:30:00,744.9039048361342,0.0,336.0,0.0
2025-02-09 17:00:00,731.5180694821194,0.0,268.0,0.0
2025-02-09 17:30:00,576.1618332751966,0.0,217.99999999999997,0.0
2025-02-09 18:00:00,596.0598282119572,0.0,248.0,0.0
2025-02-09 18:30:00,567.4894684064012,0.0,227.0,0.0
2025-02-09 19:00:00,624.1435218229232,0.0,267.0,0.0
2025-02-09 19:30:00,802.4404139925543,0.0,316.0,0.0
2025-02-09 20:00:00,767.4085858360842,0.0,301.0,0.0
2025-02-09 20:30:00,654.6843963657997,0.0,272.0,0.0
2025-02-09 21:00:00,563.2866266803019,0.0,260.0,0.0
2025-02-09 21:30:00,718.1866262262856,0.0,327.0,0.0
2025-02-09 22:00:00,864.7570635703771,0.0,313.0,0.0
2025-02-09 22:30:00,697.463660619789,0.0,279.0,0.0
2025-02-09 23:00:00,560.5452562945873,0.0,261.0,0.0
2025-02-09 23:30:00,686.3470825579967,0.0,253.0,0.0
2025-02-10 00:00:00,1046.907867297306,0.0,406.0,0.0
2025-02-10 00:30:00,977.1766842094355,0.0,373.0,0.0
2025-02-10 01:00:00,1034.3654174916508,0.0,359.0,0.0
2025-02-10 01:30:00,863.8371838848008,0.0,363.0,0.0
2025-02-10 02:00:00,954.6521806031435,0.0,343.0,0.0
2025-02-10 02:30:00,1018.3673716888185,0.0,419.0,0.0
2025-02-10 03:00:00,963.9135500025964,0.0,367.0,0.0
2025-02-10 03:30:00,946.3785476295269,0.0,370.0,0.0
2025-02-10 04:00:00,878.7877646276382,0.0,354.0,0.0
2025-02-10 04:30:00,940.3856096772982,0.0,378.0,0.0
2025-02-10 05:00:00,1038.1524154497922,0.0,393.0,0.0
2025-02-10 05:30:00,1003.5867798861763,0.0,363.0,0.0
2025-02-10 06:00:00,924.9607797415752,0.0,360.0,0.0
2025-02-10 06:30:00,899.1410695112481,0.0,339.0,0.0
2025-02-10 07:00:00,1055.3012296007307,0.0,395.0,0.0
2025-02-10 07:30:00,953.3218994720507,0.0,371.0,0.0
2025-02-10 08:00:00,986.1723787750345,0.0,335.0,0.0
2025-02-10 08:30:00,992.0416985748969,0.0,336.0,0.0
2025-02-10 09:00:00,1071.4118865607695,0.0,334.0,0.0
2025-02-10 09:30:00,1034.17930915751,0.0,394.0,0.0
2025-02-10 10:00:00,968.3020467273443,0.0,351.0,0.0
2025-02-10 10:30:00,995.8719135419611,0.0,353.0,0.0
2025-02-10 11:00:00,984.7436271895441,0.0,341.0,0.0
2025-02-10 11:30:00,909.9846755796387,0.0,342.0,0.0
2025-02-10 12:00:00,995.5193360119536,0.0,365.0,0.0
2025-02-10 12:30:00,900.728587255861,0.0,310.0,0.0
2025-02-10 13:00:00,655.6966189668746,0.0,228.0,0.0
2025-02-10 13:30:00,710.1181429344557,0.0,252.0,0.0
2025-02-10 14:00:00,720.2119007101584,0.0,251.0,0.0
2025-02-10 14:30:00,1001.5062752660217,0.0,343.0,0.0
2025-02-10 15:00:00,1006.6213318202819,0.0,357.0,0.0
2025-02-10 15:30:00,1004.1161392497038,0.0,392.0,0.0
2025-02-10 16:00:00,1041.603985870951,0.0,417.0,0.0
2025-02-10 16:30:00,1153.4831257442374,0.0,436.0,0.0
2025-02-10 17:00:00,896.033607912313,0.0,327.0,0.0
2025-02-10 17:30:00,949.6018752000374,0.0,343.0,0.0
2025-02-10 18:00:00,887.8848567501931,0.0,343.0,0.0
2025-02-10 18:30:00,876.0949248241174,0.0,331.0,0.0
2025-02-10 19:00:00,859.3983609413024,0.0,314.0,0.0
2025-02-10 19:30:00,876.2652478340099,0.0,316.0,0.0
2025-02-10 20:00:00,957.3804444853882,0.0,312.0,0.0
2025-02-10 20:30:00,943.2179074575031,0.0,314.0,0.0
2025-02-10 21:00:00,811.654047789442,0.0,291.0,0.0
2025-02-10 21:30:00,577.3766734088363,0.0,220.0,0.0
2025-02-10 22:00:00,422.6421746169427,0.0,173.0,0.0
2025-02-10 22:30:00,449.2431969859381,0.0,178.0,0.0
2025-02-10 23:00:00,409.6249645597106,0.0,138.0,0.0
2025-02-10 23:30:00,216.6985413057582,0.0,90.0,0.0
2025-02-11 00:00:00,94.2003658148574,0.0,55.0,0.0
2025-02-11 00:30:00,93.59248790604202,0.0,53.04255319148937,0.0
2025-02-11 01:00:00,91.76924726200947,0.0,53.00000000000001,0.0
2025-02-11 01:30:00,97.64824858359518,0.0,53.93617021276595,0.0
2025-02-11 02:00:00,87.6403082741155,0.0,54.0,0.0
2025-02-11 02:30:00,89.9326332743862,0.0,50.42553191489362,0.0
2025-02-11 03:00:00,98.75527888730937,0.0,51.74468085106383,0.0
2025-02-11 03:30:00,90.57759539009312,0.0,51.99999999999999,0.0
2025-02-11 04:00:00,85.51904880189463,0.0,52.829787234042556,0.0
2025-02-11 04:30:00,96.10878234614383,0.0,53.808510638297875,0.0
2025-02-11 05:00:00,98.22239003155316,0.0,53.212765957446805,0.0
2025-02-11 05:30:00,92.79077228446002,0.0,53.0,0.0
2025-02-11 06:00:00,82.5387266818963,0.0,50.76595744680851,0.0
2025-02-11 06:30:00,94.21216234747962,0.0,50.00000000000001,0.0
2025-02-11 07:00:00,81.5159451398176,0.0,46.48936170212767,0.0
2025-02-11 07:30:00,81.06235626248332,0.0,40.91489361702128,0.0
2025-02-11 08:00:00,71.99733042190213,0.0,38.340425531914896,0.0
2025-02-11 08:30:00,70.04932095345156,0.0,37.361702127659576,0.0
2025-02-11 09:00:00,71.76154505435335,0.0,38.234042553191486,0.0
2025-02-11 09:30:00,72.92124867267883,0.0,37.21276595744681,0.0
2025-02-11 10:00:00,71.06046524246422,0.0,36.57446808510638,0.0
2025-02-11 10:30:00,75.71824173701039,0.0,35.8936170212766,0.0
2025-02-11 11:00:00,73.38964599233748,0.0,36.06382978723404,0.0
2025-02-11 11:30:00,79.18906086456556,0.0,37.51063829787234,0.0
2025-02-11 12:00:00,76.05439937116304,0.0,37.51063829787234,0.0
2025-02-11 12:30:00,72.38416047526384,0.0,37.0,0.0
2025-02-11 13:00:00,72.18018848077736,0.0,37.4468085106383,0.0
2025-02-11 13:30:00,69.73951406361974,0.0,38.42553191489362,0.0
2025-02-11 14:00:00,78.3351815983816,0.0,39.0,0.0
2025-02-11 14:30:00,76.47081294107157,0.0,39.0,0.0
2025-02-11 15:00:00,66.98565699335865,0.0,38.63829787234043,0.0
2025-02-11 15:30:00,73.63297650258725,0.0,38.0,0.0
2025-02-11 16:00:00,71.92589312386964,0.0,38.31914893617021,0.0
2025-02-11 16:30:00,81.66623497121618,0.0,39.595744680851055,0.0
2025-02-11 17:00:00,69.12067356294345,0.0,41.0,0.0
2025-02-11 17:30:00,71.21388049506305,0.0,41.25531914893616,0.0
2025-02-11 18:00:00,79.9708530841483,0.0,42.0,0.0
2025-02-11 18:30:00,81.45105948883861,0.0,42.85106382978722,0.0
2025-02-11 19:00:00,78.53588873715519,0.0,45.61702127659575,0.0
2025-02-11 19:30:00,81.34523954420257,0.0,43.829787234042556,0.0
2025-02-11 20:00:00,86.89523897994066,0.0,43.29787234042553,0.0
2025-02-11 20:30:00,75.99347087313517,0.0,45.0,0.0
2025-02-11 21:00:00,78.09335016894256,0.0,45.531914893617014,0.0
2025-02-11 21:30:00,86.19836857011109,0.0,50.25531914893617,0.0
2025-02-11 22:00:00,99.26704909716928,0.0,53.063829787234035,0.0
2025-02-11 22:30:00,91.86881637322554,0.0,53.95744680851064,0.0
2025-02-11 23:00:00,92.50707719260242,0.0,53.02127659574468,0.0
2025-02-11 23:30:00,99.32880958105086,0.0,54.0,0.0
2025-02-12 00:00:00,174.4659489858217,0.0,80.0,0.0
2025-02-12 00:30:00,181.6471802718927,0.0,79.0,0.0
2025-02-12 01:00:00,165.1967386547339,0.0,79.0,0.0
2025-02-12 01:30:00,160.49318498228953,0.0,82.00000000000001,0.0
2025-02-12 02:00:00,177.2816008612352,0.0,81.0,0.0
2025-02-12 02:30:00,171.71101041637718,0.0,79.0,0.0
2025-02-12 03:00:00,168.74817185374053,0.0,80.0,0.0
2025-02-12 03:30:00,174.73655314237504,0.0,82.0,0.0
2025-02-12 04:00:00,195.79994867147744,0.0,80.0,0.0
2025-02-12 04:30:00,183.3438248168477,0.0,85.0,0.0
2025-02-12 05:00:00,183.13063787101086,0.0,80.0,0.0
2025-02-12 05:30:00,180.30005411193653,0.0,81.0,0.0
2025-02-12 06:00:00,185.79734754432147,0.0,81.0,0.0
2025-02-12 06:30:00,169.37488719669864,0.0,79.0,0.0
2025-02-12 07:00:00,158.81536242707364,0.0,79.0,0.0
2025-02-12 07:30:00,243.68039056402608,0.0,85.0,0.0
2025-02-12 08:00:00,454.73642526342354,0.0,160.0,0.0
2025-02-12 08:30:00,399.63419170258345,0.0,143.0,0.0
2025-02-12 09:00:00,463.8730367585497,0.0,156.0,0.0
2025-02-12 09:30:00,620.7596027624757,0.0,232.99999999999997,0.0
2025-02-12 10:00:00,619.2584424530821,0.0,183.0,0.0
2025-02-12 10:30:00,642.1956946268332,0.0,209.0,0.0
2025-02-12 11:00:00,743.4554623431825,0.0,263.0,0.0
2025-02-12 11:30:00,821.7708123278707,0.0,285.0,0.0
2025-02-12 12:00:00,709.6757890717719,0.0,257.0,0.0
2025-02-12 12:30:00,560.4821868401382,0.0,196.0,0.0
2025-02-12 13:00:00,509.8814978675742,0.0,187.0,0.0
2025-02-12 13:30:00,481.85674447479715,0.0,183.0,0.0
2025-02-12 14:00:00,531.9621418411086,0.0,180.0,0.0
2025-02-12 14:30:00,536.5533427655846,0.0,176.0,0.0
2025-02-12 15:00:00,599.161724058017,0.0,185.0,0.0
2025-02-12 15:30:00,619.097337921564,0.0,191.0,0.0
2025-02-12 16:00:00,605.0384575042204,0.0,189.00000000000003,0.0
2025-02-12 16:30:00,603.3127509129193,0.0,219.0,0.0
2025-02-12 17:00:00,654.2695743361727,0.0,231.00000000000003,0.0
2025-02-12 17:30:00,565.257226566326,0.0,195.00000000000003,0.0
2025-02-12 18:00:00,682.716711735588,0.0,225.0,0.0
2025-02-12 18:30:00,606.8128025049182,0.0,208.0,0.0
2025-02-12 19:00:00,607.1826684074534,0.0,220.0,0.0
2025-02-12 19:30:00,816.848631651372,0.0,317.0,0.0
2025-02-12 20:00:00,764.672014753795,0.0,288.0,0.0
2025-02-12 20:30:00,630.9433542606813,0.0,224.0,0.0
2025-02-12 21:00:00,558.4754596418746,0.0,225.0,0.0
2025-02-12 21:30:00,549.3714694427476,0.0,219.0,0.0
2025-02-12 22:00:00,752.6556546302772,0.0,284.0,0.0
2025-02-12 22:30:00,1002.9907665397544,0.0,337.0,0.0
2025-02-12 23:00:00,851.623871916698,0.0,334.0,0.0
2025-02-12 23:30:00,662.9183261438837,0.0,286.0,0.0
2025-02-13 00:00:00,597.2256521532738,0.0,266.0,0.0
2025-02-13 00:30:00,709.2572627695631,0.0,246.0,0.0
2025-02-13 01:00:00,716.4781301772634,0.0,277.0,0.0
2025-02-13 01:30:00,731.2861879423851,0.0,266.0,0.0
2025-02-13 02:00:00,704.624313963873,0.0,271.0,0.0
2025-02-13 02:30:00,826.5257891029717,0.0,314.0,0.0
2025-02-13 03:00:00,1033.4227193215117,0.0,406.0,0.0
2025-02-13 03:30:00,923.1079787116767,0.0,349.0,0.0
2025-02-13 04:00:00,798.6458815807362,0.0,296.0,0.0
2025-02-13 04:30:00,776.9757847472879,0.0,303.0,0.0
2025-02-13 05:00:00,699.026122887762,0.0,302.0,0.0
2025-02-13 05:30:00,756.5264760653195,0.0,293.0,0.0
2025-02-13 06:00:00,792.8055288038706,0.0,295.0,0.0
2025-02-13 06:30:00,778.1391195998766,0.0,282.0,0.0
2025-02-13 07:00:00,707.5782298624135,0.0,283.0,0.0
2025-02-13 07:30:00,798.9766528058518,0.0,290.0,0.0
2025-02-13 08:00:00,833.9705346221156,0.0,286.0,0.0
2025-02-13 08:30:00,832.9258934241831,0.0,269.0,0.0
2025-02-13 09:00:00,758.4499315918086,0.0,278.0,0.0
2025-02-13 09:30:00,656.9006005753057,0.0,253.0,0.0
2025-02-13 10:00:00,723.7501249690966,0.0,276.0,0.0
2025-02-13 10:30:00,624.3128911987592,0.0,241.0,0.0
2025-02-13 11:00:00,637.3178079953839,0.0,249.0,0.0
2025-02-13 11:30:00,616.2343506721637,0.0,260.0,0.0
2025-02-13 12:00:00,636.850532130312,0.0,239.0,0.0
2025-02-13 12:30:00,748.5739086939715,0.0,263.0,0.0
2025-02-13 13:00:00,679.811218684119,0.0,250.0,0.0
2025-02-13 13:30:00,739.222345884931,0.0,248.0,0.0
2025-02-13 14:00:00,713.4768477233205,0.0,258.0,0.0
2025-02-13 14:30:00,711.1203704431501,0.0,246.0,0.0
2025-02-13 15:00:00,761.8294075186468,0.0,261.0,0.0
2025-02-13 15:30:00,874.7091070155168,0.0,333.0,0.0
2025-02-13 16:00:00,968.3337842003276,0.0,372.0,0.0
2025-02-13 16:30:00,891.0783191503785,0.0,314.0,0.0
2025-02-13 17:00:00,833.3242799980012,0.0,300.0,0.0
2025-02-13 17:30:00,767.579720517925,0.0,289.0,0.0
2025-02-13 18:00:00,773.9206514787016,0.0,290.0,0.0
2025-02-13 18:30:00,791.4253388561882,0.0,322.0,0.0
2025-02-13 19:00:00,709.0731355826325,0.0,269.0,0.0
2025-02-13 19:30:00,816.0019752354549,0.0,289.0,0.0
2025-02-13 20:00:00,816.8055665972487,0.0,313.0,0.0
2025-02-13 20:30:00,878.0369903926896,0.0,322.0,0.0
2025-02-13 21:00:00,784.4120432870825,0.0,284.0,0.0
2025-02-13 21:30:00,736.7378268409082,0.0,275.0,0.0
2025-02-13 22:00:00,793.4645559625728,0.0,306.0,0.0
2025-02-13 22:30:00,634.1980066935349,0.0,285.0,0.0
2025-02-13 23:00:00,739.6271366122772,0.0,283.0,0.0
2025-02-13 23:30:00,740.5588971283498,0.0,320.0,0.0
2025-02-14 00:00:00,702.6080822564559,0.0,258.0,0.0
2025-02-14 00:30:00,692.3957637267675,0.0,246.0,0.0
2025-02-14 01:00:00,658.5008657554171,0.0,261.0,0.0
2025-02-14 01:30:00,685.8348423043419,0.0,288.0,0.0
2025-02-14 02:00:00,1026.263540194072,0.0,362.0,0.0
2025-02-14 02:30:00,786.9064590777513,0.0,311.0,0.0
2025-02-14 03:00:00,714.6433085056321,0.0,296.0,0.0
2025-02-14 03:30:00,720.5885289440824,0.0,286.0,0.0
2025-02-14 04:00:00,738.653861463699,0.0,286.0,0.0
2025-02-14 04:30:00,968.2429201233251,0.0,396.0,0.0
2025-02-14 05:00:00,796.6638333030551,0.0,312.0,0.0
2025-02-14 05:30:00,778.0566200518763,0.0,289.0,0.0
2025-02-14 06:00:00,700.5812332776394,0.0,285.0,0.0
2025-02-14 06:30:00,689.3644344542333,0.0,283.0,0.0
2025-02-14 07:00:00,982.2076408202003,0.0,362.0,0.0
2025-02-14 07:30:00,909.8579828900488,0.0,332.0,0.0
2025-02-14 08:00:00,729.6374739325779,0.0,276.0,0.0
2025-02-14 08:30:00,675.0135788589484,0.0,256.0,0.0
2025-02-14 09:00:00,799.0981307077997,0.0,297.0,0.0
2025-02-14 09:30:00,982.3058064851734,0.0,350.0,0.0
2025-02-14 10:00:00,841.3354655728818,0.0,285.0,0.0
2025-02-14 10:30:00,741.4696447825964,0.0,273.0,0.0
2025-02-14 11:00:00,722.9319283011336,0.0,258.0,0.0
2025-02-14 11:30:00,870.4235901815753,0.0,323.0,0.0
2025-02-14 12:00:00,690.6543202672207,0.0,288.0,0.0
2025-02-14 12:30:00,783.508534755724,0.0,269.0,0.0
2025-02-14 13:00:00,808.2137479237335,0.0,310.0,0.0
2025-02-14 13:30:00,995.2511794047169,0.0,350.0,0.0
2025-02-14 14:00:00,781.5219695749747,0.0,267.0,0.0
2025-02-14 14:30:00,853.9257488542858,0.0,281.0,0.0
2025-02-14 15:00:00,789.1554962263119,0.0,262.0,0.0
2025-02-14 15:30:00,667.9006903634337,0.0,264.0,0.0
2025-02-14 16:00:00,788.7848119042466,0.0,294.0,0.0
2025-02-14 16:30:00,989.7927821077137,0.0,345.0,0.0
2025-02-14 17:00:00,807.0545696406186,0.0,286.0,0.0
2025-02-14 17:30:00,745.3850305631464,0.0,253.0,0.0
2025-02-14 18:00:00,785.8380558043149,0.0,275.0,0.0
2025-02-14 18:30:00,887.1938472532977,0.0,321.0,0.0
2025-02-14 19:00:00,1014.0184091940837,0.0,377.0,0.0
2025-02-14 19:30:00,678.946995784094,0.0,279.0,0.0
2025-02-14 20:00:00,704.5799009787838,0.0,266.0,0.0
2025-02-14 20:30:00,725.8018876663399,0.0,274.0,0.0
2025-02-14 21:00:00,854.7117841847185,0.0,349.0,0.0
2025-02-14 21:30:00,959.3542749506533,0.0,355.0,0.0
2025-02-14 22:00:00,783.0193289826606,0.0,290.0,0.0
2025-02-14 22:30:00,743.6877347741314,0.0,284.0,0.0
2025-02-14 23:00:00,640.1891210533914,0.0,289.0,0.0
2025-02-14 23:30:00,864.0162220608503,0.0,361.0,0.0
2025-02-15 00:00:00,736.6340753077011,0.0,270.0,0.0
2025-02-15 00:30:00,778.0138764287367,0.0,313.0,0.0
2025-02-15 01:00:00,718.2456037960582,0.0,316.0,0.0
2025-02-15 01:30:00,633.5707688786966,0.0,254.0,0.0
2025-02-15 02:00:00,627.2137223268945,0.0,271.0,0.0
2025-02-15 02:30:00,760.6587159077496,0.0,298.0,0.0
2025-02-15 03:00:00,649.0230594346586,0.0,241.0,0.0
2025-02-15 03:30:00,610.361696940642,0.0,239.0,0.0
2025-02-15 04:00:00,761.5780434890578,0.0,281.0,0.0
2025-02-15 04:30:00,797.3005355141842,0.0,309.0,0.0
2025-02-15 05:00:00,782.4102131445991,0.0,320.0,0.0
2025-02-15 05:30:00,744.6415802958609,0.0,312.0,0.0
2025-02-15 06:00:00,648.879201961046,0.0,287.0,0.0
2025-02-15 06:30:00,652.1980189956058,0.0,270.0,0.0
2025-02-15 07:00:00,659.6573334666277,0.0,272.0,0.0
2025-02-15 07:30:00,596.02016502029,0.0,273.0,0.0
2025-02-15 08:00:00,781.8868879485859,0.0,319.0,0.0
2025-02-15 08:30:00,795.5593652942218,0.0,319.0,0.0
2025-02-15 09:00:00,745.8888764504285,0.0,289.0,0.0
2025-02-15 09:30:00,724.294511933913,0.0,287.0,0.0
2025-02-15 10:00:00,741.4437095688046,0.0,299.0,0.0
2025-02-15 10:30:00,784.9963759345172,0.0,327.0,0.0
2025-02-15 11:00:00,795.5956809349578,0.0,320.0,0.0
2025-02-15 11:30:00,745.8934552883305,0.0,281.0,0.0
2025-02-15 12:00:00,770.5052942909543,0.0,278.0,0.0
2025-02-15 12:30:00,674.9185904691917,0.0,261.0,0.0
2025-02-15 13:00:00,643.9696533379989,0.0,251.0,0.0
2025-02-15 13:30:00,709.1866518716404,0.0,269.0,0.0
2025-02-15 14:00:00,729.6239100409442,0.0,276.0,0.0
2025-02-15 14:30:00,788.501722539667,0.0,325.0,0.0
2025-02-15 15:00:00,888.7893211403039,0.0,337.0,0.0
2025-02-15 15:30:00,786.734450293349,0.0,312.0,0.0
2025-02-15 16:00:00,739.8861046816389,0.0,282.0,0.0
2025-02-15 16:30:00,683.8392764710024,0.0,267.0,0.0
2025-02-15 17:00:00,616.1014003351661,0.0,247.0,0.0
2025-02-15 17:30:00,678.4711492963721,0.0,268.0,0.0
2025-02-15 18:00:00,618.3484808255166,0.0,252.00000000000003,0.0
2025-02-15 18:30:00,646.8126090226936,0.0,255.0,0.0
2025-02-15 19:00:00,645.347081631002,0.0,251.0,0.0
2025-02-15 19:30:00,608.1992881938593,0.0,264.0,0.0
2025-02-15 20:00:00,779.5959625059254,0.0,294.0,0.0
2025-02-15 20:30:00,707.7245117286368,0.0,290.0,0.0
2025-02-15 21:00:00,578.4766122455316,0.0,231.0,0.0
2025-02-15 21:30:00,564.6551198740538,0.0,226.0,0.0
2025-02-15 22:00:00,647.3367016548314,0.0,270.0,0.0
2025-02-15 22:30:00,767.8916227763033,0.0,305.0,0.0
2025-02-15 23:00:00,640.7993045524465,0.0,263.0,0.0
2025-02-15 23:30:00,646.1894538994773,0.0,239.0,0.0
2025-02-16 00:00:00,749.6554713959069,0.0,317.0,0.0
2025-02-16 00:30:00,987.3327542674097,0.0,371.0,0.0
2025-02-16 01:00:00,811.3680752869035,0.0,333.0,0.0
2025-02-16 01:30:00,698.1324647866936,0.0,258.0,0.0
2025-02-16 02:00:00,626.9189924292441,0.0,256.0,0.0
2025-02-16 02:30:00,663.1360401889139,0.0,269.0,0.0
2025-02-16 03:00:00,699.6006666042045,0.0,283.0,0.0
2025-02-16 03:30:00,802.5827063988476,0.0,331.0,0.0
2025-02-16 04:00:00,934.6783623650845,0.0,404.0,0.0
2025-02-16 04:30:00,807.8463642747199,0.0,310.0,0.0
2025-02-16 05:00:00,662.8376551572641,0.0,261.0,0.0
2025-02-16 05:30:00,652.972004809345,0.0,274.0,0.0
2025-02-16 06:00:00,836.6418512032454,0.0,306.0,0.0
2025-02-16 06:30:00,923.858965519724,0.0,383.0,0.0
2025-02-16 07:00:00,758.6884011657442,0.0,314.0,0.0
2025-02-16 07:30:00,665.082613390554,0.0,288.0,0.0
2025-02-16 08:00:00,627.9386968161923,0.0,252.0,0.0
2025-02-16 08:30:00,867.8207998002639,0.0,342.0,0.0
2025-02-16 09:00:00,851.2042443530779,0.0,356.0,0.0
2025-02-16 09:30:00,702.4449504004114,0.0,314.0,0.0
2025-02-16 10:00:00,678.837529635377,0.0,297.0,0.0
2025-02-16 10:30:00,656.1517347113306,0.0,263.0,0.0
2025-02-16 11:00:00,636.8457589116064,0.0,279.0,0.0
2025-02-16 11:30:00,624.5061145572805,0.0,260.0,0.0
2025-02-16 12:00:00,657.2896624834018,0.0,253.99999999999997,0.0
2025-02-16 12:30:00,652.0203613607517,0.0,243.0,0.0
2025-02-16 13:00:00,641.4913944782305,0.0,252.0,0.0
2025-02-16 13:30:00,579.5544973812607,0.0,254.0,0.0
2025-02-16 14:00:00,704.068358873212,0.0,289.0,0.0
2025-02-16 14:30:00,680.7045162271693,0.0,302.0,0.0
2025-02-16 15:00:00,539.5533795394172,0.0,223.0,0.0
2025-02-16 15:30:00,525.9468827176728,0.0,245.0,0.0
2025-02-16 16:00:00,634.7745187898305,0.0,246.0,0.0
2025-02-16 16:30:00,792.3233871754502,0.0,336.0,0.0
2025-02-16 17:00:00,694.3882767603781,0.0,268.0,0.0
2025-02-16 17:30:00,605.5455255025598,0.0,217.99999999999997,0.0
2025-02-16 18:00:00,653.5824009620394,0.0,248.0,0.0
2025-02-16 18:30:00,515.7998238697336,0.0,227.0,0.0
2025-02-16 19:00:00,619.261192924801,0.0,267.0,0.0
2025-02-16 19:30:00,777.2913791246016,0.0,316.0,0.0
2025-02-16 20:00:00,685.5406575186996,0.0,301.0,0.0
2025-02-16 20:30:00,602.6789735638217,0.0,272.0,0.0
2025-02-16 21:00:00,606.7706856270947,0.0,260.0,0.0
2025-02-16 21:30:00,681.8372851349945,0.0,327.0,0.0
2025-02-16 22:00:00,807.3011819912354,0.0,313.0,0.0
2025-02-16 22:30:00,706.8223658303586,0.0,279.0,0.0
2025-02-16 23:00:00,630.8156828747206,0.0,261.0,0.0
2025-02-16 23:30:00,642.9172869588592,0.0,253.0,0.0
2025-02-17 00:00:00,734.9534671947166,0.0,292.0,0.0
2025-02-17 00:30:00,759.5069008690897,0.0,348.0,0.0
2025-02-17 01:00:00,706.5536041700157,0.0,290.0,0.0
2025-02-17 01:30:00,645.3879018185665,0.0,244.0,0.0
2025-02-17 02:00:00,671.0994565754061,0.0,278.0,0.0
2025-02-17 02:30:00,771.30767575321,0.0,349.0,0.0
2025-02-17 03:00:00,725.6146799600025,0.0,339.0,0.0
2025-02-17 03:30:00,615.0183126223794,0.0,269.0,0.0
2025-02-17 04:00:00,630.4088493136175,0.0,261.0,0.0
2025-02-17 04:30:00,686.6335350868582,0.0,286.0,0.0
2025-02-17 05:00:00,828.2705708450034,0.0,365.0,0.0
2025-02-17 05:30:00,695.5562402433358,0.0,292.0,0.0
2025-02-17 06:00:00,669.3232610036703,0.0,272.0,0.0
2025-02-17 06:30:00,603.8425056153789,0.0,229.00000000000003,0.0
2025-02-17 07:00:00,790.8574056488106,0.0,325.0,0.0
2025-02-17 07:30:00,831.7022873991106,0.0,329.0,0.0
2025-02-17 08:00:00,659.3645102517777,0.0,290.0,0.0
2025-02-17 08:30:00,587.5969472860749,0.0,277.0,0.0
2025-02-17 09:00:00,723.861359962089,0.0,272.0,0.0
2025-02-17 09:30:00,828.4973420861315,0.0,334.0,0.0
2025-02-17 10:00:00,663.7641619934908,0.0,288.0,0.0
2025-02-17 10:30:00,659.5873731951201,0.0,291.0,0.0
2025-02-17 11:00:00,635.6193533465167,0.0,260.0,0.0
2025-02-17 11:30:00,746.41423194162,0.0,318.0,0.0
2025-02-17 12:00:00,793.1591002337116,0.0,329.0,0.0
2025-02-17 12:30:00,768.2916587852355,0.0,290.0,0.0
2025-02-17 13:00:00,607.4344469583989,0.0,249.0,0.0
2025-02-17 13:30:00,617.339369548182,0.0,274.0,0.0
2025-02-17 14:00:00,774.0961019943486,0.0,322.0,0.0
2025-02-17 14:30:00,798.2863105899095,0.0,317.0,0.0
2025-02-17 15:00:00,714.2975547467745,0.0,293.0,0.0
2025-02-17 15:30:00,672.2963031328917,0.0,258.0,0.0
2025-02-17 16:00:00,666.5530944824901,0.0,295.0,0.0
2025-02-17 16:30:00,637.2198405009846,0.0,271.0,0.0
2025-02-17 17:00:00,652.4331339796365,0.0,286.0,0.0
2025-02-17 17:30:00,608.9028935032343,0.0,274.0,0.0
2025-02-17 18:00:00,591.1615048935769,0.0,251.0,0.0
2025-02-17 18:30:00,538.7323653195773,0.0,214.0,0.0
2025-02-17 19:00:00,575.3993526700425,0.0,232.0,0.0
2025-02-17 19:30:00,735.8742154136249,0.0,282.0,0.0
2025-02-17 20:00:00,776.713408862382,0.0,304.0,0.0
2025-02-17 20:30:00,564.2116960427335,0.0,238.0,0.0
2025-02-17 21:00:00,631.1282610660722,0.0,265.0,0.0
2025-02-17 21:30:00,722.9857561867741,0.0,273.0,0.0
2025-02-17 22:00:00,625.9886289742092,0.0,254.00000000000003,0.0
2025-02-17 22:30:00,615.1207510077892,0.0,200.0,0.0
2025-02-17 23:00:00,627.1345165309722,0.0,240.0,0.0
2025-02-17 23:30:00,664.7455075725304,0.0,243.0,0.0
2025-02-18 00:00:00,675.9013265528182,0.0,256.0,0.0
2025-02-18 00:30:00,673.4991853846118,0.0,236.0,0.0
2025-02-18 01:00:00,743.9371197250258,0.0,335.0,0.0
2025-02-18 01:30:00,875.9537320843216,0.0,347.0,0.0
2025-02-18 02:00:00,797.331364613876,0.0,305.0,0.0
2025-02-18 02:30:00,679.9030610719046,0.0,283.0,0.0
2025-02-18 03:00:00,688.6870002115477,0.0,262.0,0.0
2025-02-18 03:30:00,775.4571266140555,0.0,340.0,0.0
2025-02-18 04:00:00,873.6822218721383,0.0,356.0,0.0
2025-02-18 04:30:00,789.8296495352414,0.0,311.0,0.0
2025-02-18 05:00:00,696.2432634733343,0.0,257.0,0.0
2025-02-18 05:30:00,701.3262360555332,0.0,228.0,0.0
2025-02-18 06:00:00,781.9661917513216,0.0,356.0,0.0
2025-02-18 06:30:00,805.3517948791736,0.0,355.0,0.0
2025-02-18 07:00:00,730.7678150783627,0.0,304.0,0.0
2025-02-18 07:30:00,667.3322948995145,0.0,260.0,0.0
2025-02-18 08:00:00,691.8048990315915,0.0,289.0,0.0
2025-02-18 08:30:00,734.737480910113,0.0,323.0,0.0
2025-02-18 09:00:00,829.6460376917416,0.0,383.0,0.0
2025-02-18 09:30:00,851.4415590264915,0.0,353.0,0.0
2025-02-18 10:00:00,707.8286298825747,0.0,336.0,0.0
2025-02-18 10:30:00,764.8960274029249,0.0,316.0,0.0
2025-02-18 11:00:00,886.8686108178267,0.0,347.0,0.0
2025-02-18 11:30:00,921.5819143823627,0.0,383.0,0.0
2025-02-18 12:00:00,846.9948997823161,0.0,332.0,0.0
2025-02-18 12:30:00,700.3063342966494,0.0,276.0,0.0
2025-02-18 13:00:00,635.7330444280158,0.0,306.0,0.0
2025-02-18 13:30:00,789.46932192467,0.0,334.0,0.0
2025-02-18 14:00:00,846.092937960831,0.0,365.0,0.0
2025-02-18 14:30:00,677.184332960852,0.0,292.0,0.0
2025-02-18 15:00:00,765.7131879553466,0.0,303.0,0.0
2025-02-18 15:30:00,724.7548350194214,0.0,318.0,0.0
2025-02-18 16:00:00,786.6559406116997,0.0,338.0,0.0
2025-02-18 16:30:00,895.9394823835706,0.0,399.0,0.0
2025-02-18 17:00:00,744.5086908542489,0.0,309.0,0.0
2025-02-18 17:30:00,715.9394057984732,0.0,285.0,0.0
2025-02-18 18:00:00,693.8762851253413,0.0,291.0,0.0
2025-02-18 18:30:00,674.4332958641124,0.0,294.0,0.0
2025-02-18 19:00:00,774.3362319542599,0.0,321.0,0.0
2025-02-18 19:30:00,679.1786176252077,0.0,286.0,0.0
2025-02-18 20:00:00,608.923561076539,0.0,272.0,0.0
2025-02-18 20:30:00,597.4376185825297,0.0,285.0,0.0
2025-02-18 21:00:00,676.0415048884757,0.0,289.0,0.0
2025-02-18 21:30:00,705.9886835581618,0.0,287.0,0.0
2025-02-18 22:00:00,787.8539254545599,0.0,357.0,0.0
2025-02-18 22:30:00,883.4744872222175,0.0,356.0,0.0
2025-02-18 23:00:00,745.9995953432467,0.0,321.0,0.0
2025-02-18 23:30:00,618.2943225900425,0.0,311.0,0.0
2025-02-19 00:00:00,614.9531490549986,0.0,265.0,0.0
2025-02-19 00:30:00,667.4802768393665,0.0,288.0,0.0
2025-02-19 01:00:00,743.5827052730565,0.0,337.0,0.0
2025-02-19 01:30:00,631.7094865240305,0.0,246.0,0.0
2025-02-19 02:00:00,616.0506253991064,0.0,247.0,0.0
2025-02-19 02:30:00,615.4490538070195,0.0,282.0,0.0
2025-02-19 03:00:00,626.6748985546451,0.0,263.0,0.0
2025-02-19 03:30:00,726.0185181057848,0.0,311.0,0.0
2025-02-19 04:00:00,700.4214046461536,0.0,272.0,0.0
2025-02-19 04:30:00,626.6323594899953,0.0,260.0,0.0
2025-02-19 05:00:00,650.4478832822041,0.0,281.0,0.0
2025-02-19 05:30:00,667.740680193408,0.0,263.0,0.0
2025-02-19 06:00:00,654.8644849688317,0.0,257.0,0.0
2025-02-19 06:30:00,783.0532199948451,0.0,336.0,0.0
2025-02-19 07:00:00,794.8952352137106,0.0,327.0,0.0
2025-02-19 07:30:00,694.8052533223046,0.0,282.0,0.0
2025-02-19 08:00:00,635.668667311567,0.0,240.0,0.0
2025-02-19 08:30:00,859.687706231147,0.0,304.0,0.0
2025-02-19 09:00:00,838.6113029642845,0.0,351.0,0.0
2025-02-19 09:30:00,724.0628797185396,0.0,303.0,0.0
2025-02-19 10:00:00,739.7111556088938,0.0,300.0,0.0
2025-02-19 10:30:00,679.4497156331474,0.0,267.0,0.0
2025-02-19 11:00:00,753.1059423217818,0.0,344.0,0.0
2025-02-19 11:30:00,894.5454240807743,0.0,330.0,0.0
2025-02-19 12:00:00,766.373508848993,0.0,319.0,0.0
2025-02-19 12:30:00,671.5063995650811,0.0,299.0,0.0
2025-02-19 13:00:00,680.1599700707593,0.0,262.0,0.0
2025-02-19 13:30:00,813.6829012994683,0.0,337.0,0.0
2025-02-19 14:00:00,789.6995550393954,0.0,354.0,0.0
2025-02-19 14:30:00,786.1563005333038,0.0,275.0,0.0
2025-02-19 15:00:00,758.1778634190392,0.0,309.0,0.0
2025-02-19 15:30:00,686.6497634282797,0.0,262.0,0.0
2025-02-19 16:00:00,731.9084175105784,0.0,260.0,0.0
2025-02-19 16:30:00,672.3125810907185,0.0,262.0,0.0
2025-02-19 17:00:00,671.0564086765045,0.0,261.0,0.0
2025-02-19 17:30:00,623.7053212582908,0.0,258.0,0.0
2025-02-19 18:00:00,671.9974168433761,0.0,261.0,0.0
2025-02-19 18:30:00,669.5849170314941,0.0,237.00000000000003,0.0
2025-02-19 19:00:00,635.4660944414983,0.0,258.0,0.0
2025-02-19 19:30:00,686.7579878492332,0.0,282.0,0.0
2025-02-19 20:00:00,793.1192362541433,0.0,333.0,0.0
2025-02-19 20:30:00,679.6198614055111,0.0,286.0,0.0
2025-02-19 21:00:00,547.8625287451512,0.0,219.0,0.0
2025-02-19 21:30:00,586.4171390805895,0.0,243.0,0.0
2025-02-19 22:00:00,751.656355995497,0.0,307.0,0.0
2025-02-19 22:30:00,608.9339089731909,0.0,276.0,0.0
2025-02-19 23:00:00,619.2958326513626,0.0,226.0,0.0
2025-02-19 23:30:00,639.3427798585623,0.0,257.0,0.0
2025-02-20 00:00:00,569.3202265452578,0.0,243.0,0.0
2025-02-20 00:30:00,696.2977759686214,0.0,274.0,0.0
2025-02-20 01:00:00,679.788887144292,0.0,289.0,0.0
2025-02-20 01:30:00,812.3190143361566,0.0,299.0,0.0
2025-02-20 02:00:00,629.9495509682406,0.0,265.0,0.0
2025-02-20 02:30:00,581.1543235631743,0.0,257.0,0.0
2025-02-20 03:00:00,584.5124559337194,0.0,261.0,0.0
2025-02-20 03:30:00,550.9935392699455,0.0,251.0,0.0
2025-02-20 04:00:00,565.5065242591318,0.0,260.0,0.0
2025-02-20 04:30:00,610.8827365358035,0.0,266.0,0.0
2025-02-20 05:00:00,558.4695123669177,0.0,256.0,0.0
2025-02-20 05:30:00,532.8070503587281,0.0,268.0,0.0
2025-02-20 06:00:00,613.1351102859946,0.0,267.0,0.0
2025-02-20 06:30:00,609.6043174200009,0.0,268.0,0.0
2025-02-20 07:00:00,731.4178870134342,0.0,317.0,0.0
2025-02-20 07:30:00,559.3632853639217,0.0,241.0,0.0
2025-02-20 08:00:00,556.6476123040488,0.0,255.0,0.0
2025-02-20 08:30:00,754.6330343845423,0.0,320.0,0.0
2025-02-20 09:00:00,727.044919309897,0.0,315.0,0.0
2025-02-20 09:30:00,792.6062750021673,0.0,308.0,0.0
2025-02-20 10:00:00,693.4080448241757,0.0,315.0,0.0
2025-02-20 10:30:00,647.1249331798449,0.0,259.0,0.0
2025-02-20 11:00:00,718.6540084944207,0.0,271.0,0.0
2025-02-20 11:30:00,669.8341293741709,0.0,278.0,0.0
2025-02-20 12:00:00,730.7367963809536,0.0,268.0,0.0
2025-02-20 12:30:00,677.6427880782678,0.0,287.0,0.0
2025-02-20 13:00:00,831.9153490664896,0.0,365.0,0.0
2025-02-20 13:30:00,894.0123219791255,0.0,377.0,0.0
2025-02-20 14:00:00,791.4495858807402,0.0,288.0,0.0
2025-02-20 14:30:00,785.9961030826697,0.0,335.0,0.0
2025-02-20 15:00:00,754.6383187645366,0.0,301.0,0.0
2025-02-20 15:30:00,868.6220824663575,0.0,391.0,0.0
2025-02-20 16:00:00,889.1080049963914,0.0,396.0,0.0
2025-02-20 16:30:00,803.0156796450868,0.0,332.0,0.0
2025-02-20 17:00:00,760.9634028938872,0.0,310.0,0.0
2025-02-20 17:30:00,768.5795017132277,0.0,351.0,0.0
2025-02-20 18:00:00,853.2320166610587,0.0,362.0,0.0
2025-02-20 18:30:00,896.3310477154118,0.0,352.0,0.0
2025-02-20 19:00:00,715.4628003739266,0.0,304.0,0.0
2025-02-20 19:30:00,673.5109527563529,0.0,314.0,0.0
2025-02-20 20:00:00,772.0200971477041,0.0,322.0,0.0
2025-02-20 20:30:00,951.3953260482718,0.0,349.0,0.0
2025-02-20 21:00:00,672.6801587008356,0.0,294.0,0.0
2025-02-20 21:30:00,690.5977416940906,0.0,287.0,0.0
2025-02-20 22:00:00,615.6321805179044,0.0,288.0,0.0
2025-02-20 22:30:00,739.9521975911676,0.0,307.0,0.0
2025-02-20 23:00:00,825.246918156034,0.0,347.0,0.0
2025-02-20 23:30:00,958.8696869450699,0.0,392.0,0.0
2025-02-21 00:00:00,696.5151534720242,0.0,258.0,0.0
2025-02-21 00:30:00,608.1332148828021,0.0,246.0,0.0
2025-02-21 01:00:00,705.2824186455871,0.0,261.0,0.0
2025-02-21 01:30:00,694.0205359162176,0.0,288.0,0.0
2025-02-21 02:00:00,960.4926451016925,0.0,362.0,0.0
2025-02-21 02:30:00,760.6003794597086,0.0,311.0,0.0
2025-02-21 03:00:00,774.4657550628053,0.0,296.0,0.0
2025-02-21 03:30:00,758.9849075829035,0.0,286.0,0.0
2025-02-21 04:00:00,712.9440271303673,0.0,286.0,0.0
2025-02-21 04:30:00,956.358025122491,0.0,396.0,0.0
2025-02-21 05:00:00,721.7888679288533,0.0,312.0,0.0
2025-02-21 05:30:00,723.2359439761448,0.0,289.0,0.0
2025-02-21 06:00:00,708.7718213987214,0.0,285.0,0.0
2025-02-21 06:30:00,683.5347307725045,0.0,283.0,0.0
2025-02-21 07:00:00,959.2465796710409,0.0,362.0,0.0
2025-02-21 07:30:00,868.0213150452096,0.0,332.0,0.0
2025-02-21 08:00:00,712.498541157007,0.0,276.0,0.0
2025-02-21 08:30:00,712.6749213332777,0.0,256.0,0.0
2025-02-21 09:00:00,874.4591383655791,0.0,297.0,0.0
2025-02-21 09:30:00,1014.6946444799447,0.0,350.0,0.0
2025-02-21 10:00:00,789.831464055435,0.0,285.0,0.0
2025-02-21 10:30:00,806.2070062219757,0.0,273.0,0.0
2025-02-21 11:00:00,683.8588959831613,0.0,258.0,0.0
2025-02-21 11:30:00,843.362781240608,0.0,323.0,0.0
2025-02-21 12:00:00,789.7750353550697,0.0,288.0,0.0
2025-02-21 12:30:00,727.4985900584225,0.0,269.0,0.0
2025-02-21 13:00:00,877.7029355293711,0.0,310.0,0.0
2025-02-21 13:30:00,940.7977823951541,0.0,350.0,0.0
2025-02-21 14:00:00,791.6790793201582,0.0,267.0,0.0
2025-02-21 14:30:00,832.3502802470173,0.0,281.0,0.0
2025-02-21 15:00:00,655.9810605812327,0.0,262.0,0.0
2025-02-21 15:30:00,803.1125861630335,0.0,264.0,0.0
2025-02-21 16:00:00,695.8946831922694,0.0,294.0,0.0
2025-02-21 16:30:00,952.7211903939165,0.0,345.0,0.0
2025-02-21 17:00:00,856.7829323960035,0.0,286.0,0.0
2025-02-21 17:30:00,716.4507632008111,0.0,253.0,0.0
2025-02-21 18:00:00,700.5781698626513,0.0,275.0,0.0
2025-02-21 18:30:00,813.9146194930973,0.0,321.0,0.0
2025-02-21 19:00:00,1077.6289194989317,0.0,377.0,0.0
2025-02-21 19:30:00,676.1357305574809,0.0,279.0,0.0
2025-02-21 20:00:00,761.7001291896808,0.0,266.0,0.0
2025-02-21 20:30:00,709.0411203790466,0.0,274.0,0.0
2025-02-21 21:00:00,850.103731064002,0.0,349.0,0.0
2025-02-21 21:30:00,902.8851491379248,0.0,355.0,0.0
2025-02-21 22:00:00,710.9049484257436,0.0,290.0,0.0
2025-02-21 22:30:00,771.0070211717226,0.0,284.0,0.0
2025-02-21 23:00:00,783.6857712090352,0.0,289.0,0.0
2025-02-21 23:30:00,843.6607136716204,0.0,361.0,0.0
2025-02-22 00:00:00,179.648623308235,0.0,65.0,0.0
2025-02-22 00:30:00,178.0054231325012,0.0,66.0,0.0
2025-02-22 01:00:00,171.75208276363006,0.0,65.0,0.0
2025-02-22 01:30:00,163.77863791015756,0.0,61.99999999999999,0.0
2025-02-22 02:00:00,157.93035278651416,0.0,65.0,0.0
2025-02-22 02:30:00,168.60448964537107,0.0,65.0,0.0
2025-02-22 03:00:00,148.01963557622676,0.0,66.0,0.0
2025-02-22 03:30:00,149.4776301267189,0.0,62.99999999999999,0.0
2025-02-22 04:00:00,155.08513772983832,0.0,63.0,0.0
2025-02-22 04:30:00,162.85584141606697,0.0,66.0,0.0
2025-02-22 05:00:00,145.24562061475788,0.0,66.0,0.0
2025-02-22 05:30:00,145.77968535182958,0.0,66.0,0.0
2025-02-22 06:00:00,141.00383121428246,0.0,67.0,0.0
2025-02-22 06:30:00,157.25665751823817,0.0,65.0,0.0
2025-02-22 07:00:00,146.33312991664928,0.0,61.0,0.0
2025-02-22 07:30:00,151.03896415286204,0.0,53.0,0.0
2025-02-22 08:00:00,242.77119373122758,0.0,70.0,0.0
2025-02-22 08:30:00,241.9807159902144,0.0,78.0,0.0
2025-02-22 09:00:00,250.86789708201772,0.0,75.0,0.0
2025-02-22 09:30:00,286.64463344221247,0.0,96.0,0.0
2025-02-22 10:00:00,294.57762899012425,0.0,104.0,0.0
2025-02-22 10:30:00,291.7705749597091,0.0,105.0,0.0
2025-02-22 11:00:00,270.31292825355547,0.0,103.00000000000001,0.0
2025-02-22 11:30:00,279.6220102770536,0.0,106.0,0.0
2025-02-22 12:00:00,281.98616152945465,0.0,105.0,0.0
2025-02-22 12:30:00,265.11389931330325,0.0,105.0,0.0
2025-02-22 13:00:00,251.14101222035973,0.0,104.0,0.0
2025-02-22 13:30:00,274.71972021357936,0.0,101.0,0.0
2025-02-22 14:00:00,251.57467872159802,0.0,98.0,0.0
2025-02-22 14:30:00,290.13955209797166,0.0,100.0,0.0
2025-02-22 15:00:00,290.13256398980616,0.0,110.0,0.0
2025-02-22 15:30:00,297.24682222220457,0.0,127.00000000000001,0.0
2025-02-22 16:00:00,317.47641728412003,0.0,131.0,0.0
2025-02-22 16:30:00,352.2792258427119,0.0,138.0,0.0
2025-02-22 17:00:00,477.6739032773406,0.0,180.0,0.0
2025-02-22 17:30:00,529.0075283329975,0.0,216.0,0.0
2025-02-22 18:00:00,497.7950188177414,0.0,213.0,0.0
2025-02-22 18:30:00,521.7983591629862,0.0,201.0,0.0
2025-02-22 19:00:00,478.1795590292705,0.0,200.0,0.0
2025-02-22 19:30:00,498.16384658223916,0.0,194.0,0.0
2025-02-22 20:00:00,466.37973607803343,0.0,209.0,0.0
2025-02-22 20:30:00,457.29298318105293,0.0,217.0,0.0
2025-02-22 21:00:00,486.9990056533677,0.0,217.0,0.0
2025-02-22 21:30:00,632.2597780649736,0.0,231.0,0.0
2025-02-22 22:00:00,802.568055148646,0.0,311.0,0.0
2025-02-22 22:30:00,618.1207400191183,0.0,235.0,0.0
2025-02-22 23:00:00,501.6078934604961,0.0,222.0,0.0
2025-02-22 23:30:00,727.4423989716227,0.0,290.0,0.0
2025-02-23 00:00:00,718.8996993230955,0.0,273.0,0.0
2025-02-23 00:30:00,661.8419711817625,0.0,236.0,0.0
2025-02-23 01:00:00,664.9388490620022,0.0,237.99999999999997,0.0
2025-02-23 01:30:00,581.69238912917,0.0,264.0,0.0
2025-02-23 02:00:00,622.2425782038155,0.0,248.99999999999997,0.0
2025-02-23 02:30:00,637.8208868202569,0.0,250.0,0.0
2025-02-23 03:00:00,625.4507572136455,0.0,286.0,0.0
2025-02-23 03:30:00,778.6921191262124,0.0,321.0,0.0
2025-02-23 04:00:00,736.9541711785124,0.0,270.0,0.0
2025-02-23 04:30:00,779.1047606693116,0.0,314.0,0.0
2025-02-23 05:00:00,629.7299836175783,0.0,298.0,0.0
2025-02-23 05:30:00,692.5354265254048,0.0,301.0,0.0
2025-02-23 06:00:00,733.7915074514876,0.0,302.0,0.0
2025-02-23 06:30:00,863.5588504021727,0.0,335.0,0.0
2025-02-23 07:00:00,793.9821922713859,0.0,343.0,0.0
2025-02-23 07:30:00,728.4977972917553,0.0,289.0,0.0
2025-02-23 08:00:00,694.6182213743251,0.0,262.0,0.0
2025-02-23 08:30:00,861.6494615994733,0.0,364.0,0.0
2025-02-23 09:00:00,880.392123700307,0.0,364.0,0.0
2025-02-23 09:30:00,765.0032093472295,0.0,315.0,0.0
2025-02-23 10:00:00,701.2231559350806,0.0,294.0,0.0
2025-02-23 10:30:00,692.4289200382145,0.0,310.0,0.0
2025-02-23 11:00:00,909.1803596488547,0.0,337.0,0.0
2025-02-23 11:30:00,829.9766314693973,0.0,328.0,0.0
2025-02-23 12:00:00,748.482553218419,0.0,274.0,0.0
2025-02-23 12:30:00,683.3199384275795,0.0,246.00000000000003,0.0
2025-02-23 13:00:00,609.0924758608717,0.0,271.0,0.0
2025-02-23 13:30:00,718.3427202861203,0.0,331.0,0.0
2025-02-23 14:00:00,900.1568907323642,0.0,359.0,0.0
2025-02-23 14:30:00,780.7220868072314,0.0,330.0,0.0
2025-02-23 15:00:00,693.8540868458025,0.0,254.0,0.0
2025-02-23 15:30:00,687.73312695393,0.0,280.0,0.0
2025-02-23 16:00:00,710.8537663938537,0.0,264.0,0.0
2025-02-23 16:30:00,730.5490956203901,0.0,264.0,0.0
2025-02-23 17:00:00,692.3586015355617,0.0,260.0,0.0
2025-02-23 17:30:00,672.118790991324,0.0,264.0,0.0
2025-02-23 18:00:00,571.6593240657198,0.0,238.00000000000003,0.0
2025-02-23 18:30:00,717.5771109876828,0.0,267.0,0.0
2025-02-23 19:00:00,831.8917637157297,0.0,315.0,0.0
2025-02-23 19:30:00,691.5927068014634,0.0,265.0,0.0
2025-02-23 20:00:00,574.5667450576065,0.0,238.0,0.0
2025-02-23 20:30:00,665.6961794761019,0.0,243.00000000000003,0.0
2025-02-23 21:00:00,829.2060558914675,0.0,308.0,0.0
2025-02-23 21:30:00,761.0262135473077,0.0,261.0,0.0
2025-02-23 22:00:00,597.6215648678764,0.0,242.0,0.0
2025-02-23 22:30:00,616.9346169622229,0.0,260.0,0.0
2025-02-23 23:00:00,656.6511604186903,0.0,241.0,0.0
2025-02-23 23:30:00,641.8371222860211,0.0,259.0,0.0
2025-02-24 00:00:00,809.5389786632174,0.0,353.0,0.0
2025-02-24 00:30:00,761.2923155651213,0.0,286.0,0.0
2025-02-24 01:00:00,618.5713013213029,0.0,274.0,0.0
2025-02-24 01:30:00,794.3988239872749,0.0,345.0,0.0
2025-02-24 02:00:00,799.8162611702558,0.0,363.0,0.0
2025-02-24 02:30:00,701.8861299859941,0.0,300.0,0.0
2025-02-24 03:00:00,684.436701980768,0.0,289.0,0.0
2025-02-24 03:30:00,715.1972090436565,0.0,268.0,0.0
2025-02-24 04:00:00,698.2491564001781,0.0,284.0,0.0
2025-02-24 04:30:00,634.4642825218637,0.0,275.0,0.0
2025-02-24 05:00:00,697.6539453919623,0.0,307.0,0.0
2025-02-24 05:30:00,623.862547264296,0.0,284.0,0.0
2025-02-24 06:00:00,644.8437204702659,0.0,298.0,0.0
2025-02-24 06:30:00,617.5400982112565,0.0,268.0,0.0
2025-02-24 07:00:00,728.6332338730795,0.0,338.0,0.0
2025-02-24 07:30:00,886.9017294029095,0.0,342.0,0.0
2025-02-24 08:00:00,648.860285423923,0.0,259.0,0.0
2025-02-24 08:30:00,627.9461316960399,0.0,263.0,0.0
2025-02-24 09:00:00,736.992268955817,0.0,332.0,0.0
2025-02-24 09:30:00,994.0675780216397,0.0,430.0,0.0
2025-02-24 10:00:00,848.1875005330221,0.0,291.0,0.0
2025-02-24 10:30:00,779.7684998984695,0.0,268.0,0.0
2025-02-24 11:00:00,833.6618478340636,0.0,281.0,0.0
2025-02-24 11:30:00,871.7782705826559,0.0,300.0,0.0
2025-02-24 12:00:00,851.7208052662379,0.0,389.0,0.0
2025-02-24 12:30:00,992.4822258463345,0.0,424.0,0.0
2025-02-24 13:00:00,831.0707560201924,0.0,352.0,0.0
2025-02-24 13:30:00,762.1679249647812,0.0,310.0,0.0
2025-02-24 14:00:00,770.9227160918243,0.0,296.0,0.0
2025-02-24 14:30:00,734.0352486271419,0.0,278.0,0.0
2025-02-24 15:00:00,875.4028079920932,0.0,382.0,0.0
2025-02-24 15:30:00,999.7352815415052,0.0,415.0,0.0
2025-02-24 16:00:00,859.3351323588219,0.0,373.0,0.0
2025-02-24 16:30:00,819.0955894941089,0.0,321.0,0.0
2025-02-24 17:00:00,694.5937712380024,0.0,308.0,0.0
2025-02-24 17:30:00,996.7781639932123,0.0,357.0,0.0
2025-02-24 18:00:00,873.8231150418916,0.0,359.0,0.0
2025-02-24 18:30:00,757.7186659823687,0.0,292.0,0.0
2025-02-24 19:00:00,630.3470020834947,0.0,270.0,0.0
2025-02-24 19:30:00,753.2013840070291,0.0,270.0,0.0
2025-02-24 20:00:00,876.459278253321,0.0,347.0,0.0
2025-02-24 20:30:00,911.3315225960514,0.0,369.0,0.0
2025-02-24 21:00:00,717.2154419994257,0.0,311.0,0.0
2025-02-24 21:30:00,685.1416071548646,0.0,267.0,0.0
2025-02-24 22:00:00,697.5631228496625,0.0,300.0,0.0
2025-02-24 22:30:00,927.1737473820492,0.0,342.0,0.0
2025-02-24 23:00:00,949.9397395090973,0.0,367.0,0.0
2025-02-24 23:30:00,751.5694200394413,0.0,285.0,0.0
2025-02-25 00:00:00,700.7352537342114,0.0,265.0,0.0
2025-02-25 00:30:00,624.7200498881433,0.0,267.0,0.0
2025-02-25 01:00:00,712.727754141986,0.0,270.0,0.0
2025-02-25 01:30:00,665.2632506781827,0.0,277.0,0.0
2025-02-25 02:00:00,759.7792602433759,0.0,311.0,0.0
2025-02-25 02:30:00,698.8002729579538,0.0,311.0,0.0
2025-02-25 03:00:00,719.5927718374047,0.0,330.0,0.0
2025-02-25 03:30:00,662.8026144834547,0.0,290.0,0.0
2025-02-25 04:00:00,598.6447670612602,0.0,263.0,0.0
2025-02-25 04:30:00,598.1549869353701,0.0,273.0,0.0
2025-02-25 05:00:00,685.783123726833,0.0,279.0,0.0
2025-02-25 05:30:00,646.5830737431976,0.0,279.0,0.0
2025-02-25 06:00:00,743.9556677883788,0.0,272.0,0.0
2025-02-25 06:30:00,690.3143883038164,0.0,298.0,0.0
2025-02-25 07:00:00,740.4631559997142,0.0,294.0,0.0
2025-02-25 07:30:00,656.7472347820027,0.0,275.0,0.0
2025-02-25 08:00:00,668.1010040918933,0.0,275.0,0.0
2025-02-25 08:30:00,703.942610593252,0.0,267.0,0.0
2025-02-25 09:00:00,588.5651332166863,0.0,271.0,0.0
2025-02-25 09:30:00,603.0574182802832,0.0,238.0,0.0
2025-02-25 10:00:00,753.4600167022313,0.0,281.0,0.0
2025-02-25 10:30:00,756.4519378531354,0.0,333.0,0.0
2025-02-25 11:00:00,804.3143719151788,0.0,324.0,0.0
2025-02-25 11:30:00,831.5356529631096,0.0,319.0,0.0
2025-02-25 12:00:00,722.0320925990173,0.0,297.0,0.0
2025-02-25 12:30:00,729.1849449206428,0.0,300.0,0.0
2025-02-25 13:00:00,640.7321290054587,0.0,298.0,0.0
2025-02-25 13:30:00,683.2167928119736,0.0,274.0,0.0
2025-02-25 14:00:00,723.8806698858681,0.0,296.0,0.0
2025-02-25 14:30:00,677.8471865054427,0.0,287.0,0.0
2025-02-25 15:00:00,725.5638114055108,0.0,287.0,0.0
2025-02-25 15:30:00,744.6158583164829,0.0,309.0,0.0
2025-02-25 16:00:00,747.7084365651638,0.0,299.0,0.0
2025-02-25 16:30:00,822.1910171287375,0.0,298.0,0.0
2025-02-25 17:00:00,669.0189905540402,0.0,287.0,0.0
2025-02-25 17:30:00,695.6137702047378,0.0,267.0,0.0
2025-02-25 18:00:00,704.0975787259684,0.0,303.0,0.0
2025-02-25 18:30:00,692.2752895808816,0.0,302.0,0.0
2025-02-25 19:00:00,744.2840232885603,0.0,293.0,0.0
2025-02-25 19:30:00,747.9083585621418,0.0,284.0,0.0
2025-02-25 20:00:00,603.932999974488,0.0,239.0,0.0
2025-02-25 20:30:00,667.0814424574575,0.0,278.0,0.0
2025-02-25 21:00:00,740.8611887300691,0.0,301.0,0.0
2025-02-25 21:30:00,696.5426534161237,0.0,278.0,0.0
2025-02-25 22:00:00,695.302056162184,0.0,288.0,0.0
2025-02-25 22:30:00,641.073956066044,0.0,268.0,0.0
2025-02-25 23:00:00,663.9748189067009,0.0,275.0,0.0
2025-02-25 23:30:00,727.1217147183371,0.0,286.0,0.0
2025-02-26 00:00:00,778.0186094383157,0.0,314.0,0.0
2025-02-26 00:30:00,805.0655230793792,0.0,379.0,0.0
2025-02-26 01:00:00,887.1925467336422,0.0,353.0,0.0
2025-02-26 01:30:00,756.3130561964097,0.0,314.0,0.0
2025-02-26 02:00:00,673.0714167217653,0.0,280.0,0.0
2025-02-26 02:30:00,650.3638552730904,0.0,297.0,0.0
2025-02-26 03:00:00,672.4999963227611,0.0,264.0,0.0
2025-02-26 03:30:00,587.3687977755634,0.0,292.0,0.0
2025-02-26 04:00:00,706.175075184364,0.0,273.0,0.0
2025-02-26 04:30:00,650.5524798831243,0.0,294.0,0.0
2025-02-26 05:00:00,672.7935129683162,0.0,263.0,0.0
2025-02-26 05:30:00,716.7039634143284,0.0,279.0,0.0
2025-02-26 06:00:00,744.10926587738,0.0,287.0,0.0
2025-02-26 06:30:00,676.8989259781756,0.0,277.0,0.0
2025-02-26 07:00:00,589.7940669569999,0.0,244.0,0.0
2025-02-26 07:30:00,649.130130224159,0.0,286.0,0.0
2025-02-26 08:00:00,812.6241217664282,0.0,332.0,0.0
2025-02-26 08:30:00,745.4675799812665,0.0,302.0,0.0
2025-02-26 09:00:00,660.0235511217456,0.0,258.0,0.0
2025-02-26 09:30:00,688.7598422642367,0.0,285.0,0.0
2025-02-26 10:00:00,612.8913617380339,0.0,284.0,0.0
2025-02-26 10:30:00,669.7613774979732,0.0,270.0,0.0
2025-02-26 11:00:00,710.4551781852616,0.0,329.0,0.0
2025-02-26 11:30:00,874.6882210349645,0.0,366.0,0.0
2025-02-26 12:00:00,759.8554651165452,0.0,311.0,0.0
2025-02-26 12:30:00,785.7820081650447,0.0,300.0,0.0
2025-02-26 13:00:00,637.8704250618047,0.0,276.0,0.0
2025-02-26 13:30:00,754.10910674956,0.0,326.0,0.0
2025-02-26 14:00:00,940.5961142948302,0.0,379.0,0.0
2025-02-26 14:30:00,801.0345284030154,0.0,297.0,0.0
2025-02-26 15:00:00,693.9711767457026,0.0,292.0,0.0
2025-02-26 15:30:00,689.6372893075346,0.0,280.0,0.0
2025-02-26 16:00:00,704.070377345811,0.0,284.0,0.0
2025-02-26 16:30:00,686.5442061112922,0.0,274.0,0.0
2025-02-26 17:00:00,810.6554216886371,0.0,373.0,0.0
2025-02-26 17:30:00,779.5031062342663,0.0,339.0,0.0
2025-02-26 18:00:00,685.4725490209424,0.0,308.0,0.0
2025-02-26 18:30:00,652.3779998405258,0.0,271.0,0.0
2025-02-26 19:00:00,746.4257545798969,0.0,307.0,0.0
2025-02-26 19:30:00,800.7895137879227,0.0,326.0,0.0
2025-02-26 20:00:00,715.1745203562517,0.0,335.0,0.0
2025-02-26 20:30:00,724.1043492683755,0.0,290.0,0.0
2025-02-26 21:00:00,656.7559324752679,0.0,264.0,0.0
2025-02-26 21:30:00,715.0648398752937,0.0,312.0,0.0
2025-02-26 22:00:00,729.6177834669917,0.0,298.0,0.0
2025-02-26 22:30:00,596.6034117602857,0.0,262.0,0.0
2025-02-26 23:00:00,551.2118357880519,0.0,244.0,0.0
2025-02-26 23:30:00,588.7312067726965,0.0,252.0,0.0
2025-02-27 00:00:00,585.2850193259144,0.0,266.0,0.0
2025-02-27 00:30:00,699.4883777609242,0.0,245.99999999999997,0.0
2025-02-27 01:00:00,680.737181587465,0.0,277.0,0.0
2025-02-27 01:30:00,677.2159601706311,0.0,266.0,0.0
2025-02-27 02:00:00,646.8211316988608,0.0,271.0,0.0
2025-02-27 02:30:00,751.0372239954114,0.0,314.0,0.0
2025-02-27 03:00:00,1006.1777367201983,0.0,406.0,0.0
2025-02-27 03:30:00,859.4608571415502,0.0,349.0,0.0
2025-02-27 04:00:00,730.5502602781099,0.0,296.0,0.0
2025-02-27 04:30:00,757.7665484231939,0.0,303.0,0.0
2025-02-27 05:00:00,771.1762440780188,0.0,302.0,0.0
2025-02-27 05:30:00,748.8282292643524,0.0,293.0,0.0
2025-02-27 06:00:00,809.1663076849458,0.0,295.0,0.0
2025-02-27 06:30:00,694.8193086760526,0.0,282.0,0.0
2025-02-27 07:00:00,721.0141045867646,0.0,283.0,0.0
2025-02-27 07:30:00,797.7590407246145,0.0,290.0,0.0
2025-02-27 08:00:00,847.3919114021207,0.0,286.0,0.0
2025-02-27 08:30:00,685.5369213391853,0.0,269.0,0.0
2025-02-27 09:00:00,775.6931955987587,0.0,278.0,0.0
2025-02-27 09:30:00,719.7686809307266,0.0,253.0,0.0
2025-02-27 10:00:00,753.6719071160657,0.0,276.0,0.0
2025-02-27 10:30:00,646.2484170073527,0.0,241.0,0.0
2025-02-27 11:00:00,659.7402154739542,0.0,249.0,0.0
2025-02-27 11:30:00,701.2791169059481,0.0,260.0,0.0
2025-02-27 12:00:00,660.38153050359,0.0,239.0,0.0
2025-02-27 12:30:00,725.7252509068203,0.0,263.0,0.0
2025-02-27 13:00:00,695.5161350566011,0.0,250.0,0.0
2025-02-27 13:30:00,676.6487763960768,0.0,248.0,0.0
2025-02-27 14:00:00,688.8267500092068,0.0,258.0,0.0
2025-02-27 14:30:00,685.77312108764,0.0,246.0,0.0
2025-02-27 15:00:00,861.5755987804198,0.0,261.0,0.0
2025-02-27 15:30:00,765.3665611483049,0.0,333.0,0.0
2025-02-27 16:00:00,970.4715980300715,0.0,372.0,0.0
2025-02-27 16:30:00,802.3000733045916,0.0,314.0,0.0
2025-02-27 17:00:00,854.9910770959249,0.0,300.0,0.0
2025-02-27 17:30:00,750.7435773761284,0.0,289.0,0.0
2025-02-27 18:00:00,788.9504814136136,0.0,290.0,0.0
2025-02-27 18:30:00,850.1965890468275,0.0,322.0,0.0
2025-02-27 19:00:00,701.6866338424443,0.0,269.0,0.0
2025-02-27 19:30:00,775.5463189848003,0.0,289.0,0.0
2025-02-27 20:00:00,730.9460671971487,0.0,313.0,0.0
2025-02-27 20:30:00,928.389448810389,0.0,322.0,0.0
2025-02-27 21:00:00,751.8397934048273,0.0,284.0,0.0
2025-02-27 21:30:00,734.5628409477196,0.0,275.0,0.0
2025-02-27 22:00:00,744.6319267170337,0.0,306.0,0.0
2025-02-27 22:30:00,690.092284262208,0.0,285.0,0.0
2025-02-27 23:00:00,726.2610755039191,0.0,283.0,0.0
2025-02-27 23:30:00,832.2903719090947,0.0,320.0,0.0
2025-02-28 00:00:00,852.7930623079551,0.0,311.0,0.0
2025-02-28 00:30:00,709.6152768414827,0.0,274.0,0.0
2025-02-28 01:00:00,642.6500800389992,0.0,282.0,0.0
2025-02-28 01:30:00,845.5932878163057,0.0,325.0,0.0
2025-02-28 02:00:00,730.3467065489685,0.0,293.0,0.0
2025-02-28 02:30:00,731.4812834401612,0.0,281.0,0.0
2025-02-28 03:00:00,670.855071136043,0.0,269.0,0.0
2025-02-28 03:30:00,683.394687341394,0.0,267.0,0.0
2025-02-28 04:00:00,711.4162158202586,0.0,261.0,0.0
2025-02-28 04:30:00,668.0009317267658,0.0,258.0,0.0
2025-02-28 05:00:00,675.9346162093952,0.0,293.0,0.0
2025-02-28 05:30:00,876.3320898024047,0.0,352.0,0.0
2025-02-28 06:00:00,748.0633789247416,0.0,284.0,0.0
2025-02-28 06:30:00,608.8059468249209,0.0,234.0,0.0
2025-02-28 07:00:00,549.3016641429839,0.0,231.0,0.0
2025-02-28 07:30:00,735.3663328845771,0.0,287.0,0.0
2025-02-28 08:00:00,859.2588302978006,0.0,318.0,0.0
2025-02-28 08:30:00,660.7019481580563,0.0,242.0,0.0
2025-02-28 09:00:00,629.4941207052675,0.0,252.99999999999997,0.0
2025-02-28 09:30:00,805.8597619022297,0.0,299.0,0.0
2025-02-28 10:00:00,804.5805122404147,0.0,306.0,0.0
2025-02-28 10:30:00,869.2886669210363,0.0,298.0,0.0
2025-02-28 11:00:00,880.2258314548873,0.0,304.0,0.0
2025-02-28 11:30:00,876.5624682753788,0.0,325.0,0.0
2025-02-28 12:00:00,1050.0062689311223,0.0,396.0,0.0
2025-02-28 12:30:00,910.3245789041679,0.0,329.0,0.0
2025-02-28 13:00:00,900.6617987049608,0.0,363.0,0.0
2025-02-28 13:30:00,887.0415505340219,0.0,369.0,0.0
2025-02-28 14:00:00,849.1131451423593,0.0,343.0,0.0
2025-02-28 14:30:00,913.0685593187458,0.0,351.0,0.0
2025-02-28 15:00:00,1005.8704990910927,0.0,393.0,0.0
2025-02-28 15:30:00,999.0300511515654,0.0,374.0,0.0
2025-02-28 16:00:00,1057.2154993629692,0.0,385.0,0.0
2025-02-28 16:30:00,854.3586388429616,0.0,346.0,0.0
2025-02-28 17:00:00,945.1860751693968,0.0,353.0,0.0
2025-02-28 17:30:00,1041.4203803792275,0.0,397.0,0.0
2025-02-28 18:00:00,930.6240223633088,0.0,358.0,0.0
2025-02-28 18:30:00,901.4164615585282,0.0,362.0,0.0
2025-02-28 19:00:00,833.6607123670732,0.0,346.0,0.0
2025-02-28 19:30:00,798.2222158686848,0.0,322.0,0.0
2025-02-28 20:00:00,862.266684928933,0.0,320.0,0.0
2025-02-28 20:30:00,1108.2167544705883,0.0,407.0,0.0
2025-02-28 21:00:00,850.1618436641445,0.0,367.0,0.0
2025-02-28 21:30:00,964.3874398825949,0.0,372.0,0.0
2025-02-28 22:00:00,936.5812926337138,0.0,325.0,0.0
2025-02-28 22:30:00,852.4275386169431,0.0,339.0,0.0
2025-02-28 23:00:00,994.6298008076798,0.0,380.0,0.0
2025-02-28 23:30:00,910.8151393816237,0.0,358.0,0.0
2025-03-01 00:00:00,1037.952152890087,0.0,435.0,0.0
2025-03-01 00:30:00,1183.0093741789315,0.0,435.0,0.0
2025-03-01 01:00:00,1377.9860416418599,0.0,536.0,0.0
2025-03-01 01:30:00,1360.6296148208992,0.0,553.0,0.0
2025-03-01 02:00:00,1270.6071597761006,0.0,545.0,0.0
2025-03-01 02:30:00,1191.5393834724425,0.0,519.0,0.0
2025-03-01 03:00:00,965.059307849954,0.0,399.0,0.0
2025-03-01 03:30:00,965.2465541297801,0.0,382.0,0.0
2025-03-01 04:00:00,996.5000553250401,0.0,439.0,0.0
2025-03-01 04:30:00,1179.5453262147041,0.0,467.0,0.0
2025-03-01 05:00:00,1106.6784806383148,0.0,453.0,0.0
2025-03-01 05:30:00,1419.7335330064561,0.0,552.0,0.0
2025-03-01 06:00:00,1008.8891349497341,0.0,458.0,0.0
2025-03-01 06:30:00,1012.8458415897493,0.0,427.0,0.0
2025-03-01 07:00:00,1026.770079286749,0.0,426.0,0.0
2025-03-01 07:30:00,1131.192408233166,0.0,417.0,0.0
2025-03-01 08:00:00,1265.8350080288988,0.0,523.0,0.0
2025-03-01 08:30:00,1464.440534075801,0.0,626.0,0.0
2025-03-01 09:00:00,1600.4170216420775,0.0,640.0,0.0
2025-03-01 09:30:00,1091.0318394292249,0.0,503.0,0.0
2025-03-01 10:00:00,1107.9453525039057,0.0,450.0,0.0
2025-03-01 10:30:00,1232.5647144107566,0.0,465.00000000000006,0.0
2025-03-01 11:00:00,1412.1431809986027,0.0,555.0,0.0
2025-03-01 11:30:00,1585.3852082775466,0.0,623.0,0.0
2025-03-01 12:00:00,1506.9175428494402,0.0,574.0,0.0
2025-03-01 12:30:00,1158.9851926230517,0.0,429.99999999999994,0.0
2025-03-01 13:00:00,1042.0946430153776,0.0,474.0,0.0
2025-03-01 13:30:00,1269.762810608728,0.0,548.0,0.0
2025-03-01 14:00:00,1329.1399119039258,0.0,551.0,0.0
2025-03-01 14:30:00,1304.0504043227713,0.0,552.0,0.0
2025-03-01 15:00:00,1576.1095162422114,0.0,569.0,0.0
2025-03-01 15:30:00,1218.5497597429348,0.0,500.99999999999994,0.0
2025-03-01 16:00:00,1208.552795576896,0.0,556.0,0.0
2025-03-01 16:30:00,1169.2131073384314,0.0,493.0,0.0
2025-03-01 17:00:00,971.0121116930047,0.0,445.0,0.0
2025-03-01 17:30:00,1285.6614214902017,0.0,516.0,0.0
2025-03-01 18:00:00,1477.3918188616406,0.0,592.0,0.0
2025-03-01 18:30:00,1398.2904164089243,0.0,591.0,0.0
2025-03-01 19:00:00,1364.5517740311097,0.0,528.0,0.0
2025-03-01 19:30:00,1217.2720053123799,0.0,468.0,0.0
2025-03-01 20:00:00,1081.4772709727927,0.0,424.0,0.0
2025-03-01 20:30:00,1038.7514387450594,0.0,450.0,0.0
2025-03-01 21:00:00,1401.5628018418638,0.0,545.0,0.0
2025-03-01 21:30:00,1527.5613177015005,0.0,592.0,0.0
2025-03-01 22:00:00,1483.1339381938512,0.0,587.0,0.0
2025-03-01 22:30:00,1410.1128002516252,0.0,549.0,0.0
2025-03-01 23:00:00,1140.7333511659335,0.0,494.0,0.0
2025-03-01 23:30:00,1340.8724175256366,0.0,495.0,0.0
2025-03-02 00:00:00,643.4168671903858,0.0,278.0,0.0
2025-03-02 00:30:00,817.0356251628948,0.0,327.0,0.0
2025-03-02 01:00:00,1085.5478469601687,0.0,381.0,0.0
2025-03-02 01:30:00,819.5201593003243,0.0,315.0,0.0
2025-03-02 02:00:00,753.9221689361163,0.0,278.0,0.0
2025-03-02 02:30:00,682.3663466536673,0.0,281.0,0.0
2025-03-02 03:00:00,843.5273059089064,0.0,295.0,0.0
2025-03-02 03:30:00,931.5727262870448,0.0,355.0,0.0
2025-03-02 04:00:00,967.6117364679033,0.0,358.0,0.0
2025-03-02 04:30:00,815.1923604308719,0.0,277.0,0.0
2025-03-02 05:00:00,803.3700822557569,0.0,277.0,0.0
2025-03-02 05:30:00,738.3462417267057,0.0,283.0,0.0
2025-03-02 06:00:00,961.4700923809678,0.0,373.0,0.0
2025-03-02 06:30:00,872.3948458717067,0.0,330.0,0.0
2025-03-02 07:00:00,763.6758063328996,0.0,280.0,0.0
2025-03-02 07:30:00,781.7552702566792,0.0,279.0,0.0
2025-03-02 08:00:00,761.2722746053702,0.0,268.0,0.0
2025-03-02 08:30:00,842.436593821575,0.0,276.0,0.0
2025-03-02 09:00:00,702.5450787333808,0.0,256.0,0.0
2025-03-02 09:30:00,782.0800388764584,0.0,265.0,0.0
2025-03-02 10:00:00,727.3752891493656,0.0,275.0,0.0
2025-03-02 10:30:00,733.751308835883,0.0,245.0,0.0
2025-03-02 11:00:00,696.1388949790127,0.0,246.00000000000003,0.0
2025-03-02 11:30:00,662.8697762867208,0.0,229.0,0.0
2025-03-02 12:00:00,800.1021198625508,0.0,296.0,0.0
2025-03-02 12:30:00,802.6295596299132,0.0,288.0,0.0
2025-03-02 13:00:00,656.4394357136784,0.0,240.0,0.0
2025-03-02 13:30:00,612.8762489566084,0.0,206.0,0.0
2025-03-02 14:00:00,590.3458760359296,0.0,219.0,0.0
2025-03-02 14:30:00,839.4268973648182,0.0,320.0,0.0
2025-03-02 15:00:00,737.2390610965244,0.0,284.0,0.0
2025-03-02 15:30:00,729.8113886442927,0.0,287.0,0.0
2025-03-02 16:00:00,756.8077737139993,0.0,300.0,0.0
2025-03-02 16:30:00,790.1921724567935,0.0,279.0,0.0
2025-03-02 17:00:00,912.7814602911213,0.0,319.0,0.0
2025-03-02 17:30:00,816.2421059698844,0.0,292.0,0.0
2025-03-02 18:00:00,710.7719619177443,0.0,274.0,0.0
2025-03-02 18:30:00,842.6652407778286,0.0,295.0,0.0
2025-03-02 19:00:00,853.0492361473064,0.0,307.0,0.0
2025-03-02 19:30:00,1090.1502903398725,0.0,350.0,0.0
2025-03-02 20:00:00,941.5879939198579,0.0,370.0,0.0
2025-03-02 20:30:00,934.1390957061808,0.0,354.0,0.0
2025-03-02 21:00:00,1055.2517339173546,0.0,355.0,0.0
2025-03-02 21:30:00,1071.0778406171962,0.0,395.0,0.0
2025-03-02 22:00:00,1073.8367720121014,0.0,381.0,0.0
2025-03-02 22:30:00,966.4957249067788,0.0,354.0,0.0
2025-03-02 23:00:00,994.6424876288066,0.0,362.0,0.0
2025-03-02 23:30:00,988.7233271078344,0.0,351.0,0.0
2025-03-03 00:00:00,1129.0159709132456,0.0,405.99999999999994,0.0
2025-03-03 00:30:00,961.2127189190103,0.0,373.0,0.0
2025-03-03 01:00:00,943.6359111799109,0.0,359.0,0.0
2025-03-03 01:30:00,1034.1901969693727,0.0,363.0,0.0
2025-03-03 02:00:00,909.8689112159309,0.0,343.0,0.0
2025-03-03 02:30:00,1130.7316310364827,0.0,419.00000000000006,0.0
2025-03-03 03:00:00,895.3533440749219,0.0,367.0,0.0
2025-03-03 03:30:00,1078.6211615265393,0.0,370.0,0.0
2025-03-03 04:00:00,979.3367827089563,0.0,354.0,0.0
2025-03-03 04:30:00,1009.3746442643729,0.0,378.0,0.0
2025-03-03 05:00:00,1085.0720207513546,0.0,393.0,0.0
2025-03-03 05:30:00,915.2689502351835,0.0,363.0,0.0
2025-03-03 06:00:00,1015.6282102094439,0.0,360.0,0.0
2025-03-03 06:30:00,907.9300465194927,0.0,339.0,0.0
2025-03-03 07:00:00,1045.9971708943558,0.0,395.0,0.0
2025-03-03 07:30:00,1006.6890953009361,0.0,371.0,0.0
2025-03-03 08:00:00,951.0917265734308,0.0,335.0,0.0
2025-03-03 08:30:00,1015.6840862834165,0.0,336.0,0.0
2025-03-03 09:00:00,988.9338842357885,0.0,334.0,0.0
2025-03-03 09:30:00,1120.9975408634984,0.0,394.0,0.0
2025-03-03 10:00:00,1020.2811498300697,0.0,351.0,0.0
2025-03-03 10:30:00,1013.1161688693853,0.0,353.0,0.0
2025-03-03 11:00:00,953.9741080447161,0.0,341.0,0.0
2025-03-03 11:30:00,1070.4171624934734,0.0,342.0,0.0
2025-03-03 12:00:00,964.4396088906906,0.0,365.0,0.0
2025-03-03 12:30:00,960.260864687384,0.0,310.0,0.0
2025-03-03 13:00:00,752.7059078590969,0.0,227.99999999999997,0.0
2025-03-03 13:30:00,714.9325205822596,0.0,252.0,0.0
2025-03-03 14:00:00,820.8270427065846,0.0,251.0,0.0
2025-03-03 14:30:00,1031.5294330913864,0.0,343.0,0.0
2025-03-03 15:00:00,1121.0541778877325,0.0,357.0,0.0
2025-03-03 15:30:00,1140.7761157508069,0.0,392.0,0.0
2025-03-03 16:00:00,1173.6724064852024,0.0,417.0,0.0
2025-03-03 16:30:00,1254.6542132965835,0.0,436.0,0.0
2025-03-03 17:00:00,1007.0577203563264,0.0,327.0,0.0
2025-03-03 17:30:00,1054.7681661581832,0.0,343.0,0.0
2025-03-03 18:00:00,981.1347720155509,0.0,343.0,0.0
2025-03-03 18:30:00,892.619073294854,0.0,331.0,0.0
2025-03-03 19:00:00,958.7774463792668,0.0,314.0,0.0
2025-03-03 19:30:00,965.3855800416413,0.0,316.0,0.0
2025-03-03 20:00:00,955.2160392121248,0.0,312.0,0.0
2025-03-03 20:30:00,975.4429858353515,0.0,314.0,0.0
2025-03-03 21:00:00,824.0142802517639,0.0,291.0,0.0
2025-03-03 21:30:00,580.4548212146301,0.0,220.0,0.0
2025-03-03 22:00:00,425.64443255510395,0.0,173.0,0.0
2025-03-03 22:30:00,418.0319500753538,0.0,178.0,0.0
2025-03-03 23:00:00,414.7967356908573,0.0,138.0,0.0
2025-03-03 23:30:00,232.83444199968952,0.0,90.0,0.0
2025-03-04 00:00:00,967.2620073769922,0.0,327.0,0.0
2025-03-04 00:30:00,845.7609241644219,0.0,345.0,0.0
2025-03-04 01:00:00,893.9737700569774,0.0,364.0,0.0
2025-03-04 01:30:00,1006.794159385809,0.0,389.0,0.0
2025-03-04 02:00:00,908.4007368056747,0.0,350.0,0.0
2025-03-04 02:30:00,919.6356022576443,0.0,373.0,0.0
2025-03-04 03:00:00,801.0018738641988,0.0,328.0,0.0
2025-03-04 03:30:00,955.9322137977157,0.0,340.0,0.0
2025-03-04 04:00:00,960.9921787495347,0.0,367.0,0.0
2025-03-04 04:30:00,909.9274567205963,0.0,371.0,0.0
2025-03-04 05:00:00,904.8231448766155,0.0,355.0,0.0
2025-03-04 05:30:00,839.9908002495648,0.0,350.0,0.0
2025-03-04 06:00:00,819.6831440447932,0.0,348.0,0.0
2025-03-04 06:30:00,923.410550131936,0.0,363.0,0.0
2025-03-04 07:00:00,759.2128337906215,0.0,303.0,0.0
2025-03-04 07:30:00,946.4887518045662,0.0,349.0,0.0
2025-03-04 08:00:00,1006.6373179575812,0.0,371.0,0.0
2025-03-04 08:30:00,942.2832857452264,0.0,356.0,0.0
2025-03-04 09:00:00,918.6581946795328,0.0,366.0,0.0
2025-03-04 09:30:00,1064.1171227414222,0.0,459.0,0.0
2025-03-04 10:00:00,1155.1532776217723,0.0,485.00000000000006,0.0
2025-03-04 10:30:00,1122.6806979769156,0.0,449.99999999999994,0.0
2025-03-04 11:00:00,996.3953620730678,0.0,407.0,0.0
2025-03-04 11:30:00,1199.989703685889,0.0,452.0,0.0
2025-03-04 12:00:00,950.1471284965846,0.0,421.0,0.0
2025-03-04 12:30:00,1028.1941034845872,0.0,399.0,0.0
2025-03-04 13:00:00,988.2163287881447,0.0,386.0,0.0
2025-03-04 13:30:00,1209.9729710406982,0.0,466.0,0.0
2025-03-04 14:00:00,1126.5017821219758,0.0,480.0,0.0
2025-03-04 14:30:00,1165.4283944392535,0.0,446.0,0.0
2025-03-04 15:00:00,919.0861683770353,0.0,339.0,0.0
2025-03-04 15:30:00,904.553048319796,0.0,343.0,0.0
2025-03-04 16:00:00,809.1916096896379,0.0,343.0,0.0
2025-03-04 16:30:00,901.0677775343175,0.0,334.0,0.0
2025-03-04 17:00:00,889.0191313132002,0.0,326.0,0.0
2025-03-04 17:30:00,930.2766172187647,0.0,407.0,0.0
2025-03-04 18:00:00,933.0750570553733,0.0,350.0,0.0
2025-03-04 18:30:00,983.7495675617298,0.0,354.0,0.0
2025-03-04 19:00:00,917.8390390138405,0.0,325.0,0.0
2025-03-04 19:30:00,1082.7723767345765,0.0,410.0,0.0
2025-03-04 20:00:00,1180.8482123034335,0.0,445.00000000000006,0.0
2025-03-04 20:30:00,1222.0095403046432,0.0,436.0,0.0
2025-03-04 21:00:00,1074.5573536722732,0.0,376.0,0.0
2025-03-04 21:30:00,874.4055498512671,0.0,380.0,0.0
2025-03-04 22:00:00,1024.8020854845438,0.0,386.0,0.0
2025-03-04 22:30:00,987.8102965027974,0.0,363.0,0.0
2025-03-04 23:00:00,998.0324727618439,0.0,430.0,0.0
2025-03-04 23:30:00,1121.777863408877,0.0,444.0,0.0
2025-03-05 00:00:00,1016.6790738376736,0.0,378.0,0.0
2025-03-05 00:30:00,1051.2047657197531,0.0,405.0,0.0
2025-03-05 01:00:00,991.2705040515222,0.0,409.0,0.0
2025-03-05 01:30:00,1077.328024503351,0.0,423.0,0.0
2025-03-05 02:00:00,967.2839704502152,0.0,427.0,0.0
2025-03-05 02:30:00,1096.4751742429892,0.0,415.0,0.0
2025-03-05 03:00:00,1100.380939588986,0.0,408.0,0.0
2025-03-05 03:30:00,923.2365033251441,0.0,387.0,0.0
2025-03-05 04:00:00,952.1158007241663,0.0,387.0,0.0
2025-03-05 04:30:00,954.8643222969391,0.0,393.0,0.0
2025-03-05 05:00:00,1088.115698948757,0.0,445.0,0.0
2025-03-05 05:30:00,1427.2664478257952,0.0,593.0,0.0
2025-03-05 06:00:00,1190.2227428333408,0.0,549.0,0.0
2025-03-05 06:30:00,1037.217324241155,0.0,387.0,0.0
2025-03-05 07:00:00,1041.0341241629435,0.0,388.0,0.0
2025-03-05 07:30:00,946.8905097626882,0.0,350.0,0.0
2025-03-05 08:00:00,1068.2563178951825,0.0,482.0,0.0
2025-03-05 08:30:00,1042.298929410334,0.0,431.0,0.0
2025-03-05 09:00:00,1267.3600670936887,0.0,488.0,0.0
2025-03-05 09:30:00,1039.4858212037848,0.0,467.0,0.0
2025-03-05 10:00:00,949.3521865271676,0.0,370.0,0.0
2025-03-05 10:30:00,864.553124238771,0.0,330.0,0.0
2025-03-05 11:00:00,1002.8635068175955,0.0,353.0,0.0
2025-03-05 11:30:00,986.2745467814302,0.0,412.0,0.0
2025-03-05 12:00:00,1153.7823880105366,0.0,465.0,0.0
2025-03-05 12:30:00,1232.8170902875106,0.0,482.00000000000006,0.0
2025-03-05 13:00:00,1262.887203327866,0.0,463.0,0.0
2025-03-05 13:30:00,1084.7995932543645,0.0,427.0,0.0
2025-03-05 14:00:00,1027.3295930498177,0.0,374.0,0.0
2025-03-05 14:30:00,920.1464553260643,0.0,379.0,0.0
2025-03-05 15:00:00,1328.119765286217,0.0,519.0,0.0
2025-03-05 15:30:00,1298.9831043591896,0.0,556.0,0.0
2025-03-05 16:00:00,1378.5438380766354,0.0,573.0,0.0
2025-03-05 16:30:00,1389.982076301674,0.0,578.0,0.0
2025-03-05 17:00:00,978.9463113576627,0.0,419.0,0.0
2025-03-05 17:30:00,1082.4111410929443,0.0,420.0,0.0
2025-03-05 18:00:00,1171.6095966653672,0.0,439.0,0.0
2025-03-05 18:30:00,1189.307972593706,0.0,464.0,0.0
2025-03-05 19:00:00,917.8302786305622,0.0,383.0,0.0
2025-03-05 19:30:00,934.5685488852665,0.0,328.0,0.0
2025-03-05 20:00:00,950.710894768065,0.0,350.0,0.0
2025-03-05 20:30:00,885.6861160465652,0.0,385.0,0.0
2025-03-05 21:00:00,1050.6722152108819,0.0,440.0,0.0
2025-03-05 21:30:00,1380.4823223634946,0.0,533.0,0.0
2025-03-05 22:00:00,1125.3348882203306,0.0,461.0,0.0
2025-03-05 22:30:00,1042.8068041876916,0.0,406.0,0.0
2025-03-05 23:00:00,1122.386690644823,0.0,407.0,0.0
2025-03-05 23:30:00,1233.3326476688915,0.0,482.0,0.0
2025-03-06 00:00:00,735.8781707615223,0.0,266.0,0.0
2025-03-06 00:30:00,731.9706945892771,0.0,246.00000000000003,0.0
2025-03-06 01:00:00,700.5583797085352,0.0,277.0,0.0
2025-03-06 01:30:00,773.8763500253073,0.0,266.0,0.0
2025-03-06 02:00:00,696.8450234606896,0.0,271.0,0.0
2025-03-06 02:30:00,875.7192474718537,0.0,314.0,0.0
2025-03-06 03:00:00,1049.0038309102556,0.0,406.0,0.0
2025-03-06 03:30:00,899.8266818524438,0.0,349.0,0.0
2025-03-06 04:00:00,671.7598896043808,0.0,296.0,0.0
2025-03-06 04:30:00,756.6828409433789,0.0,303.0,0.0
2025-03-06 05:00:00,720.8160484067566,0.0,302.0,0.0
2025-03-06 05:30:00,799.0637738779681,0.0,293.0,0.0
2025-03-06 06:00:00,831.0861163820034,0.0,295.0,0.0
2025-03-06 06:30:00,725.8959676935958,0.0,282.0,0.0
2025-03-06 07:00:00,755.9337296123339,0.0,283.0,0.0
2025-03-06 07:30:00,749.4449641455249,0.0,290.0,0.0
2025-03-06 08:00:00,795.1135300091704,0.0,286.0,0.0
2025-03-06 08:30:00,789.5762202098111,0.0,269.0,0.0
2025-03-06 09:00:00,810.0760402578707,0.0,278.0,0.0
2025-03-06 09:30:00,754.6049231834673,0.0,253.0,0.0
2025-03-06 10:00:00,738.7962950998977,0.0,276.0,0.0
2025-03-06 10:30:00,692.1381255183592,0.0,241.0,0.0
2025-03-06 11:00:00,690.3561994418063,0.0,249.0,0.0
2025-03-06 11:30:00,765.752535763807,0.0,260.0,0.0
2025-03-06 12:00:00,655.5383688015276,0.0,239.00000000000003,0.0
2025-03-06 12:30:00,755.1740741015788,0.0,263.0,0.0
2025-03-06 13:00:00,713.764109978125,0.0,249.99999999999997,0.0
2025-03-06 13:30:00,665.199621486588,0.0,247.99999999999997,0.0
2025-03-06 14:00:00,758.7013029090747,0.0,258.0,0.0
2025-03-06 14:30:00,710.4098662899069,0.0,245.99999999999997,0.0
2025-03-06 15:00:00,797.5471862243029,0.0,261.0,0.0
2025-03-06 15:30:00,931.6891341884774,0.0,333.0,0.0
2025-03-06 16:00:00,1054.9324006868044,0.0,372.0,0.0
2025-03-06 16:30:00,842.9157506262898,0.0,314.0,0.0
2025-03-06 17:00:00,871.8953335458684,0.0,300.0,0.0
2025-03-06 17:30:00,747.4155388128984,0.0,289.0,0.0
2025-03-06 18:00:00,783.7141270727237,0.0,290.0,0.0
2025-03-06 18:30:00,802.2876614064139,0.0,322.0,0.0
2025-03-06 19:00:00,773.8363665397521,0.0,269.0,0.0
2025-03-06 19:30:00,769.7681537811143,0.0,289.0,0.0
2025-03-06 20:00:00,843.5428019193713,0.0,313.0,0.0
2025-03-06 20:30:00,938.665366547519,0.0,322.0,0.0
2025-03-06 21:00:00,677.6414201199058,0.0,284.0,0.0
2025-03-06 21:30:00,645.612780306013,0.0,275.0,0.0
2025-03-06 22:00:00,849.291652759848,0.0,306.0,0.0
2025-03-06 22:30:00,743.842170056192,0.0,285.0,0.0
2025-03-06 23:00:00,751.9294467981324,0.0,283.0,0.0
2025-03-06 23:30:00,801.088270365686,0.0,320.0,0.0
2025-03-07 00:00:00,1209.7952946367561,0.0,445.0,0.0
2025-03-07 00:30:00,1144.6362393787447,0.0,435.0,0.0
2025-03-07 01:00:00,1219.1219932934898,0.0,517.0,0.0
2025-03-07 01:30:00,1570.8879717878276,0.0,635.0,0.0
2025-03-07 02:00:00,1530.5949438801447,0.0,557.0,0.0
2025-03-07 02:30:00,1394.479791907422,0.0,514.0,0.0
2025-03-07 03:00:00,1003.4948103708718,0.0,445.0,0.0
2025-03-07 03:30:00,1173.8288360066113,0.0,525.0,0.0
2025-03-07 04:00:00,1464.9706723922343,0.0,566.0,0.0
2025-03-07 04:30:00,1097.4358416170944,0.0,478.0,0.0
2025-03-07 05:00:00,1031.145149113233,0.0,457.0,0.0
2025-03-07 05:30:00,1343.632860033652,0.0,582.0,0.0
2025-03-07 06:00:00,1432.335962082676,0.0,587.0,0.0
2025-03-07 06:30:00,1321.8972747962919,0.0,556.0,0.0
2025-03-07 07:00:00,1122.0544662163002,0.0,475.0,0.0
2025-03-07 07:30:00,1089.8294737522008,0.0,463.0,0.0
2025-03-07 08:00:00,1115.4923420482232,0.0,472.0,0.0
2025-03-07 08:30:00,1378.5873557736902,0.0,589.0,0.0
2025-03-07 09:00:00,1752.238750285428,0.0,637.0,0.0
2025-03-07 09:30:00,1367.2809407772013,0.0,556.0,0.0
2025-03-07 10:00:00,1217.6562793536875,0.0,464.00000000000006,0.0
2025-03-07 10:30:00,1061.0820109738206,0.0,418.0,0.0
2025-03-07 11:00:00,1126.54724716191,0.0,455.0,0.0
2025-03-07 11:30:00,1429.2895847716152,0.0,606.0,0.0
2025-03-07 12:00:00,1393.7617523725912,0.0,647.0,0.0
2025-03-07 12:30:00,1243.8651813483084,0.0,524.0,0.0
2025-03-07 13:00:00,1048.2267614007499,0.0,446.0,0.0
2025-03-07 13:30:00,1084.1654566264938,0.0,490.0,0.0
2025-03-07 14:00:00,1339.3511547351047,0.0,582.0,0.0
2025-03-07 14:30:00,1439.7863701269698,0.0,547.0,0.0
2025-03-07 15:00:00,1168.508017981988,0.0,455.0,0.0
2025-03-07 15:30:00,1187.4705485615823,0.0,431.0,0.0
2025-03-07 16:00:00,1213.045105527796,0.0,475.0,0.0
2025-03-07 16:30:00,1448.1183076964196,0.0,582.0,0.0
2025-03-07 17:00:00,1212.7834912466571,0.0,506.0,0.0
2025-03-07 17:30:00,1281.0639706587983,0.0,503.0,0.0
2025-03-07 18:00:00,1445.4339722562383,0.0,559.0,0.0
2025-03-07 18:30:00,1226.371066615657,0.0,513.0,0.0
2025-03-07 19:00:00,1270.5795949040792,0.0,514.0,0.0
2025-03-07 19:30:00,1109.998285705801,0.0,410.99999999999994,0.0
2025-03-07 20:00:00,982.6657772515766,0.0,407.0,0.0
2025-03-07 20:30:00,1115.0875073215363,0.0,472.0,0.0
2025-03-07 21:00:00,1278.1339386066481,0.0,543.0,0.0
2025-03-07 21:30:00,1372.7218319876836,0.0,562.0,0.0
2025-03-07 22:00:00,1208.0545235120178,0.0,479.00000000000006,0.0
2025-03-07 22:30:00,1012.9253578049714,0.0,418.0,0.0
2025-03-07 23:00:00,1060.2474811404863,0.0,436.0,0.0
2025-03-07 23:30:00,1092.2235197393272,0.0,423.0,0.0
2025-03-08 00:00:00,769.5403445480626,0.0,273.0,0.0
2025-03-08 00:30:00,600.0458913501537,0.0,271.0,0.0
2025-03-08 01:00:00,707.2402607451543,0.0,303.0,0.0
2025-03-08 01:30:00,825.6700026133028,0.0,352.0,0.0
2025-03-08 02:00:00,770.999643067999,0.0,301.0,0.0
2025-03-08 02:30:00,681.9458418402219,0.0,274.0,0.0
2025-03-08 03:00:00,683.227865972573,0.0,290.0,0.0
2025-03-08 03:30:00,677.8518061115426,0.0,285.0,0.0
2025-03-08 04:00:00,876.8094076635801,0.0,356.0,0.0
2025-03-08 04:30:00,849.1151695976946,0.0,341.0,0.0
2025-03-08 05:00:00,692.2929995547835,0.0,264.0,0.0
2025-03-08 05:30:00,743.8284599733369,0.0,270.0,0.0
2025-03-08 06:00:00,797.6475005350006,0.0,318.0,0.0
2025-03-08 06:30:00,866.9384184885101,0.0,376.0,0.0
2025-03-08 07:00:00,741.8925467771162,0.0,310.0,0.0
2025-03-08 07:30:00,673.2027742783213,0.0,277.0,0.0
2025-03-08 08:00:00,734.4391985029014,0.0,306.0,0.0
2025-03-08 08:30:00,930.0258286418888,0.0,338.0,0.0
2025-03-08 09:00:00,725.735408560289,0.0,335.0,0.0
2025-03-08 09:30:00,643.0967862391176,0.0,298.0,0.0
2025-03-08 10:00:00,652.0467325570776,0.0,290.0,0.0
2025-03-08 10:30:00,800.9433247069635,0.0,348.0,0.0
2025-03-08 11:00:00,875.5402918403196,0.0,374.0,0.0
2025-03-08 11:30:00,658.0895558355245,0.0,283.0,0.0
2025-03-08 12:00:00,651.210800288435,0.0,271.0,0.0
2025-03-08 12:30:00,625.898325008083,0.0,272.0,0.0
2025-03-08 13:00:00,868.5745628971732,0.0,295.0,0.0
2025-03-08 13:30:00,948.7573052110865,0.0,345.0,0.0
2025-03-08 14:00:00,764.6665379818444,0.0,301.0,0.0
2025-03-08 14:30:00,724.0732297532271,0.0,299.0,0.0
2025-03-08 15:00:00,658.2132440301764,0.0,279.0,0.0
2025-03-08 15:30:00,809.674485551723,0.0,345.0,0.0
2025-03-08 16:00:00,848.8799757615677,0.0,348.0,0.0
2025-03-08 16:30:00,683.0702147583271,0.0,308.0,0.0
2025-03-08 17:00:00,660.5058472668978,0.0,271.0,0.0
2025-03-08 17:30:00,658.5746321481114,0.0,293.0,0.0
2025-03-08 18:00:00,846.1076013490566,0.0,361.0,0.0
2025-03-08 18:30:00,803.1444246458661,0.0,318.0,0.0
2025-03-08 19:00:00,750.983612708685,0.0,301.0,0.0
2025-03-08 19:30:00,718.174367412771,0.0,282.0,0.0
2025-03-08 20:00:00,648.3845068709251,0.0,300.0,0.0
2025-03-08 20:30:00,751.811420571387,0.0,288.0,0.0
2025-03-08 21:00:00,692.1523683375033,0.0,270.0,0.0
2025-03-08 21:30:00,733.1886059955707,0.0,287.0,0.0
2025-03-08 22:00:00,678.4089392735934,0.0,284.0,0.0
2025-03-08 22:30:00,627.2618926435556,0.0,272.0,0.0
2025-03-08 23:00:00,716.6970834773467,0.0,297.0,0.0
2025-03-08 23:30:00,821.2231102168504,0.0,335.0,0.0
2025-03-09 00:00:00,1256.1039704872394,0.0,486.0,0.0
2025-03-09 00:30:00,1293.694325318387,0.0,488.0,0.0
2025-03-09 01:00:00,1082.9388702746255,0.0,417.0,0.0
2025-03-09 01:30:00,836.8190634409118,0.0,355.0,0.0
2025-03-09 02:00:00,970.7208294477377,0.0,362.0,0.0
2025-03-09 02:30:00,921.2909562715463,0.0,322.0,0.0
2025-03-09 03:00:00,921.4250199449879,0.0,336.0,0.0
2025-03-09 03:30:00,911.6412581840823,0.0,339.0,0.0
2025-03-09 04:00:00,958.3097832962583,0.0,339.0,0.0
2025-03-09 04:30:00,796.5624840298174,0.0,295.0,0.0
2025-03-09 05:00:00,805.7742156845668,0.0,305.0,0.0
2025-03-09 05:30:00,742.5704110470496,0.0,305.0,0.0
2025-03-09 06:00:00,769.3231142159071,0.0,316.0,0.0
2025-03-09 06:30:00,730.1153323206204,0.0,329.0,0.0
2025-03-09 07:00:00,696.1549694036095,0.0,263.0,0.0
2025-03-09 07:30:00,619.3132494141037,0.0,276.0,0.0
2025-03-09 08:00:00,626.0864550626508,0.0,287.0,0.0
2025-03-09 08:30:00,718.6225086498363,0.0,261.0,0.0
2025-03-09 09:00:00,686.8936565624008,0.0,260.0,0.0
2025-03-09 09:30:00,706.0114456042083,0.0,292.0,0.0
2025-03-09 10:00:00,587.2530686207804,0.0,262.0,0.0
2025-03-09 10:30:00,599.8673761286843,0.0,265.0,0.0
2025-03-09 11:00:00,691.9798893585966,0.0,315.0,0.0
2025-03-09 11:30:00,633.5758224264284,0.0,249.0,0.0
2025-03-09 12:00:00,619.4066834160149,0.0,248.0,0.0
2025-03-09 12:30:00,538.7503496047052,0.0,210.0,0.0
2025-03-09 13:00:00,594.7000089900456,0.0,246.0,0.0
2025-03-09 13:30:00,657.1773691117523,0.0,245.0,0.0
2025-03-09 14:00:00,572.765135555409,0.0,242.0,0.0
2025-03-09 14:30:00,539.2339659874593,0.0,196.0,0.0
2025-03-09 15:00:00,521.2610057092876,0.0,213.0,0.0
2025-03-09 15:30:00,551.2098448715612,0.0,222.0,0.0
2025-03-09 16:00:00,543.5344567108293,0.0,209.0,0.0
2025-03-09 16:30:00,553.1191023875206,0.0,216.0,0.0
2025-03-09 17:00:00,559.8639429723659,0.0,228.00000000000003,0.0
2025-03-09 17:30:00,609.9458962433715,0.0,230.0,0.0
2025-03-09 18:00:00,634.4316891154283,0.0,268.0,0.0
2025-03-09 18:30:00,654.2135022595326,0.0,261.0,0.0
2025-03-09 19:00:00,613.1175483292467,0.0,261.0,0.0
2025-03-09 19:30:00,551.0110599689119,0.0,211.0,0.0
2025-03-09 20:00:00,578.3610279064433,0.0,239.0,0.0
2025-03-09 20:30:00,692.2962966751244,0.0,287.0,0.0
2025-03-09 21:00:00,825.8684557942174,0.0,320.0,0.0
2025-03-09 21:30:00,616.9894455585252,0.0,226.00000000000003,0.0
2025-03-09 22:00:00,649.0420882732149,0.0,215.0,0.0
2025-03-09 22:30:00,619.9066731921564,0.0,240.0,0.0
2025-03-09 23:00:00,733.6931530723307,0.0,299.0,0.0
2025-03-09 23:30:00,719.84974202585,0.0,273.0,0.0
2025-03-10 00:00:00,778.7921498219044,0.0,292.0,0.0
2025-03-10 00:30:00,859.1767904300259,0.0,348.0,0.0
2025-03-10 01:00:00,725.709677422984,0.0,290.0,0.0
2025-03-10 01:30:00,608.3145699337077,0.0,244.0,0.0
2025-03-10 02:00:00,636.7950749680093,0.0,278.0,0.0
2025-03-10 02:30:00,776.7905423993582,0.0,349.0,0.0
2025-03-10 03:00:00,786.0521058406351,0.0,339.0,0.0
2025-03-10 03:30:00,622.7986679630559,0.0,269.0,0.0
2025-03-10 04:00:00,648.3596385752168,0.0,261.0,0.0
2025-03-10 04:30:00,656.9137213786787,0.0,286.0,0.0
2025-03-10 05:00:00,818.6508457248236,0.0,365.0,0.0
2025-03-10 05:30:00,715.631979818148,0.0,292.0,0.0
2025-03-10 06:00:00,743.2592621885535,0.0,272.0,0.0
2025-03-10 06:30:00,576.4000144881613,0.0,229.0,0.0
2025-03-10 07:00:00,841.5204588825981,0.0,325.0,0.0
2025-03-10 07:30:00,827.0603568033149,0.0,329.0,0.0
2025-03-10 08:00:00,722.1574680453638,0.0,290.0,0.0
2025-03-10 08:30:00,669.3173167305122,0.0,277.0,0.0
2025-03-10 09:00:00,707.5511057241006,0.0,272.0,0.0
2025-03-10 09:30:00,836.0657076085414,0.0,334.0,0.0
2025-03-10 10:00:00,802.1454822345129,0.0,288.0,0.0
2025-03-10 10:30:00,688.4403474735399,0.0,291.0,0.0
2025-03-10 11:00:00,666.0457692459455,0.0,260.0,0.0
2025-03-10 11:30:00,754.5890256349352,0.0,318.0,0.0
2025-03-10 12:00:00,835.8941823470117,0.0,329.0,0.0
2025-03-10 12:30:00,699.9020407039645,0.0,290.0,0.0
2025-03-10 13:00:00,675.2510155442521,0.0,249.0,0.0
2025-03-10 13:30:00,710.1446235006437,0.0,274.0,0.0
2025-03-10 14:00:00,785.9283760622471,0.0,322.0,0.0
2025-03-10 14:30:00,798.5506826426142,0.0,317.0,0.0
2025-03-10 15:00:00,677.9002668021952,0.0,293.0,0.0
2025-03-10 15:30:00,654.6970884239421,0.0,258.0,0.0
2025-03-10 16:00:00,625.6609231120653,0.0,295.0,0.0
2025-03-10 16:30:00,611.4177794514358,0.0,271.0,0.0
2025-03-10 17:00:00,688.5501371886241,0.0,286.0,0.0
2025-03-10 17:30:00,666.4430120679949,0.0,274.0,0.0
2025-03-10 18:00:00,690.7085232997517,0.0,251.0,0.0
2025-03-10 18:30:00,532.8885327073464,0.0,214.0,0.0
2025-03-10 19:00:00,611.5705487692511,0.0,232.0,0.0
2025-03-10 19:30:00,746.4681289623304,0.0,282.0,0.0
2025-03-10 20:00:00,792.2133282992353,0.0,304.0,0.0
2025-03-10 20:30:00,618.7398251871713,0.0,238.00000000000003,0.0
2025-03-10 21:00:00,649.8756916140868,0.0,265.0,0.0
2025-03-10 21:30:00,749.8362150251772,0.0,273.0,0.0
2025-03-10 22:00:00,625.5619221109445,0.0,254.0,0.0
2025-03-10 22:30:00,530.730533296279,0.0,200.0,0.0
2025-03-10 23:00:00,612.1241265331527,0.0,239.99999999999997,0.0
2025-03-10 23:30:00,692.431014579328,0.0,243.0,0.0
2025-03-11 00:00:00,173.97355896084738,0.0,69.0,0.0
2025-03-11 00:30:00,160.2660403858529,0.0,68.0,0.0
2025-03-11 01:00:00,143.4088165504464,0.0,65.0,0.0
2025-03-11 01:30:00,144.64678219862824,0.0,67.0,0.0
2025-03-11 02:00:00,150.79828428346127,0.0,69.0,0.0
2025-03-11 02:30:00,138.8562490281156,0.0,64.0,0.0
2025-03-11 03:00:00,136.8489349494227,0.0,63.0,0.0
2025-03-11 03:30:00,141.5598737904943,0.0,63.0,0.0
2025-03-11 04:00:00,137.61089045977505,0.0,65.0,0.0
2025-03-11 04:30:00,133.97963257486214,0.0,66.0,0.0
2025-03-11 05:00:00,134.1510667355573,0.0,66.0,0.0
2025-03-11 05:30:00,141.33196913228727,0.0,66.0,0.0
2025-03-11 06:00:00,135.98034839357732,0.0,65.0,0.0
2025-03-11 06:30:00,136.17770579513353,0.0,62.00000000000001,0.0
2025-03-11 07:00:00,143.70872593141073,0.0,61.0,0.0
2025-03-11 07:30:00,157.6685236870806,0.0,62.0,0.0
2025-03-11 08:00:00,168.89359130745575,0.0,57.0,0.0
2025-03-11 08:30:00,170.0206838406534,0.0,58.00000000000001,0.0
2025-03-11 09:00:00,157.5243615419216,0.0,60.0,0.0
2025-03-11 09:30:00,174.47603408588247,0.0,58.0,0.0
2025-03-11 10:00:00,151.63595850017435,0.0,57.0,0.0
2025-03-11 10:30:00,139.82486329424253,0.0,56.0,0.0
2025-03-11 11:00:00,148.37939784135844,0.0,59.0,0.0
2025-03-11 11:30:00,151.4995070048853,0.0,61.0,0.0
2025-03-11 12:00:00,163.16453429391635,0.0,64.0,0.0
2025-03-11 12:30:00,187.94088930840823,0.0,68.0,0.0
2025-03-11 13:00:00,235.94818480429672,0.0,80.0,0.0
2025-03-11 13:30:00,238.93079652502823,0.0,71.0,0.0
2025-03-11 14:00:00,232.54579500451618,0.0,67.0,0.0
2025-03-11 14:30:00,241.68986349311976,0.0,77.0,0.0
2025-03-11 15:00:00,239.65220574595352,0.0,76.0,0.0
2025-03-11 15:30:00,236.76599859467171,0.0,73.0,0.0
2025-03-11 16:00:00,200.87400783186465,0.0,72.0,0.0
2025-03-11 16:30:00,206.29121172170957,0.0,65.0,0.0
2025-03-11 17:00:00,189.0501514258312,0.0,66.0,0.0
2025-03-11 17:30:00,198.11656055617658,0.0,68.0,0.0
2025-03-11 18:00:00,170.9403927204541,0.0,70.0,0.0
2025-03-11 18:30:00,174.49903085641864,0.0,70.0,0.0
2025-03-11 19:00:00,170.22145471112148,0.0,65.0,0.0
2025-03-11 19:30:00,165.43042348261451,0.0,72.0,0.0
2025-03-11 20:00:00,159.67279331773548,0.0,70.0,0.0
2025-03-11 20:30:00,168.79772756737688,0.0,72.0,0.0
2025-03-11 21:00:00,164.46120763515887,0.0,71.0,0.0
2025-03-11 21:30:00,168.9082376659095,0.0,78.0,0.0
2025-03-11 22:00:00,181.57205141434454,0.0,76.0,0.0
2025-03-11 22:30:00,170.21671186586258,0.0,78.0,0.0
2025-03-11 23:00:00,184.29670138641006,0.0,78.0,0.0
2025-03-11 23:30:00,185.29019366485173,0.0,81.0,0.0
2025-03-12 00:00:00,694.3706114676736,0.0,283.0,0.0
2025-03-12 00:30:00,706.4048046783297,0.0,269.0,0.0
2025-03-12 01:00:00,658.2882578474735,0.0,280.0,0.0
2025-03-12 01:30:00,835.6489493539237,0.0,353.0,0.0
2025-03-12 02:00:00,839.9312514351047,0.0,336.0,0.0
2025-03-12 02:30:00,591.6170642301307,0.0,276.0,0.0
2025-03-12 03:00:00,664.4718835632845,0.0,275.0,0.0
2025-03-12 03:30:00,549.0535941549381,0.0,268.0,0.0
2025-03-12 04:00:00,598.629679553843,0.0,283.0,0.0
2025-03-12 04:30:00,685.6762199994479,0.0,277.0,0.0
2025-03-12 05:00:00,858.4385073475614,0.0,338.0,0.0
2025-03-12 05:30:00,821.7042753959062,0.0,355.0,0.0
2025-03-12 06:00:00,695.3287213902643,0.0,294.0,0.0
2025-03-12 06:30:00,732.9881853684761,0.0,290.0,0.0
2025-03-12 07:00:00,681.4391198958768,0.0,292.0,0.0
2025-03-12 07:30:00,903.8077025140268,0.0,325.0,0.0
2025-03-12 08:00:00,897.0438821059952,0.0,357.0,0.0
2025-03-12 08:30:00,763.0360646174137,0.0,286.0,0.0
2025-03-12 09:00:00,783.7413981919656,0.0,295.0,0.0
2025-03-12 09:30:00,773.413930777035,0.0,304.0,0.0
2025-03-12 10:00:00,875.6494600700092,0.0,390.0,0.0
2025-03-12 10:30:00,846.1123039323766,0.0,337.0,0.0
2025-03-12 11:00:00,755.7020446083646,0.0,305.0,0.0
2025-03-12 11:30:00,666.0427686086639,0.0,290.0,0.0
2025-03-12 12:00:00,788.0391024526094,0.0,310.0,0.0
2025-03-12 12:30:00,914.4184928007197,0.0,366.0,0.0
2025-03-12 13:00:00,815.7465493428308,0.0,302.0,0.0
2025-03-12 13:30:00,728.4384531335018,0.0,297.0,0.0
2025-03-12 14:00:00,672.2186445243119,0.0,272.0,0.0
2025-03-12 14:30:00,699.7551036813162,0.0,271.0,0.0
2025-03-12 15:00:00,913.3874175223237,0.0,380.0,0.0
2025-03-12 15:30:00,902.5010415914201,0.0,331.0,0.0
2025-03-12 16:00:00,741.7142337294333,0.0,305.0,0.0
2025-03-12 16:30:00,661.970884631763,0.0,288.0,0.0
2025-03-12 17:00:00,865.1652197562113,0.0,350.0,0.0
2025-03-12 17:30:00,891.7479515560074,0.0,374.0,0.0
2025-03-12 18:00:00,683.3212994131204,0.0,291.0,0.0
2025-03-12 18:30:00,681.1980613829998,0.0,266.0,0.0
2025-03-12 19:00:00,652.3415343616131,0.0,250.00000000000003,0.0
2025-03-12 19:30:00,738.106495458993,0.0,320.0,0.0
2025-03-12 20:00:00,857.4164677690673,0.0,342.0,0.0
2025-03-12 20:30:00,731.499532543142,0.0,286.0,0.0
2025-03-12 21:00:00,682.0325864708672,0.0,289.0,0.0
2025-03-12 21:30:00,692.7806742617402,0.0,289.0,0.0
2025-03-12 22:00:00,683.7836209941051,0.0,302.0,0.0
2025-03-12 22:30:00,707.8048319560376,0.0,267.0,0.0
2025-03-12 23:00:00,695.8887465176687,0.0,293.0,0.0
2025-03-12 23:30:00,671.4310529595548,0.0,284.0,0.0
2025-03-13 00:00:00,614.0322220609428,0.0,243.0,0.0
2025-03-13 00:30:00,663.1200718315691,0.0,274.0,0.0
2025-03-13 01:00:00,790.2658816684365,0.0,289.0,0.0
2025-03-13 01:30:00,748.379201785572,0.0,299.0,0.0
2025-03-13 02:00:00,621.907684429903,0.0,265.0,0.0
2025-03-13 02:30:00,650.7265096742569,0.0,257.0,0.0
2025-03-13 03:00:00,575.3032322062769,0.0,261.0,0.0
2025-03-13 03:30:00,602.7396765009646,0.0,251.0,0.0
2025-03-13 04:00:00,625.3100193329892,0.0,260.0,0.0
2025-03-13 04:30:00,621.6232807556823,0.0,266.0,0.0
2025-03-13 05:00:00,661.5187506133213,0.0,256.0,0.0
2025-03-13 05:30:00,596.7778773072587,0.0,268.0,0.0
2025-03-13 06:00:00,710.0658473637438,0.0,267.0,0.0
2025-03-13 06:30:00,682.3214878443845,0.0,268.0,0.0
2025-03-13 07:00:00,732.8175763438653,0.0,317.0,0.0
2025-03-13 07:30:00,605.6901030348429,0.0,241.0,0.0
2025-03-13 08:00:00,567.2017026108456,0.0,255.0,0.0
2025-03-13 08:30:00,680.0212176525969,0.0,320.0,0.0
2025-03-13 09:00:00,761.5742308393284,0.0,315.0,0.0
2025-03-13 09:30:00,828.8935699337719,0.0,308.0,0.0
2025-03-13 10:00:00,759.4463145754853,0.0,315.0,0.0
2025-03-13 10:30:00,723.0895631648563,0.0,259.0,0.0
2025-03-13 11:00:00,774.7138828215809,0.0,271.0,0.0
2025-03-13 11:30:00,779.4024955668848,0.0,278.0,0.0
2025-03-13 12:00:00,739.0280885364153,0.0,268.0,0.0
2025-03-13 12:30:00,793.2561532228101,0.0,287.0,0.0
2025-03-13 13:00:00,787.5692155296797,0.0,365.0,0.0
2025-03-13 13:30:00,933.551215538729,0.0,377.0,0.0
2025-03-13 14:00:00,773.4991449999848,0.0,288.0,0.0
2025-03-13 14:30:00,841.3457870606253,0.0,335.0,0.0
2025-03-13 15:00:00,765.4363293866966,0.0,301.0,0.0
2025-03-13 15:30:00,897.8482837316985,0.0,391.0,0.0
2025-03-13 16:00:00,1040.1582418430594,0.0,396.0,0.0
2025-03-13 16:30:00,800.6673934997308,0.0,332.0,0.0
2025-03-13 17:00:00,790.5853488601426,0.0,310.0,0.0
2025-03-13 17:30:00,785.9254359808722,0.0,351.0,0.0
2025-03-13 18:00:00,901.5601323355654,0.0,362.0,0.0
2025-03-13 18:30:00,888.1270984945985,0.0,352.0,0.0
2025-03-13 19:00:00,762.4362111238753,0.0,304.0,0.0
2025-03-13 19:30:00,745.5691232471848,0.0,314.0,0.0
2025-03-13 20:00:00,856.1977273932068,0.0,322.0,0.0
2025-03-13 20:30:00,917.2941458094685,0.0,349.0,0.0
2025-03-13 21:00:00,764.520760198831,0.0,294.0,0.0
2025-03-13 21:30:00,645.5357677216673,0.0,287.0,0.0
2025-03-13 22:00:00,697.3225564806049,0.0,288.0,0.0
2025-03-13 22:30:00,789.4070322471816,0.0,307.0,0.0
2025-03-13 23:00:00,822.0669994320399,0.0,347.0,0.0
2025-03-13 23:30:00,974.2804355596527,0.0,392.0,0.0
2025-03-14 00:00:00,650.9989009097068,0.0,270.0,0.0
2025-03-14 00:30:00,699.8058976779291,0.0,244.99999999999997,0.0
2025-03-14 01:00:00,627.1955173339815,0.0,240.0,0.0
2025-03-14 01:30:00,754.4253295560545,0.0,273.0,0.0
2025-03-14 02:00:00,618.5325352921958,0.0,242.0,0.0
2025-03-14 02:30:00,656.7536545036573,0.0,299.0,0.0
2025-03-14 03:00:00,816.4069630813203,0.0,324.0,0.0
2025-03-14 03:30:00,609.8534714771143,0.0,259.0,0.0
2025-03-14 04:00:00,608.8953865418363,0.0,234.00000000000003,0.0
2025-03-14 04:30:00,697.7618445823196,0.0,293.0,0.0
2025-03-14 05:00:00,803.617107152997,0.0,324.0,0.0
2025-03-14 05:30:00,743.574821633319,0.0,251.00000000000003,0.0
2025-03-14 06:00:00,713.2584053368353,0.0,244.0,0.0
2025-03-14 06:30:00,744.654496055348,0.0,287.0,0.0
2025-03-14 07:00:00,743.683220808599,0.0,292.0,0.0
2025-03-14 07:30:00,756.2901630110906,0.0,352.0,0.0
2025-03-14 08:00:00,967.4745996219524,0.0,367.0,0.0
2025-03-14 08:30:00,813.9030058992327,0.0,336.0,0.0
2025-03-14 09:00:00,758.8429460478402,0.0,324.0,0.0
2025-03-14 09:30:00,864.7271132325559,0.0,364.0,0.0
2025-03-14 10:00:00,962.9565951754165,0.0,372.0,0.0
2025-03-14 10:30:00,844.1474832133239,0.0,341.0,0.0
2025-03-14 11:00:00,850.7289255512313,0.0,312.0,0.0
2025-03-14 11:30:00,758.1327253772678,0.0,322.0,0.0
2025-03-14 12:00:00,951.5269803127351,0.0,385.0,0.0
2025-03-14 12:30:00,875.8939882766326,0.0,347.0,0.0
2025-03-14 13:00:00,801.5285893504687,0.0,335.0,0.0
2025-03-14 13:30:00,779.0936869518623,0.0,310.0,0.0
2025-03-14 14:00:00,850.9413563921171,0.0,366.0,0.0
2025-03-14 14:30:00,1000.060622741989,0.0,377.0,0.0
2025-03-14 15:00:00,825.5624529534205,0.0,304.0,0.0
2025-03-14 15:30:00,778.6915812419546,0.0,337.0,0.0
2025-03-14 16:00:00,732.1564421658077,0.0,309.0,0.0
2025-03-14 16:30:00,992.3083963832315,0.0,434.0,0.0
2025-03-14 17:00:00,1001.3036400207247,0.0,422.0,0.0
2025-03-14 17:30:00,916.0584345509103,0.0,347.0,0.0
2025-03-14 18:00:00,764.2192652920994,0.0,289.0,0.0
2025-03-14 18:30:00,810.3775060896544,0.0,319.0,0.0
2025-03-14 19:00:00,1055.0702678992293,0.0,416.0,0.0
2025-03-14 19:30:00,858.9630601832245,0.0,338.0,0.0
2025-03-14 20:00:00,770.8665530576592,0.0,309.0,0.0
2025-03-14 20:30:00,711.7701833840428,0.0,254.0,0.0
2025-03-14 21:00:00,760.6720636854892,0.0,252.0,0.0
2025-03-14 21:30:00,874.1977172102333,0.0,296.0,0.0
2025-03-14 22:00:00,791.1120248605722,0.0,324.0,0.0
2025-03-14 22:30:00,692.0927677637973,0.0,305.0,0.0
2025-03-14 23:00:00,745.3152947522724,0.0,328.0,0.0
2025-03-14 23:30:00,720.5819844064839,0.0,297.0,0.0
2025-03-15 00:00:00,843.2481222849251,0.0,347.0,0.0
2025-03-15 00:30:00,901.8636139698899,0.0,333.0,0.0
2025-03-15 01:00:00,973.1507592364615,0.0,346.0,0.0
2025-03-15 01:30:00,908.8529188995485,0.0,315.0,0.0
2025-03-15 02:00:00,929.06865257657,0.0,333.0,0.0
2025-03-15 02:30:00,857.5953490591584,0.0,327.0,0.0
2025-03-15 03:00:00,838.5081407681504,0.0,334.0,0.0
2025-03-15 03:30:00,867.0286642480434,0.0,344.0,0.0
2025-03-15 04:00:00,815.1472847186326,0.0,302.0,0.0
2025-03-15 04:30:00,617.1253580006459,0.0,243.0,0.0
2025-03-15 05:00:00,682.9933750502928,0.0,253.0,0.0
2025-03-15 05:30:00,750.8744258268986,0.0,266.0,0.0
2025-03-15 06:00:00,816.5057989025385,0.0,310.0,0.0
2025-03-15 06:30:00,621.0887444244617,0.0,263.0,0.0
2025-03-15 07:00:00,531.108589373064,0.0,219.0,0.0
2025-03-15 07:30:00,590.3532595040647,0.0,232.0,0.0
2025-03-15 08:00:00,855.438286091592,0.0,333.0,0.0
2025-03-15 08:30:00,879.2096005684866,0.0,340.0,0.0
2025-03-15 09:00:00,1108.7340527531198,0.0,421.0,0.0
2025-03-15 09:30:00,858.4594807513373,0.0,344.0,0.0
2025-03-15 10:00:00,909.8609921795867,0.0,359.0,0.0
2025-03-15 10:30:00,1203.9918339325877,0.0,441.0,0.0
2025-03-15 11:00:00,1297.9564334106228,0.0,503.0,0.0
2025-03-15 11:30:00,1024.8476626398347,0.0,371.0,0.0
2025-03-15 12:00:00,1029.453027076408,0.0,387.0,0.0
2025-03-15 12:30:00,1016.000099140198,0.0,396.0,0.0
2025-03-15 13:00:00,1348.9999822062898,0.0,537.0,0.0
2025-03-15 13:30:00,1342.5193430853285,0.0,479.0,0.0
2025-03-15 14:00:00,886.7197552560845,0.0,361.0,0.0
2025-03-15 14:30:00,883.2316117470189,0.0,364.0,0.0
2025-03-15 15:00:00,1005.1077126782194,0.0,438.0,0.0
2025-03-15 15:30:00,1249.1454854831738,0.0,478.0,0.0
2025-03-15 16:00:00,1298.7746299317232,0.0,502.0,0.0
2025-03-15 16:30:00,1086.4035664432881,0.0,438.0,0.0
2025-03-15 17:00:00,1070.6801606660215,0.0,368.0,0.0
2025-03-15 17:30:00,920.9041955494451,0.0,396.0,0.0
2025-03-15 18:00:00,1495.7562066152589,0.0,557.0,0.0
2025-03-15 18:30:00,1437.9862172737849,0.0,504.0,0.0
2025-03-15 19:00:00,1066.1954617970603,0.0,438.0,0.0
2025-03-15 19:30:00,1085.2125220263893,0.0,439.0,0.0
2025-03-15 20:00:00,1123.0591330756686,0.0,456.0,0.0
2025-03-15 20:30:00,1342.095767647238,0.0,541.0,0.0
2025-03-15 21:00:00,1237.114155731144,0.0,483.0,0.0
2025-03-15 21:30:00,1223.798680749715,0.0,436.0,0.0
2025-03-15 22:00:00,1232.5894535112177,0.0,393.0,0.0
2025-03-15 22:30:00,1187.8960793849371,0.0,444.0,0.0
2025-03-15 23:00:00,1235.2811081216307,0.0,424.0,0.0
2025-03-15 23:30:00,1159.779379946732,0.0,420.0,0.0
2025-03-16 00:00:00,1253.5064551643454,0.0,526.0,0.0
2025-03-16 00:30:00,1446.593022337764,0.0,568.0,0.0
2025-03-16 01:00:00,1414.4459085607627,0.0,537.0,0.0
2025-03-16 01:30:00,1146.3994175850987,0.0,427.0,0.0
2025-03-16 02:00:00,1119.0182452693014,0.0,481.0,0.0
2025-03-16 02:30:00,1059.7720635084847,0.0,427.0,0.0
2025-03-16 03:00:00,1203.7288180965731,0.0,493.00000000000006,0.0
2025-03-16 03:30:00,1113.0028909216505,0.0,473.0,0.0
2025-03-16 04:00:00,1015.8552389663097,0.0,458.0,0.0
2025-03-16 04:30:00,1145.7305142636344,0.0,455.0,0.0
2025-03-16 05:00:00,1100.6193854252872,0.0,413.00000000000006,0.0
2025-03-16 05:30:00,1079.7984551454797,0.0,439.0,0.0
2025-03-16 06:00:00,1198.7429695056526,0.0,524.0,0.0
2025-03-16 06:30:00,1179.2887777310382,0.0,446.0,0.0
2025-03-16 07:00:00,1129.906027974758,0.0,456.0,0.0
2025-03-16 07:30:00,943.3008252832718,0.0,380.0,0.0
2025-03-16 08:00:00,1233.3411969318543,0.0,484.0,0.0
2025-03-16 08:30:00,1277.3913798565416,0.0,489.0,0.0
2025-03-16 09:00:00,1354.3644096591456,0.0,507.0,0.0
2025-03-16 09:30:00,1302.9936258258379,0.0,493.0,0.0
2025-03-16 10:00:00,1203.6358203814127,0.0,474.0,0.0
2025-03-16 10:30:00,1036.64914963579,0.0,454.0,0.0
2025-03-16 11:00:00,1191.5210712806136,0.0,469.0,0.0
2025-03-16 11:30:00,1313.7792217244823,0.0,534.0,0.0
2025-03-16 12:00:00,1303.4472338014407,0.0,551.0,0.0
2025-03-16 12:30:00,1479.51296155954,0.0,542.0,0.0
2025-03-16 13:00:00,1570.0176938580262,0.0,576.0,0.0
2025-03-16 13:30:00,1545.49980458589,0.0,570.0,0.0
2025-03-16 14:00:00,1483.3500441566064,0.0,586.0,0.0
2025-03-16 14:30:00,1473.4066395969428,0.0,539.0,0.0
2025-03-16 15:00:00,1319.1945456652725,0.0,524.0,0.0
2025-03-16 15:30:00,1369.22438264447,0.0,552.0,0.0
2025-03-16 16:00:00,1258.9762881766217,0.0,550.0,0.0
2025-03-16 16:30:00,1438.0592764367339,0.0,578.0,0.0
2025-03-16 17:00:00,1356.473266287095,0.0,533.0,0.0
2025-03-16 17:30:00,1243.1212200340854,0.0,543.0,0.0
2025-03-16 18:00:00,1274.9579157881335,0.0,526.0,0.0
2025-03-16 18:30:00,1277.2379396894112,0.0,523.0,0.0
2025-03-16 19:00:00,1400.9728513025843,0.0,537.0,0.0
2025-03-16 19:30:00,1305.2510595255685,0.0,529.0,0.0
2025-03-16 20:00:00,1172.8107828488337,0.0,480.0,0.0
2025-03-16 20:30:00,1020.9134829792059,0.0,414.0,0.0
2025-03-16 21:00:00,935.2429053499638,0.0,378.0,0.0
2025-03-16 21:30:00,979.7874825214911,0.0,403.0,0.0
2025-03-16 22:00:00,917.748209373102,0.0,381.0,0.0
2025-03-16 22:30:00,847.4210666633886,0.0,314.0,0.0
2025-03-16 23:00:00,819.0417262602587,0.0,335.0,0.0
2025-03-16 23:30:00,742.5531285542572,0.0,298.0,0.0
2025-03-17 00:00:00,817.4967915696141,0.0,316.0,0.0
2025-03-17 00:30:00,797.5994588572114,0.0,346.0,0.0
2025-03-17 01:00:00,717.6327579241848,0.0,281.0,0.0
2025-03-17 01:30:00,697.8373166240938,0.0,279.0,0.0
2025-03-17 02:00:00,763.7126896089179,0.0,294.0,0.0
2025-03-17 02:30:00,817.6629430522188,0.0,305.0,0.0
2025-03-17 03:00:00,739.6348066890946,0.0,294.0,0.0
2025-03-17 03:30:00,817.6762591808518,0.0,343.0,0.0
2025-03-17 04:00:00,945.9285606784305,0.0,382.0,0.0
2025-03-17 04:30:00,898.6628940070062,0.0,322.0,0.0
2025-03-17 05:00:00,793.5878779857668,0.0,334.0,0.0
2025-03-17 05:30:00,711.7683048781049,0.0,279.0,0.0
2025-03-17 06:00:00,786.6625966521485,0.0,300.0,0.0
2025-03-17 06:30:00,786.3521671107748,0.0,308.0,0.0
2025-03-17 07:00:00,982.5312064921011,0.0,386.0,0.0
2025-03-17 07:30:00,869.7561257380482,0.0,321.0,0.0
2025-03-17 08:00:00,915.8105472960103,0.0,326.0,0.0
2025-03-17 08:30:00,793.0751034270485,0.0,306.0,0.0
2025-03-17 09:00:00,822.472734747039,0.0,314.0,0.0
2025-03-17 09:30:00,953.9238985476384,0.0,394.0,0.0
2025-03-17 10:00:00,853.2305865544181,0.0,352.0,0.0
2025-03-17 10:30:00,838.3916220596453,0.0,339.0,0.0
2025-03-17 11:00:00,860.7753888558492,0.0,312.0,0.0
2025-03-17 11:30:00,852.0416518498818,0.0,337.0,0.0
2025-03-17 12:00:00,883.5267192076269,0.0,365.0,0.0
2025-03-17 12:30:00,847.7136909869669,0.0,299.0,0.0
2025-03-17 13:00:00,881.3553066343262,0.0,307.0,0.0
2025-03-17 13:30:00,699.007172737923,0.0,289.0,0.0
2025-03-17 14:00:00,725.1744847846538,0.0,294.0,0.0
2025-03-17 14:30:00,766.3276516290671,0.0,291.0,0.0
2025-03-17 15:00:00,999.1466433190317,0.0,367.0,0.0
2025-03-17 15:30:00,957.8553115618553,0.0,357.0,0.0
2025-03-17 16:00:00,899.4636606602364,0.0,329.0,0.0
2025-03-17 16:30:00,756.6284541660343,0.0,302.0,0.0
2025-03-17 17:00:00,746.7601170613001,0.0,314.0,0.0
2025-03-17 17:30:00,894.0499830431255,0.0,353.0,0.0
2025-03-17 18:00:00,868.7539486843106,0.0,339.0,0.0
2025-03-17 18:30:00,837.0836988946585,0.0,317.0,0.0
2025-03-17 19:00:00,795.861256294404,0.0,319.0,0.0
2025-03-17 19:30:00,776.9773550228356,0.0,293.0,0.0
2025-03-17 20:00:00,744.3486262696636,0.0,284.0,0.0
2025-03-17 20:30:00,786.4904400953372,0.0,292.0,0.0
2025-03-17 21:00:00,796.1697684044642,0.0,291.0,0.0
2025-03-17 21:30:00,659.7638848253102,0.0,291.0,0.0
2025-03-17 22:00:00,592.444153771165,0.0,259.0,0.0
2025-03-17 22:30:00,663.0146013311593,0.0,247.0,0.0
2025-03-17 23:00:00,782.3673429312437,0.0,294.0,0.0
2025-03-17 23:30:00,771.1985145366049,0.0,329.0,0.0
2025-03-18 00:00:00,96.1325624390532,0.0,55.00000000000001,0.0
2025-03-18 00:30:00,99.79845800889481,0.0,53.04255319148936,0.0
2025-03-18 01:00:00,87.54098538424515,0.0,53.0,0.0
2025-03-18 01:30:00,97.54953032154695,0.0,53.93617021276596,0.0
2025-03-18 02:00:00,95.85370694796786,0.0,54.0,0.0
2025-03-18 02:30:00,103.87408948207741,0.0,50.42553191489362,0.0
2025-03-18 03:00:00,97.49751292957858,0.0,51.74468085106383,0.0
2025-03-18 03:30:00,104.27693963795537,0.0,52.0,0.0
2025-03-18 04:00:00,90.50363392797308,0.0,52.829787234042556,0.0
2025-03-18 04:30:00,98.60267777940199,0.0,53.808510638297875,0.0
2025-03-18 05:00:00,97.3197675634281,0.0,53.212765957446805,0.0
2025-03-18 05:30:00,91.62769820635162,0.0,53.0,0.0
2025-03-18 06:00:00,95.09198947843095,0.0,50.765957446808514,0.0
2025-03-18 06:30:00,99.4124695288113,0.0,50.0,0.0
2025-03-18 07:00:00,90.07810022050565,0.0,46.48936170212766,0.0
2025-03-18 07:30:00,75.26862640906862,0.0,40.914893617021285,0.0
2025-03-18 08:00:00,77.5324939706241,0.0,38.340425531914896,0.0
2025-03-18 08:30:00,73.13660874703318,0.0,37.361702127659576,0.0
2025-03-18 09:00:00,74.2906851974731,0.0,38.234042553191486,0.0
2025-03-18 09:30:00,75.49438461893504,0.0,37.21276595744681,0.0
2025-03-18 10:00:00,69.17851917936846,0.0,36.57446808510638,0.0
2025-03-18 10:30:00,69.6396906325505,0.0,35.8936170212766,0.0
2025-03-18 11:00:00,79.17931249958093,0.0,36.06382978723404,0.0
2025-03-18 11:30:00,75.72186796592518,0.0,37.51063829787234,0.0
2025-03-18 12:00:00,67.34367497971806,0.0,37.51063829787234,0.0
2025-03-18 12:30:00,80.28146009139893,0.0,37.0,0.0
2025-03-18 13:00:00,78.7685083476261,0.0,37.4468085106383,0.0
2025-03-18 13:30:00,75.4858939387212,0.0,38.42553191489361,0.0
2025-03-18 14:00:00,74.29282963722525,0.0,39.0,0.0
2025-03-18 14:30:00,83.53762523977936,0.0,39.0,0.0
2025-03-18 15:00:00,79.64735833670153,0.0,38.63829787234043,0.0
2025-03-18 15:30:00,87.21309545610777,0.0,38.0,0.0
2025-03-18 16:00:00,79.20860815816049,0.0,38.31914893617021,0.0
2025-03-18 16:30:00,79.48471405309422,0.0,39.595744680851055,0.0
2025-03-18 17:00:00,77.17027243381916,0.0,41.0,0.0
2025-03-18 17:30:00,82.2752062442373,0.0,41.25531914893617,0.0
2025-03-18 18:00:00,80.47798537627023,0.0,42.0,0.0
2025-03-18 18:30:00,83.48197572380573,0.0,42.85106382978722,0.0
2025-03-18 19:00:00,81.83158017855637,0.0,45.61702127659574,0.0
2025-03-18 19:30:00,84.63642727204441,0.0,43.829787234042556,0.0
2025-03-18 20:00:00,84.7468585467576,0.0,43.29787234042553,0.0
2025-03-18 20:30:00,92.08246082310174,0.0,45.0,0.0
2025-03-18 21:00:00,95.33408404327373,0.0,45.531914893617014,0.0
2025-03-18 21:30:00,87.98240760219043,0.0,50.25531914893617,0.0
2025-03-18 22:00:00,92.8761187781017,0.0,53.06382978723405,0.0
2025-03-18 22:30:00,98.25141167249589,0.0,53.95744680851064,0.0
2025-03-18 23:00:00,93.63887321646013,0.0,53.02127659574467,0.0
2025-03-18 23:30:00,101.42889173485021,0.0,54.00000000000001,0.0
2025-03-19 00:00:00,615.9584737970991,0.0,265.0,0.0
2025-03-19 00:30:00,724.5699012318554,0.0,288.0,0.0
2025-03-19 01:00:00,806.8527980917785,0.0,337.0,0.0
2025-03-19 01:30:00,601.635839968124,0.0,246.0,0.0
2025-03-19 02:00:00,644.491617807129,0.0,247.0,0.0
2025-03-19 02:30:00,640.1643182727578,0.0,282.0,0.0
2025-03-19 03:00:00,715.4490226821255,0.0,263.0,0.0
2025-03-19 03:30:00,777.1921294194555,0.0,311.0,0.0
2025-03-19 04:00:00,685.0862329762014,0.0,272.0,0.0
2025-03-19 04:30:00,645.2996495534244,0.0,260.0,0.0
2025-03-19 05:00:00,687.5539289993465,0.0,281.0,0.0
2025-03-19 05:30:00,670.8101236836092,0.0,263.0,0.0
2025-03-19 06:00:00,614.961013276853,0.0,257.0,0.0
2025-03-19 06:30:00,812.3203381680421,0.0,336.0,0.0
2025-03-19 07:00:00,764.7820449702557,0.0,327.0,0.0
2025-03-19 07:30:00,727.3974703832633,0.0,282.0,0.0
2025-03-19 08:00:00,624.7105228047474,0.0,240.0,0.0
2025-03-19 08:30:00,815.010847123214,0.0,304.0,0.0
2025-03-19 09:00:00,848.0988142153701,0.0,351.0,0.0
2025-03-19 09:30:00,721.9942923181758,0.0,303.0,0.0
2025-03-19 10:00:00,772.3354976088827,0.0,300.0,0.0
2025-03-19 10:30:00,699.4803889133226,0.0,267.0,0.0
2025-03-19 11:00:00,808.6879577298954,0.0,344.0,0.0
2025-03-19 11:30:00,935.7111469837233,0.0,330.0,0.0
2025-03-19 12:00:00,775.6259282226519,0.0,319.0,0.0
2025-03-19 12:30:00,733.5056706439568,0.0,299.0,0.0
2025-03-19 13:00:00,670.1510853205975,0.0,262.0,0.0
2025-03-19 13:30:00,787.4908042655851,0.0,337.0,0.0
2025-03-19 14:00:00,888.7441466098113,0.0,354.0,0.0
2025-03-19 14:30:00,723.824641375374,0.0,275.0,0.0
2025-03-19 15:00:00,740.4596597819051,0.0,309.0,0.0
2025-03-19 15:30:00,755.8209779175621,0.0,262.0,0.0
2025-03-19 16:00:00,662.0058568044234,0.0,260.0,0.0
2025-03-19 16:30:00,604.1297892424066,0.0,262.0,0.0
2025-03-19 17:00:00,747.9113075233716,0.0,261.0,0.0
2025-03-19 17:30:00,749.0323012657232,0.0,258.0,0.0
2025-03-19 18:00:00,658.9609972375717,0.0,261.0,0.0
2025-03-19 18:30:00,608.3853579538716,0.0,237.0,0.0
2025-03-19 19:00:00,643.8963977684522,0.0,258.0,0.0
2025-03-19 19:30:00,725.910555429492,0.0,282.0,0.0
2025-03-19 20:00:00,803.9325106836347,0.0,333.0,0.0
2025-03-19 20:30:00,663.3544718035789,0.0,286.0,0.0
2025-03-19 21:00:00,622.1304231176351,0.0,219.0,0.0
2025-03-19 21:30:00,669.0886781806388,0.0,243.0,0.0
2025-03-19 22:00:00,696.6708588334725,0.0,307.0,0.0
2025-03-19 22:30:00,746.2060421776007,0.0,276.0,0.0
2025-03-19 23:00:00,696.1922385375408,0.0,226.0,0.0
2025-03-19 23:30:00,680.4506519139331,0.0,257.0,0.0
2025-03-20 00:00:00,631.5680180958998,0.0,238.0,0.0
2025-03-20 00:30:00,607.3755045745964,0.0,249.0,0.0
2025-03-20 01:00:00,659.036903520894,0.0,248.00000000000003,0.0
2025-03-20 01:30:00,769.3640360743184,0.0,303.0,0.0
2025-03-20 02:00:00,832.5147568549064,0.0,344.0,0.0
2025-03-20 02:30:00,730.4764158881662,0.0,288.0,0.0
2025-03-20 03:00:00,659.5625475632787,0.0,270.0,0.0
2025-03-20 03:30:00,786.4207486378205,0.0,295.0,0.0
2025-03-20 04:00:00,832.7178959549261,0.0,351.0,0.0
2025-03-20 04:30:00,770.7807628343847,0.0,325.0,0.0
2025-03-20 05:00:00,631.3901509625861,0.0,241.99999999999997,0.0
2025-03-20 05:30:00,623.222945432824,0.0,274.0,0.0
2025-03-20 06:00:00,653.9208688893948,0.0,284.0,0.0
2025-03-20 06:30:00,791.3184584483606,0.0,324.0,0.0
2025-03-20 07:00:00,767.717250337999,0.0,302.0,0.0
2025-03-20 07:30:00,700.587637209696,0.0,281.0,0.0
2025-03-20 08:00:00,712.5173330506511,0.0,272.0,0.0
2025-03-20 08:30:00,716.1856767125435,0.0,283.0,0.0
2025-03-20 09:00:00,962.2653975120431,0.0,387.0,0.0
2025-03-20 09:30:00,996.5184091977244,0.0,397.0,0.0
2025-03-20 10:00:00,780.6384776961734,0.0,314.0,0.0
2025-03-20 10:30:00,734.3282412711785,0.0,305.0,0.0
2025-03-20 11:00:00,759.8192192285235,0.0,293.0,0.0
2025-03-20 11:30:00,973.1410788111803,0.0,399.0,0.0
2025-03-20 12:00:00,835.9937653726095,0.0,369.0,0.0
2025-03-20 12:30:00,735.9997950576478,0.0,303.0,0.0
2025-03-20 13:00:00,712.7069786718104,0.0,280.0,0.0
2025-03-20 13:30:00,705.2883201615464,0.0,298.0,0.0
2025-03-20 14:00:00,884.8501714561902,0.0,381.0,0.0
2025-03-20 14:30:00,758.3308537553238,0.0,338.0,0.0
2025-03-20 15:00:00,769.1695089054388,0.0,288.0,0.0
2025-03-20 15:30:00,786.7797160217732,0.0,297.0,0.0
2025-03-20 16:00:00,725.1176897430623,0.0,290.0,0.0
2025-03-20 16:30:00,738.2974004726934,0.0,287.0,0.0
2025-03-20 17:00:00,788.1234463223366,0.0,394.0,0.0
2025-03-20 17:30:00,779.2698206835573,0.0,317.0,0.0
2025-03-20 18:00:00,727.6620664839226,0.0,302.0,0.0
2025-03-20 18:30:00,647.2573391992872,0.0,255.0,0.0
2025-03-20 19:00:00,812.8950611678749,0.0,327.0,0.0
2025-03-20 19:30:00,971.9945418041616,0.0,363.0,0.0
2025-03-20 20:00:00,737.7167042234865,0.0,303.0,0.0
2025-03-20 20:30:00,701.6650212643145,0.0,276.0,0.0
2025-03-20 21:00:00,733.6564160414448,0.0,301.0,0.0
2025-03-20 21:30:00,976.0768664050597,0.0,375.0,0.0
2025-03-20 22:00:00,745.5937943591343,0.0,332.0,0.0
2025-03-20 22:30:00,749.7914340548426,0.0,312.0,0.0
2025-03-20 23:00:00,767.5532764279258,0.0,283.0,0.0
2025-03-20 23:30:00,641.6104602268933,0.0,309.0,0.0
2025-03-21 00:00:00,765.6134627296686,0.0,299.0,0.0
2025-03-21 00:30:00,647.3762812112777,0.0,267.0,0.0
2025-03-21 01:00:00,694.7401837203649,0.0,290.0,0.0
2025-03-21 01:30:00,805.3748783395248,0.0,266.0,0.0
2025-03-21 02:00:00,722.0644598295046,0.0,280.0,0.0
2025-03-21 02:30:00,669.2461216224517,0.0,283.0,0.0
2025-03-21 03:00:00,660.1664029056284,0.0,290.0,0.0
2025-03-21 03:30:00,672.0323018759847,0.0,321.0,0.0
2025-03-21 04:00:00,660.3245777040282,0.0,271.0,0.0
2025-03-21 04:30:00,874.0710894599712,0.0,321.0,0.0
2025-03-21 05:00:00,708.2628714067944,0.0,283.0,0.0
2025-03-21 05:30:00,660.7801379971779,0.0,275.0,0.0
2025-03-21 06:00:00,679.7988018590764,0.0,273.0,0.0
2025-03-21 06:30:00,619.1461404231527,0.0,266.0,0.0
2025-03-21 07:00:00,668.6792910550863,0.0,268.0,0.0
2025-03-21 07:30:00,810.5013793606231,0.0,323.0,0.0
2025-03-21 08:00:00,775.3277572219994,0.0,316.0,0.0
2025-03-21 08:30:00,731.3062099273877,0.0,254.0,0.0
2025-03-21 09:00:00,733.4244604058097,0.0,274.0,0.0
2025-03-21 09:30:00,691.8722134561652,0.0,264.0,0.0
2025-03-21 10:00:00,635.5167007502091,0.0,260.0,0.0
2025-03-21 10:30:00,826.5503950334539,0.0,326.0,0.0
2025-03-21 11:00:00,695.0675177488446,0.0,233.0,0.0
2025-03-21 11:30:00,692.8863709147323,0.0,278.0,0.0
2025-03-21 12:00:00,680.1400185479139,0.0,274.0,0.0
2025-03-21 12:30:00,726.3021024848452,0.0,260.0,0.0
2025-03-21 13:00:00,679.4170926003461,0.0,281.0,0.0
2025-03-21 13:30:00,684.5263138503766,0.0,254.99999999999997,0.0
2025-03-21 14:00:00,623.462625308445,0.0,254.0,0.0
2025-03-21 14:30:00,740.3063476092209,0.0,280.0,0.0
2025-03-21 15:00:00,673.9014877175625,0.0,268.0,0.0
2025-03-21 15:30:00,683.3607037827328,0.0,261.0,0.0
2025-03-21 16:00:00,671.90270176018,0.0,241.0,0.0
2025-03-21 16:30:00,567.3779082509218,0.0,241.0,0.0
2025-03-21 17:00:00,560.4548930861827,0.0,240.0,0.0
2025-03-21 17:30:00,590.0427807659123,0.0,238.0,0.0
2025-03-21 18:00:00,587.7387207396318,0.0,228.0,0.0
2025-03-21 18:30:00,487.97279160030956,0.0,214.0,0.0
2025-03-21 19:00:00,630.258042631514,0.0,235.0,0.0
2025-03-21 19:30:00,561.2618351999043,0.0,211.0,0.0
2025-03-21 20:00:00,641.4871753443615,0.0,229.0,0.0
2025-03-21 20:30:00,523.16335790973,0.0,226.0,0.0
2025-03-21 21:00:00,585.7791826486241,0.0,220.99999999999997,0.0
2025-03-21 21:30:00,554.5703714443289,0.0,239.0,0.0
2025-03-21 22:00:00,609.2561455915522,0.0,228.0,0.0
2025-03-21 22:30:00,781.0233406364258,0.0,308.0,0.0
2025-03-21 23:00:00,670.6457775145949,0.0,243.0,0.0
2025-03-21 23:30:00,727.1200044674117,0.0,283.0,0.0
2025-03-22 00:00:00,935.9458038425801,0.0,355.0,0.0
2025-03-22 00:30:00,824.2503452589671,0.0,295.0,0.0
2025-03-22 01:00:00,839.7951370631177,0.0,317.0,0.0
2025-03-22 01:30:00,820.6436265900113,0.0,313.0,0.0
2025-03-22 02:00:00,741.957066648716,0.0,273.0,0.0
2025-03-22 02:30:00,1000.4722749591565,0.0,341.0,0.0
2025-03-22 03:00:00,843.627656956731,0.0,286.0,0.0
2025-03-22 03:30:00,772.0791269591256,0.0,292.0,0.0
2025-03-22 04:00:00,778.687361666872,0.0,282.0,0.0
2025-03-22 04:30:00,764.1401631491012,0.0,262.0,0.0
2025-03-22 05:00:00,633.2999092736131,0.0,240.00000000000003,0.0
2025-03-22 05:30:00,846.0997243453909,0.0,312.0,0.0
2025-03-22 06:00:00,940.2026098839641,0.0,350.0,0.0
2025-03-22 06:30:00,678.9619111056516,0.0,244.0,0.0
2025-03-22 07:00:00,597.1843114286314,0.0,228.0,0.0
2025-03-22 07:30:00,579.3118744717933,0.0,221.0,0.0
2025-03-22 08:00:00,748.7487373206698,0.0,282.0,0.0
2025-03-22 08:30:00,767.2667726448368,0.0,268.0,0.0
2025-03-22 09:00:00,673.2670310703427,0.0,229.00000000000003,0.0
2025-03-22 09:30:00,707.3857414014493,0.0,234.0,0.0
2025-03-22 10:00:00,804.3943922639655,0.0,250.0,0.0
2025-03-22 10:30:00,772.8276062292107,0.0,239.99999999999997,0.0
2025-03-22 11:00:00,693.1797814084432,0.0,247.0,0.0
2025-03-22 11:30:00,739.8223316226644,0.0,248.0,0.0
2025-03-22 12:00:00,929.3216686325495,0.0,347.0,0.0
2025-03-22 12:30:00,828.5298940702031,0.0,299.0,0.0
2025-03-22 13:00:00,734.9577995580388,0.0,264.0,0.0
2025-03-22 13:30:00,775.1777381426899,0.0,263.0,0.0
2025-03-22 14:00:00,822.1728887209382,0.0,306.0,0.0
2025-03-22 14:30:00,1080.4492005200764,0.0,375.0,0.0
2025-03-22 15:00:00,756.5571512745059,0.0,292.0,0.0
2025-03-22 15:30:00,730.5014613535647,0.0,270.0,0.0
2025-03-22 16:00:00,871.6713674928444,0.0,273.0,0.0
2025-03-22 16:30:00,845.6887486771037,0.0,311.0,0.0
2025-03-22 17:00:00,1078.422904507143,0.0,371.0,0.0
2025-03-22 17:30:00,768.7919738577087,0.0,284.0,0.0
2025-03-22 18:00:00,748.2964744090962,0.0,268.0,0.0
2025-03-22 18:30:00,740.5215548174077,0.0,276.0,0.0
2025-03-22 19:00:00,956.8868969671307,0.0,359.0,0.0
2025-03-22 19:30:00,923.5362605785419,0.0,349.0,0.0
2025-03-22 20:00:00,763.8685375100639,0.0,264.0,0.0
2025-03-22 20:30:00,717.9141677030473,0.0,270.0,0.0
2025-03-22 21:00:00,763.0870676434915,0.0,258.0,0.0
2025-03-22 21:30:00,846.9959789685922,0.0,293.0,0.0
2025-03-22 22:00:00,994.3347963641361,0.0,363.0,0.0
2025-03-22 22:30:00,952.3121824281252,0.0,351.0,0.0
2025-03-22 23:00:00,768.9668359541104,0.0,272.0,0.0
2025-03-22 23:30:00,773.7608466188315,0.0,298.0,0.0
2025-03-23 00:00:00,846.8959642031189,0.0,321.0,0.0
2025-03-23 00:30:00,669.7600863725236,0.0,282.0,0.0
2025-03-23 01:00:00,644.0932576904261,0.0,238.0,0.0
2025-03-23 01:30:00,617.839577572833,0.0,238.0,0.0
2025-03-23 02:00:00,767.736167002542,0.0,307.0,0.0
2025-03-23 02:30:00,789.6028617709999,0.0,333.0,0.0
2025-03-23 03:00:00,763.0385620698871,0.0,298.0,0.0
2025-03-23 03:30:00,634.1770045830074,0.0,245.0,0.0
2025-03-23 04:00:00,619.4876799214737,0.0,260.0,0.0
2025-03-23 04:30:00,754.1223221569605,0.0,310.0,0.0
2025-03-23 05:00:00,725.193479676536,0.0,347.0,0.0
2025-03-23 05:30:00,650.1813806953011,0.0,293.0,0.0
2025-03-23 06:00:00,566.4784665068267,0.0,263.0,0.0
2025-03-23 06:30:00,581.3741939199722,0.0,288.0,0.0
2025-03-23 07:00:00,752.2724522869984,0.0,327.0,0.0
2025-03-23 07:30:00,789.6923300727883,0.0,323.0,0.0
2025-03-23 08:00:00,600.0591261135468,0.0,224.00000000000003,0.0
2025-03-23 08:30:00,624.1117135320033,0.0,233.0,0.0
2025-03-23 09:00:00,683.153566979701,0.0,235.99999999999997,0.0
2025-03-23 09:30:00,814.9948701723453,0.0,309.0,0.0
2025-03-23 10:00:00,711.3225016785914,0.0,284.0,0.0
2025-03-23 10:30:00,634.5324815014994,0.0,238.0,0.0
2025-03-23 11:00:00,628.0899254059796,0.0,252.0,0.0
2025-03-23 11:30:00,581.2687809775297,0.0,256.0,0.0
2025-03-23 12:00:00,702.5700324488209,0.0,300.0,0.0
2025-03-23 12:30:00,741.0655911814547,0.0,313.0,0.0
2025-03-23 13:00:00,632.8798915005369,0.0,257.0,0.0
2025-03-23 13:30:00,604.9141600573719,0.0,246.00000000000003,0.0
2025-03-23 14:00:00,644.9735463557948,0.0,269.0,0.0
2025-03-23 14:30:00,679.0021253071643,0.0,251.0,0.0
2025-03-23 15:00:00,735.4131390518493,0.0,300.0,0.0
2025-03-23 15:30:00,822.3305712438471,0.0,308.0,0.0
2025-03-23 16:00:00,639.5498515723684,0.0,281.0,0.0
2025-03-23 16:30:00,651.6481842345183,0.0,286.0,0.0
2025-03-23 17:00:00,667.1583724432076,0.0,282.0,0.0
2025-03-23 17:30:00,767.2808469744588,0.0,344.0,0.0
2025-03-23 18:00:00,731.8311533496626,0.0,279.0,0.0
2025-03-23 18:30:00,622.2788546298883,0.0,274.0,0.0
2025-03-23 19:00:00,599.4974743588097,0.0,250.0,0.0
2025-03-23 19:30:00,619.066421769799,0.0,278.0,0.0
2025-03-23 20:00:00,789.073093710468,0.0,336.0,0.0
2025-03-23 20:30:00,782.7150501256665,0.0,315.0,0.0
2025-03-23 21:00:00,669.2865691858045,0.0,286.0,0.0
2025-03-23 21:30:00,622.9210254049409,0.0,260.0,0.0
2025-03-23 22:00:00,750.8255064417722,0.0,305.0,0.0
2025-03-23 22:30:00,871.8231757562023,0.0,315.0,0.0
2025-03-23 23:00:00,719.7783709068744,0.0,303.0,0.0
2025-03-23 23:30:00,617.2003591137918,0.0,264.0,0.0
2025-03-24 00:00:00,581.4598556064387,0.0,229.0,0.0
2025-03-24 00:30:00,671.3489052166767,0.0,230.0,0.0
2025-03-24 01:00:00,698.6142634590199,0.0,271.0,0.0
2025-03-24 01:30:00,824.5240898080783,0.0,308.0,0.0
2025-03-24 02:00:00,634.3781185076518,0.0,245.00000000000003,0.0
2025-03-24 02:30:00,654.9362951503218,0.0,246.0,0.0
2025-03-24 03:00:00,636.9104293733267,0.0,232.0,0.0
2025-03-24 03:30:00,729.395252625945,0.0,301.0,0.0
2025-03-24 04:00:00,728.4080805358141,0.0,271.0,0.0
2025-03-24 04:30:00,613.8265339719292,0.0,232.0,0.0
2025-03-24 05:00:00,613.0044611346034,0.0,249.0,0.0
2025-03-24 05:30:00,589.9261115023179,0.0,256.0,0.0
2025-03-24 06:00:00,618.3977791951156,0.0,281.0,0.0
2025-03-24 06:30:00,785.2090984426254,0.0,343.0,0.0
2025-03-24 07:00:00,691.0727162294475,0.0,240.99999999999997,0.0
2025-03-24 07:30:00,608.7028844695419,0.0,273.0,0.0
2025-03-24 08:00:00,605.9487246836167,0.0,253.0,0.0
2025-03-24 08:30:00,745.6428035147907,0.0,271.0,0.0
2025-03-24 09:00:00,726.9199161564401,0.0,298.0,0.0
2025-03-24 09:30:00,691.357886876684,0.0,295.0,0.0
2025-03-24 10:00:00,702.2826689935318,0.0,275.0,0.0
2025-03-24 10:30:00,662.3407616202663,0.0,269.0,0.0
2025-03-24 11:00:00,700.8001404657342,0.0,270.0,0.0
2025-03-24 11:30:00,660.1633237149105,0.0,241.0,0.0
2025-03-24 12:00:00,689.5881794455971,0.0,276.0,0.0
2025-03-24 12:30:00,693.3865118053654,0.0,278.0,0.0
2025-03-24 13:00:00,642.5319588896418,0.0,244.0,0.0
2025-03-24 13:30:00,798.0126494594695,0.0,292.0,0.0
2025-03-24 14:00:00,662.6322124652091,0.0,245.0,0.0
2025-03-24 14:30:00,597.7979982632805,0.0,261.0,0.0
2025-03-24 15:00:00,669.796697970116,0.0,253.0,0.0
2025-03-24 15:30:00,634.0499419626058,0.0,267.0,0.0
2025-03-24 16:00:00,681.3957446174524,0.0,258.0,0.0
2025-03-24 16:30:00,893.3176742600382,0.0,325.0,0.0
2025-03-24 17:00:00,668.9234453466386,0.0,276.0,0.0
2025-03-24 17:30:00,678.7747384368943,0.0,282.0,0.0
2025-03-24 18:00:00,657.5887252494351,0.0,286.0,0.0
2025-03-24 18:30:00,689.4040808013924,0.0,300.0,0.0
2025-03-24 19:00:00,908.4294291361223,0.0,369.0,0.0
2025-03-24 19:30:00,844.5395434499814,0.0,319.0,0.0
2025-03-24 20:00:00,788.3922307777425,0.0,291.0,0.0
2025-03-24 20:30:00,668.1553047717211,0.0,269.0,0.0
2025-03-24 21:00:00,734.2899164488156,0.0,344.0,0.0
2025-03-24 21:30:00,917.125698167073,0.0,369.0,0.0
2025-03-24 22:00:00,750.2548365636487,0.0,297.0,0.0
2025-03-24 22:30:00,779.7071917601202,0.0,311.0,0.0
2025-03-24 23:00:00,764.4299886250335,0.0,301.0,0.0
2025-03-24 23:30:00,749.8373506019891,0.0,307.0,0.0
2025-03-25 00:00:00,98.40782613666,0.0,55.0,0.0
2025-03-25 00:30:00,105.18210238676883,0.0,53.04255319148936,0.0
2025-03-25 01:00:00,88.484039147437,0.0,53.0,0.0
2025-03-25 01:30:00,100.93320712860833,0.0,53.93617021276596,0.0
2025-03-25 02:00:00,96.15647069046621,0.0,54.0,0.0
2025-03-25 02:30:00,94.79716071633202,0.0,50.42553191489362,0.0
2025-03-25 03:00:00,93.17620130689309,0.0,51.74468085106383,0.0
2025-03-25 03:30:00,94.64063887845042,0.0,51.99999999999999,0.0
2025-03-25 04:00:00,102.01656358631067,0.0,52.82978723404255,0.0
2025-03-25 04:30:00,98.58062728150013,0.0,53.808510638297875,0.0
2025-03-25 05:00:00,104.08690643411093,0.0,53.2127659574468,0.0
2025-03-25 05:30:00,101.42921424225867,0.0,52.99999999999999,0.0
2025-03-25 06:00:00,96.32528421304085,0.0,50.76595744680852,0.0
2025-03-25 06:30:00,101.90294915688537,0.0,50.0,0.0
2025-03-25 07:00:00,93.57014555289881,0.0,46.48936170212767,0.0
2025-03-25 07:30:00,85.62873403034345,0.0,40.91489361702128,0.0
2025-03-25 08:00:00,76.44993353312724,0.0,38.340425531914896,0.0
2025-03-25 08:30:00,76.84739888853274,0.0,37.361702127659576,0.0
2025-03-25 09:00:00,72.94874764940475,0.0,38.234042553191486,0.0
2025-03-25 09:30:00,79.55431910069841,0.0,37.21276595744681,0.0
2025-03-25 10:00:00,71.17264300269098,0.0,36.57446808510638,0.0
2025-03-25 10:30:00,78.72332200824466,0.0,35.8936170212766,0.0
2025-03-25 11:00:00,76.5787282565909,0.0,36.06382978723404,0.0
2025-03-25 11:30:00,82.30750237047948,0.0,37.51063829787234,0.0
2025-03-25 12:00:00,80.1502314689745,0.0,37.51063829787234,0.0
2025-03-25 12:30:00,84.28224578391077,0.0,37.0,0.0
2025-03-25 13:00:00,80.5496456025755,0.0,37.4468085106383,0.0
2025-03-25 13:30:00,72.12703443937322,0.0,38.42553191489361,0.0
2025-03-25 14:00:00,79.2629124932117,0.0,39.0,0.0
2025-03-25 14:30:00,75.48763239655791,0.0,39.0,0.0
2025-03-25 15:00:00,76.2514526969784,0.0,38.63829787234043,0.0
2025-03-25 15:30:00,83.81781506169574,0.0,38.0,0.0
2025-03-25 16:00:00,80.05167636307998,0.0,38.31914893617021,0.0
2025-03-25 16:30:00,75.2482996820961,0.0,39.595744680851055,0.0
2025-03-25 17:00:00,73.87542374545026,0.0,41.0,0.0
2025-03-25 17:30:00,79.17658761624982,0.0,41.255319148936174,0.0
2025-03-25 18:00:00,73.29198317797385,0.0,42.0,0.0
2025-03-25 18:30:00,75.92849039223323,0.0,42.85106382978722,0.0
2025-03-25 19:00:00,85.33248047164392,0.0,45.61702127659575,0.0
2025-03-25 19:30:00,91.51787986819757,0.0,43.829787234042556,0.0
2025-03-25 20:00:00,89.46964929951258,0.0,43.29787234042553,0.0
2025-03-25 20:30:00,78.43187876641902,0.0,45.0,0.0
2025-03-25 21:00:00,90.03928225208195,0.0,45.531914893617014,0.0
2025-03-25 21:30:00,90.37262290530325,0.0,50.25531914893617,0.0
2025-03-25 22:00:00,96.85522264226987,0.0,53.06382978723404,0.0
2025-03-25 22:30:00,104.54932768175817,0.0,53.957446808510646,0.0
2025-03-25 23:00:00,85.02368526699891,0.0,53.02127659574468,0.0
2025-03-25 23:30:00,93.95846831864986,0.0,54.0,0.0
2025-03-26 00:00:00,638.0391216489957,0.0,283.0,0.0
2025-03-26 00:30:00,654.1397606353444,0.0,269.0,0.0
2025-03-26 01:00:00,659.9817698502648,0.0,280.0,0.0
2025-03-26 01:30:00,924.3170690953694,0.0,353.0,0.0
2025-03-26 02:00:00,785.2998420896786,0.0,336.0,0.0
2025-03-26 02:30:00,684.6887924985695,0.0,276.0,0.0
2025-03-26 03:00:00,677.3308163108248,0.0,275.0,0.0
2025-03-26 03:30:00,686.1585752484402,0.0,268.0,0.0
2025-03-26 04:00:00,642.7593840429294,0.0,283.0,0.0
2025-03-26 04:30:00,666.0433843801529,0.0,277.0,0.0
2025-03-26 05:00:00,780.7829928173221,0.0,338.0,0.0
2025-03-26 05:30:00,862.0207422009531,0.0,355.0,0.0
2025-03-26 06:00:00,711.3967309851772,0.0,294.0,0.0
2025-03-26 06:30:00,693.943195044291,0.0,290.0,0.0
2025-03-26 07:00:00,678.9496395004965,0.0,292.0,0.0
2025-03-26 07:30:00,831.830260555838,0.0,325.0,0.0
2025-03-26 08:00:00,942.5568870820351,0.0,357.0,0.0
2025-03-26 08:30:00,753.5913471321962,0.0,286.0,0.0
2025-03-26 09:00:00,737.8732803429215,0.0,295.0,0.0
2025-03-26 09:30:00,770.4221752985941,0.0,304.0,0.0
2025-03-26 10:00:00,921.8538898885661,0.0,390.0,0.0
2025-03-26 10:30:00,820.0856428111208,0.0,337.0,0.0
2025-03-26 11:00:00,769.030099039989,0.0,305.0,0.0
2025-03-26 11:30:00,711.3428796861035,0.0,290.0,0.0
2025-03-26 12:00:00,881.7935801301924,0.0,310.0,0.0
2025-03-26 12:30:00,1024.367610834232,0.0,366.0,0.0
2025-03-26 13:00:00,794.7524207746915,0.0,302.0,0.0
2025-03-26 13:30:00,699.436002912708,0.0,297.0,0.0
2025-03-26 14:00:00,643.9345556856694,0.0,272.0,0.0
2025-03-26 14:30:00,745.3878578034243,0.0,271.0,0.0
2025-03-26 15:00:00,915.1772001283831,0.0,380.0,0.0
2025-03-26 15:30:00,896.5182774834677,0.0,331.0,0.0
2025-03-26 16:00:00,712.6365968264885,0.0,305.0,0.0
2025-03-26 16:30:00,730.723369460567,0.0,288.0,0.0
2025-03-26 17:00:00,838.5085073447596,0.0,350.0,0.0
2025-03-26 17:30:00,859.9665326613465,0.0,374.0,0.0
2025-03-26 18:00:00,718.081561305258,0.0,291.0,0.0
2025-03-26 18:30:00,675.1971891077613,0.0,266.0,0.0
2025-03-26 19:00:00,639.2425628313996,0.0,250.0,0.0
2025-03-26 19:30:00,787.6036707305467,0.0,320.0,0.0
2025-03-26 20:00:00,843.3037015021583,0.0,342.0,0.0
2025-03-26 20:30:00,696.6608680403067,0.0,286.0,0.0
2025-03-26 21:00:00,674.6070300926301,0.0,289.0,0.0
2025-03-26 21:30:00,720.9697574691643,0.0,289.0,0.0
2025-03-26 22:00:00,641.0414024685153,0.0,302.0,0.0
2025-03-26 22:30:00,688.0342948913599,0.0,267.0,0.0
2025-03-26 23:00:00,712.8160073346672,0.0,293.0,0.0
2025-03-26 23:30:00,698.2227852332155,0.0,284.0,0.0
2025-03-27 00:00:00,679.7529229317812,0.0,270.0,0.0
2025-03-27 00:30:00,638.338997881583,0.0,240.0,0.0
2025-03-27 01:00:00,605.2790967826824,0.0,253.0,0.0
2025-03-27 01:30:00,554.9710065796618,0.0,208.0,0.0
2025-03-27 02:00:00,466.83014908243564,0.0,205.0,0.0
2025-03-27 02:30:00,394.55654488343,0.0,149.0,0.0
2025-03-27 03:00:00,347.27392166013084,0.0,136.0,0.0
2025-03-27 03:30:00,300.8088806177249,0.0,144.0,0.0
2025-03-27 04:00:00,286.5695695530223,0.0,139.0,0.0
2025-03-27 04:30:00,293.70986641313334,0.0,140.0,0.0
2025-03-27 05:00:00,309.14749752729307,0.0,139.0,0.0
2025-03-27 05:30:00,274.08187088537755,0.0,137.99999999999997,0.0
2025-03-27 06:00:00,293.99959373255456,0.0,137.0,0.0
2025-03-27 06:30:00,257.2967101909301,0.0,119.0,0.0
2025-03-27 07:00:00,129.67997896196596,0.0,70.0,0.0
2025-03-27 07:30:00,128.7154013323793,0.0,69.0,0.0
2025-03-27 08:00:00,125.86784045567858,0.0,67.0,0.0
2025-03-27 08:30:00,136.26062431412936,0.0,67.0,0.0
2025-03-27 09:00:00,126.73332673231013,0.0,63.99999999999999,0.0
2025-03-27 09:30:00,157.0771149688355,0.0,68.0,0.0
2025-03-27 10:00:00,141.56750665936096,0.0,70.0,0.0
2025-03-27 10:30:00,184.52047950083283,0.0,73.0,0.0
2025-03-27 11:00:00,180.8022738651037,0.0,67.0,0.0
2025-03-27 11:30:00,170.47695249899678,0.0,68.0,0.0
2025-03-27 12:00:00,182.10019938067506,0.0,68.0,0.0
2025-03-27 12:30:00,183.34866158437904,0.0,70.0,0.0
2025-03-27 13:00:00,201.77908485034146,0.0,72.0,0.0
2025-03-27 13:30:00,191.53177457177102,0.0,67.0,0.0
2025-03-27 14:00:00,168.61591243330375,0.0,72.0,0.0
2025-03-27 14:30:00,175.6295579402776,0.0,74.0,0.0
2025-03-27 15:00:00,162.28756527391704,0.0,73.0,0.0
2025-03-27 15:30:00,170.92793868153055,0.0,71.0,0.0
2025-03-27 16:00:00,178.90937546411834,0.0,72.0,0.0
2025-03-27 16:30:00,183.473045527925,0.0,73.0,0.0
2025-03-27 17:00:00,165.7395144534861,0.0,69.0,0.0
2025-03-27 17:30:00,106.60532604200641,0.0,48.0,0.0
2025-03-27 18:00:00,88.26380303697209,0.0,51.0,0.0
2025-03-27 18:30:00,92.96766616336629,0.0,50.0,0.0
2025-03-27 19:00:00,87.77570920103093,0.0,48.99999999999999,0.0
2025-03-27 19:30:00,94.25698373212084,0.0,52.0,0.0
2025-03-27 20:00:00,95.5296419826638,0.0,55.0,0.0
2025-03-27 20:30:00,100.46425688868734,0.0,56.00000000000001,0.0
2025-03-27 21:00:00,92.06874480882308,0.0,56.0,0.0
2025-03-27 21:30:00,96.39916415609876,0.0,61.0,0.0
2025-03-27 22:00:00,118.52424753202357,0.0,63.0,0.0
2025-03-27 22:30:00,104.07935560295385,0.0,65.0,0.0
2025-03-27 23:00:00,106.11319415534487,0.0,64.0,0.0
2025-03-27 23:30:00,122.5815140912317,0.0,66.0,0.0
2025-03-28 00:00:00,772.5037112547358,0.0,299.0,0.0
2025-03-28 00:30:00,681.7113545471706,0.0,267.0,0.0
2025-03-28 01:00:00,687.996540865492,0.0,290.0,0.0
2025-03-28 01:30:00,735.6271644437536,0.0,266.0,0.0
2025-03-28 02:00:00,689.2714632826467,0.0,280.0,0.0
2025-03-28 02:30:00,755.5866152302714,0.0,283.0,0.0
2025-03-28 03:00:00,718.4394325341066,0.0,290.0,0.0
2025-03-28 03:30:00,827.7480909703486,0.0,321.0,0.0
2025-03-28 04:00:00,661.824656328979,0.0,271.0,0.0
2025-03-28 04:30:00,733.5143747943491,0.0,321.0,0.0
2025-03-28 05:00:00,659.7395355794072,0.0,283.0,0.0
2025-03-28 05:30:00,655.1495660664298,0.0,275.0,0.0
2025-03-28 06:00:00,735.0524433371651,0.0,273.0,0.0
2025-03-28 06:30:00,643.9794780850036,0.0,266.0,0.0
2025-03-28 07:00:00,707.2270658410059,0.0,268.0,0.0
2025-03-28 07:30:00,770.0799130072297,0.0,323.0,0.0
2025-03-28 08:00:00,814.9498636832459,0.0,316.0,0.0
2025-03-28 08:30:00,717.0304577572907,0.0,254.0,0.0
2025-03-28 09:00:00,715.3532037894258,0.0,274.0,0.0
2025-03-28 09:30:00,668.1354744376164,0.0,264.0,0.0
2025-03-28 10:00:00,636.621919124962,0.0,260.0,0.0
2025-03-28 10:30:00,808.6830477130192,0.0,326.0,0.0
2025-03-28 11:00:00,628.0986508757687,0.0,233.0,0.0
2025-03-28 11:30:00,683.5850813383527,0.0,278.0,0.0
2025-03-28 12:00:00,666.2526745114749,0.0,274.0,0.0
2025-03-28 12:30:00,686.7051516011376,0.0,260.0,0.0
2025-03-28 13:00:00,740.1412510036215,0.0,281.0,0.0
2025-03-28 13:30:00,644.7467717894989,0.0,255.0,0.0
2025-03-28 14:00:00,633.7879881211062,0.0,254.0,0.0
2025-03-28 14:30:00,699.9624309469858,0.0,280.0,0.0
2025-03-28 15:00:00,713.218408303636,0.0,268.0,0.0
2025-03-28 15:30:00,682.0503202272563,0.0,261.0,0.0
2025-03-28 16:00:00,610.3465348052978,0.0,241.0,0.0
2025-03-28 16:30:00,609.7923402666953,0.0,241.0,0.0
2025-03-28 17:00:00,600.7382262076214,0.0,240.0,0.0
2025-03-28 17:30:00,649.9275800824471,0.0,238.0,0.0
2025-03-28 18:00:00,580.0056080224459,0.0,228.0,0.0
2025-03-28 18:30:00,497.0070802613266,0.0,214.0,0.0
2025-03-28 19:00:00,569.007102134637,0.0,235.0,0.0
2025-03-28 19:30:00,624.4127615655493,0.0,211.0,0.0
2025-03-28 20:00:00,658.9548141413801,0.0,229.0,0.0
2025-03-28 20:30:00,588.9754968177009,0.0,226.0,0.0
2025-03-28 21:00:00,598.077384953206,0.0,221.0,0.0
2025-03-28 21:30:00,649.8954560576783,0.0,239.0,0.0
2025-03-28 22:00:00,600.3330699302271,0.0,228.0,0.0
2025-03-28 22:30:00,736.9572473343075,0.0,308.0,0.0
2025-03-28 23:00:00,698.4772837617012,0.0,243.0,0.0
2025-03-28 23:30:00,721.9196528635028,0.0,283.0,0.0
2025-03-29 00:00:00,193.0562052911329,0.0,65.0,0.0
2025-03-29 00:30:00,175.0158661498282,0.0,66.0,0.0
2025-03-29 01:00:00,182.6249308537054,0.0,65.0,0.0
2025-03-29 01:30:00,159.07082769567762,0.0,62.0,0.0
2025-03-29 02:00:00,163.10719452317073,0.0,65.0,0.0
2025-03-29 02:30:00,154.0285966750205,0.0,65.0,0.0
2025-03-29 03:00:00,156.94366847162377,0.0,66.0,0.0
2025-03-29 03:30:00,165.28448383817462,0.0,63.00000000000001,0.0
2025-03-29 04:00:00,145.86166472186707,0.0,63.0,0.0
2025-03-29 04:30:00,164.1701595522474,0.0,66.0,0.0
2025-03-29 05:00:00,163.63221121265764,0.0,66.0,0.0
2025-03-29 05:30:00,155.90659925593195,0.0,66.0,0.0
2025-03-29 06:00:00,150.01789921834217,0.0,67.0,0.0
2025-03-29 06:30:00,162.2932031346205,0.0,65.0,0.0
2025-03-29 07:00:00,155.4233244498982,0.0,61.0,0.0
2025-03-29 07:30:00,160.46535503225417,0.0,52.99999999999999,0.0
2025-03-29 08:00:00,242.3144655911975,0.0,70.0,0.0
2025-03-29 08:30:00,278.1229032257568,0.0,78.0,0.0
2025-03-29 09:00:00,252.38294992591455,0.0,75.0,0.0
2025-03-29 09:30:00,284.39135482682246,0.0,96.0,0.0
2025-03-29 10:00:00,296.18131813207134,0.0,104.0,0.0
2025-03-29 10:30:00,296.7790013289956,0.0,105.0,0.0
2025-03-29 11:00:00,307.9994848349671,0.0,103.00000000000001,0.0
2025-03-29 11:30:00,302.5883206244174,0.0,106.0,0.0
2025-03-29 12:00:00,280.96553435838155,0.0,105.0,0.0
2025-03-29 12:30:00,287.39362571342997,0.0,105.00000000000001,0.0
2025-03-29 13:00:00,261.57024972964075,0.0,104.0,0.0
2025-03-29 13:30:00,265.2160437528612,0.0,101.0,0.0
2025-03-29 14:00:00,261.28683617868575,0.0,98.0,0.0
2025-03-29 14:30:00,273.68961948225655,0.0,100.0,0.0
2025-03-29 15:00:00,264.71178309863467,0.0,110.0,0.0
2025-03-29 15:30:00,311.37411021195595,0.0,127.0,0.0
2025-03-29 16:00:00,320.8449922963151,0.0,131.0,0.0
2025-03-29 16:30:00,339.71423739658826,0.0,138.0,0.0
2025-03-29 17:00:00,451.696326920829,0.0,180.0,0.0
2025-03-29 17:30:00,563.8726741344462,0.0,216.0,0.0
2025-03-29 18:00:00,527.9964509773079,0.0,213.0,0.0
2025-03-29 18:30:00,566.4158204610635,0.0,201.0,0.0
2025-03-29 19:00:00,580.5914471636937,0.0,200.0,0.0
2025-03-29 19:30:00,540.3898321082488,0.0,194.0,0.0
2025-03-29 20:00:00,485.60323826190603,0.0,209.0,0.0
2025-03-29 20:30:00,444.45641478994906,0.0,217.0,0.0
2025-03-29 21:00:00,559.4699072065392,0.0,217.0,0.0
2025-03-29 21:30:00,602.7614554908262,0.0,231.0,0.0
2025-03-29 22:00:00,742.3362984101492,0.0,311.0,0.0
2025-03-29 22:30:00,576.1212375675383,0.0,235.00000000000003,0.0
2025-03-29 23:00:00,558.4211010648577,0.0,222.0,0.0
2025-03-29 23:30:00,761.5983832836657,0.0,290.0,0.0
2025-03-30 00:00:00,868.0717677462695,0.0,336.0,0.0
2025-03-30 00:30:00,743.9110942411205,0.0,322.0,0.0
2025-03-30 01:00:00,687.1780401384522,0.0,269.0,0.0
2025-03-30 01:30:00,621.5694495318231,0.0,259.0,0.0
2025-03-30 02:00:00,637.145488331084,0.0,256.0,0.0
2025-03-30 02:30:00,859.3923272563046,0.0,363.0,0.0
2025-03-30 03:00:00,832.4560871014858,0.0,305.0,0.0
2025-03-30 03:30:00,634.603845216918,0.0,287.0,0.0
2025-03-30 04:00:00,639.280870474785,0.0,234.0,0.0
2025-03-30 04:30:00,580.1493071584985,0.0,239.0,0.0
2025-03-30 05:00:00,638.0346552021115,0.0,249.0,0.0
2025-03-30 05:30:00,788.131773185357,0.0,302.0,0.0
2025-03-30 06:00:00,888.4395971544724,0.0,356.0,0.0
2025-03-30 06:30:00,713.5742449668932,0.0,269.0,0.0
2025-03-30 07:00:00,632.8767131241625,0.0,234.0,0.0
2025-03-30 07:30:00,650.7421435950291,0.0,269.0,0.0
2025-03-30 08:00:00,731.4993177067423,0.0,280.0,0.0
2025-03-30 08:30:00,900.167665107415,0.0,349.0,0.0
2025-03-30 09:00:00,760.0101313151047,0.0,292.0,0.0
2025-03-30 09:30:00,616.189076628434,0.0,268.0,0.0
2025-03-30 10:00:00,615.0454034670936,0.0,257.0,0.0
2025-03-30 10:30:00,799.8756407185265,0.0,350.0,0.0
2025-03-30 11:00:00,795.9252488523517,0.0,308.0,0.0
2025-03-30 11:30:00,658.7076776338478,0.0,241.0,0.0
2025-03-30 12:00:00,662.7783173468528,0.0,246.0,0.0
2025-03-30 12:30:00,595.7259248297781,0.0,227.0,0.0
2025-03-30 13:00:00,643.6621723360795,0.0,250.0,0.0
2025-03-30 13:30:00,637.3307431735907,0.0,229.0,0.0
2025-03-30 14:00:00,604.384917309827,0.0,240.0,0.0
2025-03-30 14:30:00,763.8048454322999,0.0,294.0,0.0
2025-03-30 15:00:00,832.5814405333165,0.0,335.0,0.0
2025-03-30 15:30:00,712.9684224658387,0.0,281.0,0.0
2025-03-30 16:00:00,674.9074529706694,0.0,292.0,0.0
2025-03-30 16:30:00,605.2589114076028,0.0,257.0,0.0
2025-03-30 17:00:00,617.2212634148677,0.0,270.0,0.0
2025-03-30 17:30:00,650.7692793232751,0.0,263.0,0.0
2025-03-30 18:00:00,594.6812689850526,0.0,252.0,0.0
2025-03-30 18:30:00,634.96458866606,0.0,271.0,0.0
2025-03-30 19:00:00,560.1940611608685,0.0,224.0,0.0
2025-03-30 19:30:00,624.7249245368018,0.0,250.0,0.0
2025-03-30 20:00:00,596.5080945727991,0.0,232.0,0.0
2025-03-30 20:30:00,610.9692829794141,0.0,252.0,0.0
2025-03-30 21:00:00,656.5724877685251,0.0,251.0,0.0
2025-03-30 21:30:00,631.8785253562783,0.0,250.0,0.0
2025-03-30 22:00:00,672.6534901998285,0.0,265.0,0.0
2025-03-30 22:30:00,603.0993681672702,0.0,217.0,0.0
2025-03-30 23:00:00,564.6763118944082,0.0,197.0,0.0
2025-03-30 23:30:00,611.4424328975816,0.0,196.0,0.0
2025-03-31 00:00:00,1152.002799037587,0.0,406.0,0.0
2025-03-31 00:30:00,1054.7134230704762,0.0,373.00000000000006,0.0
2025-03-31 01:00:00,881.1865600195424,0.0,359.0,0.0
2025-03-31 01:30:00,900.3468012958123,0.0,363.0,0.0
2025-03-31 02:00:00,941.2180729329086,0.0,343.0,0.0
2025-03-31 02:30:00,1087.7145924683898,0.0,419.0,0.0
2025-03-31 03:00:00,986.9402160325994,0.0,367.0,0.0
2025-03-31 03:30:00,944.6533717453023,0.0,370.0,0.0
2025-03-31 04:00:00,992.4917430361172,0.0,354.0,0.0
2025-03-31 04:30:00,1058.2856655431704,0.0,378.0,0.0
2025-03-31 05:00:00,1058.2021948665883,0.0,393.0,0.0
2025-03-31 05:30:00,1040.1785935838643,0.0,363.0,0.0
2025-03-31 06:00:00,981.3454366782878,0.0,360.0,0.0
2025-03-31 06:30:00,883.2288085927158,0.0,339.0,0.0
2025-03-31 07:00:00,1076.264422680135,0.0,395.0,0.0
2025-03-31 07:30:00,982.5787811494212,0.0,371.0,0.0
2025-03-31 08:00:00,1022.5534211819756,0.0,335.0,0.0
2025-03-31 08:30:00,979.1396612517502,0.0,336.0,0.0
2025-03-31 09:00:00,967.4146496869934,0.0,334.0,0.0
2025-03-31 09:30:00,1048.6584634002097,0.0,394.0,0.0
2025-03-31 10:00:00,1083.124231031237,0.0,351.0,0.0
2025-03-31 10:30:00,980.1380206748449,0.0,353.0,0.0
2025-03-31 11:00:00,953.5122968320355,0.0,341.0,0.0
2025-03-31 11:30:00,946.0938892101155,0.0,342.0,0.0
2025-03-31 12:00:00,1074.3325458248935,0.0,365.0,0.0
2025-03-31 12:30:00,919.8154638890359,0.0,310.0,0.0
2025-03-31 13:00:00,719.0589189760802,0.0,228.0,0.0
2025-03-31 13:30:00,762.8357791998068,0.0,252.0,0.0
2025-03-31 14:00:00,817.5914084859422,0.0,251.00000000000003,0.0
2025-03-31 14:30:00,962.6524238300075,0.0,343.0,0.0
2025-03-31 15:00:00,1041.757040432023,0.0,357.0,0.0
2025-03-31 15:30:00,1092.8283191717292,0.0,392.0,0.0
2025-03-31 16:00:00,1223.104827182559,0.0,416.99999999999994,0.0
2025-03-31 16:30:00,1339.50289195548,0.0,436.0,0.0
2025-03-31 17:00:00,982.1423059876122,0.0,327.0,0.0
2025-03-31 17:30:00,944.3024679546634,0.0,343.0,0.0
2025-03-31 18:00:00,932.2370212179547,0.0,343.0,0.0
2025-03-31 18:30:00,965.6630199442587,0.0,331.0,0.0
2025-03-31 19:00:00,955.0401652963777,0.0,314.0,0.0
2025-03-31 19:30:00,947.9433105566749,0.0,316.0,0.0
2025-03-31 20:00:00,894.1621725670198,0.0,312.0,0.0
2025-03-31 20:30:00,951.3061093299356,0.0,314.0,0.0
2025-03-31 21:00:00,840.2035578474763,0.0,291.0,0.0
2025-03-31 21:30:00,615.3861154743427,0.0,220.0,0.0
2025-03-31 22:00:00,464.34754745179134,0.0,173.0,0.0
2025-03-31 22:30:00,460.34970547675806,0.0,178.0,0.0
2025-03-31 23:00:00,423.85569130228464,0.0,138.0,0.0
2025-03-31 23:30:00,234.6000331118599,0.0,90.0,0.0
2025-04-01 00:30:00,94.0,0.0,55.0,0.0
2025-04-01 01:00:00,94.0,0.0,53.0,0.0
2025-04-01 01:30:00,93.0,0.0,53.0,0.0
2025-04-01 02:00:00,94.0,0.0,54.0,0.0
2025-04-01 02:30:00,95.0,0.0,54.0,0.0
2025-04-01 03:00:00,92.0,0.0,50.0,0.0
2025-04-01 03:30:00,96.0,0.0,52.0,0.0
2025-04-01 04:00:00,93.0,0.0,52.0,0.0
2025-04-01 04:30:00,93.0,0.0,53.0,0.0
2025-04-01 05:00:00,93.0,0.0,54.0,0.0
2025-04-01 05:30:00,93.0,0.0,53.0,0.0
2025-04-01 06:00:00,93.0,0.0,53.0,0.0
2025-04-01 06:30:00,91.0,0.0,50.0,0.0
2025-04-01 07:00:00,91.0,0.0,50.0,0.0
2025-04-01 07:30:00,88.0,0.0,45.0,0.0
2025-04-01 08:00:00,76.0,0.0,39.0,0.0
2025-04-01 08:30:00,75.0,0.0,38.0,0.0
2025-04-01 09:00:00,74.0,0.0,37.0,0.0
2025-04-01 09:30:00,73.0,0.0,39.0,0.0
2025-04-01 10:00:00,74.0,0.0,36.0,0.0
2025-04-01 10:30:00,73.0,0.0,37.0,0.0
2025-04-01 11:00:00,74.0,0.0,35.0,0.0
2025-04-01 11:30:00,76.0,0.0,37.0,0.0
2025-04-01 12:00:00,75.0,0.0,38.0,0.0
2025-04-01 12:30:00,75.0,0.0,37.0,0.0
2025-04-01 13:00:00,75.0,0.0,37.0,0.0
2025-04-01 13:30:00,76.0,0.0,38.0,0.0
2025-04-01 14:00:00,76.0,0.0,39.0,0.0
2025-04-01 14:30:00,79.0,0.0,39.0,0.0
2025-04-01 15:00:00,76.0,0.0,39.0,0.0
2025-04-01 15:30:00,76.0,0.0,38.0,0.0
2025-04-01 16:00:00,75.0,0.0,38.0,0.0
2025-04-01 16:30:00,76.0,0.0,39.0,0.0
2025-04-01 17:00:00,75.0,0.0,41.0,0.0
2025-04-01 17:30:00,77.0,0.0,41.0,0.0
2025-04-01 18:00:00,76.0,0.0,42.0,0.0
2025-04-01 18:30:00,75.0,0.0,42.0,0.0
2025-04-01 19:00:00,81.0,0.0,46.0,0.0
2025-04-01 19:30:00,84.0,0.0,44.0,0.0
2025-04-01 20:00:00,84.0,0.0,43.0,0.0
2025-04-01 20:30:00,86.0,0.0,45.0,0.0
2025-04-01 21:00:00,86.0,0.0,45.0,0.0
2025-04-01 21:30:00,87.0,0.0,50.0,0.0
2025-04-01 22:00:00,92.0,0.0,53.0,0.0
2025-04-01 22:30:00,94.0,0.0,54.0,0.0
2025-04-01 23:00:00,92.0,0.0,53.0,0.0
2025-04-01 23:30:00,94.0,0.0,54.0,0.0
2025-04-02 00:00:00,92.0,0.0,53.0,0.0
2025-04-02 00:30:00,93.0,0.0,55.0,0.0
2025-04-02 01:00:00,93.0,0.0,55.0,0.0
2025-04-02 01:30:00,96.0,0.0,55.0,0.0
2025-04-02 02:00:00,93.0,0.0,52.0,0.0
2025-04-02 02:30:00,91.0,0.0,51.0,0.0
2025-04-02 03:00:00,93.0,0.0,53.0,0.0
2025-04-02 03:30:00,93.0,0.0,53.0,0.0
2025-04-02 04:00:00,93.0,0.0,55.0,0.0
2025-04-02 04:30:00,93.0,0.0,54.0,0.0
2025-04-02 05:00:00,94.0,0.0,55.0,0.0
2025-04-02 05:30:00,91.0,0.0,51.0,0.0
2025-04-02 06:00:00,91.0,0.0,50.0,0.0
2025-04-02 06:30:00,91.0,0.0,49.0,0.0
2025-04-02 07:00:00,88.0,0.0,45.0,0.0
2025-04-02 07:30:00,89.0,0.0,42.0,0.0
2025-04-02 08:00:00,75.0,0.0,35.0,0.0
2025-04-02 08:30:00,81.0,0.0,33.0,0.0
2025-04-02 09:00:00,80.0,0.0,33.0,0.0
2025-04-02 09:30:00,79.0,0.0,35.0,0.0
2025-04-02 10:00:00,81.0,0.0,35.0,0.0
2025-04-02 10:30:00,82.0,0.0,36.0,0.0
2025-04-02 11:00:00,82.0,0.0,37.0,0.0
2025-04-02 11:30:00,76.0,0.0,39.0,0.0
2025-04-02 12:00:00,77.0,0.0,41.0,0.0
2025-04-02 12:30:00,77.0,0.0,39.0,0.0
2025-04-02 13:00:00,75.0,0.0,39.0,0.0
2025-04-02 13:30:00,75.0,0.0,38.0,0.0
2025-04-02 14:00:00,73.0,0.0,36.0,0.0
2025-04-02 14:30:00,75.0,0.0,38.0,0.0
2025-04-02 15:00:00,74.0,0.0,39.0,0.0
2025-04-02 15:30:00,75.0,0.0,40.0,0.0
2025-04-02 16:00:00,74.0,0.0,39.0,0.0
2025-04-02 16:30:00,73.0,0.0,39.0,0.0
2025-04-02 17:00:00,74.0,0.0,40.0,0.0
2025-04-02 17:30:00,74.0,0.0,41.0,0.0
2025-04-02 18:00:00,74.0,0.0,42.0,0.0
2025-04-02 18:30:00,75.0,0.0,41.0,0.0
2025-04-02 19:00:00,80.0,0.0,45.0,0.0
2025-04-02 19:30:00,80.0,0.0,44.0,0.0
2025-04-02 20:00:00,82.0,0.0,43.0,0.0
2025-04-02 20:30:00,87.0,0.0,49.0,0.0
2025-04-02 21:00:00,96.0,0.0,60.0,0.0
2025-04-02 21:30:00,92.0,0.0,56.0,0.0
2025-04-02 22:00:00,89.0,0.0,53.0,0.0
2025-04-02 22:30:00,91.0,0.0,52.0,0.0
2025-04-02 23:00:00,93.0,0.0,53.0,0.0
2025-04-02 23:30:00,91.0,0.0,51.0,0.0
2025-04-03 00:00:00,92.0,0.0,53.0,0.0
2025-04-03 00:30:00,93.0,0.0,53.0,0.0
2025-04-03 01:00:00,92.0,0.0,53.0,0.0
2025-04-03 01:30:00,93.0,0.0,53.0,0.0
2025-04-03 02:00:00,92.0,0.0,54.0,0.0
2025-04-03 02:30:00,92.0,0.0,54.0,0.0
2025-04-03 03:00:00,92.0,0.0,53.0,0.0
2025-04-03 03:30:00,93.0,0.0,51.0,0.0
2025-04-03 04:00:00,90.0,0.0,51.0,0.0
2025-04-03 04:30:00,92.0,0.0,51.0,0.0
2025-04-03 05:00:00,94.0,0.0,52.0,0.0
2025-04-03 05:30:00,91.0,0.0,52.0,0.0
2025-04-03 06:00:00,94.0,0.0,54.0,0.0
2025-04-03 06:30:00,92.0,0.0,49.0,0.0
2025-04-03 07:00:00,114.0,0.0,49.0,0.0
2025-04-03 07:30:00,132.0,0.0,45.0,0.0
2025-04-03 08:00:00,158.0,0.0,44.0,0.0
2025-04-03 08:30:00,254.0,0.0,79.0,0.0
2025-04-03 09:00:00,345.0,0.0,113.0,0.0
2025-04-03 09:30:00,323.0,0.0,109.0,0.0
2025-04-03 10:00:00,327.0,0.0,111.0,0.0
2025-04-03 10:30:00,328.0,0.0,113.0,0.0
2025-04-03 11:00:00,339.0,0.0,115.0,0.0
2025-04-03 11:30:00,331.0,0.0,112.0,0.0
2025-04-03 12:00:00,325.0,0.0,117.0,0.0
2025-04-03 12:30:00,370.0,0.0,150.0,0.0
2025-04-03 13:00:00,352.0,0.0,130.0,0.0
2025-04-03 13:30:00,358.0,0.0,126.0,0.0
2025-04-03 14:00:00,362.0,0.0,122.0,0.0
2025-04-03 14:30:00,378.0,0.0,131.0,0.0
2025-04-03 15:00:00,356.0,0.0,126.0,0.0
2025-04-03 15:30:00,353.0,0.0,125.0,0.0
2025-04-03 16:00:00,561.0,0.0,209.0,0.0
2025-04-03 16:30:00,619.0,0.0,229.0,0.0
2025-04-03 17:00:00,530.0,0.0,194.0,0.0
2025-04-03 17:30:00,606.0,0.0,219.0,0.0
2025-04-03 18:00:00,517.0,0.0,191.0,0.0
2025-04-03 18:30:00,572.0,0.0,218.0,0.0
2025-04-03 19:00:00,612.0,0.0,211.0,0.0
2025-04-03 19:30:00,746.0,0.0,274.0,0.0
2025-04-03 20:00:00,772.0,0.0,269.0,0.0
2025-04-03 20:30:00,530.0,0.0,186.0,0.0
2025-04-03 21:00:00,520.0,0.0,182.0,0.0
2025-04-03 21:30:00,556.0,0.0,195.0,0.0
2025-04-03 22:00:00,650.0,0.0,232.0,0.0
2025-04-03 22:30:00,837.0,0.0,305.0,0.0
2025-04-03 23:00:00,913.0,0.0,343.0,0.0
2025-04-03 23:30:00,778.0,0.0,291.0,0.0
2025-04-04 00:00:00,693.0,0.0,258.0,0.0
2025-04-04 00:30:00,676.0,0.0,246.0,0.0
2025-04-04 01:00:00,696.0,0.0,261.0,0.0
2025-04-04 01:30:00,733.0,0.0,288.0,0.0
2025-04-04 02:00:00,951.0,0.0,362.0,0.0
2025-04-04 02:30:00,825.0,0.0,311.0,0.0
2025-04-04 03:00:00,754.0,0.0,296.0,0.0
2025-04-04 03:30:00,722.0,0.0,286.0,0.0
2025-04-04 04:00:00,742.0,0.0,286.0,0.0
2025-04-04 04:30:00,1014.0,0.0,396.0,0.0
2025-04-04 05:00:00,809.0,0.0,312.0,0.0
2025-04-04 05:30:00,733.0,0.0,289.0,0.0
2025-04-04 06:00:00,730.0,0.0,285.0,0.0
2025-04-04 06:30:00,741.0,0.0,283.0,0.0
2025-04-04 07:00:00,938.0,0.0,362.0,0.0
2025-04-04 07:30:00,888.0,0.0,332.0,0.0
2025-04-04 08:00:00,753.0,0.0,276.0,0.0
2025-04-04 08:30:00,733.0,0.0,256.0,0.0
2025-04-04 09:00:00,830.0,0.0,297.0,0.0
2025-04-04 09:30:00,985.0,0.0,350.0,0.0
2025-04-04 10:00:00,795.0,0.0,285.0,0.0
2025-04-04 10:30:00,782.0,0.0,273.0,0.0
2025-04-04 11:00:00,726.0,0.0,258.0,0.0
2025-04-04 11:30:00,842.0,0.0,323.0,0.0
2025-04-04 12:00:00,784.0,0.0,288.0,0.0
2025-04-04 12:30:00,745.0,0.0,269.0,0.0
2025-04-04 13:00:00,859.0,0.0,310.0,0.0
2025-04-04 13:30:00,979.0,0.0,350.0,0.0
2025-04-04 14:00:00,772.0,0.0,267.0,0.0
2025-04-04 14:30:00,810.0,0.0,281.0,0.0
2025-04-04 15:00:00,768.0,0.0,262.0,0.0
2025-04-04 15:30:00,758.0,0.0,264.0,0.0
2025-04-04 16:00:00,821.0,0.0,294.0,0.0
2025-04-04 16:30:00,983.0,0.0,345.0,0.0
2025-04-04 17:00:00,815.0,0.0,286.0,0.0
2025-04-04 17:30:00,728.0,0.0,253.0,0.0
2025-04-04 18:00:00,756.0,0.0,275.0,0.0
2025-04-04 18:30:00,861.0,0.0,321.0,0.0
2025-04-04 19:00:00,1025.0,0.0,377.0,0.0
2025-04-04 19:30:00,748.0,0.0,279.0,0.0
2025-04-04 20:00:00,721.0,0.0,266.0,0.0
2025-04-04 20:30:00,711.0,0.0,274.0,0.0
2025-04-04 21:00:00,904.0,0.0,349.0,0.0
2025-04-04 21:30:00,930.0,0.0,355.0,0.0
2025-04-04 22:00:00,749.0,0.0,290.0,0.0
2025-04-04 22:30:00,739.0,0.0,284.0,0.0
2025-04-04 23:00:00,756.0,0.0,289.0,0.0
2025-04-04 23:30:00,923.0,0.0,361.0,0.0
2025-04-05 00:00:00,924.0,0.0,355.0,0.0
2025-04-05 00:30:00,758.0,0.0,295.0,0.0
2025-04-05 01:00:00,800.0,0.0,317.0,0.0
2025-04-05 01:30:00,802.0,0.0,313.0,0.0
2025-04-05 02:00:00,708.0,0.0,273.0,0.0
2025-04-05 02:30:00,885.0,0.0,341.0,0.0
2025-04-05 03:00:00,742.0,0.0,286.0,0.0
2025-04-05 03:30:00,747.0,0.0,292.0,0.0
2025-04-05 04:00:00,750.0,0.0,282.0,0.0
2025-04-05 04:30:00,704.0,0.0,262.0,0.0
2025-04-05 05:00:00,642.0,0.0,240.0,0.0
2025-04-05 05:30:00,808.0,0.0,312.0,0.0
2025-04-05 06:00:00,914.0,0.0,350.0,0.0
2025-04-05 06:30:00,649.0,0.0,244.0,0.0
2025-04-05 07:00:00,605.0,0.0,228.0,0.0
2025-04-05 07:30:00,611.0,0.0,221.0,0.0
2025-04-05 08:00:00,811.0,0.0,282.0,0.0
2025-04-05 08:30:00,789.0,0.0,268.0,0.0
2025-04-05 09:00:00,669.0,0.0,229.0,0.0
2025-04-05 09:30:00,697.0,0.0,234.0,0.0
2025-04-05 10:00:00,712.0,0.0,250.0,0.0
2025-04-05 10:30:00,711.0,0.0,240.0,0.0
2025-04-05 11:00:00,707.0,0.0,247.0,0.0
2025-04-05 11:30:00,706.0,0.0,248.0,0.0
2025-04-05 12:00:00,921.0,0.0,347.0,0.0
2025-04-05 12:30:00,816.0,0.0,299.0,0.0
2025-04-05 13:00:00,707.0,0.0,264.0,0.0
2025-04-05 13:30:00,730.0,0.0,263.0,0.0
2025-04-05 14:00:00,812.0,0.0,306.0,0.0
2025-04-05 14:30:00,996.0,0.0,375.0,0.0
2025-04-05 15:00:00,779.0,0.0,292.0,0.0
2025-04-05 15:30:00,709.0,0.0,270.0,0.0
2025-04-05 16:00:00,749.0,0.0,273.0,0.0
2025-04-05 16:30:00,812.0,0.0,311.0,0.0
2025-04-05 17:00:00,977.0,0.0,371.0,0.0
2025-04-05 17:30:00,743.0,0.0,284.0,0.0
2025-04-05 18:00:00,706.0,0.0,268.0,0.0
2025-04-05 18:30:00,721.0,0.0,276.0,0.0
2025-04-05 19:00:00,937.0,0.0,359.0,0.0
2025-04-05 19:30:00,933.0,0.0,349.0,0.0
2025-04-05 20:00:00,726.0,0.0,264.0,0.0
2025-04-05 20:30:00,728.0,0.0,270.0,0.0
2025-04-05 21:00:00,717.0,0.0,258.0,0.0
2025-04-05 21:30:00,780.0,0.0,293.0,0.0
2025-04-05 22:00:00,948.0,0.0,363.0,0.0
2025-04-05 22:30:00,938.0,0.0,351.0,0.0
2025-04-05 23:00:00,730.0,0.0,272.0,0.0
2025-04-05 23:30:00,763.0,0.0,298.0,0.0
2025-04-06 00:00:00,733.0,0.0,278.0,0.0
2025-04-06 00:30:00,846.0,0.0,327.0,0.0
2025-04-06 01:00:00,998.0,0.0,381.0,0.0
2025-04-06 01:30:00,823.0,0.0,315.0,0.0
2025-04-06 02:00:00,719.0,0.0,278.0,0.0
2025-04-06 02:30:00,712.0,0.0,281.0,0.0
2025-04-06 03:00:00,764.0,0.0,295.0,0.0
2025-04-06 03:30:00,911.0,0.0,355.0,0.0
2025-04-06 04:00:00,926.0,0.0,358.0,0.0
2025-04-06 04:30:00,709.0,0.0,277.0,0.0
2025-04-06 05:00:00,725.0,0.0,277.0,0.0
2025-04-06 05:30:00,728.0,0.0,283.0,0.0
2025-04-06 06:00:00,962.0,0.0,373.0,0.0
2025-04-06 06:30:00,861.0,0.0,330.0,0.0
2025-04-06 07:00:00,723.0,0.0,280.0,0.0
2025-04-06 07:30:00,763.0,0.0,279.0,0.0
2025-04-06 08:00:00,754.0,0.0,268.0,0.0
2025-04-06 08:30:00,762.0,0.0,276.0,0.0
2025-04-06 09:00:00,686.0,0.0,256.0,0.0
2025-04-06 09:30:00,681.0,0.0,265.0,0.0
2025-04-06 10:00:00,703.0,0.0,275.0,0.0
2025-04-06 10:30:00,654.0,0.0,245.0,0.0
2025-04-06 11:00:00,664.0,0.0,246.0,0.0
2025-04-06 11:30:00,614.0,0.0,229.0,0.0
2025-04-06 12:00:00,806.0,0.0,296.0,0.0
2025-04-06 12:30:00,814.0,0.0,288.0,0.0
2025-04-06 13:00:00,623.0,0.0,240.0,0.0
2025-04-06 13:30:00,567.0,0.0,206.0,0.0
2025-04-06 14:00:00,572.0,0.0,219.0,0.0
2025-04-06 14:30:00,871.0,0.0,320.0,0.0
2025-04-06 15:00:00,768.0,0.0,284.0,0.0
2025-04-06 15:30:00,763.0,0.0,287.0,0.0
2025-04-06 16:00:00,806.0,0.0,300.0,0.0
2025-04-06 16:30:00,763.0,0.0,279.0,0.0
2025-04-06 17:00:00,839.0,0.0,319.0,0.0
2025-04-06 17:30:00,793.0,0.0,292.0,0.0
2025-04-06 18:00:00,778.0,0.0,274.0,0.0
2025-04-06 18:30:00,826.0,0.0,295.0,0.0
2025-04-06 19:00:00,835.0,0.0,307.0,0.0
2025-04-06 19:30:00,958.0,0.0,350.0,0.0
2025-04-06 20:00:00,986.0,0.0,370.0,0.0
2025-04-06 20:30:00,925.0,0.0,354.0,0.0
2025-04-06 21:00:00,944.0,0.0,355.0,0.0
2025-04-06 21:30:00,1017.0,0.0,395.0,0.0
2025-04-06 22:00:00,1014.0,0.0,381.0,0.0
2025-04-06 22:30:00,933.0,0.0,354.0,0.0
2025-04-06 23:00:00,950.0,0.0,362.0,0.0
2025-04-06 23:30:00,924.0,0.0,351.0,0.0
2025-04-07 00:00:00,1078.0,0.0,406.0,0.0
2025-04-07 00:30:00,978.0,0.0,373.0,0.0
2025-04-07 01:00:00,948.0,0.0,359.0,0.0
2025-04-07 01:30:00,935.0,0.0,363.0,0.0
2025-04-07 02:00:00,908.0,0.0,343.0,0.0
2025-04-07 02:30:00,1073.0,0.0,419.0,0.0
2025-04-07 03:00:00,959.0,0.0,367.0,0.0
2025-04-07 03:30:00,958.0,0.0,370.0,0.0
2025-04-07 04:00:00,923.0,0.0,354.0,0.0
2025-04-07 04:30:00,989.0,0.0,378.0,0.0
2025-04-07 05:00:00,1024.0,0.0,393.0,0.0
2025-04-07 05:30:00,956.0,0.0,363.0,0.0
2025-04-07 06:00:00,931.0,0.0,360.0,0.0
2025-04-07 06:30:00,896.0,0.0,339.0,0.0
2025-04-07 07:00:00,1026.0,0.0,395.0,0.0
2025-04-07 07:30:00,1002.0,0.0,371.0,0.0
2025-04-07 08:00:00,951.0,0.0,335.0,0.0
2025-04-07 08:30:00,953.0,0.0,336.0,0.0
2025-04-07 09:00:00,948.0,0.0,334.0,0.0
2025-04-07 09:30:00,1054.0,0.0,394.0,0.0
2025-04-07 10:00:00,991.0,0.0,351.0,0.0
2025-04-07 10:30:00,959.0,0.0,353.0,0.0
2025-04-07 11:00:00,946.0,0.0,341.0,0.0
2025-04-07 11:30:00,935.0,0.0,342.0,0.0
2025-04-07 12:00:00,1016.0,0.0,365.0,0.0
2025-04-07 12:30:00,877.0,0.0,310.0,0.0
2025-04-07 13:00:00,684.0,0.0,228.0,0.0
2025-04-07 13:30:00,725.0,0.0,252.0,0.0
2025-04-07 14:00:00,717.0,0.0,251.0,0.0
2025-04-07 14:30:00,954.0,0.0,343.0,0.0
2025-04-07 15:00:00,1038.0,0.0,357.0,0.0
2025-04-07 15:30:00,1106.0,0.0,392.0,0.0
2025-04-07 16:00:00,1152.0,0.0,417.0,0.0
2025-04-07 16:30:00,1231.0,0.0,436.0,0.0
2025-04-07 17:00:00,959.0,0.0,327.0,0.0
2025-04-07 17:30:00,957.0,0.0,343.0,0.0
2025-04-07 18:00:00,944.0,0.0,343.0,0.0
2025-04-07 18:30:00,908.0,0.0,331.0,0.0
2025-04-07 19:00:00,894.0,0.0,314.0,0.0
2025-04-07 19:30:00,896.0,0.0,316.0,0.0
2025-04-07 20:00:00,898.0,0.0,312.0,0.0
2025-04-07 20:30:00,913.0,0.0,314.0,0.0
2025-04-07 21:00:00,811.0,0.0,291.0,0.0
2025-04-07 21:30:00,591.0,0.0,220.0,0.0
2025-04-07 22:00:00,432.0,0.0,173.0,0.0
2025-04-07 22:30:00,442.0,0.0,178.0,0.0
2025-04-07 23:00:00,398.0,0.0,138.0,0.0
2025-04-07 23:30:00,227.0,0.0,90.0,0.0
2025-04-08 00:00:00,155.0,0.0,69.0,0.0
2025-04-08 00:30:00,146.0,0.0,68.0,0.0
2025-04-08 01:00:00,140.0,0.0,65.0,0.0
2025-04-08 01:30:00,138.0,0.0,67.0,0.0
2025-04-08 02:00:00,141.0,0.0,69.0,0.0
2025-04-08 02:30:00,134.0,0.0,64.0,0.0
2025-04-08 03:00:00,132.0,0.0,63.0,0.0
2025-04-08 03:30:00,132.0,0.0,63.0,0.0
2025-04-08 04:00:00,134.0,0.0,65.0,0.0
2025-04-08 04:30:00,135.0,0.0,66.0,0.0
2025-04-08 05:00:00,133.0,0.0,66.0,0.0
2025-04-08 05:30:00,133.0,0.0,66.0,0.0
2025-04-08 06:00:00,132.0,0.0,65.0,0.0
2025-04-08 06:30:00,130.0,0.0,62.0,0.0
2025-04-08 07:00:00,135.0,0.0,61.0,0.0
2025-04-08 07:30:00,156.0,0.0,62.0,0.0
2025-04-08 08:00:00,158.0,0.0,57.0,0.0
2025-04-08 08:30:00,162.0,0.0,58.0,0.0
2025-04-08 09:00:00,163.0,0.0,60.0,0.0
2025-04-08 09:30:00,158.0,0.0,58.0,0.0
2025-04-08 10:00:00,151.0,0.0,57.0,0.0
2025-04-08 10:30:00,148.0,0.0,56.0,0.0
2025-04-08 11:00:00,152.0,0.0,59.0,0.0
2025-04-08 11:30:00,155.0,0.0,61.0,0.0
2025-04-08 12:00:00,158.0,0.0,64.0,0.0
2025-04-08 12:30:00,185.0,0.0,68.0,0.0
2025-04-08 13:00:00,233.0,0.0,80.0,0.0
2025-04-08 13:30:00,225.0,0.0,71.0,0.0
2025-04-08 14:00:00,222.0,0.0,67.0,0.0
2025-04-08 14:30:00,231.0,0.0,77.0,0.0
2025-04-08 15:00:00,228.0,0.0,76.0,0.0
2025-04-08 15:30:00,223.0,0.0,73.0,0.0
2025-04-08 16:00:00,218.0,0.0,72.0,0.0
2025-04-08 16:30:00,204.0,0.0,65.0,0.0
2025-04-08 17:00:00,206.0,0.0,66.0,0.0
2025-04-08 17:30:00,192.0,0.0,68.0,0.0
2025-04-08 18:00:00,166.0,0.0,70.0,0.0
2025-04-08 18:30:00,161.0,0.0,70.0,0.0
2025-04-08 19:00:00,156.0,0.0,65.0,0.0
2025-04-08 19:30:00,159.0,0.0,72.0,0.0
2025-04-08 20:00:00,159.0,0.0,70.0,0.0
2025-04-08 20:30:00,160.0,0.0,72.0,0.0
2025-04-08 21:00:00,164.0,0.0,71.0,0.0
2025-04-08 21:30:00,164.0,0.0,78.0,0.0
2025-04-08 22:00:00,168.0,0.0,76.0,0.0
2025-04-08 22:30:00,170.0,0.0,78.0,0.0
2025-04-08 23:00:00,172.0,0.0,78.0,0.0
2025-04-08 23:30:00,174.0,0.0,81.0,0.0
2025-04-09 00:00:00,173.0,0.0,80.0,0.0
2025-04-09 00:30:00,173.0,0.0,79.0,0.0
2025-04-09 01:00:00,173.0,0.0,79.0,0.0
2025-04-09 01:30:00,174.0,0.0,82.0,0.0
2025-04-09 02:00:00,175.0,0.0,81.0,0.0
2025-04-09 02:30:00,172.0,0.0,79.0,0.0
2025-04-09 03:00:00,173.0,0.0,80.0,0.0
2025-04-09 03:30:00,174.0,0.0,82.0,0.0
2025-04-09 04:00:00,172.0,0.0,80.0,0.0
2025-04-09 04:30:00,176.0,0.0,85.0,0.0
2025-04-09 05:00:00,174.0,0.0,80.0,0.0
2025-04-09 05:30:00,173.0,0.0,81.0,0.0
2025-04-09 06:00:00,173.0,0.0,81.0,0.0
2025-04-09 06:30:00,171.0,0.0,79.0,0.0
2025-04-09 07:00:00,177.0,0.0,79.0,0.0
2025-04-09 07:30:00,246.0,0.0,85.0,0.0
2025-04-09 08:00:00,437.0,0.0,160.0,0.0
2025-04-09 08:30:00,420.0,0.0,143.0,0.0
2025-04-09 09:00:00,468.0,0.0,156.0,0.0
2025-04-09 09:30:00,643.0,0.0,233.0,0.0
2025-04-09 10:00:00,576.0,0.0,183.0,0.0
2025-04-09 10:30:00,619.0,0.0,209.0,0.0
2025-04-09 11:00:00,720.0,0.0,263.0,0.0
2025-04-09 11:30:00,797.0,0.0,285.0,0.0
2025-04-09 12:00:00,711.0,0.0,257.0,0.0
2025-04-09 12:30:00,555.0,0.0,196.0,0.0
2025-04-09 13:00:00,542.0,0.0,187.0,0.0
2025-04-09 13:30:00,541.0,0.0,183.0,0.0
2025-04-09 14:00:00,528.0,0.0,180.0,0.0
2025-04-09 14:30:00,528.0,0.0,176.0,0.0
2025-04-09 15:00:00,565.0,0.0,185.0,0.0
2025-04-09 15:30:00,574.0,0.0,191.0,0.0
2025-04-09 16:00:00,561.0,0.0,189.0,0.0
2025-04-09 16:30:00,635.0,0.0,219.0,0.0
2025-04-09 17:00:00,666.0,0.0,231.0,0.0
2025-04-09 17:30:00,552.0,0.0,195.0,0.0
2025-04-09 18:00:00,606.0,0.0,225.0,0.0
2025-04-09 18:30:00,565.0,0.0,208.0,0.0
2025-04-09 19:00:00,575.0,0.0,220.0,0.0
2025-04-09 19:30:00,833.0,0.0,317.0,0.0
2025-04-09 20:00:00,800.0,0.0,288.0,0.0
2025-04-09 20:30:00,607.0,0.0,224.0,0.0
2025-04-09 21:00:00,591.0,0.0,225.0,0.0
2025-04-09 21:30:00,556.0,0.0,219.0,0.0
2025-04-09 22:00:00,757.0,0.0,284.0,0.0
2025-04-09 22:30:00,929.0,0.0,337.0,0.0
2025-04-09 23:00:00,867.0,0.0,334.0,0.0
2025-04-09 23:30:00,755.0,0.0,286.0,0.0
2025-04-10 00:00:00,663.0,0.0,266.0,0.0
2025-04-10 00:30:00,668.0,0.0,246.0,0.0
2025-04-10 01:00:00,716.0,0.0,277.0,0.0
2025-04-10 01:30:00,693.0,0.0,266.0,0.0
2025-04-10 02:00:00,695.0,0.0,271.0,0.0
2025-04-10 02:30:00,808.0,0.0,314.0,0.0
2025-04-10 03:00:00,1015.0,0.0,406.0,0.0
2025-04-10 03:30:00,892.0,0.0,349.0,0.0
2025-04-10 04:00:00,717.0,0.0,296.0,0.0
2025-04-10 04:30:00,741.0,0.0,303.0,0.0
2025-04-10 05:00:00,759.0,0.0,302.0,0.0
2025-04-10 05:30:00,740.0,0.0,293.0,0.0
2025-04-10 06:00:00,750.0,0.0,295.0,0.0
2025-04-10 06:30:00,734.0,0.0,282.0,0.0
2025-04-10 07:00:00,723.0,0.0,283.0,0.0
2025-04-10 07:30:00,755.0,0.0,290.0,0.0
2025-04-10 08:00:00,797.0,0.0,286.0,0.0
2025-04-10 08:30:00,738.0,0.0,269.0,0.0
2025-04-10 09:00:00,788.0,0.0,278.0,0.0
2025-04-10 09:30:00,674.0,0.0,253.0,0.0
2025-04-10 10:00:00,735.0,0.0,276.0,0.0
2025-04-10 10:30:00,640.0,0.0,241.0,0.0
2025-04-10 11:00:00,667.0,0.0,249.0,0.0
2025-04-10 11:30:00,715.0,0.0,260.0,0.0
2025-04-10 12:00:00,651.0,0.0,239.0,0.0
2025-04-10 12:30:00,735.0,0.0,263.0,0.0
2025-04-10 13:00:00,697.0,0.0,250.0,0.0
2025-04-10 13:30:00,674.0,0.0,248.0,0.0
2025-04-10 14:00:00,713.0,0.0,258.0,0.0
2025-04-10 14:30:00,668.0,0.0,246.0,0.0
2025-04-10 15:00:00,752.0,0.0,261.0,0.0
2025-04-10 15:30:00,840.0,0.0,333.0,0.0
2025-04-10 16:00:00,955.0,0.0,372.0,0.0
2025-04-10 16:30:00,834.0,0.0,314.0,0.0
2025-04-10 17:00:00,831.0,0.0,300.0,0.0
2025-04-10 17:30:00,749.0,0.0,289.0,0.0
2025-04-10 18:00:00,760.0,0.0,290.0,0.0
2025-04-10 18:30:00,803.0,0.0,322.0,0.0
2025-04-10 19:00:00,695.0,0.0,269.0,0.0
2025-04-10 19:30:00,734.0,0.0,289.0,0.0
2025-04-10 20:00:00,828.0,0.0,313.0,0.0
2025-04-10 20:30:00,860.0,0.0,322.0,0.0
2025-04-10 21:00:00,738.0,0.0,284.0,0.0
2025-04-10 21:30:00,697.0,0.0,275.0,0.0
2025-04-10 22:00:00,793.0,0.0,306.0,0.0
2025-04-10 22:30:00,720.0,0.0,285.0,0.0
2025-04-10 23:00:00,721.0,0.0,283.0,0.0
2025-04-10 23:30:00,833.0,0.0,320.0,0.0
2025-04-11 00:00:00,822.0,0.0,311.0,0.0
2025-04-11 00:30:00,775.0,0.0,274.0,0.0
2025-04-11 01:00:00,674.0,0.0,282.0,0.0
2025-04-11 01:30:00,786.0,0.0,325.0,0.0
2025-04-11 02:00:00,740.0,0.0,293.0,0.0
2025-04-11 02:30:00,702.0,0.0,281.0,0.0
2025-04-11 03:00:00,663.0,0.0,269.0,0.0
2025-04-11 03:30:00,687.0,0.0,267.0,0.0
2025-04-11 04:00:00,666.0,0.0,261.0,0.0
2025-04-11 04:30:00,676.0,0.0,258.0,0.0
2025-04-11 05:00:00,742.0,0.0,293.0,0.0
2025-04-11 05:30:00,913.0,0.0,352.0,0.0
2025-04-11 06:00:00,728.0,0.0,284.0,0.0
2025-04-11 06:30:00,597.0,0.0,234.0,0.0
2025-04-11 07:00:00,596.0,0.0,231.0,0.0
2025-04-11 07:30:00,763.0,0.0,287.0,0.0
2025-04-11 08:00:00,885.0,0.0,318.0,0.0
2025-04-11 08:30:00,673.0,0.0,242.0,0.0
2025-04-11 09:00:00,676.0,0.0,253.0,0.0
2025-04-11 09:30:00,832.0,0.0,299.0,0.0
2025-04-11 10:00:00,835.0,0.0,306.0,0.0
2025-04-11 10:30:00,837.0,0.0,298.0,0.0
2025-04-11 11:00:00,846.0,0.0,304.0,0.0
2025-04-11 11:30:00,883.0,0.0,325.0,0.0
2025-04-11 12:00:00,1071.0,0.0,396.0,0.0
2025-04-11 12:30:00,904.0,0.0,329.0,0.0
2025-04-11 13:00:00,939.0,0.0,363.0,0.0
2025-04-11 13:30:00,941.0,0.0,369.0,0.0
2025-04-11 14:00:00,891.0,0.0,343.0,0.0
2025-04-11 14:30:00,943.0,0.0,351.0,0.0
2025-04-11 15:00:00,1068.0,0.0,393.0,0.0
2025-04-11 15:30:00,991.0,0.0,374.0,0.0
2025-04-11 16:00:00,1020.0,0.0,385.0,0.0
2025-04-11 16:30:00,928.0,0.0,346.0,0.0
2025-04-11 17:00:00,944.0,0.0,353.0,0.0
2025-04-11 17:30:00,1053.0,0.0,397.0,0.0
2025-04-11 18:00:00,915.0,0.0,358.0,0.0
2025-04-11 18:30:00,902.0,0.0,362.0,0.0
2025-04-11 19:00:00,899.0,0.0,346.0,0.0
2025-04-11 19:30:00,852.0,0.0,322.0,0.0
2025-04-11 20:00:00,861.0,0.0,320.0,0.0
2025-04-11 20:30:00,1054.0,0.0,407.0,0.0
2025-04-11 21:00:00,956.0,0.0,367.0,0.0
2025-04-11 21:30:00,948.0,0.0,372.0,0.0
2025-04-11 22:00:00,884.0,0.0,325.0,0.0
2025-04-11 22:30:00,859.0,0.0,339.0,0.0
2025-04-11 23:00:00,968.0,0.0,380.0,0.0
2025-04-11 23:30:00,944.0,0.0,358.0,0.0
2025-04-12 00:00:00,899.0,0.0,347.0,0.0
2025-04-12 00:30:00,881.0,0.0,333.0,0.0
2025-04-12 01:00:00,900.0,0.0,346.0,0.0
2025-04-12 01:30:00,838.0,0.0,315.0,0.0
2025-04-12 02:00:00,858.0,0.0,333.0,0.0
2025-04-12 02:30:00,831.0,0.0,327.0,0.0
2025-04-12 03:00:00,850.0,0.0,334.0,0.0
2025-04-12 03:30:00,890.0,0.0,344.0,0.0
2025-04-12 04:00:00,778.0,0.0,302.0,0.0
2025-04-12 04:30:00,588.0,0.0,243.0,0.0
2025-04-12 05:00:00,623.0,0.0,253.0,0.0
2025-04-12 05:30:00,691.0,0.0,266.0,0.0
2025-04-12 06:00:00,798.0,0.0,310.0,0.0
2025-04-12 06:30:00,643.0,0.0,263.0,0.0
2025-04-12 07:00:00,524.0,0.0,219.0,0.0
2025-04-12 07:30:00,567.0,0.0,232.0,0.0
2025-04-12 08:00:00,839.0,0.0,333.0,0.0
2025-04-12 08:30:00,879.0,0.0,340.0,0.0
2025-04-12 09:00:00,1063.0,0.0,421.0,0.0
2025-04-12 09:30:00,855.0,0.0,344.0,0.0
2025-04-12 10:00:00,912.0,0.0,359.0,0.0
2025-04-12 10:30:00,1151.0,0.0,441.0,0.0
2025-04-12 11:00:00,1286.0,0.0,503.0,0.0
2025-04-12 11:30:00,983.0,0.0,371.0,0.0
2025-04-12 12:00:00,986.0,0.0,387.0,0.0
2025-04-12 12:30:00,1046.0,0.0,396.0,0.0
2025-04-12 13:00:00,1342.0,0.0,537.0,0.0
2025-04-12 13:30:00,1216.0,0.0,479.0,0.0
2025-04-12 14:00:00,914.0,0.0,361.0,0.0
2025-04-12 14:30:00,959.0,0.0,364.0,0.0
2025-04-12 15:00:00,1076.0,0.0,438.0,0.0
2025-04-12 15:30:00,1211.0,0.0,478.0,0.0
2025-04-12 16:00:00,1259.0,0.0,502.0,0.0
2025-04-12 16:30:00,1061.0,0.0,438.0,0.0
2025-04-12 17:00:00,980.0,0.0,368.0,0.0
2025-04-12 17:30:00,1032.0,0.0,396.0,0.0
2025-04-12 18:00:00,1424.0,0.0,557.0,0.0
2025-04-12 18:30:00,1295.0,0.0,504.0,0.0
2025-04-12 19:00:00,1097.0,0.0,438.0,0.0
2025-04-12 19:30:00,1074.0,0.0,439.0,0.0
2025-04-12 20:00:00,1133.0,0.0,456.0,0.0
2025-04-12 20:30:00,1364.0,0.0,541.0,0.0
2025-04-12 21:00:00,1221.0,0.0,483.0,0.0
2025-04-12 21:30:00,1109.0,0.0,436.0,0.0
2025-04-12 22:00:00,1096.0,0.0,393.0,0.0
2025-04-12 22:30:00,1173.0,0.0,444.0,0.0
2025-04-12 23:00:00,1095.0,0.0,424.0,0.0
2025-04-12 23:30:00,1124.0,0.0,420.0,0.0
2025-04-13 00:00:00,1219.0,0.0,486.0,0.0
2025-04-13 00:30:00,1208.0,0.0,488.0,0.0
2025-04-13 01:00:00,1042.0,0.0,417.0,0.0
2025-04-13 01:30:00,840.0,0.0,355.0,0.0
2025-04-13 02:00:00,888.0,0.0,362.0,0.0
2025-04-13 02:30:00,829.0,0.0,322.0,0.0
2025-04-13 03:00:00,873.0,0.0,336.0,0.0
2025-04-13 03:30:00,844.0,0.0,339.0,0.0
2025-04-13 04:00:00,876.0,0.0,339.0,0.0
2025-04-13 04:30:00,732.0,0.0,295.0,0.0
2025-04-13 05:00:00,759.0,0.0,305.0,0.0
2025-04-13 05:30:00,700.0,0.0,305.0,0.0
2025-04-13 06:00:00,728.0,0.0,316.0,0.0
2025-04-13 06:30:00,750.0,0.0,329.0,0.0
2025-04-13 07:00:00,653.0,0.0,263.0,0.0
2025-04-13 07:30:00,645.0,0.0,276.0,0.0
2025-04-13 08:00:00,633.0,0.0,287.0,0.0
2025-04-13 08:30:00,655.0,0.0,261.0,0.0
2025-04-13 09:00:00,640.0,0.0,260.0,0.0
2025-04-13 09:30:00,638.0,0.0,292.0,0.0
2025-04-13 10:00:00,578.0,0.0,262.0,0.0
2025-04-13 10:30:00,618.0,0.0,265.0,0.0
2025-04-13 11:00:00,680.0,0.0,315.0,0.0
2025-04-13 11:30:00,612.0,0.0,249.0,0.0
2025-04-13 12:00:00,599.0,0.0,248.0,0.0
2025-04-13 12:30:00,495.0,0.0,210.0,0.0
2025-04-13 13:00:00,588.0,0.0,246.0,0.0
2025-04-13 13:30:00,627.0,0.0,245.0,0.0
2025-04-13 14:00:00,585.0,0.0,242.0,0.0
2025-04-13 14:30:00,512.0,0.0,196.0,0.0
2025-04-13 15:00:00,506.0,0.0,213.0,0.0
2025-04-13 15:30:00,556.0,0.0,222.0,0.0
2025-04-13 16:00:00,534.0,0.0,209.0,0.0
2025-04-13 16:30:00,542.0,0.0,216.0,0.0
2025-04-13 17:00:00,551.0,0.0,228.0,0.0
2025-04-13 17:30:00,544.0,0.0,230.0,0.0
2025-04-13 18:00:00,619.0,0.0,268.0,0.0
2025-04-13 18:30:00,643.0,0.0,261.0,0.0
2025-04-13 19:00:00,665.0,0.0,261.0,0.0
2025-04-13 19:30:00,560.0,0.0,211.0,0.0
2025-04-13 20:00:00,569.0,0.0,239.0,0.0
2025-04-13 20:30:00,696.0,0.0,287.0,0.0
2025-04-13 21:00:00,750.0,0.0,320.0,0.0
2025-04-13 21:30:00,604.0,0.0,226.0,0.0
2025-04-13 22:00:00,592.0,0.0,215.0,0.0
2025-04-13 22:30:00,600.0,0.0,240.0,0.0
2025-04-13 23:00:00,711.0,0.0,299.0,0.0
2025-04-13 23:30:00,702.0,0.0,273.0,0.0
2025-04-14 00:00:00,613.0,0.0,229.0,0.0
2025-04-14 00:30:00,607.0,0.0,230.0,0.0
2025-04-14 01:00:00,666.0,0.0,271.0,0.0
2025-04-14 01:30:00,768.0,0.0,308.0,0.0
2025-04-14 02:00:00,634.0,0.0,245.0,0.0
2025-04-14 02:30:00,611.0,0.0,246.0,0.0
2025-04-14 03:00:00,587.0,0.0,232.0,0.0
2025-04-14 03:30:00,700.0,0.0,301.0,0.0
2025-04-14 04:00:00,699.0,0.0,271.0,0.0
2025-04-14 04:30:00,588.0,0.0,232.0,0.0
2025-04-14 05:00:00,622.0,0.0,249.0,0.0
2025-04-14 05:30:00,577.0,0.0,256.0,0.0
2025-04-14 06:00:00,605.0,0.0,281.0,0.0
2025-04-14 06:30:00,748.0,0.0,343.0,0.0
2025-04-14 07:00:00,639.0,0.0,241.0,0.0
2025-04-14 07:30:00,624.0,0.0,273.0,0.0
2025-04-14 08:00:00,592.0,0.0,253.0,0.0
2025-04-14 08:30:00,674.0,0.0,271.0,0.0
2025-04-14 09:00:00,733.0,0.0,298.0,0.0
2025-04-14 09:30:00,700.0,0.0,295.0,0.0
2025-04-14 10:00:00,675.0,0.0,275.0,0.0
2025-04-14 10:30:00,617.0,0.0,269.0,0.0
2025-04-14 11:00:00,680.0,0.0,270.0,0.0
2025-04-14 11:30:00,601.0,0.0,241.0,0.0
2025-04-14 12:00:00,642.0,0.0,276.0,0.0
2025-04-14 12:30:00,646.0,0.0,278.0,0.0
2025-04-14 13:00:00,607.0,0.0,244.0,0.0
2025-04-14 13:30:00,694.0,0.0,292.0,0.0
2025-04-14 14:00:00,650.0,0.0,245.0,0.0
2025-04-14 14:30:00,645.0,0.0,261.0,0.0
2025-04-14 15:00:00,602.0,0.0,253.0,0.0
2025-04-14 15:30:00,630.0,0.0,267.0,0.0
2025-04-14 16:00:00,658.0,0.0,258.0,0.0
2025-04-14 16:30:00,814.0,0.0,325.0,0.0
2025-04-14 17:00:00,706.0,0.0,276.0,0.0
2025-04-14 17:30:00,703.0,0.0,282.0,0.0
2025-04-14 18:00:00,694.0,0.0,286.0,0.0
2025-04-14 18:30:00,697.0,0.0,300.0,0.0
2025-04-14 19:00:00,863.0,0.0,369.0,0.0
2025-04-14 19:30:00,799.0,0.0,319.0,0.0
2025-04-14 20:00:00,755.0,0.0,291.0,0.0
2025-04-14 20:30:00,698.0,0.0,269.0,0.0
2025-04-14 21:00:00,806.0,0.0,344.0,0.0
2025-04-14 21:30:00,888.0,0.0,369.0,0.0
2025-04-14 22:00:00,746.0,0.0,297.0,0.0
2025-04-14 22:30:00,740.0,0.0,311.0,0.0
2025-04-14 23:00:00,717.0,0.0,301.0,0.0
2025-04-14 23:30:00,723.0,0.0,307.0,0.0
2025-04-15 00:00:00,810.0,0.0,352.0,0.0
2025-04-15 00:30:00,850.0,0.0,356.0,0.0
2025-04-15 01:00:00,790.0,0.0,310.0,0.0
2025-04-15 01:30:00,719.0,0.0,296.0,0.0
2025-04-15 02:00:00,752.0,0.0,313.0,0.0
2025-04-15 02:30:00,829.0,0.0,362.0,0.0
2025-04-15 03:00:00,844.0,0.0,347.0,0.0
2025-04-15 03:30:00,739.0,0.0,300.0,0.0
2025-04-15 04:00:00,720.0,0.0,302.0,0.0
2025-04-15 04:30:00,822.0,0.0,355.0,0.0
2025-04-15 05:00:00,851.0,0.0,340.0,0.0
2025-04-15 05:30:00,771.0,0.0,314.0,0.0
2025-04-15 06:00:00,722.0,0.0,305.0,0.0
2025-04-15 06:30:00,745.0,0.0,324.0,0.0
2025-04-15 07:00:00,872.0,0.0,353.0,0.0
2025-04-15 07:30:00,836.0,0.0,336.0,0.0
2025-04-15 08:00:00,779.0,0.0,335.0,0.0
2025-04-15 08:30:00,750.0,0.0,285.0,0.0
2025-04-15 09:00:00,759.0,0.0,315.0,0.0
2025-04-15 09:30:00,747.0,0.0,303.0,0.0
2025-04-15 10:00:00,784.0,0.0,315.0,0.0
2025-04-15 10:30:00,732.0,0.0,297.0,0.0
2025-04-15 11:00:00,743.0,0.0,304.0,0.0
2025-04-15 11:30:00,697.0,0.0,272.0,0.0
2025-04-15 12:00:00,759.0,0.0,306.0,0.0
2025-04-15 12:30:00,824.0,0.0,341.0,0.0
2025-04-15 13:00:00,700.0,0.0,278.0,0.0
2025-04-15 13:30:00,621.0,0.0,253.0,0.0
2025-04-15 14:00:00,688.0,0.0,290.0,0.0
2025-04-15 14:30:00,784.0,0.0,324.0,0.0
2025-04-15 15:00:00,813.0,0.0,305.0,0.0
2025-04-15 15:30:00,674.0,0.0,241.0,0.0
2025-04-15 16:00:00,661.0,0.0,248.0,0.0
2025-04-15 16:30:00,618.0,0.0,252.0,0.0
2025-04-15 17:00:00,574.0,0.0,227.0,0.0
2025-04-15 17:30:00,698.0,0.0,313.0,0.0
2025-04-15 18:00:00,761.0,0.0,336.0,0.0
2025-04-15 18:30:00,690.0,0.0,294.0,0.0
2025-04-15 19:00:00,588.0,0.0,234.0,0.0
2025-04-15 19:30:00,611.0,0.0,261.0,0.0
2025-04-15 20:00:00,724.0,0.0,308.0,0.0
2025-04-15 20:30:00,780.0,0.0,324.0,0.0
2025-04-15 21:00:00,664.0,0.0,281.0,0.0
2025-04-15 21:30:00,653.0,0.0,260.0,0.0
2025-04-15 22:00:00,641.0,0.0,253.0,0.0
2025-04-15 22:30:00,799.0,0.0,347.0,0.0
2025-04-15 23:00:00,735.0,0.0,316.0,0.0
2025-04-15 23:30:00,639.0,0.0,253.0,0.0
2025-04-16 00:00:00,614.0,0.0,265.0,0.0
2025-04-16 00:30:00,676.0,0.0,288.0,0.0
2025-04-16 01:00:00,774.0,0.0,337.0,0.0
2025-04-16 01:30:00,641.0,0.0,246.0,0.0
2025-04-16 02:00:00,610.0,0.0,247.0,0.0
2025-04-16 02:30:00,640.0,0.0,282.0,0.0
2025-04-16 03:00:00,653.0,0.0,263.0,0.0
2025-04-16 03:30:00,779.0,0.0,311.0,0.0
2025-04-16 04:00:00,687.0,0.0,272.0,0.0
2025-04-16 04:30:00,610.0,0.0,260.0,0.0
2025-04-16 05:00:00,643.0,0.0,281.0,0.0
2025-04-16 05:30:00,637.0,0.0,263.0,0.0
2025-04-16 06:00:00,652.0,0.0,257.0,0.0
2025-04-16 06:30:00,768.0,0.0,336.0,0.0
2025-04-16 07:00:00,783.0,0.0,327.0,0.0
2025-04-16 07:30:00,698.0,0.0,282.0,0.0
2025-04-16 08:00:00,653.0,0.0,240.0,0.0
2025-04-16 08:30:00,774.0,0.0,304.0,0.0
2025-04-16 09:00:00,858.0,0.0,351.0,0.0
2025-04-16 09:30:00,749.0,0.0,303.0,0.0
2025-04-16 10:00:00,724.0,0.0,300.0,0.0
2025-04-16 10:30:00,671.0,0.0,267.0,0.0
2025-04-16 11:00:00,810.0,0.0,344.0,0.0
2025-04-16 11:30:00,847.0,0.0,330.0,0.0
2025-04-16 12:00:00,770.0,0.0,319.0,0.0
2025-04-16 12:30:00,711.0,0.0,299.0,0.0
2025-04-16 13:00:00,642.0,0.0,262.0,0.0
2025-04-16 13:30:00,789.0,0.0,337.0,0.0
2025-04-16 14:00:00,843.0,0.0,354.0,0.0
2025-04-16 14:30:00,722.0,0.0,275.0,0.0
2025-04-16 15:00:00,734.0,0.0,309.0,0.0
2025-04-16 15:30:00,687.0,0.0,262.0,0.0
2025-04-16 16:00:00,678.0,0.0,260.0,0.0
2025-04-16 16:30:00,667.0,0.0,262.0,0.0
2025-04-16 17:00:00,672.0,0.0,261.0,0.0
2025-04-16 17:30:00,645.0,0.0,258.0,0.0
2025-04-16 18:00:00,653.0,0.0,261.0,0.0
2025-04-16 18:30:00,654.0,0.0,237.0,0.0
2025-04-16 19:00:00,635.0,0.0,258.0,0.0
2025-04-16 19:30:00,715.0,0.0,282.0,0.0
2025-04-16 20:00:00,788.0,0.0,333.0,0.0
2025-04-16 20:30:00,682.0,0.0,286.0,0.0
2025-04-16 21:00:00,587.0,0.0,219.0,0.0
2025-04-16 21:30:00,633.0,0.0,243.0,0.0
2025-04-16 22:00:00,731.0,0.0,307.0,0.0
2025-04-16 22:30:00,700.0,0.0,276.0,0.0
2025-04-16 23:00:00,613.0,0.0,226.0,0.0
2025-04-16 23:30:00,655.0,0.0,257.0,0.0
2025-04-17 00:00:00,607.0,0.0,238.0,0.0
2025-04-17 00:30:00,621.0,0.0,249.0,0.0
2025-04-17 01:00:00,618.0,0.0,248.0,0.0
2025-04-17 01:30:00,723.0,0.0,303.0,0.0
2025-04-17 02:00:00,793.0,0.0,344.0,0.0
2025-04-17 02:30:00,690.0,0.0,288.0,0.0
2025-04-17 03:00:00,631.0,0.0,270.0,0.0
2025-04-17 03:30:00,693.0,0.0,295.0,0.0
2025-04-17 04:00:00,812.0,0.0,351.0,0.0
2025-04-17 04:30:00,760.0,0.0,325.0,0.0
2025-04-17 05:00:00,637.0,0.0,242.0,0.0
2025-04-17 05:30:00,638.0,0.0,274.0,0.0
2025-04-17 06:00:00,677.0,0.0,284.0,0.0
2025-04-17 06:30:00,804.0,0.0,324.0,0.0
2025-04-17 07:00:00,748.0,0.0,302.0,0.0
2025-04-17 07:30:00,669.0,0.0,281.0,0.0
2025-04-17 08:00:00,690.0,0.0,272.0,0.0
2025-04-17 08:30:00,723.0,0.0,283.0,0.0
2025-04-17 09:00:00,894.0,0.0,387.0,0.0
2025-04-17 09:30:00,933.0,0.0,397.0,0.0
2025-04-17 10:00:00,764.0,0.0,314.0,0.0
2025-04-17 10:30:00,737.0,0.0,305.0,0.0
2025-04-17 11:00:00,718.0,0.0,293.0,0.0
2025-04-17 11:30:00,936.0,0.0,399.0,0.0
2025-04-17 12:00:00,875.0,0.0,369.0,0.0
2025-04-17 12:30:00,717.0,0.0,303.0,0.0
2025-04-17 13:00:00,683.0,0.0,280.0,0.0
2025-04-17 13:30:00,717.0,0.0,298.0,0.0
2025-04-17 14:00:00,851.0,0.0,381.0,0.0
2025-04-17 14:30:00,794.0,0.0,338.0,0.0
2025-04-17 15:00:00,700.0,0.0,288.0,0.0
2025-04-17 15:30:00,719.0,0.0,297.0,0.0
2025-04-17 16:00:00,713.0,0.0,290.0,0.0
2025-04-17 16:30:00,704.0,0.0,287.0,0.0
2025-04-17 17:00:00,870.0,0.0,394.0,0.0
2025-04-17 17:30:00,803.0,0.0,317.0,0.0
2025-04-17 18:00:00,717.0,0.0,302.0,0.0
2025-04-17 18:30:00,664.0,0.0,255.0,0.0
2025-04-17 19:00:00,762.0,0.0,327.0,0.0
2025-04-17 19:30:00,858.0,0.0,363.0,0.0
2025-04-17 20:00:00,761.0,0.0,303.0,0.0
2025-04-17 20:30:00,711.0,0.0,276.0,0.0
2025-04-17 21:00:00,704.0,0.0,301.0,0.0
2025-04-17 21:30:00,877.0,0.0,375.0,0.0
2025-04-17 22:00:00,771.0,0.0,332.0,0.0
2025-04-17 22:30:00,719.0,0.0,312.0,0.0
2025-04-17 23:00:00,683.0,0.0,283.0,0.0
2025-04-17 23:30:00,679.0,0.0,309.0,0.0
2025-04-18 00:00:00,635.0,0.0,270.0,0.0
2025-04-18 00:30:00,675.0,0.0,245.0,0.0
2025-04-18 01:00:00,598.0,0.0,240.0,0.0
2025-04-18 01:30:00,632.0,0.0,273.0,0.0
2025-04-18 02:00:00,576.0,0.0,242.0,0.0
2025-04-18 02:30:00,661.0,0.0,299.0,0.0
2025-04-18 03:00:00,756.0,0.0,324.0,0.0
2025-04-18 03:30:00,603.0,0.0,259.0,0.0
2025-04-18 04:00:00,606.0,0.0,234.0,0.0
2025-04-18 04:30:00,648.0,0.0,293.0,0.0
2025-04-18 05:00:00,779.0,0.0,324.0,0.0
2025-04-18 05:30:00,712.0,0.0,251.0,0.0
2025-04-18 06:00:00,692.0,0.0,244.0,0.0
2025-04-18 06:30:00,711.0,0.0,287.0,0.0
2025-04-18 07:00:00,707.0,0.0,292.0,0.0
2025-04-18 07:30:00,813.0,0.0,352.0,0.0
2025-04-18 08:00:00,909.0,0.0,367.0,0.0
2025-04-18 08:30:00,831.0,0.0,336.0,0.0
2025-04-18 09:00:00,794.0,0.0,324.0,0.0
2025-04-18 09:30:00,842.0,0.0,364.0,0.0
2025-04-18 10:00:00,931.0,0.0,372.0,0.0
2025-04-18 10:30:00,849.0,0.0,341.0,0.0
2025-04-18 11:00:00,793.0,0.0,312.0,0.0
2025-04-18 11:30:00,789.0,0.0,322.0,0.0
2025-04-18 12:00:00,943.0,0.0,385.0,0.0
2025-04-18 12:30:00,876.0,0.0,347.0,0.0
2025-04-18 13:00:00,780.0,0.0,335.0,0.0
2025-04-18 13:30:00,746.0,0.0,310.0,0.0
2025-04-18 14:00:00,870.0,0.0,366.0,0.0
2025-04-18 14:30:00,937.0,0.0,377.0,0.0
2025-04-18 15:00:00,799.0,0.0,304.0,0.0
2025-04-18 15:30:00,835.0,0.0,337.0,0.0
2025-04-18 16:00:00,788.0,0.0,309.0,0.0
2025-04-18 16:30:00,964.0,0.0,434.0,0.0
2025-04-18 17:00:00,983.0,0.0,422.0,0.0
2025-04-18 17:30:00,894.0,0.0,347.0,0.0
2025-04-18 18:00:00,743.0,0.0,289.0,0.0
2025-04-18 18:30:00,778.0,0.0,319.0,0.0
2025-04-18 19:00:00,978.0,0.0,416.0,0.0
2025-04-18 19:30:00,883.0,0.0,338.0,0.0
2025-04-18 20:00:00,795.0,0.0,309.0,0.0
2025-04-18 20:30:00,731.0,0.0,254.0,0.0
2025-04-18 21:00:00,728.0,0.0,252.0,0.0
2025-04-18 21:30:00,799.0,0.0,296.0,0.0
2025-04-18 22:00:00,785.0,0.0,324.0,0.0
2025-04-18 22:30:00,768.0,0.0,305.0,0.0
2025-04-18 23:00:00,791.0,0.0,328.0,0.0
2025-04-18 23:30:00,730.0,0.0,297.0,0.0
2025-04-19 00:00:00,824.0,0.0,324.0,0.0
2025-04-19 00:30:00,773.0,0.0,293.0,0.0
2025-04-19 01:00:00,655.0,0.0,248.0,0.0
2025-04-19 01:30:00,637.0,0.0,260.0,0.0
2025-04-19 02:00:00,587.0,0.0,254.0,0.0
2025-04-19 02:30:00,728.0,0.0,304.0,0.0
2025-04-19 03:00:00,703.0,0.0,287.0,0.0
2025-04-19 03:30:00,604.0,0.0,249.0,0.0
2025-04-19 04:00:00,668.0,0.0,278.0,0.0
2025-04-19 04:30:00,659.0,0.0,267.0,0.0
2025-04-19 05:00:00,706.0,0.0,280.0,0.0
2025-04-19 05:30:00,708.0,0.0,292.0,0.0
2025-04-19 06:00:00,750.0,0.0,313.0,0.0
2025-04-19 06:30:00,832.0,0.0,350.0,0.0
2025-04-19 07:00:00,803.0,0.0,326.0,0.0
2025-04-19 07:30:00,738.0,0.0,307.0,0.0
2025-04-19 08:00:00,781.0,0.0,320.0,0.0
2025-04-19 08:30:00,684.0,0.0,265.0,0.0
2025-04-19 09:00:00,757.0,0.0,334.0,0.0
2025-04-19 09:30:00,867.0,0.0,383.0,0.0
2025-04-19 10:00:00,798.0,0.0,344.0,0.0
2025-04-19 10:30:00,780.0,0.0,318.0,0.0
2025-04-19 11:00:00,748.0,0.0,311.0,0.0
2025-04-19 11:30:00,790.0,0.0,350.0,0.0
2025-04-19 12:00:00,932.0,0.0,390.0,0.0
2025-04-19 12:30:00,854.0,0.0,322.0,0.0
2025-04-19 13:00:00,734.0,0.0,281.0,0.0
2025-04-19 13:30:00,748.0,0.0,316.0,0.0
2025-04-19 14:00:00,894.0,0.0,383.0,0.0
2025-04-19 14:30:00,901.0,0.0,371.0,0.0
2025-04-19 15:00:00,756.0,0.0,303.0,0.0
2025-04-19 15:30:00,728.0,0.0,311.0,0.0
2025-04-19 16:00:00,786.0,0.0,344.0,0.0
2025-04-19 16:30:00,891.0,0.0,364.0,0.0
2025-04-19 17:00:00,867.0,0.0,373.0,0.0
2025-04-19 17:30:00,701.0,0.0,291.0,0.0
2025-04-19 18:00:00,688.0,0.0,282.0,0.0
2025-04-19 18:30:00,732.0,0.0,307.0,0.0
2025-04-19 19:00:00,845.0,0.0,339.0,0.0
2025-04-19 19:30:00,754.0,0.0,300.0,0.0
2025-04-19 20:00:00,678.0,0.0,280.0,0.0
2025-04-19 20:30:00,681.0,0.0,290.0,0.0
2025-04-19 21:00:00,707.0,0.0,300.0,0.0
2025-04-19 21:30:00,740.0,0.0,326.0,0.0
2025-04-19 22:00:00,898.0,0.0,376.0,0.0
2025-04-19 22:30:00,905.0,0.0,370.0,0.0
2025-04-19 23:00:00,731.0,0.0,287.0,0.0
2025-04-19 23:30:00,714.0,0.0,280.0,0.0
2025-04-20 00:00:00,746.0,0.0,317.0,0.0
2025-04-20 00:30:00,884.0,0.0,371.0,0.0
2025-04-20 01:00:00,827.0,0.0,333.0,0.0
2025-04-20 01:30:00,687.0,0.0,258.0,0.0
2025-04-20 02:00:00,653.0,0.0,256.0,0.0
2025-04-20 02:30:00,675.0,0.0,269.0,0.0
2025-04-20 03:00:00,691.0,0.0,283.0,0.0
2025-04-20 03:30:00,770.0,0.0,331.0,0.0
2025-04-20 04:00:00,920.0,0.0,404.0,0.0
2025-04-20 04:30:00,760.0,0.0,310.0,0.0
2025-04-20 05:00:00,666.0,0.0,261.0,0.0
2025-04-20 05:30:00,664.0,0.0,274.0,0.0
2025-04-20 06:00:00,737.0,0.0,306.0,0.0
2025-04-20 06:30:00,906.0,0.0,383.0,0.0
2025-04-20 07:00:00,787.0,0.0,314.0,0.0
2025-04-20 07:30:00,689.0,0.0,288.0,0.0
2025-04-20 08:00:00,659.0,0.0,252.0,0.0
2025-04-20 08:30:00,829.0,0.0,342.0,0.0
2025-04-20 09:00:00,867.0,0.0,356.0,0.0
2025-04-20 09:30:00,698.0,0.0,314.0,0.0
2025-04-20 10:00:00,681.0,0.0,297.0,0.0
2025-04-20 10:30:00,633.0,0.0,263.0,0.0
2025-04-20 11:00:00,665.0,0.0,279.0,0.0
2025-04-20 11:30:00,660.0,0.0,260.0,0.0
2025-04-20 12:00:00,650.0,0.0,254.0,0.0
2025-04-20 12:30:00,633.0,0.0,243.0,0.0
2025-04-20 13:00:00,631.0,0.0,252.0,0.0
2025-04-20 13:30:00,604.0,0.0,254.0,0.0
2025-04-20 14:00:00,681.0,0.0,289.0,0.0
2025-04-20 14:30:00,707.0,0.0,302.0,0.0
2025-04-20 15:00:00,554.0,0.0,223.0,0.0
2025-04-20 15:30:00,552.0,0.0,245.0,0.0
2025-04-20 16:00:00,596.0,0.0,246.0,0.0
2025-04-20 16:30:00,768.0,0.0,336.0,0.0
2025-04-20 17:00:00,674.0,0.0,268.0,0.0
2025-04-20 17:30:00,570.0,0.0,218.0,0.0
2025-04-20 18:00:00,573.0,0.0,248.0,0.0
2025-04-20 18:30:00,564.0,0.0,227.0,0.0
2025-04-20 19:00:00,643.0,0.0,267.0,0.0
2025-04-20 19:30:00,802.0,0.0,316.0,0.0
2025-04-20 20:00:00,716.0,0.0,301.0,0.0
2025-04-20 20:30:00,637.0,0.0,272.0,0.0
2025-04-20 21:00:00,616.0,0.0,260.0,0.0
2025-04-20 21:30:00,726.0,0.0,327.0,0.0
2025-04-20 22:00:00,794.0,0.0,313.0,0.0
2025-04-20 22:30:00,705.0,0.0,279.0,0.0
2025-04-20 23:00:00,616.0,0.0,261.0,0.0
2025-04-20 23:30:00,627.0,0.0,253.0,0.0
2025-04-21 00:00:00,721.0,0.0,292.0,0.0
2025-04-21 00:30:00,806.0,0.0,348.0,0.0
2025-04-21 01:00:00,701.0,0.0,290.0,0.0
2025-04-21 01:30:00,614.0,0.0,244.0,0.0
2025-04-21 02:00:00,646.0,0.0,278.0,0.0
2025-04-21 02:30:00,775.0,0.0,349.0,0.0
2025-04-21 03:00:00,743.0,0.0,339.0,0.0
2025-04-21 03:30:00,635.0,0.0,269.0,0.0
2025-04-21 04:00:00,616.0,0.0,261.0,0.0
2025-04-21 04:30:00,680.0,0.0,286.0,0.0
2025-04-21 05:00:00,803.0,0.0,365.0,0.0
2025-04-21 05:30:00,691.0,0.0,292.0,0.0
2025-04-21 06:00:00,643.0,0.0,272.0,0.0
2025-04-21 06:30:00,601.0,0.0,229.0,0.0
2025-04-21 07:00:00,761.0,0.0,325.0,0.0
2025-04-21 07:30:00,797.0,0.0,329.0,0.0
2025-04-21 08:00:00,687.0,0.0,290.0,0.0
2025-04-21 08:30:00,646.0,0.0,277.0,0.0
2025-04-21 09:00:00,672.0,0.0,272.0,0.0
2025-04-21 09:30:00,818.0,0.0,334.0,0.0
2025-04-21 10:00:00,726.0,0.0,288.0,0.0
2025-04-21 10:30:00,684.0,0.0,291.0,0.0
2025-04-21 11:00:00,612.0,0.0,260.0,0.0
2025-04-21 11:30:00,757.0,0.0,318.0,0.0
2025-04-21 12:00:00,814.0,0.0,329.0,0.0
2025-04-21 12:30:00,718.0,0.0,290.0,0.0
2025-04-21 13:00:00,641.0,0.0,249.0,0.0
2025-04-21 13:30:00,643.0,0.0,274.0,0.0
2025-04-21 14:00:00,766.0,0.0,322.0,0.0
2025-04-21 14:30:00,783.0,0.0,317.0,0.0
2025-04-21 15:00:00,697.0,0.0,293.0,0.0
2025-04-21 15:30:00,643.0,0.0,258.0,0.0
2025-04-21 16:00:00,660.0,0.0,295.0,0.0
2025-04-21 16:30:00,622.0,0.0,271.0,0.0
2025-04-21 17:00:00,661.0,0.0,286.0,0.0
2025-04-21 17:30:00,607.0,0.0,274.0,0.0
2025-04-21 18:00:00,588.0,0.0,251.0,0.0
2025-04-21 18:30:00,533.0,0.0,214.0,0.0
2025-04-21 19:00:00,554.0,0.0,232.0,0.0
2025-04-21 19:30:00,716.0,0.0,282.0,0.0
2025-04-21 20:00:00,775.0,0.0,304.0,0.0
2025-04-21 20:30:00,588.0,0.0,238.0,0.0
2025-04-21 21:00:00,629.0,0.0,265.0,0.0
2025-04-21 21:30:00,724.0,0.0,273.0,0.0
2025-04-21 22:00:00,620.0,0.0,254.0,0.0
2025-04-21 22:30:00,554.0,0.0,200.0,0.0
2025-04-21 23:00:00,644.0,0.0,240.0,0.0
2025-04-21 23:30:00,651.0,0.0,243.0,0.0
2025-04-22 00:00:00,693.0,0.0,256.0,0.0
2025-04-22 00:30:00,652.0,0.0,236.0,0.0
2025-04-22 01:00:00,759.0,0.0,335.0,0.0
2025-04-22 01:30:00,871.0,0.0,347.0,0.0
2025-04-22 02:00:00,769.0,0.0,305.0,0.0
2025-04-22 02:30:00,696.0,0.0,283.0,0.0
2025-04-22 03:00:00,656.0,0.0,262.0,0.0
2025-04-22 03:30:00,816.0,0.0,340.0,0.0
2025-04-22 04:00:00,861.0,0.0,356.0,0.0
2025-04-22 04:30:00,755.0,0.0,311.0,0.0
2025-04-22 05:00:00,674.0,0.0,257.0,0.0
2025-04-22 05:30:00,640.0,0.0,228.0,0.0
2025-04-22 06:00:00,813.0,0.0,356.0,0.0
2025-04-22 06:30:00,865.0,0.0,355.0,0.0
2025-04-22 07:00:00,769.0,0.0,304.0,0.0
2025-04-22 07:30:00,646.0,0.0,260.0,0.0
2025-04-22 08:00:00,675.0,0.0,289.0,0.0
2025-04-22 08:30:00,731.0,0.0,323.0,0.0
2025-04-22 09:00:00,879.0,0.0,383.0,0.0
2025-04-22 09:30:00,820.0,0.0,353.0,0.0
2025-04-22 10:00:00,754.0,0.0,336.0,0.0
2025-04-22 10:30:00,723.0,0.0,316.0,0.0
2025-04-22 11:00:00,776.0,0.0,347.0,0.0
2025-04-22 11:30:00,905.0,0.0,383.0,0.0
2025-04-22 12:00:00,823.0,0.0,332.0,0.0
2025-04-22 12:30:00,718.0,0.0,276.0,0.0
2025-04-22 13:00:00,699.0,0.0,306.0,0.0
2025-04-22 13:30:00,814.0,0.0,334.0,0.0
2025-04-22 14:00:00,895.0,0.0,365.0,0.0
2025-04-22 14:30:00,730.0,0.0,292.0,0.0
2025-04-22 15:00:00,705.0,0.0,303.0,0.0
2025-04-22 15:30:00,715.0,0.0,318.0,0.0
2025-04-22 16:00:00,772.0,0.0,338.0,0.0
2025-04-22 16:30:00,910.0,0.0,399.0,0.0
2025-04-22 17:00:00,751.0,0.0,309.0,0.0
2025-04-22 17:30:00,683.0,0.0,285.0,0.0
2025-04-22 18:00:00,695.0,0.0,291.0,0.0
2025-04-22 18:30:00,657.0,0.0,294.0,0.0
2025-04-22 19:00:00,782.0,0.0,321.0,0.0
2025-04-22 19:30:00,691.0,0.0,286.0,0.0
2025-04-22 20:00:00,655.0,0.0,272.0,0.0
2025-04-22 20:30:00,663.0,0.0,285.0,0.0
2025-04-22 21:00:00,685.0,0.0,289.0,0.0
2025-04-22 21:30:00,704.0,0.0,287.0,0.0
2025-04-22 22:00:00,842.0,0.0,357.0,0.0
2025-04-22 22:30:00,885.0,0.0,356.0,0.0
2025-04-22 23:00:00,744.0,0.0,321.0,0.0
2025-04-22 23:30:00,693.0,0.0,311.0,0.0
2025-04-23 00:00:00,738.0,0.0,314.0,0.0
2025-04-23 00:30:00,883.0,0.0,379.0,0.0
2025-04-23 01:00:00,846.0,0.0,353.0,0.0
2025-04-23 01:30:00,756.0,0.0,314.0,0.0
2025-04-23 02:00:00,680.0,0.0,280.0,0.0
2025-04-23 02:30:00,702.0,0.0,297.0,0.0
2025-04-23 03:00:00,656.0,0.0,264.0,0.0
2025-04-23 03:30:00,668.0,0.0,292.0,0.0
2025-04-23 04:00:00,684.0,0.0,273.0,0.0
2025-04-23 04:30:00,703.0,0.0,294.0,0.0
2025-04-23 05:00:00,671.0,0.0,263.0,0.0
2025-04-23 05:30:00,721.0,0.0,279.0,0.0
2025-04-23 06:00:00,703.0,0.0,287.0,0.0
2025-04-23 06:30:00,683.0,0.0,277.0,0.0
2025-04-23 07:00:00,611.0,0.0,244.0,0.0
2025-04-23 07:30:00,666.0,0.0,286.0,0.0
2025-04-23 08:00:00,764.0,0.0,332.0,0.0
2025-04-23 08:30:00,726.0,0.0,302.0,0.0
2025-04-23 09:00:00,673.0,0.0,258.0,0.0
2025-04-23 09:30:00,697.0,0.0,285.0,0.0
2025-04-23 10:00:00,665.0,0.0,284.0,0.0
2025-04-23 10:30:00,657.0,0.0,270.0,0.0
2025-04-23 11:00:00,779.0,0.0,329.0,0.0
2025-04-23 11:30:00,843.0,0.0,366.0,0.0
2025-04-23 12:00:00,755.0,0.0,311.0,0.0
2025-04-23 12:30:00,702.0,0.0,300.0,0.0
2025-04-23 13:00:00,675.0,0.0,276.0,0.0
2025-04-23 13:30:00,758.0,0.0,326.0,0.0
2025-04-23 14:00:00,863.0,0.0,379.0,0.0
2025-04-23 14:30:00,756.0,0.0,297.0,0.0
2025-04-23 15:00:00,719.0,0.0,292.0,0.0
2025-04-23 15:30:00,682.0,0.0,280.0,0.0
2025-04-23 16:00:00,704.0,0.0,284.0,0.0
2025-04-23 16:30:00,677.0,0.0,274.0,0.0
2025-04-23 17:00:00,840.0,0.0,373.0,0.0
2025-04-23 17:30:00,783.0,0.0,339.0,0.0
2025-04-23 18:00:00,745.0,0.0,308.0,0.0
2025-04-23 18:30:00,648.0,0.0,271.0,0.0
2025-04-23 19:00:00,730.0,0.0,307.0,0.0
2025-04-23 19:30:00,810.0,0.0,326.0,0.0
2025-04-23 20:00:00,778.0,0.0,335.0,0.0
2025-04-23 20:30:00,690.0,0.0,290.0,0.0
2025-04-23 21:00:00,645.0,0.0,264.0,0.0
2025-04-23 21:30:00,742.0,0.0,312.0,0.0
2025-04-23 22:00:00,740.0,0.0,298.0,0.0
2025-04-23 22:30:00,645.0,0.0,262.0,0.0
2025-04-23 23:00:00,581.0,0.0,244.0,0.0
2025-04-23 23:30:00,605.0,0.0,252.0,0.0
2025-04-24 00:00:00,595.0,0.0,243.0,0.0
2025-04-24 00:30:00,654.0,0.0,274.0,0.0
2025-04-24 01:00:00,729.0,0.0,289.0,0.0
2025-04-24 01:30:00,752.0,0.0,299.0,0.0
2025-04-24 02:00:00,631.0,0.0,265.0,0.0
2025-04-24 02:30:00,617.0,0.0,257.0,0.0
2025-04-24 03:00:00,605.0,0.0,261.0,0.0
2025-04-24 03:30:00,574.0,0.0,251.0,0.0
2025-04-24 04:00:00,604.0,0.0,260.0,0.0
2025-04-24 04:30:00,608.0,0.0,266.0,0.0
2025-04-24 05:00:00,595.0,0.0,256.0,0.0
2025-04-24 05:30:00,598.0,0.0,268.0,0.0
2025-04-24 06:00:00,625.0,0.0,267.0,0.0
2025-04-24 06:30:00,670.0,0.0,268.0,0.0
2025-04-24 07:00:00,760.0,0.0,317.0,0.0
2025-04-24 07:30:00,586.0,0.0,241.0,0.0
2025-04-24 08:00:00,582.0,0.0,255.0,0.0
2025-04-24 08:30:00,686.0,0.0,320.0,0.0
2025-04-24 09:00:00,725.0,0.0,315.0,0.0
2025-04-24 09:30:00,783.0,0.0,308.0,0.0
2025-04-24 10:00:00,761.0,0.0,315.0,0.0
2025-04-24 10:30:00,669.0,0.0,259.0,0.0
2025-04-24 11:00:00,711.0,0.0,271.0,0.0
2025-04-24 11:30:00,706.0,0.0,278.0,0.0
2025-04-24 12:00:00,699.0,0.0,268.0,0.0
2025-04-24 12:30:00,721.0,0.0,287.0,0.0
2025-04-24 13:00:00,844.0,0.0,365.0,0.0
2025-04-24 13:30:00,921.0,0.0,377.0,0.0
2025-04-24 14:00:00,785.0,0.0,288.0,0.0
2025-04-24 14:30:00,812.0,0.0,335.0,0.0
2025-04-24 15:00:00,765.0,0.0,301.0,0.0
2025-04-24 15:30:00,879.0,0.0,391.0,0.0
2025-04-24 16:00:00,923.0,0.0,396.0,0.0
2025-04-24 16:30:00,784.0,0.0,332.0,0.0
2025-04-24 17:00:00,752.0,0.0,310.0,0.0
2025-04-24 17:30:00,772.0,0.0,351.0,0.0
2025-04-24 18:00:00,872.0,0.0,362.0,0.0
2025-04-24 18:30:00,862.0,0.0,352.0,0.0
2025-04-24 19:00:00,724.0,0.0,304.0,0.0
2025-04-24 19:30:00,684.0,0.0,314.0,0.0
2025-04-24 20:00:00,768.0,0.0,322.0,0.0
2025-04-24 20:30:00,877.0,0.0,349.0,0.0
2025-04-24 21:00:00,721.0,0.0,294.0,0.0
2025-04-24 21:30:00,665.0,0.0,287.0,0.0
2025-04-24 22:00:00,680.0,0.0,288.0,0.0
2025-04-24 22:30:00,732.0,0.0,307.0,0.0
2025-04-24 23:00:00,765.0,0.0,347.0,0.0
2025-04-24 23:30:00,936.0,0.0,392.0,0.0
2025-04-25 00:00:00,937.0,0.0,385.0,0.0
2025-04-25 00:30:00,750.0,0.0,288.0,0.0
2025-04-25 01:00:00,743.0,0.0,325.0,0.0
2025-04-25 01:30:00,804.0,0.0,347.0,0.0
2025-04-25 02:00:00,961.0,0.0,387.0,0.0
2025-04-25 02:30:00,830.0,0.0,347.0,0.0
2025-04-25 03:00:00,729.0,0.0,322.0,0.0
2025-04-25 03:30:00,741.0,0.0,309.0,0.0
2025-04-25 04:00:00,788.0,0.0,334.0,0.0
2025-04-25 04:30:00,946.0,0.0,417.0,0.0
2025-04-25 05:00:00,821.0,0.0,333.0,0.0
2025-04-25 05:30:00,724.0,0.0,321.0,0.0
2025-04-25 06:00:00,754.0,0.0,341.0,0.0
2025-04-25 06:30:00,782.0,0.0,349.0,0.0
2025-04-25 07:00:00,967.0,0.0,430.0,0.0
2025-04-25 07:30:00,841.0,0.0,347.0,0.0
2025-04-25 08:00:00,787.0,0.0,337.0,0.0
2025-04-25 08:30:00,766.0,0.0,320.0,0.0
2025-04-25 09:00:00,892.0,0.0,386.0,0.0
2025-04-25 09:30:00,980.0,0.0,430.0,0.0
2025-04-25 10:00:00,808.0,0.0,340.0,0.0
2025-04-25 10:30:00,801.0,0.0,335.0,0.0
2025-04-25 11:00:00,732.0,0.0,281.0,0.0
2025-04-25 11:30:00,769.0,0.0,306.0,0.0
2025-04-25 12:00:00,752.0,0.0,292.0,0.0
2025-04-25 12:30:00,804.0,0.0,326.0,0.0
2025-04-25 13:00:00,744.0,0.0,292.0,0.0
2025-04-25 13:30:00,772.0,0.0,297.0,0.0
2025-04-25 14:00:00,730.0,0.0,291.0,0.0
2025-04-25 14:30:00,667.0,0.0,252.0,0.0
2025-04-25 15:00:00,786.0,0.0,329.0,0.0
2025-04-25 15:30:00,815.0,0.0,345.0,0.0
2025-04-25 16:00:00,665.0,0.0,271.0,0.0
2025-04-25 16:30:00,630.0,0.0,265.0,0.0
2025-04-25 17:00:00,711.0,0.0,289.0,0.0
2025-04-25 17:30:00,764.0,0.0,302.0,0.0
2025-04-25 18:00:00,709.0,0.0,276.0,0.0
2025-04-25 18:30:00,582.0,0.0,241.0,0.0
2025-04-25 19:00:00,554.0,0.0,239.0,0.0
2025-04-25 19:30:00,553.0,0.0,233.0,0.0
2025-04-25 20:00:00,573.0,0.0,244.0,0.0
2025-04-25 20:30:00,626.0,0.0,248.0,0.0
2025-04-25 21:00:00,639.0,0.0,248.0,0.0
2025-04-25 21:30:00,631.0,0.0,266.0,0.0
2025-04-25 22:00:00,654.0,0.0,271.0,0.0
2025-04-25 22:30:00,692.0,0.0,282.0,0.0
2025-04-25 23:00:00,823.0,0.0,318.0,0.0
2025-04-25 23:30:00,795.0,0.0,330.0,0.0
2025-04-26 00:00:00,688.0,0.0,273.0,0.0
2025-04-26 00:30:00,659.0,0.0,271.0,0.0
2025-04-26 01:00:00,763.0,0.0,303.0,0.0
2025-04-26 01:30:00,824.0,0.0,352.0,0.0
2025-04-26 02:00:00,748.0,0.0,301.0,0.0
2025-04-26 02:30:00,640.0,0.0,274.0,0.0
2025-04-26 03:00:00,648.0,0.0,290.0,0.0
2025-04-26 03:30:00,671.0,0.0,285.0,0.0
2025-04-26 04:00:00,810.0,0.0,356.0,0.0
2025-04-26 04:30:00,784.0,0.0,341.0,0.0
2025-04-26 05:00:00,666.0,0.0,264.0,0.0
2025-04-26 05:30:00,689.0,0.0,270.0,0.0
2025-04-26 06:00:00,764.0,0.0,318.0,0.0
2025-04-26 06:30:00,866.0,0.0,376.0,0.0
2025-04-26 07:00:00,696.0,0.0,310.0,0.0
2025-04-26 07:30:00,650.0,0.0,277.0,0.0
2025-04-26 08:00:00,713.0,0.0,306.0,0.0
2025-04-26 08:30:00,841.0,0.0,338.0,0.0
2025-04-26 09:00:00,803.0,0.0,335.0,0.0
2025-04-26 09:30:00,672.0,0.0,298.0,0.0
2025-04-26 10:00:00,673.0,0.0,290.0,0.0
2025-04-26 10:30:00,792.0,0.0,348.0,0.0
2025-04-26 11:00:00,861.0,0.0,374.0,0.0
2025-04-26 11:30:00,691.0,0.0,283.0,0.0
2025-04-26 12:00:00,665.0,0.0,271.0,0.0
2025-04-26 12:30:00,635.0,0.0,272.0,0.0
2025-04-26 13:00:00,751.0,0.0,295.0,0.0
2025-04-26 13:30:00,845.0,0.0,345.0,0.0
2025-04-26 14:00:00,758.0,0.0,301.0,0.0
2025-04-26 14:30:00,716.0,0.0,299.0,0.0
2025-04-26 15:00:00,678.0,0.0,279.0,0.0
2025-04-26 15:30:00,869.0,0.0,345.0,0.0
2025-04-26 16:00:00,829.0,0.0,348.0,0.0
2025-04-26 16:30:00,698.0,0.0,308.0,0.0
2025-04-26 17:00:00,644.0,0.0,271.0,0.0
2025-04-26 17:30:00,695.0,0.0,293.0,0.0
2025-04-26 18:00:00,854.0,0.0,361.0,0.0
2025-04-26 18:30:00,774.0,0.0,318.0,0.0
2025-04-26 19:00:00,716.0,0.0,301.0,0.0
2025-04-26 19:30:00,683.0,0.0,282.0,0.0
2025-04-26 20:00:00,674.0,0.0,300.0,0.0
2025-04-26 20:30:00,700.0,0.0,288.0,0.0
2025-04-26 21:00:00,700.0,0.0,270.0,0.0
2025-04-26 21:30:00,690.0,0.0,287.0,0.0
2025-04-26 22:00:00,659.0,0.0,284.0,0.0
2025-04-26 22:30:00,654.0,0.0,272.0,0.0
2025-04-26 23:00:00,707.0,0.0,297.0,0.0
2025-04-26 23:30:00,783.0,0.0,335.0,0.0
2025-04-27 00:00:00,628.0,0.0,250.0,0.0
2025-04-27 00:30:00,564.0,0.0,236.0,0.0
2025-04-27 01:00:00,609.0,0.0,236.0,0.0
2025-04-27 01:30:00,743.0,0.0,308.0,0.0
2025-04-27 02:00:00,670.0,0.0,263.0,0.0
2025-04-27 02:30:00,568.0,0.0,239.0,0.0
2025-04-27 03:00:00,559.0,0.0,242.0,0.0
2025-04-27 03:30:00,567.0,0.0,255.0,0.0
2025-04-27 04:00:00,623.0,0.0,256.0,0.0
2025-04-27 04:30:00,740.0,0.0,304.0,0.0
2025-04-27 05:00:00,788.0,0.0,306.0,0.0
2025-04-27 05:30:00,759.0,0.0,313.0,0.0
2025-04-27 06:00:00,685.0,0.0,287.0,0.0
2025-04-27 06:30:00,679.0,0.0,284.0,0.0
2025-04-27 07:00:00,765.0,0.0,314.0,0.0
2025-04-27 07:30:00,789.0,0.0,332.0,0.0
2025-04-27 08:00:00,706.0,0.0,305.0,0.0
2025-04-27 08:30:00,621.0,0.0,273.0,0.0
2025-04-27 09:00:00,674.0,0.0,296.0,0.0
2025-04-27 09:30:00,801.0,0.0,332.0,0.0
2025-04-27 10:00:00,779.0,0.0,320.0,0.0
2025-04-27 10:30:00,659.0,0.0,278.0,0.0
2025-04-27 11:00:00,644.0,0.0,279.0,0.0
2025-04-27 11:30:00,725.0,0.0,308.0,0.0
2025-04-27 12:00:00,833.0,0.0,342.0,0.0
2025-04-27 12:30:00,700.0,0.0,278.0,0.0
2025-04-27 13:00:00,651.0,0.0,275.0,0.0
2025-04-27 13:30:00,650.0,0.0,280.0,0.0
2025-04-27 14:00:00,755.0,0.0,326.0,0.0
2025-04-27 14:30:00,842.0,0.0,356.0,0.0
2025-04-27 15:00:00,691.0,0.0,295.0,0.0
2025-04-27 15:30:00,673.0,0.0,287.0,0.0
2025-04-27 16:00:00,668.0,0.0,286.0,0.0
2025-04-27 16:30:00,775.0,0.0,340.0,0.0
2025-04-27 17:00:00,847.0,0.0,380.0,0.0
2025-04-27 17:30:00,731.0,0.0,295.0,0.0
2025-04-27 18:00:00,677.0,0.0,301.0,0.0
2025-04-27 18:30:00,713.0,0.0,301.0,0.0
2025-04-27 19:00:00,844.0,0.0,343.0,0.0
2025-04-27 19:30:00,724.0,0.0,297.0,0.0
2025-04-27 20:00:00,583.0,0.0,249.0,0.0
2025-04-27 20:30:00,547.0,0.0,233.0,0.0
2025-04-27 21:00:00,579.0,0.0,232.0,0.0
2025-04-27 21:30:00,630.0,0.0,271.0,0.0
2025-04-27 22:00:00,661.0,0.0,270.0,0.0
2025-04-27 22:30:00,655.0,0.0,273.0,0.0
2025-04-27 23:00:00,706.0,0.0,298.0,0.0
2025-04-27 23:30:00,871.0,0.0,382.0,0.0
2025-04-28 00:00:00,831.0,0.0,353.0,0.0
2025-04-28 00:30:00,728.0,0.0,286.0,0.0
2025-04-28 01:00:00,664.0,0.0,274.0,0.0
2025-04-28 01:30:00,802.0,0.0,345.0,0.0
2025-04-28 02:00:00,834.0,0.0,363.0,0.0
2025-04-28 02:30:00,698.0,0.0,300.0,0.0
2025-04-28 03:00:00,698.0,0.0,289.0,0.0
2025-04-28 03:30:00,666.0,0.0,268.0,0.0
2025-04-28 04:00:00,681.0,0.0,284.0,0.0
2025-04-28 04:30:00,679.0,0.0,275.0,0.0
2025-04-28 05:00:00,675.0,0.0,307.0,0.0
2025-04-28 05:30:00,649.0,0.0,284.0,0.0
2025-04-28 06:00:00,664.0,0.0,298.0,0.0
2025-04-28 06:30:00,608.0,0.0,268.0,0.0
2025-04-28 07:00:00,747.0,0.0,338.0,0.0
2025-04-28 07:30:00,849.0,0.0,342.0,0.0
2025-04-28 08:00:00,675.0,0.0,259.0,0.0
2025-04-28 08:30:00,648.0,0.0,263.0,0.0
2025-04-28 09:00:00,762.0,0.0,332.0,0.0
2025-04-28 09:30:00,1023.0,0.0,430.0,0.0
2025-04-28 10:00:00,804.0,0.0,291.0,0.0
2025-04-28 10:30:00,756.0,0.0,268.0,0.0
2025-04-28 11:00:00,768.0,0.0,281.0,0.0
2025-04-28 11:30:00,783.0,0.0,300.0,0.0
2025-04-28 12:00:00,898.0,0.0,389.0,0.0
2025-04-28 12:30:00,989.0,0.0,424.0,0.0
2025-04-28 13:00:00,883.0,0.0,352.0,0.0
2025-04-28 13:30:00,793.0,0.0,310.0,0.0
2025-04-28 14:00:00,796.0,0.0,296.0,0.0
2025-04-28 14:30:00,775.0,0.0,278.0,0.0
2025-04-28 15:00:00,924.0,0.0,382.0,0.0
2025-04-28 15:30:00,1007.0,0.0,415.0,0.0
2025-04-28 16:00:00,915.0,0.0,373.0,0.0
2025-04-28 16:30:00,786.0,0.0,321.0,0.0
2025-04-28 17:00:00,728.0,0.0,308.0,0.0
2025-04-28 17:30:00,874.0,0.0,357.0,0.0
2025-04-28 18:00:00,894.0,0.0,359.0,0.0
2025-04-28 18:30:00,755.0,0.0,292.0,0.0
2025-04-28 19:00:00,674.0,0.0,270.0,0.0
2025-04-28 19:30:00,694.0,0.0,270.0,0.0
2025-04-28 20:00:00,830.0,0.0,347.0,0.0
2025-04-28 20:30:00,898.0,0.0,369.0,0.0
2025-04-28 21:00:00,769.0,0.0,311.0,0.0
2025-04-28 21:30:00,678.0,0.0,267.0,0.0
2025-04-28 22:00:00,739.0,0.0,300.0,0.0
2025-04-28 22:30:00,864.0,0.0,342.0,0.0
2025-04-28 23:00:00,913.0,0.0,367.0,0.0
2025-04-28 23:30:00,748.0,0.0,285.0,0.0
2025-04-29 00:00:00,713.0,0.0,273.0,0.0
2025-04-29 00:30:00,755.0,0.0,325.0,0.0
2025-04-29 01:00:00,817.0,0.0,344.0,0.0
2025-04-29 01:30:00,699.0,0.0,271.0,0.0
2025-04-29 02:00:00,639.0,0.0,282.0,0.0
2025-04-29 02:30:00,646.0,0.0,257.0,0.0
2025-04-29 03:00:00,660.0,0.0,254.0,0.0
2025-04-29 03:30:00,690.0,0.0,275.0,0.0
2025-04-29 04:00:00,768.0,0.0,338.0,0.0
2025-04-29 04:30:00,877.0,0.0,364.0,0.0
2025-04-29 05:00:00,814.0,0.0,336.0,0.0
2025-04-29 05:30:00,696.0,0.0,284.0,0.0
2025-04-29 06:00:00,687.0,0.0,292.0,0.0
2025-04-29 06:30:00,856.0,0.0,351.0,0.0
2025-04-29 07:00:00,870.0,0.0,347.0,0.0
2025-04-29 07:30:00,716.0,0.0,262.0,0.0
2025-04-29 08:00:00,740.0,0.0,299.0,0.0
2025-04-29 08:30:00,746.0,0.0,313.0,0.0
2025-04-29 09:00:00,902.0,0.0,383.0,0.0
2025-04-29 09:30:00,835.0,0.0,352.0,0.0
2025-04-29 10:00:00,736.0,0.0,310.0,0.0
2025-04-29 10:30:00,720.0,0.0,306.0,0.0
2025-04-29 11:00:00,735.0,0.0,313.0,0.0
2025-04-29 11:30:00,880.0,0.0,358.0,0.0
2025-04-29 12:00:00,875.0,0.0,337.0,0.0
2025-04-29 12:30:00,744.0,0.0,315.0,0.0
2025-04-29 13:00:00,706.0,0.0,280.0,0.0
2025-04-29 13:30:00,688.0,0.0,284.0,0.0
2025-04-29 14:00:00,710.0,0.0,292.0,0.0
2025-04-29 14:30:00,746.0,0.0,280.0,0.0
2025-04-29 15:00:00,706.0,0.0,290.0,0.0
2025-04-29 15:30:00,726.0,0.0,290.0,0.0
2025-04-29 16:00:00,681.0,0.0,280.0,0.0
2025-04-29 16:30:00,671.0,0.0,294.0,0.0
2025-04-29 17:00:00,757.0,0.0,326.0,0.0
2025-04-29 17:30:00,700.0,0.0,281.0,0.0
2025-04-29 18:00:00,589.0,0.0,243.0,0.0
2025-04-29 18:30:00,551.0,0.0,198.0,0.0
2025-04-29 19:00:00,654.0,0.0,260.0,0.0
2025-04-29 19:30:00,775.0,0.0,309.0,0.0
2025-04-29 20:00:00,623.0,0.0,240.0,0.0
2025-04-29 20:30:00,591.0,0.0,247.0,0.0
2025-04-29 21:00:00,588.0,0.0,245.0,0.0
2025-04-29 21:30:00,576.0,0.0,245.0,0.0
2025-04-29 22:00:00,675.0,0.0,298.0,0.0
2025-04-29 22:30:00,734.0,0.0,313.0,0.0
2025-04-29 23:00:00,765.0,0.0,321.0,0.0
2025-04-29 23:30:00,690.0,0.0,294.0,0.0
2025-04-30 00:00:00,658.0,0.0,283.0,0.0
2025-04-30 00:30:00,647.0,0.0,269.0,0.0
2025-04-30 01:00:00,630.0,0.0,280.0,0.0
2025-04-30 01:30:00,826.0,0.0,353.0,0.0
2025-04-30 02:00:00,802.0,0.0,336.0,0.0
2025-04-30 02:30:00,673.0,0.0,276.0,0.0
2025-04-30 03:00:00,633.0,0.0,275.0,0.0
2025-04-30 03:30:00,652.0,0.0,268.0,0.0
2025-04-30 04:00:00,636.0,0.0,283.0,0.0
2025-04-30 04:30:00,651.0,0.0,277.0,0.0
2025-04-30 05:00:00,814.0,0.0,338.0,0.0
2025-04-30 05:30:00,847.0,0.0,355.0,0.0
2025-04-30 06:00:00,700.0,0.0,294.0,0.0
2025-04-30 06:30:00,666.0,0.0,290.0,0.0
2025-04-30 07:00:00,678.0,0.0,292.0,0.0
2025-04-30 07:30:00,789.0,0.0,325.0,0.0
2025-04-30 08:00:00,871.0,0.0,357.0,0.0
2025-04-30 08:30:00,726.0,0.0,286.0,0.0
2025-04-30 09:00:00,704.0,0.0,295.0,0.0
2025-04-30 09:30:00,746.0,0.0,304.0,0.0
2025-04-30 10:00:00,895.0,0.0,390.0,0.0
2025-04-30 10:30:00,826.0,0.0,337.0,0.0
2025-04-30 11:00:00,735.0,0.0,305.0,0.0
2025-04-30 11:30:00,694.0,0.0,290.0,0.0
2025-04-30 12:00:00,775.0,0.0,310.0,0.0
2025-04-30 12:30:00,922.0,0.0,366.0,0.0
2025-04-30 13:00:00,757.0,0.0,302.0,0.0
2025-04-30 13:30:00,706.0,0.0,297.0,0.0
2025-04-30 14:00:00,662.0,0.0,272.0,0.0
2025-04-30 14:30:00,683.0,0.0,271.0,0.0
2025-04-30 15:00:00,877.0,0.0,380.0,0.0
2025-04-30 15:30:00,850.0,0.0,331.0,0.0
2025-04-30 16:00:00,758.0,0.0,305.0,0.0
2025-04-30 16:30:00,678.0,0.0,288.0,0.0
2025-04-30 17:00:00,796.0,0.0,350.0,0.0
2025-04-30 17:30:00,884.0,0.0,374.0,0.0
2025-04-30 18:00:00,714.0,0.0,291.0,0.0
2025-04-30 18:30:00,647.0,0.0,266.0,0.0
2025-04-30 19:00:00,619.0,0.0,250.0,0.0
2025-04-30 19:30:00,776.0,0.0,320.0,0.0
2025-04-30 20:00:00,823.0,0.0,342.0,0.0
2025-04-30 20:30:00,685.0,0.0,286.0,0.0
2025-04-30 21:00:00,650.0,0.0,289.0,0.0
2025-04-30 21:30:00,652.0,0.0,289.0,0.0
2025-04-30 22:00:00,714.0,0.0,302.0,0.0
2025-04-30 22:30:00,676.0,0.0,267.0,0.0
2025-04-30 23:00:00,686.0,0.0,293.0,0.0
2025-04-30 23:30:00,668.0,0.0,284.0,0.0
2025-05-01 00:00:00,649.0,0.0,270.0,0.0
2025-05-01 00:30:00,579.0,0.0,240.0,0.0
2025-05-01 01:00:00,585.0,0.0,253.0,0.0
2025-05-01 01:30:00,522.0,0.0,208.0,0.0
2025-05-01 02:00:00,505.0,0.0,205.0,0.0
2025-05-01 02:30:00,384.0,0.0,149.0,0.0
2025-05-01 03:00:00,352.0,0.0,136.0,0.0
2025-05-01 03:30:00,311.0,0.0,144.0,0.0
2025-05-01 04:00:00,291.0,0.0,139.0,0.0
2025-05-01 04:30:00,290.0,0.0,140.0,0.0
2025-05-01 05:00:00,287.0,0.0,139.0,0.0
2025-05-01 05:30:00,285.0,0.0,138.0,0.0
2025-05-01 06:00:00,285.0,0.0,137.0,0.0
2025-05-01 06:30:00,256.0,0.0,119.0,0.0
2025-05-01 07:00:00,128.0,0.0,70.0,0.0
2025-05-01 07:30:00,119.0,0.0,69.0,0.0
2025-05-01 08:00:00,119.0,0.0,67.0,0.0
2025-05-01 08:30:00,124.0,0.0,67.0,0.0
2025-05-01 09:00:00,124.0,0.0,64.0,0.0
2025-05-01 09:30:00,158.0,0.0,68.0,0.0
2025-05-01 10:00:00,139.0,0.0,70.0,0.0
2025-05-01 10:30:00,177.0,0.0,73.0,0.0
2025-05-01 11:00:00,174.0,0.0,67.0,0.0
2025-05-01 11:30:00,175.0,0.0,68.0,0.0
2025-05-01 12:00:00,176.0,0.0,68.0,0.0
2025-05-01 12:30:00,176.0,0.0,70.0,0.0
2025-05-01 13:00:00,174.0,0.0,72.0,0.0
2025-05-01 13:30:00,170.0,0.0,67.0,0.0
2025-05-01 14:00:00,171.0,0.0,72.0,0.0
2025-05-01 14:30:00,173.0,0.0,74.0,0.0
2025-05-01 15:00:00,170.0,0.0,73.0,0.0
2025-05-01 15:30:00,171.0,0.0,71.0,0.0
2025-05-01 16:00:00,171.0,0.0,72.0,0.0
2025-05-01 16:30:00,168.0,0.0,73.0,0.0
2025-05-01 17:00:00,167.0,0.0,69.0,0.0
2025-05-01 17:30:00,107.0,0.0,48.0,0.0
2025-05-01 18:00:00,96.0,0.0,51.0,0.0
2025-05-01 18:30:00,91.0,0.0,50.0,0.0
2025-05-01 19:00:00,90.0,0.0,49.0,0.0
2025-05-01 19:30:00,94.0,0.0,52.0,0.0
2025-05-01 20:00:00,97.0,0.0,55.0,0.0
2025-05-01 20:30:00,98.0,0.0,56.0,0.0
2025-05-01 21:00:00,98.0,0.0,56.0,0.0
2025-05-01 21:30:00,101.0,0.0,61.0,0.0
2025-05-01 22:00:00,104.0,0.0,63.0,0.0
2025-05-01 22:30:00,108.0,0.0,65.0,0.0
2025-05-01 23:00:00,109.0,0.0,64.0,0.0
2025-05-01 23:30:00,109.0,0.0,66.0,0.0
2025-05-02 00:00:00,109.0,0.0,64.0,0.0
2025-05-02 00:30:00,107.0,0.0,62.0,0.0
2025-05-02 01:00:00,109.0,0.0,63.0,0.0
2025-05-02 01:30:00,109.0,0.0,63.0,0.0
2025-05-02 02:00:00,107.0,0.0,64.0,0.0
2025-05-02 02:30:00,107.0,0.0,60.0,0.0
2025-05-02 03:00:00,107.0,0.0,61.0,0.0
2025-05-02 03:30:00,107.0,0.0,61.0,0.0
2025-05-02 04:00:00,108.0,0.0,62.0,0.0
2025-05-02 04:30:00,108.0,0.0,62.0,0.0
2025-05-02 05:00:00,106.0,0.0,63.0,0.0
2025-05-02 05:30:00,107.0,0.0,63.0,0.0
2025-05-02 06:00:00,107.0,0.0,62.0,0.0
2025-05-02 06:30:00,105.0,0.0,58.0,0.0
2025-05-02 07:00:00,114.0,0.0,58.0,0.0
2025-05-02 07:30:00,165.0,0.0,65.0,0.0
2025-05-02 08:00:00,215.0,0.0,74.0,0.0
2025-05-02 08:30:00,233.0,0.0,75.0,0.0
2025-05-02 09:00:00,232.0,0.0,73.0,0.0
2025-05-02 09:30:00,236.0,0.0,75.0,0.0
2025-05-02 10:00:00,239.0,0.0,78.0,0.0
2025-05-02 10:30:00,240.0,0.0,77.0,0.0
2025-05-02 11:00:00,239.0,0.0,77.0,0.0
2025-05-02 11:30:00,240.0,0.0,79.0,0.0
2025-05-02 12:00:00,251.0,0.0,91.0,0.0
2025-05-02 12:30:00,236.0,0.0,79.0,0.0
2025-05-02 13:00:00,235.0,0.0,83.0,0.0
2025-05-02 13:30:00,230.0,0.0,81.0,0.0
2025-05-02 14:00:00,233.0,0.0,81.0,0.0
2025-05-02 14:30:00,244.0,0.0,79.0,0.0
2025-05-02 15:00:00,255.0,0.0,73.0,0.0
2025-05-02 15:30:00,258.0,0.0,76.0,0.0
2025-05-02 16:00:00,254.0,0.0,73.0,0.0
2025-05-02 16:30:00,244.0,0.0,71.0,0.0
2025-05-02 17:00:00,233.0,0.0,69.0,0.0
2025-05-02 17:30:00,226.0,0.0,73.0,0.0
2025-05-02 18:00:00,212.0,0.0,78.0,0.0
2025-05-02 18:30:00,206.0,0.0,79.0,0.0
2025-05-02 19:00:00,208.0,0.0,79.0,0.0
2025-05-02 19:30:00,208.0,0.0,73.0,0.0
2025-05-02 20:00:00,217.0,0.0,79.0,0.0
2025-05-02 20:30:00,218.0,0.0,80.0,0.0
2025-05-02 21:00:00,216.0,0.0,80.0,0.0
2025-05-02 21:30:00,182.0,0.0,71.0,0.0
2025-05-02 22:00:00,173.0,0.0,68.0,0.0
2025-05-02 22:30:00,177.0,0.0,66.0,0.0
2025-05-02 23:00:00,184.0,0.0,65.0,0.0
2025-05-02 23:30:00,186.0,0.0,66.0,0.0
2025-05-03 00:00:00,176.0,0.0,65.0,0.0
2025-05-03 00:30:00,173.0,0.0,66.0,0.0
2025-05-03 01:00:00,171.0,0.0,65.0,0.0
2025-05-03 01:30:00,162.0,0.0,62.0,0.0
2025-05-03 02:00:00,160.0,0.0,65.0,0.0
2025-05-03 02:30:00,157.0,0.0,65.0,0.0
2025-05-03 03:00:00,155.0,0.0,66.0,0.0
2025-05-03 03:30:00,154.0,0.0,63.0,0.0
2025-05-03 04:00:00,155.0,0.0,63.0,0.0
2025-05-03 04:30:00,156.0,0.0,66.0,0.0
2025-05-03 05:00:00,157.0,0.0,66.0,0.0
2025-05-03 05:30:00,156.0,0.0,66.0,0.0
2025-05-03 06:00:00,157.0,0.0,67.0,0.0
2025-05-03 06:30:00,157.0,0.0,65.0,0.0
2025-05-03 07:00:00,155.0,0.0,61.0,0.0
2025-05-03 07:30:00,154.0,0.0,53.0,0.0
2025-05-03 08:00:00,235.0,0.0,70.0,0.0
2025-05-03 08:30:00,250.0,0.0,78.0,0.0
2025-05-03 09:00:00,248.0,0.0,75.0,0.0
2025-05-03 09:30:00,291.0,0.0,96.0,0.0
2025-05-03 10:00:00,285.0,0.0,104.0,0.0
2025-05-03 10:30:00,285.0,0.0,105.0,0.0
2025-05-03 11:00:00,280.0,0.0,103.0,0.0
2025-05-03 11:30:00,282.0,0.0,106.0,0.0
2025-05-03 12:00:00,268.0,0.0,105.0,0.0
2025-05-03 12:30:00,260.0,0.0,105.0,0.0
2025-05-03 13:00:00,270.0,0.0,104.0,0.0
2025-05-03 13:30:00,266.0,0.0,101.0,0.0
2025-05-03 14:00:00,266.0,0.0,98.0,0.0
2025-05-03 14:30:00,271.0,0.0,100.0,0.0
2025-05-03 15:00:00,276.0,0.0,110.0,0.0
2025-05-03 15:30:00,293.0,0.0,127.0,0.0
2025-05-03 16:00:00,315.0,0.0,131.0,0.0
2025-05-03 16:30:00,356.0,0.0,138.0,0.0
2025-05-03 17:00:00,462.0,0.0,180.0,0.0
2025-05-03 17:30:00,539.0,0.0,216.0,0.0
2025-05-03 18:00:00,492.0,0.0,213.0,0.0
2025-05-03 18:30:00,500.0,0.0,201.0,0.0
2025-05-03 19:00:00,492.0,0.0,200.0,0.0
2025-05-03 19:30:00,514.0,0.0,194.0,0.0
2025-05-03 20:00:00,496.0,0.0,209.0,0.0
2025-05-03 20:30:00,483.0,0.0,217.0,0.0
2025-05-03 21:00:00,536.0,0.0,217.0,0.0
2025-05-03 21:30:00,610.0,0.0,231.0,0.0
2025-05-03 22:00:00,736.0,0.0,311.0,0.0
2025-05-03 22:30:00,577.0,0.0,235.0,0.0
2025-05-03 23:00:00,546.0,0.0,222.0,0.0
2025-05-03 23:30:00,702.0,0.0,290.0,0.0
2025-05-04 00:00:00,801.0,0.0,321.0,0.0
2025-05-04 00:30:00,674.0,0.0,282.0,0.0
2025-05-04 01:00:00,631.0,0.0,238.0,0.0
2025-05-04 01:30:00,594.0,0.0,238.0,0.0
2025-05-04 02:00:00,716.0,0.0,307.0,0.0
2025-05-04 02:30:00,782.0,0.0,333.0,0.0
2025-05-04 03:00:00,722.0,0.0,298.0,0.0
2025-05-04 03:30:00,624.0,0.0,245.0,0.0
2025-05-04 04:00:00,605.0,0.0,260.0,0.0
2025-05-04 04:30:00,703.0,0.0,310.0,0.0
2025-05-04 05:00:00,782.0,0.0,347.0,0.0
2025-05-04 05:30:00,675.0,0.0,293.0,0.0
2025-05-04 06:00:00,594.0,0.0,263.0,0.0
2025-05-04 06:30:00,639.0,0.0,288.0,0.0
2025-05-04 07:00:00,756.0,0.0,327.0,0.0
2025-05-04 07:30:00,739.0,0.0,323.0,0.0
2025-05-04 08:00:00,591.0,0.0,224.0,0.0
2025-05-04 08:30:00,600.0,0.0,233.0,0.0
2025-05-04 09:00:00,629.0,0.0,236.0,0.0
2025-05-04 09:30:00,742.0,0.0,309.0,0.0
2025-05-04 10:00:00,693.0,0.0,284.0,0.0
2025-05-04 10:30:00,577.0,0.0,238.0,0.0
2025-05-04 11:00:00,607.0,0.0,252.0,0.0
2025-05-04 11:30:00,589.0,0.0,256.0,0.0
2025-05-04 12:00:00,703.0,0.0,300.0,0.0
2025-05-04 12:30:00,777.0,0.0,313.0,0.0
2025-05-04 13:00:00,643.0,0.0,257.0,0.0
2025-05-04 13:30:00,598.0,0.0,246.0,0.0
2025-05-04 14:00:00,602.0,0.0,269.0,0.0
2025-05-04 14:30:00,607.0,0.0,251.0,0.0
2025-05-04 15:00:00,767.0,0.0,300.0,0.0
2025-05-04 15:30:00,783.0,0.0,308.0,0.0
2025-05-04 16:00:00,655.0,0.0,281.0,0.0
2025-05-04 16:30:00,618.0,0.0,286.0,0.0
2025-05-04 17:00:00,652.0,0.0,282.0,0.0
2025-05-04 17:30:00,820.0,0.0,344.0,0.0
2025-05-04 18:00:00,679.0,0.0,279.0,0.0
2025-05-04 18:30:00,623.0,0.0,274.0,0.0
2025-05-04 19:00:00,598.0,0.0,250.0,0.0
2025-05-04 19:30:00,635.0,0.0,278.0,0.0
2025-05-04 20:00:00,792.0,0.0,336.0,0.0
2025-05-04 20:30:00,744.0,0.0,315.0,0.0
2025-05-04 21:00:00,656.0,0.0,286.0,0.0
2025-05-04 21:30:00,595.0,0.0,260.0,0.0
2025-05-04 22:00:00,716.0,0.0,305.0,0.0
2025-05-04 22:30:00,794.0,0.0,315.0,0.0
2025-05-04 23:00:00,711.0,0.0,303.0,0.0
2025-05-04 23:30:00,647.0,0.0,264.0,0.0
2025-05-05 00:00:00,622.0,0.0,282.0,0.0
2025-05-05 00:30:00,617.0,0.0,257.0,0.0
2025-05-05 01:00:00,608.0,0.0,244.0,0.0
2025-05-05 01:30:00,611.0,0.0,221.0,0.0
2025-05-05 02:00:00,619.0,0.0,249.0,0.0
2025-05-05 02:30:00,622.0,0.0,250.0,0.0
2025-05-05 03:00:00,612.0,0.0,265.0,0.0
2025-05-05 03:30:00,696.0,0.0,283.0,0.0
2025-05-05 04:00:00,701.0,0.0,298.0,0.0
2025-05-05 04:30:00,616.0,0.0,248.0,0.0
2025-05-05 05:00:00,557.0,0.0,245.0,0.0
2025-05-05 05:30:00,565.0,0.0,238.0,0.0
2025-05-05 06:00:00,676.0,0.0,295.0,0.0
2025-05-05 06:30:00,689.0,0.0,272.0,0.0
2025-05-05 07:00:00,598.0,0.0,246.0,0.0
2025-05-05 07:30:00,588.0,0.0,232.0,0.0
2025-05-05 08:00:00,591.0,0.0,227.0,0.0
2025-05-05 08:30:00,581.0,0.0,214.0,0.0
2025-05-05 09:00:00,642.0,0.0,227.0,0.0
2025-05-05 09:30:00,673.0,0.0,264.0,0.0
2025-05-05 10:00:00,774.0,0.0,322.0,0.0
2025-05-05 10:30:00,836.0,0.0,361.0,0.0
2025-05-05 11:00:00,739.0,0.0,298.0,0.0
2025-05-05 11:30:00,668.0,0.0,271.0,0.0
2025-05-05 12:00:00,695.0,0.0,283.0,0.0
2025-05-05 12:30:00,870.0,0.0,368.0,0.0
2025-05-05 13:00:00,829.0,0.0,361.0,0.0
2025-05-05 13:30:00,689.0,0.0,272.0,0.0
2025-05-05 14:00:00,670.0,0.0,268.0,0.0
2025-05-05 14:30:00,646.0,0.0,280.0,0.0
2025-05-05 15:00:00,728.0,0.0,332.0,0.0
2025-05-05 15:30:00,900.0,0.0,362.0,0.0
2025-05-05 16:00:00,875.0,0.0,340.0,0.0
2025-05-05 16:30:00,705.0,0.0,282.0,0.0
2025-05-05 17:00:00,851.0,0.0,368.0,0.0
2025-05-05 17:30:00,859.0,0.0,356.0,0.0
2025-05-05 18:00:00,700.0,0.0,280.0,0.0
2025-05-05 18:30:00,668.0,0.0,286.0,0.0
2025-05-05 19:00:00,749.0,0.0,308.0,0.0
2025-05-05 19:30:00,855.0,0.0,343.0,0.0
2025-05-05 20:00:00,760.0,0.0,294.0,0.0
2025-05-05 20:30:00,722.0,0.0,273.0,0.0
2025-05-05 21:00:00,674.0,0.0,264.0,0.0
2025-05-05 21:30:00,672.0,0.0,280.0,0.0
2025-05-05 22:00:00,787.0,0.0,311.0,0.0
2025-05-05 22:30:00,663.0,0.0,267.0,0.0
2025-05-05 23:00:00,785.0,0.0,326.0,0.0
2025-05-05 23:30:00,726.0,0.0,289.0,0.0
2025-05-06 00:00:00,679.0,0.0,265.0,0.0
2025-05-06 00:30:00,642.0,0.0,267.0,0.0
2025-05-06 01:00:00,704.0,0.0,270.0,0.0
2025-05-06 01:30:00,670.0,0.0,277.0,0.0
2025-05-06 02:00:00,728.0,0.0,311.0,0.0
2025-05-06 02:30:00,718.0,0.0,311.0,0.0
2025-05-06 03:00:00,781.0,0.0,330.0,0.0
2025-05-06 03:30:00,712.0,0.0,290.0,0.0
2025-05-06 04:00:00,615.0,0.0,263.0,0.0
2025-05-06 04:30:00,638.0,0.0,273.0,0.0
2025-05-06 05:00:00,672.0,0.0,279.0,0.0
2025-05-06 05:30:00,662.0,0.0,279.0,0.0
2025-05-06 06:00:00,665.0,0.0,272.0,0.0
2025-05-06 06:30:00,756.0,0.0,298.0,0.0
2025-05-06 07:00:00,733.0,0.0,294.0,0.0
2025-05-06 07:30:00,696.0,0.0,275.0,0.0
2025-05-06 08:00:00,685.0,0.0,275.0,0.0
2025-05-06 08:30:00,699.0,0.0,267.0,0.0
2025-05-06 09:00:00,666.0,0.0,271.0,0.0
2025-05-06 09:30:00,596.0,0.0,238.0,0.0
2025-05-06 10:00:00,688.0,0.0,281.0,0.0
2025-05-06 10:30:00,774.0,0.0,333.0,0.0
2025-05-06 11:00:00,794.0,0.0,324.0,0.0
2025-05-06 11:30:00,791.0,0.0,319.0,0.0
2025-05-06 12:00:00,728.0,0.0,297.0,0.0
2025-05-06 12:30:00,751.0,0.0,300.0,0.0
2025-05-06 13:00:00,723.0,0.0,298.0,0.0
2025-05-06 13:30:00,662.0,0.0,274.0,0.0
2025-05-06 14:00:00,728.0,0.0,296.0,0.0
2025-05-06 14:30:00,714.0,0.0,287.0,0.0
2025-05-06 15:00:00,721.0,0.0,287.0,0.0
2025-05-06 15:30:00,767.0,0.0,309.0,0.0
2025-05-06 16:00:00,768.0,0.0,299.0,0.0
2025-05-06 16:30:00,798.0,0.0,298.0,0.0
2025-05-06 17:00:00,717.0,0.0,287.0,0.0
2025-05-06 17:30:00,661.0,0.0,267.0,0.0
2025-05-06 18:00:00,757.0,0.0,303.0,0.0
2025-05-06 18:30:00,716.0,0.0,302.0,0.0
2025-05-06 19:00:00,679.0,0.0,293.0,0.0
2025-05-06 19:30:00,708.0,0.0,284.0,0.0
2025-05-06 20:00:00,601.0,0.0,239.0,0.0
2025-05-06 20:30:00,700.0,0.0,278.0,0.0
2025-05-06 21:00:00,761.0,0.0,301.0,0.0
2025-05-06 21:30:00,694.0,0.0,278.0,0.0
2025-05-06 22:00:00,694.0,0.0,288.0,0.0
2025-05-06 22:30:00,644.0,0.0,268.0,0.0
2025-05-06 23:00:00,665.0,0.0,275.0,0.0
2025-05-06 23:30:00,735.0,0.0,286.0,0.0
2025-05-07 00:00:00,680.0,0.0,280.0,0.0
2025-05-07 00:30:00,641.0,0.0,270.0,0.0
2025-05-07 01:00:00,802.0,0.0,345.0,0.0
2025-05-07 01:30:00,783.0,0.0,308.0,0.0
2025-05-07 02:00:00,711.0,0.0,277.0,0.0
2025-05-07 02:30:00,668.0,0.0,285.0,0.0
2025-05-07 03:00:00,624.0,0.0,288.0,0.0
2025-05-07 03:30:00,698.0,0.0,311.0,0.0
2025-05-07 04:00:00,746.0,0.0,308.0,0.0
2025-05-07 04:30:00,692.0,0.0,299.0,0.0
2025-05-07 05:00:00,675.0,0.0,295.0,0.0
2025-05-07 05:30:00,652.0,0.0,278.0,0.0
2025-05-07 06:00:00,666.0,0.0,277.0,0.0
2025-05-07 06:30:00,681.0,0.0,291.0,0.0
2025-05-07 07:00:00,642.0,0.0,274.0,0.0
2025-05-07 07:30:00,698.0,0.0,302.0,0.0
2025-05-07 08:00:00,730.0,0.0,301.0,0.0
2025-05-07 08:30:00,736.0,0.0,295.0,0.0
2025-05-07 09:00:00,623.0,0.0,246.0,0.0
2025-05-07 09:30:00,666.0,0.0,280.0,0.0
2025-05-07 10:00:00,701.0,0.0,290.0,0.0
2025-05-07 10:30:00,709.0,0.0,280.0,0.0
2025-05-07 11:00:00,619.0,0.0,236.0,0.0
2025-05-07 11:30:00,593.0,0.0,221.0,0.0
2025-05-07 12:00:00,622.0,0.0,244.0,0.0
2025-05-07 12:30:00,590.0,0.0,232.0,0.0
2025-05-07 13:00:00,592.0,0.0,215.0,0.0
2025-05-07 13:30:00,688.0,0.0,280.0,0.0
2025-05-07 14:00:00,823.0,0.0,327.0,0.0
2025-05-07 14:30:00,823.0,0.0,346.0,0.0
2025-05-07 15:00:00,694.0,0.0,275.0,0.0
2025-05-07 15:30:00,696.0,0.0,279.0,0.0
2025-05-07 16:00:00,813.0,0.0,335.0,0.0
2025-05-07 16:30:00,871.0,0.0,378.0,0.0
2025-05-07 17:00:00,728.0,0.0,296.0,0.0
2025-05-07 17:30:00,639.0,0.0,247.0,0.0
2025-05-07 18:00:00,662.0,0.0,268.0,0.0
2025-05-07 18:30:00,786.0,0.0,334.0,0.0
2025-05-07 19:00:00,786.0,0.0,342.0,0.0
2025-05-07 19:30:00,748.0,0.0,302.0,0.0
2025-05-07 20:00:00,673.0,0.0,267.0,0.0
2025-05-07 20:30:00,746.0,0.0,293.0,0.0
2025-05-07 21:00:00,863.0,0.0,358.0,0.0
2025-05-07 21:30:00,794.0,0.0,311.0,0.0
2025-05-07 22:00:00,681.0,0.0,273.0,0.0
2025-05-07 22:30:00,692.0,0.0,271.0,0.0
2025-05-07 23:00:00,670.0,0.0,269.0,0.0
2025-05-07 23:30:00,816.0,0.0,336.0,0.0
2025-05-08 00:00:00,881.0,0.0,374.0,0.0
2025-05-08 00:30:00,693.0,0.0,264.0,0.0
2025-05-08 01:00:00,671.0,0.0,257.0,0.0
2025-05-08 01:30:00,684.0,0.0,272.0,0.0
2025-05-08 02:00:00,677.0,0.0,280.0,0.0
2025-05-08 02:30:00,756.0,0.0,320.0,0.0
2025-05-08 03:00:00,860.0,0.0,364.0,0.0
2025-05-08 03:30:00,654.0,0.0,269.0,0.0
2025-05-08 04:00:00,637.0,0.0,254.0,0.0
2025-05-08 04:30:00,611.0,0.0,244.0,0.0
2025-05-08 05:00:00,619.0,0.0,254.0,0.0
2025-05-08 05:30:00,778.0,0.0,338.0,0.0
2025-05-08 06:00:00,721.0,0.0,299.0,0.0
2025-05-08 06:30:00,597.0,0.0,229.0,0.0
2025-05-08 07:00:00,592.0,0.0,229.0,0.0
2025-05-08 07:30:00,599.0,0.0,243.0,0.0
2025-05-08 08:00:00,588.0,0.0,221.0,0.0
2025-05-08 08:30:00,621.0,0.0,240.0,0.0
2025-05-08 09:00:00,754.0,0.0,317.0,0.0
2025-05-08 09:30:00,763.0,0.0,303.0,0.0
2025-05-08 10:00:00,677.0,0.0,285.0,0.0
2025-05-08 10:30:00,654.0,0.0,267.0,0.0
2025-05-08 11:00:00,658.0,0.0,263.0,0.0
2025-05-08 11:30:00,627.0,0.0,232.0,0.0
2025-05-08 12:00:00,680.0,0.0,266.0,0.0
2025-05-08 12:30:00,601.0,0.0,221.0,0.0
2025-05-08 13:00:00,616.0,0.0,236.0,0.0
2025-05-08 13:30:00,632.0,0.0,244.0,0.0
2025-05-08 14:00:00,572.0,0.0,200.0,0.0
2025-05-08 14:30:00,568.0,0.0,205.0,0.0
2025-05-08 15:00:00,565.0,0.0,233.0,0.0
2025-05-08 15:30:00,534.0,0.0,208.0,0.0
2025-05-08 16:00:00,571.0,0.0,217.0,0.0
2025-05-08 16:30:00,645.0,0.0,253.0,0.0
2025-05-08 17:00:00,651.0,0.0,240.0,0.0
2025-05-08 17:30:00,570.0,0.0,232.0,0.0
2025-05-08 18:00:00,479.0,0.0,191.0,0.0
2025-05-08 18:30:00,518.0,0.0,195.0,0.0
2025-05-08 19:00:00,563.0,0.0,232.0,0.0
2025-05-08 19:30:00,655.0,0.0,237.0,0.0
2025-05-08 20:00:00,690.0,0.0,235.0,0.0
2025-05-08 20:30:00,594.0,0.0,209.0,0.0
2025-05-08 21:00:00,578.0,0.0,208.0,0.0
2025-05-08 21:30:00,582.0,0.0,215.0,0.0
2025-05-08 22:00:00,607.0,0.0,223.0,0.0
2025-05-08 22:30:00,602.0,0.0,223.0,0.0
2025-05-08 23:00:00,588.0,0.0,213.0,0.0
2025-05-08 23:30:00,620.0,0.0,231.0,0.0
2025-05-09 00:00:00,632.0,0.0,237.0,0.0
2025-05-09 00:30:00,608.0,0.0,230.0,0.0
2025-05-09 01:00:00,610.0,0.0,234.0,0.0
2025-05-09 01:30:00,583.0,0.0,217.0,0.0
2025-05-09 02:00:00,589.0,0.0,225.0,0.0
2025-05-09 02:30:00,603.0,0.0,230.0,0.0
2025-05-09 03:00:00,605.0,0.0,240.0,0.0
2025-05-09 03:30:00,615.0,0.0,240.0,0.0
2025-05-09 04:00:00,628.0,0.0,258.0,0.0
2025-05-09 04:30:00,716.0,0.0,290.0,0.0
2025-05-09 05:00:00,661.0,0.0,260.0,0.0
2025-05-09 05:30:00,676.0,0.0,270.0,0.0
2025-05-09 06:00:00,692.0,0.0,267.0,0.0
2025-05-09 06:30:00,588.0,0.0,254.0,0.0
2025-05-09 07:00:00,538.0,0.0,223.0,0.0
2025-05-09 07:30:00,551.0,0.0,223.0,0.0
2025-05-09 08:00:00,565.0,0.0,214.0,0.0
2025-05-09 08:30:00,670.0,0.0,261.0,0.0
2025-05-09 09:00:00,711.0,0.0,279.0,0.0
2025-05-09 09:30:00,644.0,0.0,242.0,0.0
2025-05-09 10:00:00,734.0,0.0,265.0,0.0
2025-05-09 10:30:00,741.0,0.0,262.0,0.0
2025-05-09 11:00:00,652.0,0.0,240.0,0.0
2025-05-09 11:30:00,645.0,0.0,234.0,0.0
2025-05-09 12:00:00,676.0,0.0,248.0,0.0
2025-05-09 12:30:00,689.0,0.0,251.0,0.0
2025-05-09 13:00:00,711.0,0.0,259.0,0.0
2025-05-09 13:30:00,720.0,0.0,280.0,0.0
2025-05-09 14:00:00,761.0,0.0,310.0,0.0
2025-05-09 14:30:00,875.0,0.0,347.0,0.0
2025-05-09 15:00:00,816.0,0.0,301.0,0.0
2025-05-09 15:30:00,827.0,0.0,311.0,0.0
2025-05-09 16:00:00,727.0,0.0,292.0,0.0
2025-05-09 16:30:00,664.0,0.0,252.0,0.0
2025-05-09 17:00:00,678.0,0.0,269.0,0.0
2025-05-09 17:30:00,740.0,0.0,289.0,0.0
2025-05-09 18:00:00,672.0,0.0,258.0,0.0
2025-05-09 18:30:00,734.0,0.0,285.0,0.0
2025-05-09 19:00:00,653.0,0.0,257.0,0.0
2025-05-09 19:30:00,597.0,0.0,234.0,0.0
2025-05-09 20:00:00,632.0,0.0,252.0,0.0
2025-05-09 20:30:00,693.0,0.0,272.0,0.0
2025-05-09 21:00:00,688.0,0.0,269.0,0.0
2025-05-09 21:30:00,771.0,0.0,317.0,0.0
2025-05-09 22:00:00,844.0,0.0,353.0,0.0
2025-05-09 22:30:00,888.0,0.0,341.0,0.0
2025-05-09 23:00:00,734.0,0.0,285.0,0.0
2025-05-09 23:30:00,741.0,0.0,310.0,0.0
2025-05-10 00:00:00,666.0,0.0,270.0,0.0
2025-05-10 00:30:00,769.0,0.0,313.0,0.0
2025-05-10 01:00:00,792.0,0.0,316.0,0.0
2025-05-10 01:30:00,667.0,0.0,254.0,0.0
2025-05-10 02:00:00,687.0,0.0,271.0,0.0
2025-05-10 02:30:00,760.0,0.0,298.0,0.0
2025-05-10 03:00:00,653.0,0.0,241.0,0.0
2025-05-10 03:30:00,625.0,0.0,239.0,0.0
2025-05-10 04:00:00,692.0,0.0,281.0,0.0
2025-05-10 04:30:00,776.0,0.0,309.0,0.0
2025-05-10 05:00:00,755.0,0.0,320.0,0.0
2025-05-10 05:30:00,781.0,0.0,312.0,0.0
2025-05-10 06:00:00,683.0,0.0,287.0,0.0
2025-05-10 06:30:00,651.0,0.0,270.0,0.0
2025-05-10 07:00:00,654.0,0.0,272.0,0.0
2025-05-10 07:30:00,657.0,0.0,273.0,0.0
2025-05-10 08:00:00,789.0,0.0,319.0,0.0
2025-05-10 08:30:00,795.0,0.0,319.0,0.0
2025-05-10 09:00:00,754.0,0.0,289.0,0.0
2025-05-10 09:30:00,755.0,0.0,287.0,0.0
2025-05-10 10:00:00,762.0,0.0,299.0,0.0
2025-05-10 10:30:00,792.0,0.0,327.0,0.0
2025-05-10 11:00:00,792.0,0.0,320.0,0.0
2025-05-10 11:30:00,724.0,0.0,281.0,0.0
2025-05-10 12:00:00,731.0,0.0,278.0,0.0
2025-05-10 12:30:00,685.0,0.0,261.0,0.0
2025-05-10 13:00:00,659.0,0.0,251.0,0.0
2025-05-10 13:30:00,694.0,0.0,269.0,0.0
2025-05-10 14:00:00,708.0,0.0,276.0,0.0
2025-05-10 14:30:00,806.0,0.0,325.0,0.0
2025-05-10 15:00:00,855.0,0.0,337.0,0.0
2025-05-10 15:30:00,750.0,0.0,312.0,0.0
2025-05-10 16:00:00,695.0,0.0,282.0,0.0
2025-05-10 16:30:00,628.0,0.0,267.0,0.0
2025-05-10 17:00:00,644.0,0.0,247.0,0.0
2025-05-10 17:30:00,678.0,0.0,268.0,0.0
2025-05-10 18:00:00,618.0,0.0,252.0,0.0
2025-05-10 18:30:00,650.0,0.0,255.0,0.0
2025-05-10 19:00:00,667.0,0.0,251.0,0.0
2025-05-10 19:30:00,657.0,0.0,264.0,0.0
2025-05-10 20:00:00,776.0,0.0,294.0,0.0
2025-05-10 20:30:00,736.0,0.0,290.0,0.0
2025-05-10 21:00:00,576.0,0.0,231.0,0.0
2025-05-10 21:30:00,588.0,0.0,226.0,0.0
2025-05-10 22:00:00,685.0,0.0,270.0,0.0
2025-05-10 22:30:00,759.0,0.0,305.0,0.0
2025-05-10 23:00:00,636.0,0.0,263.0,0.0
2025-05-10 23:30:00,628.0,0.0,239.0,0.0
2025-05-11 00:00:00,695.0,0.0,273.0,0.0
2025-05-11 00:30:00,624.0,0.0,236.0,0.0
2025-05-11 01:00:00,630.0,0.0,238.0,0.0
2025-05-11 01:30:00,632.0,0.0,264.0,0.0
2025-05-11 02:00:00,613.0,0.0,249.0,0.0
2025-05-11 02:30:00,607.0,0.0,250.0,0.0
2025-05-11 03:00:00,682.0,0.0,286.0,0.0
2025-05-11 03:30:00,779.0,0.0,321.0,0.0
2025-05-11 04:00:00,727.0,0.0,270.0,0.0
2025-05-11 04:30:00,791.0,0.0,314.0,0.0
2025-05-11 05:00:00,694.0,0.0,298.0,0.0
2025-05-11 05:30:00,704.0,0.0,301.0,0.0
2025-05-11 06:00:00,746.0,0.0,302.0,0.0
2025-05-11 06:30:00,870.0,0.0,335.0,0.0
2025-05-11 07:00:00,817.0,0.0,343.0,0.0
2025-05-11 07:30:00,745.0,0.0,289.0,0.0
2025-05-11 08:00:00,696.0,0.0,262.0,0.0
2025-05-11 08:30:00,843.0,0.0,364.0,0.0
2025-05-11 09:00:00,894.0,0.0,364.0,0.0
2025-05-11 09:30:00,781.0,0.0,315.0,0.0
2025-05-11 10:00:00,698.0,0.0,294.0,0.0
2025-05-11 10:30:00,766.0,0.0,310.0,0.0
2025-05-11 11:00:00,888.0,0.0,337.0,0.0
2025-05-11 11:30:00,830.0,0.0,328.0,0.0
2025-05-11 12:00:00,747.0,0.0,274.0,0.0
2025-05-11 12:30:00,652.0,0.0,246.0,0.0
2025-05-11 13:00:00,675.0,0.0,271.0,0.0
2025-05-11 13:30:00,797.0,0.0,331.0,0.0
2025-05-11 14:00:00,888.0,0.0,359.0,0.0
2025-05-11 14:30:00,781.0,0.0,330.0,0.0
2025-05-11 15:00:00,688.0,0.0,254.0,0.0
2025-05-11 15:30:00,704.0,0.0,280.0,0.0
2025-05-11 16:00:00,688.0,0.0,264.0,0.0
2025-05-11 16:30:00,698.0,0.0,264.0,0.0
2025-05-11 17:00:00,676.0,0.0,260.0,0.0
2025-05-11 17:30:00,681.0,0.0,264.0,0.0
2025-05-11 18:00:00,639.0,0.0,238.0,0.0
2025-05-11 18:30:00,691.0,0.0,267.0,0.0
2025-05-11 19:00:00,784.0,0.0,315.0,0.0
2025-05-11 19:30:00,670.0,0.0,265.0,0.0
2025-05-11 20:00:00,601.0,0.0,238.0,0.0
2025-05-11 20:30:00,644.0,0.0,243.0,0.0
2025-05-11 21:00:00,795.0,0.0,308.0,0.0
2025-05-11 21:30:00,706.0,0.0,261.0,0.0
2025-05-11 22:00:00,625.0,0.0,242.0,0.0
2025-05-11 22:30:00,624.0,0.0,260.0,0.0
2025-05-11 23:00:00,633.0,0.0,241.0,0.0
2025-05-11 23:30:00,640.0,0.0,259.0,0.0
2025-05-12 00:00:00,633.0,0.0,253.0,0.0
2025-05-12 00:30:00,608.0,0.0,233.0,0.0
2025-05-12 01:00:00,551.0,0.0,230.0,0.0
2025-05-12 01:30:00,531.0,0.0,215.0,0.0
2025-05-12 02:00:00,532.0,0.0,221.0,0.0
2025-05-12 02:30:00,461.0,0.0,198.0,0.0
2025-05-12 03:00:00,482.0,0.0,215.0,0.0
2025-05-12 03:30:00,442.0,0.0,192.0,0.0
2025-05-12 04:00:00,472.0,0.0,215.0,0.0
2025-05-12 04:30:00,392.0,0.0,157.0,0.0
2025-05-12 05:00:00,323.0,0.0,120.0,0.0
2025-05-12 05:30:00,307.0,0.0,123.0,0.0
2025-05-12 06:00:00,246.0,0.0,106.0,0.0
2025-05-12 06:30:00,195.0,0.0,77.0,0.0
2025-05-12 07:00:00,187.0,0.0,74.0,0.0
2025-05-12 07:30:00,170.0,0.0,64.0,0.0
2025-05-12 08:00:00,169.0,0.0,65.0,0.0
2025-05-12 08:30:00,169.0,0.0,64.0,0.0
2025-05-12 09:00:00,174.0,0.0,60.0,0.0
2025-05-12 09:30:00,181.0,0.0,60.0,0.0
2025-05-12 10:00:00,180.0,0.0,58.0,0.0
2025-05-12 10:30:00,178.0,0.0,58.0,0.0
2025-05-12 11:00:00,123.0,0.0,44.0,0.0
2025-05-12 11:30:00,104.0,0.0,41.0,0.0
2025-05-12 12:00:00,106.0,0.0,43.0,0.0
2025-05-12 12:30:00,104.0,0.0,44.0,0.0
2025-05-12 13:00:00,93.0,0.0,45.0,0.0
2025-05-12 13:30:00,92.0,0.0,44.0,0.0
2025-05-12 14:00:00,91.0,0.0,44.0,0.0
2025-05-12 14:30:00,91.0,0.0,46.0,0.0
2025-05-12 15:00:00,91.0,0.0,44.0,0.0
2025-05-12 15:30:00,89.0,0.0,45.0,0.0
2025-05-12 16:00:00,90.0,0.0,46.0,0.0
2025-05-12 16:30:00,91.0,0.0,46.0,0.0
2025-05-12 17:00:00,89.0,0.0,45.0,0.0
2025-05-12 17:30:00,91.0,0.0,47.0,0.0
2025-05-12 18:00:00,87.0,0.0,46.0,0.0
2025-05-12 18:30:00,85.0,0.0,48.0,0.0
2025-05-12 19:00:00,86.0,0.0,46.0,0.0
2025-05-12 19:30:00,91.0,0.0,50.0,0.0
2025-05-12 20:00:00,92.0,0.0,48.0,0.0
2025-05-12 20:30:00,95.0,0.0,48.0,0.0
2025-05-12 21:00:00,97.0,0.0,49.0,0.0
2025-05-12 21:30:00,95.0,0.0,53.0,0.0
2025-05-12 22:00:00,100.0,0.0,56.0,0.0
2025-05-12 22:30:00,101.0,0.0,54.0,0.0
2025-05-12 23:00:00,102.0,0.0,56.0,0.0
2025-05-12 23:30:00,104.0,0.0,57.0,0.0
2025-05-13 00:00:00,103.0,0.0,58.0,0.0
2025-05-13 00:30:00,104.0,0.0,58.0,0.0
2025-05-13 01:00:00,103.0,0.0,58.0,0.0
2025-05-13 01:30:00,101.0,0.0,55.0,0.0
2025-05-13 02:00:00,101.0,0.0,55.0,0.0
2025-05-13 02:30:00,101.0,0.0,58.0,0.0
2025-05-13 03:00:00,104.0,0.0,59.0,0.0
2025-05-13 03:30:00,103.0,0.0,57.0,0.0
2025-05-13 04:00:00,104.0,0.0,56.0,0.0
2025-05-13 04:30:00,104.0,0.0,54.0,0.0
2025-05-13 05:00:00,108.0,0.0,56.0,0.0
2025-05-13 05:30:00,107.0,0.0,56.0,0.0
2025-05-13 06:00:00,108.0,0.0,55.0,0.0
2025-05-13 06:30:00,104.0,0.0,52.0,0.0
2025-05-13 07:00:00,110.0,0.0,49.0,0.0
2025-05-13 07:30:00,145.0,0.0,53.0,0.0
2025-05-13 08:00:00,211.0,0.0,70.0,0.0
2025-05-13 08:30:00,237.0,0.0,74.0,0.0
2025-05-13 09:00:00,315.0,0.0,116.0,0.0
2025-05-13 09:30:00,343.0,0.0,130.0,0.0
2025-05-13 10:00:00,337.0,0.0,120.0,0.0
2025-05-13 10:30:00,332.0,0.0,116.0,0.0
2025-05-13 11:00:00,334.0,0.0,113.0,0.0
2025-05-13 11:30:00,342.0,0.0,114.0,0.0
2025-05-13 12:00:00,337.0,0.0,112.0,0.0
2025-05-13 12:30:00,340.0,0.0,115.0,0.0
2025-05-13 13:00:00,345.0,0.0,117.0,0.0
2025-05-13 13:30:00,342.0,0.0,115.0,0.0
2025-05-13 14:00:00,338.0,0.0,111.0,0.0
2025-05-13 14:30:00,347.0,0.0,115.0,0.0
2025-05-13 15:00:00,341.0,0.0,117.0,0.0
2025-05-13 15:30:00,341.0,0.0,118.0,0.0
2025-05-13 16:00:00,338.0,0.0,116.0,0.0
2025-05-13 16:30:00,347.0,0.0,118.0,0.0
2025-05-13 17:00:00,361.0,0.0,125.0,0.0
2025-05-13 17:30:00,363.0,0.0,127.0,0.0
2025-05-13 18:00:00,343.0,0.0,117.0,0.0
2025-05-13 18:30:00,332.0,0.0,113.0,0.0
2025-05-13 19:00:00,318.0,0.0,110.0,0.0
2025-05-13 19:30:00,326.0,0.0,124.0,0.0
2025-05-13 20:00:00,339.0,0.0,133.0,0.0
2025-05-13 20:30:00,352.0,0.0,145.0,0.0
2025-05-13 21:00:00,373.0,0.0,140.0,0.0
2025-05-13 21:30:00,437.0,0.0,188.0,0.0
2025-05-13 22:00:00,640.0,0.0,255.0,0.0
2025-05-13 22:30:00,548.0,0.0,222.0,0.0
2025-05-13 23:00:00,465.0,0.0,193.0,0.0
2025-05-13 23:30:00,479.0,0.0,197.0,0.0
2025-05-14 00:00:00,484.0,0.0,201.0,0.0
2025-05-14 00:30:00,492.0,0.0,196.0,0.0
2025-05-14 01:00:00,571.0,0.0,240.0,0.0
2025-05-14 01:30:00,705.0,0.0,294.0,0.0
2025-05-14 02:00:00,595.0,0.0,224.0,0.0
2025-05-14 02:30:00,564.0,0.0,233.0,0.0
2025-05-14 03:00:00,463.0,0.0,189.0,0.0
2025-05-14 03:30:00,619.0,0.0,231.0,0.0
2025-05-14 04:00:00,732.0,0.0,292.0,0.0
2025-05-14 04:30:00,628.0,0.0,235.0,0.0
2025-05-14 05:00:00,554.0,0.0,236.0,0.0
2025-05-14 05:30:00,565.0,0.0,251.0,0.0
2025-05-14 06:00:00,605.0,0.0,250.0,0.0
2025-05-14 06:30:00,624.0,0.0,252.0,0.0
2025-05-14 07:00:00,613.0,0.0,248.0,0.0
2025-05-14 07:30:00,605.0,0.0,239.0,0.0
2025-05-14 08:00:00,641.0,0.0,246.0,0.0
2025-05-14 08:30:00,678.0,0.0,253.0,0.0
2025-05-14 09:00:00,856.0,0.0,369.0,0.0
2025-05-14 09:30:00,813.0,0.0,348.0,0.0
2025-05-14 10:00:00,697.0,0.0,270.0,0.0
2025-05-14 10:30:00,653.0,0.0,244.0,0.0
2025-05-14 11:00:00,684.0,0.0,266.0,0.0
2025-05-14 11:30:00,649.0,0.0,253.0,0.0
2025-05-14 12:00:00,771.0,0.0,312.0,0.0
2025-05-14 12:30:00,882.0,0.0,383.0,0.0
2025-05-14 13:00:00,761.0,0.0,307.0,0.0
2025-05-14 13:30:00,658.0,0.0,249.0,0.0
2025-05-14 14:00:00,677.0,0.0,275.0,0.0
2025-05-14 14:30:00,679.0,0.0,256.0,0.0
2025-05-14 15:00:00,819.0,0.0,318.0,0.0
2025-05-14 15:30:00,928.0,0.0,383.0,0.0
2025-05-14 16:00:00,775.0,0.0,288.0,0.0
2025-05-14 16:30:00,735.0,0.0,289.0,0.0
2025-05-14 17:00:00,740.0,0.0,287.0,0.0
2025-05-14 17:30:00,918.0,0.0,395.0,0.0
2025-05-14 18:00:00,793.0,0.0,333.0,0.0
2025-05-14 18:30:00,688.0,0.0,268.0,0.0
2025-05-14 19:00:00,641.0,0.0,266.0,0.0
2025-05-14 19:30:00,665.0,0.0,272.0,0.0
2025-05-14 20:00:00,850.0,0.0,352.0,0.0
2025-05-14 20:30:00,835.0,0.0,328.0,0.0
2025-05-14 21:00:00,678.0,0.0,273.0,0.0
2025-05-14 21:30:00,702.0,0.0,281.0,0.0
2025-05-14 22:00:00,769.0,0.0,320.0,0.0
2025-05-14 22:30:00,917.0,0.0,402.0,0.0
2025-05-14 23:00:00,765.0,0.0,321.0,0.0
2025-05-14 23:30:00,737.0,0.0,314.0,0.0
2025-05-15 00:00:00,696.0,0.0,293.0,0.0
2025-05-15 00:30:00,869.0,0.0,351.0,0.0
2025-05-15 01:00:00,882.0,0.0,357.0,0.0
2025-05-15 01:30:00,729.0,0.0,282.0,0.0
2025-05-15 02:00:00,668.0,0.0,293.0,0.0
2025-05-15 02:30:00,762.0,0.0,326.0,0.0
2025-05-15 03:00:00,899.0,0.0,383.0,0.0
2025-05-15 03:30:00,774.0,0.0,316.0,0.0
2025-05-15 04:00:00,698.0,0.0,290.0,0.0
2025-05-15 04:30:00,663.0,0.0,277.0,0.0
2025-05-15 05:00:00,873.0,0.0,355.0,0.0
2025-05-15 05:30:00,803.0,0.0,324.0,0.0
2025-05-15 06:00:00,734.0,0.0,305.0,0.0
2025-05-15 06:30:00,663.0,0.0,263.0,0.0
2025-05-15 07:00:00,678.0,0.0,300.0,0.0
2025-05-15 07:30:00,655.0,0.0,253.0,0.0
2025-05-15 08:00:00,701.0,0.0,272.0,0.0
2025-05-15 08:30:00,705.0,0.0,285.0,0.0
2025-05-15 09:00:00,696.0,0.0,279.0,0.0
2025-05-15 09:30:00,663.0,0.0,277.0,0.0
2025-05-15 10:00:00,655.0,0.0,265.0,0.0
2025-05-15 10:30:00,823.0,0.0,325.0,0.0
2025-05-15 11:00:00,739.0,0.0,303.0,0.0
2025-05-15 11:30:00,647.0,0.0,266.0,0.0
2025-05-15 12:00:00,630.0,0.0,242.0,0.0
2025-05-15 12:30:00,788.0,0.0,309.0,0.0
2025-05-15 13:00:00,812.0,0.0,343.0,0.0
2025-05-15 13:30:00,673.0,0.0,246.0,0.0
2025-05-15 14:00:00,650.0,0.0,234.0,0.0
2025-05-15 14:30:00,658.0,0.0,252.0,0.0
2025-05-15 15:00:00,647.0,0.0,237.0,0.0
2025-05-15 15:30:00,758.0,0.0,290.0,0.0
2025-05-15 16:00:00,840.0,0.0,351.0,0.0
2025-05-15 16:30:00,780.0,0.0,328.0,0.0
2025-05-15 17:00:00,625.0,0.0,245.0,0.0
2025-05-15 17:30:00,636.0,0.0,259.0,0.0
2025-05-15 18:00:00,740.0,0.0,294.0,0.0
2025-05-15 18:30:00,807.0,0.0,318.0,0.0
2025-05-15 19:00:00,665.0,0.0,283.0,0.0
2025-05-15 19:30:00,577.0,0.0,241.0,0.0
2025-05-15 20:00:00,627.0,0.0,265.0,0.0
2025-05-15 20:30:00,711.0,0.0,280.0,0.0
2025-05-15 21:00:00,813.0,0.0,326.0,0.0
2025-05-15 21:30:00,720.0,0.0,274.0,0.0
2025-05-15 22:00:00,737.0,0.0,294.0,0.0
2025-05-15 22:30:00,685.0,0.0,289.0,0.0
2025-05-15 23:00:00,671.0,0.0,274.0,0.0
2025-05-15 23:30:00,803.0,0.0,350.0,0.0
2025-05-16 00:00:00,756.0,0.0,299.0,0.0
2025-05-16 00:30:00,698.0,0.0,267.0,0.0
2025-05-16 01:00:00,729.0,0.0,290.0,0.0
2025-05-16 01:30:00,732.0,0.0,266.0,0.0
2025-05-16 02:00:00,671.0,0.0,280.0,0.0
2025-05-16 02:30:00,674.0,0.0,283.0,0.0
2025-05-16 03:00:00,693.0,0.0,290.0,0.0
2025-05-16 03:30:00,766.0,0.0,321.0,0.0
2025-05-16 04:00:00,659.0,0.0,271.0,0.0
2025-05-16 04:30:00,757.0,0.0,321.0,0.0
2025-05-16 05:00:00,673.0,0.0,283.0,0.0
2025-05-16 05:30:00,660.0,0.0,275.0,0.0
2025-05-16 06:00:00,645.0,0.0,273.0,0.0
2025-05-16 06:30:00,652.0,0.0,266.0,0.0
2025-05-16 07:00:00,659.0,0.0,268.0,0.0
2025-05-16 07:30:00,783.0,0.0,323.0,0.0
2025-05-16 08:00:00,756.0,0.0,316.0,0.0
2025-05-16 08:30:00,683.0,0.0,254.0,0.0
2025-05-16 09:00:00,700.0,0.0,274.0,0.0
2025-05-16 09:30:00,650.0,0.0,264.0,0.0
2025-05-16 10:00:00,639.0,0.0,260.0,0.0
2025-05-16 10:30:00,768.0,0.0,326.0,0.0
2025-05-16 11:00:00,624.0,0.0,233.0,0.0
2025-05-16 11:30:00,707.0,0.0,278.0,0.0
2025-05-16 12:00:00,691.0,0.0,274.0,0.0
2025-05-16 12:30:00,661.0,0.0,260.0,0.0
2025-05-16 13:00:00,666.0,0.0,281.0,0.0
2025-05-16 13:30:00,621.0,0.0,255.0,0.0
2025-05-16 14:00:00,619.0,0.0,254.0,0.0
2025-05-16 14:30:00,670.0,0.0,280.0,0.0
2025-05-16 15:00:00,650.0,0.0,268.0,0.0
2025-05-16 15:30:00,655.0,0.0,261.0,0.0
2025-05-16 16:00:00,605.0,0.0,241.0,0.0
2025-05-16 16:30:00,561.0,0.0,241.0,0.0
2025-05-16 17:00:00,571.0,0.0,240.0,0.0
2025-05-16 17:30:00,586.0,0.0,238.0,0.0
2025-05-16 18:00:00,558.0,0.0,228.0,0.0
2025-05-16 18:30:00,514.0,0.0,214.0,0.0
2025-05-16 19:00:00,593.0,0.0,235.0,0.0
2025-05-16 19:30:00,560.0,0.0,211.0,0.0
2025-05-16 20:00:00,589.0,0.0,229.0,0.0
2025-05-16 20:30:00,577.0,0.0,226.0,0.0
2025-05-16 21:00:00,592.0,0.0,221.0,0.0
2025-05-16 21:30:00,588.0,0.0,239.0,0.0
2025-05-16 22:00:00,617.0,0.0,228.0,0.0
2025-05-16 22:30:00,749.0,0.0,308.0,0.0
2025-05-16 23:00:00,657.0,0.0,243.0,0.0
2025-05-16 23:30:00,715.0,0.0,283.0,0.0
2025-05-17 00:00:00,689.0,0.0,275.0,0.0
2025-05-17 00:30:00,634.0,0.0,251.0,0.0
2025-05-17 01:00:00,659.0,0.0,266.0,0.0
2025-05-17 01:30:00,605.0,0.0,252.0,0.0
2025-05-17 02:00:00,736.0,0.0,296.0,0.0
2025-05-17 02:30:00,766.0,0.0,304.0,0.0
2025-05-17 03:00:00,665.0,0.0,254.0,0.0
2025-05-17 03:30:00,665.0,0.0,246.0,0.0
2025-05-17 04:00:00,657.0,0.0,274.0,0.0
2025-05-17 04:30:00,615.0,0.0,234.0,0.0
2025-05-17 05:00:00,776.0,0.0,342.0,0.0
2025-05-17 05:30:00,707.0,0.0,294.0,0.0
2025-05-17 06:00:00,723.0,0.0,287.0,0.0
2025-05-17 06:30:00,722.0,0.0,271.0,0.0
2025-05-17 07:00:00,649.0,0.0,248.0,0.0
2025-05-17 07:30:00,670.0,0.0,251.0,0.0
2025-05-17 08:00:00,746.0,0.0,310.0,0.0
2025-05-17 08:30:00,759.0,0.0,310.0,0.0
2025-05-17 09:00:00,691.0,0.0,278.0,0.0
2025-05-17 09:30:00,675.0,0.0,275.0,0.0
2025-05-17 10:00:00,668.0,0.0,261.0,0.0
2025-05-17 10:30:00,608.0,0.0,225.0,0.0
2025-05-17 11:00:00,644.0,0.0,242.0,0.0
2025-05-17 11:30:00,640.0,0.0,260.0,0.0
2025-05-17 12:00:00,641.0,0.0,260.0,0.0
2025-05-17 12:30:00,672.0,0.0,281.0,0.0
2025-05-17 13:00:00,614.0,0.0,262.0,0.0
2025-05-17 13:30:00,589.0,0.0,235.0,0.0
2025-05-17 14:00:00,539.0,0.0,191.0,0.0
2025-05-17 14:30:00,553.0,0.0,226.0,0.0
2025-05-17 15:00:00,568.0,0.0,225.0,0.0
2025-05-17 15:30:00,538.0,0.0,216.0,0.0
2025-05-17 16:00:00,717.0,0.0,296.0,0.0
2025-05-17 16:30:00,664.0,0.0,267.0,0.0
2025-05-17 17:00:00,611.0,0.0,254.0,0.0
2025-05-17 17:30:00,564.0,0.0,212.0,0.0
2025-05-17 18:00:00,715.0,0.0,295.0,0.0
2025-05-17 18:30:00,800.0,0.0,320.0,0.0
2025-05-17 19:00:00,623.0,0.0,247.0,0.0
2025-05-17 19:30:00,614.0,0.0,256.0,0.0
2025-05-17 20:00:00,633.0,0.0,249.0,0.0
2025-05-17 20:30:00,744.0,0.0,306.0,0.0
2025-05-17 21:00:00,911.0,0.0,381.0,0.0
2025-05-17 21:30:00,806.0,0.0,318.0,0.0
2025-05-17 22:00:00,747.0,0.0,296.0,0.0
2025-05-17 22:30:00,639.0,0.0,252.0,0.0
2025-05-17 23:00:00,627.0,0.0,265.0,0.0
2025-05-17 23:30:00,629.0,0.0,273.0,0.0
2025-05-18 00:00:00,817.0,0.0,336.0,0.0
2025-05-18 00:30:00,779.0,0.0,322.0,0.0
2025-05-18 01:00:00,678.0,0.0,269.0,0.0
2025-05-18 01:30:00,618.0,0.0,259.0,0.0
2025-05-18 02:00:00,639.0,0.0,256.0,0.0
2025-05-18 02:30:00,846.0,0.0,363.0,0.0
2025-05-18 03:00:00,752.0,0.0,305.0,0.0
2025-05-18 03:30:00,644.0,0.0,287.0,0.0
2025-05-18 04:00:00,592.0,0.0,234.0,0.0
2025-05-18 04:30:00,615.0,0.0,239.0,0.0
2025-05-18 05:00:00,630.0,0.0,249.0,0.0
2025-05-18 05:30:00,759.0,0.0,302.0,0.0
2025-05-18 06:00:00,838.0,0.0,356.0,0.0
2025-05-18 06:30:00,669.0,0.0,269.0,0.0
2025-05-18 07:00:00,591.0,0.0,234.0,0.0
2025-05-18 07:30:00,643.0,0.0,269.0,0.0
2025-05-18 08:00:00,727.0,0.0,280.0,0.0
2025-05-18 08:30:00,838.0,0.0,349.0,0.0
2025-05-18 09:00:00,745.0,0.0,292.0,0.0
2025-05-18 09:30:00,639.0,0.0,268.0,0.0
2025-05-18 10:00:00,633.0,0.0,257.0,0.0
2025-05-18 10:30:00,814.0,0.0,350.0,0.0
2025-05-18 11:00:00,754.0,0.0,308.0,0.0
2025-05-18 11:30:00,635.0,0.0,241.0,0.0
2025-05-18 12:00:00,622.0,0.0,246.0,0.0
2025-05-18 12:30:00,591.0,0.0,227.0,0.0
2025-05-18 13:00:00,620.0,0.0,250.0,0.0
2025-05-18 13:30:00,600.0,0.0,229.0,0.0
2025-05-18 14:00:00,596.0,0.0,240.0,0.0
2025-05-18 14:30:00,725.0,0.0,294.0,0.0
2025-05-18 15:00:00,836.0,0.0,335.0,0.0
2025-05-18 15:30:00,705.0,0.0,281.0,0.0
2025-05-18 16:00:00,668.0,0.0,292.0,0.0
2025-05-18 16:30:00,625.0,0.0,257.0,0.0
2025-05-18 17:00:00,585.0,0.0,270.0,0.0
2025-05-18 17:30:00,647.0,0.0,263.0,0.0
2025-05-18 18:00:00,577.0,0.0,252.0,0.0
2025-05-18 18:30:00,602.0,0.0,271.0,0.0
2025-05-18 19:00:00,532.0,0.0,224.0,0.0
2025-05-18 19:30:00,587.0,0.0,250.0,0.0
2025-05-18 20:00:00,582.0,0.0,232.0,0.0
2025-05-18 20:30:00,606.0,0.0,252.0,0.0
2025-05-18 21:00:00,640.0,0.0,251.0,0.0
2025-05-18 21:30:00,670.0,0.0,250.0,0.0
2025-05-18 22:00:00,704.0,0.0,265.0,0.0
2025-05-18 22:30:00,627.0,0.0,217.0,0.0
2025-05-18 23:00:00,577.0,0.0,197.0,0.0
2025-05-18 23:30:00,582.0,0.0,196.0,0.0
2025-05-19 00:00:00,575.0,0.0,193.0,0.0
2025-05-19 00:30:00,691.0,0.0,282.0,0.0
2025-05-19 01:00:00,719.0,0.0,279.0,0.0
2025-05-19 01:30:00,730.0,0.0,278.0,0.0
2025-05-19 02:00:00,602.0,0.0,250.0,0.0
2025-05-19 02:30:00,614.0,0.0,260.0,0.0
2025-05-19 03:00:00,622.0,0.0,273.0,0.0
2025-05-19 03:30:00,589.0,0.0,229.0,0.0
2025-05-19 04:00:00,626.0,0.0,255.0,0.0
2025-05-19 04:30:00,601.0,0.0,267.0,0.0
2025-05-19 05:00:00,643.0,0.0,277.0,0.0
2025-05-19 05:30:00,715.0,0.0,298.0,0.0
2025-05-19 06:00:00,690.0,0.0,277.0,0.0
2025-05-19 06:30:00,605.0,0.0,222.0,0.0
2025-05-19 07:00:00,584.0,0.0,220.0,0.0
2025-05-19 07:30:00,571.0,0.0,231.0,0.0
2025-05-19 08:00:00,666.0,0.0,255.0,0.0
2025-05-19 08:30:00,679.0,0.0,262.0,0.0
2025-05-19 09:00:00,668.0,0.0,268.0,0.0
2025-05-19 09:30:00,694.0,0.0,288.0,0.0
2025-05-19 10:00:00,684.0,0.0,279.0,0.0
2025-05-19 10:30:00,713.0,0.0,286.0,0.0
2025-05-19 11:00:00,776.0,0.0,294.0,0.0
2025-05-19 11:30:00,810.0,0.0,326.0,0.0
2025-05-19 12:00:00,663.0,0.0,261.0,0.0
2025-05-19 12:30:00,650.0,0.0,253.0,0.0
2025-05-19 13:00:00,730.0,0.0,280.0,0.0
2025-05-19 13:30:00,893.0,0.0,353.0,0.0
2025-05-19 14:00:00,664.0,0.0,237.0,0.0
2025-05-19 14:30:00,639.0,0.0,255.0,0.0
2025-05-19 15:00:00,697.0,0.0,255.0,0.0
2025-05-19 15:30:00,782.0,0.0,278.0,0.0
2025-05-19 16:00:00,758.0,0.0,277.0,0.0
2025-05-19 16:30:00,771.0,0.0,287.0,0.0
2025-05-19 17:00:00,859.0,0.0,339.0,0.0
2025-05-19 17:30:00,1084.0,0.0,453.0,0.0
2025-05-19 18:00:00,1003.0,0.0,400.0,0.0
2025-05-19 18:30:00,958.0,0.0,371.0,0.0
2025-05-19 19:00:00,861.0,0.0,334.0,0.0
2025-05-19 19:30:00,839.0,0.0,312.0,0.0
2025-05-19 20:00:00,895.0,0.0,364.0,0.0
2025-05-19 20:30:00,1067.0,0.0,398.0,0.0
2025-05-19 21:00:00,999.0,0.0,414.0,0.0
2025-05-19 21:30:00,867.0,0.0,347.0,0.0
2025-05-19 22:00:00,867.0,0.0,337.0,0.0
2025-05-19 22:30:00,969.0,0.0,371.0,0.0
2025-05-19 23:00:00,1115.0,0.0,446.0,0.0
2025-05-19 23:30:00,929.0,0.0,368.0,0.0
2025-05-20 00:00:00,827.0,0.0,327.0,0.0
2025-05-20 00:30:00,830.0,0.0,345.0,0.0
2025-05-20 01:00:00,904.0,0.0,364.0,0.0
2025-05-20 01:30:00,957.0,0.0,389.0,0.0
2025-05-20 02:00:00,863.0,0.0,350.0,0.0
2025-05-20 02:30:00,917.0,0.0,373.0,0.0
2025-05-20 03:00:00,820.0,0.0,328.0,0.0
2025-05-20 03:30:00,832.0,0.0,340.0,0.0
2025-05-20 04:00:00,918.0,0.0,367.0,0.0
2025-05-20 04:30:00,917.0,0.0,371.0,0.0
2025-05-20 05:00:00,840.0,0.0,355.0,0.0
2025-05-20 05:30:00,820.0,0.0,350.0,0.0
2025-05-20 06:00:00,806.0,0.0,348.0,0.0
2025-05-20 06:30:00,872.0,0.0,363.0,0.0
2025-05-20 07:00:00,788.0,0.0,303.0,0.0
2025-05-20 07:30:00,903.0,0.0,349.0,0.0
2025-05-20 08:00:00,892.0,0.0,371.0,0.0
2025-05-20 08:30:00,894.0,0.0,356.0,0.0
2025-05-20 09:00:00,909.0,0.0,366.0,0.0
2025-05-20 09:30:00,1060.0,0.0,459.0,0.0
2025-05-20 10:00:00,1145.0,0.0,485.0,0.0
2025-05-20 10:30:00,1104.0,0.0,450.0,0.0
2025-05-20 11:00:00,986.0,0.0,407.0,0.0
2025-05-20 11:30:00,1114.0,0.0,452.0,0.0
2025-05-20 12:00:00,1010.0,0.0,421.0,0.0
2025-05-20 12:30:00,957.0,0.0,399.0,0.0
2025-05-20 13:00:00,978.0,0.0,386.0,0.0
2025-05-20 13:30:00,1153.0,0.0,466.0,0.0
2025-05-20 14:00:00,1159.0,0.0,480.0,0.0
2025-05-20 14:30:00,1061.0,0.0,446.0,0.0
2025-05-20 15:00:00,840.0,0.0,339.0,0.0
2025-05-20 15:30:00,838.0,0.0,343.0,0.0
2025-05-20 16:00:00,850.0,0.0,343.0,0.0
2025-05-20 16:30:00,840.0,0.0,334.0,0.0
2025-05-20 17:00:00,846.0,0.0,326.0,0.0
2025-05-20 17:30:00,982.0,0.0,407.0,0.0
2025-05-20 18:00:00,907.0,0.0,350.0,0.0
2025-05-20 18:30:00,938.0,0.0,354.0,0.0
2025-05-20 19:00:00,867.0,0.0,325.0,0.0
2025-05-20 19:30:00,1042.0,0.0,410.0,0.0
2025-05-20 20:00:00,1130.0,0.0,445.0,0.0
2025-05-20 20:30:00,1105.0,0.0,436.0,0.0
2025-05-20 21:00:00,983.0,0.0,376.0,0.0
2025-05-20 21:30:00,991.0,0.0,380.0,0.0
2025-05-20 22:00:00,1011.0,0.0,386.0,0.0
2025-05-20 22:30:00,967.0,0.0,363.0,0.0
2025-05-20 23:00:00,1062.0,0.0,430.0,0.0
2025-05-20 23:30:00,1084.0,0.0,444.0,0.0
2025-05-21 00:00:00,948.0,0.0,378.0,0.0
2025-05-21 00:30:00,1012.0,0.0,405.0,0.0
2025-05-21 01:00:00,984.0,0.0,409.0,0.0
2025-05-21 01:30:00,1067.0,0.0,423.0,0.0
2025-05-21 02:00:00,1051.0,0.0,427.0,0.0
2025-05-21 02:30:00,1051.0,0.0,415.0,0.0
2025-05-21 03:00:00,1025.0,0.0,408.0,0.0
2025-05-21 03:30:00,973.0,0.0,387.0,0.0
2025-05-21 04:00:00,956.0,0.0,387.0,0.0
2025-05-21 04:30:00,984.0,0.0,393.0,0.0
2025-05-21 05:00:00,1110.0,0.0,445.0,0.0
2025-05-21 05:30:00,1382.0,0.0,593.0,0.0
2025-05-21 06:00:00,1290.0,0.0,549.0,0.0
2025-05-21 06:30:00,977.0,0.0,387.0,0.0
2025-05-21 07:00:00,974.0,0.0,388.0,0.0
2025-05-21 07:30:00,931.0,0.0,350.0,0.0
2025-05-21 08:00:00,1184.0,0.0,482.0,0.0
2025-05-21 08:30:00,1065.0,0.0,431.0,0.0
2025-05-21 09:00:00,1159.0,0.0,488.0,0.0
2025-05-21 09:30:00,1172.0,0.0,467.0,0.0
2025-05-21 10:00:00,938.0,0.0,370.0,0.0
2025-05-21 10:30:00,892.0,0.0,330.0,0.0
2025-05-21 11:00:00,936.0,0.0,353.0,0.0
2025-05-21 11:30:00,991.0,0.0,412.0,0.0
2025-05-21 12:00:00,1098.0,0.0,465.0,0.0
2025-05-21 12:30:00,1164.0,0.0,482.0,0.0
2025-05-21 13:00:00,1123.0,0.0,463.0,0.0
2025-05-21 13:30:00,1064.0,0.0,427.0,0.0
2025-05-21 14:00:00,979.0,0.0,374.0,0.0
2025-05-21 14:30:00,965.0,0.0,379.0,0.0
2025-05-21 15:00:00,1217.0,0.0,519.0,0.0
2025-05-21 15:30:00,1311.0,0.0,556.0,0.0
2025-05-21 16:00:00,1377.0,0.0,573.0,0.0
2025-05-21 16:30:00,1351.0,0.0,578.0,0.0
2025-05-21 17:00:00,1031.0,0.0,419.0,0.0
2025-05-21 17:30:00,1039.0,0.0,420.0,0.0
2025-05-21 18:00:00,1085.0,0.0,439.0,0.0
2025-05-21 18:30:00,1138.0,0.0,464.0,0.0
2025-05-21 19:00:00,968.0,0.0,383.0,0.0
2025-05-21 19:30:00,913.0,0.0,328.0,0.0
2025-05-21 20:00:00,890.0,0.0,350.0,0.0
2025-05-21 20:30:00,949.0,0.0,385.0,0.0
2025-05-21 21:00:00,1078.0,0.0,440.0,0.0
2025-05-21 21:30:00,1284.0,0.0,533.0,0.0
2025-05-21 22:00:00,1078.0,0.0,461.0,0.0
2025-05-21 22:30:00,992.0,0.0,406.0,0.0
2025-05-21 23:00:00,997.0,0.0,407.0,0.0
2025-05-21 23:30:00,1170.0,0.0,482.0,0.0
2025-05-22 00:00:00,1164.0,0.0,473.0,0.0
2025-05-22 00:30:00,1189.0,0.0,502.0,0.0
2025-05-22 01:00:00,1353.0,0.0,563.0,0.0
2025-05-22 01:30:00,1104.0,0.0,451.0,0.0
2025-05-22 02:00:00,1161.0,0.0,479.0,0.0
2025-05-22 02:30:00,1152.0,0.0,494.0,0.0
2025-05-22 03:00:00,1065.0,0.0,448.0,0.0
2025-05-22 03:30:00,1051.0,0.0,433.0,0.0
2025-05-22 04:00:00,1022.0,0.0,406.0,0.0
2025-05-22 04:30:00,1222.0,0.0,522.0,0.0
2025-05-22 05:00:00,1046.0,0.0,416.0,0.0
2025-05-22 05:30:00,963.0,0.0,387.0,0.0
2025-05-22 06:00:00,963.0,0.0,386.0,0.0
2025-05-22 06:30:00,1036.0,0.0,427.0,0.0
2025-05-22 07:00:00,1228.0,0.0,511.0,0.0
2025-05-22 07:30:00,1204.0,0.0,491.0,0.0
2025-05-22 08:00:00,1084.0,0.0,451.0,0.0
2025-05-22 08:30:00,1113.0,0.0,460.0,0.0
2025-05-22 09:00:00,1227.0,0.0,497.0,0.0
2025-05-22 09:30:00,1025.0,0.0,405.0,0.0
2025-05-22 10:00:00,851.0,0.0,327.0,0.0
2025-05-22 10:30:00,832.0,0.0,315.0,0.0
2025-05-22 11:00:00,828.0,0.0,319.0,0.0
2025-05-22 11:30:00,1062.0,0.0,463.0,0.0
2025-05-22 12:00:00,1093.0,0.0,445.0,0.0
2025-05-22 12:30:00,929.0,0.0,352.0,0.0
2025-05-22 13:00:00,972.0,0.0,388.0,0.0
2025-05-22 13:30:00,1014.0,0.0,409.0,0.0
2025-05-22 14:00:00,1078.0,0.0,448.0,0.0
2025-05-22 14:30:00,1162.0,0.0,491.0,0.0
2025-05-22 15:00:00,987.0,0.0,403.0,0.0
2025-05-22 15:30:00,1082.0,0.0,456.0,0.0
2025-05-22 16:00:00,1255.0,0.0,519.0,0.0
2025-05-22 16:30:00,1249.0,0.0,511.0,0.0
2025-05-22 17:00:00,1082.0,0.0,446.0,0.0
2025-05-22 17:30:00,1029.0,0.0,415.0,0.0
2025-05-22 18:00:00,1031.0,0.0,399.0,0.0
2025-05-22 18:30:00,1017.0,0.0,401.0,0.0
2025-05-22 19:00:00,1111.0,0.0,470.0,0.0
2025-05-22 19:30:00,1471.0,0.0,617.0,0.0
2025-05-22 20:00:00,1260.0,0.0,515.0,0.0
2025-05-22 20:30:00,977.0,0.0,381.0,0.0
2025-05-22 21:00:00,994.0,0.0,410.0,0.0
2025-05-22 21:30:00,1105.0,0.0,469.0,0.0
2025-05-22 22:00:00,1154.0,0.0,471.0,0.0
2025-05-22 22:30:00,1279.0,0.0,517.0,0.0
2025-05-22 23:00:00,1253.0,0.0,488.0,0.0
2025-05-22 23:30:00,1025.0,0.0,391.0,0.0
2025-05-23 00:00:00,1091.0,0.0,445.0,0.0
2025-05-23 00:30:00,1058.0,0.0,435.0,0.0
2025-05-23 01:00:00,1199.0,0.0,517.0,0.0
2025-05-23 01:30:00,1470.0,0.0,635.0,0.0
2025-05-23 02:00:00,1355.0,0.0,557.0,0.0
2025-05-23 02:30:00,1233.0,0.0,514.0,0.0
2025-05-23 03:00:00,1038.0,0.0,445.0,0.0
2025-05-23 03:30:00,1195.0,0.0,525.0,0.0
2025-05-23 04:00:00,1324.0,0.0,566.0,0.0
2025-05-23 04:30:00,1125.0,0.0,478.0,0.0
2025-05-23 05:00:00,1072.0,0.0,457.0,0.0
2025-05-23 05:30:00,1337.0,0.0,582.0,0.0
2025-05-23 06:00:00,1362.0,0.0,587.0,0.0
2025-05-23 06:30:00,1290.0,0.0,556.0,0.0
2025-05-23 07:00:00,1126.0,0.0,475.0,0.0
2025-05-23 07:30:00,1095.0,0.0,463.0,0.0
2025-05-23 08:00:00,1123.0,0.0,472.0,0.0
2025-05-23 08:30:00,1400.0,0.0,589.0,0.0
2025-05-23 09:00:00,1527.0,0.0,637.0,0.0
2025-05-23 09:30:00,1308.0,0.0,556.0,0.0
2025-05-23 10:00:00,1132.0,0.0,464.0,0.0
2025-05-23 10:30:00,1056.0,0.0,418.0,0.0
2025-05-23 11:00:00,1104.0,0.0,455.0,0.0
2025-05-23 11:30:00,1439.0,0.0,606.0,0.0
2025-05-23 12:00:00,1560.0,0.0,647.0,0.0
2025-05-23 12:30:00,1297.0,0.0,524.0,0.0
2025-05-23 13:00:00,1119.0,0.0,446.0,0.0
2025-05-23 13:30:00,1186.0,0.0,490.0,0.0
2025-05-23 14:00:00,1383.0,0.0,582.0,0.0
2025-05-23 14:30:00,1311.0,0.0,547.0,0.0
2025-05-23 15:00:00,1137.0,0.0,455.0,0.0
2025-05-23 15:30:00,1083.0,0.0,431.0,0.0
2025-05-23 16:00:00,1154.0,0.0,475.0,0.0
2025-05-23 16:30:00,1353.0,0.0,582.0,0.0
2025-05-23 17:00:00,1233.0,0.0,506.0,0.0
2025-05-23 17:30:00,1212.0,0.0,503.0,0.0
2025-05-23 18:00:00,1354.0,0.0,559.0,0.0
2025-05-23 18:30:00,1226.0,0.0,513.0,0.0
2025-05-23 19:00:00,1200.0,0.0,514.0,0.0
2025-05-23 19:30:00,1048.0,0.0,411.0,0.0
2025-05-23 20:00:00,981.0,0.0,407.0,0.0
2025-05-23 20:30:00,1147.0,0.0,472.0,0.0
2025-05-23 21:00:00,1319.0,0.0,543.0,0.0
2025-05-23 21:30:00,1327.0,0.0,562.0,0.0
2025-05-23 22:00:00,1154.0,0.0,479.0,0.0
2025-05-23 22:30:00,1024.0,0.0,418.0,0.0
2025-05-23 23:00:00,1028.0,0.0,436.0,0.0
2025-05-23 23:30:00,1031.0,0.0,423.0,0.0
2025-05-24 00:00:00,1082.0,0.0,435.0,0.0
2025-05-24 00:30:00,1130.0,0.0,435.0,0.0
2025-05-24 01:00:00,1326.0,0.0,536.0,0.0
2025-05-24 01:30:00,1363.0,0.0,553.0,0.0
2025-05-24 02:00:00,1235.0,0.0,545.0,0.0
2025-05-24 02:30:00,1194.0,0.0,519.0,0.0
2025-05-24 03:00:00,990.0,0.0,399.0,0.0
2025-05-24 03:30:00,954.0,0.0,382.0,0.0
2025-05-24 04:00:00,1024.0,0.0,439.0,0.0
2025-05-24 04:30:00,1127.0,0.0,467.0,0.0
2025-05-24 05:00:00,1140.0,0.0,453.0,0.0
2025-05-24 05:30:00,1331.0,0.0,552.0,0.0
2025-05-24 06:00:00,1041.0,0.0,458.0,0.0
2025-05-24 06:30:00,1012.0,0.0,427.0,0.0
2025-05-24 07:00:00,1029.0,0.0,426.0,0.0
2025-05-24 07:30:00,1030.0,0.0,417.0,0.0
2025-05-24 08:00:00,1209.0,0.0,523.0,0.0
2025-05-24 08:30:00,1437.0,0.0,626.0,0.0
2025-05-24 09:00:00,1516.0,0.0,640.0,0.0
2025-05-24 09:30:00,1184.0,0.0,503.0,0.0
2025-05-24 10:00:00,1078.0,0.0,450.0,0.0
2025-05-24 10:30:00,1088.0,0.0,465.0,0.0
2025-05-24 11:00:00,1362.0,0.0,555.0,0.0
2025-05-24 11:30:00,1534.0,0.0,623.0,0.0
2025-05-24 12:00:00,1424.0,0.0,574.0,0.0
2025-05-24 12:30:00,1077.0,0.0,430.0,0.0
2025-05-24 13:00:00,1124.0,0.0,474.0,0.0
2025-05-24 13:30:00,1346.0,0.0,548.0,0.0
2025-05-24 14:00:00,1277.0,0.0,551.0,0.0
2025-05-24 14:30:00,1313.0,0.0,552.0,0.0
2025-05-24 15:00:00,1436.0,0.0,569.0,0.0
2025-05-24 15:30:00,1202.0,0.0,501.0,0.0
2025-05-24 16:00:00,1299.0,0.0,556.0,0.0
2025-05-24 16:30:00,1212.0,0.0,493.0,0.0
2025-05-24 17:00:00,1093.0,0.0,445.0,0.0
2025-05-24 17:30:00,1263.0,0.0,516.0,0.0
2025-05-24 18:00:00,1448.0,0.0,592.0,0.0
2025-05-24 18:30:00,1387.0,0.0,591.0,0.0
2025-05-24 19:00:00,1257.0,0.0,528.0,0.0
2025-05-24 19:30:00,1115.0,0.0,468.0,0.0
2025-05-24 20:00:00,1059.0,0.0,424.0,0.0
2025-05-24 20:30:00,1129.0,0.0,450.0,0.0
2025-05-24 21:00:00,1320.0,0.0,545.0,0.0
2025-05-24 21:30:00,1443.0,0.0,592.0,0.0
2025-05-24 22:00:00,1418.0,0.0,587.0,0.0
2025-05-24 22:30:00,1305.0,0.0,549.0,0.0
2025-05-24 23:00:00,1176.0,0.0,494.0,0.0
2025-05-24 23:30:00,1183.0,0.0,495.0,0.0
2025-05-25 00:00:00,1211.0,0.0,526.0,0.0
2025-05-25 00:30:00,1342.0,0.0,568.0,0.0
2025-05-25 01:00:00,1260.0,0.0,537.0,0.0
2025-05-25 01:30:00,1085.0,0.0,427.0,0.0
2025-05-25 02:00:00,1107.0,0.0,481.0,0.0
2025-05-25 02:30:00,1077.0,0.0,427.0,0.0
2025-05-25 03:00:00,1168.0,0.0,493.0,0.0
2025-05-25 03:30:00,1097.0,0.0,473.0,0.0
2025-05-25 04:00:00,1039.0,0.0,458.0,0.0
2025-05-25 04:30:00,1009.0,0.0,455.0,0.0
2025-05-25 05:00:00,981.0,0.0,413.0,0.0
2025-05-25 05:30:00,992.0,0.0,439.0,0.0
2025-05-25 06:00:00,1220.0,0.0,524.0,0.0
2025-05-25 06:30:00,1098.0,0.0,446.0,0.0
2025-05-25 07:00:00,1063.0,0.0,456.0,0.0
2025-05-25 07:30:00,896.0,0.0,380.0,0.0
2025-05-25 08:00:00,1127.0,0.0,484.0,0.0
2025-05-25 08:30:00,1202.0,0.0,489.0,0.0
2025-05-25 09:00:00,1268.0,0.0,507.0,0.0
2025-05-25 09:30:00,1226.0,0.0,493.0,0.0
2025-05-25 10:00:00,1149.0,0.0,474.0,0.0
2025-05-25 10:30:00,1105.0,0.0,454.0,0.0
2025-05-25 11:00:00,1152.0,0.0,469.0,0.0
2025-05-25 11:30:00,1312.0,0.0,534.0,0.0
2025-05-25 12:00:00,1352.0,0.0,551.0,0.0
2025-05-25 12:30:00,1325.0,0.0,542.0,0.0
2025-05-25 13:00:00,1403.0,0.0,576.0,0.0
2025-05-25 13:30:00,1405.0,0.0,570.0,0.0
2025-05-25 14:00:00,1422.0,0.0,586.0,0.0
2025-05-25 14:30:00,1340.0,0.0,539.0,0.0
2025-05-25 15:00:00,1280.0,0.0,524.0,0.0
2025-05-25 15:30:00,1316.0,0.0,552.0,0.0
2025-05-25 16:00:00,1293.0,0.0,550.0,0.0
2025-05-25 16:30:00,1369.0,0.0,578.0,0.0
2025-05-25 17:00:00,1313.0,0.0,533.0,0.0
2025-05-25 17:30:00,1291.0,0.0,543.0,0.0
2025-05-25 18:00:00,1241.0,0.0,526.0,0.0
2025-05-25 18:30:00,1245.0,0.0,523.0,0.0
2025-05-25 19:00:00,1248.0,0.0,537.0,0.0
2025-05-25 19:30:00,1213.0,0.0,529.0,0.0
2025-05-25 20:00:00,1138.0,0.0,480.0,0.0
2025-05-25 20:30:00,979.0,0.0,414.0,0.0
2025-05-25 21:00:00,906.0,0.0,378.0,0.0
2025-05-25 21:30:00,961.0,0.0,403.0,0.0
2025-05-25 22:00:00,942.0,0.0,381.0,0.0
2025-05-25 22:30:00,829.0,0.0,314.0,0.0
2025-05-25 23:00:00,826.0,0.0,335.0,0.0
2025-05-25 23:30:00,769.0,0.0,298.0,0.0
2025-05-26 00:00:00,826.0,0.0,316.0,0.0
2025-05-26 00:30:00,876.0,0.0,346.0,0.0
2025-05-26 01:00:00,732.0,0.0,281.0,0.0
2025-05-26 01:30:00,710.0,0.0,279.0,0.0
2025-05-26 02:00:00,749.0,0.0,294.0,0.0
2025-05-26 02:30:00,752.0,0.0,305.0,0.0
2025-05-26 03:00:00,727.0,0.0,294.0,0.0
2025-05-26 03:30:00,837.0,0.0,343.0,0.0
2025-05-26 04:00:00,921.0,0.0,382.0,0.0
2025-05-26 04:30:00,829.0,0.0,322.0,0.0
2025-05-26 05:00:00,810.0,0.0,334.0,0.0
2025-05-26 05:30:00,724.0,0.0,279.0,0.0
2025-05-26 06:00:00,743.0,0.0,300.0,0.0
2025-05-26 06:30:00,772.0,0.0,308.0,0.0
2025-05-26 07:00:00,924.0,0.0,386.0,0.0
2025-05-26 07:30:00,845.0,0.0,321.0,0.0
2025-05-26 08:00:00,859.0,0.0,326.0,0.0
2025-05-26 08:30:00,812.0,0.0,306.0,0.0
2025-05-26 09:00:00,799.0,0.0,314.0,0.0
2025-05-26 09:30:00,936.0,0.0,394.0,0.0
2025-05-26 10:00:00,882.0,0.0,352.0,0.0
2025-05-26 10:30:00,883.0,0.0,339.0,0.0
2025-05-26 11:00:00,808.0,0.0,312.0,0.0
2025-05-26 11:30:00,842.0,0.0,337.0,0.0
2025-05-26 12:00:00,904.0,0.0,365.0,0.0
2025-05-26 12:30:00,827.0,0.0,299.0,0.0
2025-05-26 13:00:00,810.0,0.0,307.0,0.0
2025-05-26 13:30:00,766.0,0.0,289.0,0.0
2025-05-26 14:00:00,761.0,0.0,294.0,0.0
2025-05-26 14:30:00,780.0,0.0,291.0,0.0
2025-05-26 15:00:00,904.0,0.0,367.0,0.0
2025-05-26 15:30:00,917.0,0.0,357.0,0.0
2025-05-26 16:00:00,841.0,0.0,329.0,0.0
2025-05-26 16:30:00,779.0,0.0,302.0,0.0
2025-05-26 17:00:00,768.0,0.0,314.0,0.0
2025-05-26 17:30:00,849.0,0.0,353.0,0.0
2025-05-26 18:00:00,841.0,0.0,339.0,0.0
2025-05-26 18:30:00,791.0,0.0,317.0,0.0
2025-05-26 19:00:00,780.0,0.0,319.0,0.0
2025-05-26 19:30:00,744.0,0.0,293.0,0.0
2025-05-26 20:00:00,717.0,0.0,284.0,0.0
2025-05-26 20:30:00,735.0,0.0,292.0,0.0
2025-05-26 21:00:00,743.0,0.0,291.0,0.0
2025-05-26 21:30:00,697.0,0.0,291.0,0.0
2025-05-26 22:00:00,648.0,0.0,259.0,0.0
2025-05-26 22:30:00,613.0,0.0,247.0,0.0
2025-05-26 23:00:00,717.0,0.0,294.0,0.0
2025-05-26 23:30:00,789.0,0.0,329.0,0.0
2025-05-27 00:00:00,664.0,0.0,267.0,0.0
2025-05-27 00:30:00,596.0,0.0,244.0,0.0
2025-05-27 01:00:00,743.0,0.0,302.0,0.0
2025-05-27 01:30:00,779.0,0.0,300.0,0.0
2025-05-27 02:00:00,669.0,0.0,269.0,0.0
2025-05-27 02:30:00,623.0,0.0,256.0,0.0
2025-05-27 03:00:00,593.0,0.0,237.0,0.0
2025-05-27 03:30:00,601.0,0.0,236.0,0.0
2025-05-27 04:00:00,647.0,0.0,255.0,0.0
2025-05-27 04:30:00,756.0,0.0,339.0,0.0
2025-05-27 05:00:00,751.0,0.0,325.0,0.0
2025-05-27 05:30:00,632.0,0.0,258.0,0.0
2025-05-27 06:00:00,629.0,0.0,259.0,0.0
2025-05-27 06:30:00,733.0,0.0,307.0,0.0
2025-05-27 07:00:00,720.0,0.0,300.0,0.0
2025-05-27 07:30:00,565.0,0.0,226.0,0.0
2025-05-27 08:00:00,570.0,0.0,224.0,0.0
2025-05-27 08:30:00,533.0,0.0,199.0,0.0
2025-05-27 09:00:00,524.0,0.0,202.0,0.0
2025-05-27 09:30:00,564.0,0.0,213.0,0.0
2025-05-27 10:00:00,626.0,0.0,230.0,0.0
2025-05-27 10:30:00,636.0,0.0,238.0,0.0
2025-05-27 11:00:00,648.0,0.0,248.0,0.0
2025-05-27 11:30:00,661.0,0.0,248.0,0.0
2025-05-27 12:00:00,700.0,0.0,278.0,0.0
2025-05-27 12:30:00,871.0,0.0,369.0,0.0
2025-05-27 13:00:00,740.0,0.0,281.0,0.0
2025-05-27 13:30:00,689.0,0.0,268.0,0.0
2025-05-27 14:00:00,655.0,0.0,240.0,0.0
2025-05-27 14:30:00,812.0,0.0,327.0,0.0
2025-05-27 15:00:00,889.0,0.0,353.0,0.0
2025-05-27 15:30:00,768.0,0.0,292.0,0.0
2025-05-27 16:00:00,734.0,0.0,296.0,0.0
2025-05-27 16:30:00,644.0,0.0,248.0,0.0
2025-05-27 17:00:00,784.0,0.0,322.0,0.0
2025-05-27 17:30:00,854.0,0.0,334.0,0.0
2025-05-27 18:00:00,757.0,0.0,304.0,0.0
2025-05-27 18:30:00,677.0,0.0,270.0,0.0
2025-05-27 19:00:00,630.0,0.0,250.0,0.0
2025-05-27 19:30:00,838.0,0.0,333.0,0.0
2025-05-27 20:00:00,838.0,0.0,321.0,0.0
2025-05-27 20:30:00,739.0,0.0,288.0,0.0
2025-05-27 21:00:00,631.0,0.0,245.0,0.0
2025-05-27 21:30:00,670.0,0.0,277.0,0.0
2025-05-27 22:00:00,819.0,0.0,334.0,0.0
2025-05-27 22:30:00,830.0,0.0,333.0,0.0
2025-05-27 23:00:00,754.0,0.0,294.0,0.0
2025-05-27 23:30:00,672.0,0.0,266.0,0.0
2025-05-28 00:00:00,665.0,0.0,260.0,0.0
2025-05-28 00:30:00,732.0,0.0,303.0,0.0
2025-05-28 01:00:00,823.0,0.0,345.0,0.0
2025-05-28 01:30:00,792.0,0.0,312.0,0.0
2025-05-28 02:00:00,676.0,0.0,273.0,0.0
2025-05-28 02:30:00,642.0,0.0,265.0,0.0
2025-05-28 03:00:00,758.0,0.0,310.0,0.0
2025-05-28 03:30:00,839.0,0.0,338.0,0.0
2025-05-28 04:00:00,705.0,0.0,284.0,0.0
2025-05-28 04:30:00,657.0,0.0,248.0,0.0
2025-05-28 05:00:00,648.0,0.0,283.0,0.0
2025-05-28 05:30:00,624.0,0.0,263.0,0.0
2025-05-28 06:00:00,694.0,0.0,288.0,0.0
2025-05-28 06:30:00,624.0,0.0,250.0,0.0
2025-05-28 07:00:00,661.0,0.0,271.0,0.0
2025-05-28 07:30:00,594.0,0.0,233.0,0.0
2025-05-28 08:00:00,617.0,0.0,248.0,0.0
2025-05-28 08:30:00,707.0,0.0,272.0,0.0
2025-05-28 09:00:00,685.0,0.0,273.0,0.0
2025-05-28 09:30:00,724.0,0.0,281.0,0.0
2025-05-28 10:00:00,633.0,0.0,250.0,0.0
2025-05-28 10:30:00,684.0,0.0,261.0,0.0
2025-05-28 11:00:00,798.0,0.0,287.0,0.0
2025-05-28 11:30:00,715.0,0.0,263.0,0.0
2025-05-28 12:00:00,640.0,0.0,232.0,0.0
2025-05-28 12:30:00,634.0,0.0,233.0,0.0
2025-05-28 13:00:00,625.0,0.0,231.0,0.0
2025-05-28 13:30:00,631.0,0.0,228.0,0.0
2025-05-28 14:00:00,692.0,0.0,252.0,0.0
2025-05-28 14:30:00,784.0,0.0,295.0,0.0
2025-05-28 15:00:00,754.0,0.0,285.0,0.0
2025-05-28 15:30:00,711.0,0.0,276.0,0.0
2025-05-28 16:00:00,693.0,0.0,279.0,0.0
2025-05-28 16:30:00,650.0,0.0,245.0,0.0
2025-05-28 17:00:00,658.0,0.0,257.0,0.0
2025-05-28 17:30:00,654.0,0.0,262.0,0.0
2025-05-28 18:00:00,632.0,0.0,251.0,0.0
2025-05-28 18:30:00,627.0,0.0,269.0,0.0
2025-05-28 19:00:00,605.0,0.0,245.0,0.0
2025-05-28 19:30:00,753.0,0.0,297.0,0.0
2025-05-28 20:00:00,821.0,0.0,339.0,0.0
2025-05-28 20:30:00,695.0,0.0,274.0,0.0
2025-05-28 21:00:00,642.0,0.0,244.0,0.0
2025-05-28 21:30:00,790.0,0.0,318.0,0.0
2025-05-28 22:00:00,781.0,0.0,305.0,0.0
2025-05-28 22:30:00,644.0,0.0,246.0,0.0
2025-05-28 23:00:00,635.0,0.0,239.0,0.0
2025-05-28 23:30:00,610.0,0.0,241.0,0.0
2025-05-29 00:00:00,599.0,0.0,223.0,0.0
2025-05-29 00:30:00,613.0,0.0,236.0,0.0
2025-05-29 01:00:00,755.0,0.0,302.0,0.0
2025-05-29 01:30:00,808.0,0.0,342.0,0.0
2025-05-29 02:00:00,721.0,0.0,292.0,0.0
2025-05-29 02:30:00,654.0,0.0,265.0,0.0
2025-05-29 03:00:00,693.0,0.0,292.0,0.0
2025-05-29 03:30:00,837.0,0.0,339.0,0.0
2025-05-29 04:00:00,782.0,0.0,318.0,0.0
2025-05-29 04:30:00,665.0,0.0,254.0,0.0
2025-05-29 05:00:00,639.0,0.0,268.0,0.0
2025-05-29 05:30:00,738.0,0.0,298.0,0.0
2025-05-29 06:00:00,862.0,0.0,342.0,0.0
2025-05-29 06:30:00,727.0,0.0,308.0,0.0
2025-05-29 07:00:00,669.0,0.0,267.0,0.0
2025-05-29 07:30:00,650.0,0.0,253.0,0.0
2025-05-29 08:00:00,839.0,0.0,341.0,0.0
2025-05-29 08:30:00,838.0,0.0,348.0,0.0
2025-05-29 09:00:00,720.0,0.0,277.0,0.0
2025-05-29 09:30:00,676.0,0.0,259.0,0.0
2025-05-29 10:00:00,718.0,0.0,268.0,0.0
2025-05-29 10:30:00,895.0,0.0,381.0,0.0
2025-05-29 11:00:00,786.0,0.0,323.0,0.0
2025-05-29 11:30:00,729.0,0.0,305.0,0.0
2025-05-29 12:00:00,695.0,0.0,276.0,0.0
2025-05-29 12:30:00,643.0,0.0,254.0,0.0
2025-05-29 13:00:00,681.0,0.0,273.0,0.0
2025-05-29 13:30:00,666.0,0.0,255.0,0.0
2025-05-29 14:00:00,681.0,0.0,267.0,0.0
2025-05-29 14:30:00,647.0,0.0,250.0,0.0
2025-05-29 15:00:00,643.0,0.0,242.0,0.0
2025-05-29 15:30:00,572.0,0.0,214.0,0.0
2025-05-29 16:00:00,594.0,0.0,232.0,0.0
2025-05-29 16:30:00,544.0,0.0,205.0,0.0
2025-05-29 17:00:00,528.0,0.0,194.0,0.0
2025-05-29 17:30:00,543.0,0.0,210.0,0.0
2025-05-29 18:00:00,510.0,0.0,213.0,0.0
2025-05-29 18:30:00,512.0,0.0,218.0,0.0
2025-05-29 19:00:00,506.0,0.0,211.0,0.0
2025-05-29 19:30:00,506.0,0.0,206.0,0.0
2025-05-29 20:00:00,510.0,0.0,197.0,0.0
2025-05-29 20:30:00,500.0,0.0,187.0,0.0
2025-05-29 21:00:00,509.0,0.0,188.0,0.0
2025-05-29 21:30:00,583.0,0.0,235.0,0.0
2025-05-29 22:00:00,593.0,0.0,231.0,0.0
2025-05-29 22:30:00,709.0,0.0,286.0,0.0
2025-05-29 23:00:00,809.0,0.0,316.0,0.0
2025-05-29 23:30:00,631.0,0.0,248.0,0.0
2025-05-30 00:00:00,580.0,0.0,232.0,0.0
2025-05-30 00:30:00,711.0,0.0,273.0,0.0
2025-05-30 01:00:00,791.0,0.0,305.0,0.0
2025-05-30 01:30:00,744.0,0.0,296.0,0.0
2025-05-30 02:00:00,723.0,0.0,276.0,0.0
2025-05-30 02:30:00,678.0,0.0,277.0,0.0
2025-05-30 03:00:00,689.0,0.0,270.0,0.0
2025-05-30 03:30:00,801.0,0.0,345.0,0.0
2025-05-30 04:00:00,828.0,0.0,352.0,0.0
2025-05-30 04:30:00,807.0,0.0,332.0,0.0
2025-05-30 05:00:00,788.0,0.0,319.0,0.0
2025-05-30 05:30:00,799.0,0.0,335.0,0.0
2025-05-30 06:00:00,856.0,0.0,372.0,0.0
2025-05-30 06:30:00,826.0,0.0,344.0,0.0
2025-05-30 07:00:00,793.0,0.0,341.0,0.0
2025-05-30 07:30:00,730.0,0.0,301.0,0.0
2025-05-30 08:00:00,881.0,0.0,351.0,0.0
2025-05-30 08:30:00,954.0,0.0,391.0,0.0
2025-05-30 09:00:00,875.0,0.0,347.0,0.0
2025-05-30 09:30:00,770.0,0.0,297.0,0.0
2025-05-30 10:00:00,883.0,0.0,372.0,0.0
2025-05-30 10:30:00,929.0,0.0,369.0,0.0
2025-05-30 11:00:00,759.0,0.0,298.0,0.0
2025-05-30 11:30:00,639.0,0.0,249.0,0.0
2025-05-30 12:00:00,645.0,0.0,261.0,0.0
2025-05-30 12:30:00,632.0,0.0,249.0,0.0
2025-05-30 13:00:00,643.0,0.0,253.0,0.0
2025-05-30 13:30:00,599.0,0.0,244.0,0.0
2025-05-30 14:00:00,606.0,0.0,239.0,0.0
2025-05-30 14:30:00,603.0,0.0,239.0,0.0
2025-05-30 15:00:00,616.0,0.0,231.0,0.0
2025-05-30 15:30:00,604.0,0.0,228.0,0.0
2025-05-30 16:00:00,593.0,0.0,221.0,0.0
2025-05-30 16:30:00,594.0,0.0,228.0,0.0
2025-05-30 17:00:00,630.0,0.0,251.0,0.0
2025-05-30 17:30:00,605.0,0.0,232.0,0.0
2025-05-30 18:00:00,684.0,0.0,264.0,0.0
2025-05-30 18:30:00,671.0,0.0,252.0,0.0
2025-05-30 19:00:00,731.0,0.0,289.0,0.0
2025-05-30 19:30:00,727.0,0.0,268.0,0.0
2025-05-30 20:00:00,714.0,0.0,267.0,0.0
2025-05-30 20:30:00,735.0,0.0,285.0,0.0
2025-05-30 21:00:00,771.0,0.0,296.0,0.0
2025-05-30 21:30:00,787.0,0.0,291.0,0.0
2025-05-30 22:00:00,866.0,0.0,332.0,0.0
2025-05-30 22:30:00,922.0,0.0,364.0,0.0
2025-05-30 23:00:00,671.0,0.0,258.0,0.0
2025-05-30 23:30:00,655.0,0.0,262.0,0.0
2025-05-31 00:00:00,719.0,0.0,297.0,0.0
2025-05-31 00:30:00,859.0,0.0,347.0,0.0
2025-05-31 01:00:00,669.0,0.0,248.0,0.0
2025-05-31 01:30:00,570.0,0.0,229.0,0.0
2025-05-31 02:00:00,551.0,0.0,229.0,0.0
2025-05-31 02:30:00,546.0,0.0,231.0,0.0
2025-05-31 03:00:00,662.0,0.0,267.0,0.0
2025-05-31 03:30:00,681.0,0.0,270.0,0.0
2025-05-31 04:00:00,702.0,0.0,300.0,0.0
2025-05-31 04:30:00,677.0,0.0,287.0,0.0
2025-05-31 05:00:00,677.0,0.0,278.0,0.0
2025-05-31 05:30:00,703.0,0.0,295.0,0.0
2025-05-31 06:00:00,686.0,0.0,278.0,0.0
2025-05-31 06:30:00,800.0,0.0,345.0,0.0
2025-05-31 07:00:00,920.0,0.0,385.0,0.0
2025-05-31 07:30:00,853.0,0.0,327.0,0.0
2025-05-31 08:00:00,802.0,0.0,326.0,0.0
2025-05-31 08:30:00,825.0,0.0,351.0,0.0
2025-05-31 09:00:00,914.0,0.0,364.0,0.0
2025-05-31 09:30:00,892.0,0.0,357.0,0.0
2025-05-31 10:00:00,787.0,0.0,305.0,0.0
2025-05-31 10:30:00,702.0,0.0,279.0,0.0
2025-05-31 11:00:00,741.0,0.0,304.0,0.0
2025-05-31 11:30:00,639.0,0.0,261.0,0.0
2025-05-31 12:00:00,738.0,0.0,301.0,0.0
2025-05-31 12:30:00,719.0,0.0,274.0,0.0
2025-05-31 13:00:00,711.0,0.0,282.0,0.0
2025-05-31 13:30:00,686.0,0.0,277.0,0.0
2025-05-31 14:00:00,614.0,0.0,244.0,0.0
2025-05-31 14:30:00,753.0,0.0,303.0,0.0
2025-05-31 15:00:00,713.0,0.0,272.0,0.0
2025-05-31 15:30:00,679.0,0.0,266.0,0.0
2025-05-31 16:00:00,637.0,0.0,248.0,0.0
2025-05-31 16:30:00,590.0,0.0,240.0,0.0
2025-05-31 17:00:00,785.0,0.0,320.0,0.0
2025-05-31 17:30:00,717.0,0.0,287.0,0.0
2025-05-31 18:00:00,566.0,0.0,226.0,0.0
2025-05-31 18:30:00,575.0,0.0,237.0,0.0
2025-05-31 19:00:00,573.0,0.0,222.0,0.0
2025-05-31 19:30:00,616.0,0.0,246.0,0.0
2025-05-31 20:00:00,611.0,0.0,248.0,0.0
2025-05-31 20:30:00,616.0,0.0,241.0,0.0
2025-05-31 21:00:00,643.0,0.0,256.0,0.0
2025-05-31 21:30:00,837.0,0.0,342.0,0.0
2025-05-31 22:00:00,816.0,0.0,357.0,0.0
2025-05-31 22:30:00,694.0,0.0,273.0,0.0
2025-05-31 23:00:00,645.0,0.0,268.0,0.0
2025-05-31 23:30:00,798.0,0.0,340.0,0.0
2025-06-01 00:00:00,845.0,0.0,335.0,0.0
