timestamp,kw_import,kw_export,kvar_import,kvar_export
2025-03-01 00:00:00,49.26294929921244,0.0,0.0,5.32762
2025-03-01 00:30:00,43.21799225397737,0.0,0.0,5.42976
2025-03-01 01:00:00,42.54539647789331,0.0,0.0,5.23622
2025-03-01 01:30:00,45.052012926495685,0.0,0.0,5.23622
2025-03-01 02:00:00,46.77039939127664,0.0,0.0,5.23622
2025-03-01 02:30:00,48.00626458859538,0.0,0.0,4.24704
2025-03-01 03:00:00,48.179363472899084,0.0,0.0,4.15028
2025-03-01 03:30:00,40.09184299725581,0.0,0.0,3.87072
2025-03-01 04:00:00,49.06234095246002,0.0,0.0,3.88148
2025-03-01 04:30:00,46.4713160189746,0.0,0.0,3.7202
2025-03-01 05:00:00,42.62594493250061,0.0,0.0,3.2686000000000006
2025-03-01 05:30:00,47.98929587013951,0.0,0.0,3.46214
2025-03-01 06:00:00,47.04132717494541,0.0,0.0,3.0965799999999994
2025-03-01 06:30:00,46.034208873398214,0.0,0.0,3.6341800000000006
2025-03-01 07:00:00,48.33673829024579,0.0,0.0,3.9782400000000004
2025-03-01 07:30:00,44.71956395607545,0.0,0.0,4.63412
2025-03-01 08:00:00,45.796256659090204,0.0,3.73094,3.6449199999999995
2025-03-01 08:30:00,107.52366068918575,0.0,35.27732,0.0
2025-03-01 09:00:00,101.61522845116914,0.0,37.93306,0.0
2025-03-01 09:30:00,113.85941514673398,0.0,38.01908,0.0
2025-03-01 10:00:00,119.26857272283371,0.0,39.84692,0.0
2025-03-01 10:30:00,106.07342059082997,0.0,38.89,0.0
2025-03-01 11:00:00,112.50734195277461,0.0,38.56742,0.0
2025-03-01 11:30:00,110.35872984193153,0.0,38.933,0.0
2025-03-01 12:00:00,118.25450913469551,0.0,44.5348,0.0
2025-03-01 12:30:00,128.15264841041318,0.0,48.55604,0.0
2025-03-01 13:00:00,121.59050881551926,0.0,48.59904,0.0
2025-03-01 13:30:00,128.9510603298809,0.0,47.68512,0.0
2025-03-01 14:00:00,131.7620946018675,0.0,47.2443,0.0
2025-03-01 14:30:00,127.70138843410766,0.0,44.12622,0.0
2025-03-01 15:00:00,117.54999355245971,0.0,46.30886,0.0
2025-03-01 15:30:00,131.82502428167896,0.0,45.82504,0.0
2025-03-01 16:00:00,132.25960409362133,0.0,44.99712,0.0
2025-03-01 16:30:00,130.48989392686562,0.0,44.52404,0.0
2025-03-01 17:00:00,120.95780549469097,0.0,46.02932,0.0
2025-03-01 17:30:00,118.71154291143957,0.0,47.45934,0.0
2025-03-01 18:00:00,116.05680497580808,0.0,47.00774,0.0
2025-03-01 18:30:00,108.4538163489829,0.0,40.59956,0.0
2025-03-01 19:00:00,110.04575000175407,0.0,37.22342,0.0
2025-03-01 19:30:00,62.464805310825604,0.0,8.03174,0.13978
2025-03-01 20:00:00,53.810860061688835,0.0,0.0,2.7095
2025-03-01 20:30:00,45.243454467420825,0.0,0.01076,1.54828
2025-03-01 21:00:00,46.102643582220196,0.0,0.0215,1.301
2025-03-01 21:30:00,45.81916811440698,0.0,0.09676,1.5375399999999997
2025-03-01 22:00:00,44.263670945181715,0.0,0.0,3.55892
2025-03-01 22:30:00,46.283809924174044,0.0,0.0,3.3438800000000004
2025-03-01 23:00:00,47.19916446262477,0.0,0.0,2.47296
2025-03-01 23:30:00,46.74261462033618,0.0,0.0,2.36544
2025-03-02 00:00:00,43.4861163569157,0.0,0.0,4.32768
2025-03-02 00:30:00,46.51668057153728,0.0,0.0,4.90292
2025-03-02 01:00:00,47.38985545828372,0.0,0.0,4.37606
2025-03-02 01:30:00,47.34427058639002,0.0,0.0,3.68794
2025-03-02 02:00:00,41.91584237671746,0.0,0.0,4.23092
2025-03-02 02:30:00,45.4816812466811,0.0,0.0,3.73094
2025-03-02 03:00:00,43.35762259399288,0.0,0.0,3.52666
2025-03-02 03:30:00,45.22430629016708,0.0,0.0,3.1826000000000003
2025-03-02 04:00:00,43.873930807305115,0.0,0.0,2.90304
2025-03-02 04:30:00,47.58654623407231,0.0,0.0,3.4406400000000006
2025-03-02 05:00:00,47.863084813069236,0.0,0.0,2.731
2025-03-02 05:30:00,48.87836363172819,0.0,0.01076,2.67724
2025-03-02 06:00:00,48.67933987419111,0.0,0.0,2.65574
2025-03-02 06:30:00,45.45777371958034,0.0,0.0,2.25792
2025-03-02 07:00:00,42.65102415382834,0.0,0.0,3.2041
2025-03-02 07:30:00,49.119125109051396,0.0,0.0,2.4622
2025-03-02 08:00:00,49.51194793356813,0.0,2.9138,1.62356
2025-03-02 08:30:00,101.43814102008366,0.0,41.56724,0.0
2025-03-02 09:00:00,124.6646896659667,0.0,45.9648,0.0
2025-03-02 09:30:00,119.27159265104284,0.0,45.80352,0.0
2025-03-02 10:00:00,129.4566973649611,0.0,46.17984,0.0
2025-03-02 10:30:00,121.28247326210472,0.0,44.80358,0.0
2025-03-02 11:00:00,119.61841213619213,0.0,44.5993,0.0
2025-03-02 11:30:00,128.80337745427386,0.0,44.45952,0.0
2025-03-02 12:00:00,111.15109315342724,0.0,44.58856,0.0
2025-03-02 12:30:00,115.69612753399848,0.0,45.05088,0.0
2025-03-02 13:00:00,114.25625964956322,0.0,44.73908,0.0
2025-03-02 13:30:00,107.49358413804157,0.0,44.76058,0.0
2025-03-02 14:00:00,124.37631633353452,0.0,42.35214,0.0
2025-03-02 14:30:00,114.37695291360829,0.0,40.80384,0.0
2025-03-02 15:00:00,123.9893410711204,0.0,42.35214,0.0
2025-03-02 15:30:00,113.12590200863501,0.0,35.36334,0.0
2025-03-02 16:00:00,93.33997081652021,0.0,25.8263,0.0
2025-03-02 16:30:00,51.87173154840453,0.0,1.8386,1.387
2025-03-02 17:00:00,42.58419882866721,0.0,0.0,3.9459800000000005
2025-03-02 17:30:00,43.751730949781184,0.0,0.0,3.89222
2025-03-02 18:00:00,44.897767642108704,0.0,0.0,3.65568
2025-03-02 18:30:00,43.32500454016502,0.0,0.0,4.18252
2025-03-02 19:00:00,42.43897721315688,0.0,0.0,4.47284
2025-03-02 19:30:00,41.22088604867581,0.0,0.0,4.661
2025-03-02 20:00:00,44.571453826319285,0.0,0.0,4.3223
2025-03-02 20:30:00,44.761563057061274,0.0,0.0,3.87072
2025-03-02 21:00:00,45.728369500603456,0.0,0.0,3.6664399999999997
2025-03-02 21:30:00,44.185179057757225,0.0,0.0,3.52666
2025-03-02 22:00:00,44.981460369629644,0.0,0.0,3.19334
2025-03-02 22:30:00,46.40983117592097,0.0,0.0,3.07508
2025-03-02 23:00:00,46.31176115889115,0.0,0.0,3.5374000000000003
2025-03-02 23:30:00,50.62154999391731,0.0,0.0,3.39764
2025-03-03 00:00:00,46.43335872310289,0.0,0.0,3.44064
2025-03-03 00:30:00,46.02462154824524,0.0,0.01076,2.84928
2025-03-03 01:00:00,47.02038153941906,0.0,0.0,2.22028
2025-03-03 01:30:00,46.06541074791536,0.0,0.0,1.8493400000000002
2025-03-03 02:00:00,42.83507123174701,0.0,0.043,1.7203199999999998
2025-03-03 02:30:00,42.989358573287,0.0,0.0,3.7954600000000003
2025-03-03 03:00:00,42.51824796799438,0.0,0.0,3.59116
2025-03-03 03:30:00,49.251631886239394,0.0,0.0,2.76326
2025-03-03 04:00:00,48.10580748638986,0.0,0.0,3.11808
2025-03-03 04:30:00,41.19222761782558,0.0,0.010760000000000002,2.24716
2025-03-03 05:00:00,49.40008492741822,0.0,0.0,2.24716
2025-03-03 05:30:00,46.670354176954355,0.0,0.0,2.18266
2025-03-03 06:00:00,48.60077459511624,0.0,0.0,2.03212
2025-03-03 06:30:00,45.26105855633637,0.0,0.0,3.62342
2025-03-03 07:00:00,56.831963618090434,0.0,1.23648,2.53748
2025-03-03 07:30:00,67.97232585755212,0.0,1.32788,0.61286
2025-03-03 08:00:00,79.09957758612624,0.0,6.107140000000001,0.0
2025-03-03 08:30:00,174.02047701408685,0.0,52.9106,0.0
2025-03-03 09:00:00,200.93735372150343,0.0,51.39456,0.0
2025-03-03 09:30:00,203.57634887187643,0.0,52.21171999999999,0.0
2025-03-03 10:00:00,223.5363523151158,0.0,58.91022,0.0
2025-03-03 10:30:00,224.92512331452656,0.0,60.63054,0.0
2025-03-03 11:00:00,220.4298932897644,0.0,56.77056,0.0
2025-03-03 11:30:00,221.41438392078035,0.0,56.45876,0.0
2025-03-03 12:00:00,238.9974857154388,0.0,57.2329,0.0
2025-03-03 12:30:00,260.00545791660073,0.0,60.35098,0.0
2025-03-03 13:00:00,230.04022407324442,0.0,60.63054,0.0
2025-03-03 13:30:00,242.7154473266343,0.0,69.36654,0.0
2025-03-03 14:00:00,218.32970543262715,0.0,68.44186,0.0
2025-03-03 14:30:00,253.0489335126032,0.0,71.61908,0.0
2025-03-03 15:00:00,278.9662897235722,0.0,70.99546,0.0
2025-03-03 15:30:00,246.69293058545662,0.0,70.46862,0.0
2025-03-03 16:00:00,267.4991256592808,0.0,71.67284,0.0
2025-03-03 16:30:00,282.17825376085824,0.0,71.83412,0.0
2025-03-03 17:00:00,268.5225084891857,0.0,76.36072,0.0
2025-03-03 17:30:00,247.97593158979458,0.0,78.12404,0.0
2025-03-03 18:00:00,198.8315361147381,0.0,51.91065999999999,0.0
2025-03-03 18:30:00,161.8600719208198,0.0,46.80346000000001,0.0
2025-03-03 19:00:00,131.38811854501003,0.0,32.1915,0.0
2025-03-03 19:30:00,97.52943800164614,0.0,9.95636,0.05376000000000001
2025-03-03 20:00:00,81.43900300550507,0.0,0.15052,0.83866
2025-03-03 20:30:00,68.21448380577118,0.0,0.0215,1.41926
2025-03-03 21:00:00,58.28488013506554,0.0,0.01076,1.47302
2025-03-03 21:30:00,61.59971403717662,0.0,0.10752,0.96768
2025-03-03 22:00:00,59.91001634746106,0.0,0.05376,1.12896
2025-03-03 22:30:00,56.97835211177783,0.0,0.0215,3.08582
2025-03-03 23:00:00,51.21079149026879,0.0,0.0,3.79546
2025-03-03 23:30:00,48.63870496145597,0.0,0.0,3.34388
2025-03-04 00:00:00,42.835637681420515,0.0,0.0,4.41908
2025-03-04 00:30:00,44.83620250037659,0.0,0.0,4.33844
2025-03-04 01:00:00,40.03426973373061,0.0,0.0,4.16102
2025-03-04 01:30:00,42.87981355336247,0.0,0.0,3.85996
2025-03-04 02:00:00,41.35018091987937,0.0,0.0,3.41914
2025-03-04 02:30:00,40.09609131065569,0.0,0.01076,3.02132
2025-03-04 03:00:00,42.92909679338111,0.0,0.0,2.38156
2025-03-04 03:30:00,46.241146913928645,0.0,0.0,2.3278
2025-03-04 04:00:00,41.836606798318684,0.0,0.01076,2.3762
2025-03-04 04:30:00,41.60607398964439,0.0,0.0,4.5696
2025-03-04 05:00:00,39.83957134752308,0.0,0.0,4.31156
2025-03-04 05:30:00,40.01899515479507,0.0,0.0,4.13952
2025-03-04 06:00:00,40.80981692424537,0.0,0.0,4.37606
2025-03-04 06:30:00,41.72107210584415,0.0,0.0,4.032
2025-03-04 07:00:00,41.19735982447122,0.0,0.0,4.10726
2025-03-04 07:30:00,40.87412778857948,0.0,0.0,4.44596
2025-03-04 08:00:00,38.340596156136904,0.0,0.0,3.93524
2025-03-04 08:30:00,40.1118396672771,0.0,0.0,3.9997399999999996
2025-03-04 09:00:00,43.377520119410974,0.0,0.0,3.91372
2025-03-04 09:30:00,39.55568848896867,0.0,0.0,4.075
2025-03-04 10:00:00,40.38966859667475,0.0,0.0,4.68788
2025-03-04 10:30:00,41.379205894844745,0.0,0.0,5.01044
2025-03-04 11:00:00,40.607578494981226,0.0,0.0,4.3008
2025-03-04 11:30:00,42.5766787267652,0.0,0.0,4.50508
2025-03-04 12:00:00,37.48080803851209,0.0,0.0,4.91366
2025-03-04 12:30:00,43.77927594838149,0.0,0.0,4.42982
2025-03-04 13:00:00,43.05602586097609,0.0,0.0,4.16102
2025-03-04 13:30:00,41.856202777839094,0.0,0.0,4.2578
2025-03-04 14:00:00,44.35654871946599,0.0,0.0,3.91372
2025-03-04 14:30:00,41.05267703581705,0.0,0.0,3.83846
2025-03-04 15:00:00,41.137430301273106,0.0,0.0,3.7632000000000003
2025-03-04 15:30:00,44.42701226807999,0.0,0.0,4.08576
2025-03-04 16:00:00,44.958863457124956,0.0,0.0,4.94592
2025-03-04 16:30:00,40.53869102813516,0.0,0.0,4.6126
2025-03-04 17:00:00,41.16127961336163,0.0,0.0,4.8814
2025-03-04 17:30:00,44.31723542933225,0.0,0.0,4.5266
2025-03-04 18:00:00,41.913398684008136,0.0,0.0,4.96742
2025-03-04 18:30:00,43.653751812959264,0.0,0.0,5.07494
2025-03-04 19:00:00,42.172023699638125,0.0,0.0,5.6448
2025-03-04 19:30:00,40.09829149191994,0.0,0.0,5.85984
2025-03-04 20:00:00,42.85248441788998,0.0,0.0,4.94592
2025-03-04 20:30:00,41.79351926699537,0.0,0.0,3.989
2025-03-04 21:00:00,39.51764909697211,0.0,0.01076,3.75244
2025-03-04 21:30:00,40.81674267921766,0.0,0.0,3.4083800000000006
2025-03-04 22:00:00,41.32120818473568,0.0,0.0,3.3438800000000004
2025-03-04 22:30:00,45.85651102858816,0.0,0.0,2.3977
2025-03-04 23:00:00,44.72135508096782,0.0,0.0,2.7095
2025-03-04 23:30:00,45.06302184038947,0.0,0.01076,2.31168
2025-03-05 00:00:00,43.57601094761447,0.0,0.0,5.75232
2025-03-05 00:30:00,49.4958391216414,0.0,0.0,5.82758
2025-03-05 01:00:00,40.99674437343095,0.0,0.0,6.50496
2025-03-05 01:30:00,43.61606303159097,0.0,0.0,5.849080000000001
2025-03-05 02:00:00,46.83742126905642,0.0,0.0,5.84908
2025-03-05 02:30:00,45.303827622701185,0.0,0.0,5.72006
2025-03-05 03:00:00,43.5880850985652,0.0,0.0,5.24698
2025-03-05 03:30:00,46.678965407851,0.0,0.0,5.03194
2025-03-05 04:00:00,47.9249754350606,0.0,0.0,4.44058
2025-03-05 04:30:00,45.42627327861213,0.0,0.0,4.53734
2025-03-05 05:00:00,43.494723562352185,0.0,0.0,4.40832
2025-03-05 05:30:00,44.41931790731763,0.0,0.0,3.9244800000000004
2025-03-05 06:00:00,45.276978776785604,0.0,0.0,4.46208
2025-03-05 06:30:00,41.27861493880488,0.0,0.0,5.1502
2025-03-05 07:00:00,52.18748255554193,0.0,0.0,4.76314
2025-03-05 07:30:00,75.95322950443155,0.0,0.37632,2.86004
2025-03-05 08:00:00,93.19830476558813,0.0,8.2898,0.18278
2025-03-05 08:30:00,210.58999559188175,0.0,75.18874,0.0
2025-03-05 09:00:00,238.77626195803535,0.0,72.93082,0.0
2025-03-05 09:30:00,243.30624929173763,0.0,66.0603,0.0
2025-03-05 10:00:00,255.86334250448186,0.0,67.29678,0.0
2025-03-05 10:30:00,219.33241230795704,0.0,71.80186,0.0
2025-03-05 11:00:00,238.34657887131206,0.0,72.57602,0.0
2025-03-05 11:30:00,250.94309654073618,0.0,74.26408,0.0
2025-03-05 12:00:00,234.39033668461704,0.0,69.94178,0.0
2025-03-05 12:30:00,250.40156020574346,0.0,65.30766,0.0
2025-03-05 13:00:00,259.189690934483,0.0,69.2644,0.0
2025-03-05 13:30:00,235.5171452526814,0.0,77.0811,0.0
2025-03-05 14:00:00,242.5628393357242,0.0,75.27476,0.0
2025-03-05 14:30:00,242.51457978351812,0.0,80.81204,0.0
2025-03-05 15:00:00,259.3031334771119,0.0,82.87642,0.0
2025-03-05 15:30:00,262.705981545515,0.0,78.51112,0.0
2025-03-05 16:00:00,277.0554023688797,0.0,74.3931,0.0
2025-03-05 16:30:00,254.58535849430405,0.0,73.02222,0.0
2025-03-05 17:00:00,232.1500966011428,0.0,73.0491,0.0
2025-03-05 17:30:00,234.9113442641276,0.0,69.95252,0.0
2025-03-05 18:00:00,207.6449732451474,0.0,67.45806,0.0
2025-03-05 18:30:00,204.92151117897728,0.0,67.3129,0.0
2025-03-05 19:00:00,199.02793778709088,0.0,69.14612,0.0
2025-03-05 19:30:00,138.04556248718777,0.0,38.4384,0.0
2025-03-05 20:00:00,88.63117385072528,0.0,0.30106,0.68812
2025-03-05 20:30:00,83.67136711067997,0.0,0.15052,0.91392
2025-03-05 21:00:00,73.54261598655697,0.0,0.23654,0.56448
2025-03-05 21:30:00,63.129981317075924,0.0,0.8494,0.0
2025-03-05 22:00:00,54.89021516679367,0.0,0.73114,0.043
2025-03-05 22:30:00,59.239553608726304,0.0,0.05376,2.1934
2025-03-05 23:00:00,51.88577039083252,0.0,0.01076,2.52672
2025-03-05 23:30:00,51.870273052348864,0.0,0.03226,1.6558
2025-03-06 00:00:00,51.63031886293898,0.0,0.0,4.70938
2025-03-06 00:30:00,50.74174255712486,0.0,0.0,5.83834
2025-03-06 01:00:00,50.099264796982,0.0,0.0,6.32218
2025-03-06 01:30:00,50.155789790573685,0.0,0.0,5.78458
2025-03-06 02:00:00,46.84407299025476,0.0,0.0,6.82752
2025-03-06 02:30:00,49.188849808204615,0.0,0.0,6.66624
2025-03-06 03:00:00,50.23304292911473,0.0,0.0,6.15014
2025-03-06 03:30:00,48.89996357686835,0.0,0.0,6.30068
2025-03-06 04:00:00,47.42032597158946,0.0,0.0,6.03188
2025-03-06 04:30:00,53.32822386951777,0.0,0.0,5.26848
2025-03-06 05:00:00,50.457263776507496,0.0,0.0,6.08564
2025-03-06 05:30:00,53.37581679518169,0.0,0.0,5.9136
2025-03-06 06:00:00,49.6846974447086,0.0,0.0,5.56954
2025-03-06 06:30:00,50.9697438466733,0.0,0.0,6.33294
2025-03-06 07:00:00,65.70425067451002,0.0,0.0,6.6985
2025-03-06 07:30:00,96.98626010136428,0.0,0.06452,3.0750800000000003
2025-03-06 08:00:00,102.66984043634665,0.0,6.54796,0.20428
2025-03-06 08:30:00,211.90635467195764,0.0,95.30574,0.0
2025-03-06 09:00:00,278.69345677087654,0.0,111.99286,0.0
2025-03-06 09:30:00,279.1840945409728,0.0,118.59458,0.0
2025-03-06 10:00:00,280.96812680025477,0.0,126.09948,0.0
2025-03-06 10:30:00,280.53718822059653,0.0,125.4651,0.0
2025-03-06 11:00:00,301.2609057921454,0.0,123.08892,0.0
2025-03-06 11:30:00,276.6722318647754,0.0,126.86286,0.0
2025-03-06 12:00:00,286.35274110691665,0.0,122.25026,0.0
2025-03-06 12:30:00,280.10775131524986,0.0,123.38996,0.0
2025-03-06 13:00:00,297.8171823154349,0.0,125.33608,0.0
2025-03-06 13:30:00,286.78959889219374,0.0,120.27188,0.0
2025-03-06 14:00:00,238.21101372649977,0.0,98.46682,0.0
2025-03-06 14:30:00,268.8991209854886,0.0,71.66208,0.0
2025-03-06 15:00:00,253.43199131951962,0.0,73.35552,0.0
2025-03-06 15:30:00,258.51982880194146,0.0,72.32872,0.0
2025-03-06 16:00:00,237.85974575196315,0.0,73.6297,0.0
2025-03-06 16:30:00,263.4911331373262,0.0,77.17786,0.0
2025-03-06 17:00:00,287.39565619562364,0.0,73.84474,0.0
2025-03-06 17:30:00,217.6835879375089,0.0,59.44781999999999,0.0
2025-03-06 18:00:00,208.98685668617782,0.0,53.30842,0.0
2025-03-06 18:30:00,207.30647759695765,0.0,54.72768,0.0
2025-03-06 19:00:00,142.38328593389792,0.0,33.4226,0.0
2025-03-06 19:30:00,118.74518815304631,0.0,17.51502,3.66644
2025-03-06 20:00:00,75.50656706284198,0.0,0.0,6.73076
2025-03-06 20:30:00,68.39830460032937,0.0,0.0,6.27916
2025-03-06 21:00:00,62.07217555819854,0.0,0.0,7.47264
2025-03-06 21:30:00,59.13901513900004,0.0,0.0,7.11782
2025-03-06 22:00:00,57.25772180910292,0.0,0.0,5.88134
2025-03-06 22:30:00,51.86258098330844,0.0,0.0,5.6878
2025-03-06 23:00:00,53.55687333513739,0.0,0.0,6.22542
2025-03-06 23:30:00,54.259237626536276,0.0,0.0,5.43514
2025-03-07 00:00:00,42.49524511622273,0.0,0.66124,0.70964
2025-03-07 00:30:00,47.32750197617202,0.0,0.32256,0.40858
2025-03-07 01:00:00,46.088171450128044,0.0,0.39782,0.25804
2025-03-07 01:30:00,46.08993057493967,0.0,0.17204,0.7849000000000002
2025-03-07 02:00:00,47.10141383745802,0.0,0.19354,0.52684
2025-03-07 02:30:00,43.42201503259363,0.0,0.15052,0.69888
2025-03-07 03:00:00,42.22307748966893,0.0,0.2688,0.3548200000000001
2025-03-07 03:30:00,47.799582732740575,0.0,0.2688,0.2903
2025-03-07 04:00:00,47.39314782280849,0.0,0.5806,0.05376
2025-03-07 04:30:00,44.718418800724606,0.0,0.7311399999999999,0.0
2025-03-07 05:00:00,46.68483504410597,0.0,0.56448,0.03226
2025-03-07 05:30:00,49.3092981395011,0.0,0.8279,0.01076
2025-03-07 06:00:00,48.143041656299395,0.0,0.59136,0.05376
2025-03-07 06:30:00,44.74818364059161,0.0,0.4946,0.03226
2025-03-07 07:00:00,45.77736207887212,0.0,0.30106,0.5806
2025-03-07 07:30:00,55.491562940513916,0.0,1.7848400000000002,0.8279
2025-03-07 08:00:00,91.66358770211733,0.0,13.48302,0.01076
2025-03-07 08:30:00,204.70686955610313,0.0,68.37198,0.0
2025-03-07 09:00:00,214.52306553337132,0.0,71.57608,0.0
2025-03-07 09:30:00,224.21329686996862,0.0,72.49,0.0
2025-03-07 10:00:00,226.7337599621166,0.0,71.44706,0.0
2025-03-07 10:30:00,235.071510762806,0.0,72.2212,0.0
2025-03-07 11:00:00,250.6759479771625,0.0,71.69434,0.0
2025-03-07 11:30:00,244.65276896810684,0.0,78.01652,0.0
2025-03-07 12:00:00,282.09133529338266,0.0,80.64002,0.0
2025-03-07 12:30:00,254.02492542031587,0.0,79.51104,0.0
2025-03-07 13:00:00,220.71603038301404,0.0,54.84596,0.0
2025-03-07 13:30:00,180.63958664544117,0.0,49.77102000000001,0.0
2025-03-07 14:00:00,205.52888923091191,0.0,51.48058,0.0
2025-03-07 14:30:00,214.27583513614675,0.0,51.16878,0.0
2025-03-07 15:00:00,256.5654455543579,0.0,75.29088,0.0
2025-03-07 15:30:00,274.6843489489975,0.0,80.44648,0.0
2025-03-07 16:00:00,270.71304732354434,0.0,81.52168,0.0
2025-03-07 16:30:00,262.51444428403187,0.0,79.5218,0.0
2025-03-07 17:00:00,266.7227787247718,0.0,79.01646,0.0
2025-03-07 17:30:00,252.15148242833496,0.0,75.61882,0.0
2025-03-07 18:00:00,203.18548154954482,0.0,68.42574,0.0
2025-03-07 18:30:00,226.25072213885636,0.0,62.55514,0.0
2025-03-07 19:00:00,124.54621109689195,0.0,18.13862,0.0
2025-03-07 19:30:00,111.79780534846611,0.0,10.49396,0.0
2025-03-07 20:00:00,94.2115098841513,0.0,3.67718,0.0
2025-03-07 20:30:00,88.47358180165416,0.0,3.93524,0.0
2025-03-07 21:00:00,70.1853672313342,0.0,3.77396,0.0
2025-03-07 21:30:00,64.40021181502942,0.0,2.79552,0.0
2025-03-07 22:00:00,61.17551195885221,0.0,1.9031,0.0
2025-03-07 22:30:00,58.18872582753538,0.0,0.92468,0.0
2025-03-07 23:00:00,55.206675866136656,0.0,1.32788,0.0
2025-03-07 23:30:00,55.04127096732785,0.0,1.0967,0.01076
2025-03-08 00:00:00,44.477265176186705,0.0,0.0,4.15028
2025-03-08 00:30:00,45.410854326235025,0.0,0.0,4.41908
2025-03-08 01:00:00,44.761371554187775,0.0,0.0,3.96748
2025-03-08 01:30:00,46.167086106923676,0.0,0.0,4.29004
2025-03-08 02:00:00,40.51140570432751,0.0,0.0,4.06426
2025-03-08 02:30:00,42.96003242257079,0.0,0.0,3.84922
2025-03-08 03:00:00,45.31111695712701,0.0,0.0,3.5911600000000004
2025-03-08 03:30:00,45.249892189704525,0.0,0.0,2.9783
2025-03-08 04:00:00,41.28865965412043,0.0,0.010759999999999999,3.05356
2025-03-08 04:30:00,46.78443310650411,0.0,0.0,2.22028
2025-03-08 05:00:00,42.37228431270947,0.0,0.0,2.8492800000000003
2025-03-08 05:30:00,42.33162958295604,0.0,0.0,4.50508
2025-03-08 06:00:00,43.799951549996095,0.0,0.0,5.03194
2025-03-08 06:30:00,43.02132862233977,0.0,0.0,4.96742
2025-03-08 07:00:00,41.50611438577702,0.0,0.0,5.18246
2025-03-08 07:30:00,40.70703405072787,0.0,0.0,6.06412
2025-03-08 08:00:00,49.48639637484628,0.0,6.03188,2.81702
2025-03-08 08:30:00,130.6341738838204,0.0,60.91008,0.0
2025-03-08 09:00:00,147.319379678177,0.0,64.64102,0.0
2025-03-08 09:30:00,139.90050184773048,0.0,62.5659,0.0
2025-03-08 10:00:00,145.51964838421478,0.0,62.2971,0.0
2025-03-08 10:30:00,142.24827958368303,0.0,61.54446,0.0
2025-03-08 11:00:00,135.24636377666712,0.0,61.20038,0.0
2025-03-08 11:30:00,128.67363207504675,0.0,61.21114,0.0
2025-03-08 12:00:00,134.73096358562793,0.0,62.38312,0.0
2025-03-08 12:30:00,134.27833446707783,0.0,63.00672,0.0
2025-03-08 13:00:00,133.9435317997348,0.0,62.99598,0.0
2025-03-08 13:30:00,144.6065025694035,0.0,61.5122,0.0
2025-03-08 14:00:00,144.08172526711553,0.0,60.63054,0.0
2025-03-08 14:30:00,152.10595224203067,0.0,60.59828,0.0
2025-03-08 15:00:00,127.46850530580004,0.0,59.48008,0.0
2025-03-08 15:30:00,139.09643889087002,0.0,57.60922,0.0
2025-03-08 16:00:00,97.4627962087713,0.0,33.93332,0.0
2025-03-08 16:30:00,72.99854645617755,0.0,23.19206,0.07526
2025-03-08 17:00:00,50.800123571097075,0.0,2.9998,2.35468
2025-03-08 17:30:00,43.306165367226214,0.0,0.0,2.60198
2025-03-08 18:00:00,40.86619775771674,0.0,0.0,2.04288
2025-03-08 18:30:00,41.8348418151442,0.0,0.17204,0.67738
2025-03-08 19:00:00,39.35805632204067,0.0,0.0,1.60204
2025-03-08 19:30:00,35.427591490224586,0.0,0.01076,3.32236
2025-03-08 20:00:00,40.72017724453353,0.0,0.0,4.6126
2025-03-08 20:30:00,40.23182697060155,0.0,0.0,4.16102
2025-03-08 21:00:00,39.51672918349268,0.0,0.0,4.11264
2025-03-08 21:30:00,41.546851348914224,0.0,0.0,3.9352399999999994
2025-03-08 22:00:00,38.77275235256767,0.0,0.0,3.67718
2025-03-08 22:30:00,42.25869852020363,0.0,0.0,5.18246
2025-03-08 23:00:00,42.48842337546853,0.0,0.0,5.612540000000001
2025-03-08 23:30:00,40.51411048650944,0.0,0.0,5.1287
2025-03-09 00:00:00,44.167537976600826,0.0,0.0,2.9890599999999994
2025-03-09 00:30:00,41.088366586618605,0.0,0.0,2.74176
2025-03-09 01:00:00,41.63739357024903,0.0,0.0,5.27924
2025-03-09 01:30:00,42.54234574697942,0.0,0.0,5.42976
2025-03-09 02:00:00,41.44612672892786,0.0,0.0,5.31148
2025-03-09 02:30:00,42.14434133375714,0.0,0.0,4.95668
2025-03-09 03:00:00,38.90645718624791,0.0,0.0,4.63412
2025-03-09 03:30:00,45.78572959007462,0.0,0.0,4.13952
2025-03-09 04:00:00,42.610009598633056,0.0,0.0,3.59116
2025-03-09 04:30:00,40.701574699679114,0.0,0.01076,3.2471
2025-03-09 05:00:00,37.616711075472324,0.0,0.0,3.21484
2025-03-09 05:30:00,46.076968902709325,0.0,0.0,2.63424
2025-03-09 06:00:00,43.98620801710112,0.0,0.0,3.59116
2025-03-09 06:30:00,42.88478157536657,0.0,0.0,3.6664400000000006
2025-03-09 07:00:00,43.44425635342207,0.0,0.0,3.63418
2025-03-09 07:30:00,43.50206711338729,0.0,0.0,3.73094
2025-03-09 08:00:00,42.28000408372654,0.0,0.0,3.4298799999999994
2025-03-09 08:30:00,40.706520879092885,0.0,0.0,3.5159
2025-03-09 09:00:00,41.95381158052283,0.0,0.0,3.3116199999999996
2025-03-09 09:30:00,43.03125633038095,0.0,0.0,4.0105
2025-03-09 10:00:00,46.035934462327646,0.0,0.0,4.13952
2025-03-09 10:30:00,41.71256468720883,0.0,0.0,5.01044
2025-03-09 11:00:00,45.87982993114284,0.0,0.0,5.20396
2025-03-09 11:30:00,44.053027318861545,0.0,0.0,5.17172
2025-03-09 12:00:00,42.946438819025936,0.0,0.0,4.9943
2025-03-09 12:30:00,47.25574940391875,0.0,0.0,4.76314
2025-03-09 13:00:00,46.91567787800453,0.0,0.01076,4.032
2025-03-09 13:30:00,47.57807275799521,0.0,0.0,4.04276
2025-03-09 14:00:00,41.22374540597364,0.0,0.0,4.42982
2025-03-09 14:30:00,47.96175791704785,0.0,0.0,4.84916
2025-03-09 15:00:00,43.06837878149475,0.0,0.0,4.84916
2025-03-09 15:30:00,42.75425083848815,0.0,0.0,4.91366
2025-03-09 16:00:00,38.53768868278049,0.0,0.0,4.8384
2025-03-09 16:30:00,44.52572343713524,0.0,0.0,2.92454
2025-03-09 17:00:00,40.20705384402187,0.0,0.0,3.5266600000000006
2025-03-09 17:30:00,43.42263840567882,0.0,0.0,3.38688
2025-03-09 18:00:00,40.25466408023472,0.0,0.0,3.30086
2025-03-09 18:30:00,46.92211231035424,0.0,0.0,2.76326
2025-03-09 19:00:00,43.938118765834794,0.0,0.0,2.60198
2025-03-09 19:30:00,46.140337842333516,0.0,0.01076,3.2793599999999996
2025-03-09 20:00:00,40.981523501449885,0.0,0.0,3.5159
2025-03-09 20:30:00,46.20218611774756,0.0,0.0,3.44064
2025-03-09 21:00:00,39.4086031906195,0.0,0.0,3.10732
2025-03-09 21:30:00,43.08064228713306,0.0,0.0,2.7955199999999993
2025-03-09 22:00:00,42.320118471910206,0.0,0.0,2.1289
2025-03-09 22:30:00,42.46700086551277,0.0,0.01076,1.74182
2025-03-09 23:00:00,41.27704421717847,0.0,0.0,2.21492
2025-03-09 23:30:00,41.4267796615817,0.0,0.03226,1.50528
2025-03-10 00:00:00,41.53015523949771,0.0,0.0,3.97824
2025-03-10 00:30:00,49.52071601153022,0.0,0.01076,3.7524400000000004
2025-03-10 01:00:00,46.36336021434073,0.0,0.0,3.35462
2025-03-10 01:30:00,46.41751716746497,0.0,0.0,2.35468
2025-03-10 02:00:00,44.82473016937734,0.0,0.0,4.5911
2025-03-10 02:30:00,43.02380414475024,0.0,0.0,5.548040000000001
2025-03-10 03:00:00,50.61950928752561,0.0,0.0,4.90292
2025-03-10 03:30:00,45.21252368234054,0.0,0.0,5.3975
2025-03-10 04:00:00,42.138027572581215,0.0,0.0,4.60186
2025-03-10 04:30:00,46.836385959770084,0.0,0.0,4.58036
2025-03-10 05:00:00,48.519803346263636,0.0,0.0,4.36532
2025-03-10 05:30:00,47.78102954254995,0.0,0.0,4.06426
2025-03-10 06:00:00,44.46923090152772,0.0,0.0,4.50508
2025-03-10 06:30:00,42.42940450962015,0.0,0.0,5.67706
2025-03-10 07:00:00,48.31055904791619,0.0,0.0,5.8921
2025-03-10 07:30:00,71.25262109929037,0.0,2.60198,2.3546799999999997
2025-03-10 08:00:00,97.06279163304237,0.0,8.32206,0.0
2025-03-10 08:30:00,187.17534839267566,0.0,68.40422,0.0
2025-03-10 09:00:00,234.5380858000086,0.0,72.40398,0.0
2025-03-10 09:30:00,240.42894182262796,0.0,74.82856,0.0
2025-03-10 10:00:00,235.40052654407683,0.0,77.24238,0.0
2025-03-10 10:30:00,240.10078063817917,0.0,72.533,0.0
2025-03-10 11:00:00,241.50085895154263,0.0,73.17812,0.0
2025-03-10 11:30:00,263.34634963989015,0.0,66.40436,0.0
2025-03-10 12:00:00,254.30178012647934,0.0,68.9741,0.0
2025-03-10 12:30:00,247.88370537734,0.0,69.8665,0.0
2025-03-10 13:00:00,248.4379852605141,0.0,72.61902,0.0
2025-03-10 13:30:00,241.26136065355064,0.0,81.81198,0.0
2025-03-10 14:00:00,231.88860153898364,0.0,80.98408,0.0
2025-03-10 14:30:00,242.06463491690073,0.0,78.50036,0.0
2025-03-10 15:00:00,263.1637578013036,0.0,82.03778,0.0
2025-03-10 15:30:00,264.0982792436625,0.0,79.44116,0.0
2025-03-10 16:00:00,219.3842634761809,0.0,73.41466,0.0
2025-03-10 16:30:00,231.305835579053,0.0,73.13512,0.0
2025-03-10 17:00:00,253.78380128748825,0.0,75.83386,0.0
2025-03-10 17:30:00,267.76734662297673,0.0,76.57576,0.0
2025-03-10 18:00:00,228.69386666277802,0.0,60.68430000000001,0.0
2025-03-10 18:30:00,177.92689575437424,0.0,44.79284,0.0
2025-03-10 19:00:00,183.51803764003753,0.0,42.13172,0.0
2025-03-10 19:30:00,149.0785538914145,0.0,42.15322,0.0
2025-03-10 20:00:00,156.1253489160183,0.0,42.6962,0.0
2025-03-10 20:30:00,143.6579500895522,0.0,41.47048,0.0
2025-03-10 21:00:00,119.97266907720812,0.0,42.21774,0.0
2025-03-10 21:30:00,130.37031956521457,0.0,41.8199,0.0
2025-03-10 22:00:00,120.68785460282203,0.0,33.56774,0.0
2025-03-10 22:30:00,63.2052052933508,0.0,8.4457,0.0
2025-03-10 23:00:00,49.768663022898636,0.0,1.23648,3.6126800000000006
2025-03-10 23:30:00,42.66412604338989,0.0,0.0,5.09644
2025-03-11 00:00:00,47.9272292953302,0.0,0.0,5.47276
2025-03-11 00:30:00,47.449158793740345,0.0,0.0,4.35456
2025-03-11 01:00:00,47.61140242561713,0.0,0.0,5.51578
2025-03-11 01:30:00,49.724722445690624,0.0,0.0,5.65556
2025-03-11 02:00:00,46.27728978269261,0.0,0.0,5.04268
2025-03-11 02:30:00,45.65705602255296,0.0,0.0,4.9943
2025-03-11 03:00:00,49.532127296196066,0.0,0.0,4.80614
2025-03-11 03:30:00,47.939757441359426,0.0,0.0,4.38682
2025-03-11 04:00:00,44.25327337245172,0.0,0.0,4.33844
2025-03-11 04:30:00,52.39754199187887,0.0,0.0,3.9244800000000004
2025-03-11 05:00:00,46.593205834059354,0.0,0.0,3.8384600000000004
2025-03-11 05:30:00,48.27506854634216,0.0,0.0,3.40838
2025-03-11 06:00:00,47.261599954682985,0.0,0.01076,3.95674
2025-03-11 06:30:00,49.13741050844181,0.0,0.0,4.60186
2025-03-11 07:00:00,50.404459233846794,0.0,0.0,4.70938
2025-03-11 07:30:00,75.7713333233803,0.0,9.4295,0.01076
2025-03-11 08:00:00,110.2568124875752,0.0,27.71866,0.0
2025-03-11 08:30:00,211.69090506631716,0.0,72.7803,0.0
2025-03-11 09:00:00,225.91178629127074,0.0,85.29564,0.0
2025-03-11 09:30:00,265.26193309234674,0.0,82.5915,0.0
2025-03-11 10:00:00,225.90873231586113,0.0,82.3926,0.0
2025-03-11 10:30:00,237.99404239312437,0.0,75.71022,0.0
2025-03-11 11:00:00,304.9988519116436,0.0,87.28474,0.0
2025-03-11 11:30:00,294.1681929756946,0.0,93.51016,0.0
2025-03-11 12:00:00,291.4061324188243,0.0,94.5316,0.0
2025-03-11 12:30:00,291.6700642844468,0.0,97.11208,0.0
2025-03-11 13:00:00,283.83163344844263,0.0,95.46702,0.0
2025-03-11 13:30:00,268.9751073293052,0.0,95.18746,0.0
2025-03-11 14:00:00,249.82273005315707,0.0,92.63924,0.0
2025-03-11 14:30:00,272.07487719378867,0.0,93.95098,0.0
2025-03-11 15:00:00,263.73538997244293,0.0,83.04846,0.0
2025-03-11 15:30:00,285.3777303380318,0.0,86.83315999999999,0.0
2025-03-11 16:00:00,289.45227058196105,0.0,82.98394,0.0
2025-03-11 16:30:00,278.28668950452084,0.0,83.5968,0.0
2025-03-11 17:00:00,257.1785010820857,0.0,84.57524,0.0
2025-03-11 17:30:00,296.15713981913194,0.0,89.47814,0.0
2025-03-11 18:00:00,231.22664349638907,0.0,83.86562,0.0
2025-03-11 18:30:00,222.31719086231968,0.0,81.41952,0.0
2025-03-11 19:00:00,203.51751164774925,0.0,81.01634,0.0
2025-03-11 19:30:00,174.63478803611102,0.0,65.10336,0.0
2025-03-11 20:00:00,160.80788100133958,0.0,55.20078,0.0
2025-03-11 20:30:00,152.85853370899173,0.0,54.21159999999999,0.0
2025-03-11 21:00:00,152.17329463498703,0.0,56.00718,0.0
2025-03-11 21:30:00,135.95179120106926,0.0,55.29754,0.0
2025-03-11 22:00:00,126.78689547557246,0.0,48.73882,0.0
2025-03-11 22:30:00,70.44480465786965,0.0,21.33734,0.0
2025-03-11 23:00:00,58.615308253399995,0.0,8.66074,0.0
2025-03-11 23:30:00,58.919082965031635,0.0,8.5586,0.0
2025-03-12 00:00:00,42.86154685524186,0.0,0.0,5.16096
2025-03-12 00:30:00,44.779550771794035,0.0,0.0,4.76314
2025-03-12 01:00:00,46.293166900442706,0.0,0.0,4.10726
2025-03-12 01:30:00,44.7356705057718,0.0,0.0,4.40832
2025-03-12 02:00:00,46.39744732170615,0.0,0.0,4.87066
2025-03-12 02:30:00,48.35834326180955,0.0,0.0,6.79526
2025-03-12 03:00:00,52.3080010717927,0.0,0.0,6.33294
2025-03-12 03:30:00,48.011198124088665,0.0,0.0,6.9458
2025-03-12 04:00:00,49.01073523621733,0.0,0.0,6.343679999999999
2025-03-12 04:30:00,47.27128581455945,0.0,0.0,5.80608
2025-03-12 05:00:00,50.42153533822458,0.0,0.0,6.30068
2025-03-12 05:30:00,50.64890630030675,0.0,0.0,6.09638
2025-03-12 06:00:00,48.33423238871383,0.0,0.0,6.064119999999999
2025-03-12 06:30:00,49.90450204180541,0.0,0.0,6.472700000000001
2025-03-12 07:00:00,64.28931301322453,0.0,0.0,8.11776
2025-03-12 07:30:00,101.02032310258934,0.0,2.06438,3.46214
2025-03-12 08:00:00,130.15861467302884,0.0,7.8167,0.01076
2025-03-12 08:30:00,221.44410624189518,0.0,88.89754,0.0
2025-03-12 09:00:00,217.4126279908136,0.0,85.27412,0.0
2025-03-12 09:30:00,232.6812160960437,0.0,106.65986,0.0
2025-03-12 10:00:00,231.71017850770846,0.0,91.8221,0.0
2025-03-12 10:30:00,231.00610628867955,0.0,70.3611,0.0
2025-03-12 11:00:00,252.40304693527204,0.0,85.56442,0.0
2025-03-12 11:30:00,253.25450462212513,0.0,118.53006,0.0
2025-03-12 12:00:00,256.14937110261246,0.0,87.71482,0.0
2025-03-12 12:30:00,244.22201233741418,0.0,73.16738,0.0
2025-03-12 13:00:00,233.14571955850295,0.0,73.6512,0.0
2025-03-12 13:30:00,245.29341661955232,0.0,74.9522,0.0
2025-03-12 14:00:00,242.50957932261932,0.0,72.2212,0.0
2025-03-12 14:30:00,244.49564246961913,0.0,69.8235,0.0
2025-03-12 15:00:00,272.76880127749365,0.0,71.67822,0.0
2025-03-12 15:30:00,281.2896797656542,0.0,72.76954,0.0
2025-03-12 16:00:00,269.1309961271624,0.0,68.10856,0.0
2025-03-12 16:30:00,253.67629967158194,0.0,66.80756,0.0
2025-03-12 17:00:00,223.5540988010589,0.0,68.23758,0.0
2025-03-12 17:30:00,219.4268568075063,0.0,68.94184,0.0
2025-03-12 18:00:00,197.1695142265731,0.0,59.68436,0.0
2025-03-12 18:30:00,217.3543829877624,0.0,59.81338,0.0
2025-03-12 19:00:00,155.53333783438606,0.0,46.13684,0.0
2025-03-12 19:30:00,93.05383070180707,0.0,8.3328,2.05364
2025-03-12 20:00:00,69.27226677240768,0.0,0.0,5.419
2025-03-12 20:30:00,73.01305282883746,0.0,0.0,6.85978
2025-03-12 21:00:00,68.24833471108967,0.0,0.0,7.11782
2025-03-12 21:30:00,62.648933635646806,0.0,0.0,6.61248
2025-03-12 22:00:00,59.7315618780244,0.0,0.0,6.35444
2025-03-12 22:30:00,55.80192164991317,0.0,0.0,6.01036
2025-03-12 23:00:00,51.83613740384043,0.0,0.0,6.60172
2025-03-12 23:30:00,55.27908975274841,0.0,0.0,5.24698
2025-03-13 00:00:00,39.72279958468459,0.0,0.0,5.418999999999999
2025-03-13 00:30:00,40.285811872708344,0.0,0.0,5.042679999999999
2025-03-13 01:00:00,38.91440366385386,0.0,0.0,4.73088
2025-03-13 01:30:00,42.013003300323035,0.0,0.0,4.33844
2025-03-13 02:00:00,40.80910398057919,0.0,0.0,4.8599
2025-03-13 02:30:00,41.48985115514431,0.0,0.0,4.44596
2025-03-13 03:00:00,44.361454327441976,0.0,0.0,4.5481
2025-03-13 03:30:00,44.78488955920704,0.0,0.0,3.7739600000000006
2025-03-13 04:00:00,40.902805363914,0.0,0.0,3.25786
2025-03-13 04:30:00,40.22615960230294,0.0,0.01076,3.63418
2025-03-13 05:00:00,43.42248335529955,0.0,0.0,3.05356
2025-03-13 05:30:00,47.46491765191987,0.0,0.0,3.3116200000000005
2025-03-13 06:00:00,41.528209250073324,0.0,0.0,3.1933399999999996
2025-03-13 06:30:00,42.304342792497835,0.0,0.0,4.31156
2025-03-13 07:00:00,47.25342641762189,0.0,0.0,4.64486
2025-03-13 07:30:00,55.83201494736205,0.0,0.0,4.73088
2025-03-13 08:00:00,80.25815940508674,0.0,3.1610800000000006,1.43002
2025-03-13 08:30:00,202.06930569855066,0.0,64.15718,0.0
2025-03-13 09:00:00,220.2041229346628,0.0,69.5977,0.0
2025-03-13 09:30:00,229.3461213469092,0.0,69.8665,0.0
2025-03-13 10:00:00,228.24629952486944,0.0,73.84474,0.0
2025-03-13 10:30:00,230.55821544501651,0.0,74.65652,0.0
2025-03-13 11:00:00,244.08155723748789,0.0,73.24264,0.0
2025-03-13 11:30:00,245.17323437514133,0.0,73.76948,0.0
2025-03-13 12:00:00,257.64609307194377,0.0,74.21032,0.0
2025-03-13 12:30:00,247.6025027109722,0.0,76.48974,0.0
2025-03-13 13:00:00,226.36551616545796,0.0,77.89286,0.0
2025-03-13 13:30:00,235.7231360691981,0.0,78.41434,0.0
2025-03-13 14:00:00,234.61126006603834,0.0,77.23162,0.0
2025-03-13 14:30:00,262.79731695823375,0.0,77.89286,0.0
2025-03-13 15:00:00,230.3829954757772,0.0,80.48948,0.0
2025-03-13 15:30:00,257.19921438202806,0.0,83.25274,0.0
2025-03-13 16:00:00,238.30679441730845,0.0,81.72596,0.0
2025-03-13 16:30:00,258.4483556215549,0.0,81.0701,0.0
2025-03-13 17:00:00,234.61534044480604,0.0,80.81204,0.0
2025-03-13 17:30:00,237.40414212292828,0.0,77.19938,0.0
2025-03-13 18:00:00,190.77161306590347,0.0,68.98484,0.0
2025-03-13 18:30:00,211.7386510223848,0.0,57.63072,0.0
2025-03-13 19:00:00,200.04210194592528,0.0,57.7275,0.0
2025-03-13 19:30:00,195.97144983059067,0.0,61.46918,0.0
2025-03-13 20:00:00,194.22822974470057,0.0,55.97491999999999,0.0
2025-03-13 20:30:00,150.48195257683784,0.0,40.93824,0.0
2025-03-13 21:00:00,132.89366397885388,0.0,40.30926,0.0
2025-03-13 21:30:00,117.1330026898095,0.0,39.94368,0.0
2025-03-13 22:00:00,115.83498140304155,0.0,42.30912,0.0
2025-03-13 22:30:00,64.76035135379193,0.0,7.60166,0.0
2025-03-13 23:00:00,48.5613452089917,0.0,1.81708,0.0
2025-03-13 23:30:00,45.17233654355162,0.0,1.58054,0.0
2025-03-14 00:00:00,46.107187938536576,0.0,0.0,3.56966
2025-03-14 00:30:00,47.568748417913774,0.0,0.0,3.29012
2025-03-14 01:00:00,43.71363292341066,0.0,0.0,3.6664400000000006
2025-03-14 01:30:00,49.26411455402927,0.0,0.0,3.60192
2025-03-14 02:00:00,44.25732184917901,0.0,0.0,3.55892
2025-03-14 02:30:00,47.55325243296717,0.0,0.0,2.9138
2025-03-14 03:00:00,47.39212510307587,0.0,0.0,2.60736
2025-03-14 03:30:00,51.1589580963428,0.0,0.0,2.688
2025-03-14 04:00:00,48.252319302347075,0.0,0.0,2.69876
2025-03-14 04:30:00,52.994106052086536,0.0,0.0,2.52672
2025-03-14 05:00:00,48.52313740999666,0.0,0.0,3.1826
2025-03-14 05:30:00,51.59588458562388,0.0,0.01076,2.5536
2025-03-14 06:00:00,48.08784414766346,0.0,0.0,2.40844
2025-03-14 06:30:00,47.057554483307186,0.0,0.0,3.5159
2025-03-14 07:00:00,56.89040445225663,0.0,0.52684,3.11808
2025-03-14 07:30:00,70.41475419885904,0.0,2.18266,0.15052
2025-03-14 08:00:00,89.85731521448405,0.0,8.8489,0.0215
2025-03-14 08:30:00,191.6074206252361,0.0,67.5602,0.0
2025-03-14 09:00:00,204.8789878173112,0.0,69.0601,0.0
2025-03-14 09:30:00,211.48889960567118,0.0,58.51240000000001,0.0
2025-03-14 10:00:00,213.2060972666991,0.0,57.40494000000001,0.0
2025-03-14 10:30:00,312.386317674489,0.0,68.28596,0.0
2025-03-14 11:00:00,314.5393055853678,0.0,74.22106,0.0
2025-03-14 11:30:00,305.073396679155,0.0,72.31796,0.0
2025-03-14 12:00:00,229.87243296774554,0.0,74.9307,0.0
2025-03-14 12:30:00,208.39938250165963,0.0,73.77486,0.0
2025-03-14 13:00:00,155.66453565880389,0.0,44.24448,0.0
2025-03-14 13:30:00,141.41270075944536,0.0,40.852239999999995,0.0
2025-03-14 14:00:00,129.9083315371785,0.0,38.71258,0.0
2025-03-14 14:30:00,147.3339994101054,0.0,37.76102,0.0
2025-03-14 15:00:00,152.59752913733564,0.0,44.362759999999994,0.0
2025-03-14 15:30:00,197.14900992388883,0.0,53.76,0.0
2025-03-14 16:00:00,199.66266839235917,0.0,55.80288000000001,0.0
2025-03-14 16:30:00,160.59963731129454,0.0,48.68506,0.0
2025-03-14 17:00:00,198.09946893321938,0.0,55.00724,0.0
2025-03-14 17:30:00,189.0116115653262,0.0,52.373,0.0
2025-03-14 18:00:00,152.00606266328282,0.0,47.0615,0.0
2025-03-14 18:30:00,131.38569688958322,0.0,41.58874,0.0
2025-03-14 19:00:00,111.25260284709422,0.0,38.89,0.0
2025-03-14 19:30:00,73.85178111301687,0.0,8.16076,0.07526
2025-03-14 20:00:00,51.09449273799569,0.0,0.0,2.21492
2025-03-14 20:30:00,43.53298587438003,0.0,0.01076,3.2363599999999995
2025-03-14 21:00:00,45.98029667344416,0.0,0.0,4.661
2025-03-14 21:30:00,40.96532221679772,0.0,0.0,4.47284
2025-03-14 22:00:00,43.514291246135585,0.0,0.0,3.84922
2025-03-14 22:30:00,48.00171197961811,0.0,0.0,3.2363600000000003
2025-03-14 23:00:00,47.17348167651241,0.0,0.0,3.1826
2025-03-14 23:30:00,44.33305122442942,0.0,0.0,3.42988
2025-03-15 00:00:00,45.45302988026567,0.0,0.0,4.46208
2025-03-15 00:30:00,46.5818209153564,0.0,0.0,2.76326
2025-03-15 01:00:00,49.84617886594235,0.0,0.0,2.76326
2025-03-15 01:30:00,48.870878305589116,0.0,0.01076,2.62348
2025-03-15 02:00:00,48.29019779830166,0.0,0.0,2.45146
2025-03-15 02:30:00,45.23539209057784,0.0,0.0,2.36544
2025-03-15 03:00:00,44.26880820452821,0.0,0.01076,1.47302
2025-03-15 03:30:00,48.70221452870323,0.0,0.03226,1.29024
2025-03-15 04:00:00,46.0233090599132,0.0,0.0,2.87078
2025-03-15 04:30:00,45.08481077256403,0.0,0.01076,3.4729
2025-03-15 05:00:00,43.87457858796685,0.0,0.0,4.41908
2025-03-15 05:30:00,44.076445817827,0.0,0.0,4.24704
2025-03-15 06:00:00,48.45910456150252,0.0,0.0,4.10726
2025-03-15 06:30:00,46.532636228308746,0.0,0.0,4.22016
2025-03-15 07:00:00,45.08050698018589,0.0,0.0,4.40832
2025-03-15 07:30:00,44.78917385752073,0.0,0.0,4.8169
2025-03-15 08:00:00,40.661793033113526,0.0,0.0,6.11788
2025-03-15 08:30:00,37.71015394634051,0.0,0.0,6.1609
2025-03-15 09:00:00,39.47052109692943,0.0,0.0,5.20934
2025-03-15 09:30:00,41.277783453679184,0.0,0.0,5.419
2025-03-15 10:00:00,42.034739294126915,0.0,0.0,3.46214
2025-03-15 10:30:00,43.83815590438793,0.0,0.0,3.5589200000000005
2025-03-15 11:00:00,45.15067115603538,0.0,0.0,3.96748
2025-03-15 11:30:00,44.244838851640644,0.0,0.0,3.50516
2025-03-15 12:00:00,47.057293755288946,0.0,0.0,3.42988
2025-03-15 12:30:00,42.46842893505732,0.0,0.0,2.60736
2025-03-15 13:00:00,44.4985189566526,0.0,0.0,2.96756
2025-03-15 13:30:00,44.06381061657871,0.0,0.0,4.82764
2025-03-15 14:00:00,44.6150564587026,0.0,0.0,5.54804
2025-03-15 14:30:00,44.777696665064184,0.0,0.0,5.26848
2025-03-15 15:00:00,44.527204709139845,0.0,0.0,5.24698
2025-03-15 15:30:00,40.15547523506809,0.0,0.0,5.3545
2025-03-15 16:00:00,41.527682785103664,0.0,0.0,5.52652
2025-03-15 16:30:00,45.487460416913905,0.0,0.0,5.92436
2025-03-15 17:00:00,37.914970238020125,0.0,0.0,5.88134
2025-03-15 17:30:00,46.280129473716016,0.0,0.0,5.56954
2025-03-15 18:00:00,44.70118032596482,0.0,0.0,5.28998
2025-03-15 18:30:00,41.12873962115772,0.0,0.0,4.75238
2025-03-15 19:00:00,42.460635601757886,0.0,0.0,4.40832
2025-03-15 19:30:00,47.903527392953755,0.0,0.01076,4.51584
2025-03-15 20:00:00,48.36102438812814,0.0,0.0,4.18252
2025-03-15 20:30:00,45.640927048475845,0.0,0.0,3.67718
2025-03-15 21:00:00,46.41365419948482,0.0,0.0,3.59116
2025-03-15 21:30:00,43.83687512793857,0.0,0.0,3.50516
2025-03-15 22:00:00,46.64823872708643,0.0,0.0,2.9353
2025-03-15 22:30:00,44.25029172221895,0.0,0.0,4.65562
2025-03-15 23:00:00,43.892633985606224,0.0,0.0,5.88134
2025-03-15 23:30:00,49.75719907520929,0.0,0.0,5.30074
2025-03-16 00:00:00,45.980092963565035,0.0,0.0,6.4942
2025-03-16 00:30:00,48.856311790210896,0.0,0.0,6.709259999999999
2025-03-16 01:00:00,47.57456262562001,0.0,0.0,6.117880000000001
2025-03-16 01:30:00,42.09675685711527,0.0,0.0,6.4727
2025-03-16 02:00:00,46.09928030320591,0.0,0.0,6.117880000000001
2025-03-16 02:30:00,44.30152577372551,0.0,0.0,5.92436
2025-03-16 03:00:00,42.78370894815676,0.0,0.0,6.171640000000001
2025-03-16 03:30:00,41.82840221434988,0.0,0.0,5.1287
2025-03-16 04:00:00,44.72340544301141,0.0,0.0,4.8384
2025-03-16 04:30:00,45.277915771156536,0.0,0.0,4.7954
2025-03-16 05:00:00,45.58694798436258,0.0,0.0,3.9244800000000004
2025-03-16 05:30:00,44.00872656244884,0.0,0.0,3.93524
2025-03-16 06:00:00,41.63085191008189,0.0,0.0,4.12876
2025-03-16 06:30:00,49.967561821046765,0.0,0.0,4.11264
2025-03-16 07:00:00,45.78376016253906,0.0,0.0,3.99974
2025-03-16 07:30:00,40.731614236302335,0.0,0.0,4.661
2025-03-16 08:00:00,45.95555285272037,0.0,0.08602,3.5911600000000004
2025-03-16 08:30:00,115.36053131082284,0.0,33.98708,0.05376
2025-03-16 09:00:00,122.11689358402624,0.0,42.85748,0.0
2025-03-16 09:30:00,110.76304082688684,0.0,44.1047,0.0
2025-03-16 10:00:00,155.5107229122788,0.0,47.36256,0.0
2025-03-16 10:30:00,131.62242768060594,0.0,49.57748,0.0
2025-03-16 11:00:00,146.80475391481863,0.0,51.21178,0.0
2025-03-16 11:30:00,140.26092366320387,0.0,51.38382,0.0
2025-03-16 12:00:00,144.39076045208898,0.0,51.46981999999999,0.0
2025-03-16 12:30:00,155.19879016154155,0.0,54.10406,0.0
2025-03-16 13:00:00,137.70819236802473,0.0,55.66312,0.0
2025-03-16 13:30:00,159.75734055378524,0.0,58.24360000000001,0.0
2025-03-16 14:00:00,182.92583514592818,0.0,62.64116,0.0
2025-03-16 14:30:00,166.51866568759638,0.0,62.55514000000001,0.0
2025-03-16 15:00:00,143.9878788358777,0.0,57.16838,0.0
2025-03-16 15:30:00,144.56114400896837,0.0,49.9108,0.0
2025-03-16 16:00:00,142.09989212922207,0.0,49.40544,0.0
2025-03-16 16:30:00,131.93207023315685,0.0,44.90036,0.0
2025-03-16 17:00:00,52.57229037730686,0.0,4.19328,3.17184
2025-03-16 17:30:00,45.91404054161877,0.0,0.0,4.73088
2025-03-16 18:00:00,46.28955529287343,0.0,0.0,4.5696
2025-03-16 18:30:00,41.36127977401525,0.0,0.0,5.05344
2025-03-16 19:00:00,42.3500659124622,0.0,0.0,4.8169
2025-03-16 19:30:00,44.857015110638265,0.0,0.0,5.20396
2025-03-16 20:00:00,43.94222301984631,0.0,0.0,4.76314
2025-03-16 20:30:00,46.57111107013887,0.0,0.0,4.36532
2025-03-16 21:00:00,47.57362647939679,0.0,0.0,4.90292
2025-03-16 21:30:00,45.82195320143056,0.0,0.0,4.5911
2025-03-16 22:00:00,43.597080691845775,0.0,0.0,4.06426
2025-03-16 22:30:00,47.49280895219174,0.0,0.0,3.56966
2025-03-16 23:00:00,46.03414305271454,0.0,0.0,3.81696
2025-03-16 23:30:00,45.0043398949611,0.0,0.0,4.38682
2025-03-17 00:00:00,43.6117272727844,0.0,0.0,4.51584
2025-03-17 00:30:00,41.93840463521996,0.0,0.0,5.354499999999999
2025-03-17 01:00:00,40.7511370866161,0.0,0.0,4.8169
2025-03-17 01:30:00,43.68676758648413,0.0,0.0,4.21478
2025-03-17 02:00:00,43.27159237781965,0.0,0.0,3.87072
2025-03-17 02:30:00,42.585506809883825,0.0,0.0,3.5374
2025-03-17 03:00:00,46.38576521744372,0.0,0.0,5.40826
2025-03-17 03:30:00,42.21364957608287,0.0,0.0,5.97812
2025-03-17 04:00:00,46.23046564914281,0.0,0.0,5.56954
2025-03-17 04:30:00,39.13427738891591,0.0,0.0,5.859839999999999
2025-03-17 05:00:00,49.22829338406311,0.0,0.0,5.84908
2025-03-17 05:30:00,42.91722954994994,0.0,0.0,5.88134
2025-03-17 06:00:00,43.588572878822006,0.0,0.0,6.66624
2025-03-17 06:30:00,44.28740455871078,0.0,0.0,6.75226
2025-03-17 07:00:00,57.88349573687831,0.0,0.0,8.09626
2025-03-17 07:30:00,85.74586253812194,0.0,0.75264,3.99974
2025-03-17 08:00:00,118.31912517462337,0.0,8.42956,0.0
2025-03-17 08:30:00,213.05945483841234,0.0,73.55444,0.0
2025-03-17 09:00:00,232.75687244586734,0.0,74.04904,0.0
2025-03-17 09:30:00,247.93280493292735,0.0,76.08116,0.0
2025-03-17 10:00:00,256.95452888907295,0.0,82.7044,0.0
2025-03-17 10:30:00,305.95778426241674,0.0,93.69294,0.0
2025-03-17 11:00:00,292.5522300356662,0.0,91.1017,0.0
2025-03-17 11:30:00,279.43153685796483,0.0,93.12308,0.0
2025-03-17 12:00:00,288.99653221623475,0.0,91.69306,0.0
2025-03-17 12:30:00,249.2575810461422,0.0,92.55324,0.0
2025-03-17 13:00:00,272.7792291094813,0.0,92.21992,0.0
2025-03-17 13:30:00,276.84920010225085,0.0,90.06952,0.0
2025-03-17 14:00:00,299.14423363965307,0.0,89.13408,0.0
2025-03-17 14:30:00,276.9226171633552,0.0,82.81192,0.0
2025-03-17 15:00:00,294.395140486168,0.0,84.72576000000001,0.0
2025-03-17 15:30:00,290.127005408417,0.0,75.33928,0.0
2025-03-17 16:00:00,271.5408950962598,0.0,73.22114,0.0
2025-03-17 16:30:00,272.58313771847895,0.0,71.71586,0.0
2025-03-17 17:00:00,270.505178323672,0.0,69.02784,0.0
2025-03-17 17:30:00,224.0577587080024,0.0,65.31842,0.0
2025-03-17 18:00:00,233.5255548237991,0.0,55.93192,0.0
2025-03-17 18:30:00,191.1156995976948,0.0,54.953480000000006,0.0
2025-03-17 19:00:00,140.66497335058153,0.0,31.29908,0.0
2025-03-17 19:30:00,84.3797425920616,0.0,5.773819999999999,2.6449999999999996
2025-03-17 20:00:00,63.509208624554915,0.0,0.0,4.84916
2025-03-17 20:30:00,61.62916687160704,0.0,0.0,4.77926
2025-03-17 21:00:00,59.78475945619187,0.0,0.0,5.55878
2025-03-17 21:30:00,57.839903964189894,0.0,0.0,5.16096
2025-03-17 22:00:00,51.89413952159028,0.0,0.0,4.94592
2025-03-17 22:30:00,51.57472857235425,0.0,0.0,4.11264
2025-03-17 23:00:00,58.46467909699667,0.0,0.0,3.7201999999999997
2025-03-17 23:30:00,58.09359200322675,0.0,0.0,3.31162
2025-03-18 00:00:00,45.20109777794245,0.0,0.0,5.47276
2025-03-18 00:30:00,48.46571510401488,0.0,0.0,4.35456
2025-03-18 01:00:00,51.344454805656845,0.0,0.0,5.51578
2025-03-18 01:30:00,46.55678854817813,0.0,0.0,5.65556
2025-03-18 02:00:00,49.615493690102255,0.0,0.0,5.04268
2025-03-18 02:30:00,50.537606454093506,0.0,0.0,4.9943
2025-03-18 03:00:00,46.74883787046719,0.0,0.0,4.80614
2025-03-18 03:30:00,45.923739955546615,0.0,0.0,4.38682
2025-03-18 04:00:00,44.23978666379673,0.0,0.0,4.33844
2025-03-18 04:30:00,50.51428231604721,0.0,0.0,3.9244800000000004
2025-03-18 05:00:00,50.26235225497461,0.0,0.0,3.8384599999999995
2025-03-18 05:30:00,51.34969518879605,0.0,0.0,3.40838
2025-03-18 06:00:00,48.10408401543147,0.0,0.01076,3.95674
2025-03-18 06:30:00,46.31158399788882,0.0,0.0,4.60186
2025-03-18 07:00:00,46.533207905383215,0.0,0.0,4.70938
2025-03-18 07:30:00,83.64935085281179,0.0,9.4295,0.01076
2025-03-18 08:00:00,112.53806187828798,0.0,27.71866,0.0
2025-03-18 08:30:00,203.14744773283476,0.0,72.7803,0.0
2025-03-18 09:00:00,236.2551427286617,0.0,85.29564,0.0
2025-03-18 09:30:00,222.54344556855938,0.0,82.5915,0.0
2025-03-18 10:00:00,239.76357634936372,0.0,82.3926,0.0
2025-03-18 10:30:00,281.01118343110204,0.0,75.71022,0.0
2025-03-18 11:00:00,289.6495944683626,0.0,87.28474,0.0
2025-03-18 11:30:00,276.3859626898372,0.0,93.51016,0.0
2025-03-18 12:00:00,268.94043090723915,0.0,94.5316,0.0
2025-03-18 12:30:00,278.15144509097036,0.0,97.11208,0.0
2025-03-18 13:00:00,271.59822949404474,0.0,95.46702,0.0
2025-03-18 13:30:00,292.15464448598186,0.0,95.18746,0.0
2025-03-18 14:00:00,260.0292264500651,0.0,92.63924,0.0
2025-03-18 14:30:00,245.83550086693938,0.0,93.95098,0.0
2025-03-18 15:00:00,254.55370963048765,0.0,83.04846,0.0
2025-03-18 15:30:00,269.8746762796594,0.0,86.83316,0.0
2025-03-18 16:00:00,248.95829255085965,0.0,82.98394,0.0
2025-03-18 16:30:00,279.26798580929625,0.0,83.5968,0.0
2025-03-18 17:00:00,290.55754196957565,0.0,84.57524000000001,0.0
2025-03-18 17:30:00,273.93294318032116,0.0,89.47814,0.0
2025-03-18 18:00:00,233.91977889476223,0.0,83.86562,0.0
2025-03-18 18:30:00,212.84169772422223,0.0,81.41952,0.0
2025-03-18 19:00:00,189.06436497597736,0.0,81.01634,0.0
2025-03-18 19:30:00,177.28330797814846,0.0,65.10336,0.0
2025-03-18 20:00:00,157.29562119724343,0.0,55.20078,0.0
2025-03-18 20:30:00,144.24256264598858,0.0,54.2116,0.0
2025-03-18 21:00:00,162.75518701940663,0.0,56.007180000000005,0.0
2025-03-18 21:30:00,147.34682112242837,0.0,55.297540000000005,0.0
2025-03-18 22:00:00,116.43528523363258,0.0,48.73882,0.0
2025-03-18 22:30:00,66.77162523500095,0.0,21.33734,0.0
2025-03-18 23:00:00,56.29166892331494,0.0,8.66074,0.0
2025-03-18 23:30:00,63.93325783723153,0.0,8.5586,0.0
2025-03-19 00:00:00,46.66809337251466,0.0,0.08602,1.20422
2025-03-19 00:30:00,43.75603114490181,0.0,0.0,3.61268
2025-03-19 01:00:00,42.62084214124282,0.0,0.0,3.79546
2025-03-19 01:30:00,46.881048073809175,0.0,0.0,4.65562
2025-03-19 02:00:00,42.08677556430271,0.0,0.0,5.45126
2025-03-19 02:30:00,44.43965449983038,0.0,0.0,5.677059999999999
2025-03-19 03:00:00,45.23191223332711,0.0,0.0,5.53728
2025-03-19 03:30:00,45.18083695635656,0.0,0.0,4.97818
2025-03-19 04:00:00,46.327094719683025,0.0,0.0,5.1287
2025-03-19 04:30:00,49.740544188613,0.0,0.0,4.76852
2025-03-19 05:00:00,41.43815645814453,0.0,0.0,4.94592
2025-03-19 05:30:00,48.80611667307183,0.0,0.0,4.38682
2025-03-19 06:00:00,40.293083272945225,0.0,0.0,4.5481
2025-03-19 06:30:00,48.226283441236134,0.0,0.0,5.59104
2025-03-19 07:00:00,47.02218912810933,0.0,0.0,5.13946
2025-03-19 07:30:00,72.69084349498362,0.0,1.29024,2.67724
2025-03-19 08:00:00,101.84408430129895,0.0,17.4505,0.0
2025-03-19 08:30:00,213.21735385320244,0.0,68.46874,0.0
2025-03-19 09:00:00,249.48079359523825,0.0,73.93076,0.0
2025-03-19 09:30:00,243.26287744614896,0.0,85.22036,0.0
2025-03-19 10:00:00,242.47696296816824,0.0,83.42478,0.0
2025-03-19 10:30:00,230.42848006998497,0.0,73.24264,0.0
2025-03-19 11:00:00,246.17608379204475,0.0,71.10298,0.0
2025-03-19 11:30:00,232.92064269543724,0.0,72.51686,0.0
2025-03-19 12:00:00,233.61030471521067,0.0,75.97364,0.0
2025-03-19 12:30:00,252.56222035675054,0.0,78.81754,0.0
2025-03-19 13:00:00,232.80613363197645,0.0,77.71546,0.0
2025-03-19 13:30:00,238.7069205950979,0.0,80.89806,0.0
2025-03-19 14:00:00,243.15260724658404,0.0,77.02734,0.0
2025-03-19 14:30:00,241.47371946410482,0.0,76.5865,0.0
2025-03-19 15:00:00,252.80794299389305,0.0,78.9627,0.0
2025-03-19 15:30:00,286.22426773465565,0.0,79.14548,0.0
2025-03-19 16:00:00,258.15361126582036,0.0,74.04904,0.0
2025-03-19 16:30:00,258.0520154853496,0.0,75.7801,0.0
2025-03-19 17:00:00,254.32883125204762,0.0,73.79098,0.0
2025-03-19 17:30:00,250.59227349765942,0.0,69.5977,0.0
2025-03-19 18:00:00,201.91305101311875,0.0,59.63060000000001,0.0
2025-03-19 18:30:00,215.32978768978,0.0,61.673480000000005,0.0
2025-03-19 19:00:00,186.89581228527106,0.0,57.03936,0.0
2025-03-19 19:30:00,120.495297729454,0.0,30.0626,0.0
2025-03-19 20:00:00,106.81466973466436,0.0,2.69876,0.20428
2025-03-19 20:30:00,93.09498697412896,0.0,0.08602,1.17196
2025-03-19 21:00:00,75.18432818293877,0.0,0.01076,2.4192
2025-03-19 21:30:00,67.39077087009018,0.0,0.0,2.4622
2025-03-19 22:00:00,71.17014032577264,0.0,0.0,2.26868
2025-03-19 22:30:00,58.655470453120046,0.0,0.0,5.1502
2025-03-19 23:00:00,61.97739195952673,0.0,0.0,5.19322
2025-03-19 23:30:00,53.87034017909718,0.0,0.0,5.18246
2025-03-20 00:00:00,50.209120324633744,0.0,0.0,2.83852
2025-03-20 00:30:00,49.618397748239154,0.0,0.0,4.5911
2025-03-20 01:00:00,49.2996553016401,0.0,0.0,4.35456
2025-03-20 01:30:00,46.92600177267478,0.0,0.0,4.9943
2025-03-20 02:00:00,46.5423400824952,0.0,0.0,4.98892
2025-03-20 02:30:00,46.87279390894944,0.0,0.0,4.76314
2025-03-20 03:00:00,48.565104786275384,0.0,0.0,4.90292
2025-03-20 03:30:00,47.55988540768927,0.0,0.0,4.075
2025-03-20 04:00:00,48.81233782961832,0.0,0.0,4.51584
2025-03-20 04:30:00,44.9069431410046,0.0,0.0,3.8707200000000004
2025-03-20 05:00:00,51.426155646681465,0.0,0.0,3.8599599999999996
2025-03-20 05:30:00,48.7105588313797,0.0,0.0,3.77396
2025-03-20 06:00:00,44.82974893186703,0.0,0.0,3.97824
2025-03-20 06:30:00,46.538513890955755,0.0,0.0,4.96742
2025-03-20 07:00:00,50.58301648327301,0.0,0.0,4.6126
2025-03-20 07:30:00,59.991326955543286,0.0,1.64506,2.03212
2025-03-20 08:00:00,94.15566155110953,0.0,10.47246,0.0
2025-03-20 08:30:00,205.49802627638314,0.0,76.23168,0.0
2025-03-20 09:00:00,232.86792302936792,0.0,75.07584,0.0
2025-03-20 09:30:00,244.57145428926137,0.0,75.99514,0.0
2025-03-20 10:00:00,229.00104939637532,0.0,74.9952,0.0
2025-03-20 10:30:00,232.00212724481622,0.0,76.03816,0.0
2025-03-20 11:00:00,253.19089029686205,0.0,81.55394,0.0
2025-03-20 11:30:00,256.1343253482122,0.0,87.71482,0.0
2025-03-20 12:00:00,246.93865284392717,0.0,90.68238,0.0
2025-03-20 12:30:00,272.7457744206263,0.0,91.8221,0.0
2025-03-20 13:00:00,256.1205181470074,0.0,85.10208,0.0
2025-03-20 13:30:00,226.2462560133562,0.0,79.88736,0.0
2025-03-20 14:00:00,229.81403692321786,0.0,78.62938,0.0
2025-03-20 14:30:00,244.14961981897292,0.0,81.37652,0.0
2025-03-20 15:00:00,248.26675148274913,0.0,86.01602,0.0
2025-03-20 15:30:00,267.12304695527496,0.0,83.88712,0.0
2025-03-20 16:00:00,265.2434050905986,0.0,85.04834,0.0
2025-03-20 16:30:00,245.1880787774068,0.0,81.52168,0.0
2025-03-20 17:00:00,251.87578726952276,0.0,82.87642,0.0
2025-03-20 17:30:00,252.62817936723886,0.0,82.0055,0.0
2025-03-20 18:00:00,219.33760057254744,0.0,77.80686,0.0
2025-03-20 18:30:00,201.71690558507862,0.0,71.9954,0.0
2025-03-20 19:00:00,198.87842651902326,0.0,70.1568,0.0
2025-03-20 19:30:00,132.58390061263162,0.0,29.64326,0.0215
2025-03-20 20:00:00,91.14935737373278,0.0,0.32256,0.47308
2025-03-20 20:30:00,83.72196875386449,0.0,0.10752000000000002,1.0322
2025-03-20 21:00:00,72.92150000671587,0.0,0.15052,0.73114
2025-03-20 21:30:00,58.426761968522214,0.0,0.35482,0.25804
2025-03-20 22:00:00,44.69786212682441,0.0,0.21504,1.45152
2025-03-20 22:30:00,50.271924357447844,0.0,0.0,3.27936
2025-03-20 23:00:00,49.493193429014795,0.0,0.0,2.82778
2025-03-20 23:30:00,43.41890592901767,0.0,0.0,5.1287
2025-03-21 00:00:00,55.47124933413083,0.0,0.0,5.24698
2025-03-21 00:30:00,55.93669296241887,0.0,0.0,4.84916
2025-03-21 01:00:00,52.00431056199762,0.0,0.0,4.80614
2025-03-21 01:30:00,53.79217201009891,0.0,0.0,4.55348
2025-03-21 02:00:00,55.198463769135905,0.0,0.0,4.32768
2025-03-21 02:30:00,51.922039806090275,0.0,0.0,4.46208
2025-03-21 03:00:00,54.17146478003878,0.0,0.0,4.94592
2025-03-21 03:30:00,50.92937123340177,0.0,0.0,6.7845200000000006
2025-03-21 04:00:00,53.30361986257175,0.0,0.0,6.55872
2025-03-21 04:30:00,49.552683743822506,0.0,0.0,6.3974400000000005
2025-03-21 05:00:00,56.38681528334729,0.0,0.0,5.65556
2025-03-21 05:30:00,53.28644520573944,0.0,0.0,6.24692
2025-03-21 06:00:00,52.57367562734453,0.0,0.0,6.54796
2025-03-21 06:30:00,56.73058585243846,0.0,0.0,6.08564
2025-03-21 07:00:00,77.78719041472127,0.0,0.0,6.04262
2025-03-21 07:30:00,96.88800600354223,0.0,1.91386,1.98912
2025-03-21 08:00:00,136.06401655946573,0.0,12.84864,0.0
2025-03-21 08:30:00,234.2048647312937,0.0,72.02766,0.0
2025-03-21 09:00:00,228.23211760273117,0.0,73.94688,0.0
2025-03-21 09:30:00,234.20214833622666,0.0,76.7693,0.0
2025-03-21 10:00:00,246.8979553226465,0.0,78.1778,0.0
2025-03-21 10:30:00,249.31082914574552,0.0,80.33896,0.0
2025-03-21 11:00:00,286.3197491312873,0.0,79.19386,0.0
2025-03-21 11:30:00,275.2825999787305,0.0,103.85358,0.0
2025-03-21 12:00:00,280.7011636459976,0.0,120.73422,0.0
2025-03-21 12:30:00,289.7930909523711,0.0,162.51652,0.0
2025-03-21 13:00:00,282.77603400658893,0.0,108.06836,0.0
2025-03-21 13:30:00,237.04865104264974,0.0,77.38214,0.0
2025-03-21 14:00:00,236.86706423219715,0.0,76.50048,0.0
2025-03-21 14:30:00,269.2361020905193,0.0,84.91932,0.0
2025-03-21 15:00:00,319.9764246061241,0.0,146.88846,0.0
2025-03-21 15:30:00,277.4447121413194,0.0,158.08668,0.0
2025-03-21 16:00:00,311.0586908447724,0.0,155.2159,0.0
2025-03-21 16:30:00,310.1727091704259,0.0,140.66842,0.0
2025-03-21 17:00:00,289.548725408358,0.0,117.60538,0.0
2025-03-21 17:30:00,247.27958961330395,0.0,75.11886,0.0
2025-03-21 18:00:00,202.86989204936486,0.0,62.64116,0.0
2025-03-21 18:30:00,181.64913437177663,0.0,60.99609999999999,0.0
2025-03-21 19:00:00,174.6501129448805,0.0,48.95386,0.0
2025-03-21 19:30:00,109.34354579126476,0.0,14.031359999999998,3.99974
2025-03-21 20:00:00,63.447229979458946,0.0,0.0,6.60172
2025-03-21 20:30:00,70.7518107694225,0.0,0.0,7.26836
2025-03-21 21:00:00,64.34847869002466,0.0,0.0,8.107
2025-03-21 21:30:00,69.79857420008564,0.0,0.0,8.09626
2025-03-21 22:00:00,80.41767944698796,0.0,0.0,7.053320000000001
2025-03-21 22:30:00,63.54592316488881,0.0,0.0,5.96736
2025-03-21 23:00:00,57.21209195277176,0.0,0.0,4.76852
2025-03-21 23:30:00,63.419812710175954,0.0,0.0,4.11264
2025-03-22 00:00:00,61.15871055960552,0.0,0.0,3.84922
2025-03-22 00:30:00,62.32279664962306,0.0,0.0,4.93516
2025-03-22 01:00:00,56.67307128546169,0.0,0.0,4.22016
2025-03-22 01:30:00,61.71285071151023,0.0,0.0,4.09652
2025-03-22 02:00:00,64.69762636751503,0.0,0.0,4.5696
2025-03-22 02:30:00,59.39955463144405,0.0,0.0,4.73088
2025-03-22 03:00:00,58.37302122301556,0.0,0.0,4.17178
2025-03-22 03:30:00,55.886185480650724,0.0,0.0,2.80628
2025-03-22 04:00:00,53.426334406348616,0.0,0.0,2.51596
2025-03-22 04:30:00,65.94955715406752,0.0,0.0,3.4514
2025-03-22 05:00:00,62.884246750186065,0.0,0.01076,2.40844
2025-03-22 05:30:00,57.66913955822079,0.0,0.0,3.44064
2025-03-22 06:00:00,59.14608084949652,0.0,0.0,3.68794
2025-03-22 06:30:00,58.583078279501244,0.0,0.0,2.30092
2025-03-22 07:00:00,60.064772653570614,0.0,0.19354,2.48372
2025-03-22 07:30:00,62.561359157598076,0.0,4.55348,0.0
2025-03-22 08:00:00,77.00469081450737,0.0,18.5042,0.0
2025-03-22 08:30:00,133.89496923099819,0.0,56.49102,0.0
2025-03-22 09:00:00,139.87666769242125,0.0,56.10394,0.0
2025-03-22 09:30:00,156.5473901517965,0.0,53.73850000000001,0.0
2025-03-22 10:00:00,143.56112250832848,0.0,52.79232,0.0
2025-03-22 10:30:00,157.62128049671122,0.0,53.31918,0.0
2025-03-22 11:00:00,158.87423960073946,0.0,54.10406,0.0
2025-03-22 11:30:00,151.59786254794017,0.0,52.54502,0.0
2025-03-22 12:00:00,152.14021936601694,0.0,54.98574,0.0
2025-03-22 12:30:00,155.13861715981466,0.0,55.3298,0.0
2025-03-22 13:00:00,147.56334780267926,0.0,54.45888,0.0
2025-03-22 13:30:00,163.00308176073352,0.0,55.09326,0.0
2025-03-22 14:00:00,167.42275666652174,0.0,53.74926,0.0
2025-03-22 14:30:00,159.09727811606263,0.0,51.63112,0.0
2025-03-22 15:00:00,135.1623843827642,0.0,54.08256,0.0
2025-03-22 15:30:00,145.68719285427085,0.0,52.74932,0.0
2025-03-22 16:00:00,149.2385797455903,0.0,52.81384,0.0
2025-03-22 16:30:00,149.05890719950267,0.0,50.4914,0.0
2025-03-22 17:00:00,68.23646134282002,0.0,5.04268,1.6558
2025-03-22 17:30:00,57.298759079465924,0.0,0.0,2.25792
2025-03-22 18:00:00,64.72474786299779,0.0,0.0,2.38156
2025-03-22 18:30:00,59.29340356334162,0.0,0.01076,2.25792
2025-03-22 19:00:00,56.4724479605654,0.0,0.0,2.09664
2025-03-22 19:30:00,56.08405545992152,0.0,0.0,2.51596
2025-03-22 20:00:00,62.46059374564238,0.0,0.0,1.89236
2025-03-22 20:30:00,59.4775439555767,0.0,0.01076,2.08588
2025-03-22 21:00:00,60.9958839556251,0.0,0.0,2.4407
2025-03-22 21:30:00,56.59172419085833,0.0,0.0,2.36544
2025-03-22 22:00:00,55.9216064996902,0.0,0.0,2.1289
2025-03-22 22:30:00,67.13431011434236,0.0,0.03226,1.20422
2025-03-22 23:00:00,61.20788261251253,0.0,0.03226,1.22572
2025-03-22 23:30:00,61.00441140800221,0.0,0.15052,0.65588
2025-03-23 00:00:00,42.12857900597639,0.0,0.0,5.58028
2025-03-23 00:30:00,46.203938228056174,0.0,0.0,4.76314
2025-03-23 01:00:00,45.080894864362875,0.0,0.0,5.20934
2025-03-23 01:30:00,48.09681197074276,0.0,0.0,4.37606
2025-03-23 02:00:00,46.191946575718575,0.0,0.0,4.6126
2025-03-23 02:30:00,45.05309147525039,0.0,0.0,4.23092
2025-03-23 03:00:00,44.10686007508972,0.0,0.0,3.88148
2025-03-23 03:30:00,45.154913600937675,0.0,0.0,3.6019199999999993
2025-03-23 04:00:00,47.05364342590885,0.0,0.0,3.0535599999999996
2025-03-23 04:30:00,47.16182127438414,0.0,0.0,2.98906
2025-03-23 05:00:00,46.56214561895537,0.0,0.0,2.83852
2025-03-23 05:30:00,45.88316370390479,0.0,0.01076,2.65574
2025-03-23 06:00:00,47.692003254585444,0.0,0.0,4.70938
2025-03-23 06:30:00,43.84275104312171,0.0,0.0,4.74164
2025-03-23 07:00:00,49.385357517789615,0.0,0.0,5.0857
2025-03-23 07:30:00,45.73544196345946,0.0,0.0,4.68788
2025-03-23 08:00:00,39.972167092226044,0.0,0.0,5.47276
2025-03-23 08:30:00,43.03193766779893,0.0,0.0,5.70932
2025-03-23 09:00:00,43.8817189439631,0.0,0.0,5.902839999999999
2025-03-23 09:30:00,42.63761625148405,0.0,0.0,5.6448
2025-03-23 10:00:00,40.35133859293106,0.0,0.0,6.27916
2025-03-23 10:30:00,41.18311671384997,0.0,0.0,6.440439999999999
2025-03-23 11:00:00,43.730153103361786,0.0,0.0,6.77376
2025-03-23 11:30:00,40.31088912221187,0.0,0.0,6.4942
2025-03-23 12:00:00,40.87236841608111,0.0,0.0,6.44044
2025-03-23 12:30:00,44.827711907429446,0.0,0.0,6.27916
2025-03-23 13:00:00,42.85255158391913,0.0,0.0,6.30068
2025-03-23 13:30:00,42.68232663395393,0.0,0.0,6.19316
2025-03-23 14:00:00,42.489623429168276,0.0,0.0,4.92442
2025-03-23 14:30:00,42.35381719193501,0.0,0.0,4.8169
2025-03-23 15:00:00,45.904390920914985,0.0,0.0,5.2201
2025-03-23 15:30:00,42.99539287371294,0.0,0.0,3.58042
2025-03-23 16:00:00,42.73436959183726,0.0,0.0,3.1610800000000006
2025-03-23 16:30:00,45.449415012525606,0.0,0.0,3.67718
2025-03-23 17:00:00,43.205070533951,0.0,0.0,3.6556799999999994
2025-03-23 17:30:00,42.92981763067154,0.0,0.0,3.5374
2025-03-23 18:00:00,40.42536932500681,0.0,0.0,2.9568
2025-03-23 18:30:00,45.11205591512278,0.0,0.0,3.21484
2025-03-23 19:00:00,44.90682860478986,0.0,0.0,2.78476
2025-03-23 19:30:00,43.152272311327614,0.0,0.0,3.33312
2025-03-23 20:00:00,44.05852420645689,0.0,0.01076,2.9890599999999994
2025-03-23 20:30:00,45.74496013829633,0.0,0.0,3.56966
2025-03-23 21:00:00,47.91408006812745,0.0,0.0,3.34388
2025-03-23 21:30:00,46.673745954755326,0.0,0.0,3.2040999999999995
2025-03-23 22:00:00,49.627816397613714,0.0,0.0,2.90304
2025-03-23 22:30:00,48.62228205704362,0.0,0.0,1.58054
2025-03-23 23:00:00,46.62715245857536,0.0,0.0215,1.301
2025-03-23 23:30:00,47.254049522414775,0.0,0.0,1.45152
2025-03-24 00:00:00,47.56827180992923,0.0,0.0,4.51584
2025-03-24 00:30:00,43.811338174884604,0.0,0.0,5.3545
2025-03-24 01:00:00,44.38414416205841,0.0,0.0,4.8169
2025-03-24 01:30:00,42.278648656154786,0.0,0.0,4.21478
2025-03-24 02:00:00,41.43335386882583,0.0,0.0,3.87072
2025-03-24 02:30:00,41.86325383130105,0.0,0.0,3.5374
2025-03-24 03:00:00,41.412278980666386,0.0,0.0,5.40826
2025-03-24 03:30:00,37.0423956159061,0.0,0.0,5.97812
2025-03-24 04:00:00,41.15984059659494,0.0,0.0,5.56954
2025-03-24 04:30:00,45.91518015938828,0.0,0.0,5.85984
2025-03-24 05:00:00,44.195454289662926,0.0,0.0,5.84908
2025-03-24 05:30:00,42.91011544368814,0.0,0.0,5.881340000000001
2025-03-24 06:00:00,42.93875127323797,0.0,0.0,6.66624
2025-03-24 06:30:00,38.30280942117062,0.0,0.0,6.75226
2025-03-24 07:00:00,60.19690256726939,0.0,0.0,8.09626
2025-03-24 07:30:00,87.63409817169932,0.0,0.75264,3.9997399999999996
2025-03-24 08:00:00,112.69473492425736,0.0,8.42956,0.0
2025-03-24 08:30:00,201.36252768300818,0.0,73.55444,0.0
2025-03-24 09:00:00,236.22264699803577,0.0,74.04904,0.0
2025-03-24 09:30:00,263.1951289035763,0.0,76.08116,0.0
2025-03-24 10:00:00,261.7890847140449,0.0,82.7044,0.0
2025-03-24 10:30:00,265.7494553520834,0.0,93.69294,0.0
2025-03-24 11:00:00,316.0800211124303,0.0,91.10169999999998,0.0
2025-03-24 11:30:00,262.8393591201975,0.0,93.12308,0.0
2025-03-24 12:00:00,277.0894244935918,0.0,91.69305999999999,0.0
2025-03-24 12:30:00,263.26986919323,0.0,92.55324,0.0
2025-03-24 13:00:00,266.85931067395563,0.0,92.21992,0.0
2025-03-24 13:30:00,266.7514823356004,0.0,90.06952,0.0
2025-03-24 14:00:00,292.35512519481097,0.0,89.13408000000001,0.0
2025-03-24 14:30:00,291.87608981721024,0.0,82.81192,0.0
2025-03-24 15:00:00,269.09089680996607,0.0,84.72576,0.0
2025-03-24 15:30:00,264.0160083479086,0.0,75.33928,0.0
2025-03-24 16:00:00,284.9980491808605,0.0,73.22114,0.0
2025-03-24 16:30:00,281.47702349912663,0.0,71.71586,0.0
2025-03-24 17:00:00,268.27780678792044,0.0,69.02784,0.0
2025-03-24 17:30:00,232.35906787519357,0.0,65.31842,0.0
2025-03-24 18:00:00,215.69650105790427,0.0,55.93192,0.0
2025-03-24 18:30:00,203.3252065738638,0.0,54.95348,0.0
2025-03-24 19:00:00,137.2185916945941,0.0,31.29908,0.0
2025-03-24 19:30:00,85.7421476383555,0.0,5.773819999999999,2.645
2025-03-24 20:00:00,71.70944913906771,0.0,0.0,4.84916
2025-03-24 20:30:00,63.90434139986759,0.0,0.0,4.77926
2025-03-24 21:00:00,59.993331966708276,0.0,0.0,5.55878
2025-03-24 21:30:00,56.29430904407019,0.0,0.0,5.16096
2025-03-24 22:00:00,51.47347080012673,0.0,0.0,4.94592
2025-03-24 22:30:00,56.570897721897644,0.0,0.0,4.11264
2025-03-24 23:00:00,56.50372468292255,0.0,0.0,3.7202
2025-03-24 23:30:00,55.759041340375475,0.0,0.0,3.31162
2025-03-25 00:00:00,48.94890992274003,0.0,0.0,4.16102
2025-03-25 00:30:00,41.37637099185635,0.0,0.0,5.548040000000001
2025-03-25 01:00:00,40.49663064031925,0.0,0.0,6.26842
2025-03-25 01:30:00,41.18637630138067,0.0,0.0,5.61254
2025-03-25 02:00:00,45.896787683200316,0.0,0.0,5.72006
2025-03-25 02:30:00,44.024478630317375,0.0,0.0,5.48352
2025-03-25 03:00:00,41.58473669974225,0.0,0.07526,5.02118
2025-03-25 03:30:00,41.38879423319008,0.0,0.0,4.63412
2025-03-25 04:00:00,46.157830903752156,0.0,0.0,4.08576
2025-03-25 04:30:00,45.020426799157626,0.0,0.01076,3.31162
2025-03-25 05:00:00,46.37889905611636,0.0,0.0,3.5159
2025-03-25 05:30:00,43.65712913745607,0.0,0.0,3.5051599999999996
2025-03-25 06:00:00,45.36311153162475,0.0,0.0,3.46214
2025-03-25 06:30:00,43.355799526070534,0.0,0.0,4.44596
2025-03-25 07:00:00,45.641059198534144,0.0,0.0,4.47284
2025-03-25 07:30:00,54.91874299943888,0.0,0.43007999999999996,2.80628
2025-03-25 08:00:00,87.76779815522126,0.0,8.95642,0.32256
2025-03-25 08:30:00,210.06581270303172,0.0,66.79144,0.0
2025-03-25 09:00:00,239.6014153795901,0.0,71.5008,0.0
2025-03-25 09:30:00,245.30008103898862,0.0,68.8128,0.0
2025-03-25 10:00:00,251.30251991666825,0.0,67.85588,0.0
2025-03-25 10:30:00,245.01643068427452,0.0,69.03322,0.0
2025-03-25 11:00:00,280.8411475499149,0.0,71.7051,0.0
2025-03-25 11:30:00,275.0331807173472,0.0,70.72666,0.0
2025-03-25 12:00:00,278.3562373396457,0.0,69.67297999999998,0.0
2025-03-25 12:30:00,265.6792268872408,0.0,73.3394,0.0
2025-03-25 13:00:00,245.16959899491678,0.0,80.14542,0.0
2025-03-25 13:30:00,248.12838921610435,0.0,83.38176,0.0
2025-03-25 14:00:00,251.339011880765,0.0,81.10234,0.0
2025-03-25 14:30:00,232.88787575590501,0.0,82.93018,0.0
2025-03-25 15:00:00,239.49466029095584,0.0,89.66094,0.0
2025-03-25 15:30:00,233.84908957573123,0.0,87.50516,0.0
2025-03-25 16:00:00,250.45231762062542,0.0,85.05908,0.0
2025-03-25 16:30:00,250.4481646117792,0.0,83.72584,0.0
2025-03-25 17:00:00,314.46797285690974,0.0,84.61826,0.0
2025-03-25 17:30:00,338.4153698992516,0.0,87.12346,0.0
2025-03-25 18:00:00,303.5840698421717,0.0,82.4571,0.0
2025-03-25 18:30:00,264.74381130130115,0.0,71.56532,0.0
2025-03-25 19:00:00,198.4402455521145,0.0,68.58702,0.0
2025-03-25 19:30:00,107.72273283740532,0.0,30.48192,0.0
2025-03-25 20:00:00,67.94882032832133,0.0,1.31174,1.74182
2025-03-25 20:30:00,58.7181985244073,0.0,0.0,2.48372
2025-03-25 21:00:00,55.55368476941894,0.0,0.01076,1.80634
2025-03-25 21:30:00,47.33335210601726,0.0,0.01076,2.04288
2025-03-25 22:00:00,45.81285522899749,0.0,0.01076,1.40852
2025-03-25 22:30:00,44.438328392398525,0.0,0.0,4.51584
2025-03-25 23:00:00,45.19963387140382,0.0,0.0,4.36532
2025-03-25 23:30:00,46.643726328760536,0.0,0.0,4.3223
2025-03-26 00:00:00,60.6649299736742,0.0,6.23616,0.0
2025-03-26 00:30:00,59.17658516278933,0.0,6.24692,0.0
2025-03-26 01:00:00,63.50895573789185,0.0,6.9673,0.0
2025-03-26 01:30:00,59.54219561777671,0.0,7.19308,0.0
2025-03-26 02:00:00,57.13217347126563,0.0,7.343619999999999,0.0
2025-03-26 02:30:00,62.877742561508654,0.0,7.8167,0.0
2025-03-26 03:00:00,54.70276023326185,0.0,7.7737,0.0
2025-03-26 03:30:00,61.47928965748875,0.0,7.88122,0.0
2025-03-26 04:00:00,58.2518645223332,0.0,7.418880000000001,0.0
2025-03-26 04:30:00,58.3111073865086,0.0,7.32212,0.0
2025-03-26 05:00:00,61.4673859662445,0.0,7.9779800000000005,0.0
2025-03-26 05:30:00,57.46812310547006,0.0,7.42964,0.0
2025-03-26 06:00:00,61.584084107588424,0.0,7.09632,0.0
2025-03-26 06:30:00,60.77210262183519,0.0,6.9888,0.0
2025-03-26 07:00:00,63.344689089206845,0.0,6.30068,0.0
2025-03-26 07:30:00,88.12035762801212,0.0,10.98854,0.0
2025-03-26 08:00:00,109.35107356537154,0.0,18.42894,0.0
2025-03-26 08:30:00,218.3326365859297,0.0,75.66184,0.0
2025-03-26 09:00:00,251.0068145936819,0.0,77.0112,0.0
2025-03-26 09:30:00,256.57366556341293,0.0,76.94132,0.0
2025-03-26 10:00:00,251.14778051943975,0.0,77.23162,0.0
2025-03-26 10:30:00,251.08935711101654,0.0,77.42516,0.0
2025-03-26 11:00:00,256.17773579189225,0.0,89.35988,0.0
2025-03-26 11:30:00,273.6720393638539,0.0,83.5968,0.0
2025-03-26 12:00:00,277.3105613989559,0.0,84.75802,0.0
2025-03-26 12:30:00,272.3352549373642,0.0,90.03726,0.0
2025-03-26 13:00:00,219.81101063115096,0.0,89.9835,0.0
2025-03-26 13:30:00,269.0545873333101,0.0,88.48898,0.0
2025-03-26 14:00:00,271.5968221758864,0.0,87.46216,0.0
2025-03-26 14:30:00,256.15798189833146,0.0,85.02682,0.0
2025-03-26 15:00:00,273.40386913064026,0.0,86.49448,0.0
2025-03-26 15:30:00,275.15142838098024,0.0,85.34938,0.0
2025-03-26 16:00:00,256.754217847453,0.0,83.09146,0.0
2025-03-26 16:30:00,273.01419098866876,0.0,82.58612,0.0
2025-03-26 17:00:00,241.08283267128587,0.0,83.91938,0.0
2025-03-26 17:30:00,251.76616195921096,0.0,82.1453,0.0
2025-03-26 18:00:00,223.83992160775958,0.0,69.67298,0.0
2025-03-26 18:30:00,206.41462615099687,0.0,68.59778,0.0
2025-03-26 19:00:00,181.5933858962079,0.0,51.22254,0.0
2025-03-26 19:30:00,189.21539432829542,0.0,49.835519999999995,0.0
2025-03-26 20:00:00,180.29406945347134,0.0,43.37358,0.0
2025-03-26 20:30:00,169.29470887842373,0.0,38.50292,0.0
2025-03-26 21:00:00,138.0553836466428,0.0,37.40622,0.0
2025-03-26 21:30:00,135.26196143596374,0.0,39.2018,0.0
2025-03-26 22:00:00,139.53749819780657,0.0,40.051199999999994,0.0
2025-03-26 22:30:00,78.2626266778735,0.0,12.08526,0.0
2025-03-26 23:00:00,59.123206911702596,0.0,1.3225,2.87078
2025-03-26 23:30:00,61.97009295247044,0.0,0.0,3.66644
2025-03-27 00:00:00,56.06803897140002,0.0,0.0,3.41914
2025-03-27 00:30:00,51.655033322927125,0.0,0.0,3.21484
2025-03-27 01:00:00,48.51782784258193,0.0,0.0,3.96748
2025-03-27 01:30:00,51.062972400542684,0.0,0.0,4.77926
2025-03-27 02:00:00,45.32558167152849,0.0,0.0,5.46202
2025-03-27 02:30:00,45.854970471684865,0.0,0.0,4.82764
2025-03-27 03:00:00,48.435889106479884,0.0,0.0,4.77926
2025-03-27 03:30:00,49.45320570554405,0.0,0.0,4.10726
2025-03-27 04:00:00,46.620673920744785,0.0,0.0,4.075
2025-03-27 04:30:00,51.327951387600066,0.0,0.0,4.032
2025-03-27 05:00:00,53.187326659409734,0.0,0.0,3.7201999999999997
2025-03-27 05:30:00,48.281782821811106,0.0,0.0,3.5696600000000003
2025-03-27 06:00:00,52.08997390419634,0.0,0.01076,4.38682
2025-03-27 06:30:00,45.002156113244354,0.0,1.17196,4.0535
2025-03-27 07:00:00,69.27570189914327,0.0,6.9458,0.0
2025-03-27 07:30:00,76.03088264055556,0.0,9.17146,0.0
2025-03-27 08:00:00,105.91755154371167,0.0,14.32166,0.0
2025-03-27 08:30:00,179.67200904282856,0.0,58.8027,0.0
2025-03-27 09:00:00,221.5493925213722,0.0,66.67854,0.0
2025-03-27 09:30:00,217.29054214538758,0.0,64.43674,0.0
2025-03-27 10:00:00,231.38258703889358,0.0,65.7915,0.0
2025-03-27 10:30:00,278.27417760946196,0.0,72.57602,0.0
2025-03-27 11:00:00,260.07017589677383,0.0,73.86088,0.0
2025-03-27 11:30:00,295.597367280993,0.0,74.62964,0.0
2025-03-27 12:00:00,263.45338779276466,0.0,78.26918,0.0
2025-03-27 12:30:00,272.3807736485186,0.0,80.18842,0.0
2025-03-27 13:00:00,227.81425445291367,0.0,73.70498,0.0
2025-03-27 13:30:00,230.4896018889136,0.0,69.5977,0.0
2025-03-27 14:00:00,222.9582742550086,0.0,66.89356,0.0
2025-03-27 14:30:00,263.83969135772253,0.0,67.53332,0.0
2025-03-27 15:00:00,239.71612488552333,0.0,67.59784,0.0
2025-03-27 15:30:00,234.75705330808165,0.0,70.81268,0.0
2025-03-27 16:00:00,235.17300505994524,0.0,70.43636,0.0
2025-03-27 16:30:00,225.87895215868133,0.0,66.41512,0.0
2025-03-27 17:00:00,248.53910180946096,0.0,71.7051,0.0
2025-03-27 17:30:00,235.8439524466476,0.0,68.8612,0.0
2025-03-27 18:00:00,183.87990818995135,0.0,45.55622,0.0
2025-03-27 18:30:00,167.9173340837407,0.0,44.50254,0.0
2025-03-27 19:00:00,168.7535037086304,0.0,44.0402,0.0
2025-03-27 19:30:00,146.95631491296115,0.0,44.72832,0.0
2025-03-27 20:00:00,151.20595742385348,0.0,42.72846,0.0
2025-03-27 20:30:00,142.17237161304246,0.0,43.31982,0.0
2025-03-27 21:00:00,133.75709073783037,0.0,42.78222,0.0
2025-03-27 21:30:00,137.0055256055041,0.0,40.47054,0.0
2025-03-27 22:00:00,134.71961669200326,0.0,37.78254,0.0
2025-03-27 22:30:00,79.4329491662317,0.0,12.04224,0.0
2025-03-27 23:00:00,47.30711019204801,0.0,0.65588,4.17178
2025-03-27 23:30:00,51.40097001447932,0.0,0.0,4.77926
2025-03-28 00:00:00,47.288519951731516,0.0,0.0,3.56966
2025-03-28 00:30:00,50.509289813619375,0.0,0.0,3.2901200000000004
2025-03-28 01:00:00,49.417768384467415,0.0,0.0,3.6664400000000006
2025-03-28 01:30:00,48.91238030482419,0.0,0.0,3.60192
2025-03-28 02:00:00,47.888300097163146,0.0,0.0,3.55892
2025-03-28 02:30:00,50.1886969846724,0.0,0.0,2.9138
2025-03-28 03:00:00,50.670217758618676,0.0,0.0,2.60736
2025-03-28 03:30:00,46.84554931455137,0.0,0.0,2.688
2025-03-28 04:00:00,50.211025573906895,0.0,0.0,2.69876
2025-03-28 04:30:00,48.71646717996295,0.0,0.0,2.52672
2025-03-28 05:00:00,51.72371841522507,0.0,0.0,3.1826
2025-03-28 05:30:00,50.80678205606649,0.0,0.01076,2.5536
2025-03-28 06:00:00,47.07509373419193,0.0,0.0,2.40844
2025-03-28 06:30:00,51.649184213515944,0.0,0.0,3.5159
2025-03-28 07:00:00,47.98714811006416,0.0,0.52684,3.1180799999999995
2025-03-28 07:30:00,69.51337218310702,0.0,2.1826599999999994,0.15052
2025-03-28 08:00:00,84.48609207736547,0.0,8.8489,0.0215
2025-03-28 08:30:00,213.13411114127672,0.0,67.5602,0.0
2025-03-28 09:00:00,209.12895849506486,0.0,69.0601,0.0
2025-03-28 09:30:00,192.16406582668756,0.0,58.51240000000001,0.0
2025-03-28 10:00:00,197.1011496662776,0.0,57.40494,0.0
2025-03-28 10:30:00,213.8409772178291,0.0,68.28596,0.0
2025-03-28 11:00:00,221.59449160617484,0.0,74.22106,0.0
2025-03-28 11:30:00,216.4790587261601,0.0,72.31796,0.0
2025-03-28 12:00:00,212.42641523791747,0.0,74.9307,0.0
2025-03-28 12:30:00,221.50773439588446,0.0,73.77486,0.0
2025-03-28 13:00:00,152.47626631186168,0.0,44.24448,0.0
2025-03-28 13:30:00,130.79938384812868,0.0,40.85224,0.0
2025-03-28 14:00:00,122.47519666682422,0.0,38.71258,0.0
2025-03-28 14:30:00,138.77360273898148,0.0,37.76102,0.0
2025-03-28 15:00:00,169.01305984439153,0.0,44.36276,0.0
2025-03-28 15:30:00,188.6902079398435,0.0,53.76,0.0
2025-03-28 16:00:00,201.9452416358235,0.0,55.80288,0.0
2025-03-28 16:30:00,193.26494228791026,0.0,48.68506,0.0
2025-03-28 17:00:00,192.64223716100577,0.0,55.00724,0.0
2025-03-28 17:30:00,204.4014610555115,0.0,52.373,0.0
2025-03-28 18:00:00,179.41326405969025,0.0,47.0615,0.0
2025-03-28 18:30:00,125.90959919055048,0.0,41.58874,0.0
2025-03-28 19:00:00,107.461442015632,0.0,38.89,0.0
2025-03-28 19:30:00,65.86930061937129,0.0,8.16076,0.07526
2025-03-28 20:00:00,54.91819084891734,0.0,0.0,2.21492
2025-03-28 20:30:00,46.29254749943222,0.0,0.01076,3.23636
2025-03-28 21:00:00,46.96864859543274,0.0,0.0,4.661
2025-03-28 21:30:00,44.01651243977177,0.0,0.0,4.47284
2025-03-28 22:00:00,44.17231575384001,0.0,0.0,3.84922
2025-03-28 22:30:00,44.48563559508343,0.0,0.0,3.23636
2025-03-28 23:00:00,45.64197530670616,0.0,0.0,3.1826
2025-03-28 23:30:00,47.112976973127765,0.0,0.0,3.42988
2025-03-29 00:00:00,46.05843910630084,0.0,0.0,4.46208
2025-03-29 00:30:00,51.23011117102311,0.0,0.0,2.76326
2025-03-29 01:00:00,43.46379212212867,0.0,0.0,2.76326
2025-03-29 01:30:00,44.965535621586355,0.0,0.01076,2.62348
2025-03-29 02:00:00,47.33065039328852,0.0,0.0,2.45146
2025-03-29 02:30:00,46.33295825373521,0.0,0.0,2.36544
2025-03-29 03:00:00,48.19826379663772,0.0,0.01076,1.47302
2025-03-29 03:30:00,44.15240336108503,0.0,0.03226,1.29024
2025-03-29 04:00:00,44.478081923925686,0.0,0.0,2.87078
2025-03-29 04:30:00,46.924778726348414,0.0,0.01076,3.4729
2025-03-29 05:00:00,47.217774993856715,0.0,0.0,4.41908
2025-03-29 05:30:00,45.761570881080196,0.0,0.0,4.24704
2025-03-29 06:00:00,45.97455637159454,0.0,0.0,4.10726
2025-03-29 06:30:00,42.68781060809408,0.0,0.0,4.22016
2025-03-29 07:00:00,48.836750529638074,0.0,0.0,4.40832
2025-03-29 07:30:00,45.23140192935704,0.0,0.0,4.8169
2025-03-29 08:00:00,44.36278342161625,0.0,0.0,6.117880000000001
2025-03-29 08:30:00,42.26824721712082,0.0,0.0,6.160899999999999
2025-03-29 09:00:00,42.652006210364405,0.0,0.0,5.20934
2025-03-29 09:30:00,39.653745648173086,0.0,0.0,5.419
2025-03-29 10:00:00,39.26763758347025,0.0,0.0,3.46214
2025-03-29 10:30:00,45.91787544115223,0.0,0.0,3.55892
2025-03-29 11:00:00,43.5594780040013,0.0,0.0,3.96748
2025-03-29 11:30:00,44.99043461745432,0.0,0.0,3.50516
2025-03-29 12:00:00,41.215012812012354,0.0,0.0,3.4298800000000003
2025-03-29 12:30:00,42.2028696110617,0.0,0.0,2.60736
2025-03-29 13:00:00,47.181806568265145,0.0,0.0,2.9675599999999998
2025-03-29 13:30:00,48.02009936554146,0.0,0.0,4.82764
2025-03-29 14:00:00,40.9906749586847,0.0,0.0,5.54804
2025-03-29 14:30:00,46.03733247503181,0.0,0.0,5.26848
2025-03-29 15:00:00,44.65206228837555,0.0,0.0,5.24698
2025-03-29 15:30:00,43.513915571145375,0.0,0.0,5.3545
2025-03-29 16:00:00,47.51082670683397,0.0,0.0,5.52652
2025-03-29 16:30:00,42.14714770247702,0.0,0.0,5.92436
2025-03-29 17:00:00,44.929225389409005,0.0,0.0,5.88134
2025-03-29 17:30:00,44.19506323842073,0.0,0.0,5.569540000000001
2025-03-29 18:00:00,43.57479286336615,0.0,0.0,5.28998
2025-03-29 18:30:00,45.65667332921571,0.0,0.0,4.75238
2025-03-29 19:00:00,44.94648416973662,0.0,0.0,4.40832
2025-03-29 19:30:00,43.54463260367967,0.0,0.01076,4.51584
2025-03-29 20:00:00,48.28882949942856,0.0,0.0,4.18252
2025-03-29 20:30:00,48.78313618915392,0.0,0.0,3.67718
2025-03-29 21:00:00,48.874127032769046,0.0,0.0,3.59116
2025-03-29 21:30:00,36.4945193651227,0.0,0.0,3.50516
2025-03-29 22:00:00,47.355771977058176,0.0,0.0,2.9353
2025-03-29 22:30:00,46.278982972263364,0.0,0.0,4.65562
2025-03-29 23:00:00,43.98887293858065,0.0,0.0,5.88134
2025-03-29 23:30:00,47.01831367550095,0.0,0.0,5.30074
2025-03-30 00:00:00,44.67229438010731,0.0,0.0,4.32768
2025-03-30 00:30:00,47.31224371920627,0.0,0.0,4.90292
2025-03-30 01:00:00,45.97259053659526,0.0,0.0,4.37606
2025-03-30 01:30:00,44.91610366001495,0.0,0.0,3.68794
2025-03-30 02:00:00,39.96497217778465,0.0,0.0,4.23092
2025-03-30 02:30:00,48.936645049028996,0.0,0.0,3.73094
2025-03-30 03:00:00,43.044918627629265,0.0,0.0,3.52666
2025-03-30 03:30:00,48.118744393661785,0.0,0.0,3.1826
2025-03-30 04:00:00,47.19299247198494,0.0,0.0,2.90304
2025-03-30 04:30:00,42.54729978793187,0.0,0.0,3.4406400000000006
2025-03-30 05:00:00,46.77762570278216,0.0,0.0,2.731
2025-03-30 05:30:00,51.1426758396261,0.0,0.01076,2.67724
2025-03-30 06:00:00,49.79836551635919,0.0,0.0,2.65574
2025-03-30 06:30:00,44.89992941257466,0.0,0.0,2.25792
2025-03-30 07:00:00,42.02704471421007,0.0,0.0,3.2041
2025-03-30 07:30:00,45.41059582403477,0.0,0.0,2.4622
2025-03-30 08:00:00,49.51096423169771,0.0,2.9138,1.6235600000000001
2025-03-30 08:30:00,115.33459823446277,0.0,41.56724,0.0
2025-03-30 09:00:00,123.07502262270664,0.0,45.9648,0.0
2025-03-30 09:30:00,108.400507333709,0.0,45.80352,0.0
2025-03-30 10:00:00,123.15258124735654,0.0,46.17984,0.0
2025-03-30 10:30:00,118.75376532248973,0.0,44.80358,0.0
2025-03-30 11:00:00,119.9603221949672,0.0,44.5993,0.0
2025-03-30 11:30:00,121.16127533079461,0.0,44.45952,0.0
2025-03-30 12:00:00,127.63088627614239,0.0,44.58856,0.0
2025-03-30 12:30:00,125.01131610957975,0.0,45.05088,0.0
2025-03-30 13:00:00,115.07895998349407,0.0,44.73908,0.0
2025-03-30 13:30:00,120.39207396733397,0.0,44.76058,0.0
2025-03-30 14:00:00,116.50075858920871,0.0,42.35214,0.0
2025-03-30 14:30:00,107.76216274619753,0.0,40.80384,0.0
2025-03-30 15:00:00,117.97094599527017,0.0,42.35214,0.0
2025-03-30 15:30:00,121.20246534032478,0.0,35.36334,0.0
2025-03-30 16:00:00,82.83522757634107,0.0,25.826299999999996,0.0
2025-03-30 16:30:00,53.016509754242385,0.0,1.8386,1.387
2025-03-30 17:00:00,44.15181610703587,0.0,0.0,3.94598
2025-03-30 17:30:00,44.182882486960246,0.0,0.0,3.89222
2025-03-30 18:00:00,40.858754225411786,0.0,0.0,3.65568
2025-03-30 18:30:00,40.339477588386224,0.0,0.0,4.18252
2025-03-30 19:00:00,40.95091004633444,0.0,0.0,4.47284
2025-03-30 19:30:00,46.767769579191736,0.0,0.0,4.661
2025-03-30 20:00:00,41.95320208768168,0.0,0.0,4.3223
2025-03-30 20:30:00,44.88702602286912,0.0,0.0,3.8707199999999995
2025-03-30 21:00:00,50.722383034859334,0.0,0.0,3.6664400000000006
2025-03-30 21:30:00,43.077315622661295,0.0,0.0,3.52666
2025-03-30 22:00:00,46.791317611564054,0.0,0.0,3.19334
2025-03-30 22:30:00,48.17076014886764,0.0,0.0,3.07508
2025-03-30 23:00:00,47.35093631532864,0.0,0.0,3.5374
2025-03-30 23:30:00,43.023562010337386,0.0,0.0,3.39764
2025-03-31 00:00:00,42.730215348009814,0.0,0.0,4.51584
2025-03-31 00:30:00,40.04906446595315,0.0,0.0,5.354500000000001
2025-03-31 01:00:00,45.2312980710589,0.0,0.0,4.8169
2025-03-31 01:30:00,40.12370774211418,0.0,0.0,4.21478
2025-03-31 02:00:00,42.60486647807657,0.0,0.0,3.87072
2025-03-31 02:30:00,42.09565921932792,0.0,0.0,3.5374
2025-03-31 03:00:00,45.49893241507786,0.0,0.0,5.40826
2025-03-31 03:30:00,41.190059852803856,0.0,0.0,5.97812
2025-03-31 04:00:00,44.32634936867258,0.0,0.0,5.56954
2025-03-31 04:30:00,42.925677304997706,0.0,0.0,5.85984
2025-03-31 05:00:00,45.35561212372657,0.0,0.0,5.84908
2025-03-31 05:30:00,45.592591665047024,0.0,0.0,5.88134
2025-03-31 06:00:00,42.02956084233148,0.0,0.0,6.66624
2025-03-31 06:30:00,38.84850990229099,0.0,0.0,6.75226
2025-03-31 07:00:00,58.671838801232454,0.0,0.0,8.09626
2025-03-31 07:30:00,82.2903915023193,0.0,0.75264,3.99974
2025-03-31 08:00:00,115.00275503978607,0.0,8.42956,0.0
2025-03-31 08:30:00,212.7897935377161,0.0,73.55444,0.0
2025-03-31 09:00:00,254.9752098415413,0.0,74.04904,0.0
2025-03-31 09:30:00,247.54087542474053,0.0,76.08116,0.0
2025-03-31 10:00:00,246.55199392594758,0.0,82.7044,0.0
2025-03-31 10:30:00,279.4802482961363,0.0,93.69294,0.0
2025-03-31 11:00:00,309.8752294892776,0.0,91.1017,0.0
2025-03-31 11:30:00,289.73414929141234,0.0,93.12308,0.0
2025-03-31 12:00:00,295.2008123647651,0.0,91.69306,0.0
2025-03-31 12:30:00,263.2115445036452,0.0,92.55324,0.0
2025-03-31 13:00:00,271.744681722909,0.0,92.21992,0.0
2025-03-31 13:30:00,263.6228296541513,0.0,90.06952,0.0
2025-03-31 14:00:00,285.95503097357255,0.0,89.13408,0.0
2025-03-31 14:30:00,271.79851461928735,0.0,82.81192,0.0
2025-03-31 15:00:00,267.67331810220475,0.0,84.72576,0.0
2025-03-31 15:30:00,272.9983758000992,0.0,75.33928,0.0
2025-03-31 16:00:00,267.286435382497,0.0,73.22113999999999,0.0
2025-03-31 16:30:00,272.03675398221174,0.0,71.71586,0.0
2025-03-31 17:00:00,279.84692958114306,0.0,69.02784,0.0
2025-03-31 17:30:00,211.8585929711967,0.0,65.31842,0.0
2025-03-31 18:00:00,220.67525258304985,0.0,55.93192,0.0
2025-03-31 18:30:00,216.29411557378899,0.0,54.95348,0.0
2025-03-31 19:00:00,137.2079569220561,0.0,31.29908,0.0
2025-03-31 19:30:00,79.23477335249878,0.0,5.77382,2.645
2025-03-31 20:00:00,67.50198381800614,0.0,0.0,4.84916
2025-03-31 20:30:00,60.21861565355508,0.0,0.0,4.77926
2025-03-31 21:00:00,59.94496360055679,0.0,0.0,5.55878
2025-03-31 21:30:00,52.69333436219806,0.0,0.0,5.16096
2025-03-31 22:00:00,48.24759877023673,0.0,0.0,4.94592
2025-03-31 22:30:00,54.07277812055664,0.0,0.0,4.11264
2025-03-31 23:00:00,51.791929468771706,0.0,0.0,3.7202
2025-03-31 23:30:00,56.92323064010153,0.0,0.0,3.31162
2025-04-01 00:00:00,43.903095555667996,0.0,0.0,4.16102
2025-04-01 00:30:00,46.618063646679204,0.0,0.0,5.54804
2025-04-01 01:00:00,43.214849382292236,0.0,0.0,6.268420000000001
2025-04-01 01:30:00,44.15457915919735,0.0,0.0,5.612540000000001
2025-04-01 02:00:00,43.71809374035924,0.0,0.0,5.72006
2025-04-01 02:30:00,47.1096946008542,0.0,0.0,5.48352
2025-04-01 03:00:00,43.95409408519803,0.0,0.07526,5.02118
2025-04-01 03:30:00,42.96289942945527,0.0,0.0,4.63412
2025-04-01 04:00:00,39.8064117411185,0.0,0.0,4.08576
2025-04-01 04:30:00,41.84732682607442,0.0,0.01076,3.31162
2025-04-01 05:00:00,43.133603145455346,0.0,0.0,3.5159
2025-04-01 05:30:00,44.397198810021905,0.0,0.0,3.50516
2025-04-01 06:00:00,43.83800766708446,0.0,0.0,3.46214
2025-04-01 06:30:00,44.30851473705293,0.0,0.0,4.44596
2025-04-01 07:00:00,46.660813457058865,0.0,0.0,4.47284
2025-04-01 07:30:00,53.8130785384858,0.0,0.43008,2.80628
2025-04-01 08:00:00,98.01683480491144,0.0,8.95642,0.32256
2025-04-01 08:30:00,223.29071993256474,0.0,66.79144,0.0
2025-04-01 09:00:00,222.27215167944485,0.0,71.5008,0.0
2025-04-01 09:30:00,241.17052299419313,0.0,68.8128,0.0
2025-04-01 10:00:00,224.30529083259515,0.0,67.85588,0.0
2025-04-01 10:30:00,232.85166178782814,0.0,69.03322,0.0
2025-04-01 11:00:00,257.8570294963733,0.0,71.7051,0.0
2025-04-01 11:30:00,283.6293355824282,0.0,70.72666,0.0
2025-04-01 12:00:00,255.00834007572533,0.0,69.67298,0.0
2025-04-01 12:30:00,242.21063983324075,0.0,73.3394,0.0
2025-04-01 13:00:00,251.96346498193623,0.0,80.14542,0.0
2025-04-01 13:30:00,248.5941954424127,0.0,83.38176,0.0
2025-04-01 14:00:00,236.9831415193139,0.0,81.10234,0.0
2025-04-01 14:30:00,276.8971127647013,0.0,82.93018,0.0
2025-04-01 15:00:00,255.29098925170206,0.0,89.66094,0.0
2025-04-01 15:30:00,256.40096171470685,0.0,87.50516,0.0
2025-04-01 16:00:00,251.5460503710047,0.0,85.05908,0.0
2025-04-01 16:30:00,265.3500040822212,0.0,83.72584,0.0
2025-04-01 17:00:00,281.96346806385606,0.0,84.61826,0.0
2025-04-01 17:30:00,285.2102022851341,0.0,87.12346,0.0
2025-04-01 18:00:00,230.00035903230287,0.0,82.4571,0.0
2025-04-01 18:30:00,206.7269232639068,0.0,71.56532,0.0
2025-04-01 19:00:00,188.84613031361303,0.0,68.58702,0.0
2025-04-01 19:30:00,112.59563012794277,0.0,30.48192,0.0
2025-04-01 20:00:00,71.43830439949332,0.0,1.31174,1.74182
2025-04-01 20:30:00,57.44113105743573,0.0,0.0,2.48372
2025-04-01 21:00:00,59.25442329640838,0.0,0.01076,1.80634
2025-04-01 21:30:00,51.17012067746235,0.0,0.01076,2.04288
2025-04-01 22:00:00,52.62569030023242,0.0,0.01076,1.40852
2025-04-01 22:30:00,46.83808975950063,0.0,0.0,4.51584
2025-04-01 23:00:00,46.242050863576004,0.0,0.0,4.36532
2025-04-01 23:30:00,40.08941048565881,0.0,0.0,4.3223
2025-04-02 00:00:00,56.28343573662772,0.0,6.23616,0.0
2025-04-02 00:30:00,53.85537146611856,0.0,6.24692,0.0
2025-04-02 01:00:00,63.398326614900824,0.0,6.9673,0.0
2025-04-02 01:30:00,54.10736348008406,0.0,7.19308,0.0
2025-04-02 02:00:00,64.42675762921638,0.0,7.34362,0.0
2025-04-02 02:30:00,66.37169071796264,0.0,7.8167,0.0
2025-04-02 03:00:00,60.228131933284416,0.0,7.7737,0.0
2025-04-02 03:30:00,65.81466961854417,0.0,7.88122,0.0
2025-04-02 04:00:00,60.47269738466291,0.0,7.41888,0.0
2025-04-02 04:30:00,65.66795042376052,0.0,7.32212,0.0
2025-04-02 05:00:00,60.70950813425001,0.0,7.977979999999999,0.0
2025-04-02 05:30:00,53.55613275722228,0.0,7.42964,0.0
2025-04-02 06:00:00,60.96764920499376,0.0,7.09632,0.0
2025-04-02 06:30:00,67.05232517370415,0.0,6.9888,0.0
2025-04-02 07:00:00,68.41351597228181,0.0,6.30068,0.0
2025-04-02 07:30:00,82.0283858369982,0.0,10.98854,0.0
2025-04-02 08:00:00,112.15918578974564,0.0,18.42894,0.0
2025-04-02 08:30:00,226.24363542523363,0.0,75.66184,0.0
2025-04-02 09:00:00,237.93271345223357,0.0,77.0112,0.0
2025-04-02 09:30:00,276.54259054820534,0.0,76.94132,0.0
2025-04-02 10:00:00,242.37459129460976,0.0,77.23162,0.0
2025-04-02 10:30:00,272.92541106809034,0.0,77.42516,0.0
2025-04-02 11:00:00,291.9728706864534,0.0,89.35987999999999,0.0
2025-04-02 11:30:00,266.47011008127015,0.0,83.5968,0.0
2025-04-02 12:00:00,262.3383010052688,0.0,84.75802,0.0
2025-04-02 12:30:00,286.6770185724022,0.0,90.03726,0.0
2025-04-02 13:00:00,272.66168832033037,0.0,89.9835,0.0
2025-04-02 13:30:00,267.2874130084297,0.0,88.48898,0.0
2025-04-02 14:00:00,242.90948890353715,0.0,87.46216,0.0
2025-04-02 14:30:00,273.8210821724926,0.0,85.02682,0.0
2025-04-02 15:00:00,269.4029674129353,0.0,86.49448,0.0
2025-04-02 15:30:00,271.08621669075603,0.0,85.34938,0.0
2025-04-02 16:00:00,275.91997453370544,0.0,83.09146,0.0
2025-04-02 16:30:00,256.3273921687432,0.0,82.58612,0.0
2025-04-02 17:00:00,254.6273492744377,0.0,83.91938,0.0
2025-04-02 17:30:00,254.27857552538455,0.0,82.1453,0.0
2025-04-02 18:00:00,224.6536440047443,0.0,69.67298,0.0
2025-04-02 18:30:00,243.41032915148438,0.0,68.59778,0.0
2025-04-02 19:00:00,190.6636007741842,0.0,51.22254,0.0
2025-04-02 19:30:00,172.2627207250138,0.0,49.83552,0.0
2025-04-02 20:00:00,190.6159910642329,0.0,43.37358,0.0
2025-04-02 20:30:00,162.9507411170524,0.0,38.50292,0.0
2025-04-02 21:00:00,154.00212591389047,0.0,37.40622,0.0
2025-04-02 21:30:00,154.38835240439963,0.0,39.2018,0.0
2025-04-02 22:00:00,127.17905808339627,0.0,40.0512,0.0
2025-04-02 22:30:00,78.97194648844864,0.0,12.08526,0.0
2025-04-02 23:00:00,60.03865568023814,0.0,1.3225,2.87078
2025-04-02 23:30:00,58.27001537846564,0.0,0.0,3.66644
2025-04-03 00:00:00,61.799516250404324,0.0,0.0,3.7847
2025-04-03 00:30:00,57.164362893784364,0.0,0.0,3.6449199999999995
2025-04-03 01:00:00,58.292272169509545,0.0,0.0,3.7524399999999996
2025-04-03 01:30:00,57.32859416080813,0.0,0.01076,2.4192
2025-04-03 02:00:00,51.361612104271764,0.0,0.0,2.3762
2025-04-03 02:30:00,57.409896586042144,0.0,0.0,1.72032
2025-04-03 03:00:00,53.83437856642797,0.0,0.0,3.5159
2025-04-03 03:30:00,54.826603601428616,0.0,0.0,3.9244799999999995
2025-04-03 04:00:00,54.3366425701509,0.0,0.0,4.41908
2025-04-03 04:30:00,57.27777603156511,0.0,0.0,4.35456
2025-04-03 05:00:00,51.8687170938196,0.0,0.0,3.8814799999999994
2025-04-03 05:30:00,53.389170366061386,0.0,0.0,3.9244799999999995
2025-04-03 06:00:00,52.24739424464755,0.0,0.0,3.62342
2025-04-03 06:30:00,50.14443182976384,0.0,0.0,5.05344
2025-04-03 07:00:00,60.312609491404345,0.0,0.66124,3.59116
2025-04-03 07:30:00,73.36586308495703,0.0,2.4622,0.32794
2025-04-03 08:00:00,114.54144088577331,0.0,11.74118,0.0
2025-04-03 08:30:00,232.197100692562,0.0,84.44084,0.0
2025-04-03 09:00:00,228.29609146071238,0.0,87.79546,0.0
2025-04-03 09:30:00,260.1637674092538,0.0,82.71514,0.0
2025-04-03 10:00:00,272.57243533698136,0.0,89.1986,0.0
2025-04-03 10:30:00,249.45928776685466,0.0,99.13346,0.0
2025-04-03 11:00:00,281.10051878844047,0.0,99.38074,0.0
2025-04-03 11:30:00,266.2692233389288,0.0,98.026,0.0
2025-04-03 12:00:00,255.8932938353218,0.0,97.37012,0.0
2025-04-03 12:30:00,270.95192706350883,0.0,101.14408,0.0
2025-04-03 13:00:00,261.27690994077585,0.0,102.46658,0.0
2025-04-03 13:30:00,260.6142713694,0.0,100.18714,0.0
2025-04-03 14:00:00,255.39224200391507,0.0,99.06894,0.0
2025-04-03 14:30:00,262.5167157574733,0.0,96.30568,0.0
2025-04-03 15:00:00,237.4686027294516,0.0,95.81108,0.0
2025-04-03 15:30:00,269.39038909995935,0.0,96.4777,0.0
2025-04-03 16:00:00,254.333169430032,0.0,94.87566,0.0
2025-04-03 16:30:00,267.80219570194396,0.0,95.1337,0.0
2025-04-03 17:00:00,256.83876132284564,0.0,92.55324,0.0
2025-04-03 17:30:00,239.5499263841697,0.0,89.37064,0.0
2025-04-03 18:00:00,220.5136592028239,0.0,80.0164,0.0
2025-04-03 18:30:00,191.27712561689526,0.0,79.75834,0.0
2025-04-03 19:00:00,187.88226831013813,0.0,75.39304,0.0
2025-04-03 19:30:00,176.28621855377688,0.0,71.96314,0.0
2025-04-03 20:00:00,186.15718546249545,0.0,71.85562,0.0
2025-04-03 20:30:00,164.2300410941958,0.0,67.02798,0.0
2025-04-03 21:00:00,160.2361782882508,0.0,63.082,0.0
2025-04-03 21:30:00,150.43671273124065,0.0,58.2436,0.0
2025-04-03 22:00:00,163.24768655262426,0.0,56.114700000000006,0.0
2025-04-03 22:30:00,135.93819604630374,0.0,44.66382,0.0
2025-04-03 23:00:00,76.17775602191807,0.0,7.39738,1.91386
2025-04-03 23:30:00,54.58208355527733,0.0,0.0,3.41914
2025-04-04 00:00:00,49.047824421758925,0.0,0.0,5.46202
2025-04-04 00:30:00,46.787500047690166,0.0,0.0,6.63398
2025-04-04 01:00:00,47.97820391340254,0.0,0.0,6.128640000000001
2025-04-04 01:30:00,50.671171738169,0.0,0.0,5.419
2025-04-04 02:00:00,43.450338892816035,0.0,0.0,5.90284
2025-04-04 02:30:00,45.22544931276459,0.0,0.0,5.16096
2025-04-04 03:00:00,40.96697939942313,0.0,0.0,5.0857
2025-04-04 03:30:00,47.64213474556971,0.0,0.0,4.5911
2025-04-04 04:00:00,46.75054012646794,0.0,0.0,4.3223
2025-04-04 04:30:00,46.29650245217007,0.0,0.0,4.12876
2025-04-04 05:00:00,49.31988921114899,0.0,0.01076,3.70944
2025-04-04 05:30:00,44.558097872285174,0.0,0.0,4.10726
2025-04-04 06:00:00,44.564520022218865,0.0,0.0,4.10726
2025-04-04 06:30:00,48.61477902730405,0.0,0.0,5.03194
2025-04-04 07:00:00,54.25062340365748,0.0,0.0,4.77926
2025-04-04 07:30:00,52.201891426288896,0.0,0.41932,3.2901200000000004
2025-04-04 08:00:00,95.40738977169119,0.0,10.752,0.01076
2025-04-04 08:30:00,189.47607640256493,0.0,62.08205999999999,0.0
2025-04-04 09:00:00,225.7396592092673,0.0,62.13582,0.0
2025-04-04 09:30:00,220.58536546882206,0.0,58.56616,0.0
2025-04-04 10:00:00,199.64845806147244,0.0,58.18984,0.0
2025-04-04 10:30:00,223.18633180701823,0.0,58.10381999999999,0.0
2025-04-04 11:00:00,234.43311569037186,0.0,58.31886,0.0
2025-04-04 11:30:00,248.60876739011064,0.0,57.05012,0.0
2025-04-04 12:00:00,252.74271843497803,0.0,57.30816,0.0
2025-04-04 12:30:00,265.4080369541229,0.0,59.61984,0.0
2025-04-04 13:00:00,237.25190198313902,0.0,60.34024,0.0
2025-04-04 13:30:00,220.60276433784045,0.0,60.06068,0.0
2025-04-04 14:00:00,228.98706277755207,0.0,59.91015999999999,0.0
2025-04-04 14:30:00,245.90117244483454,0.0,59.51232,0.0
2025-04-04 15:00:00,239.33411412245715,0.0,60.7488,0.0
2025-04-04 15:30:00,266.6266890243911,0.0,81.90874,0.0
2025-04-04 16:00:00,261.1357091129612,0.0,87.274,0.0
2025-04-04 16:30:00,257.69099792525856,0.0,87.8116,0.0
2025-04-04 17:00:00,253.4375359984555,0.0,86.05902,0.0
2025-04-04 17:30:00,293.3266671036352,0.0,85.93,0.0
2025-04-04 18:00:00,220.30222153338138,0.0,69.36116,0.0
2025-04-04 18:30:00,224.918641442289,0.0,68.02254,0.0
2025-04-04 19:00:00,180.7309624256286,0.0,47.02926,0.0
2025-04-04 19:30:00,153.1396954371163,0.0,39.54586,0.0
2025-04-04 20:00:00,157.25955874402334,0.0,41.87904,0.0
2025-04-04 20:30:00,146.85933792266388,0.0,41.69088,0.0
2025-04-04 21:00:00,139.14365485253978,0.0,40.5458,0.0
2025-04-04 21:30:00,132.8500932289446,0.0,42.50266,0.0
2025-04-04 22:00:00,119.48931467871624,0.0,35.64288,0.0
2025-04-04 22:30:00,81.09462489184499,0.0,7.74144,0.0
2025-04-04 23:00:00,57.84620830417536,0.0,0.8494,4.26854
2025-04-04 23:30:00,51.94421885294007,0.0,0.0,5.01044
2025-04-05 00:00:00,46.81401872901623,0.0,0.0,4.15028
2025-04-05 00:30:00,43.95826160928771,0.0,0.0,4.41908
2025-04-05 01:00:00,48.079202200272825,0.0,0.0,3.96748
2025-04-05 01:30:00,39.62768612891338,0.0,0.0,4.29004
2025-04-05 02:00:00,42.71599552840742,0.0,0.0,4.06426
2025-04-05 02:30:00,48.06468016284977,0.0,0.0,3.84922
2025-04-05 03:00:00,46.63927467084874,0.0,0.0,3.59116
2025-04-05 03:30:00,46.575959493995406,0.0,0.0,2.9783
2025-04-05 04:00:00,46.69639520364099,0.0,0.01076,3.05356
2025-04-05 04:30:00,41.19845192027809,0.0,0.0,2.22028
2025-04-05 05:00:00,46.13898950632423,0.0,0.0,2.84928
2025-04-05 05:30:00,47.28817869321883,0.0,0.0,4.50508
2025-04-05 06:00:00,42.153544850837015,0.0,0.0,5.03194
2025-04-05 06:30:00,49.60687449650076,0.0,0.0,4.96742
2025-04-05 07:00:00,43.87458282332166,0.0,0.0,5.18246
2025-04-05 07:30:00,38.005960567512346,0.0,0.0,6.06412
2025-04-05 08:00:00,54.31426575064964,0.0,6.03188,2.81702
2025-04-05 08:30:00,130.96908368569643,0.0,60.91008,0.0
2025-04-05 09:00:00,150.64248881205157,0.0,64.64102,0.0
2025-04-05 09:30:00,144.75433660599086,0.0,62.5659,0.0
2025-04-05 10:00:00,137.32822576650713,0.0,62.2971,0.0
2025-04-05 10:30:00,151.98227491907235,0.0,61.54446,0.0
2025-04-05 11:00:00,148.9071231566483,0.0,61.200379999999996,0.0
2025-04-05 11:30:00,137.0422484069685,0.0,61.21114000000001,0.0
2025-04-05 12:00:00,142.92655639722653,0.0,62.38312,0.0
2025-04-05 12:30:00,145.30013893824136,0.0,63.00672,0.0
2025-04-05 13:00:00,139.2702377791729,0.0,62.99598,0.0
2025-04-05 13:30:00,138.1721498996589,0.0,61.5122,0.0
2025-04-05 14:00:00,140.33858559710262,0.0,60.63054,0.0
2025-04-05 14:30:00,132.1782400197288,0.0,60.59828,0.0
2025-04-05 15:00:00,120.02003318012254,0.0,59.48008,0.0
2025-04-05 15:30:00,132.879378118931,0.0,57.60922,0.0
2025-04-05 16:00:00,82.88063085730539,0.0,33.93332,0.0
2025-04-05 16:30:00,71.55204317557472,0.0,23.19206,0.07526
2025-04-05 17:00:00,46.10760304441822,0.0,2.9997999999999996,2.35468
2025-04-05 17:30:00,38.14215108583952,0.0,0.0,2.60198
2025-04-05 18:00:00,42.673534032179234,0.0,0.0,2.04288
2025-04-05 18:30:00,42.46270634738521,0.0,0.17204,0.67738
2025-04-05 19:00:00,40.88638756609011,0.0,0.0,1.60204
2025-04-05 19:30:00,38.25323881013894,0.0,0.01076,3.32236
2025-04-05 20:00:00,40.008643613217025,0.0,0.0,4.6126
2025-04-05 20:30:00,43.32267779141935,0.0,0.0,4.16102
2025-04-05 21:00:00,42.46221420831262,0.0,0.0,4.11264
2025-04-05 21:30:00,43.18414685859609,0.0,0.0,3.93524
2025-04-05 22:00:00,44.674766149743256,0.0,0.0,3.67718
2025-04-05 22:30:00,40.8880325424512,0.0,0.0,5.18246
2025-04-05 23:00:00,38.37419016432647,0.0,0.0,5.61254
2025-04-05 23:30:00,40.54967580427583,0.0,0.0,5.1287
2025-04-06 00:00:00,43.13827009160439,0.0,0.0,5.53728
2025-04-06 00:30:00,43.75680953076924,0.0,0.0,5.200540425531915
2025-04-06 01:00:00,41.00682468670651,0.0,0.0,5.038802978723404
2025-04-06 01:30:00,41.91277066329832,0.0,0.0,5.786867659574468
2025-04-06 02:00:00,43.48243767575575,0.0,0.0,5.371085531914893
2025-04-06 02:30:00,47.50518727981225,0.0,0.0,5.447722127659574
2025-04-06 03:00:00,43.760466727133725,0.0,0.0,5.771543829787234
2025-04-06 03:30:00,45.93256805846514,0.0,0.0,6.475682553191489
2025-04-06 04:00:00,42.840352485924726,0.0,0.0,6.6445012765957445
2025-04-06 04:30:00,39.47073788039019,0.0,0.0,6.785876595744681
2025-04-06 05:00:00,44.208733013194156,0.0,0.0,7.045309787234042
2025-04-06 05:30:00,42.16407293614478,0.0,0.0,6.703527659574468
2025-04-06 06:00:00,43.108071756511784,0.0,0.0,6.404073191489362
2025-04-06 06:30:00,40.2238098362487,0.0,0.0,6.600358297872341
2025-04-06 07:00:00,42.68218322898476,0.0,0.0,6.147400000000001
2025-04-06 07:30:00,45.34597065444449,0.0,0.0,5.8769974468085096
2025-04-06 08:00:00,45.60579273266799,0.0,0.0,5.91657659574468
2025-04-06 08:30:00,47.103352218305105,0.0,0.0,6.055659999999999
2025-04-06 09:00:00,47.61064760373147,0.0,0.0,6.197500425531916
2025-04-06 09:30:00,39.19818200984638,0.0,0.0,6.375028936170214
2025-04-06 10:00:00,40.21772462617857,0.0,0.0,6.857262978723404
2025-04-06 10:30:00,39.395488622843246,0.0,0.0,6.870530212765956
2025-04-06 11:00:00,45.195631236869396,0.0,0.0,6.8048782978723406
2025-04-06 11:30:00,41.96058860444559,0.0,0.0,6.978736170212766
2025-04-06 12:00:00,42.263603937583966,0.0,0.0,7.0787029787234035
2025-04-06 12:30:00,42.74333169441484,0.0,0.0,7.034322553191489
2025-04-06 13:00:00,44.58181999883529,0.0,0.0,6.648170638297872
2025-04-06 13:30:00,48.07493041795874,0.0,0.0,4.823076170212775
2025-04-06 14:00:00,58.03278504014766,0.0,0.00434978723404253,2.8803906382978717
2025-04-06 14:30:00,61.064367855783104,0.0,0.0066391489361702334,3.2848553191489347
2025-04-06 15:00:00,65.38726225516534,0.0,0.0,3.5694323404255326
2025-04-06 15:30:00,64.65045252913062,0.0,0.0,3.30772170212766
2025-04-06 16:00:00,62.3659733882679,0.0,0.0,3.3720089361702126
2025-04-06 16:30:00,55.165676886212154,0.0,0.0,3.793850638297869
2025-04-06 17:00:00,53.30104167968035,0.0,0.0,4.753523829787228
2025-04-06 17:30:00,40.58580647976566,0.0,0.0,5.763295744680853
2025-04-06 18:00:00,40.283650506823314,0.0,0.0,5.436618723404255
2025-04-06 18:30:00,39.68113742737966,0.0,0.0,5.51715659574468
2025-04-06 19:00:00,39.448220376291836,0.0,0.0,5.5462068085106395
2025-04-06 19:30:00,41.91404114834371,0.0,0.0,5.320630638297873
2025-04-06 20:00:00,43.23093023643099,0.0,0.0,5.392465531914893
2025-04-06 20:30:00,41.154482649700626,0.0,0.0,5.533627234042553
2025-04-06 21:00:00,44.590531819089136,0.0,0.0,5.471169787234042
2025-04-06 21:30:00,42.52249870956998,0.0,0.0,5.731728085106384
2025-04-06 22:00:00,49.257924366191475,0.0,0.0,5.247326382978724
2025-04-06 22:30:00,40.57688729054649,0.0,0.0,4.783606382978723
2025-04-06 23:00:00,43.963356102556276,0.0,0.0,4.875223404255319
2025-04-06 23:30:00,44.49221763104642,0.0,0.0,4.5911
2025-04-07 00:00:00,45.65569058551816,0.0,0.0,4.51584
2025-04-07 00:30:00,43.82364240866848,0.0,0.0,5.3545
2025-04-07 01:00:00,44.539828514059515,0.0,0.0,4.8169
2025-04-07 01:30:00,44.36226862760156,0.0,0.0,4.21478
2025-04-07 02:00:00,43.170165662415556,0.0,0.0,3.87072
2025-04-07 02:30:00,44.331961361077695,0.0,0.0,3.5374
2025-04-07 03:00:00,49.299825532624,0.0,0.0,5.40826
2025-04-07 03:30:00,45.850257864271214,0.0,0.0,5.97812
2025-04-07 04:00:00,43.55030447771765,0.0,0.0,5.56954
2025-04-07 04:30:00,42.20111865570333,0.0,0.0,5.85984
2025-04-07 05:00:00,37.911256331965625,0.0,0.0,5.84908
2025-04-07 05:30:00,46.964903494935214,0.0,0.0,5.881339999999999
2025-04-07 06:00:00,44.605380892421984,0.0,0.0,6.66624
2025-04-07 06:30:00,42.09638649942759,0.0,0.0,6.75226
2025-04-07 07:00:00,56.18046290882862,0.0,0.0,8.09626
2025-04-07 07:30:00,79.1215402826184,0.0,0.75264,3.99974
2025-04-07 08:00:00,118.15116932933554,0.0,8.42956,0.0
2025-04-07 08:30:00,224.22142040611055,0.0,73.55444,0.0
2025-04-07 09:00:00,254.40195478153254,0.0,74.04904,0.0
2025-04-07 09:30:00,253.26571324896065,0.0,76.08116,0.0
2025-04-07 10:00:00,276.20074367021687,0.0,82.7044,0.0
2025-04-07 10:30:00,296.97590881257037,0.0,93.69294,0.0
2025-04-07 11:00:00,300.0497846407777,0.0,91.1017,0.0
2025-04-07 11:30:00,255.99571020553566,0.0,93.12308,0.0
2025-04-07 12:00:00,268.29531054697173,0.0,91.69306,0.0
2025-04-07 12:30:00,277.9075033913506,0.0,92.55324,0.0
2025-04-07 13:00:00,302.3891861826892,0.0,92.21992,0.0
2025-04-07 13:30:00,304.38116492634435,0.0,90.06951999999998,0.0
2025-04-07 14:00:00,286.47256987771766,0.0,89.13408,0.0
2025-04-07 14:30:00,270.96082703303745,0.0,82.81192,0.0
2025-04-07 15:00:00,252.3749678475561,0.0,84.72576,0.0
2025-04-07 15:30:00,295.6985172763497,0.0,75.33928,0.0
2025-04-07 16:00:00,275.9359050454228,0.0,73.22114,0.0
2025-04-07 16:30:00,321.22761200584466,0.0,71.71586,0.0
2025-04-07 17:00:00,260.24833639656424,0.0,69.02784,0.0
2025-04-07 17:30:00,258.24440105566015,0.0,65.31842,0.0
2025-04-07 18:00:00,229.40367040306228,0.0,55.93192,0.0
2025-04-07 18:30:00,195.6564900885293,0.0,54.95347999999999,0.0
2025-04-07 19:00:00,142.803701881023,0.0,31.29908,0.0
2025-04-07 19:30:00,86.16725032235007,0.0,5.77382,2.645
2025-04-07 20:00:00,65.03243992183144,0.0,0.0,4.84916
2025-04-07 20:30:00,67.2704625316373,0.0,0.0,4.77926
2025-04-07 21:00:00,63.67430083797119,0.0,0.0,5.55878
2025-04-07 21:30:00,58.35201696174963,0.0,0.0,5.16096
2025-04-07 22:00:00,54.21313554314222,0.0,0.0,4.94592
2025-04-07 22:30:00,52.28173950647131,0.0,0.0,4.11264
2025-04-07 23:00:00,56.14132764222897,0.0,0.0,3.7202000000000006
2025-04-07 23:30:00,58.57355399618171,0.0,0.0,3.31162
2025-04-08 00:00:00,45.18487892860829,0.0,0.0,5.58028
2025-04-08 00:30:00,44.781065371514416,0.0,0.0,5.806079999999999
2025-04-08 01:00:00,44.3246332003252,0.0,0.0,5.2201
2025-04-08 01:30:00,40.55766730069347,0.0,0.0,5.419
2025-04-08 02:00:00,48.17852762963492,0.0,0.0,5.18246
2025-04-08 02:30:00,46.6774886382526,0.0,0.0,4.87066
2025-04-08 03:00:00,42.94813036860294,0.0,0.0,5.16096
2025-04-08 03:30:00,47.53884721861374,0.0,0.0,5.03194
2025-04-08 04:00:00,43.07905407881081,0.0,0.0,4.92442
2025-04-08 04:30:00,40.94653880382928,0.0,0.0,4.75238
2025-04-08 05:00:00,47.68199217718923,0.0,0.0,4.8814
2025-04-08 05:30:00,40.97166031362826,0.0,0.0,5.20934
2025-04-08 06:00:00,45.14116418882171,0.0,0.0,4.87066
2025-04-08 06:30:00,43.35974052779275,0.0,0.0,6.04262
2025-04-08 07:00:00,51.01136637002686,0.0,0.0,5.53728
2025-04-08 07:30:00,56.324075735721976,0.0,0.97844,3.79546
2025-04-08 08:00:00,98.37683821479925,0.0,13.81632,0.0215
2025-04-08 08:30:00,199.48527458628178,0.0,63.31854,0.0
2025-04-08 09:00:00,212.07200204166992,0.0,72.12442,0.0
2025-04-08 09:30:00,232.59641469992144,0.0,77.8875,0.0
2025-04-08 10:00:00,213.30485168682566,0.0,76.17256,0.0
2025-04-08 10:30:00,248.24779142980788,0.0,76.32846,0.0
2025-04-08 11:00:00,216.53986878666848,0.0,75.95752,0.0
2025-04-08 11:30:00,247.09769675212303,0.0,77.36064,0.0
2025-04-08 12:00:00,246.14425037127887,0.0,79.86048,0.0
2025-04-08 12:30:00,252.46536434159685,0.0,81.73672,0.0
2025-04-08 13:00:00,260.3096400289925,0.0,85.03758,0.0
2025-04-08 13:30:00,237.75998580541406,0.0,87.5428,0.0
2025-04-08 14:00:00,247.19614606557434,0.0,85.2795,0.0
2025-04-08 14:30:00,247.62669286801713,0.0,81.70446,0.0
2025-04-08 15:00:00,238.4208615822686,0.0,81.95176,0.0
2025-04-08 15:30:00,244.20037502050937,0.0,82.46784,0.0
2025-04-08 16:00:00,264.65599791543553,0.0,83.46778,0.0
2025-04-08 16:30:00,259.811528254169,0.0,80.70452,0.0
2025-04-08 17:00:00,230.70532986394113,0.0,80.29596,0.0
2025-04-08 17:30:00,232.98273355781504,0.0,76.08654,0.0
2025-04-08 18:00:00,204.59281803379906,0.0,59.9209,0.0
2025-04-08 18:30:00,186.37568420276332,0.0,49.84628000000001,0.0
2025-04-08 19:00:00,150.748343960035,0.0,42.45966,0.0
2025-04-08 19:30:00,152.32649362840425,0.0,41.7339,0.0
2025-04-08 20:00:00,139.6934131538503,0.0,42.23924,0.0
2025-04-08 20:30:00,153.81927801691188,0.0,43.43808000000001,0.0
2025-04-08 21:00:00,141.07796709218167,0.0,42.07258,0.0
2025-04-08 21:30:00,127.54156896252088,0.0,39.00826,0.0
2025-04-08 22:00:00,114.55864241391824,0.0,32.73984,0.0
2025-04-08 22:30:00,70.64163854313918,0.0,5.25772,0.61286
2025-04-08 23:00:00,55.522287246317504,0.0,0.0,5.09644
2025-04-08 23:30:00,50.49739323753073,0.0,0.0,5.24698
2025-04-09 00:00:00,59.72972933005467,0.0,6.23616,0.0
2025-04-09 00:30:00,65.42905646484837,0.0,6.24692,0.0
2025-04-09 01:00:00,65.10975142278724,0.0,6.967300000000001,0.0
2025-04-09 01:30:00,61.37818420248823,0.0,7.19308,0.0
2025-04-09 02:00:00,59.43032175546601,0.0,7.34362,0.0
2025-04-09 02:30:00,59.03659207836146,0.0,7.816699999999999,0.0
2025-04-09 03:00:00,66.71992953683733,0.0,7.7737,0.0
2025-04-09 03:30:00,58.678773206929804,0.0,7.88122,0.0
2025-04-09 04:00:00,60.89081695642162,0.0,7.41888,0.0
2025-04-09 04:30:00,61.90318265846254,0.0,7.32212,0.0
2025-04-09 05:00:00,61.15959786535653,0.0,7.97798,0.0
2025-04-09 05:30:00,57.69445298206598,0.0,7.42964,0.0
2025-04-09 06:00:00,58.80996439883506,0.0,7.09632,0.0
2025-04-09 06:30:00,60.088644002606244,0.0,6.9888,0.0
2025-04-09 07:00:00,64.26751665994144,0.0,6.30068,0.0
2025-04-09 07:30:00,89.78740052787526,0.0,10.98854,0.0
2025-04-09 08:00:00,110.2942128119161,0.0,18.42894,0.0
2025-04-09 08:30:00,210.11586536654463,0.0,75.66184,0.0
2025-04-09 09:00:00,240.2335513912718,0.0,77.0112,0.0
2025-04-09 09:30:00,252.60636123695855,0.0,76.94132,0.0
2025-04-09 10:00:00,244.52430149414377,0.0,77.23162,0.0
2025-04-09 10:30:00,271.6190417717844,0.0,77.42516,0.0
2025-04-09 11:00:00,263.38183083164876,0.0,89.35988,0.0
2025-04-09 11:30:00,292.3041018106439,0.0,83.5968,0.0
2025-04-09 12:00:00,267.9063868478684,0.0,84.75802,0.0
2025-04-09 12:30:00,272.1357640158932,0.0,90.03726,0.0
2025-04-09 13:00:00,261.3219528564573,0.0,89.9835,0.0
2025-04-09 13:30:00,246.70772345776402,0.0,88.48898,0.0
2025-04-09 14:00:00,242.5033453025513,0.0,87.46216,0.0
2025-04-09 14:30:00,255.0134417822344,0.0,85.02682,0.0
2025-04-09 15:00:00,273.3917830642811,0.0,86.49448,0.0
2025-04-09 15:30:00,258.8840143171265,0.0,85.34938,0.0
2025-04-09 16:00:00,250.04561396149896,0.0,83.09146,0.0
2025-04-09 16:30:00,249.78734538417555,0.0,82.58612,0.0
2025-04-09 17:00:00,257.3440234901711,0.0,83.91938,0.0
2025-04-09 17:30:00,252.94508541135272,0.0,82.1453,0.0
2025-04-09 18:00:00,228.50957446574708,0.0,69.67298,0.0
2025-04-09 18:30:00,230.812957802316,0.0,68.59778,0.0
2025-04-09 19:00:00,193.73969060286842,0.0,51.22254000000001,0.0
2025-04-09 19:30:00,199.18107622803674,0.0,49.83552,0.0
2025-04-09 20:00:00,158.94624497534815,0.0,43.373580000000004,0.0
2025-04-09 20:30:00,159.42786544076438,0.0,38.50292,0.0
2025-04-09 21:00:00,159.14615045211082,0.0,37.40622,0.0
2025-04-09 21:30:00,144.4039657453388,0.0,39.2018,0.0
2025-04-09 22:00:00,147.1466161058005,0.0,40.0512,0.0
2025-04-09 22:30:00,80.74670685343347,0.0,12.08526,0.0
2025-04-09 23:00:00,66.69113482883661,0.0,1.3225,2.87078
2025-04-09 23:30:00,60.68569818760198,0.0,0.0,3.66644
2025-04-10 00:00:00,55.5193075256856,0.0,0.0,3.41914
2025-04-10 00:30:00,47.921180416297,0.0,0.0,3.2148399999999997
2025-04-10 01:00:00,51.26402281115243,0.0,0.0,3.96748
2025-04-10 01:30:00,50.32058525965475,0.0,0.0,4.77926
2025-04-10 02:00:00,41.899117228854934,0.0,0.0,5.462020000000001
2025-04-10 02:30:00,48.815863026464655,0.0,0.0,4.82764
2025-04-10 03:00:00,50.58277550906289,0.0,0.0,4.77926
2025-04-10 03:30:00,49.78018353582719,0.0,0.0,4.10726
2025-04-10 04:00:00,50.03752490316484,0.0,0.0,4.075
2025-04-10 04:30:00,48.13594152699173,0.0,0.0,4.032
2025-04-10 05:00:00,46.840998501272274,0.0,0.0,3.7202
2025-04-10 05:30:00,50.771163843551435,0.0,0.0,3.56966
2025-04-10 06:00:00,49.55461121524395,0.0,0.01076,4.38682
2025-04-10 06:30:00,53.68101882406746,0.0,1.17196,4.0535
2025-04-10 07:00:00,69.34887369838273,0.0,6.9458,0.0
2025-04-10 07:30:00,81.3279591955786,0.0,9.17146,0.0
2025-04-10 08:00:00,108.58590896352315,0.0,14.32166,0.0
2025-04-10 08:30:00,188.8017400127204,0.0,58.8027,0.0
2025-04-10 09:00:00,210.26460475362646,0.0,66.67854,0.0
2025-04-10 09:30:00,236.36763388172417,0.0,64.43674,0.0
2025-04-10 10:00:00,239.93178340017892,0.0,65.7915,0.0
2025-04-10 10:30:00,266.35546261998496,0.0,72.57602,0.0
2025-04-10 11:00:00,249.7061465160998,0.0,73.86088,0.0
2025-04-10 11:30:00,296.98264143121924,0.0,74.62963999999998,0.0
2025-04-10 12:00:00,283.58037682330183,0.0,78.26918,0.0
2025-04-10 12:30:00,254.67552215173012,0.0,80.18842,0.0
2025-04-10 13:00:00,240.96195511580345,0.0,73.70498,0.0
2025-04-10 13:30:00,251.2186231146721,0.0,69.5977,0.0
2025-04-10 14:00:00,220.68212740312177,0.0,66.89356,0.0
2025-04-10 14:30:00,277.9998460172265,0.0,67.53332,0.0
2025-04-10 15:00:00,234.70440234297556,0.0,67.59784,0.0
2025-04-10 15:30:00,290.20078477219255,0.0,70.81268,0.0
2025-04-10 16:00:00,254.17853030069008,0.0,70.43636,0.0
2025-04-10 16:30:00,261.71597375440945,0.0,66.41512,0.0
2025-04-10 17:00:00,233.16615617371957,0.0,71.7051,0.0
2025-04-10 17:30:00,231.3384238968499,0.0,68.8612,0.0
2025-04-10 18:00:00,197.9663699722149,0.0,45.55622,0.0
2025-04-10 18:30:00,181.8313255152639,0.0,44.50254,0.0
2025-04-10 19:00:00,175.22213474254747,0.0,44.0402,0.0
2025-04-10 19:30:00,154.9069802932087,0.0,44.72832,0.0
2025-04-10 20:00:00,151.33260997618655,0.0,42.72846,0.0
2025-04-10 20:30:00,151.16406847470006,0.0,43.31982000000001,0.0
2025-04-10 21:00:00,133.3772849505688,0.0,42.78222,0.0
2025-04-10 21:30:00,140.86313977649294,0.0,40.47054,0.0
2025-04-10 22:00:00,135.140751796248,0.0,37.78254,0.0
2025-04-10 22:30:00,79.82358247852984,0.0,12.04224,0.0
2025-04-10 23:00:00,51.89096212052395,0.0,0.65588,4.17178
2025-04-10 23:30:00,48.83337259594374,0.0,0.0,4.77926
2025-04-11 00:00:00,59.832423625258976,0.0,0.01076,2.05364
2025-04-11 00:30:00,53.021620073874146,0.0,0.0,2.86004
2025-04-11 01:00:00,53.84830211748907,0.0,0.0,3.2686
2025-04-11 01:30:00,52.81179773599073,0.0,0.0,2.731
2025-04-11 02:00:00,56.80746129464413,0.0,0.0,2.69876
2025-04-11 02:30:00,52.67706717572973,0.0,0.0,3.09658
2025-04-11 03:00:00,53.72589694708283,0.0,0.0,5.04268
2025-04-11 03:30:00,48.0202517253315,0.0,0.0,4.8599
2025-04-11 04:00:00,49.85895078555856,0.0,0.0,4.20404
2025-04-11 04:30:00,54.32316919266617,0.0,0.0,4.40832
2025-04-11 05:00:00,51.11654412895653,0.0,0.0,4.06426
2025-04-11 05:30:00,57.126260029933086,0.0,0.0,3.95674
2025-04-11 06:00:00,50.910323450968775,0.0,0.0,3.94598
2025-04-11 06:30:00,50.449893780924334,0.0,0.0,5.36524
2025-04-11 07:00:00,75.04331205437569,0.0,6.41894,0.95692
2025-04-11 07:30:00,76.5095867333054,0.0,12.48308,0.0
2025-04-11 08:00:00,104.33533443368565,0.0,25.37472,0.0
2025-04-11 08:30:00,206.9462499657179,0.0,77.80148,0.0
2025-04-11 09:00:00,253.98417162030015,0.0,85.973,0.0
2025-04-11 09:30:00,224.30984952901545,0.0,79.16698,0.0
2025-04-11 10:00:00,252.82085760393656,0.0,80.0164,0.0
2025-04-11 10:30:00,249.5126705987535,0.0,79.60782,0.0
2025-04-11 11:00:00,272.74095865706363,0.0,79.96264,0.0
2025-04-11 11:30:00,263.88503167933237,0.0,78.21006,0.0
2025-04-11 12:00:00,252.9496979772762,0.0,80.07554,0.0
2025-04-11 12:30:00,264.16465130920034,0.0,84.8333,0.0
2025-04-11 13:00:00,246.41462713010813,0.0,85.7257,0.0
2025-04-11 13:30:00,229.96232867823116,0.0,83.81186,0.0
2025-04-11 14:00:00,217.15913083575165,0.0,82.31732,0.0
2025-04-11 14:30:00,224.23408713246496,0.0,82.05928,0.0
2025-04-11 15:00:00,239.6148612710584,0.0,80.67228,0.0
2025-04-11 15:30:00,244.5087851739903,0.0,78.50036,0.0
2025-04-11 16:00:00,207.4649114216496,0.0,73.19964,0.0
2025-04-11 16:30:00,230.2917907566809,0.0,72.95234,0.0
2025-04-11 17:00:00,229.98125454186226,0.0,74.26408,0.0
2025-04-11 17:30:00,225.01427437558397,0.0,71.69434,0.0
2025-04-11 18:00:00,204.37242813847072,0.0,65.42592,0.0
2025-04-11 18:30:00,162.5525073707898,0.0,46.44864,0.0
2025-04-11 19:00:00,147.3910644585136,0.0,42.36288,0.0
2025-04-11 19:30:00,139.54024978801561,0.0,38.05134,0.0
2025-04-11 20:00:00,154.0483302279098,0.0,38.1051,0.0
2025-04-11 20:30:00,136.70477543720656,0.0,38.18036,0.0
2025-04-11 21:00:00,139.8510500932488,0.0,36.79336,0.0
2025-04-11 21:30:00,147.96061512907704,0.0,39.19104,0.0
2025-04-11 22:00:00,112.94155308108952,0.0,32.09472,0.0
2025-04-11 22:30:00,70.3213141996101,0.0,7.04256,0.0
2025-04-11 23:00:00,56.43042334399433,0.0,1.45152,3.31162
2025-04-11 23:30:00,48.96613792876705,0.0,0.0,4.73088
2025-04-12 00:00:00,46.40743271447988,0.0,0.0,4.46208
2025-04-12 00:30:00,45.677538183283474,0.0,0.0,2.76326
2025-04-12 01:00:00,47.36965770787001,0.0,0.0,2.76326
2025-04-12 01:30:00,45.20289436431516,0.0,0.01076,2.62348
2025-04-12 02:00:00,52.664559995309546,0.0,0.0,2.45146
2025-04-12 02:30:00,45.56242223307557,0.0,0.0,2.36544
2025-04-12 03:00:00,44.73506481336533,0.0,0.01076,1.47302
2025-04-12 03:30:00,44.685474310367475,0.0,0.03226,1.29024
2025-04-12 04:00:00,49.253664428645216,0.0,0.0,2.87078
2025-04-12 04:30:00,46.35782347172881,0.0,0.01076,3.4729000000000005
2025-04-12 05:00:00,42.189592053994595,0.0,0.0,4.41908
2025-04-12 05:30:00,49.2284462895262,0.0,0.0,4.24704
2025-04-12 06:00:00,45.944658261652094,0.0,0.0,4.10726
2025-04-12 06:30:00,47.36825518123982,0.0,0.0,4.22016
2025-04-12 07:00:00,47.6726485126016,0.0,0.0,4.40832
2025-04-12 07:30:00,46.38468101763843,0.0,0.0,4.8169
2025-04-12 08:00:00,48.052410313610366,0.0,0.0,6.1178799999999995
2025-04-12 08:30:00,39.314349825380035,0.0,0.0,6.1609
2025-04-12 09:00:00,41.52493338169304,0.0,0.0,5.209340000000001
2025-04-12 09:30:00,43.14277300506489,0.0,0.0,5.418999999999999
2025-04-12 10:00:00,49.924671953258716,0.0,0.0,3.46214
2025-04-12 10:30:00,48.01231947705159,0.0,0.0,3.5589200000000005
2025-04-12 11:00:00,47.08276805582338,0.0,0.0,3.96748
2025-04-12 11:30:00,43.59300772945542,0.0,0.0,3.50516
2025-04-12 12:00:00,43.295953588424965,0.0,0.0,3.42988
2025-04-12 12:30:00,43.19018872757818,0.0,0.0,2.60736
2025-04-12 13:00:00,43.88304418559122,0.0,0.0,2.96756
2025-04-12 13:30:00,48.39536690640061,0.0,0.0,4.82764
2025-04-12 14:00:00,42.60063363658866,0.0,0.0,5.54804
2025-04-12 14:30:00,45.15362844085425,0.0,0.0,5.26848
2025-04-12 15:00:00,46.83655614667294,0.0,0.0,5.24698
2025-04-12 15:30:00,40.91581389625512,0.0,0.0,5.3545
2025-04-12 16:00:00,44.445312848707424,0.0,0.0,5.52652
2025-04-12 16:30:00,41.55069688362619,0.0,0.0,5.924359999999999
2025-04-12 17:00:00,42.49142110275718,0.0,0.0,5.88134
2025-04-12 17:30:00,42.913796651678325,0.0,0.0,5.569540000000001
2025-04-12 18:00:00,43.04026727697937,0.0,0.0,5.28998
2025-04-12 18:30:00,44.04654494897917,0.0,0.0,4.75238
2025-04-12 19:00:00,45.6635936472556,0.0,0.0,4.40832
2025-04-12 19:30:00,44.11496073481649,0.0,0.01076,4.51584
2025-04-12 20:00:00,46.90379709319433,0.0,0.0,4.18252
2025-04-12 20:30:00,44.773841422838785,0.0,0.0,3.67718
2025-04-12 21:00:00,48.60028838794546,0.0,0.0,3.59116
2025-04-12 21:30:00,45.70399829281361,0.0,0.0,3.50516
2025-04-12 22:00:00,46.09338967807932,0.0,0.0,2.9353
2025-04-12 22:30:00,44.82742974758554,0.0,0.0,4.65562
2025-04-12 23:00:00,44.37913623879084,0.0,0.0,5.88134
2025-04-12 23:30:00,50.86361840454208,0.0,0.0,5.30074
2025-04-13 00:00:00,44.90248317688143,0.0,0.0,5.58028
2025-04-13 00:30:00,43.56273194510713,0.0,0.0,4.76314
2025-04-13 01:00:00,45.334350642921784,0.0,0.0,5.20934
2025-04-13 01:30:00,41.36819946696138,0.0,0.0,4.37606
2025-04-13 02:00:00,41.72620936767011,0.0,0.0,4.6126
2025-04-13 02:30:00,48.92559832085188,0.0,0.0,4.23092
2025-04-13 03:00:00,46.900041307478816,0.0,0.0,3.88148
2025-04-13 03:30:00,45.21342860430197,0.0,0.0,3.6019200000000002
2025-04-13 04:00:00,44.970891720477574,0.0,0.0,3.0535600000000005
2025-04-13 04:30:00,44.3972999017873,0.0,0.0,2.98906
2025-04-13 05:00:00,47.22951956739011,0.0,0.0,2.83852
2025-04-13 05:30:00,46.18001372916289,0.0,0.01076,2.65574
2025-04-13 06:00:00,49.89119152636781,0.0,0.0,4.70938
2025-04-13 06:30:00,45.82620948991958,0.0,0.0,4.74164
2025-04-13 07:00:00,44.92299691118626,0.0,0.0,5.0857
2025-04-13 07:30:00,41.79214617145094,0.0,0.0,4.68788
2025-04-13 08:00:00,42.40392131774793,0.0,0.0,5.472760000000001
2025-04-13 08:30:00,43.849606217081195,0.0,0.0,5.70932
2025-04-13 09:00:00,42.26703325141666,0.0,0.0,5.90284
2025-04-13 09:30:00,43.164136816470595,0.0,0.0,5.6448
2025-04-13 10:00:00,45.1851437459014,0.0,0.0,6.279160000000001
2025-04-13 10:30:00,47.63753650683908,0.0,0.0,6.44044
2025-04-13 11:00:00,43.717467285933346,0.0,0.0,6.773759999999999
2025-04-13 11:30:00,47.62252639044672,0.0,0.0,6.494199999999999
2025-04-13 12:00:00,46.31749130754541,0.0,0.0,6.440440000000001
2025-04-13 12:30:00,46.91648038802574,0.0,0.0,6.27916
2025-04-13 13:00:00,42.829453261738756,0.0,0.0,6.30068
2025-04-13 13:30:00,44.61296887209664,0.0,0.0,6.19316
2025-04-13 14:00:00,43.963006838616565,0.0,0.0,4.92442
2025-04-13 14:30:00,47.876393822236196,0.0,0.0,4.8169
2025-04-13 15:00:00,47.49925658107985,0.0,0.0,5.2201
2025-04-13 15:30:00,45.95765982450069,0.0,0.0,3.58042
2025-04-13 16:00:00,46.72547639868062,0.0,0.0,3.1610799999999997
2025-04-13 16:30:00,44.25948959862309,0.0,0.0,3.67718
2025-04-13 17:00:00,46.591617158101805,0.0,0.0,3.6556800000000003
2025-04-13 17:30:00,47.66555494307095,0.0,0.0,3.5374
2025-04-13 18:00:00,47.312595006786786,0.0,0.0,2.9568
2025-04-13 18:30:00,45.46134463751791,0.0,0.0,3.21484
2025-04-13 19:00:00,47.22503808152989,0.0,0.0,2.78476
2025-04-13 19:30:00,43.13980943784872,0.0,0.0,3.33312
2025-04-13 20:00:00,47.84100262732962,0.0,0.01076,2.98906
2025-04-13 20:30:00,47.303714594646834,0.0,0.0,3.5696600000000003
2025-04-13 21:00:00,44.52776086851146,0.0,0.0,3.34388
2025-04-13 21:30:00,48.47213987929055,0.0,0.0,3.2041
2025-04-13 22:00:00,43.841705660314034,0.0,0.0,2.90304
2025-04-13 22:30:00,46.85478266874492,0.0,0.0,1.58054
2025-04-13 23:00:00,47.88388758756504,0.0,0.0215,1.301
2025-04-13 23:30:00,44.75932380385418,0.0,0.0,1.4515200000000001
2025-04-14 00:00:00,44.85453772883452,0.0,0.0,3.44064
2025-04-14 00:30:00,39.26983182727913,0.0,0.01076,2.84928
2025-04-14 01:00:00,44.59951181183314,0.0,0.0,2.22028
2025-04-14 01:30:00,48.29441353327152,0.0,0.0,1.8493400000000002
2025-04-14 02:00:00,45.59664674299244,0.0,0.043,1.72032
2025-04-14 02:30:00,44.56714432242655,0.0,0.0,3.79546
2025-04-14 03:00:00,40.36708821283818,0.0,0.0,3.5911600000000004
2025-04-14 03:30:00,43.69508158481185,0.0,0.0,2.76326
2025-04-14 04:00:00,47.98896769895766,0.0,0.0,3.11808
2025-04-14 04:30:00,48.55394094895171,0.0,0.01076,2.24716
2025-04-14 05:00:00,43.67522189592251,0.0,0.0,2.24716
2025-04-14 05:30:00,45.877622402073925,0.0,0.0,2.18266
2025-04-14 06:00:00,47.087871494283235,0.0,0.0,2.03212
2025-04-14 06:30:00,42.30904543118644,0.0,0.0,3.62342
2025-04-14 07:00:00,48.627782440726335,0.0,1.23648,2.53748
2025-04-14 07:30:00,68.02716596280345,0.0,1.32788,0.61286
2025-04-14 08:00:00,89.01233351344959,0.0,6.10714,0.0
2025-04-14 08:30:00,183.61947381579103,0.0,52.9106,0.0
2025-04-14 09:00:00,208.42929824402412,0.0,51.39456,0.0
2025-04-14 09:30:00,193.49826096836284,0.0,52.21172000000001,0.0
2025-04-14 10:00:00,221.26009996253276,0.0,58.91022,0.0
2025-04-14 10:30:00,226.96044126977185,0.0,60.63054,0.0
2025-04-14 11:00:00,230.59622711825764,0.0,56.77056,0.0
2025-04-14 11:30:00,236.14606787214933,0.0,56.45876,0.0
2025-04-14 12:00:00,240.30036175693158,0.0,57.2329,0.0
2025-04-14 12:30:00,222.78148104387782,0.0,60.35098,0.0
2025-04-14 13:00:00,275.07928245032747,0.0,60.630539999999996,0.0
2025-04-14 13:30:00,261.71885010989445,0.0,69.36654,0.0
2025-04-14 14:00:00,228.90378181370798,0.0,68.44186,0.0
2025-04-14 14:30:00,272.47179088676734,0.0,71.61908,0.0
2025-04-14 15:00:00,262.3189000511827,0.0,70.99546,0.0
2025-04-14 15:30:00,261.7374137618575,0.0,70.46862,0.0
2025-04-14 16:00:00,253.31032714014827,0.0,71.67284,0.0
2025-04-14 16:30:00,258.55162692538534,0.0,71.83412,0.0
2025-04-14 17:00:00,244.98475674020943,0.0,76.36072,0.0
2025-04-14 17:30:00,237.34307763314231,0.0,78.12404,0.0
2025-04-14 18:00:00,205.3482426418754,0.0,51.91066000000001,0.0
2025-04-14 18:30:00,175.54954740444998,0.0,46.80346,0.0
2025-04-14 19:00:00,144.30414548305802,0.0,32.1915,0.0
2025-04-14 19:30:00,102.7181730335739,0.0,9.95636,0.05376
2025-04-14 20:00:00,78.68102465119075,0.0,0.15052,0.83866
2025-04-14 20:30:00,64.38796747908903,0.0,0.0215,1.41926
2025-04-14 21:00:00,62.09059278889052,0.0,0.01076,1.47302
2025-04-14 21:30:00,57.40116477775766,0.0,0.10752,0.9676799999999999
2025-04-14 22:00:00,61.26111270146835,0.0,0.05376,1.12896
2025-04-14 22:30:00,56.25957196470661,0.0,0.0215,3.08582
2025-04-14 23:00:00,54.63616812057682,0.0,0.0,3.79546
2025-04-14 23:30:00,53.21245651642751,0.0,0.0,3.34388
2025-04-15 00:00:00,57.46330450141875,0.0,0.0,3.58042
2025-04-15 00:30:00,57.972437797358026,0.0,0.0,3.07508
2025-04-15 01:00:00,54.6241361236926,0.0,0.0,3.09658
2025-04-15 01:30:00,49.91787562025747,0.0,0.0,3.1503400000000004
2025-04-15 02:00:00,51.74713885565467,0.0,0.01076,2.23642
2025-04-15 02:30:00,51.00451640737231,0.0,0.0,2.40844
2025-04-15 03:00:00,56.7043784865556,0.0,0.0,2.51596
2025-04-15 03:30:00,58.391436381925196,0.0,0.0,3.56966
2025-04-15 04:00:00,53.82024687277988,0.0,0.0,3.8922199999999996
2025-04-15 04:30:00,51.689998666168464,0.0,0.0,3.5159
2025-04-15 05:00:00,58.21603291058716,0.0,0.0,3.05356
2025-04-15 05:30:00,51.57084671565476,0.0,0.0,2.9353
2025-04-15 06:00:00,52.85904459327121,0.0,0.0,3.3438800000000004
2025-04-15 06:30:00,56.99232641565761,0.0,0.0,3.46214
2025-04-15 07:00:00,58.42028264092772,0.0,0.12902,4.16102
2025-04-15 07:30:00,79.25807253929685,0.0,1.47302,0.32793999999999995
2025-04-15 08:00:00,100.99601940909223,0.0,7.85972,0.03226
2025-04-15 08:30:00,215.25025782433468,0.0,60.60904000000001,0.0
2025-04-15 09:00:00,245.58595374286259,0.0,68.56552,0.0
2025-04-15 09:30:00,244.39201374538263,0.0,66.36136,0.0
2025-04-15 10:00:00,243.35839406783487,0.0,68.67304,0.0
2025-04-15 10:30:00,235.19476150220865,0.0,68.8128,0.0
2025-04-15 11:00:00,254.77198364487148,0.0,80.73678,0.0
2025-04-15 11:30:00,250.44234664866937,0.0,80.62926,0.0
2025-04-15 12:00:00,249.50305169571197,0.0,80.8013,0.0
2025-04-15 12:30:00,261.7419312995198,0.0,86.1988,0.0
2025-04-15 13:00:00,258.53529901994364,0.0,87.86536,0.0
2025-04-15 13:30:00,246.91143737744142,0.0,86.99982,0.0
2025-04-15 14:00:00,245.7325332997469,0.0,85.19348,0.0
2025-04-15 14:30:00,250.49377431730247,0.0,81.41952,0.0
2025-04-15 15:00:00,246.65380051634622,0.0,77.22088,0.0
2025-04-15 15:30:00,256.8873989032704,0.0,72.0384,0.0
2025-04-15 16:00:00,224.81721956296838,0.0,70.44712,0.0
2025-04-15 16:30:00,268.64004185078267,0.0,72.09218,0.0
2025-04-15 17:00:00,258.5674416788902,0.0,72.90932,0.0
2025-04-15 17:30:00,263.6834416212136,0.0,73.73184,0.0
2025-04-15 18:00:00,228.6547988002747,0.0,62.22183999999999,0.0
2025-04-15 18:30:00,197.77177041260072,0.0,56.80282,0.0
2025-04-15 19:00:00,187.46903562926983,0.0,55.985679999999995,0.0
2025-04-15 19:30:00,171.79230477183393,0.0,55.94266,0.0
2025-04-15 20:00:00,118.39213798714611,0.0,28.10574,0.0
2025-04-15 20:30:00,95.76442547255998,0.0,9.6123,0.0
2025-04-15 21:00:00,69.4649785174872,0.0,0.97844,0.10752
2025-04-15 21:30:00,65.4924683701554,0.0,0.16128,1.74182
2025-04-15 22:00:00,55.049806103289555,0.0,0.0,2.60736
2025-04-15 22:30:00,59.98785644897247,0.0,0.0,3.99974
2025-04-15 23:00:00,59.527074624119415,0.0,0.0,4.06426
2025-04-15 23:30:00,54.331271967613596,0.0,0.0,4.12876
2025-04-16 00:00:00,46.87488435989949,0.0,0.08602,1.20422
2025-04-16 00:30:00,49.08125865177606,0.0,0.0,3.6126799999999997
2025-04-16 01:00:00,43.387175335583564,0.0,0.0,3.79546
2025-04-16 01:30:00,47.216664942064064,0.0,0.0,4.65562
2025-04-16 02:00:00,48.29101423963811,0.0,0.0,5.45126
2025-04-16 02:30:00,41.62637012003346,0.0,0.0,5.67706
2025-04-16 03:00:00,46.24026917694276,0.0,0.0,5.53728
2025-04-16 03:30:00,50.15839047288422,0.0,0.0,4.97818
2025-04-16 04:00:00,47.92439921083714,0.0,0.0,5.1287
2025-04-16 04:30:00,42.56223734701235,0.0,0.0,4.76852
2025-04-16 05:00:00,47.42617520451986,0.0,0.0,4.94592
2025-04-16 05:30:00,45.88267520211253,0.0,0.0,4.38682
2025-04-16 06:00:00,48.59977689262366,0.0,0.0,4.5481
2025-04-16 06:30:00,44.37416313547407,0.0,0.0,5.59104
2025-04-16 07:00:00,53.24696478487531,0.0,0.0,5.13946
2025-04-16 07:30:00,64.28007631139933,0.0,1.29024,2.67724
2025-04-16 08:00:00,105.90188880060687,0.0,17.4505,0.0
2025-04-16 08:30:00,198.39226576497,0.0,68.46874,0.0
2025-04-16 09:00:00,238.55117700937637,0.0,73.93076,0.0
2025-04-16 09:30:00,238.61741912181662,0.0,85.22036,0.0
2025-04-16 10:00:00,257.8881982197135,0.0,83.42478,0.0
2025-04-16 10:30:00,247.31360920771854,0.0,73.24264,0.0
2025-04-16 11:00:00,221.935012790832,0.0,71.10298,0.0
2025-04-16 11:30:00,254.6226768097143,0.0,72.51686,0.0
2025-04-16 12:00:00,246.1259653210951,0.0,75.97364,0.0
2025-04-16 12:30:00,252.75870042738254,0.0,78.81754,0.0
2025-04-16 13:00:00,257.971480500212,0.0,77.71546,0.0
2025-04-16 13:30:00,251.47225872382592,0.0,80.89806,0.0
2025-04-16 14:00:00,260.91790458550315,0.0,77.02734,0.0
2025-04-16 14:30:00,250.60232742908389,0.0,76.5865,0.0
2025-04-16 15:00:00,277.87580268141346,0.0,78.96270000000001,0.0
2025-04-16 15:30:00,272.64974152230343,0.0,79.14548,0.0
2025-04-16 16:00:00,272.62993478736513,0.0,74.04904,0.0
2025-04-16 16:30:00,273.28577046242793,0.0,75.7801,0.0
2025-04-16 17:00:00,277.78363734383765,0.0,73.79098,0.0
2025-04-16 17:30:00,258.79220570286685,0.0,69.5977,0.0
2025-04-16 18:00:00,212.24674780056873,0.0,59.6306,0.0
2025-04-16 18:30:00,208.02903145947596,0.0,61.67347999999999,0.0
2025-04-16 19:00:00,187.65064589588212,0.0,57.03936,0.0
2025-04-16 19:30:00,129.77257994874563,0.0,30.0626,0.0
2025-04-16 20:00:00,94.66728175045391,0.0,2.69876,0.20428
2025-04-16 20:30:00,79.0321995439784,0.0,0.08602,1.17196
2025-04-16 21:00:00,73.65540580325441,0.0,0.01076,2.4192
2025-04-16 21:30:00,80.0093655797387,0.0,0.0,2.4622
2025-04-16 22:00:00,69.37945725457625,0.0,0.0,2.26868
2025-04-16 22:30:00,70.51226883478213,0.0,0.0,5.1502
2025-04-16 23:00:00,60.338480677802124,0.0,0.0,5.19322
2025-04-16 23:30:00,56.093602599588905,0.0,0.0,5.18246
2025-04-17 00:00:00,53.3417815852458,0.0,0.0,3.4729
2025-04-17 00:30:00,50.014220826256384,0.0,0.0,4.735688085106383
2025-04-17 01:00:00,46.66703637460296,0.0,0.0,4.299888936170213
2025-04-17 01:30:00,49.75350184331674,0.0,0.0,4.2340080851063835
2025-04-17 02:00:00,45.54739302973797,0.0,0.0,4.550620425531915
2025-04-17 02:30:00,47.94666051371508,0.0,0.0,3.9558289361702133
2025-04-17 03:00:00,49.98096695524051,0.0,0.0,3.3562263829787233
2025-04-17 03:30:00,50.91769068408101,0.0,0.0,3.251904680851064
2025-04-17 04:00:00,50.892857088332214,0.0,0.0,3.0865029787234044
2025-04-17 04:30:00,48.46788000377483,0.0,0.0,3.3143531914893614
2025-04-17 05:00:00,54.291572847393454,0.0,0.0,3.2745510638297874
2025-04-17 05:30:00,48.093894660522544,0.0,0.008241702127659572,2.818853191489362
2025-04-17 06:00:00,44.26180415050915,0.0,0.002747234042553191,3.1443851063829786
2025-04-17 06:30:00,44.44827490082954,0.0,0.0,3.409761276595745
2025-04-17 07:00:00,50.490029759623226,0.0,0.0,3.5419885106382973
2025-04-17 07:30:00,50.73435936689597,0.0,3.4809055319148903,3.038694042553192
2025-04-17 08:00:00,105.41258310764547,0.0,38.90829191489359,0.9480034042553205
2025-04-17 08:30:00,129.2799667846458,0.0,55.809069787234044,0.0
2025-04-17 09:00:00,128.91445164552877,0.0,54.14845319148937,0.0
2025-04-17 09:30:00,126.90433987314182,0.0,53.60947361702128,0.0
2025-04-17 10:00:00,135.94325600213244,0.0,53.18374085106383,0.0
2025-04-17 10:30:00,134.8794135500874,0.0,54.6144514893617,0.0
2025-04-17 11:00:00,142.68273195587292,0.0,57.93133234042553,0.0
2025-04-17 11:30:00,140.39441132312157,0.0,58.156436170212764,0.0
2025-04-17 12:00:00,131.07808852540109,0.0,56.97257234042553,0.0
2025-04-17 12:30:00,122.08839312429168,0.0,56.307315319148934,0.0
2025-04-17 13:00:00,122.77154746462945,0.0,56.55552,0.0
2025-04-17 13:30:00,159.87923061613913,0.0,58.89579914893616,0.0
2025-04-17 14:00:00,152.265980605037,0.0,59.8422085106383,0.0
2025-04-17 14:30:00,149.60433234442192,0.0,58.707067234042555,0.0
2025-04-17 15:00:00,131.74325064013803,0.0,55.73882297872341,0.0
2025-04-17 15:30:00,135.75783977130376,0.0,55.21723914893616,0.0
2025-04-17 16:00:00,125.07017445846674,0.0,54.00935744680854,0.0
2025-04-17 16:30:00,86.37799940498653,0.0,32.02541191489372,0.2594229787234006
2025-04-17 17:00:00,61.4887093706404,0.0,10.19701957446814,1.9177519148936022
2025-04-17 17:30:00,49.12522028387035,0.0,0.0,4.493650638297875
2025-04-17 18:00:00,48.917727230269854,0.0,0.0,4.232622553191486
2025-04-17 18:30:00,44.008263981603776,0.0,0.0,5.038802978723402
2025-04-17 19:00:00,44.9438355182636,0.0,0.0,5.5567268085106365
2025-04-17 19:30:00,47.89924508810803,0.0,0.0,5.92732
2025-04-17 20:00:00,45.7147412261242,0.0,0.0,5.662875319148938
2025-04-17 20:30:00,48.31234271512816,0.0,0.0013736170212765764,4.909771489361702
2025-04-17 21:00:00,48.830182380770424,0.0,0.009615319148936187,4.475805957446809
2025-04-17 21:30:00,49.68618172452391,0.0,0.0,4.145925106382979
2025-04-17 22:00:00,49.422697807327374,0.0,0.0,4.208260425531916
2025-04-17 22:30:00,46.96346397353455,0.0,0.0,4.114698723404255
2025-04-17 23:00:00,46.111232911978504,0.0,0.0,4.152326808510638
2025-04-17 23:30:00,45.76167934253733,0.0,0.0,3.7524400000000004
2025-04-18 00:00:00,54.3539383903908,0.0,0.0,4.15028
2025-04-18 00:30:00,52.09743261260435,0.0,0.0,5.2201
2025-04-18 01:00:00,50.39184087547782,0.0,0.0,6.30068
2025-04-18 01:30:00,54.63685005575238,0.0,0.0,6.26842
2025-04-18 02:00:00,54.55056272220876,0.0,0.0,6.28992
2025-04-18 02:30:00,50.12590758683346,0.0,0.0,6.12864
2025-04-18 03:00:00,49.856190429358676,0.0,0.0,6.04262
2025-04-18 03:30:00,47.71343857327082,0.0,0.0,6.26842
2025-04-18 04:00:00,49.96897264189896,0.0,0.0,5.48352
2025-04-18 04:30:00,45.76318590048993,0.0,0.0,5.74156
2025-04-18 05:00:00,46.69349429607936,0.0,0.0,5.28998
2025-04-18 05:30:00,45.240893592566785,0.0,0.0,5.73082
2025-04-18 06:00:00,52.97441570578842,0.0,0.0,5.70932
2025-04-18 06:30:00,43.83941739145632,0.0,0.0,6.558719999999999
2025-04-18 07:00:00,60.39040776582942,0.0,0.0,7.6231599999999995
2025-04-18 07:30:00,78.37108408796857,0.0,1.5698,1.6773200000000001
2025-04-18 08:00:00,112.27323836973255,0.0,7.76294,0.0
2025-04-18 08:30:00,202.30777311524733,0.0,77.6187,0.0
2025-04-18 09:00:00,203.6880323021071,0.0,79.08098,0.0
2025-04-18 09:30:00,236.1284047491293,0.0,79.33902,0.0
2025-04-18 10:00:00,259.2688775952247,0.0,84.97306,0.0
2025-04-18 10:30:00,222.49346273212464,0.0,83.29576,0.0
2025-04-18 11:00:00,228.52045479495462,0.0,80.52174,0.0
2025-04-18 11:30:00,223.1107336114122,0.0,80.9572,0.0
2025-04-18 12:00:00,239.60295802652053,0.0,82.3926,0.0
2025-04-18 12:30:00,236.32809012129457,0.0,81.63994,0.0
2025-04-18 13:00:00,220.29440838042404,0.0,78.51112,0.0
2025-04-18 13:30:00,187.70795135618755,0.0,72.51686,0.0
2025-04-18 14:00:00,153.4748636704034,0.0,45.70676,0.0
2025-04-18 14:30:00,162.9421470111886,0.0,44.41652,0.0
2025-04-18 15:00:00,221.3445284284772,0.0,72.6029,0.0
2025-04-18 15:30:00,217.9754497259049,0.0,72.31796,0.0
2025-04-18 16:00:00,217.53365396199106,0.0,67.33978,0.0
2025-04-18 16:30:00,176.02681376104837,0.0,40.2555,0.0
2025-04-18 17:00:00,156.9348194230214,0.0,7.16084,2.78476
2025-04-18 17:30:00,95.9969683643896,0.0,0.0,5.28998
2025-04-18 18:00:00,99.08097737006229,0.0,0.0,4.32768
2025-04-18 18:30:00,89.1600509089472,0.0,0.0,4.51584
2025-04-18 19:00:00,88.64538964487325,0.0,0.0,4.21478
2025-04-18 19:30:00,70.45602457882599,0.0,0.0,4.21478
2025-04-18 20:00:00,63.16340851719359,0.0,0.0,4.7954
2025-04-18 20:30:00,46.45471173281646,0.0,0.0,4.51584
2025-04-18 21:00:00,44.26867187029673,0.0,0.0,5.05344
2025-04-18 21:30:00,46.767498685902694,0.0,0.0,4.64486
2025-04-18 22:00:00,46.50304741696958,0.0,0.0,4.29004
2025-04-18 22:30:00,50.70878825430647,0.0,0.0,3.2470999999999997
2025-04-18 23:00:00,44.93948852756239,0.0,0.0,3.37612
2025-04-18 23:30:00,38.95182626907555,0.0,0.0,6.22542
2025-04-19 00:00:00,47.32716656849076,0.0,0.0,4.46208
2025-04-19 00:30:00,46.53085024185402,0.0,0.0,2.76326
2025-04-19 01:00:00,44.73115011765221,0.0,0.0,2.76326
2025-04-19 01:30:00,49.40859980835296,0.0,0.01076,2.62348
2025-04-19 02:00:00,43.29840451651537,0.0,0.0,2.45146
2025-04-19 02:30:00,43.19528700961479,0.0,0.0,2.36544
2025-04-19 03:00:00,46.93035947581796,0.0,0.01076,1.4730199999999998
2025-04-19 03:30:00,50.17347620290053,0.0,0.03226,1.29024
2025-04-19 04:00:00,45.70863115414201,0.0,0.0,2.87078
2025-04-19 04:30:00,48.310738409170355,0.0,0.01076,3.4729
2025-04-19 05:00:00,45.33971849457886,0.0,0.0,4.41908
2025-04-19 05:30:00,50.273144459301434,0.0,0.0,4.24704
2025-04-19 06:00:00,43.201858603038964,0.0,0.0,4.10726
2025-04-19 06:30:00,47.55756769158397,0.0,0.0,4.22016
2025-04-19 07:00:00,45.08934367134199,0.0,0.0,4.40832
2025-04-19 07:30:00,47.872737880738725,0.0,0.0,4.8169
2025-04-19 08:00:00,41.153935407182544,0.0,0.0,6.11788
2025-04-19 08:30:00,43.07714919393539,0.0,0.0,6.160900000000001
2025-04-19 09:00:00,43.07371144034507,0.0,0.0,5.20934
2025-04-19 09:30:00,41.511625745529095,0.0,0.0,5.419
2025-04-19 10:00:00,41.982029304433865,0.0,0.0,3.46214
2025-04-19 10:30:00,42.7736208896198,0.0,0.0,3.55892
2025-04-19 11:00:00,44.52001695312293,0.0,0.0,3.9674799999999997
2025-04-19 11:30:00,43.67746993453538,0.0,0.0,3.50516
2025-04-19 12:00:00,44.07446612759184,0.0,0.0,3.4298800000000003
2025-04-19 12:30:00,40.8084020993455,0.0,0.0,2.6073600000000003
2025-04-19 13:00:00,44.82566334045117,0.0,0.0,2.9675599999999998
2025-04-19 13:30:00,47.33904866991398,0.0,0.0,4.82764
2025-04-19 14:00:00,44.646861927341725,0.0,0.0,5.54804
2025-04-19 14:30:00,45.209424792910994,0.0,0.0,5.26848
2025-04-19 15:00:00,45.63999829182391,0.0,0.0,5.24698
2025-04-19 15:30:00,42.77962132576629,0.0,0.0,5.3545
2025-04-19 16:00:00,47.929083823799786,0.0,0.0,5.52652
2025-04-19 16:30:00,48.506834299952494,0.0,0.0,5.92436
2025-04-19 17:00:00,43.481683436492666,0.0,0.0,5.881339999999999
2025-04-19 17:30:00,49.936803662425866,0.0,0.0,5.56954
2025-04-19 18:00:00,42.946456336219846,0.0,0.0,5.28998
2025-04-19 18:30:00,40.83072560727651,0.0,0.0,4.75238
2025-04-19 19:00:00,43.56157489992646,0.0,0.0,4.40832
2025-04-19 19:30:00,44.11569744387262,0.0,0.01076,4.51584
2025-04-19 20:00:00,51.373857874713146,0.0,0.0,4.18252
2025-04-19 20:30:00,46.14868359414194,0.0,0.0,3.67718
2025-04-19 21:00:00,44.978477628972335,0.0,0.0,3.59116
2025-04-19 21:30:00,44.10556641694314,0.0,0.0,3.5051599999999996
2025-04-19 22:00:00,49.92818606689103,0.0,0.0,2.9353
2025-04-19 22:30:00,49.01032274381148,0.0,0.0,4.65562
2025-04-19 23:00:00,43.83091468487649,0.0,0.0,5.88134
2025-04-19 23:30:00,42.15072041448589,0.0,0.0,5.30074
2025-04-20 00:00:00,39.160399241400654,0.0,0.0,5.53728
2025-04-20 00:30:00,47.741076465104584,0.0,0.0,5.200540425531915
2025-04-20 01:00:00,44.0469531448477,0.0,0.0,5.038802978723404
2025-04-20 01:30:00,43.799732444200046,0.0,0.0,5.786867659574468
2025-04-20 02:00:00,47.11854477483681,0.0,0.0,5.371085531914893
2025-04-20 02:30:00,45.1820722447635,0.0,0.0,5.447722127659574
2025-04-20 03:00:00,41.7041583423231,0.0,0.0,5.771543829787234
2025-04-20 03:30:00,44.980651268015535,0.0,0.0,6.47568255319149
2025-04-20 04:00:00,47.11807617278811,0.0,0.0,6.6445012765957445
2025-04-20 04:30:00,41.61917822536367,0.0,0.0,6.785876595744682
2025-04-20 05:00:00,47.30125439457817,0.0,0.0,7.045309787234042
2025-04-20 05:30:00,44.43969313817064,0.0,0.0,6.703527659574468
2025-04-20 06:00:00,42.894053560092956,0.0,0.0,6.404073191489361
2025-04-20 06:30:00,40.56280826374283,0.0,0.0,6.600358297872341
2025-04-20 07:00:00,42.05266012538012,0.0,0.0,6.147400000000001
2025-04-20 07:30:00,38.84398248237161,0.0,0.0,5.87699744680851
2025-04-20 08:00:00,42.66896651721231,0.0,0.0,5.916576595744679
2025-04-20 08:30:00,43.06838358181228,0.0,0.0,6.05566
2025-04-20 09:00:00,41.47004343365715,0.0,0.0,6.197500425531915
2025-04-20 09:30:00,45.29754456953849,0.0,0.0,6.375028936170213
2025-04-20 10:00:00,42.30246511728741,0.0,0.0,6.857262978723404
2025-04-20 10:30:00,41.9343870617711,0.0,0.0,6.870530212765957
2025-04-20 11:00:00,43.09867930396919,0.0,0.0,6.8048782978723406
2025-04-20 11:30:00,44.23866518325946,0.0,0.0,6.978736170212766
2025-04-20 12:00:00,43.481857011641594,0.0,0.0,7.078702978723404
2025-04-20 12:30:00,41.69680217294474,0.0,0.0,7.0343225531914895
2025-04-20 13:00:00,44.019877289710514,0.0,0.0,6.648170638297872
2025-04-20 13:30:00,51.800107779997326,0.0,0.0,4.823076170212775
2025-04-20 14:00:00,58.40251023718631,0.0,0.00434978723404253,2.8803906382978717
2025-04-20 14:30:00,60.17959975964835,0.0,0.0066391489361702334,3.2848553191489347
2025-04-20 15:00:00,63.47670718723058,0.0,0.0,3.5694323404255326
2025-04-20 15:30:00,66.58445601368923,0.0,0.0,3.30772170212766
2025-04-20 16:00:00,64.18969569901351,0.0,0.0,3.3720089361702126
2025-04-20 16:30:00,63.895445931549155,0.0,0.0,3.793850638297869
2025-04-20 17:00:00,48.38466479801039,0.0,0.0,4.753523829787228
2025-04-20 17:30:00,40.13693674515453,0.0,0.0,5.763295744680852
2025-04-20 18:00:00,42.198588035583306,0.0,0.0,5.436618723404255
2025-04-20 18:30:00,46.653707914709926,0.0,0.0,5.51715659574468
2025-04-20 19:00:00,42.853764010731716,0.0,0.0,5.5462068085106395
2025-04-20 19:30:00,43.423941981525054,0.0,0.0,5.320630638297873
2025-04-20 20:00:00,47.13152156474263,0.0,0.0,5.392465531914893
2025-04-20 20:30:00,43.17331162152295,0.0,0.0,5.533627234042553
2025-04-20 21:00:00,49.11685921850935,0.0,0.0,5.471169787234042
2025-04-20 21:30:00,41.95240062728726,0.0,0.0,5.7317280851063845
2025-04-20 22:00:00,42.08996285875271,0.0,0.0,5.247326382978724
2025-04-20 22:30:00,43.988127818564244,0.0,0.0,4.783606382978723
2025-04-20 23:00:00,43.06809651512523,0.0,0.0,4.875223404255319
2025-04-20 23:30:00,42.32709866544184,0.0,0.0,4.5911
2025-04-21 00:00:00,45.846123581902276,0.0,0.01076,3.0320599999999995
2025-04-21 00:30:00,47.24741699422257,0.0,0.0,4.17178
2025-04-21 01:00:00,50.1603380582354,0.0,0.0,4.0105
2025-04-21 01:30:00,45.82506529555915,0.0,0.0,4.02124
2025-04-21 02:00:00,48.06103439459014,0.0,0.0,3.89222
2025-04-21 02:30:00,48.2843883241692,0.0,0.0,3.7954600000000003
2025-04-21 03:00:00,45.78758503400197,0.0,0.0,3.13958
2025-04-21 03:30:00,50.437429792399485,0.0,0.0,2.5536
2025-04-21 04:00:00,49.18931467674472,0.0,0.0,2.59124
2025-04-21 04:30:00,49.59071092201425,0.0,0.0,4.44058
2025-04-21 05:00:00,47.706348984125434,0.0,0.0,4.55348
2025-04-21 05:30:00,51.67386911145376,0.0,0.0,4.44058
2025-04-21 06:00:00,45.07128408003109,0.0,0.0,4.22016
2025-04-21 06:30:00,50.5913251206059,0.0,0.0,4.58036
2025-04-21 07:00:00,54.11471395645791,0.0,0.0,3.6449199999999995
2025-04-21 07:30:00,66.27830809181023,0.0,0.13978,4.48358
2025-04-21 08:00:00,87.26078433268486,0.0,2.25792,0.15052
2025-04-21 08:30:00,113.27408248568588,0.0,4.76852,0.0
2025-04-21 09:00:00,139.94031070754673,0.0,10.04238,0.0
2025-04-21 09:30:00,123.76464371347782,0.0,9.04244,0.0
2025-04-21 10:00:00,137.84008352373405,0.0,9.30048,0.0
2025-04-21 10:30:00,129.0557507976331,0.0,8.97792,0.0
2025-04-21 11:00:00,148.64501699006686,0.0,10.21978,0.0
2025-04-21 11:30:00,147.06840143766067,0.0,9.9026,0.0
2025-04-21 12:00:00,144.70335975842946,0.0,9.81658,0.0
2025-04-21 12:30:00,167.05462626410926,0.0,11.020800000000001,0.0
2025-04-21 13:00:00,156.0911236283724,0.0,10.709,0.0
2025-04-21 13:30:00,129.0878916079,0.0,15.39686,0.0
2025-04-21 14:00:00,141.23542328757787,0.0,14.62272,0.0
2025-04-21 14:30:00,145.94716642305943,0.0,12.3648,0.0
2025-04-21 15:00:00,136.27185450999968,0.0,10.752,0.0
2025-04-21 15:30:00,143.0615746996596,0.0,12.24654,0.0
2025-04-21 16:00:00,142.47219590856287,0.0,14.2679,0.0
2025-04-21 16:30:00,130.7865098534005,0.0,14.33242,0.0
2025-04-21 17:00:00,132.18330753771048,0.0,14.04212,0.0
2025-04-21 17:30:00,128.32989024182018,0.0,6.9888,0.0
2025-04-21 18:00:00,94.86149593048751,0.0,1.87084,0.043
2025-04-21 18:30:00,81.98804032664857,0.0,1.51604,0.0
2025-04-21 19:00:00,71.06402426425618,0.0,0.2473,0.6558800000000001
2025-04-21 19:30:00,61.6454839291636,0.0,0.01076,2.35468
2025-04-21 20:00:00,63.37025288342749,0.0,0.0,2.52672
2025-04-21 20:30:00,58.346458702676536,0.0,0.0,2.65574
2025-04-21 21:00:00,54.571242654415364,0.0,0.0,2.59124
2025-04-21 21:30:00,43.91419756553941,0.0,0.010760000000000002,2.42996
2025-04-21 22:00:00,45.53743344979725,0.0,0.0,3.11808
2025-04-21 22:30:00,42.839157187998865,0.0,0.0,4.97818
2025-04-21 23:00:00,46.015294022754524,0.0,0.0,4.35456
2025-04-21 23:30:00,41.961651100896745,0.0,0.0,4.51584
2025-04-22 00:00:00,51.7822027409051,0.0,0.0,3.58042
2025-04-22 00:30:00,53.47218453886787,0.0,0.0,3.07508
2025-04-22 01:00:00,53.235672995239675,0.0,0.0,3.09658
2025-04-22 01:30:00,53.63635683226678,0.0,0.0,3.15034
2025-04-22 02:00:00,55.5914275567169,0.0,0.01076,2.23642
2025-04-22 02:30:00,56.0948790800967,0.0,0.0,2.40844
2025-04-22 03:00:00,57.05026776069702,0.0,0.0,2.51596
2025-04-22 03:30:00,54.8825632193141,0.0,0.0,3.56966
2025-04-22 04:00:00,57.864998473539124,0.0,0.0,3.89222
2025-04-22 04:30:00,52.72934788295355,0.0,0.0,3.5159000000000002
2025-04-22 05:00:00,56.94284871431112,0.0,0.0,3.05356
2025-04-22 05:30:00,55.38629676969192,0.0,0.0,2.9353
2025-04-22 06:00:00,51.27466180827956,0.0,0.0,3.34388
2025-04-22 06:30:00,56.207662389838546,0.0,0.0,3.46214
2025-04-22 07:00:00,62.59019784100572,0.0,0.12902,4.16102
2025-04-22 07:30:00,81.72910960247303,0.0,1.47302,0.32794
2025-04-22 08:00:00,106.89563421380917,0.0,7.859719999999999,0.03226
2025-04-22 08:30:00,209.70873779144657,0.0,60.60904,0.0
2025-04-22 09:00:00,223.8704361145057,0.0,68.56552,0.0
2025-04-22 09:30:00,207.22946225034312,0.0,66.36136,0.0
2025-04-22 10:00:00,267.3650645030864,0.0,68.67304,0.0
2025-04-22 10:30:00,238.85903731516984,0.0,68.8128,0.0
2025-04-22 11:00:00,244.2632188897915,0.0,80.73678,0.0
2025-04-22 11:30:00,243.05275115346788,0.0,80.62926,0.0
2025-04-22 12:00:00,246.50174392527657,0.0,80.8013,0.0
2025-04-22 12:30:00,249.22774192109628,0.0,86.1988,0.0
2025-04-22 13:00:00,254.1588443710574,0.0,87.86536,0.0
2025-04-22 13:30:00,240.77257882694968,0.0,86.99982,0.0
2025-04-22 14:00:00,254.60214105581665,0.0,85.19348,0.0
2025-04-22 14:30:00,280.37529142378304,0.0,81.41952,0.0
2025-04-22 15:00:00,262.56918616885946,0.0,77.22088,0.0
2025-04-22 15:30:00,261.3465910920533,0.0,72.0384,0.0
2025-04-22 16:00:00,242.00078096222978,0.0,70.44712,0.0
2025-04-22 16:30:00,250.34059910667685,0.0,72.09218,0.0
2025-04-22 17:00:00,262.3036711010098,0.0,72.90932,0.0
2025-04-22 17:30:00,247.44056225463962,0.0,73.73184,0.0
2025-04-22 18:00:00,215.95821251971356,0.0,62.22184,0.0
2025-04-22 18:30:00,213.7909138419086,0.0,56.80282,0.0
2025-04-22 19:00:00,207.1597570129184,0.0,55.98568,0.0
2025-04-22 19:30:00,181.75219338245847,0.0,55.94266,0.0
2025-04-22 20:00:00,112.70962453785636,0.0,28.10574,0.0
2025-04-22 20:30:00,91.16202004487116,0.0,9.6123,0.0
2025-04-22 21:00:00,66.39687542608883,0.0,0.97844,0.10752
2025-04-22 21:30:00,63.79944294298874,0.0,0.16128,1.74182
2025-04-22 22:00:00,63.24019009104278,0.0,0.0,2.60736
2025-04-22 22:30:00,60.339129012294414,0.0,0.0,3.9997399999999996
2025-04-22 23:00:00,56.924554016377186,0.0,0.0,4.06426
2025-04-22 23:30:00,55.94203478776806,0.0,0.0,4.12876
2025-04-23 00:00:00,55.60118626054342,0.0,0.0,3.37612
2025-04-23 00:30:00,53.08640129497422,0.0,0.0,2.84928
2025-04-23 01:00:00,54.65873815643066,0.0,0.0,3.73094
2025-04-23 01:30:00,58.47165618504149,0.0,0.0,3.17184
2025-04-23 02:00:00,53.53947674922562,0.0,0.0,3.27936
2025-04-23 02:30:00,57.066092137600336,0.0,0.0,2.645
2025-04-23 03:00:00,53.09310645409649,0.0,0.01076,2.23642
2025-04-23 03:30:00,57.007446821753284,0.0,0.0,2.731
2025-04-23 04:00:00,57.078992413063276,0.0,0.0,1.68806
2025-04-23 04:30:00,52.89599710647708,0.0,0.0,2.32244
2025-04-23 05:00:00,55.011998885482654,0.0,0.0,4.70938
2025-04-23 05:30:00,59.60859091186231,0.0,0.0,4.6126
2025-04-23 06:00:00,51.99529994578692,0.0,0.0,4.41908
2025-04-23 06:30:00,51.031902314622464,0.0,0.0,5.10182
2025-04-23 07:00:00,62.06831001201658,0.0,0.65588,2.78476
2025-04-23 07:30:00,85.13292066828605,0.0,3.16108,0.01076
2025-04-23 08:00:00,100.79697669079427,0.0,7.61242,0.0
2025-04-23 08:30:00,197.30069827835615,0.0,55.51258,0.0
2025-04-23 09:00:00,226.06415090844226,0.0,63.006719999999994,0.0
2025-04-23 09:30:00,218.87364118101124,0.0,60.781060000000004,0.0
2025-04-23 10:00:00,226.47307543286897,0.0,57.67374000000001,0.0
2025-04-23 10:30:00,220.0629545223114,0.0,59.232780000000005,0.0
2025-04-23 11:00:00,230.79999714590593,0.0,60.254220000000004,0.0
2025-04-23 11:30:00,210.60825282165476,0.0,61.15738,0.0
2025-04-23 12:00:00,237.4345847544477,0.0,68.26446,0.0
2025-04-23 12:30:00,255.33699471654026,0.0,76.72628,0.0
2025-04-23 13:00:00,241.2608662764921,0.0,75.6242,0.0
2025-04-23 13:30:00,249.77050713105967,0.0,73.81786,0.0
2025-04-23 14:00:00,243.56582916543044,0.0,70.47938,0.0
2025-04-23 14:30:00,248.19458222102995,0.0,69.32352,0.0
2025-04-23 15:00:00,251.94594541571297,0.0,71.3019,0.0
2025-04-23 15:30:00,251.44210238471933,0.0,76.522,0.0
2025-04-23 16:00:00,227.44235934369908,0.0,69.0601,0.0
2025-04-23 16:30:00,246.07925457058107,0.0,71.90938,0.0
2025-04-23 17:00:00,251.35555249197924,0.0,67.6032,0.0
2025-04-23 17:30:00,270.3608037240031,0.0,63.72712,0.0
2025-04-23 18:00:00,209.56588095076015,0.0,49.4807,0.0
2025-04-23 18:30:00,177.02429516235125,0.0,45.9433,0.0
2025-04-23 19:00:00,163.6943258863896,0.0,41.97581999999999,0.0
2025-04-23 19:30:00,169.3716025080662,0.0,37.69652,0.0
2025-04-23 20:00:00,178.41423264271683,0.0,38.82548,0.0
2025-04-23 20:30:00,165.64495552523218,0.0,38.26638,0.0
2025-04-23 21:00:00,163.83338668124708,0.0,38.36314,0.0
2025-04-23 21:30:00,144.33931351710643,0.0,37.80942,0.0
2025-04-23 22:00:00,133.91183082809164,0.0,35.15903999999999,0.0
2025-04-23 22:30:00,67.45955235870959,0.0,6.68774,0.27956
2025-04-23 23:00:00,65.52443116652476,0.0,0.0,3.5374
2025-04-23 23:30:00,54.267672996616604,0.0,0.0,4.39756
2025-04-24 00:00:00,60.207217000122725,0.0,0.0,3.7847
2025-04-24 00:30:00,55.74570281792408,0.0,0.0,3.64492
2025-04-24 01:00:00,58.876624181383676,0.0,0.0,3.75244
2025-04-24 01:30:00,61.298538625345984,0.0,0.01076,2.4192
2025-04-24 02:00:00,54.77785642493077,0.0,0.0,2.3762
2025-04-24 02:30:00,54.57169874335096,0.0,0.0,1.72032
2025-04-24 03:00:00,54.559325745735386,0.0,0.0,3.5159000000000002
2025-04-24 03:30:00,57.87122002795399,0.0,0.0,3.92448
2025-04-24 04:00:00,50.09377213900454,0.0,0.0,4.41908
2025-04-24 04:30:00,55.40920037943122,0.0,0.0,4.35456
2025-04-24 05:00:00,52.331187421400976,0.0,0.0,3.8814800000000003
2025-04-24 05:30:00,54.9602132849325,0.0,0.0,3.92448
2025-04-24 06:00:00,52.792691034283024,0.0,0.0,3.6234199999999994
2025-04-24 06:30:00,50.83281551023154,0.0,0.0,5.05344
2025-04-24 07:00:00,66.89436658014974,0.0,0.66124,3.59116
2025-04-24 07:30:00,68.87343063752024,0.0,2.4621999999999997,0.32794
2025-04-24 08:00:00,113.98222033823085,0.0,11.74118,0.0
2025-04-24 08:30:00,248.31888930163188,0.0,84.44084,0.0
2025-04-24 09:00:00,249.29462895413238,0.0,87.79546,0.0
2025-04-24 09:30:00,228.0893944181197,0.0,82.71514,0.0
2025-04-24 10:00:00,243.60316783709993,0.0,89.1986,0.0
2025-04-24 10:30:00,251.4127702573681,0.0,99.13346,0.0
2025-04-24 11:00:00,266.97930483274826,0.0,99.38074,0.0
2025-04-24 11:30:00,264.9462473461048,0.0,98.026,0.0
2025-04-24 12:00:00,241.51165176522818,0.0,97.37012,0.0
2025-04-24 12:30:00,254.57033348536837,0.0,101.14408,0.0
2025-04-24 13:00:00,250.99925062681922,0.0,102.46658,0.0
2025-04-24 13:30:00,251.40717719092962,0.0,100.18714,0.0
2025-04-24 14:00:00,278.13111932477386,0.0,99.06894,0.0
2025-04-24 14:30:00,254.5626592327737,0.0,96.30568,0.0
2025-04-24 15:00:00,251.32589869362567,0.0,95.81108,0.0
2025-04-24 15:30:00,247.6009879546323,0.0,96.4777,0.0
2025-04-24 16:00:00,267.41115211020923,0.0,94.87566,0.0
2025-04-24 16:30:00,257.24257763180464,0.0,95.1337,0.0
2025-04-24 17:00:00,239.55997226992037,0.0,92.55324,0.0
2025-04-24 17:30:00,239.365484227435,0.0,89.37064,0.0
2025-04-24 18:00:00,201.48107932122207,0.0,80.0164,0.0
2025-04-24 18:30:00,192.13908285317427,0.0,79.75834,0.0
2025-04-24 19:00:00,211.37014597739338,0.0,75.39304,0.0
2025-04-24 19:30:00,182.4012870556315,0.0,71.96314,0.0
2025-04-24 20:00:00,170.9052370458476,0.0,71.85562,0.0
2025-04-24 20:30:00,164.64124979824769,0.0,67.02798,0.0
2025-04-24 21:00:00,151.92421736493623,0.0,63.082,0.0
2025-04-24 21:30:00,166.24014499538697,0.0,58.2436,0.0
2025-04-24 22:00:00,162.87453706165496,0.0,56.114700000000006,0.0
2025-04-24 22:30:00,136.7506112355048,0.0,44.66382,0.0
2025-04-24 23:00:00,82.7438363918386,0.0,7.39738,1.9138600000000001
2025-04-24 23:30:00,56.08942039428184,0.0,0.0,3.41914
2025-04-25 00:00:00,59.91506307305361,0.0,0.01076,2.05364
2025-04-25 00:30:00,56.263506731942265,0.0,0.0,2.86004
2025-04-25 01:00:00,55.34810470984461,0.0,0.0,3.2686
2025-04-25 01:30:00,53.83044054659228,0.0,0.0,2.731
2025-04-25 02:00:00,52.84238508156155,0.0,0.0,2.69876
2025-04-25 02:30:00,52.52149541603016,0.0,0.0,3.09658
2025-04-25 03:00:00,50.63728061033775,0.0,0.0,5.04268
2025-04-25 03:30:00,49.34135832080993,0.0,0.0,4.8599
2025-04-25 04:00:00,49.50434641239151,0.0,0.0,4.20404
2025-04-25 04:30:00,52.29215406501599,0.0,0.0,4.40832
2025-04-25 05:00:00,53.692536722752735,0.0,0.0,4.06426
2025-04-25 05:30:00,52.321491656117225,0.0,0.0,3.9567399999999995
2025-04-25 06:00:00,56.234532876659685,0.0,0.0,3.94598
2025-04-25 06:30:00,48.05265492176111,0.0,0.0,5.36524
2025-04-25 07:00:00,62.220006801251415,0.0,6.41894,0.95692
2025-04-25 07:30:00,85.73304318426636,0.0,12.48308,0.0
2025-04-25 08:00:00,109.25552045399898,0.0,25.37472,0.0
2025-04-25 08:30:00,212.5693016979317,0.0,77.80148,0.0
2025-04-25 09:00:00,222.46193353315465,0.0,85.973,0.0
2025-04-25 09:30:00,232.97773813662297,0.0,79.16698,0.0
2025-04-25 10:00:00,227.05304606793155,0.0,80.0164,0.0
2025-04-25 10:30:00,237.83110060124883,0.0,79.60782,0.0
2025-04-25 11:00:00,242.8960677000917,0.0,79.96264,0.0
2025-04-25 11:30:00,251.90390520349885,0.0,78.21006,0.0
2025-04-25 12:00:00,263.82676561373546,0.0,80.07554,0.0
2025-04-25 12:30:00,255.72703490365893,0.0,84.8333,0.0
2025-04-25 13:00:00,220.4872387317743,0.0,85.7257,0.0
2025-04-25 13:30:00,242.53245698727346,0.0,83.81186,0.0
2025-04-25 14:00:00,231.62873807019582,0.0,82.31732,0.0
2025-04-25 14:30:00,229.6757599850919,0.0,82.05928,0.0
2025-04-25 15:00:00,239.8234367511082,0.0,80.67228,0.0
2025-04-25 15:30:00,244.8667193218335,0.0,78.50036,0.0
2025-04-25 16:00:00,224.22613237190296,0.0,73.19964,0.0
2025-04-25 16:30:00,230.72499837635513,0.0,72.95234,0.0
2025-04-25 17:00:00,243.24782213277396,0.0,74.26408,0.0
2025-04-25 17:30:00,211.309829698465,0.0,71.69434,0.0
2025-04-25 18:00:00,179.26682163629323,0.0,65.42592,0.0
2025-04-25 18:30:00,160.56054155514897,0.0,46.448640000000005,0.0
2025-04-25 19:00:00,145.6847675953694,0.0,42.36288,0.0
2025-04-25 19:30:00,140.2716171998765,0.0,38.05134,0.0
2025-04-25 20:00:00,146.36730348538396,0.0,38.1051,0.0
2025-04-25 20:30:00,153.26655310505723,0.0,38.18036,0.0
2025-04-25 21:00:00,133.78271855835695,0.0,36.79336,0.0
2025-04-25 21:30:00,139.532460366364,0.0,39.19104,0.0
2025-04-25 22:00:00,109.35505926512533,0.0,32.09472,0.0
2025-04-25 22:30:00,69.92523874960746,0.0,7.04256,0.0
2025-04-25 23:00:00,53.25211334273616,0.0,1.45152,3.31162
2025-04-25 23:30:00,45.04318359859478,0.0,0.0,4.73088
2025-04-26 00:00:00,47.94198420050865,0.0,0.0,4.13952
2025-04-26 00:30:00,52.30988254786237,0.0,0.0,3.48364
2025-04-26 01:00:00,47.589880295153634,0.0,0.0,3.2471000000000005
2025-04-26 01:30:00,52.23132493317426,0.0,0.0,2.56972
2025-04-26 02:00:00,50.11122440968386,0.0,0.0,3.4191400000000005
2025-04-26 02:30:00,48.78621048171172,0.0,0.0,5.43514
2025-04-26 03:00:00,49.63603391298905,0.0,0.0,5.419
2025-04-26 03:30:00,48.911097072034615,0.0,0.0,5.48352
2025-04-26 04:00:00,50.78474771232846,0.0,0.0,4.90292
2025-04-26 04:30:00,46.147444366741,0.0,0.0,4.60186
2025-04-26 05:00:00,48.07121333539234,0.0,0.0,5.02118
2025-04-26 05:30:00,48.98215651660886,0.0,0.0,4.0535
2025-04-26 06:00:00,48.50256132562945,0.0,0.0,4.5481
2025-04-26 06:30:00,51.97944860230015,0.0,0.01076,4.60186
2025-04-26 07:00:00,46.87449804139847,0.0,0.0,4.7954
2025-04-26 07:30:00,43.36392898278821,0.0,0.18278,4.9943
2025-04-26 08:00:00,58.15385934466459,0.0,3.70944,0.32256
2025-04-26 08:30:00,130.94040321560442,0.0,65.94202,0.0
2025-04-26 09:00:00,130.90328529998172,0.0,70.22132,0.0
2025-04-26 09:30:00,155.88479081850355,0.0,73.28564,0.0
2025-04-26 10:00:00,148.12300522540633,0.0,73.5867,0.0
2025-04-26 10:30:00,150.46488039020343,0.0,74.1243,0.0
2025-04-26 11:00:00,144.84296382701083,0.0,73.02222,0.0
2025-04-26 11:30:00,139.61628664389218,0.0,74.9952,0.0
2025-04-26 12:00:00,139.1783347550763,0.0,73.15662,0.0
2025-04-26 12:30:00,144.82311301888927,0.0,73.81786,0.0
2025-04-26 13:00:00,140.49331478596963,0.0,75.66183999999998,0.0
2025-04-26 13:30:00,152.78936443946245,0.0,75.29088,0.0
2025-04-26 14:00:00,148.80827328746852,0.0,74.25332,0.0
2025-04-26 14:30:00,153.43797556834053,0.0,72.36096,0.0
2025-04-26 15:00:00,152.3518204325738,0.0,73.75872,0.0
2025-04-26 15:30:00,151.61713897558406,0.0,74.26408,0.0
2025-04-26 16:00:00,152.5014641737476,0.0,73.00608,0.0
2025-04-26 16:30:00,146.37152263879088,0.0,72.88782,0.0
2025-04-26 17:00:00,149.59595873749487,0.0,73.00608,0.0
2025-04-26 17:30:00,148.59950243379816,0.0,73.03834,0.0
2025-04-26 18:00:00,129.29809479800443,0.0,73.99528,0.0
2025-04-26 18:30:00,152.7095841629277,0.0,73.64046,0.0
2025-04-26 19:00:00,97.75022584817076,0.0,37.9223,0.0
2025-04-26 19:30:00,63.17072227319059,0.0,12.3648,0.0
2025-04-26 20:00:00,46.36190768135336,0.0,3.58042,1.4730200000000002
2025-04-26 20:30:00,46.1676690478404,0.0,0.0,1.79558
2025-04-26 21:00:00,44.36954203067282,0.0,0.01076,2.22028
2025-04-26 21:30:00,46.8279534958926,0.0,0.0,4.2578
2025-04-26 22:00:00,41.555416939721624,0.0,0.0,3.79546
2025-04-26 22:30:00,43.72902215263888,0.0,0.0,3.29012
2025-04-26 23:00:00,46.72417467973275,0.0,0.0,3.2901200000000004
2025-04-26 23:30:00,43.33822772250652,0.0,0.0,3.3546199999999997
2025-04-27 00:00:00,43.052804328166076,0.0,0.0,5.580279999999999
2025-04-27 00:30:00,49.328176931332514,0.0,0.0,4.76314
2025-04-27 01:00:00,49.633353235601795,0.0,0.0,5.20934
2025-04-27 01:30:00,46.26662268594951,0.0,0.0,4.37606
2025-04-27 02:00:00,45.96752612854838,0.0,0.0,4.6126
2025-04-27 02:30:00,46.311706122089284,0.0,0.0,4.23092
2025-04-27 03:00:00,50.03480817187943,0.0,0.0,3.88148
2025-04-27 03:30:00,41.16452278577476,0.0,0.0,3.60192
2025-04-27 04:00:00,47.99984764445096,0.0,0.0,3.05356
2025-04-27 04:30:00,45.23551697470595,0.0,0.0,2.98906
2025-04-27 05:00:00,41.25311470857073,0.0,0.0,2.83852
2025-04-27 05:30:00,46.140314630804994,0.0,0.01076,2.65574
2025-04-27 06:00:00,50.58908596919482,0.0,0.0,4.70938
2025-04-27 06:30:00,44.73627917617108,0.0,0.0,4.74164
2025-04-27 07:00:00,46.562466184905134,0.0,0.0,5.0857
2025-04-27 07:30:00,47.601653396314916,0.0,0.0,4.68788
2025-04-27 08:00:00,43.15530587637929,0.0,0.0,5.47276
2025-04-27 08:30:00,43.726739931801106,0.0,0.0,5.709319999999999
2025-04-27 09:00:00,39.373791561685294,0.0,0.0,5.90284
2025-04-27 09:30:00,42.654212193741316,0.0,0.0,5.644799999999999
2025-04-27 10:00:00,46.47465661044431,0.0,0.0,6.279160000000001
2025-04-27 10:30:00,44.417810006188034,0.0,0.0,6.440439999999999
2025-04-27 11:00:00,44.20004651286013,0.0,0.0,6.77376
2025-04-27 11:30:00,45.34541151441216,0.0,0.0,6.4942
2025-04-27 12:00:00,49.84471773675228,0.0,0.0,6.44044
2025-04-27 12:30:00,43.54561490356174,0.0,0.0,6.27916
2025-04-27 13:00:00,47.72225547948312,0.0,0.0,6.30068
2025-04-27 13:30:00,45.38028910422861,0.0,0.0,6.193159999999999
2025-04-27 14:00:00,48.17554728117752,0.0,0.0,4.92442
2025-04-27 14:30:00,43.74906133458331,0.0,0.0,4.8169
2025-04-27 15:00:00,46.11085699423541,0.0,0.0,5.2201
2025-04-27 15:30:00,44.77305626580089,0.0,0.0,3.5804200000000006
2025-04-27 16:00:00,45.07542584951761,0.0,0.0,3.1610799999999997
2025-04-27 16:30:00,48.32574781748964,0.0,0.0,3.67718
2025-04-27 17:00:00,45.46155284317024,0.0,0.0,3.65568
2025-04-27 17:30:00,48.12954360892159,0.0,0.0,3.5374
2025-04-27 18:00:00,44.22885564503592,0.0,0.0,2.9568
2025-04-27 18:30:00,43.30050562166806,0.0,0.0,3.21484
2025-04-27 19:00:00,45.635425525559995,0.0,0.0,2.78476
2025-04-27 19:30:00,45.07112647336721,0.0,0.0,3.3331199999999996
2025-04-27 20:00:00,46.93095121216683,0.0,0.01076,2.98906
2025-04-27 20:30:00,44.36969461278814,0.0,0.0,3.56966
2025-04-27 21:00:00,50.557257738882285,0.0,0.0,3.3438799999999995
2025-04-27 21:30:00,46.489603416813566,0.0,0.0,3.2040999999999995
2025-04-27 22:00:00,50.09582045774866,0.0,0.0,2.90304
2025-04-27 22:30:00,47.90970910783825,0.0,0.0,1.58054
2025-04-27 23:00:00,49.33826565058148,0.0,0.0215,1.301
2025-04-27 23:30:00,47.752171590055475,0.0,0.0,1.45152
2025-04-28 00:00:00,46.42290725607863,0.0,0.0,3.97824
2025-04-28 00:30:00,44.988003641930185,0.0,0.01076,3.75244
2025-04-28 01:00:00,44.486965793079406,0.0,0.0,3.35462
2025-04-28 01:30:00,46.65384440729289,0.0,0.0,2.35468
2025-04-28 02:00:00,49.03457135195116,0.0,0.0,4.5911
2025-04-28 02:30:00,48.55286109418579,0.0,0.0,5.54804
2025-04-28 03:00:00,44.860634178891914,0.0,0.0,4.90292
2025-04-28 03:30:00,44.780434311494595,0.0,0.0,5.3975
2025-04-28 04:00:00,45.885094838174794,0.0,0.0,4.60186
2025-04-28 04:30:00,48.87749588315152,0.0,0.0,4.58036
2025-04-28 05:00:00,46.9880070158871,0.0,0.0,4.36532
2025-04-28 05:30:00,48.55501634971368,0.0,0.0,4.06426
2025-04-28 06:00:00,48.74566153170089,0.0,0.0,4.50508
2025-04-28 06:30:00,44.15129541972299,0.0,0.0,5.677059999999999
2025-04-28 07:00:00,55.13596867622641,0.0,0.0,5.8921
2025-04-28 07:30:00,67.49464273488617,0.0,2.60198,2.35468
2025-04-28 08:00:00,95.05358219523487,0.0,8.32206,0.0
2025-04-28 08:30:00,205.90153737484485,0.0,68.40422,0.0
2025-04-28 09:00:00,249.03628323501695,0.0,72.40398,0.0
2025-04-28 09:30:00,238.20760026382746,0.0,74.82856,0.0
2025-04-28 10:00:00,257.1361084493864,0.0,77.24238,0.0
2025-04-28 10:30:00,249.85768155570835,0.0,72.533,0.0
2025-04-28 11:00:00,250.06752971182854,0.0,73.17812,0.0
2025-04-28 11:30:00,263.023150310947,0.0,66.40436000000001,0.0
2025-04-28 12:00:00,244.88070435265035,0.0,68.9741,0.0
2025-04-28 12:30:00,256.94050585085955,0.0,69.8665,0.0
2025-04-28 13:00:00,254.5989328300991,0.0,72.61902,0.0
2025-04-28 13:30:00,231.41164932967695,0.0,81.81198,0.0
2025-04-28 14:00:00,241.19560746923815,0.0,80.98408,0.0
2025-04-28 14:30:00,242.48958061189646,0.0,78.50036,0.0
2025-04-28 15:00:00,257.93142762089127,0.0,82.03778,0.0
2025-04-28 15:30:00,275.1756211471014,0.0,79.44116,0.0
2025-04-28 16:00:00,233.78414263709033,0.0,73.41466,0.0
2025-04-28 16:30:00,244.63775755776024,0.0,73.13512,0.0
2025-04-28 17:00:00,248.59566108333323,0.0,75.83386,0.0
2025-04-28 17:30:00,249.78892639745717,0.0,76.57576,0.0
2025-04-28 18:00:00,212.29382282449075,0.0,60.68430000000001,0.0
2025-04-28 18:30:00,180.79941903753132,0.0,44.79284,0.0
2025-04-28 19:00:00,178.81645732441476,0.0,42.13172,0.0
2025-04-28 19:30:00,149.3413901645848,0.0,42.15322,0.0
2025-04-28 20:00:00,144.41516955605204,0.0,42.6962,0.0
2025-04-28 20:30:00,148.03878699284445,0.0,41.47048,0.0
2025-04-28 21:00:00,131.19924690125745,0.0,42.21774,0.0
2025-04-28 21:30:00,127.86979142870007,0.0,41.8199,0.0
2025-04-28 22:00:00,124.98966976111107,0.0,33.56774,0.0
2025-04-28 22:30:00,58.57635656794287,0.0,8.4457,0.0
2025-04-28 23:00:00,54.636772587164934,0.0,1.23648,3.61268
2025-04-28 23:30:00,45.12450207887878,0.0,0.0,5.09644
2025-04-29 00:00:00,49.18975080338354,0.0,0.0,5.58028
2025-04-29 00:30:00,47.070571692831024,0.0,0.0,5.80608
2025-04-29 01:00:00,40.66281886566295,0.0,0.0,5.2201
2025-04-29 01:30:00,40.626668038036456,0.0,0.0,5.419
2025-04-29 02:00:00,46.20776372428143,0.0,0.0,5.18246
2025-04-29 02:30:00,44.35938283339885,0.0,0.0,4.87066
2025-04-29 03:00:00,46.98095940681664,0.0,0.0,5.16096
2025-04-29 03:30:00,46.00307966062269,0.0,0.0,5.03194
2025-04-29 04:00:00,45.14705065768611,0.0,0.0,4.92442
2025-04-29 04:30:00,42.78685107341371,0.0,0.0,4.75238
2025-04-29 05:00:00,46.510948649555864,0.0,0.0,4.8814
2025-04-29 05:30:00,40.9777799373731,0.0,0.0,5.20934
2025-04-29 06:00:00,48.56254481947896,0.0,0.0,4.87066
2025-04-29 06:30:00,43.823282103903665,0.0,0.0,6.04262
2025-04-29 07:00:00,47.98279441331488,0.0,0.0,5.53728
2025-04-29 07:30:00,56.205951907793896,0.0,0.9784400000000001,3.7954599999999994
2025-04-29 08:00:00,106.31488709336722,0.0,13.81632,0.0215
2025-04-29 08:30:00,192.0347797300956,0.0,63.31854,0.0
2025-04-29 09:00:00,226.87859610509767,0.0,72.12442,0.0
2025-04-29 09:30:00,224.27474715341353,0.0,77.8875,0.0
2025-04-29 10:00:00,231.65344570499474,0.0,76.17256,0.0
2025-04-29 10:30:00,212.9096957873096,0.0,76.32846,0.0
2025-04-29 11:00:00,232.864514591491,0.0,75.95752,0.0
2025-04-29 11:30:00,252.00125332207546,0.0,77.36064,0.0
2025-04-29 12:00:00,287.22562201449966,0.0,79.86048,0.0
2025-04-29 12:30:00,238.51431414365248,0.0,81.73672,0.0
2025-04-29 13:00:00,256.4815993491334,0.0,85.03758,0.0
2025-04-29 13:30:00,259.9455377907733,0.0,87.5428,0.0
2025-04-29 14:00:00,230.99229358624925,0.0,85.2795,0.0
2025-04-29 14:30:00,242.75123096322778,0.0,81.70446,0.0
2025-04-29 15:00:00,233.90130432310943,0.0,81.95176,0.0
2025-04-29 15:30:00,234.37868368576994,0.0,82.46784,0.0
2025-04-29 16:00:00,226.67128678836292,0.0,83.46778,0.0
2025-04-29 16:30:00,240.69942456890612,0.0,80.70452,0.0
2025-04-29 17:00:00,232.53294301721877,0.0,80.29596,0.0
2025-04-29 17:30:00,242.61458574760394,0.0,76.08654,0.0
2025-04-29 18:00:00,191.9777999322615,0.0,59.920899999999996,0.0
2025-04-29 18:30:00,178.74829555602938,0.0,49.84628,0.0
2025-04-29 19:00:00,155.50696556267118,0.0,42.45966,0.0
2025-04-29 19:30:00,146.47329978704326,0.0,41.7339,0.0
2025-04-29 20:00:00,142.34231356821317,0.0,42.23924,0.0
2025-04-29 20:30:00,136.73892589807215,0.0,43.43808,0.0
2025-04-29 21:00:00,138.02898830034565,0.0,42.07258,0.0
2025-04-29 21:30:00,142.40879290871402,0.0,39.00826,0.0
2025-04-29 22:00:00,118.42734553001627,0.0,32.73984,0.0
2025-04-29 22:30:00,70.41156001213307,0.0,5.25772,0.61286
2025-04-29 23:00:00,54.74281366429394,0.0,0.0,5.09644
2025-04-29 23:30:00,45.786785087614476,0.0,0.0,5.24698
2025-04-30 00:00:00,47.607743437287056,0.0,0.0,5.16096
2025-04-30 00:30:00,47.64890522445507,0.0,0.0,4.76314
2025-04-30 01:00:00,49.78068466237069,0.0,0.0,4.10726
2025-04-30 01:30:00,49.023663654719186,0.0,0.0,4.40832
2025-04-30 02:00:00,48.67537081489198,0.0,0.0,4.87066
2025-04-30 02:30:00,48.22011058062146,0.0,0.0,6.79526
2025-04-30 03:00:00,49.98527040743481,0.0,0.0,6.33294
2025-04-30 03:30:00,45.57468923029947,0.0,0.0,6.9458
2025-04-30 04:00:00,48.80745316472119,0.0,0.0,6.34368
2025-04-30 04:30:00,51.91533322849229,0.0,0.0,5.80608
2025-04-30 05:00:00,48.701105387465844,0.0,0.0,6.30068
2025-04-30 05:30:00,43.42668102528467,0.0,0.0,6.09638
2025-04-30 06:00:00,49.74581053692649,0.0,0.0,6.06412
2025-04-30 06:30:00,50.120393015589435,0.0,0.0,6.4727
2025-04-30 07:00:00,66.487241595243,0.0,0.0,8.11776
2025-04-30 07:30:00,101.606640067974,0.0,2.06438,3.46214
2025-04-30 08:00:00,113.31835687094036,0.0,7.8167,0.01076
2025-04-30 08:30:00,233.76890477606386,0.0,88.89754,0.0
2025-04-30 09:00:00,227.76726878091497,0.0,85.27412,0.0
2025-04-30 09:30:00,212.0078468403474,0.0,106.65986000000001,0.0
2025-04-30 10:00:00,243.43277053465002,0.0,91.8221,0.0
2025-04-30 10:30:00,234.94317526481754,0.0,70.3611,0.0
2025-04-30 11:00:00,242.29010315336978,0.0,85.56442,0.0
2025-04-30 11:30:00,245.22251395160578,0.0,118.53006,0.0
2025-04-30 12:00:00,247.06053993037202,0.0,87.71482,0.0
2025-04-30 12:30:00,238.5014179069836,0.0,73.16738,0.0
2025-04-30 13:00:00,225.34445207869433,0.0,73.6512,0.0
2025-04-30 13:30:00,272.7900204892444,0.0,74.9522,0.0
2025-04-30 14:00:00,251.26924918389366,0.0,72.2212,0.0
2025-04-30 14:30:00,242.38148665192531,0.0,69.8235,0.0
2025-04-30 15:00:00,240.77077960023993,0.0,71.67822,0.0
2025-04-30 15:30:00,271.28527490371255,0.0,72.76954,0.0
2025-04-30 16:00:00,246.244724461692,0.0,68.10856,0.0
2025-04-30 16:30:00,258.7977325639457,0.0,66.80756,0.0
2025-04-30 17:00:00,237.40776225509933,0.0,68.23758,0.0
2025-04-30 17:30:00,215.44113806510185,0.0,68.94184,0.0
2025-04-30 18:00:00,197.71728788070428,0.0,59.684360000000005,0.0
2025-04-30 18:30:00,198.51809217548873,0.0,59.813379999999995,0.0
2025-04-30 19:00:00,172.4738238727445,0.0,46.13684,0.0
2025-04-30 19:30:00,94.16651779959174,0.0,8.3328,2.05364
2025-04-30 20:00:00,70.94466708412894,0.0,0.0,5.419
2025-04-30 20:30:00,74.12763298459356,0.0,0.0,6.85978
2025-04-30 21:00:00,70.3222215716324,0.0,0.0,7.11782
2025-04-30 21:30:00,55.70952490734919,0.0,0.0,6.61248
2025-04-30 22:00:00,61.057591577746955,0.0,0.0,6.35444
2025-04-30 22:30:00,52.194595777642114,0.0,0.0,6.01036
2025-04-30 23:00:00,51.77634659716569,0.0,0.0,6.60172
2025-04-30 23:30:00,56.39553883516953,0.0,0.0,5.24698
2025-05-01 00:00:00,45.18295802479288,0.0,0.0,3.7846999999999995
2025-05-01 00:30:00,40.4454616987723,0.0,0.0,3.64492
2025-05-01 01:00:00,39.206837501255976,0.0,0.0,3.75244
2025-05-01 01:30:00,39.641362561762186,0.0,0.01076,2.4192
2025-05-01 02:00:00,36.35795551132194,0.0,0.0,2.3762
2025-05-01 02:30:00,39.00397759044389,0.0,0.0,1.72032
2025-05-01 03:00:00,38.084542643235615,0.0,0.0,3.5159
2025-05-01 03:30:00,40.26906972458202,0.0,0.0,3.92448
2025-05-01 04:00:00,36.63129452447101,0.0,0.0,4.41908
2025-05-01 04:30:00,35.30706884333059,0.0,0.0,4.35456
2025-05-01 05:00:00,34.87672173164451,0.0,0.0,3.88148
2025-05-01 05:30:00,38.410392333952586,0.0,0.0,3.92448
2025-05-01 06:00:00,38.165990836109636,0.0,0.0,3.62342
2025-05-01 06:30:00,35.60623309838806,0.0,0.0,5.05344
2025-05-01 07:00:00,42.49537499146049,0.0,0.66124,3.59116
2025-05-01 07:30:00,52.87300880539679,0.0,2.4622,0.32794
2025-05-01 08:00:00,83.31310041413595,0.0,11.74118,0.0
2025-05-01 08:30:00,153.73463399696627,0.0,84.44084,0.0
2025-05-01 09:00:00,169.47306998178902,0.0,87.79546,0.0
2025-05-01 09:30:00,179.24199652026493,0.0,82.71514,0.0
2025-05-01 10:00:00,175.12694495888084,0.0,89.19859999999998,0.0
2025-05-01 10:30:00,182.71816572381587,0.0,99.13346,0.0
2025-05-01 11:00:00,185.06927684381216,0.0,99.38074000000002,0.0
2025-05-01 11:30:00,171.36662498688284,0.0,98.026,0.0
2025-05-01 12:00:00,182.05862747631835,0.0,97.37012,0.0
2025-05-01 12:30:00,186.62417745719327,0.0,101.14407999999999,0.0
2025-05-01 13:00:00,188.2124305748633,0.0,102.46657999999998,0.0
2025-05-01 13:30:00,167.0510086253015,0.0,100.18714,0.0
2025-05-01 14:00:00,177.2040386096769,0.0,99.06894,0.0
2025-05-01 14:30:00,199.8285592190987,0.0,96.30568,0.0
2025-05-01 15:00:00,204.176240910623,0.0,95.81108,0.0
2025-05-01 15:30:00,195.49022885935963,0.0,96.4777,0.0
2025-05-01 16:00:00,170.74532170300768,0.0,94.87566,0.0
2025-05-01 16:30:00,184.51225430945726,0.0,95.13369999999999,0.0
2025-05-01 17:00:00,171.3179762082748,0.0,92.55323999999999,0.0
2025-05-01 17:30:00,173.07381993943312,0.0,89.37063999999998,0.0
2025-05-01 18:00:00,141.17841716037913,0.0,80.0164,0.0
2025-05-01 18:30:00,121.18164582879969,0.0,79.75834,0.0
2025-05-01 19:00:00,128.2031079261485,0.0,75.39304,0.0
2025-05-01 19:30:00,128.7478974057195,0.0,71.96314,0.0
2025-05-01 20:00:00,121.9232624152894,0.0,71.85562,0.0
2025-05-01 20:30:00,121.61436791226733,0.0,67.02798,0.0
2025-05-01 21:00:00,115.23789168401797,0.0,63.082,0.0
2025-05-01 21:30:00,114.52067407906654,0.0,58.243599999999994,0.0
2025-05-01 22:00:00,113.18604471472153,0.0,56.1147,0.0
2025-05-01 22:30:00,96.66347510366357,0.0,44.66382,0.0
2025-05-01 23:00:00,54.83413350102533,0.0,7.39738,1.91386
2025-05-01 23:30:00,42.63983676909667,0.0,0.0,3.41914
2025-05-02 00:00:00,41.28480490217504,0.0,0.0,5.97812
2025-05-02 00:30:00,43.27553179826583,0.0,0.0,6.114906382978723
2025-05-02 01:00:00,44.089380033787926,0.0,0.0,5.736988510638298
2025-05-02 01:30:00,42.70975055042696,0.0,0.0,5.891173191489363
2025-05-02 02:00:00,42.99922680545506,0.0,0.0,5.715945531914892
2025-05-02 02:30:00,38.46907619211573,0.0,0.0,4.973139574468085
2025-05-02 03:00:00,46.07179359281557,0.0,0.0,4.835189787234042
2025-05-02 03:30:00,42.30740269747912,0.0,0.0,4.589733617021277
2025-05-02 04:00:00,44.6428784872448,0.0,0.0,4.458881276595744
2025-05-02 04:30:00,38.83737881968855,0.0,0.0,3.8755280851063834
2025-05-02 05:00:00,42.79979062702204,0.0,0.0,4.334203829787234
2025-05-02 05:30:00,41.80614013007348,0.0,0.0,4.284329787234043
2025-05-02 06:00:00,45.596810154540556,0.0,0.0,4.696562127659575
2025-05-02 06:30:00,45.900675408879685,0.0,0.0,5.4277
2025-05-02 07:00:00,54.867832854801684,0.0,0.4982578723404248,4.803061276595746
2025-05-02 07:30:00,76.00495257795035,0.0,5.277633191489357,1.4408876595744715
2025-05-02 08:00:00,163.129218696863,0.0,47.59362680851061,0.010982127659574483
2025-05-02 08:30:00,205.60292823555758,0.0,68.69270765957447,0.0
2025-05-02 09:00:00,219.1646297271288,0.0,69.07794127659575,0.0
2025-05-02 09:30:00,227.8501917350459,0.0,68.59661617021277,0.0
2025-05-02 10:00:00,222.33382964334757,0.0,68.78443531914893,0.0
2025-05-02 10:30:00,208.98262733604182,0.0,68.02584468085107,0.0
2025-05-02 11:00:00,225.9045780659674,0.0,67.47773063829787,0.0
2025-05-02 11:30:00,256.8671410009031,0.0,71.16682170212766,0.0
2025-05-02 12:00:00,232.4142296368866,0.0,67.22059914893617,0.0
2025-05-02 12:30:00,154.51389402039624,0.0,53.82725531914893,0.0
2025-05-02 13:00:00,157.4390910528208,0.0,46.54266595744681,0.0
2025-05-02 13:30:00,161.5891237216217,0.0,45.740163829787235,0.0
2025-05-02 14:00:00,154.0037128260566,0.0,45.22406297872341,0.0
2025-05-02 14:30:00,171.8407626855609,0.0,53.84121191489358,0.0
2025-05-02 15:00:00,211.0014335908794,0.0,68.58037957446808,0.0
2025-05-02 15:30:00,222.89324383715186,0.0,69.12714042553192,0.0
2025-05-02 16:00:00,204.8708092921392,0.0,70.57294382978723,0.0
2025-05-02 16:30:00,230.20046329540497,0.0,70.82321446808513,0.0
2025-05-02 17:00:00,212.68873672810952,0.0,67.01653659574468,0.0
2025-05-02 17:30:00,191.3198223392,0.0,65.40190255319152,0.0
2025-05-02 18:00:00,189.3362959349441,0.0,59.05913744680854,0.0
2025-05-02 18:30:00,154.25284852146578,0.0,51.37581063829792,0.0
2025-05-02 19:00:00,133.69101649213587,0.0,37.08959744680857,0.0
2025-05-02 19:30:00,101.16756446074169,0.0,17.803716595744735,0.733882553191479
2025-05-02 20:00:00,79.98284576028279,0.0,0.20131063829787285,4.3499914893617015
2025-05-02 20:30:00,61.46416517013272,0.0,0.0,4.5188144680851074
2025-05-02 21:00:00,55.067211479312505,0.0,0.0,4.169492765957447
2025-05-02 21:30:00,57.97343230322974,0.0,0.0,4.16492
2025-05-02 22:00:00,55.67941041714731,0.0,0.0,4.47397234042553
2025-05-02 22:30:00,52.04403559151166,0.0,0.0,6.6715051063829796
2025-05-02 23:00:00,54.044564947385055,0.0,0.0,6.06046
2025-05-02 23:30:00,50.208045822315306,0.0,0.0,5.8921
2025-05-03 00:00:00,48.377182596351446,0.0,0.0,4.46208
2025-05-03 00:30:00,51.25107095345904,0.0,0.0,2.76326
2025-05-03 01:00:00,43.147713127667416,0.0,0.0,2.76326
2025-05-03 01:30:00,47.23468129951502,0.0,0.01076,2.62348
2025-05-03 02:00:00,46.31418337892034,0.0,0.0,2.45146
2025-05-03 02:30:00,45.2157278820511,0.0,0.0,2.36544
2025-05-03 03:00:00,48.2438491918348,0.0,0.01076,1.47302
2025-05-03 03:30:00,43.96045388094917,0.0,0.03226,1.29024
2025-05-03 04:00:00,44.00213872728743,0.0,0.0,2.87078
2025-05-03 04:30:00,46.61314836457907,0.0,0.01076,3.4729
2025-05-03 05:00:00,44.9478368524902,0.0,0.0,4.41908
2025-05-03 05:30:00,44.555131098845,0.0,0.0,4.24704
2025-05-03 06:00:00,48.77208309934856,0.0,0.0,4.10726
2025-05-03 06:30:00,44.911980236364926,0.0,0.0,4.22016
2025-05-03 07:00:00,44.58173266668719,0.0,0.0,4.40832
2025-05-03 07:30:00,46.40343042239142,0.0,0.0,4.8169
2025-05-03 08:00:00,42.635193833751444,0.0,0.0,6.1178799999999995
2025-05-03 08:30:00,44.82628234289158,0.0,0.0,6.1609
2025-05-03 09:00:00,41.27496081188185,0.0,0.0,5.20934
2025-05-03 09:30:00,40.64861705329012,0.0,0.0,5.419
2025-05-03 10:00:00,44.158830858760815,0.0,0.0,3.4621400000000007
2025-05-03 10:30:00,44.18471230293178,0.0,0.0,3.55892
2025-05-03 11:00:00,41.48856039520116,0.0,0.0,3.96748
2025-05-03 11:30:00,42.245602353368575,0.0,0.0,3.50516
2025-05-03 12:00:00,45.22253821512273,0.0,0.0,3.4298800000000003
2025-05-03 12:30:00,43.34964355095211,0.0,0.0,2.60736
2025-05-03 13:00:00,42.355119360370544,0.0,0.0,2.9675600000000006
2025-05-03 13:30:00,47.20789694452725,0.0,0.0,4.82764
2025-05-03 14:00:00,41.76392455435976,0.0,0.0,5.548039999999999
2025-05-03 14:30:00,48.017228379530536,0.0,0.0,5.26848
2025-05-03 15:00:00,45.15486335944541,0.0,0.0,5.24698
2025-05-03 15:30:00,45.28551487403598,0.0,0.0,5.3545
2025-05-03 16:00:00,43.8598523322339,0.0,0.0,5.52652
2025-05-03 16:30:00,38.12544070632609,0.0,0.0,5.92436
2025-05-03 17:00:00,40.67500382904462,0.0,0.0,5.88134
2025-05-03 17:30:00,43.93220072388298,0.0,0.0,5.56954
2025-05-03 18:00:00,45.26921358745709,0.0,0.0,5.28998
2025-05-03 18:30:00,39.657793252824256,0.0,0.0,4.75238
2025-05-03 19:00:00,45.04300549198532,0.0,0.0,4.40832
2025-05-03 19:30:00,42.10227628681236,0.0,0.010759999999999999,4.51584
2025-05-03 20:00:00,46.59050734384233,0.0,0.0,4.18252
2025-05-03 20:30:00,46.76128567189959,0.0,0.0,3.67718
2025-05-03 21:00:00,48.74578605517305,0.0,0.0,3.5911599999999995
2025-05-03 21:30:00,48.643413173352535,0.0,0.0,3.50516
2025-05-03 22:00:00,48.319734436307414,0.0,0.0,2.9353
2025-05-03 22:30:00,48.690762013777224,0.0,0.0,4.65562
2025-05-03 23:00:00,44.134438483783285,0.0,0.0,5.881340000000001
2025-05-03 23:30:00,53.07875646320577,0.0,0.0,5.30074
2025-05-04 00:00:00,43.274138104359295,0.0,0.0,5.02118
2025-05-04 00:30:00,40.970574292476506,0.0,0.0,4.80614
2025-05-04 01:00:00,40.03686689943689,0.0,0.0,5.58028
2025-05-04 01:30:00,40.427646128455685,0.0,0.0,5.34374
2025-05-04 02:00:00,40.175940225224515,0.0,0.0,5.20396
2025-05-04 02:30:00,37.83096779443483,0.0,0.0,4.9566799999999995
2025-05-04 03:00:00,40.970059099564914,0.0,0.0,4.60186
2025-05-04 03:30:00,44.45567992064815,0.0,0.0,4.075
2025-05-04 04:00:00,43.15199454282944,0.0,0.0,3.99974
2025-05-04 04:30:00,45.09175262315101,0.0,0.0,3.5696599999999994
2025-05-04 05:00:00,44.523021512369816,0.0,0.0,3.2471000000000005
2025-05-04 05:30:00,43.5436129555302,0.0,0.010760000000000002,2.86004
2025-05-04 06:00:00,47.37113845737736,0.0,0.0,2.9997999999999996
2025-05-04 06:30:00,42.73143039781355,0.0,0.0,2.60736
2025-05-04 07:00:00,41.84663231308538,0.0,0.0,3.2471
2025-05-04 07:30:00,41.39781129138308,0.0,0.0,5.24698
2025-05-04 08:00:00,41.26848720528217,0.0,0.0,6.73076
2025-05-04 08:30:00,40.35411753059832,0.0,0.0,5.48352
2025-05-04 09:00:00,37.51186196356846,0.0,0.0,6.23616
2025-05-04 09:30:00,41.319647005619956,0.0,0.0,6.53722
2025-05-04 10:00:00,37.43530791137287,0.0,0.0,6.526460000000001
2025-05-04 10:30:00,41.34416542411965,0.0,0.0,4.3223
2025-05-04 11:00:00,41.18394728234246,0.0,0.0,4.49434
2025-05-04 11:30:00,40.347135183557775,0.0,0.0,4.53734
2025-05-04 12:00:00,43.109990463392535,0.0,0.0,4.032
2025-05-04 12:30:00,37.775927009604445,0.0,0.0,3.8169599999999995
2025-05-04 13:00:00,41.3720754997225,0.0,0.0,3.84922
2025-05-04 13:30:00,41.466702015694096,0.0,0.0,4.3008
2025-05-04 14:00:00,49.182071865737015,0.0,0.01076,2.1934
2025-05-04 14:30:00,41.596368320141735,0.0,0.0,2.645
2025-05-04 15:00:00,40.805214142690495,0.0,0.0,2.50522
2025-05-04 15:30:00,38.74567782713002,0.0,0.0,2.90304
2025-05-04 16:00:00,43.896636268377456,0.0,0.0,2.9568
2025-05-04 16:30:00,41.029370428736804,0.0,0.0,3.25786
2025-05-04 17:00:00,40.08618833858429,0.0,0.01076,3.2793600000000005
2025-05-04 17:30:00,42.71498312623066,0.0,0.0,3.0965800000000003
2025-05-04 18:00:00,42.720534793013584,0.0,0.0,2.86004
2025-05-04 18:30:00,42.90923262079356,0.0,0.0,3.0965799999999994
2025-05-04 19:00:00,41.49634509131741,0.0,0.0,3.1718400000000004
2025-05-04 19:30:00,40.78399608040561,0.0,0.0,4.47284
2025-05-04 20:00:00,42.75866534625339,0.0,0.0,4.23092
2025-05-04 20:30:00,43.31211613189893,0.0,0.0,3.2686
2025-05-04 21:00:00,43.41987658826216,0.0,0.0,3.8062
2025-05-04 21:30:00,45.28383403831868,0.0,0.0,3.2471
2025-05-04 22:00:00,41.83273950156392,0.0,0.0,3.3116200000000005
2025-05-04 22:30:00,40.780255398112985,0.0,0.0,2.92454
2025-05-04 23:00:00,41.72794743664346,0.0,0.01076,3.08582
2025-05-04 23:30:00,44.657934718990965,0.0,0.0,2.23642
2025-05-05 00:00:00,42.56975976168338,0.0,0.0,3.44064
2025-05-05 00:30:00,48.940640669197236,0.0,0.01076,2.84928
2025-05-05 01:00:00,52.03581847264577,0.0,0.0,2.22028
2025-05-05 01:30:00,48.807571760848646,0.0,0.0,1.84934
2025-05-05 02:00:00,49.51380168702068,0.0,0.043,1.72032
2025-05-05 02:30:00,46.14278818108628,0.0,0.0,3.7954600000000003
2025-05-05 03:00:00,43.76863225678595,0.0,0.0,3.59116
2025-05-05 03:30:00,47.746910882223,0.0,0.0,2.76326
2025-05-05 04:00:00,50.062382645992116,0.0,0.0,3.11808
2025-05-05 04:30:00,46.27127135196892,0.0,0.01076,2.24716
2025-05-05 05:00:00,45.64263047192092,0.0,0.0,2.24716
2025-05-05 05:30:00,49.99388349385168,0.0,0.0,2.18266
2025-05-05 06:00:00,49.92401040866613,0.0,0.0,2.03212
2025-05-05 06:30:00,43.092559929144734,0.0,0.0,3.6234200000000003
2025-05-05 07:00:00,53.33673628625476,0.0,1.23648,2.53748
2025-05-05 07:30:00,66.85218364238072,0.0,1.32788,0.61286
2025-05-05 08:00:00,86.83633284138114,0.0,6.10714,0.0
2025-05-05 08:30:00,188.18350292183618,0.0,52.9106,0.0
2025-05-05 09:00:00,191.66263832064982,0.0,51.39456,0.0
2025-05-05 09:30:00,221.2249550488271,0.0,52.21172,0.0
2025-05-05 10:00:00,221.74270194078716,0.0,58.91022,0.0
2025-05-05 10:30:00,256.8051049954313,0.0,60.63054,0.0
2025-05-05 11:00:00,235.298431594497,0.0,56.77056,0.0
2025-05-05 11:30:00,237.51680577317234,0.0,56.45876,0.0
2025-05-05 12:00:00,255.64767157706297,0.0,57.2329,0.0
2025-05-05 12:30:00,257.9475698296325,0.0,60.35098,0.0
2025-05-05 13:00:00,236.64037742506656,0.0,60.630539999999996,0.0
2025-05-05 13:30:00,254.37435212451933,0.0,69.36654,0.0
2025-05-05 14:00:00,244.08510438132572,0.0,68.44186,0.0
2025-05-05 14:30:00,244.9832449969077,0.0,71.61908,0.0
2025-05-05 15:00:00,267.3401001128227,0.0,70.99546,0.0
2025-05-05 15:30:00,239.70693811043625,0.0,70.46862,0.0
2025-05-05 16:00:00,258.8519757311765,0.0,71.67284,0.0
2025-05-05 16:30:00,254.85866476166765,0.0,71.83412,0.0
2025-05-05 17:00:00,256.42773325567424,0.0,76.36072,0.0
2025-05-05 17:30:00,245.95336186505185,0.0,78.12404,0.0
2025-05-05 18:00:00,193.51934124495736,0.0,51.91066,0.0
2025-05-05 18:30:00,170.1896275730895,0.0,46.803459999999994,0.0
2025-05-05 19:00:00,145.4548192223804,0.0,32.1915,0.0
2025-05-05 19:30:00,99.56909811508339,0.0,9.95636,0.053759999999999995
2025-05-05 20:00:00,77.73410794947618,0.0,0.15052,0.8386600000000001
2025-05-05 20:30:00,66.81375133306771,0.0,0.0215,1.41926
2025-05-05 21:00:00,61.9552470527258,0.0,0.01076,1.47302
2025-05-05 21:30:00,61.67755254963926,0.0,0.10752,0.9676800000000001
2025-05-05 22:00:00,67.92599582238888,0.0,0.05376,1.12896
2025-05-05 22:30:00,58.05751565588054,0.0,0.0215,3.08582
2025-05-05 23:00:00,51.66351749929212,0.0,0.0,3.7954599999999994
2025-05-05 23:30:00,50.7027607743312,0.0,0.0,3.34388
2025-05-06 00:00:00,41.06787800766212,0.0,0.0,5.58028
2025-05-06 00:30:00,46.56491888501363,0.0,0.0,5.80608
2025-05-06 01:00:00,44.78519152206979,0.0,0.0,5.2201
2025-05-06 01:30:00,43.13853448857255,0.0,0.0,5.419
2025-05-06 02:00:00,44.631416756889806,0.0,0.0,5.18246
2025-05-06 02:30:00,41.37775171605212,0.0,0.0,4.87066
2025-05-06 03:00:00,44.121963146054796,0.0,0.0,5.16096
2025-05-06 03:30:00,41.58330421015577,0.0,0.0,5.03194
2025-05-06 04:00:00,43.84530185095292,0.0,0.0,4.92442
2025-05-06 04:30:00,45.44297843482747,0.0,0.0,4.75238
2025-05-06 05:00:00,47.83331199436854,0.0,0.0,4.8814
2025-05-06 05:30:00,41.97606082029507,0.0,0.0,5.20934
2025-05-06 06:00:00,48.89611436097892,0.0,0.0,4.87066
2025-05-06 06:30:00,44.94925226937244,0.0,0.0,6.042620000000001
2025-05-06 07:00:00,48.97227180350575,0.0,0.0,5.53728
2025-05-06 07:30:00,51.036635097012976,0.0,0.97844,3.79546
2025-05-06 08:00:00,88.69889080462893,0.0,13.81632,0.0215
2025-05-06 08:30:00,196.78528139218184,0.0,63.318540000000006,0.0
2025-05-06 09:00:00,212.66228999793861,0.0,72.12442,0.0
2025-05-06 09:30:00,242.97010001573003,0.0,77.8875,0.0
2025-05-06 10:00:00,222.83178452581947,0.0,76.17256,0.0
2025-05-06 10:30:00,219.89314386641482,0.0,76.32846,0.0
2025-05-06 11:00:00,235.5909163640091,0.0,75.95752,0.0
2025-05-06 11:30:00,242.82793028946773,0.0,77.36064,0.0
2025-05-06 12:00:00,263.6345155077767,0.0,79.86048,0.0
2025-05-06 12:30:00,274.94972301685476,0.0,81.73672,0.0
2025-05-06 13:00:00,261.65975249245287,0.0,85.03758,0.0
2025-05-06 13:30:00,245.69363622375374,0.0,87.5428,0.0
2025-05-06 14:00:00,236.21718817276584,0.0,85.2795,0.0
2025-05-06 14:30:00,224.12120127152403,0.0,81.70446,0.0
2025-05-06 15:00:00,248.851771589439,0.0,81.95176,0.0
2025-05-06 15:30:00,247.80827797297238,0.0,82.46784,0.0
2025-05-06 16:00:00,361.1342462725751,0.0,83.46778,0.0
2025-05-06 16:30:00,354.8502022774205,0.0,80.70452,0.0
2025-05-06 17:00:00,335.612089506861,0.0,80.29596,0.0
2025-05-06 17:30:00,253.6412883405858,0.0,76.08654,0.0
2025-05-06 18:00:00,196.92442546730268,0.0,59.9209,0.0
2025-05-06 18:30:00,185.4031244651169,0.0,49.84628,0.0
2025-05-06 19:00:00,156.62909648107583,0.0,42.45966,0.0
2025-05-06 19:30:00,150.2168202831203,0.0,41.733900000000006,0.0
2025-05-06 20:00:00,143.4537163255423,0.0,42.23924,0.0
2025-05-06 20:30:00,156.30106246486724,0.0,43.43808,0.0
2025-05-06 21:00:00,151.30287968556428,0.0,42.07258,0.0
2025-05-06 21:30:00,141.10049688966708,0.0,39.00826,0.0
2025-05-06 22:00:00,126.73983981940032,0.0,32.73984,0.0
2025-05-06 22:30:00,67.03665137869582,0.0,5.25772,0.61286
2025-05-06 23:00:00,51.16735661824407,0.0,0.0,5.09644
2025-05-06 23:30:00,50.19745073281851,0.0,0.0,5.24698
2025-05-07 00:00:00,50.15004995615945,0.0,0.08602,1.20422
2025-05-07 00:30:00,50.29747856123651,0.0,0.0,3.6126799999999997
2025-05-07 01:00:00,42.767461194157356,0.0,0.0,3.79546
2025-05-07 01:30:00,48.089734041416406,0.0,0.0,4.65562
2025-05-07 02:00:00,46.99227008976207,0.0,0.0,5.45126
2025-05-07 02:30:00,44.77790691797654,0.0,0.0,5.67706
2025-05-07 03:00:00,47.64243540079177,0.0,0.0,5.53728
2025-05-07 03:30:00,42.343449340625455,0.0,0.0,4.97818
2025-05-07 04:00:00,50.048033850715676,0.0,0.0,5.1287
2025-05-07 04:30:00,48.16237932745789,0.0,0.0,4.76852
2025-05-07 05:00:00,43.92852997253776,0.0,0.0,4.94592
2025-05-07 05:30:00,46.26953763583786,0.0,0.0,4.38682
2025-05-07 06:00:00,42.97568066288517,0.0,0.0,4.5481
2025-05-07 06:30:00,45.238496710812164,0.0,0.0,5.59104
2025-05-07 07:00:00,52.09991344342,0.0,0.0,5.13946
2025-05-07 07:30:00,61.67891932389914,0.0,1.29024,2.67724
2025-05-07 08:00:00,109.99723344162209,0.0,17.4505,0.0
2025-05-07 08:30:00,217.2187959514661,0.0,68.46874,0.0
2025-05-07 09:00:00,240.91754739945782,0.0,73.93076,0.0
2025-05-07 09:30:00,249.64498004656315,0.0,85.22036,0.0
2025-05-07 10:00:00,257.1874924353739,0.0,83.42478,0.0
2025-05-07 10:30:00,244.924180766551,0.0,73.24264,0.0
2025-05-07 11:00:00,228.3860062412245,0.0,71.10298,0.0
2025-05-07 11:30:00,234.66329142790386,0.0,72.51686,0.0
2025-05-07 12:00:00,244.6342389475402,0.0,75.97364,0.0
2025-05-07 12:30:00,253.8421606727477,0.0,78.81754,0.0
2025-05-07 13:00:00,248.58883604035225,0.0,77.71546,0.0
2025-05-07 13:30:00,250.0141024017126,0.0,80.89806,0.0
2025-05-07 14:00:00,227.7560547549605,0.0,77.02734,0.0
2025-05-07 14:30:00,262.7913596274748,0.0,76.5865,0.0
2025-05-07 15:00:00,264.2555756125518,0.0,78.9627,0.0
2025-05-07 15:30:00,305.57140231993634,0.0,79.14548,0.0
2025-05-07 16:00:00,260.72818116083454,0.0,74.04904,0.0
2025-05-07 16:30:00,272.2119661291373,0.0,75.7801,0.0
2025-05-07 17:00:00,298.5576973801867,0.0,73.79098,0.0
2025-05-07 17:30:00,252.20643365186078,0.0,69.5977,0.0
2025-05-07 18:00:00,216.31992638455188,0.0,59.6306,0.0
2025-05-07 18:30:00,204.31462287786098,0.0,61.67347999999999,0.0
2025-05-07 19:00:00,202.49339876372156,0.0,57.039359999999995,0.0
2025-05-07 19:30:00,127.08133508221823,0.0,30.0626,0.0
2025-05-07 20:00:00,102.05824503461642,0.0,2.69876,0.20428000000000002
2025-05-07 20:30:00,86.34861251577308,0.0,0.08602,1.17196
2025-05-07 21:00:00,79.08423699604525,0.0,0.01076,2.4192
2025-05-07 21:30:00,67.60208884670456,0.0,0.0,2.4622
2025-05-07 22:00:00,76.55153420367627,0.0,0.0,2.26868
2025-05-07 22:30:00,63.49029967609777,0.0,0.0,5.1502
2025-05-07 23:00:00,55.55282856048801,0.0,0.0,5.19322
2025-05-07 23:30:00,59.75566521023988,0.0,0.0,5.18246
2025-05-08 00:00:00,47.02569838156356,0.0,0.0,3.4729
2025-05-08 00:30:00,46.03466559468072,0.0,0.0,4.735688085106383
2025-05-08 01:00:00,46.458888770352885,0.0,0.0,4.299888936170213
2025-05-08 01:30:00,47.82436473519653,0.0,0.0,4.2340080851063835
2025-05-08 02:00:00,50.01175773581589,0.0,0.0,4.550620425531915
2025-05-08 02:30:00,53.86805549417203,0.0,0.0,3.9558289361702133
2025-05-08 03:00:00,50.14934557243741,0.0,0.0,3.3562263829787233
2025-05-08 03:30:00,50.85738328496711,0.0,0.0,3.251904680851064
2025-05-08 04:00:00,52.89304395154903,0.0,0.0,3.0865029787234044
2025-05-08 04:30:00,48.88768918717044,0.0,0.0,3.314353191489362
2025-05-08 05:00:00,52.086499451581346,0.0,0.0,3.2745510638297874
2025-05-08 05:30:00,50.92888154225182,0.0,0.008241702127659572,2.818853191489362
2025-05-08 06:00:00,48.47599353716845,0.0,0.0027472340425531913,3.144385106382979
2025-05-08 06:30:00,48.66951398810409,0.0,0.0,3.4097612765957446
2025-05-08 07:00:00,42.74177461619603,0.0,0.0,3.541988510638298
2025-05-08 07:30:00,51.673429506277024,0.0,3.48090553191489,3.038694042553192
2025-05-08 08:00:00,96.50854205581979,0.0,38.90829191489359,0.9480034042553205
2025-05-08 08:30:00,122.08595704278247,0.0,55.809069787234044,0.0
2025-05-08 09:00:00,133.1720602596651,0.0,54.14845319148937,0.0
2025-05-08 09:30:00,124.74456601804476,0.0,53.60947361702128,0.0
2025-05-08 10:00:00,132.76723318155027,0.0,53.18374085106383,0.0
2025-05-08 10:30:00,136.47752037331838,0.0,54.6144514893617,0.0
2025-05-08 11:00:00,140.92350860712287,0.0,57.93133234042553,0.0
2025-05-08 11:30:00,131.81065194461982,0.0,58.156436170212764,0.0
2025-05-08 12:00:00,139.94801105590204,0.0,56.97257234042553,0.0
2025-05-08 12:30:00,131.10608700680297,0.0,56.307315319148934,0.0
2025-05-08 13:00:00,135.9897713342362,0.0,56.55552,0.0
2025-05-08 13:30:00,130.5573567826308,0.0,58.89579914893616,0.0
2025-05-08 14:00:00,140.52248900988127,0.0,59.8422085106383,0.0
2025-05-08 14:30:00,147.90157701556515,0.0,58.707067234042555,0.0
2025-05-08 15:00:00,142.95592023009436,0.0,55.73882297872341,0.0
2025-05-08 15:30:00,130.28395487011855,0.0,55.21723914893616,0.0
2025-05-08 16:00:00,126.82910835190867,0.0,54.00935744680854,0.0
2025-05-08 16:30:00,87.87277505611117,0.0,32.02541191489372,0.2594229787234006
2025-05-08 17:00:00,61.27444886098467,0.0,10.19701957446814,1.917751914893602
2025-05-08 17:30:00,42.847556002873425,0.0,0.0,4.493650638297875
2025-05-08 18:00:00,46.61998781056646,0.0,0.0,4.232622553191486
2025-05-08 18:30:00,47.7157588980567,0.0,0.0,5.038802978723402
2025-05-08 19:00:00,43.87022370641159,0.0,0.0,5.5567268085106365
2025-05-08 19:30:00,45.960733922109334,0.0,0.0,5.927320000000001
2025-05-08 20:00:00,46.53937236228402,0.0,0.0,5.662875319148938
2025-05-08 20:30:00,50.659515572959535,0.0,0.0013736170212765764,4.909771489361702
2025-05-08 21:00:00,46.40459689437901,0.0,0.009615319148936187,4.475805957446809
2025-05-08 21:30:00,47.331991052638756,0.0,0.0,4.145925106382979
2025-05-08 22:00:00,46.73815110906369,0.0,0.0,4.208260425531916
2025-05-08 22:30:00,45.78900165381779,0.0,0.0,4.114698723404255
2025-05-08 23:00:00,48.672157630387915,0.0,0.0,4.152326808510638
2025-05-08 23:30:00,48.18370711658957,0.0,0.0,3.7524400000000004
2025-05-09 00:00:00,49.639894443866694,0.0,0.0,4.9943
2025-05-09 00:30:00,49.134804283901516,0.0,0.0,4.70938
2025-05-09 01:00:00,44.888991006507304,0.0,0.0,5.03194
2025-05-09 01:30:00,49.4099291217409,0.0,0.0,4.3223
2025-05-09 02:00:00,43.90907785880958,0.0,0.0,4.36532
2025-05-09 02:30:00,47.91172185337216,0.0,0.0,3.8814800000000003
2025-05-09 03:00:00,47.47472617721045,0.0,0.0,3.75244
2025-05-09 03:30:00,49.73431629162717,0.0,0.0,3.6341799999999997
2025-05-09 04:00:00,54.92374911810877,0.0,0.01076,3.11808
2025-05-09 04:30:00,50.25860277197565,0.0,0.0,3.07508
2025-05-09 05:00:00,52.629990343183735,0.0,0.0,3.02132
2025-05-09 05:30:00,51.8478108823733,0.0,0.0,2.74176
2025-05-09 06:00:00,51.443040525090844,0.0,0.0,3.44064
2025-05-09 06:30:00,52.26340122732346,0.0,0.0,4.08576
2025-05-09 07:00:00,49.93398628447372,0.0,0.0,4.84916
2025-05-09 07:30:00,68.59331232713579,0.0,0.5591,2.9568
2025-05-09 08:00:00,124.77998108535134,0.0,13.42926,0.0
2025-05-09 08:30:00,224.92658328468315,0.0,77.55418,0.0
2025-05-09 09:00:00,243.62022181213166,0.0,82.21518,0.0
2025-05-09 09:30:00,235.59452347793632,0.0,79.04872,0.0
2025-05-09 10:00:00,229.6192659541748,0.0,78.64014,0.0
2025-05-09 10:30:00,250.82677183386352,0.0,76.57576,0.0
2025-05-09 11:00:00,221.9633917304795,0.0,75.87686,0.0
2025-05-09 11:30:00,244.0971428127056,0.0,75.27476,0.0
2025-05-09 12:00:00,245.11470114799306,0.0,76.96282,0.0
2025-05-09 12:30:00,214.72445254871286,0.0,76.78004,0.0
2025-05-09 13:00:00,204.17478999555917,0.0,73.79098,0.0
2025-05-09 13:30:00,199.64496216829022,0.0,73.24264,0.0
2025-05-09 14:00:00,214.59097663223292,0.0,74.65114,0.0
2025-05-09 14:30:00,206.22158087181714,0.0,74.6404,0.0
2025-05-09 15:00:00,227.44492829115177,0.0,77.07036,0.0
2025-05-09 15:30:00,215.34363353609598,0.0,76.37146,0.0
2025-05-09 16:00:00,262.0822366880099,0.0,77.29614,0.0
2025-05-09 16:30:00,237.2231369627163,0.0,76.00052,0.0
2025-05-09 17:00:00,243.93416462016094,0.0,77.77998,0.0
2025-05-09 17:30:00,221.3033225703147,0.0,72.87706,0.0
2025-05-09 18:00:00,197.18237526119552,0.0,67.01722,0.0
2025-05-09 18:30:00,203.74667064556712,0.0,63.50132000000001,0.0
2025-05-09 19:00:00,160.51529931237155,0.0,59.716620000000006,0.0
2025-05-09 19:30:00,118.23494678680049,0.0,25.2457,0.0
2025-05-09 20:00:00,79.64372761871515,0.0,0.9569199999999999,2.9353
2025-05-09 20:30:00,75.67927547651907,0.0,0.0,4.70938
2025-05-09 21:00:00,55.40118355444456,0.0,0.0,3.9674799999999997
2025-05-09 21:30:00,46.14133080774986,0.0,0.0,3.32236
2025-05-09 22:00:00,46.968798538361725,0.0,0.0,5.13946
2025-05-09 22:30:00,38.3071194053872,0.0,0.0,5.26848
2025-05-09 23:00:00,44.8238560922471,0.0,0.0,4.3223
2025-05-09 23:30:00,43.66771314826208,0.0,0.0,4.55348
2025-05-10 00:00:00,46.23870308908578,0.0,0.0,4.13952
2025-05-10 00:30:00,44.2718061160168,0.0,0.0,3.48364
2025-05-10 01:00:00,47.41449443679738,0.0,0.0,3.2471
2025-05-10 01:30:00,52.88500017802632,0.0,0.0,2.56972
2025-05-10 02:00:00,50.47166862818383,0.0,0.0,3.41914
2025-05-10 02:30:00,47.74419292833316,0.0,0.0,5.43514
2025-05-10 03:00:00,44.652163137592936,0.0,0.0,5.419
2025-05-10 03:30:00,49.31192715583523,0.0,0.0,5.48352
2025-05-10 04:00:00,49.27590044249726,0.0,0.0,4.90292
2025-05-10 04:30:00,50.54375260609321,0.0,0.0,4.60186
2025-05-10 05:00:00,52.08076765761748,0.0,0.0,5.02118
2025-05-10 05:30:00,47.398353321405224,0.0,0.0,4.0535
2025-05-10 06:00:00,42.36001874258765,0.0,0.0,4.5481
2025-05-10 06:30:00,46.24495826700883,0.0,0.01076,4.60186
2025-05-10 07:00:00,49.84067932378538,0.0,0.0,4.7954
2025-05-10 07:30:00,46.67752823719768,0.0,0.18278000000000003,4.9943
2025-05-10 08:00:00,52.52924412696197,0.0,3.7094399999999994,0.32256
2025-05-10 08:30:00,130.94517068463068,0.0,65.94202,0.0
2025-05-10 09:00:00,142.29958614703435,0.0,70.22132,0.0
2025-05-10 09:30:00,139.82261241160225,0.0,73.28564,0.0
2025-05-10 10:00:00,150.78226949408707,0.0,73.5867,0.0
2025-05-10 10:30:00,143.96681847180713,0.0,74.1243,0.0
2025-05-10 11:00:00,143.47515133760618,0.0,73.02222,0.0
2025-05-10 11:30:00,144.3122371622865,0.0,74.9952,0.0
2025-05-10 12:00:00,149.8966611063563,0.0,73.15662,0.0
2025-05-10 12:30:00,147.13406601517767,0.0,73.81786,0.0
2025-05-10 13:00:00,151.55387637156232,0.0,75.66184,0.0
2025-05-10 13:30:00,151.83439793744765,0.0,75.29088,0.0
2025-05-10 14:00:00,151.78071853686464,0.0,74.25332,0.0
2025-05-10 14:30:00,144.17799598248067,0.0,72.36096,0.0
2025-05-10 15:00:00,145.65815384034735,0.0,73.75872,0.0
2025-05-10 15:30:00,145.80529384387538,0.0,74.26408,0.0
2025-05-10 16:00:00,164.14924506550855,0.0,73.00608,0.0
2025-05-10 16:30:00,138.88814713082144,0.0,72.88782,0.0
2025-05-10 17:00:00,145.12715236294287,0.0,73.00608,0.0
2025-05-10 17:30:00,147.58802556120426,0.0,73.03834,0.0
2025-05-10 18:00:00,144.9391412194135,0.0,73.99528,0.0
2025-05-10 18:30:00,155.871121608949,0.0,73.64046,0.0
2025-05-10 19:00:00,95.52626780954894,0.0,37.9223,0.0
2025-05-10 19:30:00,60.71753204140784,0.0,12.3648,0.0
2025-05-10 20:00:00,51.568311871489946,0.0,3.58042,1.47302
2025-05-10 20:30:00,51.15515720845671,0.0,0.0,1.7955799999999997
2025-05-10 21:00:00,50.23361866802459,0.0,0.01076,2.22028
2025-05-10 21:30:00,44.83864651428484,0.0,0.0,4.2578
2025-05-10 22:00:00,44.58488578092301,0.0,0.0,3.79546
2025-05-10 22:30:00,45.96547437628845,0.0,0.0,3.2901199999999995
2025-05-10 23:00:00,45.84287129110436,0.0,0.0,3.29012
2025-05-10 23:30:00,42.8505517435865,0.0,0.0,3.35462
2025-05-11 00:00:00,43.85281060309523,0.0,0.0,5.20396
2025-05-11 00:30:00,39.70469878874673,0.0,0.0,4.74164
2025-05-11 01:00:00,46.770606097946754,0.0,0.0,4.76314
2025-05-11 01:30:00,45.48171279496634,0.0,0.0,3.93524
2025-05-11 02:00:00,44.26560494707164,0.0,0.0,3.9244799999999995
2025-05-11 02:30:00,39.876377242430564,0.0,0.0,3.6019199999999993
2025-05-11 03:00:00,41.861871280520745,0.0,0.0,3.31162
2025-05-11 03:30:00,46.07384933247536,0.0,0.0,3.07508
2025-05-11 04:00:00,52.411651081781926,0.0,0.0,2.79552
2025-05-11 04:30:00,46.486048751280656,0.0,0.0,2.67724
2025-05-11 05:00:00,44.82787515622468,0.0,0.0,4.91366
2025-05-11 05:30:00,45.04033184576142,0.0,0.0,4.74164
2025-05-11 06:00:00,41.51502636658761,0.0,0.0,4.65562
2025-05-11 06:30:00,45.0233141637359,0.0,0.0,4.93516
2025-05-11 07:00:00,40.59170378536278,0.0,0.0,4.68788
2025-05-11 07:30:00,38.415829519249165,0.0,0.0,5.10182
2025-05-11 08:00:00,38.128596156355336,0.0,0.0,5.42976
2025-05-11 08:30:00,38.56409996490069,0.0,0.0,7.2038400000000005
2025-05-11 09:00:00,37.66656917504866,0.0,0.0,7.04256
2025-05-11 09:30:00,37.95415081188282,0.0,0.0,5.849079999999999
2025-05-11 10:00:00,37.700779596755574,0.0,0.0,5.73082
2025-05-11 10:30:00,36.35197469392541,0.0,0.0,5.6663
2025-05-11 11:00:00,37.09735178178241,0.0,0.01076,3.9782399999999996
2025-05-11 11:30:00,38.528498683050756,0.0,0.0,3.8277199999999993
2025-05-11 12:00:00,36.002488641002884,0.0,0.0,3.7202
2025-05-11 12:30:00,37.36191893294949,0.0,0.0,3.5374
2025-05-11 13:00:00,37.20642879290012,0.0,0.0,3.25786
2025-05-11 13:30:00,40.82332531704331,0.0,0.0,3.40838
2025-05-11 14:00:00,40.16636885108321,0.0,0.0,4.58036
2025-05-11 14:30:00,35.04654949075272,0.0,0.0,5.01044
2025-05-11 15:00:00,38.57164566006289,0.0,0.0,4.76314
2025-05-11 15:30:00,42.477358381229436,0.0,0.0,4.7954
2025-05-11 16:00:00,35.32137077681605,0.0,0.0,5.01044
2025-05-11 16:30:00,39.8607085360754,0.0,0.0,4.46208
2025-05-11 17:00:00,39.001418262196715,0.0,0.0,4.62336
2025-05-11 17:30:00,39.96422473909301,0.0,0.0,5.09644
2025-05-11 18:00:00,39.07773817731683,0.0,0.0,4.39756
2025-05-11 18:30:00,37.66734534059966,0.0,0.0,4.38682
2025-05-11 19:00:00,38.32021617321121,0.0,0.0,4.26854
2025-05-11 19:30:00,39.59501646601646,0.0,0.0,4.51584
2025-05-11 20:00:00,39.84938865931673,0.0,0.0,4.50508
2025-05-11 20:30:00,38.43648113497176,0.0,0.0,4.44058
2025-05-11 21:00:00,42.167415111248914,0.0,0.0,4.94592
2025-05-11 21:30:00,43.20211613223597,0.0,0.0,4.36532
2025-05-11 22:00:00,38.670448649859495,0.0,0.0,3.95674
2025-05-11 22:30:00,40.187137282596574,0.0,0.0,3.7632
2025-05-11 23:00:00,40.97770601290735,0.0,0.0,3.54816
2025-05-11 23:30:00,37.537167087379466,0.0,0.0,3.95674
2025-05-12 00:00:00,47.39778337210142,0.0,0.0,4.51584
2025-05-12 00:30:00,44.458430379231416,0.0,0.0,5.3545
2025-05-12 01:00:00,42.32948810412958,0.0,0.0,4.8169
2025-05-12 01:30:00,47.890422858616496,0.0,0.0,4.21478
2025-05-12 02:00:00,44.76569862100114,0.0,0.0,3.8707200000000004
2025-05-12 02:30:00,41.52476272009832,0.0,0.0,3.5374
2025-05-12 03:00:00,41.93113534206753,0.0,0.0,5.408260000000001
2025-05-12 03:30:00,46.52847981465252,0.0,0.0,5.97812
2025-05-12 04:00:00,48.21958368801127,0.0,0.0,5.56954
2025-05-12 04:30:00,45.522446705076646,0.0,0.0,5.859840000000001
2025-05-12 05:00:00,47.15650498523221,0.0,0.0,5.84908
2025-05-12 05:30:00,47.294639633394986,0.0,0.0,5.88134
2025-05-12 06:00:00,44.11249741656863,0.0,0.0,6.66624
2025-05-12 06:30:00,43.98497293873278,0.0,0.0,6.75226
2025-05-12 07:00:00,62.14567299145732,0.0,0.0,8.09626
2025-05-12 07:30:00,87.06228524281929,0.0,0.75264,3.9997400000000005
2025-05-12 08:00:00,111.29712551325589,0.0,8.42956,0.0
2025-05-12 08:30:00,233.4703824672659,0.0,73.55444,0.0
2025-05-12 09:00:00,263.832481725665,0.0,74.04904,0.0
2025-05-12 09:30:00,249.57366369896783,0.0,76.08116,0.0
2025-05-12 10:00:00,259.33887281692563,0.0,82.7044,0.0
2025-05-12 10:30:00,298.53548282753906,0.0,93.69294,0.0
2025-05-12 11:00:00,278.751890292013,0.0,91.1017,0.0
2025-05-12 11:30:00,267.0424201240476,0.0,93.12308,0.0
2025-05-12 12:00:00,302.3520372572231,0.0,91.69306,0.0
2025-05-12 12:30:00,276.68184098974564,0.0,92.55324,0.0
2025-05-12 13:00:00,287.1672772877295,0.0,92.21992,0.0
2025-05-12 13:30:00,269.7335394381597,0.0,90.06952,0.0
2025-05-12 14:00:00,307.28368030680684,0.0,89.13408,0.0
2025-05-12 14:30:00,291.43137381660165,0.0,82.81192,0.0
2025-05-12 15:00:00,276.3499046939021,0.0,84.72576,0.0
2025-05-12 15:30:00,266.73661830542005,0.0,75.33928,0.0
2025-05-12 16:00:00,278.8195808387414,0.0,73.22114,0.0
2025-05-12 16:30:00,287.81273230673554,0.0,71.71586,0.0
2025-05-12 17:00:00,272.78796742787273,0.0,69.02784,0.0
2025-05-12 17:30:00,234.9241055587024,0.0,65.31842,0.0
2025-05-12 18:00:00,223.4700106655671,0.0,55.93192,0.0
2025-05-12 18:30:00,214.0865387652057,0.0,54.953480000000006,0.0
2025-05-12 19:00:00,140.8697179150117,0.0,31.29908,0.0
2025-05-12 19:30:00,84.834102664904,0.0,5.77382,2.645
2025-05-12 20:00:00,62.52757539002972,0.0,0.0,4.84916
2025-05-12 20:30:00,72.80973377851723,0.0,0.0,4.77926
2025-05-12 21:00:00,60.310052689640585,0.0,0.0,5.55878
2025-05-12 21:30:00,57.239319593156054,0.0,0.0,5.16096
2025-05-12 22:00:00,55.79458539394245,0.0,0.0,4.94592
2025-05-12 22:30:00,54.4039675000759,0.0,0.0,4.11264
2025-05-12 23:00:00,56.379749370343646,0.0,0.0,3.7202
2025-05-12 23:30:00,58.049861799685566,0.0,0.0,3.31162
2025-05-13 00:00:00,44.13156590720197,0.0,0.0,3.6664400000000006
2025-05-13 00:30:00,39.738423693035685,0.0,0.0,5.9351
2025-05-13 01:00:00,43.51145360998783,0.0,0.0,5.74156
2025-05-13 01:30:00,39.00446990719358,0.0,0.0,5.6233
2025-05-13 02:00:00,39.271213519938506,0.0,0.0,5.42976
2025-05-13 02:30:00,43.454443128930606,0.0,0.0,5.27924
2025-05-13 03:00:00,43.11443000027437,0.0,0.0,5.54804
2025-05-13 03:30:00,44.01338849514085,0.0,0.0,4.65562
2025-05-13 04:00:00,44.191095640450065,0.0,0.0,4.5266
2025-05-13 04:30:00,43.127299125191314,0.0,0.0,4.22016
2025-05-13 05:00:00,44.175748198646104,0.0,0.0,4.22016
2025-05-13 05:30:00,41.632960253552184,0.0,0.0,4.661
2025-05-13 06:00:00,44.82061624065571,0.0,0.0,4.64486
2025-05-13 06:30:00,43.484818956397596,0.0,0.0,5.6663
2025-05-13 07:00:00,46.29885523828942,0.0,0.053759999999999995,5.61254
2025-05-13 07:30:00,62.414434537407516,0.0,0.34406,0.90316
2025-05-13 08:00:00,106.87585560614356,0.0,9.99398,0.2473
2025-05-13 08:30:00,204.31358740550073,0.0,68.57088,0.0
2025-05-13 09:00:00,228.22173200743072,0.0,75.36078,0.0
2025-05-13 09:30:00,238.61266657229288,0.0,73.71572,0.0
2025-05-13 10:00:00,237.0905650522601,0.0,75.9844,0.0
2025-05-13 10:30:00,233.38753534542323,0.0,80.02714,0.0
2025-05-13 11:00:00,254.0772738065203,0.0,80.13466,0.0
2025-05-13 11:30:00,264.80282196656043,0.0,80.65076,0.0
2025-05-13 12:00:00,298.27560029168984,0.0,78.01652,0.0
2025-05-13 12:30:00,280.57589010615067,0.0,80.5755,0.0
2025-05-13 13:00:00,264.0550470665957,0.0,82.77966,0.0
2025-05-13 13:30:00,261.1110677411547,0.0,81.2045,0.0
2025-05-13 14:00:00,247.9071958605892,0.0,77.0112,0.0
2025-05-13 14:30:00,269.19127448576097,0.0,74.3232,0.0
2025-05-13 15:00:00,246.871385442941,0.0,76.48974,0.0
2025-05-13 15:30:00,271.5121757087841,0.0,75.00596,0.0
2025-05-13 16:00:00,266.5748794223706,0.0,76.36072,0.0
2025-05-13 16:30:00,267.64389143892333,0.0,77.15636,0.0
2025-05-13 17:00:00,245.50305948398392,0.0,76.37146,0.0
2025-05-13 17:30:00,253.20025547901915,0.0,75.6941,0.0
2025-05-13 18:00:00,210.43319764480574,0.0,66.49038,0.0
2025-05-13 18:30:00,195.66564944873986,0.0,63.11426,0.0
2025-05-13 19:00:00,159.61698605521036,0.0,52.8676,0.0
2025-05-13 19:30:00,105.19749801487137,0.0,25.13818,0.0
2025-05-13 20:00:00,76.78303121204371,0.0,0.87092,1.02144
2025-05-13 20:30:00,65.75242891832691,0.0,0.03226,1.50528
2025-05-13 21:00:00,64.12826098296904,0.0,0.0,3.30086
2025-05-13 21:30:00,58.12372878820968,0.0,0.0,2.03212
2025-05-13 22:00:00,57.45269497023851,0.0,0.01076,2.05364
2025-05-13 22:30:00,49.908041899110856,0.0,0.01076,2.4192
2025-05-13 23:00:00,46.86875063090242,0.0,0.0,2.3278
2025-05-13 23:30:00,46.210883231268134,0.0,0.0,2.32244
2025-05-14 00:00:00,50.23756924368971,0.0,0.0,5.16096
2025-05-14 00:30:00,47.30079758070184,0.0,0.0,4.76314
2025-05-14 01:00:00,53.47266722105054,0.0,0.0,4.10726
2025-05-14 01:30:00,51.38648618855245,0.0,0.0,4.40832
2025-05-14 02:00:00,47.86561840772362,0.0,0.0,4.87066
2025-05-14 02:30:00,51.41936332661615,0.0,0.0,6.79526
2025-05-14 03:00:00,52.350722344370965,0.0,0.0,6.33294
2025-05-14 03:30:00,48.569804039586955,0.0,0.0,6.945800000000001
2025-05-14 04:00:00,42.98125939622178,0.0,0.0,6.34368
2025-05-14 04:30:00,47.96382428130866,0.0,0.0,5.80608
2025-05-14 05:00:00,52.629124297507495,0.0,0.0,6.30068
2025-05-14 05:30:00,45.24284026325094,0.0,0.0,6.09638
2025-05-14 06:00:00,50.451491547553545,0.0,0.0,6.06412
2025-05-14 06:30:00,51.58081820857469,0.0,0.0,6.4727
2025-05-14 07:00:00,67.42290547347909,0.0,0.0,8.11776
2025-05-14 07:30:00,88.06528766200623,0.0,2.06438,3.46214
2025-05-14 08:00:00,118.37163898085157,0.0,7.8167,0.01076
2025-05-14 08:30:00,245.23893719318576,0.0,88.89754,0.0
2025-05-14 09:00:00,218.56286386257003,0.0,85.27412,0.0
2025-05-14 09:30:00,229.6394542510073,0.0,106.65986,0.0
2025-05-14 10:00:00,229.24648647004474,0.0,91.8221,0.0
2025-05-14 10:30:00,254.37979800119518,0.0,70.3611,0.0
2025-05-14 11:00:00,246.20217484746507,0.0,85.56442,0.0
2025-05-14 11:30:00,246.6460564954769,0.0,118.53006,0.0
2025-05-14 12:00:00,266.2145573965444,0.0,87.71482000000002,0.0
2025-05-14 12:30:00,251.51350118585538,0.0,73.16738,0.0
2025-05-14 13:00:00,236.98719491575304,0.0,73.6512,0.0
2025-05-14 13:30:00,240.7861312262913,0.0,74.9522,0.0
2025-05-14 14:00:00,269.1078016395133,0.0,72.2212,0.0
2025-05-14 14:30:00,251.80000571528726,0.0,69.8235,0.0
2025-05-14 15:00:00,235.40408949222012,0.0,71.67822,0.0
2025-05-14 15:30:00,237.92962389198243,0.0,72.76954,0.0
2025-05-14 16:00:00,248.6463079265257,0.0,68.10856,0.0
2025-05-14 16:30:00,241.14343460829826,0.0,66.80756,0.0
2025-05-14 17:00:00,219.5263512927782,0.0,68.23758,0.0
2025-05-14 17:30:00,209.09019110116202,0.0,68.94184,0.0
2025-05-14 18:00:00,199.6475287399365,0.0,59.68435999999999,0.0
2025-05-14 18:30:00,200.13287749247147,0.0,59.81338,0.0
2025-05-14 19:00:00,186.99056561691708,0.0,46.13684,0.0
2025-05-14 19:30:00,91.82970015359938,0.0,8.3328,2.05364
2025-05-14 20:00:00,73.2265514425337,0.0,0.0,5.419
2025-05-14 20:30:00,76.36232584321392,0.0,0.0,6.85978
2025-05-14 21:00:00,66.53224162892691,0.0,0.0,7.11782
2025-05-14 21:30:00,61.97632158921326,0.0,0.0,6.61248
2025-05-14 22:00:00,61.93368803786268,0.0,0.0,6.35444
2025-05-14 22:30:00,55.13562202092572,0.0,0.0,6.01036
2025-05-14 23:00:00,62.21274028930191,0.0,0.0,6.60172
2025-05-14 23:30:00,58.20510041506885,0.0,0.0,5.24698
2025-05-15 00:00:00,45.29759172007837,0.0,0.03226,1.44076
2025-05-15 00:30:00,39.3634005347015,0.0,0.0,4.64486
2025-05-15 01:00:00,41.449018838237066,0.0,0.0,4.29004
2025-05-15 01:30:00,44.69928494227502,0.0,0.0,5.4889
2025-05-15 02:00:00,41.53214177305384,0.0,0.0,4.91366
2025-05-15 02:30:00,44.81572429037805,0.0,0.0,4.67174
2025-05-15 03:00:00,42.44146677620307,0.0,0.0,4.46208
2025-05-15 03:30:00,42.74908890270263,0.0,0.0,4.49434
2025-05-15 04:00:00,40.65225309230227,0.0,0.0,3.92448
2025-05-15 04:30:00,41.22356726428703,0.0,0.0,4.0535
2025-05-15 05:00:00,42.03771651827137,0.0,0.0,3.66644
2025-05-15 05:30:00,43.498566129746365,0.0,0.0,3.92448
2025-05-15 06:00:00,43.792274182733145,0.0,0.0,4.06426
2025-05-15 06:30:00,43.2575835173056,0.0,0.0,4.46208
2025-05-15 07:00:00,52.42049892148222,0.0,0.0,5.0857
2025-05-15 07:30:00,72.62812268056923,0.0,2.02138,1.1881
2025-05-15 08:00:00,105.77027506662687,0.0,9.9241,0.0
2025-05-15 08:30:00,191.55219893379316,0.0,64.83458,0.0
2025-05-15 09:00:00,234.08804440572058,0.0,71.146,0.0
2025-05-15 09:30:00,219.69486604309037,0.0,67.03872,0.0
2025-05-15 10:00:00,217.90108759550742,0.0,67.1785,0.0
2025-05-15 10:30:00,239.06052882958156,0.0,68.2322,0.0
2025-05-15 11:00:00,228.4837339059941,0.0,71.35028,0.0
2025-05-15 11:30:00,207.15607323411587,0.0,68.87732,0.0
2025-05-15 12:00:00,219.66734775206098,0.0,70.58688,0.0
2025-05-15 12:30:00,247.908182500003,0.0,79.68308,0.0
2025-05-15 13:00:00,234.96969779743813,0.0,81.33352,0.0
2025-05-15 13:30:00,214.85254061843227,0.0,86.01602,0.0
2025-05-15 14:00:00,245.06963181755762,0.0,83.3065,0.0
2025-05-15 14:30:00,237.54125496322823,0.0,81.79584,0.0
2025-05-15 15:00:00,233.65707560220233,0.0,81.9195,0.0
2025-05-15 15:30:00,228.73603648562712,0.0,81.17762,0.0
2025-05-15 16:00:00,242.65215854789346,0.0,80.2852,0.0
2025-05-15 16:30:00,199.89667937464702,0.0,79.5003,0.0
2025-05-15 17:00:00,137.8010205389896,0.0,20.7191,0.0
2025-05-15 17:30:00,82.95452915710466,0.0,0.3118,1.73108
2025-05-15 18:00:00,80.29420997535134,0.0,0.03226,1.77408
2025-05-15 18:30:00,66.44603489995825,0.0,0.0215,2.54822
2025-05-15 19:00:00,47.57295851010579,0.0,0.0,4.7954
2025-05-15 19:30:00,54.153284377050355,0.0,0.0,4.8384
2025-05-15 20:00:00,46.50848403586758,0.0,0.0,4.9943
2025-05-15 20:30:00,50.4019033911195,0.0,0.0,5.1502
2025-05-15 21:00:00,50.96670688837359,0.0,0.0,5.18246
2025-05-15 21:30:00,47.518183351210574,0.0,0.0,5.13946
2025-05-15 22:00:00,52.04944598701763,0.0,0.0,5.09644
2025-05-15 22:30:00,48.71688325601746,0.0,0.0,4.62336
2025-05-15 23:00:00,52.11338391474193,0.0,0.0,4.51584
2025-05-15 23:30:00,46.25336258992814,0.0,0.0,4.21478
2025-05-16 00:00:00,56.59025008794649,0.0,0.01076,2.05364
2025-05-16 00:30:00,49.84202844299131,0.0,0.0,2.86004
2025-05-16 01:00:00,50.49389936593969,0.0,0.0,3.2686000000000006
2025-05-16 01:30:00,57.725033471015976,0.0,0.0,2.731
2025-05-16 02:00:00,52.83169129634634,0.0,0.0,2.69876
2025-05-16 02:30:00,55.03598001826808,0.0,0.0,3.09658
2025-05-16 03:00:00,48.007809644360734,0.0,0.0,5.04268
2025-05-16 03:30:00,50.60540396531277,0.0,0.0,4.8599
2025-05-16 04:00:00,47.12845904382605,0.0,0.0,4.20404
2025-05-16 04:30:00,51.02287474147195,0.0,0.0,4.40832
2025-05-16 05:00:00,51.62969898787298,0.0,0.0,4.06426
2025-05-16 05:30:00,52.12233105384644,0.0,0.0,3.9567399999999995
2025-05-16 06:00:00,49.27330563235331,0.0,0.0,3.9459799999999996
2025-05-16 06:30:00,48.95785860758089,0.0,0.0,5.36524
2025-05-16 07:00:00,70.35693068682973,0.0,6.41894,0.95692
2025-05-16 07:30:00,81.90027280437855,0.0,12.48308,0.0
2025-05-16 08:00:00,112.00863669971156,0.0,25.37472,0.0
2025-05-16 08:30:00,236.03022275608257,0.0,77.80148,0.0
2025-05-16 09:00:00,232.4537844497368,0.0,85.973,0.0
2025-05-16 09:30:00,257.1238298137078,0.0,79.16698,0.0
2025-05-16 10:00:00,231.3190488301921,0.0,80.0164,0.0
2025-05-16 10:30:00,251.06948065502965,0.0,79.60782,0.0
2025-05-16 11:00:00,256.5577025250165,0.0,79.96264,0.0
2025-05-16 11:30:00,244.37654569041393,0.0,78.21006,0.0
2025-05-16 12:00:00,233.30494189074986,0.0,80.07554,0.0
2025-05-16 12:30:00,222.98537306889506,0.0,84.8333,0.0
2025-05-16 13:00:00,232.56935181899243,0.0,85.7257,0.0
2025-05-16 13:30:00,241.56980359898589,0.0,83.81186,0.0
2025-05-16 14:00:00,217.9305176103612,0.0,82.31732,0.0
2025-05-16 14:30:00,231.92350940677633,0.0,82.05928,0.0
2025-05-16 15:00:00,222.37169999132928,0.0,80.67228,0.0
2025-05-16 15:30:00,239.5530893037704,0.0,78.50036,0.0
2025-05-16 16:00:00,218.94036892073518,0.0,73.19964,0.0
2025-05-16 16:30:00,231.94011980474434,0.0,72.95234,0.0
2025-05-16 17:00:00,223.89933832507268,0.0,74.26408,0.0
2025-05-16 17:30:00,205.98264519428201,0.0,71.69434,0.0
2025-05-16 18:00:00,182.77289423118413,0.0,65.42592,0.0
2025-05-16 18:30:00,153.53481628616322,0.0,46.44864,0.0
2025-05-16 19:00:00,144.2691181522096,0.0,42.36288,0.0
2025-05-16 19:30:00,161.80312744434687,0.0,38.05134,0.0
2025-05-16 20:00:00,146.2503342907076,0.0,38.1051,0.0
2025-05-16 20:30:00,127.1785000007168,0.0,38.18036,0.0
2025-05-16 21:00:00,129.86417296429804,0.0,36.79336,0.0
2025-05-16 21:30:00,144.62274369609494,0.0,39.19104,0.0
2025-05-16 22:00:00,117.7314064496039,0.0,32.09472,0.0
2025-05-16 22:30:00,73.55052564934972,0.0,7.04256,0.0
2025-05-16 23:00:00,50.73431743809576,0.0,1.45152,3.3116200000000005
2025-05-16 23:30:00,47.76491881165051,0.0,0.0,4.73088
2025-05-17 00:00:00,45.84876814824814,0.0,0.0,4.46208
2025-05-17 00:30:00,44.96968109194272,0.0,0.0,2.76326
2025-05-17 01:00:00,48.42224136753874,0.0,0.0,2.76326
2025-05-17 01:30:00,48.276236555469545,0.0,0.01076,2.62348
2025-05-17 02:00:00,50.6362065741706,0.0,0.0,2.45146
2025-05-17 02:30:00,42.08106797321244,0.0,0.0,2.36544
2025-05-17 03:00:00,52.03617497601647,0.0,0.01076,1.47302
2025-05-17 03:30:00,43.30340114325045,0.0,0.03226,1.29024
2025-05-17 04:00:00,43.789984689098645,0.0,0.0,2.87078
2025-05-17 04:30:00,45.85694900469895,0.0,0.01076,3.4729
2025-05-17 05:00:00,48.237424892284075,0.0,0.0,4.41908
2025-05-17 05:30:00,47.74562547478831,0.0,0.0,4.24704
2025-05-17 06:00:00,46.34756762554188,0.0,0.0,4.10726
2025-05-17 06:30:00,44.051771889252805,0.0,0.0,4.22016
2025-05-17 07:00:00,42.40909925007032,0.0,0.0,4.40832
2025-05-17 07:30:00,48.34802043456361,0.0,0.0,4.8169
2025-05-17 08:00:00,44.62532953361017,0.0,0.0,6.117880000000001
2025-05-17 08:30:00,45.93411082877877,0.0,0.0,6.1609
2025-05-17 09:00:00,44.1546402623807,0.0,0.0,5.20934
2025-05-17 09:30:00,37.92878531255416,0.0,0.0,5.419
2025-05-17 10:00:00,42.06238468197116,0.0,0.0,3.46214
2025-05-17 10:30:00,45.07596237502632,0.0,0.0,3.55892
2025-05-17 11:00:00,43.414978681783744,0.0,0.0,3.96748
2025-05-17 11:30:00,44.127044753936694,0.0,0.0,3.50516
2025-05-17 12:00:00,42.34205931274772,0.0,0.0,3.42988
2025-05-17 12:30:00,47.191569775813136,0.0,0.0,2.60736
2025-05-17 13:00:00,46.713844354379496,0.0,0.0,2.96756
2025-05-17 13:30:00,46.16276496514261,0.0,0.0,4.82764
2025-05-17 14:00:00,41.7600268539542,0.0,0.0,5.54804
2025-05-17 14:30:00,45.806999859665794,0.0,0.0,5.26848
2025-05-17 15:00:00,42.07463882432378,0.0,0.0,5.24698
2025-05-17 15:30:00,44.33809618725941,0.0,0.0,5.3545
2025-05-17 16:00:00,38.72564463141395,0.0,0.0,5.52652
2025-05-17 16:30:00,40.51486126022331,0.0,0.0,5.924360000000001
2025-05-17 17:00:00,42.43126658679831,0.0,0.0,5.881339999999999
2025-05-17 17:30:00,49.46029040032514,0.0,0.0,5.56954
2025-05-17 18:00:00,40.45553679540187,0.0,0.0,5.28998
2025-05-17 18:30:00,40.84705589228899,0.0,0.0,4.75238
2025-05-17 19:00:00,45.653570376989954,0.0,0.0,4.40832
2025-05-17 19:30:00,48.55149272284875,0.0,0.01076,4.51584
2025-05-17 20:00:00,46.51579611592487,0.0,0.0,4.18252
2025-05-17 20:30:00,48.44993680084133,0.0,0.0,3.67718
2025-05-17 21:00:00,46.20526366625114,0.0,0.0,3.59116
2025-05-17 21:30:00,45.001084866127,0.0,0.0,3.50516
2025-05-17 22:00:00,47.429800765839126,0.0,0.0,2.9353
2025-05-17 22:30:00,45.14596640776272,0.0,0.0,4.65562
2025-05-17 23:00:00,46.54808813488455,0.0,0.0,5.88134
2025-05-17 23:30:00,42.77751355055077,0.0,0.0,5.30074
2025-05-18 00:00:00,44.64173073274267,0.0,0.0,4.32768
2025-05-18 00:30:00,44.62770551165773,0.0,0.0,4.90292
2025-05-18 01:00:00,43.66067642752722,0.0,0.0,4.37606
2025-05-18 01:30:00,42.42964627189276,0.0,0.0,3.68794
2025-05-18 02:00:00,45.405632335444835,0.0,0.0,4.23092
2025-05-18 02:30:00,45.44265254868714,0.0,0.0,3.7309400000000004
2025-05-18 03:00:00,43.12547504858526,0.0,0.0,3.5266600000000006
2025-05-18 03:30:00,46.02440160999777,0.0,0.0,3.1826
2025-05-18 04:00:00,46.16089203262424,0.0,0.0,2.9030400000000003
2025-05-18 04:30:00,44.54760219540886,0.0,0.0,3.44064
2025-05-18 05:00:00,41.889775218248836,0.0,0.0,2.731
2025-05-18 05:30:00,48.71981525349654,0.0,0.01076,2.67724
2025-05-18 06:00:00,44.238745131038094,0.0,0.0,2.65574
2025-05-18 06:30:00,47.12464328213055,0.0,0.0,2.25792
2025-05-18 07:00:00,42.62922685531613,0.0,0.0,3.2041
2025-05-18 07:30:00,45.16630035392802,0.0,0.0,2.4622
2025-05-18 08:00:00,53.82573210635082,0.0,2.9138,1.62356
2025-05-18 08:30:00,113.86870460574585,0.0,41.56724,0.0
2025-05-18 09:00:00,127.82687394639639,0.0,45.9648,0.0
2025-05-18 09:30:00,122.71392018710034,0.0,45.80352,0.0
2025-05-18 10:00:00,125.1601702499228,0.0,46.17984,0.0
2025-05-18 10:30:00,111.27487548019222,0.0,44.80358,0.0
2025-05-18 11:00:00,120.1252666029684,0.0,44.5993,0.0
2025-05-18 11:30:00,120.62353295239622,0.0,44.45952,0.0
2025-05-18 12:00:00,130.26220177917315,0.0,44.58856,0.0
2025-05-18 12:30:00,118.42338194036346,0.0,45.05088,0.0
2025-05-18 13:00:00,123.4966173529159,0.0,44.73908,0.0
2025-05-18 13:30:00,124.47994235869098,0.0,44.76058,0.0
2025-05-18 14:00:00,128.5195409160519,0.0,42.35214,0.0
2025-05-18 14:30:00,119.13865490356154,0.0,40.80384,0.0
2025-05-18 15:00:00,125.92783450035719,0.0,42.35214,0.0
2025-05-18 15:30:00,103.47894125529376,0.0,35.36334,0.0
2025-05-18 16:00:00,84.89629908510256,0.0,25.8263,0.0
2025-05-18 16:30:00,47.93334820086973,0.0,1.8386,1.387
2025-05-18 17:00:00,46.909629014512376,0.0,0.0,3.94598
2025-05-18 17:30:00,63.28252372433026,0.0,0.0,3.89222
2025-05-18 18:00:00,63.03859118752485,0.0,0.0,3.65568
2025-05-18 18:30:00,42.77820216847178,0.0,0.0,4.18252
2025-05-18 19:00:00,43.57327929244347,0.0,0.0,4.47284
2025-05-18 19:30:00,44.430618455519785,0.0,0.0,4.661
2025-05-18 20:00:00,48.224498409521686,0.0,0.0,4.3223
2025-05-18 20:30:00,50.905503790148856,0.0,0.0,3.87072
2025-05-18 21:00:00,48.640996383835734,0.0,0.0,3.66644
2025-05-18 21:30:00,46.34192557908424,0.0,0.0,3.5266599999999997
2025-05-18 22:00:00,50.02828385316263,0.0,0.0,3.1933400000000005
2025-05-18 22:30:00,46.029601865625345,0.0,0.0,3.0750799999999994
2025-05-18 23:00:00,45.03945322461651,0.0,0.0,3.5374000000000003
2025-05-18 23:30:00,46.684211739168745,0.0,0.0,3.39764
2025-05-19 00:00:00,42.29652546041713,0.0,0.0,2.04288
2025-05-19 00:30:00,42.57992458926293,0.0,0.0,1.93536
2025-05-19 01:00:00,41.69903770047039,0.0,0.0,2.9998
2025-05-19 01:30:00,44.199745262342155,0.0,0.0,4.3008
2025-05-19 02:00:00,40.67092151218788,0.0,0.0,3.96748
2025-05-19 02:30:00,40.6363854777262,0.0,0.010760000000000002,3.65568
2025-05-19 03:00:00,43.301769315055246,0.0,0.0,3.92448
2025-05-19 03:30:00,35.76826123256716,0.0,0.0,3.73094
2025-05-19 04:00:00,41.55631014159671,0.0,0.0,3.31162
2025-05-19 04:30:00,40.13297768733253,0.0,0.0,3.34388
2025-05-19 05:00:00,45.1703219293761,0.0,0.0,2.78476
2025-05-19 05:30:00,42.07612458178362,0.0,0.0,2.731
2025-05-19 06:00:00,41.41244246116527,0.0,0.0,3.21484
2025-05-19 06:30:00,47.22221414873438,0.0,0.43007999999999996,0.47308
2025-05-19 07:00:00,48.89654412684905,0.0,0.12902,0.74188
2025-05-19 07:30:00,57.44659639523466,0.0,0.01076,2.31168
2025-05-19 08:00:00,104.75435817242787,0.0,15.515139999999999,0.56448
2025-05-19 08:30:00,217.77832097580543,0.0,77.99502,0.0
2025-05-19 09:00:00,239.0640270921277,0.0,77.02734,0.0
2025-05-19 09:30:00,235.8264963195557,0.0,73.64046,0.0
2025-05-19 10:00:00,244.27689993738213,0.0,76.64026,0.0
2025-05-19 10:30:00,257.78707799465434,0.0,76.15642,0.0
2025-05-19 11:00:00,264.2145401753579,0.0,77.05421999999999,0.0
2025-05-19 11:30:00,246.90593441359744,0.0,74.90918,0.0
2025-05-19 12:00:00,281.42163088728364,0.0,77.60794,0.0
2025-05-19 12:30:00,277.7264357454014,0.0,77.93050000000001,0.0
2025-05-19 13:00:00,274.95561632466456,0.0,77.24238,0.0
2025-05-19 13:30:00,259.0165464261376,0.0,77.75848,0.0
2025-05-19 14:00:00,261.7930360750115,0.0,77.30152,0.0
2025-05-19 14:30:00,300.1013370673445,0.0,97.95072,0.0
2025-05-19 15:00:00,261.25019318607616,0.0,99.37,0.0
2025-05-19 15:30:00,246.55542730233427,0.0,103.62778,0.0
2025-05-19 16:00:00,240.93240551698568,0.0,105.3051,0.0
2025-05-19 16:30:00,277.76365240493527,0.0,79.14548,0.0
2025-05-19 17:00:00,284.51738552318005,0.0,90.04802,0.0
2025-05-19 17:30:00,242.9726628069094,0.0,81.0916,0.0
2025-05-19 18:00:00,199.73923039533622,0.0,65.60872,0.0
2025-05-19 18:30:00,190.11363217721112,0.0,63.630340000000004,0.0
2025-05-19 19:00:00,164.35083748879788,0.0,47.21204,0.0
2025-05-19 19:30:00,105.19636764916288,0.0,25.93382,0.0
2025-05-19 20:00:00,68.96601362180168,0.0,0.23654,0.5806
2025-05-19 20:30:00,75.52919300931721,0.0,0.11827999999999998,0.81716
2025-05-19 21:00:00,69.65553680147087,0.0,0.19354,0.59136
2025-05-19 21:30:00,68.32986684069641,0.0,0.26879999999999993,1.10746
2025-05-19 22:00:00,53.14270461480594,0.0,0.0,3.92448
2025-05-19 22:30:00,50.8195759716283,0.0,0.01076,3.7202000000000006
2025-05-19 23:00:00,44.50468243357422,0.0,0.0,4.36532
2025-05-19 23:30:00,47.3044597211436,0.0,0.0,4.21478
2025-05-20 00:00:00,44.891675550040496,0.0,0.0,5.47276
2025-05-20 00:30:00,48.82170052818944,0.0,0.0,4.35456
2025-05-20 01:00:00,53.3203014611466,0.0,0.0,5.51578
2025-05-20 01:30:00,44.91525363648238,0.0,0.0,5.65556
2025-05-20 02:00:00,49.19493244339538,0.0,0.0,5.04268
2025-05-20 02:30:00,54.05825900225449,0.0,0.0,4.9943
2025-05-20 03:00:00,50.019754385324646,0.0,0.0,4.80614
2025-05-20 03:30:00,49.049062220299454,0.0,0.0,4.38682
2025-05-20 04:00:00,48.265306316184436,0.0,0.0,4.33844
2025-05-20 04:30:00,51.1096929046706,0.0,0.0,3.92448
2025-05-20 05:00:00,54.52287966289927,0.0,0.0,3.8384600000000004
2025-05-20 05:30:00,48.38872644465317,0.0,0.0,3.40838
2025-05-20 06:00:00,47.83601414836256,0.0,0.01076,3.95674
2025-05-20 06:30:00,47.342862100877554,0.0,0.0,4.60186
2025-05-20 07:00:00,54.038219764429726,0.0,0.0,4.70938
2025-05-20 07:30:00,69.33736063217444,0.0,9.429499999999999,0.01076
2025-05-20 08:00:00,109.18629545020711,0.0,27.71866,0.0
2025-05-20 08:30:00,196.3401166896128,0.0,72.7803,0.0
2025-05-20 09:00:00,250.2903156367363,0.0,85.29564,0.0
2025-05-20 09:30:00,238.14083070534707,0.0,82.5915,0.0
2025-05-20 10:00:00,259.5869696012959,0.0,82.3926,0.0
2025-05-20 10:30:00,242.36552680255923,0.0,75.71022,0.0
2025-05-20 11:00:00,287.74362500412497,0.0,87.28474,0.0
2025-05-20 11:30:00,275.3144726772638,0.0,93.51015999999998,0.0
2025-05-20 12:00:00,285.8627722920433,0.0,94.5316,0.0
2025-05-20 12:30:00,323.23659923399947,0.0,97.11208,0.0
2025-05-20 13:00:00,294.4200857813112,0.0,95.46702,0.0
2025-05-20 13:30:00,268.41430454954224,0.0,95.18746,0.0
2025-05-20 14:00:00,310.39874569415423,0.0,92.63924,0.0
2025-05-20 14:30:00,254.26449389426358,0.0,93.95098,0.0
2025-05-20 15:00:00,275.42199776260134,0.0,83.04846,0.0
2025-05-20 15:30:00,250.71815491208753,0.0,86.83316,0.0
2025-05-20 16:00:00,267.84665233140055,0.0,82.98394,0.0
2025-05-20 16:30:00,260.2718879761013,0.0,83.5968,0.0
2025-05-20 17:00:00,282.90902346042435,0.0,84.57524,0.0
2025-05-20 17:30:00,278.10525914251406,0.0,89.47814,0.0
2025-05-20 18:00:00,244.53928067739187,0.0,83.86562,0.0
2025-05-20 18:30:00,235.03718606967846,0.0,81.41952,0.0
2025-05-20 19:00:00,204.20788097025434,0.0,81.01634,0.0
2025-05-20 19:30:00,184.91664602196238,0.0,65.10336,0.0
2025-05-20 20:00:00,164.3744856662766,0.0,55.20078,0.0
2025-05-20 20:30:00,142.52826999479024,0.0,54.2116,0.0
2025-05-20 21:00:00,145.5870449505957,0.0,56.00718,0.0
2025-05-20 21:30:00,144.87342927801683,0.0,55.297540000000005,0.0
2025-05-20 22:00:00,134.4916866633917,0.0,48.73882,0.0
2025-05-20 22:30:00,79.99370627412735,0.0,21.33734,0.0
2025-05-20 23:00:00,59.70274726464088,0.0,8.66074,0.0
2025-05-20 23:30:00,59.46584536158133,0.0,8.5586,0.0
2025-05-21 00:00:00,52.8429877727411,0.0,0.0,4.92442
2025-05-21 00:30:00,56.89557149706084,0.0,0.0,4.0535
2025-05-21 01:00:00,51.97605544751473,0.0,0.0,4.55348
2025-05-21 01:30:00,51.82587699473017,0.0,0.0,4.31156
2025-05-21 02:00:00,57.390635914335675,0.0,0.0,4.67174
2025-05-21 02:30:00,52.90705451874,0.0,0.0,4.17178
2025-05-21 03:00:00,53.23248847253103,0.0,0.0,4.2793
2025-05-21 03:30:00,53.64437722230778,0.0,0.0,3.89222
2025-05-21 04:00:00,53.86772163176232,0.0,0.0,3.87072
2025-05-21 04:30:00,50.18633410379167,0.0,0.0,3.55892
2025-05-21 05:00:00,53.761352477491364,0.0,0.0,2.87078
2025-05-21 05:30:00,55.73926225538068,0.0,0.0,3.03206
2025-05-21 06:00:00,55.33149489599728,0.0,0.0,3.52666
2025-05-21 06:30:00,57.74568104507781,0.0,0.0,4.3223
2025-05-21 07:00:00,63.34075541097365,0.0,0.0,5.04268
2025-05-21 07:30:00,77.0618138340485,0.0,0.32794,4.50508
2025-05-21 08:00:00,112.51027733845737,0.0,16.88602,0.0
2025-05-21 08:30:00,205.78044851433913,0.0,74.3501,0.0
2025-05-21 09:00:00,216.5702214335367,0.0,71.96314,0.0
2025-05-21 09:30:00,234.72861157885427,0.0,77.23162,0.0
2025-05-21 10:00:00,249.27550800629706,0.0,114.4658,0.0
2025-05-21 10:30:00,256.5922271623626,0.0,79.55406,0.0
2025-05-21 11:00:00,259.205583889698,0.0,79.26376,0.0
2025-05-21 11:30:00,258.6599052451095,0.0,81.24212,0.0
2025-05-21 12:00:00,266.9783621256916,0.0,80.51098,0.0
2025-05-21 12:30:00,273.342512187984,0.0,80.99482,0.0
2025-05-21 13:00:00,270.39252285101253,0.0,78.05952,0.0
2025-05-21 13:30:00,242.93521166382067,0.0,75.32852,0.0
2025-05-21 14:00:00,231.69772487346677,0.0,74.55438,0.0
2025-05-21 14:30:00,250.77449991210517,0.0,71.9954,0.0
2025-05-21 15:00:00,255.96377242361194,0.0,74.56514,0.0
2025-05-21 15:30:00,261.50058919013935,0.0,78.53262,0.0
2025-05-21 16:00:00,256.2975609120633,0.0,86.52136,0.0
2025-05-21 16:30:00,218.739952020931,0.0,75.95752,0.0
2025-05-21 17:00:00,224.75736262064626,0.0,74.69416,0.0
2025-05-21 17:30:00,231.61255873030387,0.0,74.82318,0.0
2025-05-21 18:00:00,183.2681882029524,0.0,58.74894,0.0
2025-05-21 18:30:00,167.39486976433074,0.0,42.19622,0.0
2025-05-21 19:00:00,141.99659961427898,0.0,42.126340000000006,0.0
2025-05-21 19:30:00,135.42798773852135,0.0,43.1908,0.0
2025-05-21 20:00:00,145.11772127602794,0.0,43.405840000000005,0.0
2025-05-21 20:30:00,136.12950138437077,0.0,43.66388,0.0
2025-05-21 21:00:00,118.12768703534923,0.0,41.578,0.0
2025-05-21 21:30:00,118.85380939227583,0.0,39.92218,0.0
2025-05-21 22:00:00,113.35233002855827,0.0,39.7179,0.0
2025-05-21 22:30:00,56.479827228526474,0.0,7.92422,0.9891800000000001
2025-05-21 23:00:00,39.106409862625,0.0,0.0,5.3545
2025-05-21 23:30:00,36.95725233978357,0.0,0.0,5.76308
2025-05-22 00:00:00,42.656191067073486,0.0,0.03226,1.44076
2025-05-22 00:30:00,45.29583165906882,0.0,0.0,4.64486
2025-05-22 01:00:00,43.53655957708283,0.0,0.0,4.29004
2025-05-22 01:30:00,39.60768992542648,0.0,0.0,5.488900000000001
2025-05-22 02:00:00,43.01343051401435,0.0,0.0,4.91366
2025-05-22 02:30:00,42.73640210208795,0.0,0.0,4.67174
2025-05-22 03:00:00,41.0781900066492,0.0,0.0,4.46208
2025-05-22 03:30:00,43.11146727402861,0.0,0.0,4.49434
2025-05-22 04:00:00,45.77130527151595,0.0,0.0,3.92448
2025-05-22 04:30:00,43.02301659664602,0.0,0.0,4.0535
2025-05-22 05:00:00,42.770695228412364,0.0,0.0,3.66644
2025-05-22 05:30:00,42.694061754805674,0.0,0.0,3.92448
2025-05-22 06:00:00,43.579251946052665,0.0,0.0,4.06426
2025-05-22 06:30:00,42.738965052490485,0.0,0.0,4.46208
2025-05-22 07:00:00,56.72052779886564,0.0,0.0,5.0857
2025-05-22 07:30:00,77.20664344071524,0.0,2.02138,1.1881
2025-05-22 08:00:00,97.46164082914922,0.0,9.9241,0.0
2025-05-22 08:30:00,196.27039824244048,0.0,64.83458,0.0
2025-05-22 09:00:00,223.9552995643535,0.0,71.146,0.0
2025-05-22 09:30:00,233.37944349245774,0.0,67.03872,0.0
2025-05-22 10:00:00,235.88775916328484,0.0,67.1785,0.0
2025-05-22 10:30:00,254.39463959394928,0.0,68.2322,0.0
2025-05-22 11:00:00,230.85736251546516,0.0,71.35028,0.0
2025-05-22 11:30:00,234.50320160868037,0.0,68.87732,0.0
2025-05-22 12:00:00,215.10859720292126,0.0,70.58688,0.0
2025-05-22 12:30:00,240.51689956957475,0.0,79.68308,0.0
2025-05-22 13:00:00,221.40833904240728,0.0,81.33352,0.0
2025-05-22 13:30:00,233.84174262605154,0.0,86.01602,0.0
2025-05-22 14:00:00,277.3134304821897,0.0,83.3065,0.0
2025-05-22 14:30:00,248.08373861836117,0.0,81.79584,0.0
2025-05-22 15:00:00,233.7876358934923,0.0,81.9195,0.0
2025-05-22 15:30:00,247.57174548505878,0.0,81.17762,0.0
2025-05-22 16:00:00,225.12331611671553,0.0,80.2852,0.0
2025-05-22 16:30:00,211.03350167637552,0.0,79.5003,0.0
2025-05-22 17:00:00,158.9479599730527,0.0,20.7191,0.0
2025-05-22 17:30:00,86.85767703218744,0.0,0.3118,1.73108
2025-05-22 18:00:00,75.70679873223683,0.0,0.03226,1.7740800000000003
2025-05-22 18:30:00,63.38885777717925,0.0,0.0215,2.54822
2025-05-22 19:00:00,48.90232843166815,0.0,0.0,4.7954
2025-05-22 19:30:00,54.18630657950059,0.0,0.0,4.8384
2025-05-22 20:00:00,50.65349358325255,0.0,0.0,4.9943
2025-05-22 20:30:00,42.07474348693561,0.0,0.0,5.1502
2025-05-22 21:00:00,55.775742533820186,0.0,0.0,5.18246
2025-05-22 21:30:00,50.16309721632123,0.0,0.0,5.13946
2025-05-22 22:00:00,51.15865809147128,0.0,0.0,5.09644
2025-05-22 22:30:00,52.71847774024384,0.0,0.0,4.62336
2025-05-22 23:00:00,51.534866128362516,0.0,0.0,4.51584
2025-05-22 23:30:00,52.841019401501114,0.0,0.0,4.21478
2025-05-23 00:00:00,59.97181862813772,0.0,0.0,5.24698
2025-05-23 00:30:00,58.98465184713267,0.0,0.0,4.84916
2025-05-23 01:00:00,54.60058429772867,0.0,0.0,4.80614
2025-05-23 01:30:00,55.46805248410084,0.0,0.0,4.55348
2025-05-23 02:00:00,52.45573873004647,0.0,0.0,4.32768
2025-05-23 02:30:00,56.17584652976896,0.0,0.0,4.46208
2025-05-23 03:00:00,60.37038844699053,0.0,0.0,4.94592
2025-05-23 03:30:00,49.389757277966986,0.0,0.0,6.78452
2025-05-23 04:00:00,54.511318867877016,0.0,0.0,6.55872
2025-05-23 04:30:00,55.546226743445295,0.0,0.0,6.39744
2025-05-23 05:00:00,57.35774546134721,0.0,0.0,5.65556
2025-05-23 05:30:00,57.883855448834694,0.0,0.0,6.24692
2025-05-23 06:00:00,59.65693317883661,0.0,0.0,6.54796
2025-05-23 06:30:00,55.90059369890734,0.0,0.0,6.08564
2025-05-23 07:00:00,83.49012101668153,0.0,0.0,6.04262
2025-05-23 07:30:00,102.62388275922535,0.0,1.9138600000000001,1.9891200000000002
2025-05-23 08:00:00,130.76705262526912,0.0,12.84864,0.0
2025-05-23 08:30:00,235.0854866373397,0.0,72.02766,0.0
2025-05-23 09:00:00,246.73351968846316,0.0,73.94688,0.0
2025-05-23 09:30:00,248.71437807881773,0.0,76.7693,0.0
2025-05-23 10:00:00,242.82429369455872,0.0,78.1778,0.0
2025-05-23 10:30:00,255.3076402249475,0.0,80.33896,0.0
2025-05-23 11:00:00,265.01675205301575,0.0,79.19386000000002,0.0
2025-05-23 11:30:00,264.61994034190025,0.0,103.85358,0.0
2025-05-23 12:00:00,290.4256513317649,0.0,120.73422,0.0
2025-05-23 12:30:00,316.3494286136514,0.0,162.51652,0.0
2025-05-23 13:00:00,291.61011271148465,0.0,108.06836,0.0
2025-05-23 13:30:00,238.58524475797222,0.0,77.38214,0.0
2025-05-23 14:00:00,242.40582659236782,0.0,76.50048,0.0
2025-05-23 14:30:00,284.79578416308806,0.0,84.91932,0.0
2025-05-23 15:00:00,317.36066753179057,0.0,146.88846,0.0
2025-05-23 15:30:00,323.7873184644905,0.0,158.08668,0.0
2025-05-23 16:00:00,316.82166742837614,0.0,155.2159,0.0
2025-05-23 16:30:00,332.02466094120575,0.0,140.66842,0.0
2025-05-23 17:00:00,317.8624732622198,0.0,117.60538,0.0
2025-05-23 17:30:00,263.99531033493474,0.0,75.11886,0.0
2025-05-23 18:00:00,227.68585222137014,0.0,62.641160000000006,0.0
2025-05-23 18:30:00,206.30064780581677,0.0,60.996100000000006,0.0
2025-05-23 19:00:00,205.18744862153403,0.0,48.95386,0.0
2025-05-23 19:30:00,114.62163777986194,0.0,14.03136,3.9997400000000005
2025-05-23 20:00:00,75.35288571046486,0.0,0.0,6.60172
2025-05-23 20:30:00,80.66244863737343,0.0,0.0,7.26836
2025-05-23 21:00:00,70.63160573910352,0.0,0.0,8.107
2025-05-23 21:30:00,77.10815288910231,0.0,0.0,8.09626
2025-05-23 22:00:00,80.18856016161352,0.0,0.0,7.05332
2025-05-23 22:30:00,62.473537603622844,0.0,0.0,5.96736
2025-05-23 23:00:00,60.34385784077061,0.0,0.0,4.76852
2025-05-23 23:30:00,64.47430475163232,0.0,0.0,4.11264
2025-05-24 00:00:00,42.449722720598906,0.0,0.0,5.32762
2025-05-24 00:30:00,45.193987851344204,0.0,0.0,5.42976
2025-05-24 01:00:00,45.94508064928126,0.0,0.0,5.23622
2025-05-24 01:30:00,47.090006608057145,0.0,0.0,5.23622
2025-05-24 02:00:00,50.24917333256214,0.0,0.0,5.23622
2025-05-24 02:30:00,42.68375421722,0.0,0.0,4.24704
2025-05-24 03:00:00,51.57580304660091,0.0,0.0,4.15028
2025-05-24 03:30:00,46.26121616402076,0.0,0.0,3.87072
2025-05-24 04:00:00,47.884859345360844,0.0,0.0,3.88148
2025-05-24 04:30:00,43.296169625818415,0.0,0.0,3.7202
2025-05-24 05:00:00,49.43601077946887,0.0,0.0,3.2685999999999997
2025-05-24 05:30:00,47.31102640006842,0.0,0.0,3.46214
2025-05-24 06:00:00,47.40564672549318,0.0,0.0,3.09658
2025-05-24 06:30:00,41.589433583982526,0.0,0.0,3.63418
2025-05-24 07:00:00,47.10403040802551,0.0,0.0,3.97824
2025-05-24 07:30:00,46.51516556744116,0.0,0.0,4.63412
2025-05-24 08:00:00,49.80140279674516,0.0,3.73094,3.6449199999999995
2025-05-24 08:30:00,116.88265074373264,0.0,35.27732,0.0
2025-05-24 09:00:00,119.08819865040758,0.0,37.93306,0.0
2025-05-24 09:30:00,108.81818484078373,0.0,38.01908,0.0
2025-05-24 10:00:00,122.70464843157427,0.0,39.84692,0.0
2025-05-24 10:30:00,115.55051349018,0.0,38.89,0.0
2025-05-24 11:00:00,118.97147109540549,0.0,38.56742,0.0
2025-05-24 11:30:00,118.27657630050547,0.0,38.933,0.0
2025-05-24 12:00:00,123.77768351083958,0.0,44.5348,0.0
2025-05-24 12:30:00,111.16845794231712,0.0,48.55604,0.0
2025-05-24 13:00:00,125.58391765753423,0.0,48.59904,0.0
2025-05-24 13:30:00,118.61993338824102,0.0,47.68512,0.0
2025-05-24 14:00:00,137.89744248936202,0.0,47.2443,0.0
2025-05-24 14:30:00,133.16891823703807,0.0,44.12622,0.0
2025-05-24 15:00:00,132.33578194481893,0.0,46.30886,0.0
2025-05-24 15:30:00,124.17736417729591,0.0,45.82504,0.0
2025-05-24 16:00:00,119.28808462524324,0.0,44.99712,0.0
2025-05-24 16:30:00,119.381892653481,0.0,44.52404,0.0
2025-05-24 17:00:00,136.3594970031275,0.0,46.02932,0.0
2025-05-24 17:30:00,121.39162078151813,0.0,47.45934,0.0
2025-05-24 18:00:00,109.77818179697346,0.0,47.00774,0.0
2025-05-24 18:30:00,123.0321747600503,0.0,40.59956,0.0
2025-05-24 19:00:00,120.52862333012892,0.0,37.22342,0.0
2025-05-24 19:30:00,66.15594521554809,0.0,8.03174,0.13978
2025-05-24 20:00:00,54.165198230147894,0.0,0.0,2.7095
2025-05-24 20:30:00,50.10933804462331,0.0,0.01076,1.54828
2025-05-24 21:00:00,47.21356044538611,0.0,0.0215,1.301
2025-05-24 21:30:00,42.07899592852524,0.0,0.09676,1.5375399999999997
2025-05-24 22:00:00,46.66844066823789,0.0,0.0,3.5589200000000005
2025-05-24 22:30:00,46.92272468271766,0.0,0.0,3.34388
2025-05-24 23:00:00,46.93864253013983,0.0,0.0,2.47296
2025-05-24 23:30:00,46.8869114657138,0.0,0.0,2.36544
2025-05-25 00:00:00,44.108468646462754,0.0,0.0,4.32768
2025-05-25 00:30:00,41.967952031728096,0.0,0.0,4.90292
2025-05-25 01:00:00,44.39188110297345,0.0,0.0,4.37606
2025-05-25 01:30:00,49.925060551963156,0.0,0.0,3.6879400000000007
2025-05-25 02:00:00,44.22028919881489,0.0,0.0,4.23092
2025-05-25 02:30:00,45.89678287895349,0.0,0.0,3.7309399999999995
2025-05-25 03:00:00,46.6353216785811,0.0,0.0,3.5266599999999997
2025-05-25 03:30:00,50.969468388464655,0.0,0.0,3.1826
2025-05-25 04:00:00,46.872629968523206,0.0,0.0,2.90304
2025-05-25 04:30:00,48.092831682603304,0.0,0.0,3.4406400000000006
2025-05-25 05:00:00,45.54912759084906,0.0,0.0,2.731
2025-05-25 05:30:00,46.50047052209203,0.0,0.01076,2.67724
2025-05-25 06:00:00,47.17496814379819,0.0,0.0,2.65574
2025-05-25 06:30:00,45.15774923015817,0.0,0.0,2.25792
2025-05-25 07:00:00,43.97207219865263,0.0,0.0,3.2040999999999995
2025-05-25 07:30:00,48.10681892837134,0.0,0.0,2.4622
2025-05-25 08:00:00,48.85685247012072,0.0,2.9138,1.6235599999999997
2025-05-25 08:30:00,110.92083476724233,0.0,41.56724,0.0
2025-05-25 09:00:00,125.27816700894978,0.0,45.9648,0.0
2025-05-25 09:30:00,115.74325255433756,0.0,45.80352,0.0
2025-05-25 10:00:00,129.45121566036445,0.0,46.17984,0.0
2025-05-25 10:30:00,122.59864158143664,0.0,44.80358,0.0
2025-05-25 11:00:00,121.05540280750178,0.0,44.5993,0.0
2025-05-25 11:30:00,109.74618364802188,0.0,44.45952,0.0
2025-05-25 12:00:00,120.45876515271391,0.0,44.58856,0.0
2025-05-25 12:30:00,123.75609162593871,0.0,45.05088,0.0
2025-05-25 13:00:00,132.5188833307271,0.0,44.73908,0.0
2025-05-25 13:30:00,126.58560136533674,0.0,44.76058,0.0
2025-05-25 14:00:00,128.3284477539626,0.0,42.35214,0.0
2025-05-25 14:30:00,112.68967916285891,0.0,40.80384,0.0
2025-05-25 15:00:00,120.15612671324463,0.0,42.35214,0.0
2025-05-25 15:30:00,120.02646553847705,0.0,35.36334,0.0
2025-05-25 16:00:00,88.24988598142643,0.0,25.826299999999996,0.0
2025-05-25 16:30:00,56.72251783470267,0.0,1.8385999999999998,1.387
2025-05-25 17:00:00,46.79077034029872,0.0,0.0,3.94598
2025-05-25 17:30:00,45.01191498565963,0.0,0.0,3.89222
2025-05-25 18:00:00,43.039321341769636,0.0,0.0,3.6556799999999994
2025-05-25 18:30:00,42.09425767504033,0.0,0.0,4.18252
2025-05-25 19:00:00,48.816762800268556,0.0,0.0,4.47284
2025-05-25 19:30:00,46.11341659629112,0.0,0.0,4.661
2025-05-25 20:00:00,45.74378683897444,0.0,0.0,4.3223
2025-05-25 20:30:00,45.962093251376785,0.0,0.0,3.87072
2025-05-25 21:00:00,46.872704533698744,0.0,0.0,3.66644
2025-05-25 21:30:00,45.96286067777437,0.0,0.0,3.52666
2025-05-25 22:00:00,47.83465971927915,0.0,0.0,3.1933400000000005
2025-05-25 22:30:00,48.33801727693132,0.0,0.0,3.07508
2025-05-25 23:00:00,44.140159822027094,0.0,0.0,3.5374
2025-05-25 23:30:00,43.541758073623484,0.0,0.0,3.3976399999999995
2025-05-26 00:00:00,41.84387573916835,0.0,0.0,2.04288
2025-05-26 00:30:00,44.87673895565441,0.0,0.0,1.93536
2025-05-26 01:00:00,42.78176800208532,0.0,0.0,2.9998
2025-05-26 01:30:00,41.49148225522259,0.0,0.0,4.3008
2025-05-26 02:00:00,40.89101308624817,0.0,0.0,3.96748
2025-05-26 02:30:00,41.772430011391904,0.0,0.01076,3.65568
2025-05-26 03:00:00,45.536046089865025,0.0,0.0,3.92448
2025-05-26 03:30:00,40.41131724700823,0.0,0.0,3.73094
2025-05-26 04:00:00,41.307605255525836,0.0,0.0,3.3116199999999996
2025-05-26 04:30:00,40.18136491485758,0.0,0.0,3.3438799999999995
2025-05-26 05:00:00,39.44970293675616,0.0,0.0,2.78476
2025-05-26 05:30:00,43.68511054116528,0.0,0.0,2.731
2025-05-26 06:00:00,43.03921773598065,0.0,0.0,3.21484
2025-05-26 06:30:00,50.37342094039687,0.0,0.43008,0.47308000000000006
2025-05-26 07:00:00,53.02097039711477,0.0,0.12902,0.74188
2025-05-26 07:30:00,65.65367273599175,0.0,0.01076,2.31168
2025-05-26 08:00:00,103.86312392530753,0.0,15.515139999999999,0.56448
2025-05-26 08:30:00,219.57491096900222,0.0,77.99502,0.0
2025-05-26 09:00:00,228.42434556418303,0.0,77.02734,0.0
2025-05-26 09:30:00,257.0216977674948,0.0,73.64046,0.0
2025-05-26 10:00:00,260.7681620607871,0.0,76.64026,0.0
2025-05-26 10:30:00,265.37689829267833,0.0,76.15642,0.0
2025-05-26 11:00:00,245.4038340546953,0.0,77.05422,0.0
2025-05-26 11:30:00,270.56721041239354,0.0,74.90918,0.0
2025-05-26 12:00:00,273.90155468718615,0.0,77.60794,0.0
2025-05-26 12:30:00,269.3666725293946,0.0,77.9305,0.0
2025-05-26 13:00:00,253.2216087961065,0.0,77.24238,0.0
2025-05-26 13:30:00,270.3653043945027,0.0,77.75848,0.0
2025-05-26 14:00:00,279.7205990379644,0.0,77.30152,0.0
2025-05-26 14:30:00,255.52420151160686,0.0,97.95072,0.0
2025-05-26 15:00:00,274.80396621959454,0.0,99.37,0.0
2025-05-26 15:30:00,222.72292193983193,0.0,103.62778,0.0
2025-05-26 16:00:00,269.6715077775227,0.0,105.3051,0.0
2025-05-26 16:30:00,231.4712055069094,0.0,79.14548,0.0
2025-05-26 17:00:00,254.5380827744608,0.0,90.04802,0.0
2025-05-26 17:30:00,238.02510544022584,0.0,81.0916,0.0
2025-05-26 18:00:00,205.04251097796447,0.0,65.60872,0.0
2025-05-26 18:30:00,201.34869666633813,0.0,63.63034,0.0
2025-05-26 19:00:00,140.4885823501571,0.0,47.212039999999995,0.0
2025-05-26 19:30:00,110.41226750505056,0.0,25.93382,0.0
2025-05-26 20:00:00,74.52375758320356,0.0,0.23654,0.5806
2025-05-26 20:30:00,73.53098576347102,0.0,0.11828,0.81716
2025-05-26 21:00:00,70.06494320964539,0.0,0.19354,0.5913600000000001
2025-05-26 21:30:00,62.879253928501164,0.0,0.2688,1.10746
2025-05-26 22:00:00,52.428077391943276,0.0,0.0,3.92448
2025-05-26 22:30:00,53.5270003607542,0.0,0.01076,3.7202
2025-05-26 23:00:00,49.86998364356375,0.0,0.0,4.36532
2025-05-26 23:30:00,47.11357138718135,0.0,0.0,4.21478
2025-05-27 00:00:00,57.32768506296352,0.0,0.0,3.58042
2025-05-27 00:30:00,52.90074343533461,0.0,0.0,3.07508
2025-05-27 01:00:00,54.12758271462446,0.0,0.0,3.09658
2025-05-27 01:30:00,54.97957346714618,0.0,0.0,3.15034
2025-05-27 02:00:00,49.68378925681126,0.0,0.01076,2.23642
2025-05-27 02:30:00,53.46767981474682,0.0,0.0,2.40844
2025-05-27 03:00:00,53.469332089706946,0.0,0.0,2.51596
2025-05-27 03:30:00,59.01390636224033,0.0,0.0,3.56966
2025-05-27 04:00:00,50.005071284195175,0.0,0.0,3.8922200000000005
2025-05-27 04:30:00,51.48410152386718,0.0,0.0,3.5159
2025-05-27 05:00:00,51.52398641730608,0.0,0.0,3.05356
2025-05-27 05:30:00,51.419458148699675,0.0,0.0,2.9353
2025-05-27 06:00:00,55.69440268071384,0.0,0.0,3.34388
2025-05-27 06:30:00,55.777127296207496,0.0,0.0,3.46214
2025-05-27 07:00:00,59.35817654715283,0.0,0.12902,4.16102
2025-05-27 07:30:00,79.74133147534265,0.0,1.4730199999999998,0.32794000000000006
2025-05-27 08:00:00,101.78419501689285,0.0,7.85972,0.03226
2025-05-27 08:30:00,196.24935820743966,0.0,60.60904,0.0
2025-05-27 09:00:00,209.96221341244907,0.0,68.56552,0.0
2025-05-27 09:30:00,239.85377098632105,0.0,66.36136,0.0
2025-05-27 10:00:00,242.2362085665061,0.0,68.67304,0.0
2025-05-27 10:30:00,233.2798113617987,0.0,68.8128,0.0
2025-05-27 11:00:00,256.7246396740833,0.0,80.73678,0.0
2025-05-27 11:30:00,260.61610330621426,0.0,80.62926,0.0
2025-05-27 12:00:00,243.74130666440834,0.0,80.8013,0.0
2025-05-27 12:30:00,254.59527748813656,0.0,86.1988,0.0
2025-05-27 13:00:00,292.36427172216014,0.0,87.86536,0.0
2025-05-27 13:30:00,275.7028974741213,0.0,86.99982,0.0
2025-05-27 14:00:00,234.9600403269676,0.0,85.19348,0.0
2025-05-27 14:30:00,242.89736934353422,0.0,81.41952,0.0
2025-05-27 15:00:00,238.8607365413032,0.0,77.22088,0.0
2025-05-27 15:30:00,260.53562244180796,0.0,72.0384,0.0
2025-05-27 16:00:00,241.74032200198303,0.0,70.44712,0.0
2025-05-27 16:30:00,252.0217115649125,0.0,72.09218,0.0
2025-05-27 17:00:00,282.4708224561285,0.0,72.90932,0.0
2025-05-27 17:30:00,255.74502399192326,0.0,73.73184,0.0
2025-05-27 18:00:00,228.44706229433095,0.0,62.22184000000001,0.0
2025-05-27 18:30:00,210.36556015102505,0.0,56.80282,0.0
2025-05-27 19:00:00,190.67256312209332,0.0,55.98568,0.0
2025-05-27 19:30:00,190.73456834410317,0.0,55.94266,0.0
2025-05-27 20:00:00,114.78016872269261,0.0,28.10574,0.0
2025-05-27 20:30:00,98.72849502456857,0.0,9.6123,0.0
2025-05-27 21:00:00,69.4517806911435,0.0,0.97844,0.10752000000000002
2025-05-27 21:30:00,62.04145587765935,0.0,0.16128,1.74182
2025-05-27 22:00:00,59.04437538828333,0.0,0.0,2.60736
2025-05-27 22:30:00,58.34034559678959,0.0,0.0,3.9997399999999996
2025-05-27 23:00:00,55.04464021682194,0.0,0.0,4.06426
2025-05-27 23:30:00,48.13786865296303,0.0,0.0,4.12876
2025-05-28 00:00:00,43.692970269381505,0.0,0.08602,1.20422
2025-05-28 00:30:00,44.062920176555586,0.0,0.0,3.61268
2025-05-28 01:00:00,43.81315390640464,0.0,0.0,3.7954600000000003
2025-05-28 01:30:00,46.05570143904404,0.0,0.0,4.65562
2025-05-28 02:00:00,46.04407532338754,0.0,0.0,5.45126
2025-05-28 02:30:00,46.414915546433086,0.0,0.0,5.67706
2025-05-28 03:00:00,48.42883071066723,0.0,0.0,5.53728
2025-05-28 03:30:00,45.56319075836561,0.0,0.0,4.97818
2025-05-28 04:00:00,46.721764191583745,0.0,0.0,5.1287
2025-05-28 04:30:00,44.385544965671706,0.0,0.0,4.76852
2025-05-28 05:00:00,42.82818346875667,0.0,0.0,4.94592
2025-05-28 05:30:00,44.09230404127661,0.0,0.0,4.38682
2025-05-28 06:00:00,48.50098833901125,0.0,0.0,4.5481
2025-05-28 06:30:00,45.18345827195499,0.0,0.0,5.59104
2025-05-28 07:00:00,48.39371289217357,0.0,0.0,5.13946
2025-05-28 07:30:00,65.8470895167872,0.0,1.29024,2.67724
2025-05-28 08:00:00,99.27358798676914,0.0,17.4505,0.0
2025-05-28 08:30:00,221.13485243863954,0.0,68.46874,0.0
2025-05-28 09:00:00,234.26561302078724,0.0,73.93076,0.0
2025-05-28 09:30:00,262.15809772729864,0.0,85.22036,0.0
2025-05-28 10:00:00,265.41823371423726,0.0,83.42478,0.0
2025-05-28 10:30:00,233.45917211615645,0.0,73.24264,0.0
2025-05-28 11:00:00,242.36873129821055,0.0,71.10298,0.0
2025-05-28 11:30:00,249.29261138331276,0.0,72.51686,0.0
2025-05-28 12:00:00,249.74930071468128,0.0,75.97364,0.0
2025-05-28 12:30:00,255.2577133909164,0.0,78.81754,0.0
2025-05-28 13:00:00,231.95400042174398,0.0,77.71546,0.0
2025-05-28 13:30:00,254.26546242607532,0.0,80.89806,0.0
2025-05-28 14:00:00,240.5603721713705,0.0,77.02734,0.0
2025-05-28 14:30:00,258.7758822996432,0.0,76.5865,0.0
2025-05-28 15:00:00,276.3639833439066,0.0,78.9627,0.0
2025-05-28 15:30:00,280.04603725255595,0.0,79.14548,0.0
2025-05-28 16:00:00,270.5173247897576,0.0,74.04904,0.0
2025-05-28 16:30:00,276.48022259333703,0.0,75.7801,0.0
2025-05-28 17:00:00,270.56047439978687,0.0,73.79098,0.0
2025-05-28 17:30:00,268.45989346466325,0.0,69.5977,0.0
2025-05-28 18:00:00,216.68435814419388,0.0,59.63060000000001,0.0
2025-05-28 18:30:00,216.6819725893384,0.0,61.67348,0.0
2025-05-28 19:00:00,196.88558655865288,0.0,57.039359999999995,0.0
2025-05-28 19:30:00,131.59179222944005,0.0,30.0626,0.0
2025-05-28 20:00:00,93.25297742805586,0.0,2.69876,0.20428
2025-05-28 20:30:00,90.62387037987743,0.0,0.08602,1.17196
2025-05-28 21:00:00,79.01762075053263,0.0,0.010759999999999999,2.4192
2025-05-28 21:30:00,68.3896301376231,0.0,0.0,2.4622
2025-05-28 22:00:00,73.52942801665631,0.0,0.0,2.26868
2025-05-28 22:30:00,68.99173883507606,0.0,0.0,5.1502
2025-05-28 23:00:00,54.32657087028139,0.0,0.0,5.19322
2025-05-28 23:30:00,59.10795193762281,0.0,0.0,5.18246
2025-05-29 00:00:00,50.05705613202175,0.0,0.0,4.70938
2025-05-29 00:30:00,47.76658470135552,0.0,0.0,5.83834
2025-05-29 01:00:00,53.40380717903579,0.0,0.0,6.32218
2025-05-29 01:30:00,49.9591512973567,0.0,0.0,5.78458
2025-05-29 02:00:00,49.9378259996115,0.0,0.0,6.82752
2025-05-29 02:30:00,54.244339123206494,0.0,0.0,6.66624
2025-05-29 03:00:00,51.06010875528619,0.0,0.0,6.15014
2025-05-29 03:30:00,52.47429141907757,0.0,0.0,6.30068
2025-05-29 04:00:00,51.05125150426878,0.0,0.0,6.03188
2025-05-29 04:30:00,52.66600769000628,0.0,0.0,5.26848
2025-05-29 05:00:00,51.24497937937709,0.0,0.0,6.08564
2025-05-29 05:30:00,54.55232151969581,0.0,0.0,5.9136
2025-05-29 06:00:00,50.561607311527,0.0,0.0,5.56954
2025-05-29 06:30:00,47.872273324422224,0.0,0.0,6.33294
2025-05-29 07:00:00,70.27974678919774,0.0,0.0,6.6985
2025-05-29 07:30:00,99.6545231217907,0.0,0.06452,3.07508
2025-05-29 08:00:00,119.25914056510064,0.0,6.54796,0.20428
2025-05-29 08:30:00,221.10237451141714,0.0,95.30574,0.0
2025-05-29 09:00:00,249.61593897182092,0.0,111.99286,0.0
2025-05-29 09:30:00,283.8229679741491,0.0,118.59458,0.0
2025-05-29 10:00:00,305.8675285583932,0.0,126.09948,0.0
2025-05-29 10:30:00,292.11143832861694,0.0,125.4651,0.0
2025-05-29 11:00:00,298.9730425086978,0.0,123.08891999999999,0.0
2025-05-29 11:30:00,288.10259443431147,0.0,126.86286,0.0
2025-05-29 12:00:00,307.54703625690405,0.0,122.25025999999998,0.0
2025-05-29 12:30:00,296.0516934452543,0.0,123.38996,0.0
2025-05-29 13:00:00,300.19615409780164,0.0,125.33608,0.0
2025-05-29 13:30:00,282.6982385180428,0.0,120.27188,0.0
2025-05-29 14:00:00,274.38163722031646,0.0,98.46682000000001,0.0
2025-05-29 14:30:00,266.4805886615118,0.0,71.66208,0.0
2025-05-29 15:00:00,254.12487089348676,0.0,73.35552,0.0
2025-05-29 15:30:00,265.3208148990471,0.0,72.32872,0.0
2025-05-29 16:00:00,264.4912184575419,0.0,73.6297,0.0
2025-05-29 16:30:00,278.9451372793907,0.0,77.17786,0.0
2025-05-29 17:00:00,265.2361316343744,0.0,73.84474,0.0
2025-05-29 17:30:00,209.86610762576697,0.0,59.44781999999999,0.0
2025-05-29 18:00:00,209.21280638181972,0.0,53.30842,0.0
2025-05-29 18:30:00,209.16177654165608,0.0,54.72768000000001,0.0
2025-05-29 19:00:00,158.1385378698494,0.0,33.4226,0.0
2025-05-29 19:30:00,112.18358550099035,0.0,17.51502,3.66644
2025-05-29 20:00:00,71.5288698964938,0.0,0.0,6.73076
2025-05-29 20:30:00,69.4290597118833,0.0,0.0,6.27916
2025-05-29 21:00:00,59.670199856848626,0.0,0.0,7.47264
2025-05-29 21:30:00,50.84525057980706,0.0,0.0,7.11782
2025-05-29 22:00:00,55.40314627509732,0.0,0.0,5.88134
2025-05-29 22:30:00,62.60605323964135,0.0,0.0,5.6878
2025-05-29 23:00:00,56.363928164354206,0.0,0.0,6.22542
2025-05-29 23:30:00,52.84951784911891,0.0,0.0,5.43514
2025-05-30 00:00:00,46.09581283671359,0.0,0.0,3.7847000000000004
2025-05-30 00:30:00,46.77744872641833,0.0,0.0,4.37606
2025-05-30 01:00:00,43.32998463439984,0.0,0.0,5.838339999999999
2025-05-30 01:30:00,47.198055562529326,0.0,0.0,5.1287
2025-05-30 02:00:00,42.92945700664868,0.0,0.0,5.30074
2025-05-30 02:30:00,43.85245889630652,0.0,0.0,5.67706
2025-05-30 03:00:00,44.821715960111625,0.0,0.0,5.49428
2025-05-30 03:30:00,47.81517444706322,0.0,0.0,4.97818
2025-05-30 04:00:00,44.23818913076241,0.0,0.0,4.98892
2025-05-30 04:30:00,43.735120222894544,0.0,0.0,4.32768
2025-05-30 05:00:00,44.419659453673276,0.0,0.0,4.33844
2025-05-30 05:30:00,40.954285673791,0.0,0.0,4.23092
2025-05-30 06:00:00,40.137382675705595,0.0,0.0,4.36532
2025-05-30 06:30:00,45.183479403080604,0.0,0.0,5.28998
2025-05-30 07:00:00,49.40816798691777,0.0,0.0,4.8599
2025-05-30 07:30:00,62.317406812161934,0.0,0.0,4.21478
2025-05-30 08:00:00,112.9301144376838,0.0,9.44026,0.72038
2025-05-30 08:30:00,230.99527707361827,0.0,69.95252,0.0
2025-05-30 09:00:00,236.7757471224772,0.0,69.76974,0.0
2025-05-30 09:30:00,257.275960584626,0.0,68.89882,0.0
2025-05-30 10:00:00,245.94548172558288,0.0,68.17844,0.0
2025-05-30 10:30:00,253.79745280177022,0.0,69.11924,0.0
2025-05-30 11:00:00,246.87775049812538,0.0,67.90964,0.0
2025-05-30 11:30:00,232.18534513905126,0.0,73.5437,0.0
2025-05-30 12:00:00,261.73386335688156,0.0,75.65108,0.0
2025-05-30 12:30:00,219.31994014102634,0.0,78.70466,0.0
2025-05-30 13:00:00,194.45068797020616,0.0,56.58778000000001,0.0
2025-05-30 13:30:00,180.6146697382056,0.0,49.4592,0.0
2025-05-30 14:00:00,169.32587852860692,0.0,48.08296,0.0
2025-05-30 14:30:00,176.60315715290116,0.0,51.12576000000001,0.0
2025-05-30 15:00:00,275.590042899882,0.0,80.5755,0.0
2025-05-30 15:30:00,282.6311658372673,0.0,81.02708,0.0
2025-05-30 16:00:00,255.041405030958,0.0,82.27432,0.0
2025-05-30 16:30:00,258.59167926371214,0.0,77.99502,0.0
2025-05-30 17:00:00,241.05218962074147,0.0,78.22618,0.0
2025-05-30 17:30:00,205.0932393388068,0.0,43.51872,0.0
2025-05-30 18:00:00,115.39942961997002,0.0,2.1289,0.45158000000000004
2025-05-30 18:30:00,82.44434074484613,0.0,0.2258,0.63436
2025-05-30 19:00:00,81.55857665501729,0.0,0.043,1.66656
2025-05-30 19:30:00,70.14736038531059,0.0,0.0,2.63424
2025-05-30 20:00:00,69.87550389795405,0.0,0.0,2.63424
2025-05-30 20:30:00,55.21739044718728,0.0,0.01076,3.7847
2025-05-30 21:00:00,56.21604863443913,0.0,0.0,2.3977
2025-05-30 21:30:00,57.84677920160513,0.0,0.0215,1.3655
2025-05-30 22:00:00,45.246690183126645,0.0,0.15052,0.8171600000000001
2025-05-30 22:30:00,44.96441517984371,0.0,0.01076,2.98906
2025-05-30 23:00:00,43.039393400831784,0.0,0.0,3.29012
2025-05-30 23:30:00,44.92344116454081,0.0,0.0,3.32236
2025-05-31 00:00:00,62.39469275957392,0.0,0.0,3.84922
2025-05-31 00:30:00,54.389635246488965,0.0,0.0,4.93516
2025-05-31 01:00:00,61.98587249205215,0.0,0.0,4.22016
2025-05-31 01:30:00,66.88299466568269,0.0,0.0,4.09652
2025-05-31 02:00:00,64.04516775037757,0.0,0.0,4.5696
2025-05-31 02:30:00,57.61595535464862,0.0,0.0,4.73088
2025-05-31 03:00:00,58.217130830040375,0.0,0.0,4.17178
2025-05-31 03:30:00,63.218551264763654,0.0,0.0,2.80628
2025-05-31 04:00:00,60.967086163548935,0.0,0.0,2.51596
2025-05-31 04:30:00,62.25661612362725,0.0,0.0,3.4514
2025-05-31 05:00:00,65.0308374382899,0.0,0.01076,2.40844
2025-05-31 05:30:00,63.8635310497765,0.0,0.0,3.44064
2025-05-31 06:00:00,55.90469092369419,0.0,0.0,3.6879400000000007
2025-05-31 06:30:00,63.38583036836602,0.0,0.0,2.30092
2025-05-31 07:00:00,61.13060734814798,0.0,0.19354,2.48372
2025-05-31 07:30:00,66.59469670237408,0.0,4.55348,0.0
2025-05-31 08:00:00,88.11958309759704,0.0,18.5042,0.0
2025-05-31 08:30:00,159.97327262922977,0.0,56.49102,0.0
2025-05-31 09:00:00,165.8083613616598,0.0,56.10394000000001,0.0
2025-05-31 09:30:00,155.0647931628373,0.0,53.738499999999995,0.0
2025-05-31 10:00:00,153.09816729036,0.0,52.79231999999999,0.0
2025-05-31 10:30:00,154.51772283719123,0.0,53.31918,0.0
2025-05-31 11:00:00,141.1592216805378,0.0,54.10406,0.0
2025-05-31 11:30:00,164.75716313571957,0.0,52.54502,0.0
2025-05-31 12:00:00,154.9107295759142,0.0,54.98573999999999,0.0
2025-05-31 12:30:00,161.08005724961882,0.0,55.3298,0.0
2025-05-31 13:00:00,158.84457653558124,0.0,54.45888,0.0
2025-05-31 13:30:00,146.97440646795192,0.0,55.093259999999994,0.0
2025-05-31 14:00:00,148.8299183018951,0.0,53.74926,0.0
2025-05-31 14:30:00,162.92155639699,0.0,51.63112,0.0
2025-05-31 15:00:00,156.63871179251754,0.0,54.08256,0.0
2025-05-31 15:30:00,147.4262153699424,0.0,52.74932,0.0
2025-05-31 16:00:00,151.14388575185265,0.0,52.81384,0.0
2025-05-31 16:30:00,156.5808168913155,0.0,50.4914,0.0
2025-05-31 17:00:00,79.69387358085584,0.0,5.042679999999999,1.6558
2025-05-31 17:30:00,59.29876820583411,0.0,0.0,2.25792
2025-05-31 18:00:00,66.99570239119966,0.0,0.0,2.38156
2025-05-31 18:30:00,65.18702599577513,0.0,0.01076,2.25792
2025-05-31 19:00:00,61.720263522766,0.0,0.0,2.09664
2025-05-31 19:30:00,56.90656532214955,0.0,0.0,2.51596
2025-05-31 20:00:00,65.74544120715454,0.0,0.0,1.89236
2025-05-31 20:30:00,64.73935638794624,0.0,0.01076,2.08588
2025-05-31 21:00:00,56.959807704584534,0.0,0.0,2.4407
2025-05-31 21:30:00,59.955143511244216,0.0,0.0,2.36544
2025-05-31 22:00:00,72.21619737838446,0.0,0.0,2.1289
2025-05-31 22:30:00,63.94057209754724,0.0,0.03226,1.20422
2025-05-31 23:00:00,58.9087279790086,0.0,0.03226,1.22572
2025-05-31 23:30:00,60.05527002021542,0.0,0.15052,0.65588
2025-06-01 00:00:00,42.36837858356205,0.0,0.0,6.4942
2025-06-01 00:30:00,44.16049544298521,0.0,0.0,6.70926
2025-06-01 01:00:00,41.73449515942091,0.0,0.0,6.117880000000001
2025-06-01 01:30:00,43.01402571674522,0.0,0.0,6.4727
2025-06-01 02:00:00,45.753690797267346,0.0,0.0,6.11788
2025-06-01 02:30:00,44.644017420009824,0.0,0.0,5.92436
2025-06-01 03:00:00,41.18463490882906,0.0,0.0,6.171640000000001
2025-06-01 03:30:00,46.8658341955656,0.0,0.0,5.1287
2025-06-01 04:00:00,46.57257373050118,0.0,0.0,4.8384
2025-06-01 04:30:00,41.376489670320176,0.0,0.0,4.7954
2025-06-01 05:00:00,42.36311787272466,0.0,0.0,3.92448
2025-06-01 05:30:00,43.921436690805216,0.0,0.0,3.9352400000000003
2025-06-01 06:00:00,45.8415359696002,0.0,0.0,4.12876
2025-06-01 06:30:00,45.373182300575024,0.0,0.0,4.11264
2025-06-01 07:00:00,46.37635725693338,0.0,0.0,3.9997399999999996
2025-06-01 07:30:00,41.38352356985319,0.0,0.0,4.661
2025-06-01 08:00:00,42.425606075660106,0.0,0.08602,3.5911600000000004
2025-06-01 08:30:00,107.70021130830993,0.0,33.98708,0.05376
2025-06-01 09:00:00,114.04674484652546,0.0,42.85748,0.0
2025-06-01 09:30:00,128.63673864457584,0.0,44.1047,0.0
2025-06-01 10:00:00,125.43226993296821,0.0,47.36256,0.0
2025-06-01 10:30:00,139.53245082909675,0.0,49.57748,0.0
2025-06-01 11:00:00,154.3061857753066,0.0,51.21178,0.0
2025-06-01 11:30:00,141.97014895054306,0.0,51.38382,0.0
2025-06-01 12:00:00,154.52977707970848,0.0,51.46982,0.0
2025-06-01 12:30:00,133.87527985030243,0.0,54.10406,0.0
2025-06-01 13:00:00,147.86898019294694,0.0,55.66311999999999,0.0
2025-06-01 13:30:00,157.56179200901036,0.0,58.2436,0.0
2025-06-01 14:00:00,186.24836964636094,0.0,62.64116,0.0
2025-06-01 14:30:00,162.09728898141134,0.0,62.55514,0.0
2025-06-01 15:00:00,158.3837080450061,0.0,57.16838,0.0
2025-06-01 15:30:00,151.78021855265396,0.0,49.91080000000001,0.0
2025-06-01 16:00:00,137.97805525253608,0.0,49.40544,0.0
2025-06-01 16:30:00,132.14389429999986,0.0,44.90036,0.0
2025-06-01 17:00:00,55.74262955626034,0.0,4.19328,3.17184
2025-06-01 17:30:00,41.03500783160037,0.0,0.0,4.73088
2025-06-01 18:00:00,43.502276447125034,0.0,0.0,4.5696
2025-06-01 18:30:00,46.02552043706496,0.0,0.0,5.05344
2025-06-01 19:00:00,45.127091631496974,0.0,0.0,4.8169
2025-06-01 19:30:00,43.77460947334878,0.0,0.0,5.20396
2025-06-01 20:00:00,45.98009447625438,0.0,0.0,4.76314
2025-06-01 20:30:00,47.03830421849245,0.0,0.0,4.36532
2025-06-01 21:00:00,45.58516873329276,0.0,0.0,4.90292
2025-06-01 21:30:00,44.24700613624396,0.0,0.0,4.5911
2025-06-01 22:00:00,49.489881974972974,0.0,0.0,4.06426
2025-06-01 22:30:00,49.16336297915634,0.0,0.0,3.56966
2025-06-01 23:00:00,47.553327580726624,0.0,0.0,3.81696
2025-06-01 23:30:00,43.011904898708835,0.0,0.0,4.38682
2025-06-02 00:00:00,41.03413863567508,0.0,0.0,2.9568
2025-06-02 00:30:00,39.240446643081164,0.0,0.010760000000000002,2.7148800000000004
2025-06-02 01:00:00,37.24858858556054,0.0,0.0,2.60198
2025-06-02 01:30:00,39.310774075789254,0.0,0.0,2.92454
2025-06-02 02:00:00,40.178276872164524,0.0,0.0,4.62336
2025-06-02 02:30:00,38.720795994747775,0.0,0.0,4.5481
2025-06-02 03:00:00,37.804358231992566,0.0,0.0,4.92442
2025-06-02 03:30:00,39.63922506763569,0.0,0.0,4.26854
2025-06-02 04:00:00,43.47990519763482,0.0,0.0,3.93524
2025-06-02 04:30:00,35.99030921868541,0.0,0.0,3.38688
2025-06-02 05:00:00,40.13435806952025,0.0,0.0,3.91372
2025-06-02 05:30:00,39.82583310424129,0.0,0.0,3.42988
2025-06-02 06:00:00,38.67312873869609,0.0,0.0,3.82772
2025-06-02 06:30:00,37.40794280243373,0.0,0.0,5.05344
2025-06-02 07:00:00,44.14202369693803,0.0,0.0,5.34374
2025-06-02 07:30:00,61.10604062396236,0.0,0.98918,2.9568
2025-06-02 08:00:00,97.38544321009307,0.0,12.82714,0.0215
2025-06-02 08:30:00,219.45791678679473,0.0,67.2699,0.0
2025-06-02 09:00:00,257.87646686385716,0.0,68.60852,0.0
2025-06-02 09:30:00,258.13213345682317,0.0,70.8987,0.0
2025-06-02 10:00:00,246.19601564238772,0.0,70.47938,0.0
2025-06-02 10:30:00,270.6038392087025,0.0,79.7906,0.0
2025-06-02 11:00:00,271.4424081405355,0.0,81.2475,0.0
2025-06-02 11:30:00,257.44027912451554,0.0,82.91944,0.0
2025-06-02 12:00:00,244.23207918417796,0.0,82.82266,0.0
2025-06-02 12:30:00,231.8862289788733,0.0,82.31732,0.0
2025-06-02 13:00:00,260.22135098644185,0.0,86.85466,0.0
2025-06-02 13:30:00,252.04946699854023,0.0,84.10214,0.0
2025-06-02 14:00:00,228.88599443465736,0.0,77.3714,0.0
2025-06-02 14:30:00,269.7393482781612,0.0,86.4676,0.0
2025-06-02 15:00:00,257.01272482232224,0.0,82.82266,0.0
2025-06-02 15:30:00,277.88938987973023,0.0,80.81204,0.0
2025-06-02 16:00:00,260.2103285129697,0.0,80.00564,0.0
2025-06-02 16:30:00,250.49417903521646,0.0,75.83386,0.0
2025-06-02 17:00:00,272.6505129135437,0.0,77.24238,0.0
2025-06-02 17:30:00,270.5090606841604,0.0,79.34976,0.0
2025-06-02 18:00:00,226.18846307275683,0.0,70.78042,0.0
2025-06-02 18:30:00,185.33016098575325,0.0,59.985420000000005,0.0
2025-06-02 19:00:00,177.543005417162,0.0,50.70644,0.0
2025-06-02 19:30:00,95.03506251691596,0.0,19.19232,0.0
2025-06-02 20:00:00,77.49303613355565,0.0,0.8494,0.05376
2025-06-02 20:30:00,58.617983575483734,0.0,0.13978,0.86016
2025-06-02 21:00:00,52.45174786738685,0.0,0.01076,2.13964
2025-06-02 21:30:00,43.208336397376755,0.0,0.01076,1.39776
2025-06-02 22:00:00,43.943002647714316,0.0,0.13978,1.26874
2025-06-02 22:30:00,45.06451095029686,0.0,0.0,3.8707200000000004
2025-06-02 23:00:00,38.94986330768975,0.0,0.0,4.29004
2025-06-02 23:30:00,41.5279908259961,0.0,0.0,4.08576
2025-06-03 00:00:00,52.57767870912928,0.0,0.0,3.58042
2025-06-03 00:30:00,56.72784190312231,0.0,0.0,3.07508
2025-06-03 01:00:00,47.8299637608615,0.0,0.0,3.09658
2025-06-03 01:30:00,48.13392772811515,0.0,0.0,3.1503399999999995
2025-06-03 02:00:00,50.706108973133446,0.0,0.01076,2.23642
2025-06-03 02:30:00,53.7349641172313,0.0,0.0,2.40844
2025-06-03 03:00:00,51.24484216706517,0.0,0.0,2.51596
2025-06-03 03:30:00,50.54560819365589,0.0,0.0,3.56966
2025-06-03 04:00:00,53.630861051704166,0.0,0.0,3.8922199999999996
2025-06-03 04:30:00,53.423896443076075,0.0,0.0,3.5159
2025-06-03 05:00:00,52.43902771710836,0.0,0.0,3.05356
2025-06-03 05:30:00,50.52499216944724,0.0,0.0,2.9353
2025-06-03 06:00:00,51.908209753649935,0.0,0.0,3.34388
2025-06-03 06:30:00,53.48026427788328,0.0,0.0,3.46214
2025-06-03 07:00:00,58.595034561095524,0.0,0.12902,4.16102
2025-06-03 07:30:00,77.48466030139308,0.0,1.47302,0.32794000000000006
2025-06-03 08:00:00,106.44669382408344,0.0,7.859719999999999,0.03226
2025-06-03 08:30:00,197.7078502957153,0.0,60.60904,0.0
2025-06-03 09:00:00,229.0036725302092,0.0,68.56552,0.0
2025-06-03 09:30:00,251.82681134171446,0.0,66.36136,0.0
2025-06-03 10:00:00,245.1178292365374,0.0,68.67304,0.0
2025-06-03 10:30:00,229.57445487190049,0.0,68.8128,0.0
2025-06-03 11:00:00,260.34371380555393,0.0,80.73678,0.0
2025-06-03 11:30:00,255.99403016451953,0.0,80.62926,0.0
2025-06-03 12:00:00,275.2593011537552,0.0,80.8013,0.0
2025-06-03 12:30:00,252.97902231875509,0.0,86.1988,0.0
2025-06-03 13:00:00,265.285935226364,0.0,87.86536,0.0
2025-06-03 13:30:00,245.6686244302751,0.0,86.99982,0.0
2025-06-03 14:00:00,239.75195838643512,0.0,85.19348,0.0
2025-06-03 14:30:00,244.06341465119087,0.0,81.41952,0.0
2025-06-03 15:00:00,248.6193100127716,0.0,77.22088,0.0
2025-06-03 15:30:00,246.65084901681126,0.0,72.0384,0.0
2025-06-03 16:00:00,253.43802456202246,0.0,70.44712,0.0
2025-06-03 16:30:00,245.6578547441373,0.0,72.09218,0.0
2025-06-03 17:00:00,243.71485279281467,0.0,72.90932,0.0
2025-06-03 17:30:00,244.50581041588242,0.0,73.73184,0.0
2025-06-03 18:00:00,200.17212930741871,0.0,62.22184,0.0
2025-06-03 18:30:00,215.71584289542514,0.0,56.802820000000004,0.0
2025-06-03 19:00:00,185.67366100577576,0.0,55.98568,0.0
2025-06-03 19:30:00,184.47801717195384,0.0,55.94266,0.0
2025-06-03 20:00:00,118.0582249935719,0.0,28.10574,0.0
2025-06-03 20:30:00,91.25092796271147,0.0,9.6123,0.0
2025-06-03 21:00:00,69.10091877350476,0.0,0.97844,0.10752
2025-06-03 21:30:00,59.31232532852792,0.0,0.16128,1.74182
2025-06-03 22:00:00,57.72120117517755,0.0,0.0,2.60736
2025-06-03 22:30:00,64.55464793232143,0.0,0.0,3.99974
2025-06-03 23:00:00,54.949138786366,0.0,0.0,4.06426
2025-06-03 23:30:00,56.22915093285432,0.0,0.0,4.12876
2025-06-04 00:00:00,45.34628712607335,0.0,0.08602,1.20422
2025-06-04 00:30:00,47.08288499779187,0.0,0.0,3.61268
2025-06-04 01:00:00,43.68598097849308,0.0,0.0,3.79546
2025-06-04 01:30:00,46.46507433988088,0.0,0.0,4.65562
2025-06-04 02:00:00,43.99551325485643,0.0,0.0,5.45126
2025-06-04 02:30:00,45.549079084358866,0.0,0.0,5.67706
2025-06-04 03:00:00,46.39692244147448,0.0,0.0,5.53728
2025-06-04 03:30:00,45.174575126633066,0.0,0.0,4.97818
2025-06-04 04:00:00,47.10467555340338,0.0,0.0,5.1287
2025-06-04 04:30:00,42.03048484861964,0.0,0.0,4.76852
2025-06-04 05:00:00,42.228027486015066,0.0,0.0,4.94592
2025-06-04 05:30:00,45.677632447993794,0.0,0.0,4.38682
2025-06-04 06:00:00,42.340777515728426,0.0,0.0,4.5481
2025-06-04 06:30:00,43.738567499968624,0.0,0.0,5.59104
2025-06-04 07:00:00,50.891669145488926,0.0,0.0,5.13946
2025-06-04 07:30:00,68.37015908622436,0.0,1.29024,2.67724
2025-06-04 08:00:00,103.59293037853345,0.0,17.4505,0.0
2025-06-04 08:30:00,208.55927739406636,0.0,68.46874,0.0
2025-06-04 09:00:00,237.8897377989155,0.0,73.93076,0.0
2025-06-04 09:30:00,239.67984196250444,0.0,85.22036,0.0
2025-06-04 10:00:00,246.15596125988017,0.0,83.42478,0.0
2025-06-04 10:30:00,246.8462243704982,0.0,73.24264,0.0
2025-06-04 11:00:00,248.547796976192,0.0,71.10298,0.0
2025-06-04 11:30:00,234.08982886023693,0.0,72.51686,0.0
2025-06-04 12:00:00,221.3493777949875,0.0,75.97364,0.0
2025-06-04 12:30:00,222.64702481696327,0.0,78.81754,0.0
2025-06-04 13:00:00,237.43424639940446,0.0,77.71546,0.0
2025-06-04 13:30:00,212.24791388691435,0.0,80.89806,0.0
2025-06-04 14:00:00,261.0064671105662,0.0,77.02734,0.0
2025-06-04 14:30:00,254.43949797638663,0.0,76.5865,0.0
2025-06-04 15:00:00,248.50401504942812,0.0,78.9627,0.0
2025-06-04 15:30:00,248.63652227744325,0.0,79.14548,0.0
2025-06-04 16:00:00,271.56218516526616,0.0,74.04904,0.0
2025-06-04 16:30:00,245.73600822668328,0.0,75.7801,0.0
2025-06-04 17:00:00,241.14866874158,0.0,73.79098,0.0
2025-06-04 17:30:00,233.35308326316544,0.0,69.5977,0.0
2025-06-04 18:00:00,212.05514003046474,0.0,59.63060000000001,0.0
2025-06-04 18:30:00,215.26000544396166,0.0,61.67348,0.0
2025-06-04 19:00:00,193.6414855200466,0.0,57.03936,0.0
2025-06-04 19:30:00,137.89209544297498,0.0,30.0626,0.0
2025-06-04 20:00:00,97.07303436988633,0.0,2.69876,0.20428000000000002
2025-06-04 20:30:00,90.29975187333666,0.0,0.08602,1.17196
2025-06-04 21:00:00,74.9568228236189,0.0,0.01076,2.4192
2025-06-04 21:30:00,64.26735003181913,0.0,0.0,2.4622
2025-06-04 22:00:00,67.34620990949632,0.0,0.0,2.26868
2025-06-04 22:30:00,60.023653668337026,0.0,0.0,5.1502
2025-06-04 23:00:00,55.64075176067174,0.0,0.0,5.19322
2025-06-04 23:30:00,52.00645417690792,0.0,0.0,5.18246
2025-06-05 00:00:00,56.60106502506368,0.0,0.0,3.7847
2025-06-05 00:30:00,61.73420072699477,0.0,0.0,3.64492
2025-06-05 01:00:00,52.314240170938085,0.0,0.0,3.75244
2025-06-05 01:30:00,55.676502055706706,0.0,0.01076,2.4192
2025-06-05 02:00:00,51.94237818413247,0.0,0.0,2.3762
2025-06-05 02:30:00,52.71373418237965,0.0,0.0,1.7203199999999998
2025-06-05 03:00:00,52.17373133603632,0.0,0.0,3.5159
2025-06-05 03:30:00,58.68689384982257,0.0,0.0,3.9244799999999995
2025-06-05 04:00:00,52.2128385862828,0.0,0.0,4.41908
2025-06-05 04:30:00,50.241958345439606,0.0,0.0,4.35456
2025-06-05 05:00:00,47.808753269938315,0.0,0.0,3.8814799999999994
2025-06-05 05:30:00,48.21124281797859,0.0,0.0,3.92448
2025-06-05 06:00:00,51.357863252171796,0.0,0.0,3.6234199999999994
2025-06-05 06:30:00,49.211034015684035,0.0,0.0,5.05344
2025-06-05 07:00:00,59.70807056591211,0.0,0.66124,3.59116
2025-06-05 07:30:00,63.799474421312404,0.0,2.4622,0.32794
2025-06-05 08:00:00,107.60658081651724,0.0,11.74118,0.0
2025-06-05 08:30:00,233.4139574234111,0.0,84.44084,0.0
2025-06-05 09:00:00,253.14541800245382,0.0,87.79546,0.0
2025-06-05 09:30:00,214.88642493560565,0.0,82.71514,0.0
2025-06-05 10:00:00,242.71373445920239,0.0,89.1986,0.0
2025-06-05 10:30:00,242.92761890457928,0.0,99.13346,0.0
2025-06-05 11:00:00,259.1945335841464,0.0,99.38074,0.0
2025-06-05 11:30:00,238.97954094015157,0.0,98.026,0.0
2025-06-05 12:00:00,271.61586693376603,0.0,97.37012,0.0
2025-06-05 12:30:00,259.1435158034373,0.0,101.14408,0.0
2025-06-05 13:00:00,252.5745082642195,0.0,102.46658,0.0
2025-06-05 13:30:00,266.0777048817859,0.0,100.18714,0.0
2025-06-05 14:00:00,245.59605609522688,0.0,99.06894,0.0
2025-06-05 14:30:00,264.5843136289354,0.0,96.30568,0.0
2025-06-05 15:00:00,247.04773136640168,0.0,95.81108,0.0
2025-06-05 15:30:00,237.50063587277913,0.0,96.4777,0.0
2025-06-05 16:00:00,244.0867263008908,0.0,94.87566,0.0
2025-06-05 16:30:00,277.7924836058158,0.0,95.13370000000002,0.0
2025-06-05 17:00:00,251.3441529760118,0.0,92.55324,0.0
2025-06-05 17:30:00,240.07317562097057,0.0,89.37064,0.0
2025-06-05 18:00:00,193.84081873336197,0.0,80.0164,0.0
2025-06-05 18:30:00,192.3084949484031,0.0,79.75834,0.0
2025-06-05 19:00:00,168.74360398163614,0.0,75.39304,0.0
2025-06-05 19:30:00,158.92908039374012,0.0,71.96314,0.0
2025-06-05 20:00:00,162.13668843763452,0.0,71.85562,0.0
2025-06-05 20:30:00,181.60515446696624,0.0,67.02798,0.0
2025-06-05 21:00:00,173.2238695538337,0.0,63.082,0.0
2025-06-05 21:30:00,152.26127757335644,0.0,58.2436,0.0
2025-06-05 22:00:00,147.86473127826508,0.0,56.114700000000006,0.0
2025-06-05 22:30:00,124.85769807960678,0.0,44.66382,0.0
2025-06-05 23:00:00,76.07793406299803,0.0,7.39738,1.91386
2025-06-05 23:30:00,54.87033663532816,0.0,0.0,3.41914
2025-06-06 00:00:00,52.04162234780829,0.0,0.0,5.46202
2025-06-06 00:30:00,47.35335864966914,0.0,0.0,6.63398
2025-06-06 01:00:00,46.852289830300634,0.0,0.0,6.12864
2025-06-06 01:30:00,45.17179030201387,0.0,0.0,5.419
2025-06-06 02:00:00,42.43436097983452,0.0,0.0,5.90284
2025-06-06 02:30:00,41.44602550261024,0.0,0.0,5.16096
2025-06-06 03:00:00,40.87353328417274,0.0,0.0,5.0857
2025-06-06 03:30:00,43.04693353406927,0.0,0.0,4.5911
2025-06-06 04:00:00,44.952420152023734,0.0,0.0,4.3223
2025-06-06 04:30:00,45.95347760977259,0.0,0.0,4.12876
2025-06-06 05:00:00,41.819021123840315,0.0,0.01076,3.70944
2025-06-06 05:30:00,42.909045619835894,0.0,0.0,4.10726
2025-06-06 06:00:00,43.16939198610962,0.0,0.0,4.10726
2025-06-06 06:30:00,45.23502245064147,0.0,0.0,5.03194
2025-06-06 07:00:00,49.73556389091774,0.0,0.0,4.77926
2025-06-06 07:30:00,55.813995536351676,0.0,0.41932,3.29012
2025-06-06 08:00:00,84.22287094781565,0.0,10.752,0.01076
2025-06-06 08:30:00,194.1584100826905,0.0,62.08206,0.0
2025-06-06 09:00:00,208.17160151421916,0.0,62.13582,0.0
2025-06-06 09:30:00,203.12961363189652,0.0,58.566159999999996,0.0
2025-06-06 10:00:00,209.6750845112557,0.0,58.18983999999999,0.0
2025-06-06 10:30:00,225.98911588391175,0.0,58.10381999999999,0.0
2025-06-06 11:00:00,214.038507112416,0.0,58.31886,0.0
2025-06-06 11:30:00,227.21320765504865,0.0,57.05012,0.0
2025-06-06 12:00:00,253.5966337672593,0.0,57.30816,0.0
2025-06-06 12:30:00,240.7910235164045,0.0,59.61984,0.0
2025-06-06 13:00:00,233.36199915622177,0.0,60.34024,0.0
2025-06-06 13:30:00,218.3545972730897,0.0,60.060680000000005,0.0
2025-06-06 14:00:00,209.99803004878132,0.0,59.91016,0.0
2025-06-06 14:30:00,211.04900927248468,0.0,59.512319999999995,0.0
2025-06-06 15:00:00,231.5676527991213,0.0,60.748799999999996,0.0
2025-06-06 15:30:00,271.2647301856385,0.0,81.90874,0.0
2025-06-06 16:00:00,261.76517419665475,0.0,87.274,0.0
2025-06-06 16:30:00,232.51385121037646,0.0,87.8116,0.0
2025-06-06 17:00:00,262.01708037767116,0.0,86.05902,0.0
2025-06-06 17:30:00,252.5099382841944,0.0,85.93,0.0
2025-06-06 18:00:00,213.94143686163434,0.0,69.36116,0.0
2025-06-06 18:30:00,204.81542731164814,0.0,68.02254,0.0
2025-06-06 19:00:00,184.021183286729,0.0,47.02926,0.0
2025-06-06 19:30:00,164.9976477453396,0.0,39.54586,0.0
2025-06-06 20:00:00,152.24926691333891,0.0,41.87904,0.0
2025-06-06 20:30:00,152.81638333350062,0.0,41.69088,0.0
2025-06-06 21:00:00,132.29288788634904,0.0,40.5458,0.0
2025-06-06 21:30:00,124.78749621451854,0.0,42.50266,0.0
2025-06-06 22:00:00,117.99580687361694,0.0,35.64288,0.0
2025-06-06 22:30:00,74.88563414213465,0.0,7.74144,0.0
2025-06-06 23:00:00,53.06899579808063,0.0,0.8494,4.26854
2025-06-06 23:30:00,43.537080668362584,0.0,0.0,5.01044
2025-06-07 00:00:00,47.32531073180199,0.0,0.0,4.19328
2025-06-07 00:30:00,46.413708839041625,0.0,0.0,6.75226
2025-06-07 01:00:00,48.26395721227485,0.0,0.0,6.9888
2025-06-07 01:30:00,41.57543933143013,0.0,0.0,6.34368
2025-06-07 02:00:00,46.45044215481592,0.0,0.0,6.38668
2025-06-07 02:30:00,45.638169821966954,0.0,0.0,6.33294
2025-06-07 03:00:00,44.13891287332868,0.0,0.0,5.92436
2025-06-07 03:30:00,47.960106552231,0.0,0.0,5.31686
2025-06-07 04:00:00,45.101176830283656,0.0,0.0,5.1502
2025-06-07 04:30:00,46.44569101429945,0.0,0.0,4.62336
2025-06-07 05:00:00,50.439265910625934,0.0,0.0,4.8814
2025-06-07 05:30:00,49.44753142928977,0.0,0.0,4.33844
2025-06-07 06:00:00,49.268777446771615,0.0,0.0,3.8062
2025-06-07 06:30:00,45.85447483109062,0.0,0.0,5.03194
2025-06-07 07:00:00,46.824354422329485,0.0,0.0,4.08576
2025-06-07 07:30:00,48.73614618976971,0.0,0.0,5.52652
2025-06-07 08:00:00,47.49838690797449,0.0,0.32794,4.5911
2025-06-07 08:30:00,108.41035421327913,0.0,40.4544,0.0
2025-06-07 09:00:00,106.43980967047938,0.0,43.008,0.0
2025-06-07 09:30:00,119.6130631636906,0.0,43.22304,0.0
2025-06-07 10:00:00,120.13641884207195,0.0,41.9328,0.0
2025-06-07 10:30:00,112.99588943229406,0.0,41.85754,0.0
2025-06-07 11:00:00,123.21142733875664,0.0,45.24442,0.0
2025-06-07 11:30:00,120.8323857239188,0.0,45.85728,0.0
2025-06-07 12:00:00,126.91181054550039,0.0,46.7927,0.0
2025-06-07 12:30:00,126.61991243435774,0.0,47.90016,0.0
2025-06-07 13:00:00,120.16915985105537,0.0,48.69582,0.0
2025-06-07 13:30:00,126.38941262795599,0.0,47.70664,0.0
2025-06-07 14:00:00,127.9217964546525,0.0,48.14746,0.0
2025-06-07 14:30:00,130.3332975244824,0.0,45.54548,0.0
2025-06-07 15:00:00,131.94509522018853,0.0,47.10452,0.0
2025-06-07 15:30:00,140.4022661305763,0.0,46.92174,0.0
2025-06-07 16:00:00,122.66481186084523,0.0,46.98624,0.0
2025-06-07 16:30:00,128.25955584244656,0.0,45.83578,0.0
2025-06-07 17:00:00,131.38326076490094,0.0,46.5239,0.0
2025-06-07 17:30:00,117.73420483667721,0.0,48.48078,0.0
2025-06-07 18:00:00,104.53556371872185,0.0,49.26568,0.0
2025-06-07 18:30:00,127.31862698987383,0.0,48.49152,0.0
2025-06-07 19:00:00,85.25522800844476,0.0,25.43924,0.0
2025-06-07 19:30:00,58.20998023472566,0.0,8.54784,0.20428
2025-06-07 20:00:00,47.41997893453917,0.0,0.01076,2.48372
2025-06-07 20:30:00,45.664693182096535,0.0,0.0,2.16652
2025-06-07 21:00:00,47.78783833320645,0.0,0.0,2.9138
2025-06-07 21:30:00,45.70025643429353,0.0,0.0,3.5481600000000006
2025-06-07 22:00:00,47.90906041105002,0.0,0.0,4.51584
2025-06-07 22:30:00,46.08723743070372,0.0,0.0,4.38682
2025-06-07 23:00:00,43.740569998492155,0.0,0.0,4.63412
2025-06-07 23:30:00,44.57113048042453,0.0,0.0,3.9029800000000003
2025-06-08 00:00:00,38.92374339943933,0.0,0.0,2.98906
2025-06-08 00:30:00,41.021919552909615,0.0,0.0,2.74176
2025-06-08 01:00:00,43.02209858156802,0.0,0.0,5.27924
2025-06-08 01:30:00,43.62657505697706,0.0,0.0,5.42976
2025-06-08 02:00:00,40.98182066641049,0.0,0.0,5.3114799999999995
2025-06-08 02:30:00,41.615452991592,0.0,0.0,4.95668
2025-06-08 03:00:00,40.333029458340086,0.0,0.0,4.63412
2025-06-08 03:30:00,40.04490237709233,0.0,0.0,4.13952
2025-06-08 04:00:00,44.348490148483286,0.0,0.0,3.59116
2025-06-08 04:30:00,41.46940076970383,0.0,0.01076,3.2471
2025-06-08 05:00:00,37.34939857911524,0.0,0.0,3.21484
2025-06-08 05:30:00,47.22709358346731,0.0,0.0,2.63424
2025-06-08 06:00:00,40.67714896889407,0.0,0.0,3.59116
2025-06-08 06:30:00,41.508013451234255,0.0,0.0,3.66644
2025-06-08 07:00:00,44.62523504094605,0.0,0.0,3.6341800000000006
2025-06-08 07:30:00,41.009170046075994,0.0,0.0,3.7309400000000004
2025-06-08 08:00:00,41.127737466991725,0.0,0.0,3.4298799999999994
2025-06-08 08:30:00,38.322960675406335,0.0,0.0,3.5159
2025-06-08 09:00:00,38.96306851112949,0.0,0.0,3.31162
2025-06-08 09:30:00,41.3878676400694,0.0,0.0,4.0105
2025-06-08 10:00:00,43.38544845017802,0.0,0.0,4.13952
2025-06-08 10:30:00,42.155511008937495,0.0,0.0,5.01044
2025-06-08 11:00:00,41.29271626542456,0.0,0.0,5.20396
2025-06-08 11:30:00,42.86966952069517,0.0,0.0,5.17172
2025-06-08 12:00:00,37.901269971083984,0.0,0.0,4.9943
2025-06-08 12:30:00,42.73460620648056,0.0,0.0,4.76314
2025-06-08 13:00:00,43.26036037614433,0.0,0.01076,4.032
2025-06-08 13:30:00,47.757413077040866,0.0,0.0,4.04276
2025-06-08 14:00:00,42.535111432862124,0.0,0.0,4.42982
2025-06-08 14:30:00,40.786843227928465,0.0,0.0,4.84916
2025-06-08 15:00:00,42.71767701444678,0.0,0.0,4.84916
2025-06-08 15:30:00,42.124368715461,0.0,0.0,4.91366
2025-06-08 16:00:00,43.71232417438841,0.0,0.0,4.8384
2025-06-08 16:30:00,43.443954836399904,0.0,0.0,2.9245400000000004
2025-06-08 17:00:00,39.4449929406659,0.0,0.0,3.52666
2025-06-08 17:30:00,38.69427047454086,0.0,0.0,3.38688
2025-06-08 18:00:00,42.87815727615973,0.0,0.0,3.30086
2025-06-08 18:30:00,45.582778716504855,0.0,0.0,2.76326
2025-06-08 19:00:00,42.51174394667879,0.0,0.0,2.60198
2025-06-08 19:30:00,42.68466948250703,0.0,0.01076,3.27936
2025-06-08 20:00:00,44.937422108770825,0.0,0.0,3.5159000000000002
2025-06-08 20:30:00,43.03083224667043,0.0,0.0,3.44064
2025-06-08 21:00:00,41.14533901751566,0.0,0.0,3.10732
2025-06-08 21:30:00,42.63542967934599,0.0,0.0,2.79552
2025-06-08 22:00:00,45.88780917580041,0.0,0.0,2.1289
2025-06-08 22:30:00,44.157961663561146,0.0,0.01076,1.74182
2025-06-08 23:00:00,43.52971830774706,0.0,0.0,2.21492
2025-06-08 23:30:00,41.99653522564115,0.0,0.03226,1.50528
2025-06-09 00:00:00,42.3017660238048,0.0,0.0,1.97836
2025-06-09 00:30:00,41.89011640586168,0.0,0.043,1.52678
2025-06-09 01:00:00,41.080841136684846,0.0,0.0,4.32768
2025-06-09 01:30:00,48.62487085643926,0.0,0.0,3.2686
2025-06-09 02:00:00,42.26467181921421,0.0,0.01076,3.2041
2025-06-09 02:30:00,43.465211704338024,0.0,0.0,2.731
2025-06-09 03:00:00,40.80780192155397,0.0,0.0,3.01056
2025-06-09 03:30:00,44.48038775544502,0.0,0.0,2.9030400000000003
2025-06-09 04:00:00,44.203831231433966,0.0,0.0,2.32244
2025-06-09 04:30:00,43.803259678034955,0.0,0.01076,2.06438
2025-06-09 05:00:00,43.5192316001091,0.0,0.0,2.76326
2025-06-09 05:30:00,44.071958314401655,0.0,0.0,4.93516
2025-06-09 06:00:00,44.1146689371093,0.0,0.0,4.94592
2025-06-09 06:30:00,42.509362526665925,0.0,0.0,4.7954
2025-06-09 07:00:00,41.38140895770774,0.0,0.0,5.40826
2025-06-09 07:30:00,42.19253758246171,0.0,0.0,4.8814
2025-06-09 08:00:00,44.565694947160004,0.0,0.08602,1.94612
2025-06-09 08:30:00,45.602841109188056,0.0,0.01076,2.88154
2025-06-09 09:00:00,52.042116659627055,0.0,0.0,4.06426
2025-06-09 09:30:00,48.00832335343343,0.0,0.01076,2.13964
2025-06-09 10:00:00,58.406257665406756,0.0,0.043,1.6558
2025-06-09 10:30:00,53.92800701153357,0.0,0.03226,1.70956
2025-06-09 11:00:00,55.052390815227234,0.0,0.0,2.45146
2025-06-09 11:30:00,56.96296046253648,0.0,0.0215,1.89236
2025-06-09 12:00:00,57.898856128884724,0.0,0.03226,1.47302
2025-06-09 12:30:00,57.191243906425285,0.0,0.10752,0.90316
2025-06-09 13:00:00,50.37682904827456,0.0,0.15052,0.81716
2025-06-09 13:30:00,49.16081457175336,0.0,0.07526,0.9569200000000001
2025-06-09 14:00:00,48.8490284811641,0.0,0.13978,0.72038
2025-06-09 14:30:00,47.8233156337981,0.0,0.10752000000000002,0.99994
2025-06-09 15:00:00,50.79495340474611,0.0,0.0,1.8601
2025-06-09 15:30:00,45.49346901069209,0.0,0.08602,1.02144
2025-06-09 16:00:00,50.60246289754972,0.0,0.12902,0.75264
2025-06-09 16:30:00,49.2656229692494,0.0,0.0215,1.49452
2025-06-09 17:00:00,51.30322801596136,0.0,0.0215,1.49452
2025-06-09 17:30:00,47.04446446083482,0.0,0.4623399999999999,0.35482
2025-06-09 18:00:00,44.579052677111285,0.0,0.21504,0.65588
2025-06-09 18:30:00,42.49799770289854,0.0,0.0,3.36538
2025-06-09 19:00:00,45.08301114432492,0.0,0.01076,3.4944
2025-06-09 19:30:00,43.41497501210932,0.0,0.0,3.10732
2025-06-09 20:00:00,40.126993028221875,0.0,0.0,3.63418
2025-06-09 20:30:00,42.42978792066051,0.0,0.0,3.36538
2025-06-09 21:00:00,43.601216614534806,0.0,0.0,3.4729
2025-06-09 21:30:00,40.00765594158344,0.0,0.0,3.15034
2025-06-09 22:00:00,42.21002074935928,0.0,0.0,3.4298799999999994
2025-06-09 22:30:00,42.357330086583715,0.0,0.0,4.67174
2025-06-09 23:00:00,40.82248560600644,0.0,0.0,4.94592
2025-06-09 23:30:00,48.03870700298121,0.0,0.0,4.75238
2025-06-10 00:00:00,51.19766885267908,0.0,0.0,3.5804200000000006
2025-06-10 00:30:00,55.02212207100196,0.0,0.0,3.07508
2025-06-10 01:00:00,51.41080754738636,0.0,0.0,3.09658
2025-06-10 01:30:00,59.279943630524905,0.0,0.0,3.15034
2025-06-10 02:00:00,51.3052240168729,0.0,0.01076,2.23642
2025-06-10 02:30:00,49.41595073791212,0.0,0.0,2.40844
2025-06-10 03:00:00,49.1185477196685,0.0,0.0,2.51596
2025-06-10 03:30:00,51.891248406299056,0.0,0.0,3.56966
2025-06-10 04:00:00,47.32392021014217,0.0,0.0,3.89222
2025-06-10 04:30:00,51.736707035252735,0.0,0.0,3.5158999999999994
2025-06-10 05:00:00,47.487957465780816,0.0,0.0,3.05356
2025-06-10 05:30:00,53.10049554853795,0.0,0.0,2.9353
2025-06-10 06:00:00,47.75578614491136,0.0,0.0,3.3438800000000004
2025-06-10 06:30:00,53.079771832196556,0.0,0.0,3.4621399999999998
2025-06-10 07:00:00,61.102513590324946,0.0,0.12902,4.16102
2025-06-10 07:30:00,88.6831011859294,0.0,1.4730199999999998,0.32794
2025-06-10 08:00:00,96.2573905697938,0.0,7.85972,0.03226
2025-06-10 08:30:00,193.80055695461013,0.0,60.60904000000001,0.0
2025-06-10 09:00:00,209.8494402844185,0.0,68.56552,0.0
2025-06-10 09:30:00,225.7876789272833,0.0,66.36136,0.0
2025-06-10 10:00:00,231.05275514604534,0.0,68.67304,0.0
2025-06-10 10:30:00,245.2442145801704,0.0,68.8128,0.0
2025-06-10 11:00:00,241.43218806626058,0.0,80.73678,0.0
2025-06-10 11:30:00,278.3047269110639,0.0,80.62926,0.0
2025-06-10 12:00:00,248.62172034882659,0.0,80.8013,0.0
2025-06-10 12:30:00,236.53592318831554,0.0,86.1988,0.0
2025-06-10 13:00:00,251.64341870028827,0.0,87.86536,0.0
2025-06-10 13:30:00,232.44382999716458,0.0,86.99982,0.0
2025-06-10 14:00:00,250.58448820205453,0.0,85.19348,0.0
2025-06-10 14:30:00,227.00242213834545,0.0,81.41952,0.0
2025-06-10 15:00:00,228.58697415877307,0.0,77.22088,0.0
2025-06-10 15:30:00,233.27667409558734,0.0,72.0384,0.0
2025-06-10 16:00:00,247.78997162392503,0.0,70.44712,0.0
2025-06-10 16:30:00,256.83718641738733,0.0,72.09218,0.0
2025-06-10 17:00:00,266.71065847159,0.0,72.90932,0.0
2025-06-10 17:30:00,255.15267143568227,0.0,73.73184,0.0
2025-06-10 18:00:00,213.46238426085844,0.0,62.22184000000001,0.0
2025-06-10 18:30:00,207.08582017574057,0.0,56.80281999999999,0.0
2025-06-10 19:00:00,179.9167910191247,0.0,55.98568,0.0
2025-06-10 19:30:00,159.73631321987165,0.0,55.94266,0.0
2025-06-10 20:00:00,118.9903141920712,0.0,28.10574,0.0
2025-06-10 20:30:00,85.36605412728548,0.0,9.6123,0.0
2025-06-10 21:00:00,69.28213297940661,0.0,0.97844,0.10752
2025-06-10 21:30:00,62.113750326486425,0.0,0.16128,1.74182
2025-06-10 22:00:00,61.411236974614695,0.0,0.0,2.60736
2025-06-10 22:30:00,62.20557858385244,0.0,0.0,3.9997399999999996
2025-06-10 23:00:00,56.910947885538384,0.0,0.0,4.06426
2025-06-10 23:30:00,53.75305631668032,0.0,0.0,4.12876
2025-06-11 00:00:00,50.04700863983109,0.0,0.0,3.37612
2025-06-11 00:30:00,57.007003551668674,0.0,0.0,2.84928
2025-06-11 01:00:00,48.56929256034931,0.0,0.0,3.73094
2025-06-11 01:30:00,52.44857193500769,0.0,0.0,3.17184
2025-06-11 02:00:00,54.75343051246826,0.0,0.0,3.27936
2025-06-11 02:30:00,53.96531413031459,0.0,0.0,2.645
2025-06-11 03:00:00,54.00752425827589,0.0,0.01076,2.23642
2025-06-11 03:30:00,50.15301992026619,0.0,0.0,2.731
2025-06-11 04:00:00,54.56444195580428,0.0,0.0,1.68806
2025-06-11 04:30:00,57.41424066012637,0.0,0.0,2.32244
2025-06-11 05:00:00,54.099536078733536,0.0,0.0,4.70938
2025-06-11 05:30:00,53.03195017126544,0.0,0.0,4.6126
2025-06-11 06:00:00,50.54069821811803,0.0,0.0,4.41908
2025-06-11 06:30:00,50.258320015081765,0.0,0.0,5.10182
2025-06-11 07:00:00,61.692087137028565,0.0,0.65588,2.78476
2025-06-11 07:30:00,76.01328273694575,0.0,3.1610799999999997,0.01076
2025-06-11 08:00:00,97.26894592241655,0.0,7.612420000000001,0.0
2025-06-11 08:30:00,166.35780241754426,0.0,55.51258,0.0
2025-06-11 09:00:00,221.33812976495005,0.0,63.006719999999994,0.0
2025-06-11 09:30:00,209.2442590810982,0.0,60.78105999999999,0.0
2025-06-11 10:00:00,225.7632868910105,0.0,57.67374,0.0
2025-06-11 10:30:00,210.40488800226797,0.0,59.232780000000005,0.0
2025-06-11 11:00:00,217.01348859414887,0.0,60.25422,0.0
2025-06-11 11:30:00,224.83320740330439,0.0,61.15738000000001,0.0
2025-06-11 12:00:00,258.156411554348,0.0,68.26446,0.0
2025-06-11 12:30:00,246.2606177142587,0.0,76.72628,0.0
2025-06-11 13:00:00,235.28838795330444,0.0,75.6242,0.0
2025-06-11 13:30:00,234.21692130413268,0.0,73.81786,0.0
2025-06-11 14:00:00,209.80279302348256,0.0,70.47938,0.0
2025-06-11 14:30:00,228.25283320702695,0.0,69.32352,0.0
2025-06-11 15:00:00,220.95755782336954,0.0,71.3019,0.0
2025-06-11 15:30:00,271.9979597886547,0.0,76.522,0.0
2025-06-11 16:00:00,256.6906609071598,0.0,69.0601,0.0
2025-06-11 16:30:00,247.0425435191067,0.0,71.90938,0.0
2025-06-11 17:00:00,244.0420529638644,0.0,67.6032,0.0
2025-06-11 17:30:00,223.12348667443513,0.0,63.72711999999999,0.0
2025-06-11 18:00:00,196.16417290656383,0.0,49.48069999999999,0.0
2025-06-11 18:30:00,195.8469740562263,0.0,45.9433,0.0
2025-06-11 19:00:00,172.47496602478637,0.0,41.97582,0.0
2025-06-11 19:30:00,161.55576559080558,0.0,37.69652,0.0
2025-06-11 20:00:00,151.91555215490214,0.0,38.825480000000006,0.0
2025-06-11 20:30:00,173.93630654861454,0.0,38.26638,0.0
2025-06-11 21:00:00,154.4103345162256,0.0,38.36314,0.0
2025-06-11 21:30:00,129.0681584161874,0.0,37.80942,0.0
2025-06-11 22:00:00,119.7799728480822,0.0,35.15904,0.0
2025-06-11 22:30:00,66.67065903649473,0.0,6.68774,0.27956000000000003
2025-06-11 23:00:00,58.537754643040685,0.0,0.0,3.5374
2025-06-11 23:30:00,56.4009398198055,0.0,0.0,4.39756
2025-06-12 00:00:00,40.10002971523716,0.0,0.0,5.419
2025-06-12 00:30:00,40.189318625932565,0.0,0.0,5.04268
2025-06-12 01:00:00,42.31561011463068,0.0,0.0,4.73088
2025-06-12 01:30:00,42.45648155768471,0.0,0.0,4.33844
2025-06-12 02:00:00,42.05313902114949,0.0,0.0,4.8599
2025-06-12 02:30:00,44.551046074713014,0.0,0.0,4.44596
2025-06-12 03:00:00,38.678040602998266,0.0,0.0,4.5481
2025-06-12 03:30:00,42.096473598333176,0.0,0.0,3.77396
2025-06-12 04:00:00,44.24770902740645,0.0,0.0,3.2578600000000004
2025-06-12 04:30:00,42.50463934331974,0.0,0.01076,3.63418
2025-06-12 05:00:00,46.521577882080166,0.0,0.0,3.05356
2025-06-12 05:30:00,39.08805118931627,0.0,0.0,3.31162
2025-06-12 06:00:00,39.68940510233691,0.0,0.0,3.19334
2025-06-12 06:30:00,43.859429265110805,0.0,0.0,4.31156
2025-06-12 07:00:00,48.60480089356081,0.0,0.0,4.64486
2025-06-12 07:30:00,55.054780880085254,0.0,0.0,4.73088
2025-06-12 08:00:00,82.97100711531142,0.0,3.16108,1.43002
2025-06-12 08:30:00,196.2304487765401,0.0,64.15718,0.0
2025-06-12 09:00:00,204.5445632050769,0.0,69.5977,0.0
2025-06-12 09:30:00,210.20296938472174,0.0,69.8665,0.0
2025-06-12 10:00:00,221.64291494387354,0.0,73.84474,0.0
2025-06-12 10:30:00,228.4305985574026,0.0,74.65652,0.0
2025-06-12 11:00:00,210.91204068951444,0.0,73.24264,0.0
2025-06-12 11:30:00,225.38971649900526,0.0,73.76948,0.0
2025-06-12 12:00:00,225.78374381385066,0.0,74.21032,0.0
2025-06-12 12:30:00,235.96052008787424,0.0,76.48974,0.0
2025-06-12 13:00:00,231.8301968876996,0.0,77.89286,0.0
2025-06-12 13:30:00,217.8344687456161,0.0,78.41434,0.0
2025-06-12 14:00:00,238.37032916406656,0.0,77.23162,0.0
2025-06-12 14:30:00,231.04516679011743,0.0,77.89286,0.0
2025-06-12 15:00:00,236.23822308890473,0.0,80.48948,0.0
2025-06-12 15:30:00,228.0716025115048,0.0,83.25274,0.0
2025-06-12 16:00:00,235.59544948106412,0.0,81.72596,0.0
2025-06-12 16:30:00,255.9832049357737,0.0,81.0701,0.0
2025-06-12 17:00:00,238.62410129592507,0.0,80.81204,0.0
2025-06-12 17:30:00,236.4773710851618,0.0,77.19938,0.0
2025-06-12 18:00:00,208.85159424983487,0.0,68.98484,0.0
2025-06-12 18:30:00,222.73679998483757,0.0,57.63072,0.0
2025-06-12 19:00:00,188.74774254796088,0.0,57.72749999999999,0.0
2025-06-12 19:30:00,177.00786524534033,0.0,61.469179999999994,0.0
2025-06-12 20:00:00,166.04767460113698,0.0,55.97492,0.0
2025-06-12 20:30:00,146.58126404503105,0.0,40.93824,0.0
2025-06-12 21:00:00,123.085795088369,0.0,40.30926,0.0
2025-06-12 21:30:00,115.9576445638769,0.0,39.94368,0.0
2025-06-12 22:00:00,120.69983065861604,0.0,42.30912,0.0
2025-06-12 22:30:00,62.1629559337075,0.0,7.60166,0.0
2025-06-12 23:00:00,49.14569031972553,0.0,1.81708,0.0
2025-06-12 23:30:00,50.96880788294804,0.0,1.58054,0.0
2025-06-13 00:00:00,49.644329124317466,0.0,0.01076,2.05364
2025-06-13 00:30:00,51.739541797276026,0.0,0.0,2.86004
2025-06-13 01:00:00,54.5933232085488,0.0,0.0,3.2686
2025-06-13 01:30:00,51.71122302860834,0.0,0.0,2.731
2025-06-13 02:00:00,51.43403768073853,0.0,0.0,2.69876
2025-06-13 02:30:00,55.47935493937323,0.0,0.0,3.09658
2025-06-13 03:00:00,50.721651905460014,0.0,0.0,5.04268
2025-06-13 03:30:00,51.746148989407054,0.0,0.0,4.8599
2025-06-13 04:00:00,42.34014444599474,0.0,0.0,4.20404
2025-06-13 04:30:00,53.59353641717691,0.0,0.0,4.40832
2025-06-13 05:00:00,50.808891417539314,0.0,0.0,4.06426
2025-06-13 05:30:00,55.96753256468859,0.0,0.0,3.95674
2025-06-13 06:00:00,48.16943419139132,0.0,0.0,3.9459800000000005
2025-06-13 06:30:00,44.12022812838752,0.0,0.0,5.36524
2025-06-13 07:00:00,66.58300065511824,0.0,6.41894,0.95692
2025-06-13 07:30:00,79.30321427962855,0.0,12.48308,0.0
2025-06-13 08:00:00,114.00226949900751,0.0,25.37472,0.0
2025-06-13 08:30:00,220.61331514284817,0.0,77.80148,0.0
2025-06-13 09:00:00,236.05072704357914,0.0,85.973,0.0
2025-06-13 09:30:00,234.12368510642105,0.0,79.16698,0.0
2025-06-13 10:00:00,244.71110923311014,0.0,80.0164,0.0
2025-06-13 10:30:00,233.13748836370002,0.0,79.60782,0.0
2025-06-13 11:00:00,236.6129355199135,0.0,79.96264,0.0
2025-06-13 11:30:00,256.2437519618986,0.0,78.21006,0.0
2025-06-13 12:00:00,256.5308501410371,0.0,80.07554,0.0
2025-06-13 12:30:00,253.3111281379903,0.0,84.8333,0.0
2025-06-13 13:00:00,231.13279770930006,0.0,85.7257,0.0
2025-06-13 13:30:00,204.18844124016522,0.0,83.81186,0.0
2025-06-13 14:00:00,222.1023268966968,0.0,82.31732,0.0
2025-06-13 14:30:00,215.71293445616374,0.0,82.05928,0.0
2025-06-13 15:00:00,231.7232284100723,0.0,80.67228,0.0
2025-06-13 15:30:00,227.5614774761466,0.0,78.50036,0.0
2025-06-13 16:00:00,225.39104848478883,0.0,73.19964,0.0
2025-06-13 16:30:00,214.44124205954202,0.0,72.95234,0.0
2025-06-13 17:00:00,208.80568248073874,0.0,74.26408,0.0
2025-06-13 17:30:00,225.76760320510382,0.0,71.69434,0.0
2025-06-13 18:00:00,174.69782490416327,0.0,65.42592,0.0
2025-06-13 18:30:00,156.45841543509067,0.0,46.44864,0.0
2025-06-13 19:00:00,157.16063158693552,0.0,42.36288,0.0
2025-06-13 19:30:00,155.92438167972804,0.0,38.05134,0.0
2025-06-13 20:00:00,150.42702895354822,0.0,38.1051,0.0
2025-06-13 20:30:00,140.93414633832825,0.0,38.18036,0.0
2025-06-13 21:00:00,134.92537513298882,0.0,36.79336,0.0
2025-06-13 21:30:00,143.5697231907628,0.0,39.19104,0.0
2025-06-13 22:00:00,121.42031400117273,0.0,32.09472,0.0
2025-06-13 22:30:00,60.365181914281834,0.0,7.04256,0.0
2025-06-13 23:00:00,50.129537380106854,0.0,1.45152,3.31162
2025-06-13 23:30:00,46.836889246255566,0.0,0.0,4.73088
2025-06-14 00:00:00,43.70097144798707,0.0,0.0,4.15028
2025-06-14 00:30:00,45.74290850168741,0.0,0.0,4.41908
2025-06-14 01:00:00,42.48229881639666,0.0,0.0,3.9674799999999997
2025-06-14 01:30:00,40.33863436229861,0.0,0.0,4.29004
2025-06-14 02:00:00,43.86184487888715,0.0,0.0,4.06426
2025-06-14 02:30:00,45.82415021397055,0.0,0.0,3.84922
2025-06-14 03:00:00,44.113005957015936,0.0,0.0,3.59116
2025-06-14 03:30:00,43.84091662303843,0.0,0.0,2.9783000000000004
2025-06-14 04:00:00,39.63327765518087,0.0,0.01076,3.05356
2025-06-14 04:30:00,44.133801758534005,0.0,0.0,2.22028
2025-06-14 05:00:00,45.763770825759465,0.0,0.0,2.84928
2025-06-14 05:30:00,40.92455677528272,0.0,0.0,4.50508
2025-06-14 06:00:00,41.82557394785833,0.0,0.0,5.03194
2025-06-14 06:30:00,41.76534942075657,0.0,0.0,4.96742
2025-06-14 07:00:00,40.734272564515976,0.0,0.0,5.18246
2025-06-14 07:30:00,41.98040995514171,0.0,0.0,6.06412
2025-06-14 08:00:00,52.92301939806737,0.0,6.03188,2.81702
2025-06-14 08:30:00,134.83353946262005,0.0,60.91008,0.0
2025-06-14 09:00:00,131.5296092830857,0.0,64.64102,0.0
2025-06-14 09:30:00,125.60449885567095,0.0,62.5659,0.0
2025-06-14 10:00:00,139.31987429530813,0.0,62.2971,0.0
2025-06-14 10:30:00,133.8500672454968,0.0,61.54446,0.0
2025-06-14 11:00:00,150.8620908928034,0.0,61.20038,0.0
2025-06-14 11:30:00,151.96127763671987,0.0,61.21114,0.0
2025-06-14 12:00:00,153.8320722247562,0.0,62.38312,0.0
2025-06-14 12:30:00,131.1249013596003,0.0,63.00672,0.0
2025-06-14 13:00:00,141.72385600295593,0.0,62.99598,0.0
2025-06-14 13:30:00,142.45130865154465,0.0,61.5122,0.0
2025-06-14 14:00:00,141.23884206752913,0.0,60.63054,0.0
2025-06-14 14:30:00,133.2260609733877,0.0,60.59828,0.0
2025-06-14 15:00:00,139.63662936136393,0.0,59.48008,0.0
2025-06-14 15:30:00,127.5606798072443,0.0,57.60922,0.0
2025-06-14 16:00:00,89.9759820850721,0.0,33.93332,0.0
2025-06-14 16:30:00,67.5154064264057,0.0,23.19206,0.07526
2025-06-14 17:00:00,50.72760878069159,0.0,2.9998,2.35468
2025-06-14 17:30:00,39.854857653580105,0.0,0.0,2.60198
2025-06-14 18:00:00,41.53226920083339,0.0,0.0,2.04288
2025-06-14 18:30:00,42.20351139022069,0.0,0.17204,0.67738
2025-06-14 19:00:00,40.6021090404298,0.0,0.0,1.60204
2025-06-14 19:30:00,39.686531532844256,0.0,0.01076,3.32236
2025-06-14 20:00:00,41.76365336353378,0.0,0.0,4.6126
2025-06-14 20:30:00,40.8965820353439,0.0,0.0,4.16102
2025-06-14 21:00:00,38.3476066799875,0.0,0.0,4.11264
2025-06-14 21:30:00,41.43916125690503,0.0,0.0,3.93524
2025-06-14 22:00:00,39.725911264073794,0.0,0.0,3.67718
2025-06-14 22:30:00,37.563545671163034,0.0,0.0,5.18246
2025-06-14 23:00:00,38.98272236676767,0.0,0.0,5.61254
2025-06-14 23:30:00,41.519945276211985,0.0,0.0,5.1287
2025-06-15 00:00:00,43.99374945822051,0.0,0.0,3.7847
2025-06-15 00:30:00,41.86296054141144,0.0,0.0,3.6986800000000004
2025-06-15 01:00:00,43.34939441724143,0.0,0.01076,3.5804200000000006
2025-06-15 01:30:00,45.414083352731296,0.0,0.0,2.71488
2025-06-15 02:00:00,42.86847826868331,0.0,0.0,3.73094
2025-06-15 02:30:00,42.961391771146786,0.0,0.0,3.2471
2025-06-15 03:00:00,45.036572319994306,0.0,0.0,3.17184
2025-06-15 03:30:00,45.240549369392575,0.0,0.0,4.69862
2025-06-15 04:00:00,42.56974796343192,0.0,0.0,4.87066
2025-06-15 04:30:00,40.14958526013756,0.0,0.0,4.41908
2025-06-15 05:00:00,44.459760609028194,0.0,0.0,4.33844
2025-06-15 05:30:00,42.664957812999795,0.0,0.0,3.99974
2025-06-15 06:00:00,45.00337189088753,0.0,0.0,4.0535
2025-06-15 06:30:00,44.96216680228196,0.0,0.0,3.9674799999999997
2025-06-15 07:00:00,39.72989691255017,0.0,0.0,3.67718
2025-06-15 07:30:00,41.386735843452925,0.0,0.0,4.62336
2025-06-15 08:00:00,49.01269459580133,0.0,1.6988199999999998,1.7633199999999998
2025-06-15 08:30:00,101.65543921652105,0.0,33.50324,0.0
2025-06-15 09:00:00,118.84125200377308,0.0,45.66374,0.0
2025-06-15 09:30:00,104.95584373617724,0.0,43.30906,0.0
2025-06-15 10:00:00,125.08545312444612,0.0,43.01338,0.0
2025-06-15 10:30:00,119.18814740053217,0.0,42.35214,0.0
2025-06-15 11:00:00,110.84361276366116,0.0,41.621,0.0
2025-06-15 11:30:00,113.37842353500585,0.0,42.15322,0.0
2025-06-15 12:00:00,119.79120484489725,0.0,42.90048,0.0
2025-06-15 12:30:00,123.04818932667773,0.0,43.07252,0.0
2025-06-15 13:00:00,117.80112505795213,0.0,43.7929,0.0
2025-06-15 13:30:00,124.46352476595308,0.0,43.44884,0.0
2025-06-15 14:00:00,108.20630009405329,0.0,42.14784,0.0
2025-06-15 14:30:00,112.6238349661369,0.0,41.98656,0.0
2025-06-15 15:00:00,106.74955539532968,0.0,41.3307,0.0
2025-06-15 15:30:00,115.73769109551613,0.0,42.81448,0.0
2025-06-15 16:00:00,120.25160361778535,0.0,38.87924,0.0
2025-06-15 16:30:00,68.21828143609808,0.0,12.24654,0.0
2025-06-15 17:00:00,44.18300691442239,0.0,0.87092,3.85996
2025-06-15 17:30:00,40.47183257892391,0.0,0.0,4.90292
2025-06-15 18:00:00,41.272566907966066,0.0,0.0,4.44596
2025-06-15 18:30:00,43.0539990187623,0.0,0.0,4.22016
2025-06-15 19:00:00,38.185376814754754,0.0,0.0,4.58036
2025-06-15 19:30:00,41.80281133821914,0.0,0.0,4.44058
2025-06-15 20:00:00,47.68543196569376,0.0,0.0,2.20416
2025-06-15 20:30:00,41.89670120815888,0.0,0.010760000000000002,2.1289
2025-06-15 21:00:00,43.06974764963575,0.0,0.0,1.81708
2025-06-15 21:30:00,43.491054986867596,0.0,0.0,3.0428199999999994
2025-06-15 22:00:00,44.20003906818739,0.0,0.0,3.67718
2025-06-15 22:30:00,41.9766874587504,0.0,0.0,3.85996
2025-06-15 23:00:00,43.63514509490918,0.0,0.0,3.88148
2025-06-15 23:30:00,44.87391610394273,0.0,0.0,3.8599600000000005
2025-06-16 00:00:00,44.80019674603449,0.0,0.0,3.6234200000000003
2025-06-16 00:30:00,41.39316175455076,0.0,0.0,3.2793599999999996
2025-06-16 01:00:00,43.35134110460928,0.0,0.0,3.67718
2025-06-16 01:30:00,40.9266754225095,0.0,0.0,5.03194
2025-06-16 02:00:00,44.2583636176676,0.0,0.0,5.31686
2025-06-16 02:30:00,39.052719056968456,0.0,0.0,4.87066
2025-06-16 03:00:00,44.118888928985,0.0,0.0,4.91366
2025-06-16 03:30:00,40.74766011846008,0.0,0.0,4.22016
2025-06-16 04:00:00,42.0050375522095,0.0,0.0,4.44058
2025-06-16 04:30:00,45.85974599631997,0.0,0.01076,3.9997400000000005
2025-06-16 05:00:00,43.546117742711125,0.0,0.0,3.94598
2025-06-16 05:30:00,40.077407176492585,0.0,0.0,3.83846
2025-06-16 06:00:00,42.78547999837154,0.0,0.0,3.7847
2025-06-16 06:30:00,39.82946958026169,0.0,0.0,4.72012
2025-06-16 07:00:00,49.234995936336134,0.0,2.36544,2.59124
2025-06-16 07:30:00,65.61572796818591,0.0,6.02112,0.0
2025-06-16 08:00:00,86.20315875298479,0.0,13.75182,0.0
2025-06-16 08:30:00,189.68396053290516,0.0,59.37255999999999,0.0
2025-06-16 09:00:00,229.3729135033721,0.0,65.88288,0.0
2025-06-16 09:30:00,241.4928710196267,0.0,68.75904,0.0
2025-06-16 10:00:00,244.78073454837667,0.0,74.74254,0.0
2025-06-16 10:30:00,225.88036145570285,0.0,73.5652,0.0
2025-06-16 11:00:00,235.4832539382028,0.0,78.08104,0.0
2025-06-16 11:30:00,225.62120732554857,0.0,84.06452,0.0
2025-06-16 12:00:00,234.53469332779719,0.0,85.56442,0.0
2025-06-16 12:30:00,250.71976341522375,0.0,87.34926,0.0
2025-06-16 13:00:00,248.9463655901067,0.0,82.54312,0.0
2025-06-16 13:30:00,275.97036127191325,0.0,79.64008,0.0
2025-06-16 14:00:00,219.01474580772643,0.0,76.96282,0.0
2025-06-16 14:30:00,244.6373813340828,0.0,76.7693,0.0
2025-06-16 15:00:00,231.19926789328179,0.0,65.36142,0.0
2025-06-16 15:30:00,241.73727614220383,0.0,63.81312,0.0
2025-06-16 16:00:00,253.83463720853987,0.0,63.99591999999999,0.0
2025-06-16 16:30:00,269.61868852492927,0.0,67.47956,0.0
2025-06-16 17:00:00,250.3443816455966,0.0,69.89876,0.0
2025-06-16 17:30:00,230.33149676828546,0.0,68.13542,0.0
2025-06-16 18:00:00,203.13927613043262,0.0,58.8242,0.0
2025-06-16 18:30:00,182.76200483670038,0.0,58.67367999999999,0.0
2025-06-16 19:00:00,181.1777362054042,0.0,57.74900000000001,0.0
2025-06-16 19:30:00,178.47943993406062,0.0,57.84576,0.0
2025-06-16 20:00:00,167.39689949570953,0.0,45.77126,0.0
2025-06-16 20:30:00,166.33546068243731,0.0,45.19066,0.0
2025-06-16 21:00:00,156.49566869977198,0.0,41.31456,0.0
2025-06-16 21:30:00,147.13035977347621,0.0,41.68549999999999,0.0
2025-06-16 22:00:00,116.64265426618516,0.0,36.04072,0.0
2025-06-16 22:30:00,75.24814145811747,0.0,7.78446,0.05376
2025-06-16 23:00:00,48.544849482261974,0.0,0.0,5.8706
2025-06-16 23:30:00,49.94382943127171,0.0,0.0,5.46202
2025-06-17 00:00:00,42.74268286100872,0.0,0.0,4.41908
2025-06-17 00:30:00,43.123355717098626,0.0,0.0,4.33844
2025-06-17 01:00:00,41.520703182814124,0.0,0.0,4.16102
2025-06-17 01:30:00,45.80183959907652,0.0,0.0,3.85996
2025-06-17 02:00:00,43.68747081295763,0.0,0.0,3.4191399999999996
2025-06-17 02:30:00,43.663478895965156,0.0,0.01076,3.02132
2025-06-17 03:00:00,40.034213438173666,0.0,0.0,2.38156
2025-06-17 03:30:00,45.721491685225885,0.0,0.0,2.3278
2025-06-17 04:00:00,41.53827772877953,0.0,0.01076,2.3762
2025-06-17 04:30:00,45.068866695631954,0.0,0.0,4.5696
2025-06-17 05:00:00,46.492271609842724,0.0,0.0,4.31156
2025-06-17 05:30:00,43.84531718796775,0.0,0.0,4.13952
2025-06-17 06:00:00,44.240391148449426,0.0,0.0,4.37606
2025-06-17 06:30:00,35.75169832342119,0.0,0.0,4.032
2025-06-17 07:00:00,41.23583376442598,0.0,0.0,4.10726
2025-06-17 07:30:00,43.19609550306046,0.0,0.0,4.44596
2025-06-17 08:00:00,43.29139515579668,0.0,0.0,3.9352400000000003
2025-06-17 08:30:00,38.504989773978615,0.0,0.0,3.9997399999999996
2025-06-17 09:00:00,41.2896458973119,0.0,0.0,3.91372
2025-06-17 09:30:00,36.69608508467487,0.0,0.0,4.075
2025-06-17 10:00:00,41.56148989970848,0.0,0.0,4.68788
2025-06-17 10:30:00,36.58310800743345,0.0,0.0,5.01044
2025-06-17 11:00:00,44.21577084479509,0.0,0.0,4.3008
2025-06-17 11:30:00,43.906928471875155,0.0,0.0,4.50508
2025-06-17 12:00:00,39.21945197468177,0.0,0.0,4.91366
2025-06-17 12:30:00,42.592161015776924,0.0,0.0,4.42982
2025-06-17 13:00:00,41.4176431441233,0.0,0.0,4.16102
2025-06-17 13:30:00,41.834747586977144,0.0,0.0,4.2578
2025-06-17 14:00:00,39.201457052868896,0.0,0.0,3.91372
2025-06-17 14:30:00,42.62131596841001,0.0,0.0,3.83846
2025-06-17 15:00:00,38.58717043470393,0.0,0.0,3.7632
2025-06-17 15:30:00,37.40334350522409,0.0,0.0,4.08576
2025-06-17 16:00:00,40.521420502051114,0.0,0.0,4.94592
2025-06-17 16:30:00,41.147762764019184,0.0,0.0,4.6126
2025-06-17 17:00:00,41.55294734373512,0.0,0.0,4.8814
2025-06-17 17:30:00,40.35318541241954,0.0,0.0,4.5266
2025-06-17 18:00:00,45.59805595333031,0.0,0.0,4.96742
2025-06-17 18:30:00,42.318957793760774,0.0,0.0,5.07494
2025-06-17 19:00:00,40.662226457732395,0.0,0.0,5.644799999999999
2025-06-17 19:30:00,41.260637844042336,0.0,0.0,5.85984
2025-06-17 20:00:00,43.64938312701361,0.0,0.0,4.94592
2025-06-17 20:30:00,42.59294863728438,0.0,0.0,3.989
2025-06-17 21:00:00,42.59021328748211,0.0,0.010760000000000002,3.75244
2025-06-17 21:30:00,44.0895726748908,0.0,0.0,3.40838
2025-06-17 22:00:00,38.440839714517985,0.0,0.0,3.34388
2025-06-17 22:30:00,39.51941995670531,0.0,0.0,2.3977
2025-06-17 23:00:00,42.095312247940086,0.0,0.0,2.7095000000000002
2025-06-17 23:30:00,42.5876021644354,0.0,0.010760000000000002,2.31168
2025-06-18 00:00:00,63.33510847200073,0.0,6.23616,0.0
2025-06-18 00:30:00,57.361969339270956,0.0,6.24692,0.0
2025-06-18 01:00:00,64.44513713901848,0.0,6.9673,0.0
2025-06-18 01:30:00,60.515390682244806,0.0,7.19308,0.0
2025-06-18 02:00:00,59.925194089008244,0.0,7.34362,0.0
2025-06-18 02:30:00,61.436537436971506,0.0,7.816699999999999,0.0
2025-06-18 03:00:00,59.762342184979964,0.0,7.7737,0.0
2025-06-18 03:30:00,61.10205105240273,0.0,7.88122,0.0
2025-06-18 04:00:00,58.20787066992855,0.0,7.41888,0.0
2025-06-18 04:30:00,56.996397067218126,0.0,7.322119999999999,0.0
2025-06-18 05:00:00,59.340520867633856,0.0,7.97798,0.0
2025-06-18 05:30:00,54.03717237758049,0.0,7.429639999999999,0.0
2025-06-18 06:00:00,61.96655881719576,0.0,7.09632,0.0
2025-06-18 06:30:00,56.305447232284344,0.0,6.9888,0.0
2025-06-18 07:00:00,64.02309905961157,0.0,6.30068,0.0
2025-06-18 07:30:00,84.44243950622513,0.0,10.98854,0.0
2025-06-18 08:00:00,111.69068601955546,0.0,18.42894,0.0
2025-06-18 08:30:00,191.0035103325178,0.0,75.66184,0.0
2025-06-18 09:00:00,231.06230895666,0.0,77.0112,0.0
2025-06-18 09:30:00,242.9169611403672,0.0,76.94132,0.0
2025-06-18 10:00:00,242.33128961938422,0.0,77.23162,0.0
2025-06-18 10:30:00,269.4393164957723,0.0,77.42516,0.0
2025-06-18 11:00:00,261.99511019733393,0.0,89.35988,0.0
2025-06-18 11:30:00,240.76083093919922,0.0,83.5968,0.0
2025-06-18 12:00:00,270.91763101626293,0.0,84.75802,0.0
2025-06-18 12:30:00,257.8803118974437,0.0,90.03726,0.0
2025-06-18 13:00:00,239.84566551555537,0.0,89.9835,0.0
2025-06-18 13:30:00,253.31087542500808,0.0,88.48898,0.0
2025-06-18 14:00:00,272.8027255973664,0.0,87.46216,0.0
2025-06-18 14:30:00,241.282464414117,0.0,85.02682,0.0
2025-06-18 15:00:00,288.1339189547974,0.0,86.49448,0.0
2025-06-18 15:30:00,253.1173083579586,0.0,85.34938,0.0
2025-06-18 16:00:00,264.43109952518523,0.0,83.09146000000001,0.0
2025-06-18 16:30:00,238.70953345457298,0.0,82.58612,0.0
2025-06-18 17:00:00,255.42627548884028,0.0,83.91938,0.0
2025-06-18 17:30:00,248.3653974776003,0.0,82.1453,0.0
2025-06-18 18:00:00,206.78141523014116,0.0,69.67298,0.0
2025-06-18 18:30:00,243.33494753044005,0.0,68.59778,0.0
2025-06-18 19:00:00,172.75245385156256,0.0,51.22254,0.0
2025-06-18 19:30:00,171.50878389643836,0.0,49.83552,0.0
2025-06-18 20:00:00,176.20169000583493,0.0,43.37358,0.0
2025-06-18 20:30:00,176.4737719544494,0.0,38.50292,0.0
2025-06-18 21:00:00,157.79553299012153,0.0,37.40622,0.0
2025-06-18 21:30:00,134.91597581506284,0.0,39.2018,0.0
2025-06-18 22:00:00,138.50988881222239,0.0,40.0512,0.0
2025-06-18 22:30:00,70.3326060096612,0.0,12.08526,0.0
2025-06-18 23:00:00,62.75166752152418,0.0,1.3225,2.87078
2025-06-18 23:30:00,51.44958937177838,0.0,0.0,3.66644
2025-06-19 00:00:00,51.637836149563256,0.0,0.0,2.83852
2025-06-19 00:30:00,50.75743362278452,0.0,0.0,4.5911
2025-06-19 01:00:00,51.557193576988304,0.0,0.0,4.35456
2025-06-19 01:30:00,47.49939415496198,0.0,0.0,4.9943
2025-06-19 02:00:00,48.05741173053248,0.0,0.0,4.98892
2025-06-19 02:30:00,52.55348380904934,0.0,0.0,4.76314
2025-06-19 03:00:00,40.617466589232734,0.0,0.0,4.90292
2025-06-19 03:30:00,46.79185718070759,0.0,0.0,4.075
2025-06-19 04:00:00,47.46697727683734,0.0,0.0,4.51584
2025-06-19 04:30:00,46.13656656279831,0.0,0.0,3.87072
2025-06-19 05:00:00,50.465913339961986,0.0,0.0,3.8599599999999996
2025-06-19 05:30:00,47.0326584334995,0.0,0.0,3.7739599999999998
2025-06-19 06:00:00,46.961117988205785,0.0,0.0,3.97824
2025-06-19 06:30:00,44.32569973466613,0.0,0.0,4.96742
2025-06-19 07:00:00,50.422743200664264,0.0,0.0,4.6126
2025-06-19 07:30:00,57.687308468084986,0.0,1.64506,2.03212
2025-06-19 08:00:00,96.86252354655707,0.0,10.47246,0.0
2025-06-19 08:30:00,196.9303106646528,0.0,76.23168,0.0
2025-06-19 09:00:00,230.7367257021339,0.0,75.07584,0.0
2025-06-19 09:30:00,243.78711819786233,0.0,75.99514,0.0
2025-06-19 10:00:00,253.50837448906455,0.0,74.9952,0.0
2025-06-19 10:30:00,229.01149722869513,0.0,76.03816,0.0
2025-06-19 11:00:00,226.3623369232512,0.0,81.55394,0.0
2025-06-19 11:30:00,249.31639020309402,0.0,87.71482,0.0
2025-06-19 12:00:00,289.75622951600303,0.0,90.68238,0.0
2025-06-19 12:30:00,266.03081685754034,0.0,91.8221,0.0
2025-06-19 13:00:00,236.9641356531446,0.0,85.10208,0.0
2025-06-19 13:30:00,236.19312280047876,0.0,79.88736,0.0
2025-06-19 14:00:00,244.6989012627018,0.0,78.62938,0.0
2025-06-19 14:30:00,227.8319990426137,0.0,81.37652,0.0
2025-06-19 15:00:00,267.1252939379097,0.0,86.01602,0.0
2025-06-19 15:30:00,246.81336442457447,0.0,83.88712,0.0
2025-06-19 16:00:00,249.2096464673641,0.0,85.04834,0.0
2025-06-19 16:30:00,242.67084937968463,0.0,81.52168,0.0
2025-06-19 17:00:00,255.05924208722678,0.0,82.87642,0.0
2025-06-19 17:30:00,231.2148701971608,0.0,82.0055,0.0
2025-06-19 18:00:00,198.09267176980782,0.0,77.80686,0.0
2025-06-19 18:30:00,198.97851867210426,0.0,71.9954,0.0
2025-06-19 19:00:00,171.7211645751898,0.0,70.1568,0.0
2025-06-19 19:30:00,126.24216311854403,0.0,29.64326,0.0215
2025-06-19 20:00:00,99.49540788940263,0.0,0.32256,0.47308
2025-06-19 20:30:00,88.30189562388364,0.0,0.10752,1.0322
2025-06-19 21:00:00,77.0895156661099,0.0,0.15052,0.73114
2025-06-19 21:30:00,61.83914909635323,0.0,0.35482,0.25804
2025-06-19 22:00:00,53.54208674898604,0.0,0.21504,1.45152
2025-06-19 22:30:00,46.73990916564355,0.0,0.0,3.2793599999999996
2025-06-19 23:00:00,49.13727439305322,0.0,0.0,2.82778
2025-06-19 23:30:00,45.07399180705564,0.0,0.0,5.1287
2025-06-20 00:00:00,42.866921953685264,0.0,0.0,3.7847
2025-06-20 00:30:00,43.84776757968815,0.0,0.0,4.37606
2025-06-20 01:00:00,43.314347817680044,0.0,0.0,5.838339999999999
2025-06-20 01:30:00,43.37779649105931,0.0,0.0,5.1287
2025-06-20 02:00:00,45.631457531551774,0.0,0.0,5.30074
2025-06-20 02:30:00,43.80095312945856,0.0,0.0,5.67706
2025-06-20 03:00:00,45.313676608880094,0.0,0.0,5.49428
2025-06-20 03:30:00,45.5841389646441,0.0,0.0,4.97818
2025-06-20 04:00:00,45.620384818487196,0.0,0.0,4.98892
2025-06-20 04:30:00,43.4850917986433,0.0,0.0,4.32768
2025-06-20 05:00:00,40.158707548808074,0.0,0.0,4.33844
2025-06-20 05:30:00,44.86505663097916,0.0,0.0,4.23092
2025-06-20 06:00:00,45.83091864450761,0.0,0.0,4.36532
2025-06-20 06:30:00,45.448898312858006,0.0,0.0,5.28998
2025-06-20 07:00:00,52.046586057063216,0.0,0.0,4.8599
2025-06-20 07:30:00,67.30529235875373,0.0,0.0,4.21478
2025-06-20 08:00:00,108.59184680230206,0.0,9.44026,0.72038
2025-06-20 08:30:00,212.14422976171772,0.0,69.95252,0.0
2025-06-20 09:00:00,208.51036324925752,0.0,69.76974,0.0
2025-06-20 09:30:00,231.46153837536284,0.0,68.89882,0.0
2025-06-20 10:00:00,226.62227736527515,0.0,68.17844,0.0
2025-06-20 10:30:00,245.44461210485932,0.0,69.11924,0.0
2025-06-20 11:00:00,237.62169925320342,0.0,67.90964,0.0
2025-06-20 11:30:00,246.73000486242682,0.0,73.5437,0.0
2025-06-20 12:00:00,241.47587819087963,0.0,75.65108,0.0
2025-06-20 12:30:00,254.0815152383392,0.0,78.70466,0.0
2025-06-20 13:00:00,168.10299154662968,0.0,56.58778,0.0
2025-06-20 13:30:00,176.9181698374542,0.0,49.459199999999996,0.0
2025-06-20 14:00:00,181.54668977756498,0.0,48.08296,0.0
2025-06-20 14:30:00,191.933741463082,0.0,51.12576,0.0
2025-06-20 15:00:00,254.14090292203417,0.0,80.5755,0.0
2025-06-20 15:30:00,282.1127644366005,0.0,81.02708,0.0
2025-06-20 16:00:00,258.7190756494924,0.0,82.27432,0.0
2025-06-20 16:30:00,257.27979887809767,0.0,77.99502,0.0
2025-06-20 17:00:00,256.7575337079423,0.0,78.22618,0.0
2025-06-20 17:30:00,192.41890546999448,0.0,43.51872,0.0
2025-06-20 18:00:00,109.07918450168751,0.0,2.1289,0.45158
2025-06-20 18:30:00,86.53383396905458,0.0,0.2258,0.63436
2025-06-20 19:00:00,74.4474764418258,0.0,0.043,1.66656
2025-06-20 19:30:00,68.44120195127915,0.0,0.0,2.63424
2025-06-20 20:00:00,64.79727851192824,0.0,0.0,2.63424
2025-06-20 20:30:00,52.867371604777595,0.0,0.01076,3.7847
2025-06-20 21:00:00,54.07006707535757,0.0,0.0,2.3977
2025-06-20 21:30:00,52.4082394989094,0.0,0.0215,1.3655
2025-06-20 22:00:00,45.654081502654634,0.0,0.15052,0.81716
2025-06-20 22:30:00,39.779500486090726,0.0,0.01076,2.98906
2025-06-20 23:00:00,40.20234924720047,0.0,0.0,3.2901200000000004
2025-06-20 23:30:00,44.198018914370024,0.0,0.0,3.32236
2025-06-21 00:00:00,53.80071657688379,0.0,0.81716,0.15052
2025-06-21 00:30:00,50.21296338367869,0.0,1.08058,0.0215
2025-06-21 01:00:00,53.566629578751844,0.0,1.5698,0.0
2025-06-21 01:30:00,46.2530689546404,0.0,0.72038,0.37632000000000004
2025-06-21 02:00:00,45.15780754937927,0.0,0.16128,0.62362
2025-06-21 02:30:00,49.381525826975135,0.0,0.59136,0.06452
2025-06-21 03:00:00,44.839940539508994,0.0,0.38708,0.13978
2025-06-21 03:30:00,47.07636425642451,0.0,0.79564,0.0215
2025-06-21 04:00:00,46.12595073366613,0.0,1.02144,0.0
2025-06-21 04:30:00,40.94806439129335,0.0,1.13434,0.0
2025-06-21 05:00:00,48.254376323225905,0.0,1.47302,0.0
2025-06-21 05:30:00,47.54330876419424,0.0,1.55904,0.0
2025-06-21 06:00:00,51.80037487533603,0.0,1.81708,0.0
2025-06-21 06:30:00,47.02862357229229,0.0,1.67732,0.0
2025-06-21 07:00:00,44.42581995992276,0.0,1.78484,0.0
2025-06-21 07:30:00,44.7201938585627,0.0,0.8924199999999999,0.2903
2025-06-21 08:00:00,40.0082820234779,0.0,0.2903,0.32794000000000006
2025-06-21 08:30:00,42.35576721581476,0.0,0.11827999999999998,0.9784399999999999
2025-06-21 09:00:00,46.195614354508045,0.0,0.21504,0.9676800000000001
2025-06-21 09:30:00,44.2138332692081,0.0,0.13978,0.8494
2025-06-21 10:00:00,44.239507998671414,0.0,0.0,2.1074
2025-06-21 10:30:00,39.59352780084981,0.0,0.38708,0.61286
2025-06-21 11:00:00,42.5346289427134,0.0,0.34406,0.40858
2025-06-21 11:30:00,41.283469032977436,0.0,0.15052,1.0322
2025-06-21 12:00:00,51.87120603460598,0.0,1.22572,0.0215
2025-06-21 12:30:00,50.18427110240825,0.0,0.5591,0.7956400000000001
2025-06-21 13:00:00,49.397089808445095,0.0,0.07526,0.92468
2025-06-21 13:30:00,51.489721116672975,0.0,0.01076,1.68806
2025-06-21 14:00:00,46.78556154893161,0.0,0.01076,1.95686
2025-06-21 14:30:00,50.21267983232884,0.0,0.0,2.52672
2025-06-21 15:00:00,45.72518601598938,0.0,0.0,2.40844
2025-06-21 15:30:00,45.512219245991105,0.0,0.0,2.11276
2025-06-21 16:00:00,49.17216785725737,0.0,0.0,2.645
2025-06-21 16:30:00,42.69745123183676,0.0,0.0,2.96756
2025-06-21 17:00:00,49.1856708955341,0.0,0.01076,2.06438
2025-06-21 17:30:00,47.95932031858331,0.0,0.0,2.1934
2025-06-21 18:00:00,49.30431716533797,0.0,0.0,2.13964
2025-06-21 18:30:00,48.38491373946107,0.0,0.0215,1.3655
2025-06-21 19:00:00,47.103472496789294,0.0,0.0,1.5698000000000003
2025-06-21 19:30:00,48.37032951707906,0.0,0.05376,1.23648
2025-06-21 20:00:00,43.39023331192415,0.0,0.053759999999999995,1.10746
2025-06-21 20:30:00,40.21908485706551,0.0,0.01076,2.1289
2025-06-21 21:00:00,44.29128164051724,0.0,0.0215,1.344
2025-06-21 21:30:00,42.763576787878065,0.0,0.06452,1.22572
2025-06-21 22:00:00,41.01940706719647,0.0,0.01076,3.5911599999999995
2025-06-21 22:30:00,42.75824085371452,0.0,0.0,2.98906
2025-06-21 23:00:00,44.505985486847955,0.0,0.0,3.34388
2025-06-21 23:30:00,41.42724080615776,0.0,0.0,3.90298
2025-06-22 00:00:00,42.370209543278285,0.0,0.0,4.32768
2025-06-22 00:30:00,41.85877003665339,0.0,0.0,4.90292
2025-06-22 01:00:00,48.71052162485998,0.0,0.0,4.37606
2025-06-22 01:30:00,45.32532257517149,0.0,0.0,3.68794
2025-06-22 02:00:00,45.83518036838645,0.0,0.0,4.23092
2025-06-22 02:30:00,44.17811222778738,0.0,0.0,3.73094
2025-06-22 03:00:00,44.582660785811065,0.0,0.0,3.5266599999999997
2025-06-22 03:30:00,44.49735337789005,0.0,0.0,3.1825999999999994
2025-06-22 04:00:00,48.03132415097955,0.0,0.0,2.90304
2025-06-22 04:30:00,44.98607154507199,0.0,0.0,3.44064
2025-06-22 05:00:00,43.20057965264886,0.0,0.0,2.731
2025-06-22 05:30:00,49.478217456552834,0.0,0.01076,2.67724
2025-06-22 06:00:00,45.12784361277868,0.0,0.0,2.65574
2025-06-22 06:30:00,44.59450448554991,0.0,0.0,2.25792
2025-06-22 07:00:00,37.04989455195198,0.0,0.0,3.2041
2025-06-22 07:30:00,46.16485028121901,0.0,0.0,2.4622
2025-06-22 08:00:00,49.68912071789787,0.0,2.9138,1.62356
2025-06-22 08:30:00,108.28954381252527,0.0,41.56724,0.0
2025-06-22 09:00:00,115.16650860578952,0.0,45.9648,0.0
2025-06-22 09:30:00,113.89777662102921,0.0,45.80352,0.0
2025-06-22 10:00:00,117.01958118230618,0.0,46.17984,0.0
2025-06-22 10:30:00,121.41140522827155,0.0,44.80358,0.0
2025-06-22 11:00:00,122.3648431576756,0.0,44.5993,0.0
2025-06-22 11:30:00,117.14086654361525,0.0,44.45952,0.0
2025-06-22 12:00:00,124.9024363880627,0.0,44.58856,0.0
2025-06-22 12:30:00,117.56124532908083,0.0,45.05088,0.0
2025-06-22 13:00:00,115.41514726836076,0.0,44.73908,0.0
2025-06-22 13:30:00,120.75990483812326,0.0,44.76058,0.0
2025-06-22 14:00:00,109.99483609094054,0.0,42.35214,0.0
2025-06-22 14:30:00,117.86959045196326,0.0,40.80384,0.0
2025-06-22 15:00:00,108.41012325708179,0.0,42.35214,0.0
2025-06-22 15:30:00,104.24292768942912,0.0,35.36334,0.0
2025-06-22 16:00:00,80.65552615424171,0.0,25.826300000000003,0.0
2025-06-22 16:30:00,52.10477543448441,0.0,1.8386,1.387
2025-06-22 17:00:00,47.3750484763598,0.0,0.0,3.94598
2025-06-22 17:30:00,42.88087683891129,0.0,0.0,3.89222
2025-06-22 18:00:00,43.87613977759661,0.0,0.0,3.65568
2025-06-22 18:30:00,48.07169855064705,0.0,0.0,4.18252
2025-06-22 19:00:00,44.43555657927137,0.0,0.0,4.47284
2025-06-22 19:30:00,41.76256276078802,0.0,0.0,4.661
2025-06-22 20:00:00,42.32169127811356,0.0,0.0,4.3223
2025-06-22 20:30:00,45.59148158502563,0.0,0.0,3.87072
2025-06-22 21:00:00,44.009254372185396,0.0,0.0,3.6664400000000006
2025-06-22 21:30:00,43.04916992740765,0.0,0.0,3.5266600000000006
2025-06-22 22:00:00,47.80136176613057,0.0,0.0,3.19334
2025-06-22 22:30:00,47.61780492584964,0.0,0.0,3.07508
2025-06-22 23:00:00,40.95027754858057,0.0,0.0,3.5374
2025-06-22 23:30:00,43.77757609403549,0.0,0.0,3.39764
2025-06-23 00:00:00,44.458938464407964,0.0,0.01076,3.03206
2025-06-23 00:30:00,49.65595249078748,0.0,0.0,4.17178
2025-06-23 01:00:00,47.985729499685824,0.0,0.0,4.0105
2025-06-23 01:30:00,48.08417071344283,0.0,0.0,4.02124
2025-06-23 02:00:00,46.96165470807337,0.0,0.0,3.8922200000000005
2025-06-23 02:30:00,43.982433771763986,0.0,0.0,3.7954599999999994
2025-06-23 03:00:00,46.26367233575584,0.0,0.0,3.1395800000000005
2025-06-23 03:30:00,45.52757287837449,0.0,0.0,2.5536
2025-06-23 04:00:00,48.74873109650258,0.0,0.0,2.59124
2025-06-23 04:30:00,45.974493407935455,0.0,0.0,4.44058
2025-06-23 05:00:00,45.89916023987,0.0,0.0,4.55348
2025-06-23 05:30:00,45.18434624368998,0.0,0.0,4.44058
2025-06-23 06:00:00,49.10392451948895,0.0,0.0,4.22016
2025-06-23 06:30:00,41.242590969773524,0.0,0.0,4.58036
2025-06-23 07:00:00,55.27692652256937,0.0,0.0,3.64492
2025-06-23 07:30:00,59.779017912912124,0.0,0.13978,4.48358
2025-06-23 08:00:00,80.08940570769838,0.0,2.25792,0.15052
2025-06-23 08:30:00,101.60880611865322,0.0,4.76852,0.0
2025-06-23 09:00:00,116.41523603620404,0.0,10.04238,0.0
2025-06-23 09:30:00,131.29622410702206,0.0,9.04244,0.0
2025-06-23 10:00:00,127.9955830451086,0.0,9.30048,0.0
2025-06-23 10:30:00,141.58408937095908,0.0,8.977919999999997,0.0
2025-06-23 11:00:00,153.95975605735669,0.0,10.21978,0.0
2025-06-23 11:30:00,143.93877453041114,0.0,9.902599999999998,0.0
2025-06-23 12:00:00,140.21129946965416,0.0,9.81658,0.0
2025-06-23 12:30:00,132.35768086777264,0.0,11.0208,0.0
2025-06-23 13:00:00,136.92638947388338,0.0,10.709,0.0
2025-06-23 13:30:00,152.51566630324865,0.0,15.39686,0.0
2025-06-23 14:00:00,138.6831742791708,0.0,14.62272,0.0
2025-06-23 14:30:00,134.52673052509726,0.0,12.3648,0.0
2025-06-23 15:00:00,130.5350299194913,0.0,10.752,0.0
2025-06-23 15:30:00,137.45241372285997,0.0,12.24654,0.0
2025-06-23 16:00:00,137.40545012833473,0.0,14.2679,0.0
2025-06-23 16:30:00,133.36731442016074,0.0,14.33242,0.0
2025-06-23 17:00:00,138.9763153440355,0.0,14.04212,0.0
2025-06-23 17:30:00,117.70630487495555,0.0,6.9888,0.0
2025-06-23 18:00:00,87.30144112094861,0.0,1.8708400000000003,0.043
2025-06-23 18:30:00,84.09922419620123,0.0,1.5160400000000003,0.0
2025-06-23 19:00:00,67.68834514210009,0.0,0.2473,0.65588
2025-06-23 19:30:00,62.34688740649961,0.0,0.01076,2.35468
2025-06-23 20:00:00,58.905749437266174,0.0,0.0,2.52672
2025-06-23 20:30:00,51.696879364526836,0.0,0.0,2.65574
2025-06-23 21:00:00,49.30210105705334,0.0,0.0,2.59124
2025-06-23 21:30:00,40.473235506796904,0.0,0.01076,2.42996
2025-06-23 22:00:00,45.332249546651205,0.0,0.0,3.11808
2025-06-23 22:30:00,41.838832020752015,0.0,0.0,4.97818
2025-06-23 23:00:00,47.44306399938087,0.0,0.0,4.35456
2025-06-23 23:30:00,44.692796918506914,0.0,0.0,4.51584
2025-06-24 00:00:00,45.43891482441897,0.0,0.0,5.47276
2025-06-24 00:30:00,49.84427106878888,0.0,0.0,4.35456
2025-06-24 01:00:00,44.638449458028376,0.0,0.0,5.51578
2025-06-24 01:30:00,42.62856411060097,0.0,0.0,5.65556
2025-06-24 02:00:00,47.919322279389434,0.0,0.0,5.04268
2025-06-24 02:30:00,43.73274980789006,0.0,0.0,4.9943
2025-06-24 03:00:00,51.23379713152383,0.0,0.0,4.80614
2025-06-24 03:30:00,44.82728439901844,0.0,0.0,4.38682
2025-06-24 04:00:00,44.80509025340304,0.0,0.0,4.33844
2025-06-24 04:30:00,49.61115671717491,0.0,0.0,3.9244800000000004
2025-06-24 05:00:00,47.39378944281617,0.0,0.0,3.8384600000000004
2025-06-24 05:30:00,44.6218943047762,0.0,0.0,3.40838
2025-06-24 06:00:00,53.22525320142311,0.0,0.01076,3.95674
2025-06-24 06:30:00,46.921747248867476,0.0,0.0,4.60186
2025-06-24 07:00:00,51.7125820035509,0.0,0.0,4.70938
2025-06-24 07:30:00,71.69049254504654,0.0,9.429499999999999,0.01076
2025-06-24 08:00:00,112.44110548583208,0.0,27.71866,0.0
2025-06-24 08:30:00,204.42763277714587,0.0,72.7803,0.0
2025-06-24 09:00:00,221.20756576439265,0.0,85.29564,0.0
2025-06-24 09:30:00,233.5036358096634,0.0,82.5915,0.0
2025-06-24 10:00:00,244.45741714113868,0.0,82.3926,0.0
2025-06-24 10:30:00,265.5564254442013,0.0,75.71022,0.0
2025-06-24 11:00:00,261.4744868744823,0.0,87.28474,0.0
2025-06-24 11:30:00,313.2817708589619,0.0,93.51016,0.0
2025-06-24 12:00:00,272.9635083252896,0.0,94.53159999999998,0.0
2025-06-24 12:30:00,282.6176571883427,0.0,97.11208,0.0
2025-06-24 13:00:00,257.4216712114167,0.0,95.46702,0.0
2025-06-24 13:30:00,245.39647957563608,0.0,95.18746,0.0
2025-06-24 14:00:00,248.58623477637022,0.0,92.63924,0.0
2025-06-24 14:30:00,246.28346187174137,0.0,93.95098,0.0
2025-06-24 15:00:00,247.58642841641444,0.0,83.04846,0.0
2025-06-24 15:30:00,250.8573295596258,0.0,86.83316,0.0
2025-06-24 16:00:00,272.5670810781034,0.0,82.98394,0.0
2025-06-24 16:30:00,260.491638192937,0.0,83.5968,0.0
2025-06-24 17:00:00,259.2093101300608,0.0,84.57524,0.0
2025-06-24 17:30:00,264.1120621198405,0.0,89.47814,0.0
2025-06-24 18:00:00,253.24067121018476,0.0,83.86562,0.0
2025-06-24 18:30:00,218.8263418454504,0.0,81.41952,0.0
2025-06-24 19:00:00,203.14474139591675,0.0,81.01634,0.0
2025-06-24 19:30:00,164.0806813983608,0.0,65.10336,0.0
2025-06-24 20:00:00,144.62131105298172,0.0,55.200779999999995,0.0
2025-06-24 20:30:00,139.98747480190863,0.0,54.2116,0.0
2025-06-24 21:00:00,156.52595821745484,0.0,56.00718,0.0
2025-06-24 21:30:00,144.07959365481207,0.0,55.29754,0.0
2025-06-24 22:00:00,121.20178529049169,0.0,48.73882,0.0
2025-06-24 22:30:00,70.50512972332227,0.0,21.33734,0.0
2025-06-24 23:00:00,56.21047393620399,0.0,8.66074,0.0
2025-06-24 23:30:00,56.09578648514859,0.0,8.5586,0.0
2025-06-25 00:00:00,49.65514618391947,0.0,0.0,4.92442
2025-06-25 00:30:00,51.9541526154613,0.0,0.0,4.0535
2025-06-25 01:00:00,49.50214606023345,0.0,0.0,4.55348
2025-06-25 01:30:00,51.105990693946914,0.0,0.0,4.31156
2025-06-25 02:00:00,51.7022037769063,0.0,0.0,4.67174
2025-06-25 02:30:00,49.318992935427296,0.0,0.0,4.17178
2025-06-25 03:00:00,53.81786728744165,0.0,0.0,4.2793
2025-06-25 03:30:00,51.75996099430339,0.0,0.0,3.89222
2025-06-25 04:00:00,51.566130325134594,0.0,0.0,3.87072
2025-06-25 04:30:00,51.4112499066832,0.0,0.0,3.55892
2025-06-25 05:00:00,61.61382596494767,0.0,0.0,2.87078
2025-06-25 05:30:00,51.75663663030847,0.0,0.0,3.03206
2025-06-25 06:00:00,47.658999348061236,0.0,0.0,3.5266600000000006
2025-06-25 06:30:00,48.783767692166876,0.0,0.0,4.3223
2025-06-25 07:00:00,58.487939699122094,0.0,0.0,5.04268
2025-06-25 07:30:00,74.24748847482255,0.0,0.32794,4.50508
2025-06-25 08:00:00,100.95297885086732,0.0,16.88602,0.0
2025-06-25 08:30:00,214.2776987714017,0.0,74.3501,0.0
2025-06-25 09:00:00,225.19910871995444,0.0,71.96314,0.0
2025-06-25 09:30:00,225.66007472107577,0.0,77.23162,0.0
2025-06-25 10:00:00,232.20134473154368,0.0,114.4658,0.0
2025-06-25 10:30:00,241.58675140742923,0.0,79.55406,0.0
2025-06-25 11:00:00,254.9054681159904,0.0,79.26376,0.0
2025-06-25 11:30:00,257.8231168948911,0.0,81.24212,0.0
2025-06-25 12:00:00,241.08870356600164,0.0,80.51098,0.0
2025-06-25 12:30:00,247.6096335718826,0.0,80.99482,0.0
2025-06-25 13:00:00,276.5186143019251,0.0,78.05952,0.0
2025-06-25 13:30:00,239.34155836846836,0.0,75.32852,0.0
2025-06-25 14:00:00,245.07902332335806,0.0,74.55438,0.0
2025-06-25 14:30:00,261.39370662620576,0.0,71.9954,0.0
2025-06-25 15:00:00,260.93678592773267,0.0,74.56514,0.0
2025-06-25 15:30:00,252.1684652940146,0.0,78.53262,0.0
2025-06-25 16:00:00,253.5561820804556,0.0,86.52136,0.0
2025-06-25 16:30:00,236.8791207113062,0.0,75.95752,0.0
2025-06-25 17:00:00,226.93530658524307,0.0,74.69416,0.0
2025-06-25 17:30:00,214.58018805664167,0.0,74.82318,0.0
2025-06-25 18:00:00,190.01152104442167,0.0,58.74894,0.0
2025-06-25 18:30:00,158.62592162911713,0.0,42.19621999999999,0.0
2025-06-25 19:00:00,137.93375672035728,0.0,42.12634,0.0
2025-06-25 19:30:00,154.77789301127459,0.0,43.19080000000001,0.0
2025-06-25 20:00:00,129.77813695055622,0.0,43.40584,0.0
2025-06-25 20:30:00,135.91199808541947,0.0,43.66388,0.0
2025-06-25 21:00:00,114.66787343784878,0.0,41.578,0.0
2025-06-25 21:30:00,117.6424402367747,0.0,39.92218,0.0
2025-06-25 22:00:00,121.41633505114746,0.0,39.7179,0.0
2025-06-25 22:30:00,54.29492688253163,0.0,7.924219999999999,0.98918
2025-06-25 23:00:00,39.92327503060909,0.0,0.0,5.354499999999999
2025-06-25 23:30:00,38.85507729820491,0.0,0.0,5.763080000000001
2025-06-26 00:00:00,40.094333496415125,0.0,0.0,5.419
2025-06-26 00:30:00,38.75991328927714,0.0,0.0,5.04268
2025-06-26 01:00:00,40.14673083395088,0.0,0.0,4.73088
2025-06-26 01:30:00,42.57071386856167,0.0,0.0,4.33844
2025-06-26 02:00:00,41.36539725509422,0.0,0.0,4.8599
2025-06-26 02:30:00,41.75483559062119,0.0,0.0,4.44596
2025-06-26 03:00:00,39.02733813166337,0.0,0.0,4.5481
2025-06-26 03:30:00,42.86531134397788,0.0,0.0,3.77396
2025-06-26 04:00:00,40.78110600376789,0.0,0.0,3.25786
2025-06-26 04:30:00,40.20433330533803,0.0,0.01076,3.6341799999999997
2025-06-26 05:00:00,42.820120521013195,0.0,0.0,3.05356
2025-06-26 05:30:00,43.98878199843881,0.0,0.0,3.31162
2025-06-26 06:00:00,43.75505565824865,0.0,0.0,3.1933400000000005
2025-06-26 06:30:00,41.11246409528814,0.0,0.0,4.31156
2025-06-26 07:00:00,45.25709677847565,0.0,0.0,4.64486
2025-06-26 07:30:00,57.359242572558784,0.0,0.0,4.73088
2025-06-26 08:00:00,71.59472180217391,0.0,3.16108,1.4300199999999998
2025-06-26 08:30:00,196.7238152697417,0.0,64.15718,0.0
2025-06-26 09:00:00,193.24221263291486,0.0,69.5977,0.0
2025-06-26 09:30:00,202.48306333850772,0.0,69.8665,0.0
2025-06-26 10:00:00,213.91448713306315,0.0,73.84474,0.0
2025-06-26 10:30:00,242.26526866480398,0.0,74.65652,0.0
2025-06-26 11:00:00,242.75344047086145,0.0,73.24264,0.0
2025-06-26 11:30:00,235.68412597957862,0.0,73.76948,0.0
2025-06-26 12:00:00,232.64989884687972,0.0,74.21032,0.0
2025-06-26 12:30:00,209.60892995326762,0.0,76.48974,0.0
2025-06-26 13:00:00,233.74892240673194,0.0,77.89286,0.0
2025-06-26 13:30:00,217.7970927358829,0.0,78.41434,0.0
2025-06-26 14:00:00,215.2021408215952,0.0,77.23162,0.0
2025-06-26 14:30:00,239.28531180900737,0.0,77.89286,0.0
2025-06-26 15:00:00,234.0923903042946,0.0,80.48948,0.0
2025-06-26 15:30:00,258.55957734123433,0.0,83.25274,0.0
2025-06-26 16:00:00,220.66391685626854,0.0,81.72596,0.0
2025-06-26 16:30:00,250.47995259390672,0.0,81.0701,0.0
2025-06-26 17:00:00,224.5360767759552,0.0,80.81204,0.0
2025-06-26 17:30:00,224.89254578217043,0.0,77.19938,0.0
2025-06-26 18:00:00,206.3479759434973,0.0,68.98484,0.0
2025-06-26 18:30:00,190.41673642052237,0.0,57.63071999999999,0.0
2025-06-26 19:00:00,197.68987056537088,0.0,57.727500000000006,0.0
2025-06-26 19:30:00,190.5583221985019,0.0,61.46918,0.0
2025-06-26 20:00:00,169.46481754967962,0.0,55.97492,0.0
2025-06-26 20:30:00,148.35180971661825,0.0,40.93824,0.0
2025-06-26 21:00:00,128.38929541259938,0.0,40.30926,0.0
2025-06-26 21:30:00,110.98606644054881,0.0,39.94368,0.0
2025-06-26 22:00:00,113.62594112942153,0.0,42.30912,0.0
2025-06-26 22:30:00,56.91672432913286,0.0,7.601659999999999,0.0
2025-06-26 23:00:00,46.47178928487867,0.0,1.81708,0.0
2025-06-26 23:30:00,49.69942604630023,0.0,1.5805399999999998,0.0
2025-06-27 00:00:00,42.57900623383482,0.0,0.0,5.9781200000000005
2025-06-27 00:30:00,38.36539354234517,0.0,0.0,6.114906382978724
2025-06-27 01:00:00,38.67415856596961,0.0,0.0,5.736988510638298
2025-06-27 01:30:00,40.374297874974516,0.0,0.0,5.8911731914893615
2025-06-27 02:00:00,42.03814497379613,0.0,0.0,5.715945531914892
2025-06-27 02:30:00,38.35392943049642,0.0,0.0,4.973139574468084
2025-06-27 03:00:00,39.96632922708487,0.0,0.0,4.835189787234042
2025-06-27 03:30:00,42.710796770872996,0.0,0.0,4.589733617021277
2025-06-27 04:00:00,40.90940062523347,0.0,0.0,4.458881276595744
2025-06-27 04:30:00,44.9719637056423,0.0,0.0,3.8755280851063834
2025-06-27 05:00:00,38.153473525854714,0.0,0.0,4.334203829787234
2025-06-27 05:30:00,46.70383316483394,0.0,0.0,4.284329787234043
2025-06-27 06:00:00,39.75073895053128,0.0,0.0,4.696562127659575
2025-06-27 06:30:00,39.44002211838878,0.0,0.0,5.4277
2025-06-27 07:00:00,52.18801205507912,0.0,0.49825787234042485,4.803061276595746
2025-06-27 07:30:00,73.5390117687272,0.0,5.277633191489357,1.4408876595744715
2025-06-27 08:00:00,158.61310897301408,0.0,47.59362680851061,0.010982127659574483
2025-06-27 08:30:00,200.80117847055396,0.0,68.69270765957447,0.0
2025-06-27 09:00:00,205.72388415010082,0.0,69.07794127659575,0.0
2025-06-27 09:30:00,202.02412264161495,0.0,68.59661617021277,0.0
2025-06-27 10:00:00,219.00596312356205,0.0,68.78443531914893,0.0
2025-06-27 10:30:00,213.40779345322818,0.0,68.02584468085107,0.0
2025-06-27 11:00:00,230.32124896988975,0.0,67.47773063829787,0.0
2025-06-27 11:30:00,218.72261208634225,0.0,71.16682170212766,0.0
2025-06-27 12:00:00,198.54399276052806,0.0,67.22059914893617,0.0
2025-06-27 12:30:00,161.44277636620401,0.0,53.827255319148925,0.0
2025-06-27 13:00:00,151.14600011658024,0.0,46.54266595744681,0.0
2025-06-27 13:30:00,140.4643174649813,0.0,45.740163829787235,0.0
2025-06-27 14:00:00,140.7891317183392,0.0,45.22406297872341,0.0
2025-06-27 14:30:00,175.3677311537461,0.0,53.84121191489358,0.0
2025-06-27 15:00:00,189.28067719323658,0.0,68.58037957446808,0.0
2025-06-27 15:30:00,225.58532234938582,0.0,69.12714042553192,0.0
2025-06-27 16:00:00,212.82800278255215,0.0,70.57294382978723,0.0
2025-06-27 16:30:00,210.61529494605352,0.0,70.82321446808513,0.0
2025-06-27 17:00:00,196.47222038617093,0.0,67.01653659574468,0.0
2025-06-27 17:30:00,202.41998667912364,0.0,65.40190255319152,0.0
2025-06-27 18:00:00,174.11183902358454,0.0,59.059137446808535,0.0
2025-06-27 18:30:00,156.82061416599183,0.0,51.375810638297914,0.0
2025-06-27 19:00:00,134.91413196678272,0.0,37.08959744680857,0.0
2025-06-27 19:30:00,92.65657470989676,0.0,17.803716595744735,0.7338825531914789
2025-06-27 20:00:00,64.43710009905456,0.0,0.20131063829787285,4.3499914893617015
2025-06-27 20:30:00,58.36282748781284,0.0,0.0,4.5188144680851074
2025-06-27 21:00:00,61.00155189778911,0.0,0.0,4.169492765957447
2025-06-27 21:30:00,57.994991709117116,0.0,0.0,4.16492
2025-06-27 22:00:00,55.65771497776709,0.0,0.0,4.47397234042553
2025-06-27 22:30:00,46.41192041482321,0.0,0.0,6.6715051063829796
2025-06-27 23:00:00,48.48953278207826,0.0,0.0,6.06046
2025-06-27 23:30:00,45.30860824191398,0.0,0.0,5.892100000000001
2025-06-28 00:00:00,42.76954767789355,0.0,0.0,4.15028
2025-06-28 00:30:00,41.889489293841,0.0,0.0,4.41908
2025-06-28 01:00:00,41.62315921550129,0.0,0.0,3.96748
2025-06-28 01:30:00,45.674905022458134,0.0,0.0,4.29004
2025-06-28 02:00:00,36.2516036496933,0.0,0.0,4.06426
2025-06-28 02:30:00,42.521576720463955,0.0,0.0,3.84922
2025-06-28 03:00:00,43.231369180156086,0.0,0.0,3.59116
2025-06-28 03:30:00,42.59844060435564,0.0,0.0,2.9783
2025-06-28 04:00:00,44.57245717909761,0.0,0.01076,3.05356
2025-06-28 04:30:00,46.923247177654154,0.0,0.0,2.22028
2025-06-28 05:00:00,40.06258922910008,0.0,0.0,2.8492800000000003
2025-06-28 05:30:00,48.18138069255076,0.0,0.0,4.50508
2025-06-28 06:00:00,39.33044383627922,0.0,0.0,5.03194
2025-06-28 06:30:00,45.334679767848016,0.0,0.0,4.96742
2025-06-28 07:00:00,42.522847948520145,0.0,0.0,5.18246
2025-06-28 07:30:00,40.42205318384874,0.0,0.0,6.064120000000001
2025-06-28 08:00:00,50.7156470915897,0.0,6.03188,2.81702
2025-06-28 08:30:00,131.75622509868353,0.0,60.91008,0.0
2025-06-28 09:00:00,139.72447694479845,0.0,64.64102,0.0
2025-06-28 09:30:00,130.57166404497926,0.0,62.5659,0.0
2025-06-28 10:00:00,135.90722579599597,0.0,62.2971,0.0
2025-06-28 10:30:00,132.03221743122165,0.0,61.54446,0.0
2025-06-28 11:00:00,129.76904333960428,0.0,61.20038,0.0
2025-06-28 11:30:00,133.20041722169648,0.0,61.21114,0.0
2025-06-28 12:00:00,131.8620966805976,0.0,62.38312,0.0
2025-06-28 12:30:00,134.70200389787266,0.0,63.00672000000001,0.0
2025-06-28 13:00:00,140.78064908432572,0.0,62.99598,0.0
2025-06-28 13:30:00,137.33065218667798,0.0,61.5122,0.0
2025-06-28 14:00:00,149.51238313646775,0.0,60.63054,0.0
2025-06-28 14:30:00,120.6392792010488,0.0,60.59828,0.0
2025-06-28 15:00:00,134.32246005915033,0.0,59.48008,0.0
2025-06-28 15:30:00,127.5985979270587,0.0,57.60922,0.0
2025-06-28 16:00:00,93.04950849269403,0.0,33.93332,0.0
2025-06-28 16:30:00,75.75928666520151,0.0,23.19206,0.07526
2025-06-28 17:00:00,48.73790232748504,0.0,2.9998,2.35468
2025-06-28 17:30:00,40.72922564479572,0.0,0.0,2.60198
2025-06-28 18:00:00,39.0789710727223,0.0,0.0,2.04288
2025-06-28 18:30:00,42.99307089198367,0.0,0.17204,0.6773799999999999
2025-06-28 19:00:00,36.457963567342524,0.0,0.0,1.60204
2025-06-28 19:30:00,41.322458741102565,0.0,0.010759999999999999,3.32236
2025-06-28 20:00:00,40.13668758855272,0.0,0.0,4.6126
2025-06-28 20:30:00,40.30140584848282,0.0,0.0,4.16102
2025-06-28 21:00:00,40.875875525495516,0.0,0.0,4.11264
2025-06-28 21:30:00,39.972193165058926,0.0,0.0,3.93524
2025-06-28 22:00:00,44.08603214654294,0.0,0.0,3.67718
2025-06-28 22:30:00,46.73081154643105,0.0,0.0,5.18246
2025-06-28 23:00:00,43.588309596399554,0.0,0.0,5.61254
2025-06-28 23:30:00,39.78274352256357,0.0,0.0,5.1287
2025-06-29 00:00:00,42.53242416826047,0.0,0.0,5.53728
2025-06-29 00:30:00,43.142239578896636,0.0,0.0,5.200540425531915
2025-06-29 01:00:00,42.83320644133272,0.0,0.0,5.038802978723404
2025-06-29 01:30:00,44.88110183766031,0.0,0.0,5.786867659574467
2025-06-29 02:00:00,41.56955748285664,0.0,0.0,5.371085531914893
2025-06-29 02:30:00,44.782910382663125,0.0,0.0,5.447722127659574
2025-06-29 03:00:00,40.50420656634557,0.0,0.0,5.771543829787234
2025-06-29 03:30:00,44.77485071328521,0.0,0.0,6.475682553191488
2025-06-29 04:00:00,44.44456724039623,0.0,0.0,6.6445012765957445
2025-06-29 04:30:00,41.687085239406095,0.0,0.0,6.785876595744681
2025-06-29 05:00:00,44.9994312510263,0.0,0.0,7.045309787234043
2025-06-29 05:30:00,43.346459433080206,0.0,0.0,6.703527659574468
2025-06-29 06:00:00,40.72289181907873,0.0,0.0,6.404073191489362
2025-06-29 06:30:00,40.47448119806667,0.0,0.0,6.600358297872341
2025-06-29 07:00:00,43.652237023606034,0.0,0.0,6.147400000000001
2025-06-29 07:30:00,43.753191027642,0.0,0.0,5.876997446808511
2025-06-29 08:00:00,40.08941767071153,0.0,0.0,5.91657659574468
2025-06-29 08:30:00,42.100008917173895,0.0,0.0,6.05566
2025-06-29 09:00:00,43.00541325007052,0.0,0.0,6.197500425531914
2025-06-29 09:30:00,41.34069251097681,0.0,0.0,6.375028936170213
2025-06-29 10:00:00,46.44641904594695,0.0,0.0,6.857262978723405
2025-06-29 10:30:00,42.565331360854294,0.0,0.0,6.870530212765958
2025-06-29 11:00:00,42.42805736839677,0.0,0.0,6.8048782978723406
2025-06-29 11:30:00,44.73916622340566,0.0,0.0,6.978736170212766
2025-06-29 12:00:00,41.316932261916584,0.0,0.0,7.078702978723404
2025-06-29 12:30:00,44.09111999355453,0.0,0.0,7.0343225531914895
2025-06-29 13:00:00,38.95165346144955,0.0,0.0,6.648170638297872
2025-06-29 13:30:00,49.303634189024415,0.0,0.0,4.823076170212775
2025-06-29 14:00:00,63.31713889583469,0.0,0.00434978723404253,2.8803906382978717
2025-06-29 14:30:00,63.972706198435084,0.0,0.0066391489361702334,3.2848553191489347
2025-06-29 15:00:00,57.6101098706305,0.0,0.0,3.5694323404255326
2025-06-29 15:30:00,60.08541079959267,0.0,0.0,3.30772170212766
2025-06-29 16:00:00,64.87077875331357,0.0,0.0,3.3720089361702126
2025-06-29 16:30:00,58.167955872406985,0.0,0.0,3.7938506382978687
2025-06-29 17:00:00,48.76019877980796,0.0,0.0,4.753523829787228
2025-06-29 17:30:00,42.72605119069917,0.0,0.0,5.763295744680852
2025-06-29 18:00:00,40.38504453643959,0.0,0.0,5.436618723404255
2025-06-29 18:30:00,38.02013365067113,0.0,0.0,5.51715659574468
2025-06-29 19:00:00,38.606079174747116,0.0,0.0,5.5462068085106395
2025-06-29 19:30:00,42.79344850674416,0.0,0.0,5.320630638297873
2025-06-29 20:00:00,38.54326769931773,0.0,0.0,5.392465531914892
2025-06-29 20:30:00,41.918041035821666,0.0,0.0,5.533627234042553
2025-06-29 21:00:00,39.93070538310582,0.0,0.0,5.471169787234042
2025-06-29 21:30:00,45.252281075310194,0.0,0.0,5.7317280851063845
2025-06-29 22:00:00,47.72814080738624,0.0,0.0,5.247326382978724
2025-06-29 22:30:00,40.80987657904577,0.0,0.0,4.783606382978723
2025-06-29 23:00:00,42.90908646009972,0.0,0.0,4.875223404255319
2025-06-29 23:30:00,40.79064162250467,0.0,0.0,4.5911
2025-06-30 00:00:00,41.02806342463657,0.0,0.0,2.9568
2025-06-30 00:30:00,40.16117126087299,0.0,0.01076,2.71488
2025-06-30 01:00:00,36.83356565430374,0.0,0.0,2.60198
2025-06-30 01:30:00,40.02624033929065,0.0,0.0,2.92454
2025-06-30 02:00:00,38.80225334861619,0.0,0.0,4.62336
2025-06-30 02:30:00,40.793162180309196,0.0,0.0,4.5481
2025-06-30 03:00:00,40.02589225547843,0.0,0.0,4.92442
2025-06-30 03:30:00,40.94039707843957,0.0,0.0,4.26854
2025-06-30 04:00:00,38.73161701567611,0.0,0.0,3.93524
2025-06-30 04:30:00,41.47302928534907,0.0,0.0,3.3868799999999997
2025-06-30 05:00:00,37.44321058133045,0.0,0.0,3.91372
2025-06-30 05:30:00,37.67349712828773,0.0,0.0,3.42988
2025-06-30 06:00:00,33.56987741027904,0.0,0.0,3.82772
2025-06-30 06:30:00,37.801963737167185,0.0,0.0,5.05344
2025-06-30 07:00:00,40.96193641372844,0.0,0.0,5.34374
2025-06-30 07:30:00,60.142565304241266,0.0,0.9891799999999998,2.9568
2025-06-30 08:00:00,86.97803039182223,0.0,12.827140000000002,0.021500000000000002
2025-06-30 08:30:00,201.3550451051504,0.0,67.2699,0.0
2025-06-30 09:00:00,248.19419477739487,0.0,68.60852,0.0
2025-06-30 09:30:00,235.23829898268008,0.0,70.8987,0.0
2025-06-30 10:00:00,258.28762215894915,0.0,70.47938,0.0
2025-06-30 10:30:00,256.7205512181772,0.0,79.7906,0.0
2025-06-30 11:00:00,264.3977531768191,0.0,81.2475,0.0
2025-06-30 11:30:00,276.37204776624355,0.0,82.91944,0.0
2025-06-30 12:00:00,277.6554198357336,0.0,82.82266,0.0
2025-06-30 12:30:00,259.17083738396377,0.0,82.31732,0.0
2025-06-30 13:00:00,248.7613407848568,0.0,86.85466,0.0
2025-06-30 13:30:00,242.66091494715994,0.0,84.10214,0.0
2025-06-30 14:00:00,251.0072922086177,0.0,77.3714,0.0
2025-06-30 14:30:00,243.24369594405567,0.0,86.4676,0.0
2025-06-30 15:00:00,252.8004151950874,0.0,82.82266,0.0
2025-06-30 15:30:00,255.30184774520762,0.0,80.81204,0.0
2025-06-30 16:00:00,254.15682727792915,0.0,80.00564,0.0
2025-06-30 16:30:00,251.24896966918595,0.0,75.83386,0.0
2025-06-30 17:00:00,241.86179812302717,0.0,77.24238,0.0
2025-06-30 17:30:00,268.554285534706,0.0,79.34976,0.0
2025-06-30 18:00:00,243.7668573436561,0.0,70.78042,0.0
2025-06-30 18:30:00,181.83403687916638,0.0,59.98542,0.0
2025-06-30 19:00:00,179.9157761737102,0.0,50.70644,0.0
2025-06-30 19:30:00,105.45950953652988,0.0,19.19232,0.0
2025-06-30 20:00:00,75.56688451790812,0.0,0.8494,0.05376
2025-06-30 20:30:00,58.589580842738954,0.0,0.13978,0.86016
2025-06-30 21:00:00,46.009909169242206,0.0,0.01076,2.13964
2025-06-30 21:30:00,48.53845141623166,0.0,0.01076,1.39776
2025-06-30 22:00:00,44.18959546170344,0.0,0.13978,1.26874
2025-06-30 22:30:00,42.26007488177047,0.0,0.0,3.87072
2025-06-30 23:00:00,40.3973490575017,0.0,0.0,4.29004
2025-06-30 23:30:00,39.59515254924693,0.0,0.0,4.08576
2025-07-01 00:00:00,52.679488751226025,0.0,0.01076,3.95674
2025-07-01 00:30:00,57.49005980996732,0.0,0.0,4.02124
2025-07-01 01:00:00,53.20053288387068,0.0,0.0,4.12876
2025-07-01 01:30:00,56.736802994032544,0.0,0.0,3.44064
2025-07-01 02:00:00,55.41648858904887,0.0,0.0,3.5481599999999998
2025-07-01 02:30:00,56.27701893886603,0.0,0.0,3.65568
2025-07-01 03:00:00,59.09468648658376,0.0,0.0,2.76326
2025-07-01 03:30:00,55.7936820200145,0.0,0.0,3.16108
2025-07-01 04:00:00,55.77908502816055,0.0,0.0,3.6664400000000006
2025-07-01 04:30:00,53.18481216408329,0.0,0.0,2.4192
2025-07-01 05:00:00,59.379714333243335,0.0,0.0215,2.03212
2025-07-01 05:30:00,56.59492879367669,0.0,0.0,2.688
2025-07-01 06:00:00,59.39778917373931,0.0,0.0,2.731
2025-07-01 06:30:00,50.5244774460704,0.0,0.01076,3.33312
2025-07-01 07:00:00,66.84085429366934,0.0,0.0,4.95668
2025-07-01 07:30:00,98.97681415309019,0.0,1.70956,3.25786
2025-07-01 08:00:00,123.85277051136664,0.0,18.2784,0.0
2025-07-01 08:30:00,230.9228499339486,0.0,105.89646,0.0
2025-07-01 09:00:00,238.54501124356503,0.0,84.98918,0.0
2025-07-01 09:30:00,233.70130037717095,0.0,72.72654,0.0
2025-07-01 10:00:00,239.64670530199857,0.0,70.26432,0.0
2025-07-01 10:30:00,231.07276128224373,0.0,69.33966,0.0
2025-07-01 11:00:00,239.75499005111448,0.0,71.02772,0.0
2025-07-01 11:30:00,239.87859934867615,0.0,69.0601,0.0
2025-07-01 12:00:00,238.94438106385883,0.0,70.8557,0.0
2025-07-01 12:30:00,253.61972183285582,0.0,74.13504,0.0
2025-07-01 13:00:00,263.6528488249716,0.0,71.84488,0.0
2025-07-01 13:30:00,262.5759036231433,0.0,72.18356,0.0
2025-07-01 14:00:00,296.3937894583097,0.0,69.51168,0.0
2025-07-01 14:30:00,265.8498480159633,0.0,67.51182,0.0
2025-07-01 15:00:00,264.13004512316456,0.0,70.49012,0.0
2025-07-01 15:30:00,249.68333038729128,0.0,68.9042,0.0
2025-07-01 16:00:00,247.4014446088284,0.0,68.26446,0.0
2025-07-01 16:30:00,224.39119520750052,0.0,68.06016,0.0
2025-07-01 17:00:00,219.72849972625028,0.0,69.42568,0.0
2025-07-01 17:30:00,192.47063381442666,0.0,65.60872,0.0
2025-07-01 18:00:00,198.72433994390212,0.0,55.29754,0.0
2025-07-01 18:30:00,202.56773311791312,0.0,55.93192,0.0
2025-07-01 19:00:00,136.0683212490181,0.0,34.44942,0.0
2025-07-01 19:30:00,90.41602034617235,0.0,5.52652,3.6341799999999997
2025-07-01 20:00:00,72.69302431418545,0.0,0.0,5.42976
2025-07-01 20:30:00,73.2118910982843,0.0,0.0,5.77382
2025-07-01 21:00:00,72.13497444884437,0.0,0.0,6.55872
2025-07-01 21:30:00,64.80540818825118,0.0,0.0,6.06412
2025-07-01 22:00:00,58.94627544952341,0.0,0.0,5.98886
2025-07-01 22:30:00,48.49759758627698,0.0,0.0,5.99962
2025-07-01 23:00:00,47.53178289122634,0.0,0.0,5.82758
2025-07-01 23:30:00,45.21379048800021,0.0,0.0,5.52652
2025-07-02 00:00:00,46.802593630507474,0.0,0.0,5.16096
2025-07-02 00:30:00,44.15148625178314,0.0,0.0,4.76314
2025-07-02 01:00:00,42.27880325069468,0.0,0.0,4.10726
2025-07-02 01:30:00,44.14540627626543,0.0,0.0,4.40832
2025-07-02 02:00:00,49.94001534615305,0.0,0.0,4.87066
2025-07-02 02:30:00,45.13763521507741,0.0,0.0,6.795260000000001
2025-07-02 03:00:00,47.535418394394966,0.0,0.0,6.332939999999999
2025-07-02 03:30:00,47.13810457197201,0.0,0.0,6.945799999999999
2025-07-02 04:00:00,50.156781480222556,0.0,0.0,6.34368
2025-07-02 04:30:00,48.03613814226648,0.0,0.0,5.80608
2025-07-02 05:00:00,46.3895088237443,0.0,0.0,6.30068
2025-07-02 05:30:00,46.60160285312451,0.0,0.0,6.09638
2025-07-02 06:00:00,45.02015467957432,0.0,0.0,6.06412
2025-07-02 06:30:00,46.54810702816441,0.0,0.0,6.4727
2025-07-02 07:00:00,68.68234470967217,0.0,0.0,8.11776
2025-07-02 07:30:00,94.96953684802584,0.0,2.06438,3.46214
2025-07-02 08:00:00,129.68673208584033,0.0,7.8167,0.01076
2025-07-02 08:30:00,218.38253669139453,0.0,88.89754,0.0
2025-07-02 09:00:00,232.36717451870368,0.0,85.27412,0.0
2025-07-02 09:30:00,217.7051003704477,0.0,106.65986,0.0
2025-07-02 10:00:00,238.1838983674385,0.0,91.8221,0.0
2025-07-02 10:30:00,222.3391476153821,0.0,70.3611,0.0
2025-07-02 11:00:00,244.47500768655934,0.0,85.56442,0.0
2025-07-02 11:30:00,253.3460652432944,0.0,118.53006,0.0
2025-07-02 12:00:00,239.76637662086046,0.0,87.71482,0.0
2025-07-02 12:30:00,263.4199789243752,0.0,73.16738,0.0
2025-07-02 13:00:00,256.002176386354,0.0,73.6512,0.0
2025-07-02 13:30:00,261.22835202589744,0.0,74.9522,0.0
2025-07-02 14:00:00,254.03717102047062,0.0,72.2212,0.0
2025-07-02 14:30:00,263.34154524002884,0.0,69.8235,0.0
2025-07-02 15:00:00,227.81198014135455,0.0,71.67822,0.0
2025-07-02 15:30:00,268.48298538187214,0.0,72.76954,0.0
2025-07-02 16:00:00,240.75464622139594,0.0,68.10856,0.0
2025-07-02 16:30:00,240.30458880400712,0.0,66.80756,0.0
2025-07-02 17:00:00,241.83095848095437,0.0,68.23758,0.0
2025-07-02 17:30:00,225.94798072969883,0.0,68.94184,0.0
2025-07-02 18:00:00,189.68179838400005,0.0,59.68436,0.0
2025-07-02 18:30:00,192.01744261673565,0.0,59.81338,0.0
2025-07-02 19:00:00,166.63901316111486,0.0,46.13684,0.0
2025-07-02 19:30:00,88.69166583160211,0.0,8.3328,2.05364
2025-07-02 20:00:00,74.06531415156873,0.0,0.0,5.419
2025-07-02 20:30:00,83.93507402241283,0.0,0.0,6.859779999999999
2025-07-02 21:00:00,66.12407962138647,0.0,0.0,7.11782
2025-07-02 21:30:00,56.297489983821855,0.0,0.0,6.61248
2025-07-02 22:00:00,54.94150977130662,0.0,0.0,6.35444
2025-07-02 22:30:00,51.85488099805236,0.0,0.0,6.01036
2025-07-02 23:00:00,50.09945317597371,0.0,0.0,6.60172
2025-07-02 23:30:00,54.80012605433487,0.0,0.0,5.24698
2025-07-03 00:00:00,51.49021727552235,0.0,0.0,3.7847
2025-07-03 00:30:00,59.56017749307912,0.0,0.0,3.64492
2025-07-03 01:00:00,55.20767696201117,0.0,0.0,3.75244
2025-07-03 01:30:00,52.0583773483139,0.0,0.01076,2.4192
2025-07-03 02:00:00,52.74376532936336,0.0,0.0,2.3762
2025-07-03 02:30:00,55.87196279904201,0.0,0.0,1.72032
2025-07-03 03:00:00,52.73167498525678,0.0,0.0,3.5159
2025-07-03 03:30:00,49.24273766921094,0.0,0.0,3.92448
2025-07-03 04:00:00,56.1725287342195,0.0,0.0,4.41908
2025-07-03 04:30:00,54.40083044078214,0.0,0.0,4.35456
2025-07-03 05:00:00,51.23025598150886,0.0,0.0,3.88148
2025-07-03 05:30:00,51.463588190601804,0.0,0.0,3.92448
2025-07-03 06:00:00,53.19529553942994,0.0,0.0,3.62342
2025-07-03 06:30:00,47.480729354934226,0.0,0.0,5.05344
2025-07-03 07:00:00,60.757207148154144,0.0,0.66124,3.59116
2025-07-03 07:30:00,66.52889997568701,0.0,2.4622,0.32794
2025-07-03 08:00:00,106.66479754308152,0.0,11.74118,0.0
2025-07-03 08:30:00,206.98501362332573,0.0,84.44084,0.0
2025-07-03 09:00:00,218.88932139491985,0.0,87.79546,0.0
2025-07-03 09:30:00,254.38438942301096,0.0,82.71514,0.0
2025-07-03 10:00:00,251.1076823238171,0.0,89.1986,0.0
2025-07-03 10:30:00,253.88434558931584,0.0,99.13346,0.0
2025-07-03 11:00:00,229.1722701098047,0.0,99.38074,0.0
2025-07-03 11:30:00,244.48370545859757,0.0,98.026,0.0
2025-07-03 12:00:00,253.80670042749892,0.0,97.37012,0.0
2025-07-03 12:30:00,258.5310938637366,0.0,101.14408,0.0
2025-07-03 13:00:00,224.54492280875402,0.0,102.46658,0.0
2025-07-03 13:30:00,246.56263704238074,0.0,100.18714,0.0
2025-07-03 14:00:00,247.84425692464853,0.0,99.06894,0.0
2025-07-03 14:30:00,273.33614305704526,0.0,96.30568,0.0
2025-07-03 15:00:00,245.84019613691498,0.0,95.81108,0.0
2025-07-03 15:30:00,224.16984882409298,0.0,96.4777,0.0
2025-07-03 16:00:00,236.87709209133993,0.0,94.87566,0.0
2025-07-03 16:30:00,234.35424375365358,0.0,95.1337,0.0
2025-07-03 17:00:00,250.13070101264648,0.0,92.55324,0.0
2025-07-03 17:30:00,202.64677162900918,0.0,89.37064,0.0
2025-07-03 18:00:00,197.26788805096103,0.0,80.0164,0.0
2025-07-03 18:30:00,195.10869095453222,0.0,79.75834,0.0
2025-07-03 19:00:00,179.32277763109448,0.0,75.39304,0.0
2025-07-03 19:30:00,178.40196086473142,0.0,71.96314,0.0
2025-07-03 20:00:00,151.6042984352611,0.0,71.85562,0.0
2025-07-03 20:30:00,150.69431335522643,0.0,67.02798,0.0
2025-07-03 21:00:00,167.91732378821655,0.0,63.082,0.0
2025-07-03 21:30:00,155.029271098633,0.0,58.243599999999994,0.0
2025-07-03 22:00:00,152.30532837799228,0.0,56.1147,0.0
2025-07-03 22:30:00,127.15015417630414,0.0,44.66382,0.0
2025-07-03 23:00:00,75.41743293679365,0.0,7.39738,1.91386
2025-07-03 23:30:00,50.807740597078414,0.0,0.0,3.41914
2025-07-04 00:00:00,49.53421320461571,0.0,0.01076,2.05364
2025-07-04 00:30:00,50.92962234889688,0.0,0.0,2.86004
2025-07-04 01:00:00,46.28698287811128,0.0,0.0,3.2686
2025-07-04 01:30:00,54.430480157204755,0.0,0.0,2.731
2025-07-04 02:00:00,47.38180354665684,0.0,0.0,2.69876
2025-07-04 02:30:00,48.87666550658622,0.0,0.0,3.09658
2025-07-04 03:00:00,49.544600803250304,0.0,0.0,5.04268
2025-07-04 03:30:00,51.33650917405789,0.0,0.0,4.8599
2025-07-04 04:00:00,48.28551695326698,0.0,0.0,4.20404
2025-07-04 04:30:00,50.22748345002709,0.0,0.0,4.40832
2025-07-04 05:00:00,50.07035204395542,0.0,0.0,4.06426
2025-07-04 05:30:00,48.814151853469426,0.0,0.0,3.95674
2025-07-04 06:00:00,46.921876623395015,0.0,0.0,3.9459800000000005
2025-07-04 06:30:00,49.26547842294701,0.0,0.0,5.36524
2025-07-04 07:00:00,67.92678668726155,0.0,6.41894,0.95692
2025-07-04 07:30:00,83.18121810212313,0.0,12.48308,0.0
2025-07-04 08:00:00,111.0175656550744,0.0,25.37472,0.0
2025-07-04 08:30:00,195.19636808067293,0.0,77.80148,0.0
2025-07-04 09:00:00,242.86442113001686,0.0,85.973,0.0
2025-07-04 09:30:00,234.6362883041384,0.0,79.16698,0.0
2025-07-04 10:00:00,230.44053563648865,0.0,80.0164,0.0
2025-07-04 10:30:00,230.40392214823908,0.0,79.60782,0.0
2025-07-04 11:00:00,230.1188878177561,0.0,79.96264,0.0
2025-07-04 11:30:00,251.94299978880755,0.0,78.21006,0.0
2025-07-04 12:00:00,222.01987528131275,0.0,80.07554,0.0
2025-07-04 12:30:00,226.1130510813973,0.0,84.8333,0.0
2025-07-04 13:00:00,227.01405562084662,0.0,85.7257,0.0
2025-07-04 13:30:00,244.67855725524313,0.0,83.81186,0.0
2025-07-04 14:00:00,233.24640468825532,0.0,82.31732,0.0
2025-07-04 14:30:00,203.79781109358822,0.0,82.05928,0.0
2025-07-04 15:00:00,246.5540698588426,0.0,80.67228,0.0
2025-07-04 15:30:00,248.88498021276314,0.0,78.50036,0.0
2025-07-04 16:00:00,210.298573305911,0.0,73.19964,0.0
2025-07-04 16:30:00,195.74009140258286,0.0,72.95234,0.0
2025-07-04 17:00:00,220.10666839352805,0.0,74.26408,0.0
2025-07-04 17:30:00,222.4980086116412,0.0,71.69434,0.0
2025-07-04 18:00:00,196.263764440024,0.0,65.42592,0.0
2025-07-04 18:30:00,148.1764281138883,0.0,46.44864,0.0
2025-07-04 19:00:00,161.54225264812615,0.0,42.36287999999999,0.0
2025-07-04 19:30:00,131.19877199570433,0.0,38.05134,0.0
2025-07-04 20:00:00,140.62247946256753,0.0,38.1051,0.0
2025-07-04 20:30:00,134.60296416759707,0.0,38.18036,0.0
2025-07-04 21:00:00,136.36393997672351,0.0,36.79336,0.0
2025-07-04 21:30:00,141.66474323817545,0.0,39.19104,0.0
2025-07-04 22:00:00,123.3450095979433,0.0,32.09472,0.0
2025-07-04 22:30:00,61.37492838271133,0.0,7.04256,0.0
2025-07-04 23:00:00,53.18449722047019,0.0,1.45152,3.31162
2025-07-04 23:30:00,45.95792767656586,0.0,0.0,4.73088
2025-07-05 00:00:00,45.40561659448018,0.0,0.0,4.15028
2025-07-05 00:30:00,41.173467151833336,0.0,0.0,4.41908
2025-07-05 01:00:00,40.697721583725745,0.0,0.0,3.96748
2025-07-05 01:30:00,46.043660288500725,0.0,0.0,4.29004
2025-07-05 02:00:00,43.883956206617874,0.0,0.0,4.06426
2025-07-05 02:30:00,42.23601713430057,0.0,0.0,3.8492200000000003
2025-07-05 03:00:00,40.44794247154503,0.0,0.0,3.59116
2025-07-05 03:30:00,48.08837893462727,0.0,0.0,2.9783
2025-07-05 04:00:00,42.25697176925495,0.0,0.010760000000000002,3.0535600000000005
2025-07-05 04:30:00,46.89120753438399,0.0,0.0,2.22028
2025-07-05 05:00:00,44.5905109516429,0.0,0.0,2.84928
2025-07-05 05:30:00,42.063464171905444,0.0,0.0,4.50508
2025-07-05 06:00:00,40.85326927872555,0.0,0.0,5.03194
2025-07-05 06:30:00,45.2227225830041,0.0,0.0,4.96742
2025-07-05 07:00:00,44.84901069624737,0.0,0.0,5.18246
2025-07-05 07:30:00,37.20655847758739,0.0,0.0,6.06412
2025-07-05 08:00:00,52.677103278177164,0.0,6.03188,2.81702
2025-07-05 08:30:00,129.89143720001496,0.0,60.91008,0.0
2025-07-05 09:00:00,129.8531907637821,0.0,64.64102,0.0
2025-07-05 09:30:00,137.30051072147762,0.0,62.5659,0.0
2025-07-05 10:00:00,126.9789889312486,0.0,62.2971,0.0
2025-07-05 10:30:00,132.8061203419272,0.0,61.54446,0.0
2025-07-05 11:00:00,131.34634781644658,0.0,61.20038,0.0
2025-07-05 11:30:00,134.07770805635764,0.0,61.21114,0.0
2025-07-05 12:00:00,138.03979945567303,0.0,62.38312,0.0
2025-07-05 12:30:00,129.32534501340834,0.0,63.00672,0.0
2025-07-05 13:00:00,147.18289419334445,0.0,62.99598,0.0
2025-07-05 13:30:00,138.50227838954788,0.0,61.5122,0.0
2025-07-05 14:00:00,146.83534152048574,0.0,60.63054000000001,0.0
2025-07-05 14:30:00,133.22476540884063,0.0,60.59828,0.0
2025-07-05 15:00:00,126.38996754645162,0.0,59.48008,0.0
2025-07-05 15:30:00,137.41210274183908,0.0,57.60922,0.0
2025-07-05 16:00:00,85.96813358045688,0.0,33.93332,0.0
2025-07-05 16:30:00,71.77653641307042,0.0,23.192059999999998,0.07526
2025-07-05 17:00:00,50.413447172536536,0.0,2.9998,2.35468
2025-07-05 17:30:00,37.510240835975075,0.0,0.0,2.6019800000000006
2025-07-05 18:00:00,41.62047709155674,0.0,0.0,2.04288
2025-07-05 18:30:00,42.50892637284191,0.0,0.17204,0.67738
2025-07-05 19:00:00,42.37231494089222,0.0,0.0,1.6020399999999997
2025-07-05 19:30:00,41.14030528055997,0.0,0.01076,3.32236
2025-07-05 20:00:00,42.37555440481472,0.0,0.0,4.6126
2025-07-05 20:30:00,40.67656819485459,0.0,0.0,4.16102
2025-07-05 21:00:00,39.18488626048425,0.0,0.0,4.11264
2025-07-05 21:30:00,44.107086749936144,0.0,0.0,3.93524
2025-07-05 22:00:00,37.86536747853545,0.0,0.0,3.6771799999999994
2025-07-05 22:30:00,36.99162835513686,0.0,0.0,5.182460000000001
2025-07-05 23:00:00,41.8292339354225,0.0,0.0,5.61254
2025-07-05 23:30:00,43.832324536887555,0.0,0.0,5.1287
2025-07-06 00:00:00,44.74724721938277,0.0,0.0,3.7847
2025-07-06 00:30:00,44.75077627417943,0.0,0.0,3.6986800000000004
2025-07-06 01:00:00,41.8382192292985,0.0,0.01076,3.58042
2025-07-06 01:30:00,48.36066184597147,0.0,0.0,2.71488
2025-07-06 02:00:00,44.038814604839565,0.0,0.0,3.73094
2025-07-06 02:30:00,44.93779154663526,0.0,0.0,3.2471000000000005
2025-07-06 03:00:00,47.1873332469972,0.0,0.0,3.17184
2025-07-06 03:30:00,42.72815351775906,0.0,0.0,4.69862
2025-07-06 04:00:00,42.70543927315466,0.0,0.0,4.87066
2025-07-06 04:30:00,40.62438104617245,0.0,0.0,4.41908
2025-07-06 05:00:00,42.67080259948679,0.0,0.0,4.33844
2025-07-06 05:30:00,40.66159969233007,0.0,0.0,3.99974
2025-07-06 06:00:00,45.73827205882611,0.0,0.0,4.0535
2025-07-06 06:30:00,45.1153271987023,0.0,0.0,3.96748
2025-07-06 07:00:00,42.84167058680573,0.0,0.0,3.6771800000000003
2025-07-06 07:30:00,40.610571737381434,0.0,0.0,4.62336
2025-07-06 08:00:00,49.11636090100497,0.0,1.6988199999999998,1.7633199999999998
2025-07-06 08:30:00,92.01116589616632,0.0,33.50324,0.0
2025-07-06 09:00:00,118.1838889900153,0.0,45.66374,0.0
2025-07-06 09:30:00,119.36178023595882,0.0,43.30906,0.0
2025-07-06 10:00:00,106.049865977762,0.0,43.01338,0.0
2025-07-06 10:30:00,119.60345628009408,0.0,42.35214,0.0
2025-07-06 11:00:00,107.00816407699988,0.0,41.621,0.0
2025-07-06 11:30:00,116.18300603170857,0.0,42.15322,0.0
2025-07-06 12:00:00,110.44007491200941,0.0,42.90048,0.0
2025-07-06 12:30:00,126.2693253983731,0.0,43.07252,0.0
2025-07-06 13:00:00,112.64587276519907,0.0,43.7929,0.0
2025-07-06 13:30:00,108.59226838959194,0.0,43.44884,0.0
2025-07-06 14:00:00,118.480229027712,0.0,42.14784,0.0
2025-07-06 14:30:00,115.21840157823878,0.0,41.98656,0.0
2025-07-06 15:00:00,109.00190829436123,0.0,41.3307,0.0
2025-07-06 15:30:00,123.14139403462859,0.0,42.81448,0.0
2025-07-06 16:00:00,99.6983693519008,0.0,38.87924,0.0
2025-07-06 16:30:00,58.07432436222278,0.0,12.24654,0.0
2025-07-06 17:00:00,41.99892740770446,0.0,0.87092,3.8599600000000005
2025-07-06 17:30:00,43.05694560930907,0.0,0.0,4.90292
2025-07-06 18:00:00,44.002727688740734,0.0,0.0,4.44596
2025-07-06 18:30:00,43.94259696566812,0.0,0.0,4.22016
2025-07-06 19:00:00,40.70206602205318,0.0,0.0,4.58036
2025-07-06 19:30:00,37.44105237218359,0.0,0.0,4.44058
2025-07-06 20:00:00,44.918060518417164,0.0,0.0,2.20416
2025-07-06 20:30:00,46.9934318542742,0.0,0.01076,2.1289
2025-07-06 21:00:00,47.04010940832976,0.0,0.0,1.8170800000000003
2025-07-06 21:30:00,44.03246200211808,0.0,0.0,3.04282
2025-07-06 22:00:00,40.58905072506079,0.0,0.0,3.67718
2025-07-06 22:30:00,41.77903123105191,0.0,0.0,3.85996
2025-07-06 23:00:00,47.20345006869982,0.0,0.0,3.88148
2025-07-06 23:30:00,40.0684691383247,0.0,0.0,3.85996
2025-07-07 00:00:00,43.89260969289796,0.0,0.010759999999999999,3.0320599999999995
2025-07-07 00:30:00,42.998211960321555,0.0,0.0,4.17178
2025-07-07 01:00:00,47.890278231945224,0.0,0.0,4.0105
2025-07-07 01:30:00,44.788716746307756,0.0,0.0,4.02124
2025-07-07 02:00:00,47.44571556055094,0.0,0.0,3.89222
2025-07-07 02:30:00,42.96708308457708,0.0,0.0,3.79546
2025-07-07 03:00:00,47.6090877816229,0.0,0.0,3.13958
2025-07-07 03:30:00,46.509193106749805,0.0,0.0,2.5536
2025-07-07 04:00:00,45.60291290160059,0.0,0.0,2.59124
2025-07-07 04:30:00,44.91545650749091,0.0,0.0,4.44058
2025-07-07 05:00:00,43.72688749780896,0.0,0.0,4.55348
2025-07-07 05:30:00,44.45514620591808,0.0,0.0,4.44058
2025-07-07 06:00:00,43.74051363416982,0.0,0.0,4.22016
2025-07-07 06:30:00,46.10253745392751,0.0,0.0,4.58036
2025-07-07 07:00:00,49.618614460878504,0.0,0.0,3.6449199999999995
2025-07-07 07:30:00,55.27832887042501,0.0,0.13978,4.48358
2025-07-07 08:00:00,78.13867743172548,0.0,2.25792,0.15052
2025-07-07 08:30:00,95.51866096034031,0.0,4.76852,0.0
2025-07-07 09:00:00,129.52690309007073,0.0,10.04238,0.0
2025-07-07 09:30:00,118.64602106415218,0.0,9.04244,0.0
2025-07-07 10:00:00,135.686495399756,0.0,9.30048,0.0
2025-07-07 10:30:00,139.97292485646292,0.0,8.97792,0.0
2025-07-07 11:00:00,143.80197201625936,0.0,10.21978,0.0
2025-07-07 11:30:00,150.71603884381418,0.0,9.9026,0.0
2025-07-07 12:00:00,141.83694620818684,0.0,9.81658,0.0
2025-07-07 12:30:00,121.20170248407543,0.0,11.0208,0.0
2025-07-07 13:00:00,136.03149396668644,0.0,10.709,0.0
2025-07-07 13:30:00,136.64411786953266,0.0,15.39686,0.0
2025-07-07 14:00:00,143.02289440108441,0.0,14.62272,0.0
2025-07-07 14:30:00,146.37784330185093,0.0,12.3648,0.0
2025-07-07 15:00:00,124.24553023778245,0.0,10.752,0.0
2025-07-07 15:30:00,134.01054194863462,0.0,12.24654,0.0
2025-07-07 16:00:00,124.59401170163851,0.0,14.2679,0.0
2025-07-07 16:30:00,145.13669670253978,0.0,14.33242,0.0
2025-07-07 17:00:00,140.85001000399689,0.0,14.04212,0.0
2025-07-07 17:30:00,124.53215671131511,0.0,6.9888,0.0
2025-07-07 18:00:00,91.55049602814626,0.0,1.87084,0.043
2025-07-07 18:30:00,87.40545051625557,0.0,1.5160399999999998,0.0
2025-07-07 19:00:00,75.49553295960624,0.0,0.2473,0.65588
2025-07-07 19:30:00,63.01338296750537,0.0,0.01076,2.35468
2025-07-07 20:00:00,59.702738344055085,0.0,0.0,2.52672
2025-07-07 20:30:00,55.35543175766136,0.0,0.0,2.65574
2025-07-07 21:00:00,50.41522960666058,0.0,0.0,2.59124
2025-07-07 21:30:00,45.549523013277636,0.0,0.01076,2.42996
2025-07-07 22:00:00,42.97025367509679,0.0,0.0,3.11808
2025-07-07 22:30:00,41.2135794006505,0.0,0.0,4.97818
2025-07-07 23:00:00,45.43479063729028,0.0,0.0,4.35456
2025-07-07 23:30:00,45.499656254960264,0.0,0.0,4.51584
2025-07-08 00:00:00,45.71476297843728,0.0,0.0,4.3008
2025-07-08 00:30:00,43.31162291696203,0.0,0.0,4.20404
2025-07-08 01:00:00,46.18391625796268,0.0,0.0,3.7417
2025-07-08 01:30:00,48.605649351516924,0.0,0.0,4.0535
2025-07-08 02:00:00,48.04276655533296,0.0,0.0,3.50516
2025-07-08 02:30:00,43.86001127236674,0.0,0.0,5.9566
2025-07-08 03:00:00,49.67433101364578,0.0,0.0,5.50502
2025-07-08 03:30:00,45.034408099108056,0.0,0.0,5.20396
2025-07-08 04:00:00,49.45299600400711,0.0,0.0,4.77926
2025-07-08 04:30:00,50.054420271247245,0.0,0.0,4.46208
2025-07-08 05:00:00,47.273207120373606,0.0,0.0,4.3223
2025-07-08 05:30:00,44.19167708434082,0.0,0.0,4.0105
2025-07-08 06:00:00,52.089878873289145,0.0,0.0,4.69862
2025-07-08 06:30:00,47.566953964990354,0.0,0.0,4.96742
2025-07-08 07:00:00,49.21960437203768,0.0,0.0,5.3545
2025-07-08 07:30:00,61.94551673540791,0.0,0.0,4.84916
2025-07-08 08:00:00,116.66883162496701,0.0,16.1065,0.49460000000000004
2025-07-08 08:30:00,221.30164917557437,0.0,68.458,0.0
2025-07-08 09:00:00,210.68023039610839,0.0,65.54958,0.0
2025-07-08 09:30:00,232.51982676714877,0.0,67.4258,0.0
2025-07-08 10:00:00,226.67448113213942,0.0,75.43604,0.0
2025-07-08 10:30:00,250.7853107028861,0.0,67.61934,0.0
2025-07-08 11:00:00,261.3492059039807,0.0,94.06926,0.0
2025-07-08 11:30:00,268.81653547931626,0.0,95.8971,0.0
2025-07-08 12:00:00,252.08085252264442,0.0,73.0921,0.0
2025-07-08 12:30:00,250.15166573817925,0.0,95.61756,0.0
2025-07-08 13:00:00,241.6581913335874,0.0,97.44538,0.0
2025-07-08 13:30:00,256.0616704653545,0.0,98.5851,0.0
2025-07-08 14:00:00,264.34749903646417,0.0,95.88634,0.0
2025-07-08 14:30:00,248.0640505655007,0.0,104.96104,0.0
2025-07-08 15:00:00,255.67749771969847,0.0,87.12884,0.0
2025-07-08 15:30:00,251.97111258250874,0.0,78.25306,0.0
2025-07-08 16:00:00,248.62081948317947,0.0,78.72616,0.0
2025-07-08 16:30:00,229.05906051212176,0.0,77.98426,0.0
2025-07-08 17:00:00,234.569911132738,0.0,77.00582,0.0
2025-07-08 17:30:00,233.79616228534326,0.0,76.23168,0.0
2025-07-08 18:00:00,188.3563888914092,0.0,71.89864,0.0
2025-07-08 18:30:00,213.49888659246264,0.0,65.54958,0.0
2025-07-08 19:00:00,186.3028539137932,0.0,61.8025,0.0
2025-07-08 19:30:00,128.63350096520065,0.0,29.46048,0.0
2025-07-08 20:00:00,77.41056548681865,0.0,2.1289,0.0
2025-07-08 20:30:00,67.54482880891995,0.0,0.5161,0.5376
2025-07-08 21:00:00,59.77465899665493,0.0,0.16128,0.75264
2025-07-08 21:30:00,62.78469325928026,0.0,0.2258,0.4946
2025-07-08 22:00:00,51.048930330241724,0.0,0.12902,0.8279000000000001
2025-07-08 22:30:00,53.43672646872021,0.0,0.19354,0.63436
2025-07-08 23:00:00,46.96393101121566,0.0,0.2903,0.32256
2025-07-08 23:30:00,44.440113071479374,0.0,0.01076,3.1718399999999995
2025-07-09 00:00:00,47.26083572805027,0.0,0.0,5.16096
2025-07-09 00:30:00,44.75980119517619,0.0,0.0,4.76314
2025-07-09 01:00:00,49.12257212425949,0.0,0.0,4.10726
2025-07-09 01:30:00,48.658845556645254,0.0,0.0,4.40832
2025-07-09 02:00:00,47.73332106551242,0.0,0.0,4.87066
2025-07-09 02:30:00,49.025306522434484,0.0,0.0,6.79526
2025-07-09 03:00:00,42.123091438108716,0.0,0.0,6.33294
2025-07-09 03:30:00,45.093717113511836,0.0,0.0,6.9458
2025-07-09 04:00:00,47.90513704126491,0.0,0.0,6.343680000000001
2025-07-09 04:30:00,47.524564744691006,0.0,0.0,5.80608
2025-07-09 05:00:00,47.43321243615068,0.0,0.0,6.300680000000001
2025-07-09 05:30:00,48.17826512850679,0.0,0.0,6.09638
2025-07-09 06:00:00,46.6668107664474,0.0,0.0,6.06412
2025-07-09 06:30:00,51.53627187266221,0.0,0.0,6.4727
2025-07-09 07:00:00,71.08854961426209,0.0,0.0,8.11776
2025-07-09 07:30:00,93.53992993352634,0.0,2.06438,3.4621400000000007
2025-07-09 08:00:00,116.03544548448853,0.0,7.8167,0.01076
2025-07-09 08:30:00,183.2387801749936,0.0,88.89754,0.0
2025-07-09 09:00:00,216.13368822098906,0.0,85.27412,0.0
2025-07-09 09:30:00,214.46191699719637,0.0,106.65986,0.0
2025-07-09 10:00:00,234.6569731008097,0.0,91.8221,0.0
2025-07-09 10:30:00,232.44113503637487,0.0,70.3611,0.0
2025-07-09 11:00:00,248.07585444250986,0.0,85.56442,0.0
2025-07-09 11:30:00,262.01795434213545,0.0,118.53006,0.0
2025-07-09 12:00:00,238.85587699899833,0.0,87.71482,0.0
2025-07-09 12:30:00,261.92803497689437,0.0,73.16738,0.0
2025-07-09 13:00:00,241.71908221952896,0.0,73.6512,0.0
2025-07-09 13:30:00,230.54468579166263,0.0,74.9522,0.0
2025-07-09 14:00:00,237.81006607204026,0.0,72.2212,0.0
2025-07-09 14:30:00,237.49416535646515,0.0,69.8235,0.0
2025-07-09 15:00:00,252.71375869605373,0.0,71.67822,0.0
2025-07-09 15:30:00,239.36693764318218,0.0,72.76954,0.0
2025-07-09 16:00:00,249.53521019652737,0.0,68.10856,0.0
2025-07-09 16:30:00,245.29101875303118,0.0,66.80756,0.0
2025-07-09 17:00:00,229.95765963088033,0.0,68.23758,0.0
2025-07-09 17:30:00,221.4594510377424,0.0,68.94184,0.0
2025-07-09 18:00:00,207.74673716436072,0.0,59.68436,0.0
2025-07-09 18:30:00,208.56238358196507,0.0,59.81338000000001,0.0
2025-07-09 19:00:00,163.08562374158808,0.0,46.13684,0.0
2025-07-09 19:30:00,94.90876283779258,0.0,8.3328,2.05364
2025-07-09 20:00:00,66.18774759258264,0.0,0.0,5.419
2025-07-09 20:30:00,66.65694513869542,0.0,0.0,6.85978
2025-07-09 21:00:00,60.83552390522886,0.0,0.0,7.11782
2025-07-09 21:30:00,58.47287210763916,0.0,0.0,6.61248
2025-07-09 22:00:00,62.281989109827656,0.0,0.0,6.35444
2025-07-09 22:30:00,51.125112853178074,0.0,0.0,6.01036
2025-07-09 23:00:00,51.317933275588395,0.0,0.0,6.601720000000001
2025-07-09 23:30:00,52.96993147322438,0.0,0.0,5.24698
2025-07-10 00:00:00,55.21375128616725,0.0,0.0,2.83852
2025-07-10 00:30:00,45.3301601907792,0.0,0.0,4.5911
2025-07-10 01:00:00,46.04537667525659,0.0,0.0,4.35456
2025-07-10 01:30:00,44.519348946417054,0.0,0.0,4.9943
2025-07-10 02:00:00,46.17718812513399,0.0,0.0,4.98892
2025-07-10 02:30:00,46.00385549994928,0.0,0.0,4.76314
2025-07-10 03:00:00,45.23142820194431,0.0,0.0,4.90292
2025-07-10 03:30:00,39.06409179361681,0.0,0.0,4.075
2025-07-10 04:00:00,45.21760645834202,0.0,0.0,4.51584
2025-07-10 04:30:00,46.509270013726365,0.0,0.0,3.87072
2025-07-10 05:00:00,49.497760806303546,0.0,0.0,3.85996
2025-07-10 05:30:00,49.7176336047366,0.0,0.0,3.77396
2025-07-10 06:00:00,45.76283826990488,0.0,0.0,3.97824
2025-07-10 06:30:00,46.31852126686367,0.0,0.0,4.96742
2025-07-10 07:00:00,48.444051493738705,0.0,0.0,4.6126
2025-07-10 07:30:00,60.981523312496,0.0,1.64506,2.03212
2025-07-10 08:00:00,91.9212038946617,0.0,10.47246,0.0
2025-07-10 08:30:00,190.83973198384453,0.0,76.23168,0.0
2025-07-10 09:00:00,216.057149480845,0.0,75.07584,0.0
2025-07-10 09:30:00,250.13094333188766,0.0,75.99514,0.0
2025-07-10 10:00:00,240.09652267293734,0.0,74.9952,0.0
2025-07-10 10:30:00,258.31483490326735,0.0,76.03816,0.0
2025-07-10 11:00:00,235.78771980256607,0.0,81.55394,0.0
2025-07-10 11:30:00,259.8607583045338,0.0,87.71482,0.0
2025-07-10 12:00:00,242.42295155557562,0.0,90.68238,0.0
2025-07-10 12:30:00,250.52938058254375,0.0,91.8221,0.0
2025-07-10 13:00:00,243.9458345480031,0.0,85.10208,0.0
2025-07-10 13:30:00,236.5911157533664,0.0,79.88736,0.0
2025-07-10 14:00:00,236.725688121722,0.0,78.62938,0.0
2025-07-10 14:30:00,233.21697996153404,0.0,81.37652,0.0
2025-07-10 15:00:00,258.4497848991761,0.0,86.01602,0.0
2025-07-10 15:30:00,267.79569020300056,0.0,83.88712,0.0
2025-07-10 16:00:00,240.65439797438495,0.0,85.04834,0.0
2025-07-10 16:30:00,217.98293698455555,0.0,81.52168,0.0
2025-07-10 17:00:00,244.85189430816476,0.0,82.87642,0.0
2025-07-10 17:30:00,233.99224060843997,0.0,82.0055,0.0
2025-07-10 18:00:00,213.0481300226316,0.0,77.80686,0.0
2025-07-10 18:30:00,199.2888027573651,0.0,71.9954,0.0
2025-07-10 19:00:00,185.06823976760504,0.0,70.1568,0.0
2025-07-10 19:30:00,125.20915595944159,0.0,29.64326,0.0215
2025-07-10 20:00:00,92.53538093361921,0.0,0.32256,0.47308
2025-07-10 20:30:00,91.22041571886034,0.0,0.10752,1.0322
2025-07-10 21:00:00,72.66154238928749,0.0,0.15052,0.73114
2025-07-10 21:30:00,55.72134938503532,0.0,0.35482,0.25804
2025-07-10 22:00:00,44.485779591702276,0.0,0.21504,1.4515199999999997
2025-07-10 22:30:00,48.0161134958448,0.0,0.0,3.27936
2025-07-10 23:00:00,45.01185782628825,0.0,0.0,2.8277799999999997
2025-07-10 23:30:00,42.067170876901315,0.0,0.0,5.1287
2025-07-11 00:00:00,49.37243099474201,0.0,0.0,3.56966
2025-07-11 00:30:00,48.61913516359499,0.0,0.0,3.29012
2025-07-11 01:00:00,45.5930362098725,0.0,0.0,3.66644
2025-07-11 01:30:00,47.19176868997337,0.0,0.0,3.6019200000000002
2025-07-11 02:00:00,43.05812513850462,0.0,0.0,3.55892
2025-07-11 02:30:00,44.43920888737738,0.0,0.0,2.9138
2025-07-11 03:00:00,47.564968405015044,0.0,0.0,2.60736
2025-07-11 03:30:00,46.26895424210513,0.0,0.0,2.688
2025-07-11 04:00:00,44.645167384775135,0.0,0.0,2.69876
2025-07-11 04:30:00,45.66300672629096,0.0,0.0,2.52672
2025-07-11 05:00:00,43.81860250682309,0.0,0.0,3.1826
2025-07-11 05:30:00,48.3026444159582,0.0,0.01076,2.5536
2025-07-11 06:00:00,42.963522186825315,0.0,0.0,2.40844
2025-07-11 06:30:00,43.065943171217704,0.0,0.0,3.5159
2025-07-11 07:00:00,47.68396988824459,0.0,0.52684,3.11808
2025-07-11 07:30:00,67.44245707795075,0.0,2.18266,0.15052
2025-07-11 08:00:00,78.09689743194662,0.0,8.8489,0.0215
2025-07-11 08:30:00,191.32202095226444,0.0,67.5602,0.0
2025-07-11 09:00:00,219.1093060467201,0.0,69.0601,0.0
2025-07-11 09:30:00,212.63879660333248,0.0,58.51240000000001,0.0
2025-07-11 10:00:00,178.19662193236138,0.0,57.40494,0.0
2025-07-11 10:30:00,220.69545301580305,0.0,68.28596,0.0
2025-07-11 11:00:00,209.75381836809305,0.0,74.22106,0.0
2025-07-11 11:30:00,202.94679862289337,0.0,72.31796,0.0
2025-07-11 12:00:00,215.20235733402944,0.0,74.9307,0.0
2025-07-11 12:30:00,227.47462820273955,0.0,73.77486,0.0
2025-07-11 13:00:00,151.04387805289792,0.0,44.24448,0.0
2025-07-11 13:30:00,130.15722987316352,0.0,40.85224,0.0
2025-07-11 14:00:00,135.5713488804298,0.0,38.71258,0.0
2025-07-11 14:30:00,118.9632738939745,0.0,37.76102,0.0
2025-07-11 15:00:00,155.35996248829525,0.0,44.362759999999994,0.0
2025-07-11 15:30:00,171.15521887453758,0.0,53.76,0.0
2025-07-11 16:00:00,193.46772096915598,0.0,55.80288,0.0
2025-07-11 16:30:00,173.91440121165505,0.0,48.68506,0.0
2025-07-11 17:00:00,178.65866446745991,0.0,55.00724000000001,0.0
2025-07-11 17:30:00,175.20549565848825,0.0,52.373,0.0
2025-07-11 18:00:00,152.48630448029607,0.0,47.0615,0.0
2025-07-11 18:30:00,139.0196497091541,0.0,41.58874,0.0
2025-07-11 19:00:00,119.2635232226887,0.0,38.89,0.0
2025-07-11 19:30:00,63.69550645156724,0.0,8.16076,0.07526
2025-07-11 20:00:00,53.58265632763105,0.0,0.0,2.21492
2025-07-11 20:30:00,47.44873415312625,0.0,0.01076,3.23636
2025-07-11 21:00:00,43.25454914930506,0.0,0.0,4.661
2025-07-11 21:30:00,43.62306576218744,0.0,0.0,4.47284
2025-07-11 22:00:00,47.47835901109494,0.0,0.0,3.84922
2025-07-11 22:30:00,42.36663754271387,0.0,0.0,3.23636
2025-07-11 23:00:00,49.287551410100335,0.0,0.0,3.1826
2025-07-11 23:30:00,41.36043509275773,0.0,0.0,3.42988
2025-07-12 00:00:00,42.55948103957136,0.0,0.0,4.15028
2025-07-12 00:30:00,41.40534461599679,0.0,0.0,4.41908
2025-07-12 01:00:00,41.91988733053948,0.0,0.0,3.96748
2025-07-12 01:30:00,44.757607859896886,0.0,0.0,4.29004
2025-07-12 02:00:00,38.81384597961224,0.0,0.0,4.06426
2025-07-12 02:30:00,38.78277047062619,0.0,0.0,3.84922
2025-07-12 03:00:00,42.913020588712826,0.0,0.0,3.59116
2025-07-12 03:30:00,43.83237441568607,0.0,0.0,2.9783
2025-07-12 04:00:00,43.163788805842785,0.0,0.01076,3.05356
2025-07-12 04:30:00,42.64789647526258,0.0,0.0,2.22028
2025-07-12 05:00:00,40.7243443670257,0.0,0.0,2.84928
2025-07-12 05:30:00,43.1725084307559,0.0,0.0,4.50508
2025-07-12 06:00:00,41.00287682294458,0.0,0.0,5.03194
2025-07-12 06:30:00,45.443617149963,0.0,0.0,4.96742
2025-07-12 07:00:00,41.11535142170186,0.0,0.0,5.18246
2025-07-12 07:30:00,40.95066447390385,0.0,0.0,6.064120000000001
2025-07-12 08:00:00,57.61326435240578,0.0,6.03188,2.81702
2025-07-12 08:30:00,129.4108786311619,0.0,60.91008,0.0
2025-07-12 09:00:00,140.73538457570294,0.0,64.64102,0.0
2025-07-12 09:30:00,139.90644322883435,0.0,62.565900000000006,0.0
2025-07-12 10:00:00,141.1472122262064,0.0,62.2971,0.0
2025-07-12 10:30:00,137.94567941293315,0.0,61.54446,0.0
2025-07-12 11:00:00,138.13418786709906,0.0,61.20038,0.0
2025-07-12 11:30:00,138.2039951087391,0.0,61.21114,0.0
2025-07-12 12:00:00,134.5451495490356,0.0,62.38312,0.0
2025-07-12 12:30:00,138.46105832819885,0.0,63.00672,0.0
2025-07-12 13:00:00,150.29031396684485,0.0,62.99598,0.0
2025-07-12 13:30:00,143.35076215607776,0.0,61.5122,0.0
2025-07-12 14:00:00,136.79249880416722,0.0,60.63054,0.0
2025-07-12 14:30:00,140.04658425683476,0.0,60.598279999999995,0.0
2025-07-12 15:00:00,124.30816547379985,0.0,59.48008,0.0
2025-07-12 15:30:00,124.66185865719304,0.0,57.60922,0.0
2025-07-12 16:00:00,92.72232997881147,0.0,33.93332,0.0
2025-07-12 16:30:00,77.80734335234376,0.0,23.19206,0.07526
2025-07-12 17:00:00,46.78594132538414,0.0,2.9998000000000005,2.35468
2025-07-12 17:30:00,39.0179407510908,0.0,0.0,2.60198
2025-07-12 18:00:00,44.57468531728975,0.0,0.0,2.04288
2025-07-12 18:30:00,41.502992059056105,0.0,0.17204,0.67738
2025-07-12 19:00:00,43.476055434261355,0.0,0.0,1.6020399999999997
2025-07-12 19:30:00,39.79485437063837,0.0,0.01076,3.32236
2025-07-12 20:00:00,40.279060374137075,0.0,0.0,4.6126
2025-07-12 20:30:00,40.277628764421344,0.0,0.0,4.16102
2025-07-12 21:00:00,42.881198938960594,0.0,0.0,4.11264
2025-07-12 21:30:00,42.606511472280495,0.0,0.0,3.9352400000000003
2025-07-12 22:00:00,38.87320832480354,0.0,0.0,3.67718
2025-07-12 22:30:00,39.1307701320613,0.0,0.0,5.182460000000001
2025-07-12 23:00:00,42.54102919517414,0.0,0.0,5.61254
2025-07-12 23:30:00,40.27600623013978,0.0,0.0,5.1287
2025-07-13 00:00:00,43.73351239791598,0.0,0.0,5.58028
2025-07-13 00:30:00,41.533516536712305,0.0,0.0,4.76314
2025-07-13 01:00:00,43.136986910200626,0.0,0.0,5.20934
2025-07-13 01:30:00,46.610571352608645,0.0,0.0,4.37606
2025-07-13 02:00:00,44.804451445331466,0.0,0.0,4.6126
2025-07-13 02:30:00,42.669893229468,0.0,0.0,4.23092
2025-07-13 03:00:00,41.70852261363104,0.0,0.0,3.88148
2025-07-13 03:30:00,44.30915528414332,0.0,0.0,3.6019200000000002
2025-07-13 04:00:00,46.5879910198173,0.0,0.0,3.05356
2025-07-13 04:30:00,46.06864984908369,0.0,0.0,2.98906
2025-07-13 05:00:00,43.82829672004856,0.0,0.0,2.83852
2025-07-13 05:30:00,45.870382005542915,0.0,0.01076,2.65574
2025-07-13 06:00:00,47.89192433637631,0.0,0.0,4.70938
2025-07-13 06:30:00,44.94782903095056,0.0,0.0,4.74164
2025-07-13 07:00:00,39.56692476994577,0.0,0.0,5.0857
2025-07-13 07:30:00,43.63807894421943,0.0,0.0,4.68788
2025-07-13 08:00:00,45.78272389503435,0.0,0.0,5.47276
2025-07-13 08:30:00,39.11791609055233,0.0,0.0,5.709320000000001
2025-07-13 09:00:00,41.49064205299857,0.0,0.0,5.90284
2025-07-13 09:30:00,42.07147419492527,0.0,0.0,5.644799999999999
2025-07-13 10:00:00,42.96981454911659,0.0,0.0,6.27916
2025-07-13 10:30:00,43.0101899735172,0.0,0.0,6.44044
2025-07-13 11:00:00,44.129079095917916,0.0,0.0,6.773759999999999
2025-07-13 11:30:00,43.5131656059699,0.0,0.0,6.4942
2025-07-13 12:00:00,45.9695641683743,0.0,0.0,6.44044
2025-07-13 12:30:00,42.556392311366594,0.0,0.0,6.27916
2025-07-13 13:00:00,41.74938234958352,0.0,0.0,6.30068
2025-07-13 13:30:00,41.91120951932734,0.0,0.0,6.19316
2025-07-13 14:00:00,38.839941998634835,0.0,0.0,4.92442
2025-07-13 14:30:00,45.44624047144922,0.0,0.0,4.8169
2025-07-13 15:00:00,48.46200452661515,0.0,0.0,5.2201
2025-07-13 15:30:00,44.938756653049055,0.0,0.0,3.58042
2025-07-13 16:00:00,44.53649506889511,0.0,0.0,3.16108
2025-07-13 16:30:00,42.902626115489966,0.0,0.0,3.67718
2025-07-13 17:00:00,42.392518403552586,0.0,0.0,3.65568
2025-07-13 17:30:00,45.781725846516395,0.0,0.0,3.5373999999999994
2025-07-13 18:00:00,48.44011393906686,0.0,0.0,2.9568
2025-07-13 18:30:00,46.669760073548865,0.0,0.0,3.2148400000000006
2025-07-13 19:00:00,45.627579832077835,0.0,0.0,2.78476
2025-07-13 19:30:00,43.51442368398057,0.0,0.0,3.33312
2025-07-13 20:00:00,46.04436241158917,0.0,0.01076,2.98906
2025-07-13 20:30:00,43.13918742874096,0.0,0.0,3.5696599999999994
2025-07-13 21:00:00,42.55926912100214,0.0,0.0,3.34388
2025-07-13 21:30:00,42.978846510517954,0.0,0.0,3.2041
2025-07-13 22:00:00,45.09214864616009,0.0,0.0,2.90304
2025-07-13 22:30:00,45.38284382704964,0.0,0.0,1.58054
2025-07-13 23:00:00,42.590961509003854,0.0,0.0215,1.301
2025-07-13 23:30:00,44.60353144835613,0.0,0.0,1.4515200000000001
2025-07-14 00:00:00,40.05168502490491,0.0,0.0,1.97836
2025-07-14 00:30:00,40.798390714008455,0.0,0.043,1.52678
2025-07-14 01:00:00,42.42771896476976,0.0,0.0,4.32768
2025-07-14 01:30:00,41.92921458589784,0.0,0.0,3.2686
2025-07-14 02:00:00,43.41432305424153,0.0,0.01076,3.2040999999999995
2025-07-14 02:30:00,41.716470282957694,0.0,0.0,2.731
2025-07-14 03:00:00,44.028470182727425,0.0,0.0,3.01056
2025-07-14 03:30:00,42.79386873023207,0.0,0.0,2.9030399999999994
2025-07-14 04:00:00,42.77467976822681,0.0,0.0,2.32244
2025-07-14 04:30:00,40.99001179732377,0.0,0.01076,2.06438
2025-07-14 05:00:00,43.12995516499464,0.0,0.0,2.76326
2025-07-14 05:30:00,43.96905948408915,0.0,0.0,4.93516
2025-07-14 06:00:00,40.95938740170974,0.0,0.0,4.94592
2025-07-14 06:30:00,42.6074240626211,0.0,0.0,4.7954
2025-07-14 07:00:00,41.30740769125089,0.0,0.0,5.40826
2025-07-14 07:30:00,40.23932931985834,0.0,0.0,4.8814
2025-07-14 08:00:00,50.200765906760054,0.0,0.08602,1.94612
2025-07-14 08:30:00,49.65139211103385,0.0,0.01076,2.88154
2025-07-14 09:00:00,51.87473836927587,0.0,0.0,4.06426
2025-07-14 09:30:00,52.6297446125713,0.0,0.01076,2.13964
2025-07-14 10:00:00,53.586657514392904,0.0,0.043,1.6558
2025-07-14 10:30:00,55.615100718477116,0.0,0.03226,1.70956
2025-07-14 11:00:00,56.692465766262664,0.0,0.0,2.45146
2025-07-14 11:30:00,59.43725951315191,0.0,0.0215,1.8923600000000003
2025-07-14 12:00:00,59.36229989441236,0.0,0.03226,1.47302
2025-07-14 12:30:00,54.42481140635283,0.0,0.10752000000000002,0.9031600000000001
2025-07-14 13:00:00,52.49651430142371,0.0,0.15052,0.81716
2025-07-14 13:30:00,48.60769387404309,0.0,0.07526,0.95692
2025-07-14 14:00:00,47.03436291209678,0.0,0.13978,0.72038
2025-07-14 14:30:00,52.550225610473596,0.0,0.10752000000000002,0.9999399999999999
2025-07-14 15:00:00,51.20788839123214,0.0,0.0,1.8601
2025-07-14 15:30:00,51.008656499510835,0.0,0.08602,1.02144
2025-07-14 16:00:00,52.42130657144733,0.0,0.12902,0.75264
2025-07-14 16:30:00,51.8706419072092,0.0,0.0215,1.49452
2025-07-14 17:00:00,53.23090184378466,0.0,0.0215,1.49452
2025-07-14 17:30:00,52.064915495325124,0.0,0.46234,0.35482
2025-07-14 18:00:00,42.267906129846914,0.0,0.21503999999999998,0.65588
2025-07-14 18:30:00,46.54835576512933,0.0,0.0,3.36538
2025-07-14 19:00:00,44.631663162648245,0.0,0.01076,3.4943999999999997
2025-07-14 19:30:00,41.2096709296771,0.0,0.0,3.10732
2025-07-14 20:00:00,40.05849381195887,0.0,0.0,3.6341799999999997
2025-07-14 20:30:00,44.150380506307705,0.0,0.0,3.36538
2025-07-14 21:00:00,40.766994650698216,0.0,0.0,3.4729
2025-07-14 21:30:00,42.841201195327265,0.0,0.0,3.15034
2025-07-14 22:00:00,43.52090946076939,0.0,0.0,3.42988
2025-07-14 22:30:00,40.77276840610689,0.0,0.0,4.67174
2025-07-14 23:00:00,38.91716362083072,0.0,0.0,4.94592
2025-07-14 23:30:00,42.72637925006744,0.0,0.0,4.75238
2025-07-15 00:00:00,43.49931984929952,0.0,0.0,3.6664400000000006
2025-07-15 00:30:00,38.77650302925543,0.0,0.0,5.9351
2025-07-15 01:00:00,41.426831564447426,0.0,0.0,5.74156
2025-07-15 01:30:00,40.26312288942274,0.0,0.0,5.6233
2025-07-15 02:00:00,38.85283627859778,0.0,0.0,5.42976
2025-07-15 02:30:00,40.01130871834517,0.0,0.0,5.27924
2025-07-15 03:00:00,40.080834779308425,0.0,0.0,5.54804
2025-07-15 03:30:00,39.28154523380656,0.0,0.0,4.65562
2025-07-15 04:00:00,41.68742481090544,0.0,0.0,4.5266
2025-07-15 04:30:00,39.76298978552072,0.0,0.0,4.22016
2025-07-15 05:00:00,42.39779986725867,0.0,0.0,4.22016
2025-07-15 05:30:00,43.924335827415035,0.0,0.0,4.661
2025-07-15 06:00:00,41.080666809334,0.0,0.0,4.64486
2025-07-15 06:30:00,41.619211638124625,0.0,0.0,5.666300000000001
2025-07-15 07:00:00,40.673027471359546,0.0,0.05376,5.612540000000001
2025-07-15 07:30:00,58.969542412164145,0.0,0.34406,0.90316
2025-07-15 08:00:00,95.3589784139342,0.0,9.99398,0.2473
2025-07-15 08:30:00,215.65003989756934,0.0,68.57088,0.0
2025-07-15 09:00:00,197.26787526142374,0.0,75.36078,0.0
2025-07-15 09:30:00,223.0189650155596,0.0,73.71572,0.0
2025-07-15 10:00:00,245.87144870420858,0.0,75.9844,0.0
2025-07-15 10:30:00,224.90999879377148,0.0,80.02714,0.0
2025-07-15 11:00:00,237.31247185138437,0.0,80.13466,0.0
2025-07-15 11:30:00,259.44277714845606,0.0,80.65076,0.0
2025-07-15 12:00:00,265.13716861783274,0.0,78.01652,0.0
2025-07-15 12:30:00,279.97891345696956,0.0,80.5755,0.0
2025-07-15 13:00:00,267.66069054765074,0.0,82.77966,0.0
2025-07-15 13:30:00,258.4182908689779,0.0,81.2045,0.0
2025-07-15 14:00:00,230.6206653611124,0.0,77.0112,0.0
2025-07-15 14:30:00,234.02687356155343,0.0,74.3232,0.0
2025-07-15 15:00:00,241.1092105168569,0.0,76.48974,0.0
2025-07-15 15:30:00,243.73343903382948,0.0,75.00596,0.0
2025-07-15 16:00:00,263.926412382341,0.0,76.36072,0.0
2025-07-15 16:30:00,251.74466339728514,0.0,77.15636,0.0
2025-07-15 17:00:00,238.78710017216238,0.0,76.37146,0.0
2025-07-15 17:30:00,242.64009415996773,0.0,75.6941,0.0
2025-07-15 18:00:00,186.9347344488004,0.0,66.49038,0.0
2025-07-15 18:30:00,183.66036533920635,0.0,63.11426,0.0
2025-07-15 19:00:00,149.93939390489737,0.0,52.8676,0.0
2025-07-15 19:30:00,109.30523189699463,0.0,25.13818,0.0
2025-07-15 20:00:00,69.65856768095905,0.0,0.87092,1.02144
2025-07-15 20:30:00,67.94398260278457,0.0,0.03226,1.50528
2025-07-15 21:00:00,59.036417380651336,0.0,0.0,3.30086
2025-07-15 21:30:00,55.01065774951581,0.0,0.0,2.03212
2025-07-15 22:00:00,52.28122235373635,0.0,0.01076,2.05364
2025-07-15 22:30:00,43.200549226452665,0.0,0.01076,2.4192
2025-07-15 23:00:00,48.53793674664885,0.0,0.0,2.3278
2025-07-15 23:30:00,44.01529478426026,0.0,0.0,2.32244
2025-07-16 00:00:00,41.98765954704778,0.0,0.0,5.75232
2025-07-16 00:30:00,43.2776540898012,0.0,0.0,5.82758
2025-07-16 01:00:00,44.18113724869613,0.0,0.0,6.504959999999999
2025-07-16 01:30:00,45.45832392150823,0.0,0.0,5.84908
2025-07-16 02:00:00,38.50418974351938,0.0,0.0,5.84908
2025-07-16 02:30:00,48.37719728400533,0.0,0.0,5.72006
2025-07-16 03:00:00,45.67840973381611,0.0,0.0,5.24698
2025-07-16 03:30:00,45.187725324472325,0.0,0.0,5.03194
2025-07-16 04:00:00,44.40934409965703,0.0,0.0,4.44058
2025-07-16 04:30:00,39.753254058428254,0.0,0.0,4.53734
2025-07-16 05:00:00,45.481656783724574,0.0,0.0,4.40832
2025-07-16 05:30:00,43.31857268957748,0.0,0.0,3.92448
2025-07-16 06:00:00,44.965256439594995,0.0,0.0,4.46208
2025-07-16 06:30:00,42.844729188727854,0.0,0.0,5.1502
2025-07-16 07:00:00,48.559385435606664,0.0,0.0,4.76314
2025-07-16 07:30:00,65.98312885205242,0.0,0.37631999999999993,2.86004
2025-07-16 08:00:00,96.47660105801208,0.0,8.2898,0.18278
2025-07-16 08:30:00,190.8329801422206,0.0,75.18874,0.0
2025-07-16 09:00:00,245.85209594636913,0.0,72.93082,0.0
2025-07-16 09:30:00,241.6504456541823,0.0,66.0603,0.0
2025-07-16 10:00:00,251.7763838487913,0.0,67.29678,0.0
2025-07-16 10:30:00,250.52981341373214,0.0,71.80186,0.0
2025-07-16 11:00:00,236.46127561376395,0.0,72.57602,0.0
2025-07-16 11:30:00,254.06273532192364,0.0,74.26408,0.0
2025-07-16 12:00:00,234.5292323372207,0.0,69.94178,0.0
2025-07-16 12:30:00,207.93217762025154,0.0,65.30766,0.0
2025-07-16 13:00:00,252.674271350027,0.0,69.2644,0.0
2025-07-16 13:30:00,254.35557757596106,0.0,77.0811,0.0
2025-07-16 14:00:00,239.4243020083279,0.0,75.27476,0.0
2025-07-16 14:30:00,231.92998130823452,0.0,80.81204,0.0
2025-07-16 15:00:00,249.24727559752884,0.0,82.87642,0.0
2025-07-16 15:30:00,236.817408952878,0.0,78.51112,0.0
2025-07-16 16:00:00,271.5567035730919,0.0,74.3931,0.0
2025-07-16 16:30:00,240.30439240917875,0.0,73.02222,0.0
2025-07-16 17:00:00,265.6661612010764,0.0,73.0491,0.0
2025-07-16 17:30:00,239.87740399603314,0.0,69.95252,0.0
2025-07-16 18:00:00,199.33719949127402,0.0,67.45806,0.0
2025-07-16 18:30:00,210.22952203014427,0.0,67.3129,0.0
2025-07-16 19:00:00,190.1267052578899,0.0,69.14612,0.0
2025-07-16 19:30:00,149.08732136233974,0.0,38.4384,0.0
2025-07-16 20:00:00,86.64881139995921,0.0,0.30106,0.68812
2025-07-16 20:30:00,82.78724215980449,0.0,0.15052,0.91392
2025-07-16 21:00:00,67.2571985373921,0.0,0.23654,0.56448
2025-07-16 21:30:00,56.71557096557302,0.0,0.8494,0.0
2025-07-16 22:00:00,60.46960240980512,0.0,0.73114,0.043
2025-07-16 22:30:00,62.00476583938719,0.0,0.05376,2.1934
2025-07-16 23:00:00,53.774752060845934,0.0,0.01076,2.52672
2025-07-16 23:30:00,49.655797007062766,0.0,0.03226,1.6558
2025-07-17 00:00:00,56.147860955994325,0.0,0.0,3.41914
2025-07-17 00:30:00,49.335657669681076,0.0,0.0,3.2148399999999997
2025-07-17 01:00:00,48.676075367637125,0.0,0.0,3.96748
2025-07-17 01:30:00,50.59461749782912,0.0,0.0,4.77926
2025-07-17 02:00:00,43.83983511085325,0.0,0.0,5.46202
2025-07-17 02:30:00,46.85771637637423,0.0,0.0,4.82764
2025-07-17 03:00:00,48.342131039713216,0.0,0.0,4.77926
2025-07-17 03:30:00,48.6750861825659,0.0,0.0,4.10726
2025-07-17 04:00:00,48.87945123481847,0.0,0.0,4.075
2025-07-17 04:30:00,53.656233660646684,0.0,0.0,4.032
2025-07-17 05:00:00,49.03645743346252,0.0,0.0,3.7202
2025-07-17 05:30:00,51.642646492846886,0.0,0.0,3.56966
2025-07-17 06:00:00,46.81302652245145,0.0,0.01076,4.38682
2025-07-17 06:30:00,47.607974030778465,0.0,1.17196,4.0535
2025-07-17 07:00:00,63.44904042679154,0.0,6.9458,0.0
2025-07-17 07:30:00,80.66826001626065,0.0,9.17146,0.0
2025-07-17 08:00:00,101.04234193186636,0.0,14.321659999999998,0.0
2025-07-17 08:30:00,188.81048806427643,0.0,58.8027,0.0
2025-07-17 09:00:00,215.657666958785,0.0,66.67854,0.0
2025-07-17 09:30:00,217.91582822405778,0.0,64.43674,0.0
2025-07-17 10:00:00,227.27987215222007,0.0,65.7915,0.0
2025-07-17 10:30:00,259.05285310777555,0.0,72.57602,0.0
2025-07-17 11:00:00,267.18235004459444,0.0,73.86088,0.0
2025-07-17 11:30:00,249.00092015587205,0.0,74.62964,0.0
2025-07-17 12:00:00,273.4600996256876,0.0,78.26918,0.0
2025-07-17 12:30:00,240.4657914717617,0.0,80.18842,0.0
2025-07-17 13:00:00,248.85652346679018,0.0,73.70498,0.0
2025-07-17 13:30:00,227.09800945515943,0.0,69.5977,0.0
2025-07-17 14:00:00,242.2386536779711,0.0,66.89356,0.0
2025-07-17 14:30:00,235.22324347762867,0.0,67.53332,0.0
2025-07-17 15:00:00,234.98415423495567,0.0,67.59784,0.0
2025-07-17 15:30:00,264.82984807333503,0.0,70.81268,0.0
2025-07-17 16:00:00,235.98826914042363,0.0,70.43636,0.0
2025-07-17 16:30:00,232.45606073704218,0.0,66.41512,0.0
2025-07-17 17:00:00,229.73536895553332,0.0,71.7051,0.0
2025-07-17 17:30:00,216.6046982275548,0.0,68.8612,0.0
2025-07-17 18:00:00,179.03420312308924,0.0,45.55622,0.0
2025-07-17 18:30:00,178.713137070382,0.0,44.50254,0.0
2025-07-17 19:00:00,154.9733705168967,0.0,44.0402,0.0
2025-07-17 19:30:00,157.05362709100024,0.0,44.72832,0.0
2025-07-17 20:00:00,147.23297004945272,0.0,42.72846,0.0
2025-07-17 20:30:00,127.30284141751048,0.0,43.31982,0.0
2025-07-17 21:00:00,136.43779529980264,0.0,42.78222,0.0
2025-07-17 21:30:00,122.41617590205936,0.0,40.47054,0.0
2025-07-17 22:00:00,135.5603671839667,0.0,37.78254,0.0
2025-07-17 22:30:00,74.0730214570847,0.0,12.04224,0.0
2025-07-17 23:00:00,49.724833514192746,0.0,0.65588,4.17178
2025-07-17 23:30:00,45.735880775028264,0.0,0.0,4.77926
2025-07-18 00:00:00,44.21431649749163,0.0,0.0,4.9943
2025-07-18 00:30:00,48.336407647549684,0.0,0.0,4.70938
2025-07-18 01:00:00,43.57426502494733,0.0,0.0,5.03194
2025-07-18 01:30:00,44.774160806721945,0.0,0.0,4.3223
2025-07-18 02:00:00,48.60434428835344,0.0,0.0,4.36532
2025-07-18 02:30:00,48.713130117834226,0.0,0.0,3.88148
2025-07-18 03:00:00,44.04332046736868,0.0,0.0,3.7524400000000004
2025-07-18 03:30:00,45.70288685459219,0.0,0.0,3.63418
2025-07-18 04:00:00,46.11013775674015,0.0,0.01076,3.11808
2025-07-18 04:30:00,51.174357536580736,0.0,0.0,3.07508
2025-07-18 05:00:00,49.34482184925718,0.0,0.0,3.02132
2025-07-18 05:30:00,47.297381356203836,0.0,0.0,2.74176
2025-07-18 06:00:00,48.19765930445714,0.0,0.0,3.44064
2025-07-18 06:30:00,42.881643184216756,0.0,0.0,4.08576
2025-07-18 07:00:00,48.179289908394225,0.0,0.0,4.84916
2025-07-18 07:30:00,69.07935178294443,0.0,0.5591,2.9568
2025-07-18 08:00:00,118.7687490472931,0.0,13.42926,0.0
2025-07-18 08:30:00,215.34325521635023,0.0,77.55418,0.0
2025-07-18 09:00:00,234.66000735872313,0.0,82.21518,0.0
2025-07-18 09:30:00,230.37140958051293,0.0,79.04872,0.0
2025-07-18 10:00:00,225.79705620270656,0.0,78.64014,0.0
2025-07-18 10:30:00,219.8801900110932,0.0,76.57576,0.0
2025-07-18 11:00:00,221.1170026944199,0.0,75.87686,0.0
2025-07-18 11:30:00,229.63997451661893,0.0,75.27476,0.0
2025-07-18 12:00:00,234.47414267667014,0.0,76.96282,0.0
2025-07-18 12:30:00,226.4731811183844,0.0,76.78004,0.0
2025-07-18 13:00:00,192.83317444769756,0.0,73.79098,0.0
2025-07-18 13:30:00,188.70025649465938,0.0,73.24264,0.0
2025-07-18 14:00:00,204.7528528738132,0.0,74.65114,0.0
2025-07-18 14:30:00,216.94327252429915,0.0,74.6404,0.0
2025-07-18 15:00:00,221.39509322942854,0.0,77.07036,0.0
2025-07-18 15:30:00,218.82489167622848,0.0,76.37146,0.0
2025-07-18 16:00:00,228.36777769389855,0.0,77.29614,0.0
2025-07-18 16:30:00,214.45232143766881,0.0,76.00052,0.0
2025-07-18 17:00:00,243.91242362584623,0.0,77.77998,0.0
2025-07-18 17:30:00,220.82802284476068,0.0,72.87706,0.0
2025-07-18 18:00:00,189.5056750714554,0.0,67.01722,0.0
2025-07-18 18:30:00,177.38622738395463,0.0,63.50132,0.0
2025-07-18 19:00:00,166.26597947235157,0.0,59.71662,0.0
2025-07-18 19:30:00,119.52436371759524,0.0,25.2457,0.0
2025-07-18 20:00:00,80.72493187040477,0.0,0.9569199999999999,2.9353
2025-07-18 20:30:00,74.87804236540022,0.0,0.0,4.70938
2025-07-18 21:00:00,56.62601268937203,0.0,0.0,3.96748
2025-07-18 21:30:00,44.955950873566564,0.0,0.0,3.32236
2025-07-18 22:00:00,45.536401480902015,0.0,0.0,5.13946
2025-07-18 22:30:00,42.856218890078715,0.0,0.0,5.26848
2025-07-18 23:00:00,40.403314715472895,0.0,0.0,4.3223
2025-07-18 23:30:00,42.72779123507167,0.0,0.0,4.55348
2025-07-19 00:00:00,52.29538503217372,0.0,0.0,4.19328
2025-07-19 00:30:00,48.558808226763105,0.0,0.0,6.75226
2025-07-19 01:00:00,45.082683267959666,0.0,0.0,6.9888
2025-07-19 01:30:00,43.996897429961855,0.0,0.0,6.34368
2025-07-19 02:00:00,42.79729222543981,0.0,0.0,6.38668
2025-07-19 02:30:00,44.43745138500596,0.0,0.0,6.33294
2025-07-19 03:00:00,45.31215308419141,0.0,0.0,5.92436
2025-07-19 03:30:00,44.29359916128596,0.0,0.0,5.31686
2025-07-19 04:00:00,45.58155907707585,0.0,0.0,5.1502
2025-07-19 04:30:00,46.58687391949547,0.0,0.0,4.62336
2025-07-19 05:00:00,46.82773924286039,0.0,0.0,4.8814
2025-07-19 05:30:00,43.72443014690233,0.0,0.0,4.33844
2025-07-19 06:00:00,45.805819202216625,0.0,0.0,3.8062
2025-07-19 06:30:00,44.200892227164964,0.0,0.0,5.03194
2025-07-19 07:00:00,46.29328467710605,0.0,0.0,4.08576
2025-07-19 07:30:00,47.9008821557843,0.0,0.0,5.52652
2025-07-19 08:00:00,45.74415195391741,0.0,0.32794,4.5911
2025-07-19 08:30:00,102.52930703634581,0.0,40.4544,0.0
2025-07-19 09:00:00,115.6995826239778,0.0,43.008,0.0
2025-07-19 09:30:00,118.3184475528,0.0,43.22304,0.0
2025-07-19 10:00:00,118.5455097174583,0.0,41.9328,0.0
2025-07-19 10:30:00,113.18669436408597,0.0,41.85754,0.0
2025-07-19 11:00:00,129.94331565254265,0.0,45.24442,0.0
2025-07-19 11:30:00,114.79139424105519,0.0,45.85728,0.0
2025-07-19 12:00:00,126.4639598276432,0.0,46.7927,0.0
2025-07-19 12:30:00,123.89614737785605,0.0,47.90016,0.0
2025-07-19 13:00:00,126.410120576407,0.0,48.69582,0.0
2025-07-19 13:30:00,131.66482025794437,0.0,47.70664,0.0
2025-07-19 14:00:00,133.54948364840692,0.0,48.14746,0.0
2025-07-19 14:30:00,128.2259187741816,0.0,45.54548,0.0
2025-07-19 15:00:00,141.64620547017952,0.0,47.104519999999994,0.0
2025-07-19 15:30:00,127.43266462319228,0.0,46.92174,0.0
2025-07-19 16:00:00,124.19784589959468,0.0,46.98624,0.0
2025-07-19 16:30:00,111.16266954823371,0.0,45.83578,0.0
2025-07-19 17:00:00,113.27291703610086,0.0,46.5239,0.0
2025-07-19 17:30:00,121.36210621208349,0.0,48.48078,0.0
2025-07-19 18:00:00,123.44484111716245,0.0,49.26568,0.0
2025-07-19 18:30:00,109.61467278921882,0.0,48.49152,0.0
2025-07-19 19:00:00,88.02350557413698,0.0,25.43924,0.0
2025-07-19 19:30:00,57.78014770762557,0.0,8.54784,0.20428
2025-07-19 20:00:00,51.47467326538694,0.0,0.01076,2.48372
2025-07-19 20:30:00,45.362102688889316,0.0,0.0,2.16652
2025-07-19 21:00:00,41.94062313210734,0.0,0.0,2.9138
2025-07-19 21:30:00,45.063423516046264,0.0,0.0,3.54816
2025-07-19 22:00:00,42.53611830654282,0.0,0.0,4.51584
2025-07-19 22:30:00,47.360516823581605,0.0,0.0,4.38682
2025-07-19 23:00:00,43.993089842464414,0.0,0.0,4.63412
2025-07-19 23:30:00,44.67134160451259,0.0,0.0,3.9029799999999994
2025-07-20 00:00:00,42.94588381216646,0.0,0.0,3.7847
2025-07-20 00:30:00,44.87191319455689,0.0,0.0,3.69868
2025-07-20 01:00:00,40.57271861211386,0.0,0.010760000000000002,3.5804200000000006
2025-07-20 01:30:00,41.209709000046686,0.0,0.0,2.71488
2025-07-20 02:00:00,44.75728071085301,0.0,0.0,3.7309400000000004
2025-07-20 02:30:00,44.327432785091204,0.0,0.0,3.2471
2025-07-20 03:00:00,45.373415627901565,0.0,0.0,3.17184
2025-07-20 03:30:00,42.54559750049501,0.0,0.0,4.69862
2025-07-20 04:00:00,41.18979776795899,0.0,0.0,4.87066
2025-07-20 04:30:00,46.28905420516795,0.0,0.0,4.41908
2025-07-20 05:00:00,39.76417770048113,0.0,0.0,4.33844
2025-07-20 05:30:00,46.68116282032357,0.0,0.0,3.99974
2025-07-20 06:00:00,47.000680798042815,0.0,0.0,4.0535
2025-07-20 06:30:00,46.08765492712956,0.0,0.0,3.96748
2025-07-20 07:00:00,41.949475032150644,0.0,0.0,3.67718
2025-07-20 07:30:00,39.14917199554012,0.0,0.0,4.62336
2025-07-20 08:00:00,46.81798594693977,0.0,1.6988200000000002,1.76332
2025-07-20 08:30:00,91.23444674917778,0.0,33.50324,0.0
2025-07-20 09:00:00,111.36420256306971,0.0,45.66374,0.0
2025-07-20 09:30:00,119.04592237077897,0.0,43.30906,0.0
2025-07-20 10:00:00,120.20494299871582,0.0,43.01338,0.0
2025-07-20 10:30:00,109.574239386114,0.0,42.35214,0.0
2025-07-20 11:00:00,120.73127740903671,0.0,41.621,0.0
2025-07-20 11:30:00,119.52489563775472,0.0,42.15322,0.0
2025-07-20 12:00:00,126.11364722982387,0.0,42.90048,0.0
2025-07-20 12:30:00,121.18991645831493,0.0,43.07252,0.0
2025-07-20 13:00:00,125.89170947878645,0.0,43.7929,0.0
2025-07-20 13:30:00,121.18121618136786,0.0,43.44884,0.0
2025-07-20 14:00:00,123.46214323478277,0.0,42.14784,0.0
2025-07-20 14:30:00,110.08045308114097,0.0,41.98656,0.0
2025-07-20 15:00:00,117.15174585491431,0.0,41.3307,0.0
2025-07-20 15:30:00,119.75297762453373,0.0,42.81448,0.0
2025-07-20 16:00:00,109.37422951690101,0.0,38.87924,0.0
2025-07-20 16:30:00,62.607044398583305,0.0,12.24654,0.0
2025-07-20 17:00:00,44.61423686900567,0.0,0.87092,3.85996
2025-07-20 17:30:00,42.20838943389141,0.0,0.0,4.90292
2025-07-20 18:00:00,40.96028907748252,0.0,0.0,4.44596
2025-07-20 18:30:00,40.11423891967666,0.0,0.0,4.22016
2025-07-20 19:00:00,43.266534309179,0.0,0.0,4.58036
2025-07-20 19:30:00,43.35792277930958,0.0,0.0,4.44058
2025-07-20 20:00:00,41.81321156817933,0.0,0.0,2.20416
2025-07-20 20:30:00,43.3508021770062,0.0,0.01076,2.1289
2025-07-20 21:00:00,40.444836465924446,0.0,0.0,1.8170799999999998
2025-07-20 21:30:00,43.11239278632478,0.0,0.0,3.04282
2025-07-20 22:00:00,42.72768289317261,0.0,0.0,3.67718
2025-07-20 22:30:00,41.67356846714576,0.0,0.0,3.8599599999999996
2025-07-20 23:00:00,46.45191113546148,0.0,0.0,3.8814799999999994
2025-07-20 23:30:00,40.63031093030091,0.0,0.0,3.8599599999999996
2025-07-21 00:00:00,38.528704753223195,0.0,0.0,2.9568
2025-07-21 00:30:00,39.593603486559026,0.0,0.01076,2.71488
2025-07-21 01:00:00,37.024215417298585,0.0,0.0,2.60198
2025-07-21 01:30:00,40.5353548903097,0.0,0.0,2.9245399999999995
2025-07-21 02:00:00,41.313676422415895,0.0,0.0,4.62336
2025-07-21 02:30:00,42.5291555561289,0.0,0.0,4.5481
2025-07-21 03:00:00,39.39979992440796,0.0,0.0,4.92442
2025-07-21 03:30:00,36.857842514611164,0.0,0.0,4.26854
2025-07-21 04:00:00,39.326470733018816,0.0,0.0,3.93524
2025-07-21 04:30:00,43.43301858284765,0.0,0.0,3.38688
2025-07-21 05:00:00,37.084748568452795,0.0,0.0,3.91372
2025-07-21 05:30:00,39.82312909705719,0.0,0.0,3.42988
2025-07-21 06:00:00,42.35727388126155,0.0,0.0,3.82772
2025-07-21 06:30:00,38.72216470838721,0.0,0.0,5.05344
2025-07-21 07:00:00,47.54309197892792,0.0,0.0,5.34374
2025-07-21 07:30:00,56.25198238339397,0.0,0.98918,2.9568
2025-07-21 08:00:00,90.81389561718238,0.0,12.82714,0.0215
2025-07-21 08:30:00,218.65994351398385,0.0,67.2699,0.0
2025-07-21 09:00:00,225.75755759368334,0.0,68.60852,0.0
2025-07-21 09:30:00,243.16117084220073,0.0,70.8987,0.0
2025-07-21 10:00:00,249.80421464929373,0.0,70.47938,0.0
2025-07-21 10:30:00,275.0312305448927,0.0,79.7906,0.0
2025-07-21 11:00:00,270.28994641619335,0.0,81.2475,0.0
2025-07-21 11:30:00,271.82757671635443,0.0,82.91944,0.0
2025-07-21 12:00:00,257.1506085385118,0.0,82.82266,0.0
2025-07-21 12:30:00,270.9671474189416,0.0,82.31732,0.0
2025-07-21 13:00:00,308.45951824643305,0.0,86.85466,0.0
2025-07-21 13:30:00,254.41358004526447,0.0,84.10214,0.0
2025-07-21 14:00:00,242.07552965797046,0.0,77.3714,0.0
2025-07-21 14:30:00,237.34850870945013,0.0,86.4676,0.0
2025-07-21 15:00:00,244.5202432054476,0.0,82.82266,0.0
2025-07-21 15:30:00,255.01797198317107,0.0,80.81204,0.0
2025-07-21 16:00:00,246.21052062401142,0.0,80.00564,0.0
2025-07-21 16:30:00,261.7971101487919,0.0,75.83386,0.0
2025-07-21 17:00:00,287.39333435479926,0.0,77.24238,0.0
2025-07-21 17:30:00,275.3348885352369,0.0,79.34976,0.0
2025-07-21 18:00:00,228.4473925825828,0.0,70.78042,0.0
2025-07-21 18:30:00,185.8253010151,0.0,59.985420000000005,0.0
2025-07-21 19:00:00,186.62213567484432,0.0,50.70643999999999,0.0
2025-07-21 19:30:00,98.81759041591272,0.0,19.19232,0.0
2025-07-21 20:00:00,66.38858916003417,0.0,0.8493999999999999,0.05376
2025-07-21 20:30:00,61.36010736786075,0.0,0.13978,0.86016
2025-07-21 21:00:00,50.266603890404625,0.0,0.01076,2.13964
2025-07-21 21:30:00,42.06250584448753,0.0,0.01076,1.3977599999999997
2025-07-21 22:00:00,41.43899034216031,0.0,0.13978,1.26874
2025-07-21 22:30:00,41.41625938076996,0.0,0.0,3.87072
2025-07-21 23:00:00,41.84727321136788,0.0,0.0,4.29004
2025-07-21 23:30:00,40.381898470353704,0.0,0.0,4.08576
2025-07-22 00:00:00,48.34807357214671,0.0,0.0,4.3008
2025-07-22 00:30:00,49.1034961193121,0.0,0.0,4.20404
2025-07-22 01:00:00,51.25068659606284,0.0,0.0,3.7417
2025-07-22 01:30:00,44.12939901526626,0.0,0.0,4.0535
2025-07-22 02:00:00,51.409779535422544,0.0,0.0,3.50516
2025-07-22 02:30:00,42.20752804178713,0.0,0.0,5.9566
2025-07-22 03:00:00,48.528049940888636,0.0,0.0,5.50502
2025-07-22 03:30:00,45.247522557376726,0.0,0.0,5.20396
2025-07-22 04:00:00,44.026878923455655,0.0,0.0,4.77926
2025-07-22 04:30:00,48.20894625249061,0.0,0.0,4.46208
2025-07-22 05:00:00,49.368491104853156,0.0,0.0,4.3223
2025-07-22 05:30:00,49.95720676291943,0.0,0.0,4.0105
2025-07-22 06:00:00,47.24150716629714,0.0,0.0,4.69862
2025-07-22 06:30:00,46.971252242558705,0.0,0.0,4.96742
2025-07-22 07:00:00,51.34775621664177,0.0,0.0,5.3545
2025-07-22 07:30:00,60.01715404900575,0.0,0.0,4.84916
2025-07-22 08:00:00,115.76180729515858,0.0,16.1065,0.4946
2025-07-22 08:30:00,209.80673526794948,0.0,68.458,0.0
2025-07-22 09:00:00,227.0783676455165,0.0,65.54958,0.0
2025-07-22 09:30:00,210.25390890655456,0.0,67.4258,0.0
2025-07-22 10:00:00,239.38036629423132,0.0,75.43604,0.0
2025-07-22 10:30:00,225.90643080350233,0.0,67.61934,0.0
2025-07-22 11:00:00,265.2693336782342,0.0,94.06926,0.0
2025-07-22 11:30:00,286.85498920051725,0.0,95.8971,0.0
2025-07-22 12:00:00,247.91961609005497,0.0,73.0921,0.0
2025-07-22 12:30:00,254.94266909726852,0.0,95.61756,0.0
2025-07-22 13:00:00,262.1804122551787,0.0,97.44538,0.0
2025-07-22 13:30:00,220.85973084367816,0.0,98.5851,0.0
2025-07-22 14:00:00,239.5999205829219,0.0,95.88634,0.0
2025-07-22 14:30:00,259.81680174440584,0.0,104.96104,0.0
2025-07-22 15:00:00,212.75427418323042,0.0,87.12884,0.0
2025-07-22 15:30:00,234.59532357984747,0.0,78.25306,0.0
2025-07-22 16:00:00,262.19946796564403,0.0,78.72616,0.0
2025-07-22 16:30:00,260.4244820563602,0.0,77.98426,0.0
2025-07-22 17:00:00,255.59413313137685,0.0,77.00582,0.0
2025-07-22 17:30:00,254.02846575688076,0.0,76.23168,0.0
2025-07-22 18:00:00,213.1820750036352,0.0,71.89864,0.0
2025-07-22 18:30:00,204.99568510413192,0.0,65.54958,0.0
2025-07-22 19:00:00,180.05220570066595,0.0,61.8025,0.0
2025-07-22 19:30:00,129.57247687075866,0.0,29.46048,0.0
2025-07-22 20:00:00,84.1818648081151,0.0,2.1289,0.0
2025-07-22 20:30:00,79.0178332750687,0.0,0.5161,0.5376
2025-07-22 21:00:00,64.32972478184594,0.0,0.16128,0.75264
2025-07-22 21:30:00,61.09701100024401,0.0,0.2258,0.4946
2025-07-22 22:00:00,51.81734905114459,0.0,0.12902,0.8279000000000001
2025-07-22 22:30:00,48.78152895349279,0.0,0.19354000000000002,0.63436
2025-07-22 23:00:00,51.19084668530607,0.0,0.2903,0.32256
2025-07-22 23:30:00,45.522945261811586,0.0,0.01076,3.1718400000000004
2025-07-23 00:00:00,43.35386836304895,0.0,0.0,5.75232
2025-07-23 00:30:00,46.027861558654166,0.0,0.0,5.82758
2025-07-23 01:00:00,41.42758844481012,0.0,0.0,6.504959999999999
2025-07-23 01:30:00,47.92793958913184,0.0,0.0,5.84908
2025-07-23 02:00:00,44.005894576185895,0.0,0.0,5.84908
2025-07-23 02:30:00,44.96117862345778,0.0,0.0,5.72006
2025-07-23 03:00:00,43.90686040488557,0.0,0.0,5.24698
2025-07-23 03:30:00,45.104326547814395,0.0,0.0,5.03194
2025-07-23 04:00:00,48.26137456503809,0.0,0.0,4.44058
2025-07-23 04:30:00,43.53052776796805,0.0,0.0,4.53734
2025-07-23 05:00:00,47.80249699269728,0.0,0.0,4.40832
2025-07-23 05:30:00,43.21513362360486,0.0,0.0,3.9244800000000004
2025-07-23 06:00:00,45.4471382130899,0.0,0.0,4.46208
2025-07-23 06:30:00,44.378025728942724,0.0,0.0,5.1502
2025-07-23 07:00:00,45.424262832682984,0.0,0.0,4.76314
2025-07-23 07:30:00,69.37686134124752,0.0,0.37632,2.86004
2025-07-23 08:00:00,92.51374037891244,0.0,8.2898,0.18277999999999997
2025-07-23 08:30:00,194.23325639377208,0.0,75.18874,0.0
2025-07-23 09:00:00,224.99120935186383,0.0,72.93082,0.0
2025-07-23 09:30:00,218.92126504132295,0.0,66.0603,0.0
2025-07-23 10:00:00,231.929074688345,0.0,67.29678,0.0
2025-07-23 10:30:00,234.70285068955428,0.0,71.80186,0.0
2025-07-23 11:00:00,236.39642506316335,0.0,72.57602,0.0
2025-07-23 11:30:00,235.6471277165624,0.0,74.26408,0.0
2025-07-23 12:00:00,237.31017456488976,0.0,69.94178,0.0
2025-07-23 12:30:00,218.1853953589748,0.0,65.30766,0.0
2025-07-23 13:00:00,266.22979151551687,0.0,69.2644,0.0
2025-07-23 13:30:00,223.80041957231674,0.0,77.0811,0.0
2025-07-23 14:00:00,232.7890707382242,0.0,75.27476,0.0
2025-07-23 14:30:00,240.81742965008016,0.0,80.81204,0.0
2025-07-23 15:00:00,282.97052240146564,0.0,82.87642,0.0
2025-07-23 15:30:00,243.34411898383644,0.0,78.51112,0.0
2025-07-23 16:00:00,264.8257204501512,0.0,74.3931,0.0
2025-07-23 16:30:00,264.4920232827996,0.0,73.02222,0.0
2025-07-23 17:00:00,266.27865644710187,0.0,73.0491,0.0
2025-07-23 17:30:00,265.9238526872082,0.0,69.95252,0.0
2025-07-23 18:00:00,227.69808240196994,0.0,67.45806,0.0
2025-07-23 18:30:00,203.0691715589201,0.0,67.3129,0.0
2025-07-23 19:00:00,195.2294741021357,0.0,69.14612,0.0
2025-07-23 19:30:00,129.75371491485197,0.0,38.4384,0.0
2025-07-23 20:00:00,92.9706289232921,0.0,0.30106,0.68812
2025-07-23 20:30:00,82.62945731676938,0.0,0.15052,0.91392
2025-07-23 21:00:00,75.66326023444648,0.0,0.23654,0.56448
2025-07-23 21:30:00,58.304041574423515,0.0,0.8494,0.0
2025-07-23 22:00:00,56.60444183600863,0.0,0.73114,0.043
2025-07-23 22:30:00,51.39108036396958,0.0,0.05376,2.1934
2025-07-23 23:00:00,53.92344463937815,0.0,0.01076,2.52672
2025-07-23 23:30:00,48.61308422865514,0.0,0.03226,1.6558000000000002
2025-07-24 00:00:00,56.114026536947236,0.0,0.0,3.41914
2025-07-24 00:30:00,50.68465287450057,0.0,0.0,3.21484
2025-07-24 01:00:00,53.506503308309384,0.0,0.0,3.96748
2025-07-24 01:30:00,47.37607607878236,0.0,0.0,4.77926
2025-07-24 02:00:00,49.18552299974625,0.0,0.0,5.46202
2025-07-24 02:30:00,45.6949160393507,0.0,0.0,4.82764
2025-07-24 03:00:00,42.86488092008203,0.0,0.0,4.77926
2025-07-24 03:30:00,46.69483288069426,0.0,0.0,4.10726
2025-07-24 04:00:00,43.96477999106826,0.0,0.0,4.075
2025-07-24 04:30:00,47.19750085535379,0.0,0.0,4.032
2025-07-24 05:00:00,45.71903789569146,0.0,0.0,3.7202
2025-07-24 05:30:00,44.1025946157888,0.0,0.0,3.56966
2025-07-24 06:00:00,51.669773265139646,0.0,0.01076,4.38682
2025-07-24 06:30:00,48.74851291081749,0.0,1.17196,4.0535
2025-07-24 07:00:00,59.183898297221894,0.0,6.9458,0.0
2025-07-24 07:30:00,81.3935108949073,0.0,9.17146,0.0
2025-07-24 08:00:00,95.42031475609093,0.0,14.32166,0.0
2025-07-24 08:30:00,195.1671559522073,0.0,58.80270000000001,0.0
2025-07-24 09:00:00,210.0001793837772,0.0,66.67854,0.0
2025-07-24 09:30:00,216.06051921131697,0.0,64.43674,0.0
2025-07-24 10:00:00,233.29654114408524,0.0,65.7915,0.0
2025-07-24 10:30:00,257.41217180979174,0.0,72.57602,0.0
2025-07-24 11:00:00,266.25617128436,0.0,73.86088,0.0
2025-07-24 11:30:00,261.01589193442527,0.0,74.62964,0.0
2025-07-24 12:00:00,270.3817046551802,0.0,78.26918,0.0
2025-07-24 12:30:00,257.81911884346846,0.0,80.18842,0.0
2025-07-24 13:00:00,245.59395425807043,0.0,73.70498,0.0
2025-07-24 13:30:00,227.66331867748175,0.0,69.5977,0.0
2025-07-24 14:00:00,208.4165279127226,0.0,66.89356,0.0
2025-07-24 14:30:00,247.44270373379672,0.0,67.53332,0.0
2025-07-24 15:00:00,233.39530354501917,0.0,67.59784,0.0
2025-07-24 15:30:00,251.71842324771148,0.0,70.81268,0.0
2025-07-24 16:00:00,262.5375118651035,0.0,70.43636,0.0
2025-07-24 16:30:00,216.64985517764356,0.0,66.41512,0.0
2025-07-24 17:00:00,251.97871932074605,0.0,71.7051,0.0
2025-07-24 17:30:00,222.06856452230545,0.0,68.8612,0.0
2025-07-24 18:00:00,185.9651924562713,0.0,45.55622,0.0
2025-07-24 18:30:00,165.95588981489024,0.0,44.502539999999996,0.0
2025-07-24 19:00:00,146.4383131046307,0.0,44.0402,0.0
2025-07-24 19:30:00,151.66218226743473,0.0,44.72831999999999,0.0
2025-07-24 20:00:00,147.37900940385273,0.0,42.72846,0.0
2025-07-24 20:30:00,141.49005191077148,0.0,43.31982,0.0
2025-07-24 21:00:00,131.6689109231348,0.0,42.78222,0.0
2025-07-24 21:30:00,117.28527288505474,0.0,40.47054,0.0
2025-07-24 22:00:00,121.30153319939696,0.0,37.78254,0.0
2025-07-24 22:30:00,83.79807018353257,0.0,12.042240000000001,0.0
2025-07-24 23:00:00,46.98886663175901,0.0,0.65588,4.17178
2025-07-24 23:30:00,52.38958867894991,0.0,0.0,4.77926
2025-07-25 00:00:00,50.753923589428915,0.0,0.0,5.24698
2025-07-25 00:30:00,54.142315628274794,0.0,0.0,4.84916
2025-07-25 01:00:00,52.37124365718054,0.0,0.0,4.80614
2025-07-25 01:30:00,55.40990071331712,0.0,0.0,4.55348
2025-07-25 02:00:00,52.54215922339483,0.0,0.0,4.32768
2025-07-25 02:30:00,52.29041933867391,0.0,0.0,4.46208
2025-07-25 03:00:00,51.87262817898969,0.0,0.0,4.94592
2025-07-25 03:30:00,51.42341795438399,0.0,0.0,6.78452
2025-07-25 04:00:00,53.071040373908325,0.0,0.0,6.55872
2025-07-25 04:30:00,50.957924178080134,0.0,0.0,6.39744
2025-07-25 05:00:00,55.14797600615765,0.0,0.0,5.65556
2025-07-25 05:30:00,49.361520314828496,0.0,0.0,6.246919999999999
2025-07-25 06:00:00,54.05891967304891,0.0,0.0,6.54796
2025-07-25 06:30:00,52.82867171808249,0.0,0.0,6.08564
2025-07-25 07:00:00,81.00299205149803,0.0,0.0,6.04262
2025-07-25 07:30:00,98.60009209876263,0.0,1.91386,1.9891200000000002
2025-07-25 08:00:00,139.7686378291302,0.0,12.84864,0.0
2025-07-25 08:30:00,210.23466483924153,0.0,72.02766,0.0
2025-07-25 09:00:00,212.67619158774409,0.0,73.94688,0.0
2025-07-25 09:30:00,229.38040843907925,0.0,76.7693,0.0
2025-07-25 10:00:00,227.4234634323027,0.0,78.1778,0.0
2025-07-25 10:30:00,234.02721025022998,0.0,80.33896,0.0
2025-07-25 11:00:00,268.9745639720263,0.0,79.19386,0.0
2025-07-25 11:30:00,265.67689195694237,0.0,103.85358,0.0
2025-07-25 12:00:00,268.45305658173726,0.0,120.73422,0.0
2025-07-25 12:30:00,292.29972169639177,0.0,162.51652,0.0
2025-07-25 13:00:00,259.41956192705015,0.0,108.06836,0.0
2025-07-25 13:30:00,259.5643728855327,0.0,77.38214,0.0
2025-07-25 14:00:00,231.2741723778844,0.0,76.50048,0.0
2025-07-25 14:30:00,237.38514383887977,0.0,84.91932,0.0
2025-07-25 15:00:00,320.0536604594571,0.0,146.88846,0.0
2025-07-25 15:30:00,307.629222122051,0.0,158.08668,0.0
2025-07-25 16:00:00,338.78443689924626,0.0,155.2159,0.0
2025-07-25 16:30:00,294.3006422476367,0.0,140.66842,0.0
2025-07-25 17:00:00,301.0480205643961,0.0,117.60538,0.0
2025-07-25 17:30:00,253.56536521823978,0.0,75.11886,0.0
2025-07-25 18:00:00,213.02019067484397,0.0,62.64116,0.0
2025-07-25 18:30:00,199.7852490787568,0.0,60.996100000000006,0.0
2025-07-25 19:00:00,186.71379644522392,0.0,48.95386,0.0
2025-07-25 19:30:00,108.76741190876707,0.0,14.031360000000001,3.9997399999999996
2025-07-25 20:00:00,68.94428780414384,0.0,0.0,6.60172
2025-07-25 20:30:00,68.34621862833188,0.0,0.0,7.26836
2025-07-25 21:00:00,60.956968630112286,0.0,0.0,8.107
2025-07-25 21:30:00,71.34628972941857,0.0,0.0,8.09626
2025-07-25 22:00:00,70.88459209765195,0.0,0.0,7.05332
2025-07-25 22:30:00,62.485341526223294,0.0,0.0,5.96736
2025-07-25 23:00:00,51.63411799423968,0.0,0.0,4.76852
2025-07-25 23:30:00,56.406976801269074,0.0,0.0,4.11264
2025-07-26 00:00:00,48.242251328009374,0.0,0.0,4.19328
2025-07-26 00:30:00,49.28579635442744,0.0,0.0,6.75226
2025-07-26 01:00:00,45.19173270605817,0.0,0.0,6.9888
2025-07-26 01:30:00,48.96384589257628,0.0,0.0,6.34368
2025-07-26 02:00:00,46.27807952565828,0.0,0.0,6.386680000000001
2025-07-26 02:30:00,48.97224764095186,0.0,0.0,6.332940000000001
2025-07-26 03:00:00,44.43207862006621,0.0,0.0,5.92436
2025-07-26 03:30:00,45.92776466375992,0.0,0.0,5.31686
2025-07-26 04:00:00,47.89722225559151,0.0,0.0,5.1502
2025-07-26 04:30:00,46.38045281702778,0.0,0.0,4.62336
2025-07-26 05:00:00,48.35246997271048,0.0,0.0,4.8814
2025-07-26 05:30:00,45.60220804975678,0.0,0.0,4.33844
2025-07-26 06:00:00,52.330385279205935,0.0,0.0,3.8062000000000005
2025-07-26 06:30:00,49.28451141514701,0.0,0.0,5.03194
2025-07-26 07:00:00,47.40958018578223,0.0,0.0,4.08576
2025-07-26 07:30:00,45.08465948115708,0.0,0.0,5.52652
2025-07-26 08:00:00,47.913366114138256,0.0,0.32794,4.5911
2025-07-26 08:30:00,104.9070261333595,0.0,40.4544,0.0
2025-07-26 09:00:00,105.89551342011498,0.0,43.008,0.0
2025-07-26 09:30:00,122.41154729090034,0.0,43.22304,0.0
2025-07-26 10:00:00,120.92607695476626,0.0,41.9328,0.0
2025-07-26 10:30:00,119.1325791280452,0.0,41.85754,0.0
2025-07-26 11:00:00,119.51030311861142,0.0,45.24442,0.0
2025-07-26 11:30:00,106.81027249178202,0.0,45.85728,0.0
2025-07-26 12:00:00,121.25296705486932,0.0,46.7927,0.0
2025-07-26 12:30:00,118.05036598025413,0.0,47.90016,0.0
2025-07-26 13:00:00,128.35688921743602,0.0,48.69582,0.0
2025-07-26 13:30:00,127.34717126739467,0.0,47.70664,0.0
2025-07-26 14:00:00,133.64717849362205,0.0,48.14746,0.0
2025-07-26 14:30:00,134.5188650926426,0.0,45.54548,0.0
2025-07-26 15:00:00,124.17471730351824,0.0,47.10452,0.0
2025-07-26 15:30:00,135.47080316828172,0.0,46.92174,0.0
2025-07-26 16:00:00,127.06719645369947,0.0,46.98624,0.0
2025-07-26 16:30:00,126.2459446000099,0.0,45.83578,0.0
2025-07-26 17:00:00,132.0942317487991,0.0,46.5239,0.0
2025-07-26 17:30:00,110.80677025101447,0.0,48.48078,0.0
2025-07-26 18:00:00,118.85953732253067,0.0,49.26568,0.0
2025-07-26 18:30:00,115.36644474702639,0.0,48.49152,0.0
2025-07-26 19:00:00,86.62877028855998,0.0,25.43924,0.0
2025-07-26 19:30:00,60.28899317382372,0.0,8.54784,0.20428
2025-07-26 20:00:00,47.81292687793963,0.0,0.01076,2.48372
2025-07-26 20:30:00,48.547161108694496,0.0,0.0,2.16652
2025-07-26 21:00:00,41.98996627515412,0.0,0.0,2.9138
2025-07-26 21:30:00,42.556300557600736,0.0,0.0,3.54816
2025-07-26 22:00:00,42.29541701401711,0.0,0.0,4.51584
2025-07-26 22:30:00,43.732541953543674,0.0,0.0,4.38682
2025-07-26 23:00:00,41.289521254294925,0.0,0.0,4.63412
2025-07-26 23:30:00,44.90339368204908,0.0,0.0,3.90298
2025-07-27 00:00:00,43.38872983520904,0.0,0.0,2.98906
2025-07-27 00:30:00,42.111583353685205,0.0,0.0,2.74176
2025-07-27 01:00:00,44.0560623811706,0.0,0.0,5.27924
2025-07-27 01:30:00,40.27783210777013,0.0,0.0,5.42976
2025-07-27 02:00:00,41.304018806757036,0.0,0.0,5.31148
2025-07-27 02:30:00,43.508009361822936,0.0,0.0,4.95668
2025-07-27 03:00:00,41.616759259231785,0.0,0.0,4.63412
2025-07-27 03:30:00,39.72709117537712,0.0,0.0,4.13952
2025-07-27 04:00:00,47.075881137177205,0.0,0.0,3.59116
2025-07-27 04:30:00,39.95509195756416,0.0,0.01076,3.2471000000000005
2025-07-27 05:00:00,41.92286420613074,0.0,0.0,3.21484
2025-07-27 05:30:00,43.71599545882078,0.0,0.0,2.63424
2025-07-27 06:00:00,42.522674956207545,0.0,0.0,3.59116
2025-07-27 06:30:00,41.21889995158845,0.0,0.0,3.66644
2025-07-27 07:00:00,40.45997392193461,0.0,0.0,3.63418
2025-07-27 07:30:00,40.41656043838618,0.0,0.0,3.7309400000000004
2025-07-27 08:00:00,38.76884917926643,0.0,0.0,3.42988
2025-07-27 08:30:00,44.77666481942266,0.0,0.0,3.5159000000000002
2025-07-27 09:00:00,41.55334363483841,0.0,0.0,3.31162
2025-07-27 09:30:00,42.559343146679865,0.0,0.0,4.0105
2025-07-27 10:00:00,41.48864067201102,0.0,0.0,4.13952
2025-07-27 10:30:00,40.38486044382074,0.0,0.0,5.01044
2025-07-27 11:00:00,40.94196808217532,0.0,0.0,5.20396
2025-07-27 11:30:00,39.12025459500802,0.0,0.0,5.17172
2025-07-27 12:00:00,40.99401668184433,0.0,0.0,4.9943
2025-07-27 12:30:00,40.52215212003572,0.0,0.0,4.76314
2025-07-27 13:00:00,44.982403261049186,0.0,0.01076,4.032
2025-07-27 13:30:00,40.46631429402204,0.0,0.0,4.04276
2025-07-27 14:00:00,40.88739223216687,0.0,0.0,4.42982
2025-07-27 14:30:00,40.48070364126497,0.0,0.0,4.84916
2025-07-27 15:00:00,45.46505349147002,0.0,0.0,4.84916
2025-07-27 15:30:00,40.56300037336293,0.0,0.0,4.91366
2025-07-27 16:00:00,43.5540308924007,0.0,0.0,4.8384
2025-07-27 16:30:00,45.04418910324948,0.0,0.0,2.92454
2025-07-27 17:00:00,41.379724214454285,0.0,0.0,3.52666
2025-07-27 17:30:00,38.85514739429574,0.0,0.0,3.38688
2025-07-27 18:00:00,39.04852684645033,0.0,0.0,3.30086
2025-07-27 18:30:00,44.03119049544161,0.0,0.0,2.76326
2025-07-27 19:00:00,39.28586674832784,0.0,0.0,2.6019800000000006
2025-07-27 19:30:00,41.41070509396408,0.0,0.01076,3.2793599999999996
2025-07-27 20:00:00,42.5942744067904,0.0,0.0,3.5159
2025-07-27 20:30:00,42.84094181738573,0.0,0.0,3.44064
2025-07-27 21:00:00,43.47303864931636,0.0,0.0,3.10732
2025-07-27 21:30:00,39.85735281281564,0.0,0.0,2.79552
2025-07-27 22:00:00,40.76152322475233,0.0,0.0,2.1289
2025-07-27 22:30:00,44.11913571090489,0.0,0.01076,1.74182
2025-07-27 23:00:00,40.24111437803378,0.0,0.0,2.21492
2025-07-27 23:30:00,36.71572105982765,0.0,0.03226,1.50528
2025-07-28 00:00:00,39.759399901981915,0.0,0.0,4.51584
2025-07-28 00:30:00,38.844174760854564,0.0,0.0,5.3545
2025-07-28 01:00:00,42.981778050258825,0.0,0.0,4.8169
2025-07-28 01:30:00,43.25877600286977,0.0,0.0,4.21478
2025-07-28 02:00:00,38.424785818922004,0.0,0.0,3.87072
2025-07-28 02:30:00,41.5755625193822,0.0,0.0,3.5374
2025-07-28 03:00:00,45.4855863370972,0.0,0.0,5.40826
2025-07-28 03:30:00,41.20408636996174,0.0,0.0,5.97812
2025-07-28 04:00:00,45.66996518571048,0.0,0.0,5.56954
2025-07-28 04:30:00,43.037026485825095,0.0,0.0,5.85984
2025-07-28 05:00:00,40.246067690522594,0.0,0.0,5.849079999999999
2025-07-28 05:30:00,42.256707057822254,0.0,0.0,5.88134
2025-07-28 06:00:00,41.0168365502884,0.0,0.0,6.666240000000001
2025-07-28 06:30:00,39.64215120664403,0.0,0.0,6.752259999999999
2025-07-28 07:00:00,55.38437048079167,0.0,0.0,8.09626
2025-07-28 07:30:00,86.85843334807292,0.0,0.75264,3.99974
2025-07-28 08:00:00,105.74663336454762,0.0,8.42956,0.0
2025-07-28 08:30:00,228.3294438951304,0.0,73.55444,0.0
2025-07-28 09:00:00,231.3691820760704,0.0,74.04904,0.0
2025-07-28 09:30:00,242.25810857461292,0.0,76.08116,0.0
2025-07-28 10:00:00,260.5479660480475,0.0,82.7044,0.0
2025-07-28 10:30:00,272.085450364232,0.0,93.69294,0.0
2025-07-28 11:00:00,285.004215540446,0.0,91.1017,0.0
2025-07-28 11:30:00,246.83817478946685,0.0,93.12308,0.0
2025-07-28 12:00:00,281.0969389131328,0.0,91.69306,0.0
2025-07-28 12:30:00,238.67417597155145,0.0,92.55324,0.0
2025-07-28 13:00:00,272.8428273465883,0.0,92.21992,0.0
2025-07-28 13:30:00,279.0528401071518,0.0,90.06952,0.0
2025-07-28 14:00:00,286.4858543950517,0.0,89.13408,0.0
2025-07-28 14:30:00,251.40544922972512,0.0,82.81192,0.0
2025-07-28 15:00:00,253.3254181506307,0.0,84.72576,0.0
2025-07-28 15:30:00,263.2721181141967,0.0,75.33928,0.0
2025-07-28 16:00:00,275.47351618049447,0.0,73.22114,0.0
2025-07-28 16:30:00,241.82762754135857,0.0,71.71586,0.0
2025-07-28 17:00:00,259.77243633766045,0.0,69.02784,0.0
2025-07-28 17:30:00,228.248300317452,0.0,65.31842,0.0
2025-07-28 18:00:00,209.69521724630943,0.0,55.93192,0.0
2025-07-28 18:30:00,203.61474596728704,0.0,54.95347999999999,0.0
2025-07-28 19:00:00,137.3063968503628,0.0,31.29908,0.0
2025-07-28 19:30:00,77.64524469285806,0.0,5.77382,2.645
2025-07-28 20:00:00,57.14267165093122,0.0,0.0,4.84916
2025-07-28 20:30:00,62.51989202063482,0.0,0.0,4.77926
2025-07-28 21:00:00,56.04343391113561,0.0,0.0,5.55878
2025-07-28 21:30:00,52.927845327003794,0.0,0.0,5.16096
2025-07-28 22:00:00,53.4411564778635,0.0,0.0,4.94592
2025-07-28 22:30:00,57.21516221512196,0.0,0.0,4.11264
2025-07-28 23:00:00,54.10757662718587,0.0,0.0,3.7201999999999997
2025-07-28 23:30:00,57.39775573402593,0.0,0.0,3.31162
2025-07-29 00:00:00,46.86558453255887,0.0,0.0,4.41908
2025-07-29 00:30:00,42.20909009931368,0.0,0.0,4.33844
2025-07-29 01:00:00,44.22704339217477,0.0,0.0,4.16102
2025-07-29 01:30:00,44.334837465865405,0.0,0.0,3.85996
2025-07-29 02:00:00,40.485165163796836,0.0,0.0,3.41914
2025-07-29 02:30:00,41.940963678562184,0.0,0.01076,3.02132
2025-07-29 03:00:00,39.52948664793223,0.0,0.0,2.38156
2025-07-29 03:30:00,41.30011707221325,0.0,0.0,2.3278
2025-07-29 04:00:00,41.510008722014234,0.0,0.010759999999999999,2.3762
2025-07-29 04:30:00,40.232731287101345,0.0,0.0,4.5696
2025-07-29 05:00:00,40.24152823244874,0.0,0.0,4.31156
2025-07-29 05:30:00,41.722766676904996,0.0,0.0,4.13952
2025-07-29 06:00:00,42.76569102494211,0.0,0.0,4.37606
2025-07-29 06:30:00,41.602549830311844,0.0,0.0,4.032
2025-07-29 07:00:00,37.38985308089483,0.0,0.0,4.10726
2025-07-29 07:30:00,39.02625833437733,0.0,0.0,4.44596
2025-07-29 08:00:00,37.86025756757066,0.0,0.0,3.93524
2025-07-29 08:30:00,41.099245510337646,0.0,0.0,3.9997400000000005
2025-07-29 09:00:00,42.53847242401638,0.0,0.0,3.91372
2025-07-29 09:30:00,42.14749279594093,0.0,0.0,4.075
2025-07-29 10:00:00,38.7339393539345,0.0,0.0,4.68788
2025-07-29 10:30:00,40.483769082605704,0.0,0.0,5.01044
2025-07-29 11:00:00,40.465861157010224,0.0,0.0,4.3008
2025-07-29 11:30:00,38.71283559518242,0.0,0.0,4.50508
2025-07-29 12:00:00,41.254066012997086,0.0,0.0,4.91366
2025-07-29 12:30:00,42.7844645213384,0.0,0.0,4.42982
2025-07-29 13:00:00,43.42879008258598,0.0,0.0,4.16102
2025-07-29 13:30:00,39.68457149079909,0.0,0.0,4.2578
2025-07-29 14:00:00,43.60756127648802,0.0,0.0,3.91372
2025-07-29 14:30:00,39.919438201011545,0.0,0.0,3.83846
2025-07-29 15:00:00,42.984628932156916,0.0,0.0,3.7632
2025-07-29 15:30:00,39.725240311750355,0.0,0.0,4.08576
2025-07-29 16:00:00,39.918154627996024,0.0,0.0,4.94592
2025-07-29 16:30:00,36.19417584130802,0.0,0.0,4.6126
2025-07-29 17:00:00,39.98011330790052,0.0,0.0,4.8814
2025-07-29 17:30:00,41.48685372745684,0.0,0.0,4.5266
2025-07-29 18:00:00,40.41481440828699,0.0,0.0,4.96742
2025-07-29 18:30:00,45.22050515331384,0.0,0.0,5.07494
2025-07-29 19:00:00,37.48682510644146,0.0,0.0,5.644799999999999
2025-07-29 19:30:00,39.31710138601711,0.0,0.0,5.85984
2025-07-29 20:00:00,39.29546242204002,0.0,0.0,4.94592
2025-07-29 20:30:00,39.8390949322249,0.0,0.0,3.989
2025-07-29 21:00:00,43.388606866312635,0.0,0.010760000000000002,3.7524399999999996
2025-07-29 21:30:00,45.219621331760244,0.0,0.0,3.40838
2025-07-29 22:00:00,40.41754339925929,0.0,0.0,3.34388
2025-07-29 22:30:00,41.41769452894808,0.0,0.0,2.3977
2025-07-29 23:00:00,39.420921109373836,0.0,0.0,2.7095000000000002
2025-07-29 23:30:00,45.37283562635878,0.0,0.01076,2.31168
2025-07-30 00:00:00,45.38925469750962,0.0,0.0,5.752320000000001
2025-07-30 00:30:00,44.03769801587057,0.0,0.0,5.82758
2025-07-30 01:00:00,42.84081616008139,0.0,0.0,6.50496
2025-07-30 01:30:00,45.12470378878963,0.0,0.0,5.84908
2025-07-30 02:00:00,42.01640643232262,0.0,0.0,5.84908
2025-07-30 02:30:00,43.958393142135264,0.0,0.0,5.72006
2025-07-30 03:00:00,45.18879497753787,0.0,0.0,5.24698
2025-07-30 03:30:00,39.98297297117893,0.0,0.0,5.03194
2025-07-30 04:00:00,44.30695654882085,0.0,0.0,4.44058
2025-07-30 04:30:00,43.154194930543845,0.0,0.0,4.53734
2025-07-30 05:00:00,46.25897120528523,0.0,0.0,4.40832
2025-07-30 05:30:00,40.46709985318413,0.0,0.0,3.92448
2025-07-30 06:00:00,42.93971698866381,0.0,0.0,4.46208
2025-07-30 06:30:00,42.275189655752435,0.0,0.0,5.1502
2025-07-30 07:00:00,50.29183635965312,0.0,0.0,4.76314
2025-07-30 07:30:00,68.49357556792512,0.0,0.37632,2.86004
2025-07-30 08:00:00,100.78479333990413,0.0,8.2898,0.18278
2025-07-30 08:30:00,209.6061665432361,0.0,75.18874,0.0
2025-07-30 09:00:00,216.5009869567346,0.0,72.93082,0.0
2025-07-30 09:30:00,219.9358683748878,0.0,66.0603,0.0
2025-07-30 10:00:00,228.65299326036325,0.0,67.29678,0.0
2025-07-30 10:30:00,245.63022124991448,0.0,71.80186,0.0
2025-07-30 11:00:00,221.6476141752835,0.0,72.57602,0.0
2025-07-30 11:30:00,230.1737889173126,0.0,74.26408,0.0
2025-07-30 12:00:00,241.03194308929648,0.0,69.94178,0.0
2025-07-30 12:30:00,239.26067043556083,0.0,65.30766,0.0
2025-07-30 13:00:00,209.1365155283853,0.0,69.2644,0.0
2025-07-30 13:30:00,257.3127521156943,0.0,77.0811,0.0
2025-07-30 14:00:00,238.11983740375635,0.0,75.27476,0.0
2025-07-30 14:30:00,223.79301075677472,0.0,80.81204,0.0
2025-07-30 15:00:00,218.23513031594587,0.0,82.87642,0.0
2025-07-30 15:30:00,240.61818384044417,0.0,78.51112,0.0
2025-07-30 16:00:00,259.04808503452955,0.0,74.3931,0.0
2025-07-30 16:30:00,260.3866234215071,0.0,73.02222,0.0
2025-07-30 17:00:00,270.20204327961505,0.0,73.0491,0.0
2025-07-30 17:30:00,243.56148640465875,0.0,69.95252,0.0
2025-07-30 18:00:00,202.75723694080722,0.0,67.45806,0.0
2025-07-30 18:30:00,203.46255749486954,0.0,67.3129,0.0
2025-07-30 19:00:00,193.67870759064272,0.0,69.14612,0.0
2025-07-30 19:30:00,144.74154687005415,0.0,38.4384,0.0
2025-07-30 20:00:00,88.86189238952977,0.0,0.30106,0.68812
2025-07-30 20:30:00,89.92368256252236,0.0,0.15052,0.9139200000000001
2025-07-30 21:00:00,74.00204902320617,0.0,0.23654,0.56448
2025-07-30 21:30:00,60.90065198183276,0.0,0.8494,0.0
2025-07-30 22:00:00,53.97667050271077,0.0,0.73114,0.043
2025-07-30 22:30:00,59.172446254137355,0.0,0.05376,2.1934
2025-07-30 23:00:00,53.17117916073087,0.0,0.01076,2.52672
2025-07-30 23:30:00,49.990652821758445,0.0,0.03226,1.6558
2025-07-31 00:00:00,34.65539646788302,0.0,0.0,5.419
2025-07-31 00:30:00,40.89702849536209,0.0,0.0,5.04268
2025-07-31 01:00:00,38.562741260221465,0.0,0.0,4.73088
2025-07-31 01:30:00,43.38930785559555,0.0,0.0,4.33844
2025-07-31 02:00:00,41.24787051446329,0.0,0.0,4.8599
2025-07-31 02:30:00,41.8096552592535,0.0,0.0,4.44596
2025-07-31 03:00:00,41.130856162646545,0.0,0.0,4.5481
2025-07-31 03:30:00,42.23957018287045,0.0,0.0,3.77396
2025-07-31 04:00:00,44.89773451731227,0.0,0.0,3.25786
2025-07-31 04:30:00,41.90909223339254,0.0,0.010759999999999999,3.6341799999999997
2025-07-31 05:00:00,45.24620688728488,0.0,0.0,3.05356
2025-07-31 05:30:00,43.99002551034545,0.0,0.0,3.31162
2025-07-31 06:00:00,44.359422710729824,0.0,0.0,3.19334
2025-07-31 06:30:00,38.0841978962224,0.0,0.0,4.31156
2025-07-31 07:00:00,48.706827731819594,0.0,0.0,4.64486
2025-07-31 07:30:00,53.78661622758616,0.0,0.0,4.73088
2025-07-31 08:00:00,83.42749141247205,0.0,3.16108,1.43002
2025-07-31 08:30:00,178.21768914832197,0.0,64.15718,0.0
2025-07-31 09:00:00,198.62052222189266,0.0,69.5977,0.0
2025-07-31 09:30:00,237.089979947597,0.0,69.8665,0.0
2025-07-31 10:00:00,207.00478280236194,0.0,73.84474,0.0
2025-07-31 10:30:00,228.8098165230376,0.0,74.65652,0.0
2025-07-31 11:00:00,223.08629652755388,0.0,73.24264,0.0
2025-07-31 11:30:00,220.67600804429682,0.0,73.76948,0.0
2025-07-31 12:00:00,225.82681666882974,0.0,74.21032,0.0
2025-07-31 12:30:00,213.97567447627856,0.0,76.48974,0.0
2025-07-31 13:00:00,229.4992943611779,0.0,77.89286,0.0
2025-07-31 13:30:00,209.74640125161125,0.0,78.41434,0.0
2025-07-31 14:00:00,217.77137437402504,0.0,77.23162,0.0
2025-07-31 14:30:00,245.99731528177688,0.0,77.89286,0.0
2025-07-31 15:00:00,240.40629391525965,0.0,80.48948,0.0
2025-07-31 15:30:00,227.17683231601308,0.0,83.25274,0.0
2025-07-31 16:00:00,252.2171232263607,0.0,81.72596,0.0
2025-07-31 16:30:00,247.0097933255329,0.0,81.0701,0.0
2025-07-31 17:00:00,226.2523000209164,0.0,80.81204,0.0
2025-07-31 17:30:00,235.8317558098572,0.0,77.19938,0.0
2025-07-31 18:00:00,199.5769101094445,0.0,68.98484,0.0
2025-07-31 18:30:00,188.06708026078076,0.0,57.63072,0.0
2025-07-31 19:00:00,212.0956859765416,0.0,57.7275,0.0
2025-07-31 19:30:00,190.5500577473575,0.0,61.46918,0.0
2025-07-31 20:00:00,172.82899011743373,0.0,55.97492,0.0
2025-07-31 20:30:00,147.38981537955598,0.0,40.93824,0.0
2025-07-31 21:00:00,135.67953955666692,0.0,40.30926,0.0
2025-07-31 21:30:00,111.28629782274776,0.0,39.94368,0.0
2025-07-31 22:00:00,103.78371106025232,0.0,42.30912,0.0
2025-07-31 22:30:00,55.21421225777466,0.0,7.601659999999999,0.0
2025-07-31 23:00:00,50.615868507827486,0.0,1.81708,0.0
2025-07-31 23:30:00,47.48504224100292,0.0,1.58054,0.0
2025-08-01 00:00:00,48.6295422693974,0.0,0.0,4.9943
2025-08-01 00:30:00,48.869596996854696,0.0,0.0,4.70938
2025-08-01 01:00:00,47.67317350878453,0.0,0.0,5.03194
2025-08-01 01:30:00,46.593319566248674,0.0,0.0,4.3223
2025-08-01 02:00:00,50.62378139781037,0.0,0.0,4.36532
2025-08-01 02:30:00,46.83468323698417,0.0,0.0,3.88148
2025-08-01 03:00:00,48.4530056045901,0.0,0.0,3.7524399999999996
2025-08-01 03:30:00,49.04598077171546,0.0,0.0,3.6341800000000006
2025-08-01 04:00:00,52.96162916683015,0.0,0.01076,3.11808
2025-08-01 04:30:00,46.712957056090694,0.0,0.0,3.0750800000000003
2025-08-01 05:00:00,46.11673178705706,0.0,0.0,3.02132
2025-08-01 05:30:00,45.137469764787504,0.0,0.0,2.74176
2025-08-01 06:00:00,50.98408843698907,0.0,0.0,3.44064
2025-08-01 06:30:00,47.43525106397682,0.0,0.0,4.08576
2025-08-01 07:00:00,51.4902630844581,0.0,0.0,4.84916
2025-08-01 07:30:00,80.2143085899958,0.0,0.5591,2.9568
2025-08-01 08:00:00,119.19877892980924,0.0,13.42926,0.0
2025-08-01 08:30:00,204.30981821118658,0.0,77.55418,0.0
2025-08-01 09:00:00,231.7877545244521,0.0,82.21518,0.0
2025-08-01 09:30:00,220.4495834438472,0.0,79.04872,0.0
2025-08-01 10:00:00,225.36233351047258,0.0,78.64014,0.0
2025-08-01 10:30:00,220.8576257826824,0.0,76.57576,0.0
2025-08-01 11:00:00,221.47226054555549,0.0,75.87686,0.0
2025-08-01 11:30:00,213.28414724039393,0.0,75.27476,0.0
2025-08-01 12:00:00,250.50497585301645,0.0,76.96282,0.0
2025-08-01 12:30:00,229.85337250713914,0.0,76.78004,0.0
2025-08-01 13:00:00,204.6042645132303,0.0,73.79098,0.0
2025-08-01 13:30:00,208.18580385995799,0.0,73.24264,0.0
2025-08-01 14:00:00,207.51184106516024,0.0,74.65114,0.0
2025-08-01 14:30:00,206.88773868261237,0.0,74.6404,0.0
2025-08-01 15:00:00,229.49602417972338,0.0,77.07036,0.0
2025-08-01 15:30:00,227.14685586708458,0.0,76.37146,0.0
2025-08-01 16:00:00,235.71346155313728,0.0,77.29614,0.0
2025-08-01 16:30:00,238.27468810698153,0.0,76.00052,0.0
2025-08-01 17:00:00,233.07725814857577,0.0,77.77998,0.0
2025-08-01 17:30:00,218.51817064169094,0.0,72.87706,0.0
2025-08-01 18:00:00,213.16162549325438,0.0,67.01722,0.0
2025-08-01 18:30:00,176.3324750666818,0.0,63.50132,0.0
2025-08-01 19:00:00,175.83095748714354,0.0,59.716620000000006,0.0
2025-08-01 19:30:00,115.62291601086203,0.0,25.2457,0.0
2025-08-01 20:00:00,79.84691552227595,0.0,0.9569199999999999,2.9353000000000002
2025-08-01 20:30:00,72.00569561766423,0.0,0.0,4.70938
2025-08-01 21:00:00,54.608372019731426,0.0,0.0,3.96748
2025-08-01 21:30:00,45.986981994607184,0.0,0.0,3.32236
2025-08-01 22:00:00,42.22551163570861,0.0,0.0,5.13946
2025-08-01 22:30:00,41.30392174470595,0.0,0.0,5.268479999999999
2025-08-01 23:00:00,44.82995084001618,0.0,0.0,4.3223
2025-08-01 23:30:00,45.30968512455149,0.0,0.0,4.55348
2025-08-02 00:00:00,44.8055032203325,0.0,0.01076,2.60736
2025-08-02 00:30:00,43.46344153256228,0.0,0.0,1.66656
2025-08-02 01:00:00,42.1978530599868,0.0,0.01076,2.03212
2025-08-02 01:30:00,47.857262013429676,0.0,0.01076,1.58054
2025-08-02 02:00:00,46.0994550553491,0.0,0.0,1.82784
2025-08-02 02:30:00,40.838715976480884,0.0,0.0,3.1180800000000004
2025-08-02 03:00:00,43.88308691912949,0.0,0.01076,4.032
2025-08-02 03:30:00,38.932134714014424,0.0,0.0,3.5159
2025-08-02 04:00:00,41.74111900003937,0.0,0.0,3.70944
2025-08-02 04:30:00,46.022074708062576,0.0,0.0,3.60192
2025-08-02 05:00:00,43.95331645250912,0.0,0.0,3.4944
2025-08-02 05:30:00,44.132310545825135,0.0,0.0,3.37612
2025-08-02 06:00:00,37.345135255939674,0.0,0.0,3.29012
2025-08-02 06:30:00,43.33034618427085,0.0,0.0,3.37612
2025-08-02 07:00:00,43.829451744386795,0.0,0.0,3.50516
2025-08-02 07:30:00,43.91240482080022,0.0,0.0,3.5159
2025-08-02 08:00:00,45.53071203124577,0.0,0.0,3.85996
2025-08-02 08:30:00,42.52256984299708,0.0,0.0,4.49434
2025-08-02 09:00:00,42.53683530271472,0.0,0.0,3.37612
2025-08-02 09:30:00,40.874630786437585,0.0,0.01076,3.1395799999999996
2025-08-02 10:00:00,44.51591280706049,0.0,0.0,3.46214
2025-08-02 10:30:00,40.09405168253529,0.0,0.0,3.33312
2025-08-02 11:00:00,39.695585518603565,0.0,0.0,2.18266
2025-08-02 11:30:00,40.37812091652951,0.0,0.0,2.1504
2025-08-02 12:00:00,47.413208153987775,0.0,0.0215,1.6128000000000002
2025-08-02 12:30:00,42.539054944099334,0.0,0.043,1.29024
2025-08-02 13:00:00,44.35044076707436,0.0,0.043,1.16122
2025-08-02 13:30:00,43.41504137802971,0.0,0.09676000000000001,0.97844
2025-08-02 14:00:00,40.60975493521302,0.0,0.07526,0.9784399999999999
2025-08-02 14:30:00,46.83986677746834,0.0,0.0215,1.60204
2025-08-02 15:00:00,39.12808299946967,0.0,0.0,2.36544
2025-08-02 15:30:00,42.10748147021975,0.0,0.0,2.26868
2025-08-02 16:00:00,41.80158121474631,0.0,0.0,2.92454
2025-08-02 16:30:00,43.342024761299584,0.0,0.0,3.1073199999999996
2025-08-02 17:00:00,41.01705082747928,0.0,0.01076,2.78476
2025-08-02 17:30:00,39.308938321922064,0.0,0.021499999999999995,1.78484
2025-08-02 18:00:00,42.037345168185354,0.0,0.043,1.20422
2025-08-02 18:30:00,42.273328369407636,0.0,0.03226,1.18272
2025-08-02 19:00:00,40.88091924510016,0.0,0.043000000000000003,1.344
2025-08-02 19:30:00,45.76591480086893,0.0,0.11828000000000001,0.91392
2025-08-02 20:00:00,40.892032591255585,0.0,0.03226,1.41926
2025-08-02 20:30:00,45.185135645224875,0.0,0.03226,1.301
2025-08-02 21:00:00,44.30380484007829,0.0,0.08602,1.10746
2025-08-02 21:30:00,46.21620625914814,0.0,0.13978,0.8063999999999999
2025-08-02 22:00:00,43.75046018310935,0.0,0.13978,1.58054
2025-08-02 22:30:00,45.34120901140128,0.0,0.0,3.15034
2025-08-02 23:00:00,42.53361788510665,0.0,0.0,3.4514
2025-08-02 23:30:00,43.73405593052582,0.0,0.0,3.1395799999999996
2025-08-03 00:00:00,41.759919434111666,0.0,0.0,5.02118
2025-08-03 00:30:00,41.62710505744423,0.0,0.0,4.80614
2025-08-03 01:00:00,40.44338303841169,0.0,0.0,5.58028
2025-08-03 01:30:00,37.44015244786563,0.0,0.0,5.34374
2025-08-03 02:00:00,42.06066996502937,0.0,0.0,5.20396
2025-08-03 02:30:00,39.610148122761565,0.0,0.0,4.95668
2025-08-03 03:00:00,40.40317157604581,0.0,0.0,4.60186
2025-08-03 03:30:00,43.547434027254305,0.0,0.0,4.075
2025-08-03 04:00:00,40.017049039003126,0.0,0.0,3.9997399999999996
2025-08-03 04:30:00,43.37800894999725,0.0,0.0,3.56966
2025-08-03 05:00:00,44.69642736384026,0.0,0.0,3.2471
2025-08-03 05:30:00,42.77110272361744,0.0,0.010760000000000002,2.86004
2025-08-03 06:00:00,39.99642155686253,0.0,0.0,2.9998
2025-08-03 06:30:00,37.15328646349509,0.0,0.0,2.60736
2025-08-03 07:00:00,42.70910564033126,0.0,0.0,3.2471
2025-08-03 07:30:00,40.46217806157075,0.0,0.0,5.24698
2025-08-03 08:00:00,35.82997041439468,0.0,0.0,6.73076
2025-08-03 08:30:00,41.496173191466816,0.0,0.0,5.48352
2025-08-03 09:00:00,36.03847657600059,0.0,0.0,6.23616
2025-08-03 09:30:00,38.16635382458628,0.0,0.0,6.537219999999999
2025-08-03 10:00:00,38.90808395071405,0.0,0.0,6.52646
2025-08-03 10:30:00,36.94127159679946,0.0,0.0,4.3223
2025-08-03 11:00:00,38.981651346285574,0.0,0.0,4.49434
2025-08-03 11:30:00,41.72389245767231,0.0,0.0,4.53734
2025-08-03 12:00:00,41.15599718101144,0.0,0.0,4.032
2025-08-03 12:30:00,42.118613446839525,0.0,0.0,3.81696
2025-08-03 13:00:00,42.12475409198991,0.0,0.0,3.84922
2025-08-03 13:30:00,41.25202532514943,0.0,0.0,4.3008
2025-08-03 14:00:00,36.91214585433858,0.0,0.01076,2.1934
2025-08-03 14:30:00,37.8786813930126,0.0,0.0,2.645
2025-08-03 15:00:00,42.41711585091237,0.0,0.0,2.50522
2025-08-03 15:30:00,37.29110930881262,0.0,0.0,2.90304
2025-08-03 16:00:00,39.37582574967057,0.0,0.0,2.9568
2025-08-03 16:30:00,41.253651930095806,0.0,0.0,3.2578599999999995
2025-08-03 17:00:00,43.52434048571729,0.0,0.01076,3.27936
2025-08-03 17:30:00,39.635083345995945,0.0,0.0,3.0965800000000003
2025-08-03 18:00:00,38.900977864699534,0.0,0.0,2.86004
2025-08-03 18:30:00,40.29664036624582,0.0,0.0,3.0965800000000003
2025-08-03 19:00:00,40.9775470278456,0.0,0.0,3.17184
2025-08-03 19:30:00,39.00274320783499,0.0,0.0,4.47284
2025-08-03 20:00:00,43.214789922947205,0.0,0.0,4.23092
2025-08-03 20:30:00,39.72527151150159,0.0,0.0,3.2686
2025-08-03 21:00:00,41.550024427361905,0.0,0.0,3.8061999999999996
2025-08-03 21:30:00,42.63609615500328,0.0,0.0,3.2471
2025-08-03 22:00:00,39.71227683373215,0.0,0.0,3.31162
2025-08-03 22:30:00,43.03596078531877,0.0,0.0,2.92454
2025-08-03 23:00:00,41.134395051636815,0.0,0.01076,3.08582
2025-08-03 23:30:00,43.45529049366367,0.0,0.0,2.23642
2025-08-04 00:00:00,40.18728074517363,0.0,0.0,4.51584
2025-08-04 00:30:00,40.13228504618148,0.0,0.0,5.3545
2025-08-04 01:00:00,42.599010048965695,0.0,0.0,4.8169
2025-08-04 01:30:00,40.97605171728908,0.0,0.0,4.21478
2025-08-04 02:00:00,40.97250555362923,0.0,0.0,3.87072
2025-08-04 02:30:00,38.67821542171336,0.0,0.0,3.5374000000000003
2025-08-04 03:00:00,39.63608855006294,0.0,0.0,5.408260000000001
2025-08-04 03:30:00,41.529977559254725,0.0,0.0,5.97812
2025-08-04 04:00:00,42.776000436610005,0.0,0.0,5.56954
2025-08-04 04:30:00,40.42773230825522,0.0,0.0,5.85984
2025-08-04 05:00:00,43.14394240304722,0.0,0.0,5.849079999999999
2025-08-04 05:30:00,42.36941132663388,0.0,0.0,5.88134
2025-08-04 06:00:00,43.96458168432048,0.0,0.0,6.66624
2025-08-04 06:30:00,41.69695796763957,0.0,0.0,6.75226
2025-08-04 07:00:00,60.82996695272419,0.0,0.0,8.09626
2025-08-04 07:30:00,82.40168386309438,0.0,0.75264,3.9997400000000005
2025-08-04 08:00:00,104.4092935557362,0.0,8.42956,0.0
2025-08-04 08:30:00,217.80068178996245,0.0,73.55444,0.0
2025-08-04 09:00:00,224.11531461118642,0.0,74.04904,0.0
2025-08-04 09:30:00,243.64642586938066,0.0,76.08116,0.0
2025-08-04 10:00:00,246.40243134336725,0.0,82.7044,0.0
2025-08-04 10:30:00,288.66633050263357,0.0,93.69294,0.0
2025-08-04 11:00:00,261.0939926004039,0.0,91.1017,0.0
2025-08-04 11:30:00,277.90056021825893,0.0,93.12308,0.0
2025-08-04 12:00:00,285.72321545870915,0.0,91.69306,0.0
2025-08-04 12:30:00,287.45508172916044,0.0,92.55323999999999,0.0
2025-08-04 13:00:00,268.056527510088,0.0,92.21992,0.0
2025-08-04 13:30:00,270.5117274031115,0.0,90.06952,0.0
2025-08-04 14:00:00,283.1753065296905,0.0,89.13408,0.0
2025-08-04 14:30:00,292.52589798944797,0.0,82.81192,0.0
2025-08-04 15:00:00,251.59922390612363,0.0,84.72576,0.0
2025-08-04 15:30:00,262.81634484408784,0.0,75.33928,0.0
2025-08-04 16:00:00,314.28494487001564,0.0,73.22114,0.0
2025-08-04 16:30:00,268.12805777108986,0.0,71.71586,0.0
2025-08-04 17:00:00,237.69701521599438,0.0,69.02784,0.0
2025-08-04 17:30:00,220.36268503301562,0.0,65.31842,0.0
2025-08-04 18:00:00,185.07211300506043,0.0,55.931920000000005,0.0
2025-08-04 18:30:00,202.78149999849938,0.0,54.953480000000006,0.0
2025-08-04 19:00:00,142.68424574481077,0.0,31.29908,0.0
2025-08-04 19:30:00,76.92293618231778,0.0,5.77382,2.645
2025-08-04 20:00:00,62.39016188099121,0.0,0.0,4.84916
2025-08-04 20:30:00,65.6171171691487,0.0,0.0,4.77926
2025-08-04 21:00:00,54.22960156687906,0.0,0.0,5.55878
2025-08-04 21:30:00,51.40638506630851,0.0,0.0,5.16096
2025-08-04 22:00:00,52.10643218503642,0.0,0.0,4.94592
2025-08-04 22:30:00,51.92811878105054,0.0,0.0,4.11264
2025-08-04 23:00:00,53.94305639539514,0.0,0.0,3.7202
2025-08-04 23:30:00,52.83949432429286,0.0,0.0,3.31162
2025-08-05 00:00:00,46.67761057233176,0.0,0.0,5.58028
2025-08-05 00:30:00,46.597695399868215,0.0,0.0,5.80608
2025-08-05 01:00:00,46.75953057503356,0.0,0.0,5.2201
2025-08-05 01:30:00,44.04064749005998,0.0,0.0,5.419
2025-08-05 02:00:00,42.606866488774045,0.0,0.0,5.18246
2025-08-05 02:30:00,41.44747755408744,0.0,0.0,4.87066
2025-08-05 03:00:00,44.88758151839451,0.0,0.0,5.16096
2025-08-05 03:30:00,43.49267304377607,0.0,0.0,5.03194
2025-08-05 04:00:00,48.59849105367008,0.0,0.0,4.92442
2025-08-05 04:30:00,43.002762168426294,0.0,0.0,4.75238
2025-08-05 05:00:00,48.44856102512683,0.0,0.0,4.8814
2025-08-05 05:30:00,42.185876846256555,0.0,0.0,5.20934
2025-08-05 06:00:00,47.24325130114528,0.0,0.0,4.87066
2025-08-05 06:30:00,45.22807178331717,0.0,0.0,6.04262
2025-08-05 07:00:00,46.13026007055253,0.0,0.0,5.53728
2025-08-05 07:30:00,51.21542629955858,0.0,0.9784400000000001,3.79546
2025-08-05 08:00:00,88.07233598766624,0.0,13.81632,0.0215
2025-08-05 08:30:00,177.00181417948897,0.0,63.318540000000006,0.0
2025-08-05 09:00:00,221.64742223885895,0.0,72.12442,0.0
2025-08-05 09:30:00,220.48556312430338,0.0,77.8875,0.0
2025-08-05 10:00:00,224.6652043470748,0.0,76.17256,0.0
2025-08-05 10:30:00,229.9048389472507,0.0,76.32846,0.0
2025-08-05 11:00:00,205.20858658618837,0.0,75.95752,0.0
2025-08-05 11:30:00,259.9848394789697,0.0,77.36064000000002,0.0
2025-08-05 12:00:00,251.52438675698815,0.0,79.86048,0.0
2025-08-05 12:30:00,261.32108665442104,0.0,81.73672,0.0
2025-08-05 13:00:00,260.54533792661096,0.0,85.03758,0.0
2025-08-05 13:30:00,253.49926042572227,0.0,87.5428,0.0
2025-08-05 14:00:00,225.94743560176897,0.0,85.2795,0.0
2025-08-05 14:30:00,212.597491010521,0.0,81.70446,0.0
2025-08-05 15:00:00,237.7737900086914,0.0,81.95176,0.0
2025-08-05 15:30:00,241.21493565364887,0.0,82.46784,0.0
2025-08-05 16:00:00,229.78577366999576,0.0,83.46778,0.0
2025-08-05 16:30:00,243.19781707633942,0.0,80.70452,0.0
2025-08-05 17:00:00,233.355194436862,0.0,80.29596,0.0
2025-08-05 17:30:00,218.569559123722,0.0,76.08654,0.0
2025-08-05 18:00:00,200.65661387522388,0.0,59.92090000000001,0.0
2025-08-05 18:30:00,172.89279711818273,0.0,49.84628,0.0
2025-08-05 19:00:00,151.418050716829,0.0,42.45966,0.0
2025-08-05 19:30:00,139.33291912855717,0.0,41.7339,0.0
2025-08-05 20:00:00,150.8023238110203,0.0,42.23924,0.0
2025-08-05 20:30:00,139.99245239270223,0.0,43.43808,0.0
2025-08-05 21:00:00,134.0407989567549,0.0,42.07258,0.0
2025-08-05 21:30:00,128.43687994510333,0.0,39.00826,0.0
2025-08-05 22:00:00,116.95496487148039,0.0,32.73984,0.0
2025-08-05 22:30:00,75.31075741975327,0.0,5.25772,0.61286
2025-08-05 23:00:00,55.2414937226688,0.0,0.0,5.09644
2025-08-05 23:30:00,51.26212459684874,0.0,0.0,5.24698
2025-08-06 00:00:00,51.78878238170097,0.0,0.0,4.92442
2025-08-06 00:30:00,48.955872278147176,0.0,0.0,4.0535
2025-08-06 01:00:00,50.6421305565922,0.0,0.0,4.55348
2025-08-06 01:30:00,57.894738417594574,0.0,0.0,4.31156
2025-08-06 02:00:00,51.87773933639867,0.0,0.0,4.67174
2025-08-06 02:30:00,50.65135063970857,0.0,0.0,4.17178
2025-08-06 03:00:00,55.83789241792035,0.0,0.0,4.2793
2025-08-06 03:30:00,50.58622669900075,0.0,0.0,3.8922199999999996
2025-08-06 04:00:00,51.32475867638417,0.0,0.0,3.87072
2025-08-06 04:30:00,56.220708227574335,0.0,0.0,3.5589199999999996
2025-08-06 05:00:00,53.787478547955494,0.0,0.0,2.87078
2025-08-06 05:30:00,49.35050572710611,0.0,0.0,3.03206
2025-08-06 06:00:00,54.60310904653278,0.0,0.0,3.52666
2025-08-06 06:30:00,51.97449557503324,0.0,0.0,4.3223
2025-08-06 07:00:00,60.687083654482045,0.0,0.0,5.04268
2025-08-06 07:30:00,67.48740907853356,0.0,0.32794,4.50508
2025-08-06 08:00:00,110.00940364707813,0.0,16.88602,0.0
2025-08-06 08:30:00,219.27992386647722,0.0,74.3501,0.0
2025-08-06 09:00:00,207.90838691046224,0.0,71.96314,0.0
2025-08-06 09:30:00,225.61755366708687,0.0,77.23162,0.0
2025-08-06 10:00:00,239.83653703333025,0.0,114.4658,0.0
2025-08-06 10:30:00,229.15818798055105,0.0,79.55406,0.0
2025-08-06 11:00:00,247.4922742625037,0.0,79.26376,0.0
2025-08-06 11:30:00,249.95828108105775,0.0,81.24212,0.0
2025-08-06 12:00:00,246.47538163386614,0.0,80.51098,0.0
2025-08-06 12:30:00,250.3965566824455,0.0,80.99482,0.0
2025-08-06 13:00:00,252.49132370717584,0.0,78.05952,0.0
2025-08-06 13:30:00,238.30940181328748,0.0,75.32852,0.0
2025-08-06 14:00:00,227.83777593776182,0.0,74.55438,0.0
2025-08-06 14:30:00,247.45784802775424,0.0,71.9954,0.0
2025-08-06 15:00:00,255.89208851265516,0.0,74.56514,0.0
2025-08-06 15:30:00,250.24407920175832,0.0,78.53262,0.0
2025-08-06 16:00:00,237.34306198272486,0.0,86.52136,0.0
2025-08-06 16:30:00,232.36643102036763,0.0,75.95752,0.0
2025-08-06 17:00:00,203.6564504431576,0.0,74.69416,0.0
2025-08-06 17:30:00,214.1722424889245,0.0,74.82318,0.0
2025-08-06 18:00:00,183.80859433831725,0.0,58.74894,0.0
2025-08-06 18:30:00,152.34623895600222,0.0,42.19622,0.0
2025-08-06 19:00:00,151.50494154298497,0.0,42.126340000000006,0.0
2025-08-06 19:30:00,136.62453655083198,0.0,43.1908,0.0
2025-08-06 20:00:00,141.84014170484699,0.0,43.40584,0.0
2025-08-06 20:30:00,126.56256331213088,0.0,43.66388,0.0
2025-08-06 21:00:00,119.74231758452224,0.0,41.578,0.0
2025-08-06 21:30:00,109.77407789112898,0.0,39.92218,0.0
2025-08-06 22:00:00,106.68404200459682,0.0,39.7179,0.0
2025-08-06 22:30:00,54.36725468890056,0.0,7.924220000000001,0.98918
2025-08-06 23:00:00,40.84796841730082,0.0,0.0,5.354500000000001
2025-08-06 23:30:00,33.91148533720377,0.0,0.0,5.76308
2025-08-07 00:00:00,55.71131794342626,0.0,0.0,3.7847
2025-08-07 00:30:00,57.50843325373593,0.0,0.0,3.64492
2025-08-07 01:00:00,52.708954017706795,0.0,0.0,3.75244
2025-08-07 01:30:00,57.699544737961375,0.0,0.01076,2.4192
2025-08-07 02:00:00,51.30407566340758,0.0,0.0,2.3762
2025-08-07 02:30:00,57.96071687531443,0.0,0.0,1.72032
2025-08-07 03:00:00,52.570344152878874,0.0,0.0,3.5159
2025-08-07 03:30:00,56.778247167377764,0.0,0.0,3.9244799999999995
2025-08-07 04:00:00,48.93130692949907,0.0,0.0,4.41908
2025-08-07 04:30:00,50.53997991064458,0.0,0.0,4.35456
2025-08-07 05:00:00,53.622099216707454,0.0,0.0,3.88148
2025-08-07 05:30:00,55.838734070660536,0.0,0.0,3.9244800000000004
2025-08-07 06:00:00,57.171044794733035,0.0,0.0,3.62342
2025-08-07 06:30:00,50.92638966024702,0.0,0.0,5.05344
2025-08-07 07:00:00,65.93310074548549,0.0,0.66124,3.59116
2025-08-07 07:30:00,70.93423285942102,0.0,2.4622,0.32794
2025-08-07 08:00:00,114.0410855956483,0.0,11.74118,0.0
2025-08-07 08:30:00,211.54737106315582,0.0,84.44084,0.0
2025-08-07 09:00:00,239.0657237810479,0.0,87.79546,0.0
2025-08-07 09:30:00,209.57825890696859,0.0,82.71514,0.0
2025-08-07 10:00:00,238.66570573315482,0.0,89.1986,0.0
2025-08-07 10:30:00,259.68775683063024,0.0,99.13346,0.0
2025-08-07 11:00:00,240.43386646412193,0.0,99.38074,0.0
2025-08-07 11:30:00,259.9341798412186,0.0,98.026,0.0
2025-08-07 12:00:00,261.8972789813537,0.0,97.37012,0.0
2025-08-07 12:30:00,252.0992228747456,0.0,101.14408,0.0
2025-08-07 13:00:00,241.82687154285787,0.0,102.46658,0.0
2025-08-07 13:30:00,240.6081827072535,0.0,100.18714,0.0
2025-08-07 14:00:00,233.92376730332808,0.0,99.06894,0.0
2025-08-07 14:30:00,258.0798259659189,0.0,96.30568,0.0
2025-08-07 15:00:00,257.9938615173805,0.0,95.81108,0.0
2025-08-07 15:30:00,251.07145318515194,0.0,96.4777,0.0
2025-08-07 16:00:00,272.84796606637747,0.0,94.87566,0.0
2025-08-07 16:30:00,241.40309779977133,0.0,95.1337,0.0
2025-08-07 17:00:00,260.5828621440561,0.0,92.55324,0.0
2025-08-07 17:30:00,224.49293850360698,0.0,89.37064,0.0
2025-08-07 18:00:00,204.53111902452406,0.0,80.0164,0.0
2025-08-07 18:30:00,194.8085821465828,0.0,79.75834,0.0
2025-08-07 19:00:00,191.2736130438866,0.0,75.39304,0.0
2025-08-07 19:30:00,168.81679250905526,0.0,71.96314,0.0
2025-08-07 20:00:00,171.4269628535306,0.0,71.85562,0.0
2025-08-07 20:30:00,168.92176624627962,0.0,67.02798,0.0
2025-08-07 21:00:00,153.9393240949454,0.0,63.082,0.0
2025-08-07 21:30:00,160.57337562982735,0.0,58.24360000000001,0.0
2025-08-07 22:00:00,167.27335302364625,0.0,56.1147,0.0
2025-08-07 22:30:00,139.22112333921035,0.0,44.66382,0.0
2025-08-07 23:00:00,77.92825531113078,0.0,7.39738,1.9138599999999997
2025-08-07 23:30:00,56.258674001666755,0.0,0.0,3.41914
2025-08-08 00:00:00,51.41333689615638,0.0,0.0,4.9943
2025-08-08 00:30:00,51.15354117511394,0.0,0.0,4.70938
2025-08-08 01:00:00,47.6007424947301,0.0,0.0,5.03194
2025-08-08 01:30:00,47.59200978268068,0.0,0.0,4.3223
2025-08-08 02:00:00,48.57288099112739,0.0,0.0,4.36532
2025-08-08 02:30:00,48.11382007436298,0.0,0.0,3.8814800000000003
2025-08-08 03:00:00,47.00303248648162,0.0,0.0,3.75244
2025-08-08 03:30:00,48.43505566503952,0.0,0.0,3.6341800000000006
2025-08-08 04:00:00,47.694670258017865,0.0,0.01076,3.11808
2025-08-08 04:30:00,48.064043819533055,0.0,0.0,3.07508
2025-08-08 05:00:00,48.160537957363424,0.0,0.0,3.02132
2025-08-08 05:30:00,50.26330716824699,0.0,0.0,2.74176
2025-08-08 06:00:00,45.84719789894915,0.0,0.0,3.44064
2025-08-08 06:30:00,48.10590815391778,0.0,0.0,4.08576
2025-08-08 07:00:00,48.06806371870394,0.0,0.0,4.84916
2025-08-08 07:30:00,67.4126431454132,0.0,0.5591,2.9568
2025-08-08 08:00:00,114.19056572591685,0.0,13.42926,0.0
2025-08-08 08:30:00,206.82597798808587,0.0,77.55418,0.0
2025-08-08 09:00:00,245.96795864714414,0.0,82.21518,0.0
2025-08-08 09:30:00,220.51597749488784,0.0,79.04872,0.0
2025-08-08 10:00:00,221.87859891130933,0.0,78.64014,0.0
2025-08-08 10:30:00,239.54281646522273,0.0,76.57576,0.0
2025-08-08 11:00:00,221.65983498806412,0.0,75.87686,0.0
2025-08-08 11:30:00,227.09836347356182,0.0,75.27476,0.0
2025-08-08 12:00:00,220.2885657864468,0.0,76.96282,0.0
2025-08-08 12:30:00,235.90127301143778,0.0,76.78004,0.0
2025-08-08 13:00:00,215.69825303687628,0.0,73.79098,0.0
2025-08-08 13:30:00,207.99833582792823,0.0,73.24264,0.0
2025-08-08 14:00:00,208.18556103399467,0.0,74.65114,0.0
2025-08-08 14:30:00,204.82554765526794,0.0,74.6404,0.0
2025-08-08 15:00:00,216.07824702889778,0.0,77.07036,0.0
2025-08-08 15:30:00,216.4415181217975,0.0,76.37146,0.0
2025-08-08 16:00:00,242.78004656572477,0.0,77.29614,0.0
2025-08-08 16:30:00,238.40892824730204,0.0,76.00052,0.0
2025-08-08 17:00:00,223.1817927814536,0.0,77.77998,0.0
2025-08-08 17:30:00,221.39305945810938,0.0,72.87706,0.0
2025-08-08 18:00:00,195.0386392083185,0.0,67.01722,0.0
2025-08-08 18:30:00,170.458586815323,0.0,63.50132,0.0
2025-08-08 19:00:00,173.98858312486303,0.0,59.71662,0.0
2025-08-08 19:30:00,110.9252476907141,0.0,25.2457,0.0
2025-08-08 20:00:00,78.43458050787585,0.0,0.95692,2.9353
2025-08-08 20:30:00,69.48705720923058,0.0,0.0,4.70938
2025-08-08 21:00:00,51.24519463861917,0.0,0.0,3.96748
2025-08-08 21:30:00,46.271729927060655,0.0,0.0,3.32236
2025-08-08 22:00:00,45.35233390817582,0.0,0.0,5.13946
2025-08-08 22:30:00,40.82615592765652,0.0,0.0,5.26848
2025-08-08 23:00:00,45.680521429856896,0.0,0.0,4.3223
2025-08-08 23:30:00,42.472783102607956,0.0,0.0,4.55348
2025-08-09 00:00:00,45.11336938715554,0.0,0.01076,2.60736
2025-08-09 00:30:00,44.003961300178275,0.0,0.0,1.6665600000000003
2025-08-09 01:00:00,41.825948813546866,0.0,0.01076,2.03212
2025-08-09 01:30:00,43.35834603725071,0.0,0.01076,1.58054
2025-08-09 02:00:00,43.47746811542155,0.0,0.0,1.82784
2025-08-09 02:30:00,43.080656143759605,0.0,0.0,3.11808
2025-08-09 03:00:00,43.81153541235906,0.0,0.01076,4.032
2025-08-09 03:30:00,43.75398636980963,0.0,0.0,3.5159
2025-08-09 04:00:00,42.064760183848776,0.0,0.0,3.70944
2025-08-09 04:30:00,43.140498674932566,0.0,0.0,3.60192
2025-08-09 05:00:00,49.77591934265726,0.0,0.0,3.4944
2025-08-09 05:30:00,42.18292141533555,0.0,0.0,3.3761199999999993
2025-08-09 06:00:00,42.750910482010404,0.0,0.0,3.29012
2025-08-09 06:30:00,51.47612289676852,0.0,0.0,3.37612
2025-08-09 07:00:00,44.00776070167324,0.0,0.0,3.50516
2025-08-09 07:30:00,39.95300490480099,0.0,0.0,3.5159
2025-08-09 08:00:00,45.2707893191844,0.0,0.0,3.85996
2025-08-09 08:30:00,41.01893771288438,0.0,0.0,4.49434
2025-08-09 09:00:00,44.84167952767127,0.0,0.0,3.37612
2025-08-09 09:30:00,43.329478176808536,0.0,0.010759999999999999,3.13958
2025-08-09 10:00:00,43.986829829626856,0.0,0.0,3.46214
2025-08-09 10:30:00,46.23648892378411,0.0,0.0,3.3331199999999996
2025-08-09 11:00:00,44.97518192590508,0.0,0.0,2.18266
2025-08-09 11:30:00,44.771764959178,0.0,0.0,2.1504
2025-08-09 12:00:00,45.04622688593857,0.0,0.0215,1.6128000000000002
2025-08-09 12:30:00,42.16414148224804,0.0,0.043,1.29024
2025-08-09 13:00:00,45.209109676229716,0.0,0.043,1.16122
2025-08-09 13:30:00,47.25316433049477,0.0,0.09676,0.9784400000000001
2025-08-09 14:00:00,44.903433294737,0.0,0.07526,0.97844
2025-08-09 14:30:00,48.77629524754475,0.0,0.0215,1.60204
2025-08-09 15:00:00,45.76220895129782,0.0,0.0,2.36544
2025-08-09 15:30:00,43.76788925645102,0.0,0.0,2.26868
2025-08-09 16:00:00,42.44310921491805,0.0,0.0,2.9245399999999995
2025-08-09 16:30:00,43.14223954294289,0.0,0.0,3.10732
2025-08-09 17:00:00,39.900260922836715,0.0,0.01076,2.78476
2025-08-09 17:30:00,43.091975788878884,0.0,0.021500000000000002,1.78484
2025-08-09 18:00:00,44.27569803519998,0.0,0.043,1.20422
2025-08-09 18:30:00,43.003836526226515,0.0,0.03226,1.18272
2025-08-09 19:00:00,43.24267825534434,0.0,0.043,1.344
2025-08-09 19:30:00,43.695321539705795,0.0,0.11828,0.91392
2025-08-09 20:00:00,45.217743233014055,0.0,0.03226,1.4192600000000002
2025-08-09 20:30:00,45.99115752837595,0.0,0.03226,1.301
2025-08-09 21:00:00,44.323269063030594,0.0,0.08602,1.10746
2025-08-09 21:30:00,41.08387575630142,0.0,0.13978,0.8064
2025-08-09 22:00:00,47.98713825374329,0.0,0.13978,1.5805400000000003
2025-08-09 22:30:00,43.306478720447345,0.0,0.0,3.1503399999999995
2025-08-09 23:00:00,42.72954259575609,0.0,0.0,3.4514
2025-08-09 23:30:00,42.07129189368705,0.0,0.0,3.1395800000000005
2025-08-10 00:00:00,39.01582805524467,0.0,0.0,4.32768
2025-08-10 00:30:00,45.89470985430538,0.0,0.0,4.90292
2025-08-10 01:00:00,43.89069110273991,0.0,0.0,4.37606
2025-08-10 01:30:00,43.28008787884734,0.0,0.0,3.6879400000000007
2025-08-10 02:00:00,44.52828184964647,0.0,0.0,4.23092
2025-08-10 02:30:00,47.567344465039085,0.0,0.0,3.7309399999999995
2025-08-10 03:00:00,47.32418147416748,0.0,0.0,3.52666
2025-08-10 03:30:00,44.268962986369665,0.0,0.0,3.1826
2025-08-10 04:00:00,47.50610538218502,0.0,0.0,2.90304
2025-08-10 04:30:00,46.21847866821356,0.0,0.0,3.44064
2025-08-10 05:00:00,45.41267297932303,0.0,0.0,2.731
2025-08-10 05:30:00,44.17950441675223,0.0,0.01076,2.67724
2025-08-10 06:00:00,44.34373312923616,0.0,0.0,2.65574
2025-08-10 06:30:00,47.54558578816726,0.0,0.0,2.25792
2025-08-10 07:00:00,43.064359475451624,0.0,0.0,3.2041000000000004
2025-08-10 07:30:00,42.40492466078087,0.0,0.0,2.4622
2025-08-10 08:00:00,45.27448829794641,0.0,2.9138,1.62356
2025-08-10 08:30:00,112.23272977559414,0.0,41.56724,0.0
2025-08-10 09:00:00,114.32053715108681,0.0,45.9648,0.0
2025-08-10 09:30:00,119.20782143939581,0.0,45.80352,0.0
2025-08-10 10:00:00,126.6127602334715,0.0,46.17984,0.0
2025-08-10 10:30:00,110.89732220670153,0.0,44.80358,0.0
2025-08-10 11:00:00,118.30804308200037,0.0,44.5993,0.0
2025-08-10 11:30:00,117.49839558164997,0.0,44.45952,0.0
2025-08-10 12:00:00,121.50876572230734,0.0,44.58856,0.0
2025-08-10 12:30:00,125.34003629364481,0.0,45.05088,0.0
2025-08-10 13:00:00,110.52980582391294,0.0,44.73908,0.0
2025-08-10 13:30:00,122.98028197375199,0.0,44.76058,0.0
2025-08-10 14:00:00,124.10315788468989,0.0,42.35214,0.0
2025-08-10 14:30:00,115.42806978106543,0.0,40.80384,0.0
2025-08-10 15:00:00,116.66069261337157,0.0,42.35214,0.0
2025-08-10 15:30:00,112.1889262616022,0.0,35.36334,0.0
2025-08-10 16:00:00,91.25709163024669,0.0,25.826299999999996,0.0
2025-08-10 16:30:00,54.09559582066513,0.0,1.8386,1.387
2025-08-10 17:00:00,45.07673175275544,0.0,0.0,3.94598
2025-08-10 17:30:00,41.015583542769676,0.0,0.0,3.89222
2025-08-10 18:00:00,44.6129802500226,0.0,0.0,3.65568
2025-08-10 18:30:00,45.522053069506434,0.0,0.0,4.18252
2025-08-10 19:00:00,43.96085931214893,0.0,0.0,4.47284
2025-08-10 19:30:00,40.1798814857308,0.0,0.0,4.661
2025-08-10 20:00:00,43.442022116867406,0.0,0.0,4.3223
2025-08-10 20:30:00,46.0331292137445,0.0,0.0,3.87072
2025-08-10 21:00:00,42.846469269680064,0.0,0.0,3.66644
2025-08-10 21:30:00,43.48747748453484,0.0,0.0,3.52666
2025-08-10 22:00:00,42.34675754738932,0.0,0.0,3.19334
2025-08-10 22:30:00,46.66920611242332,0.0,0.0,3.07508
2025-08-10 23:00:00,44.99518495000309,0.0,0.0,3.5374
2025-08-10 23:30:00,41.88876160169332,0.0,0.0,3.39764
2025-08-11 00:00:00,45.952426539804996,0.0,0.0,4.51584
2025-08-11 00:30:00,42.38422752109974,0.0,0.0,5.3545
2025-08-11 01:00:00,42.47571030589291,0.0,0.0,4.8169
2025-08-11 01:30:00,43.59623415304509,0.0,0.0,4.21478
2025-08-11 02:00:00,42.88549070047231,0.0,0.0,3.87072
2025-08-11 02:30:00,46.257927960197684,0.0,0.0,3.5373999999999994
2025-08-11 03:00:00,42.664018244195525,0.0,0.0,5.40826
2025-08-11 03:30:00,41.21631297081018,0.0,0.0,5.97812
2025-08-11 04:00:00,41.93855776524471,0.0,0.0,5.569539999999999
2025-08-11 04:30:00,39.54373378223016,0.0,0.0,5.85984
2025-08-11 05:00:00,44.170242860761874,0.0,0.0,5.849079999999999
2025-08-11 05:30:00,41.53316596012652,0.0,0.0,5.88134
2025-08-11 06:00:00,43.980371533210196,0.0,0.0,6.666240000000001
2025-08-11 06:30:00,39.31913429360999,0.0,0.0,6.752260000000001
2025-08-11 07:00:00,59.15731823222676,0.0,0.0,8.09626
2025-08-11 07:30:00,86.26419896789061,0.0,0.75264,3.99974
2025-08-11 08:00:00,100.19778435933004,0.0,8.42956,0.0
2025-08-11 08:30:00,240.8715109520172,0.0,73.55444,0.0
2025-08-11 09:00:00,233.79372645680394,0.0,74.04904,0.0
2025-08-11 09:30:00,246.69896006538025,0.0,76.08116,0.0
2025-08-11 10:00:00,263.2505605366483,0.0,82.7044,0.0
2025-08-11 10:30:00,293.5406962677606,0.0,93.69294,0.0
2025-08-11 11:00:00,283.71153567285364,0.0,91.1017,0.0
2025-08-11 11:30:00,291.54493481187626,0.0,93.12308,0.0
2025-08-11 12:00:00,284.98232688288823,0.0,91.69306,0.0
2025-08-11 12:30:00,299.186764248916,0.0,92.55323999999999,0.0
2025-08-11 13:00:00,285.9841876515119,0.0,92.21992,0.0
2025-08-11 13:30:00,296.82113163026213,0.0,90.06952,0.0
2025-08-11 14:00:00,293.23356668620977,0.0,89.13408,0.0
2025-08-11 14:30:00,247.00691932905772,0.0,82.81192,0.0
2025-08-11 15:00:00,307.20002593093875,0.0,84.72576,0.0
2025-08-11 15:30:00,267.45284213839057,0.0,75.33928,0.0
2025-08-11 16:00:00,296.24578382062623,0.0,73.22114,0.0
2025-08-11 16:30:00,272.2041724735207,0.0,71.71586,0.0
2025-08-11 17:00:00,276.4457772489199,0.0,69.02784,0.0
2025-08-11 17:30:00,219.16053192821818,0.0,65.31842,0.0
2025-08-11 18:00:00,221.532240691725,0.0,55.93191999999999,0.0
2025-08-11 18:30:00,197.83129919209927,0.0,54.95348,0.0
2025-08-11 19:00:00,147.95846369248864,0.0,31.29908,0.0
2025-08-11 19:30:00,82.36455149090294,0.0,5.77382,2.645
2025-08-11 20:00:00,66.88403836997429,0.0,0.0,4.84916
2025-08-11 20:30:00,55.93391331428485,0.0,0.0,4.77926
2025-08-11 21:00:00,59.176121061997236,0.0,0.0,5.55878
2025-08-11 21:30:00,56.1734977115886,0.0,0.0,5.16096
2025-08-11 22:00:00,53.29691267896687,0.0,0.0,4.94592
2025-08-11 22:30:00,56.55093500384652,0.0,0.0,4.11264
2025-08-11 23:00:00,53.74586323287111,0.0,0.0,3.7202
2025-08-11 23:30:00,56.541078951498974,0.0,0.0,3.31162
2025-08-12 00:00:00,44.1166067332524,0.0,0.0,4.16102
2025-08-12 00:30:00,44.140364275980104,0.0,0.0,5.54804
2025-08-12 01:00:00,45.42875164230911,0.0,0.0,6.26842
2025-08-12 01:30:00,39.41649142253559,0.0,0.0,5.612539999999999
2025-08-12 02:00:00,45.550200094771725,0.0,0.0,5.72006
2025-08-12 02:30:00,40.74350320805173,0.0,0.0,5.48352
2025-08-12 03:00:00,41.38661686894428,0.0,0.07526,5.02118
2025-08-12 03:30:00,40.21990002669174,0.0,0.0,4.63412
2025-08-12 04:00:00,40.42426805200773,0.0,0.0,4.08576
2025-08-12 04:30:00,44.67493512139888,0.0,0.01076,3.31162
2025-08-12 05:00:00,40.51693445623077,0.0,0.0,3.5159
2025-08-12 05:30:00,44.96876135859633,0.0,0.0,3.50516
2025-08-12 06:00:00,42.35039579565968,0.0,0.0,3.46214
2025-08-12 06:30:00,39.734329796576716,0.0,0.0,4.44596
2025-08-12 07:00:00,45.422585271821546,0.0,0.0,4.47284
2025-08-12 07:30:00,55.7026119397597,0.0,0.43008,2.80628
2025-08-12 08:00:00,91.1051743236328,0.0,8.95642,0.32256
2025-08-12 08:30:00,203.3581369209611,0.0,66.79144,0.0
2025-08-12 09:00:00,236.53184725732302,0.0,71.5008,0.0
2025-08-12 09:30:00,243.98625206934085,0.0,68.8128,0.0
2025-08-12 10:00:00,237.10216997169348,0.0,67.85588,0.0
2025-08-12 10:30:00,231.4529835442471,0.0,69.03322,0.0
2025-08-12 11:00:00,259.069287067471,0.0,71.70510000000002,0.0
2025-08-12 11:30:00,266.8659918009383,0.0,70.72666,0.0
2025-08-12 12:00:00,238.93258158686476,0.0,69.67298,0.0
2025-08-12 12:30:00,234.37649814328495,0.0,73.3394,0.0
2025-08-12 13:00:00,235.53794126771476,0.0,80.14542,0.0
2025-08-12 13:30:00,238.53984355651858,0.0,83.38176,0.0
2025-08-12 14:00:00,230.50090615826812,0.0,81.10234,0.0
2025-08-12 14:30:00,253.33589985856432,0.0,82.93018,0.0
2025-08-12 15:00:00,231.16063143473718,0.0,89.66094,0.0
2025-08-12 15:30:00,228.10630830227677,0.0,87.50516,0.0
2025-08-12 16:00:00,245.20551105977495,0.0,85.05908,0.0
2025-08-12 16:30:00,250.00493367898937,0.0,83.72584,0.0
2025-08-12 17:00:00,239.21449756761564,0.0,84.61826,0.0
2025-08-12 17:30:00,248.02453617338375,0.0,87.12346,0.0
2025-08-12 18:00:00,227.6241860428269,0.0,82.4571,0.0
2025-08-12 18:30:00,186.60086007532016,0.0,71.56532,0.0
2025-08-12 19:00:00,179.8993036611484,0.0,68.58702,0.0
2025-08-12 19:30:00,100.84655035204666,0.0,30.48192,0.0
2025-08-12 20:00:00,74.86904144381647,0.0,1.31174,1.74182
2025-08-12 20:30:00,57.70167403894599,0.0,0.0,2.48372
2025-08-12 21:00:00,52.76964258730718,0.0,0.01076,1.80634
2025-08-12 21:30:00,47.667620638855084,0.0,0.01076,2.04288
2025-08-12 22:00:00,47.704499524751334,0.0,0.01076,1.40852
2025-08-12 22:30:00,47.78892270233667,0.0,0.0,4.51584
2025-08-12 23:00:00,43.80654298800941,0.0,0.0,4.36532
2025-08-12 23:30:00,46.10926232167023,0.0,0.0,4.3223
2025-08-13 00:00:00,42.724071740228695,0.0,0.0,1.8601
2025-08-13 00:30:00,40.37165883486882,0.0,0.01076,1.94612
2025-08-13 01:00:00,42.80041733375233,0.0,0.0,4.15028
2025-08-13 01:30:00,38.81059137605928,0.0,0.0,4.49434
2025-08-13 02:00:00,43.5857623983498,0.0,0.0,4.32768
2025-08-13 02:30:00,41.91002809946222,0.0,0.0,4.37606
2025-08-13 03:00:00,42.21425013465201,0.0,0.0,3.89222
2025-08-13 03:30:00,45.53586202663085,0.0,0.0,3.5804199999999997
2025-08-13 04:00:00,40.75178605703808,0.0,0.0,4.0105
2025-08-13 04:30:00,39.83471211239874,0.0,0.0,4.75238
2025-08-13 05:00:00,40.84270174531705,0.0,0.0,4.76314
2025-08-13 05:30:00,40.73050376455794,0.0,0.0,5.17172
2025-08-13 06:00:00,41.98740247535812,0.0,0.0,5.19322
2025-08-13 06:30:00,40.56398761247057,0.0,0.0,4.72012
2025-08-13 07:00:00,36.34527034085978,0.0,0.0,5.31148
2025-08-13 07:30:00,38.768448098156725,0.0,0.0,5.63404
2025-08-13 08:00:00,41.107136684278956,0.0,0.0,5.6233
2025-08-13 08:30:00,39.89387400859103,0.0,0.0,6.1824
2025-08-13 09:00:00,43.21526125938151,0.0,0.0,6.1178799999999995
2025-08-13 09:30:00,45.099357708092704,0.0,0.0,4.60186
2025-08-13 10:00:00,42.51708188804178,0.0,0.0,4.3008
2025-08-13 10:30:00,45.57564575578757,0.0,0.03226,1.91386
2025-08-13 11:00:00,43.19280014440703,0.0,0.0,1.95686
2025-08-13 11:30:00,46.785340039770134,0.0,0.03226,1.43002
2025-08-13 12:00:00,45.854953753181135,0.0,0.03226,1.43002
2025-08-13 12:30:00,45.20769342886562,0.0,0.06452,1.17196
2025-08-13 13:00:00,43.52136179897969,0.0,0.010759999999999999,1.6558
2025-08-13 13:30:00,42.39768713884342,0.0,0.01076,1.74182
2025-08-13 14:00:00,42.4586895050416,0.0,0.0,2.13964
2025-08-13 14:30:00,41.66083400154084,0.0,0.0,2.25792
2025-08-13 15:00:00,43.93043222856629,0.0,0.010759999999999999,2.29018
2025-08-13 15:30:00,42.5207237047091,0.0,0.0,1.94612
2025-08-13 16:00:00,46.034204825215234,0.0,0.16128,0.66124
2025-08-13 16:30:00,40.56970166347887,0.0,0.12902,0.83866
2025-08-13 17:00:00,48.165775663797916,0.0,0.10752,1.41926
2025-08-13 17:30:00,41.90950603607828,0.0,0.0,2.34394
2025-08-13 18:00:00,44.20564747357987,0.0,0.01076,2.3762
2025-08-13 18:30:00,45.453685801664314,0.0,0.0,2.35468
2025-08-13 19:00:00,42.29493543841537,0.0,0.010759999999999999,2.62348
2025-08-13 19:30:00,45.46049124667772,0.0,0.0,2.92454
2025-08-13 20:00:00,40.96966195562725,0.0,0.0,3.05356
2025-08-13 20:30:00,47.74489978777467,0.0,0.0,2.81702
2025-08-13 21:00:00,44.587549906362916,0.0,0.0,2.60198
2025-08-13 21:30:00,42.40987840527014,0.0,0.010760000000000002,2.5536
2025-08-13 22:00:00,45.372645093995004,0.0,0.0,2.3278
2025-08-13 22:30:00,40.427138470536995,0.0,0.0,1.9461199999999999
2025-08-13 23:00:00,42.316363732398216,0.0,0.01076,1.8386
2025-08-13 23:30:00,44.98993354148027,0.0,0.0,1.9138599999999997
2025-08-14 00:00:00,43.56096719842111,0.0,0.0,3.70944
2025-08-14 00:30:00,44.39141858209361,0.0,0.0,5.90284
2025-08-14 01:00:00,44.65264564882464,0.0,0.0,5.30074
2025-08-14 01:30:00,41.650795996632674,0.0,0.0,5.09644
2025-08-14 02:00:00,45.2264666037083,0.0,0.0,4.50508
2025-08-14 02:30:00,47.17464561426486,0.0,0.0,4.44058
2025-08-14 03:00:00,44.97503429314769,0.0,0.0,3.92448
2025-08-14 03:30:00,44.44878065633688,0.0,0.0,3.65568
2025-08-14 04:00:00,46.21447995406935,0.0,0.0,3.7417
2025-08-14 04:30:00,45.68428343948314,0.0,0.0,3.69868
2025-08-14 05:00:00,43.2305317355533,0.0,0.0,3.54816
2025-08-14 05:30:00,45.68229214292375,0.0,0.0,3.48364
2025-08-14 06:00:00,47.80993005413784,0.0,0.0,3.70944
2025-08-14 06:30:00,42.90290456267549,0.0,0.0,4.53734
2025-08-14 07:00:00,51.51621611230016,0.0,0.0,4.50508
2025-08-14 07:30:00,64.51333448036911,0.0,0.0,4.17178
2025-08-14 08:00:00,118.48416410394499,0.0,13.56902,0.43008
2025-08-14 08:30:00,216.19924740032,0.0,71.04922,0.0
2025-08-14 09:00:00,217.52483820835417,0.0,72.7803,0.0
2025-08-14 09:30:00,237.80464561574132,0.0,74.15118,0.0
2025-08-14 10:00:00,218.31357093054493,0.0,70.2482,0.0
2025-08-14 10:30:00,230.37754933272888,0.0,71.4578,0.0
2025-08-14 11:00:00,238.07618011772564,0.0,76.5865,0.0
2025-08-14 11:30:00,255.61172597422055,0.0,94.29506,0.0
2025-08-14 12:00:00,287.75931384919875,0.0,101.64942,0.0
2025-08-14 12:30:00,255.47315178359514,0.0,83.22048,0.0
2025-08-14 13:00:00,267.9867369798354,0.0,76.54888,0.0
2025-08-14 13:30:00,230.84974583492698,0.0,74.61352,0.0
2025-08-14 14:00:00,245.92981358633034,0.0,72.74804,0.0
2025-08-14 14:30:00,231.99709704844025,0.0,72.79106,0.0
2025-08-14 15:00:00,253.0663637922166,0.0,78.77454,0.0
2025-08-14 15:30:00,253.33740425160022,0.0,79.16698,0.0
2025-08-14 16:00:00,285.78771846726295,0.0,76.83918,0.0
2025-08-14 16:30:00,272.41070010381674,0.0,72.9792,0.0
2025-08-14 17:00:00,251.46860677866835,0.0,76.47898,0.0
2025-08-14 17:30:00,266.1788754549312,0.0,77.0811,0.0
2025-08-14 18:00:00,262.8204401527353,0.0,67.32904,0.0
2025-08-14 18:30:00,211.42108297656517,0.0,68.10318,0.0
2025-08-14 19:00:00,210.92060596238127,0.0,67.50106,0.0
2025-08-14 19:30:00,193.35623017258095,0.0,54.0073,0.0
2025-08-14 20:00:00,99.59799995826164,0.0,1.68806,0.01076
2025-08-14 20:30:00,73.9066772915728,0.0,0.03226,3.7524400000000004
2025-08-14 21:00:00,68.18000957558877,0.0,0.0,3.31162
2025-08-14 21:30:00,70.90263437857654,0.0,0.0,2.4837200000000004
2025-08-14 22:00:00,52.49335574748923,0.0,0.0215,2.22028
2025-08-14 22:30:00,41.876440612823124,0.0,0.0,4.48358
2025-08-14 23:00:00,43.48469607513855,0.0,0.0,4.58036
2025-08-14 23:30:00,39.72837480346398,0.0,0.0,4.70938
2025-08-15 00:00:00,40.369826328677924,0.0,0.0,5.97812
2025-08-15 00:30:00,37.453459217083335,0.0,0.0,6.114906382978724
2025-08-15 01:00:00,40.78790039512894,0.0,0.0,5.736988510638298
2025-08-15 01:30:00,40.91892939145034,0.0,0.0,5.891173191489362
2025-08-15 02:00:00,42.265848520428584,0.0,0.0,5.715945531914892
2025-08-15 02:30:00,39.34164395344803,0.0,0.0,4.973139574468085
2025-08-15 03:00:00,42.28922853965001,0.0,0.0,4.835189787234042
2025-08-15 03:30:00,41.551791318360415,0.0,0.0,4.589733617021277
2025-08-15 04:00:00,41.533573965392165,0.0,0.0,4.458881276595744
2025-08-15 04:30:00,40.9064678724366,0.0,0.0,3.8755280851063834
2025-08-15 05:00:00,43.889235985646,0.0,0.0,4.334203829787234
2025-08-15 05:30:00,41.57281477727069,0.0,0.0,4.284329787234043
2025-08-15 06:00:00,46.88221639939286,0.0,0.0,4.696562127659575
2025-08-15 06:30:00,42.15872230599533,0.0,0.0,5.4277
2025-08-15 07:00:00,54.28625386889692,0.0,0.49825787234042485,4.803061276595746
2025-08-15 07:30:00,77.72860946330897,0.0,5.277633191489357,1.4408876595744715
2025-08-15 08:00:00,156.31680486922588,0.0,47.59362680851061,0.010982127659574483
2025-08-15 08:30:00,207.91611204838443,0.0,68.69270765957447,0.0
2025-08-15 09:00:00,204.64978516384204,0.0,69.07794127659575,0.0
2025-08-15 09:30:00,182.83622469285862,0.0,68.59661617021277,0.0
2025-08-15 10:00:00,181.5394362600615,0.0,68.78443531914893,0.0
2025-08-15 10:30:00,230.64463894454752,0.0,68.02584468085107,0.0
2025-08-15 11:00:00,231.70286648877854,0.0,67.47773063829787,0.0
2025-08-15 11:30:00,241.54118555532128,0.0,71.16682170212766,0.0
2025-08-15 12:00:00,208.4227077346829,0.0,67.22059914893617,0.0
2025-08-15 12:30:00,164.92579939893776,0.0,53.82725531914893,0.0
2025-08-15 13:00:00,149.25952776314645,0.0,46.54266595744681,0.0
2025-08-15 13:30:00,150.06789737048058,0.0,45.74016382978724,0.0
2025-08-15 14:00:00,143.37786208425004,0.0,45.22406297872341,0.0
2025-08-15 14:30:00,184.94552806540585,0.0,53.84121191489358,0.0
2025-08-15 15:00:00,231.00822889439212,0.0,68.58037957446808,0.0
2025-08-15 15:30:00,215.74620924683109,0.0,69.12714042553192,0.0
2025-08-15 16:00:00,211.02717245722243,0.0,70.57294382978723,0.0
2025-08-15 16:30:00,197.41105333880301,0.0,70.82321446808513,0.0
2025-08-15 17:00:00,223.21241571349913,0.0,67.01653659574468,0.0
2025-08-15 17:30:00,195.71242988808265,0.0,65.40190255319152,0.0
2025-08-15 18:00:00,171.61941891501212,0.0,59.059137446808535,0.0
2025-08-15 18:30:00,166.2983520221119,0.0,51.375810638297914,0.0
2025-08-15 19:00:00,129.66755485028153,0.0,37.08959744680857,0.0
2025-08-15 19:30:00,101.91180761179997,0.0,17.803716595744735,0.733882553191479
2025-08-15 20:00:00,65.11379917786968,0.0,0.20131063829787285,4.3499914893617015
2025-08-15 20:30:00,65.18613146333196,0.0,0.0,4.5188144680851074
2025-08-15 21:00:00,59.64078607088945,0.0,0.0,4.169492765957447
2025-08-15 21:30:00,61.365221406318796,0.0,0.0,4.16492
2025-08-15 22:00:00,52.35215948454784,0.0,0.0,4.47397234042553
2025-08-15 22:30:00,48.31848154738232,0.0,0.0,6.6715051063829796
2025-08-15 23:00:00,44.278039238508775,0.0,0.0,6.06046
2025-08-15 23:30:00,47.29908343230239,0.0,0.0,5.8921
2025-08-16 00:00:00,42.39520460818919,0.0,0.0,5.32762
2025-08-16 00:30:00,48.09871113630493,0.0,0.0,5.42976
2025-08-16 01:00:00,48.442960276725046,0.0,0.0,5.23622
2025-08-16 01:30:00,44.576320056722906,0.0,0.0,5.23622
2025-08-16 02:00:00,41.84817757302074,0.0,0.0,5.23622
2025-08-16 02:30:00,49.45717565041629,0.0,0.0,4.24704
2025-08-16 03:00:00,44.16368923886329,0.0,0.0,4.15028
2025-08-16 03:30:00,42.95670838199725,0.0,0.0,3.87072
2025-08-16 04:00:00,41.693259077834966,0.0,0.0,3.88148
2025-08-16 04:30:00,43.79911957721549,0.0,0.0,3.7202
2025-08-16 05:00:00,42.41651772468159,0.0,0.0,3.2685999999999997
2025-08-16 05:30:00,44.435919327036835,0.0,0.0,3.46214
2025-08-16 06:00:00,47.91249829970646,0.0,0.0,3.09658
2025-08-16 06:30:00,43.894900184363934,0.0,0.0,3.63418
2025-08-16 07:00:00,46.40078393017643,0.0,0.0,3.97824
2025-08-16 07:30:00,41.78478719788397,0.0,0.0,4.63412
2025-08-16 08:00:00,49.11640250417515,0.0,3.7309400000000004,3.6449200000000004
2025-08-16 08:30:00,117.5472097640385,0.0,35.27732,0.0
2025-08-16 09:00:00,107.57630257651458,0.0,37.93306,0.0
2025-08-16 09:30:00,111.30896127685871,0.0,38.01908,0.0
2025-08-16 10:00:00,101.75297393980554,0.0,39.84692,0.0
2025-08-16 10:30:00,120.50767565007914,0.0,38.89,0.0
2025-08-16 11:00:00,112.53478958543732,0.0,38.56742,0.0
2025-08-16 11:30:00,120.33686219837688,0.0,38.933,0.0
2025-08-16 12:00:00,119.08787778875653,0.0,44.5348,0.0
2025-08-16 12:30:00,128.14664513579308,0.0,48.55604,0.0
2025-08-16 13:00:00,127.2693043221441,0.0,48.59904,0.0
2025-08-16 13:30:00,120.86683408638346,0.0,47.68512,0.0
2025-08-16 14:00:00,130.64716202903696,0.0,47.2443,0.0
2025-08-16 14:30:00,115.31024193759544,0.0,44.12622,0.0
2025-08-16 15:00:00,128.09851516567466,0.0,46.30886,0.0
2025-08-16 15:30:00,119.7031928728,0.0,45.82504,0.0
2025-08-16 16:00:00,124.16310294960198,0.0,44.99712,0.0
2025-08-16 16:30:00,117.14366475809427,0.0,44.52404,0.0
2025-08-16 17:00:00,121.03785095292186,0.0,46.02932,0.0
2025-08-16 17:30:00,115.58717499594599,0.0,47.45934,0.0
2025-08-16 18:00:00,122.37494991044397,0.0,47.00774,0.0
2025-08-16 18:30:00,113.91353960131453,0.0,40.59956,0.0
2025-08-16 19:00:00,105.97217676822598,0.0,37.22342,0.0
2025-08-16 19:30:00,59.179386300598225,0.0,8.03174,0.13978
2025-08-16 20:00:00,50.35582733496759,0.0,0.0,2.7095
2025-08-16 20:30:00,44.50388742908745,0.0,0.01076,1.54828
2025-08-16 21:00:00,45.449038398541774,0.0,0.0215,1.301
2025-08-16 21:30:00,43.31867328258268,0.0,0.09676000000000001,1.5375399999999997
2025-08-16 22:00:00,50.581740079683605,0.0,0.0,3.5589199999999996
2025-08-16 22:30:00,46.54923003927277,0.0,0.0,3.34388
2025-08-16 23:00:00,46.53489832348358,0.0,0.0,2.47296
2025-08-16 23:30:00,48.65655666964235,0.0,0.0,2.36544
2025-08-17 00:00:00,40.06018370586763,0.0,0.0,5.58028
2025-08-17 00:30:00,47.02908000742918,0.0,0.0,4.76314
2025-08-17 01:00:00,43.898681465658484,0.0,0.0,5.20934
2025-08-17 01:30:00,44.6951562734331,0.0,0.0,4.37606
2025-08-17 02:00:00,40.90950206028677,0.0,0.0,4.6126
2025-08-17 02:30:00,46.196964045928084,0.0,0.0,4.23092
2025-08-17 03:00:00,46.246904104354876,0.0,0.0,3.88148
2025-08-17 03:30:00,48.70350487452403,0.0,0.0,3.60192
2025-08-17 04:00:00,48.07215629995182,0.0,0.0,3.0535599999999996
2025-08-17 04:30:00,44.246846649906296,0.0,0.0,2.98906
2025-08-17 05:00:00,43.14544821116664,0.0,0.0,2.83852
2025-08-17 05:30:00,42.52160839273363,0.0,0.01076,2.65574
2025-08-17 06:00:00,48.30057600765338,0.0,0.0,4.70938
2025-08-17 06:30:00,43.18373366224261,0.0,0.0,4.74164
2025-08-17 07:00:00,46.73209940864454,0.0,0.0,5.0857
2025-08-17 07:30:00,44.77225218743536,0.0,0.0,4.68788
2025-08-17 08:00:00,42.640881611348874,0.0,0.0,5.47276
2025-08-17 08:30:00,41.575257366223106,0.0,0.0,5.70932
2025-08-17 09:00:00,43.22136080982218,0.0,0.0,5.902840000000001
2025-08-17 09:30:00,42.94111209775065,0.0,0.0,5.6448
2025-08-17 10:00:00,42.390924585968285,0.0,0.0,6.27916
2025-08-17 10:30:00,44.51525855677293,0.0,0.0,6.44044
2025-08-17 11:00:00,41.85926797300036,0.0,0.0,6.773760000000001
2025-08-17 11:30:00,42.011793394361945,0.0,0.0,6.4942
2025-08-17 12:00:00,44.946622374552064,0.0,0.0,6.44044
2025-08-17 12:30:00,43.09375599052178,0.0,0.0,6.27916
2025-08-17 13:00:00,43.96308658470654,0.0,0.0,6.300680000000001
2025-08-17 13:30:00,42.797636987946994,0.0,0.0,6.19316
2025-08-17 14:00:00,40.53601010701397,0.0,0.0,4.92442
2025-08-17 14:30:00,49.19945386744465,0.0,0.0,4.8169
2025-08-17 15:00:00,47.815838413929825,0.0,0.0,5.2201
2025-08-17 15:30:00,46.32771603352786,0.0,0.0,3.58042
2025-08-17 16:00:00,42.64112952698772,0.0,0.0,3.16108
2025-08-17 16:30:00,43.57673245264868,0.0,0.0,3.67718
2025-08-17 17:00:00,46.337361699512684,0.0,0.0,3.65568
2025-08-17 17:30:00,43.28598467142033,0.0,0.0,3.5373999999999994
2025-08-17 18:00:00,43.04889388117578,0.0,0.0,2.9568
2025-08-17 18:30:00,47.974734515418405,0.0,0.0,3.21484
2025-08-17 19:00:00,44.190290540617276,0.0,0.0,2.78476
2025-08-17 19:30:00,47.7470382629649,0.0,0.0,3.33312
2025-08-17 20:00:00,42.80016846921527,0.0,0.01076,2.98906
2025-08-17 20:30:00,46.444907080844416,0.0,0.0,3.56966
2025-08-17 21:00:00,51.13400165600778,0.0,0.0,3.34388
2025-08-17 21:30:00,46.064198432333185,0.0,0.0,3.2041
2025-08-17 22:00:00,44.825869249625356,0.0,0.0,2.90304
2025-08-17 22:30:00,43.79554620249744,0.0,0.0,1.58054
2025-08-17 23:00:00,48.935791195151154,0.0,0.0215,1.301
2025-08-17 23:30:00,43.39159985595846,0.0,0.0,1.45152
2025-08-18 00:00:00,47.39246299453097,0.0,0.0,3.62342
2025-08-18 00:30:00,45.42231772496925,0.0,0.0,3.2793600000000005
2025-08-18 01:00:00,40.08171587390688,0.0,0.0,3.6771799999999994
2025-08-18 01:30:00,40.83221260221208,0.0,0.0,5.03194
2025-08-18 02:00:00,42.55240052434498,0.0,0.0,5.31686
2025-08-18 02:30:00,42.522418389078275,0.0,0.0,4.87066
2025-08-18 03:00:00,39.63018048536984,0.0,0.0,4.91366
2025-08-18 03:30:00,45.77947220136057,0.0,0.0,4.22016
2025-08-18 04:00:00,40.50013717258107,0.0,0.0,4.44058
2025-08-18 04:30:00,47.17304433002462,0.0,0.01076,3.99974
2025-08-18 05:00:00,46.976120329670124,0.0,0.0,3.94598
2025-08-18 05:30:00,43.12869845870171,0.0,0.0,3.8384599999999995
2025-08-18 06:00:00,45.245709585912834,0.0,0.0,3.7847
2025-08-18 06:30:00,40.40958339670067,0.0,0.0,4.72012
2025-08-18 07:00:00,55.47081255959451,0.0,2.36544,2.59124
2025-08-18 07:30:00,63.60705463793055,0.0,6.02112,0.0
2025-08-18 08:00:00,79.29554468462358,0.0,13.75182,0.0
2025-08-18 08:30:00,182.9102825360193,0.0,59.37255999999999,0.0
2025-08-18 09:00:00,217.47849595494714,0.0,65.88288,0.0
2025-08-18 09:30:00,237.7082525086044,0.0,68.75904,0.0
2025-08-18 10:00:00,259.9573921738415,0.0,74.74254,0.0
2025-08-18 10:30:00,229.3146068549495,0.0,73.5652,0.0
2025-08-18 11:00:00,261.6694676928923,0.0,78.08104,0.0
2025-08-18 11:30:00,225.57637881443742,0.0,84.06452,0.0
2025-08-18 12:00:00,264.6626008409421,0.0,85.56442,0.0
2025-08-18 12:30:00,236.92335565594024,0.0,87.34926,0.0
2025-08-18 13:00:00,250.40873724326687,0.0,82.54312,0.0
2025-08-18 13:30:00,233.43555658066552,0.0,79.64008,0.0
2025-08-18 14:00:00,230.7797843125941,0.0,76.96282,0.0
2025-08-18 14:30:00,256.04099819255885,0.0,76.7693,0.0
2025-08-18 15:00:00,267.5857306272817,0.0,65.36142,0.0
2025-08-18 15:30:00,261.1913009823615,0.0,63.81312,0.0
2025-08-18 16:00:00,253.08857514160613,0.0,63.99592,0.0
2025-08-18 16:30:00,261.073818370189,0.0,67.47956,0.0
2025-08-18 17:00:00,246.08781435266948,0.0,69.89876,0.0
2025-08-18 17:30:00,221.026569127832,0.0,68.13542,0.0
2025-08-18 18:00:00,195.7071545182398,0.0,58.8242,0.0
2025-08-18 18:30:00,192.22959667862847,0.0,58.673680000000004,0.0
2025-08-18 19:00:00,189.6215174268267,0.0,57.749,0.0
2025-08-18 19:30:00,164.56105033535732,0.0,57.84576,0.0
2025-08-18 20:00:00,166.3947143520416,0.0,45.77126,0.0
2025-08-18 20:30:00,174.0788524405979,0.0,45.19066,0.0
2025-08-18 21:00:00,167.23602928702695,0.0,41.31456,0.0
2025-08-18 21:30:00,144.6492985729042,0.0,41.6855,0.0
2025-08-18 22:00:00,118.70977305097831,0.0,36.04072,0.0
2025-08-18 22:30:00,74.95540917612578,0.0,7.78446,0.05376
2025-08-18 23:00:00,44.46711787136548,0.0,0.0,5.870599999999999
2025-08-18 23:30:00,50.817741058613464,0.0,0.0,5.46202
2025-08-19 00:00:00,55.38536152035711,0.0,0.01076,3.95674
2025-08-19 00:30:00,51.8717002728861,0.0,0.0,4.02124
2025-08-19 01:00:00,54.51288017732569,0.0,0.0,4.12876
2025-08-19 01:30:00,53.792055350656014,0.0,0.0,3.44064
2025-08-19 02:00:00,54.44254303700105,0.0,0.0,3.5481599999999998
2025-08-19 02:30:00,53.91449794568796,0.0,0.0,3.65568
2025-08-19 03:00:00,55.194243724370835,0.0,0.0,2.76326
2025-08-19 03:30:00,55.712462581667744,0.0,0.0,3.16108
2025-08-19 04:00:00,55.520777659465686,0.0,0.0,3.66644
2025-08-19 04:30:00,57.507947753344396,0.0,0.0,2.4192
2025-08-19 05:00:00,58.92024267697854,0.0,0.0215,2.03212
2025-08-19 05:30:00,54.023656967055075,0.0,0.0,2.688
2025-08-19 06:00:00,54.18639729537139,0.0,0.0,2.731
2025-08-19 06:30:00,52.76303169986918,0.0,0.01076,3.3331199999999996
2025-08-19 07:00:00,68.61288585302134,0.0,0.0,4.95668
2025-08-19 07:30:00,96.0998062411746,0.0,1.70956,3.25786
2025-08-19 08:00:00,138.52575314966853,0.0,18.2784,0.0
2025-08-19 08:30:00,228.70311798355465,0.0,105.89646,0.0
2025-08-19 09:00:00,217.73952159626018,0.0,84.98918,0.0
2025-08-19 09:30:00,222.8360698465371,0.0,72.72654,0.0
2025-08-19 10:00:00,257.4731749447313,0.0,70.26432,0.0
2025-08-19 10:30:00,240.75534162525614,0.0,69.33966,0.0
2025-08-19 11:00:00,238.20711581392933,0.0,71.02772,0.0
2025-08-19 11:30:00,234.78663780407524,0.0,69.0601,0.0
2025-08-19 12:00:00,255.12479821894226,0.0,70.8557,0.0
2025-08-19 12:30:00,284.2218314907554,0.0,74.13503999999999,0.0
2025-08-19 13:00:00,264.4808637744396,0.0,71.84488,0.0
2025-08-19 13:30:00,266.08403389958636,0.0,72.18356,0.0
2025-08-19 14:00:00,288.34686933698026,0.0,69.51168,0.0
2025-08-19 14:30:00,249.0877528866064,0.0,67.51182,0.0
2025-08-19 15:00:00,288.0216955400281,0.0,70.49012,0.0
2025-08-19 15:30:00,291.37455306663156,0.0,68.9042,0.0
2025-08-19 16:00:00,222.60423776271932,0.0,68.26446,0.0
2025-08-19 16:30:00,246.5158318265681,0.0,68.06016,0.0
2025-08-19 17:00:00,232.1682335623998,0.0,69.42568,0.0
2025-08-19 17:30:00,204.1217458137732,0.0,65.60872,0.0
2025-08-19 18:00:00,194.70524590887482,0.0,55.29754,0.0
2025-08-19 18:30:00,202.00684602441473,0.0,55.93192,0.0
2025-08-19 19:00:00,150.04620089235107,0.0,34.44942,0.0
2025-08-19 19:30:00,89.6126366248656,0.0,5.52652,3.6341799999999997
2025-08-19 20:00:00,78.11978851268466,0.0,0.0,5.42976
2025-08-19 20:30:00,76.85539124313927,0.0,0.0,5.77382
2025-08-19 21:00:00,65.03916794879706,0.0,0.0,6.55872
2025-08-19 21:30:00,61.432647761895915,0.0,0.0,6.06412
2025-08-19 22:00:00,65.61718761930004,0.0,0.0,5.98886
2025-08-19 22:30:00,44.18926666964759,0.0,0.0,5.99962
2025-08-19 23:00:00,46.60569151356856,0.0,0.0,5.827580000000001
2025-08-19 23:30:00,46.5212782280576,0.0,0.0,5.52652
2025-08-20 00:00:00,49.184568355589626,0.0,0.0,3.37612
2025-08-20 00:30:00,52.94542639217559,0.0,0.0,2.84928
2025-08-20 01:00:00,53.91975471511016,0.0,0.0,3.73094
2025-08-20 01:30:00,55.639007191745485,0.0,0.0,3.17184
2025-08-20 02:00:00,52.98748106429186,0.0,0.0,3.27936
2025-08-20 02:30:00,53.251001133889275,0.0,0.0,2.645
2025-08-20 03:00:00,56.83078307014419,0.0,0.01076,2.23642
2025-08-20 03:30:00,54.05988554705375,0.0,0.0,2.731
2025-08-20 04:00:00,52.82777021749794,0.0,0.0,1.6880600000000001
2025-08-20 04:30:00,54.77381124781987,0.0,0.0,2.32244
2025-08-20 05:00:00,55.0810067497307,0.0,0.0,4.70938
2025-08-20 05:30:00,60.082109886373836,0.0,0.0,4.6126
2025-08-20 06:00:00,56.02226189750195,0.0,0.0,4.41908
2025-08-20 06:30:00,55.55943005235845,0.0,0.0,5.10182
2025-08-20 07:00:00,58.657930600999464,0.0,0.65588,2.78476
2025-08-20 07:30:00,72.77082849869686,0.0,3.16108,0.010759999999999999
2025-08-20 08:00:00,100.1320068571098,0.0,7.61242,0.0
2025-08-20 08:30:00,185.68929932010266,0.0,55.51258,0.0
2025-08-20 09:00:00,205.85923647711607,0.0,63.006719999999994,0.0
2025-08-20 09:30:00,232.94452756513545,0.0,60.78106,0.0
2025-08-20 10:00:00,227.88340998163937,0.0,57.673739999999995,0.0
2025-08-20 10:30:00,215.32972630860544,0.0,59.23278,0.0
2025-08-20 11:00:00,235.61467409622048,0.0,60.254220000000004,0.0
2025-08-20 11:30:00,225.6110999665472,0.0,61.157379999999996,0.0
2025-08-20 12:00:00,239.24449401291577,0.0,68.26446,0.0
2025-08-20 12:30:00,221.41576997165674,0.0,76.72628,0.0
2025-08-20 13:00:00,231.9946624811617,0.0,75.6242,0.0
2025-08-20 13:30:00,229.4208399925203,0.0,73.81786,0.0
2025-08-20 14:00:00,237.10478306359872,0.0,70.47938,0.0
2025-08-20 14:30:00,234.2246914085905,0.0,69.32352,0.0
2025-08-20 15:00:00,221.0965087344508,0.0,71.3019,0.0
2025-08-20 15:30:00,236.80482935262953,0.0,76.522,0.0
2025-08-20 16:00:00,237.75031317839628,0.0,69.0601,0.0
2025-08-20 16:30:00,243.0577698501797,0.0,71.90938,0.0
2025-08-20 17:00:00,262.81182802804915,0.0,67.6032,0.0
2025-08-20 17:30:00,248.93712530224528,0.0,63.727120000000006,0.0
2025-08-20 18:00:00,199.14749073630296,0.0,49.4807,0.0
2025-08-20 18:30:00,179.44775265612014,0.0,45.9433,0.0
2025-08-20 19:00:00,180.80910513929126,0.0,41.97582,0.0
2025-08-20 19:30:00,161.3440970077117,0.0,37.69652,0.0
2025-08-20 20:00:00,165.38819429642888,0.0,38.82548,0.0
2025-08-20 20:30:00,153.84553610059405,0.0,38.26638,0.0
2025-08-20 21:00:00,165.94653057904907,0.0,38.36314,0.0
2025-08-20 21:30:00,144.2736329200583,0.0,37.80942000000001,0.0
2025-08-20 22:00:00,121.14093734284376,0.0,35.15904,0.0
2025-08-20 22:30:00,70.81239587993902,0.0,6.68774,0.27956000000000003
2025-08-20 23:00:00,60.42749175020623,0.0,0.0,3.5374
2025-08-20 23:30:00,55.122449114303954,0.0,0.0,4.39756
2025-08-21 00:00:00,39.6120535139903,0.0,0.0,5.419
2025-08-21 00:30:00,42.32518708798032,0.0,0.0,5.04268
2025-08-21 01:00:00,43.21030975452569,0.0,0.0,4.73088
2025-08-21 01:30:00,39.741340878277704,0.0,0.0,4.33844
2025-08-21 02:00:00,44.62700369275908,0.0,0.0,4.8599
2025-08-21 02:30:00,40.13717674235638,0.0,0.0,4.44596
2025-08-21 03:00:00,39.369143802303256,0.0,0.0,4.5481
2025-08-21 03:30:00,42.205399652391606,0.0,0.0,3.77396
2025-08-21 04:00:00,41.810354017211516,0.0,0.0,3.25786
2025-08-21 04:30:00,39.06450924222056,0.0,0.01076,3.6341799999999997
2025-08-21 05:00:00,44.75008004295429,0.0,0.0,3.0535599999999996
2025-08-21 05:30:00,43.872892859538126,0.0,0.0,3.31162
2025-08-21 06:00:00,45.637491350967686,0.0,0.0,3.19334
2025-08-21 06:30:00,41.31874986362498,0.0,0.0,4.31156
2025-08-21 07:00:00,46.495786043534544,0.0,0.0,4.64486
2025-08-21 07:30:00,55.507362746760826,0.0,0.0,4.73088
2025-08-21 08:00:00,88.20784484867059,0.0,3.16108,1.43002
2025-08-21 08:30:00,162.37214955358868,0.0,64.15718,0.0
2025-08-21 09:00:00,203.01916649598851,0.0,69.5977,0.0
2025-08-21 09:30:00,217.96460065465897,0.0,69.8665,0.0
2025-08-21 10:00:00,207.64270453324644,0.0,73.84474,0.0
2025-08-21 10:30:00,215.72830588164393,0.0,74.65652,0.0
2025-08-21 11:00:00,222.5570977375348,0.0,73.24264,0.0
2025-08-21 11:30:00,220.1569091598178,0.0,73.76948,0.0
2025-08-21 12:00:00,229.31186344549647,0.0,74.21032,0.0
2025-08-21 12:30:00,238.38958668635487,0.0,76.48974,0.0
2025-08-21 13:00:00,229.19119155356984,0.0,77.89286,0.0
2025-08-21 13:30:00,218.87233784901306,0.0,78.41434,0.0
2025-08-21 14:00:00,222.50410659792627,0.0,77.23162,0.0
2025-08-21 14:30:00,237.35914492927714,0.0,77.89286,0.0
2025-08-21 15:00:00,218.87840226511108,0.0,80.48948,0.0
2025-08-21 15:30:00,253.50782478920686,0.0,83.25274,0.0
2025-08-21 16:00:00,238.80357825911761,0.0,81.72596,0.0
2025-08-21 16:30:00,265.28444669696756,0.0,81.0701,0.0
2025-08-21 17:00:00,241.80000380475516,0.0,80.81204,0.0
2025-08-21 17:30:00,243.02713754805308,0.0,77.19938,0.0
2025-08-21 18:00:00,192.97774070871932,0.0,68.98484,0.0
2025-08-21 18:30:00,197.93875094984162,0.0,57.63072,0.0
2025-08-21 19:00:00,183.89869389122956,0.0,57.7275,0.0
2025-08-21 19:30:00,185.8120695864772,0.0,61.46918000000001,0.0
2025-08-21 20:00:00,186.2251012067149,0.0,55.97492,0.0
2025-08-21 20:30:00,163.22588622837026,0.0,40.93824,0.0
2025-08-21 21:00:00,121.96136213308493,0.0,40.30926,0.0
2025-08-21 21:30:00,112.77248628235087,0.0,39.94368,0.0
2025-08-21 22:00:00,113.15291285482256,0.0,42.30912,0.0
2025-08-21 22:30:00,59.409579884500026,0.0,7.60166,0.0
2025-08-21 23:00:00,43.71894404927335,0.0,1.81708,0.0
2025-08-21 23:30:00,42.349560826623005,0.0,1.58054,0.0
2025-08-22 00:00:00,45.89490598456124,0.0,0.0,3.5696600000000003
2025-08-22 00:30:00,45.73856904045259,0.0,0.0,3.2901200000000004
2025-08-22 01:00:00,51.16350299914711,0.0,0.0,3.66644
2025-08-22 01:30:00,48.71955336440252,0.0,0.0,3.6019199999999993
2025-08-22 02:00:00,44.98434734219038,0.0,0.0,3.55892
2025-08-22 02:30:00,46.822253036805655,0.0,0.0,2.9138
2025-08-22 03:00:00,47.67194593429396,0.0,0.0,2.60736
2025-08-22 03:30:00,44.862398423909575,0.0,0.0,2.688
2025-08-22 04:00:00,45.5556351175476,0.0,0.0,2.69876
2025-08-22 04:30:00,50.24379983787208,0.0,0.0,2.52672
2025-08-22 05:00:00,45.76047236955476,0.0,0.0,3.1826
2025-08-22 05:30:00,45.085055362487026,0.0,0.01076,2.5536
2025-08-22 06:00:00,48.019572650941655,0.0,0.0,2.40844
2025-08-22 06:30:00,46.07961933901163,0.0,0.0,3.5159
2025-08-22 07:00:00,47.86465519301339,0.0,0.52684,3.11808
2025-08-22 07:30:00,66.57659381309256,0.0,2.18266,0.15052
2025-08-22 08:00:00,90.44547317571748,0.0,8.8489,0.0215
2025-08-22 08:30:00,197.26259276866404,0.0,67.5602,0.0
2025-08-22 09:00:00,227.31462459689914,0.0,69.0601,0.0
2025-08-22 09:30:00,210.55966706757854,0.0,58.51240000000001,0.0
2025-08-22 10:00:00,212.15515142269143,0.0,57.40494,0.0
2025-08-22 10:30:00,250.3494579933546,0.0,68.28596,0.0
2025-08-22 11:00:00,231.29797618327987,0.0,74.22106,0.0
2025-08-22 11:30:00,219.7360341898032,0.0,72.31796,0.0
2025-08-22 12:00:00,229.2148220634865,0.0,74.9307,0.0
2025-08-22 12:30:00,210.38270986424726,0.0,73.77486,0.0
2025-08-22 13:00:00,148.89633178295273,0.0,44.24448,0.0
2025-08-22 13:30:00,131.90540537499945,0.0,40.85224,0.0
2025-08-22 14:00:00,134.88325128292962,0.0,38.71258,0.0
2025-08-22 14:30:00,130.91142632811824,0.0,37.76102,0.0
2025-08-22 15:00:00,157.43633990236884,0.0,44.36276,0.0
2025-08-22 15:30:00,184.00319828298993,0.0,53.76,0.0
2025-08-22 16:00:00,193.28102239563506,0.0,55.80288,0.0
2025-08-22 16:30:00,160.33521268478825,0.0,48.68506,0.0
2025-08-22 17:00:00,168.48824359655305,0.0,55.00724,0.0
2025-08-22 17:30:00,168.26024273815472,0.0,52.373,0.0
2025-08-22 18:00:00,147.03262992517918,0.0,47.0615,0.0
2025-08-22 18:30:00,139.53684394713534,0.0,41.58874,0.0
2025-08-22 19:00:00,120.86043689077846,0.0,38.89,0.0
2025-08-22 19:30:00,68.72959052706345,0.0,8.16076,0.07526
2025-08-22 20:00:00,55.04430487756528,0.0,0.0,2.21492
2025-08-22 20:30:00,48.48403386209752,0.0,0.01076,3.23636
2025-08-22 21:00:00,46.29880145100003,0.0,0.0,4.661
2025-08-22 21:30:00,44.64946316630595,0.0,0.0,4.47284
2025-08-22 22:00:00,47.8067056699894,0.0,0.0,3.8492199999999994
2025-08-22 22:30:00,47.364605213155436,0.0,0.0,3.2363599999999995
2025-08-22 23:00:00,46.514338186138524,0.0,0.0,3.1826000000000003
2025-08-22 23:30:00,47.6126074211217,0.0,0.0,3.42988
2025-08-23 00:00:00,51.70642243871714,0.0,0.81716,0.15052
2025-08-23 00:30:00,51.1519795512582,0.0,1.08058,0.0215
2025-08-23 01:00:00,47.99489492523761,0.0,1.5698000000000003,0.0
2025-08-23 01:30:00,47.8426387311234,0.0,0.72038,0.37632
2025-08-23 02:00:00,48.19313340069326,0.0,0.16128,0.62362
2025-08-23 02:30:00,50.59108931716905,0.0,0.59136,0.06452
2025-08-23 03:00:00,48.24236834354356,0.0,0.38708,0.13978
2025-08-23 03:30:00,50.77539292641179,0.0,0.7956400000000001,0.0215
2025-08-23 04:00:00,48.5369884783978,0.0,1.02144,0.0
2025-08-23 04:30:00,47.52041920949465,0.0,1.13434,0.0
2025-08-23 05:00:00,50.93033459166559,0.0,1.47302,0.0
2025-08-23 05:30:00,47.76273652409735,0.0,1.55904,0.0
2025-08-23 06:00:00,48.7855957685223,0.0,1.81708,0.0
2025-08-23 06:30:00,51.06277543965244,0.0,1.67732,0.0
2025-08-23 07:00:00,51.24346590606833,0.0,1.78484,0.0
2025-08-23 07:30:00,45.286330214521975,0.0,0.8924200000000001,0.2903
2025-08-23 08:00:00,43.66650502667729,0.0,0.2903,0.32794
2025-08-23 08:30:00,48.38390574450579,0.0,0.11828,0.9784400000000001
2025-08-23 09:00:00,46.56479498770855,0.0,0.21503999999999998,0.96768
2025-08-23 09:30:00,45.47386237329677,0.0,0.13978,0.8494000000000002
2025-08-23 10:00:00,41.60833202555407,0.0,0.0,2.1074
2025-08-23 10:30:00,44.64031407825286,0.0,0.38708,0.61286
2025-08-23 11:00:00,43.00987256848491,0.0,0.34406,0.40858
2025-08-23 11:30:00,40.88420737956928,0.0,0.15052,1.0322
2025-08-23 12:00:00,49.82464431298403,0.0,1.22572,0.0215
2025-08-23 12:30:00,49.19543390096354,0.0,0.5591,0.79564
2025-08-23 13:00:00,46.961851123907,0.0,0.07526,0.92468
2025-08-23 13:30:00,49.9657242991591,0.0,0.01076,1.68806
2025-08-23 14:00:00,50.734229707513705,0.0,0.01076,1.9568599999999998
2025-08-23 14:30:00,49.35321160189871,0.0,0.0,2.52672
2025-08-23 15:00:00,47.57765455236351,0.0,0.0,2.40844
2025-08-23 15:30:00,49.93061974202207,0.0,0.0,2.11276
2025-08-23 16:00:00,47.57331202720691,0.0,0.0,2.645
2025-08-23 16:30:00,43.31844229108951,0.0,0.0,2.96756
2025-08-23 17:00:00,49.42466570068886,0.0,0.01076,2.06438
2025-08-23 17:30:00,48.0662517536811,0.0,0.0,2.1934
2025-08-23 18:00:00,52.86480837394421,0.0,0.0,2.13964
2025-08-23 18:30:00,52.06515796146082,0.0,0.0215,1.3655
2025-08-23 19:00:00,48.64203784136814,0.0,0.0,1.5698
2025-08-23 19:30:00,47.756906448510506,0.0,0.05376,1.23648
2025-08-23 20:00:00,45.244492793815475,0.0,0.05376,1.10746
2025-08-23 20:30:00,39.59896327403241,0.0,0.01076,2.1289
2025-08-23 21:00:00,39.503111045782425,0.0,0.021500000000000002,1.344
2025-08-23 21:30:00,40.95786767526302,0.0,0.06452,1.22572
2025-08-23 22:00:00,41.77226206234186,0.0,0.010759999999999999,3.5911600000000004
2025-08-23 22:30:00,38.41579392017636,0.0,0.0,2.98906
2025-08-23 23:00:00,40.0977909105112,0.0,0.0,3.34388
2025-08-23 23:30:00,41.84116487869332,0.0,0.0,3.90298
2025-08-24 00:00:00,45.63482256541704,0.0,0.0,4.32768
2025-08-24 00:30:00,41.97059843680863,0.0,0.0,4.90292
2025-08-24 01:00:00,45.77829832895759,0.0,0.0,4.37606
2025-08-24 01:30:00,50.05239517710451,0.0,0.0,3.68794
2025-08-24 02:00:00,47.044047699655316,0.0,0.0,4.23092
2025-08-24 02:30:00,41.444068705510276,0.0,0.0,3.73094
2025-08-24 03:00:00,43.77948777236882,0.0,0.0,3.52666
2025-08-24 03:30:00,45.5092670986829,0.0,0.0,3.1826
2025-08-24 04:00:00,45.353278185123294,0.0,0.0,2.90304
2025-08-24 04:30:00,41.19649093578446,0.0,0.0,3.4406400000000006
2025-08-24 05:00:00,46.490681841149886,0.0,0.0,2.731
2025-08-24 05:30:00,45.74254060835985,0.0,0.01076,2.67724
2025-08-24 06:00:00,50.182016100176305,0.0,0.0,2.65574
2025-08-24 06:30:00,45.0560714215804,0.0,0.0,2.25792
2025-08-24 07:00:00,45.67557936489964,0.0,0.0,3.2041
2025-08-24 07:30:00,41.910696523064836,0.0,0.0,2.4622
2025-08-24 08:00:00,46.89821120730928,0.0,2.9138,1.62356
2025-08-24 08:30:00,111.63918508962729,0.0,41.56724,0.0
2025-08-24 09:00:00,123.90253297410294,0.0,45.9648,0.0
2025-08-24 09:30:00,111.6568830330909,0.0,45.80352,0.0
2025-08-24 10:00:00,119.36622867050048,0.0,46.17984,0.0
2025-08-24 10:30:00,110.4662495647294,0.0,44.80358,0.0
2025-08-24 11:00:00,117.50123983977626,0.0,44.5993,0.0
2025-08-24 11:30:00,123.46902177126422,0.0,44.45952,0.0
2025-08-24 12:00:00,116.65132669160008,0.0,44.58856,0.0
2025-08-24 12:30:00,116.55765609259657,0.0,45.05088,0.0
2025-08-24 13:00:00,111.71177352584695,0.0,44.73908,0.0
2025-08-24 13:30:00,115.6973123840106,0.0,44.76058,0.0
2025-08-24 14:00:00,128.39061511644329,0.0,42.35214,0.0
2025-08-24 14:30:00,116.93868317723783,0.0,40.80384,0.0
2025-08-24 15:00:00,111.58102048640063,0.0,42.35214,0.0
2025-08-24 15:30:00,108.16025047955269,0.0,35.36334,0.0
2025-08-24 16:00:00,82.54511344968246,0.0,25.8263,0.0
2025-08-24 16:30:00,49.8995602301585,0.0,1.8386,1.387
2025-08-24 17:00:00,46.82851845381854,0.0,0.0,3.94598
2025-08-24 17:30:00,42.82608502642388,0.0,0.0,3.89222
2025-08-24 18:00:00,46.52683724200255,0.0,0.0,3.65568
2025-08-24 18:30:00,42.807668273589925,0.0,0.0,4.18252
2025-08-24 19:00:00,43.477257894140436,0.0,0.0,4.47284
2025-08-24 19:30:00,44.81549990221534,0.0,0.0,4.661
2025-08-24 20:00:00,37.854071280769865,0.0,0.0,4.3223
2025-08-24 20:30:00,46.057140195625365,0.0,0.0,3.87072
2025-08-24 21:00:00,45.3361105104425,0.0,0.0,3.6664400000000006
2025-08-24 21:30:00,47.57536665167401,0.0,0.0,3.52666
2025-08-24 22:00:00,47.75449600775028,0.0,0.0,3.19334
2025-08-24 22:30:00,42.72641071397828,0.0,0.0,3.07508
2025-08-24 23:00:00,47.39641345790583,0.0,0.0,3.5374000000000003
2025-08-24 23:30:00,45.046171614479306,0.0,0.0,3.39764
2025-08-25 00:00:00,41.03453181291209,0.0,0.0,3.44064
2025-08-25 00:30:00,41.31323888231486,0.0,0.01076,2.84928
2025-08-25 01:00:00,41.44536060108742,0.0,0.0,2.22028
2025-08-25 01:30:00,45.40423795702853,0.0,0.0,1.84934
2025-08-25 02:00:00,42.51539873657739,0.0,0.043,1.72032
2025-08-25 02:30:00,47.105871289369745,0.0,0.0,3.79546
2025-08-25 03:00:00,44.456225281133335,0.0,0.0,3.59116
2025-08-25 03:30:00,45.65086242621552,0.0,0.0,2.76326
2025-08-25 04:00:00,42.143289343934256,0.0,0.0,3.1180799999999995
2025-08-25 04:30:00,47.17804328419569,0.0,0.01076,2.24716
2025-08-25 05:00:00,43.54561133634786,0.0,0.0,2.24716
2025-08-25 05:30:00,43.75046613695447,0.0,0.0,2.18266
2025-08-25 06:00:00,48.531197208084244,0.0,0.0,2.03212
2025-08-25 06:30:00,44.48973623458011,0.0,0.0,3.62342
2025-08-25 07:00:00,51.88253585538329,0.0,1.23648,2.53748
2025-08-25 07:30:00,68.75022805126851,0.0,1.32788,0.61286
2025-08-25 08:00:00,84.09992372647035,0.0,6.10714,0.0
2025-08-25 08:30:00,176.56412866226592,0.0,52.91060000000001,0.0
2025-08-25 09:00:00,186.0622148392978,0.0,51.39456,0.0
2025-08-25 09:30:00,224.89794536613846,0.0,52.21172,0.0
2025-08-25 10:00:00,208.1067649387062,0.0,58.91022,0.0
2025-08-25 10:30:00,240.86204615524264,0.0,60.63054000000001,0.0
2025-08-25 11:00:00,222.86427781425078,0.0,56.770559999999996,0.0
2025-08-25 11:30:00,241.2106011894302,0.0,56.45876,0.0
2025-08-25 12:00:00,250.26877478743566,0.0,57.2329,0.0
2025-08-25 12:30:00,269.4892742813272,0.0,60.35098,0.0
2025-08-25 13:00:00,241.93400869084127,0.0,60.630539999999996,0.0
2025-08-25 13:30:00,263.56599936560815,0.0,69.36654,0.0
2025-08-25 14:00:00,262.363936793351,0.0,68.44186,0.0
2025-08-25 14:30:00,255.22548781787165,0.0,71.61908,0.0
2025-08-25 15:00:00,261.1059691642988,0.0,70.99546,0.0
2025-08-25 15:30:00,252.9026051772893,0.0,70.46862,0.0
2025-08-25 16:00:00,251.4722065142501,0.0,71.67284,0.0
2025-08-25 16:30:00,265.5283516549975,0.0,71.83412,0.0
2025-08-25 17:00:00,235.45152906796457,0.0,76.36072,0.0
2025-08-25 17:30:00,232.44891574466638,0.0,78.12404,0.0
2025-08-25 18:00:00,204.00432665927002,0.0,51.91065999999999,0.0
2025-08-25 18:30:00,177.44627025464902,0.0,46.80346,0.0
2025-08-25 19:00:00,156.1947993588439,0.0,32.1915,0.0
2025-08-25 19:30:00,94.2720531521232,0.0,9.95636,0.05376
2025-08-25 20:00:00,79.57164629594719,0.0,0.15052,0.83866
2025-08-25 20:30:00,61.931777822928446,0.0,0.0215,1.41926
2025-08-25 21:00:00,59.834137173258696,0.0,0.01076,1.47302
2025-08-25 21:30:00,55.058116952182644,0.0,0.10752,0.9676800000000001
2025-08-25 22:00:00,60.87592427130938,0.0,0.05376,1.12896
2025-08-25 22:30:00,57.716951502375075,0.0,0.0215,3.08582
2025-08-25 23:00:00,50.75156982207897,0.0,0.0,3.7954600000000003
2025-08-25 23:30:00,49.33468973769793,0.0,0.0,3.3438800000000004
2025-08-26 00:00:00,43.991458397188204,0.0,0.0,5.47276
2025-08-26 00:30:00,48.946089944945165,0.0,0.0,4.35456
2025-08-26 01:00:00,44.75440846777744,0.0,0.0,5.51578
2025-08-26 01:30:00,49.75075855659649,0.0,0.0,5.65556
2025-08-26 02:00:00,46.15752903021652,0.0,0.0,5.04268
2025-08-26 02:30:00,47.63053727523846,0.0,0.0,4.9943
2025-08-26 03:00:00,45.576557296537125,0.0,0.0,4.80614
2025-08-26 03:30:00,47.21389428892138,0.0,0.0,4.38682
2025-08-26 04:00:00,50.76853773215807,0.0,0.0,4.33844
2025-08-26 04:30:00,48.8573692250548,0.0,0.0,3.92448
2025-08-26 05:00:00,47.46009774730517,0.0,0.0,3.83846
2025-08-26 05:30:00,45.52284958974524,0.0,0.0,3.40838
2025-08-26 06:00:00,43.778804334236355,0.0,0.010759999999999999,3.95674
2025-08-26 06:30:00,46.305174994473994,0.0,0.0,4.60186
2025-08-26 07:00:00,52.51741470957773,0.0,0.0,4.70938
2025-08-26 07:30:00,75.99908665262829,0.0,9.4295,0.01076
2025-08-26 08:00:00,105.5423920719453,0.0,27.71866,0.0
2025-08-26 08:30:00,215.49893515354825,0.0,72.7803,0.0
2025-08-26 09:00:00,222.46860327511268,0.0,85.29564,0.0
2025-08-26 09:30:00,234.54587720337344,0.0,82.5915,0.0
2025-08-26 10:00:00,233.91592889967683,0.0,82.3926,0.0
2025-08-26 10:30:00,268.6511414737072,0.0,75.71022,0.0
2025-08-26 11:00:00,306.8199882606131,0.0,87.28474,0.0
2025-08-26 11:30:00,259.49957263588493,0.0,93.51016,0.0
2025-08-26 12:00:00,278.82291390405595,0.0,94.5316,0.0
2025-08-26 12:30:00,300.62162594390804,0.0,97.11208,0.0
2025-08-26 13:00:00,253.5008287104335,0.0,95.46702,0.0
2025-08-26 13:30:00,269.86604315890617,0.0,95.18746,0.0
2025-08-26 14:00:00,275.82788025874606,0.0,92.63924,0.0
2025-08-26 14:30:00,259.8566296495826,0.0,93.95098,0.0
2025-08-26 15:00:00,259.7790772107407,0.0,83.04846,0.0
2025-08-26 15:30:00,286.99184190800446,0.0,86.83316,0.0
2025-08-26 16:00:00,289.0678363314919,0.0,82.98394,0.0
2025-08-26 16:30:00,270.2652063530225,0.0,83.5968,0.0
2025-08-26 17:00:00,264.11285339709787,0.0,84.57524,0.0
2025-08-26 17:30:00,257.013076749267,0.0,89.47814,0.0
2025-08-26 18:00:00,253.0491712960954,0.0,83.86562,0.0
2025-08-26 18:30:00,201.6508127359243,0.0,81.41952,0.0
2025-08-26 19:00:00,201.58407811336048,0.0,81.01634,0.0
2025-08-26 19:30:00,177.65233958354852,0.0,65.10336,0.0
2025-08-26 20:00:00,149.52737683488797,0.0,55.20078000000001,0.0
2025-08-26 20:30:00,151.6388735809446,0.0,54.2116,0.0
2025-08-26 21:00:00,165.76508803573222,0.0,56.00718,0.0
2025-08-26 21:30:00,139.5028465820883,0.0,55.29754,0.0
2025-08-26 22:00:00,123.90096912572058,0.0,48.73882,0.0
2025-08-26 22:30:00,76.23569813661311,0.0,21.33734,0.0
2025-08-26 23:00:00,59.33214110489289,0.0,8.66074,0.0
2025-08-26 23:30:00,62.919727402834994,0.0,8.5586,0.0
2025-08-27 00:00:00,57.86623499622081,0.0,6.23616,0.0
2025-08-27 00:30:00,58.225623765742895,0.0,6.24692,0.0
2025-08-27 01:00:00,59.69416552531624,0.0,6.9673,0.0
2025-08-27 01:30:00,54.903272107891254,0.0,7.193079999999999,0.0
2025-08-27 02:00:00,56.91126123267832,0.0,7.34362,0.0
2025-08-27 02:30:00,58.22717634197452,0.0,7.8167,0.0
2025-08-27 03:00:00,62.341948243267055,0.0,7.7737,0.0
2025-08-27 03:30:00,59.93415538802231,0.0,7.88122,0.0
2025-08-27 04:00:00,57.39099216114074,0.0,7.41888,0.0
2025-08-27 04:30:00,62.690963097938145,0.0,7.32212,0.0
2025-08-27 05:00:00,65.03242824715622,0.0,7.97798,0.0
2025-08-27 05:30:00,62.70622137963586,0.0,7.42964,0.0
2025-08-27 06:00:00,56.92692957125793,0.0,7.09632,0.0
2025-08-27 06:30:00,58.525624629283406,0.0,6.9888,0.0
2025-08-27 07:00:00,70.59741524122427,0.0,6.30068,0.0
2025-08-27 07:30:00,82.77835555593919,0.0,10.98854,0.0
2025-08-27 08:00:00,105.7574890403148,0.0,18.42894,0.0
2025-08-27 08:30:00,217.13040404990883,0.0,75.66184,0.0
2025-08-27 09:00:00,243.8194688180095,0.0,77.0112,0.0
2025-08-27 09:30:00,230.67367158885543,0.0,76.94132,0.0
2025-08-27 10:00:00,244.35462917321237,0.0,77.23162,0.0
2025-08-27 10:30:00,264.1687706231773,0.0,77.42516,0.0
2025-08-27 11:00:00,257.37109953587844,0.0,89.35988,0.0
2025-08-27 11:30:00,268.4084430428689,0.0,83.5968,0.0
2025-08-27 12:00:00,245.86086788688462,0.0,84.75802,0.0
2025-08-27 12:30:00,251.96433703425592,0.0,90.03726,0.0
2025-08-27 13:00:00,255.5637734149194,0.0,89.9835,0.0
2025-08-27 13:30:00,261.4258153635929,0.0,88.48898,0.0
2025-08-27 14:00:00,252.85279205739923,0.0,87.46216,0.0
2025-08-27 14:30:00,249.19999559571937,0.0,85.02682,0.0
2025-08-27 15:00:00,258.66466887704433,0.0,86.49448,0.0
2025-08-27 15:30:00,249.034576846833,0.0,85.34938,0.0
2025-08-27 16:00:00,268.9305509966369,0.0,83.09146000000001,0.0
2025-08-27 16:30:00,268.58522127001265,0.0,82.58612,0.0
2025-08-27 17:00:00,253.88652049682406,0.0,83.91938,0.0
2025-08-27 17:30:00,247.50400365741476,0.0,82.1453,0.0
2025-08-27 18:00:00,227.59230931429366,0.0,69.67298,0.0
2025-08-27 18:30:00,191.58567428723987,0.0,68.59778,0.0
2025-08-27 19:00:00,181.89422912215468,0.0,51.22254,0.0
2025-08-27 19:30:00,203.1308468969541,0.0,49.83552,0.0
2025-08-27 20:00:00,167.02809145752263,0.0,43.37358,0.0
2025-08-27 20:30:00,160.83304306364286,0.0,38.50292,0.0
2025-08-27 21:00:00,154.93613727526554,0.0,37.40622,0.0
2025-08-27 21:30:00,155.34492047283504,0.0,39.2018,0.0
2025-08-27 22:00:00,143.7248214884065,0.0,40.0512,0.0
2025-08-27 22:30:00,69.26808720306954,0.0,12.08526,0.0
2025-08-27 23:00:00,61.735995314879474,0.0,1.3225,2.87078
2025-08-27 23:30:00,63.23596158029045,0.0,0.0,3.66644
2025-08-28 00:00:00,45.20725219153006,0.0,0.03226,1.44076
2025-08-28 00:30:00,38.080732055735275,0.0,0.0,4.64486
2025-08-28 01:00:00,42.740226798756105,0.0,0.0,4.29004
2025-08-28 01:30:00,41.157538219803826,0.0,0.0,5.4889
2025-08-28 02:00:00,45.64001025191582,0.0,0.0,4.91366
2025-08-28 02:30:00,41.032595895918895,0.0,0.0,4.67174
2025-08-28 03:00:00,41.77384091967444,0.0,0.0,4.46208
2025-08-28 03:30:00,42.99882942853329,0.0,0.0,4.49434
2025-08-28 04:00:00,39.61754248775754,0.0,0.0,3.92448
2025-08-28 04:30:00,40.84573620661574,0.0,0.0,4.0535
2025-08-28 05:00:00,41.73256399495994,0.0,0.0,3.6664399999999997
2025-08-28 05:30:00,41.494204907079016,0.0,0.0,3.9244800000000004
2025-08-28 06:00:00,44.13998511169538,0.0,0.0,4.06426
2025-08-28 06:30:00,42.20957876721084,0.0,0.0,4.46208
2025-08-28 07:00:00,50.248933139667535,0.0,0.0,5.0857
2025-08-28 07:30:00,74.50038558411639,0.0,2.02138,1.1881
2025-08-28 08:00:00,109.4057016776805,0.0,9.9241,0.0
2025-08-28 08:30:00,188.02363487329487,0.0,64.83458,0.0
2025-08-28 09:00:00,217.33159511875422,0.0,71.146,0.0
2025-08-28 09:30:00,212.57389635654692,0.0,67.03872,0.0
2025-08-28 10:00:00,214.50641548853372,0.0,67.1785,0.0
2025-08-28 10:30:00,208.4781524385002,0.0,68.2322,0.0
2025-08-28 11:00:00,238.5226982553205,0.0,71.35028,0.0
2025-08-28 11:30:00,210.93277542144597,0.0,68.87732,0.0
2025-08-28 12:00:00,236.91215322394206,0.0,70.58688,0.0
2025-08-28 12:30:00,221.6223435571961,0.0,79.68308,0.0
2025-08-28 13:00:00,220.1939683075255,0.0,81.33352,0.0
2025-08-28 13:30:00,241.6950077882821,0.0,86.01602,0.0
2025-08-28 14:00:00,245.5747391063222,0.0,83.3065,0.0
2025-08-28 14:30:00,239.86934255525486,0.0,81.79584,0.0
2025-08-28 15:00:00,246.3930357645335,0.0,81.9195,0.0
2025-08-28 15:30:00,232.29213590294367,0.0,81.17762,0.0
2025-08-28 16:00:00,224.40134335863618,0.0,80.2852,0.0
2025-08-28 16:30:00,208.22472556578208,0.0,79.5003,0.0
2025-08-28 17:00:00,146.03017705082803,0.0,20.7191,0.0
2025-08-28 17:30:00,77.3260385523855,0.0,0.3118,1.73108
2025-08-28 18:00:00,77.66317197300341,0.0,0.03226,1.77408
2025-08-28 18:30:00,61.81638468254866,0.0,0.0215,2.54822
2025-08-28 19:00:00,48.304458013220135,0.0,0.0,4.7954
2025-08-28 19:30:00,50.72305763246573,0.0,0.0,4.8384
2025-08-28 20:00:00,48.521189504151565,0.0,0.0,4.9943
2025-08-28 20:30:00,47.60102819893178,0.0,0.0,5.1502
2025-08-28 21:00:00,48.25918692452946,0.0,0.0,5.18246
2025-08-28 21:30:00,50.44591092354841,0.0,0.0,5.13946
2025-08-28 22:00:00,47.23887609766811,0.0,0.0,5.09644
2025-08-28 22:30:00,48.26644668778184,0.0,0.0,4.62336
2025-08-28 23:00:00,48.94913697883445,0.0,0.0,4.51584
2025-08-28 23:30:00,51.62242726487609,0.0,0.0,4.21478
2025-08-29 00:00:00,53.29997292309568,0.0,0.0,5.24698
2025-08-29 00:30:00,49.61648902785126,0.0,0.0,4.84916
2025-08-29 01:00:00,47.51842336115463,0.0,0.0,4.80614
2025-08-29 01:30:00,52.772730158813076,0.0,0.0,4.55348
2025-08-29 02:00:00,57.463748120370724,0.0,0.0,4.32768
2025-08-29 02:30:00,57.29931342829476,0.0,0.0,4.46208
2025-08-29 03:00:00,54.86079382261761,0.0,0.0,4.94592
2025-08-29 03:30:00,57.04725890971503,0.0,0.0,6.78452
2025-08-29 04:00:00,51.64235648898332,0.0,0.0,6.55872
2025-08-29 04:30:00,55.047572839687525,0.0,0.0,6.39744
2025-08-29 05:00:00,53.062052866051594,0.0,0.0,5.65556
2025-08-29 05:30:00,50.624864482738545,0.0,0.0,6.24692
2025-08-29 06:00:00,50.816153077046614,0.0,0.0,6.547960000000001
2025-08-29 06:30:00,49.284095602240306,0.0,0.0,6.08564
2025-08-29 07:00:00,83.51320530525828,0.0,0.0,6.04262
2025-08-29 07:30:00,96.08880229260619,0.0,1.91386,1.98912
2025-08-29 08:00:00,125.92028551422206,0.0,12.84864,0.0
2025-08-29 08:30:00,212.02436506783093,0.0,72.02766,0.0
2025-08-29 09:00:00,229.52849256494602,0.0,73.94688,0.0
2025-08-29 09:30:00,260.0909088593204,0.0,76.7693,0.0
2025-08-29 10:00:00,272.5912759591426,0.0,78.1778,0.0
2025-08-29 10:30:00,232.8134537627269,0.0,80.33896,0.0
2025-08-29 11:00:00,258.78132059806165,0.0,79.19386,0.0
2025-08-29 11:30:00,254.48423815196097,0.0,103.85358,0.0
2025-08-29 12:00:00,291.49981549250646,0.0,120.73422,0.0
2025-08-29 12:30:00,305.33140155995454,0.0,162.51652,0.0
2025-08-29 13:00:00,261.4569920511286,0.0,108.06835999999998,0.0
2025-08-29 13:30:00,243.03097086110157,0.0,77.38214,0.0
2025-08-29 14:00:00,236.69308074248903,0.0,76.50048,0.0
2025-08-29 14:30:00,277.4247276962395,0.0,84.91932,0.0
2025-08-29 15:00:00,319.3510114179473,0.0,146.88846,0.0
2025-08-29 15:30:00,324.581441001281,0.0,158.08668,0.0
2025-08-29 16:00:00,269.0857063040261,0.0,155.2159,0.0
2025-08-29 16:30:00,304.22626045616914,0.0,140.66842,0.0
2025-08-29 17:00:00,322.0730539798266,0.0,117.60538000000001,0.0
2025-08-29 17:30:00,259.0388418729443,0.0,75.11886,0.0
2025-08-29 18:00:00,200.4872050492036,0.0,62.64115999999999,0.0
2025-08-29 18:30:00,206.26329321915554,0.0,60.9961,0.0
2025-08-29 19:00:00,170.89941981065323,0.0,48.95386,0.0
2025-08-29 19:30:00,115.91026243222382,0.0,14.03136,3.99974
2025-08-29 20:00:00,75.82531963518377,0.0,0.0,6.60172
2025-08-29 20:30:00,70.34195813761362,0.0,0.0,7.26836
2025-08-29 21:00:00,70.62203432597262,0.0,0.0,8.107
2025-08-29 21:30:00,60.84790176592621,0.0,0.0,8.09626
2025-08-29 22:00:00,68.60107634175233,0.0,0.0,7.05332
2025-08-29 22:30:00,63.73573434053598,0.0,0.0,5.96736
2025-08-29 23:00:00,59.37142060501448,0.0,0.0,4.76852
2025-08-29 23:30:00,54.42423815824861,0.0,0.0,4.11264
2025-08-30 00:00:00,42.08340662601402,0.0,0.0,5.32762
2025-08-30 00:30:00,46.35936751922303,0.0,0.0,5.42976
2025-08-30 01:00:00,47.42756087819717,0.0,0.0,5.23622
2025-08-30 01:30:00,48.69190627325826,0.0,0.0,5.23622
2025-08-30 02:00:00,42.888377726014326,0.0,0.0,5.23622
2025-08-30 02:30:00,46.4324859311216,0.0,0.0,4.24704
2025-08-30 03:00:00,42.08664115387646,0.0,0.0,4.15028
2025-08-30 03:30:00,44.70765557006779,0.0,0.0,3.87072
2025-08-30 04:00:00,44.53548005432963,0.0,0.0,3.88148
2025-08-30 04:30:00,46.31204277963508,0.0,0.0,3.7201999999999997
2025-08-30 05:00:00,48.069640477329415,0.0,0.0,3.2686
2025-08-30 05:30:00,48.13690053608701,0.0,0.0,3.46214
2025-08-30 06:00:00,44.24655993899326,0.0,0.0,3.09658
2025-08-30 06:30:00,46.967869938728114,0.0,0.0,3.6341800000000006
2025-08-30 07:00:00,45.48948917140281,0.0,0.0,3.97824
2025-08-30 07:30:00,42.64910539332832,0.0,0.0,4.63412
2025-08-30 08:00:00,47.22255325056992,0.0,3.73094,3.64492
2025-08-30 08:30:00,104.24413319293069,0.0,35.27732,0.0
2025-08-30 09:00:00,119.0217579326889,0.0,37.93306,0.0
2025-08-30 09:30:00,110.88840163803471,0.0,38.01908,0.0
2025-08-30 10:00:00,111.35803984713432,0.0,39.84692,0.0
2025-08-30 10:30:00,110.52690633133508,0.0,38.89,0.0
2025-08-30 11:00:00,129.38483915024332,0.0,38.56742,0.0
2025-08-30 11:30:00,121.79159701933132,0.0,38.933,0.0
2025-08-30 12:00:00,115.50579181839632,0.0,44.5348,0.0
2025-08-30 12:30:00,122.64320004932652,0.0,48.55604,0.0
2025-08-30 13:00:00,121.8188679108159,0.0,48.59904,0.0
2025-08-30 13:30:00,124.56632992641833,0.0,47.68512,0.0
2025-08-30 14:00:00,119.54016875532264,0.0,47.2443,0.0
2025-08-30 14:30:00,122.48859332876496,0.0,44.12622,0.0
2025-08-30 15:00:00,132.25475679236146,0.0,46.30886,0.0
2025-08-30 15:30:00,114.06638427965493,0.0,45.82504,0.0
2025-08-30 16:00:00,115.14686783108885,0.0,44.99712,0.0
2025-08-30 16:30:00,117.01676284641624,0.0,44.52404,0.0
2025-08-30 17:00:00,118.0993047644716,0.0,46.02932,0.0
2025-08-30 17:30:00,134.35663785974782,0.0,47.45934,0.0
2025-08-30 18:00:00,126.93299817733677,0.0,47.00774,0.0
2025-08-30 18:30:00,119.02911274456889,0.0,40.59956,0.0
2025-08-30 19:00:00,107.47403034096129,0.0,37.22342,0.0
2025-08-30 19:30:00,58.49313161947535,0.0,8.03174,0.13978
2025-08-30 20:00:00,46.38991317639332,0.0,0.0,2.7095
2025-08-30 20:30:00,47.713849776900126,0.0,0.01076,1.54828
2025-08-30 21:00:00,46.866660601440906,0.0,0.0215,1.301
2025-08-30 21:30:00,48.54477279177431,0.0,0.09676,1.5375399999999997
2025-08-30 22:00:00,44.79471163852039,0.0,0.0,3.55892
2025-08-30 22:30:00,43.8947567374153,0.0,0.0,3.3438799999999995
2025-08-30 23:00:00,46.29836042594368,0.0,0.0,2.47296
2025-08-30 23:30:00,48.01258154068305,0.0,0.0,2.36544
2025-08-31 00:00:00,30.35601386353684,0.0,0.0,4.32768
2025-08-31 00:30:00,32.05523413716524,0.0,0.0,4.90292
2025-08-31 01:00:00,29.983976411403056,0.0,0.0,4.37606
2025-08-31 01:30:00,32.94628404811901,0.0,0.0,3.68794
2025-08-31 02:00:00,33.923468964547965,0.0,0.0,4.23092
2025-08-31 02:30:00,31.274705494060626,0.0,0.0,3.73094
2025-08-31 03:00:00,29.373955377550818,0.0,0.0,3.52666
2025-08-31 03:30:00,29.10130643723476,0.0,0.0,3.1826
2025-08-31 04:00:00,33.096291049262284,0.0,0.0,2.90304
2025-08-31 04:30:00,30.914492910701252,0.0,0.0,3.44064
2025-08-31 05:00:00,33.328140399961406,0.0,0.0,2.731
2025-08-31 05:30:00,31.18105277168697,0.0,0.01076,2.67724
2025-08-31 06:00:00,33.39029911823185,0.0,0.0,2.65574
2025-08-31 06:30:00,31.69087002995903,0.0,0.0,2.25792
2025-08-31 07:00:00,29.102311489414404,0.0,0.0,3.2041
2025-08-31 07:30:00,30.69386520422541,0.0,0.0,2.4622
2025-08-31 08:00:00,32.53623570682028,0.0,2.9138,1.62356
2025-08-31 08:30:00,82.92828686072238,0.0,41.56724,0.0
2025-08-31 09:00:00,81.8771646260291,0.0,45.9648,0.0
2025-08-31 09:30:00,84.73479724711322,0.0,45.80352,0.0
2025-08-31 10:00:00,81.21564543513696,0.0,46.17983999999999,0.0
2025-08-31 10:30:00,78.6954888734836,0.0,44.80358,0.0
2025-08-31 11:00:00,82.03231826092478,0.0,44.5993,0.0
2025-08-31 11:30:00,87.52446505539889,0.0,44.45952,0.0
2025-08-31 12:00:00,81.2979484653891,0.0,44.588559999999994,0.0
2025-08-31 12:30:00,79.02298169495268,0.0,45.05088,0.0
2025-08-31 13:00:00,83.52436516456048,0.0,44.73908,0.0
2025-08-31 13:30:00,85.78999706931201,0.0,44.76058,0.0
2025-08-31 14:00:00,89.39732957423594,0.0,42.35214,0.0
2025-08-31 14:30:00,83.00228063667814,0.0,40.80384,0.0
2025-08-31 15:00:00,84.87527954361052,0.0,42.35214,0.0
2025-08-31 15:30:00,79.68926728077867,0.0,35.36334,0.0
2025-08-31 16:00:00,59.17697352412139,0.0,25.8263,0.0
2025-08-31 16:30:00,35.02320359644641,0.0,1.8386,1.387
2025-08-31 17:00:00,29.02899418964314,0.0,0.0,3.9459799999999996
2025-08-31 17:30:00,28.182262816003547,0.0,0.0,3.89222
2025-08-31 18:00:00,30.93925503768229,0.0,0.0,3.65568
2025-08-31 18:30:00,30.545563347286677,0.0,0.0,4.18252
2025-08-31 19:00:00,30.610115607670906,0.0,0.0,4.47284
2025-08-31 19:30:00,26.45628012608573,0.0,0.0,4.661
2025-08-31 20:00:00,33.72821637214312,0.0,0.0,4.3223
2025-08-31 20:30:00,30.48604230500336,0.0,0.0,3.8707199999999995
2025-08-31 21:00:00,35.076934493698715,0.0,0.0,3.66644
2025-08-31 21:30:00,28.753154539980613,0.0,0.0,3.52666
2025-08-31 22:00:00,30.59459515364588,0.0,0.0,3.19334
2025-08-31 22:30:00,28.21356716444741,0.0,0.0,3.07508
2025-08-31 23:00:00,31.80302125401433,0.0,0.0,3.5374
2025-08-31 23:30:00,30.192051684871455,0.0,0.0,3.39764
2025-09-01 00:00:00,45.56539399896254,0.0,0.0,3.4406400000000006
2025-09-01 00:30:00,44.73200960013547,0.0,0.01076,2.84928
2025-09-01 01:00:00,46.949634264616755,0.0,0.0,2.22028
2025-09-01 01:30:00,44.30645883942851,0.0,0.0,1.84934
2025-09-01 02:00:00,41.577590233049484,0.0,0.043,1.72032
2025-09-01 02:30:00,47.27631817637209,0.0,0.0,3.7954600000000003
2025-09-01 03:00:00,45.80941108678453,0.0,0.0,3.59116
2025-09-01 03:30:00,46.38162880802759,0.0,0.0,2.76326
2025-09-01 04:00:00,42.6952261986226,0.0,0.0,3.11808
2025-09-01 04:30:00,43.223070885718194,0.0,0.010759999999999999,2.24716
2025-09-01 05:00:00,46.77812755100932,0.0,0.0,2.24716
2025-09-01 05:30:00,50.70514978344146,0.0,0.0,2.18266
2025-09-01 06:00:00,47.18201435758535,0.0,0.0,2.03212
2025-09-01 06:30:00,41.49017195034966,0.0,0.0,3.62342
2025-09-01 07:00:00,54.131122105822094,0.0,1.23648,2.53748
2025-09-01 07:30:00,67.7388137898263,0.0,1.32788,0.61286
2025-09-01 08:00:00,89.41355164578951,0.0,6.10714,0.0
2025-09-01 08:30:00,182.0021029774557,0.0,52.9106,0.0
2025-09-01 09:00:00,168.2605646961942,0.0,51.39456,0.0
2025-09-01 09:30:00,213.46159189265006,0.0,52.21172,0.0
2025-09-01 10:00:00,207.556196732789,0.0,58.910219999999995,0.0
2025-09-01 10:30:00,211.65977725425185,0.0,60.63054,0.0
2025-09-01 11:00:00,227.23870130887468,0.0,56.77056,0.0
2025-09-01 11:30:00,241.25800508427247,0.0,56.45876,0.0
2025-09-01 12:00:00,225.9474057141385,0.0,57.2329,0.0
2025-09-01 12:30:00,269.0266362957952,0.0,60.35098,0.0
2025-09-01 13:00:00,267.32890124887865,0.0,60.63054,0.0
2025-09-01 13:30:00,255.61759820947162,0.0,69.36654,0.0
2025-09-01 14:00:00,234.2747853993865,0.0,68.44186,0.0
2025-09-01 14:30:00,250.72983914877673,0.0,71.61908,0.0
2025-09-01 15:00:00,279.39732961472697,0.0,70.99546,0.0
2025-09-01 15:30:00,244.78373509045366,0.0,70.46862,0.0
2025-09-01 16:00:00,274.8099126966769,0.0,71.67284,0.0
2025-09-01 16:30:00,247.3338891026658,0.0,71.83412,0.0
2025-09-01 17:00:00,251.54857289686277,0.0,76.36072,0.0
2025-09-01 17:30:00,227.48103093320833,0.0,78.12404,0.0
2025-09-01 18:00:00,191.08738389752483,0.0,51.91066000000001,0.0
2025-09-01 18:30:00,180.82943848356672,0.0,46.80346,0.0
2025-09-01 19:00:00,134.37006539701596,0.0,32.1915,0.0
2025-09-01 19:30:00,100.78689748503224,0.0,9.95636,0.05376
2025-09-01 20:00:00,80.98163853462644,0.0,0.15052,0.83866
2025-09-01 20:30:00,63.20137738189799,0.0,0.0215,1.41926
2025-09-01 21:00:00,63.16186434377898,0.0,0.01076,1.47302
2025-09-01 21:30:00,54.81891008357828,0.0,0.10752000000000002,0.96768
2025-09-01 22:00:00,61.05450792237625,0.0,0.05376,1.12896
2025-09-01 22:30:00,62.601241632381466,0.0,0.0215,3.08582
2025-09-01 23:00:00,55.63240905242012,0.0,0.0,3.79546
2025-09-01 23:30:00,52.3033074558475,0.0,0.0,3.34388
2025-09-02 00:00:00,57.65177239655548,0.0,0.01076,3.9567399999999995
2025-09-02 00:30:00,54.513559444198165,0.0,0.0,4.02124
2025-09-02 01:00:00,58.6096828816959,0.0,0.0,4.12876
2025-09-02 01:30:00,53.366916750975804,0.0,0.0,3.44064
2025-09-02 02:00:00,51.19366600157313,0.0,0.0,3.54816
2025-09-02 02:30:00,57.3138780536286,0.0,0.0,3.6556800000000003
2025-09-02 03:00:00,49.2498526325263,0.0,0.0,2.76326
2025-09-02 03:30:00,59.68987911692795,0.0,0.0,3.16108
2025-09-02 04:00:00,49.59376172792463,0.0,0.0,3.66644
2025-09-02 04:30:00,59.03713361826761,0.0,0.0,2.4192
2025-09-02 05:00:00,55.86258916726067,0.0,0.0215,2.03212
2025-09-02 05:30:00,58.67788070250167,0.0,0.0,2.688
2025-09-02 06:00:00,65.98181892403908,0.0,0.0,2.731
2025-09-02 06:30:00,50.308940280167846,0.0,0.01076,3.3331199999999996
2025-09-02 07:00:00,74.60317236409756,0.0,0.0,4.95668
2025-09-02 07:30:00,89.03807456674843,0.0,1.70956,3.25786
2025-09-02 08:00:00,150.15923409724522,0.0,18.2784,0.0
2025-09-02 08:30:00,229.67356942503403,0.0,105.89646,0.0
2025-09-02 09:00:00,234.7832168994321,0.0,84.98918,0.0
2025-09-02 09:30:00,236.48869205489856,0.0,72.72654,0.0
2025-09-02 10:00:00,262.0316013917464,0.0,70.26432,0.0
2025-09-02 10:30:00,233.23160145256588,0.0,69.33966,0.0
2025-09-02 11:00:00,269.22361387347934,0.0,71.02772,0.0
2025-09-02 11:30:00,248.0586838490923,0.0,69.0601,0.0
2025-09-02 12:00:00,236.87305104891684,0.0,70.8557,0.0
2025-09-02 12:30:00,292.7778995571491,0.0,74.13503999999999,0.0
2025-09-02 13:00:00,274.2866482202022,0.0,71.84487999999999,0.0
2025-09-02 13:30:00,300.4165202547234,0.0,72.18356,0.0
2025-09-02 14:00:00,296.08974904413134,0.0,69.51168,0.0
2025-09-02 14:30:00,268.1060749347206,0.0,67.51182,0.0
2025-09-02 15:00:00,266.23843412854325,0.0,70.49012000000002,0.0
2025-09-02 15:30:00,266.33789745045317,0.0,68.9042,0.0
2025-09-02 16:00:00,282.5199170441574,0.0,68.26446,0.0
2025-09-02 16:30:00,258.10627775286434,0.0,68.06016,0.0
2025-09-02 17:00:00,247.71173710281758,0.0,69.42568,0.0
2025-09-02 17:30:00,208.80847417259426,0.0,65.60872,0.0
2025-09-02 18:00:00,202.2521225361147,0.0,55.297540000000005,0.0
2025-09-02 18:30:00,210.8451854685779,0.0,55.93192,0.0
2025-09-02 19:00:00,153.88275539861894,0.0,34.44942,0.0
2025-09-02 19:30:00,93.83914480570336,0.0,5.52652,3.6341799999999997
2025-09-02 20:00:00,78.07552793008726,0.0,0.0,5.42976
2025-09-02 20:30:00,74.28071541978632,0.0,0.0,5.77382
2025-09-02 21:00:00,65.54482518298845,0.0,0.0,6.55872
2025-09-02 21:30:00,65.69456937846219,0.0,0.0,6.06412
2025-09-02 22:00:00,65.4000278638094,0.0,0.0,5.98886
2025-09-02 22:30:00,46.070133058010235,0.0,0.0,5.999620000000001
2025-09-02 23:00:00,49.53337195314709,0.0,0.0,5.82758
2025-09-02 23:30:00,42.39794562726844,0.0,0.0,5.52652
2025-09-03 00:00:00,51.70054248944854,0.0,0.0,5.16096
2025-09-03 00:30:00,49.059890284041245,0.0,0.0,4.76314
2025-09-03 01:00:00,49.26448263492924,0.0,0.0,4.10726
2025-09-03 01:30:00,51.694014008588674,0.0,0.0,4.40832
2025-09-03 02:00:00,51.78380962865885,0.0,0.0,4.87066
2025-09-03 02:30:00,53.895665460273655,0.0,0.0,6.79526
2025-09-03 03:00:00,52.83171361455503,0.0,0.0,6.33294
2025-09-03 03:30:00,47.058619166309114,0.0,0.0,6.945799999999999
2025-09-03 04:00:00,47.561981520002576,0.0,0.0,6.34368
2025-09-03 04:30:00,51.40060350811979,0.0,0.0,5.80608
2025-09-03 05:00:00,52.834505445849544,0.0,0.0,6.30068
2025-09-03 05:30:00,48.85160687183493,0.0,0.0,6.09638
2025-09-03 06:00:00,48.94698131531038,0.0,0.0,6.06412
2025-09-03 06:30:00,49.47333847052443,0.0,0.0,6.4727
2025-09-03 07:00:00,68.15927937479096,0.0,0.0,8.11776
2025-09-03 07:30:00,96.10726113770923,0.0,2.06438,3.46214
2025-09-03 08:00:00,121.49416424358493,0.0,7.8167,0.01076
2025-09-03 08:30:00,238.94352650399034,0.0,88.89754,0.0
2025-09-03 09:00:00,223.53528174155156,0.0,85.27412,0.0
2025-09-03 09:30:00,237.48183353202495,0.0,106.65986,0.0
2025-09-03 10:00:00,228.6429241062408,0.0,91.8221,0.0
2025-09-03 10:30:00,246.04082026139565,0.0,70.3611,0.0
2025-09-03 11:00:00,263.72427171353047,0.0,85.56442,0.0
2025-09-03 11:30:00,272.6734482038572,0.0,118.53006,0.0
2025-09-03 12:00:00,248.77825056120366,0.0,87.71482,0.0
2025-09-03 12:30:00,249.05591633371418,0.0,73.16738,0.0
2025-09-03 13:00:00,244.15027771015633,0.0,73.6512,0.0
2025-09-03 13:30:00,260.74130964839895,0.0,74.9522,0.0
2025-09-03 14:00:00,255.90980759266364,0.0,72.2212,0.0
2025-09-03 14:30:00,249.91868910352807,0.0,69.8235,0.0
2025-09-03 15:00:00,254.47824799723938,0.0,71.67822,0.0
2025-09-03 15:30:00,264.5773070344672,0.0,72.76954,0.0
2025-09-03 16:00:00,256.9970112506062,0.0,68.10856,0.0
2025-09-03 16:30:00,251.53983862320172,0.0,66.80756,0.0
2025-09-03 17:00:00,262.8926168489137,0.0,68.23758,0.0
2025-09-03 17:30:00,248.8468555002778,0.0,68.94184,0.0
2025-09-03 18:00:00,194.7895430565458,0.0,59.68436,0.0
2025-09-03 18:30:00,190.14257007167043,0.0,59.81338,0.0
2025-09-03 19:00:00,162.58399925875077,0.0,46.13684,0.0
2025-09-03 19:30:00,91.70899745982987,0.0,8.3328,2.05364
2025-09-03 20:00:00,76.4179522202646,0.0,0.0,5.419
2025-09-03 20:30:00,75.93746039883389,0.0,0.0,6.85978
2025-09-03 21:00:00,67.26357488885732,0.0,0.0,7.11782
2025-09-03 21:30:00,61.77359039268383,0.0,0.0,6.61248
2025-09-03 22:00:00,58.40166337063089,0.0,0.0,6.35444
2025-09-03 22:30:00,53.61530609943149,0.0,0.0,6.01036
2025-09-03 23:00:00,54.078069235602804,0.0,0.0,6.60172
2025-09-03 23:30:00,50.771251858066044,0.0,0.0,5.24698
2025-09-04 00:00:00,59.02838023593575,0.0,0.0,3.7847000000000004
2025-09-04 00:30:00,54.14432533693199,0.0,0.0,3.64492
2025-09-04 01:00:00,55.69376175613965,0.0,0.0,3.7524399999999996
2025-09-04 01:30:00,56.48496985489128,0.0,0.01076,2.4192
2025-09-04 02:00:00,54.850669782863896,0.0,0.0,2.3762
2025-09-04 02:30:00,57.85837202110086,0.0,0.0,1.72032
2025-09-04 03:00:00,58.44702468924343,0.0,0.0,3.5159
2025-09-04 03:30:00,56.985010423546875,0.0,0.0,3.92448
2025-09-04 04:00:00,55.40059946196546,0.0,0.0,4.41908
2025-09-04 04:30:00,57.19517436520254,0.0,0.0,4.35456
2025-09-04 05:00:00,55.17991165246461,0.0,0.0,3.88148
2025-09-04 05:30:00,53.68708849708407,0.0,0.0,3.92448
2025-09-04 06:00:00,56.523109637147094,0.0,0.0,3.6234199999999994
2025-09-04 06:30:00,54.59781868377182,0.0,0.0,5.05344
2025-09-04 07:00:00,63.5651034128149,0.0,0.66124,3.59116
2025-09-04 07:30:00,68.05038504454635,0.0,2.4622,0.32794
2025-09-04 08:00:00,105.58441744000018,0.0,11.74118,0.0
2025-09-04 08:30:00,223.24812820264628,0.0,84.44084,0.0
2025-09-04 09:00:00,248.04364308564016,0.0,87.79546,0.0
2025-09-04 09:30:00,241.76673758645242,0.0,82.71514,0.0
2025-09-04 10:00:00,272.4572973037559,0.0,89.19860000000001,0.0
2025-09-04 10:30:00,275.7575865203779,0.0,99.13346000000001,0.0
2025-09-04 11:00:00,278.09619607375674,0.0,99.38074,0.0
2025-09-04 11:30:00,275.13281285277014,0.0,98.026,0.0
2025-09-04 12:00:00,242.20933408854114,0.0,97.37012,0.0
2025-09-04 12:30:00,270.0133911825133,0.0,101.14408,0.0
2025-09-04 13:00:00,251.25122738382703,0.0,102.46658,0.0
2025-09-04 13:30:00,230.56458058833275,0.0,100.18714,0.0
2025-09-04 14:00:00,247.0105554237466,0.0,99.06894,0.0
2025-09-04 14:30:00,281.99688861113066,0.0,96.30567999999998,0.0
2025-09-04 15:00:00,267.74581617115894,0.0,95.81108,0.0
2025-09-04 15:30:00,286.20083781173633,0.0,96.4777,0.0
2025-09-04 16:00:00,258.9817544488227,0.0,94.87566,0.0
2025-09-04 16:30:00,286.56911686666433,0.0,95.1337,0.0
2025-09-04 17:00:00,250.61493466556848,0.0,92.55324,0.0
2025-09-04 17:30:00,241.7373633056002,0.0,89.37064,0.0
2025-09-04 18:00:00,194.49349640128932,0.0,80.0164,0.0
2025-09-04 18:30:00,197.94814491679654,0.0,79.75834,0.0
2025-09-04 19:00:00,179.94845310534137,0.0,75.39304,0.0
2025-09-04 19:30:00,170.13320071100023,0.0,71.96314,0.0
2025-09-04 20:00:00,180.96312242561876,0.0,71.85562,0.0
2025-09-04 20:30:00,178.45024589856524,0.0,67.02798,0.0
2025-09-04 21:00:00,170.4434072121979,0.0,63.081999999999994,0.0
2025-09-04 21:30:00,155.9539513194983,0.0,58.2436,0.0
2025-09-04 22:00:00,155.62591533172255,0.0,56.1147,0.0
2025-09-04 22:30:00,138.26514188923497,0.0,44.66382,0.0
2025-09-04 23:00:00,80.29138191398573,0.0,7.397380000000001,1.91386
2025-09-04 23:30:00,59.807550269055135,0.0,0.0,3.41914
2025-09-05 00:00:00,54.597241219288485,0.0,0.01076,2.05364
2025-09-05 00:30:00,57.48290301626505,0.0,0.0,2.86004
2025-09-05 01:00:00,55.55171036748391,0.0,0.0,3.2686
2025-09-05 01:30:00,54.018290038572054,0.0,0.0,2.731
2025-09-05 02:00:00,51.71002730282429,0.0,0.0,2.69876
2025-09-05 02:30:00,56.7874580208057,0.0,0.0,3.09658
2025-09-05 03:00:00,47.267595933849435,0.0,0.0,5.04268
2025-09-05 03:30:00,51.18029473776653,0.0,0.0,4.8599
2025-09-05 04:00:00,55.813166637668196,0.0,0.0,4.20404
2025-09-05 04:30:00,50.80213343689874,0.0,0.0,4.40832
2025-09-05 05:00:00,48.26046703330407,0.0,0.0,4.06426
2025-09-05 05:30:00,51.85395408665127,0.0,0.0,3.95674
2025-09-05 06:00:00,49.912111261119385,0.0,0.0,3.94598
2025-09-05 06:30:00,45.89639369445315,0.0,0.0,5.36524
2025-09-05 07:00:00,70.24281340928331,0.0,6.41894,0.95692
2025-09-05 07:30:00,86.56942317014828,0.0,12.483080000000001,0.0
2025-09-05 08:00:00,110.80906110601535,0.0,25.37472,0.0
2025-09-05 08:30:00,209.43968187609119,0.0,77.80148,0.0
2025-09-05 09:00:00,230.11210650983847,0.0,85.973,0.0
2025-09-05 09:30:00,239.81097825837622,0.0,79.16698,0.0
2025-09-05 10:00:00,236.31717381283002,0.0,80.0164,0.0
2025-09-05 10:30:00,228.62236604115603,0.0,79.60782,0.0
2025-09-05 11:00:00,268.6436199949763,0.0,79.96264,0.0
2025-09-05 11:30:00,254.181118812094,0.0,78.21006,0.0
2025-09-05 12:00:00,253.1039380111064,0.0,80.07554,0.0
2025-09-05 12:30:00,255.82107669095396,0.0,84.8333,0.0
2025-09-05 13:00:00,246.82629448685523,0.0,85.7257,0.0
2025-09-05 13:30:00,228.3196137485892,0.0,83.81186,0.0
2025-09-05 14:00:00,231.25703570107422,0.0,82.31732,0.0
2025-09-05 14:30:00,225.53145332290183,0.0,82.05928,0.0
2025-09-05 15:00:00,243.0228486472582,0.0,80.67228,0.0
2025-09-05 15:30:00,244.1808600007591,0.0,78.50036,0.0
2025-09-05 16:00:00,225.64750871710203,0.0,73.19964,0.0
2025-09-05 16:30:00,215.3015651906528,0.0,72.95234,0.0
2025-09-05 17:00:00,229.1290851010583,0.0,74.26408,0.0
2025-09-05 17:30:00,214.71671897840636,0.0,71.69434,0.0
2025-09-05 18:00:00,169.50541890297012,0.0,65.42592,0.0
2025-09-05 18:30:00,163.57278360103246,0.0,46.44864,0.0
2025-09-05 19:00:00,160.32501026831312,0.0,42.36288,0.0
2025-09-05 19:30:00,171.2510679694485,0.0,38.05134,0.0
2025-09-05 20:00:00,144.6286602617998,0.0,38.1051,0.0
2025-09-05 20:30:00,137.74112300102456,0.0,38.18036,0.0
2025-09-05 21:00:00,125.40025436625709,0.0,36.79336,0.0
2025-09-05 21:30:00,138.40949444192285,0.0,39.19104,0.0
2025-09-05 22:00:00,122.45123804067661,0.0,32.09472,0.0
2025-09-05 22:30:00,65.02533116612922,0.0,7.04256,0.0
2025-09-05 23:00:00,52.04067583526873,0.0,1.45152,3.3116200000000005
2025-09-05 23:30:00,41.58282330957483,0.0,0.0,4.73088
2025-09-06 00:00:00,48.68357471640921,0.0,0.0,5.32762
2025-09-06 00:30:00,47.24184933978781,0.0,0.0,5.42976
2025-09-06 01:00:00,49.34012685961399,0.0,0.0,5.23622
2025-09-06 01:30:00,46.850424930643044,0.0,0.0,5.23622
2025-09-06 02:00:00,46.76182622549572,0.0,0.0,5.23622
2025-09-06 02:30:00,48.04983763952227,0.0,0.0,4.24704
2025-09-06 03:00:00,47.86068098230192,0.0,0.0,4.15028
2025-09-06 03:30:00,42.14494855581649,0.0,0.0,3.87072
2025-09-06 04:00:00,43.11927676066256,0.0,0.0,3.88148
2025-09-06 04:30:00,44.45015917892832,0.0,0.0,3.7201999999999997
2025-09-06 05:00:00,46.33772034783163,0.0,0.0,3.2686
2025-09-06 05:30:00,47.67100676936632,0.0,0.0,3.4621399999999998
2025-09-06 06:00:00,47.8635245085956,0.0,0.0,3.09658
2025-09-06 06:30:00,48.15937249538833,0.0,0.0,3.63418
2025-09-06 07:00:00,49.1532295683034,0.0,0.0,3.9782399999999996
2025-09-06 07:30:00,42.27467464236254,0.0,0.0,4.63412
2025-09-06 08:00:00,50.512265608455344,0.0,3.73094,3.64492
2025-09-06 08:30:00,104.71407192251272,0.0,35.27732,0.0
2025-09-06 09:00:00,110.5800218881776,0.0,37.93306,0.0
2025-09-06 09:30:00,113.1427488595903,0.0,38.01908,0.0
2025-09-06 10:00:00,93.37479419319045,0.0,39.84692,0.0
2025-09-06 10:30:00,127.95858635330032,0.0,38.89,0.0
2025-09-06 11:00:00,120.87499649779824,0.0,38.56742,0.0
2025-09-06 11:30:00,113.10105280376011,0.0,38.933,0.0
2025-09-06 12:00:00,133.94927432736398,0.0,44.5348,0.0
2025-09-06 12:30:00,124.58003928471275,0.0,48.55604,0.0
2025-09-06 13:00:00,126.38432567408054,0.0,48.59904,0.0
2025-09-06 13:30:00,123.01816195427367,0.0,47.68512,0.0
2025-09-06 14:00:00,136.7461684066372,0.0,47.2443,0.0
2025-09-06 14:30:00,121.56746118612632,0.0,44.12622,0.0
2025-09-06 15:00:00,126.659808581369,0.0,46.30886,0.0
2025-09-06 15:30:00,131.9712069903121,0.0,45.82504,0.0
2025-09-06 16:00:00,128.06326174432903,0.0,44.99712,0.0
2025-09-06 16:30:00,121.93263222995107,0.0,44.52404,0.0
2025-09-06 17:00:00,129.93818368549026,0.0,46.02932,0.0
2025-09-06 17:30:00,140.35393267618986,0.0,47.45934,0.0
2025-09-06 18:00:00,125.20492687124101,0.0,47.00774,0.0
2025-09-06 18:30:00,116.56766229026718,0.0,40.59956,0.0
2025-09-06 19:00:00,111.99664523891629,0.0,37.22342,0.0
2025-09-06 19:30:00,64.47070150368832,0.0,8.03174,0.13978
2025-09-06 20:00:00,49.47347677884111,0.0,0.0,2.7095
2025-09-06 20:30:00,46.16785274263043,0.0,0.01076,1.54828
2025-09-06 21:00:00,43.05511137396025,0.0,0.0215,1.301
2025-09-06 21:30:00,43.75341849543433,0.0,0.09676,1.53754
2025-09-06 22:00:00,44.96455756271713,0.0,0.0,3.5589199999999996
2025-09-06 22:30:00,44.94890487571064,0.0,0.0,3.3438799999999995
2025-09-06 23:00:00,50.94857508188565,0.0,0.0,2.47296
2025-09-06 23:30:00,48.1200467705428,0.0,0.0,2.36544
2025-09-07 00:00:00,42.884508750317586,0.0,0.0,4.32768
2025-09-07 00:30:00,49.5717278787007,0.0,0.0,4.90292
2025-09-07 01:00:00,44.71070990836055,0.0,0.0,4.37606
2025-09-07 01:30:00,45.615941315155226,0.0,0.0,3.6879400000000007
2025-09-07 02:00:00,47.85873406147606,0.0,0.0,4.23092
2025-09-07 02:30:00,47.201047545368894,0.0,0.0,3.73094
2025-09-07 03:00:00,50.91699566739915,0.0,0.0,3.52666
2025-09-07 03:30:00,46.009132140816845,0.0,0.0,3.1826
2025-09-07 04:00:00,45.484408741104204,0.0,0.0,2.9030399999999994
2025-09-07 04:30:00,43.78284254824122,0.0,0.0,3.4406399999999997
2025-09-07 05:00:00,42.21143683571277,0.0,0.0,2.731
2025-09-07 05:30:00,46.01282072432001,0.0,0.01076,2.67724
2025-09-07 06:00:00,49.368792354281474,0.0,0.0,2.65574
2025-09-07 06:30:00,47.92179027777408,0.0,0.0,2.25792
2025-09-07 07:00:00,44.046163922099296,0.0,0.0,3.2041
2025-09-07 07:30:00,43.353297344716026,0.0,0.0,2.4622
2025-09-07 08:00:00,50.98064086546796,0.0,2.9138,1.6235600000000001
2025-09-07 08:30:00,115.42754285770162,0.0,41.56724,0.0
2025-09-07 09:00:00,122.41920263807684,0.0,45.9648,0.0
2025-09-07 09:30:00,120.56683266500829,0.0,45.80352,0.0
2025-09-07 10:00:00,116.71647544420378,0.0,46.17984,0.0
2025-09-07 10:30:00,126.23614826505968,0.0,44.80358,0.0
2025-09-07 11:00:00,101.96819674089906,0.0,44.5993,0.0
2025-09-07 11:30:00,123.14659538852793,0.0,44.45952,0.0
2025-09-07 12:00:00,137.20812549973044,0.0,44.58856,0.0
2025-09-07 12:30:00,111.2655611546302,0.0,45.05088,0.0
2025-09-07 13:00:00,119.26481692400611,0.0,44.73908,0.0
2025-09-07 13:30:00,121.86999770732848,0.0,44.76058,0.0
2025-09-07 14:00:00,117.54723311369158,0.0,42.35214,0.0
2025-09-07 14:30:00,124.95441206614979,0.0,40.80384,0.0
2025-09-07 15:00:00,122.600570033963,0.0,42.35214,0.0
2025-09-07 15:30:00,112.89768306826922,0.0,35.36334,0.0
2025-09-07 16:00:00,95.11573874353058,0.0,25.826299999999996,0.0
2025-09-07 16:30:00,53.640601910300305,0.0,1.8386,1.387
2025-09-07 17:00:00,51.81390473213822,0.0,0.0,3.94598
2025-09-07 17:30:00,44.31193008416936,0.0,0.0,3.8922200000000005
2025-09-07 18:00:00,43.76494379851645,0.0,0.0,3.65568
2025-09-07 18:30:00,40.1053895454372,0.0,0.0,4.18252
2025-09-07 19:00:00,43.20292144337658,0.0,0.0,4.47284
2025-09-07 19:30:00,46.81547427718354,0.0,0.0,4.661
2025-09-07 20:00:00,41.57472784749032,0.0,0.0,4.3223
2025-09-07 20:30:00,41.46931854436641,0.0,0.0,3.8707200000000004
2025-09-07 21:00:00,46.4134246071015,0.0,0.0,3.66644
2025-09-07 21:30:00,48.2479212055541,0.0,0.0,3.52666
2025-09-07 22:00:00,46.54880399363286,0.0,0.0,3.19334
2025-09-07 22:30:00,45.40584524141532,0.0,0.0,3.0750799999999994
2025-09-07 23:00:00,41.27184560577655,0.0,0.0,3.5374
2025-09-07 23:30:00,47.5922251807737,0.0,0.0,3.3976399999999995
2025-09-08 00:00:00,45.95422351111168,0.0,0.0,3.9782399999999996
2025-09-08 00:30:00,42.390924686801064,0.0,0.01076,3.75244
2025-09-08 01:00:00,47.368872888022835,0.0,0.0,3.35462
2025-09-08 01:30:00,51.30463323032666,0.0,0.0,2.35468
2025-09-08 02:00:00,48.88481846864201,0.0,0.0,4.5911
2025-09-08 02:30:00,41.0681171876171,0.0,0.0,5.548039999999999
2025-09-08 03:00:00,43.06634317621856,0.0,0.0,4.90292
2025-09-08 03:30:00,43.607455058637086,0.0,0.0,5.3975
2025-09-08 04:00:00,42.88443104038776,0.0,0.0,4.60186
2025-09-08 04:30:00,46.63144805000299,0.0,0.0,4.58036
2025-09-08 05:00:00,47.11322648577295,0.0,0.0,4.36532
2025-09-08 05:30:00,44.447146325118496,0.0,0.0,4.06426
2025-09-08 06:00:00,48.847700524548564,0.0,0.0,4.50508
2025-09-08 06:30:00,46.42970999633375,0.0,0.0,5.67706
2025-09-08 07:00:00,49.72324848393011,0.0,0.0,5.8921
2025-09-08 07:30:00,66.28094791001823,0.0,2.60198,2.35468
2025-09-08 08:00:00,88.7686973541204,0.0,8.32206,0.0
2025-09-08 08:30:00,202.88197700229466,0.0,68.40422,0.0
2025-09-08 09:00:00,232.4382278349719,0.0,72.40398,0.0
2025-09-08 09:30:00,243.09720630489292,0.0,74.82856,0.0
2025-09-08 10:00:00,247.7493324521413,0.0,77.24238,0.0
2025-09-08 10:30:00,258.58557871408635,0.0,72.533,0.0
2025-09-08 11:00:00,254.1415721940747,0.0,73.17812,0.0
2025-09-08 11:30:00,255.80955115489215,0.0,66.40436,0.0
2025-09-08 12:00:00,266.3392345133585,0.0,68.9741,0.0
2025-09-08 12:30:00,243.27317286724346,0.0,69.8665,0.0
2025-09-08 13:00:00,251.7525063371624,0.0,72.61902,0.0
2025-09-08 13:30:00,237.44569236815067,0.0,81.81198,0.0
2025-09-08 14:00:00,232.00176160989702,0.0,80.98408,0.0
2025-09-08 14:30:00,253.41274191723986,0.0,78.50036,0.0
2025-09-08 15:00:00,244.12296261070298,0.0,82.03778,0.0
2025-09-08 15:30:00,253.85578700429681,0.0,79.44116,0.0
2025-09-08 16:00:00,236.26397141679448,0.0,73.41466,0.0
2025-09-08 16:30:00,232.42250495229308,0.0,73.13512,0.0
2025-09-08 17:00:00,241.89258382919124,0.0,75.83386,0.0
2025-09-08 17:30:00,240.8345775672562,0.0,76.57576,0.0
2025-09-08 18:00:00,194.57593059672837,0.0,60.6843,0.0
2025-09-08 18:30:00,190.68055681258096,0.0,44.79284,0.0
2025-09-08 19:00:00,176.2111759930604,0.0,42.13172,0.0
2025-09-08 19:30:00,156.4620703891903,0.0,42.15322,0.0
2025-09-08 20:00:00,145.83645470534327,0.0,42.6962,0.0
2025-09-08 20:30:00,152.77764392159952,0.0,41.47048,0.0
2025-09-08 21:00:00,126.85441069730703,0.0,42.21774,0.0
2025-09-08 21:30:00,122.50745642988787,0.0,41.8199,0.0
2025-09-08 22:00:00,110.26064232414262,0.0,33.56774,0.0
2025-09-08 22:30:00,58.344799258365484,0.0,8.4457,0.0
2025-09-08 23:00:00,54.777351652425985,0.0,1.23648,3.61268
2025-09-08 23:30:00,49.95731145666048,0.0,0.0,5.09644
2025-09-09 00:00:00,43.89937677143548,0.0,0.0,4.16102
2025-09-09 00:30:00,44.212725839378095,0.0,0.0,5.54804
2025-09-09 01:00:00,44.13829846326067,0.0,0.0,6.268420000000001
2025-09-09 01:30:00,44.50156784262987,0.0,0.0,5.61254
2025-09-09 02:00:00,43.97502216418355,0.0,0.0,5.72006
2025-09-09 02:30:00,43.42235652088165,0.0,0.0,5.48352
2025-09-09 03:00:00,42.7566179768586,0.0,0.07526,5.02118
2025-09-09 03:30:00,42.11309006489289,0.0,0.0,4.63412
2025-09-09 04:00:00,44.21724272201089,0.0,0.0,4.08576
2025-09-09 04:30:00,43.906347734015355,0.0,0.01076,3.3116200000000005
2025-09-09 05:00:00,47.440297574431746,0.0,0.0,3.5159000000000002
2025-09-09 05:30:00,47.1811162999414,0.0,0.0,3.50516
2025-09-09 06:00:00,46.074409018567344,0.0,0.0,3.46214
2025-09-09 06:30:00,43.94544989310378,0.0,0.0,4.44596
2025-09-09 07:00:00,47.35937643881553,0.0,0.0,4.47284
2025-09-09 07:30:00,52.33251848315791,0.0,0.43008,2.80628
2025-09-09 08:00:00,93.17970641910968,0.0,8.95642,0.32256
2025-09-09 08:30:00,208.0409384061142,0.0,66.79144,0.0
2025-09-09 09:00:00,235.73074905218917,0.0,71.5008,0.0
2025-09-09 09:30:00,241.5383184208591,0.0,68.8128,0.0
2025-09-09 10:00:00,256.87058583376796,0.0,67.85588,0.0
2025-09-09 10:30:00,240.37437171053628,0.0,69.03322,0.0
2025-09-09 11:00:00,254.16037737739205,0.0,71.7051,0.0
2025-09-09 11:30:00,285.12770430365447,0.0,70.72666,0.0
2025-09-09 12:00:00,272.94354285701274,0.0,69.67298,0.0
2025-09-09 12:30:00,245.22282179857064,0.0,73.3394,0.0
2025-09-09 13:00:00,247.77892812750292,0.0,80.14542,0.0
2025-09-09 13:30:00,244.50872290035838,0.0,83.38176,0.0
2025-09-09 14:00:00,244.70292108267157,0.0,81.10234,0.0
2025-09-09 14:30:00,255.37985208480873,0.0,82.93018,0.0
2025-09-09 15:00:00,288.74057360787,0.0,89.66094,0.0
2025-09-09 15:30:00,254.92080879364585,0.0,87.50516,0.0
2025-09-09 16:00:00,262.6817093273264,0.0,85.05908,0.0
2025-09-09 16:30:00,235.4803956475108,0.0,83.72584,0.0
2025-09-09 17:00:00,256.6588640078514,0.0,84.61826,0.0
2025-09-09 17:30:00,276.8234928896445,0.0,87.12346,0.0
2025-09-09 18:00:00,241.60064437878847,0.0,82.4571,0.0
2025-09-09 18:30:00,151.48505725814692,0.0,71.56532,0.0
2025-09-09 19:00:00,188.17938673629104,0.0,68.58702,0.0
2025-09-09 19:30:00,116.54063529284589,0.0,30.48192,0.0
2025-09-09 20:00:00,63.99059463955969,0.0,1.31174,1.74182
2025-09-09 20:30:00,61.79418188595837,0.0,0.0,2.48372
2025-09-09 21:00:00,48.29620510503962,0.0,0.01076,1.80634
2025-09-09 21:30:00,50.642409740577236,0.0,0.01076,2.04288
2025-09-09 22:00:00,48.31923221211776,0.0,0.01076,1.40852
2025-09-09 22:30:00,40.53857622881005,0.0,0.0,4.51584
2025-09-09 23:00:00,47.07499308620477,0.0,0.0,4.36532
2025-09-09 23:30:00,47.88154006281204,0.0,0.0,4.3223
2025-09-10 00:00:00,48.89513203238334,0.0,0.0,2.58048
2025-09-10 00:30:00,46.91631243719349,0.0,0.0,3.0213199999999993
2025-09-10 01:00:00,45.29339920112246,0.0,0.0,2.3977
2025-09-10 01:30:00,47.24641379694103,0.0,0.0,2.89228
2025-09-10 02:00:00,53.11629651811494,0.0,0.0,2.45146
2025-09-10 02:30:00,52.02230043488062,0.0,0.01076,2.42996
2025-09-10 03:00:00,50.51528453345605,0.0,0.0,2.67724
2025-09-10 03:30:00,48.84885255005213,0.0,0.0,4.13952
2025-09-10 04:00:00,44.923111819725314,0.0,0.0,3.59116
2025-09-10 04:30:00,50.540403924206935,0.0,0.0,3.2041000000000004
2025-09-10 05:00:00,47.8472603185853,0.0,0.0,3.10732
2025-09-10 05:30:00,50.90196138101264,0.0,0.0,2.78476
2025-09-10 06:00:00,46.03091875675818,0.0,0.0,3.4621399999999998
2025-09-10 06:30:00,46.83578291061269,0.0,0.0,3.9137200000000005
2025-09-10 07:00:00,55.79432318274279,0.0,0.0,3.56966
2025-09-10 07:30:00,60.42496351388926,0.0,0.01076,3.65568
2025-09-10 08:00:00,114.94790041125859,0.0,12.87014,0.20428
2025-09-10 08:30:00,209.81406528264637,0.0,71.49006,0.0
2025-09-10 09:00:00,212.1048856312778,0.0,84.85478,0.0
2025-09-10 09:30:00,263.25857609121726,0.0,96.83252,0.0
2025-09-10 10:00:00,279.4786753061271,0.0,94.47782,0.0
2025-09-10 10:30:00,255.35031791214115,0.0,92.12314,0.0
2025-09-10 11:00:00,241.9371790259255,0.0,90.72538,0.0
2025-09-10 11:30:00,263.9179831256127,0.0,102.38056,0.0
2025-09-10 12:00:00,278.89385873991375,0.0,81.941,0.0
2025-09-10 12:30:00,291.89017224126263,0.0,76.45748,0.0
2025-09-10 13:00:00,267.26256219238405,0.0,77.62943999999999,0.0
2025-09-10 13:30:00,269.62418994652893,0.0,77.40366,0.0
2025-09-10 14:00:00,265.488694734822,0.0,73.52218,0.0
2025-09-10 14:30:00,275.28185667919405,0.0,75.38228,0.0
2025-09-10 15:00:00,264.4296247421121,0.0,77.3284,0.0
2025-09-10 15:30:00,243.85026094599849,0.0,71.29652,0.0
2025-09-10 16:00:00,271.0906678043666,0.0,71.79112,0.0
2025-09-10 16:30:00,288.37631350390336,0.0,73.00608,0.0
2025-09-10 17:00:00,274.85628621406283,0.0,75.07584,0.0
2025-09-10 17:30:00,283.9043738801024,0.0,80.0594,0.0
2025-09-10 18:00:00,244.9619251625136,0.0,65.30766,0.0
2025-09-10 18:30:00,229.43396112606604,0.0,64.72704,0.0
2025-09-10 19:00:00,229.1707814277661,0.0,64.57652,0.0
2025-09-10 19:30:00,142.6380223238637,0.0,27.6864,0.0
2025-09-10 20:00:00,106.82952500833825,0.0,2.09664,0.0
2025-09-10 20:30:00,92.9053913182194,0.0,0.043,2.63424
2025-09-10 21:00:00,62.13451847044172,0.0,0.01076,2.01062
2025-09-10 21:30:00,46.19037676317753,0.0,0.01076,1.84934
2025-09-10 22:00:00,45.63378592400419,0.0,0.01076,2.3278
2025-09-10 22:30:00,43.2054912462283,0.0,0.0,3.7739600000000006
2025-09-10 23:00:00,44.66704222231602,0.0,0.0,4.5911
2025-09-10 23:30:00,44.08767129706288,0.0,0.01076,3.77396
2025-09-11 00:00:00,45.214237900982525,0.0,0.0,2.83852
2025-09-11 00:30:00,47.3850619599128,0.0,0.0,4.5911
2025-09-11 01:00:00,47.30673074785098,0.0,0.0,4.35456
2025-09-11 01:30:00,48.537918691058124,0.0,0.0,4.9943
2025-09-11 02:00:00,48.15644889874087,0.0,0.0,4.98892
2025-09-11 02:30:00,46.714700446032204,0.0,0.0,4.76314
2025-09-11 03:00:00,48.26952454407274,0.0,0.0,4.90292
2025-09-11 03:30:00,50.60965840092385,0.0,0.0,4.075
2025-09-11 04:00:00,44.64391011170891,0.0,0.0,4.51584
2025-09-11 04:30:00,46.66861829774205,0.0,0.0,3.87072
2025-09-11 05:00:00,43.06079674972091,0.0,0.0,3.85996
2025-09-11 05:30:00,45.42913574610185,0.0,0.0,3.7739599999999998
2025-09-11 06:00:00,45.802669636172524,0.0,0.0,3.97824
2025-09-11 06:30:00,45.9940981668356,0.0,0.0,4.96742
2025-09-11 07:00:00,50.29524167819631,0.0,0.0,4.6126
2025-09-11 07:30:00,58.92020158598148,0.0,1.64506,2.03212
2025-09-11 08:00:00,91.47080623045676,0.0,10.47246,0.0
2025-09-11 08:30:00,210.6684206444412,0.0,76.23168,0.0
2025-09-11 09:00:00,229.33835477311848,0.0,75.07584,0.0
2025-09-11 09:30:00,245.54808169917644,0.0,75.99514,0.0
2025-09-11 10:00:00,245.16211847162833,0.0,74.9952,0.0
2025-09-11 10:30:00,228.4021830320205,0.0,76.03816,0.0
2025-09-11 11:00:00,244.41543890534203,0.0,81.55394,0.0
2025-09-11 11:30:00,249.080107747029,0.0,87.71482,0.0
2025-09-11 12:00:00,252.83445768704564,0.0,90.68238,0.0
2025-09-11 12:30:00,256.0531894984505,0.0,91.8221,0.0
2025-09-11 13:00:00,266.21178591741767,0.0,85.10208,0.0
2025-09-11 13:30:00,245.39434421476108,0.0,79.88736,0.0
2025-09-11 14:00:00,228.8522902548574,0.0,78.62938,0.0
2025-09-11 14:30:00,257.81872407453363,0.0,81.37652,0.0
2025-09-11 15:00:00,263.06757230525346,0.0,86.01602,0.0
2025-09-11 15:30:00,243.5491841057479,0.0,83.88712,0.0
2025-09-11 16:00:00,266.0872373425735,0.0,85.04834,0.0
2025-09-11 16:30:00,245.15346440001701,0.0,81.52168,0.0
2025-09-11 17:00:00,228.6422390024609,0.0,82.87642,0.0
2025-09-11 17:30:00,250.57567699529088,0.0,82.0055,0.0
2025-09-11 18:00:00,223.21934097762863,0.0,77.80686,0.0
2025-09-11 18:30:00,197.38319828943796,0.0,71.9954,0.0
2025-09-11 19:00:00,194.65029940276258,0.0,70.1568,0.0
2025-09-11 19:30:00,125.98630182731462,0.0,29.64326,0.0215
2025-09-11 20:00:00,98.68475251481124,0.0,0.32256,0.47308
2025-09-11 20:30:00,87.30967996067055,0.0,0.10752,1.0322
2025-09-11 21:00:00,75.32923352396199,0.0,0.15051999999999996,0.73114
2025-09-11 21:30:00,62.24685529085991,0.0,0.35482,0.25804
2025-09-11 22:00:00,45.907729462254494,0.0,0.21504000000000004,1.45152
2025-09-11 22:30:00,46.905033458378355,0.0,0.0,3.27936
2025-09-11 23:00:00,43.69493959838485,0.0,0.0,2.82778
2025-09-11 23:30:00,48.31387593574729,0.0,0.0,5.1287
2025-09-12 00:00:00,45.39406226348661,0.0,0.0,3.7847
2025-09-12 00:30:00,43.171221987903415,0.0,0.0,4.37606
2025-09-12 01:00:00,44.853644466707586,0.0,0.0,5.83834
2025-09-12 01:30:00,42.43363260057072,0.0,0.0,5.1287
2025-09-12 02:00:00,40.84667380487597,0.0,0.0,5.30074
2025-09-12 02:30:00,43.01125863501413,0.0,0.0,5.67706
2025-09-12 03:00:00,46.602650515459004,0.0,0.0,5.49428
2025-09-12 03:30:00,44.65429170922472,0.0,0.0,4.97818
2025-09-12 04:00:00,42.6987182745135,0.0,0.0,4.98892
2025-09-12 04:30:00,42.77117847556106,0.0,0.0,4.32768
2025-09-12 05:00:00,47.71055389225124,0.0,0.0,4.33844
2025-09-12 05:30:00,41.996136121948524,0.0,0.0,4.23092
2025-09-12 06:00:00,43.34311586853172,0.0,0.0,4.36532
2025-09-12 06:30:00,44.19177942380059,0.0,0.0,5.28998
2025-09-12 07:00:00,45.24389648057885,0.0,0.0,4.8599
2025-09-12 07:30:00,66.52711040445247,0.0,0.0,4.21478
2025-09-12 08:00:00,110.74439826750549,0.0,9.44026,0.72038
2025-09-12 08:30:00,223.47263555545044,0.0,69.95252,0.0
2025-09-12 09:00:00,234.7906032718957,0.0,69.76974,0.0
2025-09-12 09:30:00,230.54720269721108,0.0,68.89882,0.0
2025-09-12 10:00:00,224.9986076362762,0.0,68.17844,0.0
2025-09-12 10:30:00,245.9039494289689,0.0,69.11924,0.0
2025-09-12 11:00:00,229.8404226497371,0.0,67.90964,0.0
2025-09-12 11:30:00,251.74507008548002,0.0,73.5437,0.0
2025-09-12 12:00:00,257.395213584683,0.0,75.65108,0.0
2025-09-12 12:30:00,265.76794697443967,0.0,78.70466,0.0
2025-09-12 13:00:00,202.1030508458737,0.0,56.587779999999995,0.0
2025-09-12 13:30:00,186.95026196873562,0.0,49.4592,0.0
2025-09-12 14:00:00,172.0140046146386,0.0,48.08296000000001,0.0
2025-09-12 14:30:00,174.68390569659613,0.0,51.12575999999999,0.0
2025-09-12 15:00:00,255.8957569661281,0.0,80.5755,0.0
2025-09-12 15:30:00,260.16838489882224,0.0,81.02708,0.0
2025-09-12 16:00:00,265.1031780957661,0.0,82.27432,0.0
2025-09-12 16:30:00,248.37011633417342,0.0,77.99502,0.0
2025-09-12 17:00:00,243.79830970674632,0.0,78.22618,0.0
2025-09-12 17:30:00,202.45726599945826,0.0,43.51872,0.0
2025-09-12 18:00:00,120.87724738880144,0.0,2.1289,0.45158
2025-09-12 18:30:00,86.10044598503627,0.0,0.2258,0.63436
2025-09-12 19:00:00,83.0718866546882,0.0,0.043,1.66656
2025-09-12 19:30:00,66.17609015392077,0.0,0.0,2.63424
2025-09-12 20:00:00,66.08469520691791,0.0,0.0,2.63424
2025-09-12 20:30:00,58.78184858195558,0.0,0.01076,3.7847000000000004
2025-09-12 21:00:00,59.028642347672225,0.0,0.0,2.3977
2025-09-12 21:30:00,54.19371299417354,0.0,0.0215,1.3655
2025-09-12 22:00:00,49.07680336949382,0.0,0.15052,0.81716
2025-09-12 22:30:00,41.476531268931474,0.0,0.01076,2.98906
2025-09-12 23:00:00,41.651765771510576,0.0,0.0,3.29012
2025-09-12 23:30:00,41.45889126284045,0.0,0.0,3.32236
2025-09-13 00:00:00,44.348955087063054,0.0,0.0,4.46208
2025-09-13 00:30:00,45.22276441820995,0.0,0.0,2.76326
2025-09-13 01:00:00,46.27828334914201,0.0,0.0,2.76326
2025-09-13 01:30:00,47.99584118210316,0.0,0.01076,2.62348
2025-09-13 02:00:00,47.832003786446656,0.0,0.0,2.45146
2025-09-13 02:30:00,48.04433185517277,0.0,0.0,2.36544
2025-09-13 03:00:00,42.916371892031904,0.0,0.010760000000000002,1.47302
2025-09-13 03:30:00,49.31691609999119,0.0,0.03226,1.29024
2025-09-13 04:00:00,45.41730909142249,0.0,0.0,2.8707800000000003
2025-09-13 04:30:00,48.589725053966866,0.0,0.01076,3.4729
2025-09-13 05:00:00,41.8782366347845,0.0,0.0,4.41908
2025-09-13 05:30:00,46.77506481888288,0.0,0.0,4.24704
2025-09-13 06:00:00,47.02174021950166,0.0,0.0,4.10726
2025-09-13 06:30:00,48.05824520944266,0.0,0.0,4.22016
2025-09-13 07:00:00,41.53309845390952,0.0,0.0,4.40832
2025-09-13 07:30:00,45.39066117324426,0.0,0.0,4.8169
2025-09-13 08:00:00,40.1968014987187,0.0,0.0,6.11788
2025-09-13 08:30:00,43.691998752893554,0.0,0.0,6.1609
2025-09-13 09:00:00,44.549756393319264,0.0,0.0,5.20934
2025-09-13 09:30:00,46.07165225849832,0.0,0.0,5.419
2025-09-13 10:00:00,43.237936158543945,0.0,0.0,3.46214
2025-09-13 10:30:00,45.65535294803927,0.0,0.0,3.55892
2025-09-13 11:00:00,46.7925433549911,0.0,0.0,3.96748
2025-09-13 11:30:00,41.26887383604246,0.0,0.0,3.50516
2025-09-13 12:00:00,45.74627813238585,0.0,0.0,3.42988
2025-09-13 12:30:00,46.76649673559027,0.0,0.0,2.60736
2025-09-13 13:00:00,44.65190711547803,0.0,0.0,2.9675599999999998
2025-09-13 13:30:00,41.90498187517608,0.0,0.0,4.82764
2025-09-13 14:00:00,44.72948907994424,0.0,0.0,5.54804
2025-09-13 14:30:00,42.27696681136893,0.0,0.0,5.26848
2025-09-13 15:00:00,44.262970188948216,0.0,0.0,5.24698
2025-09-13 15:30:00,44.11408668229497,0.0,0.0,5.3545
2025-09-13 16:00:00,45.47728637020119,0.0,0.0,5.52652
2025-09-13 16:30:00,42.17876009759679,0.0,0.0,5.924359999999999
2025-09-13 17:00:00,41.25342731114288,0.0,0.0,5.88134
2025-09-13 17:30:00,44.0056042611559,0.0,0.0,5.56954
2025-09-13 18:00:00,46.25085720534653,0.0,0.0,5.28998
2025-09-13 18:30:00,48.07455206923686,0.0,0.0,4.75238
2025-09-13 19:00:00,41.3621383921751,0.0,0.0,4.40832
2025-09-13 19:30:00,44.877003325040356,0.0,0.01076,4.51584
2025-09-13 20:00:00,43.13378040450604,0.0,0.0,4.18252
2025-09-13 20:30:00,48.72256291954593,0.0,0.0,3.67718
2025-09-13 21:00:00,44.36649368874326,0.0,0.0,3.5911599999999995
2025-09-13 21:30:00,44.197371724335966,0.0,0.0,3.50516
2025-09-13 22:00:00,45.407358734983475,0.0,0.0,2.9353
2025-09-13 22:30:00,46.06173685152042,0.0,0.0,4.65562
2025-09-13 23:00:00,45.212518555998585,0.0,0.0,5.88134
2025-09-13 23:30:00,47.18437986196503,0.0,0.0,5.30074
2025-09-14 00:00:00,42.198593969751165,0.0,0.0,5.53728
2025-09-14 00:30:00,42.095722368444534,0.0,0.0,5.200540425531915
2025-09-14 01:00:00,40.855546461130544,0.0,0.0,5.038802978723404
2025-09-14 01:30:00,45.24348304342015,0.0,0.0,5.786867659574468
2025-09-14 02:00:00,44.85345707642065,0.0,0.0,5.371085531914893
2025-09-14 02:30:00,42.84758109271847,0.0,0.0,5.447722127659575
2025-09-14 03:00:00,41.66114786781045,0.0,0.0,5.771543829787233
2025-09-14 03:30:00,43.89496974722039,0.0,0.0,6.475682553191488
2025-09-14 04:00:00,44.79970177674465,0.0,0.0,6.644501276595745
2025-09-14 04:30:00,41.35291756106794,0.0,0.0,6.785876595744681
2025-09-14 05:00:00,42.35333046987046,0.0,0.0,7.045309787234043
2025-09-14 05:30:00,45.057970040455,0.0,0.0,6.703527659574468
2025-09-14 06:00:00,39.22255113528092,0.0,0.0,6.404073191489361
2025-09-14 06:30:00,41.933799118651294,0.0,0.0,6.600358297872341
2025-09-14 07:00:00,41.218288540805176,0.0,0.0,6.147400000000001
2025-09-14 07:30:00,42.35763979029422,0.0,0.0,5.87699744680851
2025-09-14 08:00:00,42.076184312119544,0.0,0.0,5.916576595744681
2025-09-14 08:30:00,43.52393081379613,0.0,0.0,6.055659999999999
2025-09-14 09:00:00,47.58187981707599,0.0,0.0,6.197500425531915
2025-09-14 09:30:00,42.54849737434099,0.0,0.0,6.375028936170213
2025-09-14 10:00:00,42.98085106248516,0.0,0.0,6.857262978723405
2025-09-14 10:30:00,47.177358108618776,0.0,0.0,6.870530212765957
2025-09-14 11:00:00,42.20072287110611,0.0,0.0,6.8048782978723406
2025-09-14 11:30:00,46.95927778988313,0.0,0.0,6.978736170212765
2025-09-14 12:00:00,42.922066299570915,0.0,0.0,7.078702978723404
2025-09-14 12:30:00,46.61300562411041,0.0,0.0,7.03432255319149
2025-09-14 13:00:00,44.95367357281706,0.0,0.0,6.648170638297872
2025-09-14 13:30:00,52.226942896011565,0.0,0.0,4.823076170212775
2025-09-14 14:00:00,61.139802118098075,0.0,0.00434978723404253,2.8803906382978717
2025-09-14 14:30:00,58.591816336515016,0.0,0.0066391489361702334,3.2848553191489347
2025-09-14 15:00:00,61.33377588653393,0.0,0.0,3.5694323404255326
2025-09-14 15:30:00,66.99292135908273,0.0,0.0,3.30772170212766
2025-09-14 16:00:00,64.27574149546989,0.0,0.0,3.3720089361702126
2025-09-14 16:30:00,60.24635896535894,0.0,0.0,3.7938506382978696
2025-09-14 17:00:00,49.76111925017503,0.0,0.0,4.753523829787228
2025-09-14 17:30:00,43.80602917000127,0.0,0.0,5.763295744680852
2025-09-14 18:00:00,44.92141827459372,0.0,0.0,5.436618723404255
2025-09-14 18:30:00,41.556291343921835,0.0,0.0,5.51715659574468
2025-09-14 19:00:00,40.69452878538068,0.0,0.0,5.54620680851064
2025-09-14 19:30:00,44.438034979930784,0.0,0.0,5.320630638297873
2025-09-14 20:00:00,46.646667562039006,0.0,0.0,5.392465531914893
2025-09-14 20:30:00,45.87048725805641,0.0,0.0,5.533627234042553
2025-09-14 21:00:00,41.02051166875163,0.0,0.0,5.471169787234042
2025-09-14 21:30:00,42.079936513054115,0.0,0.0,5.731728085106384
2025-09-14 22:00:00,41.86721791345414,0.0,0.0,5.247326382978724
2025-09-14 22:30:00,43.34699259405749,0.0,0.0,4.783606382978723
2025-09-14 23:00:00,46.66109133684819,0.0,0.0,4.875223404255319
2025-09-14 23:30:00,40.58082634267397,0.0,0.0,4.5911
2025-09-15 00:00:00,43.11975964855123,0.0,0.0,1.97836
2025-09-15 00:30:00,47.24165987612662,0.0,0.043,1.52678
2025-09-15 01:00:00,40.73594908779741,0.0,0.0,4.32768
2025-09-15 01:30:00,43.74709754513488,0.0,0.0,3.2686
2025-09-15 02:00:00,44.02728327594514,0.0,0.01076,3.2041
2025-09-15 02:30:00,44.20279561817917,0.0,0.0,2.731
2025-09-15 03:00:00,41.47660886559964,0.0,0.0,3.01056
2025-09-15 03:30:00,41.405058128672486,0.0,0.0,2.9030399999999994
2025-09-15 04:00:00,45.56558726695165,0.0,0.0,2.32244
2025-09-15 04:30:00,45.57442541902866,0.0,0.01076,2.06438
2025-09-15 05:00:00,47.22007410885042,0.0,0.0,2.76326
2025-09-15 05:30:00,46.58053907601488,0.0,0.0,4.93516
2025-09-15 06:00:00,42.5753003274652,0.0,0.0,4.94592
2025-09-15 06:30:00,42.07292588021473,0.0,0.0,4.7954
2025-09-15 07:00:00,45.30252574158306,0.0,0.0,5.40826
2025-09-15 07:30:00,42.64614828667749,0.0,0.0,4.8814
2025-09-15 08:00:00,45.2531422973051,0.0,0.08602,1.9461199999999999
2025-09-15 08:30:00,45.73578986606961,0.0,0.01076,2.88154
2025-09-15 09:00:00,54.51298190413869,0.0,0.0,4.06426
2025-09-15 09:30:00,53.14281730765679,0.0,0.01076,2.13964
2025-09-15 10:00:00,57.10959952778165,0.0,0.043,1.6558
2025-09-15 10:30:00,60.864465695149455,0.0,0.03226,1.70956
2025-09-15 11:00:00,59.668823114559295,0.0,0.0,2.45146
2025-09-15 11:30:00,62.60949162658963,0.0,0.0215,1.89236
2025-09-15 12:00:00,53.22824192612701,0.0,0.03226,1.47302
2025-09-15 12:30:00,60.08385664243142,0.0,0.10752,0.90316
2025-09-15 13:00:00,53.32836966715157,0.0,0.15052,0.81716
2025-09-15 13:30:00,46.43721228129676,0.0,0.07526,0.95692
2025-09-15 14:00:00,49.277363383420266,0.0,0.13978,0.72038
2025-09-15 14:30:00,48.59037200728065,0.0,0.10752,0.9999399999999999
2025-09-15 15:00:00,49.18737797495631,0.0,0.0,1.8601
2025-09-15 15:30:00,56.05953936557705,0.0,0.08602,1.02144
2025-09-15 16:00:00,57.40284122996426,0.0,0.12902,0.75264
2025-09-15 16:30:00,49.343319430861975,0.0,0.0215,1.49452
2025-09-15 17:00:00,52.58524965223381,0.0,0.0215,1.49452
2025-09-15 17:30:00,53.173593837323544,0.0,0.4623399999999999,0.35482
2025-09-15 18:00:00,47.52162292647774,0.0,0.21504,0.65588
2025-09-15 18:30:00,44.42306357228635,0.0,0.0,3.36538
2025-09-15 19:00:00,44.29514492756308,0.0,0.01076,3.4944
2025-09-15 19:30:00,47.21712798862589,0.0,0.0,3.10732
2025-09-15 20:00:00,45.884276368512595,0.0,0.0,3.63418
2025-09-15 20:30:00,41.99204644226118,0.0,0.0,3.3653799999999996
2025-09-15 21:00:00,44.263873659342075,0.0,0.0,3.4729
2025-09-15 21:30:00,45.334006650699976,0.0,0.0,3.15034
2025-09-15 22:00:00,43.88801814906671,0.0,0.0,3.42988
2025-09-15 22:30:00,45.65187446178165,0.0,0.0,4.67174
2025-09-15 23:00:00,42.840696841383846,0.0,0.0,4.94592
2025-09-15 23:30:00,43.595466496237016,0.0,0.0,4.75238
2025-09-16 00:00:00,36.65343864053575,0.0,0.0,3.58042
2025-09-16 00:30:00,43.33333814703736,0.0,0.0,3.07508
2025-09-16 01:00:00,39.330343093239456,0.0,0.0,3.09658
2025-09-16 01:30:00,37.315054528165476,0.0,0.0,3.1503400000000004
2025-09-16 02:00:00,36.03107980099669,0.0,0.01076,2.23642
2025-09-16 02:30:00,36.75851619913235,0.0,0.0,2.40844
2025-09-16 03:00:00,39.58880899110741,0.0,0.0,2.51596
2025-09-16 03:30:00,40.630361931035864,0.0,0.0,3.5696599999999994
2025-09-16 04:00:00,39.68489182127164,0.0,0.0,3.89222
2025-09-16 04:30:00,37.8185032591084,0.0,0.0,3.5159
2025-09-16 05:00:00,35.11021990808767,0.0,0.0,3.05356
2025-09-16 05:30:00,38.51102318312335,0.0,0.0,2.9352999999999994
2025-09-16 06:00:00,34.285294768000036,0.0,0.0,3.34388
2025-09-16 06:30:00,35.74831944145633,0.0,0.0,3.46214
2025-09-16 07:00:00,42.8370748982012,0.0,0.12902,4.16102
2025-09-16 07:30:00,58.24164793500233,0.0,1.47302,0.32794
2025-09-16 08:00:00,75.89527185770487,0.0,7.85972,0.03226
2025-09-16 08:30:00,142.83210955231561,0.0,60.60904,0.0
2025-09-16 09:00:00,159.528824930568,0.0,68.56552,0.0
2025-09-16 09:30:00,160.18350678750616,0.0,66.36136,0.0
2025-09-16 10:00:00,170.12438480285263,0.0,68.67304,0.0
2025-09-16 10:30:00,155.44224645650993,0.0,68.8128,0.0
2025-09-16 11:00:00,158.93408388559084,0.0,80.73678,0.0
2025-09-16 11:30:00,185.16436096656503,0.0,80.62926,0.0
2025-09-16 12:00:00,167.28627027843046,0.0,80.8013,0.0
2025-09-16 12:30:00,185.55729482019555,0.0,86.1988,0.0
2025-09-16 13:00:00,193.0980254803452,0.0,87.86536,0.0
2025-09-16 13:30:00,167.47841896246152,0.0,86.99982,0.0
2025-09-16 14:00:00,177.04494492016642,0.0,85.19348,0.0
2025-09-16 14:30:00,170.64385360188768,0.0,81.41952,0.0
2025-09-16 15:00:00,158.733436577146,0.0,77.22088,0.0
2025-09-16 15:30:00,172.62789987843576,0.0,72.0384,0.0
2025-09-16 16:00:00,166.98802524370316,0.0,70.44712,0.0
2025-09-16 16:30:00,168.86645749105355,0.0,72.09218,0.0
2025-09-16 17:00:00,195.65390920218,0.0,72.90932,0.0
2025-09-16 17:30:00,163.87431071933915,0.0,73.73184,0.0
2025-09-16 18:00:00,155.91632517485812,0.0,62.22184,0.0
2025-09-16 18:30:00,135.08363507707182,0.0,56.80282,0.0
2025-09-16 19:00:00,142.39108072255465,0.0,55.98568,0.0
2025-09-16 19:30:00,127.46556809748961,0.0,55.94266,0.0
2025-09-16 20:00:00,84.68833278340612,0.0,28.10574,0.0
2025-09-16 20:30:00,61.12292055950768,0.0,9.6123,0.0
2025-09-16 21:00:00,47.711362180490354,0.0,0.97844,0.10752
2025-09-16 21:30:00,46.11170781204457,0.0,0.16128,1.74182
2025-09-16 22:00:00,47.12688112382022,0.0,0.0,2.60736
2025-09-16 22:30:00,43.427632061968175,0.0,0.0,3.9997400000000005
2025-09-16 23:00:00,37.2465886850953,0.0,0.0,4.06426
2025-09-16 23:30:00,38.63836980835724,0.0,0.0,4.12876
2025-09-17 00:00:00,46.13312511283441,0.0,0.0,1.8601
2025-09-17 00:30:00,42.93515501197428,0.0,0.01076,1.9461199999999999
2025-09-17 01:00:00,40.66559329506414,0.0,0.0,4.15028
2025-09-17 01:30:00,41.27679608915286,0.0,0.0,4.49434
2025-09-17 02:00:00,42.23541543536028,0.0,0.0,4.32768
2025-09-17 02:30:00,43.022392008177945,0.0,0.0,4.37606
2025-09-17 03:00:00,41.617534920538716,0.0,0.0,3.89222
2025-09-17 03:30:00,41.28195397315421,0.0,0.0,3.58042
2025-09-17 04:00:00,39.95695675365254,0.0,0.0,4.0105
2025-09-17 04:30:00,38.66580521121271,0.0,0.0,4.75238
2025-09-17 05:00:00,42.313212021444485,0.0,0.0,4.76314
2025-09-17 05:30:00,38.851440647537714,0.0,0.0,5.1717200000000005
2025-09-17 06:00:00,40.85484321378651,0.0,0.0,5.19322
2025-09-17 06:30:00,42.30178323123904,0.0,0.0,4.72012
2025-09-17 07:00:00,38.474462573769394,0.0,0.0,5.31148
2025-09-17 07:30:00,41.44145327510912,0.0,0.0,5.634039999999999
2025-09-17 08:00:00,42.69625293616055,0.0,0.0,5.6233
2025-09-17 08:30:00,39.290993016668935,0.0,0.0,6.1824
2025-09-17 09:00:00,40.661034636535874,0.0,0.0,6.11788
2025-09-17 09:30:00,43.01367506029837,0.0,0.0,4.60186
2025-09-17 10:00:00,40.27406608205655,0.0,0.0,4.3008
2025-09-17 10:30:00,41.76367447085267,0.0,0.03226,1.9138600000000001
2025-09-17 11:00:00,44.951026002837544,0.0,0.0,1.9568599999999998
2025-09-17 11:30:00,45.88838130275853,0.0,0.03226,1.43002
2025-09-17 12:00:00,44.08094700575526,0.0,0.03226,1.43002
2025-09-17 12:30:00,46.0379716869237,0.0,0.06452,1.17196
2025-09-17 13:00:00,38.623517853080976,0.0,0.01076,1.6558
2025-09-17 13:30:00,46.633800963674354,0.0,0.01076,1.74182
2025-09-17 14:00:00,44.231275087508365,0.0,0.0,2.13964
2025-09-17 14:30:00,45.39123994999061,0.0,0.0,2.25792
2025-09-17 15:00:00,44.28334227197893,0.0,0.01076,2.29018
2025-09-17 15:30:00,45.08433963996945,0.0,0.0,1.9461200000000003
2025-09-17 16:00:00,46.73731871257709,0.0,0.16128,0.66124
2025-09-17 16:30:00,47.747170709855425,0.0,0.12902,0.8386600000000001
2025-09-17 17:00:00,44.509968630497774,0.0,0.10752,1.41926
2025-09-17 17:30:00,45.082510449887,0.0,0.0,2.34394
2025-09-17 18:00:00,40.572940577943136,0.0,0.01076,2.3762
2025-09-17 18:30:00,42.02667338541838,0.0,0.0,2.35468
2025-09-17 19:00:00,46.83018132542608,0.0,0.01076,2.62348
2025-09-17 19:30:00,41.876658881791506,0.0,0.0,2.92454
2025-09-17 20:00:00,44.00670128656815,0.0,0.0,3.05356
2025-09-17 20:30:00,41.55203151400393,0.0,0.0,2.8170200000000003
2025-09-17 21:00:00,43.84216031317501,0.0,0.0,2.60198
2025-09-17 21:30:00,41.21843678819973,0.0,0.010760000000000002,2.5536
2025-09-17 22:00:00,42.784406636850655,0.0,0.0,2.3278
2025-09-17 22:30:00,45.63592050561352,0.0,0.0,1.94612
2025-09-17 23:00:00,42.24832543086145,0.0,0.01076,1.8386
2025-09-17 23:30:00,44.469589933131616,0.0,0.0,1.91386
2025-09-18 00:00:00,56.950820844745515,0.0,0.0,4.70938
2025-09-18 00:30:00,46.932002050626394,0.0,0.0,5.83834
2025-09-18 01:00:00,49.787965342284224,0.0,0.0,6.32218
2025-09-18 01:30:00,47.717941779478515,0.0,0.0,5.78458
2025-09-18 02:00:00,51.63229104977642,0.0,0.0,6.82752
2025-09-18 02:30:00,49.73109945702708,0.0,0.0,6.66624
2025-09-18 03:00:00,50.76172048188102,0.0,0.0,6.15014
2025-09-18 03:30:00,52.86711328915419,0.0,0.0,6.30068
2025-09-18 04:00:00,50.88618652806522,0.0,0.0,6.03188
2025-09-18 04:30:00,49.59187682832104,0.0,0.0,5.26848
2025-09-18 05:00:00,47.3383064154485,0.0,0.0,6.085640000000001
2025-09-18 05:30:00,50.705181468972555,0.0,0.0,5.9136
2025-09-18 06:00:00,50.114074016826436,0.0,0.0,5.56954
2025-09-18 06:30:00,44.53253198075079,0.0,0.0,6.332940000000001
2025-09-18 07:00:00,73.14803247267731,0.0,0.0,6.6985
2025-09-18 07:30:00,87.07089425561172,0.0,0.06452,3.0750799999999994
2025-09-18 08:00:00,120.84542367441121,0.0,6.54796,0.20428
2025-09-18 08:30:00,227.02856884290657,0.0,95.30574,0.0
2025-09-18 09:00:00,264.27352290416553,0.0,111.99286,0.0
2025-09-18 09:30:00,280.7725781110018,0.0,118.59458,0.0
2025-09-18 10:00:00,267.020027106748,0.0,126.09948,0.0
2025-09-18 10:30:00,274.33932993698676,0.0,125.4651,0.0
2025-09-18 11:00:00,308.3927532733884,0.0,123.08892,0.0
2025-09-18 11:30:00,325.72506634546227,0.0,126.86286,0.0
2025-09-18 12:00:00,300.4476551478603,0.0,122.25026,0.0
2025-09-18 12:30:00,286.9585704754523,0.0,123.38996,0.0
2025-09-18 13:00:00,282.62772298135025,0.0,125.33608,0.0
2025-09-18 13:30:00,264.51092149268754,0.0,120.27188,0.0
2025-09-18 14:00:00,292.09907816447867,0.0,98.46682,0.0
2025-09-18 14:30:00,255.59138769166935,0.0,71.66208,0.0
2025-09-18 15:00:00,291.87438625798404,0.0,73.35552,0.0
2025-09-18 15:30:00,275.95690789899265,0.0,72.32872,0.0
2025-09-18 16:00:00,230.06530763370847,0.0,73.6297,0.0
2025-09-18 16:30:00,252.50482712471535,0.0,77.17786,0.0
2025-09-18 17:00:00,248.746567320642,0.0,73.84474,0.0
2025-09-18 17:30:00,217.53636448787788,0.0,59.44782,0.0
2025-09-18 18:00:00,215.3304529764675,0.0,53.30842,0.0
2025-09-18 18:30:00,243.50428745354054,0.0,54.72768,0.0
2025-09-18 19:00:00,146.80529886140928,0.0,33.4226,0.0
2025-09-18 19:30:00,113.07838511883769,0.0,17.51502,3.66644
2025-09-18 20:00:00,77.37922435397621,0.0,0.0,6.730760000000001
2025-09-18 20:30:00,72.87907283830742,0.0,0.0,6.27916
2025-09-18 21:00:00,66.39396549697983,0.0,0.0,7.47264
2025-09-18 21:30:00,56.55052590958131,0.0,0.0,7.117819999999999
2025-09-18 22:00:00,55.53358727529486,0.0,0.0,5.88134
2025-09-18 22:30:00,56.98453075894328,0.0,0.0,5.6878
2025-09-18 23:00:00,52.064185709651845,0.0,0.0,6.22542
2025-09-18 23:30:00,56.60733498702044,0.0,0.0,5.43514
2025-09-19 00:00:00,59.70704746285133,0.0,0.01076,2.05364
2025-09-19 00:30:00,60.00298968271947,0.0,0.0,2.86004
2025-09-19 01:00:00,50.09905659323247,0.0,0.0,3.2685999999999997
2025-09-19 01:30:00,51.18567616423791,0.0,0.0,2.731
2025-09-19 02:00:00,50.55927874326158,0.0,0.0,2.69876
2025-09-19 02:30:00,58.08118479386765,0.0,0.0,3.09658
2025-09-19 03:00:00,52.33012401767347,0.0,0.0,5.04268
2025-09-19 03:30:00,49.85621937834743,0.0,0.0,4.8599
2025-09-19 04:00:00,50.20971424435809,0.0,0.0,4.20404
2025-09-19 04:30:00,48.23278173414891,0.0,0.0,4.40832
2025-09-19 05:00:00,52.44184287057277,0.0,0.0,4.06426
2025-09-19 05:30:00,49.846217126645996,0.0,0.0,3.95674
2025-09-19 06:00:00,50.44862754280904,0.0,0.0,3.94598
2025-09-19 06:30:00,50.83709653232296,0.0,0.0,5.36524
2025-09-19 07:00:00,67.2261510497102,0.0,6.41894,0.95692
2025-09-19 07:30:00,81.02381903500086,0.0,12.483080000000001,0.0
2025-09-19 08:00:00,112.61834223574157,0.0,25.37472,0.0
2025-09-19 08:30:00,221.95510021060633,0.0,77.80148,0.0
2025-09-19 09:00:00,261.6349622477563,0.0,85.973,0.0
2025-09-19 09:30:00,248.69569649333482,0.0,79.16698,0.0
2025-09-19 10:00:00,252.92075290428158,0.0,80.0164,0.0
2025-09-19 10:30:00,238.38875161540938,0.0,79.60782,0.0
2025-09-19 11:00:00,236.73885670552679,0.0,79.96264,0.0
2025-09-19 11:30:00,256.5096704865182,0.0,78.21006,0.0
2025-09-19 12:00:00,248.16850252327544,0.0,80.07554,0.0
2025-09-19 12:30:00,227.57229374831482,0.0,84.8333,0.0
2025-09-19 13:00:00,233.76540436318743,0.0,85.7257,0.0
2025-09-19 13:30:00,232.16882555783164,0.0,83.81186,0.0
2025-09-19 14:00:00,222.3249249694908,0.0,82.31732,0.0
2025-09-19 14:30:00,245.5432838548915,0.0,82.05928,0.0
2025-09-19 15:00:00,243.51482156182294,0.0,80.67228,0.0
2025-09-19 15:30:00,256.5627538858786,0.0,78.50036,0.0
2025-09-19 16:00:00,233.0790764277414,0.0,73.19964,0.0
2025-09-19 16:30:00,231.56892546349252,0.0,72.95234,0.0
2025-09-19 17:00:00,216.81368528592114,0.0,74.26408,0.0
2025-09-19 17:30:00,217.06174708472966,0.0,71.69434,0.0
2025-09-19 18:00:00,187.32141464200706,0.0,65.42592,0.0
2025-09-19 18:30:00,148.61923718350405,0.0,46.44864,0.0
2025-09-19 19:00:00,148.8170544287638,0.0,42.36288,0.0
2025-09-19 19:30:00,149.57410998202218,0.0,38.05134000000001,0.0
2025-09-19 20:00:00,150.56371740387542,0.0,38.1051,0.0
2025-09-19 20:30:00,144.81926003871703,0.0,38.18036,0.0
2025-09-19 21:00:00,128.90592743307113,0.0,36.79336,0.0
2025-09-19 21:30:00,140.1918004483042,0.0,39.19104,0.0
2025-09-19 22:00:00,120.12131225757257,0.0,32.09472,0.0
2025-09-19 22:30:00,58.05022842188206,0.0,7.04256,0.0
2025-09-19 23:00:00,51.227526023324856,0.0,1.45152,3.31162
2025-09-19 23:30:00,48.63812212601461,0.0,0.0,4.73088
2025-09-20 00:00:00,44.182876137528034,0.0,0.0,4.13952
2025-09-20 00:30:00,47.24839092063851,0.0,0.0,3.48364
2025-09-20 01:00:00,48.92395702109272,0.0,0.0,3.2471
2025-09-20 01:30:00,50.54067096302107,0.0,0.0,2.56972
2025-09-20 02:00:00,48.326644620405155,0.0,0.0,3.41914
2025-09-20 02:30:00,50.19691145253131,0.0,0.0,5.43514
2025-09-20 03:00:00,46.929529665770374,0.0,0.0,5.419
2025-09-20 03:30:00,47.22835875038282,0.0,0.0,5.48352
2025-09-20 04:00:00,48.40871672742591,0.0,0.0,4.90292
2025-09-20 04:30:00,48.3536807190622,0.0,0.0,4.60186
2025-09-20 05:00:00,46.115173340155934,0.0,0.0,5.02118
2025-09-20 05:30:00,49.14474534835026,0.0,0.0,4.0535
2025-09-20 06:00:00,49.08416854220397,0.0,0.0,4.5481
2025-09-20 06:30:00,45.81668304245154,0.0,0.01076,4.60186
2025-09-20 07:00:00,50.1268830647627,0.0,0.0,4.7954
2025-09-20 07:30:00,43.91679547702267,0.0,0.18278,4.9943
2025-09-20 08:00:00,54.7915734037437,0.0,3.70944,0.32256
2025-09-20 08:30:00,137.5471095125637,0.0,65.94202,0.0
2025-09-20 09:00:00,146.05765412396266,0.0,70.22132,0.0
2025-09-20 09:30:00,132.04410329947837,0.0,73.28564,0.0
2025-09-20 10:00:00,152.04106676749896,0.0,73.5867,0.0
2025-09-20 10:30:00,140.66252738865623,0.0,74.1243,0.0
2025-09-20 11:00:00,155.65788468523678,0.0,73.02222,0.0
2025-09-20 11:30:00,145.01865308254767,0.0,74.9952,0.0
2025-09-20 12:00:00,146.18327861830642,0.0,73.15662000000002,0.0
2025-09-20 12:30:00,159.33839380939162,0.0,73.81786,0.0
2025-09-20 13:00:00,146.54910432545847,0.0,75.66184,0.0
2025-09-20 13:30:00,158.27825720804017,0.0,75.29088,0.0
2025-09-20 14:00:00,151.17438619439673,0.0,74.25332,0.0
2025-09-20 14:30:00,153.71125372202422,0.0,72.36096,0.0
2025-09-20 15:00:00,150.26303977885019,0.0,73.75872,0.0
2025-09-20 15:30:00,153.56936626172987,0.0,74.26408,0.0
2025-09-20 16:00:00,142.3173716493615,0.0,73.00608,0.0
2025-09-20 16:30:00,140.2559685215286,0.0,72.88782,0.0
2025-09-20 17:00:00,142.132899904216,0.0,73.00608,0.0
2025-09-20 17:30:00,146.19292311162747,0.0,73.03834,0.0
2025-09-20 18:00:00,144.16016986256113,0.0,73.99528,0.0
2025-09-20 18:30:00,151.72222947171326,0.0,73.64046,0.0
2025-09-20 19:00:00,102.3679660556331,0.0,37.9223,0.0
2025-09-20 19:30:00,57.883766557571256,0.0,12.3648,0.0
2025-09-20 20:00:00,47.277118729952335,0.0,3.58042,1.47302
2025-09-20 20:30:00,43.1250474684753,0.0,0.0,1.79558
2025-09-20 21:00:00,51.20288539690212,0.0,0.01076,2.22028
2025-09-20 21:30:00,45.39834799072617,0.0,0.0,4.2578
2025-09-20 22:00:00,45.331906449546764,0.0,0.0,3.79546
2025-09-20 22:30:00,42.37788401927367,0.0,0.0,3.2901200000000004
2025-09-20 23:00:00,45.07233593886695,0.0,0.0,3.29012
2025-09-20 23:30:00,45.448680577801014,0.0,0.0,3.35462
2025-09-21 00:00:00,44.83956082005095,0.0,0.0,6.4942
2025-09-21 00:30:00,42.49677848113697,0.0,0.0,6.70926
2025-09-21 01:00:00,44.913056329227466,0.0,0.0,6.11788
2025-09-21 01:30:00,43.441737625711355,0.0,0.0,6.472699999999999
2025-09-21 02:00:00,43.89339711199015,0.0,0.0,6.1178799999999995
2025-09-21 02:30:00,47.00007542709724,0.0,0.0,5.924359999999999
2025-09-21 03:00:00,44.721366931088205,0.0,0.0,6.17164
2025-09-21 03:30:00,41.82971250086001,0.0,0.0,5.1287
2025-09-21 04:00:00,42.02993051112705,0.0,0.0,4.8384
2025-09-21 04:30:00,45.4497006505701,0.0,0.0,4.7954
2025-09-21 05:00:00,44.29941289860803,0.0,0.0,3.92448
2025-09-21 05:30:00,47.730754917610994,0.0,0.0,3.93524
2025-09-21 06:00:00,47.276511279354196,0.0,0.0,4.12876
2025-09-21 06:30:00,42.73413883043284,0.0,0.0,4.11264
2025-09-21 07:00:00,42.278255469157585,0.0,0.0,3.99974
2025-09-21 07:30:00,46.485659943957295,0.0,0.0,4.661
2025-09-21 08:00:00,46.151791089741316,0.0,0.08602,3.5911600000000004
2025-09-21 08:30:00,102.7877879245817,0.0,33.98708,0.05376
2025-09-21 09:00:00,114.00775895956731,0.0,42.85748,0.0
2025-09-21 09:30:00,126.63044817123398,0.0,44.1047,0.0
2025-09-21 10:00:00,130.3826760545889,0.0,47.36256,0.0
2025-09-21 10:30:00,152.90891697952136,0.0,49.57748000000001,0.0
2025-09-21 11:00:00,143.95598255175804,0.0,51.21178,0.0
2025-09-21 11:30:00,158.33926537982796,0.0,51.38382,0.0
2025-09-21 12:00:00,148.36156937127492,0.0,51.46982,0.0
2025-09-21 12:30:00,146.44807252528724,0.0,54.104060000000004,0.0
2025-09-21 13:00:00,151.80052965282576,0.0,55.66312,0.0
2025-09-21 13:30:00,140.7786101599527,0.0,58.243599999999994,0.0
2025-09-21 14:00:00,173.62607716649632,0.0,62.64116,0.0
2025-09-21 14:30:00,174.04321198860086,0.0,62.55514,0.0
2025-09-21 15:00:00,162.69041723105101,0.0,57.16838,0.0
2025-09-21 15:30:00,133.12520935090902,0.0,49.9108,0.0
2025-09-21 16:00:00,154.42715886913896,0.0,49.40544,0.0
2025-09-21 16:30:00,142.9325580171159,0.0,44.90036,0.0
2025-09-21 17:00:00,59.968989325429135,0.0,4.19328,3.17184
2025-09-21 17:30:00,45.06767810320965,0.0,0.0,4.73088
2025-09-21 18:00:00,47.68901648756489,0.0,0.0,4.5696
2025-09-21 18:30:00,40.86823371379874,0.0,0.0,5.05344
2025-09-21 19:00:00,46.43879846104342,0.0,0.0,4.8169
2025-09-21 19:30:00,43.25095441557999,0.0,0.0,5.20396
2025-09-21 20:00:00,42.76884288151585,0.0,0.0,4.76314
2025-09-21 20:30:00,43.98727759978273,0.0,0.0,4.36532
2025-09-21 21:00:00,44.763076916494086,0.0,0.0,4.90292
2025-09-21 21:30:00,44.49302571427813,0.0,0.0,4.5911
2025-09-21 22:00:00,47.74532308513785,0.0,0.0,4.06426
2025-09-21 22:30:00,42.779600120871,0.0,0.0,3.5696599999999994
2025-09-21 23:00:00,41.90986155605292,0.0,0.0,3.8169599999999995
2025-09-21 23:30:00,48.92676187068711,0.0,0.0,4.38682
2025-09-22 00:00:00,42.700548432659055,0.0,0.0,2.9568
2025-09-22 00:30:00,42.175447953000784,0.0,0.010760000000000002,2.71488
2025-09-22 01:00:00,38.638841429759445,0.0,0.0,2.60198
2025-09-22 01:30:00,40.300123278705954,0.0,0.0,2.92454
2025-09-22 02:00:00,36.171608410247465,0.0,0.0,4.62336
2025-09-22 02:30:00,42.76405819185695,0.0,0.0,4.5481
2025-09-22 03:00:00,43.227611970886976,0.0,0.0,4.92442
2025-09-22 03:30:00,40.93311991776536,0.0,0.0,4.26854
2025-09-22 04:00:00,35.83841376010243,0.0,0.0,3.9352399999999994
2025-09-22 04:30:00,41.6308442014222,0.0,0.0,3.38688
2025-09-22 05:00:00,38.115462467132296,0.0,0.0,3.91372
2025-09-22 05:30:00,39.76359274414067,0.0,0.0,3.4298800000000003
2025-09-22 06:00:00,42.01254246607466,0.0,0.0,3.82772
2025-09-22 06:30:00,39.1711199516877,0.0,0.0,5.05344
2025-09-22 07:00:00,42.491242199808674,0.0,0.0,5.34374
2025-09-22 07:30:00,58.17314941190849,0.0,0.9891799999999998,2.9568
2025-09-22 08:00:00,98.99893120329033,0.0,12.82714,0.0215
2025-09-22 08:30:00,207.82494656439547,0.0,67.2699,0.0
2025-09-22 09:00:00,233.53432055336978,0.0,68.60852,0.0
2025-09-22 09:30:00,248.66684227782275,0.0,70.8987,0.0
2025-09-22 10:00:00,262.45317006140476,0.0,70.47938,0.0
2025-09-22 10:30:00,266.85554872648936,0.0,79.7906,0.0
2025-09-22 11:00:00,250.94084473411203,0.0,81.2475,0.0
2025-09-22 11:30:00,287.1806938192502,0.0,82.91944000000001,0.0
2025-09-22 12:00:00,233.22119369468354,0.0,82.82266,0.0
2025-09-22 12:30:00,257.1656668260837,0.0,82.31732,0.0
2025-09-22 13:00:00,256.2012089884158,0.0,86.85466,0.0
2025-09-22 13:30:00,255.09423914027323,0.0,84.10214,0.0
2025-09-22 14:00:00,254.99525151751226,0.0,77.3714,0.0
2025-09-22 14:30:00,276.0833625141141,0.0,86.4676,0.0
2025-09-22 15:00:00,250.80894349268294,0.0,82.82266,0.0
2025-09-22 15:30:00,273.21380639543736,0.0,80.81204,0.0
2025-09-22 16:00:00,263.03691444223523,0.0,80.00564,0.0
2025-09-22 16:30:00,246.70232127538242,0.0,75.83386,0.0
2025-09-22 17:00:00,297.594685321085,0.0,77.24237999999998,0.0
2025-09-22 17:30:00,247.67308504480093,0.0,79.34976,0.0
2025-09-22 18:00:00,242.089524767843,0.0,70.78042,0.0
2025-09-22 18:30:00,207.6187868588838,0.0,59.98541999999999,0.0
2025-09-22 19:00:00,182.60336782452688,0.0,50.70643999999999,0.0
2025-09-22 19:30:00,99.48053534099415,0.0,19.19232,0.0
2025-09-22 20:00:00,77.91402904570458,0.0,0.8494,0.05376
2025-09-22 20:30:00,56.249579760684654,0.0,0.13978,0.86016
2025-09-22 21:00:00,49.07264935901435,0.0,0.01076,2.13964
2025-09-22 21:30:00,47.90092638251638,0.0,0.01076,1.39776
2025-09-22 22:00:00,42.99753204536625,0.0,0.13978,1.26874
2025-09-22 22:30:00,43.802582302337896,0.0,0.0,3.87072
2025-09-22 23:00:00,43.80301356368604,0.0,0.0,4.29004
2025-09-22 23:30:00,41.949473604059335,0.0,0.0,4.08576
2025-09-23 00:00:00,42.780436983626515,0.0,0.0,4.16102
2025-09-23 00:30:00,39.2751437917382,0.0,0.0,5.548039999999999
2025-09-23 01:00:00,42.31646176196173,0.0,0.0,6.26842
2025-09-23 01:30:00,43.69989768168035,0.0,0.0,5.612540000000001
2025-09-23 02:00:00,43.37707781856241,0.0,0.0,5.72006
2025-09-23 02:30:00,47.23874354119796,0.0,0.0,5.48352
2025-09-23 03:00:00,45.84021161666014,0.0,0.07526,5.02118
2025-09-23 03:30:00,45.39167643936841,0.0,0.0,4.63412
2025-09-23 04:00:00,41.49101303247837,0.0,0.0,4.08576
2025-09-23 04:30:00,43.504787550191296,0.0,0.010760000000000002,3.31162
2025-09-23 05:00:00,43.53684728720093,0.0,0.0,3.5158999999999994
2025-09-23 05:30:00,42.4997659458297,0.0,0.0,3.5051600000000005
2025-09-23 06:00:00,45.77880831309232,0.0,0.0,3.46214
2025-09-23 06:30:00,43.8989606272476,0.0,0.0,4.44596
2025-09-23 07:00:00,44.98011794054041,0.0,0.0,4.47284
2025-09-23 07:30:00,59.19686892156579,0.0,0.43008,2.80628
2025-09-23 08:00:00,94.67972509638713,0.0,8.95642,0.32256
2025-09-23 08:30:00,189.09634044724638,0.0,66.79144,0.0
2025-09-23 09:00:00,232.4586375579691,0.0,71.5008,0.0
2025-09-23 09:30:00,239.31604580959302,0.0,68.8128,0.0
2025-09-23 10:00:00,257.502434572658,0.0,67.85588,0.0
2025-09-23 10:30:00,244.78995603091755,0.0,69.03322,0.0
2025-09-23 11:00:00,274.04138166130497,0.0,71.7051,0.0
2025-09-23 11:30:00,268.3302367394599,0.0,70.72666,0.0
2025-09-23 12:00:00,245.53173720747597,0.0,69.67298,0.0
2025-09-23 12:30:00,232.4122602175499,0.0,73.3394,0.0
2025-09-23 13:00:00,263.09660693557714,0.0,80.14542,0.0
2025-09-23 13:30:00,260.46783506971025,0.0,83.38176,0.0
2025-09-23 14:00:00,248.26183020965922,0.0,81.10234,0.0
2025-09-23 14:30:00,268.14122888438266,0.0,82.93017999999998,0.0
2025-09-23 15:00:00,269.79807247116406,0.0,89.66094,0.0
2025-09-23 15:30:00,261.15655969072395,0.0,87.50516,0.0
2025-09-23 16:00:00,242.67274088438583,0.0,85.05908,0.0
2025-09-23 16:30:00,279.4287782956812,0.0,83.72584,0.0
2025-09-23 17:00:00,270.0895098955694,0.0,84.61826,0.0
2025-09-23 17:30:00,255.76842700912974,0.0,87.12346,0.0
2025-09-23 18:00:00,228.92295967807956,0.0,82.4571,0.0
2025-09-23 18:30:00,196.56796968309308,0.0,71.56532,0.0
2025-09-23 19:00:00,166.83394553578677,0.0,68.58702,0.0
2025-09-23 19:30:00,110.06182043488707,0.0,30.48192,0.0
2025-09-23 20:00:00,67.69529400928697,0.0,1.31174,1.74182
2025-09-23 20:30:00,58.49539408729979,0.0,0.0,2.48372
2025-09-23 21:00:00,54.60467822877805,0.0,0.01076,1.8063400000000003
2025-09-23 21:30:00,47.73414100561818,0.0,0.01076,2.04288
2025-09-23 22:00:00,46.5106796905397,0.0,0.01076,1.40852
2025-09-23 22:30:00,45.56567713275242,0.0,0.0,4.51584
2025-09-23 23:00:00,50.397899079857076,0.0,0.0,4.36532
2025-09-23 23:30:00,48.41177000167117,0.0,0.0,4.3223
2025-09-24 00:00:00,44.32874677090298,0.0,0.0,5.75232
2025-09-24 00:30:00,45.49603133371594,0.0,0.0,5.827580000000001
2025-09-24 01:00:00,49.013126986704435,0.0,0.0,6.50496
2025-09-24 01:30:00,41.68508886998043,0.0,0.0,5.84908
2025-09-24 02:00:00,44.612383695171175,0.0,0.0,5.84908
2025-09-24 02:30:00,47.995712254278516,0.0,0.0,5.72006
2025-09-24 03:00:00,42.4655050930906,0.0,0.0,5.24698
2025-09-24 03:30:00,43.515906333407244,0.0,0.0,5.03194
2025-09-24 04:00:00,44.84065079202661,0.0,0.0,4.44058
2025-09-24 04:30:00,44.61595461677634,0.0,0.0,4.53734
2025-09-24 05:00:00,41.68903071642897,0.0,0.0,4.40832
2025-09-24 05:30:00,47.268692485752275,0.0,0.0,3.92448
2025-09-24 06:00:00,46.5766168568133,0.0,0.0,4.46208
2025-09-24 06:30:00,45.73914204664664,0.0,0.0,5.1502
2025-09-24 07:00:00,47.26320812595411,0.0,0.0,4.76314
2025-09-24 07:30:00,70.98767350888684,0.0,0.37632,2.86004
2025-09-24 08:00:00,90.94406973217731,0.0,8.2898,0.18278
2025-09-24 08:30:00,205.44056602278994,0.0,75.18874,0.0
2025-09-24 09:00:00,252.10651817952763,0.0,72.93082,0.0
2025-09-24 09:30:00,224.85776103502852,0.0,66.0603,0.0
2025-09-24 10:00:00,225.45617640278186,0.0,67.29678,0.0
2025-09-24 10:30:00,244.69236179785977,0.0,71.80186,0.0
2025-09-24 11:00:00,227.99160033725667,0.0,72.57602,0.0
2025-09-24 11:30:00,232.3719139907121,0.0,74.26408,0.0
2025-09-24 12:00:00,230.030297722554,0.0,69.94178,0.0
2025-09-24 12:30:00,226.98296276657447,0.0,65.30766,0.0
2025-09-24 13:00:00,253.32828007602325,0.0,69.2644,0.0
2025-09-24 13:30:00,255.08766744648557,0.0,77.0811,0.0
2025-09-24 14:00:00,253.37980637868003,0.0,75.27476,0.0
2025-09-24 14:30:00,240.42503635668544,0.0,80.81204,0.0
2025-09-24 15:00:00,257.24405772536846,0.0,82.87642,0.0
2025-09-24 15:30:00,271.92910937575766,0.0,78.51112000000002,0.0
2025-09-24 16:00:00,258.61739875750084,0.0,74.3931,0.0
2025-09-24 16:30:00,265.2631027206454,0.0,73.02222,0.0
2025-09-24 17:00:00,275.6409616375506,0.0,73.0491,0.0
2025-09-24 17:30:00,253.3840097963384,0.0,69.95252,0.0
2025-09-24 18:00:00,223.5232005819446,0.0,67.45806,0.0
2025-09-24 18:30:00,230.96064306257668,0.0,67.3129,0.0
2025-09-24 19:00:00,197.38612701986798,0.0,69.14612,0.0
2025-09-24 19:30:00,156.0289119077691,0.0,38.4384,0.0
2025-09-24 20:00:00,97.92443588179746,0.0,0.30106,0.68812
2025-09-24 20:30:00,82.1012477257817,0.0,0.15052,0.91392
2025-09-24 21:00:00,74.30977311517691,0.0,0.23654,0.56448
2025-09-24 21:30:00,62.82798942155188,0.0,0.8494,0.0
2025-09-24 22:00:00,54.687454922866834,0.0,0.73114,0.043
2025-09-24 22:30:00,57.561504859149494,0.0,0.05376,2.1934
2025-09-24 23:00:00,56.810335766675614,0.0,0.01076,2.52672
2025-09-24 23:30:00,56.67406573516877,0.0,0.03226,1.6558
2025-09-25 00:00:00,41.85401623712008,0.0,0.0,5.419
2025-09-25 00:30:00,41.9105750097595,0.0,0.0,5.04268
2025-09-25 01:00:00,40.81886652712676,0.0,0.0,4.73088
2025-09-25 01:30:00,45.8159986230118,0.0,0.0,4.33844
2025-09-25 02:00:00,41.52141065219508,0.0,0.0,4.8599
2025-09-25 02:30:00,40.58304670388648,0.0,0.0,4.44596
2025-09-25 03:00:00,46.77818371025411,0.0,0.0,4.5481
2025-09-25 03:30:00,42.22665269307263,0.0,0.0,3.77396
2025-09-25 04:00:00,42.08816217278208,0.0,0.0,3.25786
2025-09-25 04:30:00,43.054255939517326,0.0,0.01076,3.63418
2025-09-25 05:00:00,44.340017955651916,0.0,0.0,3.05356
2025-09-25 05:30:00,42.427015998344054,0.0,0.0,3.31162
2025-09-25 06:00:00,44.16423507628607,0.0,0.0,3.19334
2025-09-25 06:30:00,42.97658594507066,0.0,0.0,4.31156
2025-09-25 07:00:00,47.916688838304616,0.0,0.0,4.64486
2025-09-25 07:30:00,50.000623621468996,0.0,0.0,4.73088
2025-09-25 08:00:00,90.73726331179844,0.0,3.16108,1.43002
2025-09-25 08:30:00,191.47039267307048,0.0,64.15718,0.0
2025-09-25 09:00:00,223.71344240014878,0.0,69.5977,0.0
2025-09-25 09:30:00,206.86775228318888,0.0,69.8665,0.0
2025-09-25 10:00:00,218.59317161576922,0.0,73.84474,0.0
2025-09-25 10:30:00,215.34560855860852,0.0,74.65652,0.0
2025-09-25 11:00:00,245.14183839230793,0.0,73.24264,0.0
2025-09-25 11:30:00,225.30781456961716,0.0,73.76948,0.0
2025-09-25 12:00:00,241.8907176467269,0.0,74.21032,0.0
2025-09-25 12:30:00,227.99835583704288,0.0,76.48974,0.0
2025-09-25 13:00:00,231.12699826304876,0.0,77.89286,0.0
2025-09-25 13:30:00,225.53460992604005,0.0,78.41434,0.0
2025-09-25 14:00:00,243.44778759682842,0.0,77.23162,0.0
2025-09-25 14:30:00,219.22628913848646,0.0,77.89286,0.0
2025-09-25 15:00:00,228.36028887175732,0.0,80.48948,0.0
2025-09-25 15:30:00,228.04889110925168,0.0,83.25274,0.0
2025-09-25 16:00:00,235.5582778780218,0.0,81.72596,0.0
2025-09-25 16:30:00,244.11198426554162,0.0,81.0701,0.0
2025-09-25 17:00:00,220.1338313420699,0.0,80.81204,0.0
2025-09-25 17:30:00,225.50384139096917,0.0,77.19938,0.0
2025-09-25 18:00:00,186.3612926178722,0.0,68.98484,0.0
2025-09-25 18:30:00,195.1715897165592,0.0,57.63072,0.0
2025-09-25 19:00:00,211.92411050686476,0.0,57.727500000000006,0.0
2025-09-25 19:30:00,200.34253092127375,0.0,61.46918,0.0
2025-09-25 20:00:00,180.3645859225763,0.0,55.97492,0.0
2025-09-25 20:30:00,147.13858957429778,0.0,40.93824,0.0
2025-09-25 21:00:00,121.7937118551433,0.0,40.30926,0.0
2025-09-25 21:30:00,110.97741538414074,0.0,39.94368,0.0
2025-09-25 22:00:00,115.56260660650143,0.0,42.30912,0.0
2025-09-25 22:30:00,61.40595742383863,0.0,7.60166,0.0
2025-09-25 23:00:00,51.08212519816165,0.0,1.81708,0.0
2025-09-25 23:30:00,48.42249813149704,0.0,1.5805400000000003,0.0
2025-09-26 00:00:00,58.09100784602302,0.0,0.01076,2.05364
2025-09-26 00:30:00,49.941469139471934,0.0,0.0,2.86004
2025-09-26 01:00:00,57.28278737206054,0.0,0.0,3.2686
2025-09-26 01:30:00,52.30022346149252,0.0,0.0,2.731
2025-09-26 02:00:00,53.324805532630144,0.0,0.0,2.69876
2025-09-26 02:30:00,56.06017792711742,0.0,0.0,3.09658
2025-09-26 03:00:00,47.28338117760548,0.0,0.0,5.04268
2025-09-26 03:30:00,48.82519462893077,0.0,0.0,4.8599
2025-09-26 04:00:00,50.567086638664335,0.0,0.0,4.20404
2025-09-26 04:30:00,57.47032695049723,0.0,0.0,4.40832
2025-09-26 05:00:00,50.963475816541646,0.0,0.0,4.06426
2025-09-26 05:30:00,54.89245566336897,0.0,0.0,3.95674
2025-09-26 06:00:00,54.19459241747237,0.0,0.0,3.94598
2025-09-26 06:30:00,50.243148863940306,0.0,0.0,5.36524
2025-09-26 07:00:00,64.50751413795463,0.0,6.41894,0.9569199999999999
2025-09-26 07:30:00,86.33132960577264,0.0,12.48308,0.0
2025-09-26 08:00:00,104.12754856624406,0.0,25.37472,0.0
2025-09-26 08:30:00,230.55265501894291,0.0,77.80148,0.0
2025-09-26 09:00:00,244.15167887891377,0.0,85.973,0.0
2025-09-26 09:30:00,209.60470353862274,0.0,79.16698,0.0
2025-09-26 10:00:00,239.01451214514364,0.0,80.0164,0.0
2025-09-26 10:30:00,248.6683104459031,0.0,79.60782,0.0
2025-09-26 11:00:00,242.51582790867698,0.0,79.96264,0.0
2025-09-26 11:30:00,257.2674957249281,0.0,78.21006,0.0
2025-09-26 12:00:00,235.6037919025669,0.0,80.07554,0.0
2025-09-26 12:30:00,229.00120745607236,0.0,84.8333,0.0
2025-09-26 13:00:00,236.8149202722863,0.0,85.7257,0.0
2025-09-26 13:30:00,233.50308930682823,0.0,83.81186,0.0
2025-09-26 14:00:00,224.17376174722907,0.0,82.31732,0.0
2025-09-26 14:30:00,242.63490035761637,0.0,82.05928,0.0
2025-09-26 15:00:00,227.69995045304273,0.0,80.67228,0.0
2025-09-26 15:30:00,243.83844367432576,0.0,78.50036,0.0
2025-09-26 16:00:00,230.83086133075096,0.0,73.19964,0.0
2025-09-26 16:30:00,212.67909886362372,0.0,72.95234,0.0
2025-09-26 17:00:00,212.46416939865193,0.0,74.26408,0.0
2025-09-26 17:30:00,217.0615462384763,0.0,71.69434,0.0
2025-09-26 18:00:00,205.74318615113404,0.0,65.42592,0.0
2025-09-26 18:30:00,164.14394217851364,0.0,46.448640000000005,0.0
2025-09-26 19:00:00,139.74671954409476,0.0,42.36288,0.0
2025-09-26 19:30:00,128.38694911073105,0.0,38.05134,0.0
2025-09-26 20:00:00,152.92079997236527,0.0,38.1051,0.0
2025-09-26 20:30:00,140.87299320891188,0.0,38.18036,0.0
2025-09-26 21:00:00,140.34086167889106,0.0,36.79336,0.0
2025-09-26 21:30:00,130.9484417078706,0.0,39.19104,0.0
2025-09-26 22:00:00,123.347662009982,0.0,32.09472,0.0
2025-09-26 22:30:00,70.64204839628476,0.0,7.04256,0.0
2025-09-26 23:00:00,51.32527655666363,0.0,1.45152,3.31162
2025-09-26 23:30:00,45.16528078136629,0.0,0.0,4.73088
2025-09-27 00:00:00,42.40328965655468,0.0,0.0,4.13952
2025-09-27 00:30:00,47.88955001808776,0.0,0.0,3.4836400000000003
2025-09-27 01:00:00,48.23923133922877,0.0,0.0,3.2470999999999997
2025-09-27 01:30:00,50.927158187796195,0.0,0.0,2.56972
2025-09-27 02:00:00,48.98376161746061,0.0,0.0,3.4191400000000005
2025-09-27 02:30:00,46.76146171697923,0.0,0.0,5.43514
2025-09-27 03:00:00,46.744352639724724,0.0,0.0,5.419
2025-09-27 03:30:00,48.45568113320313,0.0,0.0,5.48352
2025-09-27 04:00:00,49.48506738935552,0.0,0.0,4.90292
2025-09-27 04:30:00,47.64742439354012,0.0,0.0,4.60186
2025-09-27 05:00:00,49.640749670402656,0.0,0.0,5.02118
2025-09-27 05:30:00,46.80480611670474,0.0,0.0,4.0535
2025-09-27 06:00:00,47.57024190319344,0.0,0.0,4.5481
2025-09-27 06:30:00,52.30749287855606,0.0,0.01076,4.60186
2025-09-27 07:00:00,50.28781990993071,0.0,0.0,4.7954
2025-09-27 07:30:00,45.34434162464866,0.0,0.18278,4.9943
2025-09-27 08:00:00,56.19202441835121,0.0,3.70944,0.32256
2025-09-27 08:30:00,140.6888036250659,0.0,65.94202,0.0
2025-09-27 09:00:00,123.79027094956642,0.0,70.22132,0.0
2025-09-27 09:30:00,140.99894757722012,0.0,73.28564,0.0
2025-09-27 10:00:00,145.18709756123693,0.0,73.5867,0.0
2025-09-27 10:30:00,142.99473663219146,0.0,74.1243,0.0
2025-09-27 11:00:00,148.52151780216582,0.0,73.02222,0.0
2025-09-27 11:30:00,156.9611183327383,0.0,74.9952,0.0
2025-09-27 12:00:00,144.18524708248802,0.0,73.15662,0.0
2025-09-27 12:30:00,137.73260605219414,0.0,73.81786,0.0
2025-09-27 13:00:00,151.02367203957505,0.0,75.66184,0.0
2025-09-27 13:30:00,146.6118828970708,0.0,75.29088,0.0
2025-09-27 14:00:00,149.70248867321806,0.0,74.25332,0.0
2025-09-27 14:30:00,148.38667751313417,0.0,72.36096,0.0
2025-09-27 15:00:00,166.5238193297042,0.0,73.75872,0.0
2025-09-27 15:30:00,130.81845749768496,0.0,74.26408,0.0
2025-09-27 16:00:00,144.5072531444051,0.0,73.00608,0.0
2025-09-27 16:30:00,147.48680685057394,0.0,72.88782,0.0
2025-09-27 17:00:00,141.0863156179708,0.0,73.00608,0.0
2025-09-27 17:30:00,152.01247051409104,0.0,73.03834,0.0
2025-09-27 18:00:00,151.69701565631576,0.0,73.99528,0.0
2025-09-27 18:30:00,146.16895093405043,0.0,73.64046,0.0
2025-09-27 19:00:00,94.79823673772937,0.0,37.9223,0.0
2025-09-27 19:30:00,60.51225112050062,0.0,12.3648,0.0
2025-09-27 20:00:00,48.821024783937474,0.0,3.58042,1.47302
2025-09-27 20:30:00,46.279475811535924,0.0,0.0,1.79558
2025-09-27 21:00:00,46.046955805690274,0.0,0.01076,2.22028
2025-09-27 21:30:00,45.28159109845025,0.0,0.0,4.2578
2025-09-27 22:00:00,45.937097104168366,0.0,0.0,3.7954600000000003
2025-09-27 22:30:00,42.627585288729385,0.0,0.0,3.2901199999999995
2025-09-27 23:00:00,42.7070404660062,0.0,0.0,3.29012
2025-09-27 23:30:00,40.44545050018008,0.0,0.0,3.35462
2025-09-28 00:00:00,40.512392964037936,0.0,0.0,5.02118
2025-09-28 00:30:00,42.32795813835522,0.0,0.0,4.80614
2025-09-28 01:00:00,40.643532899224304,0.0,0.0,5.58028
2025-09-28 01:30:00,39.36498368673347,0.0,0.0,5.34374
2025-09-28 02:00:00,42.00205892521274,0.0,0.0,5.20396
2025-09-28 02:30:00,39.79105950150305,0.0,0.0,4.95668
2025-09-28 03:00:00,39.578732192938546,0.0,0.0,4.60186
2025-09-28 03:30:00,38.7667649659097,0.0,0.0,4.075
2025-09-28 04:00:00,41.56528482007401,0.0,0.0,3.9997399999999996
2025-09-28 04:30:00,42.604074963345106,0.0,0.0,3.56966
2025-09-28 05:00:00,41.02683579637477,0.0,0.0,3.2471
2025-09-28 05:30:00,47.32485509659817,0.0,0.01076,2.86004
2025-09-28 06:00:00,44.78233195216895,0.0,0.0,2.9997999999999996
2025-09-28 06:30:00,45.30477607834787,0.0,0.0,2.60736
2025-09-28 07:00:00,42.96066961363809,0.0,0.0,3.2471
2025-09-28 07:30:00,44.82794449550816,0.0,0.0,5.24698
2025-09-28 08:00:00,36.4532023226382,0.0,0.0,6.73076
2025-09-28 08:30:00,34.84780282852032,0.0,0.0,5.48352
2025-09-28 09:00:00,37.54273019955451,0.0,0.0,6.23616
2025-09-28 09:30:00,40.86756922496442,0.0,0.0,6.53722
2025-09-28 10:00:00,38.94932274243095,0.0,0.0,6.52646
2025-09-28 10:30:00,40.435877859773804,0.0,0.0,4.3223
2025-09-28 11:00:00,42.604259384606245,0.0,0.0,4.49434
2025-09-28 11:30:00,41.115653464017086,0.0,0.0,4.53734
2025-09-28 12:00:00,43.18339188026064,0.0,0.0,4.032
2025-09-28 12:30:00,38.524211666696644,0.0,0.0,3.81696
2025-09-28 13:00:00,38.420645059661865,0.0,0.0,3.84922
2025-09-28 13:30:00,45.437861191078255,0.0,0.0,4.3008
2025-09-28 14:00:00,42.8299107181921,0.0,0.010760000000000002,2.1934
2025-09-28 14:30:00,39.607759598918015,0.0,0.0,2.645
2025-09-28 15:00:00,40.36451441139886,0.0,0.0,2.50522
2025-09-28 15:30:00,39.879404777576376,0.0,0.0,2.90304
2025-09-28 16:00:00,39.367798340564725,0.0,0.0,2.9568
2025-09-28 16:30:00,38.708814656985204,0.0,0.0,3.25786
2025-09-28 17:00:00,38.23876570554969,0.0,0.01076,3.27936
2025-09-28 17:30:00,41.20283574461218,0.0,0.0,3.0965799999999994
2025-09-28 18:00:00,39.767349217444405,0.0,0.0,2.8600400000000006
2025-09-28 18:30:00,43.475255200880746,0.0,0.0,3.0965800000000003
2025-09-28 19:00:00,41.66228866767205,0.0,0.0,3.1718400000000004
2025-09-28 19:30:00,40.608238557067345,0.0,0.0,4.47284
2025-09-28 20:00:00,40.31015645455197,0.0,0.0,4.23092
2025-09-28 20:30:00,41.93468260532351,0.0,0.0,3.2685999999999997
2025-09-28 21:00:00,42.871840498671,0.0,0.0,3.8062
2025-09-28 21:30:00,44.04828186353129,0.0,0.0,3.2471000000000005
2025-09-28 22:00:00,41.123815482116086,0.0,0.0,3.31162
2025-09-28 22:30:00,44.38390960834205,0.0,0.0,2.92454
2025-09-28 23:00:00,41.647518101217194,0.0,0.01076,3.08582
2025-09-28 23:30:00,44.315883225368516,0.0,0.0,2.23642
2025-09-29 00:00:00,43.71063149378272,0.0,0.0,2.04288
2025-09-29 00:30:00,42.51297620634383,0.0,0.0,1.93536
2025-09-29 01:00:00,41.8901800130597,0.0,0.0,2.9998000000000005
2025-09-29 01:30:00,40.35025133767373,0.0,0.0,4.3008
2025-09-29 02:00:00,44.14024496639149,0.0,0.0,3.96748
2025-09-29 02:30:00,39.47898727324585,0.0,0.010759999999999999,3.65568
2025-09-29 03:00:00,41.076045309081316,0.0,0.0,3.9244800000000004
2025-09-29 03:30:00,41.946399153428985,0.0,0.0,3.73094
2025-09-29 04:00:00,46.66662112312144,0.0,0.0,3.31162
2025-09-29 04:30:00,41.287388512110894,0.0,0.0,3.34388
2025-09-29 05:00:00,40.79584965768864,0.0,0.0,2.7847599999999995
2025-09-29 05:30:00,41.44126438885475,0.0,0.0,2.7309999999999994
2025-09-29 06:00:00,45.70155349766042,0.0,0.0,3.21484
2025-09-29 06:30:00,40.29341507168583,0.0,0.43008,0.47307999999999995
2025-09-29 07:00:00,47.41414307734962,0.0,0.12902,0.74188
2025-09-29 07:30:00,65.99864374772983,0.0,0.01076,2.31168
2025-09-29 08:00:00,106.30592564627892,0.0,15.51514,0.56448
2025-09-29 08:30:00,208.1687407757857,0.0,77.99502,0.0
2025-09-29 09:00:00,241.47316962944532,0.0,77.02734,0.0
2025-09-29 09:30:00,246.83547058954974,0.0,73.64046,0.0
2025-09-29 10:00:00,267.6255744258718,0.0,76.64026,0.0
2025-09-29 10:30:00,277.9733736795432,0.0,76.15642,0.0
2025-09-29 11:00:00,262.75434442178897,0.0,77.05422,0.0
2025-09-29 11:30:00,256.25250353466737,0.0,74.90918,0.0
2025-09-29 12:00:00,279.10587128026265,0.0,77.60794,0.0
2025-09-29 12:30:00,255.70891517464926,0.0,77.9305,0.0
2025-09-29 13:00:00,246.26461776508876,0.0,77.24238,0.0
2025-09-29 13:30:00,230.5180236109751,0.0,77.75848,0.0
2025-09-29 14:00:00,231.62954563125245,0.0,77.30152,0.0
2025-09-29 14:30:00,255.95653432064893,0.0,97.95072,0.0
2025-09-29 15:00:00,247.2513091830594,0.0,99.37,0.0
2025-09-29 15:30:00,261.7157069175174,0.0,103.62778,0.0
2025-09-29 16:00:00,242.96264196479206,0.0,105.3051,0.0
2025-09-29 16:30:00,213.16212134932857,0.0,79.14548,0.0
2025-09-29 17:00:00,245.39591880308743,0.0,90.04802,0.0
2025-09-29 17:30:00,246.37048688207315,0.0,81.0916,0.0
2025-09-29 18:00:00,199.08797949895535,0.0,65.60872,0.0
2025-09-29 18:30:00,205.9458107735299,0.0,63.63034,0.0
2025-09-29 19:00:00,148.69005586327307,0.0,47.21204,0.0
2025-09-29 19:30:00,116.26743242827078,0.0,25.93382,0.0
2025-09-29 20:00:00,75.68670802904201,0.0,0.23654,0.5806
2025-09-29 20:30:00,67.35227523565818,0.0,0.11828,0.81716
2025-09-29 21:00:00,65.09373933053175,0.0,0.19354,0.59136
2025-09-29 21:30:00,65.98105487447835,0.0,0.2688,1.10746
2025-09-29 22:00:00,51.147514423459356,0.0,0.0,3.92448
2025-09-29 22:30:00,49.60815705128772,0.0,0.01076,3.7202
2025-09-29 23:00:00,47.12821539123768,0.0,0.0,4.36532
2025-09-29 23:30:00,46.600322460986824,0.0,0.0,4.21478
2025-09-30 00:00:00,49.76486188359377,0.0,0.0,5.58028
2025-09-30 00:30:00,48.190087660427935,0.0,0.0,5.80608
2025-09-30 01:00:00,45.38479876692065,0.0,0.0,5.2201
2025-09-30 01:30:00,44.446737493411725,0.0,0.0,5.419
2025-09-30 02:00:00,46.207825620224305,0.0,0.0,5.18246
2025-09-30 02:30:00,41.77047925817165,0.0,0.0,4.87066
2025-09-30 03:00:00,44.67996509291134,0.0,0.0,5.16096
2025-09-30 03:30:00,42.58036249836069,0.0,0.0,5.03194
2025-09-30 04:00:00,44.75896090256944,0.0,0.0,4.92442
2025-09-30 04:30:00,44.153290684559906,0.0,0.0,4.75238
2025-09-30 05:00:00,46.08994730978511,0.0,0.0,4.8814
2025-09-30 05:30:00,43.60892650350739,0.0,0.0,5.20934
2025-09-30 06:00:00,38.21537904103221,0.0,0.0,4.87066
2025-09-30 06:30:00,42.888912212244406,0.0,0.0,6.04262
2025-09-30 07:00:00,51.16174618361405,0.0,0.0,5.53728
2025-09-30 07:30:00,54.71069045267365,0.0,0.9784400000000001,3.79546
2025-09-30 08:00:00,94.20418586139805,0.0,13.81632,0.0215
2025-09-30 08:30:00,208.08748708317373,0.0,63.31854,0.0
2025-09-30 09:00:00,222.1039552174292,0.0,72.12442,0.0
2025-09-30 09:30:00,232.00943196197193,0.0,77.8875,0.0
2025-09-30 10:00:00,240.40405962799827,0.0,76.17256,0.0
2025-09-30 10:30:00,232.20453605070097,0.0,76.32846,0.0
2025-09-30 11:00:00,220.29634566260842,0.0,75.95752,0.0
2025-09-30 11:30:00,218.69413379582625,0.0,77.36064,0.0
2025-09-30 12:00:00,254.78541090254907,0.0,79.86048,0.0
2025-09-30 12:30:00,269.41080398781827,0.0,81.73672,0.0
2025-09-30 13:00:00,253.10860802876658,0.0,85.03758,0.0
2025-09-30 13:30:00,251.5805673840974,0.0,87.5428,0.0
2025-09-30 14:00:00,233.31419666690385,0.0,85.2795,0.0
2025-09-30 14:30:00,258.1358704124095,0.0,81.70446,0.0
2025-09-30 15:00:00,238.1771384173948,0.0,81.95176,0.0
2025-09-30 15:30:00,249.19425845534076,0.0,82.46784,0.0
2025-09-30 16:00:00,253.3174169609392,0.0,83.46778,0.0
2025-09-30 16:30:00,264.63220353967625,0.0,80.70452,0.0
2025-09-30 17:00:00,221.62830382452483,0.0,80.29596,0.0
2025-09-30 17:30:00,233.41848194949168,0.0,76.08654,0.0
2025-09-30 18:00:00,206.34318117345484,0.0,59.920899999999996,0.0
2025-09-30 18:30:00,195.41666852607395,0.0,49.84628000000001,0.0
2025-09-30 19:00:00,159.48071082136798,0.0,42.45966,0.0
2025-09-30 19:30:00,143.300168553856,0.0,41.7339,0.0
2025-09-30 20:00:00,150.29558042520648,0.0,42.23924,0.0
2025-09-30 20:30:00,149.24254220738533,0.0,43.43808,0.0
2025-09-30 21:00:00,133.68260541602083,0.0,42.07258,0.0
2025-09-30 21:30:00,136.1169259136455,0.0,39.00826,0.0
2025-09-30 22:00:00,123.43039525942896,0.0,32.73984,0.0
2025-09-30 22:30:00,78.73376936216427,0.0,5.25772,0.61286
2025-09-30 23:00:00,56.58310987724842,0.0,0.0,5.09644
2025-09-30 23:30:00,50.64335296554856,0.0,0.0,5.24698
2025-10-01 00:00:00,53.61614451487063,0.0,0.0,3.3761199999999993
2025-10-01 00:30:00,59.638822763713726,0.0,0.0,2.84928
2025-10-01 01:00:00,56.57885851154943,0.0,0.0,3.73094
2025-10-01 01:30:00,52.77382772391816,0.0,0.0,3.17184
2025-10-01 02:00:00,51.91699436825702,0.0,0.0,3.27936
2025-10-01 02:30:00,56.98105228913269,0.0,0.0,2.645
2025-10-01 03:00:00,54.8679423762855,0.0,0.01076,2.23642
2025-10-01 03:30:00,53.884763644998024,0.0,0.0,2.731
2025-10-01 04:00:00,59.20531894308223,0.0,0.0,1.68806
2025-10-01 04:30:00,53.655973004874674,0.0,0.0,2.32244
2025-10-01 05:00:00,55.356832909630754,0.0,0.0,4.70938
2025-10-01 05:30:00,59.10629281951829,0.0,0.0,4.6126
2025-10-01 06:00:00,57.18337495107248,0.0,0.0,4.41908
2025-10-01 06:30:00,52.97941170740671,0.0,0.0,5.10182
2025-10-01 07:00:00,60.80039939141363,0.0,0.65588,2.78476
2025-10-01 07:30:00,69.5702789870245,0.0,3.16108,0.01076
2025-10-01 08:00:00,97.85515009620079,0.0,7.612419999999999,0.0
2025-10-01 08:30:00,193.73476849852085,0.0,55.51258,0.0
2025-10-01 09:00:00,219.51234430057917,0.0,63.00672,0.0
2025-10-01 09:30:00,224.2101153650078,0.0,60.781060000000004,0.0
2025-10-01 10:00:00,234.08630391820074,0.0,57.67374,0.0
2025-10-01 10:30:00,209.7233156263529,0.0,59.23277999999999,0.0
2025-10-01 11:00:00,230.0174050880276,0.0,60.25421999999999,0.0
2025-10-01 11:30:00,229.64595732102055,0.0,61.15738000000001,0.0
2025-10-01 12:00:00,227.17088212860233,0.0,68.26446,0.0
2025-10-01 12:30:00,259.3477224330501,0.0,76.72628,0.0
2025-10-01 13:00:00,249.1038326347748,0.0,75.6242,0.0
2025-10-01 13:30:00,238.00334508728443,0.0,73.81786,0.0
2025-10-01 14:00:00,255.47575096054115,0.0,70.47938,0.0
2025-10-01 14:30:00,228.0861184616342,0.0,69.32352,0.0
2025-10-01 15:00:00,257.535719882561,0.0,71.3019,0.0
2025-10-01 15:30:00,259.92887857597964,0.0,76.522,0.0
2025-10-01 16:00:00,232.03538893800086,0.0,69.0601,0.0
2025-10-01 16:30:00,250.74887174503394,0.0,71.90938,0.0
2025-10-01 17:00:00,233.4824502990626,0.0,67.6032,0.0
2025-10-01 17:30:00,255.14772628336834,0.0,63.72712,0.0
2025-10-01 18:00:00,212.92414667416233,0.0,49.4807,0.0
2025-10-01 18:30:00,185.7585761435629,0.0,45.9433,0.0
2025-10-01 19:00:00,158.5238423112067,0.0,41.97582,0.0
2025-10-01 19:30:00,161.3151451619982,0.0,37.69652,0.0
2025-10-01 20:00:00,174.61728220763212,0.0,38.82548,0.0
2025-10-01 20:30:00,166.0732079581936,0.0,38.26638,0.0
2025-10-01 21:00:00,136.71012879956604,0.0,38.36314,0.0
2025-10-01 21:30:00,153.23644513926803,0.0,37.80942,0.0
2025-10-01 22:00:00,128.92094333584177,0.0,35.15904,0.0
2025-10-01 22:30:00,69.64252569030603,0.0,6.68774,0.2795599999999999
2025-10-01 23:00:00,63.070232282159694,0.0,0.0,3.5374
2025-10-01 23:30:00,54.98861716329464,0.0,0.0,4.39756
2025-10-02 00:00:00,46.079685226730675,0.0,0.0,5.419
2025-10-02 00:30:00,39.53477057059231,0.0,0.0,5.04268
2025-10-02 01:00:00,40.30119685602844,0.0,0.0,4.73088
2025-10-02 01:30:00,42.430684470714176,0.0,0.0,4.33844
2025-10-02 02:00:00,42.953868833135694,0.0,0.0,4.8599
2025-10-02 02:30:00,44.299946789092424,0.0,0.0,4.44596
2025-10-02 03:00:00,42.45656557820527,0.0,0.0,4.5481
2025-10-02 03:30:00,45.90812820804159,0.0,0.0,3.77396
2025-10-02 04:00:00,41.98303160040243,0.0,0.0,3.25786
2025-10-02 04:30:00,45.3263366064943,0.0,0.01076,3.6341799999999997
2025-10-02 05:00:00,45.381429441250845,0.0,0.0,3.05356
2025-10-02 05:30:00,43.23745719005252,0.0,0.0,3.3116200000000005
2025-10-02 06:00:00,43.50671286189056,0.0,0.0,3.19334
2025-10-02 06:30:00,48.28708082386868,0.0,0.0,4.31156
2025-10-02 07:00:00,45.56102399584741,0.0,0.0,4.64486
2025-10-02 07:30:00,57.526348059326374,0.0,0.0,4.73088
2025-10-02 08:00:00,79.82643914304585,0.0,3.16108,1.43002
2025-10-02 08:30:00,210.1124231914823,0.0,64.15718,0.0
2025-10-02 09:00:00,227.0419075861413,0.0,69.5977,0.0
2025-10-02 09:30:00,214.64118156121472,0.0,69.8665,0.0
2025-10-02 10:00:00,229.60280903617405,0.0,73.84474,0.0
2025-10-02 10:30:00,225.70763175354674,0.0,74.65652,0.0
2025-10-02 11:00:00,222.46166165547834,0.0,73.24264,0.0
2025-10-02 11:30:00,240.90510514041972,0.0,73.76948,0.0
2025-10-02 12:00:00,237.5934439252316,0.0,74.21032,0.0
2025-10-02 12:30:00,238.20393913932796,0.0,76.48974,0.0
2025-10-02 13:00:00,235.98307998359644,0.0,77.89286,0.0
2025-10-02 13:30:00,233.25933872624816,0.0,78.41434,0.0
2025-10-02 14:00:00,231.3867462050348,0.0,77.23162,0.0
2025-10-02 14:30:00,242.81859844029978,0.0,77.89286,0.0
2025-10-02 15:00:00,236.6058441929199,0.0,80.48948,0.0
2025-10-02 15:30:00,274.0443673698341,0.0,83.25274,0.0
2025-10-02 16:00:00,236.0201424963872,0.0,81.72596,0.0
2025-10-02 16:30:00,259.87736468642777,0.0,81.0701,0.0
2025-10-02 17:00:00,235.63005565184685,0.0,80.81204,0.0
2025-10-02 17:30:00,254.69215852244346,0.0,77.19938,0.0
2025-10-02 18:00:00,197.87573987023558,0.0,68.98484,0.0
2025-10-02 18:30:00,198.07855131669348,0.0,57.63072,0.0
2025-10-02 19:00:00,190.2299248624393,0.0,57.7275,0.0
2025-10-02 19:30:00,199.5558041738785,0.0,61.46918000000001,0.0
2025-10-02 20:00:00,166.4221614788672,0.0,55.97492,0.0
2025-10-02 20:30:00,151.19904730307718,0.0,40.93824,0.0
2025-10-02 21:00:00,117.72853208248024,0.0,40.30926,0.0
2025-10-02 21:30:00,119.09486432117515,0.0,39.94368,0.0
2025-10-02 22:00:00,112.91625455008538,0.0,42.30912,0.0
2025-10-02 22:30:00,54.47258816203714,0.0,7.60166,0.0
2025-10-02 23:00:00,51.529940025801736,0.0,1.8170799999999998,0.0
2025-10-02 23:30:00,43.873126438663014,0.0,1.5805400000000003,0.0
2025-10-03 00:00:00,51.469299238015985,0.0,0.0,3.5696599999999994
2025-10-03 00:30:00,46.18054692260881,0.0,0.0,3.29012
2025-10-03 01:00:00,48.614827540324065,0.0,0.0,3.6664399999999997
2025-10-03 01:30:00,47.94957149085018,0.0,0.0,3.6019199999999993
2025-10-03 02:00:00,43.18297547181374,0.0,0.0,3.55892
2025-10-03 02:30:00,51.32520219637407,0.0,0.0,2.9138
2025-10-03 03:00:00,48.34666426508894,0.0,0.0,2.60736
2025-10-03 03:30:00,49.343883569560134,0.0,0.0,2.688
2025-10-03 04:00:00,46.4901886072376,0.0,0.0,2.69876
2025-10-03 04:30:00,48.36312689867377,0.0,0.0,2.52672
2025-10-03 05:00:00,45.592417308485736,0.0,0.0,3.1826000000000003
2025-10-03 05:30:00,51.63626299589255,0.0,0.01076,2.5536
2025-10-03 06:00:00,49.83096687413866,0.0,0.0,2.40844
2025-10-03 06:30:00,47.56475243739013,0.0,0.0,3.5159
2025-10-03 07:00:00,57.82050021900161,0.0,0.52684,3.11808
2025-10-03 07:30:00,71.95334805597788,0.0,2.18266,0.15052
2025-10-03 08:00:00,91.76534288112617,0.0,8.8489,0.0215
2025-10-03 08:30:00,182.71063079504057,0.0,67.5602,0.0
2025-10-03 09:00:00,201.27026250385074,0.0,69.0601,0.0
2025-10-03 09:30:00,191.9072854972416,0.0,58.5124,0.0
2025-10-03 10:00:00,209.03964802223248,0.0,57.40494,0.0
2025-10-03 10:30:00,225.82045313125494,0.0,68.28596,0.0
2025-10-03 11:00:00,211.42222447803223,0.0,74.22106,0.0
2025-10-03 11:30:00,220.1353520648804,0.0,72.31796,0.0
2025-10-03 12:00:00,206.21008471808656,0.0,74.9307,0.0
2025-10-03 12:30:00,220.09190747810695,0.0,73.77486,0.0
2025-10-03 13:00:00,138.50452492115878,0.0,44.24448,0.0
2025-10-03 13:30:00,142.66844846606668,0.0,40.85224,0.0
2025-10-03 14:00:00,137.39302833319044,0.0,38.712579999999996,0.0
2025-10-03 14:30:00,151.13822381772025,0.0,37.76102,0.0
2025-10-03 15:00:00,173.2800492366851,0.0,44.36276,0.0
2025-10-03 15:30:00,179.92424020199059,0.0,53.76,0.0
2025-10-03 16:00:00,206.5539769356564,0.0,55.802879999999995,0.0
2025-10-03 16:30:00,168.27199414591365,0.0,48.68505999999999,0.0
2025-10-03 17:00:00,176.3597670979052,0.0,55.00724,0.0
2025-10-03 17:30:00,185.03115296605063,0.0,52.373,0.0
2025-10-03 18:00:00,139.91490194890878,0.0,47.0615,0.0
2025-10-03 18:30:00,139.12566585362936,0.0,41.58874,0.0
2025-10-03 19:00:00,115.6775687066081,0.0,38.89,0.0
2025-10-03 19:30:00,66.87041192495758,0.0,8.16076,0.07526
2025-10-03 20:00:00,51.173121533198,0.0,0.0,2.21492
2025-10-03 20:30:00,47.91530246986839,0.0,0.01076,3.23636
2025-10-03 21:00:00,45.857270761477515,0.0,0.0,4.661
2025-10-03 21:30:00,48.20711997157858,0.0,0.0,4.47284
2025-10-03 22:00:00,46.2199086386706,0.0,0.0,3.84922
2025-10-03 22:30:00,44.39637733964574,0.0,0.0,3.23636
2025-10-03 23:00:00,45.97636398676747,0.0,0.0,3.1825999999999994
2025-10-03 23:30:00,42.5773657239103,0.0,0.0,3.4298800000000003
2025-10-04 00:00:00,50.589717543455144,0.0,0.0,4.19328
2025-10-04 00:30:00,46.58535544566615,0.0,0.0,6.75226
2025-10-04 01:00:00,45.453913281122524,0.0,0.0,6.9888
2025-10-04 01:30:00,52.72093775576622,0.0,0.0,6.34368
2025-10-04 02:00:00,48.12240925902385,0.0,0.0,6.38668
2025-10-04 02:30:00,47.510604124896574,0.0,0.0,6.33294
2025-10-04 03:00:00,47.42462011029847,0.0,0.0,5.92436
2025-10-04 03:30:00,45.900630208156606,0.0,0.0,5.31686
2025-10-04 04:00:00,42.49784740342654,0.0,0.0,5.1502
2025-10-04 04:30:00,50.552640763818985,0.0,0.0,4.62336
2025-10-04 05:00:00,48.13180066635158,0.0,0.0,4.8814
2025-10-04 05:30:00,47.563543195735036,0.0,0.0,4.33844
2025-10-04 06:00:00,48.49710618698298,0.0,0.0,3.8062
2025-10-04 06:30:00,47.56879622331237,0.0,0.0,5.03194
2025-10-04 07:00:00,44.39675630788978,0.0,0.0,4.08576
2025-10-04 07:30:00,43.84319095153188,0.0,0.0,5.52652
2025-10-04 08:00:00,43.91675590548819,0.0,0.32794,4.5911
2025-10-04 08:30:00,125.01196449874108,0.0,40.4544,0.0
2025-10-04 09:00:00,121.80547864365563,0.0,43.008,0.0
2025-10-04 09:30:00,105.53549545393021,0.0,43.22304,0.0
2025-10-04 10:00:00,113.53801129288534,0.0,41.9328,0.0
2025-10-04 10:30:00,123.25531947646444,0.0,41.85754,0.0
2025-10-04 11:00:00,120.08639891277369,0.0,45.24442,0.0
2025-10-04 11:30:00,116.61193351228683,0.0,45.85728,0.0
2025-10-04 12:00:00,138.3130225808666,0.0,46.7927,0.0
2025-10-04 12:30:00,128.286673332313,0.0,47.90016,0.0
2025-10-04 13:00:00,129.36879034000088,0.0,48.69582,0.0
2025-10-04 13:30:00,120.59289088071942,0.0,47.70664,0.0
2025-10-04 14:00:00,138.59062917647603,0.0,48.14746,0.0
2025-10-04 14:30:00,133.2450572254027,0.0,45.54548,0.0
2025-10-04 15:00:00,136.2524790951671,0.0,47.10452,0.0
2025-10-04 15:30:00,139.63261298115765,0.0,46.92174000000001,0.0
2025-10-04 16:00:00,116.51764938794757,0.0,46.98624,0.0
2025-10-04 16:30:00,132.14864564542572,0.0,45.83578,0.0
2025-10-04 17:00:00,124.11332847387013,0.0,46.5239,0.0
2025-10-04 17:30:00,132.62993341725442,0.0,48.48078,0.0
2025-10-04 18:00:00,118.10300036060814,0.0,49.26568,0.0
2025-10-04 18:30:00,117.67728120399302,0.0,48.49152,0.0
2025-10-04 19:00:00,83.3012136815918,0.0,25.43924,0.0
2025-10-04 19:30:00,62.814584653577654,0.0,8.54784,0.20428
2025-10-04 20:00:00,49.98051815739904,0.0,0.01076,2.48372
2025-10-04 20:30:00,46.44216945503523,0.0,0.0,2.16652
2025-10-04 21:00:00,43.43702558978492,0.0,0.0,2.9138
2025-10-04 21:30:00,43.299200935011484,0.0,0.0,3.5481599999999998
2025-10-04 22:00:00,45.7911619372627,0.0,0.0,4.51584
2025-10-04 22:30:00,44.79018102854316,0.0,0.0,4.38682
2025-10-04 23:00:00,43.74576206116097,0.0,0.0,4.63412
2025-10-04 23:30:00,49.93507994862436,0.0,0.0,3.9029800000000003
2025-10-05 00:00:00,45.30891897223232,0.0,0.0,6.4942
2025-10-05 00:30:00,49.134432921096405,0.0,0.0,6.709259999999999
2025-10-05 01:00:00,46.26485901196076,0.0,0.0,6.1178799999999995
2025-10-05 01:30:00,38.858273035971266,0.0,0.0,6.4727
2025-10-05 02:00:00,46.219478457982646,0.0,0.0,6.11788
2025-10-05 02:30:00,46.10141019424695,0.0,0.0,5.92436
2025-10-05 03:00:00,44.29879696382409,0.0,0.0,6.17164
2025-10-05 03:30:00,46.002826899327914,0.0,0.0,5.1287
2025-10-05 04:00:00,45.74730648263199,0.0,0.0,4.8384
2025-10-05 04:30:00,44.387604185930954,0.0,0.0,4.7954
2025-10-05 05:00:00,47.5975704905205,0.0,0.0,3.9244800000000004
2025-10-05 05:30:00,45.74619692574436,0.0,0.0,3.93524
2025-10-05 06:00:00,43.34391451438982,0.0,0.0,4.12876
2025-10-05 06:30:00,52.53345055176929,0.0,0.0,4.11264
2025-10-05 07:00:00,43.860534174413345,0.0,0.0,3.99974
2025-10-05 07:30:00,43.10924604369156,0.0,0.0,4.661
2025-10-05 08:00:00,41.962776802964946,0.0,0.08602,3.5911600000000004
2025-10-05 08:30:00,105.59995416840404,0.0,33.98708,0.05376
2025-10-05 09:00:00,114.01203380040596,0.0,42.85748,0.0
2025-10-05 09:30:00,127.07205930971935,0.0,44.1047,0.0
2025-10-05 10:00:00,145.87960345722306,0.0,47.36256,0.0
2025-10-05 10:30:00,149.89661581160684,0.0,49.57748,0.0
2025-10-05 11:00:00,154.02940607474818,0.0,51.21178,0.0
2025-10-05 11:30:00,136.83501086919887,0.0,51.38382,0.0
2025-10-05 12:00:00,165.2989794585709,0.0,51.46982,0.0
2025-10-05 12:30:00,145.30060725492646,0.0,54.10406,0.0
2025-10-05 13:00:00,166.96113659703926,0.0,55.66312,0.0
2025-10-05 13:30:00,170.31607583787593,0.0,58.2436,0.0
2025-10-05 14:00:00,179.7233246308282,0.0,62.64116,0.0
2025-10-05 14:30:00,168.0322728319644,0.0,62.55514,0.0
2025-10-05 15:00:00,157.4315034583636,0.0,57.16838,0.0
2025-10-05 15:30:00,143.52746169690366,0.0,49.9108,0.0
2025-10-05 16:00:00,146.16043893110108,0.0,49.40544,0.0
2025-10-05 16:30:00,135.58381481612494,0.0,44.90036,0.0
2025-10-05 17:00:00,50.68342588197543,0.0,4.19328,3.1718400000000004
2025-10-05 17:30:00,47.72128504471459,0.0,0.0,4.73088
2025-10-05 18:00:00,45.20401031396398,0.0,0.0,4.5696
2025-10-05 18:30:00,43.04399819108779,0.0,0.0,5.05344
2025-10-05 19:00:00,43.58388319929194,0.0,0.0,4.8169
2025-10-05 19:30:00,45.79178637870811,0.0,0.0,5.20396
2025-10-05 20:00:00,44.534842703536455,0.0,0.0,4.76314
2025-10-05 20:30:00,41.35157497966843,0.0,0.0,4.36532
2025-10-05 21:00:00,45.66166800050682,0.0,0.0,4.90292
2025-10-05 21:30:00,47.61009713466405,0.0,0.0,4.5911
2025-10-05 22:00:00,46.396327254359335,0.0,0.0,4.06426
2025-10-05 22:30:00,44.33243776559064,0.0,0.0,3.56966
2025-10-05 23:00:00,47.10619942013998,0.0,0.0,3.81696
2025-10-05 23:30:00,42.432340035561865,0.0,0.0,4.38682
2025-10-06 00:00:00,48.56186719069353,0.0,0.01076,3.03206
2025-10-06 00:30:00,49.32258215620201,0.0,0.0,4.17178
2025-10-06 01:00:00,45.19717914740942,0.0,0.0,4.0105
2025-10-06 01:30:00,46.685636615911186,0.0,0.0,4.02124
2025-10-06 02:00:00,48.919579202089174,0.0,0.0,3.89222
2025-10-06 02:30:00,44.74374778375125,0.0,0.0,3.79546
2025-10-06 03:00:00,47.78909238891201,0.0,0.0,3.13958
2025-10-06 03:30:00,45.65889065159968,0.0,0.0,2.5536
2025-10-06 04:00:00,44.860858160765694,0.0,0.0,2.59124
2025-10-06 04:30:00,44.1108164116283,0.0,0.0,4.44058
2025-10-06 05:00:00,46.98457900115096,0.0,0.0,4.55348
2025-10-06 05:30:00,48.4300072013767,0.0,0.0,4.44058
2025-10-06 06:00:00,45.63499712298078,0.0,0.0,4.22016
2025-10-06 06:30:00,42.419323124940206,0.0,0.0,4.58036
2025-10-06 07:00:00,48.82221332837918,0.0,0.0,3.6449199999999995
2025-10-06 07:30:00,62.737662794025844,0.0,0.13978,4.48358
2025-10-06 08:00:00,95.93418135827301,0.0,2.25792,0.15052
2025-10-06 08:30:00,109.76912365593374,0.0,4.76852,0.0
2025-10-06 09:00:00,126.87391671485757,0.0,10.04238,0.0
2025-10-06 09:30:00,134.60002676270364,0.0,9.04244,0.0
2025-10-06 10:00:00,136.00305916911145,0.0,9.30048,0.0
2025-10-06 10:30:00,140.44535111656126,0.0,8.97792,0.0
2025-10-06 11:00:00,141.4348091242524,0.0,10.21978,0.0
2025-10-06 11:30:00,162.55848133597567,0.0,9.9026,0.0
2025-10-06 12:00:00,126.50605077223946,0.0,9.81658,0.0
2025-10-06 12:30:00,150.1196481795136,0.0,11.0208,0.0
2025-10-06 13:00:00,139.07455031287003,0.0,10.709,0.0
2025-10-06 13:30:00,134.94771364140772,0.0,15.39686,0.0
2025-10-06 14:00:00,147.62520087432327,0.0,14.622720000000001,0.0
2025-10-06 14:30:00,134.0410750007157,0.0,12.3648,0.0
2025-10-06 15:00:00,132.6251258781851,0.0,10.752,0.0
2025-10-06 15:30:00,139.5312719709958,0.0,12.24654,0.0
2025-10-06 16:00:00,142.07482197254868,0.0,14.2679,0.0
2025-10-06 16:30:00,135.82411888885855,0.0,14.33242,0.0
2025-10-06 17:00:00,127.17980384709976,0.0,14.04212,0.0
2025-10-06 17:30:00,120.56718899179369,0.0,6.9888,0.0
2025-10-06 18:00:00,99.4831908062118,0.0,1.87084,0.043
2025-10-06 18:30:00,84.50466529306235,0.0,1.51604,0.0
2025-10-06 19:00:00,74.95175750822915,0.0,0.24730000000000002,0.65588
2025-10-06 19:30:00,60.532012190255216,0.0,0.01076,2.35468
2025-10-06 20:00:00,58.12176807542323,0.0,0.0,2.52672
2025-10-06 20:30:00,62.87864642591434,0.0,0.0,2.65574
2025-10-06 21:00:00,49.524654577292395,0.0,0.0,2.59124
2025-10-06 21:30:00,44.064786211313766,0.0,0.01076,2.42996
2025-10-06 22:00:00,47.120775638486954,0.0,0.0,3.11808
2025-10-06 22:30:00,41.636211600965815,0.0,0.0,4.97818
2025-10-06 23:00:00,42.958850811140564,0.0,0.0,4.35456
2025-10-06 23:30:00,43.27444922722693,0.0,0.0,4.51584
2025-10-07 00:00:00,45.69758401026217,0.0,0.0,4.16102
2025-10-07 00:30:00,46.29901688298979,0.0,0.0,5.54804
2025-10-07 01:00:00,41.44332761148513,0.0,0.0,6.26842
2025-10-07 01:30:00,43.71824443433433,0.0,0.0,5.612540000000001
2025-10-07 02:00:00,43.630008260485035,0.0,0.0,5.72006
2025-10-07 02:30:00,43.921502670538985,0.0,0.0,5.48352
2025-10-07 03:00:00,42.87563101580773,0.0,0.07526,5.02118
2025-10-07 03:30:00,43.41496335984962,0.0,0.0,4.63412
2025-10-07 04:00:00,46.59494146954583,0.0,0.0,4.08576
2025-10-07 04:30:00,47.350307567815086,0.0,0.01076,3.31162
2025-10-07 05:00:00,44.7884921955102,0.0,0.0,3.5159
2025-10-07 05:30:00,48.014387507824104,0.0,0.0,3.5051600000000005
2025-10-07 06:00:00,43.798282653311155,0.0,0.0,3.46214
2025-10-07 06:30:00,46.629184572979625,0.0,0.0,4.44596
2025-10-07 07:00:00,48.85891528555344,0.0,0.0,4.47284
2025-10-07 07:30:00,64.98956432622816,0.0,0.43008,2.80628
2025-10-07 08:00:00,88.58139245431565,0.0,8.95642,0.32256
2025-10-07 08:30:00,199.85706111459464,0.0,66.79144,0.0
2025-10-07 09:00:00,237.93711476467456,0.0,71.5008,0.0
2025-10-07 09:30:00,240.68515892387438,0.0,68.8128,0.0
2025-10-07 10:00:00,269.502226037694,0.0,67.85588,0.0
2025-10-07 10:30:00,240.6704148613845,0.0,69.03322,0.0
2025-10-07 11:00:00,275.0542411263844,0.0,71.7051,0.0
2025-10-07 11:30:00,281.2943363532017,0.0,70.72666,0.0
2025-10-07 12:00:00,272.07187626959876,0.0,69.67298,0.0
2025-10-07 12:30:00,238.0918794659923,0.0,73.3394,0.0
2025-10-07 13:00:00,266.6489638747456,0.0,80.14542,0.0
2025-10-07 13:30:00,260.8775444591463,0.0,83.38175999999999,0.0
2025-10-07 14:00:00,251.6416570315941,0.0,81.10234,0.0
2025-10-07 14:30:00,252.03258901543748,0.0,82.93018,0.0
2025-10-07 15:00:00,259.156863038516,0.0,89.66094,0.0
2025-10-07 15:30:00,251.53075861266367,0.0,87.50516,0.0
2025-10-07 16:00:00,262.4044024595215,0.0,85.05908,0.0
2025-10-07 16:30:00,257.56592463201747,0.0,83.72584,0.0
2025-10-07 17:00:00,251.87653776213736,0.0,84.61826,0.0
2025-10-07 17:30:00,247.12613753454792,0.0,87.12346,0.0
2025-10-07 18:00:00,227.93101444100117,0.0,82.4571,0.0
2025-10-07 18:30:00,196.23171775217975,0.0,71.56532,0.0
2025-10-07 19:00:00,181.7989254039048,0.0,68.58702,0.0
2025-10-07 19:30:00,107.48660179364725,0.0,30.48192,0.0
2025-10-07 20:00:00,72.86450173954542,0.0,1.31174,1.7418200000000001
2025-10-07 20:30:00,55.629782425316264,0.0,0.0,2.48372
2025-10-07 21:00:00,60.175717218863404,0.0,0.01076,1.80634
2025-10-07 21:30:00,47.72617842032604,0.0,0.01076,2.04288
2025-10-07 22:00:00,47.2925400304796,0.0,0.01076,1.40852
2025-10-07 22:30:00,47.04393323976889,0.0,0.0,4.51584
2025-10-07 23:00:00,41.81944599362876,0.0,0.0,4.36532
2025-10-07 23:30:00,43.48663245711906,0.0,0.0,4.3223
2025-10-08 00:00:00,49.153591351642305,0.0,0.08602,1.20422
2025-10-08 00:30:00,47.772504453019906,0.0,0.0,3.6126800000000006
2025-10-08 01:00:00,43.086218902582495,0.0,0.0,3.79546
2025-10-08 01:30:00,43.07391132644665,0.0,0.0,4.65562
2025-10-08 02:00:00,47.25260780132361,0.0,0.0,5.45126
2025-10-08 02:30:00,42.34507621268099,0.0,0.0,5.67706
2025-10-08 03:00:00,45.90438137292845,0.0,0.0,5.53728
2025-10-08 03:30:00,46.60050075601968,0.0,0.0,4.97818
2025-10-08 04:00:00,43.56572654476085,0.0,0.0,5.1287
2025-10-08 04:30:00,44.12455149036068,0.0,0.0,4.76852
2025-10-08 05:00:00,45.26349559277385,0.0,0.0,4.94592
2025-10-08 05:30:00,48.39964400211943,0.0,0.0,4.38682
2025-10-08 06:00:00,48.99819460593422,0.0,0.0,4.5481
2025-10-08 06:30:00,46.903978093165215,0.0,0.0,5.59104
2025-10-08 07:00:00,53.074817090538055,0.0,0.0,5.13946
2025-10-08 07:30:00,62.98531813087884,0.0,1.29024,2.67724
2025-10-08 08:00:00,99.26107902879538,0.0,17.4505,0.0
2025-10-08 08:30:00,197.07316115705675,0.0,68.46874,0.0
2025-10-08 09:00:00,243.84768907360686,0.0,73.93076,0.0
2025-10-08 09:30:00,255.3312727728907,0.0,85.22036,0.0
2025-10-08 10:00:00,223.13874110470113,0.0,83.42478,0.0
2025-10-08 10:30:00,233.29071773274848,0.0,73.24264,0.0
2025-10-08 11:00:00,253.55408650075353,0.0,71.10298,0.0
2025-10-08 11:30:00,241.22097531516943,0.0,72.51686,0.0
2025-10-08 12:00:00,228.52415449440159,0.0,75.97364,0.0
2025-10-08 12:30:00,277.5954150808405,0.0,78.81754,0.0
2025-10-08 13:00:00,245.75029467620573,0.0,77.71546,0.0
2025-10-08 13:30:00,249.76456376039013,0.0,80.89806,0.0
2025-10-08 14:00:00,249.08382754014377,0.0,77.02734,0.0
2025-10-08 14:30:00,247.2797942467431,0.0,76.5865,0.0
2025-10-08 15:00:00,252.17407082488216,0.0,78.9627,0.0
2025-10-08 15:30:00,296.8766478330024,0.0,79.14548,0.0
2025-10-08 16:00:00,276.5588899625217,0.0,74.04904,0.0
2025-10-08 16:30:00,276.23249749333314,0.0,75.7801,0.0
2025-10-08 17:00:00,266.5313570790554,0.0,73.79098,0.0
2025-10-08 17:30:00,234.99230729736527,0.0,69.5977,0.0
2025-10-08 18:00:00,228.7193212811606,0.0,59.630599999999994,0.0
2025-10-08 18:30:00,203.8992133042144,0.0,61.67348,0.0
2025-10-08 19:00:00,188.96622330189493,0.0,57.03936,0.0
2025-10-08 19:30:00,122.66235799470131,0.0,30.0626,0.0
2025-10-08 20:00:00,88.87314322918887,0.0,2.69876,0.20428000000000002
2025-10-08 20:30:00,88.99454946632073,0.0,0.08602,1.17196
2025-10-08 21:00:00,75.88052058418785,0.0,0.01076,2.4192
2025-10-08 21:30:00,64.92084372935221,0.0,0.0,2.4622
2025-10-08 22:00:00,72.9714897057343,0.0,0.0,2.26868
2025-10-08 22:30:00,70.53143302257527,0.0,0.0,5.1502
2025-10-08 23:00:00,62.65315514016768,0.0,0.0,5.19322
2025-10-08 23:30:00,54.98134488005742,0.0,0.0,5.18246
2025-10-09 00:00:00,44.02800500495075,0.0,0.0,5.419
2025-10-09 00:30:00,40.864288430895996,0.0,0.0,5.04268
2025-10-09 01:00:00,41.98938033979817,0.0,0.0,4.73088
2025-10-09 01:30:00,44.90841364151383,0.0,0.0,4.33844
2025-10-09 02:00:00,41.13707986303957,0.0,0.0,4.8599
2025-10-09 02:30:00,44.659515522527144,0.0,0.0,4.44596
2025-10-09 03:00:00,40.84899739361857,0.0,0.0,4.5481
2025-10-09 03:30:00,42.217675889674496,0.0,0.0,3.77396
2025-10-09 04:00:00,45.76031489897084,0.0,0.0,3.25786
2025-10-09 04:30:00,45.30146335988411,0.0,0.01076,3.6341799999999997
2025-10-09 05:00:00,42.63078366568559,0.0,0.0,3.0535599999999996
2025-10-09 05:30:00,41.676626726723484,0.0,0.0,3.3116199999999996
2025-10-09 06:00:00,42.77590860964649,0.0,0.0,3.19334
2025-10-09 06:30:00,44.63965191834135,0.0,0.0,4.31156
2025-10-09 07:00:00,45.12644214670153,0.0,0.0,4.64486
2025-10-09 07:30:00,57.692934862236626,0.0,0.0,4.73088
2025-10-09 08:00:00,86.03458451721846,0.0,3.1610799999999997,1.43002
2025-10-09 08:30:00,192.03983428829787,0.0,64.15718,0.0
2025-10-09 09:00:00,228.38151019934242,0.0,69.5977,0.0
2025-10-09 09:30:00,218.79633004297247,0.0,69.8665,0.0
2025-10-09 10:00:00,221.47145865561887,0.0,73.84474,0.0
2025-10-09 10:30:00,211.9481288334565,0.0,74.65652,0.0
2025-10-09 11:00:00,239.97465218112575,0.0,73.24264,0.0
2025-10-09 11:30:00,223.2106541526999,0.0,73.76948,0.0
2025-10-09 12:00:00,237.1327652668824,0.0,74.21032,0.0
2025-10-09 12:30:00,234.82201045133849,0.0,76.48974,0.0
2025-10-09 13:00:00,224.03069559765729,0.0,77.89286,0.0
2025-10-09 13:30:00,221.38396134271852,0.0,78.41434,0.0
2025-10-09 14:00:00,244.5804744415371,0.0,77.23162,0.0
2025-10-09 14:30:00,244.54436146410134,0.0,77.89286,0.0
2025-10-09 15:00:00,232.10649876676848,0.0,80.48948,0.0
2025-10-09 15:30:00,256.50506154562885,0.0,83.25274,0.0
2025-10-09 16:00:00,247.28342165689753,0.0,81.72596,0.0
2025-10-09 16:30:00,298.37890713048296,0.0,81.0701,0.0
2025-10-09 17:00:00,242.878218023438,0.0,80.81204,0.0
2025-10-09 17:30:00,229.6417726290647,0.0,77.19938,0.0
2025-10-09 18:00:00,221.95166634623922,0.0,68.98484,0.0
2025-10-09 18:30:00,186.70907878305815,0.0,57.63071999999999,0.0
2025-10-09 19:00:00,200.86728682980578,0.0,57.7275,0.0
2025-10-09 19:30:00,215.962969631286,0.0,61.46918000000001,0.0
2025-10-09 20:00:00,177.65147867392358,0.0,55.97492,0.0
2025-10-09 20:30:00,141.48049642055167,0.0,40.93824,0.0
2025-10-09 21:00:00,129.3146070771584,0.0,40.30926,0.0
2025-10-09 21:30:00,126.2386227272436,0.0,39.94368,0.0
2025-10-09 22:00:00,117.99050320826574,0.0,42.30912,0.0
2025-10-09 22:30:00,56.38290294120899,0.0,7.601659999999999,0.0
2025-10-09 23:00:00,47.20225347713239,0.0,1.81708,0.0
2025-10-09 23:30:00,45.628692971219174,0.0,1.58054,0.0
2025-10-10 00:00:00,41.79322472996901,0.0,0.0,5.978119999999999
2025-10-10 00:30:00,41.51723430834985,0.0,0.0,6.114906382978724
2025-10-10 01:00:00,44.32346453006504,0.0,0.0,5.736988510638297
2025-10-10 01:30:00,39.95019155481704,0.0,0.0,5.891173191489362
2025-10-10 02:00:00,39.90412508550835,0.0,0.0,5.715945531914893
2025-10-10 02:30:00,42.91963054569605,0.0,0.0,4.973139574468085
2025-10-10 03:00:00,43.151506191889226,0.0,0.0,4.835189787234042
2025-10-10 03:30:00,40.591600558773656,0.0,0.0,4.589733617021277
2025-10-10 04:00:00,41.46911057476136,0.0,0.0,4.458881276595744
2025-10-10 04:30:00,42.62016616884134,0.0,0.0,3.8755280851063834
2025-10-10 05:00:00,37.21918310915427,0.0,0.0,4.334203829787234
2025-10-10 05:30:00,42.14065698102526,0.0,0.0,4.284329787234043
2025-10-10 06:00:00,43.561199066576705,0.0,0.0,4.696562127659575
2025-10-10 06:30:00,44.39532963685971,0.0,0.0,5.4277
2025-10-10 07:00:00,57.14677258539307,0.0,0.49825787234042485,4.803061276595746
2025-10-10 07:30:00,74.65767045165866,0.0,5.277633191489357,1.4408876595744715
2025-10-10 08:00:00,155.35618773353733,0.0,47.59362680851061,0.010982127659574483
2025-10-10 08:30:00,178.65619788503562,0.0,68.69270765957447,0.0
2025-10-10 09:00:00,206.73758181174287,0.0,69.07794127659575,0.0
2025-10-10 09:30:00,210.78909344658405,0.0,68.59661617021277,0.0
2025-10-10 10:00:00,212.99854101678284,0.0,68.78443531914893,0.0
2025-10-10 10:30:00,233.34582532102735,0.0,68.02584468085107,0.0
2025-10-10 11:00:00,232.1327697229797,0.0,67.47773063829787,0.0
2025-10-10 11:30:00,225.91689413732857,0.0,71.16682170212766,0.0
2025-10-10 12:00:00,208.75444408900506,0.0,67.22059914893617,0.0
2025-10-10 12:30:00,189.00344427772197,0.0,53.827255319148925,0.0
2025-10-10 13:00:00,155.29377954250162,0.0,46.54266595744681,0.0
2025-10-10 13:30:00,146.6664340062996,0.0,45.740163829787235,0.0
2025-10-10 14:00:00,140.73038619115667,0.0,45.22406297872341,0.0
2025-10-10 14:30:00,170.36773778954162,0.0,53.84121191489358,0.0
2025-10-10 15:00:00,219.81170917105354,0.0,68.58037957446808,0.0
2025-10-10 15:30:00,239.29331215814895,0.0,69.12714042553192,0.0
2025-10-10 16:00:00,215.945078168101,0.0,70.57294382978723,0.0
2025-10-10 16:30:00,206.98092226412493,0.0,70.82321446808513,0.0
2025-10-10 17:00:00,198.73810278980272,0.0,67.01653659574468,0.0
2025-10-10 17:30:00,204.27766765105102,0.0,65.40190255319152,0.0
2025-10-10 18:00:00,161.8860665410033,0.0,59.05913744680853,0.0
2025-10-10 18:30:00,170.1317555166498,0.0,51.375810638297914,0.0
2025-10-10 19:00:00,141.76727722061204,0.0,37.08959744680857,0.0
2025-10-10 19:30:00,105.40271783618181,0.0,17.803716595744735,0.733882553191479
2025-10-10 20:00:00,70.76518948493147,0.0,0.20131063829787285,4.3499914893617015
2025-10-10 20:30:00,64.8185396944317,0.0,0.0,4.5188144680851074
2025-10-10 21:00:00,61.65180967056543,0.0,0.0,4.169492765957447
2025-10-10 21:30:00,56.840801965636416,0.0,0.0,4.16492
2025-10-10 22:00:00,58.909744113542615,0.0,0.0,4.47397234042553
2025-10-10 22:30:00,48.73147327177792,0.0,0.0,6.67150510638298
2025-10-10 23:00:00,49.923507843351935,0.0,0.0,6.06046
2025-10-10 23:30:00,40.84291489776437,0.0,0.0,5.8921
2025-10-11 00:00:00,48.484556616055585,0.0,0.0,4.46208
2025-10-11 00:30:00,48.030173151596166,0.0,0.0,2.76326
2025-10-11 01:00:00,46.20790618781833,0.0,0.0,2.76326
2025-10-11 01:30:00,48.149922319332546,0.0,0.01076,2.62348
2025-10-11 02:00:00,50.84032307385661,0.0,0.0,2.45146
2025-10-11 02:30:00,45.76475586610779,0.0,0.0,2.36544
2025-10-11 03:00:00,46.79937275878534,0.0,0.01076,1.47302
2025-10-11 03:30:00,50.0626238006596,0.0,0.03226,1.29024
2025-10-11 04:00:00,48.36927715841078,0.0,0.0,2.87078
2025-10-11 04:30:00,46.12297428241805,0.0,0.01076,3.4729
2025-10-11 05:00:00,44.857365505367,0.0,0.0,4.41908
2025-10-11 05:30:00,47.22030973085287,0.0,0.0,4.24704
2025-10-11 06:00:00,47.31345461491043,0.0,0.0,4.10726
2025-10-11 06:30:00,42.351089040196634,0.0,0.0,4.22016
2025-10-11 07:00:00,41.62956306416702,0.0,0.0,4.40832
2025-10-11 07:30:00,43.31010537650057,0.0,0.0,4.8169
2025-10-11 08:00:00,40.452875944268996,0.0,0.0,6.11788
2025-10-11 08:30:00,41.24308991204191,0.0,0.0,6.1609
2025-10-11 09:00:00,44.24420040763257,0.0,0.0,5.20934
2025-10-11 09:30:00,42.92022797839962,0.0,0.0,5.4190000000000005
2025-10-11 10:00:00,44.862663342559074,0.0,0.0,3.46214
2025-10-11 10:30:00,40.96152231381578,0.0,0.0,3.55892
2025-10-11 11:00:00,42.800134187272974,0.0,0.0,3.96748
2025-10-11 11:30:00,46.28339977540989,0.0,0.0,3.50516
2025-10-11 12:00:00,45.70767794383093,0.0,0.0,3.4298799999999994
2025-10-11 12:30:00,43.01088680516732,0.0,0.0,2.60736
2025-10-11 13:00:00,45.602765748075974,0.0,0.0,2.96756
2025-10-11 13:30:00,49.5093462622416,0.0,0.0,4.82764
2025-10-11 14:00:00,42.67796034252076,0.0,0.0,5.54804
2025-10-11 14:30:00,43.41554096776339,0.0,0.0,5.26848
2025-10-11 15:00:00,44.27321781128615,0.0,0.0,5.24698
2025-10-11 15:30:00,44.406490557571814,0.0,0.0,5.3545
2025-10-11 16:00:00,43.57458625560484,0.0,0.0,5.5265200000000005
2025-10-11 16:30:00,43.47476806325463,0.0,0.0,5.92436
2025-10-11 17:00:00,39.63266472621352,0.0,0.0,5.88134
2025-10-11 17:30:00,41.68140068910387,0.0,0.0,5.56954
2025-10-11 18:00:00,43.70623607894782,0.0,0.0,5.28998
2025-10-11 18:30:00,42.78398191478039,0.0,0.0,4.75238
2025-10-11 19:00:00,43.46752204956316,0.0,0.0,4.40832
2025-10-11 19:30:00,43.789379791441085,0.0,0.010759999999999999,4.51584
2025-10-11 20:00:00,45.750866415287284,0.0,0.0,4.18252
2025-10-11 20:30:00,48.422612949477475,0.0,0.0,3.67718
2025-10-11 21:00:00,46.320082909800725,0.0,0.0,3.59116
2025-10-11 21:30:00,46.65305746495757,0.0,0.0,3.5051599999999996
2025-10-11 22:00:00,45.51887407764211,0.0,0.0,2.9353
2025-10-11 22:30:00,47.56052606579254,0.0,0.0,4.65562
2025-10-11 23:00:00,45.3293867651621,0.0,0.0,5.88134
2025-10-11 23:30:00,48.0645864089529,0.0,0.0,5.30074
2025-10-12 00:00:00,48.24671458409281,0.0,0.0,3.7847
2025-10-12 00:30:00,48.000113521853564,0.0,0.0,3.69868
2025-10-12 01:00:00,45.3798045154551,0.0,0.01076,3.58042
2025-10-12 01:30:00,44.475421857743456,0.0,0.0,2.71488
2025-10-12 02:00:00,43.877901972073005,0.0,0.0,3.7309400000000004
2025-10-12 02:30:00,43.262620917744385,0.0,0.0,3.2471
2025-10-12 03:00:00,42.439849949275654,0.0,0.0,3.1718400000000004
2025-10-12 03:30:00,42.65752381897624,0.0,0.0,4.69862
2025-10-12 04:00:00,42.80426707034761,0.0,0.0,4.87066
2025-10-12 04:30:00,42.31882924025584,0.0,0.0,4.41908
2025-10-12 05:00:00,40.8549975963177,0.0,0.0,4.33844
2025-10-12 05:30:00,45.733365922133395,0.0,0.0,3.9997399999999996
2025-10-12 06:00:00,45.93176791029897,0.0,0.0,4.0535
2025-10-12 06:30:00,49.36919068130208,0.0,0.0,3.9674799999999997
2025-10-12 07:00:00,43.23904560525572,0.0,0.0,3.6771799999999994
2025-10-12 07:30:00,42.6500796471101,0.0,0.0,4.62336
2025-10-12 08:00:00,49.48209122149768,0.0,1.6988200000000002,1.76332
2025-10-12 08:30:00,99.17374705235021,0.0,33.50324,0.0
2025-10-12 09:00:00,124.9478426153641,0.0,45.66374,0.0
2025-10-12 09:30:00,123.35677751744487,0.0,43.30906,0.0
2025-10-12 10:00:00,121.84564065688716,0.0,43.01338,0.0
2025-10-12 10:30:00,117.55592938507887,0.0,42.35214,0.0
2025-10-12 11:00:00,118.10241346735326,0.0,41.621,0.0
2025-10-12 11:30:00,112.11167959671369,0.0,42.15322,0.0
2025-10-12 12:00:00,115.87861299615683,0.0,42.90048,0.0
2025-10-12 12:30:00,117.56313956746794,0.0,43.07252,0.0
2025-10-12 13:00:00,116.19584806911195,0.0,43.7929,0.0
2025-10-12 13:30:00,124.55425613049634,0.0,43.44884,0.0
2025-10-12 14:00:00,128.4424367702358,0.0,42.14784,0.0
2025-10-12 14:30:00,115.64623033568989,0.0,41.98656,0.0
2025-10-12 15:00:00,123.09037752915211,0.0,41.3307,0.0
2025-10-12 15:30:00,117.16255072654963,0.0,42.81448,0.0
2025-10-12 16:00:00,112.27424911027437,0.0,38.87924,0.0
2025-10-12 16:30:00,60.89008279623352,0.0,12.24654,0.0
2025-10-12 17:00:00,45.86709135888607,0.0,0.87092,3.85996
2025-10-12 17:30:00,41.179380687028306,0.0,0.0,4.90292
2025-10-12 18:00:00,44.70588959802822,0.0,0.0,4.44596
2025-10-12 18:30:00,42.356411202376684,0.0,0.0,4.22016
2025-10-12 19:00:00,40.86292072055654,0.0,0.0,4.58036
2025-10-12 19:30:00,41.128837003234864,0.0,0.0,4.44058
2025-10-12 20:00:00,45.940034321738025,0.0,0.0,2.20416
2025-10-12 20:30:00,47.09257005652023,0.0,0.01076,2.1289
2025-10-12 21:00:00,46.24637163188436,0.0,0.0,1.81708
2025-10-12 21:30:00,49.27523225537216,0.0,0.0,3.04282
2025-10-12 22:00:00,47.61441443051198,0.0,0.0,3.6771800000000003
2025-10-12 22:30:00,43.501071318775935,0.0,0.0,3.85996
2025-10-12 23:00:00,43.61543070627334,0.0,0.0,3.88148
2025-10-12 23:30:00,45.4468697838735,0.0,0.0,3.85996
2025-10-13 00:00:00,43.742020241752996,0.0,0.0,2.9567999999999994
2025-10-13 00:30:00,44.75523471129597,0.0,0.01076,2.71488
2025-10-13 01:00:00,39.352492785647,0.0,0.0,2.60198
2025-10-13 01:30:00,37.78576684868044,0.0,0.0,2.92454
2025-10-13 02:00:00,35.34588505937114,0.0,0.0,4.62336
2025-10-13 02:30:00,39.996117993612515,0.0,0.0,4.5481
2025-10-13 03:00:00,38.56222897046438,0.0,0.0,4.924419999999999
2025-10-13 03:30:00,39.44220901471005,0.0,0.0,4.26854
2025-10-13 04:00:00,40.54279293102898,0.0,0.0,3.93524
2025-10-13 04:30:00,41.19912592512551,0.0,0.0,3.38688
2025-10-13 05:00:00,40.56490019639062,0.0,0.0,3.91372
2025-10-13 05:30:00,40.47762004367204,0.0,0.0,3.42988
2025-10-13 06:00:00,38.49252054344412,0.0,0.0,3.82772
2025-10-13 06:30:00,39.96650936670534,0.0,0.0,5.05344
2025-10-13 07:00:00,43.58145294003097,0.0,0.0,5.34374
2025-10-13 07:30:00,62.79673272751728,0.0,0.9891800000000001,2.9568
2025-10-13 08:00:00,102.26632341564238,0.0,12.827139999999998,0.0215
2025-10-13 08:30:00,197.08606294587645,0.0,67.2699,0.0
2025-10-13 09:00:00,229.51673963568103,0.0,68.60852,0.0
2025-10-13 09:30:00,243.3188912704815,0.0,70.8987,0.0
2025-10-13 10:00:00,244.44163108318455,0.0,70.47938,0.0
2025-10-13 10:30:00,279.42099749957094,0.0,79.7906,0.0
2025-10-13 11:00:00,274.7680953413603,0.0,81.2475,0.0
2025-10-13 11:30:00,288.68739067983216,0.0,82.91944,0.0
2025-10-13 12:00:00,275.5831665564104,0.0,82.82266,0.0
2025-10-13 12:30:00,265.7802954069985,0.0,82.31732,0.0
2025-10-13 13:00:00,280.2606820929073,0.0,86.85466,0.0
2025-10-13 13:30:00,259.1653346334702,0.0,84.10214,0.0
2025-10-13 14:00:00,248.87436144430362,0.0,77.3714,0.0
2025-10-13 14:30:00,280.7053401576739,0.0,86.4676,0.0
2025-10-13 15:00:00,261.570570739401,0.0,82.82266,0.0
2025-10-13 15:30:00,261.3899667571258,0.0,80.81204,0.0
2025-10-13 16:00:00,249.57442908242683,0.0,80.00564,0.0
2025-10-13 16:30:00,279.2736109915764,0.0,75.83386,0.0
2025-10-13 17:00:00,288.5788797643665,0.0,77.24238,0.0
2025-10-13 17:30:00,266.19647124527035,0.0,79.34976,0.0
2025-10-13 18:00:00,252.6224371914065,0.0,70.78042,0.0
2025-10-13 18:30:00,183.58857086480936,0.0,59.98542,0.0
2025-10-13 19:00:00,179.6215538181003,0.0,50.70644,0.0
2025-10-13 19:30:00,101.79846043346595,0.0,19.19232,0.0
2025-10-13 20:00:00,72.09964489406873,0.0,0.8493999999999999,0.05376
2025-10-13 20:30:00,68.28133776683688,0.0,0.13978,0.86016
2025-10-13 21:00:00,49.07175367142482,0.0,0.01076,2.13964
2025-10-13 21:30:00,48.28574782051004,0.0,0.01076,1.39776
2025-10-13 22:00:00,44.562450175447125,0.0,0.13978,1.26874
2025-10-13 22:30:00,38.5889160035977,0.0,0.0,3.87072
2025-10-13 23:00:00,39.98465777228028,0.0,0.0,4.29004
2025-10-13 23:30:00,44.78034920538541,0.0,0.0,4.08576
2025-10-14 00:00:00,53.85324891771083,0.0,0.0,3.5804199999999997
2025-10-14 00:30:00,50.11841391962446,0.0,0.0,3.07508
2025-10-14 01:00:00,57.75587867199425,0.0,0.0,3.09658
2025-10-14 01:30:00,47.95512806892646,0.0,0.0,3.15034
2025-10-14 02:00:00,50.88990597638255,0.0,0.01076,2.23642
2025-10-14 02:30:00,53.86944430211714,0.0,0.0,2.40844
2025-10-14 03:00:00,57.18340226001886,0.0,0.0,2.51596
2025-10-14 03:30:00,54.31501252567163,0.0,0.0,3.5696599999999994
2025-10-14 04:00:00,54.276288591202196,0.0,0.0,3.8922199999999996
2025-10-14 04:30:00,52.03108563220067,0.0,0.0,3.5159
2025-10-14 05:00:00,50.77093215156612,0.0,0.0,3.05356
2025-10-14 05:30:00,52.391328290058716,0.0,0.0,2.9353
2025-10-14 06:00:00,49.05599831838448,0.0,0.0,3.34388
2025-10-14 06:30:00,51.64492061558175,0.0,0.0,3.46214
2025-10-14 07:00:00,61.68743474903775,0.0,0.12902,4.16102
2025-10-14 07:30:00,76.52783551635,0.0,1.4730200000000002,0.32794
2025-10-14 08:00:00,105.39363828301936,0.0,7.859720000000001,0.03226
2025-10-14 08:30:00,186.13750789113476,0.0,60.60903999999999,0.0
2025-10-14 09:00:00,225.28759456550412,0.0,68.56552,0.0
2025-10-14 09:30:00,234.80215968534924,0.0,66.36136,0.0
2025-10-14 10:00:00,261.500235558194,0.0,68.67304,0.0
2025-10-14 10:30:00,244.04481016979622,0.0,68.8128,0.0
2025-10-14 11:00:00,267.9144084530559,0.0,80.73678,0.0
2025-10-14 11:30:00,245.43724731461998,0.0,80.62926,0.0
2025-10-14 12:00:00,249.0287243205236,0.0,80.8013,0.0
2025-10-14 12:30:00,241.54121250565157,0.0,86.1988,0.0
2025-10-14 13:00:00,255.96469020138395,0.0,87.86536,0.0
2025-10-14 13:30:00,243.66468654749988,0.0,86.99982,0.0
2025-10-14 14:00:00,236.7541672552043,0.0,85.19348,0.0
2025-10-14 14:30:00,236.78909075505135,0.0,81.41952,0.0
2025-10-14 15:00:00,232.16265479048027,0.0,77.22088,0.0
2025-10-14 15:30:00,216.4264998676179,0.0,72.0384,0.0
2025-10-14 16:00:00,231.40259290344017,0.0,70.44712,0.0
2025-10-14 16:30:00,254.4045919179645,0.0,72.09218,0.0
2025-10-14 17:00:00,234.04969821300293,0.0,72.90932,0.0
2025-10-14 17:30:00,236.10498066899004,0.0,73.73184,0.0
2025-10-14 18:00:00,238.12408852792248,0.0,62.22184,0.0
2025-10-14 18:30:00,196.61487363360317,0.0,56.80282,0.0
2025-10-14 19:00:00,197.70282910926394,0.0,55.98568,0.0
2025-10-14 19:30:00,185.1786089359065,0.0,55.942660000000004,0.0
2025-10-14 20:00:00,122.66446001418367,0.0,28.10574,0.0
2025-10-14 20:30:00,84.67245769478255,0.0,9.6123,0.0
2025-10-14 21:00:00,70.05324380406701,0.0,0.97844,0.10752
2025-10-14 21:30:00,57.86132657975895,0.0,0.16128,1.74182
2025-10-14 22:00:00,69.41309749780915,0.0,0.0,2.60736
2025-10-14 22:30:00,55.75327649384717,0.0,0.0,3.9997400000000005
2025-10-14 23:00:00,52.79042536938114,0.0,0.0,4.06426
2025-10-14 23:30:00,51.45375104758896,0.0,0.0,4.12876
2025-10-15 00:00:00,50.82967915602133,0.0,0.0,4.92442
2025-10-15 00:30:00,51.20398366556736,0.0,0.0,4.0535
2025-10-15 01:00:00,52.55125355366024,0.0,0.0,4.55348
2025-10-15 01:30:00,56.33119965010145,0.0,0.0,4.31156
2025-10-15 02:00:00,51.61254760862185,0.0,0.0,4.67174
2025-10-15 02:30:00,53.4608500831769,0.0,0.0,4.17178
2025-10-15 03:00:00,54.32401617055235,0.0,0.0,4.2793
2025-10-15 03:30:00,58.367802575179766,0.0,0.0,3.89222
2025-10-15 04:00:00,52.7248585762113,0.0,0.0,3.87072
2025-10-15 04:30:00,56.54008647160635,0.0,0.0,3.55892
2025-10-15 05:00:00,58.09612254126858,0.0,0.0,2.87078
2025-10-15 05:30:00,54.4057562370958,0.0,0.0,3.03206
2025-10-15 06:00:00,53.628514619377036,0.0,0.0,3.5266600000000006
2025-10-15 06:30:00,53.175836590718156,0.0,0.0,4.3223
2025-10-15 07:00:00,56.7186340787556,0.0,0.0,5.04268
2025-10-15 07:30:00,73.99239458077223,0.0,0.32794,4.50508
2025-10-15 08:00:00,107.79612492039301,0.0,16.88602,0.0
2025-10-15 08:30:00,207.76356102351514,0.0,74.3501,0.0
2025-10-15 09:00:00,208.94866808216136,0.0,71.96314,0.0
2025-10-15 09:30:00,221.0487623100709,0.0,77.23162,0.0
2025-10-15 10:00:00,265.5863754454799,0.0,114.4658,0.0
2025-10-15 10:30:00,241.94557405096842,0.0,79.55406,0.0
2025-10-15 11:00:00,239.33501722886905,0.0,79.26376,0.0
2025-10-15 11:30:00,276.20205152987097,0.0,81.24212,0.0
2025-10-15 12:00:00,258.010776385006,0.0,80.51098,0.0
2025-10-15 12:30:00,262.04541844099595,0.0,80.99482,0.0
2025-10-15 13:00:00,254.7574165518583,0.0,78.05952,0.0
2025-10-15 13:30:00,237.1671847516676,0.0,75.32852,0.0
2025-10-15 14:00:00,237.4448038484177,0.0,74.55438,0.0
2025-10-15 14:30:00,241.5717213412763,0.0,71.9954,0.0
2025-10-15 15:00:00,261.3119429313791,0.0,74.56514,0.0
2025-10-15 15:30:00,259.5082288674005,0.0,78.53262,0.0
2025-10-15 16:00:00,270.31861832448067,0.0,86.52136,0.0
2025-10-15 16:30:00,234.1488864828681,0.0,75.95752,0.0
2025-10-15 17:00:00,201.7187257706252,0.0,74.69416,0.0
2025-10-15 17:30:00,225.58460751154686,0.0,74.82318,0.0
2025-10-15 18:00:00,216.10831210369903,0.0,58.74894,0.0
2025-10-15 18:30:00,169.30962885829666,0.0,42.19622,0.0
2025-10-15 19:00:00,137.0485375204571,0.0,42.12634,0.0
2025-10-15 19:30:00,143.2854764078046,0.0,43.1908,0.0
2025-10-15 20:00:00,138.03574614878556,0.0,43.40584,0.0
2025-10-15 20:30:00,123.28795938460847,0.0,43.66388,0.0
2025-10-15 21:00:00,120.05830131450455,0.0,41.578,0.0
2025-10-15 21:30:00,119.71279178746477,0.0,39.92218,0.0
2025-10-15 22:00:00,99.43793002093425,0.0,39.7179,0.0
2025-10-15 22:30:00,54.816365731311734,0.0,7.92422,0.98918
2025-10-15 23:00:00,42.25653797671823,0.0,0.0,5.354500000000001
2025-10-15 23:30:00,38.84242671859366,0.0,0.0,5.76308
2025-10-16 00:00:00,48.73206029536128,0.0,0.0,3.4729
2025-10-16 00:30:00,47.506158341656345,0.0,0.0,4.735688085106383
2025-10-16 01:00:00,47.26636712395016,0.0,0.0,4.299888936170213
2025-10-16 01:30:00,50.344694844489894,0.0,0.0,4.2340080851063835
2025-10-16 02:00:00,48.644053502989735,0.0,0.0,4.550620425531915
2025-10-16 02:30:00,48.542857018383614,0.0,0.0,3.955828936170213
2025-10-16 03:00:00,50.1072756020377,0.0,0.0,3.3562263829787233
2025-10-16 03:30:00,49.56667110118885,0.0,0.0,3.251904680851064
2025-10-16 04:00:00,47.188370566645176,0.0,0.0,3.086502978723405
2025-10-16 04:30:00,44.61322523030984,0.0,0.0,3.314353191489361
2025-10-16 05:00:00,48.84020233312069,0.0,0.0,3.2745510638297874
2025-10-16 05:30:00,49.84627437633242,0.0,0.008241702127659572,2.818853191489362
2025-10-16 06:00:00,50.27031631868508,0.0,0.0027472340425531913,3.144385106382979
2025-10-16 06:30:00,45.158142365612974,0.0,0.0,3.409761276595745
2025-10-16 07:00:00,44.465550707413165,0.0,0.0,3.541988510638298
2025-10-16 07:30:00,51.60448314554205,0.0,3.48090553191489,3.038694042553192
2025-10-16 08:00:00,103.2162652245991,0.0,38.90829191489359,0.9480034042553206
2025-10-16 08:30:00,119.20894510466499,0.0,55.809069787234044,0.0
2025-10-16 09:00:00,133.094112789358,0.0,54.14845319148937,0.0
2025-10-16 09:30:00,118.72608537057525,0.0,53.60947361702128,0.0
2025-10-16 10:00:00,125.33216905860822,0.0,53.18374085106383,0.0
2025-10-16 10:30:00,143.3215631646313,0.0,54.6144514893617,0.0
2025-10-16 11:00:00,150.93589873084434,0.0,57.93133234042553,0.0
2025-10-16 11:30:00,128.42540023219965,0.0,58.156436170212764,0.0
2025-10-16 12:00:00,130.46969863025953,0.0,56.97257234042553,0.0
2025-10-16 12:30:00,130.71743027095076,0.0,56.307315319148934,0.0
2025-10-16 13:00:00,143.52543682748984,0.0,56.55552,0.0
2025-10-16 13:30:00,134.15247877318555,0.0,58.89579914893616,0.0
2025-10-16 14:00:00,137.08777037331274,0.0,59.8422085106383,0.0
2025-10-16 14:30:00,149.62758625221903,0.0,58.707067234042555,0.0
2025-10-16 15:00:00,132.5129760879489,0.0,55.73882297872341,0.0
2025-10-16 15:30:00,139.25423374592185,0.0,55.21723914893616,0.0
2025-10-16 16:00:00,119.60578333400682,0.0,54.00935744680854,0.0
2025-10-16 16:30:00,90.77828609971691,0.0,32.02541191489372,0.2594229787234006
2025-10-16 17:00:00,57.54337351755716,0.0,10.19701957446814,1.917751914893602
2025-10-16 17:30:00,43.22351137369941,0.0,0.0,4.493650638297875
2025-10-16 18:00:00,48.44825450044687,0.0,0.0,4.232622553191486
2025-10-16 18:30:00,45.69677423629638,0.0,0.0,5.038802978723402
2025-10-16 19:00:00,44.506098343801135,0.0,0.0,5.5567268085106365
2025-10-16 19:30:00,44.01816181716898,0.0,0.0,5.92732
2025-10-16 20:00:00,46.09577280475012,0.0,0.0,5.662875319148938
2025-10-16 20:30:00,48.38015218722876,0.0,0.0013736170212765764,4.909771489361702
2025-10-16 21:00:00,49.74262924993022,0.0,0.009615319148936187,4.475805957446809
2025-10-16 21:30:00,41.93375611068757,0.0,0.0,4.145925106382979
2025-10-16 22:00:00,46.32749057528737,0.0,0.0,4.208260425531916
2025-10-16 22:30:00,48.470470956347455,0.0,0.0,4.114698723404255
2025-10-16 23:00:00,46.73377009927524,0.0,0.0,4.152326808510638
2025-10-16 23:30:00,49.01851401181408,0.0,0.0,3.75244
2025-10-17 00:00:00,50.17132479395095,0.0,0.0,5.46202
2025-10-17 00:30:00,49.118773067789846,0.0,0.0,6.63398
2025-10-17 01:00:00,45.504981641098574,0.0,0.0,6.12864
2025-10-17 01:30:00,42.82489233258554,0.0,0.0,5.419
2025-10-17 02:00:00,45.809787540286926,0.0,0.0,5.902840000000001
2025-10-17 02:30:00,45.79770882315673,0.0,0.0,5.16096
2025-10-17 03:00:00,44.4141967576039,0.0,0.0,5.0857
2025-10-17 03:30:00,45.050275494252716,0.0,0.0,4.5911
2025-10-17 04:00:00,44.46739259110454,0.0,0.0,4.3223
2025-10-17 04:30:00,45.61463848329184,0.0,0.0,4.12876
2025-10-17 05:00:00,47.87891027530357,0.0,0.01076,3.70944
2025-10-17 05:30:00,47.152030430338144,0.0,0.0,4.10726
2025-10-17 06:00:00,44.5919486726826,0.0,0.0,4.10726
2025-10-17 06:30:00,47.435631271982075,0.0,0.0,5.03194
2025-10-17 07:00:00,52.681114470414414,0.0,0.0,4.77926
2025-10-17 07:30:00,59.99689333272247,0.0,0.41932,3.29012
2025-10-17 08:00:00,93.7007424347279,0.0,10.752,0.01076
2025-10-17 08:30:00,195.68070310604256,0.0,62.08205999999999,0.0
2025-10-17 09:00:00,206.10838980449114,0.0,62.13582,0.0
2025-10-17 09:30:00,221.62304786897235,0.0,58.56616000000001,0.0
2025-10-17 10:00:00,247.4109378784531,0.0,58.18984,0.0
2025-10-17 10:30:00,214.04108860417858,0.0,58.10382,0.0
2025-10-17 11:00:00,230.59617210298197,0.0,58.31886,0.0
2025-10-17 11:30:00,236.450320795862,0.0,57.05012,0.0
2025-10-17 12:00:00,237.39579948988737,0.0,57.30816,0.0
2025-10-17 12:30:00,263.4732602338034,0.0,59.61984,0.0
2025-10-17 13:00:00,222.48108411841613,0.0,60.34024,0.0
2025-10-17 13:30:00,213.0784557019285,0.0,60.06068,0.0
2025-10-17 14:00:00,197.46916072354134,0.0,59.91016,0.0
2025-10-17 14:30:00,210.70522919000584,0.0,59.512319999999995,0.0
2025-10-17 15:00:00,207.31990763600382,0.0,60.7488,0.0
2025-10-17 15:30:00,269.649797816583,0.0,81.90874,0.0
2025-10-17 16:00:00,288.61388883054974,0.0,87.274,0.0
2025-10-17 16:30:00,247.39016647362948,0.0,87.8116,0.0
2025-10-17 17:00:00,229.8911848918216,0.0,86.05902,0.0
2025-10-17 17:30:00,273.94967160146575,0.0,85.93000000000002,0.0
2025-10-17 18:00:00,218.45492454797522,0.0,69.36116,0.0
2025-10-17 18:30:00,224.29762910329424,0.0,68.02254,0.0
2025-10-17 19:00:00,177.6030470143601,0.0,47.02926,0.0
2025-10-17 19:30:00,158.63155295156378,0.0,39.54586,0.0
2025-10-17 20:00:00,155.84330171403505,0.0,41.87904,0.0
2025-10-17 20:30:00,155.2154155276314,0.0,41.69088,0.0
2025-10-17 21:00:00,132.42699743350448,0.0,40.5458,0.0
2025-10-17 21:30:00,127.73367621098852,0.0,42.50266,0.0
2025-10-17 22:00:00,123.4849698839972,0.0,35.64288,0.0
2025-10-17 22:30:00,70.0613395135942,0.0,7.74144,0.0
2025-10-17 23:00:00,55.412349776659966,0.0,0.8494,4.26854
2025-10-17 23:30:00,43.41061883206751,0.0,0.0,5.01044
2025-10-18 00:00:00,45.54580423294585,0.0,0.01076,2.60736
2025-10-18 00:30:00,45.37632808873067,0.0,0.0,1.66656
2025-10-18 01:00:00,40.91238460118384,0.0,0.01076,2.03212
2025-10-18 01:30:00,46.002669844637516,0.0,0.01076,1.58054
2025-10-18 02:00:00,43.048949337896346,0.0,0.0,1.82784
2025-10-18 02:30:00,40.0784735937476,0.0,0.0,3.11808
2025-10-18 03:00:00,44.646007951304895,0.0,0.01076,4.032
2025-10-18 03:30:00,46.14017038449135,0.0,0.0,3.5158999999999994
2025-10-18 04:00:00,44.97090491059391,0.0,0.0,3.70944
2025-10-18 04:30:00,46.04275922746859,0.0,0.0,3.60192
2025-10-18 05:00:00,40.73960228785076,0.0,0.0,3.4944
2025-10-18 05:30:00,41.689734408061135,0.0,0.0,3.3761199999999993
2025-10-18 06:00:00,49.264789754927165,0.0,0.0,3.29012
2025-10-18 06:30:00,42.70422301542573,0.0,0.0,3.3761199999999993
2025-10-18 07:00:00,45.28776239901951,0.0,0.0,3.50516
2025-10-18 07:30:00,42.25261882178761,0.0,0.0,3.5158999999999994
2025-10-18 08:00:00,44.468671353464266,0.0,0.0,3.85996
2025-10-18 08:30:00,42.42962418557126,0.0,0.0,4.49434
2025-10-18 09:00:00,44.96102062484256,0.0,0.0,3.37612
2025-10-18 09:30:00,44.95539815610935,0.0,0.01076,3.1395799999999996
2025-10-18 10:00:00,44.82984108993115,0.0,0.0,3.46214
2025-10-18 10:30:00,41.341411427463534,0.0,0.0,3.33312
2025-10-18 11:00:00,45.19119719185747,0.0,0.0,2.18266
2025-10-18 11:30:00,40.892247466736784,0.0,0.0,2.1504
2025-10-18 12:00:00,45.91276716950719,0.0,0.0215,1.6128
2025-10-18 12:30:00,49.74201374070052,0.0,0.043,1.29024
2025-10-18 13:00:00,47.74786190536319,0.0,0.043,1.16122
2025-10-18 13:30:00,47.064622821380766,0.0,0.09676,0.97844
2025-10-18 14:00:00,45.28285484078731,0.0,0.07526,0.97844
2025-10-18 14:30:00,41.20031185702584,0.0,0.0215,1.6020400000000001
2025-10-18 15:00:00,41.797244508593764,0.0,0.0,2.36544
2025-10-18 15:30:00,46.99032772306861,0.0,0.0,2.26868
2025-10-18 16:00:00,41.05029953868374,0.0,0.0,2.92454
2025-10-18 16:30:00,42.160922747070344,0.0,0.0,3.10732
2025-10-18 17:00:00,43.03821864224531,0.0,0.01076,2.7847600000000003
2025-10-18 17:30:00,41.79197936886277,0.0,0.0215,1.7848399999999998
2025-10-18 18:00:00,41.91128535772701,0.0,0.043,1.20422
2025-10-18 18:30:00,44.66562719539312,0.0,0.03226,1.18272
2025-10-18 19:00:00,41.42574552941774,0.0,0.043000000000000003,1.344
2025-10-18 19:30:00,42.85573872092578,0.0,0.11827999999999998,0.91392
2025-10-18 20:00:00,42.65351584689438,0.0,0.03226,1.41926
2025-10-18 20:30:00,46.57352143335035,0.0,0.03226,1.301
2025-10-18 21:00:00,44.29761288426652,0.0,0.08602,1.10746
2025-10-18 21:30:00,44.56169407323248,0.0,0.13978,0.8064
2025-10-18 22:00:00,46.24760128162894,0.0,0.13978,1.5805400000000003
2025-10-18 22:30:00,44.15529492006015,0.0,0.0,3.1503400000000004
2025-10-18 23:00:00,43.135692083995295,0.0,0.0,3.4513999999999996
2025-10-18 23:30:00,44.67027122472323,0.0,0.0,3.13958
2025-10-19 00:00:00,45.58249340693448,0.0,0.0,3.7846999999999995
2025-10-19 00:30:00,40.818216427259884,0.0,0.0,3.69868
2025-10-19 01:00:00,46.14236788773356,0.0,0.01076,3.58042
2025-10-19 01:30:00,48.2226003571802,0.0,0.0,2.71488
2025-10-19 02:00:00,42.85232102742902,0.0,0.0,3.73094
2025-10-19 02:30:00,45.85973487362954,0.0,0.0,3.2470999999999997
2025-10-19 03:00:00,44.06827165664349,0.0,0.0,3.17184
2025-10-19 03:30:00,45.7466176233138,0.0,0.0,4.69862
2025-10-19 04:00:00,42.78323626381329,0.0,0.0,4.87066
2025-10-19 04:30:00,42.656428417464475,0.0,0.0,4.41908
2025-10-19 05:00:00,46.65158994235158,0.0,0.0,4.33844
2025-10-19 05:30:00,45.09264276958019,0.0,0.0,3.99974
2025-10-19 06:00:00,49.98935576360341,0.0,0.0,4.0535
2025-10-19 06:30:00,45.60525092909485,0.0,0.0,3.96748
2025-10-19 07:00:00,42.66256037371895,0.0,0.0,3.67718
2025-10-19 07:30:00,44.60614072376817,0.0,0.0,4.62336
2025-10-19 08:00:00,50.25695764219832,0.0,1.69882,1.76332
2025-10-19 08:30:00,104.09929792351176,0.0,33.50324,0.0
2025-10-19 09:00:00,127.63581086953599,0.0,45.66374,0.0
2025-10-19 09:30:00,114.87761129852217,0.0,43.30906,0.0
2025-10-19 10:00:00,119.12031201803129,0.0,43.01338,0.0
2025-10-19 10:30:00,118.05718739918068,0.0,42.35214,0.0
2025-10-19 11:00:00,112.49135166677861,0.0,41.621,0.0
2025-10-19 11:30:00,118.75551908537894,0.0,42.15322,0.0
2025-10-19 12:00:00,128.81210101226716,0.0,42.90048,0.0
2025-10-19 12:30:00,122.77665020795742,0.0,43.07252,0.0
2025-10-19 13:00:00,114.8287233182919,0.0,43.7929,0.0
2025-10-19 13:30:00,112.39272248642195,0.0,43.44884,0.0
2025-10-19 14:00:00,131.2792131968526,0.0,42.14784,0.0
2025-10-19 14:30:00,120.59957484613942,0.0,41.98656,0.0
2025-10-19 15:00:00,117.44148997068616,0.0,41.3307,0.0
2025-10-19 15:30:00,121.8582191154041,0.0,42.81448,0.0
2025-10-19 16:00:00,105.5909187785063,0.0,38.87924,0.0
2025-10-19 16:30:00,67.55444339426516,0.0,12.24654,0.0
2025-10-19 17:00:00,43.65198462896865,0.0,0.8709200000000001,3.8599600000000005
2025-10-19 17:30:00,45.54043347385138,0.0,0.0,4.90292
2025-10-19 18:00:00,42.663307428070944,0.0,0.0,4.44596
2025-10-19 18:30:00,45.94842756799345,0.0,0.0,4.22016
2025-10-19 19:00:00,42.776782911953454,0.0,0.0,4.58036
2025-10-19 19:30:00,45.75042263097989,0.0,0.0,4.44058
2025-10-19 20:00:00,46.996802168700434,0.0,0.0,2.20416
2025-10-19 20:30:00,46.47971419288953,0.0,0.01076,2.1289
2025-10-19 21:00:00,46.41657515635752,0.0,0.0,1.81708
2025-10-19 21:30:00,43.79865303180567,0.0,0.0,3.04282
2025-10-19 22:00:00,48.69346427927713,0.0,0.0,3.6771800000000003
2025-10-19 22:30:00,42.17696417096362,0.0,0.0,3.85996
2025-10-19 23:00:00,44.32972817471814,0.0,0.0,3.88148
2025-10-19 23:30:00,44.437097655862,0.0,0.0,3.85996
2025-10-20 00:00:00,48.60291605542873,0.0,0.0,3.97824
2025-10-20 00:30:00,43.95919653255485,0.0,0.010760000000000002,3.75244
2025-10-20 01:00:00,46.90814480092688,0.0,0.0,3.35462
2025-10-20 01:30:00,49.184270092021656,0.0,0.0,2.35468
2025-10-20 02:00:00,47.95042927677913,0.0,0.0,4.5911
2025-10-20 02:30:00,47.39024283820533,0.0,0.0,5.54804
2025-10-20 03:00:00,47.44204849446987,0.0,0.0,4.90292
2025-10-20 03:30:00,45.368587232558035,0.0,0.0,5.3975
2025-10-20 04:00:00,45.17835702784895,0.0,0.0,4.60186
2025-10-20 04:30:00,42.11322497215185,0.0,0.0,4.58036
2025-10-20 05:00:00,46.98899675998493,0.0,0.0,4.36532
2025-10-20 05:30:00,48.31581486562358,0.0,0.0,4.06426
2025-10-20 06:00:00,48.33152522733238,0.0,0.0,4.50508
2025-10-20 06:30:00,42.06048552030057,0.0,0.0,5.67706
2025-10-20 07:00:00,52.773272277215696,0.0,0.0,5.8921
2025-10-20 07:30:00,73.72577357354103,0.0,2.60198,2.35468
2025-10-20 08:00:00,98.74339226638998,0.0,8.32206,0.0
2025-10-20 08:30:00,205.673310795419,0.0,68.40422,0.0
2025-10-20 09:00:00,235.9423044465121,0.0,72.40398,0.0
2025-10-20 09:30:00,265.55935383623614,0.0,74.82856,0.0
2025-10-20 10:00:00,230.6986111016997,0.0,77.24238,0.0
2025-10-20 10:30:00,258.0614291715338,0.0,72.533,0.0
2025-10-20 11:00:00,247.24818746899498,0.0,73.17812,0.0
2025-10-20 11:30:00,245.30287740359734,0.0,66.40436,0.0
2025-10-20 12:00:00,253.0029878689424,0.0,68.9741,0.0
2025-10-20 12:30:00,260.90736037189,0.0,69.8665,0.0
2025-10-20 13:00:00,270.133057276035,0.0,72.61902,0.0
2025-10-20 13:30:00,245.04719832440847,0.0,81.81198,0.0
2025-10-20 14:00:00,235.24042166354047,0.0,80.98408,0.0
2025-10-20 14:30:00,277.736200861301,0.0,78.50036,0.0
2025-10-20 15:00:00,245.72583727821117,0.0,82.03778,0.0
2025-10-20 15:30:00,241.9353498732848,0.0,79.44116,0.0
2025-10-20 16:00:00,214.9924821564952,0.0,73.41466,0.0
2025-10-20 16:30:00,252.4835857842238,0.0,73.13512,0.0
2025-10-20 17:00:00,257.8334654133331,0.0,75.83386,0.0
2025-10-20 17:30:00,276.9862630572841,0.0,76.57576,0.0
2025-10-20 18:00:00,197.29277461483113,0.0,60.6843,0.0
2025-10-20 18:30:00,200.73968583201057,0.0,44.79284,0.0
2025-10-20 19:00:00,174.80532816267916,0.0,42.13172,0.0
2025-10-20 19:30:00,156.13510800072413,0.0,42.15322,0.0
2025-10-20 20:00:00,137.47423750577454,0.0,42.69619999999999,0.0
2025-10-20 20:30:00,149.79609476066074,0.0,41.47048,0.0
2025-10-20 21:00:00,134.39479335910886,0.0,42.21774,0.0
2025-10-20 21:30:00,127.86386292711389,0.0,41.8199,0.0
2025-10-20 22:00:00,119.76773910121761,0.0,33.56774,0.0
2025-10-20 22:30:00,61.438111688149284,0.0,8.4457,0.0
2025-10-20 23:00:00,49.40441292327873,0.0,1.23648,3.61268
2025-10-20 23:30:00,45.66893007173798,0.0,0.0,5.09644
2025-10-21 00:00:00,56.76982148298318,0.0,0.01076,3.9567399999999995
2025-10-21 00:30:00,53.691098492717565,0.0,0.0,4.02124
2025-10-21 01:00:00,56.907835471551444,0.0,0.0,4.12876
2025-10-21 01:30:00,60.703181246637406,0.0,0.0,3.44064
2025-10-21 02:00:00,53.284381615362626,0.0,0.0,3.5481600000000006
2025-10-21 02:30:00,55.58618890765423,0.0,0.0,3.6556800000000003
2025-10-21 03:00:00,56.30330932099531,0.0,0.0,2.76326
2025-10-21 03:30:00,51.78668093856292,0.0,0.0,3.16108
2025-10-21 04:00:00,52.057153583707,0.0,0.0,3.66644
2025-10-21 04:30:00,61.090246912096795,0.0,0.0,2.4192
2025-10-21 05:00:00,59.584463078861525,0.0,0.0215,2.03212
2025-10-21 05:30:00,52.06410141024499,0.0,0.0,2.688
2025-10-21 06:00:00,52.48158178032714,0.0,0.0,2.731
2025-10-21 06:30:00,56.44192386962691,0.0,0.01076,3.33312
2025-10-21 07:00:00,77.7242619845323,0.0,0.0,4.95668
2025-10-21 07:30:00,96.97387233781765,0.0,1.70956,3.25786
2025-10-21 08:00:00,156.629898053508,0.0,18.2784,0.0
2025-10-21 08:30:00,236.15655937722528,0.0,105.89646,0.0
2025-10-21 09:00:00,238.76592202807421,0.0,84.98918,0.0
2025-10-21 09:30:00,231.23525256334636,0.0,72.72654,0.0
2025-10-21 10:00:00,264.0110587811067,0.0,70.26432,0.0
2025-10-21 10:30:00,247.2296119967011,0.0,69.33966,0.0
2025-10-21 11:00:00,264.42581037518113,0.0,71.02772,0.0
2025-10-21 11:30:00,242.9315782859884,0.0,69.0601,0.0
2025-10-21 12:00:00,256.99412518250455,0.0,70.8557,0.0
2025-10-21 12:30:00,275.9265621094309,0.0,74.13504,0.0
2025-10-21 13:00:00,273.0937269161139,0.0,71.84488,0.0
2025-10-21 13:30:00,279.804834832825,0.0,72.18356000000001,0.0
2025-10-21 14:00:00,275.331958152848,0.0,69.51168,0.0
2025-10-21 14:30:00,270.18768896718746,0.0,67.51182,0.0
2025-10-21 15:00:00,288.8379170750259,0.0,70.49012,0.0
2025-10-21 15:30:00,278.62050987485645,0.0,68.9042,0.0
2025-10-21 16:00:00,252.50219908793898,0.0,68.26446,0.0
2025-10-21 16:30:00,259.75975523739294,0.0,68.06016,0.0
2025-10-21 17:00:00,236.42918758330157,0.0,69.42568,0.0
2025-10-21 17:30:00,198.42289888666843,0.0,65.60872,0.0
2025-10-21 18:00:00,213.24568371101685,0.0,55.29753999999999,0.0
2025-10-21 18:30:00,181.06906211727983,0.0,55.93192,0.0
2025-10-21 19:00:00,160.98428732768053,0.0,34.44942,0.0
2025-10-21 19:30:00,94.52014243874555,0.0,5.52652,3.63418
2025-10-21 20:00:00,79.49342777410463,0.0,0.0,5.42976
2025-10-21 20:30:00,77.96115464647626,0.0,0.0,5.773819999999999
2025-10-21 21:00:00,72.5345758264725,0.0,0.0,6.55872
2025-10-21 21:30:00,65.43530840647942,0.0,0.0,6.06412
2025-10-21 22:00:00,63.02508810945761,0.0,0.0,5.98886
2025-10-21 22:30:00,46.81487881391989,0.0,0.0,5.999619999999999
2025-10-21 23:00:00,44.84313897333868,0.0,0.0,5.82758
2025-10-21 23:30:00,47.984983730524945,0.0,0.0,5.52652
2025-10-22 00:00:00,42.5934937654747,0.0,0.0,5.16096
2025-10-22 00:30:00,50.2897955708801,0.0,0.0,4.76314
2025-10-22 01:00:00,52.18368157997911,0.0,0.0,4.10726
2025-10-22 01:30:00,45.802042408606184,0.0,0.0,4.40832
2025-10-22 02:00:00,46.990604630697646,0.0,0.0,4.87066
2025-10-22 02:30:00,51.68389320917951,0.0,0.0,6.79526
2025-10-22 03:00:00,51.24463991653166,0.0,0.0,6.33294
2025-10-22 03:30:00,43.922025190152326,0.0,0.0,6.945800000000001
2025-10-22 04:00:00,49.55125804377939,0.0,0.0,6.34368
2025-10-22 04:30:00,44.62189677994486,0.0,0.0,5.80608
2025-10-22 05:00:00,48.21069664387012,0.0,0.0,6.300679999999999
2025-10-22 05:30:00,50.535128785905826,0.0,0.0,6.09638
2025-10-22 06:00:00,47.90331911627193,0.0,0.0,6.06412
2025-10-22 06:30:00,48.115481530772584,0.0,0.0,6.4727
2025-10-22 07:00:00,72.37672340066102,0.0,0.0,8.11776
2025-10-22 07:30:00,101.61506290413598,0.0,2.06438,3.46214
2025-10-22 08:00:00,128.58160857285287,0.0,7.8167,0.01076
2025-10-22 08:30:00,229.66046726778188,0.0,88.89754,0.0
2025-10-22 09:00:00,238.4798985827448,0.0,85.27412,0.0
2025-10-22 09:30:00,245.53854231223875,0.0,106.65986,0.0
2025-10-22 10:00:00,242.15631992406622,0.0,91.8221,0.0
2025-10-22 10:30:00,238.59281256158695,0.0,70.3611,0.0
2025-10-22 11:00:00,243.92720291489564,0.0,85.56442,0.0
2025-10-22 11:30:00,236.9020708646595,0.0,118.53006000000002,0.0
2025-10-22 12:00:00,234.51065685259948,0.0,87.71482,0.0
2025-10-22 12:30:00,238.68943267141083,0.0,73.16738,0.0
2025-10-22 13:00:00,249.0095833888279,0.0,73.6512,0.0
2025-10-22 13:30:00,272.33536971882353,0.0,74.9522,0.0
2025-10-22 14:00:00,251.4280098920703,0.0,72.2212,0.0
2025-10-22 14:30:00,261.69568612174686,0.0,69.8235,0.0
2025-10-22 15:00:00,266.37664752483374,0.0,71.67822,0.0
2025-10-22 15:30:00,255.7368690219378,0.0,72.76954,0.0
2025-10-22 16:00:00,268.5889969692746,0.0,68.10856,0.0
2025-10-22 16:30:00,251.52670941517306,0.0,66.80756,0.0
2025-10-22 17:00:00,258.2272363851524,0.0,68.23758,0.0
2025-10-22 17:30:00,226.1136544879708,0.0,68.94184,0.0
2025-10-22 18:00:00,194.9334222745515,0.0,59.68436,0.0
2025-10-22 18:30:00,204.5600823611253,0.0,59.81338,0.0
2025-10-22 19:00:00,184.8272277693343,0.0,46.13684,0.0
2025-10-22 19:30:00,91.34974012909147,0.0,8.3328,2.05364
2025-10-22 20:00:00,74.77933209329187,0.0,0.0,5.419
2025-10-22 20:30:00,75.77012749010784,0.0,0.0,6.85978
2025-10-22 21:00:00,63.23332177699908,0.0,0.0,7.11782
2025-10-22 21:30:00,61.718741754558934,0.0,0.0,6.61248
2025-10-22 22:00:00,56.279046244158465,0.0,0.0,6.35444
2025-10-22 22:30:00,52.579952892979605,0.0,0.0,6.01036
2025-10-22 23:00:00,57.04403399636128,0.0,0.0,6.60172
2025-10-22 23:30:00,56.12240128613682,0.0,0.0,5.24698
2025-10-23 00:00:00,55.26000653831343,0.0,0.0,4.70938
2025-10-23 00:30:00,49.12064284225089,0.0,0.0,5.83834
2025-10-23 01:00:00,52.84025025676766,0.0,0.0,6.32218
2025-10-23 01:30:00,51.06659843963917,0.0,0.0,5.78458
2025-10-23 02:00:00,47.47213382288003,0.0,0.0,6.82752
2025-10-23 02:30:00,52.59672136454212,0.0,0.0,6.66624
2025-10-23 03:00:00,48.166061789292755,0.0,0.0,6.15014
2025-10-23 03:30:00,56.48201775982264,0.0,0.0,6.30068
2025-10-23 04:00:00,50.18126645090628,0.0,0.0,6.03188
2025-10-23 04:30:00,52.850028888699825,0.0,0.0,5.26848
2025-10-23 05:00:00,50.206026760014886,0.0,0.0,6.08564
2025-10-23 05:30:00,54.12480571517441,0.0,0.0,5.9136
2025-10-23 06:00:00,53.778063869265054,0.0,0.0,5.56954
2025-10-23 06:30:00,45.80800640509444,0.0,0.0,6.33294
2025-10-23 07:00:00,78.49003093325264,0.0,0.0,6.6985
2025-10-23 07:30:00,92.42739583181633,0.0,0.06452,3.07508
2025-10-23 08:00:00,112.40867885448249,0.0,6.54796,0.20428
2025-10-23 08:30:00,210.645235241211,0.0,95.30574,0.0
2025-10-23 09:00:00,284.0838675029558,0.0,111.99286,0.0
2025-10-23 09:30:00,281.4600312368249,0.0,118.59458,0.0
2025-10-23 10:00:00,296.35391023733365,0.0,126.09948,0.0
2025-10-23 10:30:00,286.17423671076403,0.0,125.4651,0.0
2025-10-23 11:00:00,321.7268310122008,0.0,123.08892000000002,0.0
2025-10-23 11:30:00,322.06918273815376,0.0,126.86286,0.0
2025-10-23 12:00:00,290.5921380036421,0.0,122.25025999999998,0.0
2025-10-23 12:30:00,289.2074876729687,0.0,123.38996,0.0
2025-10-23 13:00:00,283.4728949551947,0.0,125.33608,0.0
2025-10-23 13:30:00,293.15871273186644,0.0,120.27188,0.0
2025-10-23 14:00:00,260.4698707408854,0.0,98.46682,0.0
2025-10-23 14:30:00,252.59068696944902,0.0,71.66208,0.0
2025-10-23 15:00:00,276.86816806433364,0.0,73.35552,0.0
2025-10-23 15:30:00,251.0382081685509,0.0,72.32872,0.0
2025-10-23 16:00:00,251.52356792512975,0.0,73.6297,0.0
2025-10-23 16:30:00,240.55014408665892,0.0,77.17786,0.0
2025-10-23 17:00:00,266.41706581928264,0.0,73.84474,0.0
2025-10-23 17:30:00,239.60339437651274,0.0,59.44782,0.0
2025-10-23 18:00:00,223.77036942265838,0.0,53.30842,0.0
2025-10-23 18:30:00,227.25629578318296,0.0,54.72768,0.0
2025-10-23 19:00:00,148.59840205264564,0.0,33.4226,0.0
2025-10-23 19:30:00,113.1194953490209,0.0,17.51502,3.6664400000000006
2025-10-23 20:00:00,71.52537772692416,0.0,0.0,6.73076
2025-10-23 20:30:00,72.0547692699494,0.0,0.0,6.27916
2025-10-23 21:00:00,68.5796672381479,0.0,0.0,7.47264
2025-10-23 21:30:00,59.97135671555493,0.0,0.0,7.11782
2025-10-23 22:00:00,51.33779776327586,0.0,0.0,5.88134
2025-10-23 22:30:00,51.91036939333263,0.0,0.0,5.6878
2025-10-23 23:00:00,47.6876026144719,0.0,0.0,6.22542
2025-10-23 23:30:00,56.39062673951583,0.0,0.0,5.43514
2025-10-24 00:00:00,49.12949304439918,0.0,0.0,3.56966
2025-10-24 00:30:00,47.741386268286874,0.0,0.0,3.2901199999999995
2025-10-24 01:00:00,47.41429467963642,0.0,0.0,3.66644
2025-10-24 01:30:00,44.38951921775301,0.0,0.0,3.60192
2025-10-24 02:00:00,43.703025241323694,0.0,0.0,3.55892
2025-10-24 02:30:00,46.50551594229053,0.0,0.0,2.9138
2025-10-24 03:00:00,48.655446984752245,0.0,0.0,2.60736
2025-10-24 03:30:00,46.121906218861234,0.0,0.0,2.688
2025-10-24 04:00:00,49.81667828213391,0.0,0.0,2.69876
2025-10-24 04:30:00,48.08424796723819,0.0,0.0,2.52672
2025-10-24 05:00:00,45.358510770896444,0.0,0.0,3.1826000000000003
2025-10-24 05:30:00,47.954675049610714,0.0,0.01076,2.5536
2025-10-24 06:00:00,49.62108410418905,0.0,0.0,2.40844
2025-10-24 06:30:00,47.466272364971346,0.0,0.0,3.5159
2025-10-24 07:00:00,59.22876292665907,0.0,0.52684,3.11808
2025-10-24 07:30:00,65.74561617439367,0.0,2.18266,0.15052
2025-10-24 08:00:00,88.05845893777715,0.0,8.8489,0.0215
2025-10-24 08:30:00,200.88358378279779,0.0,67.5602,0.0
2025-10-24 09:00:00,208.27932408619313,0.0,69.0601,0.0
2025-10-24 09:30:00,196.9915458105624,0.0,58.5124,0.0
2025-10-24 10:00:00,186.0779407051129,0.0,57.40494,0.0
2025-10-24 10:30:00,218.1908737374602,0.0,68.28596,0.0
2025-10-24 11:00:00,215.0215003376943,0.0,74.22106,0.0
2025-10-24 11:30:00,203.04719271318194,0.0,72.31796,0.0
2025-10-24 12:00:00,213.9926905887367,0.0,74.9307,0.0
2025-10-24 12:30:00,209.12490404505385,0.0,73.77486,0.0
2025-10-24 13:00:00,155.4104915542161,0.0,44.24448,0.0
2025-10-24 13:30:00,143.17066135890994,0.0,40.85224000000001,0.0
2025-10-24 14:00:00,128.75054793106443,0.0,38.71258,0.0
2025-10-24 14:30:00,136.18043625812803,0.0,37.76102,0.0
2025-10-24 15:00:00,150.78778353535012,0.0,44.36276,0.0
2025-10-24 15:30:00,179.26779858669659,0.0,53.76,0.0
2025-10-24 16:00:00,202.3958425613026,0.0,55.80288,0.0
2025-10-24 16:30:00,188.37708362126992,0.0,48.68506,0.0
2025-10-24 17:00:00,178.67039421090388,0.0,55.00724000000001,0.0
2025-10-24 17:30:00,191.57141945829028,0.0,52.37299999999999,0.0
2025-10-24 18:00:00,144.95383600313218,0.0,47.0615,0.0
2025-10-24 18:30:00,130.6896399190664,0.0,41.58874,0.0
2025-10-24 19:00:00,126.22110465621608,0.0,38.89,0.0
2025-10-24 19:30:00,72.09266539004511,0.0,8.16076,0.07526
2025-10-24 20:00:00,55.4221685950163,0.0,0.0,2.21492
2025-10-24 20:30:00,46.8253727289173,0.0,0.01076,3.23636
2025-10-24 21:00:00,40.784600926643606,0.0,0.0,4.661
2025-10-24 21:30:00,40.49678659377866,0.0,0.0,4.47284
2025-10-24 22:00:00,46.50331457939192,0.0,0.0,3.8492199999999994
2025-10-24 22:30:00,45.34421843240298,0.0,0.0,3.2363599999999995
2025-10-24 23:00:00,43.977116344848206,0.0,0.0,3.1826
2025-10-24 23:30:00,45.79482980811466,0.0,0.0,3.4298799999999994
2025-10-25 00:00:00,48.413515373239406,0.0,0.0,4.46208
2025-10-25 00:30:00,49.002709260557516,0.0,0.0,2.76326
2025-10-25 01:00:00,41.95878278248422,0.0,0.0,2.76326
2025-10-25 01:30:00,45.8221216993894,0.0,0.01076,2.62348
2025-10-25 02:00:00,47.19556920273494,0.0,0.0,2.45146
2025-10-25 02:30:00,47.14392811763088,0.0,0.0,2.36544
2025-10-25 03:00:00,49.20710116253196,0.0,0.01076,1.47302
2025-10-25 03:30:00,47.21180865846093,0.0,0.03226,1.29024
2025-10-25 04:00:00,47.4873565802618,0.0,0.0,2.87078
2025-10-25 04:30:00,47.0255967130962,0.0,0.01076,3.4729
2025-10-25 05:00:00,43.334767254435015,0.0,0.0,4.41908
2025-10-25 05:30:00,46.152593656444964,0.0,0.0,4.24704
2025-10-25 06:00:00,46.51686141711403,0.0,0.0,4.10726
2025-10-25 06:30:00,45.35401643681079,0.0,0.0,4.22016
2025-10-25 07:00:00,40.855752744731014,0.0,0.0,4.40832
2025-10-25 07:30:00,44.42025779766183,0.0,0.0,4.8169
2025-10-25 08:00:00,42.622540108953096,0.0,0.0,6.1178799999999995
2025-10-25 08:30:00,42.01538728275569,0.0,0.0,6.160900000000001
2025-10-25 09:00:00,42.3540461428125,0.0,0.0,5.20934
2025-10-25 09:30:00,44.3419958199014,0.0,0.0,5.419
2025-10-25 10:00:00,42.02969838968225,0.0,0.0,3.46214
2025-10-25 10:30:00,40.08071579108389,0.0,0.0,3.55892
2025-10-25 11:00:00,43.048703412701244,0.0,0.0,3.96748
2025-10-25 11:30:00,46.68100160799833,0.0,0.0,3.5051599999999996
2025-10-25 12:00:00,48.13255537888055,0.0,0.0,3.4298800000000003
2025-10-25 12:30:00,46.37291841408574,0.0,0.0,2.60736
2025-10-25 13:00:00,41.916108427385794,0.0,0.0,2.96756
2025-10-25 13:30:00,44.08708873496786,0.0,0.0,4.82764
2025-10-25 14:00:00,43.26365948038079,0.0,0.0,5.54804
2025-10-25 14:30:00,45.37367360029125,0.0,0.0,5.26848
2025-10-25 15:00:00,45.86554050360372,0.0,0.0,5.24698
2025-10-25 15:30:00,42.175961382111446,0.0,0.0,5.3545
2025-10-25 16:00:00,44.049020620020755,0.0,0.0,5.52652
2025-10-25 16:30:00,44.45813852136362,0.0,0.0,5.92436
2025-10-25 17:00:00,44.47899486282189,0.0,0.0,5.88134
2025-10-25 17:30:00,42.024952606503106,0.0,0.0,5.56954
2025-10-25 18:00:00,43.275085460071864,0.0,0.0,5.28998
2025-10-25 18:30:00,37.308270686595385,0.0,0.0,4.75238
2025-10-25 19:00:00,43.34389385211753,0.0,0.0,4.40832
2025-10-25 19:30:00,43.02196324531634,0.0,0.01076,4.51584
2025-10-25 20:00:00,43.28646680798996,0.0,0.0,4.18252
2025-10-25 20:30:00,46.74480851615334,0.0,0.0,3.67718
2025-10-25 21:00:00,46.420787400691765,0.0,0.0,3.5911599999999995
2025-10-25 21:30:00,40.57344610266617,0.0,0.0,3.50516
2025-10-25 22:00:00,47.28997121680193,0.0,0.0,2.9353
2025-10-25 22:30:00,44.091712846516536,0.0,0.0,4.65562
2025-10-25 23:00:00,45.5740090989903,0.0,0.0,5.88134
2025-10-25 23:30:00,43.11741438075844,0.0,0.0,5.30074
2025-10-26 00:00:00,39.7448371588612,0.0,0.0,5.02118
2025-10-26 00:30:00,44.29451048385063,0.0,0.0,4.80614
2025-10-26 01:00:00,40.14881686209728,0.0,0.0,5.580279999999999
2025-10-26 01:30:00,40.78489398756618,0.0,0.0,5.34374
2025-10-26 02:00:00,41.06516808286158,0.0,0.0,5.20396
2025-10-26 02:30:00,37.130372675762935,0.0,0.0,4.95668
2025-10-26 03:00:00,39.19021058540779,0.0,0.0,4.60186
2025-10-26 03:30:00,44.217418324533206,0.0,0.0,4.075
2025-10-26 04:00:00,37.85907701109902,0.0,0.0,3.99974
2025-10-26 04:30:00,39.84219923435715,0.0,0.0,3.56966
2025-10-26 05:00:00,41.653627435697146,0.0,0.0,3.2471
2025-10-26 05:30:00,45.691890437849054,0.0,0.01076,2.86004
2025-10-26 06:00:00,44.53128920126515,0.0,0.0,2.9998
2025-10-26 06:30:00,41.34619723391233,0.0,0.0,2.60736
2025-10-26 07:00:00,44.01276646248419,0.0,0.0,3.2471
2025-10-26 07:30:00,39.50800450196441,0.0,0.0,5.24698
2025-10-26 08:00:00,39.86098187816464,0.0,0.0,6.73076
2025-10-26 08:30:00,37.249405815020566,0.0,0.0,5.483520000000001
2025-10-26 09:00:00,40.45989134217135,0.0,0.0,6.23616
2025-10-26 09:30:00,38.95053876802596,0.0,0.0,6.53722
2025-10-26 10:00:00,36.66855017724965,0.0,0.0,6.52646
2025-10-26 10:30:00,39.453441107280305,0.0,0.0,4.3223
2025-10-26 11:00:00,40.5189661677459,0.0,0.0,4.49434
2025-10-26 11:30:00,39.34691879507799,0.0,0.0,4.53734
2025-10-26 12:00:00,42.67479901608761,0.0,0.0,4.032
2025-10-26 12:30:00,39.2448947224194,0.0,0.0,3.8169599999999995
2025-10-26 13:00:00,41.907670317014535,0.0,0.0,3.84922
2025-10-26 13:30:00,42.97427374538615,0.0,0.0,4.3008
2025-10-26 14:00:00,42.48510365949482,0.0,0.01076,2.1934
2025-10-26 14:30:00,39.97946999492508,0.0,0.0,2.645
2025-10-26 15:00:00,41.97449391245942,0.0,0.0,2.50522
2025-10-26 15:30:00,42.35114989630004,0.0,0.0,2.90304
2025-10-26 16:00:00,45.02216656023431,0.0,0.0,2.9568000000000003
2025-10-26 16:30:00,43.305366499866324,0.0,0.0,3.25786
2025-10-26 17:00:00,43.35752393147619,0.0,0.01076,3.27936
2025-10-26 17:30:00,48.03395030690929,0.0,0.0,3.09658
2025-10-26 18:00:00,42.039582052633975,0.0,0.0,2.86004
2025-10-26 18:30:00,42.19303470967473,0.0,0.0,3.09658
2025-10-26 19:00:00,42.50595744274977,0.0,0.0,3.17184
2025-10-26 19:30:00,38.054791550867556,0.0,0.0,4.47284
2025-10-26 20:00:00,40.93650691910752,0.0,0.0,4.23092
2025-10-26 20:30:00,41.12222813438023,0.0,0.0,3.2686
2025-10-26 21:00:00,43.47532857564695,0.0,0.0,3.8062
2025-10-26 21:30:00,42.155111779831124,0.0,0.0,3.2471
2025-10-26 22:00:00,41.60333989293224,0.0,0.0,3.31162
2025-10-26 22:30:00,44.401450910816294,0.0,0.0,2.92454
2025-10-26 23:00:00,43.427574586505465,0.0,0.01076,3.08582
2025-10-26 23:30:00,42.28140814052114,0.0,0.0,2.23642
2025-10-27 00:00:00,49.27031929403009,0.0,0.0,3.9782400000000004
2025-10-27 00:30:00,50.07603588561472,0.0,0.01076,3.7524399999999996
2025-10-27 01:00:00,45.98045893094967,0.0,0.0,3.3546199999999997
2025-10-27 01:30:00,43.25794984042365,0.0,0.0,2.35468
2025-10-27 02:00:00,42.004944726843995,0.0,0.0,4.5911
2025-10-27 02:30:00,46.18212017377788,0.0,0.0,5.54804
2025-10-27 03:00:00,45.216539166737384,0.0,0.0,4.90292
2025-10-27 03:30:00,43.4512559026035,0.0,0.0,5.3975
2025-10-27 04:00:00,46.44953684410388,0.0,0.0,4.60186
2025-10-27 04:30:00,47.960760610903364,0.0,0.0,4.58036
2025-10-27 05:00:00,42.848164463157865,0.0,0.0,4.36532
2025-10-27 05:30:00,46.796093155514335,0.0,0.0,4.06426
2025-10-27 06:00:00,50.57040117503634,0.0,0.0,4.50508
2025-10-27 06:30:00,42.651543075468275,0.0,0.0,5.67706
2025-10-27 07:00:00,53.34776939467151,0.0,0.0,5.8921
2025-10-27 07:30:00,65.23727036435928,0.0,2.60198,2.35468
2025-10-27 08:00:00,101.04173177905588,0.0,8.32206,0.0
2025-10-27 08:30:00,217.62886754637415,0.0,68.40422,0.0
2025-10-27 09:00:00,240.96436306781135,0.0,72.40398,0.0
2025-10-27 09:30:00,252.02151306033093,0.0,74.82856,0.0
2025-10-27 10:00:00,229.14315347429482,0.0,77.24238,0.0
2025-10-27 10:30:00,269.69090684098546,0.0,72.533,0.0
2025-10-27 11:00:00,246.5652320087753,0.0,73.17812,0.0
2025-10-27 11:30:00,255.4734537615602,0.0,66.40436,0.0
2025-10-27 12:00:00,256.90684519224845,0.0,68.9741,0.0
2025-10-27 12:30:00,250.3695284526611,0.0,69.8665,0.0
2025-10-27 13:00:00,251.99241553825783,0.0,72.61902,0.0
2025-10-27 13:30:00,229.56465492714824,0.0,81.81198,0.0
2025-10-27 14:00:00,223.5730747078808,0.0,80.98408,0.0
2025-10-27 14:30:00,257.7279209880108,0.0,78.50036,0.0
2025-10-27 15:00:00,253.4267420996882,0.0,82.03778,0.0
2025-10-27 15:30:00,263.3598064747828,0.0,79.44116,0.0
2025-10-27 16:00:00,235.4029624746126,0.0,73.41466,0.0
2025-10-27 16:30:00,219.4274951614579,0.0,73.13512,0.0
2025-10-27 17:00:00,257.807447368194,0.0,75.83386,0.0
2025-10-27 17:30:00,242.53657126563277,0.0,76.57576,0.0
2025-10-27 18:00:00,215.64897983509832,0.0,60.68429999999999,0.0
2025-10-27 18:30:00,181.0416623687341,0.0,44.79284,0.0
2025-10-27 19:00:00,188.5158802165103,0.0,42.13172,0.0
2025-10-27 19:30:00,143.5078936181443,0.0,42.15322,0.0
2025-10-27 20:00:00,147.28988813732514,0.0,42.6962,0.0
2025-10-27 20:30:00,140.3021153051682,0.0,41.47048,0.0
2025-10-27 21:00:00,122.24810339423708,0.0,42.21774,0.0
2025-10-27 21:30:00,130.23030138988182,0.0,41.8199,0.0
2025-10-27 22:00:00,125.37638785043794,0.0,33.56774,0.0
2025-10-27 22:30:00,62.31661191777005,0.0,8.4457,0.0
2025-10-27 23:00:00,51.88367698464821,0.0,1.23648,3.61268
2025-10-27 23:30:00,40.325165489636376,0.0,0.0,5.096439999999999
2025-10-28 00:00:00,45.907076963819485,0.0,0.0,4.41908
2025-10-28 00:30:00,44.492807502632864,0.0,0.0,4.33844
2025-10-28 01:00:00,44.98914423389514,0.0,0.0,4.16102
2025-10-28 01:30:00,43.48857175343987,0.0,0.0,3.8599599999999996
2025-10-28 02:00:00,44.65923122173509,0.0,0.0,3.41914
2025-10-28 02:30:00,39.331140314469096,0.0,0.010760000000000002,3.02132
2025-10-28 03:00:00,45.36959615218705,0.0,0.0,2.38156
2025-10-28 03:30:00,43.3476590478845,0.0,0.0,2.3278
2025-10-28 04:00:00,45.508040752167176,0.0,0.01076,2.3762
2025-10-28 04:30:00,43.08281165675131,0.0,0.0,4.5696
2025-10-28 05:00:00,40.926322032279565,0.0,0.0,4.31156
2025-10-28 05:30:00,40.32294268920597,0.0,0.0,4.13952
2025-10-28 06:00:00,41.36730799620208,0.0,0.0,4.37606
2025-10-28 06:30:00,44.31302546232582,0.0,0.0,4.032
2025-10-28 07:00:00,43.92336086609206,0.0,0.0,4.10726
2025-10-28 07:30:00,38.887627993002006,0.0,0.0,4.44596
2025-10-28 08:00:00,40.12036327676555,0.0,0.0,3.9352400000000003
2025-10-28 08:30:00,40.2978922837444,0.0,0.0,3.99974
2025-10-28 09:00:00,41.96341205092578,0.0,0.0,3.91372
2025-10-28 09:30:00,39.9315705112207,0.0,0.0,4.075
2025-10-28 10:00:00,38.56695405798746,0.0,0.0,4.68788
2025-10-28 10:30:00,39.485932513745546,0.0,0.0,5.010440000000001
2025-10-28 11:00:00,42.85485172014441,0.0,0.0,4.3008
2025-10-28 11:30:00,39.77317883296724,0.0,0.0,4.50508
2025-10-28 12:00:00,40.72279782465628,0.0,0.0,4.91366
2025-10-28 12:30:00,44.56429141541564,0.0,0.0,4.42982
2025-10-28 13:00:00,39.914329403014285,0.0,0.0,4.16102
2025-10-28 13:30:00,41.710236367927074,0.0,0.0,4.2578
2025-10-28 14:00:00,44.575052659834235,0.0,0.0,3.91372
2025-10-28 14:30:00,41.26387024595575,0.0,0.0,3.83846
2025-10-28 15:00:00,41.63151635547178,0.0,0.0,3.7632000000000003
2025-10-28 15:30:00,44.41957545078396,0.0,0.0,4.08576
2025-10-28 16:00:00,40.93295083437784,0.0,0.0,4.94592
2025-10-28 16:30:00,44.74410757854808,0.0,0.0,4.6126
2025-10-28 17:00:00,42.69512725168525,0.0,0.0,4.8814
2025-10-28 17:30:00,41.796473167319945,0.0,0.0,4.5266
2025-10-28 18:00:00,43.50534409944828,0.0,0.0,4.96742
2025-10-28 18:30:00,43.49084857455282,0.0,0.0,5.07494
2025-10-28 19:00:00,43.07423068598256,0.0,0.0,5.6448
2025-10-28 19:30:00,40.51667116093308,0.0,0.0,5.85984
2025-10-28 20:00:00,42.46739902692749,0.0,0.0,4.94592
2025-10-28 20:30:00,42.082515923950496,0.0,0.0,3.989
2025-10-28 21:00:00,43.982163101646776,0.0,0.010759999999999999,3.75244
2025-10-28 21:30:00,41.13600281574842,0.0,0.0,3.40838
2025-10-28 22:00:00,45.32237456964917,0.0,0.0,3.34388
2025-10-28 22:30:00,45.27918020022696,0.0,0.0,2.3977
2025-10-28 23:00:00,40.247601637831856,0.0,0.0,2.7095
2025-10-28 23:30:00,46.50559918664649,0.0,0.01076,2.31168
2025-10-29 00:00:00,56.490429994959165,0.0,0.0,3.37612
2025-10-29 00:30:00,55.729290681041135,0.0,0.0,2.84928
2025-10-29 01:00:00,56.410077927293536,0.0,0.0,3.73094
2025-10-29 01:30:00,57.09244414622348,0.0,0.0,3.17184
2025-10-29 02:00:00,55.072147721032955,0.0,0.0,3.27936
2025-10-29 02:30:00,56.84580409615811,0.0,0.0,2.645
2025-10-29 03:00:00,55.47866511543715,0.0,0.01076,2.23642
2025-10-29 03:30:00,55.4668360608833,0.0,0.0,2.731
2025-10-29 04:00:00,53.64337883364683,0.0,0.0,1.68806
2025-10-29 04:30:00,56.77308854831497,0.0,0.0,2.32244
2025-10-29 05:00:00,56.94696206649261,0.0,0.0,4.70938
2025-10-29 05:30:00,54.52463680376336,0.0,0.0,4.6126
2025-10-29 06:00:00,55.10235760899709,0.0,0.0,4.41908
2025-10-29 06:30:00,51.740428392152104,0.0,0.0,5.10182
2025-10-29 07:00:00,60.0675012376764,0.0,0.65588,2.78476
2025-10-29 07:30:00,71.90902254835967,0.0,3.16108,0.010759999999999999
2025-10-29 08:00:00,109.84968906156516,0.0,7.612419999999999,0.0
2025-10-29 08:30:00,200.86049247762568,0.0,55.51258000000001,0.0
2025-10-29 09:00:00,226.9758086295147,0.0,63.00672,0.0
2025-10-29 09:30:00,245.4000739294206,0.0,60.78106,0.0
2025-10-29 10:00:00,220.41781228390994,0.0,57.67374,0.0
2025-10-29 10:30:00,256.75758991758516,0.0,59.23278,0.0
2025-10-29 11:00:00,230.11808676696646,0.0,60.25422,0.0
2025-10-29 11:30:00,230.40219241419211,0.0,61.15738,0.0
2025-10-29 12:00:00,230.7779328893974,0.0,68.26446,0.0
2025-10-29 12:30:00,246.53066172619134,0.0,76.72628,0.0
2025-10-29 13:00:00,248.23444946735242,0.0,75.6242,0.0
2025-10-29 13:30:00,233.26384025382177,0.0,73.81786,0.0
2025-10-29 14:00:00,255.27047306510232,0.0,70.47938,0.0
2025-10-29 14:30:00,249.51315454206735,0.0,69.32352,0.0
2025-10-29 15:00:00,261.11957647654384,0.0,71.3019,0.0
2025-10-29 15:30:00,243.65220057616523,0.0,76.522,0.0
2025-10-29 16:00:00,248.2422802250479,0.0,69.0601,0.0
2025-10-29 16:30:00,245.37906043841033,0.0,71.90938,0.0
2025-10-29 17:00:00,239.64090679294338,0.0,67.6032,0.0
2025-10-29 17:30:00,237.05687432493906,0.0,63.727120000000006,0.0
2025-10-29 18:00:00,229.24322108080392,0.0,49.4807,0.0
2025-10-29 18:30:00,180.84885895906396,0.0,45.943299999999994,0.0
2025-10-29 19:00:00,161.98143874600783,0.0,41.97582,0.0
2025-10-29 19:30:00,163.59141643162243,0.0,37.69652,0.0
2025-10-29 20:00:00,169.3843972334026,0.0,38.82548,0.0
2025-10-29 20:30:00,170.43189909417225,0.0,38.26638,0.0
2025-10-29 21:00:00,162.3742808840792,0.0,38.36314,0.0
2025-10-29 21:30:00,149.1520128991464,0.0,37.80942,0.0
2025-10-29 22:00:00,123.91743718180581,0.0,35.15904,0.0
2025-10-29 22:30:00,73.85251865195517,0.0,6.68774,0.27956
2025-10-29 23:00:00,57.44957954988719,0.0,0.0,3.5374
2025-10-29 23:30:00,55.15338280979091,0.0,0.0,4.39756
2025-10-30 00:00:00,48.50332358143355,0.0,0.0,3.4728999999999997
2025-10-30 00:30:00,42.519316083546,0.0,0.0,4.735688085106383
2025-10-30 01:00:00,49.24794197857444,0.0,0.0,4.299888936170213
2025-10-30 01:30:00,50.57746130172597,0.0,0.0,4.2340080851063835
2025-10-30 02:00:00,44.50169278212108,0.0,0.0,4.550620425531915
2025-10-30 02:30:00,47.4624265133634,0.0,0.0,3.955828936170213
2025-10-30 03:00:00,43.7553796449385,0.0,0.0,3.3562263829787233
2025-10-30 03:30:00,44.76721035698646,0.0,0.0,3.2519046808510645
2025-10-30 04:00:00,50.776839381886276,0.0,0.0,3.0865029787234044
2025-10-30 04:30:00,46.71159080064557,0.0,0.0,3.3143531914893614
2025-10-30 05:00:00,45.18283658893741,0.0,0.0,3.274551063829787
2025-10-30 05:30:00,49.07811021762663,0.0,0.008241702127659572,2.818853191489362
2025-10-30 06:00:00,46.42591633834705,0.0,0.0027472340425531913,3.144385106382979
2025-10-30 06:30:00,46.2608203057468,0.0,0.0,3.4097612765957446
2025-10-30 07:00:00,48.29822836658788,0.0,0.0,3.541988510638298
2025-10-30 07:30:00,47.514357387702624,0.0,3.48090553191489,3.038694042553192
2025-10-30 08:00:00,98.89575006586216,0.0,38.90829191489359,0.9480034042553205
2025-10-30 08:30:00,132.63304610262733,0.0,55.809069787234044,0.0
2025-10-30 09:00:00,136.97620495487348,0.0,54.14845319148937,0.0
2025-10-30 09:30:00,138.9454703102649,0.0,53.60947361702128,0.0
2025-10-30 10:00:00,127.17514459317684,0.0,53.18374085106383,0.0
2025-10-30 10:30:00,140.5405758480607,0.0,54.6144514893617,0.0
2025-10-30 11:00:00,132.89250082223288,0.0,57.93133234042553,0.0
2025-10-30 11:30:00,149.22212486698774,0.0,58.156436170212764,0.0
2025-10-30 12:00:00,125.13447223986876,0.0,56.97257234042553,0.0
2025-10-30 12:30:00,139.10374944819642,0.0,56.307315319148934,0.0
2025-10-30 13:00:00,127.46234592422567,0.0,56.55552,0.0
2025-10-30 13:30:00,151.38728344301438,0.0,58.89579914893616,0.0
2025-10-30 14:00:00,144.58850990233893,0.0,59.8422085106383,0.0
2025-10-30 14:30:00,131.81882225239568,0.0,58.707067234042555,0.0
2025-10-30 15:00:00,131.51737154277012,0.0,55.73882297872341,0.0
2025-10-30 15:30:00,139.65057891586943,0.0,55.21723914893616,0.0
2025-10-30 16:00:00,135.9411251773179,0.0,54.00935744680854,0.0
2025-10-30 16:30:00,91.238464722917,0.0,32.02541191489372,0.2594229787234006
2025-10-30 17:00:00,62.890507276505396,0.0,10.19701957446814,1.9177519148936022
2025-10-30 17:30:00,47.36180802618674,0.0,0.0,4.493650638297875
2025-10-30 18:00:00,46.803640750002714,0.0,0.0,4.232622553191486
2025-10-30 18:30:00,42.848242173912844,0.0,0.0,5.038802978723402
2025-10-30 19:00:00,43.38927153040983,0.0,0.0,5.5567268085106365
2025-10-30 19:30:00,46.267788670860426,0.0,0.0,5.92732
2025-10-30 20:00:00,49.44269441065867,0.0,0.0,5.662875319148938
2025-10-30 20:30:00,51.513653992736984,0.0,0.0013736170212765764,4.909771489361702
2025-10-30 21:00:00,49.26047541700338,0.0,0.009615319148936187,4.475805957446809
2025-10-30 21:30:00,48.96284805703875,0.0,0.0,4.145925106382979
2025-10-30 22:00:00,50.14756381585707,0.0,0.0,4.208260425531916
2025-10-30 22:30:00,46.48480666736091,0.0,0.0,4.114698723404255
2025-10-30 23:00:00,46.606098280779435,0.0,0.0,4.152326808510638
2025-10-30 23:30:00,46.06946447252943,0.0,0.0,3.75244
2025-10-31 00:00:00,60.912566017208604,0.0,0.01076,2.05364
2025-10-31 00:30:00,54.86670660886381,0.0,0.0,2.86004
2025-10-31 01:00:00,50.58515787009651,0.0,0.0,3.2686
2025-10-31 01:30:00,53.482751391566616,0.0,0.0,2.731
2025-10-31 02:00:00,52.915066608421775,0.0,0.0,2.69876
2025-10-31 02:30:00,55.74122279514706,0.0,0.0,3.09658
2025-10-31 03:00:00,46.360037826295326,0.0,0.0,5.04268
2025-10-31 03:30:00,48.0857399110248,0.0,0.0,4.8599
2025-10-31 04:00:00,50.802100379972714,0.0,0.0,4.20404
2025-10-31 04:30:00,50.0347964646855,0.0,0.0,4.40832
2025-10-31 05:00:00,51.64312131645563,0.0,0.0,4.06426
2025-10-31 05:30:00,47.68773537509605,0.0,0.0,3.95674
2025-10-31 06:00:00,52.02599718701721,0.0,0.0,3.9459800000000005
2025-10-31 06:30:00,52.028036792297776,0.0,0.0,5.36524
2025-10-31 07:00:00,69.51593005727888,0.0,6.41894,0.9569200000000001
2025-10-31 07:30:00,82.55729509958364,0.0,12.48308,0.0
2025-10-31 08:00:00,112.01919831504387,0.0,25.37472,0.0
2025-10-31 08:30:00,204.5554138553621,0.0,77.80148,0.0
2025-10-31 09:00:00,240.86404563357715,0.0,85.973,0.0
2025-10-31 09:30:00,256.84102355782113,0.0,79.16698,0.0
2025-10-31 10:00:00,241.70717341129716,0.0,80.0164,0.0
2025-10-31 10:30:00,230.08192891069368,0.0,79.60782,0.0
2025-10-31 11:00:00,239.38392767940044,0.0,79.96264,0.0
2025-10-31 11:30:00,250.88200384362227,0.0,78.21006,0.0
2025-10-31 12:00:00,241.4663373198859,0.0,80.07554,0.0
2025-10-31 12:30:00,250.94440801727418,0.0,84.8333,0.0
2025-10-31 13:00:00,243.87697488635783,0.0,85.7257,0.0
2025-10-31 13:30:00,243.4977967332675,0.0,83.81186,0.0
2025-10-31 14:00:00,244.38702662967825,0.0,82.31732,0.0
2025-10-31 14:30:00,239.9895518612377,0.0,82.05928,0.0
2025-10-31 15:00:00,226.7007745455725,0.0,80.67228,0.0
2025-10-31 15:30:00,229.23322392184878,0.0,78.50036,0.0
2025-10-31 16:00:00,229.17748222905172,0.0,73.19964,0.0
2025-10-31 16:30:00,225.42766234448655,0.0,72.95234,0.0
2025-10-31 17:00:00,214.51936301088477,0.0,74.26408,0.0
2025-10-31 17:30:00,212.14149001154763,0.0,71.69434,0.0
2025-10-31 18:00:00,182.75780760058348,0.0,65.42592,0.0
2025-10-31 18:30:00,154.1648044862975,0.0,46.44864,0.0
2025-10-31 19:00:00,150.5280112225288,0.0,42.36288,0.0
2025-10-31 19:30:00,160.98965452924148,0.0,38.05134,0.0
2025-10-31 20:00:00,148.98353618023245,0.0,38.1051,0.0
2025-10-31 20:30:00,159.0486817494691,0.0,38.18036,0.0
2025-10-31 21:00:00,133.89673557910797,0.0,36.79336,0.0
2025-10-31 21:30:00,134.99383305105678,0.0,39.19104,0.0
2025-10-31 22:00:00,121.24998802209721,0.0,32.09472,0.0
2025-10-31 22:30:00,68.64377720055289,0.0,7.04256,0.0
2025-10-31 23:00:00,53.64240431266745,0.0,1.45152,3.31162
2025-10-31 23:30:00,50.94028940093628,0.0,0.0,4.73088
2025-11-01 00:00:00,47.06871936671219,0.0,0.0,4.19328
2025-11-01 00:30:00,44.73143295665363,0.0,0.0,6.752259999999999
2025-11-01 01:00:00,45.42283362942749,0.0,0.0,6.9888
2025-11-01 01:30:00,47.383237405826605,0.0,0.0,6.343679999999999
2025-11-01 02:00:00,44.12407164966911,0.0,0.0,6.386680000000001
2025-11-01 02:30:00,45.08740859897651,0.0,0.0,6.33294
2025-11-01 03:00:00,45.49258022348646,0.0,0.0,5.92436
2025-11-01 03:30:00,51.229728734423425,0.0,0.0,5.31686
2025-11-01 04:00:00,46.129692627645625,0.0,0.0,5.1502
2025-11-01 04:30:00,50.44413901925942,0.0,0.0,4.62336
2025-11-01 05:00:00,45.27140044878401,0.0,0.0,4.8814
2025-11-01 05:30:00,47.213313407627545,0.0,0.0,4.33844
2025-11-01 06:00:00,44.290351904688386,0.0,0.0,3.8061999999999996
2025-11-01 06:30:00,43.56061254129602,0.0,0.0,5.03194
2025-11-01 07:00:00,47.24236085201482,0.0,0.0,4.08576
2025-11-01 07:30:00,47.35155534512183,0.0,0.0,5.52652
2025-11-01 08:00:00,45.720945953881184,0.0,0.32794,4.5911
2025-11-01 08:30:00,119.24339814403787,0.0,40.4544,0.0
2025-11-01 09:00:00,116.96064898306288,0.0,43.008,0.0
2025-11-01 09:30:00,124.5479623154784,0.0,43.22304,0.0
2025-11-01 10:00:00,118.93968464115439,0.0,41.9328,0.0
2025-11-01 10:30:00,134.89800421996532,0.0,41.85754,0.0
2025-11-01 11:00:00,116.54499248893008,0.0,45.24442,0.0
2025-11-01 11:30:00,116.63133243144753,0.0,45.85728,0.0
2025-11-01 12:00:00,115.01269642005688,0.0,46.7927,0.0
2025-11-01 12:30:00,136.96638628824795,0.0,47.90016,0.0
2025-11-01 13:00:00,127.75171499806648,0.0,48.69582,0.0
2025-11-01 13:30:00,119.28508805372124,0.0,47.70664,0.0
2025-11-01 14:00:00,138.01409638828278,0.0,48.14746,0.0
2025-11-01 14:30:00,136.4463002302637,0.0,45.54548,0.0
2025-11-01 15:00:00,147.4187313553235,0.0,47.10452,0.0
2025-11-01 15:30:00,121.40125476569143,0.0,46.92174,0.0
2025-11-01 16:00:00,121.55591601276014,0.0,46.98624,0.0
2025-11-01 16:30:00,116.0981443276811,0.0,45.83578,0.0
2025-11-01 17:00:00,107.6566574923112,0.0,46.5239,0.0
2025-11-01 17:30:00,127.46877356148977,0.0,48.48078,0.0
2025-11-01 18:00:00,119.57518628627086,0.0,49.26568,0.0
2025-11-01 18:30:00,124.24398408695389,0.0,48.49152,0.0
2025-11-01 19:00:00,96.02175517968911,0.0,25.43924,0.0
2025-11-01 19:30:00,59.18449873452188,0.0,8.54784,0.20428
2025-11-01 20:00:00,47.360410189685375,0.0,0.01076,2.48372
2025-11-01 20:30:00,46.44865929340833,0.0,0.0,2.16652
2025-11-01 21:00:00,46.6306748244336,0.0,0.0,2.9138
2025-11-01 21:30:00,43.62118781945016,0.0,0.0,3.54816
2025-11-01 22:00:00,43.171968897905074,0.0,0.0,4.51584
2025-11-01 22:30:00,46.88899050041983,0.0,0.0,4.38682
2025-11-01 23:00:00,44.82477721031193,0.0,0.0,4.63412
2025-11-01 23:30:00,40.41077234253345,0.0,0.0,3.90298
2025-11-02 00:00:00,40.673349528210466,0.0,0.0,6.4942
2025-11-02 00:30:00,41.80717674454275,0.0,0.0,6.70926
2025-11-02 01:00:00,42.69331986805808,0.0,0.0,6.11788
2025-11-02 01:30:00,44.75421329038709,0.0,0.0,6.4727
2025-11-02 02:00:00,45.93387837629467,0.0,0.0,6.11788
2025-11-02 02:30:00,45.30543592138814,0.0,0.0,5.92436
2025-11-02 03:00:00,40.02916322938954,0.0,0.0,6.17164
2025-11-02 03:30:00,43.44542066306292,0.0,0.0,5.1287
2025-11-02 04:00:00,42.83167865905474,0.0,0.0,4.8384
2025-11-02 04:30:00,45.10029759339445,0.0,0.0,4.7954
2025-11-02 05:00:00,47.49188638739668,0.0,0.0,3.9244799999999995
2025-11-02 05:30:00,48.076236043934756,0.0,0.0,3.9352399999999994
2025-11-02 06:00:00,42.51883990908359,0.0,0.0,4.12876
2025-11-02 06:30:00,38.24721758713034,0.0,0.0,4.11264
2025-11-02 07:00:00,40.273619011232704,0.0,0.0,3.9997399999999996
2025-11-02 07:30:00,44.61817156441357,0.0,0.0,4.661
2025-11-02 08:00:00,43.16253300925633,0.0,0.08602,3.59116
2025-11-02 08:30:00,98.13284959193957,0.0,33.98708,0.05376
2025-11-02 09:00:00,125.68172736923997,0.0,42.85748,0.0
2025-11-02 09:30:00,134.18155373645544,0.0,44.1047,0.0
2025-11-02 10:00:00,134.80093753798405,0.0,47.36256,0.0
2025-11-02 10:30:00,140.12996706674159,0.0,49.57748,0.0
2025-11-02 11:00:00,144.49170092575463,0.0,51.21178,0.0
2025-11-02 11:30:00,147.45593953248274,0.0,51.38382,0.0
2025-11-02 12:00:00,158.7895870697029,0.0,51.46982,0.0
2025-11-02 12:30:00,153.22100939483084,0.0,54.10406,0.0
2025-11-02 13:00:00,156.10058514883278,0.0,55.66312,0.0
2025-11-02 13:30:00,166.5654615806533,0.0,58.2436,0.0
2025-11-02 14:00:00,159.72069476947235,0.0,62.64116,0.0
2025-11-02 14:30:00,176.90693905868014,0.0,62.55514,0.0
2025-11-02 15:00:00,149.5052026267782,0.0,57.168380000000006,0.0
2025-11-02 15:30:00,124.78998109425709,0.0,49.9108,0.0
2025-11-02 16:00:00,126.65629633322634,0.0,49.40544,0.0
2025-11-02 16:30:00,126.55090431013423,0.0,44.90036,0.0
2025-11-02 17:00:00,56.26377809686691,0.0,4.19328,3.17184
2025-11-02 17:30:00,44.13302358488027,0.0,0.0,4.73088
2025-11-02 18:00:00,44.485136995642414,0.0,0.0,4.5696
2025-11-02 18:30:00,47.01980600195611,0.0,0.0,5.05344
2025-11-02 19:00:00,40.783443537100325,0.0,0.0,4.8169
2025-11-02 19:30:00,43.627927782756224,0.0,0.0,5.20396
2025-11-02 20:00:00,45.96249181406092,0.0,0.0,4.76314
2025-11-02 20:30:00,43.59620591424087,0.0,0.0,4.36532
2025-11-02 21:00:00,43.52136895532611,0.0,0.0,4.90292
2025-11-02 21:30:00,41.46176152806131,0.0,0.0,4.5911
2025-11-02 22:00:00,48.72065706302876,0.0,0.0,4.06426
2025-11-02 22:30:00,44.11850688081406,0.0,0.0,3.56966
2025-11-02 23:00:00,50.17082867247051,0.0,0.0,3.8169600000000004
2025-11-02 23:30:00,44.39210319497763,0.0,0.0,4.38682
2025-11-03 00:00:00,37.38560654535353,0.0,0.0,2.04288
2025-11-03 00:30:00,41.76970743620675,0.0,0.0,1.93536
2025-11-03 01:00:00,35.78042426513554,0.0,0.0,2.9998
2025-11-03 01:30:00,38.63949342107844,0.0,0.0,4.3008
2025-11-03 02:00:00,39.17496657640721,0.0,0.0,3.96748
2025-11-03 02:30:00,38.96813173805901,0.0,0.01076,3.65568
2025-11-03 03:00:00,41.58018343714245,0.0,0.0,3.92448
2025-11-03 03:30:00,41.157981739196615,0.0,0.0,3.7309399999999995
2025-11-03 04:00:00,43.059311297759514,0.0,0.0,3.31162
2025-11-03 04:30:00,42.50306648803111,0.0,0.0,3.3438800000000004
2025-11-03 05:00:00,43.32158507568141,0.0,0.0,2.7847600000000003
2025-11-03 05:30:00,41.38166908950756,0.0,0.0,2.731
2025-11-03 06:00:00,41.605702554522324,0.0,0.0,3.21484
2025-11-03 06:30:00,46.69853391369483,0.0,0.43008,0.47308000000000006
2025-11-03 07:00:00,48.8202633442664,0.0,0.12902,0.74188
2025-11-03 07:30:00,55.27353270497813,0.0,0.01076,2.31168
2025-11-03 08:00:00,98.61000579450777,0.0,15.51514,0.56448
2025-11-03 08:30:00,205.25000547807235,0.0,77.99502,0.0
2025-11-03 09:00:00,239.95413457627325,0.0,77.02734,0.0
2025-11-03 09:30:00,237.78638437039066,0.0,73.64046,0.0
2025-11-03 10:00:00,241.08794722633058,0.0,76.64026,0.0
2025-11-03 10:30:00,239.03118201250095,0.0,76.15642,0.0
2025-11-03 11:00:00,235.16307355583766,0.0,77.05422,0.0
2025-11-03 11:30:00,268.28110695628084,0.0,74.90918,0.0
2025-11-03 12:00:00,261.81663497459965,0.0,77.60794,0.0
2025-11-03 12:30:00,246.21566117013393,0.0,77.9305,0.0
2025-11-03 13:00:00,262.3861506840186,0.0,77.24238,0.0
2025-11-03 13:30:00,238.58995326880938,0.0,77.75848,0.0
2025-11-03 14:00:00,226.88354850715555,0.0,77.30152,0.0
2025-11-03 14:30:00,273.52563239125584,0.0,97.95072,0.0
2025-11-03 15:00:00,248.29251802615468,0.0,99.37,0.0
2025-11-03 15:30:00,245.13060567668114,0.0,103.62778,0.0
2025-11-03 16:00:00,251.52384170545133,0.0,105.3051,0.0
2025-11-03 16:30:00,259.6528655501547,0.0,79.14548,0.0
2025-11-03 17:00:00,251.69322814122873,0.0,90.04802,0.0
2025-11-03 17:30:00,230.35310591065738,0.0,81.0916,0.0
2025-11-03 18:00:00,204.802739210309,0.0,65.60872,0.0
2025-11-03 18:30:00,181.3748668189549,0.0,63.63033999999999,0.0
2025-11-03 19:00:00,163.03320810868144,0.0,47.21204,0.0
2025-11-03 19:30:00,108.14391690487521,0.0,25.93382,0.0
2025-11-03 20:00:00,65.35132489382904,0.0,0.23654,0.5806
2025-11-03 20:30:00,66.71930002481501,0.0,0.11828,0.81716
2025-11-03 21:00:00,72.38601599395929,0.0,0.19354,0.59136
2025-11-03 21:30:00,69.33059876053858,0.0,0.2688,1.10746
2025-11-03 22:00:00,56.37613104560734,0.0,0.0,3.92448
2025-11-03 22:30:00,45.33529033909393,0.0,0.01076,3.7201999999999997
2025-11-03 23:00:00,48.428208605161394,0.0,0.0,4.36532
2025-11-03 23:30:00,45.78483171914316,0.0,0.0,4.21478
2025-11-04 00:00:00,44.54577876109605,0.0,0.0,4.3008
2025-11-04 00:30:00,46.456613733720715,0.0,0.0,4.20404
2025-11-04 01:00:00,47.266599445252446,0.0,0.0,3.7417
2025-11-04 01:30:00,50.13121630812161,0.0,0.0,4.0535
2025-11-04 02:00:00,52.427321891734294,0.0,0.0,3.50516
2025-11-04 02:30:00,41.75469680135776,0.0,0.0,5.9566
2025-11-04 03:00:00,52.61646263625944,0.0,0.0,5.50502
2025-11-04 03:30:00,44.26891397668185,0.0,0.0,5.20396
2025-11-04 04:00:00,48.43880972281744,0.0,0.0,4.77926
2025-11-04 04:30:00,49.04155268386811,0.0,0.0,4.46208
2025-11-04 05:00:00,44.794283570558626,0.0,0.0,4.3223
2025-11-04 05:30:00,48.949236390308,0.0,0.0,4.0105
2025-11-04 06:00:00,46.48808313986082,0.0,0.0,4.69862
2025-11-04 06:30:00,47.95671900519255,0.0,0.0,4.96742
2025-11-04 07:00:00,50.60682911073675,0.0,0.0,5.3545
2025-11-04 07:30:00,62.65557299803703,0.0,0.0,4.84916
2025-11-04 08:00:00,113.13588798303148,0.0,16.1065,0.4946
2025-11-04 08:30:00,205.9450458274643,0.0,68.458,0.0
2025-11-04 09:00:00,229.83781197956392,0.0,65.54958,0.0
2025-11-04 09:30:00,235.51720679663174,0.0,67.4258,0.0
2025-11-04 10:00:00,249.77892156567205,0.0,75.43604,0.0
2025-11-04 10:30:00,234.63462586599812,0.0,67.61934,0.0
2025-11-04 11:00:00,247.97476964739562,0.0,94.06926,0.0
2025-11-04 11:30:00,257.5669457134644,0.0,95.8971,0.0
2025-11-04 12:00:00,246.05650841711153,0.0,73.0921,0.0
2025-11-04 12:30:00,263.2892515064219,0.0,95.61756,0.0
2025-11-04 13:00:00,264.9529383896464,0.0,97.44538,0.0
2025-11-04 13:30:00,244.4158411229312,0.0,98.5851,0.0
2025-11-04 14:00:00,263.6243772828734,0.0,95.88634,0.0
2025-11-04 14:30:00,272.62555461432066,0.0,104.96104,0.0
2025-11-04 15:00:00,251.81946531475327,0.0,87.12884,0.0
2025-11-04 15:30:00,236.50576738747475,0.0,78.25306,0.0
2025-11-04 16:00:00,268.0958416845772,0.0,78.72616,0.0
2025-11-04 16:30:00,247.23134768342257,0.0,77.98426,0.0
2025-11-04 17:00:00,252.48107393013177,0.0,77.00582,0.0
2025-11-04 17:30:00,239.16543927189085,0.0,76.23168,0.0
2025-11-04 18:00:00,201.5302075493403,0.0,71.89864,0.0
2025-11-04 18:30:00,184.81031247513502,0.0,65.54958,0.0
2025-11-04 19:00:00,188.72831216428892,0.0,61.8025,0.0
2025-11-04 19:30:00,123.78034940604388,0.0,29.46048,0.0
2025-11-04 20:00:00,100.22880337903574,0.0,2.1289,0.0
2025-11-04 20:30:00,70.28657816946769,0.0,0.5161,0.5376
2025-11-04 21:00:00,56.02323717042116,0.0,0.16128,0.75264
2025-11-04 21:30:00,58.61147247913511,0.0,0.2258,0.4946
2025-11-04 22:00:00,56.941514109114685,0.0,0.12902,0.8279
2025-11-04 22:30:00,51.389779965495045,0.0,0.19354,0.63436
2025-11-04 23:00:00,49.49531472360845,0.0,0.2903,0.32256
2025-11-04 23:30:00,40.2326192828327,0.0,0.01076,3.1718400000000004
2025-11-05 00:00:00,49.055914645476776,0.0,0.0,4.92442
2025-11-05 00:30:00,57.80044361579066,0.0,0.0,4.0535
2025-11-05 01:00:00,53.1057878201806,0.0,0.0,4.55348
2025-11-05 01:30:00,50.535035048713354,0.0,0.0,4.31156
2025-11-05 02:00:00,53.238910972831256,0.0,0.0,4.67174
2025-11-05 02:30:00,49.44984880645376,0.0,0.0,4.17178
2025-11-05 03:00:00,56.210352058448514,0.0,0.0,4.2793
2025-11-05 03:30:00,50.843801454262945,0.0,0.0,3.89222
2025-11-05 04:00:00,53.28695243959587,0.0,0.0,3.87072
2025-11-05 04:30:00,55.189895300276746,0.0,0.0,3.55892
2025-11-05 05:00:00,54.16895812944482,0.0,0.0,2.87078
2025-11-05 05:30:00,53.25569583190207,0.0,0.0,3.03206
2025-11-05 06:00:00,52.66453858611949,0.0,0.0,3.52666
2025-11-05 06:30:00,52.35760501145199,0.0,0.0,4.3223
2025-11-05 07:00:00,54.18733807534351,0.0,0.0,5.04268
2025-11-05 07:30:00,67.36572521452501,0.0,0.32794,4.50508
2025-11-05 08:00:00,111.14747835214112,0.0,16.88602,0.0
2025-11-05 08:30:00,198.34201573021795,0.0,74.3501,0.0
2025-11-05 09:00:00,206.57045939974526,0.0,71.96314,0.0
2025-11-05 09:30:00,219.76146655067953,0.0,77.23162,0.0
2025-11-05 10:00:00,245.77555626133088,0.0,114.4658,0.0
2025-11-05 10:30:00,245.08271746823135,0.0,79.55406,0.0
2025-11-05 11:00:00,248.5723648525685,0.0,79.26376,0.0
2025-11-05 11:30:00,247.09967205493058,0.0,81.24212,0.0
2025-11-05 12:00:00,254.17011122346796,0.0,80.51098,0.0
2025-11-05 12:30:00,239.37766896320556,0.0,80.99482,0.0
2025-11-05 13:00:00,245.89435697611296,0.0,78.05952,0.0
2025-11-05 13:30:00,245.40456609608367,0.0,75.32852,0.0
2025-11-05 14:00:00,242.7338744314785,0.0,74.55438,0.0
2025-11-05 14:30:00,239.65429881759144,0.0,71.9954,0.0
2025-11-05 15:00:00,243.991251644427,0.0,74.56514,0.0
2025-11-05 15:30:00,249.69626582924118,0.0,78.53262,0.0
2025-11-05 16:00:00,261.027200871636,0.0,86.52136,0.0
2025-11-05 16:30:00,204.73478376101437,0.0,75.95752,0.0
2025-11-05 17:00:00,224.8705727746503,0.0,74.69416,0.0
2025-11-05 17:30:00,204.96756049943656,0.0,74.82318,0.0
2025-11-05 18:00:00,178.73558269001296,0.0,58.74894,0.0
2025-11-05 18:30:00,154.7271102229016,0.0,42.19622,0.0
2025-11-05 19:00:00,135.8028848095067,0.0,42.12634,0.0
2025-11-05 19:30:00,131.5502849163007,0.0,43.1908,0.0
2025-11-05 20:00:00,139.26923461092642,0.0,43.40584,0.0
2025-11-05 20:30:00,124.98769004641423,0.0,43.66388,0.0
2025-11-05 21:00:00,109.98508593340307,0.0,41.578,0.0
2025-11-05 21:30:00,120.24263322457938,0.0,39.92218,0.0
2025-11-05 22:00:00,110.55341268558882,0.0,39.7179,0.0
2025-11-05 22:30:00,58.86151151768269,0.0,7.92422,0.9891800000000001
2025-11-05 23:00:00,37.856633649261525,0.0,0.0,5.3545
2025-11-05 23:30:00,39.083401008233906,0.0,0.0,5.76308
2025-11-06 00:00:00,38.66686240233007,0.0,0.0,5.419
2025-11-06 00:30:00,38.89190468991443,0.0,0.0,5.04268
2025-11-06 01:00:00,37.875152581093744,0.0,0.0,4.73088
2025-11-06 01:30:00,42.06845451977154,0.0,0.0,4.33844
2025-11-06 02:00:00,45.077123013772216,0.0,0.0,4.8599
2025-11-06 02:30:00,39.5474001165642,0.0,0.0,4.44596
2025-11-06 03:00:00,38.92447673445369,0.0,0.0,4.5481
2025-11-06 03:30:00,39.53423874821918,0.0,0.0,3.7739599999999998
2025-11-06 04:00:00,45.703399052594584,0.0,0.0,3.25786
2025-11-06 04:30:00,40.98056464368736,0.0,0.01076,3.6341799999999997
2025-11-06 05:00:00,42.86180165438644,0.0,0.0,3.05356
2025-11-06 05:30:00,41.169338767593274,0.0,0.0,3.31162
2025-11-06 06:00:00,40.90059213290211,0.0,0.0,3.19334
2025-11-06 06:30:00,41.32831936748158,0.0,0.0,4.31156
2025-11-06 07:00:00,51.80133690229583,0.0,0.0,4.64486
2025-11-06 07:30:00,58.878379761456266,0.0,0.0,4.73088
2025-11-06 08:00:00,77.11007893213237,0.0,3.16108,1.43002
2025-11-06 08:30:00,193.39215834227406,0.0,64.15718,0.0
2025-11-06 09:00:00,202.35280042313195,0.0,69.5977,0.0
2025-11-06 09:30:00,196.6037588258155,0.0,69.8665,0.0
2025-11-06 10:00:00,228.49001854038593,0.0,73.84474,0.0
2025-11-06 10:30:00,228.9611532039481,0.0,74.65652,0.0
2025-11-06 11:00:00,233.37249039423688,0.0,73.24264,0.0
2025-11-06 11:30:00,220.11535240335448,0.0,73.76948,0.0
2025-11-06 12:00:00,224.44677995029988,0.0,74.21032,0.0
2025-11-06 12:30:00,237.44411557911926,0.0,76.48974,0.0
2025-11-06 13:00:00,234.15272885296633,0.0,77.89286,0.0
2025-11-06 13:30:00,217.38687580900972,0.0,78.41434,0.0
2025-11-06 14:00:00,204.1790668458054,0.0,77.23162,0.0
2025-11-06 14:30:00,236.4582300265538,0.0,77.89286,0.0
2025-11-06 15:00:00,250.1964491051217,0.0,80.48948,0.0
2025-11-06 15:30:00,230.66808840315218,0.0,83.25274,0.0
2025-11-06 16:00:00,249.6439815961381,0.0,81.72596,0.0
2025-11-06 16:30:00,251.19366636643574,0.0,81.0701,0.0
2025-11-06 17:00:00,241.2793438057135,0.0,80.81204,0.0
2025-11-06 17:30:00,237.2560576554442,0.0,77.19938,0.0
2025-11-06 18:00:00,194.27112174046084,0.0,68.98484,0.0
2025-11-06 18:30:00,183.56072035868675,0.0,57.63072,0.0
2025-11-06 19:00:00,188.97805245829832,0.0,57.7275,0.0
2025-11-06 19:30:00,199.1933980569923,0.0,61.46918,0.0
2025-11-06 20:00:00,168.83231337047178,0.0,55.97492,0.0
2025-11-06 20:30:00,145.21646659297932,0.0,40.93824,0.0
2025-11-06 21:00:00,116.4530125171388,0.0,40.30926,0.0
2025-11-06 21:30:00,124.30071952059878,0.0,39.94368,0.0
2025-11-06 22:00:00,117.11555070923157,0.0,42.30912,0.0
2025-11-06 22:30:00,59.35377637276866,0.0,7.601660000000001,0.0
2025-11-06 23:00:00,49.76371959512499,0.0,1.81708,0.0
2025-11-06 23:30:00,46.90282579602949,0.0,1.58054,0.0
2025-11-07 00:00:00,48.12428505435426,0.0,0.0,4.9943
2025-11-07 00:30:00,51.077731907926264,0.0,0.0,4.70938
2025-11-07 01:00:00,47.282232622928966,0.0,0.0,5.03194
2025-11-07 01:30:00,43.17886279492859,0.0,0.0,4.3223
2025-11-07 02:00:00,47.711507696002656,0.0,0.0,4.36532
2025-11-07 02:30:00,50.392985315886826,0.0,0.0,3.88148
2025-11-07 03:00:00,46.468508338304574,0.0,0.0,3.7524400000000004
2025-11-07 03:30:00,49.51075061000369,0.0,0.0,3.63418
2025-11-07 04:00:00,46.62593820739215,0.0,0.01076,3.11808
2025-11-07 04:30:00,43.508989084894736,0.0,0.0,3.0750799999999994
2025-11-07 05:00:00,47.53955330278512,0.0,0.0,3.02132
2025-11-07 05:30:00,44.07089432781745,0.0,0.0,2.74176
2025-11-07 06:00:00,46.2863420023851,0.0,0.0,3.44064
2025-11-07 06:30:00,48.96073215109201,0.0,0.0,4.08576
2025-11-07 07:00:00,45.095401279119116,0.0,0.0,4.84916
2025-11-07 07:30:00,64.32275660285211,0.0,0.5591,2.9568
2025-11-07 08:00:00,110.14944187961645,0.0,13.42926,0.0
2025-11-07 08:30:00,215.71263823507965,0.0,77.55418,0.0
2025-11-07 09:00:00,227.54731179557547,0.0,82.21518,0.0
2025-11-07 09:30:00,245.5257795828606,0.0,79.04872,0.0
2025-11-07 10:00:00,238.52235169850516,0.0,78.64014,0.0
2025-11-07 10:30:00,228.71182543476095,0.0,76.57576,0.0
2025-11-07 11:00:00,227.57748398667368,0.0,75.87686,0.0
2025-11-07 11:30:00,231.4707014244723,0.0,75.27476,0.0
2025-11-07 12:00:00,219.8525708175723,0.0,76.96282,0.0
2025-11-07 12:30:00,233.8605200004614,0.0,76.78004,0.0
2025-11-07 13:00:00,193.515035777912,0.0,73.79098,0.0
2025-11-07 13:30:00,206.9167967002757,0.0,73.24264,0.0
2025-11-07 14:00:00,212.6549464802081,0.0,74.65114,0.0
2025-11-07 14:30:00,204.20444396317777,0.0,74.6404,0.0
2025-11-07 15:00:00,217.78476958969802,0.0,77.07036,0.0
2025-11-07 15:30:00,227.89565236330833,0.0,76.37146,0.0
2025-11-07 16:00:00,193.523095177846,0.0,77.29614,0.0
2025-11-07 16:30:00,230.81297711816126,0.0,76.00052,0.0
2025-11-07 17:00:00,227.63212556077562,0.0,77.77998,0.0
2025-11-07 17:30:00,218.2329678425227,0.0,72.87706,0.0
2025-11-07 18:00:00,202.9950977334904,0.0,67.01722,0.0
2025-11-07 18:30:00,178.2093037317592,0.0,63.50132,0.0
2025-11-07 19:00:00,161.03054558074294,0.0,59.71662,0.0
2025-11-07 19:30:00,111.37495150194972,0.0,25.2457,0.0
2025-11-07 20:00:00,81.8250174048478,0.0,0.95692,2.9352999999999994
2025-11-07 20:30:00,74.7278363777081,0.0,0.0,4.70938
2025-11-07 21:00:00,55.492577114773624,0.0,0.0,3.9674799999999997
2025-11-07 21:30:00,49.111240397506,0.0,0.0,3.32236
2025-11-07 22:00:00,42.650604914035306,0.0,0.0,5.13946
2025-11-07 22:30:00,42.64751203803289,0.0,0.0,5.26848
2025-11-07 23:00:00,46.6327336833584,0.0,0.0,4.3223
2025-11-07 23:30:00,38.53510110215702,0.0,0.0,4.55348
2025-11-08 00:00:00,43.025722735488706,0.0,0.0,4.15028
2025-11-08 00:30:00,44.927550105502974,0.0,0.0,4.41908
2025-11-08 01:00:00,46.424390344912055,0.0,0.0,3.96748
2025-11-08 01:30:00,41.0287179764853,0.0,0.0,4.29004
2025-11-08 02:00:00,42.804093865177016,0.0,0.0,4.06426
2025-11-08 02:30:00,43.25209541986043,0.0,0.0,3.84922
2025-11-08 03:00:00,40.790192091369704,0.0,0.0,3.59116
2025-11-08 03:30:00,43.50125136041424,0.0,0.0,2.9783
2025-11-08 04:00:00,42.31995816476736,0.0,0.01076,3.0535600000000005
2025-11-08 04:30:00,46.3277446185385,0.0,0.0,2.22028
2025-11-08 05:00:00,45.26019449714309,0.0,0.0,2.84928
2025-11-08 05:30:00,42.477407171819294,0.0,0.0,4.50508
2025-11-08 06:00:00,41.48007685229055,0.0,0.0,5.03194
2025-11-08 06:30:00,43.57371243485733,0.0,0.0,4.96742
2025-11-08 07:00:00,40.57003553801705,0.0,0.0,5.18246
2025-11-08 07:30:00,42.26832711089817,0.0,0.0,6.06412
2025-11-08 08:00:00,51.04246338055198,0.0,6.03188,2.81702
2025-11-08 08:30:00,124.34925702127703,0.0,60.91008,0.0
2025-11-08 09:00:00,130.37684652465475,0.0,64.64102,0.0
2025-11-08 09:30:00,145.33259368038085,0.0,62.5659,0.0
2025-11-08 10:00:00,135.10257709272818,0.0,62.2971,0.0
2025-11-08 10:30:00,147.1300535676077,0.0,61.54446,0.0
2025-11-08 11:00:00,133.29475343561603,0.0,61.20038,0.0
2025-11-08 11:30:00,139.5163674360126,0.0,61.21114,0.0
2025-11-08 12:00:00,155.1083758590961,0.0,62.38312,0.0
2025-11-08 12:30:00,129.04045915272332,0.0,63.00672,0.0
2025-11-08 13:00:00,123.50206010730423,0.0,62.99598,0.0
2025-11-08 13:30:00,143.86378203779188,0.0,61.5122,0.0
2025-11-08 14:00:00,129.1745115229352,0.0,60.63054,0.0
2025-11-08 14:30:00,134.1606570756221,0.0,60.59828,0.0
2025-11-08 15:00:00,126.14871581608601,0.0,59.48008,0.0
2025-11-08 15:30:00,128.00062816107962,0.0,57.60922,0.0
2025-11-08 16:00:00,84.31942566206345,0.0,33.93332,0.0
2025-11-08 16:30:00,71.7705685892181,0.0,23.19206,0.07526
2025-11-08 17:00:00,49.755952012502725,0.0,2.9998,2.35468
2025-11-08 17:30:00,37.96889973355888,0.0,0.0,2.60198
2025-11-08 18:00:00,38.78423453184025,0.0,0.0,2.04288
2025-11-08 18:30:00,40.58677403022945,0.0,0.17203999999999997,0.67738
2025-11-08 19:00:00,36.997134111210045,0.0,0.0,1.60204
2025-11-08 19:30:00,38.55529449270195,0.0,0.01076,3.32236
2025-11-08 20:00:00,40.025634919055065,0.0,0.0,4.6126
2025-11-08 20:30:00,40.08526878444786,0.0,0.0,4.16102
2025-11-08 21:00:00,40.39559756114089,0.0,0.0,4.11264
2025-11-08 21:30:00,39.85818686756076,0.0,0.0,3.93524
2025-11-08 22:00:00,39.65058806747737,0.0,0.0,3.67718
2025-11-08 22:30:00,41.20906860191348,0.0,0.0,5.18246
2025-11-08 23:00:00,43.60053299209838,0.0,0.0,5.612539999999999
2025-11-08 23:30:00,39.59732583275563,0.0,0.0,5.1287
2025-11-09 00:00:00,41.64535362371907,0.0,0.0,5.58028
2025-11-09 00:30:00,42.3784741361385,0.0,0.0,4.76314
2025-11-09 01:00:00,46.453959367342264,0.0,0.0,5.20934
2025-11-09 01:30:00,48.089761105138905,0.0,0.0,4.37606
2025-11-09 02:00:00,41.33193456771139,0.0,0.0,4.6126
2025-11-09 02:30:00,46.570838081902096,0.0,0.0,4.23092
2025-11-09 03:00:00,44.10339527124617,0.0,0.0,3.88148
2025-11-09 03:30:00,45.026497641870506,0.0,0.0,3.60192
2025-11-09 04:00:00,46.359562364769836,0.0,0.0,3.0535600000000005
2025-11-09 04:30:00,47.398827693465165,0.0,0.0,2.9890599999999994
2025-11-09 05:00:00,45.166181848105005,0.0,0.0,2.8385199999999995
2025-11-09 05:30:00,48.38411684502404,0.0,0.01076,2.65574
2025-11-09 06:00:00,45.23489830392486,0.0,0.0,4.70938
2025-11-09 06:30:00,45.880013379168815,0.0,0.0,4.74164
2025-11-09 07:00:00,41.29008359602923,0.0,0.0,5.0857
2025-11-09 07:30:00,47.86178897526507,0.0,0.0,4.68788
2025-11-09 08:00:00,42.513435489945685,0.0,0.0,5.47276
2025-11-09 08:30:00,43.2996428865931,0.0,0.0,5.70932
2025-11-09 09:00:00,38.097786769206664,0.0,0.0,5.90284
2025-11-09 09:30:00,40.80261371036999,0.0,0.0,5.6448
2025-11-09 10:00:00,45.411685833111406,0.0,0.0,6.279159999999999
2025-11-09 10:30:00,43.20749460551611,0.0,0.0,6.44044
2025-11-09 11:00:00,37.75446084574354,0.0,0.0,6.77376
2025-11-09 11:30:00,45.57891318479488,0.0,0.0,6.4942
2025-11-09 12:00:00,42.03519830381423,0.0,0.0,6.44044
2025-11-09 12:30:00,45.82902246920759,0.0,0.0,6.27916
2025-11-09 13:00:00,42.30668438244712,0.0,0.0,6.30068
2025-11-09 13:30:00,43.805892655822646,0.0,0.0,6.193159999999999
2025-11-09 14:00:00,45.239691172784475,0.0,0.0,4.92442
2025-11-09 14:30:00,42.81645725098742,0.0,0.0,4.8169
2025-11-09 15:00:00,41.766787521006485,0.0,0.0,5.2201
2025-11-09 15:30:00,43.50056188140369,0.0,0.0,3.58042
2025-11-09 16:00:00,44.83881698795689,0.0,0.0,3.16108
2025-11-09 16:30:00,40.89220779518622,0.0,0.0,3.67718
2025-11-09 17:00:00,39.337482049541116,0.0,0.0,3.65568
2025-11-09 17:30:00,45.43064903521523,0.0,0.0,3.5374
2025-11-09 18:00:00,42.691945100174166,0.0,0.0,2.9567999999999994
2025-11-09 18:30:00,42.58620275363439,0.0,0.0,3.21484
2025-11-09 19:00:00,39.78947839965009,0.0,0.0,2.78476
2025-11-09 19:30:00,41.96340211124168,0.0,0.0,3.3331199999999996
2025-11-09 20:00:00,45.549313218471134,0.0,0.01076,2.98906
2025-11-09 20:30:00,46.91345630291436,0.0,0.0,3.56966
2025-11-09 21:00:00,44.112213236117505,0.0,0.0,3.34388
2025-11-09 21:30:00,49.31908542792168,0.0,0.0,3.2041000000000004
2025-11-09 22:00:00,43.44057643590505,0.0,0.0,2.90304
2025-11-09 22:30:00,44.48223481637301,0.0,0.0,1.58054
2025-11-09 23:00:00,49.5018418701484,0.0,0.0215,1.301
2025-11-09 23:30:00,45.15939999634414,0.0,0.0,1.45152
2025-11-10 00:00:00,41.15418639224971,0.0,0.0,2.04288
2025-11-10 00:30:00,40.755626789586636,0.0,0.0,1.9353600000000002
2025-11-10 01:00:00,42.48060898889913,0.0,0.0,2.9998
2025-11-10 01:30:00,40.25354924107216,0.0,0.0,4.3008
2025-11-10 02:00:00,42.56746071513928,0.0,0.0,3.9674799999999997
2025-11-10 02:30:00,41.76028528738588,0.0,0.01076,3.6556800000000003
2025-11-10 03:00:00,41.27087315383386,0.0,0.0,3.92448
2025-11-10 03:30:00,40.8335404676281,0.0,0.0,3.73094
2025-11-10 04:00:00,40.856726590286534,0.0,0.0,3.31162
2025-11-10 04:30:00,43.10368644072403,0.0,0.0,3.3438799999999995
2025-11-10 05:00:00,39.210586965239294,0.0,0.0,2.7847599999999995
2025-11-10 05:30:00,38.02941842701804,0.0,0.0,2.731
2025-11-10 06:00:00,42.24294640274348,0.0,0.0,3.2148400000000006
2025-11-10 06:30:00,46.97111079883967,0.0,0.4300800000000001,0.47308
2025-11-10 07:00:00,49.64093974202323,0.0,0.12902,0.74188
2025-11-10 07:30:00,57.54315271527955,0.0,0.01076,2.31168
2025-11-10 08:00:00,98.6696813121411,0.0,15.51514,0.56448
2025-11-10 08:30:00,222.42376792008628,0.0,77.99502,0.0
2025-11-10 09:00:00,234.4648257053947,0.0,77.02734,0.0
2025-11-10 09:30:00,233.09063859846202,0.0,73.64046,0.0
2025-11-10 10:00:00,245.46767122415116,0.0,76.64026,0.0
2025-11-10 10:30:00,272.19392771761983,0.0,76.15642,0.0
2025-11-10 11:00:00,228.59767489947563,0.0,77.05422,0.0
2025-11-10 11:30:00,262.1548900405258,0.0,74.90918,0.0
2025-11-10 12:00:00,238.8966081494516,0.0,77.60794,0.0
2025-11-10 12:30:00,255.92377596806753,0.0,77.9305,0.0
2025-11-10 13:00:00,246.72289622509408,0.0,77.24238,0.0
2025-11-10 13:30:00,219.87813502920574,0.0,77.75848,0.0
2025-11-10 14:00:00,248.7932532960341,0.0,77.30152,0.0
2025-11-10 14:30:00,255.2926001493036,0.0,97.95072,0.0
2025-11-10 15:00:00,228.36434675183656,0.0,99.37,0.0
2025-11-10 15:30:00,260.75185726693155,0.0,103.62778,0.0
2025-11-10 16:00:00,269.016849077429,0.0,105.3051,0.0
2025-11-10 16:30:00,263.9209563080216,0.0,79.14548,0.0
2025-11-10 17:00:00,255.95414202709972,0.0,90.04802,0.0
2025-11-10 17:30:00,245.60930380074657,0.0,81.0916,0.0
2025-11-10 18:00:00,212.621254371393,0.0,65.60872,0.0
2025-11-10 18:30:00,201.5186966105647,0.0,63.63034,0.0
2025-11-10 19:00:00,157.41435820485805,0.0,47.21204,0.0
2025-11-10 19:30:00,103.05860854351036,0.0,25.933819999999997,0.0
2025-11-10 20:00:00,74.31394814431356,0.0,0.23654,0.5805999999999999
2025-11-10 20:30:00,66.98854256718788,0.0,0.11828,0.81716
2025-11-10 21:00:00,60.00243747864944,0.0,0.19354,0.59136
2025-11-10 21:30:00,65.77485510689185,0.0,0.2688,1.10746
2025-11-10 22:00:00,57.517646244436094,0.0,0.0,3.9244800000000004
2025-11-10 22:30:00,49.2995614278939,0.0,0.01076,3.7202
2025-11-10 23:00:00,49.72797196968254,0.0,0.0,4.36532
2025-11-10 23:30:00,47.933970992253165,0.0,0.0,4.21478
2025-11-11 00:00:00,44.847206394061594,0.0,0.0,5.58028
2025-11-11 00:30:00,44.93557649266011,0.0,0.0,5.80608
2025-11-11 01:00:00,42.69059700263252,0.0,0.0,5.2201
2025-11-11 01:30:00,46.02112943436523,0.0,0.0,5.419
2025-11-11 02:00:00,41.26458897424072,0.0,0.0,5.18246
2025-11-11 02:30:00,43.75666168662759,0.0,0.0,4.87066
2025-11-11 03:00:00,41.96191138006032,0.0,0.0,5.16096
2025-11-11 03:30:00,42.71240925826392,0.0,0.0,5.03194
2025-11-11 04:00:00,42.54193647763149,0.0,0.0,4.92442
2025-11-11 04:30:00,43.60520797523869,0.0,0.0,4.75238
2025-11-11 05:00:00,45.51749217551963,0.0,0.0,4.8814
2025-11-11 05:30:00,45.00265200580015,0.0,0.0,5.20934
2025-11-11 06:00:00,43.84581205501302,0.0,0.0,4.87066
2025-11-11 06:30:00,42.965390766164106,0.0,0.0,6.042620000000001
2025-11-11 07:00:00,46.451094170701275,0.0,0.0,5.53728
2025-11-11 07:30:00,53.96414662737291,0.0,0.9784399999999999,3.7954600000000003
2025-11-11 08:00:00,88.45486202402219,0.0,13.816319999999997,0.0215
2025-11-11 08:30:00,196.935283189412,0.0,63.31854,0.0
2025-11-11 09:00:00,235.8664294107304,0.0,72.12442,0.0
2025-11-11 09:30:00,219.14576188538766,0.0,77.8875,0.0
2025-11-11 10:00:00,197.55738984739895,0.0,76.17256,0.0
2025-11-11 10:30:00,215.42112298074312,0.0,76.32846,0.0
2025-11-11 11:00:00,237.79638153328628,0.0,75.95752,0.0
2025-11-11 11:30:00,248.56294410409203,0.0,77.36064,0.0
2025-11-11 12:00:00,256.6376994403409,0.0,79.86048,0.0
2025-11-11 12:30:00,264.76125975654867,0.0,81.73672,0.0
2025-11-11 13:00:00,256.28619593271986,0.0,85.03758,0.0
2025-11-11 13:30:00,249.21605023179612,0.0,87.5428,0.0
2025-11-11 14:00:00,235.25089143006548,0.0,85.2795,0.0
2025-11-11 14:30:00,253.44093698544972,0.0,81.70446,0.0
2025-11-11 15:00:00,238.98384107396708,0.0,81.95176,0.0
2025-11-11 15:30:00,247.18060538278363,0.0,82.46784,0.0
2025-11-11 16:00:00,236.25643431859308,0.0,83.46778,0.0
2025-11-11 16:30:00,231.8616584632411,0.0,80.70452,0.0
2025-11-11 17:00:00,255.39645780285537,0.0,80.29596,0.0
2025-11-11 17:30:00,234.51086314099143,0.0,76.08654,0.0
2025-11-11 18:00:00,199.9715596052993,0.0,59.920899999999996,0.0
2025-11-11 18:30:00,177.253071133513,0.0,49.84628,0.0
2025-11-11 19:00:00,148.5551268353553,0.0,42.45966,0.0
2025-11-11 19:30:00,141.31104901325418,0.0,41.7339,0.0
2025-11-11 20:00:00,150.73385617211386,0.0,42.23924,0.0
2025-11-11 20:30:00,142.76040608931922,0.0,43.43808,0.0
2025-11-11 21:00:00,120.89064509834786,0.0,42.07258,0.0
2025-11-11 21:30:00,128.6432229083077,0.0,39.00826,0.0
2025-11-11 22:00:00,123.27556408900566,0.0,32.73984,0.0
2025-11-11 22:30:00,69.11251128506967,0.0,5.257719999999999,0.61286
2025-11-11 23:00:00,48.21381714118751,0.0,0.0,5.09644
2025-11-11 23:30:00,53.719174371558594,0.0,0.0,5.24698
2025-11-12 00:00:00,52.404601928822174,0.0,0.0,3.3761199999999993
2025-11-12 00:30:00,53.57917091215774,0.0,0.0,2.84928
2025-11-12 01:00:00,57.786870084068624,0.0,0.0,3.73094
2025-11-12 01:30:00,49.86402156197769,0.0,0.0,3.1718400000000004
2025-11-12 02:00:00,55.557426562813,0.0,0.0,3.27936
2025-11-12 02:30:00,50.97644684440656,0.0,0.0,2.645
2025-11-12 03:00:00,54.270191941790685,0.0,0.01076,2.23642
2025-11-12 03:30:00,52.13702868537731,0.0,0.0,2.731
2025-11-12 04:00:00,51.469251772721755,0.0,0.0,1.68806
2025-11-12 04:30:00,51.47371044992319,0.0,0.0,2.32244
2025-11-12 05:00:00,54.255344266720094,0.0,0.0,4.70938
2025-11-12 05:30:00,57.51337313954348,0.0,0.0,4.6126
2025-11-12 06:00:00,53.02831028648391,0.0,0.0,4.41908
2025-11-12 06:30:00,52.04689681391265,0.0,0.0,5.10182
2025-11-12 07:00:00,61.62299669027702,0.0,0.65588,2.78476
2025-11-12 07:30:00,70.4019483024612,0.0,3.16108,0.01076
2025-11-12 08:00:00,104.04182619507387,0.0,7.612419999999999,0.0
2025-11-12 08:30:00,192.78533327745671,0.0,55.51258,0.0
2025-11-12 09:00:00,242.60488833132274,0.0,63.006719999999994,0.0
2025-11-12 09:30:00,212.8504092820332,0.0,60.78105999999999,0.0
2025-11-12 10:00:00,211.15477225558317,0.0,57.67374,0.0
2025-11-12 10:30:00,224.85317572683434,0.0,59.23278,0.0
2025-11-12 11:00:00,235.3097319673713,0.0,60.254220000000004,0.0
2025-11-12 11:30:00,215.0258693156824,0.0,61.157379999999996,0.0
2025-11-12 12:00:00,224.0593107554905,0.0,68.26446,0.0
2025-11-12 12:30:00,241.40303004025378,0.0,76.72628,0.0
2025-11-12 13:00:00,221.83016492834844,0.0,75.6242,0.0
2025-11-12 13:30:00,223.15611521656962,0.0,73.81786,0.0
2025-11-12 14:00:00,228.70059103820213,0.0,70.47938,0.0
2025-11-12 14:30:00,251.3764122134276,0.0,69.32352,0.0
2025-11-12 15:00:00,242.6398286555735,0.0,71.3019,0.0
2025-11-12 15:30:00,225.05489262244055,0.0,76.522,0.0
2025-11-12 16:00:00,213.51093442678058,0.0,69.0601,0.0
2025-11-12 16:30:00,224.80133499924568,0.0,71.90938,0.0
2025-11-12 17:00:00,224.26806859341647,0.0,67.6032,0.0
2025-11-12 17:30:00,237.66606162876565,0.0,63.727120000000006,0.0
2025-11-12 18:00:00,184.71998583525166,0.0,49.480700000000006,0.0
2025-11-12 18:30:00,171.7230049703481,0.0,45.9433,0.0
2025-11-12 19:00:00,163.10224721094698,0.0,41.97582,0.0
2025-11-12 19:30:00,160.9936671430712,0.0,37.69652,0.0
2025-11-12 20:00:00,175.82915162420773,0.0,38.82548,0.0
2025-11-12 20:30:00,166.444247599465,0.0,38.26638,0.0
2025-11-12 21:00:00,153.55791037243426,0.0,38.36314,0.0
2025-11-12 21:30:00,136.87983412123117,0.0,37.80942,0.0
2025-11-12 22:00:00,121.65871594715296,0.0,35.15904,0.0
2025-11-12 22:30:00,71.67739748505683,0.0,6.68774,0.27956
2025-11-12 23:00:00,60.052465842330975,0.0,0.0,3.5374
2025-11-12 23:30:00,52.76653087796828,0.0,0.0,4.39756
2025-11-13 00:00:00,46.71929615468757,0.0,0.0,3.4729
2025-11-13 00:30:00,44.61880886229388,0.0,0.0,4.735688085106383
2025-11-13 01:00:00,45.42245036600479,0.0,0.0,4.299888936170213
2025-11-13 01:30:00,48.016190397560315,0.0,0.0,4.2340080851063835
2025-11-13 02:00:00,41.692515158825465,0.0,0.0,4.550620425531915
2025-11-13 02:30:00,44.92183928960976,0.0,0.0,3.955828936170213
2025-11-13 03:00:00,48.095655624308336,0.0,0.0,3.3562263829787233
2025-11-13 03:30:00,44.971474837559995,0.0,0.0,3.2519046808510645
2025-11-13 04:00:00,43.087585931653436,0.0,0.0,3.086502978723405
2025-11-13 04:30:00,47.99996173311068,0.0,0.0,3.3143531914893614
2025-11-13 05:00:00,49.063620692183356,0.0,0.0,3.2745510638297874
2025-11-13 05:30:00,47.015753929103624,0.0,0.008241702127659572,2.818853191489362
2025-11-13 06:00:00,41.757023040575206,0.0,0.0027472340425531913,3.144385106382979
2025-11-13 06:30:00,47.63355199017537,0.0,0.0,3.409761276595745
2025-11-13 07:00:00,41.47883811032824,0.0,0.0,3.541988510638298
2025-11-13 07:30:00,49.74577508981907,0.0,3.48090553191489,3.038694042553192
2025-11-13 08:00:00,96.13302919016446,0.0,38.90829191489359,0.9480034042553205
2025-11-13 08:30:00,120.40968039058167,0.0,55.809069787234044,0.0
2025-11-13 09:00:00,124.07188973987171,0.0,54.14845319148937,0.0
2025-11-13 09:30:00,125.90614343171754,0.0,53.60947361702128,0.0
2025-11-13 10:00:00,123.63983742896222,0.0,53.18374085106383,0.0
2025-11-13 10:30:00,134.2135876028297,0.0,54.6144514893617,0.0
2025-11-13 11:00:00,131.32965534828642,0.0,57.93133234042553,0.0
2025-11-13 11:30:00,139.3004030132059,0.0,58.156436170212764,0.0
2025-11-13 12:00:00,130.63903776601953,0.0,56.97257234042553,0.0
2025-11-13 12:30:00,122.25855626170927,0.0,56.307315319148934,0.0
2025-11-13 13:00:00,122.44518344252307,0.0,56.55552,0.0
2025-11-13 13:30:00,122.57126120647773,0.0,58.89579914893616,0.0
2025-11-13 14:00:00,138.3679011201019,0.0,59.8422085106383,0.0
2025-11-13 14:30:00,132.47662813504843,0.0,58.707067234042555,0.0
2025-11-13 15:00:00,115.59268072017963,0.0,55.73882297872341,0.0
2025-11-13 15:30:00,127.02786634915459,0.0,55.21723914893616,0.0
2025-11-13 16:00:00,119.76835769994369,0.0,54.00935744680854,0.0
2025-11-13 16:30:00,95.92653160370989,0.0,32.02541191489372,0.2594229787234006
2025-11-13 17:00:00,55.75189303583953,0.0,10.19701957446814,1.9177519148936022
2025-11-13 17:30:00,41.12157845098053,0.0,0.0,4.493650638297875
2025-11-13 18:00:00,47.66204881677527,0.0,0.0,4.232622553191486
2025-11-13 18:30:00,47.50770492724601,0.0,0.0,5.038802978723402
2025-11-13 19:00:00,42.28697680290513,0.0,0.0,5.556726808510637
2025-11-13 19:30:00,43.00746521441026,0.0,0.0,5.92732
2025-11-13 20:00:00,46.66020227155468,0.0,0.0,5.662875319148938
2025-11-13 20:30:00,40.90187692207894,0.0,0.0013736170212765761,4.909771489361702
2025-11-13 21:00:00,41.759917183117025,0.0,0.009615319148936187,4.475805957446809
2025-11-13 21:30:00,46.21909220823933,0.0,0.0,4.145925106382979
2025-11-13 22:00:00,50.58126285747399,0.0,0.0,4.208260425531916
2025-11-13 22:30:00,45.68334136774793,0.0,0.0,4.114698723404255
2025-11-13 23:00:00,45.841335690903406,0.0,0.0,4.152326808510638
2025-11-13 23:30:00,49.30869522046633,0.0,0.0,3.75244
2025-11-14 00:00:00,55.491450345585335,0.0,0.01076,2.05364
2025-11-14 00:30:00,54.845154392953404,0.0,0.0,2.86004
2025-11-14 01:00:00,48.76868086606598,0.0,0.0,3.2685999999999997
2025-11-14 01:30:00,48.31982764648439,0.0,0.0,2.731
2025-11-14 02:00:00,52.024230126491325,0.0,0.0,2.69876
2025-11-14 02:30:00,52.12485009153539,0.0,0.0,3.09658
2025-11-14 03:00:00,47.116000511727364,0.0,0.0,5.04268
2025-11-14 03:30:00,48.95475248787769,0.0,0.0,4.8599
2025-11-14 04:00:00,55.407270032316276,0.0,0.0,4.20404
2025-11-14 04:30:00,50.87297089563219,0.0,0.0,4.40832
2025-11-14 05:00:00,51.31788277202741,0.0,0.0,4.06426
2025-11-14 05:30:00,51.427902609767735,0.0,0.0,3.9567399999999995
2025-11-14 06:00:00,53.310815747322444,0.0,0.0,3.94598
2025-11-14 06:30:00,47.45688062481631,0.0,0.0,5.36524
2025-11-14 07:00:00,59.135338960806905,0.0,6.41894,0.9569200000000001
2025-11-14 07:30:00,78.87123638747742,0.0,12.48308,0.0
2025-11-14 08:00:00,113.74855651523733,0.0,25.37472,0.0
2025-11-14 08:30:00,197.25597162504715,0.0,77.80148,0.0
2025-11-14 09:00:00,232.69097417338472,0.0,85.973,0.0
2025-11-14 09:30:00,226.53621729571537,0.0,79.16698,0.0
2025-11-14 10:00:00,253.87469804903654,0.0,80.0164,0.0
2025-11-14 10:30:00,242.61192228152802,0.0,79.60782,0.0
2025-11-14 11:00:00,246.1094175748146,0.0,79.96264,0.0
2025-11-14 11:30:00,248.71975444307893,0.0,78.21006,0.0
2025-11-14 12:00:00,238.5187168941234,0.0,80.07554,0.0
2025-11-14 12:30:00,240.28241369067823,0.0,84.8333,0.0
2025-11-14 13:00:00,217.13071223720218,0.0,85.7257,0.0
2025-11-14 13:30:00,201.65845839649788,0.0,83.81186,0.0
2025-11-14 14:00:00,223.22937926426252,0.0,82.31732,0.0
2025-11-14 14:30:00,225.60862850670634,0.0,82.05928,0.0
2025-11-14 15:00:00,244.9133760189254,0.0,80.67228,0.0
2025-11-14 15:30:00,251.472004072392,0.0,78.50036,0.0
2025-11-14 16:00:00,240.9509143614527,0.0,73.19964,0.0
2025-11-14 16:30:00,212.80085354153306,0.0,72.95234,0.0
2025-11-14 17:00:00,217.01352768384317,0.0,74.26408,0.0
2025-11-14 17:30:00,215.73440189602547,0.0,71.69434,0.0
2025-11-14 18:00:00,204.81417150339857,0.0,65.42592,0.0
2025-11-14 18:30:00,166.38693264599374,0.0,46.44864,0.0
2025-11-14 19:00:00,156.84434853968304,0.0,42.36288,0.0
2025-11-14 19:30:00,144.78327416139376,0.0,38.05134,0.0
2025-11-14 20:00:00,136.9324978573738,0.0,38.1051,0.0
2025-11-14 20:30:00,142.8932607936321,0.0,38.18036,0.0
2025-11-14 21:00:00,121.8394114053189,0.0,36.79336,0.0
2025-11-14 21:30:00,131.44319106183323,0.0,39.19104,0.0
2025-11-14 22:00:00,117.05243511141008,0.0,32.09472,0.0
2025-11-14 22:30:00,71.06179734566247,0.0,7.04256,0.0
2025-11-14 23:00:00,50.08122638358624,0.0,1.45152,3.31162
2025-11-14 23:30:00,39.35121378622131,0.0,0.0,4.73088
2025-11-15 00:00:00,40.30257273902664,0.0,0.0,5.32762
2025-11-15 00:30:00,46.9165174605487,0.0,0.0,5.42976
2025-11-15 01:00:00,45.37964697885035,0.0,0.0,5.23622
2025-11-15 01:30:00,46.65153600197739,0.0,0.0,5.23622
2025-11-15 02:00:00,44.58459370332296,0.0,0.0,5.23622
2025-11-15 02:30:00,46.52242979664696,0.0,0.0,4.24704
2025-11-15 03:00:00,45.35427290536756,0.0,0.0,4.15028
2025-11-15 03:30:00,46.59374897079317,0.0,0.0,3.87072
2025-11-15 04:00:00,50.42869640377838,0.0,0.0,3.8814800000000003
2025-11-15 04:30:00,46.9931259572586,0.0,0.0,3.7202
2025-11-15 05:00:00,41.71598731478958,0.0,0.0,3.2685999999999997
2025-11-15 05:30:00,46.42877491247427,0.0,0.0,3.46214
2025-11-15 06:00:00,48.350877507834156,0.0,0.0,3.09658
2025-11-15 06:30:00,46.95973559753302,0.0,0.0,3.6341800000000006
2025-11-15 07:00:00,44.18010872308502,0.0,0.0,3.97824
2025-11-15 07:30:00,45.428105102472344,0.0,0.0,4.63412
2025-11-15 08:00:00,50.72561361247912,0.0,3.73094,3.64492
2025-11-15 08:30:00,119.85471587215015,0.0,35.27732,0.0
2025-11-15 09:00:00,104.34520502361177,0.0,37.93306,0.0
2025-11-15 09:30:00,105.39561200987472,0.0,38.01908,0.0
2025-11-15 10:00:00,107.63881310219585,0.0,39.84692,0.0
2025-11-15 10:30:00,108.1792154637324,0.0,38.89,0.0
2025-11-15 11:00:00,109.07526154243551,0.0,38.56742,0.0
2025-11-15 11:30:00,97.57232019547898,0.0,38.933,0.0
2025-11-15 12:00:00,116.07224455072108,0.0,44.5348,0.0
2025-11-15 12:30:00,125.39912739361813,0.0,48.55604,0.0
2025-11-15 13:00:00,118.92377019112445,0.0,48.59904,0.0
2025-11-15 13:30:00,134.3015382924641,0.0,47.68512,0.0
2025-11-15 14:00:00,122.75118597614554,0.0,47.2443,0.0
2025-11-15 14:30:00,126.34491185405686,0.0,44.12622,0.0
2025-11-15 15:00:00,123.68949566452415,0.0,46.30886,0.0
2025-11-15 15:30:00,125.88333711048529,0.0,45.82504,0.0
2025-11-15 16:00:00,122.52098743317467,0.0,44.99712,0.0
2025-11-15 16:30:00,126.86434154121734,0.0,44.52404,0.0
2025-11-15 17:00:00,119.88685216777284,0.0,46.02932,0.0
2025-11-15 17:30:00,123.95373128083381,0.0,47.45934,0.0
2025-11-15 18:00:00,121.88603181659585,0.0,47.00774,0.0
2025-11-15 18:30:00,110.9257786972696,0.0,40.59956,0.0
2025-11-15 19:00:00,110.02968535772487,0.0,37.22342,0.0
2025-11-15 19:30:00,65.32559487650595,0.0,8.03174,0.13978
2025-11-15 20:00:00,48.86063700356726,0.0,0.0,2.7095
2025-11-15 20:30:00,46.422455219701945,0.0,0.01076,1.54828
2025-11-15 21:00:00,48.143625029652114,0.0,0.0215,1.301
2025-11-15 21:30:00,47.73971884919986,0.0,0.09676,1.5375400000000001
2025-11-15 22:00:00,44.85436383878141,0.0,0.0,3.55892
2025-11-15 22:30:00,38.558122970807375,0.0,0.0,3.34388
2025-11-15 23:00:00,46.63237157209829,0.0,0.0,2.47296
2025-11-15 23:30:00,40.461592323417385,0.0,0.0,2.36544
2025-11-16 00:00:00,44.205477465402446,0.0,0.0,4.32768
2025-11-16 00:30:00,45.21462003445462,0.0,0.0,4.90292
2025-11-16 01:00:00,41.81693034378053,0.0,0.0,4.37606
2025-11-16 01:30:00,42.01474320192087,0.0,0.0,3.6879400000000007
2025-11-16 02:00:00,46.793805257684504,0.0,0.0,4.23092
2025-11-16 02:30:00,42.32835714603544,0.0,0.0,3.7309400000000004
2025-11-16 03:00:00,42.220583575510396,0.0,0.0,3.52666
2025-11-16 03:30:00,44.04682356726597,0.0,0.0,3.1826000000000003
2025-11-16 04:00:00,44.8637728892391,0.0,0.0,2.90304
2025-11-16 04:30:00,41.882343826169986,0.0,0.0,3.4406400000000006
2025-11-16 05:00:00,44.47605375256414,0.0,0.0,2.731
2025-11-16 05:30:00,48.10234850817338,0.0,0.01076,2.67724
2025-11-16 06:00:00,43.52179873869053,0.0,0.0,2.65574
2025-11-16 06:30:00,42.03771374902123,0.0,0.0,2.25792
2025-11-16 07:00:00,44.74616668420313,0.0,0.0,3.2041
2025-11-16 07:30:00,45.39744766487039,0.0,0.0,2.4622
2025-11-16 08:00:00,47.43585442736274,0.0,2.9138,1.6235599999999997
2025-11-16 08:30:00,98.25435420013201,0.0,41.56724,0.0
2025-11-16 09:00:00,112.04847313998162,0.0,45.9648,0.0
2025-11-16 09:30:00,115.80325525563377,0.0,45.80352,0.0
2025-11-16 10:00:00,124.93445390241655,0.0,46.17984,0.0
2025-11-16 10:30:00,111.41010611898673,0.0,44.80358,0.0
2025-11-16 11:00:00,116.91695913891914,0.0,44.5993,0.0
2025-11-16 11:30:00,121.30932434283135,0.0,44.45952,0.0
2025-11-16 12:00:00,104.01710846487285,0.0,44.58856,0.0
2025-11-16 12:30:00,122.91110868020913,0.0,45.05088,0.0
2025-11-16 13:00:00,110.30789704695843,0.0,44.73908,0.0
2025-11-16 13:30:00,120.36678634092073,0.0,44.76058,0.0
2025-11-16 14:00:00,118.30066384380099,0.0,42.35214,0.0
2025-11-16 14:30:00,121.62807339560077,0.0,40.80384,0.0
2025-11-16 15:00:00,119.52040181650503,0.0,42.35214,0.0
2025-11-16 15:30:00,95.87847514492007,0.0,35.36334,0.0
2025-11-16 16:00:00,85.3452617019721,0.0,25.8263,0.0
2025-11-16 16:30:00,52.40936006135471,0.0,1.8385999999999998,1.387
2025-11-16 17:00:00,42.99309910482825,0.0,0.0,3.94598
2025-11-16 17:30:00,43.73044576291778,0.0,0.0,3.8922200000000005
2025-11-16 18:00:00,43.75278901885786,0.0,0.0,3.6556800000000003
2025-11-16 18:30:00,43.88676281142823,0.0,0.0,4.18252
2025-11-16 19:00:00,42.66652693062501,0.0,0.0,4.47284
2025-11-16 19:30:00,39.028800958899936,0.0,0.0,4.661
2025-11-16 20:00:00,42.279035023850845,0.0,0.0,4.3223
2025-11-16 20:30:00,46.08282639443104,0.0,0.0,3.8707200000000004
2025-11-16 21:00:00,42.54825510659985,0.0,0.0,3.66644
2025-11-16 21:30:00,45.23483918602625,0.0,0.0,3.52666
2025-11-16 22:00:00,47.15936009327685,0.0,0.0,3.1933400000000005
2025-11-16 22:30:00,45.134315637316604,0.0,0.0,3.07508
2025-11-16 23:00:00,37.41837582995437,0.0,0.0,3.5374
2025-11-16 23:30:00,42.30902878827063,0.0,0.0,3.39764
2025-11-17 00:00:00,49.40227555472593,0.0,0.01076,3.03206
2025-11-17 00:30:00,45.05691791178231,0.0,0.0,4.17178
2025-11-17 01:00:00,40.55503736613041,0.0,0.0,4.0105
2025-11-17 01:30:00,42.44727032138005,0.0,0.0,4.02124
2025-11-17 02:00:00,41.07564730134817,0.0,0.0,3.89222
2025-11-17 02:30:00,44.530031756295635,0.0,0.0,3.79546
2025-11-17 03:00:00,44.20970351536814,0.0,0.0,3.13958
2025-11-17 03:30:00,44.80686897288728,0.0,0.0,2.5536
2025-11-17 04:00:00,49.12027297507588,0.0,0.0,2.59124
2025-11-17 04:30:00,45.84660944605155,0.0,0.0,4.44058
2025-11-17 05:00:00,46.48934870085399,0.0,0.0,4.55348
2025-11-17 05:30:00,42.38916245054431,0.0,0.0,4.44058
2025-11-17 06:00:00,42.49576871657148,0.0,0.0,4.22016
2025-11-17 06:30:00,44.07288083521666,0.0,0.0,4.58036
2025-11-17 07:00:00,50.56117362292455,0.0,0.0,3.6449200000000004
2025-11-17 07:30:00,54.20343004765554,0.0,0.13978,4.48358
2025-11-17 08:00:00,84.53252637555553,0.0,2.25792,0.15052
2025-11-17 08:30:00,104.61817322445364,0.0,4.76852,0.0
2025-11-17 09:00:00,124.29304933987093,0.0,10.04238,0.0
2025-11-17 09:30:00,120.77435371460443,0.0,9.04244,0.0
2025-11-17 10:00:00,130.07443905277265,0.0,9.30048,0.0
2025-11-17 10:30:00,137.7941911672665,0.0,8.97792,0.0
2025-11-17 11:00:00,144.9237236653456,0.0,10.21978,0.0
2025-11-17 11:30:00,151.94299837104998,0.0,9.9026,0.0
2025-11-17 12:00:00,148.32816968266047,0.0,9.81658,0.0
2025-11-17 12:30:00,138.13309849627737,0.0,11.0208,0.0
2025-11-17 13:00:00,135.11524877099058,0.0,10.709,0.0
2025-11-17 13:30:00,136.72809446792544,0.0,15.39686,0.0
2025-11-17 14:00:00,136.21923159580518,0.0,14.62272,0.0
2025-11-17 14:30:00,132.0639633125653,0.0,12.3648,0.0
2025-11-17 15:00:00,138.60247480566636,0.0,10.752,0.0
2025-11-17 15:30:00,143.07614749668699,0.0,12.24654,0.0
2025-11-17 16:00:00,143.90979469822292,0.0,14.2679,0.0
2025-11-17 16:30:00,146.87966711239542,0.0,14.33242,0.0
2025-11-17 17:00:00,128.2531727998526,0.0,14.04212,0.0
2025-11-17 17:30:00,122.47183826162566,0.0,6.9888,0.0
2025-11-17 18:00:00,90.84765354356422,0.0,1.8708400000000003,0.043
2025-11-17 18:30:00,81.36040688973664,0.0,1.51604,0.0
2025-11-17 19:00:00,68.87331157442884,0.0,0.2473,0.65588
2025-11-17 19:30:00,55.14013173924882,0.0,0.01076,2.35468
2025-11-17 20:00:00,58.64040459251786,0.0,0.0,2.52672
2025-11-17 20:30:00,54.17476687947016,0.0,0.0,2.65574
2025-11-17 21:00:00,48.7616837381624,0.0,0.0,2.59124
2025-11-17 21:30:00,42.026344858027166,0.0,0.01076,2.42996
2025-11-17 22:00:00,40.998415480477256,0.0,0.0,3.11808
2025-11-17 22:30:00,42.441774474470506,0.0,0.0,4.97818
2025-11-17 23:00:00,43.32273359320994,0.0,0.0,4.35456
2025-11-17 23:30:00,43.22125356824367,0.0,0.0,4.51584
2025-11-18 00:00:00,44.594894306081585,0.0,0.0,5.580279999999999
2025-11-18 00:30:00,48.345859397119945,0.0,0.0,5.80608
2025-11-18 01:00:00,42.478505687907244,0.0,0.0,5.2201
2025-11-18 01:30:00,42.87288902131228,0.0,0.0,5.4190000000000005
2025-11-18 02:00:00,41.442505916147425,0.0,0.0,5.18246
2025-11-18 02:30:00,42.5252488525516,0.0,0.0,4.87066
2025-11-18 03:00:00,42.560434353373275,0.0,0.0,5.16096
2025-11-18 03:30:00,44.744180377752656,0.0,0.0,5.03194
2025-11-18 04:00:00,43.46915649619921,0.0,0.0,4.92442
2025-11-18 04:30:00,46.10351032588651,0.0,0.0,4.75238
2025-11-18 05:00:00,43.45879958212238,0.0,0.0,4.8814
2025-11-18 05:30:00,41.4031011318445,0.0,0.0,5.209340000000001
2025-11-18 06:00:00,49.779333979314714,0.0,0.0,4.87066
2025-11-18 06:30:00,42.09623274266598,0.0,0.0,6.04262
2025-11-18 07:00:00,46.40845490227103,0.0,0.0,5.53728
2025-11-18 07:30:00,50.16949898862747,0.0,0.97844,3.7954599999999994
2025-11-18 08:00:00,87.62407090087183,0.0,13.81632,0.0215
2025-11-18 08:30:00,195.49645329283032,0.0,63.31853999999999,0.0
2025-11-18 09:00:00,208.52096266594066,0.0,72.12442,0.0
2025-11-18 09:30:00,221.89580434953163,0.0,77.8875,0.0
2025-11-18 10:00:00,221.17707753266706,0.0,76.17256,0.0
2025-11-18 10:30:00,229.59171912679656,0.0,76.32846,0.0
2025-11-18 11:00:00,214.51590688462647,0.0,75.95752,0.0
2025-11-18 11:30:00,228.86653501002104,0.0,77.36064,0.0
2025-11-18 12:00:00,256.32570895320475,0.0,79.86048,0.0
2025-11-18 12:30:00,259.6231155633669,0.0,81.73672,0.0
2025-11-18 13:00:00,254.38547216586565,0.0,85.03758,0.0
2025-11-18 13:30:00,225.40550889279456,0.0,87.5428,0.0
2025-11-18 14:00:00,232.53015077389284,0.0,85.2795,0.0
2025-11-18 14:30:00,226.76153959471984,0.0,81.70446,0.0
2025-11-18 15:00:00,228.6499404824637,0.0,81.95176,0.0
2025-11-18 15:30:00,225.3157931934135,0.0,82.46784,0.0
2025-11-18 16:00:00,255.5511192798234,0.0,83.46778,0.0
2025-11-18 16:30:00,246.62162917527655,0.0,80.70452,0.0
2025-11-18 17:00:00,242.43325438287647,0.0,80.29596,0.0
2025-11-18 17:30:00,246.47068871176452,0.0,76.08654,0.0
2025-11-18 18:00:00,219.26975425104354,0.0,59.9209,0.0
2025-11-18 18:30:00,161.1080169078325,0.0,49.84628,0.0
2025-11-18 19:00:00,147.39306240088982,0.0,42.45966000000001,0.0
2025-11-18 19:30:00,136.88226347741715,0.0,41.7339,0.0
2025-11-18 20:00:00,134.6534151139037,0.0,42.239239999999995,0.0
2025-11-18 20:30:00,131.4201094222992,0.0,43.43808,0.0
2025-11-18 21:00:00,130.22304478366104,0.0,42.07258,0.0
2025-11-18 21:30:00,122.13224620974731,0.0,39.00826,0.0
2025-11-18 22:00:00,115.0849328582457,0.0,32.73984,0.0
2025-11-18 22:30:00,70.03987661748623,0.0,5.25772,0.61286
2025-11-18 23:00:00,54.2579419634432,0.0,0.0,5.09644
2025-11-18 23:30:00,50.32000094750011,0.0,0.0,5.24698
2025-11-19 00:00:00,51.09766773698313,0.0,0.0,4.92442
2025-11-19 00:30:00,48.126283493970185,0.0,0.0,4.0535
2025-11-19 01:00:00,52.078947571089536,0.0,0.0,4.55348
2025-11-19 01:30:00,54.37946529736445,0.0,0.0,4.31156
2025-11-19 02:00:00,54.049444767743644,0.0,0.0,4.67174
2025-11-19 02:30:00,51.83413101473605,0.0,0.0,4.17178
2025-11-19 03:00:00,51.05450416553537,0.0,0.0,4.2793
2025-11-19 03:30:00,50.92720833207431,0.0,0.0,3.8922199999999996
2025-11-19 04:00:00,53.20048750094935,0.0,0.0,3.87072
2025-11-19 04:30:00,52.90832893899495,0.0,0.0,3.5589199999999996
2025-11-19 05:00:00,54.81903409492613,0.0,0.0,2.87078
2025-11-19 05:30:00,53.35482591749253,0.0,0.0,3.03206
2025-11-19 06:00:00,54.79093705135085,0.0,0.0,3.5266599999999997
2025-11-19 06:30:00,52.754111932472284,0.0,0.0,4.3223
2025-11-19 07:00:00,57.9853509255243,0.0,0.0,5.04268
2025-11-19 07:30:00,71.91513874832664,0.0,0.32794,4.50508
2025-11-19 08:00:00,99.3281726379379,0.0,16.88602,0.0
2025-11-19 08:30:00,181.3948683909471,0.0,74.3501,0.0
2025-11-19 09:00:00,231.6124716243497,0.0,71.96314,0.0
2025-11-19 09:30:00,228.47983088475377,0.0,77.23162,0.0
2025-11-19 10:00:00,212.98831516121743,0.0,114.4658,0.0
2025-11-19 10:30:00,228.61285818925538,0.0,79.55406,0.0
2025-11-19 11:00:00,251.12992455107056,0.0,79.26376,0.0
2025-11-19 11:30:00,246.82236901149534,0.0,81.24212,0.0
2025-11-19 12:00:00,240.76042619425698,0.0,80.51098,0.0
2025-11-19 12:30:00,264.66093513110667,0.0,80.99482,0.0
2025-11-19 13:00:00,236.08277707908354,0.0,78.05952,0.0
2025-11-19 13:30:00,224.71458168896973,0.0,75.32852,0.0
2025-11-19 14:00:00,235.0255286521846,0.0,74.55438,0.0
2025-11-19 14:30:00,256.9479973925057,0.0,71.9954,0.0
2025-11-19 15:00:00,261.22047068994004,0.0,74.56514,0.0
2025-11-19 15:30:00,259.66161385829145,0.0,78.53262,0.0
2025-11-19 16:00:00,242.67450589085203,0.0,86.52136,0.0
2025-11-19 16:30:00,231.9613318461651,0.0,75.95752,0.0
2025-11-19 17:00:00,218.90965761884522,0.0,74.69416,0.0
2025-11-19 17:30:00,220.8017555808654,0.0,74.82318,0.0
2025-11-19 18:00:00,185.58263269550315,0.0,58.74894,0.0
2025-11-19 18:30:00,159.29374423228734,0.0,42.19622,0.0
2025-11-19 19:00:00,144.07783818761482,0.0,42.12634,0.0
2025-11-19 19:30:00,138.9092224952548,0.0,43.1908,0.0
2025-11-19 20:00:00,139.52685909358067,0.0,43.40584,0.0
2025-11-19 20:30:00,123.22910384592002,0.0,43.66388,0.0
2025-11-19 21:00:00,119.06349151143651,0.0,41.578,0.0
2025-11-19 21:30:00,115.5677959986512,0.0,39.92218,0.0
2025-11-19 22:00:00,107.57186372313203,0.0,39.7179,0.0
2025-11-19 22:30:00,62.7116400646047,0.0,7.924220000000001,0.9891799999999998
2025-11-19 23:00:00,39.94223923174615,0.0,0.0,5.3545
2025-11-19 23:30:00,39.320938448087546,0.0,0.0,5.76308
2025-11-20 00:00:00,38.84991426590401,0.0,0.0,5.419
2025-11-20 00:30:00,40.93304988316609,0.0,0.0,5.04268
2025-11-20 01:00:00,38.88255535776507,0.0,0.0,4.73088
2025-11-20 01:30:00,42.66944673245502,0.0,0.0,4.33844
2025-11-20 02:00:00,42.79776528064299,0.0,0.0,4.8599
2025-11-20 02:30:00,41.24001251291232,0.0,0.0,4.44596
2025-11-20 03:00:00,43.402176599259214,0.0,0.0,4.5481
2025-11-20 03:30:00,40.1859587381831,0.0,0.0,3.77396
2025-11-20 04:00:00,42.68946558939378,0.0,0.0,3.25786
2025-11-20 04:30:00,43.88558183287655,0.0,0.01076,3.63418
2025-11-20 05:00:00,44.33315447841899,0.0,0.0,3.05356
2025-11-20 05:30:00,46.04151400681261,0.0,0.0,3.31162
2025-11-20 06:00:00,41.2890524124185,0.0,0.0,3.1933400000000005
2025-11-20 06:30:00,38.93621716386384,0.0,0.0,4.31156
2025-11-20 07:00:00,43.83774917489551,0.0,0.0,4.64486
2025-11-20 07:30:00,56.864685423247195,0.0,0.0,4.73088
2025-11-20 08:00:00,82.55033802914352,0.0,3.16108,1.43002
2025-11-20 08:30:00,188.2845308390538,0.0,64.15718,0.0
2025-11-20 09:00:00,199.2762627682272,0.0,69.5977,0.0
2025-11-20 09:30:00,224.0411838865086,0.0,69.8665,0.0
2025-11-20 10:00:00,204.09454674088505,0.0,73.84474,0.0
2025-11-20 10:30:00,228.94878260109647,0.0,74.65652,0.0
2025-11-20 11:00:00,253.45833343046417,0.0,73.24264,0.0
2025-11-20 11:30:00,229.54109782341155,0.0,73.76948,0.0
2025-11-20 12:00:00,232.9329956873117,0.0,74.21032,0.0
2025-11-20 12:30:00,223.22448162966677,0.0,76.48974,0.0
2025-11-20 13:00:00,208.87080478646237,0.0,77.89286,0.0
2025-11-20 13:30:00,215.06866613775767,0.0,78.41434,0.0
2025-11-20 14:00:00,210.02394267845736,0.0,77.23162,0.0
2025-11-20 14:30:00,218.10856521717582,0.0,77.89286,0.0
2025-11-20 15:00:00,257.83266940370373,0.0,80.48948,0.0
2025-11-20 15:30:00,248.70758684459778,0.0,83.25274,0.0
2025-11-20 16:00:00,246.5102798682222,0.0,81.72596,0.0
2025-11-20 16:30:00,243.2795771512848,0.0,81.0701,0.0
2025-11-20 17:00:00,230.54662521404703,0.0,80.81204,0.0
2025-11-20 17:30:00,238.30837888118546,0.0,77.19938,0.0
2025-11-20 18:00:00,200.93410076941643,0.0,68.98484,0.0
2025-11-20 18:30:00,205.00574691443362,0.0,57.63071999999999,0.0
2025-11-20 19:00:00,192.25460625116136,0.0,57.7275,0.0
2025-11-20 19:30:00,187.4522235734774,0.0,61.46918,0.0
2025-11-20 20:00:00,161.32769677582695,0.0,55.97492,0.0
2025-11-20 20:30:00,135.5606274849467,0.0,40.93824,0.0
2025-11-20 21:00:00,126.44506727609408,0.0,40.30926,0.0
2025-11-20 21:30:00,114.608438518818,0.0,39.94368,0.0
2025-11-20 22:00:00,105.23937975850312,0.0,42.30912,0.0
2025-11-20 22:30:00,57.05513956805547,0.0,7.601660000000001,0.0
2025-11-20 23:00:00,47.59454356474467,0.0,1.81708,0.0
2025-11-20 23:30:00,40.67383535268057,0.0,1.5805400000000003,0.0
2025-11-21 00:00:00,49.16122803899078,0.0,0.0,5.46202
2025-11-21 00:30:00,46.91161974075302,0.0,0.0,6.633980000000001
2025-11-21 01:00:00,44.182711349180444,0.0,0.0,6.12864
2025-11-21 01:30:00,42.829918166023795,0.0,0.0,5.419
2025-11-21 02:00:00,43.26574684479023,0.0,0.0,5.90284
2025-11-21 02:30:00,41.83964894209897,0.0,0.0,5.16096
2025-11-21 03:00:00,40.47278969326143,0.0,0.0,5.0857
2025-11-21 03:30:00,40.21050020975142,0.0,0.0,4.5911
2025-11-21 04:00:00,43.926867831930196,0.0,0.0,4.3223
2025-11-21 04:30:00,43.975439812081596,0.0,0.0,4.12876
2025-11-21 05:00:00,44.935398530828444,0.0,0.01076,3.70944
2025-11-21 05:30:00,45.91000017444797,0.0,0.0,4.10726
2025-11-21 06:00:00,43.71618197034034,0.0,0.0,4.10726
2025-11-21 06:30:00,43.92411830613928,0.0,0.0,5.03194
2025-11-21 07:00:00,51.35210847242221,0.0,0.0,4.77926
2025-11-21 07:30:00,56.22186088434942,0.0,0.41932,3.29012
2025-11-21 08:00:00,87.35062680526381,0.0,10.752,0.010760000000000002
2025-11-21 08:30:00,208.4994718279034,0.0,62.08205999999999,0.0
2025-11-21 09:00:00,203.1117572729997,0.0,62.13582,0.0
2025-11-21 09:30:00,201.01512356623815,0.0,58.566159999999996,0.0
2025-11-21 10:00:00,214.91353562297755,0.0,58.18984,0.0
2025-11-21 10:30:00,214.50419105081235,0.0,58.10382,0.0
2025-11-21 11:00:00,207.47810981375937,0.0,58.31886,0.0
2025-11-21 11:30:00,248.05379398652852,0.0,57.05012,0.0
2025-11-21 12:00:00,235.20116847782623,0.0,57.30816,0.0
2025-11-21 12:30:00,224.33639140670036,0.0,59.61984,0.0
2025-11-21 13:00:00,236.87654764021642,0.0,60.34024,0.0
2025-11-21 13:30:00,218.58696607860674,0.0,60.06068,0.0
2025-11-21 14:00:00,195.1365848838446,0.0,59.91015999999999,0.0
2025-11-21 14:30:00,231.58267821085747,0.0,59.51232,0.0
2025-11-21 15:00:00,227.39576849628796,0.0,60.74880000000001,0.0
2025-11-21 15:30:00,253.72277268697403,0.0,81.90874,0.0
2025-11-21 16:00:00,265.41974351084986,0.0,87.274,0.0
2025-11-21 16:30:00,246.69031277038496,0.0,87.8116,0.0
2025-11-21 17:00:00,243.2152661615727,0.0,86.05902,0.0
2025-11-21 17:30:00,246.18538656259403,0.0,85.93,0.0
2025-11-21 18:00:00,226.5600226535309,0.0,69.36116,0.0
2025-11-21 18:30:00,209.41333805289474,0.0,68.02254,0.0
2025-11-21 19:00:00,175.0752996390151,0.0,47.02926,0.0
2025-11-21 19:30:00,152.79754428051544,0.0,39.54586,0.0
2025-11-21 20:00:00,153.69864362505754,0.0,41.879039999999996,0.0
2025-11-21 20:30:00,144.72839058523516,0.0,41.69088,0.0
2025-11-21 21:00:00,121.41287170723174,0.0,40.5458,0.0
2025-11-21 21:30:00,117.84708252082646,0.0,42.50266,0.0
2025-11-21 22:00:00,124.54986764065762,0.0,35.64288,0.0
2025-11-21 22:30:00,63.20825871967642,0.0,7.74144,0.0
2025-11-21 23:00:00,53.30835870484886,0.0,0.8494,4.26854
2025-11-21 23:30:00,45.18751565222495,0.0,0.0,5.01044
2025-11-22 00:00:00,45.10660467599961,0.0,0.0,4.19328
2025-11-22 00:30:00,49.05699693890391,0.0,0.0,6.75226
2025-11-22 01:00:00,42.105776968060056,0.0,0.0,6.9888
2025-11-22 01:30:00,50.38283209057371,0.0,0.0,6.34368
2025-11-22 02:00:00,45.84846928390077,0.0,0.0,6.386680000000001
2025-11-22 02:30:00,42.735167736004236,0.0,0.0,6.332939999999999
2025-11-22 03:00:00,45.33497351265969,0.0,0.0,5.92436
2025-11-22 03:30:00,44.10505269752637,0.0,0.0,5.31686
2025-11-22 04:00:00,43.38445088150935,0.0,0.0,5.1502
2025-11-22 04:30:00,47.0482857897805,0.0,0.0,4.62336
2025-11-22 05:00:00,42.911651482239165,0.0,0.0,4.8814
2025-11-22 05:30:00,41.527815285624364,0.0,0.0,4.33844
2025-11-22 06:00:00,46.52325988488364,0.0,0.0,3.8062
2025-11-22 06:30:00,40.54015616384932,0.0,0.0,5.03194
2025-11-22 07:00:00,44.99204878565323,0.0,0.0,4.08576
2025-11-22 07:30:00,41.87823175782913,0.0,0.0,5.52652
2025-11-22 08:00:00,43.249275095806325,0.0,0.32794,4.5911
2025-11-22 08:30:00,122.6853680445734,0.0,40.4544,0.0
2025-11-22 09:00:00,113.64961482915855,0.0,43.008,0.0
2025-11-22 09:30:00,116.5891207137344,0.0,43.22304,0.0
2025-11-22 10:00:00,108.69635567555576,0.0,41.9328,0.0
2025-11-22 10:30:00,116.55720430135368,0.0,41.85754,0.0
2025-11-22 11:00:00,120.72970159505894,0.0,45.24442,0.0
2025-11-22 11:30:00,115.06642497719778,0.0,45.85728,0.0
2025-11-22 12:00:00,127.97761831454692,0.0,46.7927,0.0
2025-11-22 12:30:00,115.29245784552025,0.0,47.90016,0.0
2025-11-22 13:00:00,120.96625168381,0.0,48.69582,0.0
2025-11-22 13:30:00,117.7569793956112,0.0,47.70664,0.0
2025-11-22 14:00:00,130.96887018232854,0.0,48.14746,0.0
2025-11-22 14:30:00,127.68623393703815,0.0,45.54548,0.0
2025-11-22 15:00:00,132.40567032406892,0.0,47.10452,0.0
2025-11-22 15:30:00,130.03126321884054,0.0,46.92174,0.0
2025-11-22 16:00:00,118.66693066355741,0.0,46.98624,0.0
2025-11-22 16:30:00,121.72918682333176,0.0,45.83578,0.0
2025-11-22 17:00:00,120.86757413367012,0.0,46.5239,0.0
2025-11-22 17:30:00,120.51474488639025,0.0,48.48078,0.0
2025-11-22 18:00:00,118.6051000432821,0.0,49.26568,0.0
2025-11-22 18:30:00,124.58492921370328,0.0,48.49152,0.0
2025-11-22 19:00:00,84.87518974455806,0.0,25.43924,0.0
2025-11-22 19:30:00,59.32471656720236,0.0,8.54784,0.20428
2025-11-22 20:00:00,48.632402393693326,0.0,0.01076,2.48372
2025-11-22 20:30:00,50.091663848327904,0.0,0.0,2.16652
2025-11-22 21:00:00,41.45907118590447,0.0,0.0,2.9138
2025-11-22 21:30:00,46.6213373833805,0.0,0.0,3.54816
2025-11-22 22:00:00,40.35860919925565,0.0,0.0,4.51584
2025-11-22 22:30:00,45.01871151437434,0.0,0.0,4.38682
2025-11-22 23:00:00,47.45646977079176,0.0,0.0,4.63412
2025-11-22 23:30:00,46.112525138672105,0.0,0.0,3.90298
2025-11-23 00:00:00,43.822133133220134,0.0,0.0,4.32768
2025-11-23 00:30:00,39.71213239847014,0.0,0.0,4.90292
2025-11-23 01:00:00,44.78770994380117,0.0,0.0,4.37606
2025-11-23 01:30:00,42.51620476936913,0.0,0.0,3.68794
2025-11-23 02:00:00,43.79489675510396,0.0,0.0,4.23092
2025-11-23 02:30:00,40.913331102800825,0.0,0.0,3.7309400000000004
2025-11-23 03:00:00,45.75484825622241,0.0,0.0,3.5266600000000006
2025-11-23 03:30:00,46.39384748950957,0.0,0.0,3.1825999999999994
2025-11-23 04:00:00,43.30222934533219,0.0,0.0,2.90304
2025-11-23 04:30:00,41.36825046342228,0.0,0.0,3.4406399999999997
2025-11-23 05:00:00,40.29594308920286,0.0,0.0,2.731
2025-11-23 05:30:00,44.71313081104396,0.0,0.01076,2.67724
2025-11-23 06:00:00,44.03061786033545,0.0,0.0,2.65574
2025-11-23 06:30:00,41.68221613068508,0.0,0.0,2.25792
2025-11-23 07:00:00,43.70013585861466,0.0,0.0,3.2041
2025-11-23 07:30:00,43.31000327830158,0.0,0.0,2.4622
2025-11-23 08:00:00,46.32160255677219,0.0,2.9137999999999997,1.62356
2025-11-23 08:30:00,103.73630448827348,0.0,41.56724,0.0
2025-11-23 09:00:00,122.61549303135004,0.0,45.9648,0.0
2025-11-23 09:30:00,119.62154977143483,0.0,45.80352,0.0
2025-11-23 10:00:00,117.28634614198833,0.0,46.17984,0.0
2025-11-23 10:30:00,121.13726940689068,0.0,44.80358,0.0
2025-11-23 11:00:00,110.59783012536268,0.0,44.5993,0.0
2025-11-23 11:30:00,117.53790949857789,0.0,44.45952,0.0
2025-11-23 12:00:00,118.94534371926089,0.0,44.58856,0.0
2025-11-23 12:30:00,114.12467675958064,0.0,45.05088,0.0
2025-11-23 13:00:00,119.79202939681147,0.0,44.73908,0.0
2025-11-23 13:30:00,113.78113184583366,0.0,44.76058,0.0
2025-11-23 14:00:00,119.838167423186,0.0,42.35214,0.0
2025-11-23 14:30:00,118.55499276437469,0.0,40.80384,0.0
2025-11-23 15:00:00,99.35066069944955,0.0,42.35214,0.0
2025-11-23 15:30:00,115.28841224749324,0.0,35.36334,0.0
2025-11-23 16:00:00,75.29469756228639,0.0,25.8263,0.0
2025-11-23 16:30:00,50.446425563046255,0.0,1.8386,1.387
2025-11-23 17:00:00,45.64220922536836,0.0,0.0,3.94598
2025-11-23 17:30:00,42.03292252633975,0.0,0.0,3.89222
2025-11-23 18:00:00,39.00580867879349,0.0,0.0,3.6556799999999994
2025-11-23 18:30:00,40.26186381368037,0.0,0.0,4.18252
2025-11-23 19:00:00,45.34304594288797,0.0,0.0,4.47284
2025-11-23 19:30:00,38.867197311408354,0.0,0.0,4.661
2025-11-23 20:00:00,45.70659253115984,0.0,0.0,4.3223
2025-11-23 20:30:00,45.01864684039153,0.0,0.0,3.87072
2025-11-23 21:00:00,42.31886243487949,0.0,0.0,3.66644
2025-11-23 21:30:00,42.57224425961531,0.0,0.0,3.5266599999999997
2025-11-23 22:00:00,42.816085394035596,0.0,0.0,3.19334
2025-11-23 22:30:00,46.79231971295142,0.0,0.0,3.07508
2025-11-23 23:00:00,45.805602993434334,0.0,0.0,3.5374
2025-11-23 23:30:00,41.31226302340383,0.0,0.0,3.3976399999999995
2025-11-24 00:00:00,40.614157850667276,0.0,0.0,2.9567999999999994
2025-11-24 00:30:00,39.890178184038255,0.0,0.01076,2.71488
2025-11-24 01:00:00,39.320750678461586,0.0,0.0,2.60198
2025-11-24 01:30:00,39.72111921608737,0.0,0.0,2.92454
2025-11-24 02:00:00,38.14910701372149,0.0,0.0,4.62336
2025-11-24 02:30:00,42.22879860711379,0.0,0.0,4.5481
2025-11-24 03:00:00,36.33812360022146,0.0,0.0,4.92442
2025-11-24 03:30:00,38.43110443057549,0.0,0.0,4.26854
2025-11-24 04:00:00,38.96363682895068,0.0,0.0,3.9352399999999994
2025-11-24 04:30:00,40.959757631518315,0.0,0.0,3.38688
2025-11-24 05:00:00,35.865941830973256,0.0,0.0,3.91372
2025-11-24 05:30:00,37.3245696028537,0.0,0.0,3.4298799999999994
2025-11-24 06:00:00,35.53048254121081,0.0,0.0,3.82772
2025-11-24 06:30:00,37.624498487380514,0.0,0.0,5.053439999999999
2025-11-24 07:00:00,39.932734910423214,0.0,0.0,5.34374
2025-11-24 07:30:00,57.26892932843558,0.0,0.9891800000000001,2.9568
2025-11-24 08:00:00,98.70153276813517,0.0,12.82714,0.0215
2025-11-24 08:30:00,199.43903874807296,0.0,67.2699,0.0
2025-11-24 09:00:00,242.8916898670127,0.0,68.60852,0.0
2025-11-24 09:30:00,241.90172886994375,0.0,70.8987,0.0
2025-11-24 10:00:00,259.04934881604925,0.0,70.47938,0.0
2025-11-24 10:30:00,267.6983497758229,0.0,79.7906,0.0
2025-11-24 11:00:00,253.1633048894148,0.0,81.2475,0.0
2025-11-24 11:30:00,263.51323415684567,0.0,82.91944,0.0
2025-11-24 12:00:00,276.1266658603171,0.0,82.82266,0.0
2025-11-24 12:30:00,260.47297242092645,0.0,82.31732,0.0
2025-11-24 13:00:00,238.8381814243415,0.0,86.85466,0.0
2025-11-24 13:30:00,253.97506611075534,0.0,84.10214,0.0
2025-11-24 14:00:00,227.81231728451937,0.0,77.3714,0.0
2025-11-24 14:30:00,271.7458457819069,0.0,86.46760000000002,0.0
2025-11-24 15:00:00,265.50356804239175,0.0,82.82266,0.0
2025-11-24 15:30:00,261.50862577161996,0.0,80.81204,0.0
2025-11-24 16:00:00,254.96125710135203,0.0,80.00564,0.0
2025-11-24 16:30:00,259.26933259236415,0.0,75.83386,0.0
2025-11-24 17:00:00,272.8838993859202,0.0,77.24238,0.0
2025-11-24 17:30:00,254.36848243171735,0.0,79.34976,0.0
2025-11-24 18:00:00,232.98846828468956,0.0,70.78042,0.0
2025-11-24 18:30:00,206.39587408737196,0.0,59.98542,0.0
2025-11-24 19:00:00,170.01146707591693,0.0,50.70644,0.0
2025-11-24 19:30:00,96.00853777937249,0.0,19.19232,0.0
2025-11-24 20:00:00,68.32186352214336,0.0,0.8494,0.05376
2025-11-24 20:30:00,56.09607268281691,0.0,0.13978,0.86016
2025-11-24 21:00:00,43.44328290679512,0.0,0.01076,2.13964
2025-11-24 21:30:00,49.61556845635356,0.0,0.01076,1.39776
2025-11-24 22:00:00,47.130034385959696,0.0,0.13978,1.26874
2025-11-24 22:30:00,44.61424013125132,0.0,0.0,3.87072
2025-11-24 23:00:00,37.08301901385475,0.0,0.0,4.29004
2025-11-24 23:30:00,42.953094445958016,0.0,0.0,4.08576
2025-11-25 00:00:00,48.58254243392855,0.0,0.0,4.3008
2025-11-25 00:30:00,49.251347450562896,0.0,0.0,4.20404
2025-11-25 01:00:00,50.179644652410786,0.0,0.0,3.7416999999999994
2025-11-25 01:30:00,42.249263472583955,0.0,0.0,4.0535
2025-11-25 02:00:00,48.54643025291586,0.0,0.0,3.5051599999999996
2025-11-25 02:30:00,47.857412851838255,0.0,0.0,5.9566
2025-11-25 03:00:00,42.90373580187214,0.0,0.0,5.50502
2025-11-25 03:30:00,46.37353013933763,0.0,0.0,5.20396
2025-11-25 04:00:00,46.8069246637365,0.0,0.0,4.77926
2025-11-25 04:30:00,46.06858131484241,0.0,0.0,4.46208
2025-11-25 05:00:00,42.775529221794294,0.0,0.0,4.3223
2025-11-25 05:30:00,46.99309371801623,0.0,0.0,4.0105
2025-11-25 06:00:00,45.97448345449766,0.0,0.0,4.69862
2025-11-25 06:30:00,46.31789570333689,0.0,0.0,4.96742
2025-11-25 07:00:00,48.62028633441502,0.0,0.0,5.3545
2025-11-25 07:30:00,57.80971193163065,0.0,0.0,4.84916
2025-11-25 08:00:00,112.48720351968186,0.0,16.1065,0.49460000000000004
2025-11-25 08:30:00,212.28295267912117,0.0,68.458,0.0
2025-11-25 09:00:00,214.5797153677073,0.0,65.54958,0.0
2025-11-25 09:30:00,224.18736609511433,0.0,67.4258,0.0
2025-11-25 10:00:00,242.07465251282088,0.0,75.43604,0.0
2025-11-25 10:30:00,219.3891103243884,0.0,67.61934,0.0
2025-11-25 11:00:00,267.8901854546653,0.0,94.06926,0.0
2025-11-25 11:30:00,265.0844083764778,0.0,95.8971,0.0
2025-11-25 12:00:00,254.44303481779738,0.0,73.0921,0.0
2025-11-25 12:30:00,265.5000067854722,0.0,95.61756,0.0
2025-11-25 13:00:00,227.95853312572854,0.0,97.44538,0.0
2025-11-25 13:30:00,222.01609893140994,0.0,98.5851,0.0
2025-11-25 14:00:00,249.39056086133874,0.0,95.88634,0.0
2025-11-25 14:30:00,255.075398956757,0.0,104.96104,0.0
2025-11-25 15:00:00,250.90861441373465,0.0,87.12884,0.0
2025-11-25 15:30:00,240.94241069871626,0.0,78.25306,0.0
2025-11-25 16:00:00,256.7754612667714,0.0,78.72616,0.0
2025-11-25 16:30:00,259.5520846190204,0.0,77.98426,0.0
2025-11-25 17:00:00,256.9698597554897,0.0,77.00582,0.0
2025-11-25 17:30:00,240.1237431271152,0.0,76.23168,0.0
2025-11-25 18:00:00,188.6866304880612,0.0,71.89864,0.0
2025-11-25 18:30:00,207.1282903941972,0.0,65.54958,0.0
2025-11-25 19:00:00,194.11460246711985,0.0,61.802499999999995,0.0
2025-11-25 19:30:00,132.97829968434792,0.0,29.46048,0.0
2025-11-25 20:00:00,83.10709097478953,0.0,2.1289,0.0
2025-11-25 20:30:00,76.8264734483798,0.0,0.5161,0.5376
2025-11-25 21:00:00,62.35385221779896,0.0,0.16128,0.75264
2025-11-25 21:30:00,61.608260319989455,0.0,0.2258,0.4946
2025-11-25 22:00:00,50.57956249438966,0.0,0.12902,0.8279
2025-11-25 22:30:00,50.64435233472941,0.0,0.19354,0.63436
2025-11-25 23:00:00,49.91642324902774,0.0,0.2903,0.32256
2025-11-25 23:30:00,44.44492334255738,0.0,0.01076,3.17184
2025-11-26 00:00:00,44.17819192752212,0.0,0.08602,1.20422
2025-11-26 00:30:00,47.434588003725935,0.0,0.0,3.6126799999999997
2025-11-26 01:00:00,41.76111108591398,0.0,0.0,3.79546
2025-11-26 01:30:00,44.381722713912744,0.0,0.0,4.65562
2025-11-26 02:00:00,42.865732853635826,0.0,0.0,5.451260000000001
2025-11-26 02:30:00,44.33512127965665,0.0,0.0,5.67706
2025-11-26 03:00:00,44.212594114993955,0.0,0.0,5.537279999999999
2025-11-26 03:30:00,47.871316687309644,0.0,0.0,4.97818
2025-11-26 04:00:00,45.9969685703876,0.0,0.0,5.1287
2025-11-26 04:30:00,42.20239231800027,0.0,0.0,4.76852
2025-11-26 05:00:00,45.64792533470366,0.0,0.0,4.94592
2025-11-26 05:30:00,44.07306245353843,0.0,0.0,4.38682
2025-11-26 06:00:00,43.88284931565216,0.0,0.0,4.5481
2025-11-26 06:30:00,44.9027970417642,0.0,0.0,5.59104
2025-11-26 07:00:00,50.092005576854454,0.0,0.0,5.13946
2025-11-26 07:30:00,66.37562054637755,0.0,1.29024,2.67724
2025-11-26 08:00:00,97.90720155201848,0.0,17.4505,0.0
2025-11-26 08:30:00,190.32708761608507,0.0,68.46874,0.0
2025-11-26 09:00:00,224.44141654536057,0.0,73.93076,0.0
2025-11-26 09:30:00,236.964595166859,0.0,85.22036,0.0
2025-11-26 10:00:00,255.4308914451895,0.0,83.42478,0.0
2025-11-26 10:30:00,243.23960785473614,0.0,73.24264,0.0
2025-11-26 11:00:00,252.10947047387538,0.0,71.10298,0.0
2025-11-26 11:30:00,259.7949148126975,0.0,72.51686,0.0
2025-11-26 12:00:00,226.5455009102332,0.0,75.97364,0.0
2025-11-26 12:30:00,242.02829312983053,0.0,78.81754,0.0
2025-11-26 13:00:00,224.95119031351686,0.0,77.71546,0.0
2025-11-26 13:30:00,228.73351626603625,0.0,80.89806,0.0
2025-11-26 14:00:00,229.68957599372644,0.0,77.02734,0.0
2025-11-26 14:30:00,231.71192190618333,0.0,76.5865,0.0
2025-11-26 15:00:00,240.77868019909616,0.0,78.9627,0.0
2025-11-26 15:30:00,258.78053646609817,0.0,79.14548,0.0
2025-11-26 16:00:00,240.19365880814576,0.0,74.04904,0.0
2025-11-26 16:30:00,268.5243717988661,0.0,75.7801,0.0
2025-11-26 17:00:00,240.04838625665076,0.0,73.79098,0.0
2025-11-26 17:30:00,274.0191985294937,0.0,69.5977,0.0
2025-11-26 18:00:00,204.07306080780987,0.0,59.63060000000001,0.0
2025-11-26 18:30:00,207.47707792682024,0.0,61.673480000000005,0.0
2025-11-26 19:00:00,169.2324637574109,0.0,57.03936,0.0
2025-11-26 19:30:00,140.82957546462347,0.0,30.0626,0.0
2025-11-26 20:00:00,101.49780662896778,0.0,2.69876,0.20428
2025-11-26 20:30:00,86.33647529471793,0.0,0.08601999999999999,1.17196
2025-11-26 21:00:00,71.62691802152833,0.0,0.010760000000000002,2.4192
2025-11-26 21:30:00,70.7487951370092,0.0,0.0,2.4622000000000006
2025-11-26 22:00:00,65.13238646770984,0.0,0.0,2.26868
2025-11-26 22:30:00,66.46016469260674,0.0,0.0,5.1502
2025-11-26 23:00:00,59.19491470716028,0.0,0.0,5.19322
2025-11-26 23:30:00,54.34939817432708,0.0,0.0,5.18246
2025-11-27 00:00:00,51.362329776924454,0.0,0.0,2.83852
2025-11-27 00:30:00,45.248863030924674,0.0,0.0,4.5911
2025-11-27 01:00:00,47.813568771066244,0.0,0.0,4.35456
2025-11-27 01:30:00,45.03952450941531,0.0,0.0,4.9943
2025-11-27 02:00:00,47.9636799444717,0.0,0.0,4.98892
2025-11-27 02:30:00,45.52124017890722,0.0,0.0,4.76314
2025-11-27 03:00:00,41.95379858193484,0.0,0.0,4.90292
2025-11-27 03:30:00,44.15679211396213,0.0,0.0,4.075
2025-11-27 04:00:00,43.88965881308777,0.0,0.0,4.51584
2025-11-27 04:30:00,43.56583862184186,0.0,0.0,3.87072
2025-11-27 05:00:00,48.019416248614036,0.0,0.0,3.85996
2025-11-27 05:30:00,45.57665790561206,0.0,0.0,3.77396
2025-11-27 06:00:00,51.68132511243139,0.0,0.0,3.97824
2025-11-27 06:30:00,40.635700711584036,0.0,0.0,4.96742
2025-11-27 07:00:00,51.78979327433623,0.0,0.0,4.6126
2025-11-27 07:30:00,55.416150687974884,0.0,1.64506,2.03212
2025-11-27 08:00:00,92.2953441798901,0.0,10.47246,0.0
2025-11-27 08:30:00,204.29026254325578,0.0,76.23168,0.0
2025-11-27 09:00:00,192.7248716532187,0.0,75.07584,0.0
2025-11-27 09:30:00,236.5301242355694,0.0,75.99514,0.0
2025-11-27 10:00:00,260.582254365262,0.0,74.9952,0.0
2025-11-27 10:30:00,234.88333648716267,0.0,76.03816,0.0
2025-11-27 11:00:00,248.1402303121385,0.0,81.55394,0.0
2025-11-27 11:30:00,259.57766744598706,0.0,87.71482,0.0
2025-11-27 12:00:00,248.54004110908366,0.0,90.68238,0.0
2025-11-27 12:30:00,240.54195086248498,0.0,91.8221,0.0
2025-11-27 13:00:00,213.87090609214448,0.0,85.10208,0.0
2025-11-27 13:30:00,236.35636223392058,0.0,79.88736,0.0
2025-11-27 14:00:00,232.47168985705667,0.0,78.62938,0.0
2025-11-27 14:30:00,229.90535050032315,0.0,81.37652,0.0
2025-11-27 15:00:00,249.12059973344574,0.0,86.01602,0.0
2025-11-27 15:30:00,239.26416734419115,0.0,83.88712,0.0
2025-11-27 16:00:00,241.34077280621827,0.0,85.04834,0.0
2025-11-27 16:30:00,247.2819848550187,0.0,81.52168,0.0
2025-11-27 17:00:00,222.90166277011048,0.0,82.87642,0.0
2025-11-27 17:30:00,250.39166362029042,0.0,82.0055,0.0
2025-11-27 18:00:00,199.46694314785526,0.0,77.80686,0.0
2025-11-27 18:30:00,187.47196734160158,0.0,71.9954,0.0
2025-11-27 19:00:00,207.59939269593164,0.0,70.1568,0.0
2025-11-27 19:30:00,134.0691506403483,0.0,29.64326,0.0215
2025-11-27 20:00:00,93.45480455932372,0.0,0.32256,0.47308
2025-11-27 20:30:00,80.97963125916519,0.0,0.10752,1.0322
2025-11-27 21:00:00,70.63246077519607,0.0,0.15052,0.73114
2025-11-27 21:30:00,59.608320710219914,0.0,0.35482,0.25804
2025-11-27 22:00:00,47.40369504544482,0.0,0.21504,1.45152
2025-11-27 22:30:00,47.46750520080093,0.0,0.0,3.27936
2025-11-27 23:00:00,47.632330796241554,0.0,0.0,2.82778
2025-11-27 23:30:00,45.14258397604222,0.0,0.0,5.1287
2025-11-28 00:00:00,46.70941367240613,0.0,0.66124,0.70964
2025-11-28 00:30:00,40.78242666694427,0.0,0.32256,0.40858
2025-11-28 01:00:00,46.953884261117594,0.0,0.39781999999999995,0.25804
2025-11-28 01:30:00,44.62938537789907,0.0,0.17204,0.7849000000000002
2025-11-28 02:00:00,44.59707918689027,0.0,0.19354,0.52684
2025-11-28 02:30:00,40.75606415010719,0.0,0.15052,0.69888
2025-11-28 03:00:00,45.933377280847886,0.0,0.2688,0.35482
2025-11-28 03:30:00,39.33117752664688,0.0,0.2688,0.2903
2025-11-28 04:00:00,46.38231216258036,0.0,0.5806,0.05376
2025-11-28 04:30:00,41.69473259223658,0.0,0.73114,0.0
2025-11-28 05:00:00,44.98059312946908,0.0,0.56448,0.03226
2025-11-28 05:30:00,45.21948865359722,0.0,0.8279,0.01076
2025-11-28 06:00:00,47.27709313589923,0.0,0.59136,0.05376
2025-11-28 06:30:00,44.75053942359974,0.0,0.4946,0.03226
2025-11-28 07:00:00,46.81538613207199,0.0,0.30106,0.5806
2025-11-28 07:30:00,56.77498495537752,0.0,1.78484,0.8279
2025-11-28 08:00:00,97.11799388715389,0.0,13.483019999999998,0.01076
2025-11-28 08:30:00,192.07113118287134,0.0,68.37198,0.0
2025-11-28 09:00:00,214.0995516476519,0.0,71.57608,0.0
2025-11-28 09:30:00,223.9373946624806,0.0,72.49,0.0
2025-11-28 10:00:00,211.4312620498156,0.0,71.44706,0.0
2025-11-28 10:30:00,241.4023705748436,0.0,72.2212,0.0
2025-11-28 11:00:00,224.30548707049286,0.0,71.69434,0.0
2025-11-28 11:30:00,265.9410035924549,0.0,78.01652,0.0
2025-11-28 12:00:00,264.0751341783439,0.0,80.64002,0.0
2025-11-28 12:30:00,280.85466429086216,0.0,79.51104,0.0
2025-11-28 13:00:00,181.9688824066597,0.0,54.845960000000005,0.0
2025-11-28 13:30:00,187.20787107840388,0.0,49.77102,0.0
2025-11-28 14:00:00,203.483619514893,0.0,51.480579999999996,0.0
2025-11-28 14:30:00,208.15108650550667,0.0,51.16878,0.0
2025-11-28 15:00:00,247.929240989704,0.0,75.29088,0.0
2025-11-28 15:30:00,277.85544833466435,0.0,80.44648,0.0
2025-11-28 16:00:00,278.30301856531395,0.0,81.52168,0.0
2025-11-28 16:30:00,273.4873203673329,0.0,79.5218,0.0
2025-11-28 17:00:00,252.4145700052931,0.0,79.01646,0.0
2025-11-28 17:30:00,245.89663617887913,0.0,75.61882,0.0
2025-11-28 18:00:00,199.2867312224593,0.0,68.42574,0.0
2025-11-28 18:30:00,200.37801017257675,0.0,62.55514000000001,0.0
2025-11-28 19:00:00,126.51751201712108,0.0,18.13862,0.0
2025-11-28 19:30:00,108.02601742270187,0.0,10.49396,0.0
2025-11-28 20:00:00,87.66708622791921,0.0,3.6771800000000003,0.0
2025-11-28 20:30:00,92.2756076732889,0.0,3.9352400000000003,0.0
2025-11-28 21:00:00,71.35371829701334,0.0,3.77396,0.0
2025-11-28 21:30:00,60.86625787891302,0.0,2.79552,0.0
2025-11-28 22:00:00,59.18918828746559,0.0,1.9031,0.0
2025-11-28 22:30:00,50.73574944455332,0.0,0.9246800000000001,0.0
2025-11-28 23:00:00,50.78225102025715,0.0,1.32788,0.0
2025-11-28 23:30:00,50.734581826792464,0.0,1.0967,0.01076
2025-11-29 00:00:00,39.97611302519237,0.0,0.0,4.13952
2025-11-29 00:30:00,48.05562601565482,0.0,0.0,3.48364
2025-11-29 01:00:00,42.981694114768786,0.0,0.0,3.2471
2025-11-29 01:30:00,46.98013360983819,0.0,0.0,2.56972
2025-11-29 02:00:00,43.35780791236908,0.0,0.0,3.41914
2025-11-29 02:30:00,42.959817386733135,0.0,0.0,5.4351400000000005
2025-11-29 03:00:00,46.892915600722695,0.0,0.0,5.419
2025-11-29 03:30:00,44.12407677352547,0.0,0.0,5.48352
2025-11-29 04:00:00,47.94356231592101,0.0,0.0,4.90292
2025-11-29 04:30:00,48.685373596797945,0.0,0.0,4.60186
2025-11-29 05:00:00,46.407891973332184,0.0,0.0,5.02118
2025-11-29 05:30:00,48.12116951347063,0.0,0.0,4.0535
2025-11-29 06:00:00,51.34042903935251,0.0,0.0,4.5481
2025-11-29 06:30:00,44.45004917030806,0.0,0.01076,4.60186
2025-11-29 07:00:00,46.67597116704189,0.0,0.0,4.7954
2025-11-29 07:30:00,47.37840245540607,0.0,0.18278,4.9943
2025-11-29 08:00:00,57.19956452458108,0.0,3.7094399999999994,0.32256
2025-11-29 08:30:00,125.94291147627624,0.0,65.94202,0.0
2025-11-29 09:00:00,137.1730499932583,0.0,70.22132,0.0
2025-11-29 09:30:00,153.17250397729896,0.0,73.28564,0.0
2025-11-29 10:00:00,144.94945016437111,0.0,73.5867,0.0
2025-11-29 10:30:00,142.77139207716118,0.0,74.1243,0.0
2025-11-29 11:00:00,140.9261703391153,0.0,73.02222,0.0
2025-11-29 11:30:00,141.51618829963775,0.0,74.9952,0.0
2025-11-29 12:00:00,144.36489012557695,0.0,73.15662,0.0
2025-11-29 12:30:00,139.44596217209923,0.0,73.81786,0.0
2025-11-29 13:00:00,144.01578719646398,0.0,75.66184,0.0
2025-11-29 13:30:00,145.3154190731212,0.0,75.29088,0.0
2025-11-29 14:00:00,141.55972036969473,0.0,74.25332,0.0
2025-11-29 14:30:00,150.13066121624757,0.0,72.36096,0.0
2025-11-29 15:00:00,166.60931312634335,0.0,73.75872,0.0
2025-11-29 15:30:00,130.36214944601414,0.0,74.26408,0.0
2025-11-29 16:00:00,145.43624189330964,0.0,73.00608,0.0
2025-11-29 16:30:00,137.8136078545901,0.0,72.88782000000002,0.0
2025-11-29 17:00:00,146.70195929155523,0.0,73.00608,0.0
2025-11-29 17:30:00,141.60037002281925,0.0,73.03834,0.0
2025-11-29 18:00:00,146.95729833794604,0.0,73.99528,0.0
2025-11-29 18:30:00,150.65557100444124,0.0,73.64046,0.0
2025-11-29 19:00:00,94.22462865634928,0.0,37.9223,0.0
2025-11-29 19:30:00,62.44259836419059,0.0,12.3648,0.0
2025-11-29 20:00:00,42.0756968817981,0.0,3.5804200000000006,1.4730200000000002
2025-11-29 20:30:00,48.70946980882456,0.0,0.0,1.79558
2025-11-29 21:00:00,45.98959252245781,0.0,0.01076,2.22028
2025-11-29 21:30:00,45.76762030581553,0.0,0.0,4.2578
2025-11-29 22:00:00,40.37055494438069,0.0,0.0,3.79546
2025-11-29 22:30:00,42.27904647622882,0.0,0.0,3.2901200000000004
2025-11-29 23:00:00,44.09415369449254,0.0,0.0,3.29012
2025-11-29 23:30:00,43.00504860063563,0.0,0.0,3.35462
2025-11-30 00:00:00,45.62299941950814,0.0,0.0,3.7847
2025-11-30 00:30:00,40.002023098329026,0.0,0.0,3.69868
2025-11-30 01:00:00,40.96204813038124,0.0,0.01076,3.58042
2025-11-30 01:30:00,47.54928815406005,0.0,0.0,2.71488
2025-11-30 02:00:00,42.56598364947524,0.0,0.0,3.73094
2025-11-30 02:30:00,45.61310259741687,0.0,0.0,3.2471
2025-11-30 03:00:00,43.886807533640976,0.0,0.0,3.17184
2025-11-30 03:30:00,43.4801842171578,0.0,0.0,4.69862
2025-11-30 04:00:00,45.82022907642107,0.0,0.0,4.87066
2025-11-30 04:30:00,42.82750855705084,0.0,0.0,4.41908
2025-11-30 05:00:00,39.209414440808544,0.0,0.0,4.33844
2025-11-30 05:30:00,42.1677872948816,0.0,0.0,3.99974
2025-11-30 06:00:00,45.304743753139135,0.0,0.0,4.0535
2025-11-30 06:30:00,45.061224934548676,0.0,0.0,3.96748
2025-11-30 07:00:00,40.03958796402464,0.0,0.0,3.67718
2025-11-30 07:30:00,39.33729338791497,0.0,0.0,4.62336
2025-11-30 08:00:00,45.938719511214266,0.0,1.69882,1.76332
2025-11-30 08:30:00,95.76847466188293,0.0,33.50324,0.0
2025-11-30 09:00:00,108.94123308740316,0.0,45.66374,0.0
2025-11-30 09:30:00,111.70467959022494,0.0,43.30906,0.0
2025-11-30 10:00:00,112.18350105426386,0.0,43.01338,0.0
2025-11-30 10:30:00,120.1041632041449,0.0,42.35214,0.0
2025-11-30 11:00:00,121.5078826434189,0.0,41.621,0.0
2025-11-30 11:30:00,116.01812574585291,0.0,42.15322,0.0
2025-11-30 12:00:00,114.96255009501914,0.0,42.90048,0.0
2025-11-30 12:30:00,118.66107027637587,0.0,43.07252,0.0
2025-11-30 13:00:00,114.68171322739991,0.0,43.7929,0.0
2025-11-30 13:30:00,111.57108757386467,0.0,43.44884,0.0
2025-11-30 14:00:00,112.16249239084546,0.0,42.14784,0.0
2025-11-30 14:30:00,113.91769823745541,0.0,41.98656,0.0
2025-11-30 15:00:00,111.01235344494653,0.0,41.3307,0.0
2025-11-30 15:30:00,120.959099388873,0.0,42.81448,0.0
2025-11-30 16:00:00,114.76351401883588,0.0,38.87924,0.0
2025-11-30 16:30:00,56.38738734146537,0.0,12.24654,0.0
2025-11-30 17:00:00,43.29695637154113,0.0,0.87092,3.85996
2025-11-30 17:30:00,40.94125774431856,0.0,0.0,4.90292
2025-11-30 18:00:00,42.03156521573948,0.0,0.0,4.44596
2025-11-30 18:30:00,41.61931663549146,0.0,0.0,4.22016
2025-11-30 19:00:00,38.03533230669073,0.0,0.0,4.58036
2025-11-30 19:30:00,39.92307344623417,0.0,0.0,4.44058
2025-11-30 20:00:00,44.12188442440022,0.0,0.0,2.20416
2025-11-30 20:30:00,46.026463714155526,0.0,0.01076,2.1289
2025-11-30 21:00:00,39.401659143923865,0.0,0.0,1.81708
2025-11-30 21:30:00,43.78022112570455,0.0,0.0,3.04282
2025-11-30 22:00:00,45.722695771536664,0.0,0.0,3.67718
2025-11-30 22:30:00,42.577685405071556,0.0,0.0,3.85996
2025-11-30 23:00:00,44.22579856781901,0.0,0.0,3.88148
2025-11-30 23:30:00,41.60723390636265,0.0,0.0,3.85996
2025-12-01 00:00:00,37.64987241549123,0.0,0.0,1.97836
2025-12-01 00:30:00,42.16512849582762,0.0,0.043,1.52678
2025-12-01 01:00:00,40.2175661689066,0.0,0.0,4.32768
2025-12-01 01:30:00,40.03719743157897,0.0,0.0,3.2686
2025-12-01 02:00:00,40.195018475162186,0.0,0.01076,3.2041
2025-12-01 02:30:00,39.569998438817684,0.0,0.0,2.7310000000000003
2025-12-01 03:00:00,38.463315946361924,0.0,0.0,3.01056
2025-12-01 03:30:00,39.943203786449814,0.0,0.0,2.9030400000000003
2025-12-01 04:00:00,38.65653376727956,0.0,0.0,2.32244
2025-12-01 04:30:00,41.18458437530665,0.0,0.010759999999999999,2.06438
2025-12-01 05:00:00,38.98926947741306,0.0,0.0,2.76326
2025-12-01 05:30:00,41.695003404491175,0.0,0.0,4.93516
2025-12-01 06:00:00,37.49665419250743,0.0,0.0,4.945919999999999
2025-12-01 06:30:00,39.13197752046445,0.0,0.0,4.7954
2025-12-01 07:00:00,38.73893854091893,0.0,0.0,5.40826
2025-12-01 07:30:00,41.37329590329598,0.0,0.0,4.8814
2025-12-01 08:00:00,45.58590734344716,0.0,0.08602,1.9461199999999999
2025-12-01 08:30:00,44.96479060787242,0.0,0.01076,2.88154
2025-12-01 09:00:00,51.38502105789105,0.0,0.0,4.06426
2025-12-01 09:30:00,45.20145769610046,0.0,0.01076,2.13964
2025-12-01 10:00:00,53.76981031508218,0.0,0.043,1.6558
2025-12-01 10:30:00,59.87057186479096,0.0,0.03226,1.70956
2025-12-01 11:00:00,54.52898314830695,0.0,0.0,2.45146
2025-12-01 11:30:00,55.506884566090264,0.0,0.0215,1.8923600000000003
2025-12-01 12:00:00,57.040837936698175,0.0,0.03226,1.47302
2025-12-01 12:30:00,58.41274254358192,0.0,0.10752,0.90316
2025-12-01 13:00:00,43.71452584530771,0.0,0.15052,0.8171599999999999
2025-12-01 13:30:00,43.38923812164326,0.0,0.07526,0.9569200000000001
2025-12-01 14:00:00,48.511163966584945,0.0,0.13978,0.72038
2025-12-01 14:30:00,46.087258602469,0.0,0.10752,0.99994
2025-12-01 15:00:00,49.33671403969892,0.0,0.0,1.8601
2025-12-01 15:30:00,48.07955112653464,0.0,0.08602,1.02144
2025-12-01 16:00:00,44.37179427146153,0.0,0.12902,0.75264
2025-12-01 16:30:00,45.39698325811744,0.0,0.0215,1.49452
2025-12-01 17:00:00,41.64259811454711,0.0,0.0215,1.4945200000000003
2025-12-01 17:30:00,48.17337421846949,0.0,0.4623399999999999,0.35482
2025-12-01 18:00:00,43.514825470191106,0.0,0.21504,0.65588
2025-12-01 18:30:00,40.170430750728244,0.0,0.0,3.3653800000000005
2025-12-01 19:00:00,43.333151785792566,0.0,0.01076,3.4944
2025-12-01 19:30:00,43.489753415490355,0.0,0.0,3.10732
2025-12-01 20:00:00,40.62913823634591,0.0,0.0,3.63418
2025-12-01 20:30:00,37.324482762890284,0.0,0.0,3.36538
2025-12-01 21:00:00,41.35229072522854,0.0,0.0,3.4729
2025-12-01 21:30:00,42.02949325972371,0.0,0.0,3.15034
2025-12-01 22:00:00,41.34466638486468,0.0,0.0,3.42988
2025-12-01 22:30:00,42.712864021520986,0.0,0.0,4.67174
2025-12-01 23:00:00,37.663785023517676,0.0,0.0,4.94592
2025-12-01 23:30:00,44.75773740472535,0.0,0.0,4.75238
2025-12-02 00:00:00,41.75606132138624,0.0,0.0,3.58042
2025-12-02 00:30:00,47.06744151977869,0.0,0.0,3.07508
2025-12-02 01:00:00,53.111431124436166,0.0,0.0,3.09658
2025-12-02 01:30:00,47.78630102063461,0.0,0.0,3.15034
2025-12-02 02:00:00,51.63948671019929,0.0,0.01076,2.23642
2025-12-02 02:30:00,46.26640902953161,0.0,0.0,2.40844
2025-12-02 03:00:00,53.323415923256896,0.0,0.0,2.51596
2025-12-02 03:30:00,50.02487739425949,0.0,0.0,3.56966
2025-12-02 04:00:00,50.466398918145586,0.0,0.0,3.89222
2025-12-02 04:30:00,54.68291064296548,0.0,0.0,3.5159000000000002
2025-12-02 05:00:00,54.25359441012047,0.0,0.0,3.05356
2025-12-02 05:30:00,49.833273474129356,0.0,0.0,2.9353
2025-12-02 06:00:00,47.748056026633435,0.0,0.0,3.34388
2025-12-02 06:30:00,51.14312835815743,0.0,0.0,3.4621400000000007
2025-12-02 07:00:00,58.43668272195154,0.0,0.12902,4.16102
2025-12-02 07:30:00,76.0015301676844,0.0,1.47302,0.32794
2025-12-02 08:00:00,95.81961030068351,0.0,7.85972,0.03226
2025-12-02 08:30:00,201.37352958018482,0.0,60.60904,0.0
2025-12-02 09:00:00,207.99563242632485,0.0,68.56552,0.0
2025-12-02 09:30:00,252.87453056681744,0.0,66.36136,0.0
2025-12-02 10:00:00,231.2665386893106,0.0,68.67304,0.0
2025-12-02 10:30:00,246.5034744406054,0.0,68.8128,0.0
2025-12-02 11:00:00,242.01435206818252,0.0,80.73678,0.0
2025-12-02 11:30:00,251.93151853983517,0.0,80.62926,0.0
2025-12-02 12:00:00,225.52666908043466,0.0,80.8013,0.0
2025-12-02 12:30:00,229.1299215667429,0.0,86.1988,0.0
2025-12-02 13:00:00,251.95192465844696,0.0,87.86536,0.0
2025-12-02 13:30:00,244.15576389255932,0.0,86.99982,0.0
2025-12-02 14:00:00,231.96293491582094,0.0,85.19348,0.0
2025-12-02 14:30:00,222.28612223741794,0.0,81.41952,0.0
2025-12-02 15:00:00,219.3955298927844,0.0,77.22088,0.0
2025-12-02 15:30:00,214.4791836657538,0.0,72.0384,0.0
2025-12-02 16:00:00,209.86524790571778,0.0,70.44712,0.0
2025-12-02 16:30:00,233.70724255647718,0.0,72.09218,0.0
2025-12-02 17:00:00,253.1892030632133,0.0,72.90932,0.0
2025-12-02 17:30:00,238.66011787636143,0.0,73.73184,0.0
2025-12-02 18:00:00,182.66880577123788,0.0,62.22184,0.0
2025-12-02 18:30:00,189.5365451476746,0.0,56.80282,0.0
2025-12-02 19:00:00,181.86115929732162,0.0,55.98568,0.0
2025-12-02 19:30:00,186.78360112074927,0.0,55.94266,0.0
2025-12-02 20:00:00,103.7301104223424,0.0,28.105740000000004,0.0
2025-12-02 20:30:00,84.67396790640039,0.0,9.6123,0.0
2025-12-02 21:00:00,72.47937624727174,0.0,0.9784400000000001,0.10752
2025-12-02 21:30:00,60.65778996509323,0.0,0.16128,1.74182
2025-12-02 22:00:00,59.921426026027454,0.0,0.0,2.60736
2025-12-02 22:30:00,57.416330196901775,0.0,0.0,3.9997399999999996
2025-12-02 23:00:00,53.36117218426607,0.0,0.0,4.06426
2025-12-02 23:30:00,53.13501261050734,0.0,0.0,4.12876
2025-12-03 00:00:00,53.238832809524006,0.0,0.0,3.37612
2025-12-03 00:30:00,49.648928369241965,0.0,0.0,2.84928
2025-12-03 01:00:00,49.662332991182765,0.0,0.0,3.73094
2025-12-03 01:30:00,56.23714975043482,0.0,0.0,3.17184
2025-12-03 02:00:00,49.88193077258894,0.0,0.0,3.2793600000000005
2025-12-03 02:30:00,53.32024095906649,0.0,0.0,2.645
2025-12-03 03:00:00,47.488145453528794,0.0,0.01076,2.23642
2025-12-03 03:30:00,55.978054853366835,0.0,0.0,2.731
2025-12-03 04:00:00,54.033536961085616,0.0,0.0,1.68806
2025-12-03 04:30:00,52.04743945965348,0.0,0.0,2.32244
2025-12-03 05:00:00,53.42043831331481,0.0,0.0,4.70938
2025-12-03 05:30:00,49.41173624289591,0.0,0.0,4.6126
2025-12-03 06:00:00,54.85127199487489,0.0,0.0,4.41908
2025-12-03 06:30:00,49.50930974173841,0.0,0.0,5.10182
2025-12-03 07:00:00,57.5392712212865,0.0,0.65588,2.78476
2025-12-03 07:30:00,70.03384163547575,0.0,3.16108,0.01076
2025-12-03 08:00:00,94.52463589424777,0.0,7.61242,0.0
2025-12-03 08:30:00,185.93887050437132,0.0,55.51258000000001,0.0
2025-12-03 09:00:00,210.949170449071,0.0,63.00672,0.0
2025-12-03 09:30:00,217.3455646960346,0.0,60.78106,0.0
2025-12-03 10:00:00,209.5932980551347,0.0,57.67374000000001,0.0
2025-12-03 10:30:00,215.48759061595868,0.0,59.23278,0.0
2025-12-03 11:00:00,214.7438697835663,0.0,60.25422,0.0
2025-12-03 11:30:00,238.27428462099246,0.0,61.15738,0.0
2025-12-03 12:00:00,204.48234235505265,0.0,68.26446,0.0
2025-12-03 12:30:00,242.44067093369543,0.0,76.72628,0.0
2025-12-03 13:00:00,239.88906944654576,0.0,75.6242,0.0
2025-12-03 13:30:00,211.64631607830827,0.0,73.81786,0.0
2025-12-03 14:00:00,245.54219110748912,0.0,70.47938,0.0
2025-12-03 14:30:00,243.9045770241913,0.0,69.32352,0.0
2025-12-03 15:00:00,254.5599282157687,0.0,71.3019,0.0
2025-12-03 15:30:00,240.86428502124926,0.0,76.522,0.0
2025-12-03 16:00:00,226.63754626923534,0.0,69.0601,0.0
2025-12-03 16:30:00,230.34520010904671,0.0,71.90938,0.0
2025-12-03 17:00:00,237.44606900495023,0.0,67.6032,0.0
2025-12-03 17:30:00,248.6852900302057,0.0,63.72712,0.0
2025-12-03 18:00:00,192.28853137811865,0.0,49.4807,0.0
2025-12-03 18:30:00,164.82039658621878,0.0,45.9433,0.0
2025-12-03 19:00:00,171.4157449225058,0.0,41.97582,0.0
2025-12-03 19:30:00,167.0865490903071,0.0,37.69652,0.0
2025-12-03 20:00:00,165.26291609573454,0.0,38.82548,0.0
2025-12-03 20:30:00,162.1534227457012,0.0,38.26638,0.0
2025-12-03 21:00:00,146.85997503673718,0.0,38.36314,0.0
2025-12-03 21:30:00,129.63316850655812,0.0,37.80942,0.0
2025-12-03 22:00:00,115.42099941721168,0.0,35.15904,0.0
2025-12-03 22:30:00,62.831535361693824,0.0,6.68774,0.27956
2025-12-03 23:00:00,57.28583334840244,0.0,0.0,3.5374
2025-12-03 23:30:00,53.4093454430641,0.0,0.0,4.39756
2025-12-04 00:00:00,56.46337150001175,0.0,0.0,4.70938
2025-12-04 00:30:00,45.4813011139239,0.0,0.0,5.8383400000000005
2025-12-04 01:00:00,45.03908635530993,0.0,0.0,6.32218
2025-12-04 01:30:00,49.13009888470022,0.0,0.0,5.78458
2025-12-04 02:00:00,45.98039140078582,0.0,0.0,6.82752
2025-12-04 02:30:00,45.81876067918297,0.0,0.0,6.666240000000001
2025-12-04 03:00:00,45.25850604779381,0.0,0.0,6.15014
2025-12-04 03:30:00,52.04625990831698,0.0,0.0,6.30068
2025-12-04 04:00:00,47.17383583036619,0.0,0.0,6.03188
2025-12-04 04:30:00,47.081069531448236,0.0,0.0,5.26848
2025-12-04 05:00:00,48.21038270954238,0.0,0.0,6.085640000000001
2025-12-04 05:30:00,46.37159764621669,0.0,0.0,5.9136
2025-12-04 06:00:00,48.12766233122408,0.0,0.0,5.56954
2025-12-04 06:30:00,48.251050764168255,0.0,0.0,6.33294
2025-12-04 07:00:00,64.64770840046064,0.0,0.0,6.6985
2025-12-04 07:30:00,90.16754050766554,0.0,0.06452,3.07508
2025-12-04 08:00:00,115.43643223384147,0.0,6.54796,0.20428
2025-12-04 08:30:00,216.9991159755882,0.0,95.30574,0.0
2025-12-04 09:00:00,255.92549410835804,0.0,111.99286,0.0
2025-12-04 09:30:00,267.19952492410823,0.0,118.59458,0.0
2025-12-04 10:00:00,272.1639344632269,0.0,126.09948,0.0
2025-12-04 10:30:00,270.0763741313045,0.0,125.4651,0.0
2025-12-04 11:00:00,271.323690331494,0.0,123.08892,0.0
2025-12-04 11:30:00,288.77172105303094,0.0,126.86286,0.0
2025-12-04 12:00:00,249.5169254129121,0.0,122.25026,0.0
2025-12-04 12:30:00,283.3617164659315,0.0,123.38996,0.0
2025-12-04 13:00:00,267.0337142447467,0.0,125.33608,0.0
2025-12-04 13:30:00,266.70343656970044,0.0,120.27188,0.0
2025-12-04 14:00:00,235.4849962177392,0.0,98.46682,0.0
2025-12-04 14:30:00,259.29254326359535,0.0,71.66208,0.0
2025-12-04 15:00:00,264.2160065278025,0.0,73.35552,0.0
2025-12-04 15:30:00,254.76194905309916,0.0,72.32872,0.0
2025-12-04 16:00:00,219.47611141254794,0.0,73.6297,0.0
2025-12-04 16:30:00,256.3365778545086,0.0,77.17786,0.0
2025-12-04 17:00:00,247.41728698079214,0.0,73.84474,0.0
2025-12-04 17:30:00,189.288969600677,0.0,59.44782,0.0
2025-12-04 18:00:00,203.27405223855877,0.0,53.30842,0.0
2025-12-04 18:30:00,203.19687303890825,0.0,54.72768,0.0
2025-12-04 19:00:00,150.27609727893275,0.0,33.4226,0.0
2025-12-04 19:30:00,106.28226099540876,0.0,17.51502,3.66644
2025-12-04 20:00:00,71.76462352771638,0.0,0.0,6.73076
2025-12-04 20:30:00,73.7402840308014,0.0,0.0,6.279160000000001
2025-12-04 21:00:00,66.03500699795494,0.0,0.0,7.47264
2025-12-04 21:30:00,48.16518570611619,0.0,0.0,7.117819999999999
2025-12-04 22:00:00,51.22640757336873,0.0,0.0,5.88134
2025-12-04 22:30:00,51.92712470838916,0.0,0.0,5.6878
2025-12-04 23:00:00,44.04114732344272,0.0,0.0,6.225420000000001
2025-12-04 23:30:00,52.10714358870065,0.0,0.0,5.43514
2025-12-05 00:00:00,48.635280136622626,0.0,0.0,4.15028
2025-12-05 00:30:00,47.40424248645235,0.0,0.0,5.2201
2025-12-05 01:00:00,45.849827555292926,0.0,0.0,6.30068
2025-12-05 01:30:00,45.71651612887162,0.0,0.0,6.26842
2025-12-05 02:00:00,41.436286143776194,0.0,0.0,6.2899199999999995
2025-12-05 02:30:00,47.4721617409591,0.0,0.0,6.12864
2025-12-05 03:00:00,48.542212794539516,0.0,0.0,6.04262
2025-12-05 03:30:00,42.253913428431616,0.0,0.0,6.268419999999999
2025-12-05 04:00:00,45.7463373107175,0.0,0.0,5.48352
2025-12-05 04:30:00,43.47101000899179,0.0,0.0,5.74156
2025-12-05 05:00:00,44.816781767836524,0.0,0.0,5.28998
2025-12-05 05:30:00,46.32812437744069,0.0,0.0,5.73082
2025-12-05 06:00:00,42.01209199565422,0.0,0.0,5.70932
2025-12-05 06:30:00,45.74478904343756,0.0,0.0,6.55872
2025-12-05 07:00:00,53.29294737616744,0.0,0.0,7.62316
2025-12-05 07:30:00,74.96564583606303,0.0,1.5698,1.67732
2025-12-05 08:00:00,84.45453369882472,0.0,7.76294,0.0
2025-12-05 08:30:00,182.74903716976493,0.0,77.6187,0.0
2025-12-05 09:00:00,218.97597079833707,0.0,79.08098,0.0
2025-12-05 09:30:00,178.32818940556942,0.0,79.33902,0.0
2025-12-05 10:00:00,222.20448409355754,0.0,84.97306,0.0
2025-12-05 10:30:00,204.68116238160306,0.0,83.29576,0.0
2025-12-05 11:00:00,225.60708214043163,0.0,80.52174,0.0
2025-12-05 11:30:00,210.75244558600122,0.0,80.9572,0.0
2025-12-05 12:00:00,229.52944909995315,0.0,82.3926,0.0
2025-12-05 12:30:00,225.59287153827245,0.0,81.63994,0.0
2025-12-05 13:00:00,228.49980922105303,0.0,78.51112,0.0
2025-12-05 13:30:00,190.76545910099918,0.0,72.51686,0.0
2025-12-05 14:00:00,150.30185817081397,0.0,45.70676,0.0
2025-12-05 14:30:00,136.00299173197436,0.0,44.41652,0.0
2025-12-05 15:00:00,221.1948732698761,0.0,72.6029,0.0
2025-12-05 15:30:00,198.9651785081788,0.0,72.31796,0.0
2025-12-05 16:00:00,206.97106559205463,0.0,67.33978,0.0
2025-12-05 16:30:00,169.2721724791525,0.0,40.2555,0.0
2025-12-05 17:00:00,126.14026503177445,0.0,7.16084,2.78476
2025-12-05 17:30:00,96.0985764287135,0.0,0.0,5.28998
2025-12-05 18:00:00,93.57633005993196,0.0,0.0,4.32768
2025-12-05 18:30:00,84.23669844109622,0.0,0.0,4.51584
2025-12-05 19:00:00,75.2417702466107,0.0,0.0,4.21478
2025-12-05 19:30:00,67.8358793925301,0.0,0.0,4.21478
2025-12-05 20:00:00,62.23437024560117,0.0,0.0,4.7954
2025-12-05 20:30:00,39.29770386579887,0.0,0.0,4.51584
2025-12-05 21:00:00,40.14213288285434,0.0,0.0,5.05344
2025-12-05 21:30:00,44.8199683722468,0.0,0.0,4.64486
2025-12-05 22:00:00,43.005372983786714,0.0,0.0,4.29004
2025-12-05 22:30:00,43.56986894845172,0.0,0.0,3.2471
2025-12-05 23:00:00,45.21430234763877,0.0,0.0,3.3761199999999993
2025-12-05 23:30:00,41.14025839956542,0.0,0.0,6.22542
2025-12-06 00:00:00,47.348535789484636,0.0,0.0,4.13952
2025-12-06 00:30:00,47.37234759473489,0.0,0.0,3.48364
2025-12-06 01:00:00,41.66926752131851,0.0,0.0,3.2471
2025-12-06 01:30:00,50.57386147888913,0.0,0.0,2.56972
2025-12-06 02:00:00,44.003457028364394,0.0,0.0,3.41914
2025-12-06 02:30:00,47.18819183835708,0.0,0.0,5.43514
2025-12-06 03:00:00,46.0550315264922,0.0,0.0,5.419
2025-12-06 03:30:00,43.51869597747384,0.0,0.0,5.48352
2025-12-06 04:00:00,41.52998231374209,0.0,0.0,4.90292
2025-12-06 04:30:00,45.79778146988009,0.0,0.0,4.60186
2025-12-06 05:00:00,40.86298829832123,0.0,0.0,5.02118
2025-12-06 05:30:00,48.37298469409132,0.0,0.0,4.0535
2025-12-06 06:00:00,49.67469473995312,0.0,0.0,4.5481
2025-12-06 06:30:00,43.74639077653238,0.0,0.01076,4.60186
2025-12-06 07:00:00,46.099987058363155,0.0,0.0,4.7954
2025-12-06 07:30:00,41.929134814758655,0.0,0.18278,4.9943
2025-12-06 08:00:00,50.559762947398184,0.0,3.70944,0.32256
2025-12-06 08:30:00,136.64835766599447,0.0,65.94202,0.0
2025-12-06 09:00:00,134.9497479289397,0.0,70.22132,0.0
2025-12-06 09:30:00,151.2777226956164,0.0,73.28564,0.0
2025-12-06 10:00:00,133.85248272702597,0.0,73.5867,0.0
2025-12-06 10:30:00,144.0462482715012,0.0,74.1243,0.0
2025-12-06 11:00:00,138.91828034614971,0.0,73.02222,0.0
2025-12-06 11:30:00,145.56975024147744,0.0,74.9952,0.0
2025-12-06 12:00:00,134.99953094083125,0.0,73.15662,0.0
2025-12-06 12:30:00,136.69362413375723,0.0,73.81786,0.0
2025-12-06 13:00:00,139.22751668798696,0.0,75.66184,0.0
2025-12-06 13:30:00,134.5760783629138,0.0,75.29088,0.0
2025-12-06 14:00:00,146.88180435075446,0.0,74.25332,0.0
2025-12-06 14:30:00,146.50936971157319,0.0,72.36096,0.0
2025-12-06 15:00:00,145.2880007887035,0.0,73.75872,0.0
2025-12-06 15:30:00,149.49288953123016,0.0,74.26408,0.0
2025-12-06 16:00:00,148.929908409877,0.0,73.00608,0.0
2025-12-06 16:30:00,136.3976590654822,0.0,72.88782,0.0
2025-12-06 17:00:00,140.93087952503345,0.0,73.00608,0.0
2025-12-06 17:30:00,132.80131106119333,0.0,73.03834,0.0
2025-12-06 18:00:00,137.5202224990085,0.0,73.99528,0.0
2025-12-06 18:30:00,133.92554670127697,0.0,73.64046,0.0
2025-12-06 19:00:00,97.88989066694627,0.0,37.9223,0.0
2025-12-06 19:30:00,58.38491373095425,0.0,12.3648,0.0
2025-12-06 20:00:00,45.74257249774213,0.0,3.58042,1.47302
2025-12-06 20:30:00,46.39396364077009,0.0,0.0,1.7955800000000002
2025-12-06 21:00:00,39.04825892693613,0.0,0.01076,2.22028
2025-12-06 21:30:00,37.89387104603322,0.0,0.0,4.2578
2025-12-06 22:00:00,43.37579015709721,0.0,0.0,3.7954599999999994
2025-12-06 22:30:00,42.93053348818226,0.0,0.0,3.29012
2025-12-06 23:00:00,43.00637258887847,0.0,0.0,3.29012
2025-12-06 23:30:00,38.99351827648785,0.0,0.0,3.35462
2025-12-07 00:00:00,44.77468480455355,0.0,0.0,2.98906
2025-12-07 00:30:00,43.04806798488745,0.0,0.0,2.74176
2025-12-07 01:00:00,39.75547451912449,0.0,0.0,5.279239999999999
2025-12-07 01:30:00,41.67339052572065,0.0,0.0,5.42976
2025-12-07 02:00:00,44.48973463582504,0.0,0.0,5.31148
2025-12-07 02:30:00,44.02323127257744,0.0,0.0,4.95668
2025-12-07 03:00:00,38.07646426733545,0.0,0.0,4.63412
2025-12-07 03:30:00,38.919075401013274,0.0,0.0,4.13952
2025-12-07 04:00:00,43.51699271111433,0.0,0.0,3.59116
2025-12-07 04:30:00,38.80992396875687,0.0,0.01076,3.2471
2025-12-07 05:00:00,38.11102796198816,0.0,0.0,3.21484
2025-12-07 05:30:00,40.68115974124285,0.0,0.0,2.6342399999999997
2025-12-07 06:00:00,41.57029805103145,0.0,0.0,3.59116
2025-12-07 06:30:00,40.17091949939663,0.0,0.0,3.6664400000000006
2025-12-07 07:00:00,38.33533748343263,0.0,0.0,3.63418
2025-12-07 07:30:00,38.34448753953628,0.0,0.0,3.73094
2025-12-07 08:00:00,38.421269135255905,0.0,0.0,3.42988
2025-12-07 08:30:00,37.50398717746588,0.0,0.0,3.5158999999999994
2025-12-07 09:00:00,45.41833455703403,0.0,0.0,3.31162
2025-12-07 09:30:00,40.69489117419422,0.0,0.0,4.0105
2025-12-07 10:00:00,42.7566181726581,0.0,0.0,4.13952
2025-12-07 10:30:00,38.91740153457519,0.0,0.0,5.01044
2025-12-07 11:00:00,40.27362381799565,0.0,0.0,5.20396
2025-12-07 11:30:00,39.678804624449775,0.0,0.0,5.17172
2025-12-07 12:00:00,34.78194143570962,0.0,0.0,4.9943
2025-12-07 12:30:00,37.36995213718991,0.0,0.0,4.76314
2025-12-07 13:00:00,37.498435836114496,0.0,0.01076,4.032
2025-12-07 13:30:00,37.065334816760156,0.0,0.0,4.04276
2025-12-07 14:00:00,38.41016231036792,0.0,0.0,4.42982
2025-12-07 14:30:00,43.85024918454695,0.0,0.0,4.84916
2025-12-07 15:00:00,41.055408430747036,0.0,0.0,4.84916
2025-12-07 15:30:00,43.80195910918566,0.0,0.0,4.91366
2025-12-07 16:00:00,41.949354346286626,0.0,0.0,4.8384
2025-12-07 16:30:00,43.31523937530733,0.0,0.0,2.92454
2025-12-07 17:00:00,38.62423900461891,0.0,0.0,3.52666
2025-12-07 17:30:00,41.54896215356847,0.0,0.0,3.3868799999999997
2025-12-07 18:00:00,42.143694424870475,0.0,0.0,3.30086
2025-12-07 18:30:00,39.78138822519466,0.0,0.0,2.76326
2025-12-07 19:00:00,41.82140533125357,0.0,0.0,2.60198
2025-12-07 19:30:00,40.52385328197883,0.0,0.010760000000000002,3.27936
2025-12-07 20:00:00,39.964974272585145,0.0,0.0,3.5159
2025-12-07 20:30:00,38.50870783082683,0.0,0.0,3.4406399999999997
2025-12-07 21:00:00,38.77015851446888,0.0,0.0,3.1073199999999996
2025-12-07 21:30:00,40.742760796238414,0.0,0.0,2.79552
2025-12-07 22:00:00,42.258686746846514,0.0,0.0,2.1289
2025-12-07 22:30:00,39.693422405375834,0.0,0.01076,1.74182
2025-12-07 23:00:00,40.36800542654954,0.0,0.0,2.21492
2025-12-07 23:30:00,42.48318148194871,0.0,0.03226,1.50528
2025-12-08 00:00:00,41.925346363237054,0.0,0.0,2.9568
2025-12-08 00:30:00,33.254113488362286,0.0,0.01076,2.71488
2025-12-08 01:00:00,34.18423090762046,0.0,0.0,2.60198
2025-12-08 01:30:00,37.08736758354961,0.0,0.0,2.92454
2025-12-08 02:00:00,37.52829294309009,0.0,0.0,4.62336
2025-12-08 02:30:00,39.47086394289752,0.0,0.0,4.5481
2025-12-08 03:00:00,37.79487451272403,0.0,0.0,4.92442
2025-12-08 03:30:00,37.67967056004948,0.0,0.0,4.26854
2025-12-08 04:00:00,39.7108025377307,0.0,0.0,3.9352400000000003
2025-12-08 04:30:00,40.03101943089594,0.0,0.0,3.38688
2025-12-08 05:00:00,37.963131886034446,0.0,0.0,3.9137200000000005
2025-12-08 05:30:00,40.62032975788571,0.0,0.0,3.4298799999999994
2025-12-08 06:00:00,38.909439288038946,0.0,0.0,3.82772
2025-12-08 06:30:00,35.424127800514675,0.0,0.0,5.05344
2025-12-08 07:00:00,42.473430266344586,0.0,0.0,5.34374
2025-12-08 07:30:00,56.97060136474877,0.0,0.9891800000000001,2.9568
2025-12-08 08:00:00,92.71038846960103,0.0,12.827140000000002,0.0215
2025-12-08 08:30:00,214.65248217529728,0.0,67.2699,0.0
2025-12-08 09:00:00,204.43228957044542,0.0,68.60852,0.0
2025-12-08 09:30:00,221.39239036666154,0.0,70.8987,0.0
2025-12-08 10:00:00,228.7487547767389,0.0,70.47938,0.0
2025-12-08 10:30:00,249.11113737828387,0.0,79.7906,0.0
2025-12-08 11:00:00,251.20740269077567,0.0,81.2475,0.0
2025-12-08 11:30:00,238.42654972546956,0.0,82.91944,0.0
2025-12-08 12:00:00,242.0933018710872,0.0,82.82266,0.0
2025-12-08 12:30:00,237.19255751946844,0.0,82.31732,0.0
2025-12-08 13:00:00,279.75929583327473,0.0,86.85465999999998,0.0
2025-12-08 13:30:00,260.10505005708086,0.0,84.10214,0.0
2025-12-08 14:00:00,228.90868415229872,0.0,77.3714,0.0
2025-12-08 14:30:00,241.80329485531308,0.0,86.4676,0.0
2025-12-08 15:00:00,230.98690926473301,0.0,82.82266,0.0
2025-12-08 15:30:00,226.25311814121767,0.0,80.81204,0.0
2025-12-08 16:00:00,244.0239825654867,0.0,80.00564,0.0
2025-12-08 16:30:00,241.5413656132168,0.0,75.83386,0.0
2025-12-08 17:00:00,255.00379823033666,0.0,77.24238,0.0
2025-12-08 17:30:00,231.35446322501318,0.0,79.34976,0.0
2025-12-08 18:00:00,214.92363923140192,0.0,70.78042,0.0
2025-12-08 18:30:00,193.32520172306965,0.0,59.98542,0.0
2025-12-08 19:00:00,172.83720151120554,0.0,50.70644000000001,0.0
2025-12-08 19:30:00,98.12449672648718,0.0,19.19232,0.0
2025-12-08 20:00:00,65.84789818701263,0.0,0.8494,0.05376
2025-12-08 20:30:00,59.946441269992114,0.0,0.13978,0.86016
2025-12-08 21:00:00,44.537978172865024,0.0,0.01076,2.13964
2025-12-08 21:30:00,47.91663876047105,0.0,0.01076,1.39776
2025-12-08 22:00:00,41.91479303731421,0.0,0.13978,1.26874
2025-12-08 22:30:00,37.62830285072697,0.0,0.0,3.87072
2025-12-08 23:00:00,38.546687679346725,0.0,0.0,4.29004
2025-12-08 23:30:00,40.9543310318699,0.0,0.0,4.08576
2025-12-09 00:00:00,44.87491114935821,0.0,0.0,5.47276
2025-12-09 00:30:00,48.21634517745104,0.0,0.0,4.35456
2025-12-09 01:00:00,46.35545190837829,0.0,0.0,5.51578
2025-12-09 01:30:00,43.54750889024173,0.0,0.0,5.65556
2025-12-09 02:00:00,49.428992560652,0.0,0.0,5.04268
2025-12-09 02:30:00,49.193445552686185,0.0,0.0,4.9943
2025-12-09 03:00:00,46.882811257223324,0.0,0.0,4.80614
2025-12-09 03:30:00,48.90701023513863,0.0,0.0,4.38682
2025-12-09 04:00:00,48.223255851261946,0.0,0.0,4.33844
2025-12-09 04:30:00,49.33859426852261,0.0,0.0,3.92448
2025-12-09 05:00:00,48.35092826200536,0.0,0.0,3.83846
2025-12-09 05:30:00,47.78223158936334,0.0,0.0,3.4083800000000006
2025-12-09 06:00:00,47.61052042257981,0.0,0.01076,3.95674
2025-12-09 06:30:00,44.85458071790988,0.0,0.0,4.60186
2025-12-09 07:00:00,51.9350291647814,0.0,0.0,4.70938
2025-12-09 07:30:00,64.88844721945001,0.0,9.4295,0.01076
2025-12-09 08:00:00,100.18156183141942,0.0,27.718660000000003,0.0
2025-12-09 08:30:00,204.48536428528897,0.0,72.7803,0.0
2025-12-09 09:00:00,231.0115022307629,0.0,85.29564,0.0
2025-12-09 09:30:00,245.0230287917507,0.0,82.5915,0.0
2025-12-09 10:00:00,234.33927398446173,0.0,82.3926,0.0
2025-12-09 10:30:00,231.76397688245035,0.0,75.71022,0.0
2025-12-09 11:00:00,263.59886318779064,0.0,87.28474,0.0
2025-12-09 11:30:00,274.8026558703597,0.0,93.51016,0.0
2025-12-09 12:00:00,273.68363581816953,0.0,94.5316,0.0
2025-12-09 12:30:00,287.05186277596357,0.0,97.11208,0.0
2025-12-09 13:00:00,257.8120768746765,0.0,95.46702,0.0
2025-12-09 13:30:00,256.57698736493734,0.0,95.18746,0.0
2025-12-09 14:00:00,237.41165534080346,0.0,92.63924,0.0
2025-12-09 14:30:00,254.29297128815378,0.0,93.95098,0.0
2025-12-09 15:00:00,242.94623866065157,0.0,83.04846,0.0
2025-12-09 15:30:00,243.92341953233444,0.0,86.83316,0.0
2025-12-09 16:00:00,250.09262136106432,0.0,82.98394,0.0
2025-12-09 16:30:00,258.0749659031192,0.0,83.5968,0.0
2025-12-09 17:00:00,257.1734928326799,0.0,84.57524,0.0
2025-12-09 17:30:00,281.7652861836419,0.0,89.47814,0.0
2025-12-09 18:00:00,230.66153435029858,0.0,83.86562,0.0
2025-12-09 18:30:00,205.47345333539928,0.0,81.41952,0.0
2025-12-09 19:00:00,175.58463481999047,0.0,81.01634,0.0
2025-12-09 19:30:00,162.2212429763594,0.0,65.10336,0.0
2025-12-09 20:00:00,145.43147478738888,0.0,55.20078,0.0
2025-12-09 20:30:00,138.75476038111813,0.0,54.2116,0.0
2025-12-09 21:00:00,150.91603540857486,0.0,56.00718,0.0
2025-12-09 21:30:00,133.73992784553042,0.0,55.29754,0.0
2025-12-09 22:00:00,129.53098962956804,0.0,48.73882,0.0
2025-12-09 22:30:00,69.92232585708634,0.0,21.33734,0.0
2025-12-09 23:00:00,56.4354493106709,0.0,8.66074,0.0
2025-12-09 23:30:00,56.1434275177106,0.0,8.5586,0.0
2025-12-10 00:00:00,51.00705828739528,0.0,0.0,4.92442
2025-12-10 00:30:00,51.286210976818325,0.0,0.0,4.0535
2025-12-10 01:00:00,50.39036160265168,0.0,0.0,4.55348
2025-12-10 01:30:00,48.28473015273377,0.0,0.0,4.31156
2025-12-10 02:00:00,48.313836234065896,0.0,0.0,4.67174
2025-12-10 02:30:00,49.17672187913176,0.0,0.0,4.17178
2025-12-10 03:00:00,52.101090703777615,0.0,0.0,4.2793
2025-12-10 03:30:00,48.58217734470924,0.0,0.0,3.8922200000000005
2025-12-10 04:00:00,51.54383875752873,0.0,0.0,3.8707200000000004
2025-12-10 04:30:00,47.68423778856112,0.0,0.0,3.55892
2025-12-10 05:00:00,51.04172464344637,0.0,0.0,2.87078
2025-12-10 05:30:00,51.71287378766694,0.0,0.0,3.03206
2025-12-10 06:00:00,57.316625925522445,0.0,0.0,3.52666
2025-12-10 06:30:00,47.43775154735116,0.0,0.0,4.3223
2025-12-10 07:00:00,58.12356719453084,0.0,0.0,5.04268
2025-12-10 07:30:00,67.36853580042349,0.0,0.32794,4.50508
2025-12-10 08:00:00,102.48168603132567,0.0,16.88602,0.0
2025-12-10 08:30:00,194.64578538765508,0.0,74.3501,0.0
2025-12-10 09:00:00,213.27101600730794,0.0,71.96314,0.0
2025-12-10 09:30:00,217.20240862229826,0.0,77.23162,0.0
2025-12-10 10:00:00,242.47255954022273,0.0,114.4658,0.0
2025-12-10 10:30:00,224.7823009887486,0.0,79.55406,0.0
2025-12-10 11:00:00,247.89793279038201,0.0,79.26376,0.0
2025-12-10 11:30:00,235.06207566784272,0.0,81.24212,0.0
2025-12-10 12:00:00,239.02513483605495,0.0,80.51098,0.0
2025-12-10 12:30:00,227.1268415007089,0.0,80.99482,0.0
2025-12-10 13:00:00,247.2279750660447,0.0,78.05952,0.0
2025-12-10 13:30:00,243.5126691890714,0.0,75.32852,0.0
2025-12-10 14:00:00,224.78669614151457,0.0,74.55438,0.0
2025-12-10 14:30:00,242.13441331476008,0.0,71.9954,0.0
2025-12-10 15:00:00,233.5400271182656,0.0,74.56514,0.0
2025-12-10 15:30:00,238.20721720629916,0.0,78.53262,0.0
2025-12-10 16:00:00,214.5832967845804,0.0,86.52136,0.0
2025-12-10 16:30:00,209.66785141874837,0.0,75.95752,0.0
2025-12-10 17:00:00,217.6366134428609,0.0,74.69416,0.0
2025-12-10 17:30:00,227.65908187895738,0.0,74.82318,0.0
2025-12-10 18:00:00,204.26477395427403,0.0,58.74894,0.0
2025-12-10 18:30:00,148.43267189122196,0.0,42.19622,0.0
2025-12-10 19:00:00,144.25864705019904,0.0,42.12634,0.0
2025-12-10 19:30:00,132.74135356199457,0.0,43.1908,0.0
2025-12-10 20:00:00,134.0622911029026,0.0,43.40584,0.0
2025-12-10 20:30:00,127.30537862523693,0.0,43.66388,0.0
2025-12-10 21:00:00,115.49382267805619,0.0,41.578,0.0
2025-12-10 21:30:00,112.91222844010521,0.0,39.92218,0.0
2025-12-10 22:00:00,101.26748661566627,0.0,39.7179,0.0
2025-12-10 22:30:00,50.9717250148253,0.0,7.924220000000001,0.98918
2025-12-10 23:00:00,36.72642695446286,0.0,0.0,5.3545
2025-12-10 23:30:00,38.5844623119786,0.0,0.0,5.76308
2025-12-11 00:00:00,60.71851388339049,0.0,0.0,3.7847
2025-12-11 00:30:00,58.55148009460499,0.0,0.0,3.64492
2025-12-11 01:00:00,53.75802290894645,0.0,0.0,3.75244
2025-12-11 01:30:00,54.932856710615035,0.0,0.01076,2.4192
2025-12-11 02:00:00,53.69823131520166,0.0,0.0,2.3762
2025-12-11 02:30:00,53.56585827000581,0.0,0.0,1.72032
2025-12-11 03:00:00,51.71414639211544,0.0,0.0,3.5159
2025-12-11 03:30:00,53.93321158706283,0.0,0.0,3.92448
2025-12-11 04:00:00,49.66058742962877,0.0,0.0,4.41908
2025-12-11 04:30:00,48.4285537544136,0.0,0.0,4.35456
2025-12-11 05:00:00,49.508625979585304,0.0,0.0,3.88148
2025-12-11 05:30:00,52.28919453465056,0.0,0.0,3.92448
2025-12-11 06:00:00,50.71145577197467,0.0,0.0,3.62342
2025-12-11 06:30:00,49.65887787531223,0.0,0.0,5.05344
2025-12-11 07:00:00,59.960292539399205,0.0,0.66124,3.59116
2025-12-11 07:30:00,67.85798171681284,0.0,2.4622,0.32794
2025-12-11 08:00:00,107.79013413796969,0.0,11.74118,0.0
2025-12-11 08:30:00,217.34009551669845,0.0,84.44084,0.0
2025-12-11 09:00:00,211.0746655086995,0.0,87.79546,0.0
2025-12-11 09:30:00,244.5088229566731,0.0,82.71514,0.0
2025-12-11 10:00:00,236.84736468291516,0.0,89.1986,0.0
2025-12-11 10:30:00,223.63795198907587,0.0,99.13346,0.0
2025-12-11 11:00:00,234.31047527575507,0.0,99.38074,0.0
2025-12-11 11:30:00,232.03744204478556,0.0,98.026,0.0
2025-12-11 12:00:00,241.3447617469351,0.0,97.37012,0.0
2025-12-11 12:30:00,245.03861170740484,0.0,101.14408,0.0
2025-12-11 13:00:00,240.0608111183032,0.0,102.46658,0.0
2025-12-11 13:30:00,244.12347669069763,0.0,100.18714,0.0
2025-12-11 14:00:00,240.16747580833595,0.0,99.06894,0.0
2025-12-11 14:30:00,253.15854881434947,0.0,96.30568,0.0
2025-12-11 15:00:00,251.67113328200813,0.0,95.81108,0.0
2025-12-11 15:30:00,252.52057657498136,0.0,96.4777,0.0
2025-12-11 16:00:00,216.4015561128351,0.0,94.87566,0.0
2025-12-11 16:30:00,236.20637490139492,0.0,95.1337,0.0
2025-12-11 17:00:00,208.56164886303742,0.0,92.55324,0.0
2025-12-11 17:30:00,227.945469176068,0.0,89.37064,0.0
2025-12-11 18:00:00,195.75245011006803,0.0,80.0164,0.0
2025-12-11 18:30:00,185.95346545028195,0.0,79.75834,0.0
2025-12-11 19:00:00,184.2621122894684,0.0,75.39304,0.0
2025-12-11 19:30:00,167.35766559212055,0.0,71.96314,0.0
2025-12-11 20:00:00,156.24734634719078,0.0,71.85562,0.0
2025-12-11 20:30:00,162.80588062655025,0.0,67.02798,0.0
2025-12-11 21:00:00,147.993855291918,0.0,63.082,0.0
2025-12-11 21:30:00,149.6565895010415,0.0,58.243599999999994,0.0
2025-12-11 22:00:00,154.2714242426734,0.0,56.1147,0.0
2025-12-11 22:30:00,127.03493253693232,0.0,44.66382,0.0
2025-12-11 23:00:00,75.74350293148301,0.0,7.39738,1.91386
2025-12-11 23:30:00,54.06616947465185,0.0,0.0,3.4191400000000005
2025-12-12 00:00:00,40.54797912076006,0.0,0.0,5.97812
2025-12-12 00:30:00,40.96819300277218,0.0,0.0,6.114906382978723
2025-12-12 01:00:00,40.231298013753005,0.0,0.0,5.736988510638298
2025-12-12 01:30:00,38.22203383924037,0.0,0.0,5.891173191489362
2025-12-12 02:00:00,39.47365619628004,0.0,0.0,5.715945531914894
2025-12-12 02:30:00,34.207012319954494,0.0,0.0,4.973139574468085
2025-12-12 03:00:00,40.59747577918846,0.0,0.0,4.835189787234042
2025-12-12 03:30:00,32.616189193973455,0.0,0.0,4.589733617021277
2025-12-12 04:00:00,35.843288853192256,0.0,0.0,4.458881276595744
2025-12-12 04:30:00,41.26242223513008,0.0,0.0,3.8755280851063834
2025-12-12 05:00:00,40.382211668290566,0.0,0.0,4.334203829787234
2025-12-12 05:30:00,37.81671008200835,0.0,0.0,4.284329787234043
2025-12-12 06:00:00,39.90038495449201,0.0,0.0,4.696562127659575
2025-12-12 06:30:00,45.061981238404826,0.0,0.0,5.4277
2025-12-12 07:00:00,49.07247515545244,0.0,0.4982578723404248,4.803061276595746
2025-12-12 07:30:00,83.30407259536977,0.0,5.2776331914893575,1.4408876595744717
2025-12-12 08:00:00,152.67420796009242,0.0,47.59362680851061,0.010982127659574483
2025-12-12 08:30:00,197.59106314404661,0.0,68.69270765957447,0.0
2025-12-12 09:00:00,215.7474391058022,0.0,69.07794127659575,0.0
2025-12-12 09:30:00,203.96432667387336,0.0,68.59661617021277,0.0
2025-12-12 10:00:00,195.63972208283747,0.0,68.78443531914893,0.0
2025-12-12 10:30:00,207.2015783466459,0.0,68.02584468085107,0.0
2025-12-12 11:00:00,209.34281433479163,0.0,67.47773063829787,0.0
2025-12-12 11:30:00,197.58752095244074,0.0,71.16682170212766,0.0
2025-12-12 12:00:00,197.86116694505142,0.0,67.22059914893617,0.0
2025-12-12 12:30:00,163.1205689788593,0.0,53.82725531914893,0.0
2025-12-12 13:00:00,153.24918940602157,0.0,46.54266595744681,0.0
2025-12-12 13:30:00,144.34994736597466,0.0,45.740163829787235,0.0
2025-12-12 14:00:00,143.0081028635184,0.0,45.2240629787234,0.0
2025-12-12 14:30:00,163.28961743946505,0.0,53.84121191489358,0.0
2025-12-12 15:00:00,201.8257064855719,0.0,68.58037957446808,0.0
2025-12-12 15:30:00,208.68783954263716,0.0,69.12714042553192,0.0
2025-12-12 16:00:00,192.72161846056068,0.0,70.57294382978723,0.0
2025-12-12 16:30:00,192.23871550535085,0.0,70.82321446808513,0.0
2025-12-12 17:00:00,210.06205300370695,0.0,67.01653659574468,0.0
2025-12-12 17:30:00,183.46072913818168,0.0,65.40190255319152,0.0
2025-12-12 18:00:00,155.4557579700232,0.0,59.059137446808535,0.0
2025-12-12 18:30:00,159.485386047675,0.0,51.375810638297914,0.0
2025-12-12 19:00:00,131.31456509837236,0.0,37.08959744680857,0.0
2025-12-12 19:30:00,89.76205567378491,0.0,17.803716595744735,0.733882553191479
2025-12-12 20:00:00,68.19671428329791,0.0,0.20131063829787285,4.3499914893617015
2025-12-12 20:30:00,61.58582601810557,0.0,0.0,4.5188144680851074
2025-12-12 21:00:00,58.68093191953261,0.0,0.0,4.169492765957447
2025-12-12 21:30:00,57.49076632732642,0.0,0.0,4.16492
2025-12-12 22:00:00,47.242567141386644,0.0,0.0,4.47397234042553
2025-12-12 22:30:00,47.51562427794309,0.0,0.0,6.6715051063829796
2025-12-12 23:00:00,44.60150766959517,0.0,0.0,6.060459999999999
2025-12-12 23:30:00,42.72421534224567,0.0,0.0,5.8921
2025-12-13 00:00:00,50.284358991130325,0.0,0.81716,0.15052
2025-12-13 00:30:00,44.924245344062584,0.0,1.08058,0.0215
2025-12-13 01:00:00,47.71942417617893,0.0,1.5698,0.0
2025-12-13 01:30:00,43.960705245428706,0.0,0.72038,0.37632
2025-12-13 02:00:00,42.397541179820585,0.0,0.16128,0.62362
2025-12-13 02:30:00,47.19221174822722,0.0,0.59136,0.06452
2025-12-13 03:00:00,41.17824684687965,0.0,0.38708000000000004,0.13978
2025-12-13 03:30:00,46.43882983810462,0.0,0.79564,0.0215
2025-12-13 04:00:00,45.48830179118251,0.0,1.02144,0.0
2025-12-13 04:30:00,44.94354266575573,0.0,1.13434,0.0
2025-12-13 05:00:00,49.737369647055885,0.0,1.47302,0.0
2025-12-13 05:30:00,44.66503672689348,0.0,1.55904,0.0
2025-12-13 06:00:00,51.615193500823985,0.0,1.81708,0.0
2025-12-13 06:30:00,44.66280414356728,0.0,1.67732,0.0
2025-12-13 07:00:00,42.63292368397663,0.0,1.7848399999999998,0.0
2025-12-13 07:30:00,43.680363238914765,0.0,0.89242,0.2903
2025-12-13 08:00:00,40.61755633726163,0.0,0.2903,0.32794
2025-12-13 08:30:00,41.68924306747144,0.0,0.11828,0.9784400000000001
2025-12-13 09:00:00,43.87110103669009,0.0,0.21503999999999998,0.96768
2025-12-13 09:30:00,44.20671808414469,0.0,0.13978,0.8493999999999999
2025-12-13 10:00:00,39.36657556636631,0.0,0.0,2.1074
2025-12-13 10:30:00,44.27293073372728,0.0,0.38708,0.61286
2025-12-13 11:00:00,43.762308375034664,0.0,0.3440599999999999,0.40857999999999994
2025-12-13 11:30:00,43.54841036446849,0.0,0.15052,1.0322
2025-12-13 12:00:00,48.8228961730493,0.0,1.22572,0.0215
2025-12-13 12:30:00,49.82713993702262,0.0,0.5591,0.79564
2025-12-13 13:00:00,41.659038793339434,0.0,0.07526,0.92468
2025-12-13 13:30:00,45.2005381496136,0.0,0.01076,1.68806
2025-12-13 14:00:00,43.80846984409192,0.0,0.01076,1.95686
2025-12-13 14:30:00,45.494225663257815,0.0,0.0,2.52672
2025-12-13 15:00:00,45.0277052666305,0.0,0.0,2.40844
2025-12-13 15:30:00,45.841601974065895,0.0,0.0,2.11276
2025-12-13 16:00:00,49.81500306583825,0.0,0.0,2.645
2025-12-13 16:30:00,43.984157986368125,0.0,0.0,2.9675600000000006
2025-12-13 17:00:00,46.89165025460985,0.0,0.01076,2.06438
2025-12-13 17:30:00,45.313886089414616,0.0,0.0,2.1934
2025-12-13 18:00:00,45.13143210498018,0.0,0.0,2.13964
2025-12-13 18:30:00,46.64007470154064,0.0,0.0215,1.3655
2025-12-13 19:00:00,46.14144245232611,0.0,0.0,1.5698
2025-12-13 19:30:00,47.96002895804327,0.0,0.05376,1.23648
2025-12-13 20:00:00,46.66879022193019,0.0,0.05376,1.10746
2025-12-13 20:30:00,40.676376405609965,0.0,0.01076,2.1289
2025-12-13 21:00:00,42.79363050337656,0.0,0.0215,1.3439999999999999
2025-12-13 21:30:00,38.77910755342727,0.0,0.06452,1.22572
2025-12-13 22:00:00,40.05335261767326,0.0,0.01076,3.59116
2025-12-13 22:30:00,43.19164877794038,0.0,0.0,2.98906
2025-12-13 23:00:00,41.317927246692015,0.0,0.0,3.34388
2025-12-13 23:30:00,41.13495149495294,0.0,0.0,3.9029800000000003
2025-12-14 00:00:00,41.95122317210943,0.0,0.0,6.4942
2025-12-14 00:30:00,42.19070199365655,0.0,0.0,6.70926
2025-12-14 01:00:00,43.65838610990316,0.0,0.0,6.11788
2025-12-14 01:30:00,48.1630874108527,0.0,0.0,6.4727
2025-12-14 02:00:00,44.67785401616124,0.0,0.0,6.117880000000001
2025-12-14 02:30:00,41.8262553838428,0.0,0.0,5.92436
2025-12-14 03:00:00,43.67067116403189,0.0,0.0,6.171640000000001
2025-12-14 03:30:00,42.047493625347364,0.0,0.0,5.1287
2025-12-14 04:00:00,42.11281647986828,0.0,0.0,4.8384
2025-12-14 04:30:00,43.842306140840634,0.0,0.0,4.7954
2025-12-14 05:00:00,43.585283378351214,0.0,0.0,3.92448
2025-12-14 05:30:00,44.92507272213364,0.0,0.0,3.93524
2025-12-14 06:00:00,42.904882750846134,0.0,0.0,4.12876
2025-12-14 06:30:00,43.72501790019782,0.0,0.0,4.11264
2025-12-14 07:00:00,43.77515170127609,0.0,0.0,3.99974
2025-12-14 07:30:00,36.505196915809194,0.0,0.0,4.661
2025-12-14 08:00:00,44.16231398927232,0.0,0.08602,3.59116
2025-12-14 08:30:00,94.07389505460458,0.0,33.98708,0.05376
2025-12-14 09:00:00,104.5659699084298,0.0,42.85748,0.0
2025-12-14 09:30:00,122.09239710106397,0.0,44.1047,0.0
2025-12-14 10:00:00,131.18580598137865,0.0,47.36256,0.0
2025-12-14 10:30:00,133.20713853896996,0.0,49.57748,0.0
2025-12-14 11:00:00,146.99631565060585,0.0,51.21178,0.0
2025-12-14 11:30:00,131.97540824651475,0.0,51.38382,0.0
2025-12-14 12:00:00,139.75720440733633,0.0,51.46982,0.0
2025-12-14 12:30:00,141.3367235523275,0.0,54.10406,0.0
2025-12-14 13:00:00,145.8177244678017,0.0,55.66311999999999,0.0
2025-12-14 13:30:00,154.82011972503457,0.0,58.2436,0.0
2025-12-14 14:00:00,156.30801556840444,0.0,62.64116,0.0
2025-12-14 14:30:00,171.39937329481992,0.0,62.55514000000001,0.0
2025-12-14 15:00:00,147.69676687648706,0.0,57.16838,0.0
2025-12-14 15:30:00,125.40584027579791,0.0,49.9108,0.0
2025-12-14 16:00:00,124.06031852386457,0.0,49.40544,0.0
2025-12-14 16:30:00,129.2983788821129,0.0,44.90036,0.0
2025-12-14 17:00:00,52.59250011865237,0.0,4.19328,3.17184
2025-12-14 17:30:00,42.35968248559318,0.0,0.0,4.73088
2025-12-14 18:00:00,42.709692570939964,0.0,0.0,4.5696
2025-12-14 18:30:00,42.037114235037095,0.0,0.0,5.05344
2025-12-14 19:00:00,44.25527147961392,0.0,0.0,4.8169
2025-12-14 19:30:00,40.035196384787696,0.0,0.0,5.20396
2025-12-14 20:00:00,41.35444455140207,0.0,0.0,4.76314
2025-12-14 20:30:00,41.51722043222364,0.0,0.0,4.36532
2025-12-14 21:00:00,42.77809492990519,0.0,0.0,4.90292
2025-12-14 21:30:00,46.45036085166225,0.0,0.0,4.5911
2025-12-14 22:00:00,43.208000938296195,0.0,0.0,4.06426
2025-12-14 22:30:00,38.77488717609422,0.0,0.0,3.56966
2025-12-14 23:00:00,40.42687749638396,0.0,0.0,3.81696
2025-12-14 23:30:00,41.34656952533783,0.0,0.0,4.38682
2025-12-15 00:00:00,38.08987639440563,0.0,0.0,3.62342
2025-12-15 00:30:00,42.15110347252249,0.0,0.0,3.27936
2025-12-15 01:00:00,43.74840368726528,0.0,0.0,3.67718
2025-12-15 01:30:00,44.380039633560195,0.0,0.0,5.03194
2025-12-15 02:00:00,43.85551849554466,0.0,0.0,5.31686
2025-12-15 02:30:00,41.49082308675241,0.0,0.0,4.87066
2025-12-15 03:00:00,39.902789019597485,0.0,0.0,4.91366
2025-12-15 03:30:00,39.96372191521828,0.0,0.0,4.22016
2025-12-15 04:00:00,41.85579875097016,0.0,0.0,4.44058
2025-12-15 04:30:00,42.973973667499735,0.0,0.01076,3.99974
2025-12-15 05:00:00,44.030835731791385,0.0,0.0,3.94598
2025-12-15 05:30:00,44.26584818025893,0.0,0.0,3.83846
2025-12-15 06:00:00,42.25648790046845,0.0,0.0,3.7847
2025-12-15 06:30:00,38.799534745289236,0.0,0.0,4.72012
2025-12-15 07:00:00,50.859156901770106,0.0,2.36544,2.59124
2025-12-15 07:30:00,63.3545776790513,0.0,6.02112,0.0
2025-12-15 08:00:00,79.75155606384611,0.0,13.75182,0.0
2025-12-15 08:30:00,173.16458048584315,0.0,59.37256,0.0
2025-12-15 09:00:00,216.63684973930546,0.0,65.88288,0.0
2025-12-15 09:30:00,226.31086177464667,0.0,68.75904,0.0
2025-12-15 10:00:00,230.9530291429845,0.0,74.74254,0.0
2025-12-15 10:30:00,232.89768692196984,0.0,73.5652,0.0
2025-12-15 11:00:00,226.68916800567303,0.0,78.08104,0.0
2025-12-15 11:30:00,234.9410302963713,0.0,84.06452,0.0
2025-12-15 12:00:00,238.4937410103065,0.0,85.56442,0.0
2025-12-15 12:30:00,226.15832146868323,0.0,87.34926,0.0
2025-12-15 13:00:00,234.81162179533226,0.0,82.54312,0.0
2025-12-15 13:30:00,246.44485491431817,0.0,79.64008,0.0
2025-12-15 14:00:00,212.49831376302316,0.0,76.96282,0.0
2025-12-15 14:30:00,211.49130224509355,0.0,76.7693,0.0
2025-12-15 15:00:00,216.89373034607468,0.0,65.36142,0.0
2025-12-15 15:30:00,237.1944661522609,0.0,63.813120000000005,0.0
2025-12-15 16:00:00,248.5712121712885,0.0,63.99592,0.0
2025-12-15 16:30:00,247.0842515807844,0.0,67.47956,0.0
2025-12-15 17:00:00,260.99731192636233,0.0,69.89876,0.0
2025-12-15 17:30:00,193.57586739514542,0.0,68.13542,0.0
2025-12-15 18:00:00,203.41343341578556,0.0,58.82419999999999,0.0
2025-12-15 18:30:00,203.56408490030793,0.0,58.67368,0.0
2025-12-15 19:00:00,169.793056012539,0.0,57.749,0.0
2025-12-15 19:30:00,171.49886618296577,0.0,57.84576,0.0
2025-12-15 20:00:00,154.20861832071137,0.0,45.77126,0.0
2025-12-15 20:30:00,148.51550069008027,0.0,45.19066,0.0
2025-12-15 21:00:00,149.66126957807086,0.0,41.31456,0.0
2025-12-15 21:30:00,153.38403706582602,0.0,41.6855,0.0
2025-12-15 22:00:00,133.88351005423792,0.0,36.04072000000001,0.0
2025-12-15 22:30:00,69.2149745683922,0.0,7.78446,0.053759999999999995
2025-12-15 23:00:00,52.92537061932579,0.0,0.0,5.8706
2025-12-15 23:30:00,46.33953790732667,0.0,0.0,5.46202
2025-12-16 00:00:00,52.58565873160081,0.0,0.01076,3.9567399999999995
2025-12-16 00:30:00,53.10782336682096,0.0,0.0,4.02124
2025-12-16 01:00:00,58.40772958022459,0.0,0.0,4.12876
2025-12-16 01:30:00,56.8119561665974,0.0,0.0,3.44064
2025-12-16 02:00:00,51.13684731008505,0.0,0.0,3.54816
2025-12-16 02:30:00,49.93949686047619,0.0,0.0,3.65568
2025-12-16 03:00:00,53.92740965593362,0.0,0.0,2.76326
2025-12-16 03:30:00,52.207843736115926,0.0,0.0,3.16108
2025-12-16 04:00:00,48.81060669953261,0.0,0.0,3.66644
2025-12-16 04:30:00,58.848401354773955,0.0,0.0,2.4192
2025-12-16 05:00:00,60.00422998909073,0.0,0.0215,2.03212
2025-12-16 05:30:00,55.52153637982446,0.0,0.0,2.688
2025-12-16 06:00:00,51.113463051892566,0.0,0.0,2.731
2025-12-16 06:30:00,55.77217859679796,0.0,0.01076,3.33312
2025-12-16 07:00:00,70.10976615537643,0.0,0.0,4.95668
2025-12-16 07:30:00,94.28159240125565,0.0,1.70956,3.25786
2025-12-16 08:00:00,147.1964032552541,0.0,18.2784,0.0
2025-12-16 08:30:00,225.6313370563872,0.0,105.89646,0.0
2025-12-16 09:00:00,227.94483544127587,0.0,84.98918,0.0
2025-12-16 09:30:00,240.9240435289264,0.0,72.72654,0.0
2025-12-16 10:00:00,241.6892875780393,0.0,70.26432,0.0
2025-12-16 10:30:00,215.8042834800592,0.0,69.33966,0.0
2025-12-16 11:00:00,239.8611527961826,0.0,71.02772,0.0
2025-12-16 11:30:00,231.99436729094805,0.0,69.0601,0.0
2025-12-16 12:00:00,224.6817562388573,0.0,70.8557,0.0
2025-12-16 12:30:00,276.996802747096,0.0,74.13504,0.0
2025-12-16 13:00:00,281.7551413184815,0.0,71.84488,0.0
2025-12-16 13:30:00,275.9983165588844,0.0,72.18356,0.0
2025-12-16 14:00:00,266.3052928157894,0.0,69.51168,0.0
2025-12-16 14:30:00,280.90975197399666,0.0,67.51182,0.0
2025-12-16 15:00:00,252.1010194484511,0.0,70.49012,0.0
2025-12-16 15:30:00,251.9920440683218,0.0,68.9042,0.0
2025-12-16 16:00:00,233.82134268741274,0.0,68.26446,0.0
2025-12-16 16:30:00,242.73324870827713,0.0,68.06016,0.0
2025-12-16 17:00:00,232.0797442358628,0.0,69.42568,0.0
2025-12-16 17:30:00,185.80313329878692,0.0,65.60872,0.0
2025-12-16 18:00:00,190.57761599063437,0.0,55.29753999999999,0.0
2025-12-16 18:30:00,185.77121939096844,0.0,55.93192,0.0
2025-12-16 19:00:00,158.0083895314761,0.0,34.44942,0.0
2025-12-16 19:30:00,94.24013401671276,0.0,5.52652,3.63418
2025-12-16 20:00:00,75.75138319809969,0.0,0.0,5.42976
2025-12-16 20:30:00,72.88401799098001,0.0,0.0,5.77382
2025-12-16 21:00:00,66.56656392231214,0.0,0.0,6.55872
2025-12-16 21:30:00,63.66506841630278,0.0,0.0,6.06412
2025-12-16 22:00:00,54.22874265483689,0.0,0.0,5.98886
2025-12-16 22:30:00,43.53407108706301,0.0,0.0,5.99962
2025-12-16 23:00:00,43.40567223957525,0.0,0.0,5.82758
2025-12-16 23:30:00,42.75299938367124,0.0,0.0,5.52652
2025-12-17 00:00:00,42.60493291179802,0.0,0.0,5.16096
2025-12-17 00:30:00,39.1115332280179,0.0,0.0,4.76314
2025-12-17 01:00:00,44.71048499046202,0.0,0.0,4.10726
2025-12-17 01:30:00,44.633320938271424,0.0,0.0,4.40832
2025-12-17 02:00:00,44.50912842903681,0.0,0.0,4.87066
2025-12-17 02:30:00,48.74240099047855,0.0,0.0,6.795259999999999
2025-12-17 03:00:00,46.419012275745,0.0,0.0,6.332940000000001
2025-12-17 03:30:00,42.00427233455067,0.0,0.0,6.9458
2025-12-17 04:00:00,45.17990053964416,0.0,0.0,6.343679999999999
2025-12-17 04:30:00,49.548850853357635,0.0,0.0,5.80608
2025-12-17 05:00:00,43.69931229646308,0.0,0.0,6.30068
2025-12-17 05:30:00,43.004703479699046,0.0,0.0,6.09638
2025-12-17 06:00:00,46.357666120969625,0.0,0.0,6.06412
2025-12-17 06:30:00,45.98454126860303,0.0,0.0,6.4727
2025-12-17 07:00:00,67.41149498390162,0.0,0.0,8.11776
2025-12-17 07:30:00,91.2404784999151,0.0,2.06438,3.4621400000000007
2025-12-17 08:00:00,117.70436815780883,0.0,7.8167,0.01076
2025-12-17 08:30:00,196.61526604035345,0.0,88.89754,0.0
2025-12-17 09:00:00,213.06547706913946,0.0,85.27412,0.0
2025-12-17 09:30:00,220.8425885007836,0.0,106.65986,0.0
2025-12-17 10:00:00,211.50527756137598,0.0,91.8221,0.0
2025-12-17 10:30:00,206.32875986114945,0.0,70.3611,0.0
2025-12-17 11:00:00,240.58971648167014,0.0,85.56442,0.0
2025-12-17 11:30:00,233.46998772429552,0.0,118.53006,0.0
2025-12-17 12:00:00,220.2041372525221,0.0,87.71482,0.0
2025-12-17 12:30:00,227.03867521797858,0.0,73.16738,0.0
2025-12-17 13:00:00,244.92093432520196,0.0,73.6512,0.0
2025-12-17 13:30:00,212.08071469596558,0.0,74.9522,0.0
2025-12-17 14:00:00,219.65221789703378,0.0,72.2212,0.0
2025-12-17 14:30:00,223.9807961575133,0.0,69.8235,0.0
2025-12-17 15:00:00,255.555923608482,0.0,71.67822,0.0
2025-12-17 15:30:00,247.24899872157005,0.0,72.76954,0.0
2025-12-17 16:00:00,255.21493614972982,0.0,68.10856,0.0
2025-12-17 16:30:00,226.25877740838277,0.0,66.80756,0.0
2025-12-17 17:00:00,215.46500452363153,0.0,68.23758,0.0
2025-12-17 17:30:00,211.127197738684,0.0,68.94184,0.0
2025-12-17 18:00:00,195.8822050637183,0.0,59.684360000000005,0.0
2025-12-17 18:30:00,196.46058244085037,0.0,59.81338,0.0
2025-12-17 19:00:00,159.39481424554398,0.0,46.13684,0.0
2025-12-17 19:30:00,88.07478152121267,0.0,8.3328,2.05364
2025-12-17 20:00:00,69.46715945933866,0.0,0.0,5.419
2025-12-17 20:30:00,72.20460752058166,0.0,0.0,6.85978
2025-12-17 21:00:00,65.37815972530042,0.0,0.0,7.11782
2025-12-17 21:30:00,52.11679267308228,0.0,0.0,6.61248
2025-12-17 22:00:00,50.59968161380277,0.0,0.0,6.35444
2025-12-17 22:30:00,53.70819992168356,0.0,0.0,6.01036
2025-12-17 23:00:00,54.03869027146292,0.0,0.0,6.60172
2025-12-17 23:30:00,49.3062934275573,0.0,0.0,5.24698
2025-12-18 00:00:00,44.91399620006595,0.0,0.0,3.4729
2025-12-18 00:30:00,44.819632219669614,0.0,0.0,4.735688085106383
2025-12-18 01:00:00,40.81805416567456,0.0,0.0,4.299888936170213
2025-12-18 01:30:00,45.18724895949685,0.0,0.0,4.2340080851063835
2025-12-18 02:00:00,42.95666817202652,0.0,0.0,4.550620425531915
2025-12-18 02:30:00,48.878168813378046,0.0,0.0,3.955828936170213
2025-12-18 03:00:00,44.73078749376605,0.0,0.0,3.3562263829787233
2025-12-18 03:30:00,48.77217208198983,0.0,0.0,3.251904680851064
2025-12-18 04:00:00,42.955897311759955,0.0,0.0,3.0865029787234044
2025-12-18 04:30:00,46.39102868057582,0.0,0.0,3.314353191489362
2025-12-18 05:00:00,45.79495502569414,0.0,0.0,3.2745510638297874
2025-12-18 05:30:00,43.73537647785391,0.0,0.008241702127659572,2.818853191489362
2025-12-18 06:00:00,45.31929813379436,0.0,0.0027472340425531913,3.144385106382979
2025-12-18 06:30:00,47.34938422591386,0.0,0.0,3.409761276595745
2025-12-18 07:00:00,43.17881402948335,0.0,0.0,3.541988510638298
2025-12-18 07:30:00,43.51294186101875,0.0,3.4809055319148903,3.038694042553192
2025-12-18 08:00:00,97.52309260922563,0.0,38.90829191489359,0.9480034042553205
2025-12-18 08:30:00,118.42946570016498,0.0,55.809069787234044,0.0
2025-12-18 09:00:00,120.99946706803456,0.0,54.14845319148937,0.0
2025-12-18 09:30:00,122.79337928165899,0.0,53.60947361702128,0.0
2025-12-18 10:00:00,113.38852800267347,0.0,53.18374085106383,0.0
2025-12-18 10:30:00,116.28408373677868,0.0,54.6144514893617,0.0
2025-12-18 11:00:00,133.4772392578831,0.0,57.93133234042553,0.0
2025-12-18 11:30:00,125.48042371121028,0.0,58.156436170212764,0.0
2025-12-18 12:00:00,108.97149813050092,0.0,56.97257234042553,0.0
2025-12-18 12:30:00,127.73751433020644,0.0,56.307315319148934,0.0
2025-12-18 13:00:00,125.87624900568649,0.0,56.55552,0.0
2025-12-18 13:30:00,124.98071866533334,0.0,58.89579914893616,0.0
2025-12-18 14:00:00,123.62117745622861,0.0,59.8422085106383,0.0
2025-12-18 14:30:00,136.33054191483328,0.0,58.707067234042555,0.0
2025-12-18 15:00:00,129.47543168442184,0.0,55.73882297872341,0.0
2025-12-18 15:30:00,141.73458136332434,0.0,55.21723914893616,0.0
2025-12-18 16:00:00,124.25008378769036,0.0,54.00935744680854,0.0
2025-12-18 16:30:00,87.95232036306567,0.0,32.02541191489372,0.2594229787234006
2025-12-18 17:00:00,58.63665228290004,0.0,10.19701957446814,1.917751914893602
2025-12-18 17:30:00,44.755002127251444,0.0,0.0,4.493650638297875
2025-12-18 18:00:00,45.18409119243214,0.0,0.0,4.232622553191486
2025-12-18 18:30:00,45.86986991347625,0.0,0.0,5.038802978723402
2025-12-18 19:00:00,41.507529910964536,0.0,0.0,5.556726808510636
2025-12-18 19:30:00,42.153777989612024,0.0,0.0,5.92732
2025-12-18 20:00:00,42.86883889987199,0.0,0.0,5.662875319148938
2025-12-18 20:30:00,46.688653712278075,0.0,0.0013736170212765764,4.909771489361702
2025-12-18 21:00:00,48.02432284778656,0.0,0.009615319148936187,4.475805957446809
2025-12-18 21:30:00,44.44119048761691,0.0,0.0,4.145925106382979
2025-12-18 22:00:00,44.58164525451186,0.0,0.0,4.208260425531916
2025-12-18 22:30:00,46.02523522280209,0.0,0.0,4.114698723404255
2025-12-18 23:00:00,43.71253168781652,0.0,0.0,4.152326808510638
2025-12-18 23:30:00,47.43265530483353,0.0,0.0,3.7524400000000004
2025-12-19 00:00:00,46.387354442105064,0.0,0.0,5.46202
2025-12-19 00:30:00,47.97221346422064,0.0,0.0,6.63398
2025-12-19 01:00:00,45.163217076188694,0.0,0.0,6.12864
2025-12-19 01:30:00,38.426517093214,0.0,0.0,5.419
2025-12-19 02:00:00,42.639544098092834,0.0,0.0,5.90284
2025-12-19 02:30:00,40.997263040654715,0.0,0.0,5.160959999999999
2025-12-19 03:00:00,43.527829612791145,0.0,0.0,5.0857
2025-12-19 03:30:00,40.54970029084268,0.0,0.0,4.5911
2025-12-19 04:00:00,40.47469132869445,0.0,0.0,4.3223
2025-12-19 04:30:00,42.660533263295214,0.0,0.0,4.12876
2025-12-19 05:00:00,44.74560025436723,0.0,0.01076,3.70944
2025-12-19 05:30:00,43.44767535096352,0.0,0.0,4.10726
2025-12-19 06:00:00,38.67282053914096,0.0,0.0,4.10726
2025-12-19 06:30:00,42.92463163808423,0.0,0.0,5.03194
2025-12-19 07:00:00,46.54291146514858,0.0,0.0,4.77926
2025-12-19 07:30:00,55.44742554093495,0.0,0.41932,3.29012
2025-12-19 08:00:00,80.8688969011061,0.0,10.752,0.01076
2025-12-19 08:30:00,186.20661659996864,0.0,62.08206,0.0
2025-12-19 09:00:00,193.5032595918299,0.0,62.13582000000001,0.0
2025-12-19 09:30:00,188.82247744147253,0.0,58.56616000000001,0.0
2025-12-19 10:00:00,211.38544175812487,0.0,58.189840000000004,0.0
2025-12-19 10:30:00,208.02785010438237,0.0,58.103820000000006,0.0
2025-12-19 11:00:00,209.87691007189525,0.0,58.31886,0.0
2025-12-19 11:30:00,244.42901400062368,0.0,57.05012,0.0
2025-12-19 12:00:00,224.24294408867897,0.0,57.30816,0.0
2025-12-19 12:30:00,230.84502885287327,0.0,59.61984,0.0
2025-12-19 13:00:00,219.8625186559948,0.0,60.34024000000001,0.0
2025-12-19 13:30:00,199.28840931883852,0.0,60.06068,0.0
2025-12-19 14:00:00,206.88120511964547,0.0,59.91016,0.0
2025-12-19 14:30:00,200.8621069102986,0.0,59.51232,0.0
2025-12-19 15:00:00,209.20890146992014,0.0,60.748799999999996,0.0
2025-12-19 15:30:00,263.09378732993315,0.0,81.90874,0.0
2025-12-19 16:00:00,226.1547907923086,0.0,87.274,0.0
2025-12-19 16:30:00,208.8231225379688,0.0,87.8116,0.0
2025-12-19 17:00:00,255.35794783017525,0.0,86.05902,0.0
2025-12-19 17:30:00,278.5164457536687,0.0,85.93,0.0
2025-12-19 18:00:00,209.2872942180428,0.0,69.36116,0.0
2025-12-19 18:30:00,179.24411587105033,0.0,68.02254,0.0
2025-12-19 19:00:00,167.11520554066362,0.0,47.02926,0.0
2025-12-19 19:30:00,152.14694751306342,0.0,39.54586,0.0
2025-12-19 20:00:00,146.7636893282319,0.0,41.87904,0.0
2025-12-19 20:30:00,133.0763279713685,0.0,41.69088,0.0
2025-12-19 21:00:00,129.87993133307467,0.0,40.5458,0.0
2025-12-19 21:30:00,126.66695744903376,0.0,42.50266,0.0
2025-12-19 22:00:00,108.74744399914675,0.0,35.64288,0.0
2025-12-19 22:30:00,72.96757381847775,0.0,7.74144,0.0
2025-12-19 23:00:00,56.45388162401099,0.0,0.8494,4.26854
2025-12-19 23:30:00,45.30527926234928,0.0,0.0,5.01044
2025-12-20 00:00:00,46.206109779442535,0.0,0.0,4.19328
2025-12-20 00:30:00,42.45382733304433,0.0,0.0,6.752259999999999
2025-12-20 01:00:00,45.36113258347419,0.0,0.0,6.9888
2025-12-20 01:30:00,46.75573181580647,0.0,0.0,6.34368
2025-12-20 02:00:00,45.41869582694489,0.0,0.0,6.38668
2025-12-20 02:30:00,45.248448152628924,0.0,0.0,6.332940000000001
2025-12-20 03:00:00,46.20501072087172,0.0,0.0,5.92436
2025-12-20 03:30:00,49.11825585849853,0.0,0.0,5.31686
2025-12-20 04:00:00,44.765430973310686,0.0,0.0,5.1502
2025-12-20 04:30:00,44.73776495361732,0.0,0.0,4.62336
2025-12-20 05:00:00,42.68925476065772,0.0,0.0,4.8814
2025-12-20 05:30:00,42.89044361559628,0.0,0.0,4.33844
2025-12-20 06:00:00,43.151706512563976,0.0,0.0,3.8062000000000005
2025-12-20 06:30:00,41.31187538632264,0.0,0.0,5.03194
2025-12-20 07:00:00,45.20130399474712,0.0,0.0,4.08576
2025-12-20 07:30:00,43.280854188229405,0.0,0.0,5.52652
2025-12-20 08:00:00,43.988108426095195,0.0,0.32794,4.5911
2025-12-20 08:30:00,104.07247530450942,0.0,40.4544,0.0
2025-12-20 09:00:00,114.9131046753328,0.0,43.008,0.0
2025-12-20 09:30:00,115.88665896668516,0.0,43.22304,0.0
2025-12-20 10:00:00,114.82457239326126,0.0,41.9328,0.0
2025-12-20 10:30:00,113.10122972299092,0.0,41.85754,0.0
2025-12-20 11:00:00,119.0740658698891,0.0,45.24442,0.0
2025-12-20 11:30:00,118.78277946110963,0.0,45.85728,0.0
2025-12-20 12:00:00,110.1825160175005,0.0,46.7927,0.0
2025-12-20 12:30:00,118.6209387748743,0.0,47.90016,0.0
2025-12-20 13:00:00,120.63833034753488,0.0,48.69582,0.0
2025-12-20 13:30:00,112.41332556782523,0.0,47.70664,0.0
2025-12-20 14:00:00,127.23955398354315,0.0,48.14746,0.0
2025-12-20 14:30:00,118.68215272230518,0.0,45.54548,0.0
2025-12-20 15:00:00,138.93787831328385,0.0,47.10452,0.0
2025-12-20 15:30:00,135.64304557772215,0.0,46.92174000000001,0.0
2025-12-20 16:00:00,118.02209991467373,0.0,46.98624,0.0
2025-12-20 16:30:00,117.4121161438164,0.0,45.83578,0.0
2025-12-20 17:00:00,101.93101479931866,0.0,46.5239,0.0
2025-12-20 17:30:00,110.66453866069227,0.0,48.48078,0.0
2025-12-20 18:00:00,115.88594392039299,0.0,49.26568,0.0
2025-12-20 18:30:00,110.02229933281549,0.0,48.49152,0.0
2025-12-20 19:00:00,86.31360525412774,0.0,25.43924,0.0
2025-12-20 19:30:00,64.29706168670978,0.0,8.54784,0.20428
2025-12-20 20:00:00,44.180515167368085,0.0,0.01076,2.48372
2025-12-20 20:30:00,42.927118853648885,0.0,0.0,2.16652
2025-12-20 21:00:00,43.62483054782067,0.0,0.0,2.9138
2025-12-20 21:30:00,47.06879961471624,0.0,0.0,3.54816
2025-12-20 22:00:00,40.61057837925754,0.0,0.0,4.51584
2025-12-20 22:30:00,43.75014925196231,0.0,0.0,4.38682
2025-12-20 23:00:00,46.572361072266496,0.0,0.0,4.63412
2025-12-20 23:30:00,40.068612414663704,0.0,0.0,3.90298
2025-12-21 00:00:00,38.394708522507116,0.0,0.0,5.02118
2025-12-21 00:30:00,35.65630092473021,0.0,0.0,4.80614
2025-12-21 01:00:00,35.584909199765065,0.0,0.0,5.58028
2025-12-21 01:30:00,41.420269764035034,0.0,0.0,5.3437399999999995
2025-12-21 02:00:00,41.205143055716405,0.0,0.0,5.20396
2025-12-21 02:30:00,37.30489978865469,0.0,0.0,4.95668
2025-12-21 03:00:00,36.20404605489741,0.0,0.0,4.60186
2025-12-21 03:30:00,33.8630703945547,0.0,0.0,4.075
2025-12-21 04:00:00,38.79859851163994,0.0,0.0,3.99974
2025-12-21 04:30:00,43.76401874502018,0.0,0.0,3.5696599999999994
2025-12-21 05:00:00,40.921870141261195,0.0,0.0,3.2471
2025-12-21 05:30:00,38.49513012545744,0.0,0.01076,2.86004
2025-12-21 06:00:00,41.34891852745382,0.0,0.0,2.9998000000000005
2025-12-21 06:30:00,36.94938264269009,0.0,0.0,2.60736
2025-12-21 07:00:00,38.35526681083002,0.0,0.0,3.2471
2025-12-21 07:30:00,38.85240854225652,0.0,0.0,5.24698
2025-12-21 08:00:00,35.60324576784782,0.0,0.0,6.73076
2025-12-21 08:30:00,39.148159409741034,0.0,0.0,5.48352
2025-12-21 09:00:00,36.807463378405394,0.0,0.0,6.23616
2025-12-21 09:30:00,38.71607901749282,0.0,0.0,6.537219999999999
2025-12-21 10:00:00,35.172544104882036,0.0,0.0,6.526460000000001
2025-12-21 10:30:00,39.27258740780671,0.0,0.0,4.3223
2025-12-21 11:00:00,40.7263223240519,0.0,0.0,4.49434
2025-12-21 11:30:00,36.17322963631215,0.0,0.0,4.537340000000001
2025-12-21 12:00:00,37.39227624379116,0.0,0.0,4.032
2025-12-21 12:30:00,40.63518583126823,0.0,0.0,3.81696
2025-12-21 13:00:00,37.93540816998707,0.0,0.0,3.84922
2025-12-21 13:30:00,42.39986745280573,0.0,0.0,4.3008
2025-12-21 14:00:00,39.26783117891577,0.0,0.01076,2.1934
2025-12-21 14:30:00,41.32577935643828,0.0,0.0,2.645
2025-12-21 15:00:00,39.513525134846915,0.0,0.0,2.50522
2025-12-21 15:30:00,39.34071299318485,0.0,0.0,2.90304
2025-12-21 16:00:00,41.468849245024714,0.0,0.0,2.9568
2025-12-21 16:30:00,38.271204391079586,0.0,0.0,3.25786
2025-12-21 17:00:00,37.122060181564585,0.0,0.01076,3.2793599999999996
2025-12-21 17:30:00,38.32866991916564,0.0,0.0,3.09658
2025-12-21 18:00:00,39.49136908444222,0.0,0.0,2.86004
2025-12-21 18:30:00,35.77917711996164,0.0,0.0,3.09658
2025-12-21 19:00:00,39.92495526693612,0.0,0.0,3.17184
2025-12-21 19:30:00,36.747155564541394,0.0,0.0,4.47284
2025-12-21 20:00:00,41.714472855643834,0.0,0.0,4.23092
2025-12-21 20:30:00,34.99664887271754,0.0,0.0,3.2686
2025-12-21 21:00:00,38.1215662114207,0.0,0.0,3.8062
2025-12-21 21:30:00,36.69304991667735,0.0,0.0,3.2471
2025-12-21 22:00:00,37.32564352169829,0.0,0.0,3.3116199999999996
2025-12-21 22:30:00,40.17359558114263,0.0,0.0,2.92454
2025-12-21 23:00:00,38.87756098561046,0.0,0.01076,3.0858200000000005
2025-12-21 23:30:00,39.658018183385195,0.0,0.0,2.23642
2025-12-22 00:00:00,42.56839847396269,0.0,0.0,3.44064
2025-12-22 00:30:00,45.59802951556699,0.0,0.01076,2.84928
2025-12-22 01:00:00,44.68474342750514,0.0,0.0,2.22028
2025-12-22 01:30:00,42.53096155087946,0.0,0.0,1.84934
2025-12-22 02:00:00,44.59816143006224,0.0,0.043,1.72032
2025-12-22 02:30:00,46.73934232151408,0.0,0.0,3.79546
2025-12-22 03:00:00,47.07733477037777,0.0,0.0,3.59116
2025-12-22 03:30:00,44.556796898754286,0.0,0.0,2.76326
2025-12-22 04:00:00,42.6128766965588,0.0,0.0,3.11808
2025-12-22 04:30:00,46.325779462591036,0.0,0.01076,2.24716
2025-12-22 05:00:00,41.748222199724495,0.0,0.0,2.24716
2025-12-22 05:30:00,44.94939555135226,0.0,0.0,2.18266
2025-12-22 06:00:00,43.955963081413714,0.0,0.0,2.03212
2025-12-22 06:30:00,42.65954282982452,0.0,0.0,3.62342
2025-12-22 07:00:00,48.338649820644285,0.0,1.23648,2.53748
2025-12-22 07:30:00,58.91477106339636,0.0,1.32788,0.61286
2025-12-22 08:00:00,72.39450785458564,0.0,6.10714,0.0
2025-12-22 08:30:00,157.1528109531928,0.0,52.9106,0.0
2025-12-22 09:00:00,182.10342811607708,0.0,51.39456,0.0
2025-12-22 09:30:00,192.9378831416297,0.0,52.21172,0.0
2025-12-22 10:00:00,225.8583699135962,0.0,58.91022,0.0
2025-12-22 10:30:00,226.58521538046696,0.0,60.63054000000001,0.0
2025-12-22 11:00:00,205.76728970671905,0.0,56.77056,0.0
2025-12-22 11:30:00,226.63464873257635,0.0,56.45876,0.0
2025-12-22 12:00:00,227.2186630558447,0.0,57.232899999999994,0.0
2025-12-22 12:30:00,241.39733041839193,0.0,60.35097999999999,0.0
2025-12-22 13:00:00,244.89347766609671,0.0,60.63054,0.0
2025-12-22 13:30:00,247.74552259796022,0.0,69.36654,0.0
2025-12-22 14:00:00,226.85547384800088,0.0,68.44186,0.0
2025-12-22 14:30:00,261.64463181385986,0.0,71.61908,0.0
2025-12-22 15:00:00,236.1330535049623,0.0,70.99546,0.0
2025-12-22 15:30:00,249.59433663713827,0.0,70.46862,0.0
2025-12-22 16:00:00,277.8038873011805,0.0,71.67283999999998,0.0
2025-12-22 16:30:00,237.6270152674288,0.0,71.83412,0.0
2025-12-22 17:00:00,255.24540382107313,0.0,76.36072,0.0
2025-12-22 17:30:00,235.44615997441937,0.0,78.12404,0.0
2025-12-22 18:00:00,186.6612538071977,0.0,51.91066,0.0
2025-12-22 18:30:00,164.8555381408059,0.0,46.80346,0.0
2025-12-22 19:00:00,134.52836665710336,0.0,32.1915,0.0
2025-12-22 19:30:00,89.0506166267149,0.0,9.95636,0.053759999999999995
2025-12-22 20:00:00,77.60603321042028,0.0,0.15052,0.83866
2025-12-22 20:30:00,58.91584331611884,0.0,0.0215,1.41926
2025-12-22 21:00:00,58.97826593321749,0.0,0.01076,1.47302
2025-12-22 21:30:00,61.198068152188974,0.0,0.10752,0.96768
2025-12-22 22:00:00,57.58826204871477,0.0,0.05376,1.12896
2025-12-22 22:30:00,53.78988465427704,0.0,0.0215,3.08582
2025-12-22 23:00:00,50.012031327740225,0.0,0.0,3.79546
2025-12-22 23:30:00,47.59745842782853,0.0,0.0,3.34388
2025-12-23 00:00:00,42.32388669684811,0.0,0.0,4.16102
2025-12-23 00:30:00,39.85464749318427,0.0,0.0,5.54804
2025-12-23 01:00:00,39.37804206531655,0.0,0.0,6.26842
2025-12-23 01:30:00,41.530387114435975,0.0,0.0,5.61254
2025-12-23 02:00:00,42.1658237966878,0.0,0.0,5.72006
2025-12-23 02:30:00,39.47943412623078,0.0,0.0,5.48352
2025-12-23 03:00:00,41.73252867570309,0.0,0.07526,5.02118
2025-12-23 03:30:00,40.6103122761883,0.0,0.0,4.63412
2025-12-23 04:00:00,40.831683093160564,0.0,0.0,4.08576
2025-12-23 04:30:00,43.819147942457164,0.0,0.01076,3.3116199999999996
2025-12-23 05:00:00,37.11282801775575,0.0,0.0,3.5159
2025-12-23 05:30:00,38.96239544251082,0.0,0.0,3.50516
2025-12-23 06:00:00,38.9657687978608,0.0,0.0,3.46214
2025-12-23 06:30:00,35.899037549333514,0.0,0.0,4.44596
2025-12-23 07:00:00,43.30410521111622,0.0,0.0,4.47284
2025-12-23 07:30:00,54.60432976726278,0.0,0.4300800000000001,2.80628
2025-12-23 08:00:00,87.4989994129872,0.0,8.95642,0.32256
2025-12-23 08:30:00,196.9786189541154,0.0,66.79144,0.0
2025-12-23 09:00:00,231.57156148236163,0.0,71.5008,0.0
2025-12-23 09:30:00,237.14529337619553,0.0,68.8128,0.0
2025-12-23 10:00:00,230.59182271832353,0.0,67.85588,0.0
2025-12-23 10:30:00,250.5058602566699,0.0,69.03322,0.0
2025-12-23 11:00:00,249.1084791653355,0.0,71.7051,0.0
2025-12-23 11:30:00,240.01699110026192,0.0,70.72666,0.0
2025-12-23 12:00:00,240.2899501913771,0.0,69.67298,0.0
2025-12-23 12:30:00,218.23354293056875,0.0,73.3394,0.0
2025-12-23 13:00:00,224.31820904706723,0.0,80.14542,0.0
2025-12-23 13:30:00,227.44614889451015,0.0,83.38176,0.0
2025-12-23 14:00:00,239.47213919513501,0.0,81.10234,0.0
2025-12-23 14:30:00,255.31704962967854,0.0,82.93018,0.0
2025-12-23 15:00:00,224.78737743912444,0.0,89.66094,0.0
2025-12-23 15:30:00,242.62993763735162,0.0,87.50516,0.0
2025-12-23 16:00:00,227.12425405663657,0.0,85.05908,0.0
2025-12-23 16:30:00,248.08075410087423,0.0,83.72584,0.0
2025-12-23 17:00:00,246.23644850504246,0.0,84.61826,0.0
2025-12-23 17:30:00,223.256033270944,0.0,87.12346,0.0
2025-12-23 18:00:00,233.53138635556792,0.0,82.4571,0.0
2025-12-23 18:30:00,177.34737464269529,0.0,71.56532,0.0
2025-12-23 19:00:00,166.9624199158114,0.0,68.58702,0.0
2025-12-23 19:30:00,94.84670145781888,0.0,30.48192,0.0
2025-12-23 20:00:00,64.79216217513921,0.0,1.31174,1.74182
2025-12-23 20:30:00,55.27565960054353,0.0,0.0,2.48372
2025-12-23 21:00:00,52.33241823402054,0.0,0.01076,1.8063399999999998
2025-12-23 21:30:00,46.331965106606184,0.0,0.01076,2.04288
2025-12-23 22:00:00,46.37558222151378,0.0,0.01076,1.40852
2025-12-23 22:30:00,46.1441327652208,0.0,0.0,4.51584
2025-12-23 23:00:00,42.647509989406274,0.0,0.0,4.36532
2025-12-23 23:30:00,39.51371768348206,0.0,0.0,4.3223
2025-12-24 00:00:00,51.60428102810994,0.0,6.23616,0.0
2025-12-24 00:30:00,60.79313940954818,0.0,6.24692,0.0
2025-12-24 01:00:00,58.91334341633776,0.0,6.9673,0.0
2025-12-24 01:30:00,58.85780786429824,0.0,7.19308,0.0
2025-12-24 02:00:00,56.022504608282155,0.0,7.343619999999999,0.0
2025-12-24 02:30:00,59.806884257878856,0.0,7.8167,0.0
2025-12-24 03:00:00,59.7062782166928,0.0,7.773700000000001,0.0
2025-12-24 03:30:00,58.35094321797703,0.0,7.88122,0.0
2025-12-24 04:00:00,57.17201684539568,0.0,7.41888,0.0
2025-12-24 04:30:00,57.51920138146267,0.0,7.32212,0.0
2025-12-24 05:00:00,55.48184558240043,0.0,7.9779800000000005,0.0
2025-12-24 05:30:00,56.27068327711529,0.0,7.429639999999999,0.0
2025-12-24 06:00:00,56.695721411858145,0.0,7.0963199999999995,0.0
2025-12-24 06:30:00,58.76355197100068,0.0,6.9888,0.0
2025-12-24 07:00:00,65.29806478320543,0.0,6.30068,0.0
2025-12-24 07:30:00,74.42541713958487,0.0,10.98854,0.0
2025-12-24 08:00:00,102.34453568165551,0.0,18.42894,0.0
2025-12-24 08:30:00,216.2993064248417,0.0,75.66184,0.0
2025-12-24 09:00:00,214.73331594808926,0.0,77.0112,0.0
2025-12-24 09:30:00,218.76668490616385,0.0,76.94132,0.0
2025-12-24 10:00:00,234.5731509898112,0.0,77.23162,0.0
2025-12-24 10:30:00,252.81254736987123,0.0,77.42516,0.0
2025-12-24 11:00:00,262.6572791543143,0.0,89.35988,0.0
2025-12-24 11:30:00,274.84875712860344,0.0,83.5968,0.0
2025-12-24 12:00:00,260.87462671280315,0.0,84.75802,0.0
2025-12-24 12:30:00,265.3211505650338,0.0,90.03726,0.0
2025-12-24 13:00:00,259.65519199750383,0.0,89.9835,0.0
2025-12-24 13:30:00,273.8726005198683,0.0,88.48898,0.0
2025-12-24 14:00:00,244.37971802734342,0.0,87.46216,0.0
2025-12-24 14:30:00,222.66142044140705,0.0,85.02682,0.0
2025-12-24 15:00:00,267.7652716986761,0.0,86.49448,0.0
2025-12-24 15:30:00,248.01612438536634,0.0,85.34938,0.0
2025-12-24 16:00:00,254.32521183005102,0.0,83.09146,0.0
2025-12-24 16:30:00,260.2281713631562,0.0,82.58612,0.0
2025-12-24 17:00:00,225.28036871521437,0.0,83.91938,0.0
2025-12-24 17:30:00,225.1978118144772,0.0,82.1453,0.0
2025-12-24 18:00:00,197.47256764454463,0.0,69.67298,0.0
2025-12-24 18:30:00,196.71510643857457,0.0,68.59778,0.0
2025-12-24 19:00:00,173.93414710370882,0.0,51.22254,0.0
2025-12-24 19:30:00,173.38851663554902,0.0,49.83552,0.0
2025-12-24 20:00:00,163.69886410253378,0.0,43.373580000000004,0.0
2025-12-24 20:30:00,144.47092659860203,0.0,38.50292,0.0
2025-12-24 21:00:00,126.94618264834713,0.0,37.40622,0.0
2025-12-24 21:30:00,138.28254504958707,0.0,39.2018,0.0
2025-12-24 22:00:00,128.56392578497426,0.0,40.0512,0.0
2025-12-24 22:30:00,76.30445728704984,0.0,12.08526,0.0
2025-12-24 23:00:00,59.71463618076914,0.0,1.3225,2.87078
2025-12-24 23:30:00,54.20544030346993,0.0,0.0,3.66644
2025-12-25 00:00:00,32.183913878011886,0.0,0.0,3.4729
2025-12-25 00:30:00,33.06620430199944,0.0,0.0,4.735688085106383
2025-12-25 01:00:00,28.880442695558614,0.0,0.0,4.299888936170213
2025-12-25 01:30:00,32.728253643425546,0.0,0.0,4.2340080851063835
2025-12-25 02:00:00,30.164645843065998,0.0,0.0,4.550620425531915
2025-12-25 02:30:00,31.22490077494152,0.0,0.0,3.9558289361702133
2025-12-25 03:00:00,29.923752046903743,0.0,0.0,3.3562263829787233
2025-12-25 03:30:00,30.98557244726042,0.0,0.0,3.251904680851064
2025-12-25 04:00:00,33.8942094093131,0.0,0.0,3.0865029787234044
2025-12-25 04:30:00,32.46645798461677,0.0,0.0,3.3143531914893614
2025-12-25 05:00:00,34.28551796596673,0.0,0.0,3.2745510638297874
2025-12-25 05:30:00,33.88965858908158,0.0,0.008241702127659572,2.818853191489362
2025-12-25 06:00:00,32.13494646512167,0.0,0.0027472340425531913,3.144385106382979
2025-12-25 06:30:00,33.974906180047455,0.0,0.0,3.4097612765957446
2025-12-25 07:00:00,31.39690482542393,0.0,0.0,3.541988510638298
2025-12-25 07:30:00,34.651498403486734,0.0,3.48090553191489,3.038694042553192
2025-12-25 08:00:00,67.31298706219353,0.0,38.90829191489359,0.9480034042553205
2025-12-25 08:30:00,87.10682082083686,0.0,55.809069787234044,0.0
2025-12-25 09:00:00,83.16966919577045,0.0,54.14845319148937,0.0
2025-12-25 09:30:00,90.57787025742886,0.0,53.60947361702128,0.0
2025-12-25 10:00:00,81.65992744434466,0.0,53.183740851063824,0.0
2025-12-25 10:30:00,92.01632717931264,0.0,54.6144514893617,0.0
2025-12-25 11:00:00,90.36529666175677,0.0,57.93133234042552,0.0
2025-12-25 11:30:00,95.47553942666546,0.0,58.156436170212764,0.0
2025-12-25 12:00:00,90.78601013261773,0.0,56.97257234042553,0.0
2025-12-25 12:30:00,93.8722738281438,0.0,56.307315319148934,0.0
2025-12-25 13:00:00,90.10582048487677,0.0,56.55552000000001,0.0
2025-12-25 13:30:00,83.59365823666336,0.0,58.89579914893616,0.0
2025-12-25 14:00:00,92.32387880778485,0.0,59.84220851063831,0.0
2025-12-25 14:30:00,86.2352606034214,0.0,58.707067234042555,0.0
2025-12-25 15:00:00,86.7685127601947,0.0,55.73882297872341,0.0
2025-12-25 15:30:00,95.35171302543422,0.0,55.21723914893616,0.0
2025-12-25 16:00:00,87.90079018833406,0.0,54.00935744680854,0.0
2025-12-25 16:30:00,58.28521681786983,0.0,32.02541191489372,0.2594229787234006
2025-12-25 17:00:00,39.293178298549606,0.0,10.197019574468142,1.9177519148936022
2025-12-25 17:30:00,30.148618961491536,0.0,0.0,4.493650638297875
2025-12-25 18:00:00,28.804674287919852,0.0,0.0,4.232622553191486
2025-12-25 18:30:00,29.203680947594577,0.0,0.0,5.038802978723402
2025-12-25 19:00:00,30.29830701640533,0.0,0.0,5.5567268085106365
2025-12-25 19:30:00,31.90679427370821,0.0,0.0,5.92732
2025-12-25 20:00:00,31.680489797658886,0.0,0.0,5.662875319148938
2025-12-25 20:30:00,27.837170689154863,0.0,0.0013736170212765764,4.909771489361702
2025-12-25 21:00:00,31.74995514223364,0.0,0.009615319148936187,4.475805957446809
2025-12-25 21:30:00,31.953966039343904,0.0,0.0,4.145925106382979
2025-12-25 22:00:00,32.54416381288071,0.0,0.0,4.208260425531916
2025-12-25 22:30:00,34.28281713126807,0.0,0.0,4.114698723404255
2025-12-25 23:00:00,27.783550636069798,0.0,0.0,4.152326808510638
2025-12-25 23:30:00,30.757407432444086,0.0,0.0,3.75244
2025-12-26 00:00:00,37.258484958296656,0.0,0.0,5.97812
2025-12-26 00:30:00,37.93706354630361,0.0,0.0,6.114906382978724
2025-12-26 01:00:00,40.33479702845054,0.0,0.0,5.736988510638298
2025-12-26 01:30:00,42.27765537246864,0.0,0.0,5.891173191489362
2025-12-26 02:00:00,36.906182410377916,0.0,0.0,5.715945531914893
2025-12-26 02:30:00,39.58837460310785,0.0,0.0,4.973139574468084
2025-12-26 03:00:00,41.38312258182667,0.0,0.0,4.835189787234042
2025-12-26 03:30:00,40.760825802107384,0.0,0.0,4.589733617021277
2025-12-26 04:00:00,38.48557973691057,0.0,0.0,4.458881276595744
2025-12-26 04:30:00,40.08096321793258,0.0,0.0,3.8755280851063834
2025-12-26 05:00:00,36.729181896059615,0.0,0.0,4.334203829787234
2025-12-26 05:30:00,39.67216609258197,0.0,0.0,4.284329787234043
2025-12-26 06:00:00,40.822423335141124,0.0,0.0,4.696562127659575
2025-12-26 06:30:00,42.661608822364244,0.0,0.0,5.4277
2025-12-26 07:00:00,48.89320020441798,0.0,0.4982578723404248,4.803061276595746
2025-12-26 07:30:00,76.66990247993982,0.0,5.277633191489357,1.4408876595744715
2025-12-26 08:00:00,160.42038640822722,0.0,47.59362680851061,0.010982127659574483
2025-12-26 08:30:00,195.14531797479964,0.0,68.69270765957447,0.0
2025-12-26 09:00:00,203.12091588607234,0.0,69.07794127659575,0.0
2025-12-26 09:30:00,203.1753424476389,0.0,68.59661617021277,0.0
2025-12-26 10:00:00,205.96282764151127,0.0,68.78443531914893,0.0
2025-12-26 10:30:00,200.82799739485716,0.0,68.02584468085107,0.0
2025-12-26 11:00:00,213.03492082600735,0.0,67.47773063829787,0.0
2025-12-26 11:30:00,211.02620247338754,0.0,71.16682170212766,0.0
2025-12-26 12:00:00,221.4010779746896,0.0,67.22059914893617,0.0
2025-12-26 12:30:00,182.73408602116922,0.0,53.827255319148925,0.0
2025-12-26 13:00:00,149.30515410738005,0.0,46.54266595744681,0.0
2025-12-26 13:30:00,138.60271896960577,0.0,45.740163829787235,0.0
2025-12-26 14:00:00,136.9909328266775,0.0,45.22406297872341,0.0
2025-12-26 14:30:00,173.93813564834647,0.0,53.84121191489358,0.0
2025-12-26 15:00:00,202.22118394890657,0.0,68.58037957446808,0.0
2025-12-26 15:30:00,207.30442826814132,0.0,69.12714042553192,0.0
2025-12-26 16:00:00,185.16629730032489,0.0,70.57294382978723,0.0
2025-12-26 16:30:00,212.20468331168814,0.0,70.82321446808513,0.0
2025-12-26 17:00:00,203.58980515137557,0.0,67.01653659574468,0.0
2025-12-26 17:30:00,176.92228711172496,0.0,65.40190255319152,0.0
2025-12-26 18:00:00,163.36372580933948,0.0,59.059137446808535,0.0
2025-12-26 18:30:00,158.08043279590544,0.0,51.375810638297914,0.0
2025-12-26 19:00:00,128.67777798744703,0.0,37.08959744680857,0.0
2025-12-26 19:30:00,95.78146917272375,0.0,17.803716595744735,0.733882553191479
2025-12-26 20:00:00,67.07422092676656,0.0,0.20131063829787285,4.3499914893617015
2025-12-26 20:30:00,58.65271692463089,0.0,0.0,4.5188144680851074
2025-12-26 21:00:00,58.04204958906996,0.0,0.0,4.169492765957447
2025-12-26 21:30:00,59.83005212998911,0.0,0.0,4.16492
2025-12-26 22:00:00,44.28950996588521,0.0,0.0,4.47397234042553
2025-12-26 22:30:00,46.188408965860106,0.0,0.0,6.6715051063829796
2025-12-26 23:00:00,45.68642441373372,0.0,0.0,6.06046
2025-12-26 23:30:00,44.42901546134387,0.0,0.0,5.8921
2025-12-27 00:00:00,51.03464628280781,0.0,0.8171600000000001,0.15052
2025-12-27 00:30:00,48.8471442666251,0.0,1.08058,0.0215
2025-12-27 01:00:00,45.54590124242063,0.0,1.5698,0.0
2025-12-27 01:30:00,46.96351278883789,0.0,0.72038,0.37632
2025-12-27 02:00:00,39.76597405609181,0.0,0.16128,0.62362
2025-12-27 02:30:00,45.97640647083335,0.0,0.59136,0.06452
2025-12-27 03:00:00,42.722427484677546,0.0,0.38708,0.13978
2025-12-27 03:30:00,42.77535712896801,0.0,0.79564,0.0215
2025-12-27 04:00:00,43.26914934578084,0.0,1.02144,0.0
2025-12-27 04:30:00,44.520921888955414,0.0,1.13434,0.0
2025-12-27 05:00:00,48.18828382070055,0.0,1.47302,0.0
2025-12-27 05:30:00,43.04191784131901,0.0,1.55904,0.0
2025-12-27 06:00:00,46.866316694458256,0.0,1.81708,0.0
2025-12-27 06:30:00,44.07841900874454,0.0,1.67732,0.0
2025-12-27 07:00:00,44.79461348610756,0.0,1.7848399999999998,0.0
2025-12-27 07:30:00,45.71060123713712,0.0,0.89242,0.2903
2025-12-27 08:00:00,44.0825866565203,0.0,0.2903,0.32794
2025-12-27 08:30:00,46.21408420921024,0.0,0.11828,0.97844
2025-12-27 09:00:00,42.684819584425824,0.0,0.21504,0.96768
2025-12-27 09:30:00,41.51519617229501,0.0,0.13978,0.8494
2025-12-27 10:00:00,40.17575053049756,0.0,0.0,2.1074
2025-12-27 10:30:00,42.7015465763367,0.0,0.38708,0.61286
2025-12-27 11:00:00,41.7333381304994,0.0,0.34406,0.40858
2025-12-27 11:30:00,38.427562733539375,0.0,0.15052,1.0322
2025-12-27 12:00:00,47.779051316374456,0.0,1.22572,0.0215
2025-12-27 12:30:00,47.179447516010384,0.0,0.5591,0.79564
2025-12-27 13:00:00,51.77139405004992,0.0,0.07526,0.9246799999999998
2025-12-27 13:30:00,50.2408522695282,0.0,0.01076,1.68806
2025-12-27 14:00:00,43.83998022925445,0.0,0.01076,1.9568600000000003
2025-12-27 14:30:00,44.57478811327978,0.0,0.0,2.52672
2025-12-27 15:00:00,42.96041838713907,0.0,0.0,2.40844
2025-12-27 15:30:00,44.860349123166586,0.0,0.0,2.11276
2025-12-27 16:00:00,46.248690136086445,0.0,0.0,2.645
2025-12-27 16:30:00,47.03522120320702,0.0,0.0,2.96756
2025-12-27 17:00:00,44.266398262780704,0.0,0.01076,2.06438
2025-12-27 17:30:00,44.34681042292369,0.0,0.0,2.1934
2025-12-27 18:00:00,40.13398684705888,0.0,0.0,2.13964
2025-12-27 18:30:00,46.246824549035445,0.0,0.0215,1.3655
2025-12-27 19:00:00,42.73247591254842,0.0,0.0,1.5698
2025-12-27 19:30:00,44.11977701361178,0.0,0.05376,1.23648
2025-12-27 20:00:00,41.226845726893,0.0,0.05376,1.10746
2025-12-27 20:30:00,39.867474906421506,0.0,0.010760000000000002,2.1289
2025-12-27 21:00:00,37.91501751269629,0.0,0.0215,1.344
2025-12-27 21:30:00,38.12861582230214,0.0,0.06452,1.22572
2025-12-27 22:00:00,44.513110243232994,0.0,0.01076,3.59116
2025-12-27 22:30:00,38.596747812632174,0.0,0.0,2.98906
2025-12-27 23:00:00,37.43136260446707,0.0,0.0,3.3438800000000004
2025-12-27 23:30:00,44.4427925663672,0.0,0.0,3.90298
2025-12-28 00:00:00,38.740247226626,0.0,0.0,5.02118
2025-12-28 00:30:00,37.547413933762016,0.0,0.0,4.80614
2025-12-28 01:00:00,35.23949673581165,0.0,0.0,5.58028
2025-12-28 01:30:00,37.83315871465156,0.0,0.0,5.34374
2025-12-28 02:00:00,39.33378642606321,0.0,0.0,5.20396
2025-12-28 02:30:00,42.117663520380496,0.0,0.0,4.95668
2025-12-28 03:00:00,39.39978494609544,0.0,0.0,4.60186
2025-12-28 03:30:00,41.709441339710764,0.0,0.0,4.075
2025-12-28 04:00:00,38.886738420815696,0.0,0.0,3.99974
2025-12-28 04:30:00,36.726459935970425,0.0,0.0,3.56966
2025-12-28 05:00:00,38.1182985752336,0.0,0.0,3.2471
2025-12-28 05:30:00,38.16710937136537,0.0,0.01076,2.86004
2025-12-28 06:00:00,44.70973398281299,0.0,0.0,2.9998
2025-12-28 06:30:00,38.43138573639547,0.0,0.0,2.60736
2025-12-28 07:00:00,40.56635695023727,0.0,0.0,3.2471
2025-12-28 07:30:00,36.91475443748743,0.0,0.0,5.24698
2025-12-28 08:00:00,37.42270286975017,0.0,0.0,6.73076
2025-12-28 08:30:00,38.3839522772672,0.0,0.0,5.48352
2025-12-28 09:00:00,35.90054364499307,0.0,0.0,6.23616
2025-12-28 09:30:00,37.387808499344644,0.0,0.0,6.537219999999999
2025-12-28 10:00:00,35.233712193754656,0.0,0.0,6.52646
2025-12-28 10:30:00,38.423641035505945,0.0,0.0,4.3223
2025-12-28 11:00:00,36.80239322608055,0.0,0.0,4.49434
2025-12-28 11:30:00,35.68764109267254,0.0,0.0,4.53734
2025-12-28 12:00:00,36.62878727042985,0.0,0.0,4.032
2025-12-28 12:30:00,38.41981367138297,0.0,0.0,3.81696
2025-12-28 13:00:00,41.325955390385374,0.0,0.0,3.84922
2025-12-28 13:30:00,39.935904743721046,0.0,0.0,4.3008
2025-12-28 14:00:00,39.918158219110104,0.0,0.010760000000000002,2.1934
2025-12-28 14:30:00,39.07367952811405,0.0,0.0,2.645
2025-12-28 15:00:00,41.818832599094115,0.0,0.0,2.50522
2025-12-28 15:30:00,39.26527490743946,0.0,0.0,2.90304
2025-12-28 16:00:00,37.669692907557426,0.0,0.0,2.9568
2025-12-28 16:30:00,41.13217478347868,0.0,0.0,3.25786
2025-12-28 17:00:00,39.79025049428278,0.0,0.01076,3.27936
2025-12-28 17:30:00,42.21873481106973,0.0,0.0,3.09658
2025-12-28 18:00:00,38.971765393704146,0.0,0.0,2.86004
2025-12-28 18:30:00,36.44158990141063,0.0,0.0,3.09658
2025-12-28 19:00:00,36.04489203254226,0.0,0.0,3.17184
2025-12-28 19:30:00,40.881797846742394,0.0,0.0,4.47284
2025-12-28 20:00:00,42.85035424572661,0.0,0.0,4.23092
2025-12-28 20:30:00,39.39910612073104,0.0,0.0,3.2686000000000006
2025-12-28 21:00:00,38.921913419588364,0.0,0.0,3.8062
2025-12-28 21:30:00,43.00021717287155,0.0,0.0,3.2470999999999997
2025-12-28 22:00:00,36.778977651092454,0.0,0.0,3.31162
2025-12-28 22:30:00,37.906962410208635,0.0,0.0,2.92454
2025-12-28 23:00:00,40.49096275107483,0.0,0.010760000000000002,3.08582
2025-12-28 23:30:00,39.37438461918573,0.0,0.0,2.23642
2025-12-29 00:00:00,41.115426685916255,0.0,0.0,2.9568
2025-12-29 00:30:00,36.946869050566,0.0,0.01076,2.71488
2025-12-29 01:00:00,39.386494560987764,0.0,0.0,2.60198
2025-12-29 01:30:00,36.3431226871561,0.0,0.0,2.92454
2025-12-29 02:00:00,37.1158461688739,0.0,0.0,4.62336
2025-12-29 02:30:00,36.34196677547215,0.0,0.0,4.5481
2025-12-29 03:00:00,36.295638782154455,0.0,0.0,4.92442
2025-12-29 03:30:00,40.031901985605884,0.0,0.0,4.26854
2025-12-29 04:00:00,34.522159100089894,0.0,0.0,3.93524
2025-12-29 04:30:00,38.896966683025305,0.0,0.0,3.38688
2025-12-29 05:00:00,38.06409158002467,0.0,0.0,3.91372
2025-12-29 05:30:00,37.60363042261741,0.0,0.0,3.42988
2025-12-29 06:00:00,35.61071957248065,0.0,0.0,3.82772
2025-12-29 06:30:00,36.5788028937302,0.0,0.0,5.05344
2025-12-29 07:00:00,39.95490152921303,0.0,0.0,5.34374
2025-12-29 07:30:00,57.31638930913528,0.0,0.9891800000000001,2.9568
2025-12-29 08:00:00,92.80546725941436,0.0,12.82714,0.0215
2025-12-29 08:30:00,215.94027308983553,0.0,67.2699,0.0
2025-12-29 09:00:00,230.19456021132538,0.0,68.60852,0.0
2025-12-29 09:30:00,226.08878728456466,0.0,70.8987,0.0
2025-12-29 10:00:00,245.36232678317796,0.0,70.47938,0.0
2025-12-29 10:30:00,256.51032390495664,0.0,79.7906,0.0
2025-12-29 11:00:00,271.73864567962124,0.0,81.2475,0.0
2025-12-29 11:30:00,268.62765184158025,0.0,82.91944,0.0
2025-12-29 12:00:00,259.17975752035136,0.0,82.82266,0.0
2025-12-29 12:30:00,265.9957987740103,0.0,82.31732,0.0
2025-12-29 13:00:00,234.33757941688592,0.0,86.85466,0.0
2025-12-29 13:30:00,230.97688289132358,0.0,84.10214,0.0
2025-12-29 14:00:00,222.89241120253138,0.0,77.3714,0.0
2025-12-29 14:30:00,241.48034096239047,0.0,86.4676,0.0
2025-12-29 15:00:00,228.19947265894908,0.0,82.82266,0.0
2025-12-29 15:30:00,258.0588602321319,0.0,80.81204,0.0
2025-12-29 16:00:00,242.7311221274326,0.0,80.00564,0.0
2025-12-29 16:30:00,235.52951736777982,0.0,75.83386,0.0
2025-12-29 17:00:00,243.08627204591832,0.0,77.24238,0.0
2025-12-29 17:30:00,255.41710161721562,0.0,79.34976,0.0
2025-12-29 18:00:00,232.79966995734907,0.0,70.78042,0.0
2025-12-29 18:30:00,211.05767736779276,0.0,59.98542,0.0
2025-12-29 19:00:00,194.45777798870776,0.0,50.70644,0.0
2025-12-29 19:30:00,98.10977851011484,0.0,19.19232,0.0
2025-12-29 20:00:00,67.01454643531716,0.0,0.8494,0.05376
2025-12-29 20:30:00,51.36113064026092,0.0,0.13978,0.8601600000000001
2025-12-29 21:00:00,47.01525227567385,0.0,0.01076,2.13964
2025-12-29 21:30:00,44.55899295274105,0.0,0.01076,1.3977600000000001
2025-12-29 22:00:00,41.06615683559164,0.0,0.13978,1.26874
2025-12-29 22:30:00,39.172523228210274,0.0,0.0,3.87072
2025-12-29 23:00:00,38.89018593924341,0.0,0.0,4.29004
2025-12-29 23:30:00,42.363256498117245,0.0,0.0,4.08576
2025-12-30 00:00:00,42.36952140075975,0.0,0.0,4.41908
2025-12-30 00:30:00,37.577470918784826,0.0,0.0,4.33844
2025-12-30 01:00:00,39.773734285830486,0.0,0.0,4.16102
2025-12-30 01:30:00,39.93732821946748,0.0,0.0,3.85996
2025-12-30 02:00:00,39.21531283968478,0.0,0.0,3.41914
2025-12-30 02:30:00,40.0819666198941,0.0,0.01076,3.0213200000000002
2025-12-30 03:00:00,44.04689851094287,0.0,0.0,2.38156
2025-12-30 03:30:00,38.735468652620405,0.0,0.0,2.3278
2025-12-30 04:00:00,43.59184712001813,0.0,0.010759999999999999,2.3762
2025-12-30 04:30:00,36.48795567615261,0.0,0.0,4.5696
2025-12-30 05:00:00,39.888026993129905,0.0,0.0,4.31156
2025-12-30 05:30:00,41.40731243433923,0.0,0.0,4.13952
2025-12-30 06:00:00,41.604535470822604,0.0,0.0,4.37606
2025-12-30 06:30:00,42.053581810681884,0.0,0.0,4.032
2025-12-30 07:00:00,41.595878060139746,0.0,0.0,4.10726
2025-12-30 07:30:00,38.648629707726776,0.0,0.0,4.44596
2025-12-30 08:00:00,38.8368921699505,0.0,0.0,3.93524
2025-12-30 08:30:00,41.087819241923974,0.0,0.0,3.99974
2025-12-30 09:00:00,39.87661982705877,0.0,0.0,3.91372
2025-12-30 09:30:00,37.80218583594727,0.0,0.0,4.075
2025-12-30 10:00:00,36.90681488869187,0.0,0.0,4.68788
2025-12-30 10:30:00,37.01850949045568,0.0,0.0,5.01044
2025-12-30 11:00:00,41.208565191182245,0.0,0.0,4.3008
2025-12-30 11:30:00,40.11334757966581,0.0,0.0,4.50508
2025-12-30 12:00:00,39.9294177076394,0.0,0.0,4.91366
2025-12-30 12:30:00,39.030400689608236,0.0,0.0,4.42982
2025-12-30 13:00:00,40.549020717643394,0.0,0.0,4.16102
2025-12-30 13:30:00,40.95604302731027,0.0,0.0,4.2578
2025-12-30 14:00:00,39.33813358759558,0.0,0.0,3.9137200000000005
2025-12-30 14:30:00,40.62082834120804,0.0,0.0,3.83846
2025-12-30 15:00:00,39.05147267528543,0.0,0.0,3.7632
2025-12-30 15:30:00,38.837716066170834,0.0,0.0,4.08576
2025-12-30 16:00:00,38.42349320757964,0.0,0.0,4.94592
2025-12-30 16:30:00,37.56709108291204,0.0,0.0,4.6126
2025-12-30 17:00:00,40.34618356055438,0.0,0.0,4.8814
2025-12-30 17:30:00,39.13156679724647,0.0,0.0,4.5266
2025-12-30 18:00:00,40.06020542410575,0.0,0.0,4.96742
2025-12-30 18:30:00,41.305044325722164,0.0,0.0,5.07494
2025-12-30 19:00:00,39.480164519011375,0.0,0.0,5.6448
2025-12-30 19:30:00,40.56144794057048,0.0,0.0,5.85984
2025-12-30 20:00:00,39.738427122742706,0.0,0.0,4.94592
2025-12-30 20:30:00,38.935146644133006,0.0,0.0,3.989
2025-12-30 21:00:00,39.875618493268384,0.0,0.01076,3.75244
2025-12-30 21:30:00,37.410085987105404,0.0,0.0,3.40838
2025-12-30 22:00:00,37.70046040657677,0.0,0.0,3.34388
2025-12-30 22:30:00,38.93726552852125,0.0,0.0,2.3977
2025-12-30 23:00:00,38.57455405003123,0.0,0.0,2.7094999999999994
2025-12-30 23:30:00,42.15200574920695,0.0,0.01076,2.31168
2025-12-31 00:00:00,54.32277841424665,0.0,0.0,3.37612
2025-12-31 00:30:00,54.4784626351956,0.0,0.0,2.84928
2025-12-31 01:00:00,46.37570471043877,0.0,0.0,3.73094
2025-12-31 01:30:00,48.95901937590795,0.0,0.0,3.17184
2025-12-31 02:00:00,51.600592324015295,0.0,0.0,3.27936
2025-12-31 02:30:00,51.29175002555146,0.0,0.0,2.645
2025-12-31 03:00:00,52.345770352058196,0.0,0.01076,2.23642
2025-12-31 03:30:00,49.02542259243017,0.0,0.0,2.731
2025-12-31 04:00:00,54.75934349425093,0.0,0.0,1.68806
2025-12-31 04:30:00,54.5694895561004,0.0,0.0,2.32244
2025-12-31 05:00:00,52.097578771537364,0.0,0.0,4.70938
2025-12-31 05:30:00,56.155111891936855,0.0,0.0,4.6126
2025-12-31 06:00:00,52.99975416896855,0.0,0.0,4.41908
2025-12-31 06:30:00,48.16235438520047,0.0,0.0,5.10182
2025-12-31 07:00:00,59.20424284653081,0.0,0.65588,2.78476
2025-12-31 07:30:00,68.3565234535757,0.0,3.16108,0.01076
2025-12-31 08:00:00,101.62688531407498,0.0,7.61242,0.0
2025-12-31 08:30:00,179.24876951196134,0.0,55.51258,0.0
2025-12-31 09:00:00,206.35890941228263,0.0,63.00672,0.0
2025-12-31 09:30:00,203.32004093909782,0.0,60.78106,0.0
2025-12-31 10:00:00,222.50296383803493,0.0,57.67374,0.0
2025-12-31 10:30:00,208.473210709903,0.0,59.23277999999999,0.0
2025-12-31 11:00:00,214.63991399893425,0.0,60.25422,0.0
2025-12-31 11:30:00,210.5999908584307,0.0,61.15738,0.0
2025-12-31 12:00:00,227.78205437997505,0.0,68.26446,0.0
2025-12-31 12:30:00,232.22926852594864,0.0,76.72628,0.0
2025-12-31 13:00:00,229.16569824864612,0.0,75.6242,0.0
2025-12-31 13:30:00,225.82744216037995,0.0,73.81786,0.0
2025-12-31 14:00:00,244.57428352791038,0.0,70.47938,0.0
2025-12-31 14:30:00,227.61864540492394,0.0,69.32352,0.0
2025-12-31 15:00:00,236.55377470722445,0.0,71.3019,0.0
2025-12-31 15:30:00,230.74055295681794,0.0,76.522,0.0
2025-12-31 16:00:00,236.18300586349116,0.0,69.0601,0.0
2025-12-31 16:30:00,245.92278766866517,0.0,71.90938,0.0
2025-12-31 17:00:00,231.57146313093202,0.0,67.6032,0.0
2025-12-31 17:30:00,222.64052012006448,0.0,63.72712,0.0
2025-12-31 18:00:00,182.70526416881626,0.0,49.48069999999999,0.0
2025-12-31 18:30:00,178.30782097043945,0.0,45.9433,0.0
2025-12-31 19:00:00,170.74757232079568,0.0,41.97582,0.0
2025-12-31 19:30:00,164.06768421724726,0.0,37.69652,0.0
2025-12-31 20:00:00,154.6999234045602,0.0,38.82548,0.0
2025-12-31 20:30:00,158.1410127980386,0.0,38.26638,0.0
2025-12-31 21:00:00,149.74530962443717,0.0,38.36314,0.0
2025-12-31 21:30:00,137.43438608529385,0.0,37.80942,0.0
2025-12-31 22:00:00,125.91603203192,0.0,35.15904,0.0
2025-12-31 22:30:00,69.19202896619358,0.0,6.68774,0.27956
2025-12-31 23:00:00,58.5369276237768,0.0,0.0,3.5374
2025-12-31 23:30:00,53.81435023879461,0.0,0.0,4.39756
2026-01-01 00:30:00,46.15834,0.0,0.0,3.4729
2026-01-01 01:00:00,44.3305,0.0,0.0,4.76314
2026-01-01 01:30:00,45.653,0.0,0.0,4.2793
2026-01-01 02:00:00,45.73902,0.0,0.0,4.23092
2026-01-01 02:30:00,44.61006,0.0,0.0,4.58036
2026-01-01 03:00:00,45.78202,0.0,0.0,3.88148
2026-01-01 03:30:00,46.08308,0.0,0.0,3.27936
2026-01-01 04:00:00,45.91104,0.0,0.0,3.2471
2026-01-01 04:30:00,46.49166,0.0,0.0,3.05356
2026-01-01 05:00:00,45.86804,0.0,0.0,3.37612
2026-01-01 05:30:00,46.02932,0.0,0.0,3.2471
2026-01-01 06:00:00,46.84646,0.0,0.01076,2.688
2026-01-01 06:30:00,45.49172,0.0,0.0,3.30086
2026-01-01 07:00:00,45.57774,0.0,0.0,3.4514
2026-01-01 07:30:00,44.44878,0.0,0.0,3.58042
2026-01-01 08:00:00,50.40538,0.0,5.11258,2.78476
2026-01-01 08:30:00,124.99202,0.0,56.35124,0.0
2026-01-01 09:00:00,127.44348,0.0,55.50184,0.0
2026-01-01 09:30:00,124.48668,0.0,53.30842,0.0
2026-01-01 10:00:00,126.71234,0.0,53.81376,0.0
2026-01-01 10:30:00,126.32526,0.0,52.71706,0.0
2026-01-01 11:00:00,131.3142,0.0,56.14696,0.0
2026-01-01 11:30:00,134.47528,0.0,59.50158,0.0
2026-01-01 12:00:00,128.6047,0.0,56.86734,0.0
2026-01-01 12:30:00,126.45428,0.0,57.08238,0.0
2026-01-01 13:00:00,124.25012,0.0,55.42656,0.0
2026-01-01 13:30:00,129.77666,0.0,57.95328,0.0
2026-01-01 14:00:00,135.5935,0.0,60.1682,0.0
2026-01-01 14:30:00,134.21186,0.0,59.3618,0.0
2026-01-01 15:00:00,132.43778,0.0,57.65222,0.0
2026-01-01 15:30:00,125.28232,0.0,52.36224,0.0
2026-01-01 16:00:00,136.88372,0.0,60.7488,0.0
2026-01-01 16:30:00,97.06906,0.0,39.63188,0.0
2026-01-01 17:00:00,66.75918,0.0,14.09588,0.87092
2026-01-01 17:30:00,43.54022,0.0,0.0,4.65562
2026-01-01 18:00:00,44.85734,0.0,0.0,4.02124
2026-01-01 18:30:00,44.22298,0.0,0.0,4.92442
2026-01-01 19:00:00,43.40584,0.0,0.0,5.46202
2026-01-01 19:30:00,43.8359,0.0,0.0,5.9566
2026-01-01 20:00:00,44.63156,0.0,0.0,5.78458
2026-01-01 20:30:00,45.8788,0.0,0.0,4.96742
2026-01-01 21:00:00,45.49172,0.0,0.01076,4.51584
2026-01-01 21:30:00,46.40564,0.0,0.0,4.13952
2026-01-01 22:00:00,46.49166,0.0,0.0,4.21478
2026-01-01 22:30:00,46.28736,0.0,0.0,4.11264
2026-01-01 23:00:00,45.1369,0.0,0.0,4.16102
2026-01-01 23:30:00,46.20136,0.0,0.0,3.75244
2026-01-02 00:00:00,46.53466,0.0,0.0,3.56966
2026-01-02 00:30:00,45.62074,0.0,0.0,3.29012
2026-01-02 01:00:00,46.17984,0.0,0.0,3.66644
2026-01-02 01:30:00,46.2336,0.0,0.0,3.60192
2026-01-02 02:00:00,45.37344,0.0,0.0,3.55892
2026-01-02 02:30:00,46.06158,0.0,0.0,2.9138
2026-01-02 03:00:00,46.80346,0.0,0.0,2.60736
2026-01-02 03:30:00,45.73902,0.0,0.0,2.688
2026-01-02 04:00:00,46.44864,0.0,0.0,2.69876
2026-01-02 04:30:00,46.88948,0.0,0.0,2.52672
2026-01-02 05:00:00,45.82504,0.0,0.0,3.1826
2026-01-02 05:30:00,46.76046,0.0,0.01076,2.5536
2026-01-02 06:00:00,47.17978,0.0,0.0,2.40844
2026-01-02 06:30:00,44.9111,0.0,0.0,3.5159
2026-01-02 07:00:00,52.0612,0.0,0.52684,3.11808
2026-01-02 07:30:00,65.40442,0.0,2.18266,0.15052
2026-01-02 08:00:00,84.98382,0.0,8.8489,0.0215
2026-01-02 08:30:00,189.1277,0.0,67.5602,0.0
2026-01-02 09:00:00,200.5034,0.0,69.0601,0.0
2026-01-02 09:30:00,194.2779,0.0,58.5124,0.0
2026-01-02 10:00:00,193.9446,0.0,57.40494,0.0
2026-01-02 10:30:00,215.298,0.0,68.28596,0.0
2026-01-02 11:00:00,218.4806,0.0,74.22106,0.0
2026-01-02 11:30:00,213.6852,0.0,72.31796,0.0
2026-01-02 12:00:00,214.2874,0.0,74.9307,0.0
2026-01-02 12:30:00,212.1908,0.0,73.77486,0.0
2026-01-02 13:00:00,145.19502,0.0,44.24448,0.0
2026-01-02 13:30:00,133.64738,0.0,40.85224,0.0
2026-01-02 14:00:00,129.65838,0.0,38.71258,0.0
2026-01-02 14:30:00,132.66894,0.0,37.76102,0.0
2026-01-02 15:00:00,159.83926,0.0,44.36276,0.0
2026-01-02 15:30:00,176.7414,0.0,53.76,0.0
2026-01-02 16:00:00,190.805,0.0,55.80288,0.0
2026-01-02 16:30:00,173.95664,0.0,48.68506,0.0
2026-01-02 17:00:00,178.14992,0.0,55.00724,0.0
2026-01-02 17:30:00,174.99958,0.0,52.373,0.0
2026-01-02 18:00:00,150.80758,0.0,47.0615,0.0
2026-01-02 18:30:00,134.0237,0.0,41.58874,0.0
2026-01-02 19:00:00,117.20756,0.0,38.89,0.0
2026-01-02 19:30:00,63.97442,0.0,8.16076,0.07526
2026-01-02 20:00:00,52.00744,0.0,0.0,2.21492
2026-01-02 20:30:00,45.1154,0.0,0.01076,3.23636
2026-01-02 21:00:00,44.05096,0.0,0.0,4.661
2026-01-02 21:30:00,43.31982,0.0,0.0,4.47284
2026-01-02 22:00:00,44.42726,0.0,0.0,3.84922
2026-01-02 22:30:00,44.39502,0.0,0.0,3.23636
2026-01-02 23:00:00,44.76058,0.0,0.0,3.1826
2026-01-02 23:30:00,43.88968,0.0,0.0,3.42988
2026-01-03 00:00:00,44.29824,0.0,0.0,5.32762
2026-01-03 00:30:00,43.7499,0.0,0.0,5.42976
2026-01-03 01:00:00,44.90036,0.0,0.0,5.23622
2026-01-03 01:30:00,43.7714,0.0,0.0,5.23622
2026-01-03 02:00:00,43.54022,0.0,0.0,5.23622
2026-01-03 02:30:00,45.02938,0.0,0.0,4.24704
2026-01-03 03:00:00,44.1047,0.0,0.0,4.15028
2026-01-03 03:30:00,44.5778,0.0,0.0,3.87072
2026-01-03 04:00:00,44.8251,0.0,0.0,3.88148
2026-01-03 04:30:00,44.3735,0.0,0.0,3.7202
2026-01-03 05:00:00,44.8466,0.0,0.0,3.2686
2026-01-03 05:30:00,44.96488,0.0,0.0,3.46214
2026-01-03 06:00:00,45.28742,0.0,0.0,3.09658
2026-01-03 06:30:00,43.85742,0.0,0.0,3.63418
2026-01-03 07:00:00,44.69606,0.0,0.0,3.97824
2026-01-03 07:30:00,42.50266,0.0,0.0,4.63412
2026-01-03 08:00:00,47.99694,0.0,3.73094,3.64492
2026-01-03 08:30:00,105.14382,0.0,35.27732,0.0
2026-01-03 09:00:00,107.33724,0.0,37.93306,0.0
2026-01-03 09:30:00,107.06842,0.0,38.01908,0.0
2026-01-03 10:00:00,108.22964,0.0,39.84692,0.0
2026-01-03 10:30:00,109.79944,0.0,38.89,0.0
2026-01-03 11:00:00,113.02504,0.0,38.56742,0.0
2026-01-03 11:30:00,112.08962,0.0,38.933,0.0
2026-01-03 12:00:00,117.47636,0.0,44.5348,0.0
2026-01-03 12:30:00,121.9062,0.0,48.55604,0.0
2026-01-03 13:00:00,120.72348,0.0,48.59904,0.0
2026-01-03 13:30:00,121.23958,0.0,47.68512,0.0
2026-01-03 14:00:00,121.4546,0.0,47.2443,0.0
2026-01-03 14:30:00,117.50862,0.0,44.12622,0.0
2026-01-03 15:00:00,120.88476,0.0,46.30886,0.0
2026-01-03 15:30:00,119.69128,0.0,45.82504,0.0
2026-01-03 16:00:00,119.63752,0.0,44.99712,0.0
2026-01-03 16:30:00,117.56238,0.0,44.52404,0.0
2026-01-03 17:00:00,118.36878,0.0,46.02932,0.0
2026-01-03 17:30:00,119.7558,0.0,47.45934,0.0
2026-01-03 18:00:00,118.50856,0.0,47.00774,0.0
2026-01-03 18:30:00,111.43374,0.0,40.59956,0.0
2026-01-03 19:00:00,106.77812,0.0,37.22342,0.0
2026-01-03 19:30:00,58.17908,0.0,8.03174,0.13978
2026-01-03 20:00:00,49.03988,0.0,0.0,2.7095
2026-01-03 20:30:00,45.01864,0.0,0.01076,1.54828
2026-01-03 21:00:00,44.8466,0.0,0.0215,1.301
2026-01-03 21:30:00,44.71758,0.0,0.09676,1.53754
2026-01-03 22:00:00,44.38426,0.0,0.0,3.55892
2026-01-03 22:30:00,43.34132,0.0,0.0,3.34388
2026-01-03 23:00:00,45.00788,0.0,0.0,2.47296
2026-01-03 23:30:00,45.06164,0.0,0.0,2.36544
2026-01-04 00:00:00,43.16928,0.0,0.0,4.32768
2026-01-04 00:30:00,43.70688,0.0,0.0,4.90292
2026-01-04 01:00:00,43.76064,0.0,0.0,4.37606
2026-01-04 01:30:00,44.45952,0.0,0.0,3.68794
2026-01-04 02:00:00,42.93274,0.0,0.0,4.23092
2026-01-04 02:30:00,43.93806,0.0,0.0,3.73094
2026-01-04 03:00:00,44.1047,0.0,0.0,3.52666
2026-01-04 03:30:00,43.69614,0.0,0.0,3.1826
2026-01-04 04:00:00,44.6208,0.0,0.0,2.90304
2026-01-04 04:30:00,43.42734,0.0,0.0,3.44064
2026-01-04 05:00:00,44.71758,0.0,0.0,2.731
2026-01-04 05:30:00,44.8681,0.0,0.01076,2.67724
2026-01-04 06:00:00,44.90036,0.0,0.0,2.65574
2026-01-04 06:30:00,44.73908,0.0,0.0,2.25792
2026-01-04 07:00:00,42.30912,0.0,0.0,3.2041
2026-01-04 07:30:00,43.86816,0.0,0.0,2.4622
2026-01-04 08:00:00,48.47002,0.0,2.9138,1.62356
2026-01-04 08:30:00,105.63842,0.0,41.56724,0.0
2026-01-04 09:00:00,115.2292,0.0,45.9648,0.0
2026-01-04 09:30:00,114.97116,0.0,45.80352,0.0
2026-01-04 10:00:00,116.885,0.0,46.17984,0.0
2026-01-04 10:30:00,116.33666,0.0,44.80358,0.0
2026-01-04 11:00:00,116.25064,0.0,44.5993,0.0
2026-01-04 11:30:00,116.18612,0.0,44.45952,0.0
2026-01-04 12:00:00,116.90652,0.0,44.58856,0.0
2026-01-04 12:30:00,115.71304,0.0,45.05088,0.0
2026-01-04 13:00:00,116.0786,0.0,44.73908,0.0
2026-01-04 13:30:00,117.22906,0.0,44.76058,0.0
2026-01-04 14:00:00,115.70228,0.0,42.35214,0.0
2026-01-04 14:30:00,114.22926,0.0,40.80384,0.0
2026-01-04 15:00:00,115.16468,0.0,42.35214,0.0
2026-01-04 15:30:00,107.73506,0.0,35.36334,0.0
2026-01-04 16:00:00,87.95138,0.0,25.8263,0.0
2026-01-04 16:30:00,51.53434,0.0,1.8386,1.387
2026-01-04 17:00:00,42.9865,0.0,0.0,3.94598
2026-01-04 17:30:00,42.28762,0.0,0.0,3.89222
2026-01-04 18:00:00,41.67476,0.0,0.0,3.65568
2026-01-04 18:30:00,42.16934,0.0,0.0,4.18252
2026-01-04 19:00:00,42.70158,0.0,0.0,4.47284
2026-01-04 19:30:00,42.57254,0.0,0.0,4.661
2026-01-04 20:00:00,42.83598,0.0,0.0,4.3223
2026-01-04 20:30:00,44.69606,0.0,0.0,3.87072
2026-01-04 21:00:00,44.5563,0.0,0.0,3.66644
2026-01-04 21:30:00,43.41658,0.0,0.0,3.52666
2026-01-04 22:00:00,44.66382,0.0,0.0,3.19334
2026-01-04 22:30:00,44.40576,0.0,0.0,3.07508
2026-01-04 23:00:00,43.7499,0.0,0.0,3.5374
2026-01-04 23:30:00,44.74984,0.0,0.0,3.39764
2026-01-05 00:00:00,44.16922,0.0,0.0,3.44064
2026-01-05 00:30:00,44.07246,0.0,0.01076,2.84928
2026-01-05 01:00:00,44.73908,0.0,0.0,2.22028
2026-01-05 01:30:00,43.68538,0.0,0.0,1.84934
2026-01-05 02:00:00,44.72832,0.0,0.043,1.72032
2026-01-05 02:30:00,43.45422,0.0,0.0,3.79546
2026-01-05 03:00:00,43.51872,0.0,0.0,3.59116
2026-01-05 03:30:00,45.30894,0.0,0.0,2.76326
2026-01-05 04:00:00,43.13702,0.0,0.0,3.11808
2026-01-05 04:30:00,44.85734,0.0,0.01076,2.24716
2026-01-05 05:00:00,44.48102,0.0,0.0,2.24716
2026-01-05 05:30:00,45.1154,0.0,0.0,2.18266
2026-01-05 06:00:00,44.9111,0.0,0.0,2.03212
2026-01-05 06:30:00,42.85748,0.0,0.0,3.62342
2026-01-05 07:00:00,51.46982,0.0,1.23648,2.53748
2026-01-05 07:30:00,65.30766,0.0,1.32788,0.61286
2026-01-05 08:00:00,82.4141,0.0,6.10714,0.0
2026-01-05 08:30:00,169.84936,0.0,52.9106,0.0
2026-01-05 09:00:00,190.1814,0.0,51.39456,0.0
2026-01-05 09:30:00,199.80444,0.0,52.21172,0.0
2026-01-05 10:00:00,210.1156,0.0,58.91022,0.0
2026-01-05 10:30:00,219.0936,0.0,60.63054,0.0
2026-01-05 11:00:00,220.5774,0.0,56.77056,0.0
2026-01-05 11:30:00,227.308,0.0,56.45876,0.0
2026-01-05 12:00:00,236.673,0.0,57.2329,0.0
2026-01-05 12:30:00,249.8766,0.0,60.35098,0.0
2026-01-05 13:00:00,247.597,0.0,60.63054,0.0
2026-01-05 13:30:00,245.2102,0.0,69.36654,0.0
2026-01-05 14:00:00,235.4796,0.0,68.44186,0.0
2026-01-05 14:30:00,253.5,0.0,71.61908,0.0
2026-01-05 15:00:00,255.5428,0.0,70.99546,0.0
2026-01-05 15:30:00,254.6074,0.0,70.46862,0.0
2026-01-05 16:00:00,250.8872,0.0,71.67284,0.0
2026-01-05 16:30:00,239.8018,0.0,71.83412,0.0
2026-01-05 17:00:00,243.0382,0.0,76.36072,0.0
2026-01-05 17:30:00,239.1568,0.0,78.12404,0.0
2026-01-05 18:00:00,185.0957,0.0,51.91066,0.0
2026-01-05 18:30:00,168.6989,0.0,46.80346,0.0
2026-01-05 19:00:00,138.45352,0.0,32.1915,0.0
2026-01-05 19:30:00,94.5531,0.0,9.95636,0.05376
2026-01-05 20:00:00,77.52194,0.0,0.15052,0.83866
2026-01-05 20:30:00,62.79168,0.0,0.0215,1.41926
2026-01-05 21:00:00,58.2436,0.0,0.01076,1.47302
2026-01-05 21:30:00,59.23278,0.0,0.10752,0.96768
2026-01-05 22:00:00,57.70598,0.0,0.05376,1.12896
2026-01-05 22:30:00,55.68462,0.0,0.0215,3.08582
2026-01-05 23:00:00,49.90004,0.0,0.0,3.79546
2026-01-05 23:30:00,49.33018,0.0,0.0,3.34388
2026-01-06 00:00:00,49.9968,0.0,0.0,3.58042
2026-01-06 00:30:00,51.22254,0.0,0.0,3.07508
2026-01-06 01:00:00,51.3193,0.0,0.0,3.09658
2026-01-06 01:30:00,50.43764,0.0,0.0,3.15034
2026-01-06 02:00:00,51.76014,0.0,0.01076,2.23642
2026-01-06 02:30:00,50.7387,0.0,0.0,2.40844
2026-01-06 03:00:00,50.7602,0.0,0.0,2.51596
2026-01-06 03:30:00,51.41606,0.0,0.0,3.56966
2026-01-06 04:00:00,50.7602,0.0,0.0,3.89222
2026-01-06 04:30:00,49.98606,0.0,0.0,3.5159
2026-01-06 05:00:00,51.45908,0.0,0.0,3.05356
2026-01-06 05:30:00,51.64186,0.0,0.0,2.9353
2026-01-06 06:00:00,50.21184,0.0,0.0,3.34388
2026-01-06 06:30:00,53.05038,0.0,0.0,3.46214
2026-01-06 07:00:00,58.14682,0.0,0.12902,4.16102
2026-01-06 07:30:00,77.96276,0.0,1.47302,0.32794
2026-01-06 08:00:00,99.74632,0.0,7.85972,0.03226
2026-01-06 08:30:00,191.43938,0.0,60.60904,0.0
2026-01-06 09:00:00,213.4594,0.0,68.56552,0.0
2026-01-06 09:30:00,231.426,0.0,66.36136,0.0
2026-01-06 10:00:00,234.9204,0.0,68.67304,0.0
2026-01-06 10:30:00,230.9208,0.0,68.8128,0.0
2026-01-06 11:00:00,242.6188,0.0,80.73678,0.0
2026-01-06 11:30:00,245.264,0.0,80.62926,0.0
2026-01-06 12:00:00,238.7804,0.0,80.8013,0.0
2026-01-06 12:30:00,244.2318,0.0,86.1988,0.0
2026-01-06 13:00:00,251.3172,0.0,87.86536,0.0
2026-01-06 13:30:00,237.4042,0.0,86.99982,0.0
2026-01-06 14:00:00,236.2214,0.0,85.19348,0.0
2026-01-06 14:30:00,242.4146,0.0,81.41952,0.0
2026-01-06 15:00:00,240.2104,0.0,77.22088,0.0
2026-01-06 15:30:00,235.6732,0.0,72.0384,0.0
2026-01-06 16:00:00,234.9098,0.0,70.44712,0.0
2026-01-06 16:30:00,237.1784,0.0,72.09218,0.0
2026-01-06 17:00:00,244.5972,0.0,72.90932,0.0
2026-01-06 17:30:00,243.6942,0.0,73.73184,0.0
2026-01-06 18:00:00,210.1478,0.0,62.22184,0.0
2026-01-06 18:30:00,195.2671,0.0,56.80282,0.0
2026-01-06 19:00:00,187.09556,0.0,55.98568,0.0
2026-01-06 19:30:00,172.51586,0.0,55.94266,0.0
2026-01-06 20:00:00,114.16474,0.0,28.10574,0.0
2026-01-06 20:30:00,88.1234,0.0,9.6123,0.0
2026-01-06 21:00:00,68.14618,0.0,0.97844,0.10752
2026-01-06 21:30:00,60.53376,0.0,0.16128,1.74182
2026-01-06 22:00:00,59.46932,0.0,0.0,2.60736
2026-01-06 22:30:00,58.25434,0.0,0.0,3.99974
2026-01-06 23:00:00,53.56648,0.0,0.0,4.06426
2026-01-06 23:30:00,52.19022,0.0,0.0,4.12876
2026-01-07 00:00:00,53.4267,0.0,0.0,3.37612
2026-01-07 00:30:00,53.09338,0.0,0.0,2.84928
2026-01-07 01:00:00,52.43752,0.0,0.0,3.73094
2026-01-07 01:30:00,53.43744,0.0,0.0,3.17184
2026-01-07 02:00:00,52.31924,0.0,0.0,3.27936
2026-01-07 02:30:00,53.1794,0.0,0.0,2.645
2026-01-07 03:00:00,53.45896,0.0,0.01076,2.23642
2026-01-07 03:30:00,52.25472,0.0,0.0,2.731
2026-01-07 04:00:00,53.52346,0.0,0.0,1.68806
2026-01-07 04:30:00,53.59872,0.0,0.0,2.32244
2026-01-07 05:00:00,52.98586,0.0,0.0,4.70938
2026-01-07 05:30:00,54.24384,0.0,0.0,4.6126
2026-01-07 06:00:00,52.84608,0.0,0.0,4.41908
2026-01-07 06:30:00,51.35156,0.0,0.0,5.10182
2026-01-07 07:00:00,59.3188,0.0,0.65588,2.78476
2026-01-07 07:30:00,73.26414,0.0,3.16108,0.01076
2026-01-07 08:00:00,99.33774,0.0,7.61242,0.0
2026-01-07 08:30:00,183.36464,0.0,55.51258,0.0
2026-01-07 09:00:00,212.5348,0.0,63.00672,0.0
2026-01-07 09:30:00,214.782,0.0,60.78106,0.0
2026-01-07 10:00:00,213.9648,0.0,57.67374,0.0
2026-01-07 10:30:00,214.3842,0.0,59.23278,0.0
2026-01-07 11:00:00,223.8136,0.0,60.25422,0.0
2026-01-07 11:30:00,218.7494,0.0,61.15738,0.0
2026-01-07 12:00:00,226.4048,0.0,68.26446,0.0
2026-01-07 12:30:00,232.7164,0.0,76.72628,0.0
2026-01-07 13:00:00,229.1144,0.0,75.6242,0.0
2026-01-07 13:30:00,225.577,0.0,73.81786,0.0
2026-01-07 14:00:00,225.4264,0.0,70.47938,0.0
2026-01-07 14:30:00,237.0816,0.0,69.32352,0.0
2026-01-07 15:00:00,247.7262,0.0,71.3019,0.0
2026-01-07 15:30:00,245.436,0.0,76.522,0.0
2026-01-07 16:00:00,233.8022,0.0,69.0601,0.0
2026-01-07 16:30:00,237.5332,0.0,71.90938,0.0
2026-01-07 17:00:00,237.6514,0.0,67.6032,0.0
2026-01-07 17:30:00,237.1462,0.0,63.72712,0.0
2026-01-07 18:00:00,194.44996,0.0,49.4807,0.0
2026-01-07 18:30:00,176.21456,0.0,45.9433,0.0
2026-01-07 19:00:00,167.98928,0.0,41.97582,0.0
2026-01-07 19:30:00,162.98958,0.0,37.69652,0.0
2026-01-07 20:00:00,163.29064,0.0,38.82548,0.0
2026-01-07 20:30:00,159.5167,0.0,38.26638,0.0
2026-01-07 21:00:00,151.91502,0.0,38.36314,0.0
2026-01-07 21:30:00,138.72232,0.0,37.80942,0.0
2026-01-07 22:00:00,123.12118,0.0,35.15904,0.0
2026-01-07 22:30:00,69.8235,0.0,6.68774,0.27956
2026-01-07 23:00:00,57.7705,0.0,0.0,3.5374
2026-01-07 23:30:00,54.72768,0.0,0.0,4.39756
2026-01-08 00:00:00,56.85658,0.0,0.0,3.7847
2026-01-08 00:30:00,56.06094,0.0,0.0,3.64492
2026-01-08 01:00:00,55.15776,0.0,0.0,3.75244
2026-01-08 01:30:00,55.0825,0.0,0.01076,2.4192
2026-01-08 02:00:00,52.77082,0.0,0.0,2.3762
2026-01-08 02:30:00,54.32986,0.0,0.0,1.72032
2026-01-08 03:00:00,52.42676,0.0,0.0,3.5159
2026-01-08 03:30:00,52.85684,0.0,0.0,3.92448
2026-01-08 04:00:00,50.82472,0.0,0.0,4.41908
2026-01-08 04:30:00,51.28704,0.0,0.0,4.35456
2026-01-08 05:00:00,51.5881,0.0,0.0,3.88148
2026-01-08 05:30:00,51.71712,0.0,0.0,3.92448
2026-01-08 06:00:00,51.73864,0.0,0.0,3.62342
2026-01-08 06:30:00,49.82478,0.0,0.0,5.05344
2026-01-08 07:00:00,59.20052,0.0,0.66124,3.59116
2026-01-08 07:30:00,70.56538,0.0,2.4622,0.32794
2026-01-08 08:00:00,105.98248,0.0,11.74118,0.0
2026-01-08 08:30:00,217.6528,0.0,84.44084,0.0
2026-01-08 09:00:00,229.5552,0.0,87.79546,0.0
2026-01-08 09:30:00,232.7164,0.0,82.71514,0.0
2026-01-08 10:00:00,247.8874,0.0,89.1986,0.0
2026-01-08 10:30:00,248.7906,0.0,99.13346,0.0
2026-01-08 11:00:00,252.2742,0.0,99.38074,0.0
2026-01-08 11:30:00,249.511,0.0,98.026,0.0
2026-01-08 12:00:00,245.6294,0.0,97.37012,0.0
2026-01-08 12:30:00,253.5106,0.0,101.14408,0.0
2026-01-08 13:00:00,249.1562,0.0,102.46658,0.0
2026-01-08 13:30:00,241.619,0.0,100.18714,0.0
2026-01-08 14:00:00,240.9738,0.0,99.06894,0.0
2026-01-08 14:30:00,254.3064,0.0,96.30568,0.0
2026-01-08 15:00:00,251.6506,0.0,95.81108,0.0
2026-01-08 15:30:00,249.9732,0.0,96.4777,0.0
2026-01-08 16:00:00,246.8336,0.0,94.87566,0.0
2026-01-08 16:30:00,245.5004,0.0,95.1337,0.0
2026-01-08 17:00:00,238.8558,0.0,92.55324,0.0
2026-01-08 17:30:00,232.1788,0.0,89.37064,0.0
2026-01-08 18:00:00,199.79368,0.0,80.0164,0.0
2026-01-08 18:30:00,180.32182,0.0,79.75834,0.0
2026-01-08 19:00:00,177.4833,0.0,75.39304,0.0
2026-01-08 19:30:00,169.05908,0.0,71.96314,0.0
2026-01-08 20:00:00,163.5272,0.0,71.85562,0.0
2026-01-08 20:30:00,162.19394,0.0,67.02798,0.0
2026-01-08 21:00:00,155.10836,0.0,63.082,0.0
2026-01-08 21:30:00,152.72144,0.0,58.2436,0.0
2026-01-08 22:00:00,150.02268,0.0,56.1147,0.0
2026-01-08 22:30:00,133.34632,0.0,44.66382,0.0
2026-01-08 23:00:00,74.29634,0.0,7.39738,1.91386
2026-01-08 23:30:00,53.36218,0.0,0.0,3.41914
2026-01-09 00:00:00,54.48038,0.0,0.01076,2.05364
2026-01-09 00:30:00,51.71712,0.0,0.0,2.86004
2026-01-09 01:00:00,50.56666,0.0,0.0,3.2686
2026-01-09 01:30:00,51.86766,0.0,0.0,2.731
2026-01-09 02:00:00,50.84622,0.0,0.0,2.69876
2026-01-09 02:30:00,51.69562,0.0,0.0,3.09658
2026-01-09 03:00:00,47.8249,0.0,0.0,5.04268
2026-01-09 03:30:00,48.26574,0.0,0.0,4.8599
2026-01-09 04:00:00,48.19048,0.0,0.0,4.20404
2026-01-09 04:30:00,48.35174,0.0,0.0,4.40832
2026-01-09 05:00:00,48.27648,0.0,0.0,4.06426
2026-01-09 05:30:00,48.8571,0.0,0.0,3.95674
2026-01-09 06:00:00,49.1474,0.0,0.0,3.94598
2026-01-09 06:30:00,47.43784,0.0,0.0,5.36524
2026-01-09 07:00:00,65.2539,0.0,6.41894,0.95692
2026-01-09 07:30:00,78.83368,0.0,12.48308,0.0
2026-01-09 08:00:00,108.22964,0.0,25.37472,0.0
2026-01-09 08:30:00,205.2558,0.0,77.80148,0.0
2026-01-09 09:00:00,232.4368,0.0,85.973,0.0
2026-01-09 09:30:00,232.3292,0.0,79.16698,0.0
2026-01-09 10:00:00,233.8022,0.0,80.0164,0.0
2026-01-09 10:30:00,231.5336,0.0,79.60782,0.0
2026-01-09 11:00:00,235.985,0.0,79.96264,0.0
2026-01-09 11:30:00,238.8342,0.0,78.21006,0.0
2026-01-09 12:00:00,236.5978,0.0,80.07554,0.0
2026-01-09 12:30:00,235.5764,0.0,84.8333,0.0
2026-01-09 13:00:00,228.523,0.0,85.7257,0.0
2026-01-09 13:30:00,224.1684,0.0,83.81186,0.0
2026-01-09 14:00:00,219.373,0.0,82.31732,0.0
2026-01-09 14:30:00,219.814,0.0,82.05928,0.0
2026-01-09 15:00:00,228.6628,0.0,80.67228,0.0
2026-01-09 15:30:00,230.8454,0.0,78.50036,0.0
2026-01-09 16:00:00,221.201,0.0,73.19964,0.0
2026-01-09 16:30:00,221.76,0.0,72.95234,0.0
2026-01-09 17:00:00,218.7172,0.0,74.26408,0.0
2026-01-09 17:30:00,208.5888,0.0,71.69434,0.0
2026-01-09 18:00:00,179.99926,0.0,65.42592,0.0
2026-01-09 18:30:00,153.38806,0.0,46.44864,0.0
2026-01-09 19:00:00,147.06048,0.0,42.36288,0.0
2026-01-09 19:30:00,146.1842,0.0,38.05134,0.0
2026-01-09 20:00:00,141.8404,0.0,38.1051,0.0
2026-01-09 20:30:00,136.10958,0.0,38.18036,0.0
2026-01-09 21:00:00,127.65852,0.0,36.79336,0.0
2026-01-09 21:30:00,131.71202,0.0,39.19104,0.0
2026-01-09 22:00:00,116.56244,0.0,32.09472,0.0
2026-01-09 22:30:00,65.16788,0.0,7.04256,0.0
2026-01-09 23:00:00,50.48064,0.0,1.45152,3.31162
2026-01-09 23:30:00,44.3735,0.0,0.0,4.73088
2026-01-10 00:00:00,44.83584,0.0,0.0,4.13952
2026-01-10 00:30:00,45.43796,0.0,0.0,3.48364
2026-01-10 01:00:00,44.76058,0.0,0.0,3.2471
2026-01-10 01:30:00,47.59912,0.0,0.0,2.56972
2026-01-10 02:00:00,46.12608,0.0,0.0,3.41914
2026-01-10 02:30:00,45.76052,0.0,0.0,5.43514
2026-01-10 03:00:00,46.83572,0.0,0.0,5.419
2026-01-10 03:30:00,45.3412,0.0,0.0,5.48352
2026-01-10 04:00:00,46.58842,0.0,0.0,4.90292
2026-01-10 04:30:00,47.13678,0.0,0.0,4.60186
2026-01-10 05:00:00,45.22292,0.0,0.0,5.02118
2026-01-10 05:30:00,47.08302,0.0,0.0,4.0535
2026-01-10 06:00:00,47.11526,0.0,0.0,4.5481
2026-01-10 06:30:00,46.49166,0.0,0.01076,4.60186
2026-01-10 07:00:00,46.34112,0.0,0.0,4.7954
2026-01-10 07:30:00,44.39502,0.0,0.18278,4.9943
2026-01-10 08:00:00,53.26542,0.0,3.70944,0.32256
2026-01-10 08:30:00,134.23874,0.0,65.94202,0.0
2026-01-10 09:00:00,137.96968,0.0,70.22132,0.0
2026-01-10 09:30:00,142.01244,0.0,73.28564,0.0
2026-01-10 10:00:00,139.9588,0.0,73.5867,0.0
2026-01-10 10:30:00,139.99106,0.0,74.1243,0.0
2026-01-10 11:00:00,141.06626,0.0,73.02222,0.0
2026-01-10 11:30:00,142.85646,0.0,74.9952,0.0
2026-01-10 12:00:00,140.90496,0.0,73.15662,0.0
2026-01-10 12:30:00,139.82978,0.0,73.81786,0.0
2026-01-10 13:00:00,142.8941,0.0,75.66184,0.0
2026-01-10 13:30:00,143.31344,0.0,75.29088,0.0
2026-01-10 14:00:00,145.07676,0.0,74.25332,0.0
2026-01-10 14:30:00,144.79182,0.0,72.36096,0.0
2026-01-10 15:00:00,143.98006,0.0,73.75872,0.0
2026-01-10 15:30:00,141.65762,0.0,74.26408,0.0
2026-01-10 16:00:00,141.70064,0.0,73.00608,0.0
2026-01-10 16:30:00,141.8404,0.0,72.88782,0.0
2026-01-10 17:00:00,141.17376,0.0,73.00608,0.0
2026-01-10 17:30:00,139.87278,0.0,73.03834,0.0
2026-01-10 18:00:00,140.16308,0.0,73.99528,0.0
2026-01-10 18:30:00,140.88346,0.0,73.64046,0.0
2026-01-10 19:00:00,92.4027,0.0,37.9223,0.0
2026-01-10 19:30:00,58.5124,0.0,12.3648,0.0
2026-01-10 20:00:00,47.19054,0.0,3.58042,1.47302
2026-01-10 20:30:00,44.67456,0.0,0.0,1.79558
2026-01-10 21:00:00,44.69606,0.0,0.01076,2.22028
2026-01-10 21:30:00,42.99726,0.0,0.0,4.2578
2026-01-10 22:00:00,42.56718,0.0,0.0,3.79546
2026-01-10 22:30:00,43.67462,0.0,0.0,3.29012
2026-01-10 23:00:00,43.34132,0.0,0.0,3.29012
2026-01-10 23:30:00,42.61556,0.0,0.0,3.35462
2026-01-11 00:00:00,43.54022,0.0,0.0,3.7847
2026-01-11 00:30:00,43.2553,0.0,0.0,3.69868
2026-01-11 01:00:00,42.53492,0.0,0.01076,3.58042
2026-01-11 01:30:00,43.76064,0.0,0.0,2.71488
2026-01-11 02:00:00,42.70158,0.0,0.0,3.73094
2026-01-11 02:30:00,43.34132,0.0,0.0,3.2471
2026-01-11 03:00:00,42.9435,0.0,0.0,3.17184
2026-01-11 03:30:00,43.2768,0.0,0.0,4.69862
2026-01-11 04:00:00,42.4704,0.0,0.0,4.87066
2026-01-11 04:30:00,42.91124,0.0,0.0,4.41908
2026-01-11 05:00:00,42.61556,0.0,0.0,4.33844
2026-01-11 05:30:00,43.49722,0.0,0.0,3.99974
2026-01-11 06:00:00,43.65312,0.0,0.0,4.0535
2026-01-11 06:30:00,43.7499,0.0,0.0,3.96748
2026-01-11 07:00:00,43.01338,0.0,0.0,3.67718
2026-01-11 07:30:00,40.4114,0.0,0.0,4.62336
2026-01-11 08:00:00,46.84646,0.0,1.69882,1.76332
2026-01-11 08:30:00,96.58522,0.0,33.50324,0.0
2026-01-11 09:00:00,115.8313,0.0,45.66374,0.0
2026-01-11 09:30:00,114.18626,0.0,43.30906,0.0
2026-01-11 10:00:00,115.2722,0.0,43.01338,0.0
2026-01-11 10:30:00,114.49806,0.0,42.35214,0.0
2026-01-11 11:00:00,115.62702,0.0,41.621,0.0
2026-01-11 11:30:00,115.71304,0.0,42.15322,0.0
2026-01-11 12:00:00,116.1001,0.0,42.90048,0.0
2026-01-11 12:30:00,116.66996,0.0,43.07252,0.0
2026-01-11 13:00:00,118.37954,0.0,43.7929,0.0
2026-01-11 13:30:00,117.18606,0.0,43.44884,0.0
2026-01-11 14:00:00,116.53018,0.0,42.14784,0.0
2026-01-11 14:30:00,116.48718,0.0,41.98656,0.0
2026-01-11 15:00:00,116.70222,0.0,41.3307,0.0
2026-01-11 15:30:00,118.79886,0.0,42.81448,0.0
2026-01-11 16:00:00,109.6274,0.0,38.87924,0.0
2026-01-11 16:30:00,60.64128,0.0,12.24654,0.0
2026-01-11 17:00:00,42.81448,0.0,0.87092,3.85996
2026-01-11 17:30:00,40.98662,0.0,0.0,4.90292
2026-01-11 18:00:00,40.91674,0.0,0.0,4.44596
2026-01-11 18:30:00,41.23392,0.0,0.0,4.22016
2026-01-11 19:00:00,40.6103,0.0,0.0,4.58036
2026-01-11 19:30:00,42.19086,0.0,0.0,4.44058
2026-01-11 20:00:00,43.62086,0.0,0.0,2.20416
2026-01-11 20:30:00,43.34132,0.0,0.01076,2.1289
2026-01-11 21:00:00,43.86816,0.0,0.0,1.81708
2026-01-11 21:30:00,42.61018,0.0,0.0,3.04282
2026-01-11 22:00:00,42.72846,0.0,0.0,3.67718
2026-01-11 22:30:00,42.48116,0.0,0.0,3.85996
2026-01-11 23:00:00,42.61556,0.0,0.0,3.88148
2026-01-11 23:30:00,42.6962,0.0,0.0,3.85996
2026-01-12 00:00:00,42.68006,0.0,0.0,3.62342
2026-01-12 00:30:00,43.2768,0.0,0.0,3.27936
2026-01-12 01:00:00,42.52416,0.0,0.0,3.67718
2026-01-12 01:30:00,43.008,0.0,0.0,5.03194
2026-01-12 02:00:00,42.56718,0.0,0.0,5.31686
2026-01-12 02:30:00,42.25536,0.0,0.0,4.87066
2026-01-12 03:00:00,42.51342,0.0,0.0,4.91366
2026-01-12 03:30:00,43.11552,0.0,0.0,4.22016
2026-01-12 04:00:00,41.98656,0.0,0.0,4.44058
2026-01-12 04:30:00,43.03488,0.0,0.01076,3.99974
2026-01-12 05:00:00,42.21236,0.0,0.0,3.94598
2026-01-12 05:30:00,42.81448,0.0,0.0,3.83846
2026-01-12 06:00:00,43.40584,0.0,0.0,3.7847
2026-01-12 06:30:00,42.21774,0.0,0.0,4.72012
2026-01-12 07:00:00,52.73856,0.0,2.36544,2.59124
2026-01-12 07:30:00,63.9529,0.0,6.02112,0.0
2026-01-12 08:00:00,82.2098,0.0,13.75182,0.0
2026-01-12 08:30:00,181.95612,0.0,59.37256,0.0
2026-01-12 09:00:00,218.2978,0.0,65.88288,0.0
2026-01-12 09:30:00,236.8988,0.0,68.75904,0.0
2026-01-12 10:00:00,243.307,0.0,74.74254,0.0
2026-01-12 10:30:00,234.0066,0.0,73.5652,0.0
2026-01-12 11:00:00,236.0602,0.0,78.08104,0.0
2026-01-12 11:30:00,236.845,0.0,84.06452,0.0
2026-01-12 12:00:00,240.0814,0.0,85.56442,0.0
2026-01-12 12:30:00,244.7156,0.0,87.34926,0.0
2026-01-12 13:00:00,245.5112,0.0,82.54312,0.0
2026-01-12 13:30:00,234.6086,0.0,79.64008,0.0
2026-01-12 14:00:00,230.2112,0.0,76.96282,0.0
2026-01-12 14:30:00,241.3502,0.0,76.7693,0.0
2026-01-12 15:00:00,244.0382,0.0,65.36142,0.0
2026-01-12 15:30:00,241.6834,0.0,63.81312,0.0
2026-01-12 16:00:00,253.2526,0.0,63.99592,0.0
2026-01-12 16:30:00,253.6182,0.0,67.47956,0.0
2026-01-12 17:00:00,251.0808,0.0,69.89876,0.0
2026-01-12 17:30:00,227.9962,0.0,68.13542,0.0
2026-01-12 18:00:00,203.5354,0.0,58.8242,0.0
2026-01-12 18:30:00,192.67588,0.0,58.67368,0.0
2026-01-12 19:00:00,183.61192,0.0,57.749,0.0
2026-01-12 19:30:00,178.38646,0.0,57.84576,0.0
2026-01-12 20:00:00,163.51104,0.0,45.77126,0.0
2026-01-12 20:30:00,158.6404,0.0,45.19066,0.0
2026-01-12 21:00:00,155.24816,0.0,41.31456,0.0
2026-01-12 21:30:00,146.08744,0.0,41.6855,0.0
2026-01-12 22:00:00,125.12104,0.0,36.04072,0.0
2026-01-12 22:30:00,71.83412,0.0,7.78446,0.05376
2026-01-12 23:00:00,49.30868,0.0,0.0,5.8706
2026-01-12 23:30:00,47.20128,0.0,0.0,5.46202
2026-01-13 00:00:00,45.77126,0.0,0.0,5.47276
2026-01-13 00:30:00,47.31956,0.0,0.0,4.35456
2026-01-13 01:00:00,46.87872,0.0,0.0,5.51578
2026-01-13 01:30:00,45.9433,0.0,0.0,5.65556
2026-01-13 02:00:00,47.52384,0.0,0.0,5.04268
2026-01-13 02:30:00,46.5239,0.0,0.0,4.9943
2026-01-13 03:00:00,46.68518,0.0,0.0,4.80614
2026-01-13 03:30:00,47.58836,0.0,0.0,4.38682
2026-01-13 04:00:00,46.33038,0.0,0.0,4.33844
2026-01-13 04:30:00,47.65288,0.0,0.0,3.92448
2026-01-13 05:00:00,47.8679,0.0,0.0,3.83846
2026-01-13 05:30:00,47.34106,0.0,0.0,3.40838
2026-01-13 06:00:00,47.35182,0.0,0.01076,3.95674
2026-01-13 06:30:00,48.42702,0.0,0.0,4.60186
2026-01-13 07:00:00,51.20104,0.0,0.0,4.70938
2026-01-13 07:30:00,71.02772,0.0,9.4295,0.01076
2026-01-13 08:00:00,106.45556,0.0,27.71866,0.0
2026-01-13 08:30:00,195.89072,0.0,72.7803,0.0
2026-01-13 09:00:00,226.2222,0.0,85.29564,0.0
2026-01-13 09:30:00,232.7164,0.0,82.5915,0.0
2026-01-13 10:00:00,242.4146,0.0,82.3926,0.0
2026-01-13 10:30:00,250.9518,0.0,75.71022,0.0
2026-01-13 11:00:00,272.2514,0.0,87.28474,0.0
2026-01-13 11:30:00,278.9876,0.0,93.51016,0.0
2026-01-13 12:00:00,278.1704,0.0,94.5316,0.0
2026-01-13 12:30:00,277.1974,0.0,97.11208,0.0
2026-01-13 13:00:00,267.913,0.0,95.46702,0.0
2026-01-13 13:30:00,257.2846,0.0,95.18746,0.0
2026-01-13 14:00:00,254.8546,0.0,92.63924,0.0
2026-01-13 14:30:00,253.7688,0.0,93.95098,0.0
2026-01-13 15:00:00,247.8658,0.0,83.04846,0.0
2026-01-13 15:30:00,258.5964,0.0,86.83316,0.0
2026-01-13 16:00:00,258.2416,0.0,82.98394,0.0
2026-01-13 16:30:00,265.7894,0.0,83.5968,0.0
2026-01-13 17:00:00,266.0152,0.0,84.57524,0.0
2026-01-13 17:30:00,264.123,0.0,89.47814,0.0
2026-01-13 18:00:00,236.5332,0.0,83.86562,0.0
2026-01-13 18:30:00,212.2552,0.0,81.41952,0.0
2026-01-13 19:00:00,200.1592,0.0,81.01634,0.0
2026-01-13 19:30:00,173.27926,0.0,65.10336,0.0
2026-01-13 20:00:00,150.37748,0.0,55.20078,0.0
2026-01-13 20:30:00,146.61428,0.0,54.2116,0.0
2026-01-13 21:00:00,144.04458,0.0,56.00718,0.0
2026-01-13 21:30:00,137.60412,0.0,55.29754,0.0
2026-01-13 22:00:00,124.17486,0.0,48.73882,0.0
2026-01-13 22:30:00,71.12986,0.0,21.33734,0.0
2026-01-13 23:00:00,57.4802,0.0,8.66074,0.0
2026-01-13 23:30:00,57.5447,0.0,8.5586,0.0
2026-01-14 00:00:00,57.17914,0.0,6.23616,0.0
2026-01-14 00:30:00,57.7705,0.0,6.24692,0.0
2026-01-14 01:00:00,59.02848,0.0,6.9673,0.0
2026-01-14 01:30:00,57.61998,0.0,7.19308,0.0
2026-01-14 02:00:00,58.8457,0.0,7.34362,0.0
2026-01-14 02:30:00,58.64142,0.0,7.8167,0.0
2026-01-14 03:00:00,57.83502,0.0,7.7737,0.0
2026-01-14 03:30:00,58.85646,0.0,7.88122,0.0
2026-01-14 04:00:00,57.66298,0.0,7.41888,0.0
2026-01-14 04:30:00,57.91028,0.0,7.32212,0.0
2026-01-14 05:00:00,59.16826,0.0,7.97798,0.0
2026-01-14 05:30:00,57.84576,0.0,7.42964,0.0
2026-01-14 06:00:00,58.29736,0.0,7.09632,0.0
2026-01-14 06:30:00,58.83496,0.0,6.9888,0.0
2026-01-14 07:00:00,63.45832,0.0,6.30068,0.0
2026-01-14 07:30:00,80.18842,0.0,10.98854,0.0
2026-01-14 08:00:00,105.09006,0.0,18.42894,0.0
2026-01-14 08:30:00,205.4922,0.0,75.66184,0.0
2026-01-14 09:00:00,227.5768,0.0,77.0112,0.0
2026-01-14 09:30:00,232.8024,0.0,76.94132,0.0
2026-01-14 10:00:00,236.9634,0.0,77.23162,0.0
2026-01-14 10:30:00,247.5218,0.0,77.42516,0.0
2026-01-14 11:00:00,267.8646,0.0,89.35988,0.0
2026-01-14 11:30:00,262.9832,0.0,83.5968,0.0
2026-01-14 12:00:00,255.2632,0.0,84.75802,0.0
2026-01-14 12:30:00,259.8006,0.0,90.03726,0.0
2026-01-14 13:00:00,257.8114,0.0,89.9835,0.0
2026-01-14 13:30:00,250.328,0.0,88.48898,0.0
2026-01-14 14:00:00,251.9516,0.0,87.46216,0.0
2026-01-14 14:30:00,252.5,0.0,85.02682,0.0
2026-01-14 15:00:00,252.9408,0.0,86.49448,0.0
2026-01-14 15:30:00,259.005,0.0,85.34938,0.0
2026-01-14 16:00:00,258.1232,0.0,83.09146,0.0
2026-01-14 16:30:00,249.2206,0.0,82.58612,0.0
2026-01-14 17:00:00,249.898,0.0,83.91938,0.0
2026-01-14 17:30:00,245.1348,0.0,82.1453,0.0
2026-01-14 18:00:00,219.0398,0.0,69.67298,0.0
2026-01-14 18:30:00,209.0296,0.0,68.59778,0.0
2026-01-14 19:00:00,173.66632,0.0,51.22254,0.0
2026-01-14 19:30:00,172.40834,0.0,49.83552,0.0
2026-01-14 20:00:00,164.76366,0.0,43.37358,0.0
2026-01-14 20:30:00,158.62426,0.0,38.50292,0.0
2026-01-14 21:00:00,146.453,0.0,37.40622,0.0
2026-01-14 21:30:00,140.7222,0.0,39.2018,0.0
2026-01-14 22:00:00,134.357,0.0,40.0512,0.0
2026-01-14 22:30:00,76.11342,0.0,12.08526,0.0
2026-01-14 23:00:00,58.8672,0.0,1.3225,2.87078
2026-01-14 23:30:00,54.93198,0.0,0.0,3.66644
2026-01-15 00:00:00,55.23302,0.0,0.0,3.41914
2026-01-15 00:30:00,48.76032,0.0,0.0,3.21484
2026-01-15 01:00:00,47.5776,0.0,0.0,3.96748
2026-01-15 01:30:00,46.954,0.0,0.0,4.77926
2026-01-15 02:00:00,46.12608,0.0,0.0,5.46202
2026-01-15 02:30:00,47.20128,0.0,0.0,4.82764
2026-01-15 03:00:00,46.31962,0.0,0.0,4.77926
2026-01-15 03:30:00,47.0615,0.0,0.0,4.10726
2026-01-15 04:00:00,47.3088,0.0,0.0,4.075
2026-01-15 04:30:00,46.69594,0.0,0.0,4.032
2026-01-15 05:00:00,47.10452,0.0,0.0,3.7202
2026-01-15 05:30:00,48.39476,0.0,0.0,3.56966
2026-01-15 06:00:00,47.07226,0.0,0.01076,4.38682
2026-01-15 06:30:00,49.59898,0.0,1.17196,4.0535
2026-01-15 07:00:00,63.82388,0.0,6.9458,0.0
2026-01-15 07:30:00,77.1241,0.0,9.17146,0.0
2026-01-15 08:00:00,98.0475,0.0,14.32166,0.0
2026-01-15 08:30:00,183.24636,0.0,58.8027,0.0
2026-01-15 09:00:00,215.8356,0.0,66.67854,0.0
2026-01-15 09:30:00,219.8676,0.0,64.43674,0.0
2026-01-15 10:00:00,227.0716,0.0,65.7915,0.0
2026-01-15 10:30:00,247.5218,0.0,72.57602,0.0
2026-01-15 11:00:00,253.8654,0.0,73.86088,0.0
2026-01-15 11:30:00,259.5964,0.0,74.62964,0.0
2026-01-15 12:00:00,260.8112,0.0,78.26918,0.0
2026-01-15 12:30:00,246.0918,0.0,80.18842,0.0
2026-01-15 13:00:00,240.748,0.0,73.70498,0.0
2026-01-15 13:30:00,227.0286,0.0,69.5977,0.0
2026-01-15 14:00:00,222.4266,0.0,66.89356,0.0
2026-01-15 14:30:00,237.8666,0.0,67.53332,0.0
2026-01-15 15:00:00,230.5982,0.0,67.59784,0.0
2026-01-15 15:30:00,254.4892,0.0,70.81268,0.0
2026-01-15 16:00:00,244.3284,0.0,70.43636,0.0
2026-01-15 16:30:00,230.996,0.0,66.41512,0.0
2026-01-15 17:00:00,230.5336,0.0,71.7051,0.0
2026-01-15 17:30:00,220.115,0.0,68.8612,0.0
2026-01-15 18:00:00,181.2465,0.0,45.55622,0.0
2026-01-15 18:30:00,167.6237,0.0,44.50254,0.0
2026-01-15 19:00:00,158.1727,0.0,44.0402,0.0
2026-01-15 19:30:00,151.21614,0.0,44.72832,0.0
2026-01-15 20:00:00,143.51772,0.0,42.72846,0.0
2026-01-15 20:30:00,135.50748,0.0,43.31982,0.0
2026-01-15 21:00:00,131.669,0.0,42.78222,0.0
2026-01-15 21:30:00,130.42178,0.0,40.47054,0.0
2026-01-15 22:00:00,130.13146,0.0,37.78254,0.0
2026-01-15 22:30:00,75.24788,0.0,12.04224,0.0
2026-01-15 23:00:00,49.21192,0.0,0.65588,4.17178
2026-01-15 23:30:00,48.41626,0.0,0.0,4.77926
2026-01-16 00:00:00,48.59904,0.0,0.0,5.46202
2026-01-16 00:30:00,47.04,0.0,0.0,6.63398
2026-01-16 01:00:00,45.53472,0.0,0.0,6.12864
2026-01-16 01:30:00,43.02952,0.0,0.0,5.419
2026-01-16 02:00:00,42.41664,0.0,0.0,5.90284
2026-01-16 02:30:00,43.0779,0.0,0.0,5.16096
2026-01-16 03:00:00,41.7554,0.0,0.0,5.0857
2026-01-16 03:30:00,42.7177,0.0,0.0,4.5911
2026-01-16 04:00:00,42.65856,0.0,0.0,4.3223
2026-01-16 04:30:00,42.38438,0.0,0.0,4.12876
2026-01-16 05:00:00,43.98106,0.0,0.01076,3.70944
2026-01-16 05:30:00,43.36282,0.0,0.0,4.10726
2026-01-16 06:00:00,43.09402,0.0,0.0,4.10726
2026-01-16 06:30:00,42.6532,0.0,0.0,5.03194
2026-01-16 07:00:00,50.08282,0.0,0.0,4.77926
2026-01-16 07:30:00,55.92116,0.0,0.41932,3.29012
2026-01-16 08:00:00,88.84378,0.0,10.752,0.01076
2026-01-16 08:30:00,185.8591,0.0,62.08206,0.0
2026-01-16 09:00:00,205.7502,0.0,62.13582,0.0
2026-01-16 09:30:00,205.8794,0.0,58.56616,0.0
2026-01-16 10:00:00,208.2662,0.0,58.18984,0.0
2026-01-16 10:30:00,209.7392,0.0,58.10382,0.0
2026-01-16 11:00:00,220.9428,0.0,58.31886,0.0
2026-01-16 11:30:00,232.5442,0.0,57.05012,0.0
2026-01-16 12:00:00,233.9744,0.0,57.30816,0.0
2026-01-16 12:30:00,235.1786,0.0,59.61984,0.0
2026-01-16 13:00:00,221.373,0.0,60.34024,0.0
2026-01-16 13:30:00,209.8576,0.0,60.06068,0.0
2026-01-16 14:00:00,206.2448,0.0,59.91016,0.0
2026-01-16 14:30:00,210.578,0.0,59.51232,0.0
2026-01-16 15:00:00,217.9646,0.0,60.7488,0.0
2026-01-16 15:30:00,251.3388,0.0,81.90874,0.0
2026-01-16 16:00:00,243.436,0.0,87.274,0.0
2026-01-16 16:30:00,242.3178,0.0,87.8116,0.0
2026-01-16 17:00:00,241.1458,0.0,86.05902,0.0
2026-01-16 17:30:00,252.07,0.0,85.93,0.0
2026-01-16 18:00:00,217.9754,0.0,69.36116,0.0
2026-01-16 18:30:00,202.514,0.0,68.02254,0.0
2026-01-16 19:00:00,173.21474,0.0,47.02926,0.0
2026-01-16 19:30:00,157.50608,0.0,39.54586,0.0
2026-01-16 20:00:00,151.19464,0.0,41.87904,0.0
2026-01-16 20:30:00,143.79728,0.0,41.69088,0.0
2026-01-16 21:00:00,128.79822,0.0,40.5458,0.0
2026-01-16 21:30:00,125.94894,0.0,42.50266,0.0
2026-01-16 22:00:00,119.92782,0.0,35.64288,0.0
2026-01-16 22:30:00,71.94164,0.0,7.74144,0.0
2026-01-16 23:00:00,52.24398,0.0,0.8494,4.26854
2026-01-16 23:30:00,45.83578,0.0,0.0,5.01044
2026-01-17 00:00:00,46.67444,0.0,0.0,4.19328
2026-01-17 00:30:00,45.62074,0.0,0.0,6.75226
2026-01-17 01:00:00,44.70682,0.0,0.0,6.9888
2026-01-17 01:30:00,46.17984,0.0,0.0,6.34368
2026-01-17 02:00:00,45.47022,0.0,0.0,6.38668
2026-01-17 02:30:00,44.92186,0.0,0.0,6.33294
2026-01-17 03:00:00,46.4594,0.0,0.0,5.92436
2026-01-17 03:30:00,45.49172,0.0,0.0,5.31686
2026-01-17 04:00:00,45.8788,0.0,0.0,5.1502
2026-01-17 04:30:00,46.36264,0.0,0.0,4.62336
2026-01-17 05:00:00,45.26592,0.0,0.0,4.8814
2026-01-17 05:30:00,46.14758,0.0,0.0,4.33844
2026-01-17 06:00:00,46.954,0.0,0.0,3.8062
2026-01-17 06:30:00,44.11546,0.0,0.0,5.03194
2026-01-17 07:00:00,46.28736,0.0,0.0,4.08576
2026-01-17 07:30:00,43.43808,0.0,0.0,5.52652
2026-01-17 08:00:00,44.77134,0.0,0.32794,4.5911
2026-01-17 08:30:00,110.42304,0.0,40.4544,0.0
2026-01-17 09:00:00,112.20788,0.0,43.008,0.0
2026-01-17 09:30:00,114.03572,0.0,43.22304,0.0
2026-01-17 10:00:00,118.11074,0.0,41.9328,0.0
2026-01-17 10:30:00,119.3042,0.0,41.85754,0.0
2026-01-17 11:00:00,118.26126,0.0,45.24442,0.0
2026-01-17 11:30:00,120.07834,0.0,45.85728,0.0
2026-01-17 12:00:00,121.20732,0.0,46.7927,0.0
2026-01-17 12:30:00,121.4546,0.0,47.90016,0.0
2026-01-17 13:00:00,121.50836,0.0,48.69582,0.0
2026-01-17 13:30:00,120.11062,0.0,47.70664,0.0
2026-01-17 14:00:00,128.61544,0.0,48.14746,0.0
2026-01-17 14:30:00,130.60456,0.0,45.54548,0.0
2026-01-17 15:00:00,132.89474,0.0,47.10452,0.0
2026-01-17 15:30:00,130.282,0.0,46.92174,0.0
2026-01-17 16:00:00,121.9707,0.0,46.98624,0.0
2026-01-17 16:30:00,117.6699,0.0,45.83578,0.0
2026-01-17 17:00:00,118.26126,0.0,46.5239,0.0
2026-01-17 17:30:00,119.85256,0.0,48.48078,0.0
2026-01-17 18:00:00,120.01384,0.0,49.26568,0.0
2026-01-17 18:30:00,118.62684,0.0,48.49152,0.0
2026-01-17 19:00:00,85.03758,0.0,25.43924,0.0
2026-01-17 19:30:00,59.6521,0.0,8.54784,0.20428
2026-01-17 20:00:00,47.90016,0.0,0.01076,2.48372
2026-01-17 20:30:00,45.71752,0.0,0.0,2.16652
2026-01-17 21:00:00,43.99718,0.0,0.0,2.9138
2026-01-17 21:30:00,44.44878,0.0,0.0,3.54816
2026-01-17 22:00:00,44.13696,0.0,0.0,4.51584
2026-01-17 22:30:00,44.09396,0.0,0.0,4.38682
2026-01-17 23:00:00,43.55636,0.0,0.0,4.63412
2026-01-17 23:30:00,44.56704,0.0,0.0,3.90298
2026-01-18 00:00:00,43.008,0.0,0.0,6.4942
2026-01-18 00:30:00,42.77146,0.0,0.0,6.70926
2026-01-18 01:00:00,43.7499,0.0,0.0,6.11788
2026-01-18 01:30:00,42.4059,0.0,0.0,6.4727
2026-01-18 02:00:00,43.72838,0.0,0.0,6.11788
2026-01-18 02:30:00,44.24448,0.0,0.0,5.92436
2026-01-18 03:00:00,42.50266,0.0,0.0,6.17164
2026-01-18 03:30:00,43.69614,0.0,0.0,5.1287
2026-01-18 04:00:00,44.05096,0.0,0.0,4.8384
2026-01-18 04:30:00,42.79296,0.0,0.0,4.7954
2026-01-18 05:00:00,44.40576,0.0,0.0,3.92448
2026-01-18 05:30:00,45.21216,0.0,0.0,3.93524
2026-01-18 06:00:00,43.7499,0.0,0.0,4.12876
2026-01-18 06:30:00,43.87892,0.0,0.0,4.11264
2026-01-18 07:00:00,43.73914,0.0,0.0,3.99974
2026-01-18 07:30:00,41.24468,0.0,0.0,4.661
2026-01-18 08:00:00,43.61012,0.0,0.08602,3.59116
2026-01-18 08:30:00,100.95054,0.0,33.98708,0.05376
2026-01-18 09:00:00,114.99266,0.0,42.85748,0.0
2026-01-18 09:30:00,124.949,0.0,44.1047,0.0
2026-01-18 10:00:00,133.30332,0.0,47.36256,0.0
2026-01-18 10:30:00,140.80822,0.0,49.57748,0.0
2026-01-18 11:00:00,144.0123,0.0,51.21178,0.0
2026-01-18 11:30:00,144.35636,0.0,51.38382,0.0
2026-01-18 12:00:00,145.57136,0.0,51.46982,0.0
2026-01-18 12:30:00,148.56576,0.0,54.10406,0.0
2026-01-18 13:00:00,149.141,0.0,55.66312,0.0
2026-01-18 13:30:00,155.80726,0.0,58.2436,0.0
2026-01-18 14:00:00,167.96238,0.0,62.64116,0.0
2026-01-18 14:30:00,168.78492,0.0,62.55514,0.0
2026-01-18 15:00:00,150.23772,0.0,57.16838,0.0
2026-01-18 15:30:00,141.33506,0.0,49.9108,0.0
2026-01-18 16:00:00,140.33512,0.0,49.40544,0.0
2026-01-18 16:30:00,132.01844,0.0,44.90036,0.0
2026-01-18 17:00:00,54.26536,0.0,4.19328,3.17184
2026-01-18 17:30:00,43.44884,0.0,0.0,4.73088
2026-01-18 18:00:00,43.64238,0.0,0.0,4.5696
2026-01-18 18:30:00,42.41664,0.0,0.0,5.05344
2026-01-18 19:00:00,43.11552,0.0,0.0,4.8169
2026-01-18 19:30:00,43.2553,0.0,0.0,5.20396
2026-01-18 20:00:00,44.8251,0.0,0.0,4.76314
2026-01-18 20:30:00,44.81434,0.0,0.0,4.36532
2026-01-18 21:00:00,43.02952,0.0,0.0,4.90292
2026-01-18 21:30:00,44.6208,0.0,0.0,4.5911
2026-01-18 22:00:00,45.06164,0.0,0.0,4.06426
2026-01-18 22:30:00,45.22292,0.0,0.0,3.56966
2026-01-18 23:00:00,45.0939,0.0,0.0,3.81696
2026-01-18 23:30:00,44.02406,0.0,0.0,4.38682
2026-01-19 00:00:00,45.1154,0.0,0.0,3.97824
2026-01-19 00:30:00,44.94336,0.0,0.01076,3.75244
2026-01-19 01:00:00,44.02406,0.0,0.0,3.35462
2026-01-19 01:30:00,45.3627,0.0,0.0,2.35468
2026-01-19 02:00:00,44.49178,0.0,0.0,4.5911
2026-01-19 02:30:00,43.84666,0.0,0.0,5.54804
2026-01-19 03:00:00,44.80358,0.0,0.0,4.90292
2026-01-19 03:30:00,43.78216,0.0,0.0,5.3975
2026-01-19 04:00:00,44.80358,0.0,0.0,4.60186
2026-01-19 04:30:00,44.73908,0.0,0.0,4.58036
2026-01-19 05:00:00,44.42726,0.0,0.0,4.36532
2026-01-19 05:30:00,46.02932,0.0,0.0,4.06426
2026-01-19 06:00:00,45.21216,0.0,0.0,4.50508
2026-01-19 06:30:00,43.34132,0.0,0.0,5.67706
2026-01-19 07:00:00,49.15814,0.0,0.0,5.8921
2026-01-19 07:30:00,64.28622,0.0,2.60198,2.35468
2026-01-19 08:00:00,94.5746,0.0,8.32206,0.0
2026-01-19 08:30:00,198.37444,0.0,68.40422,0.0
2026-01-19 09:00:00,223.4158,0.0,72.40398,0.0
2026-01-19 09:30:00,231.7916,0.0,74.82856,0.0
2026-01-19 10:00:00,233.7916,0.0,77.24238,0.0
2026-01-19 10:30:00,245.6402,0.0,72.533,0.0
2026-01-19 11:00:00,247.64,0.0,73.17812,0.0
2026-01-19 11:30:00,242.5006,0.0,66.40436,0.0
2026-01-19 12:00:00,243.8768,0.0,68.9741,0.0
2026-01-19 12:30:00,235.0388,0.0,69.8665,0.0
2026-01-19 13:00:00,238.2858,0.0,72.61902,0.0
2026-01-19 13:30:00,230.4584,0.0,81.81198,0.0
2026-01-19 14:00:00,230.5336,0.0,80.98408,0.0
2026-01-19 14:30:00,237.458,0.0,78.50036,0.0
2026-01-19 15:00:00,241.4362,0.0,82.03778,0.0
2026-01-19 15:30:00,239.4686,0.0,79.44116,0.0
2026-01-19 16:00:00,226.8564,0.0,73.41466,0.0
2026-01-19 16:30:00,226.9318,0.0,73.13512,0.0
2026-01-19 17:00:00,236.4688,0.0,75.83386,0.0
2026-01-19 17:30:00,237.6084,0.0,76.57576,0.0
2026-01-19 18:00:00,203.8686,0.0,60.6843,0.0
2026-01-19 18:30:00,179.9025,0.0,44.79284,0.0
2026-01-19 19:00:00,167.49468,0.0,42.13172,0.0
2026-01-19 19:30:00,144.31336,0.0,42.15322,0.0
2026-01-19 20:00:00,144.05532,0.0,42.6962,0.0
2026-01-19 20:30:00,134.18498,0.0,41.47048,0.0
2026-01-19 21:00:00,124.33614,0.0,42.21774,0.0
2026-01-19 21:30:00,123.18568,0.0,41.8199,0.0
2026-01-19 22:00:00,111.56276,0.0,33.56774,0.0
2026-01-19 22:30:00,61.42618,0.0,8.4457,0.0
2026-01-19 23:00:00,48.9216,0.0,1.23648,3.61268
2026-01-19 23:30:00,44.95412,0.0,0.0,5.09644
2026-01-20 00:00:00,43.93806,0.0,0.0,5.58028
2026-01-20 00:30:00,42.85748,0.0,0.0,5.80608
2026-01-20 01:00:00,42.86822,0.0,0.0,5.2201
2026-01-20 01:30:00,41.77152,0.0,0.0,5.419
2026-01-20 02:00:00,42.7392,0.0,0.0,5.18246
2026-01-20 02:30:00,42.85748,0.0,0.0,4.87066
2026-01-20 03:00:00,41.621,0.0,0.0,5.16096
2026-01-20 03:30:00,42.50266,0.0,0.0,5.03194
2026-01-20 04:00:00,42.36288,0.0,0.0,4.92442
2026-01-20 04:30:00,42.9435,0.0,0.0,4.75238
2026-01-20 05:00:00,43.2338,0.0,0.0,4.8814
2026-01-20 05:30:00,41.6855,0.0,0.0,5.20934
2026-01-20 06:00:00,43.41658,0.0,0.0,4.87066
2026-01-20 06:30:00,40.87374,0.0,0.0,6.04262
2026-01-20 07:00:00,47.66362,0.0,0.0,5.53728
2026-01-20 07:30:00,51.45908,0.0,0.97844,3.79546
2026-01-20 08:00:00,91.04796,0.0,13.81632,0.0215
2026-01-20 08:30:00,184.90216,0.0,63.31854,0.0
2026-01-20 09:00:00,210.2876,0.0,72.12442,0.0
2026-01-20 09:30:00,218.3086,0.0,77.8875,0.0
2026-01-20 10:00:00,219.6848,0.0,76.17256,0.0
2026-01-20 10:30:00,219.2978,0.0,76.32846,0.0
2026-01-20 11:00:00,221.7816,0.0,75.95752,0.0
2026-01-20 11:30:00,239.4794,0.0,77.36064,0.0
2026-01-20 12:00:00,250.9732,0.0,79.86048,0.0
2026-01-20 12:30:00,249.554,0.0,81.73672,0.0
2026-01-20 13:00:00,247.7476,0.0,85.03758,0.0
2026-01-20 13:30:00,232.5872,0.0,87.5428,0.0
2026-01-20 14:00:00,222.6846,0.0,85.2795,0.0
2026-01-20 14:30:00,233.1894,0.0,81.70446,0.0
2026-01-20 15:00:00,232.4476,0.0,81.95176,0.0
2026-01-20 15:30:00,234.1356,0.0,82.46784,0.0
2026-01-20 16:00:00,237.5654,0.0,83.46778,0.0
2026-01-20 16:30:00,236.6838,0.0,80.70452,0.0
2026-01-20 17:00:00,232.9852,0.0,80.29596,0.0
2026-01-20 17:30:00,229.7058,0.0,76.08654,0.0
2026-01-20 18:00:00,190.33192,0.0,59.9209,0.0
2026-01-20 18:30:00,174.41896,0.0,49.84628,0.0
2026-01-20 19:00:00,151.52796,0.0,42.45966,0.0
2026-01-20 19:30:00,139.83514,0.0,41.7339,0.0
2026-01-20 20:00:00,139.24378,0.0,42.23924,0.0
2026-01-20 20:30:00,137.52886,0.0,43.43808,0.0
2026-01-20 21:00:00,130.89486,0.0,42.07258,0.0
2026-01-20 21:30:00,128.75522,0.0,39.00826,0.0
2026-01-20 22:00:00,112.0681,0.0,32.73984,0.0
2026-01-20 22:30:00,69.16762,0.0,5.25772,0.61286
2026-01-20 23:00:00,52.45902,0.0,0.0,5.09644
2026-01-20 23:30:00,48.5883,0.0,0.0,5.24698
2026-01-21 00:00:00,49.63124,0.0,0.0,4.92442
2026-01-21 00:30:00,50.56666,0.0,0.0,4.0535
2026-01-21 01:00:00,51.15802,0.0,0.0,4.55348
2026-01-21 01:30:00,51.22254,0.0,0.0,4.31156
2026-01-21 02:00:00,51.51284,0.0,0.0,4.67174
2026-01-21 02:30:00,51.5666,0.0,0.0,4.17178
2026-01-21 03:00:00,51.76014,0.0,0.0,4.2793
2026-01-21 03:30:00,52.0612,0.0,0.0,3.89222
2026-01-21 04:00:00,51.46982,0.0,0.0,3.87072
2026-01-21 04:30:00,51.8784,0.0,0.0,3.55892
2026-01-21 05:00:00,52.6203,0.0,0.0,2.87078
2026-01-21 05:30:00,52.48052,0.0,0.0,3.03206
2026-01-21 06:00:00,52.11496,0.0,0.0,3.52666
2026-01-21 06:30:00,51.98592,0.0,0.0,4.3223
2026-01-21 07:00:00,55.24378,0.0,0.0,5.04268
2026-01-21 07:30:00,68.2322,0.0,0.32794,4.50508
2026-01-21 08:00:00,102.46658,0.0,16.88602,0.0
2026-01-21 08:30:00,197.44976,0.0,74.3501,0.0
2026-01-21 09:00:00,212.8896,0.0,71.96314,0.0
2026-01-21 09:30:00,223.3514,0.0,77.23162,0.0
2026-01-21 10:00:00,230.652,0.0,114.4658,0.0
2026-01-21 10:30:00,234.727,0.0,79.55406,0.0
2026-01-21 11:00:00,239.404,0.0,79.26376,0.0
2026-01-21 11:30:00,247.8444,0.0,81.24212,0.0
2026-01-21 12:00:00,244.6402,0.0,80.51098,0.0
2026-01-21 12:30:00,244.8876,0.0,80.99482,0.0
2026-01-21 13:00:00,246.6616,0.0,78.05952,0.0
2026-01-21 13:30:00,231.7378,0.0,75.32852,0.0
2026-01-21 14:00:00,230.2648,0.0,74.55438,0.0
2026-01-21 14:30:00,249.5324,0.0,71.9954,0.0
2026-01-21 15:00:00,252.371,0.0,74.56514,0.0
2026-01-21 15:30:00,245.8876,0.0,78.53262,0.0
2026-01-21 16:00:00,237.9096,0.0,86.52136,0.0
2026-01-21 16:30:00,224.1792,0.0,75.95752,0.0
2026-01-21 17:00:00,219.5882,0.0,74.69416,0.0
2026-01-21 17:30:00,217.9324,0.0,74.82318,0.0
2026-01-21 18:00:00,182.76252,0.0,58.74894,0.0
2026-01-21 18:30:00,156.0384,0.0,42.19622,0.0
2026-01-21 19:00:00,137.34606,0.0,42.12634,0.0
2026-01-21 19:30:00,133.81942,0.0,43.1908,0.0
2026-01-21 20:00:00,137.84066,0.0,43.40584,0.0
2026-01-21 20:30:00,127.15316,0.0,43.66388,0.0
2026-01-21 21:00:00,117.48712,0.0,41.578,0.0
2026-01-21 21:30:00,114.58408,0.0,39.92218,0.0
2026-01-21 22:00:00,105.48788,0.0,39.7179,0.0
2026-01-21 22:30:00,55.92116,0.0,7.92422,0.98918
2026-01-21 23:00:00,40.6103,0.0,0.0,5.3545
2026-01-21 23:30:00,38.1266,0.0,0.0,5.76308
2026-01-22 00:00:00,39.43834,0.0,0.0,5.419
2026-01-22 00:30:00,39.23406,0.0,0.0,5.04268
2026-01-22 01:00:00,39.27706,0.0,0.0,4.73088
2026-01-22 01:30:00,42.00806,0.0,0.0,4.33844
2026-01-22 02:00:00,40.86836,0.0,0.0,4.8599
2026-01-22 02:30:00,41.7984,0.0,0.0,4.44596
2026-01-22 03:00:00,40.93286,0.0,0.0,4.5481
2026-01-22 03:30:00,41.8683,0.0,0.0,3.77396
2026-01-22 04:00:00,41.65326,0.0,0.0,3.25786
2026-01-22 04:30:00,41.53498,0.0,0.01076,3.63418
2026-01-22 05:00:00,42.4919,0.0,0.0,3.05356
2026-01-22 05:30:00,41.5995,0.0,0.0,3.31162
2026-01-22 06:00:00,42.50266,0.0,0.0,3.19334
2026-01-22 06:30:00,41.40596,0.0,0.0,4.31156
2026-01-22 07:00:00,45.6745,0.0,0.0,4.64486
2026-01-22 07:30:00,54.5019,0.0,0.0,4.73088
2026-01-22 08:00:00,79.7476,0.0,3.16108,1.43002
2026-01-22 08:30:00,185.47204,0.0,64.15718,0.0
2026-01-22 09:00:00,209.0404,0.0,69.5977,0.0
2026-01-22 09:30:00,213.6316,0.0,69.8665,0.0
2026-01-22 10:00:00,215.255,0.0,73.84474,0.0
2026-01-22 10:30:00,214.2658,0.0,74.65652,0.0
2026-01-22 11:00:00,219.5774,0.0,73.24264,0.0
2026-01-22 11:30:00,223.1792,0.0,73.76948,0.0
2026-01-22 12:00:00,224.0932,0.0,74.21032,0.0
2026-01-22 12:30:00,226.5984,0.0,76.48974,0.0
2026-01-22 13:00:00,227.3834,0.0,77.89286,0.0
2026-01-22 13:30:00,219.5558,0.0,78.41434,0.0
2026-01-22 14:00:00,219.9644,0.0,77.23162,0.0
2026-01-22 14:30:00,232.7916,0.0,77.89286,0.0
2026-01-22 15:00:00,235.0388,0.0,80.48948,0.0
2026-01-22 15:30:00,242.9308,0.0,83.25274,0.0
2026-01-22 16:00:00,239.5224,0.0,81.72596,0.0
2026-01-22 16:30:00,244.651,0.0,81.0701,0.0
2026-01-22 17:00:00,230.2542,0.0,80.81204,0.0
2026-01-22 17:30:00,225.0932,0.0,77.19938,0.0
2026-01-22 18:00:00,199.26684,0.0,68.98484,0.0
2026-01-22 18:30:00,197.7293,0.0,57.63072,0.0
2026-01-22 19:00:00,192.23504,0.0,57.7275,0.0
2026-01-22 19:30:00,188.82664,0.0,61.46918,0.0
2026-01-22 20:00:00,171.81698,0.0,55.97492,0.0
2026-01-22 20:30:00,148.94748,0.0,40.93824,0.0
2026-01-22 21:00:00,126.85212,0.0,40.30926,0.0
2026-01-22 21:30:00,113.15406,0.0,39.94368,0.0
2026-01-22 22:00:00,111.35848,0.0,42.30912,0.0
2026-01-22 22:30:00,56.58778,0.0,7.60166,0.0
2026-01-22 23:00:00,46.997,0.0,1.81708,0.0
2026-01-22 23:30:00,45.1369,0.0,1.58054,0.0
2026-01-23 00:00:00,43.86816,0.0,0.66124,0.70964
2026-01-23 00:30:00,44.2875,0.0,0.32256,0.40858
2026-01-23 01:00:00,44.3305,0.0,0.39782,0.25804
2026-01-23 01:30:00,44.16922,0.0,0.17204,0.7849
2026-01-23 02:00:00,44.61006,0.0,0.19354,0.52684
2026-01-23 02:30:00,43.55636,0.0,0.15052,0.69888
2026-01-23 03:00:00,44.36276,0.0,0.2688,0.35482
2026-01-23 03:30:00,44.2875,0.0,0.2688,0.2903
2026-01-23 04:00:00,44.48102,0.0,0.5806,0.05376
2026-01-23 04:30:00,44.61006,0.0,0.73114,0.0
2026-01-23 05:00:00,44.41652,0.0,0.56448,0.03226
2026-01-23 05:30:00,45.04014,0.0,0.8279,0.01076
2026-01-23 06:00:00,44.22298,0.0,0.59136,0.05376
2026-01-23 06:30:00,44.70682,0.0,0.4946,0.03226
2026-01-23 07:00:00,48.01844,0.0,0.30106,0.5806
2026-01-23 07:30:00,57.67374,0.0,1.78484,0.8279
2026-01-23 08:00:00,90.40282,0.0,13.48302,0.01076
2026-01-23 08:30:00,185.20324,0.0,68.37198,0.0
2026-01-23 09:00:00,216.1474,0.0,71.57608,0.0
2026-01-23 09:30:00,224.3728,0.0,72.49,0.0
2026-01-23 10:00:00,227.136,0.0,71.44706,0.0
2026-01-23 10:30:00,234.4582,0.0,72.2212,0.0
2026-01-23 11:00:00,243.5114,0.0,71.69434,0.0
2026-01-23 11:30:00,253.7688,0.0,78.01652,0.0
2026-01-23 12:00:00,259.7898,0.0,80.64002,0.0
2026-01-23 12:30:00,248.425,0.0,79.51104,0.0
2026-01-23 13:00:00,190.6545,0.0,54.84596,0.0
2026-01-23 13:30:00,186.31068,0.0,49.77102,0.0
2026-01-23 14:00:00,184.8484,0.0,51.48058,0.0
2026-01-23 14:30:00,194.5037,0.0,51.16878,0.0
2026-01-23 15:00:00,254.3278,0.0,75.29088,0.0
2026-01-23 15:30:00,272.0578,0.0,80.44648,0.0
2026-01-23 16:00:00,275.52,0.0,81.52168,0.0
2026-01-23 16:30:00,267.0152,0.0,79.5218,0.0
2026-01-23 17:00:00,258.962,0.0,79.01646,0.0
2026-01-23 17:30:00,244.5542,0.0,75.61882,0.0
2026-01-23 18:00:00,214.4486,0.0,68.42574,0.0
2026-01-23 18:30:00,197.06268,0.0,62.55514,0.0
2026-01-23 19:00:00,122.5083,0.0,18.13862,0.0
2026-01-23 19:30:00,108.18664,0.0,10.49396,0.0
2026-01-23 20:00:00,94.42408,0.0,3.67718,0.0
2026-01-23 20:30:00,87.05896,0.0,3.93524,0.0
2026-01-23 21:00:00,69.38266,0.0,3.77396,0.0
2026-01-23 21:30:00,62.53364,0.0,2.79552,0.0
2026-01-23 22:00:00,59.43706,0.0,1.9031,0.0
2026-01-23 22:30:00,54.30836,0.0,0.92468,0.0
2026-01-23 23:00:00,52.99662,0.0,1.32788,0.0
2026-01-23 23:30:00,51.62036,0.0,1.0967,0.01076
2026-01-24 00:00:00,51.21178,0.0,0.81716,0.15052
2026-01-24 00:30:00,46.56692,0.0,1.08058,0.0215
2026-01-24 01:00:00,46.26586,0.0,1.5698,0.0
2026-01-24 01:30:00,46.42714,0.0,0.72038,0.37632
2026-01-24 02:00:00,45.21216,0.0,0.16128,0.62362
2026-01-24 02:30:00,47.02926,0.0,0.59136,0.06452
2026-01-24 03:00:00,45.51322,0.0,0.38708,0.13978
2026-01-24 03:30:00,46.4809,0.0,0.79564,0.0215
2026-01-24 04:00:00,46.17984,0.0,1.02144,0.0
2026-01-24 04:30:00,46.20136,0.0,1.13434,0.0
2026-01-24 05:00:00,47.0185,0.0,1.47302,0.0
2026-01-24 05:30:00,47.04,0.0,1.55904,0.0
2026-01-24 06:00:00,47.74964,0.0,1.81708,0.0
2026-01-24 06:30:00,46.09384,0.0,1.67732,0.0
2026-01-24 07:00:00,46.47014,0.0,1.78484,0.0
2026-01-24 07:30:00,44.41652,0.0,0.89242,0.2903
2026-01-24 08:00:00,43.80366,0.0,0.2903,0.32794
2026-01-24 08:30:00,44.20148,0.0,0.11828,0.97844
2026-01-24 09:00:00,43.89504,0.0,0.21504,0.96768
2026-01-24 09:30:00,43.88968,0.0,0.13978,0.8494
2026-01-24 10:00:00,41.45972,0.0,0.0,2.1074
2026-01-24 10:30:00,43.05102,0.0,0.38708,0.61286
2026-01-24 11:00:00,42.21236,0.0,0.34406,0.40858
2026-01-24 11:30:00,41.45972,0.0,0.15052,1.0322
2026-01-24 12:00:00,48.53454,0.0,1.22572,0.0215
2026-01-24 12:30:00,47.59912,0.0,0.5591,0.79564
2026-01-24 13:00:00,46.92174,0.0,0.07526,0.92468
2026-01-24 13:30:00,46.86798,0.0,0.01076,1.68806
2026-01-24 14:00:00,46.7282,0.0,0.01076,1.95686
2026-01-24 14:30:00,46.14758,0.0,0.0,2.52672
2026-01-24 15:00:00,47.29806,0.0,0.0,2.40844
2026-01-24 15:30:00,47.16902,0.0,0.0,2.11276
2026-01-24 16:00:00,46.4594,0.0,0.0,2.645
2026-01-24 16:30:00,45.26592,0.0,0.0,2.96756
2026-01-24 17:00:00,46.87872,0.0,0.01076,2.06438
2026-01-24 17:30:00,46.78196,0.0,0.0,2.1934
2026-01-24 18:00:00,45.8788,0.0,0.0,2.13964
2026-01-24 18:30:00,47.5776,0.0,0.0215,1.3655
2026-01-24 19:00:00,46.05082,0.0,0.0,1.5698
2026-01-24 19:30:00,46.24436,0.0,0.05376,1.23648
2026-01-24 20:00:00,43.99718,0.0,0.05376,1.10746
2026-01-24 20:30:00,40.87374,0.0,0.01076,2.1289
2026-01-24 21:00:00,42.41664,0.0,0.0215,1.344
2026-01-24 21:30:00,41.98656,0.0,0.06452,1.22572
2026-01-24 22:00:00,41.05114,0.0,0.01076,3.59116
2026-01-24 22:30:00,42.09408,0.0,0.0,2.98906
2026-01-24 23:00:00,40.4114,0.0,0.0,3.34388
2026-01-24 23:30:00,41.53498,0.0,0.0,3.90298
2026-01-25 00:00:00,40.86836,0.0,0.0,5.20396
2026-01-25 00:30:00,41.21242,0.0,0.0,4.74164
2026-01-25 01:00:00,40.95438,0.0,0.0,4.76314
2026-01-25 01:30:00,41.664,0.0,0.0,3.93524
2026-01-25 02:00:00,40.85224,0.0,0.0,3.92448
2026-01-25 02:30:00,41.58874,0.0,0.0,3.60192
2026-01-25 03:00:00,41.51348,0.0,0.0,3.31162
2026-01-25 03:30:00,41.02964,0.0,0.0,3.07508
2026-01-25 04:00:00,41.33606,0.0,0.0,2.79552
2026-01-25 04:30:00,41.7769,0.0,0.0,2.67724
2026-01-25 05:00:00,40.5888,0.0,0.0,4.91366
2026-01-25 05:30:00,41.7984,0.0,0.0,4.74164
2026-01-25 06:00:00,41.28768,0.0,0.0,4.65562
2026-01-25 06:30:00,40.84686,0.0,0.0,4.93516
2026-01-25 07:00:00,40.91136,0.0,0.0,4.68788
2026-01-25 07:30:00,38.94374,0.0,0.0,5.10182
2026-01-25 08:00:00,38.78248,0.0,0.0,5.42976
2026-01-25 08:30:00,35.01926,0.0,0.0,7.20384
2026-01-25 09:00:00,35.9762,0.0,0.0,7.04256
2026-01-25 09:30:00,35.96544,0.0,0.0,5.84908
2026-01-25 10:00:00,35.93318,0.0,0.0,5.73082
2026-01-25 10:30:00,36.68582,0.0,0.0,5.6663
2026-01-25 11:00:00,36.5568,0.0,0.01076,3.97824
2026-01-25 11:30:00,37.86854,0.0,0.0,3.82772
2026-01-25 12:00:00,36.87936,0.0,0.0,3.7202
2026-01-25 12:30:00,36.50304,0.0,0.0,3.5374
2026-01-25 13:00:00,37.45998,0.0,0.0,3.25786
2026-01-25 13:30:00,37.7879,0.0,0.0,3.40838
2026-01-25 14:00:00,37.0299,0.0,0.0,4.58036
2026-01-25 14:30:00,35.6859,0.0,0.0,5.01044
2026-01-25 15:00:00,37.28794,0.0,0.0,4.76314
2026-01-25 15:30:00,37.01914,0.0,0.0,4.7954
2026-01-25 16:00:00,35.37408,0.0,0.0,5.01044
2026-01-25 16:30:00,37.16968,0.0,0.0,4.46208
2026-01-25 17:00:00,36.94926,0.0,0.0,4.62336
2026-01-25 17:30:00,36.0891,0.0,0.0,5.09644
2026-01-25 18:00:00,36.67508,0.0,0.0,4.39756
2026-01-25 18:30:00,36.66432,0.0,0.0,4.38682
2026-01-25 19:00:00,36.37402,0.0,0.0,4.26854
2026-01-25 19:30:00,37.55674,0.0,0.0,4.51584
2026-01-25 20:00:00,38.1266,0.0,0.0,4.50508
2026-01-25 20:30:00,39.19104,0.0,0.0,4.44058
2026-01-25 21:00:00,37.80942,0.0,0.0,4.94592
2026-01-25 21:30:00,39.06202,0.0,0.0,4.36532
2026-01-25 22:00:00,38.85774,0.0,0.0,3.95674
2026-01-25 22:30:00,38.85774,0.0,0.0,3.7632
2026-01-25 23:00:00,39.4706,0.0,0.0,3.54816
2026-01-25 23:30:00,37.94382,0.0,0.0,3.95674
2026-01-26 00:00:00,39.39534,0.0,0.0,2.9568
2026-01-26 00:30:00,38.38464,0.0,0.01076,2.71488
2026-01-26 01:00:00,38.76096,0.0,0.0,2.60198
2026-01-26 01:30:00,38.90074,0.0,0.0,2.92454
2026-01-26 02:00:00,38.26638,0.0,0.0,4.62336
2026-01-26 02:30:00,38.933,0.0,0.0,4.5481
2026-01-26 03:00:00,37.67502,0.0,0.0,4.92442
2026-01-26 03:30:00,39.2018,0.0,0.0,4.26854
2026-01-26 04:00:00,38.55668,0.0,0.0,3.93524
2026-01-26 04:30:00,38.84698,0.0,0.0,3.38688
2026-01-26 05:00:00,38.38464,0.0,0.0,3.91372
2026-01-26 05:30:00,39.54586,0.0,0.0,3.42988
2026-01-26 06:00:00,39.16954,0.0,0.0,3.82772
2026-01-26 06:30:00,37.19118,0.0,0.0,5.05344
2026-01-26 07:00:00,41.87904,0.0,0.0,5.34374
2026-01-26 07:30:00,57.81352,0.0,0.98918,2.9568
2026-01-26 08:00:00,94.5961,0.0,12.82714,0.0215
2026-01-26 08:30:00,204.0084,0.0,67.2699,0.0
2026-01-26 09:00:00,237.7376,0.0,68.60852,0.0
2026-01-26 09:30:00,243.1458,0.0,70.8987,0.0
2026-01-26 10:00:00,248.1454,0.0,70.47938,0.0
2026-01-26 10:30:00,258.8974,0.0,79.7906,0.0
2026-01-26 11:00:00,259.6394,0.0,81.2475,0.0
2026-01-26 11:30:00,263.123,0.0,82.91944,0.0
2026-01-26 12:00:00,259.8328,0.0,82.82266,0.0
2026-01-26 12:30:00,252.9194,0.0,82.31732,0.0
2026-01-26 13:00:00,254.231,0.0,86.85466,0.0
2026-01-26 13:30:00,243.479,0.0,84.10214,0.0
2026-01-26 14:00:00,238.4902,0.0,77.3714,0.0
2026-01-26 14:30:00,251.3066,0.0,86.4676,0.0
2026-01-26 15:00:00,250.07,0.0,82.82266,0.0
2026-01-26 15:30:00,255.2202,0.0,80.81204,0.0
2026-01-26 16:00:00,250.4678,0.0,80.00564,0.0
2026-01-26 16:30:00,259.4136,0.0,75.83386,0.0
2026-01-26 17:00:00,261.3166,0.0,77.24238,0.0
2026-01-26 17:30:00,256.6072,0.0,79.34976,0.0
2026-01-26 18:00:00,227.9962,0.0,70.78042,0.0
2026-01-26 18:30:00,195.81544,0.0,59.98542,0.0
2026-01-26 19:00:00,173.19324,0.0,50.70644,0.0
2026-01-26 19:30:00,98.07976,0.0,19.19232,0.0
2026-01-26 20:00:00,71.94164,0.0,0.8494,0.05376
2026-01-26 20:30:00,58.66292,0.0,0.13978,0.86016
2026-01-26 21:00:00,47.34106,0.0,0.01076,2.13964
2026-01-26 21:30:00,47.39482,0.0,0.01076,1.39776
2026-01-26 22:00:00,42.79296,0.0,0.13978,1.26874
2026-01-26 22:30:00,41.23392,0.0,0.0,3.87072
2026-01-26 23:00:00,39.9652,0.0,0.0,4.29004
2026-01-26 23:30:00,41.0404,0.0,0.0,4.08576
2026-01-27 00:00:00,41.26618,0.0,0.0,3.66644
2026-01-27 00:30:00,39.40608,0.0,0.0,5.9351
2026-01-27 01:00:00,40.53504,0.0,0.0,5.74156
2026-01-27 01:30:00,39.88992,0.0,0.0,5.6233
2026-01-27 02:00:00,39.59424,0.0,0.0,5.42976
2026-01-27 02:30:00,40.68558,0.0,0.0,5.27924
2026-01-27 03:00:00,39.1104,0.0,0.0,5.54804
2026-01-27 03:30:00,40.88986,0.0,0.0,4.65562
2026-01-27 04:00:00,40.36302,0.0,0.0,4.5266
2026-01-27 04:30:00,40.32,0.0,0.0,4.22016
2026-01-27 05:00:00,41.71238,0.0,0.0,4.22016
2026-01-27 05:30:00,40.67482,0.0,0.0,4.661
2026-01-27 06:00:00,41.01888,0.0,0.0,4.64486
2026-01-27 06:30:00,39.39534,0.0,0.0,5.6663
2026-01-27 07:00:00,44.23374,0.0,0.05376,5.61254
2026-01-27 07:30:00,59.79188,0.0,0.34406,0.90316
2026-01-27 08:00:00,94.2843,0.0,9.99398,0.2473
2026-01-27 08:30:00,194.78326,0.0,68.57088,0.0
2026-01-27 09:00:00,216.5346,0.0,75.36078,0.0
2026-01-27 09:30:00,221.8782,0.0,73.71572,0.0
2026-01-27 10:00:00,226.9102,0.0,75.9844,0.0
2026-01-27 10:30:00,231.7808,0.0,80.02714,0.0
2026-01-27 11:00:00,237.4902,0.0,80.13466,0.0
2026-01-27 11:30:00,252.6828,0.0,80.65076,0.0
2026-01-27 12:00:00,260.1124,0.0,78.01652,0.0
2026-01-27 12:30:00,257.0804,0.0,80.5755,0.0
2026-01-27 13:00:00,259.1984,0.0,82.77966,0.0
2026-01-27 13:30:00,239.931,0.0,81.2045,0.0
2026-01-27 14:00:00,232.5228,0.0,77.0112,0.0
2026-01-27 14:30:00,240.619,0.0,74.3232,0.0
2026-01-27 15:00:00,241.447,0.0,76.48974,0.0
2026-01-27 15:30:00,256.1664,0.0,75.00596,0.0
2026-01-27 16:00:00,255.145,0.0,76.36072,0.0
2026-01-27 16:30:00,254.1558,0.0,77.15636,0.0
2026-01-27 17:00:00,244.6402,0.0,76.37146,0.0
2026-01-27 17:30:00,234.3936,0.0,75.6941,0.0
2026-01-27 18:00:00,196.31004,0.0,66.49038,0.0
2026-01-27 18:30:00,175.09634,0.0,63.11426,0.0
2026-01-27 19:00:00,152.09242,0.0,52.8676,0.0
2026-01-27 19:30:00,102.29454,0.0,25.13818,0.0
2026-01-27 20:00:00,70.35034,0.0,0.87092,1.02144
2026-01-27 20:30:00,65.2109,0.0,0.03226,1.50528
2026-01-27 21:00:00,57.93178,0.0,0.0,3.30086
2026-01-27 21:30:00,52.51278,0.0,0.0,2.03212
2026-01-27 22:00:00,51.48058,0.0,0.01076,2.05364
2026-01-27 22:30:00,46.65294,0.0,0.01076,2.4192
2026-01-27 23:00:00,45.74976,0.0,0.0,2.3278
2026-01-27 23:30:00,43.7714,0.0,0.0,2.32244
2026-01-28 00:00:00,44.90036,0.0,0.08602,1.20422
2026-01-28 00:30:00,44.9111,0.0,0.0,3.61268
2026-01-28 01:00:00,44.38426,0.0,0.0,3.79546
2026-01-28 01:30:00,44.36276,0.0,0.0,4.65562
2026-01-28 02:00:00,44.25524,0.0,0.0,5.45126
2026-01-28 02:30:00,43.65312,0.0,0.0,5.67706
2026-01-28 03:00:00,44.64232,0.0,0.0,5.53728
2026-01-28 03:30:00,44.13696,0.0,0.0,4.97818
2026-01-28 04:00:00,44.41652,0.0,0.0,5.1287
2026-01-28 04:30:00,44.71758,0.0,0.0,4.76852
2026-01-28 05:00:00,43.72838,0.0,0.0,4.94592
2026-01-28 05:30:00,45.39496,0.0,0.0,4.38682
2026-01-28 06:00:00,44.73908,0.0,0.0,4.5481
2026-01-28 06:30:00,43.7714,0.0,0.0,5.59104
2026-01-28 07:00:00,50.84622,0.0,0.0,5.13946
2026-01-28 07:30:00,62.90996,0.0,1.29024,2.67724
2026-01-28 08:00:00,100.84302,0.0,17.4505,0.0
2026-01-28 08:30:00,194.4607,0.0,68.46874,0.0
2026-01-28 09:00:00,229.7596,0.0,73.93076,0.0
2026-01-28 09:30:00,241.447,0.0,85.22036,0.0
2026-01-28 10:00:00,239.7266,0.0,83.42478,0.0
2026-01-28 10:30:00,233.4904,0.0,73.24264,0.0
2026-01-28 11:00:00,229.953,0.0,71.10298,0.0
2026-01-28 11:30:00,231.0282,0.0,72.51686,0.0
2026-01-28 12:00:00,236.4902,0.0,75.97364,0.0
2026-01-28 12:30:00,238.7912,0.0,78.81754,0.0
2026-01-28 13:00:00,236.6408,0.0,77.71546,0.0
2026-01-28 13:30:00,235.6302,0.0,80.89806,0.0
2026-01-28 14:00:00,234.813,0.0,77.02734,0.0
2026-01-28 14:30:00,242.221,0.0,76.5865,0.0
2026-01-28 15:00:00,251.629,0.0,78.9627,0.0
2026-01-28 15:30:00,258.0802,0.0,79.14548,0.0
2026-01-28 16:00:00,253.2204,0.0,74.04904,0.0
2026-01-28 16:30:00,255.1234,0.0,75.7801,0.0
2026-01-28 17:00:00,249.1024,0.0,73.79098,0.0
2026-01-28 17:30:00,237.888,0.0,69.5977,0.0
2026-01-28 18:00:00,206.718,0.0,59.6306,0.0
2026-01-28 18:30:00,204.6858,0.0,61.67348,0.0
2026-01-28 19:00:00,179.1606,0.0,57.03936,0.0
2026-01-28 19:30:00,128.47566,0.0,30.0626,0.0
2026-01-28 20:00:00,95.16596,0.0,2.69876,0.20428
2026-01-28 20:30:00,84.23118,0.0,0.08602,1.17196
2026-01-28 21:00:00,76.03816,0.0,0.01076,2.4192
2026-01-28 21:30:00,69.31816,0.0,0.0,2.4622
2026-01-28 22:00:00,68.31822,0.0,0.0,2.26868
2026-01-28 22:30:00,61.31866,0.0,0.0,5.1502
2026-01-28 23:00:00,56.32974,0.0,0.0,5.19322
2026-01-28 23:30:00,53.55572,0.0,0.0,5.18246
2026-01-29 00:00:00,54.2331,0.0,0.0,4.73088
2026-01-29 01:30:00,49.71726,0.0,0.0,6.70926
2026-01-29 13:30:00,227.792,0.0,79.0057,0.0
2026-01-29 14:30:00,223.233,0.0,73.45768,0.0
2026-01-29 15:30:00,224.3298,0.0,72.97384,0.0
2026-01-29 19:00:00,177.5048,0.0,60.58752,0.0
2026-01-29 21:30:00,58.54464,0.0,0.0,3.5374
2026-01-30 00:30:00,40.38452,0.0,0.0,5.97812
2026-01-30 01:00:00,39.41684,0.0,0.0,6.11788
2026-01-30 01:30:00,40.51354,0.0,0.0,5.72006
2026-01-30 02:00:00,39.65338,0.0,0.0,5.90284
2026-01-30 02:30:00,39.61038,0.0,0.0,5.69856
2026-01-30 03:00:00,41.05114,0.0,0.0,4.88678
2026-01-30 03:30:00,40.5888,0.0,0.0,4.82764
2026-01-30 04:00:00,40.72858,0.0,0.0,4.5481
2026-01-30 04:30:00,39.87918,0.0,0.0,4.44058
2026-01-30 05:00:00,41.48122,0.0,0.0,3.7417
2026-01-30 05:30:00,39.91142,0.0,0.0,4.49434
2026-01-30 06:00:00,41.29306,0.0,0.0,4.22016
2026-01-30 06:30:00,42.53492,0.0,0.0,4.8599
2026-01-30 07:00:00,43.22304,0.0,0.0,5.6448
2026-01-30 07:30:00,54.7492,0.0,0.70964,4.44596
2026-01-30 08:00:00,86.59662,0.0,7.41888,0.03226
2026-01-30 08:30:00,191.5254,0.0,68.32898,0.0
2026-01-30 09:00:00,201.0302,0.0,68.89882,0.0
2026-01-30 09:30:00,205.331,0.0,69.18912,0.0
2026-01-30 10:00:00,207.7502,0.0,68.19456,0.0
2026-01-30 10:30:00,211.9542,0.0,69.22138,0.0
2026-01-30 11:00:00,213.1154,0.0,67.06022,0.0
2026-01-30 11:30:00,214.7712,0.0,67.84514,0.0
2026-01-30 12:00:00,217.9324,0.0,74.3501,0.0
2026-01-30 12:30:00,190.5147,0.0,59.78112,0.0
2026-01-30 13:00:00,152.80744,0.0,47.0615,0.0
2026-01-30 13:30:00,145.3348,0.0,45.9003,0.0
2026-01-30 14:00:00,149.3453,0.0,45.52398,0.0
2026-01-30 14:30:00,146.06594,0.0,44.78208,0.0
2026-01-30 15:00:00,202.0624,0.0,68.43648,0.0
2026-01-30 15:30:00,206.5136,0.0,68.83432,0.0
2026-01-30 16:00:00,206.6964,0.0,69.69448,0.0
2026-01-30 16:30:00,207.6534,0.0,72.447,0.0
2026-01-30 17:00:00,205.2558,0.0,66.99572,0.0
2026-01-30 17:30:00,197.56802,0.0,67.07098,0.0
2026-01-30 18:00:00,172.41372,0.0,60.53376,0.0
2026-01-30 18:30:00,165.18836,0.0,54.2331,0.0
2026-01-30 19:00:00,137.07728,0.0,40.80384,0.0
2026-01-30 19:30:00,105.13306,0.0,21.40724,0.0
2026-01-30 20:00:00,70.18906,0.0,0.23654,4.31156
2026-01-30 20:30:00,60.85632,0.0,0.0,4.5696
2026-01-30 21:00:00,58.95322,0.0,0.0,4.17178
2026-01-30 21:30:00,57.30816,0.0,0.0,4.15028
2026-01-30 22:00:00,52.1257,0.0,0.0,4.3223
2026-01-30 22:30:00,47.76038,0.0,0.0,6.6985
2026-01-30 23:00:00,46.24436,0.0,0.0,6.06412
2026-01-30 23:30:00,44.67456,0.0,0.0,5.8921
2026-01-31 00:00:00,44.05096,0.0,0.0,4.46208
2026-01-31 00:30:00,45.3627,0.0,0.0,2.76326
2026-01-31 01:00:00,43.86816,0.0,0.0,2.76326
2026-01-31 01:30:00,44.76058,0.0,0.01076,2.62348
2026-01-31 02:00:00,45.00788,0.0,0.0,2.45146
2026-01-31 02:30:00,43.63162,0.0,0.0,2.36544
2026-01-31 03:00:00,45.25518,0.0,0.01076,1.47302
2026-01-31 03:30:00,44.76058,0.0,0.03226,1.29024
2026-01-31 04:00:00,44.36276,0.0,0.0,2.87078
2026-01-31 04:30:00,45.07238,0.0,0.01076,3.4729
2026-01-31 05:00:00,43.1209,0.0,0.0,4.41908
2026-01-31 05:30:00,44.96488,0.0,0.0,4.24704
2026-01-31 06:00:00,44.68532,0.0,0.0,4.10726
2026-01-31 06:30:00,43.68538,0.0,0.0,4.22016
2026-01-31 07:00:00,43.37358,0.0,0.0,4.40832
2026-01-31 07:30:00,43.57786,0.0,0.0,4.8169
2026-01-31 08:00:00,40.86836,0.0,0.0,6.11788
2026-01-31 08:30:00,40.97588,0.0,0.0,6.1609
2026-01-31 09:00:00,41.23392,0.0,0.0,5.20934
2026-01-31 09:30:00,41.621,0.0,0.0,5.419
2026-01-31 10:00:00,42.7177,0.0,0.0,3.46214
2026-01-31 10:30:00,41.95432,0.0,0.0,3.55892
2026-01-31 11:00:00,42.12634,0.0,0.0,3.96748
2026-01-31 11:30:00,43.2338,0.0,0.0,3.50516
2026-01-31 12:00:00,42.68006,0.0,0.0,3.42988
2026-01-31 12:30:00,42.91124,0.0,0.0,2.60736
2026-01-31 13:00:00,43.49722,0.0,0.0,2.96756
2026-01-31 13:30:00,42.88974,0.0,0.0,4.82764
2026-01-31 14:00:00,41.07264,0.0,0.0,5.54804
2026-01-31 14:30:00,43.24454,0.0,0.0,5.26848
2026-01-31 15:00:00,42.9435,0.0,0.0,5.24698
2026-01-31 15:30:00,42.50266,0.0,0.0,5.3545
2026-01-31 16:00:00,42.21774,0.0,0.0,5.52652
2026-01-31 16:30:00,41.8683,0.0,0.0,5.92436
2026-01-31 17:00:00,41.07264,0.0,0.0,5.88134
2026-01-31 17:30:00,42.10484,0.0,0.0,5.56954
2026-01-31 18:00:00,42.34138,0.0,0.0,5.28998
2026-01-31 18:30:00,41.48122,0.0,0.0,4.75238
2026-01-31 19:00:00,43.01338,0.0,0.0,4.40832
2026-01-31 19:30:00,42.48116,0.0,0.01076,4.51584
2026-01-31 20:00:00,43.85742,0.0,0.0,4.18252
2026-01-31 20:30:00,44.5778,0.0,0.0,3.67718
2026-01-31 21:00:00,44.76058,0.0,0.0,3.59116
2026-01-31 21:30:00,43.98106,0.0,0.0,3.50516
2026-01-31 22:00:00,44.98638,0.0,0.0,2.9353
2026-01-31 22:30:00,44.45952,0.0,0.0,4.65562
2026-01-31 23:00:00,42.78222,0.0,0.0,5.88134
2026-01-31 23:30:00,44.29824,0.0,0.0,5.30074
2026-02-01 00:00:00,42.9865,0.0,0.0,5.58028
2026-02-01 00:30:00,44.0832,0.0,0.0,4.76314
2026-02-01 01:00:00,43.2553,0.0,0.0,5.20934
2026-02-01 01:30:00,44.5563,0.0,0.0,4.37606
2026-02-01 02:00:00,43.05638,0.0,0.0,4.6126
2026-02-01 02:30:00,43.98106,0.0,0.0,4.23092
2026-02-01 03:00:00,43.85742,0.0,0.0,3.88148
2026-02-01 03:30:00,43.8359,0.0,0.0,3.60192
2026-02-01 04:00:00,44.8681,0.0,0.0,3.05356
2026-02-01 04:30:00,44.70682,0.0,0.0,2.98906
2026-02-01 05:00:00,44.5348,0.0,0.0,2.83852
2026-02-01 05:30:00,44.74984,0.0,0.01076,2.65574
2026-02-01 06:00:00,44.1047,0.0,0.0,4.70938
2026-02-01 06:30:00,44.05096,0.0,0.0,4.74164
2026-02-01 07:00:00,42.65856,0.0,0.0,5.0857
2026-02-01 07:30:00,42.77146,0.0,0.0,4.68788
2026-02-01 08:00:00,41.1264,0.0,0.0,5.47276
2026-02-01 08:30:00,41.3952,0.0,0.0,5.70932
2026-02-01 09:00:00,41.01888,0.0,0.0,5.90284
2026-02-01 09:30:00,42.13172,0.0,0.0,5.6448
2026-02-01 10:00:00,42.34138,0.0,0.0,6.27916
2026-02-01 10:30:00,42.17472,0.0,0.0,6.44044
2026-02-01 11:00:00,41.33606,0.0,0.0,6.77376
2026-02-01 11:30:00,42.90048,0.0,0.0,6.4942
2026-02-01 12:00:00,42.78222,0.0,0.0,6.44044
2026-02-01 12:30:00,42.38438,0.0,0.0,6.27916
2026-02-01 13:00:00,42.07258,0.0,0.0,6.30068
2026-02-01 13:30:00,42.93274,0.0,0.0,6.19316
2026-02-01 14:00:00,42.29838,0.0,0.0,4.92442
2026-02-01 14:30:00,44.38426,0.0,0.0,4.8169
2026-02-01 15:00:00,43.51336,0.0,0.0,5.2201
2026-02-01 15:30:00,43.49722,0.0,0.0,3.58042
2026-02-01 16:00:00,42.63168,0.0,0.0,3.16108
2026-02-01 16:30:00,43.37358,0.0,0.0,3.67718
2026-02-01 17:00:00,42.4919,0.0,0.0,3.65568
2026-02-01 17:30:00,43.20154,0.0,0.0,3.5374
2026-02-01 18:00:00,43.58324,0.0,0.0,2.9568
2026-02-01 18:30:00,43.008,0.0,0.0,3.21484
2026-02-01 19:00:00,43.42734,0.0,0.0,2.78476
2026-02-01 19:30:00,43.008,0.0,0.0,3.33312
2026-02-01 20:00:00,45.1154,0.0,0.01076,2.98906
2026-02-01 20:30:00,44.38426,0.0,0.0,3.56966
2026-02-01 21:00:00,45.4272,0.0,0.0,3.34388
2026-02-01 21:30:00,45.0939,0.0,0.0,3.2041
2026-02-01 22:00:00,44.5348,0.0,0.0,2.90304
2026-02-01 22:30:00,45.59924,0.0,0.0,1.58054
2026-02-01 23:00:00,45.51322,0.0,0.0215,1.301
2026-02-01 23:30:00,44.24448,0.0,0.0,1.45152
2026-02-02 00:00:00,44.22298,0.0,0.01076,3.03206
2026-02-02 00:30:00,44.09396,0.0,0.0,4.17178
2026-02-02 01:00:00,44.27674,0.0,0.0,4.0105
2026-02-02 01:30:00,44.24448,0.0,0.0,4.02124
2026-02-02 02:00:00,44.54554,0.0,0.0,3.89222
2026-02-02 02:30:00,44.05096,0.0,0.0,3.79546
2026-02-02 03:00:00,44.0402,0.0,0.0,3.13958
2026-02-02 03:30:00,45.4272,0.0,0.0,2.5536
2026-02-02 04:00:00,44.19072,0.0,0.0,2.59124
2026-02-02 04:30:00,44.17998,0.0,0.0,4.44058
2026-02-02 05:00:00,44.41652,0.0,0.0,4.55348
2026-02-02 05:30:00,44.0187,0.0,0.0,4.44058
2026-02-02 06:00:00,44.2875,0.0,0.0,4.22016
2026-02-02 06:30:00,43.55636,0.0,0.0,4.58036
2026-02-02 07:00:00,49.63124,0.0,0.0,3.64492
2026-02-02 07:30:00,59.1575,0.0,0.13978,4.48358
2026-02-02 08:00:00,84.45698,0.0,2.25792,0.15052
2026-02-02 08:30:00,103.50952,0.0,4.76852,0.0
2026-02-02 09:00:00,124.40066,0.0,10.04238,0.0
2026-02-02 09:30:00,124.64794,0.0,9.04244,0.0
2026-02-02 10:00:00,132.35714,0.0,9.30048,0.0
2026-02-02 10:30:00,137.6471,0.0,8.97792,0.0
2026-02-02 11:00:00,142.84034,0.0,10.21978,0.0
2026-02-02 11:30:00,146.02294,0.0,9.9026,0.0
2026-02-02 12:00:00,139.3298,0.0,9.81658,0.0
2026-02-02 12:30:00,138.80834,0.0,11.0208,0.0
2026-02-02 13:00:00,136.89986,0.0,10.709,0.0
2026-02-02 13:30:00,132.47542,0.0,15.39686,0.0
2026-02-02 14:00:00,130.87336,0.0,14.62272,0.0
2026-02-02 14:30:00,133.65812,0.0,12.3648,0.0
2026-02-02 15:00:00,132.01306,0.0,10.752,0.0
2026-02-02 15:30:00,135.04514,0.0,12.24654,0.0
2026-02-02 16:00:00,133.84092,0.0,14.2679,0.0
2026-02-02 16:30:00,133.55062,0.0,14.33242,0.0
2026-02-02 17:00:00,132.73346,0.0,14.04212,0.0
2026-02-02 17:30:00,121.17504,0.0,6.9888,0.0
2026-02-02 18:00:00,89.89748,0.0,1.87084,0.043
2026-02-02 18:30:00,80.95182,0.0,1.51604,0.0
2026-02-02 19:00:00,70.47938,0.0,0.2473,0.65588
2026-02-02 19:30:00,58.97472,0.0,0.01076,2.35468
2026-02-02 20:00:00,57.792,0.0,0.0,2.52672
2026-02-02 20:30:00,55.78138,0.0,0.0,2.65574
2026-02-02 21:00:00,48.0722,0.0,0.0,2.59124
2026-02-02 21:30:00,43.33056,0.0,0.01076,2.42996
2026-02-02 22:00:00,42.95424,0.0,0.0,3.11808
2026-02-02 22:30:00,41.53498,0.0,0.0,4.97818
2026-02-02 23:00:00,42.57254,0.0,0.0,4.35456
2026-02-02 23:30:00,41.58874,0.0,0.0,4.51584
2026-02-03 00:00:00,42.07258,0.0,0.0,4.16102
2026-02-03 00:30:00,42.15322,0.0,0.0,5.54804
2026-02-03 01:00:00,40.5458,0.0,0.0,6.26842
2026-02-03 01:30:00,41.96506,0.0,0.0,5.61254
2026-02-03 02:00:00,41.3307,0.0,0.0,5.72006
2026-02-03 02:30:00,41.09416,0.0,0.0,5.48352
2026-02-03 03:00:00,41.50272,0.0,0.07526,5.02118
2026-02-03 03:30:00,41.99732,0.0,0.0,4.63412
2026-02-03 04:00:00,41.9113,0.0,0.0,4.08576
2026-02-03 04:30:00,42.93274,0.0,0.01076,3.31162
2026-02-03 05:00:00,42.06182,0.0,0.0,3.5159
2026-02-03 05:30:00,42.51342,0.0,0.0,3.50516
2026-02-03 06:00:00,42.9435,0.0,0.0,3.46214
2026-02-03 06:30:00,41.47048,0.0,0.0,4.44596
2026-02-03 07:00:00,45.73902,0.0,0.0,4.47284
2026-02-03 07:30:00,53.70624,0.0,0.43008,2.80628
2026-02-03 08:00:00,90.57486,0.0,8.95642,0.32256
2026-02-03 08:30:00,199.03028,0.0,66.79144,0.0
2026-02-03 09:00:00,224.0932,0.0,71.5008,0.0
2026-02-03 09:30:00,226.921,0.0,68.8128,0.0
2026-02-03 10:00:00,236.114,0.0,67.85588,0.0
2026-02-03 10:30:00,239.4148,0.0,69.03322,0.0
2026-02-03 11:00:00,253.0268,0.0,71.7051,0.0
2026-02-03 11:30:00,255.618,0.0,70.72666,0.0
2026-02-03 12:00:00,252.7042,0.0,69.67298,0.0
2026-02-03 12:30:00,240.49,0.0,73.3394,0.0
2026-02-03 13:00:00,239.533,0.0,80.14542,0.0
2026-02-03 13:30:00,236.3182,0.0,83.38176,0.0
2026-02-03 14:00:00,234.9204,0.0,81.10234,0.0
2026-02-03 14:30:00,239.888,0.0,82.93018,0.0
2026-02-03 15:00:00,246.4036,0.0,89.66094,0.0
2026-02-03 15:30:00,242.8124,0.0,87.50516,0.0
2026-02-03 16:00:00,244.479,0.0,85.05908,0.0
2026-02-03 16:30:00,247.2746,0.0,83.72584,0.0
2026-02-03 17:00:00,252.9194,0.0,84.61826,0.0
2026-02-03 17:30:00,250.769,0.0,87.12346,0.0
2026-02-03 18:00:00,227.7274,0.0,82.4571,0.0
2026-02-03 18:30:00,186.61172,0.0,71.56532,0.0
2026-02-03 19:00:00,175.04258,0.0,68.58702,0.0
2026-02-03 19:30:00,102.25154,0.0,30.48192,0.0
2026-02-03 20:00:00,68.35048,0.0,1.31174,1.74182
2026-02-03 20:30:00,55.22228,0.0,0.0,2.48372
2026-02-03 21:00:00,53.91054,0.0,0.01076,1.80634
2026-02-03 21:30:00,46.51316,0.0,0.01076,2.04288
2026-02-03 22:00:00,46.4809,0.0,0.01076,1.40852
2026-02-03 22:30:00,44.16922,0.0,0.0,4.51584
2026-02-03 23:00:00,44.27674,0.0,0.0,4.36532
2026-02-03 23:30:00,43.53486,0.0,0.0,4.3223
2026-02-04 00:00:00,43.31982,0.0,0.0,5.75232
2026-02-04 00:30:00,44.19072,0.0,0.0,5.82758
2026-02-04 01:00:00,42.77146,0.0,0.0,6.50496
2026-02-04 01:30:00,43.95418,0.0,0.0,5.84908
2026-02-04 02:00:00,43.40584,0.0,0.0,5.84908
2026-02-04 02:30:00,43.51336,0.0,0.0,5.72006
2026-02-04 03:00:00,44.0617,0.0,0.0,5.24698
2026-02-04 03:30:00,43.2338,0.0,0.0,5.03194
2026-02-04 04:00:00,44.2875,0.0,0.0,4.44058
2026-02-04 04:30:00,43.38432,0.0,0.0,4.53734
2026-02-04 05:00:00,43.56174,0.0,0.0,4.40832
2026-02-04 05:30:00,44.13696,0.0,0.0,3.92448
2026-02-04 06:00:00,43.34132,0.0,0.0,4.46208
2026-02-04 06:30:00,42.88974,0.0,0.0,5.1502
2026-02-04 07:00:00,47.5131,0.0,0.0,4.76314
2026-02-04 07:30:00,67.9634,0.0,0.37632,2.86004
2026-02-04 08:00:00,91.56404,0.0,8.2898,0.18278
2026-02-04 08:30:00,200.8796,0.0,75.18874,0.0
2026-02-04 09:00:00,218.8462,0.0,72.93082,0.0
2026-02-04 09:30:00,215.1798,0.0,66.0603,0.0
2026-02-04 10:00:00,230.4692,0.0,67.29678,0.0
2026-02-04 10:30:00,233.1786,0.0,71.80186,0.0
2026-02-04 11:00:00,235.114,0.0,72.57602,0.0
2026-02-04 11:30:00,237.6838,0.0,74.26408,0.0
2026-02-04 12:00:00,233.3292,0.0,69.94178,0.0
2026-02-04 12:30:00,223.2116,0.0,65.30766,0.0
2026-02-04 13:00:00,232.684,0.0,69.2644,0.0
2026-02-04 13:30:00,238.3826,0.0,77.0811,0.0
2026-02-04 14:00:00,237.4258,0.0,75.27476,0.0
2026-02-04 14:30:00,244.6188,0.0,80.81204,0.0
2026-02-04 15:00:00,254.231,0.0,82.87642,0.0
2026-02-04 15:30:00,257.962,0.0,78.51112,0.0
2026-02-04 16:00:00,256.7362,0.0,74.3931,0.0
2026-02-04 16:30:00,258.6608,0.0,73.02222,0.0
2026-02-04 17:00:00,259.3168,0.0,73.0491,0.0
2026-02-04 17:30:00,247.9626,0.0,69.95252,0.0
2026-02-04 18:00:00,212.524,0.0,67.45806,0.0
2026-02-04 18:30:00,205.6966,0.0,67.3129,0.0
2026-02-04 19:00:00,191.43938,0.0,69.14612,0.0
2026-02-04 19:30:00,141.67374,0.0,38.4384,0.0
2026-02-04 20:00:00,91.5963,0.0,0.30106,0.68812
2026-02-04 20:30:00,85.19348,0.0,0.15052,0.91392
2026-02-04 21:00:00,75.61882,0.0,0.23654,0.56448
2026-02-04 21:30:00,63.03898,0.0,0.8494,0.0
2026-02-04 22:00:00,54.93198,0.0,0.73114,0.043
2026-02-04 22:30:00,55.5986,0.0,0.05376,2.1934
2026-02-04 23:00:00,52.99662,0.0,0.01076,2.52672
2026-02-04 23:30:00,51.2763,0.0,0.03226,1.6558
2026-02-05 00:00:00,49.27642,0.0,0.0,2.83852
2026-02-05 00:30:00,46.04006,0.0,0.0,4.5911
2026-02-05 01:00:00,46.76046,0.0,0.0,4.35456
2026-02-05 01:30:00,44.9111,0.0,0.0,4.9943
2026-02-05 02:00:00,45.50248,0.0,0.0,4.98892
2026-02-05 02:30:00,46.30886,0.0,0.0,4.76314
2026-02-05 03:00:00,45.08314,0.0,0.0,4.90292
2026-02-05 03:30:00,46.96474,0.0,0.0,4.075
2026-02-05 04:00:00,44.64232,0.0,0.0,4.51584
2026-02-05 04:30:00,46.00782,0.0,0.0,3.87072
2026-02-05 05:00:00,46.58842,0.0,0.0,3.85996
2026-02-05 05:30:00,46.20136,0.0,0.0,3.77396
2026-02-05 06:00:00,45.73902,0.0,0.0,3.97824
2026-02-05 06:30:00,44.0617,0.0,0.0,4.96742
2026-02-05 07:00:00,50.7602,0.0,0.0,4.6126
2026-02-05 07:30:00,58.14682,0.0,1.64506,2.03212
2026-02-05 08:00:00,93.69294,0.0,10.47246,0.0
2026-02-05 08:30:00,200.8474,0.0,76.23168,0.0
2026-02-05 09:00:00,215.9216,0.0,75.07584,0.0
2026-02-05 09:30:00,231.4476,0.0,75.99514,0.0
2026-02-05 10:00:00,235.5872,0.0,74.9952,0.0
2026-02-05 10:30:00,237.9526,0.0,76.03816,0.0
2026-02-05 11:00:00,242.5328,0.0,81.55394,0.0
2026-02-05 11:30:00,244.479,0.0,87.71482,0.0
2026-02-05 12:00:00,248.1132,0.0,90.68238,0.0
2026-02-05 12:30:00,245.2854,0.0,91.8221,0.0
2026-02-05 13:00:00,238.9418,0.0,85.10208,0.0
2026-02-05 13:30:00,226.749,0.0,79.88736,0.0
2026-02-05 14:00:00,231.4798,0.0,78.62938,0.0
2026-02-05 14:30:00,239.7696,0.0,81.37652,0.0
2026-02-05 15:00:00,245.1026,0.0,86.01602,0.0
2026-02-05 15:30:00,244.0166,0.0,83.88712,0.0
2026-02-05 16:00:00,245.436,0.0,85.04834,0.0
2026-02-05 16:30:00,237.63,0.0,81.52168,0.0
2026-02-05 17:00:00,236.5226,0.0,82.87642,0.0
2026-02-05 17:30:00,235.5764,0.0,82.0055,0.0
2026-02-05 18:00:00,212.3306,0.0,77.80686,0.0
2026-02-05 18:30:00,191.97698,0.0,71.9954,0.0
2026-02-05 19:00:00,187.5149,0.0,70.1568,0.0
2026-02-05 19:30:00,125.65864,0.0,29.64326,0.0215
2026-02-05 20:00:00,92.08014,0.0,0.32256,0.47308
2026-02-05 20:30:00,84.1344,0.0,0.10752,1.0322
2026-02-05 21:00:00,71.83412,0.0,0.15052,0.73114
2026-02-05 21:30:00,58.8027,0.0,0.35482,0.25804
2026-02-05 22:00:00,46.84646,0.0,0.21504,1.45152
2026-02-05 22:30:00,47.21204,0.0,0.0,3.27936
2026-02-05 23:00:00,47.23354,0.0,0.0,2.82778
2026-02-05 23:30:00,45.1799,0.0,0.0,5.1287
2026-02-06 00:00:00,46.7927,0.0,0.0,4.9943
2026-02-06 00:30:00,46.90024,0.0,0.0,4.70938
2026-02-06 01:00:00,45.653,0.0,0.0,5.03194
2026-02-06 01:30:00,46.91098,0.0,0.0,4.3223
2026-02-06 02:00:00,46.1906,0.0,0.0,4.36532
2026-02-06 02:30:00,46.997,0.0,0.0,3.88148
2026-02-06 03:00:00,46.5239,0.0,0.0,3.75244
2026-02-06 03:30:00,46.69594,0.0,0.0,3.63418
2026-02-06 04:00:00,47.81416,0.0,0.01076,3.11808
2026-02-06 04:30:00,46.53466,0.0,0.0,3.07508
2026-02-06 05:00:00,46.73896,0.0,0.0,3.02132
2026-02-06 05:30:00,47.83566,0.0,0.0,2.74176
2026-02-06 06:00:00,46.38414,0.0,0.0,3.44064
2026-02-06 06:30:00,45.54548,0.0,0.0,4.08576
2026-02-06 07:00:00,49.36244,0.0,0.0,4.84916
2026-02-06 07:30:00,68.03866,0.0,0.5591,2.9568
2026-02-06 08:00:00,114.99266,0.0,13.42926,0.0
2026-02-06 08:30:00,214.2552,0.0,77.55418,0.0
2026-02-06 09:00:00,229.4908,0.0,82.21518,0.0
2026-02-06 09:30:00,227.2006,0.0,79.04872,0.0
2026-02-06 10:00:00,225.405,0.0,78.64014,0.0
2026-02-06 10:30:00,220.9752,0.0,76.57576,0.0
2026-02-06 11:00:00,223.6954,0.0,75.87686,0.0
2026-02-06 11:30:00,224.7598,0.0,75.27476,0.0
2026-02-06 12:00:00,227.48,0.0,76.96282,0.0
2026-02-06 12:30:00,222.0288,0.0,76.78004,0.0
2026-02-06 13:00:00,202.8796,0.0,73.79098,0.0
2026-02-06 13:30:00,196.6541,0.0,73.24264,0.0
2026-02-06 14:00:00,198.76148,0.0,74.65114,0.0
2026-02-06 14:30:00,200.0732,0.0,74.6404,0.0
2026-02-06 15:00:00,217.5452,0.0,77.07036,0.0
2026-02-06 15:30:00,221.2116,0.0,76.37146,0.0
2026-02-06 16:00:00,223.5986,0.0,77.29614,0.0
2026-02-06 16:30:00,225.1254,0.0,76.00052,0.0
2026-02-06 17:00:00,226.663,0.0,77.77998,0.0
2026-02-06 17:30:00,216.6206,0.0,72.87706,0.0
2026-02-06 18:00:00,194.12738,0.0,67.01722,0.0
2026-02-06 18:30:00,177.10696,0.0,63.50132,0.0
2026-02-06 19:00:00,169.07522,0.0,59.71662,0.0
2026-02-06 19:30:00,111.05742,0.0,25.2457,0.0
2026-02-06 20:00:00,80.74214,0.0,0.95692,2.9353
2026-02-06 20:30:00,73.5652,0.0,0.0,4.70938
2026-02-06 21:00:00,54.5019,0.0,0.0,3.96748
2026-02-06 21:30:00,46.22286,0.0,0.0,3.32236
2026-02-06 22:00:00,44.65306,0.0,0.0,5.13946
2026-02-06 22:30:00,41.85754,0.0,0.0,5.26848
2026-02-06 23:00:00,43.37358,0.0,0.0,4.3223
2026-02-06 23:30:00,41.7769,0.0,0.0,4.55348
2026-02-07 00:00:00,42.93274,0.0,0.0,4.15028
2026-02-07 00:30:00,41.664,0.0,0.0,4.41908
2026-02-07 01:00:00,42.82522,0.0,0.0,3.96748
2026-02-07 01:30:00,42.35214,0.0,0.0,4.29004
2026-02-07 02:00:00,42.4704,0.0,0.0,4.06426
2026-02-07 02:30:00,42.63168,0.0,0.0,3.84922
2026-02-07 03:00:00,42.48116,0.0,0.0,3.59116
2026-02-07 03:30:00,43.1908,0.0,0.0,2.9783
2026-02-07 04:00:00,41.8898,0.0,0.01076,3.05356
2026-02-07 04:30:00,43.39508,0.0,0.0,2.22028
2026-02-07 05:00:00,42.26074,0.0,0.0,2.84928
2026-02-07 05:30:00,42.7607,0.0,0.0,4.50508
2026-02-07 06:00:00,41.51348,0.0,0.0,5.03194
2026-02-07 06:30:00,41.7554,0.0,0.0,4.96742
2026-02-07 07:00:00,41.37908,0.0,0.0,5.18246
2026-02-07 07:30:00,40.65332,0.0,0.0,6.06412
2026-02-07 08:00:00,50.7602,0.0,6.03188,2.81702
2026-02-07 08:30:00,129.38958,0.0,60.91008,0.0
2026-02-07 09:00:00,135.572,0.0,64.64102,0.0
2026-02-07 09:30:00,134.18498,0.0,62.5659,0.0
2026-02-07 10:00:00,134.81936,0.0,62.2971,0.0
2026-02-07 10:30:00,134.63118,0.0,61.54446,0.0
2026-02-07 11:00:00,135.4537,0.0,61.20038,0.0
2026-02-07 11:30:00,136.1526,0.0,61.21114,0.0
2026-02-07 12:00:00,137.16328,0.0,62.38312,0.0
2026-02-07 12:30:00,134.89462,0.0,63.00672,0.0
2026-02-07 13:00:00,135.0989,0.0,62.99598,0.0
2026-02-07 13:30:00,133.83016,0.0,61.5122,0.0
2026-02-07 14:00:00,133.41082,0.0,60.63054,0.0
2026-02-07 14:30:00,132.97,0.0,60.59828,0.0
2026-02-07 15:00:00,128.6692,0.0,59.48008,0.0
2026-02-07 15:30:00,125.05652,0.0,57.60922,0.0
2026-02-07 16:00:00,87.65032,0.0,33.93332,0.0
2026-02-07 16:30:00,71.7051,0.0,23.19206,0.07526
2026-02-07 17:00:00,48.17972,0.0,2.9998,2.35468
2026-02-07 17:30:00,39.58886,0.0,0.0,2.60198
2026-02-07 18:00:00,39.79316,0.0,0.0,2.04288
2026-02-07 18:30:00,40.89524,0.0,0.17204,0.67738
2026-02-07 19:00:00,39.4491,0.0,0.0,1.60204
2026-02-07 19:30:00,38.9975,0.0,0.01076,3.32236
2026-02-07 20:00:00,39.39534,0.0,0.0,4.6126
2026-02-07 20:30:00,40.49742,0.0,0.0,4.16102
2026-02-07 21:00:00,40.5458,0.0,0.0,4.11264
2026-02-07 21:30:00,39.50286,0.0,0.0,3.93524
2026-02-07 22:00:00,40.5888,0.0,0.0,3.67718
2026-02-07 22:30:00,39.43834,0.0,0.0,5.18246
2026-02-07 23:00:00,40.277,0.0,0.0,5.61254
2026-02-07 23:30:00,40.13722,0.0,0.0,5.1287
2026-02-08 00:00:00,39.84692,0.0,0.0,5.02118
2026-02-08 00:30:00,40.40602,0.0,0.0,4.80614
2026-02-08 01:00:00,39.2448,0.0,0.0,5.58028
2026-02-08 01:30:00,39.56736,0.0,0.0,5.34374
2026-02-08 02:00:00,40.24474,0.0,0.0,5.20396
2026-02-08 02:30:00,39.48672,0.0,0.0,4.95668
2026-02-08 03:00:00,39.94368,0.0,0.0,4.60186
2026-02-08 03:30:00,40.5673,0.0,0.0,4.075
2026-02-08 04:00:00,40.69632,0.0,0.0,3.99974
2026-02-08 04:30:00,39.83616,0.0,0.0,3.56966
2026-02-08 05:00:00,40.86836,0.0,0.0,3.2471
2026-02-08 05:30:00,40.4114,0.0,0.01076,2.86004
2026-02-08 06:00:00,41.23392,0.0,0.0,2.9998
2026-02-08 06:30:00,40.89524,0.0,0.0,2.60736
2026-02-08 07:00:00,39.72864,0.0,0.0,3.2471
2026-02-08 07:30:00,39.4491,0.0,0.0,5.24698
2026-02-08 08:00:00,36.48692,0.0,0.0,6.73076
2026-02-08 08:30:00,38.42766,0.0,0.0,5.48352
2026-02-08 09:00:00,36.92238,0.0,0.0,6.23616
2026-02-08 09:30:00,38.22874,0.0,0.0,6.53722
2026-02-08 10:00:00,37.16968,0.0,0.0,6.52646
2026-02-08 10:30:00,38.3524,0.0,0.0,4.3223
2026-02-08 11:00:00,38.42766,0.0,0.0,4.49434
2026-02-08 11:30:00,38.79322,0.0,0.0,4.53734
2026-02-08 12:00:00,39.92756,0.0,0.0,4.032
2026-02-08 12:30:00,38.86848,0.0,0.0,3.81696
2026-02-08 13:00:00,39.08352,0.0,0.0,3.84922
2026-02-08 13:30:00,40.42752,0.0,0.0,4.3008
2026-02-08 14:00:00,40.97588,0.0,0.01076,2.1934
2026-02-08 14:30:00,39.30932,0.0,0.0,2.645
2026-02-08 15:00:00,40.05658,0.0,0.0,2.50522
2026-02-08 15:30:00,39.63188,0.0,0.0,2.90304
2026-02-08 16:00:00,39.2448,0.0,0.0,2.9568
2026-02-08 16:30:00,39.77166,0.0,0.0,3.25786
2026-02-08 17:00:00,39.75014,0.0,0.01076,3.27936
2026-02-08 17:30:00,40.0082,0.0,0.0,3.09658
2026-02-08 18:00:00,39.40608,0.0,0.0,2.86004
2026-02-08 18:30:00,39.61038,0.0,0.0,3.09658
2026-02-08 19:00:00,39.48134,0.0,0.0,3.17184
2026-02-08 19:30:00,38.53518,0.0,0.0,4.47284
2026-02-08 20:00:00,40.2555,0.0,0.0,4.23092
2026-02-08 20:30:00,40.5673,0.0,0.0,3.2686
2026-02-08 21:00:00,40.49204,0.0,0.0,3.8062
2026-02-08 21:30:00,40.88986,0.0,0.0,3.2471
2026-02-08 22:00:00,39.72864,0.0,0.0,3.31162
2026-02-08 22:30:00,40.49204,0.0,0.0,2.92454
2026-02-08 23:00:00,40.0297,0.0,0.01076,3.08582
2026-02-08 23:30:00,40.98662,0.0,0.0,2.23642
2026-02-09 00:00:00,40.88986,0.0,0.0,2.04288
2026-02-09 00:30:00,41.11566,0.0,0.0,1.93536
2026-02-09 01:00:00,39.90068,0.0,0.0,2.9998
2026-02-09 01:30:00,40.96512,0.0,0.0,4.3008
2026-02-09 02:00:00,39.85766,0.0,0.0,3.96748
2026-02-09 02:30:00,40.2555,0.0,0.01076,3.65568
2026-02-09 03:00:00,40.36838,0.0,0.0,3.92448
2026-02-09 03:30:00,40.13722,0.0,0.0,3.73094
2026-02-09 04:00:00,40.80922,0.0,0.0,3.31162
2026-02-09 04:30:00,40.55654,0.0,0.0,3.34388
2026-02-09 05:00:00,40.57806,0.0,0.0,2.78476
2026-02-09 05:30:00,40.97588,0.0,0.0,2.731
2026-02-09 06:00:00,40.57806,0.0,0.0,3.21484
2026-02-09 06:30:00,45.08314,0.0,0.43008,0.47308
2026-02-09 07:00:00,47.99694,0.0,0.12902,0.74188
2026-02-09 07:30:00,55.83514,0.0,0.01076,2.31168
2026-02-09 08:00:00,99.28398,0.0,15.51514,0.56448
2026-02-09 08:30:00,211.879,0.0,77.99502,0.0
2026-02-09 09:00:00,232.6734,0.0,77.02734,0.0
2026-02-09 09:30:00,236.544,0.0,73.64046,0.0
2026-02-09 10:00:00,246.8874,0.0,76.64026,0.0
2026-02-09 10:30:00,244.7694,0.0,76.15642,0.0
2026-02-09 11:00:00,247.8336,0.0,77.05422,0.0
2026-02-09 11:30:00,253.2312,0.0,74.90918,0.0
2026-02-09 12:00:00,258.2094,0.0,77.60794,0.0
2026-02-09 12:30:00,254.7686,0.0,77.9305,0.0
2026-02-09 13:00:00,249.6938,0.0,77.24238,0.0
2026-02-09 13:30:00,243.0382,0.0,77.75848,0.0
2026-02-09 14:00:00,241.6298,0.0,77.30152,0.0
2026-02-09 14:30:00,257.661,0.0,97.95072,0.0
2026-02-09 15:00:00,252.6182,0.0,99.37,0.0
2026-02-09 15:30:00,247.7692,0.0,103.62778,0.0
2026-02-09 16:00:00,248.5218,0.0,105.3051,0.0
2026-02-09 16:30:00,243.1888,0.0,79.14548,0.0
2026-02-09 17:00:00,248.9518,0.0,90.04802,0.0
2026-02-09 17:30:00,242.6188,0.0,81.0916,0.0
2026-02-09 18:00:00,197.40674,0.0,65.60872,0.0
2026-02-09 18:30:00,184.042,0.0,63.63034,0.0
2026-02-09 19:00:00,147.49596,0.0,47.21204,0.0
2026-02-09 19:30:00,107.07918,0.0,25.93382,0.0
2026-02-09 20:00:00,72.84482,0.0,0.23654,0.5806
2026-02-09 20:30:00,64.89908,0.0,0.11828,0.81716
2026-02-09 21:00:00,65.31842,0.0,0.19354,0.59136
2026-02-09 21:30:00,63.63034,0.0,0.2688,1.10746
2026-02-09 22:00:00,51.13652,0.0,0.0,3.92448
2026-02-09 22:30:00,47.29806,0.0,0.01076,3.7202
2026-02-09 23:00:00,45.85728,0.0,0.0,4.36532
2026-02-09 23:30:00,47.02926,0.0,0.0,4.21478
2026-02-10 00:00:00,46.5024,0.0,0.0,4.3008
2026-02-10 00:30:00,45.97556,0.0,0.0,4.20404
2026-02-10 01:00:00,47.07226,0.0,0.0,3.7417
2026-02-10 01:30:00,45.4487,0.0,0.0,4.0535
2026-02-10 02:00:00,47.35182,0.0,0.0,3.50516
2026-02-10 02:30:00,45.0939,0.0,0.0,5.9566
2026-02-10 03:00:00,46.31962,0.0,0.0,5.50502
2026-02-10 03:30:00,45.93254,0.0,0.0,5.20396
2026-02-10 04:00:00,45.71752,0.0,0.0,4.77926
2026-02-10 04:30:00,46.30886,0.0,0.0,4.46208
2026-02-10 05:00:00,46.67444,0.0,0.0,4.3223
2026-02-10 05:30:00,47.29806,0.0,0.0,4.0105
2026-02-10 06:00:00,46.27662,0.0,0.0,4.69862
2026-02-10 06:30:00,46.20136,0.0,0.0,4.96742
2026-02-10 07:00:00,49.53446,0.0,0.0,5.3545
2026-02-10 07:30:00,58.5339,0.0,0.0,4.84916
2026-02-10 08:00:00,111.59502,0.0,16.1065,0.4946
2026-02-10 08:30:00,205.632,0.0,68.458,0.0
2026-02-10 09:00:00,215.739,0.0,65.54958,0.0
2026-02-10 09:30:00,226.6092,0.0,67.4258,0.0
2026-02-10 10:00:00,238.5762,0.0,75.43604,0.0
2026-02-10 10:30:00,240.2964,0.0,67.61934,0.0
2026-02-10 11:00:00,259.0588,0.0,94.06926,0.0
2026-02-10 11:30:00,262.4672,0.0,95.8971,0.0
2026-02-10 12:00:00,251.4248,0.0,73.0921,0.0
2026-02-10 12:30:00,250.8226,0.0,95.61756,0.0
2026-02-10 13:00:00,250.1238,0.0,97.44538,0.0
2026-02-10 13:30:00,243.8876,0.0,98.5851,0.0
2026-02-10 14:00:00,243.5866,0.0,95.88634,0.0
2026-02-10 14:30:00,252.6398,0.0,104.96104,0.0
2026-02-10 15:00:00,246.3284,0.0,87.12884,0.0
2026-02-10 15:30:00,244.1994,0.0,78.25306,0.0
2026-02-10 16:00:00,246.0596,0.0,78.72616,0.0
2026-02-10 16:30:00,245.5326,0.0,77.98426,0.0
2026-02-10 17:00:00,248.4142,0.0,77.00582,0.0
2026-02-10 17:30:00,240.8878,0.0,76.23168,0.0
2026-02-10 18:00:00,208.8254,0.0,71.89864,0.0
2026-02-10 18:30:00,197.482,0.0,65.54958,0.0
2026-02-10 19:00:00,181.1282,0.0,61.8025,0.0
2026-02-10 19:30:00,127.55098,0.0,29.46048,0.0
2026-02-10 20:00:00,86.06978,0.0,2.1289,0.0
2026-02-10 20:30:00,73.5867,0.0,0.5161,0.5376
2026-02-10 21:00:00,59.18976,0.0,0.16128,0.75264
2026-02-10 21:30:00,56.58778,0.0,0.2258,0.4946
2026-02-10 22:00:00,52.373,0.0,0.12902,0.8279
2026-02-10 22:30:00,50.71718,0.0,0.19354,0.63436
2026-02-10 23:00:00,47.64212,0.0,0.2903,0.32256
2026-02-10 23:30:00,43.87892,0.0,0.01076,3.17184
2026-02-11 00:00:00,46.15834,0.0,0.0,2.58048
2026-02-11 00:30:00,43.7929,0.0,0.0,3.02132
2026-02-11 01:00:00,46.34112,0.0,0.0,2.3977
2026-02-11 01:30:00,45.57774,0.0,0.0,2.89228
2026-02-11 02:00:00,47.13678,0.0,0.0,2.45146
2026-02-11 02:30:00,46.07232,0.0,0.01076,2.42996
2026-02-11 03:00:00,46.28736,0.0,0.0,2.67724
2026-02-11 03:30:00,46.1906,0.0,0.0,4.13952
2026-02-11 04:00:00,45.48096,0.0,0.0,3.59116
2026-02-11 04:30:00,46.91098,0.0,0.0,3.2041
2026-02-11 05:00:00,46.37338,0.0,0.0,3.10732
2026-02-11 05:30:00,47.60986,0.0,0.0,2.78476
2026-02-11 06:00:00,45.70676,0.0,0.0,3.46214
2026-02-11 06:30:00,45.4272,0.0,0.0,3.91372
2026-02-11 07:00:00,53.21166,0.0,0.0,3.56966
2026-02-11 07:30:00,57.39418,0.0,0.01076,3.65568
2026-02-11 08:00:00,107.86408,0.0,12.87014,0.20428
2026-02-11 08:30:00,207.761,0.0,71.49006,0.0
2026-02-11 09:00:00,218.6312,0.0,84.85478,0.0
2026-02-11 09:30:00,234.114,0.0,96.83252,0.0
2026-02-11 10:00:00,238.9848,0.0,94.47782,0.0
2026-02-11 10:30:00,240.1566,0.0,92.12314,0.0
2026-02-11 11:00:00,249.1238,0.0,90.72538,0.0
2026-02-11 11:30:00,263.9724,0.0,102.38056,0.0
2026-02-11 12:00:00,261.5102,0.0,81.941,0.0
2026-02-11 12:30:00,263.0262,0.0,76.45748,0.0
2026-02-11 13:00:00,273.574,0.0,77.62944,0.0
2026-02-11 13:30:00,260.8758,0.0,77.40366,0.0
2026-02-11 14:00:00,252.801,0.0,73.52218,0.0
2026-02-11 14:30:00,253.7258,0.0,75.38228,0.0
2026-02-11 15:00:00,258.7038,0.0,77.3284,0.0
2026-02-11 15:30:00,254.36,0.0,71.29652,0.0
2026-02-11 16:00:00,252.8118,0.0,71.79112,0.0
2026-02-11 16:30:00,262.5208,0.0,73.00608,0.0
2026-02-11 17:00:00,265.3808,0.0,75.07584,0.0
2026-02-11 17:30:00,267.5636,0.0,80.0594,0.0
2026-02-11 18:00:00,241.2642,0.0,65.30766,0.0
2026-02-11 18:30:00,230.3508,0.0,64.72704,0.0
2026-02-11 19:00:00,209.5996,0.0,64.57652,0.0
2026-02-11 19:30:00,134.54516,0.0,27.6864,0.0
2026-02-11 20:00:00,100.26242,0.0,2.09664,0.0
2026-02-11 20:30:00,83.09146,0.0,0.043,2.63424
2026-02-11 21:00:00,63.07124,0.0,0.01076,2.01062
2026-02-11 21:30:00,45.6745,0.0,0.01076,1.84934
2026-02-11 22:00:00,43.53486,0.0,0.01076,2.3278
2026-02-11 22:30:00,42.74996,0.0,0.0,3.77396
2026-02-11 23:00:00,41.3307,0.0,0.0,4.5911
2026-02-11 23:30:00,42.79296,0.0,0.01076,3.77396
2026-02-12 00:00:00,43.7714,0.0,0.0,3.70944
2026-02-12 00:30:00,43.51872,0.0,0.0,5.90284
2026-02-12 01:00:00,43.51336,0.0,0.0,5.30074
2026-02-12 01:30:00,44.64232,0.0,0.0,5.09644
2026-02-12 02:00:00,44.85734,0.0,0.0,4.50508
2026-02-12 02:30:00,44.48102,0.0,0.0,4.44058
2026-02-12 03:00:00,44.94336,0.0,0.0,3.92448
2026-02-12 03:30:00,44.07246,0.0,0.0,3.65568
2026-02-12 04:00:00,44.94336,0.0,0.0,3.7417
2026-02-12 04:30:00,45.07238,0.0,0.0,3.69868
2026-02-12 05:00:00,44.68532,0.0,0.0,3.54816
2026-02-12 05:30:00,44.8681,0.0,0.0,3.48364
2026-02-12 06:00:00,44.65306,0.0,0.0,3.70944
2026-02-12 06:30:00,44.39502,0.0,0.0,4.53734
2026-02-12 07:00:00,51.46982,0.0,0.0,4.50508
2026-02-12 07:30:00,67.9419,0.0,0.0,4.17178
2026-02-12 08:00:00,110.93914,0.0,13.56902,0.43008
2026-02-12 08:30:00,212.9434,0.0,71.04922,0.0
2026-02-12 09:00:00,222.7278,0.0,72.7803,0.0
2026-02-12 09:30:00,232.0712,0.0,74.15118,0.0
2026-02-12 10:00:00,227.7382,0.0,70.2482,0.0
2026-02-12 10:30:00,238.1676,0.0,71.4578,0.0
2026-02-12 11:00:00,251.7904,0.0,76.5865,0.0
2026-02-12 11:30:00,264.7196,0.0,94.29506,0.0
2026-02-12 12:00:00,264.1874,0.0,101.64942,0.0
2026-02-12 12:30:00,259.9942,0.0,83.22048,0.0
2026-02-12 13:00:00,256.747,0.0,76.54888,0.0
2026-02-12 13:30:00,236.2,0.0,74.61352,0.0
2026-02-12 14:00:00,232.2862,0.0,72.74804,0.0
2026-02-12 14:30:00,239.7482,0.0,72.79106,0.0
2026-02-12 15:00:00,247.6186,0.0,78.77454,0.0
2026-02-12 15:30:00,247.7154,0.0,79.16698,0.0
2026-02-12 16:00:00,250.9732,0.0,76.83918,0.0
2026-02-12 16:30:00,258.9082,0.0,72.9792,0.0
2026-02-12 17:00:00,254.0698,0.0,76.47898,0.0
2026-02-12 17:30:00,252.3172,0.0,77.0811,0.0
2026-02-12 18:00:00,232.7808,0.0,67.32904,0.0
2026-02-12 18:30:00,225.663,0.0,68.10318,0.0
2026-02-12 19:00:00,215.8786,0.0,67.50106,0.0
2026-02-12 19:30:00,191.83722,0.0,54.0073,0.0
2026-02-12 20:00:00,99.7248,0.0,1.68806,0.01076
2026-02-12 20:30:00,73.68346,0.0,0.03226,3.75244
2026-02-12 21:00:00,71.50618,0.0,0.0,3.31162
2026-02-12 21:30:00,64.95284,0.0,0.0,2.48372
2026-02-12 22:00:00,55.40506,0.0,0.0215,2.22028
2026-02-12 22:30:00,41.47048,0.0,0.0,4.48358
2026-02-12 23:00:00,40.51354,0.0,0.0,4.58036
2026-02-12 23:30:00,39.00826,0.0,0.0,4.70938
2026-02-13 00:00:00,42.11558,0.0,0.0,3.7847
2026-02-13 00:30:00,41.621,0.0,0.0,4.37606
2026-02-13 01:00:00,40.76084,0.0,0.0,5.83834
2026-02-13 01:30:00,42.29838,0.0,0.0,5.1287
2026-02-13 02:00:00,42.6962,0.0,0.0,5.30074
2026-02-13 02:30:00,41.42746,0.0,0.0,5.67706
2026-02-13 03:00:00,42.08334,0.0,0.0,5.49428
2026-02-13 03:30:00,42.59406,0.0,0.0,4.97818
2026-02-13 04:00:00,41.47048,0.0,0.0,4.98892
2026-02-13 04:30:00,42.99726,0.0,0.0,4.32768
2026-02-13 05:00:00,42.16934,0.0,0.0,4.33844
2026-02-13 05:30:00,42.57254,0.0,0.0,4.23092
2026-02-13 06:00:00,43.24454,0.0,0.0,4.36532
2026-02-13 06:30:00,41.31456,0.0,0.0,5.28998
2026-02-13 07:00:00,47.95392,0.0,0.0,4.8599
2026-02-13 07:30:00,60.13594,0.0,0.0,4.21478
2026-02-13 08:00:00,103.26222,0.0,9.44026,0.72038
2026-02-13 08:30:00,205.632,0.0,69.95252,0.0
2026-02-13 09:00:00,219.6312,0.0,69.76974,0.0
2026-02-13 09:30:00,223.4804,0.0,68.89882,0.0
2026-02-13 10:00:00,228.4908,0.0,68.17844,0.0
2026-02-13 10:30:00,238.1138,0.0,69.11924,0.0
2026-02-13 11:00:00,232.3292,0.0,67.90964,0.0
2026-02-13 11:30:00,236.3182,0.0,73.5437,0.0
2026-02-13 12:00:00,237.8988,0.0,75.65108,0.0
2026-02-13 12:30:00,237.974,0.0,78.70466,0.0
2026-02-13 13:00:00,190.7835,0.0,56.58778,0.0
2026-02-13 13:30:00,171.81698,0.0,49.4592,0.0
2026-02-13 14:00:00,167.8925,0.0,48.08296,0.0
2026-02-13 14:30:00,172.0804,0.0,51.12576,0.0
2026-02-13 15:00:00,240.361,0.0,80.5755,0.0
2026-02-13 15:30:00,255.0912,0.0,81.02708,0.0
2026-02-13 16:00:00,251.5216,0.0,82.27432,0.0
2026-02-13 16:30:00,252.199,0.0,77.99502,0.0
2026-02-13 17:00:00,245.2316,0.0,78.22618,0.0
2026-02-13 17:30:00,188.67612,0.0,43.51872,0.0
2026-02-13 18:00:00,111.29396,0.0,2.1289,0.45158
2026-02-13 18:30:00,87.08046,0.0,0.2258,0.63436
2026-02-13 19:00:00,77.28538,0.0,0.043,1.66656
2026-02-13 19:30:00,65.37216,0.0,0.0,2.63424
2026-02-13 20:00:00,63.49058,0.0,0.0,2.63424
2026-02-13 20:30:00,52.78158,0.0,0.01076,3.7847
2026-02-13 21:00:00,54.55566,0.0,0.0,2.3977
2026-02-13 21:30:00,50.11508,0.0,0.0215,1.3655
2026-02-13 22:00:00,43.0779,0.0,0.15052,0.81716
2026-02-13 22:30:00,41.33606,0.0,0.01076,2.98906
2026-02-13 23:00:00,42.12634,0.0,0.0,3.29012
2026-02-13 23:30:00,41.35758,0.0,0.0,3.32236
2026-02-14 00:00:00,43.11552,0.0,0.01076,2.60736
2026-02-14 00:30:00,44.00256,0.0,0.0,1.66656
2026-02-14 01:00:00,42.7177,0.0,0.01076,2.03212
2026-02-14 01:30:00,44.21222,0.0,0.01076,1.58054
2026-02-14 02:00:00,43.80366,0.0,0.0,1.82784
2026-02-14 02:30:00,42.19622,0.0,0.0,3.11808
2026-02-14 03:00:00,42.63706,0.0,0.01076,4.032
2026-02-14 03:30:00,43.30906,0.0,0.0,3.5159
2026-02-14 04:00:00,42.13172,0.0,0.0,3.70944
2026-02-14 04:30:00,43.05102,0.0,0.0,3.60192
2026-02-14 05:00:00,43.36282,0.0,0.0,3.4944
2026-02-14 05:30:00,43.01338,0.0,0.0,3.37612
2026-02-14 06:00:00,43.11552,0.0,0.0,3.29012
2026-02-14 06:30:00,43.33056,0.0,0.0,3.37612
2026-02-14 07:00:00,42.25536,0.0,0.0,3.50516
2026-02-14 07:30:00,42.07258,0.0,0.0,3.5159
2026-02-14 08:00:00,42.58868,0.0,0.0,3.85996
2026-02-14 08:30:00,42.13172,0.0,0.0,4.49434
2026-02-14 09:00:00,42.05108,0.0,0.0,3.37612
2026-02-14 09:30:00,42.93274,0.0,0.01076,3.13958
2026-02-14 10:00:00,44.09396,0.0,0.0,3.46214
2026-02-14 10:30:00,41.95432,0.0,0.0,3.33312
2026-02-14 11:00:00,42.87898,0.0,0.0,2.18266
2026-02-14 11:30:00,41.85754,0.0,0.0,2.1504
2026-02-14 12:00:00,43.22304,0.0,0.0215,1.6128
2026-02-14 12:30:00,42.27688,0.0,0.043,1.29024
2026-02-14 13:00:00,43.008,0.0,0.043,1.16122
2026-02-14 13:30:00,43.68538,0.0,0.09676,0.97844
2026-02-14 14:00:00,43.72838,0.0,0.07526,0.97844
2026-02-14 14:30:00,43.86816,0.0,0.0215,1.60204
2026-02-14 15:00:00,43.03488,0.0,0.0,2.36544
2026-02-14 15:30:00,42.45966,0.0,0.0,2.26868
2026-02-14 16:00:00,41.09416,0.0,0.0,2.92454
2026-02-14 16:30:00,42.00806,0.0,0.0,3.10732
2026-02-14 17:00:00,41.72852,0.0,0.01076,2.78476
2026-02-14 17:30:00,42.43816,0.0,0.0215,1.78484
2026-02-14 18:00:00,42.93274,0.0,0.043,1.20422
2026-02-14 18:30:00,43.05638,0.0,0.03226,1.18272
2026-02-14 19:00:00,41.69088,0.0,0.043,1.344
2026-02-14 19:30:00,42.79296,0.0,0.11828,0.91392
2026-02-14 20:00:00,42.68006,0.0,0.03226,1.41926
2026-02-14 20:30:00,43.64238,0.0,0.03226,1.301
2026-02-14 21:00:00,43.09402,0.0,0.08602,1.10746
2026-02-14 21:30:00,43.2338,0.0,0.13978,0.8064
2026-02-14 22:00:00,43.18004,0.0,0.13978,1.58054
2026-02-14 22:30:00,42.7607,0.0,0.0,3.15034
2026-02-14 23:00:00,42.06182,0.0,0.0,3.4514
2026-02-14 23:30:00,41.96506,0.0,0.0,3.13958
2026-02-15 00:00:00,42.43816,0.0,0.0,2.98906
2026-02-15 00:30:00,41.8199,0.0,0.0,2.74176
2026-02-15 01:00:00,41.09416,0.0,0.0,5.27924
2026-02-15 01:30:00,40.98662,0.0,0.0,5.42976
2026-02-15 02:00:00,41.3952,0.0,0.0,5.31148
2026-02-15 02:30:00,40.91136,0.0,0.0,4.95668
2026-02-15 03:00:00,41.3952,0.0,0.0,4.63412
2026-02-15 03:30:00,41.6425,0.0,0.0,4.13952
2026-02-15 04:00:00,41.33606,0.0,0.0,3.59116
2026-02-15 04:30:00,41.81454,0.0,0.01076,3.2471
2026-02-15 05:00:00,41.6425,0.0,0.0,3.21484
2026-02-15 05:30:00,42.54566,0.0,0.0,2.63424
2026-02-15 06:00:00,41.54574,0.0,0.0,3.59116
2026-02-15 06:30:00,41.20168,0.0,0.0,3.66644
2026-02-15 07:00:00,40.4329,0.0,0.0,3.63418
2026-02-15 07:30:00,40.49204,0.0,0.0,3.73094
2026-02-15 08:00:00,40.65332,0.0,0.0,3.42988
2026-02-15 08:30:00,40.0297,0.0,0.0,3.5159
2026-02-15 09:00:00,41.5995,0.0,0.0,3.31162
2026-02-15 09:30:00,40.91674,0.0,0.0,4.0105
2026-02-15 10:00:00,41.7769,0.0,0.0,4.13952
2026-02-15 10:30:00,40.70708,0.0,0.0,5.01044
2026-02-15 11:00:00,41.48122,0.0,0.0,5.20396
2026-02-15 11:30:00,41.98656,0.0,0.0,5.17172
2026-02-15 12:00:00,40.91674,0.0,0.0,4.9943
2026-02-15 12:30:00,40.95438,0.0,0.0,4.76314
2026-02-15 13:00:00,42.07258,0.0,0.01076,4.032
2026-02-15 13:30:00,42.61556,0.0,0.0,4.04276
2026-02-15 14:00:00,41.6855,0.0,0.0,4.42982
2026-02-15 14:30:00,41.96506,0.0,0.0,4.84916
2026-02-15 15:00:00,41.98656,0.0,0.0,4.84916
2026-02-15 15:30:00,41.98656,0.0,0.0,4.91366
2026-02-15 16:00:00,41.94356,0.0,0.0,4.8384
2026-02-15 16:30:00,42.53492,0.0,0.0,2.92454
2026-02-15 17:00:00,41.27156,0.0,0.0,3.52666
2026-02-15 17:30:00,41.31456,0.0,0.0,3.38688
2026-02-15 18:00:00,41.49198,0.0,0.0,3.30086
2026-02-15 18:30:00,41.7984,0.0,0.0,2.76326
2026-02-15 19:00:00,41.51348,0.0,0.0,2.60198
2026-02-15 19:30:00,40.21248,0.0,0.01076,3.27936
2026-02-15 20:00:00,41.9328,0.0,0.0,3.5159
2026-02-15 20:30:00,41.63174,0.0,0.0,3.44064
2026-02-15 21:00:00,42.05108,0.0,0.0,3.10732
2026-02-15 21:30:00,41.3952,0.0,0.0,2.79552
2026-02-15 22:00:00,42.4274,0.0,0.0,2.1289
2026-02-15 22:30:00,42.17472,0.0,0.01076,1.74182
2026-02-15 23:00:00,41.13716,0.0,0.0,2.21492
2026-02-15 23:30:00,42.14784,0.0,0.03226,1.50528
2026-02-16 00:00:00,41.25006,0.0,0.0,1.97836
2026-02-16 00:30:00,42.33064,0.0,0.043,1.52678
2026-02-16 01:00:00,40.67482,0.0,0.0,4.32768
2026-02-16 01:30:00,42.15322,0.0,0.0,3.2686
2026-02-16 02:00:00,41.0619,0.0,0.01076,3.2041
2026-02-16 02:30:00,41.67476,0.0,0.0,2.731
2026-02-16 03:00:00,41.47048,0.0,0.0,3.01056
2026-02-16 03:30:00,41.49198,0.0,0.0,2.90304
2026-02-16 04:00:00,41.75002,0.0,0.0,2.32244
2026-02-16 04:30:00,41.35758,0.0,0.01076,2.06438
2026-02-16 05:00:00,42.21236,0.0,0.0,2.76326
2026-02-16 05:30:00,41.0834,0.0,0.0,4.93516
2026-02-16 06:00:00,40.66408,0.0,0.0,4.94592
2026-02-16 06:30:00,41.09416,0.0,0.0,4.7954
2026-02-16 07:00:00,40.80384,0.0,0.0,5.40826
2026-02-16 07:30:00,39.59424,0.0,0.0,4.8814
2026-02-16 08:00:00,45.76052,0.0,0.08602,1.94612
2026-02-16 08:30:00,46.37338,0.0,0.01076,2.88154
2026-02-16 09:00:00,51.15802,0.0,0.0,4.06426
2026-02-16 09:30:00,51.55584,0.0,0.01076,2.13964
2026-02-16 10:00:00,54.98574,0.0,0.043,1.6558
2026-02-16 10:30:00,55.54484,0.0,0.03226,1.70956
2026-02-16 11:00:00,55.27604,0.0,0.0,2.45146
2026-02-16 11:30:00,56.448,0.0,0.0215,1.89236
2026-02-16 12:00:00,56.6523,0.0,0.03226,1.47302
2026-02-16 12:30:00,57.05012,0.0,0.10752,0.90316
2026-02-16 13:00:00,49.55598,0.0,0.15052,0.81716
2026-02-16 13:30:00,48.341,0.0,0.07526,0.95692
2026-02-16 14:00:00,48.98612,0.0,0.13978,0.72038
2026-02-16 14:30:00,48.77108,0.0,0.10752,0.99994
2026-02-16 15:00:00,47.2443,0.0,0.0,1.8601
2026-02-16 15:30:00,49.84628,0.0,0.08602,1.02144
2026-02-16 16:00:00,50.12584,0.0,0.12902,0.75264
2026-02-16 16:30:00,49.4592,0.0,0.0215,1.49452
2026-02-16 17:00:00,49.26568,0.0,0.0215,1.49452
2026-02-16 17:30:00,49.73876,0.0,0.46234,0.35482
2026-02-16 18:00:00,44.8251,0.0,0.21504,0.65588
2026-02-16 18:30:00,41.87904,0.0,0.0,3.36538
2026-02-16 19:00:00,41.95432,0.0,0.01076,3.4944
2026-02-16 19:30:00,41.8683,0.0,0.0,3.10732
2026-02-16 20:00:00,41.81454,0.0,0.0,3.63418
2026-02-16 20:30:00,42.63706,0.0,0.0,3.36538
2026-02-16 21:00:00,40.93286,0.0,0.0,3.4729
2026-02-16 21:30:00,41.72852,0.0,0.0,3.15034
2026-02-16 22:00:00,41.54574,0.0,0.0,3.42988
2026-02-16 22:30:00,41.54574,0.0,0.0,4.67174
2026-02-16 23:00:00,40.80922,0.0,0.0,4.94592
2026-02-16 23:30:00,41.50272,0.0,0.0,4.75238
2026-02-17 00:00:00,41.9113,0.0,0.0,4.41908
2026-02-17 00:30:00,41.35758,0.0,0.0,4.33844
2026-02-17 01:00:00,41.24468,0.0,0.0,4.16102
2026-02-17 01:30:00,41.7339,0.0,0.0,3.85996
2026-02-17 02:00:00,41.33606,0.0,0.0,3.41914
2026-02-17 02:30:00,41.47048,0.0,0.01076,3.02132
2026-02-17 03:00:00,41.8199,0.0,0.0,2.38156
2026-02-17 03:30:00,41.31456,0.0,0.0,2.3278
2026-02-17 04:00:00,42.4274,0.0,0.01076,2.3762
2026-02-17 04:30:00,40.65332,0.0,0.0,4.5696
2026-02-17 05:00:00,41.3952,0.0,0.0,4.31156
2026-02-17 05:30:00,41.9113,0.0,0.0,4.13952
2026-02-17 06:00:00,41.24468,0.0,0.0,4.37606
2026-02-17 06:30:00,41.43822,0.0,0.0,4.032
2026-02-17 07:00:00,40.82534,0.0,0.0,4.10726
2026-02-17 07:30:00,40.13722,0.0,0.0,4.44596
2026-02-17 08:00:00,40.5673,0.0,0.0,3.93524
2026-02-17 08:30:00,40.20174,0.0,0.0,3.99974
2026-02-17 09:00:00,41.0834,0.0,0.0,3.91372
2026-02-17 09:30:00,41.20168,0.0,0.0,4.075
2026-02-17 10:00:00,39.92218,0.0,0.0,4.68788
2026-02-17 10:30:00,39.59424,0.0,0.0,5.01044
2026-02-17 11:00:00,41.02964,0.0,0.0,4.3008
2026-02-17 11:30:00,40.64256,0.0,0.0,4.50508
2026-02-17 12:00:00,39.38458,0.0,0.0,4.91366
2026-02-17 12:30:00,40.69632,0.0,0.0,4.42982
2026-02-17 13:00:00,41.05114,0.0,0.0,4.16102
2026-02-17 13:30:00,40.5243,0.0,0.0,4.2578
2026-02-17 14:00:00,40.77158,0.0,0.0,3.91372
2026-02-17 14:30:00,40.5243,0.0,0.0,3.83846
2026-02-17 15:00:00,41.21242,0.0,0.0,3.7632
2026-02-17 15:30:00,40.36302,0.0,0.0,4.08576
2026-02-17 16:00:00,39.97056,0.0,0.0,4.94592
2026-02-17 16:30:00,40.77158,0.0,0.0,4.6126
2026-02-17 17:00:00,40.19098,0.0,0.0,4.8814
2026-02-17 17:30:00,40.88986,0.0,0.0,4.5266
2026-02-17 18:00:00,40.85224,0.0,0.0,4.96742
2026-02-17 18:30:00,41.15866,0.0,0.0,5.07494
2026-02-17 19:00:00,39.40608,0.0,0.0,5.6448
2026-02-17 19:30:00,40.05658,0.0,0.0,5.85984
2026-02-17 20:00:00,40.75008,0.0,0.0,4.94592
2026-02-17 20:30:00,40.5888,0.0,0.0,3.989
2026-02-17 21:00:00,40.85224,0.0,0.01076,3.75244
2026-02-17 21:30:00,41.69088,0.0,0.0,3.40838
2026-02-17 22:00:00,41.47048,0.0,0.0,3.34388
2026-02-17 22:30:00,42.54566,0.0,0.0,2.3977
2026-02-17 23:00:00,41.42746,0.0,0.0,2.7095
2026-02-17 23:30:00,42.16934,0.0,0.01076,2.31168
2026-02-18 00:00:00,42.37364,0.0,0.0,1.8601
2026-02-18 00:30:00,41.13716,0.0,0.01076,1.94612
2026-02-18 01:00:00,41.53498,0.0,0.0,4.15028
2026-02-18 01:30:00,40.91674,0.0,0.0,4.49434
2026-02-18 02:00:00,41.0619,0.0,0.0,4.32768
2026-02-18 02:30:00,40.85224,0.0,0.0,4.37606
2026-02-18 03:00:00,40.99738,0.0,0.0,3.89222
2026-02-18 03:30:00,41.6425,0.0,0.0,3.58042
2026-02-18 04:00:00,40.84686,0.0,0.0,4.0105
2026-02-18 04:30:00,40.5243,0.0,0.0,4.75238
2026-02-18 05:00:00,41.16942,0.0,0.0,4.76314
2026-02-18 05:30:00,40.32,0.0,0.0,5.17172
2026-02-18 06:00:00,41.3522,0.0,0.0,5.19322
2026-02-18 06:30:00,41.49198,0.0,0.0,4.72012
2026-02-18 07:00:00,39.64264,0.0,0.0,5.31148
2026-02-18 07:30:00,39.10504,0.0,0.0,5.63404
2026-02-18 08:00:00,39.58886,0.0,0.0,5.6233
2026-02-18 08:30:00,38.84698,0.0,0.0,6.1824
2026-02-18 09:00:00,39.97056,0.0,0.0,6.11788
2026-02-18 09:30:00,40.277,0.0,0.0,4.60186
2026-02-18 10:00:00,40.15872,0.0,0.0,4.3008
2026-02-18 10:30:00,41.79302,0.0,0.03226,1.91386
2026-02-18 11:00:00,40.78234,0.0,0.0,1.95686
2026-02-18 11:30:00,42.25536,0.0,0.03226,1.43002
2026-02-18 12:00:00,41.1479,0.0,0.03226,1.43002
2026-02-18 12:30:00,42.30912,0.0,0.06452,1.17196
2026-02-18 13:00:00,41.21242,0.0,0.01076,1.6558
2026-02-18 13:30:00,41.99732,0.0,0.01076,1.74182
2026-02-18 14:00:00,41.71238,0.0,0.0,2.13964
2026-02-18 14:30:00,41.54574,0.0,0.0,2.25792
2026-02-18 15:00:00,41.77152,0.0,0.01076,2.29018
2026-02-18 15:30:00,43.24454,0.0,0.0,1.94612
2026-02-18 16:00:00,45.56698,0.0,0.16128,0.66124
2026-02-18 16:30:00,45.08314,0.0,0.12902,0.83866
2026-02-18 17:00:00,43.47572,0.0,0.10752,1.41926
2026-02-18 17:30:00,41.54574,0.0,0.0,2.34394
2026-02-18 18:00:00,42.37364,0.0,0.01076,2.3762
2026-02-18 18:30:00,41.53498,0.0,0.0,2.35468
2026-02-18 19:00:00,40.85224,0.0,0.01076,2.62348
2026-02-18 19:30:00,41.56724,0.0,0.0,2.92454
2026-02-18 20:00:00,42.82522,0.0,0.0,3.05356
2026-02-18 20:30:00,41.7984,0.0,0.0,2.81702
2026-02-18 21:00:00,41.45972,0.0,0.0,2.60198
2026-02-18 21:30:00,41.1479,0.0,0.01076,2.5536
2026-02-18 22:00:00,41.52422,0.0,0.0,2.3278
2026-02-18 22:30:00,42.09408,0.0,0.0,1.94612
2026-02-18 23:00:00,42.09408,0.0,0.01076,1.8386
2026-02-18 23:30:00,41.13716,0.0,0.0,1.91386
2026-02-19 00:00:00,42.19086,0.0,0.03226,1.44076
2026-02-19 00:30:00,40.2555,0.0,0.0,4.64486
2026-02-19 01:00:00,41.42746,0.0,0.0,4.29004
2026-02-19 01:30:00,40.21786,0.0,0.0,5.4889
2026-02-19 02:00:00,41.21242,0.0,0.0,4.91366
2026-02-19 02:30:00,40.69632,0.0,0.0,4.67174
2026-02-19 03:00:00,41.30918,0.0,0.0,4.46208
2026-02-19 03:30:00,40.42752,0.0,0.0,4.49434
2026-02-19 04:00:00,41.5995,0.0,0.0,3.92448
2026-02-19 04:30:00,40.49204,0.0,0.0,4.0535
2026-02-19 05:00:00,41.8683,0.0,0.0,3.66644
2026-02-19 05:30:00,40.96512,0.0,0.0,3.92448
2026-02-19 06:00:00,41.51348,0.0,0.0,4.06426
2026-02-19 06:30:00,40.26624,0.0,0.0,4.46208
2026-02-19 07:00:00,51.17952,0.0,0.0,5.0857
2026-02-19 07:30:00,72.54376,0.0,2.02138,1.1881
2026-02-19 08:00:00,99.82158,0.0,9.9241,0.0
2026-02-19 08:30:00,192.3318,0.0,64.83458,0.0
2026-02-19 09:00:00,211.5348,0.0,71.146,0.0
2026-02-19 09:30:00,210.4382,0.0,67.03872,0.0
2026-02-19 10:00:00,210.965,0.0,67.1785,0.0
2026-02-19 10:30:00,222.5342,0.0,68.2322,0.0
2026-02-19 11:00:00,218.4376,0.0,71.35028,0.0
2026-02-19 11:30:00,215.126,0.0,68.87732,0.0
2026-02-19 12:00:00,220.9322,0.0,70.58688,0.0
2026-02-19 12:30:00,224.2438,0.0,79.68308,0.0
2026-02-19 13:00:00,222.846,0.0,81.33352,0.0
2026-02-19 13:30:00,223.405,0.0,86.01602,0.0
2026-02-19 14:00:00,229.3616,0.0,83.3065,0.0
2026-02-19 14:30:00,232.7378,0.0,81.79584,0.0
2026-02-19 15:00:00,232.7056,0.0,81.9195,0.0
2026-02-19 15:30:00,231.0712,0.0,81.17762,0.0
2026-02-19 16:00:00,220.0934,0.0,80.2852,0.0
2026-02-19 16:30:00,211.1262,0.0,79.5003,0.0
2026-02-19 17:00:00,136.97512,0.0,20.7191,0.0
2026-02-19 17:30:00,78.53262,0.0,0.3118,1.73108
2026-02-19 18:00:00,70.87718,0.0,0.03226,1.77408
2026-02-19 18:30:00,61.5767,0.0,0.0215,2.54822
2026-02-19 19:00:00,47.3088,0.0,0.0,4.7954
2026-02-19 19:30:00,47.91092,0.0,0.0,4.8384
2026-02-19 20:00:00,47.5131,0.0,0.0,4.9943
2026-02-19 20:30:00,47.37332,0.0,0.0,5.1502
2026-02-19 21:00:00,47.38406,0.0,0.0,5.18246
2026-02-19 21:30:00,47.34106,0.0,0.0,5.13946
2026-02-19 22:00:00,47.90016,0.0,0.0,5.09644
2026-02-19 22:30:00,47.62062,0.0,0.0,4.62336
2026-02-19 23:00:00,47.96468,0.0,0.0,4.51584
2026-02-19 23:30:00,48.51304,0.0,0.0,4.21478
2026-02-20 00:00:00,47.66362,0.0,0.0,4.15028
2026-02-20 00:30:00,47.96468,0.0,0.0,5.2201
2026-02-20 01:00:00,47.83566,0.0,0.0,6.30068
2026-02-20 01:30:00,47.58836,0.0,0.0,6.26842
2026-02-20 02:00:00,47.31956,0.0,0.0,6.28992
2026-02-20 02:30:00,47.8249,0.0,0.0,6.12864
2026-02-20 03:00:00,47.52384,0.0,0.0,6.04262
2026-02-20 03:30:00,46.80346,0.0,0.0,6.26842
2026-02-20 04:00:00,48.27648,0.0,0.0,5.48352
2026-02-20 04:30:00,47.08302,0.0,0.0,5.74156
2026-02-20 05:00:00,48.0507,0.0,0.0,5.28998
2026-02-20 05:30:00,47.14752,0.0,0.0,5.73082
2026-02-20 06:00:00,47.85716,0.0,0.0,5.70932
2026-02-20 06:30:00,45.28742,0.0,0.0,6.55872
2026-02-20 07:00:00,52.40526,0.0,0.0,7.62316
2026-02-20 07:30:00,77.46818,0.0,1.5698,1.67732
2026-02-20 08:00:00,98.3808,0.0,7.76294,0.0
2026-02-20 08:30:00,196.25628,0.0,77.6187,0.0
2026-02-20 09:00:00,210.4704,0.0,79.08098,0.0
2026-02-20 09:30:00,211.3198,0.0,79.33902,0.0
2026-02-20 10:00:00,230.7488,0.0,84.97306,0.0
2026-02-20 10:30:00,221.9536,0.0,83.29576,0.0
2026-02-20 11:00:00,221.3084,0.0,80.52174,0.0
2026-02-20 11:30:00,222.5664,0.0,80.9572,0.0
2026-02-20 12:00:00,229.5768,0.0,82.3926,0.0
2026-02-20 12:30:00,223.8674,0.0,81.63994,0.0
2026-02-20 13:00:00,213.5562,0.0,78.51112,0.0
2026-02-20 13:30:00,196.6541,0.0,72.51686,0.0
2026-02-20 14:00:00,150.53878,0.0,45.70676,0.0
2026-02-20 14:30:00,149.90978,0.0,44.41652,0.0
2026-02-20 15:00:00,213.0294,0.0,72.6029,0.0
2026-02-20 15:30:00,211.051,0.0,72.31796,0.0
2026-02-20 16:00:00,217.2872,0.0,67.33978,0.0
2026-02-20 16:30:00,172.91906,0.0,40.2555,0.0
2026-02-20 17:00:00,139.62548,0.0,7.16084,2.78476
2026-02-20 17:30:00,96.9508,0.0,0.0,5.28998
2026-02-20 18:00:00,91.0802,0.0,0.0,4.32768
2026-02-20 18:30:00,84.71502,0.0,0.0,4.51584
2026-02-20 19:00:00,83.40328,0.0,0.0,4.21478
2026-02-20 19:30:00,69.65146,0.0,0.0,4.21478
2026-02-20 20:00:00,61.23264,0.0,0.0,4.7954
2026-02-20 20:30:00,44.25524,0.0,0.0,4.51584
2026-02-20 21:00:00,43.28756,0.0,0.0,5.05344
2026-02-20 21:30:00,43.8144,0.0,0.0,4.64486
2026-02-20 22:00:00,43.2983,0.0,0.0,4.29004
2026-02-20 22:30:00,43.56174,0.0,0.0,3.2471
2026-02-20 23:00:00,42.21236,0.0,0.0,3.37612
2026-02-20 23:30:00,41.01888,0.0,0.0,6.22542
2026-02-21 00:00:00,41.28768,0.0,0.0,6.08564
2026-02-21 01:00:00,41.43822,0.0,0.0,6.08564
2026-02-21 01:30:00,40.97588,0.0,0.0,5.9136
2026-02-21 03:30:00,41.71238,0.0,0.0,5.99962
2026-02-21 04:00:00,41.58874,0.0,0.0,5.9566
2026-02-21 04:30:00,42.21236,0.0,0.0,5.55878
2026-02-21 05:00:00,42.21236,0.0,0.0,5.52652
2026-02-21 06:00:00,42.21774,0.0,0.0,5.6878
2026-02-21 08:00:00,58.29736,0.0,11.97772,1.79558
2026-02-21 09:00:00,137.05576,0.0,68.99022,0.0
2026-02-21 10:30:00,138.8621,0.0,67.70536,0.0
2026-02-21 11:00:00,139.77602,0.0,67.51182,0.0
2026-02-21 11:30:00,139.24378,0.0,67.20002,0.0
2026-02-21 13:30:00,133.40008,0.0,68.08168,0.0
2026-02-21 14:00:00,135.62574,0.0,68.43648,0.0
2026-02-21 15:00:00,128.45416,0.0,61.96378,0.0
2026-02-21 16:00:00,128.88424,0.0,61.07136,0.0
2026-02-21 17:00:00,43.05638,0.0,0.4946,5.84908
2026-02-21 18:00:00,40.66408,0.0,0.0,5.9136
2026-02-21 18:30:00,41.28768,0.0,0.0,5.8921
2026-02-21 19:00:00,41.35758,0.0,0.0,5.72006
2026-02-21 21:30:00,41.72852,0.0,0.0,6.12864
2026-02-21 22:00:00,41.77152,0.0,0.0,5.81684
2026-02-21 22:30:00,41.77152,0.0,0.0,5.419
2026-02-21 23:00:00,41.94356,0.0,0.0,5.26848
2026-02-21 23:30:00,41.99732,0.0,0.0,4.93516
2026-02-22 00:30:00,40.73934,0.0,0.0,5.53728
2026-02-22 01:00:00,41.90054,0.0,0.0,5.19322
2026-02-22 01:30:00,41.7554,0.0,0.0,5.03194
2026-02-22 02:00:00,40.51354,0.0,0.0,5.83834
2026-02-22 02:30:00,42.21236,0.0,0.0,5.32762
2026-02-22 03:00:00,41.1479,0.0,0.0,5.46202
2026-02-22 03:30:00,41.23392,0.0,0.0,5.81684
2026-02-22 04:00:00,41.65326,0.0,0.0,6.59098
2026-02-22 04:30:00,40.91674,0.0,0.0,6.65548
2026-02-22 05:00:00,41.61024,0.0,0.0,6.81676
2026-02-22 05:30:00,40.49742,0.0,0.0,7.10708
2026-02-22 06:00:00,41.83604,0.0,0.0,6.58022
2026-02-22 06:30:00,41.72852,0.0,0.0,6.34368
2026-02-22 07:00:00,39.94368,0.0,0.0,6.6985
2026-02-22 07:30:00,40.73934,0.0,0.0,5.9136
2026-02-22 08:00:00,41.1264,0.0,0.0,5.85984
2026-02-22 08:30:00,41.69088,0.0,0.0,5.94586
2026-02-22 09:00:00,41.49198,0.0,0.0,6.11788
2026-02-22 09:30:00,41.8898,0.0,0.0,6.24692
2026-02-22 10:00:00,41.37908,0.0,0.0,6.46196
2026-02-22 10:30:00,40.2555,0.0,0.0,7.15008
2026-02-22 11:00:00,42.05108,0.0,0.0,6.64474
2026-02-22 11:30:00,41.43822,0.0,0.0,6.9458
2026-02-22 12:00:00,41.35758,0.0,0.0,7.0103
2026-02-22 12:30:00,41.15866,0.0,0.0,7.15008
2026-02-22 13:00:00,41.1479,0.0,0.0,6.90278
2026-02-22 13:30:00,42.29838,0.0,0.0,6.33294
2026-02-22 14:00:00,59.12526,0.0,0.0,2.78476
2026-02-22 14:30:00,58.77044,0.0,0.01076,3.02132
2026-02-22 15:00:00,57.15764,0.0,0.0,3.70944
2026-02-22 15:30:00,61.56596,0.0,0.0,3.32236
2026-02-22 16:00:00,61.81326,0.0,0.0,3.27936
2026-02-22 16:30:00,61.91002,0.0,0.0,3.56966
2026-02-22 17:00:00,51.67412,0.0,0.0,4.3223
2026-02-22 17:30:00,40.03508,0.0,0.0,5.88134
2026-02-22 18:00:00,40.40602,0.0,0.0,5.419
2026-02-22 18:30:00,41.664,0.0,0.0,5.49428
2026-02-22 19:00:00,40.12648,0.0,0.0,5.6018
2026-02-22 19:30:00,41.98656,0.0,0.0,5.31148
2026-02-22 20:00:00,41.67476,0.0,0.0,5.36524
2026-02-22 20:30:00,41.6425,0.0,0.0,5.54804
2026-02-22 21:00:00,42.21774,0.0,0.0,5.43514
2026-02-22 21:30:00,40.88986,0.0,0.0,5.77382
2026-02-22 22:00:00,42.21774,0.0,0.0,5.27924
2026-02-22 22:30:00,42.27688,0.0,0.0,4.77926
2026-02-22 23:00:00,41.52422,0.0,0.0,4.8814
2026-02-22 23:30:00,42.00806,0.0,0.0,4.5911
2026-02-23 00:00:00,42.31988,0.0,0.0,4.51584
2026-02-23 00:30:00,41.1479,0.0,0.0,5.3545
2026-02-23 01:00:00,42.19622,0.0,0.0,4.8169
2026-02-23 01:30:00,41.6855,0.0,0.0,4.21478
2026-02-23 02:00:00,42.4274,0.0,0.0,3.87072
2026-02-23 02:30:00,41.83604,0.0,0.0,3.5374
2026-02-23 03:00:00,41.664,0.0,0.0,5.40826
2026-02-23 03:30:00,41.24468,0.0,0.0,5.97812
2026-02-23 04:00:00,42.08334,0.0,0.0,5.56954
2026-02-23 04:30:00,41.27156,0.0,0.0,5.85984
2026-02-23 05:00:00,42.13172,0.0,0.0,5.84908
2026-02-23 05:30:00,42.45966,0.0,0.0,5.88134
2026-02-23 06:00:00,40.87374,0.0,0.0,6.66624
2026-02-23 06:30:00,41.21242,0.0,0.0,6.75226
2026-02-23 07:00:00,57.63072,0.0,0.0,8.09626
2026-02-23 07:30:00,79.97338,0.0,0.75264,3.99974
2026-02-23 08:00:00,110.07898,0.0,8.42956,0.0
2026-02-23 08:30:00,214.5024,0.0,73.55444,0.0
2026-02-23 09:00:00,234.1894,0.0,74.04904,0.0
2026-02-23 09:30:00,240.1674,0.0,76.08116,0.0
2026-02-23 10:00:00,250.9194,0.0,82.7044,0.0
2026-02-23 10:30:00,277.7026,0.0,93.69294,0.0
2026-02-23 11:00:00,274.391,0.0,91.1017,0.0
2026-02-23 11:30:00,272.2514,0.0,93.12308,0.0
2026-02-23 12:00:00,272.3266,0.0,91.69306,0.0
2026-02-23 12:30:00,269.585,0.0,92.55324,0.0
2026-02-23 13:00:00,273.2406,0.0,92.21992,0.0
2026-02-23 13:30:00,264.9724,0.0,90.06952,0.0
2026-02-23 14:00:00,275.09,0.0,89.13408,0.0
2026-02-23 14:30:00,266.198,0.0,82.81192,0.0
2026-02-23 15:00:00,266.397,0.0,84.72576,0.0
2026-02-23 15:30:00,269.9612,0.0,75.33928,0.0
2026-02-23 16:00:00,270.23,0.0,73.22114,0.0
2026-02-23 16:30:00,266.5098,0.0,71.71586,0.0
2026-02-23 17:00:00,257.3706,0.0,69.02784,0.0
2026-02-23 17:30:00,222.5234,0.0,65.31842,0.0
2026-02-23 18:00:00,210.5994,0.0,55.93192,0.0
2026-02-23 18:30:00,196.43908,0.0,54.95348,0.0
2026-02-23 19:00:00,134.44302,0.0,31.29908,0.0
2026-02-23 19:30:00,79.01646,0.0,5.77382,2.645
2026-02-23 20:00:00,62.64116,0.0,0.0,4.84916
2026-02-23 20:30:00,61.4907,0.0,0.0,4.77926
2026-02-23 21:00:00,58.2651,0.0,0.0,5.55878
2026-02-23 21:30:00,53.9643,0.0,0.0,5.16096
2026-02-23 22:00:00,51.67412,0.0,0.0,4.94592
2026-02-23 22:30:00,52.89984,0.0,0.0,4.11264
2026-02-23 23:00:00,53.674,0.0,0.0,3.7202
2026-02-23 23:30:00,55.29754,0.0,0.0,3.31162
2026-02-24 00:00:00,53.39444,0.0,0.01076,3.95674
2026-02-24 00:30:00,51.78164,0.0,0.0,4.02124
2026-02-24 01:00:00,54.68468,0.0,0.0,4.12876
2026-02-24 01:30:00,56.51252,0.0,0.0,3.44064
2026-02-24 02:00:00,53.16864,0.0,0.0,3.54816
2026-02-24 02:30:00,53.34068,0.0,0.0,3.65568
2026-02-24 03:00:00,54.99648,0.0,0.0,2.76326
2026-02-24 03:30:00,54.08256,0.0,0.0,3.16108
2026-02-24 04:00:00,52.46976,0.0,0.0,3.66644
2026-02-24 04:30:00,54.46964,0.0,0.0,2.4192
2026-02-24 05:00:00,56.21146,0.0,0.0215,2.03212
2026-02-24 05:30:00,53.60948,0.0,0.0,2.688
2026-02-24 06:00:00,54.67392,0.0,0.0,2.731
2026-02-24 06:30:00,54.57716,0.0,0.01076,3.33312
2026-02-24 07:00:00,69.32352,0.0,0.0,4.95668
2026-02-24 07:30:00,94.12302,0.0,1.70956,3.25786
2026-02-24 08:00:00,141.36732,0.0,18.2784,0.0
2026-02-24 08:30:00,223.147,0.0,105.89646,0.0
2026-02-24 09:00:00,224.2976,0.0,84.98918,0.0
2026-02-24 09:30:00,238.2536,0.0,72.72654,0.0
2026-02-24 10:00:00,242.4898,0.0,70.26432,0.0
2026-02-24 10:30:00,241.7696,0.0,69.33966,0.0
2026-02-24 11:00:00,243.7372,0.0,71.02772,0.0
2026-02-24 11:30:00,243.5006,0.0,69.0601,0.0
2026-02-24 12:00:00,244.9414,0.0,70.8557,0.0
2026-02-24 12:30:00,260.7252,0.0,74.13504,0.0
2026-02-24 13:00:00,264.6282,0.0,71.84488,0.0
2026-02-24 13:30:00,263.709,0.0,72.18356,0.0
2026-02-24 14:00:00,268.3162,0.0,69.51168,0.0
2026-02-24 14:30:00,268.5098,0.0,67.51182,0.0
2026-02-24 15:00:00,257.091,0.0,70.49012,0.0
2026-02-24 15:30:00,254.5536,0.0,68.9042,0.0
2026-02-24 16:00:00,252.3924,0.0,68.26446,0.0
2026-02-24 16:30:00,242.8662,0.0,68.06016,0.0
2026-02-24 17:00:00,236.1032,0.0,69.42568,0.0
2026-02-24 17:30:00,202.8042,0.0,65.60872,0.0
2026-02-24 18:00:00,194.96604,0.0,55.29754,0.0
2026-02-24 18:30:00,190.32118,0.0,55.93192,0.0
2026-02-24 19:00:00,147.93678,0.0,34.44942,0.0
2026-02-24 19:30:00,92.04788,0.0,5.52652,3.63418
2026-02-24 20:00:00,77.25312,0.0,0.0,5.42976
2026-02-24 20:30:00,73.45768,0.0,0.0,5.77382
2026-02-24 21:00:00,67.77524,0.0,0.0,6.55872
2026-02-24 21:30:00,65.63022,0.0,0.0,6.06412
2026-02-24 22:00:00,58.50164,0.0,0.0,5.98886
2026-02-24 22:30:00,44.76058,0.0,0.0,5.99962
2026-02-24 23:00:00,46.00782,0.0,0.0,5.82758
2026-02-24 23:30:00,46.53466,0.0,0.0,5.52652
2026-02-25 00:00:00,45.24442,0.0,0.0,5.16096
2026-02-25 00:30:00,45.14766,0.0,0.0,4.76314
2026-02-25 01:00:00,47.93242,0.0,0.0,4.10726
2026-02-25 01:30:00,47.72814,0.0,0.0,4.40832
2026-02-25 02:00:00,45.8788,0.0,0.0,4.87066
2026-02-25 02:30:00,47.11526,0.0,0.0,6.79526
2026-02-25 03:00:00,47.95392,0.0,0.0,6.33294
2026-02-25 03:30:00,45.19066,0.0,0.0,6.9458
2026-02-25 04:00:00,46.2336,0.0,0.0,6.34368
2026-02-25 04:30:00,48.03994,0.0,0.0,5.80608
2026-02-25 05:00:00,46.87872,0.0,0.0,6.30068
2026-02-25 05:30:00,45.97556,0.0,0.0,6.09638
2026-02-25 06:00:00,46.01856,0.0,0.0,6.06412
2026-02-25 06:30:00,47.44858,0.0,0.0,6.4727
2026-02-25 07:00:00,66.63014,0.0,0.0,8.11776
2026-02-25 07:30:00,93.1661,0.0,2.06438,3.46214
2026-02-25 08:00:00,116.0356,0.0,7.8167,0.01076
2026-02-25 08:30:00,211.5778,0.0,88.89754,0.0
2026-02-25 09:00:00,217.5452,0.0,85.27412,0.0
2026-02-25 09:30:00,227.7488,0.0,106.65986,0.0
2026-02-25 10:00:00,229.7918,0.0,91.8221,0.0
2026-02-25 10:30:00,228.394,0.0,70.3611,0.0
2026-02-25 11:00:00,237.3612,0.0,85.56442,0.0
2026-02-25 11:30:00,242.4898,0.0,118.53006,0.0
2026-02-25 12:00:00,236.802,0.0,87.71482,0.0
2026-02-25 12:30:00,232.7916,0.0,73.16738,0.0
2026-02-25 13:00:00,236.5762,0.0,73.6512,0.0
2026-02-25 13:30:00,244.264,0.0,74.9522,0.0
2026-02-25 14:00:00,242.264,0.0,72.2212,0.0
2026-02-25 14:30:00,239.6084,0.0,69.8235,0.0
2026-02-25 15:00:00,243.0168,0.0,71.67822,0.0
2026-02-25 15:30:00,248.7798,0.0,72.76954,0.0
2026-02-25 16:00:00,250.8012,0.0,68.10856,0.0
2026-02-25 16:30:00,244.8338,0.0,66.80756,0.0
2026-02-25 17:00:00,232.8992,0.0,68.23758,0.0
2026-02-25 17:30:00,210.7178,0.0,68.94184,0.0
2026-02-25 18:00:00,199.2991,0.0,59.68436,0.0
2026-02-25 18:30:00,195.11658,0.0,59.81338,0.0
2026-02-25 19:00:00,164.18844,0.0,46.13684,0.0
2026-02-25 19:30:00,88.6395,0.0,8.3328,2.05364
2026-02-25 20:00:00,70.32884,0.0,0.0,5.419
2026-02-25 20:30:00,70.9202,0.0,0.0,6.85978
2026-02-25 21:00:00,64.12494,0.0,0.0,7.11782
2026-02-25 21:30:00,57.86728,0.0,0.0,6.61248
2026-02-25 22:00:00,58.16832,0.0,0.0,6.35444
2026-02-25 22:30:00,52.19022,0.0,0.0,6.01036
2026-02-25 23:00:00,52.05044,0.0,0.0,6.60172
2026-02-25 23:30:00,53.01812,0.0,0.0,5.24698
2026-02-26 00:00:00,50.7387,0.0,0.0,4.70938
2026-02-26 00:30:00,46.91098,0.0,0.0,5.83834
2026-02-26 01:00:00,47.8679,0.0,0.0,6.32218
2026-02-26 01:30:00,49.08288,0.0,0.0,5.78458
2026-02-26 02:00:00,45.91104,0.0,0.0,6.82752
2026-02-26 02:30:00,48.01844,0.0,0.0,6.66624
2026-02-26 03:00:00,48.69582,0.0,0.0,6.15014
2026-02-26 03:30:00,47.60986,0.0,0.0,6.30068
2026-02-26 04:00:00,47.36256,0.0,0.0,6.03188
2026-02-26 04:30:00,49.86778,0.0,0.0,5.26848
2026-02-26 05:00:00,47.04,0.0,0.0,6.08564
2026-02-26 05:30:00,47.5776,0.0,0.0,5.9136
2026-02-26 06:00:00,49.73876,0.0,0.0,5.56954
2026-02-26 06:30:00,47.88942,0.0,0.0,6.33294
2026-02-26 07:00:00,70.52238,0.0,0.0,6.6985
2026-02-26 07:30:00,90.41358,0.0,0.06452,3.07508
2026-02-26 08:00:00,107.50926,0.0,6.54796,0.20428
2026-02-26 08:30:00,216.384,0.0,95.30574,0.0
2026-02-26 09:00:00,266.155,0.0,111.99286,0.0
2026-02-26 09:30:00,279.7456,0.0,118.59458,0.0
2026-02-26 10:00:00,283.5356,0.0,126.09948,0.0
2026-02-26 10:30:00,279.1326,0.0,125.4651,0.0
2026-02-26 11:00:00,282.1916,0.0,123.08892,0.0
2026-02-26 11:30:00,281.7562,0.0,126.86286,0.0
2026-02-26 12:00:00,278.7672,0.0,122.25026,0.0
2026-02-26 12:30:00,277.1974,0.0,123.38996,0.0
2026-02-26 13:00:00,277.7564,0.0,125.33608,0.0
2026-02-26 13:30:00,267.112,0.0,120.27188,0.0
2026-02-26 14:00:00,254.6396,0.0,98.46682,0.0
2026-02-26 14:30:00,248.1024,0.0,71.66208,0.0
2026-02-26 15:00:00,253.801,0.0,73.35552,0.0
2026-02-26 15:30:00,248.0594,0.0,72.32872,0.0
2026-02-26 16:00:00,242.307,0.0,73.6297,0.0
2026-02-26 16:30:00,251.156,0.0,77.17786,0.0
2026-02-26 17:00:00,247.4574,0.0,73.84474,0.0
2026-02-26 17:30:00,210.008,0.0,59.44782,0.0
2026-02-26 18:00:00,207.6748,0.0,53.30842,0.0
2026-02-26 18:30:00,203.6322,0.0,54.72768,0.0
2026-02-26 19:00:00,149.19478,0.0,33.4226,0.0
2026-02-26 19:30:00,107.49852,0.0,17.51502,3.66644
2026-02-26 20:00:00,72.17818,0.0,0.0,6.73076
2026-02-26 20:30:00,70.08154,0.0,0.0,6.27916
2026-02-26 21:00:00,63.49058,0.0,0.0,7.47264
2026-02-26 21:30:00,57.37268,0.0,0.0,7.11782
2026-02-26 22:00:00,53.11488,0.0,0.0,5.88134
2026-02-26 22:30:00,53.4267,0.0,0.0,5.6878
2026-02-26 23:00:00,49.25492,0.0,0.0,6.22542
2026-02-26 23:30:00,52.92134,0.0,0.0,5.43514
2026-02-27 00:00:00,52.30848,0.0,0.0,5.24698
2026-02-27 00:30:00,51.36232,0.0,0.0,4.84916
2026-02-27 01:00:00,52.00744,0.0,0.0,4.80614
2026-02-27 01:30:00,52.09344,0.0,0.0,4.55348
2026-02-27 02:00:00,52.53428,0.0,0.0,4.32768
2026-02-27 02:30:00,51.8354,0.0,0.0,4.46208
2026-02-27 03:00:00,52.84608,0.0,0.0,4.94592
2026-02-27 03:30:00,50.93222,0.0,0.0,6.78452
2026-02-27 04:00:00,50.7387,0.0,0.0,6.55872
2026-02-27 04:30:00,51.51284,0.0,0.0,6.39744
2026-02-27 05:00:00,53.2224,0.0,0.0,5.65556
2026-02-27 05:30:00,50.94298,0.0,0.0,6.24692
2026-02-27 06:00:00,51.5666,0.0,0.0,6.54796
2026-02-27 06:30:00,53.86752,0.0,0.0,6.08564
2026-02-27 07:00:00,76.9252,0.0,0.0,6.04262
2026-02-27 07:30:00,97.32712,0.0,1.91386,1.98912
2026-02-27 08:00:00,128.6047,0.0,12.84864,0.0
2026-02-27 08:30:00,220.8998,0.0,72.02766,0.0
2026-02-27 09:00:00,227.351,0.0,73.94688,0.0
2026-02-27 09:30:00,234.3292,0.0,76.7693,0.0
2026-02-27 10:00:00,241.92,0.0,78.1778,0.0
2026-02-27 10:30:00,248.9196,0.0,80.33896,0.0
2026-02-27 11:00:00,258.2846,0.0,79.19386,0.0
2026-02-27 11:30:00,263.1014,0.0,103.85358,0.0
2026-02-27 12:00:00,272.3266,0.0,120.73422,0.0
2026-02-27 12:30:00,295.1156,0.0,162.51652,0.0
2026-02-27 13:00:00,264.7572,0.0,108.06836,0.0
2026-02-27 13:30:00,237.4042,0.0,77.38214,0.0
2026-02-27 14:00:00,237.7268,0.0,76.50048,0.0
2026-02-27 14:30:00,251.672,0.0,84.91932,0.0
2026-02-27 15:00:00,304.7548,0.0,146.88846,0.0
2026-02-27 15:30:00,307.905,0.0,158.08668,0.0
2026-02-27 16:00:00,304.4,0.0,155.2159,0.0
2026-02-27 16:30:00,299.2604,0.0,140.66842,0.0
2026-02-27 17:00:00,285.971,0.0,117.60538,0.0
2026-02-27 17:30:00,238.1676,0.0,75.11886,0.0
2026-02-27 18:00:00,216.556,0.0,62.64116,0.0
2026-02-27 18:30:00,205.4384,0.0,60.9961,0.0
2026-02-27 19:00:00,178.25744,0.0,48.95386,0.0
2026-02-27 19:30:00,104.68148,0.0,14.03136,3.99974
2026-02-27 20:00:00,73.44154,0.0,0.0,6.60172
2026-02-27 20:30:00,71.71586,0.0,0.0,7.26836
2026-02-27 21:00:00,69.11924,0.0,0.0,8.107
2026-02-27 21:30:00,68.59778,0.0,0.0,8.09626
2026-02-27 22:00:00,71.11374,0.0,0.0,7.05332
2026-02-27 22:30:00,62.37236,0.0,0.0,5.96736
2026-02-27 23:00:00,55.8459,0.0,0.0,4.76852
2026-02-27 23:30:00,59.093,0.0,0.0,4.11264
2026-02-28 00:00:00,59.24352,0.0,0.0,3.84922
2026-02-28 00:30:00,56.82432,0.0,0.0,4.93516
2026-02-28 01:00:00,57.60922,0.0,0.0,4.22016
2026-02-28 01:30:00,59.84564,0.0,0.0,4.09652
2026-02-28 02:00:00,59.28654,0.0,0.0,4.5696
2026-02-28 02:30:00,56.79206,0.0,0.0,4.73088
2026-02-28 03:00:00,57.73826,0.0,0.0,4.17178
2026-02-28 03:30:00,59.3188,0.0,0.0,2.80628
2026-02-28 04:00:00,58.5124,0.0,0.0,2.51596
2026-02-28 04:30:00,58.00704,0.0,0.0,3.4514
2026-02-28 05:00:00,60.1252,0.0,0.01076,2.40844
2026-02-28 05:30:00,57.67374,0.0,0.0,3.44064
2026-02-28 06:00:00,56.43726,0.0,0.0,3.68794
2026-02-28 06:30:00,59.70586,0.0,0.0,2.30092
2026-02-28 07:00:00,59.29728,0.0,0.19354,2.48372
2026-02-28 07:30:00,63.73786,0.0,4.55348,0.0
2026-02-28 08:00:00,80.44648,0.0,18.5042,0.0
2026-02-28 08:30:00,145.2864,0.0,56.49102,0.0
2026-02-28 09:00:00,147.59272,0.0,56.10394,0.0
2026-02-28 09:30:00,144.60366,0.0,53.7385,0.0
2026-02-28 10:00:00,146.61428,0.0,52.79232,0.0
2026-02-28 10:30:00,149.04424,0.0,53.31918,0.0
2026-02-28 11:00:00,147.20564,0.0,54.10406,0.0
2026-02-28 11:30:00,147.06048,0.0,52.54502,0.0
2026-02-28 12:00:00,149.94742,0.0,54.98574,0.0
2026-02-28 12:30:00,149.62484,0.0,55.3298,0.0
2026-02-28 13:00:00,146.31324,0.0,54.45888,0.0
2026-02-28 13:30:00,149.27004,0.0,55.09326,0.0
2026-02-28 14:00:00,148.6034,0.0,53.74926,0.0
2026-02-28 14:30:00,144.02306,0.0,51.63112,0.0
2026-02-28 15:00:00,147.04438,0.0,54.08256,0.0
2026-02-28 15:30:00,144.60366,0.0,52.74932,0.0
2026-02-28 16:00:00,144.8617,0.0,52.81384,0.0
2026-02-28 16:30:00,141.44258,0.0,50.4914,0.0
2026-02-28 17:00:00,72.5115,0.0,5.04268,1.6558
2026-02-28 17:30:00,60.94234,0.0,0.0,2.25792
2026-02-28 18:00:00,58.98548,0.0,0.0,2.38156
2026-02-28 18:30:00,59.22202,0.0,0.01076,2.25792
2026-02-28 19:00:00,59.23278,0.0,0.0,2.09664
2026-02-28 19:30:00,57.63072,0.0,0.0,2.51596
2026-02-28 20:00:00,59.48008,0.0,0.0,1.89236
2026-02-28 20:30:00,60.22196,0.0,0.01076,2.08588
2026-02-28 21:00:00,58.5124,0.0,0.0,2.4407
2026-02-28 21:30:00,57.7705,0.0,0.0,2.36544
2026-02-28 22:00:00,59.48008,0.0,0.0,2.1289
2026-02-28 22:30:00,60.84558,0.0,0.03226,1.20422
2026-02-28 23:00:00,58.2651,0.0,0.03226,1.22572
2026-02-28 23:30:00,60.23272,0.0,0.15052,0.65588
2026-03-01 00:00:00,60.7058,0.0,0.15052,1.1881
