timestamp,kw_import,kw_export,kvar_import,kvar_export
2025-01-01 00:00:00,983.0245590389941,0.0,452.0,0.0
2025-01-01 00:30:00,737.9470631483341,0.0,303.0,0.0
2025-01-01 01:00:00,615.2829289418455,0.0,211.0,0.0
2025-01-01 01:30:00,779.5584796478471,0.0,321.0,0.0
2025-01-01 02:00:00,831.0903005893626,0.0,421.0,0.0
2025-01-01 02:30:00,936.948011555428,0.0,444.0,0.0
2025-01-01 03:00:00,833.5569329870206,0.0,375.0,0.0
2025-01-01 03:30:00,1002.7054771611074,0.0,433.0,0.0
2025-01-01 04:00:00,1111.132507795165,0.0,470.0,0.0
2025-01-01 04:30:00,848.2914973295192,0.0,436.0,0.0
2025-01-01 05:00:00,1045.1581484975106,0.0,483.0,0.0
2025-01-01 05:30:00,946.6510222360686,0.0,406.0,0.0
2025-01-01 06:00:00,870.6494380749492,0.0,354.0,0.0
2025-01-01 06:30:00,628.1110382982199,0.0,219.0,0.0
2025-01-01 07:00:00,833.9498940838331,0.0,350.0,0.0
2025-01-01 07:30:00,828.3670277296736,0.0,390.0,0.0
2025-01-01 08:00:00,646.9043142074695,0.0,303.0,0.0
2025-01-01 08:30:00,715.1293683579346,0.0,346.0,0.0
2025-01-01 09:00:00,914.0894160935209,0.0,478.00000000000006,0.0
2025-01-01 09:30:00,892.3491824958435,0.0,503.99999999999994,0.0
2025-01-01 10:00:00,793.5874218382169,0.0,464.0,0.0
2025-01-01 10:30:00,694.6865248427467,0.0,466.0,0.0
2025-01-01 11:00:00,675.5576408096754,0.0,484.99999999999994,0.0
2025-01-01 11:30:00,710.3822808903933,0.0,488.99999999999994,0.0
2025-01-01 12:00:00,687.3570684914465,0.0,440.0,0.0
2025-01-01 12:30:00,729.0536815791268,0.0,423.00000000000006,0.0
2025-01-01 13:00:00,491.94032458564664,0.0,406.0,0.0
2025-01-01 13:30:00,311.16287494108803,0.0,242.0,0.0
2025-01-01 14:00:00,422.3792085991388,0.0,267.0,0.0
2025-01-01 14:30:00,756.5814703947336,0.0,448.99999999999994,0.0
2025-01-01 15:00:00,752.5152717245635,0.0,469.0,0.0
2025-01-01 15:30:00,632.4098839445669,0.0,478.99999999999994,0.0
2025-01-01 16:00:00,778.2897436942156,0.0,451.99999999999994,0.0
2025-01-01 16:30:00,912.2439129729698,0.0,453.0,0.0
2025-01-01 17:00:00,951.4622707674501,0.0,500.0,0.0
2025-01-01 17:30:00,580.0867875158315,0.0,280.0,0.0
2025-01-01 18:00:00,917.9150392527902,0.0,461.0,0.0
2025-01-01 18:30:00,874.1791956709397,0.0,449.00000000000006,0.0
2025-01-01 19:00:00,947.4157842046388,0.0,451.0,0.0
2025-01-01 19:30:00,1034.598423782983,0.0,453.0,0.0
2025-01-01 20:00:00,799.7254872797225,0.0,311.0,0.0
2025-01-01 20:30:00,855.945533201553,0.0,345.0,0.0
2025-01-01 21:00:00,909.760840920661,0.0,405.0,0.0
2025-01-01 21:30:00,1013.3227594612033,0.0,428.0,0.0
2025-01-01 22:00:00,1004.6877858443314,0.0,424.0,0.0
2025-01-01 22:30:00,939.0976050422861,0.0,413.0,0.0
2025-01-01 23:00:00,1035.5238792991347,0.0,491.0,0.0
2025-01-01 23:30:00,962.6982097301728,0.0,460.0,0.0
2025-01-02 00:00:00,1288.4834180045505,0.0,398.0,0.0
2025-01-02 00:30:00,1044.8934332593658,0.0,239.0,0.0
2025-01-02 01:00:00,814.5568657334242,0.0,198.0,0.0
2025-01-02 01:30:00,1092.9355984567235,0.0,312.0,0.0
2025-01-02 02:00:00,1131.6680134568192,0.0,367.0,0.0
2025-01-02 02:30:00,1382.645383029019,0.0,459.0,0.0
2025-01-02 03:00:00,1370.2988184654002,0.0,449.00000000000006,0.0
2025-01-02 03:30:00,1530.2806422406168,0.0,441.00000000000006,0.0
2025-01-02 04:00:00,1264.703667749123,0.0,407.0,0.0
2025-01-02 04:30:00,1335.9914564810106,0.0,434.0,0.0
2025-01-02 05:00:00,1227.954572508193,0.0,392.0,0.0
2025-01-02 05:30:00,1254.6355159030275,0.0,417.99999999999994,0.0
2025-01-02 06:00:00,1229.5005744360303,0.0,389.0,0.0
2025-01-02 06:30:00,839.1649292088291,0.0,190.0,0.0
2025-01-02 07:00:00,1117.587165677451,0.0,337.0,0.0
2025-01-02 07:30:00,1205.3424191808306,0.0,378.0,0.0
2025-01-02 08:00:00,855.1693472758637,0.0,252.0,0.0
2025-01-02 08:30:00,971.1631942557899,0.0,291.0,0.0
2025-01-02 09:00:00,1373.2692878239984,0.0,451.0,0.0
2025-01-02 09:30:00,1171.0377610109108,0.0,422.0,0.0
2025-01-02 10:00:00,1151.2670416992994,0.0,418.0,0.0
2025-01-02 10:30:00,1115.6599642338751,0.0,404.0,0.0
2025-01-02 11:00:00,1124.352691460083,0.0,473.0,0.0
2025-01-02 11:30:00,1177.143675281432,0.0,447.0,0.0
2025-01-02 12:00:00,1077.503126649059,0.0,441.99999999999994,0.0
2025-01-02 12:30:00,1010.2280866957202,0.0,393.0,0.0
2025-01-02 13:00:00,913.1006758682557,0.0,328.0,0.0
2025-01-02 13:30:00,647.6174915447241,0.0,208.99999999999997,0.0
2025-01-02 14:00:00,710.0896331362445,0.0,250.0,0.0
2025-01-02 14:30:00,1117.1159375768934,0.0,434.0,0.0
2025-01-02 15:00:00,1137.7706104862607,0.0,438.0,0.0
2025-01-02 15:30:00,1265.083641264284,0.0,459.0,0.0
2025-01-02 16:00:00,1437.275275147665,0.0,464.0,0.0
2025-01-02 16:30:00,1318.75404404592,0.0,472.0,0.0
2025-01-02 17:00:00,1384.66017214342,0.0,472.99999999999994,0.0
2025-01-02 17:30:00,982.74035164268,0.0,261.0,0.0
2025-01-02 18:00:00,1351.996689452112,0.0,472.0,0.0
2025-01-02 18:30:00,1443.0628168072703,0.0,482.99999999999994,0.0
2025-01-02 19:00:00,1535.5055826256114,0.0,494.0,0.0
2025-01-02 19:30:00,1337.2356944200121,0.0,420.0,0.0
2025-01-02 20:00:00,1118.6087046103928,0.0,299.0,0.0
2025-01-02 20:30:00,1078.6459103238835,0.0,311.0,0.0
2025-01-02 21:00:00,1155.0686658492507,0.0,373.0,0.0
2025-01-02 21:30:00,1256.6029704184364,0.0,408.0,0.0
2025-01-02 22:00:00,1410.670977208412,0.0,465.0,0.0
2025-01-02 22:30:00,1358.7841513133592,0.0,417.0,0.0
2025-01-02 23:00:00,1496.4942432820353,0.0,451.00000000000006,0.0
2025-01-02 23:30:00,1391.9249084739324,0.0,411.0,0.0
2025-01-03 00:00:00,1348.530185258975,0.0,433.0,0.0
2025-01-03 00:30:00,1111.503342998468,0.0,274.0,0.0
2025-01-03 01:00:00,747.8215881376084,0.0,179.0,0.0
2025-01-03 01:30:00,940.3606961780042,0.0,270.0,0.0
2025-01-03 02:00:00,1105.7306935119386,0.0,300.0,0.0
2025-01-03 02:30:00,1230.3331427505013,0.0,369.0,0.0
2025-01-03 03:00:00,1201.0084590792335,0.0,368.0,0.0
2025-01-03 03:30:00,1302.584533361819,0.0,370.00000000000006,0.0
2025-01-03 04:00:00,1406.437002603946,0.0,409.0,0.0
2025-01-03 04:30:00,1359.865064863832,0.0,397.0,0.0
2025-01-03 05:00:00,1299.5898319411017,0.0,403.0,0.0
2025-01-03 05:30:00,1231.4003926857577,0.0,387.0,0.0
2025-01-03 06:00:00,1246.4122055083255,0.0,384.0,0.0
2025-01-03 06:30:00,826.8910748284916,0.0,247.00000000000003,0.0
2025-01-03 07:00:00,1178.8293259499894,0.0,323.0,0.0
2025-01-03 07:30:00,1440.7853824426322,0.0,423.0,0.0
2025-01-03 08:00:00,971.3435269949001,0.0,260.0,0.0
2025-01-03 08:30:00,1002.436365729755,0.0,304.0,0.0
2025-01-03 09:00:00,1281.0207063229273,0.0,399.99999999999994,0.0
2025-01-03 09:30:00,1361.991261059708,0.0,453.00000000000006,0.0
2025-01-03 10:00:00,1155.5835414703142,0.0,436.0,0.0
2025-01-03 10:30:00,927.1771736718542,0.0,425.0,0.0
2025-01-03 11:00:00,1015.658376343365,0.0,436.0,0.0
2025-01-03 11:30:00,952.2979706578984,0.0,425.0,0.0
2025-01-03 12:00:00,1010.2630035415582,0.0,462.0,0.0
2025-01-03 12:30:00,1118.5886378913128,0.0,408.0,0.0
2025-01-03 13:00:00,1088.455046820947,0.0,352.0,0.0
2025-01-03 13:30:00,421.1287015390883,0.0,250.0,0.0
2025-01-03 14:00:00,717.3672904801692,0.0,270.0,0.0
2025-01-03 14:30:00,798.0079828383948,0.0,369.0,0.0
2025-01-03 15:00:00,1285.8312857664068,0.0,475.0,0.0
2025-01-03 15:30:00,1304.211834832066,0.0,513.0,0.0
2025-01-03 16:00:00,1554.5125776634104,0.0,489.99999999999994,0.0
2025-01-03 16:30:00,1434.6647346228283,0.0,467.0,0.0
2025-01-03 17:00:00,1246.153071069536,0.0,454.0,0.0
2025-01-03 17:30:00,900.4760115815233,0.0,284.0,0.0
2025-01-03 18:00:00,1308.8954151361372,0.0,449.0,0.0
2025-01-03 18:30:00,1419.910925984437,0.0,458.0,0.0
2025-01-03 19:00:00,1391.7643647016146,0.0,415.0,0.0
2025-01-03 19:30:00,1233.956921275313,0.0,382.0,0.0
2025-01-03 20:00:00,1057.8338256677755,0.0,319.0,0.0
2025-01-03 20:30:00,1007.3447285047803,0.0,283.0,0.0
2025-01-03 21:00:00,1174.2475185538835,0.0,385.0,0.0
2025-01-03 21:30:00,1206.282535066364,0.0,401.0,0.0
2025-01-03 22:00:00,1174.15515323741,0.0,349.0,0.0
2025-01-03 22:30:00,1336.1406673538024,0.0,403.0,0.0
2025-01-03 23:00:00,1295.7346666430396,0.0,407.0,0.0
2025-01-03 23:30:00,1291.645160914291,0.0,403.0,0.0
2025-01-04 00:00:00,1243.1380116682992,0.0,399.0,0.0
2025-01-04 00:30:00,964.3158690586445,0.0,271.0,0.0
2025-01-04 01:00:00,785.6929057475152,0.0,216.99999999999997,0.0
2025-01-04 01:30:00,885.7236965693986,0.0,281.0,0.0
2025-01-04 02:00:00,1005.7409299296368,0.0,319.0,0.0
2025-01-04 02:30:00,1091.6049449523648,0.0,342.0,0.0
2025-01-04 03:00:00,1217.0497728026164,0.0,409.0,0.0
2025-01-04 03:30:00,1157.050154351683,0.0,373.0,0.0
2025-01-04 04:00:00,1074.5517040331579,0.0,345.0,0.0
2025-01-04 04:30:00,1219.9586725225656,0.0,369.0,0.0
2025-01-04 05:00:00,1206.3205053364047,0.0,351.0,0.0
2025-01-04 05:30:00,1232.857377740993,0.0,348.0,0.0
2025-01-04 06:00:00,1119.597285842163,0.0,361.0,0.0
2025-01-04 06:30:00,822.276263996352,0.0,238.0,0.0
2025-01-04 07:00:00,1048.6730371870417,0.0,361.0,0.0
2025-01-04 07:30:00,1122.6854212046796,0.0,329.0,0.0
2025-01-04 08:00:00,763.2470801463041,0.0,249.0,0.0
2025-01-04 08:30:00,920.5865626138585,0.0,327.0,0.0
2025-01-04 09:00:00,1227.415778662027,0.0,407.0,0.0
2025-01-04 09:30:00,1155.5981480206613,0.0,427.0,0.0
2025-01-04 10:00:00,1190.8077763264498,0.0,464.0,0.0
2025-01-04 10:30:00,1179.0488703687174,0.0,474.0,0.0
2025-01-04 11:00:00,1192.492464811105,0.0,462.0,0.0
2025-01-04 11:30:00,1080.9716447558887,0.0,451.0,0.0
2025-01-04 12:00:00,1042.8286212338533,0.0,450.0,0.0
2025-01-04 12:30:00,966.2530712678604,0.0,456.0,0.0
2025-01-04 13:00:00,919.1773576634047,0.0,405.0,0.0
2025-01-04 13:30:00,416.79165170762417,0.0,210.00000000000003,0.0
2025-01-04 14:00:00,326.65612743670636,0.0,177.0,0.0
2025-01-04 14:30:00,1136.3938183944356,0.0,405.0,0.0
2025-01-04 15:00:00,1103.9847801980482,0.0,452.0,0.0
2025-01-04 15:30:00,1104.618245952598,0.0,431.0,0.0
2025-01-04 16:00:00,897.5677263240909,0.0,388.0,0.0
2025-01-04 16:30:00,1047.0966897138856,0.0,388.0,0.0
2025-01-04 17:00:00,913.8483136475879,0.0,280.0,0.0
2025-01-04 17:30:00,634.1466053394075,0.0,186.0,0.0
2025-01-04 18:00:00,850.2311061097718,0.0,266.0,0.0
2025-01-04 18:30:00,947.3143693118786,0.0,298.0,0.0
2025-01-04 19:00:00,850.8124275733308,0.0,279.0,0.0
2025-01-04 19:30:00,931.1852921055438,0.0,262.0,0.0
2025-01-04 20:00:00,758.4424294714422,0.0,214.0,0.0
2025-01-04 20:30:00,752.1692420990385,0.0,247.0,0.0
2025-01-04 21:00:00,1119.0310857517804,0.0,374.99999999999994,0.0
2025-01-04 21:30:00,1300.4729573028158,0.0,434.0,0.0
2025-01-04 22:00:00,1369.266478655237,0.0,419.0,0.0
2025-01-04 22:30:00,1205.2999502858142,0.0,428.0,0.0
2025-01-04 23:00:00,1306.6455639401336,0.0,392.0,0.0
2025-01-04 23:30:00,1201.8282657354655,0.0,394.0,0.0
2025-01-05 00:00:00,1259.01374128388,0.0,425.0,0.0
2025-01-05 00:30:00,1096.074385706966,0.0,310.0,0.0
2025-01-05 01:00:00,916.9706459212716,0.0,249.0,0.0
2025-01-05 01:30:00,1023.6083978559092,0.0,312.0,0.0
2025-01-05 02:00:00,1069.8911494632423,0.0,306.0,0.0
2025-01-05 02:30:00,1157.1964065575526,0.0,412.0,0.0
2025-01-05 03:00:00,1131.9576806610928,0.0,408.0,0.0
2025-01-05 03:30:00,1291.8510192663643,0.0,396.0,0.0
2025-01-05 04:00:00,1293.5414300927023,0.0,394.00000000000006,0.0
2025-01-05 04:30:00,1082.526020156087,0.0,341.0,0.0
2025-01-05 05:00:00,1089.050529335778,0.0,332.0,0.0
2025-01-05 05:30:00,1044.765620592671,0.0,287.0,0.0
2025-01-05 06:00:00,1000.5792638131752,0.0,267.0,0.0
2025-01-05 06:30:00,674.2543248465013,0.0,197.0,0.0
2025-01-05 07:00:00,829.9513985279552,0.0,265.0,0.0
2025-01-05 07:30:00,807.4325960969076,0.0,259.0,0.0
2025-01-05 08:00:00,718.7204418970737,0.0,224.0,0.0
2025-01-05 08:30:00,750.8806272251845,0.0,214.0,0.0
2025-01-05 09:00:00,691.2321199573134,0.0,275.0,0.0
2025-01-05 09:30:00,915.6010776000476,0.0,376.0,0.0
2025-01-05 10:00:00,1044.7484918114226,0.0,413.0,0.0
2025-01-05 10:30:00,1041.708148552186,0.0,402.0,0.0
2025-01-05 11:00:00,1126.3673673357187,0.0,437.0,0.0
2025-01-05 11:30:00,887.0073825792141,0.0,423.0,0.0
2025-01-05 12:00:00,1196.3687526419037,0.0,429.0,0.0
2025-01-05 12:30:00,942.743750395024,0.0,454.0,0.0
2025-01-05 13:00:00,870.1672993876176,0.0,386.0,0.0
2025-01-05 13:30:00,154.97916353993625,2.0,190.0,0.0
2025-01-05 14:00:00,515.1989764582578,0.0,199.0,0.0
2025-01-05 14:30:00,1122.5964151409328,0.0,407.0,0.0
2025-01-05 15:00:00,1109.560571002947,0.0,453.0,0.0
2025-01-05 15:30:00,1183.5109808835155,0.0,426.0,0.0
2025-01-05 16:00:00,1145.1990985868028,0.0,458.0,0.0
2025-01-05 16:30:00,1173.0151127047304,0.0,448.00000000000006,0.0
2025-01-05 17:00:00,1190.6639247801538,0.0,415.0,0.0
2025-01-05 17:30:00,957.469764750598,0.0,324.0,0.0
2025-01-05 18:00:00,1035.8057961159454,0.0,371.0,0.0
2025-01-05 18:30:00,1020.2845646273314,0.0,264.0,0.0
2025-01-05 19:00:00,1021.4515597429544,0.0,330.0,0.0
2025-01-05 19:30:00,869.1620613999397,0.0,252.0,0.0
2025-01-05 20:00:00,628.4461101349348,0.0,174.0,0.0
2025-01-05 20:30:00,654.6024925597067,0.0,191.00000000000003,0.0
2025-01-05 21:00:00,835.4187281725613,0.0,250.0,0.0
2025-01-05 21:30:00,1177.787403779744,0.0,377.0,0.0
2025-01-05 22:00:00,1296.5734649710657,0.0,404.0,0.0
2025-01-05 22:30:00,1200.8984953704878,0.0,359.0,0.0
2025-01-05 23:00:00,1248.8285589164784,0.0,398.0,0.0
2025-01-05 23:30:00,1250.8906672434766,0.0,390.0,0.0
2025-01-06 00:00:00,794.4624255224477,0.0,225.0,0.0
2025-01-06 00:30:00,593.176025427514,0.0,155.0,0.0
2025-01-06 01:00:00,561.8767757304539,0.0,154.0,0.0
2025-01-06 01:30:00,828.6912154208765,0.0,235.0,0.0
2025-01-06 02:00:00,843.1319106116408,0.0,279.0,0.0
2025-01-06 02:30:00,885.916877187131,0.0,252.0,0.0
2025-01-06 03:00:00,938.7262979598585,0.0,272.0,0.0
2025-01-06 03:30:00,1009.7749595452157,0.0,302.0,0.0
2025-01-06 04:00:00,781.1894153449564,0.0,252.0,0.0
2025-01-06 04:30:00,870.8781999829937,0.0,259.0,0.0
2025-01-06 05:00:00,805.1486662871732,0.0,248.0,0.0
2025-01-06 05:30:00,846.7763577570452,0.0,268.0,0.0
2025-01-06 06:00:00,796.0613291296245,0.0,213.99999999999997,0.0
2025-01-06 06:30:00,565.6344264660949,0.0,137.0,0.0
2025-01-06 07:00:00,768.2737229447964,0.0,227.99999999999997,0.0
2025-01-06 07:30:00,807.9009990389322,0.0,244.00000000000003,0.0
2025-01-06 08:00:00,725.3675262250069,0.0,232.00000000000003,0.0
2025-01-06 08:30:00,913.538527481903,0.0,312.0,0.0
2025-01-06 09:00:00,1199.324536313106,0.0,416.0,0.0
2025-01-06 09:30:00,1303.465626109956,0.0,448.0,0.0
2025-01-06 10:00:00,1323.765760735978,0.0,450.0,0.0
2025-01-06 10:30:00,1337.03218660026,0.0,416.00000000000006,0.0
2025-01-06 11:00:00,1334.749909881025,0.0,424.0,0.0
2025-01-06 11:30:00,1266.0624451700853,0.0,421.0,0.0
2025-01-06 12:00:00,1212.1556245599797,0.0,420.0,0.0
2025-01-06 12:30:00,1093.911409270936,0.0,400.00000000000006,0.0
2025-01-06 13:00:00,897.096786827279,0.0,303.0,0.0
2025-01-06 13:30:00,595.2525163449371,0.0,183.0,0.0
2025-01-06 14:00:00,627.8384481090133,0.0,214.0,0.0
2025-01-06 14:30:00,1218.9879546583823,0.0,397.0,0.0
2025-01-06 15:00:00,1103.758442918152,0.0,433.0,0.0
2025-01-06 15:30:00,1244.5313611886559,0.0,428.0,0.0
2025-01-06 16:00:00,1393.3492465831234,0.0,456.0,0.0
2025-01-06 16:30:00,1213.679702047688,0.0,419.0,0.0
2025-01-06 17:00:00,1369.3737527243477,0.0,439.0,0.0
2025-01-06 17:30:00,896.1252950480185,0.0,235.0,0.0
2025-01-06 18:00:00,1257.5440365210497,0.0,429.0,0.0
2025-01-06 18:30:00,1292.5647142730888,0.0,439.0,0.0
2025-01-06 19:00:00,1338.4572575749953,0.0,463.0,0.0
2025-01-06 19:30:00,1168.6121682156117,0.0,418.0,0.0
2025-01-06 20:00:00,1169.3257468482352,0.0,361.0,0.0
2025-01-06 20:30:00,978.2989770581994,0.0,296.0,0.0
2025-01-06 21:00:00,1063.6221813068635,0.0,351.0,0.0
2025-01-06 21:30:00,1301.89429550505,0.0,422.00000000000006,0.0
2025-01-06 22:00:00,1176.0980960584973,0.0,406.0,0.0
2025-01-06 22:30:00,1409.9656159924136,0.0,415.0,0.0
2025-01-06 23:00:00,1432.2747149209615,0.0,441.0,0.0
2025-01-06 23:30:00,1397.3682249720443,0.0,441.0,0.0
2025-01-07 00:00:00,1407.1149401025148,0.0,449.0,0.0
2025-01-07 00:30:00,982.4884505763453,0.0,297.0,0.0
2025-01-07 01:00:00,826.1770010111693,0.0,233.0,0.0
2025-01-07 01:30:00,1093.2407197424377,0.0,354.0,0.0
2025-01-07 02:00:00,1120.289171291629,0.0,369.0,0.0
2025-01-07 02:30:00,1399.627323966122,0.0,459.0,0.0
2025-01-07 03:00:00,1217.0787416906492,0.0,449.0,0.0
2025-01-07 03:30:00,1411.218123583611,0.0,452.0,0.0
2025-01-07 04:00:00,1346.6103289646767,0.0,452.0,0.0
2025-01-07 04:30:00,1346.5954600765913,0.0,489.0,0.0
2025-01-07 05:00:00,1208.4208185991788,0.0,471.0,0.0
2025-01-07 05:30:00,1391.077276349359,0.0,452.0,0.0
2025-01-07 06:00:00,1240.0435243687373,0.0,372.0,0.0
2025-01-07 06:30:00,818.0072935669464,0.0,223.0,0.0
2025-01-07 07:00:00,1172.5996086150744,0.0,362.0,0.0
2025-01-07 07:30:00,1289.996235030196,0.0,401.0,0.0
2025-01-07 08:00:00,924.2186527140699,0.0,300.0,0.0
2025-01-07 08:30:00,882.3996750591826,0.0,343.0,0.0
2025-01-07 09:00:00,1240.7111597365329,0.0,479.0,0.0
2025-01-07 09:30:00,1333.8346701754158,0.0,480.00000000000006,0.0
2025-01-07 10:00:00,1287.5021718892403,0.0,477.0,0.0
2025-01-07 10:30:00,1081.2281387675187,0.0,456.0,0.0
2025-01-07 11:00:00,1465.9199182956577,0.0,528.0,0.0
2025-01-07 11:30:00,1207.9242101509935,0.0,500.0,0.0
2025-01-07 12:00:00,1219.3563599553834,0.0,491.0,0.0
2025-01-07 12:30:00,916.7050538555603,0.0,391.0,0.0
2025-01-07 13:00:00,638.7107020220113,0.0,344.99999999999994,0.0
2025-01-07 13:30:00,467.3908153090099,0.0,257.0,0.0
2025-01-07 14:00:00,705.687698055018,0.0,294.0,0.0
2025-01-07 14:30:00,898.2063945922737,0.0,433.0,0.0
2025-01-07 15:00:00,1008.1784325320302,0.0,499.0,0.0
2025-01-07 15:30:00,1285.6678410188879,0.0,468.0,0.0
2025-01-07 16:00:00,1261.46602243279,0.0,515.0,0.0
2025-01-07 16:30:00,1528.8419643688158,0.0,556.0,0.0
2025-01-07 17:00:00,1394.0811467036679,0.0,533.0,0.0
2025-01-07 17:30:00,1038.0046062275571,0.0,305.0,0.0
2025-01-07 18:00:00,1286.7781320090662,0.0,491.0,0.0
2025-01-07 18:30:00,1500.6626453329832,0.0,479.0,0.0
2025-01-07 19:00:00,1521.61798463743,0.0,501.00000000000006,0.0
2025-01-07 19:30:00,1586.2600165786428,0.0,478.00000000000006,0.0
2025-01-07 20:00:00,1093.5292632092755,0.0,349.0,0.0
2025-01-07 20:30:00,1131.9352873660205,0.0,331.0,0.0
2025-01-07 21:00:00,1054.8421693218581,0.0,393.0,0.0
2025-01-07 21:30:00,1283.2936250580235,0.0,414.0,0.0
2025-01-07 22:00:00,1309.6896446295252,0.0,442.0,0.0
2025-01-07 22:30:00,1336.4799310329618,0.0,431.0,0.0
2025-01-07 23:00:00,1266.8758534183144,0.0,394.99999999999994,0.0
2025-01-07 23:30:00,1256.8804508975027,0.0,431.0,0.0
2025-01-08 00:00:00,1103.565559443478,0.0,411.0,0.0
2025-01-08 00:30:00,1113.357773419099,0.0,308.00000000000006,0.0
2025-01-08 01:00:00,894.7982424292567,0.0,241.00000000000003,0.0
2025-01-08 01:30:00,961.8975228424014,0.0,292.0,0.0
2025-01-08 02:00:00,1067.8541619845203,0.0,352.0,0.0
2025-01-08 02:30:00,1240.7552543519196,0.0,439.0,0.0
2025-01-08 03:00:00,1496.3503846060755,0.0,461.0,0.0
2025-01-08 03:30:00,1276.3199790081,0.0,427.0,0.0
2025-01-08 04:00:00,1097.9811880004634,0.0,407.0,0.0
2025-01-08 04:30:00,1265.9913215329716,0.0,416.0,0.0
2025-01-08 05:00:00,1305.112631230032,0.0,408.0,0.0
2025-01-08 05:30:00,1276.0635659841232,0.0,413.0,0.0
2025-01-08 06:00:00,1045.313084486334,0.0,327.0,0.0
2025-01-08 06:30:00,760.9843231075748,0.0,224.0,0.0
2025-01-08 07:00:00,1014.5307392078068,0.0,350.0,0.0
2025-01-08 07:30:00,1270.7462964356373,0.0,391.0,0.0
2025-01-08 08:00:00,917.8991536157918,0.0,293.0,0.0
2025-01-08 08:30:00,885.1741086292167,0.0,353.0,0.0
2025-01-08 09:00:00,1214.5682358375166,0.0,439.0,0.0
2025-01-08 09:30:00,1214.887197869011,0.0,452.0,0.0
2025-01-08 10:00:00,1133.3188764711738,0.0,451.0,0.0
2025-01-08 10:30:00,1022.0700757778615,0.0,447.0,0.0
2025-01-08 11:00:00,985.3970372056191,0.0,486.0,0.0
2025-01-08 11:30:00,1021.8793613313143,0.0,485.0,0.0
2025-01-08 12:00:00,1028.8368707420243,0.0,456.0,0.0
2025-01-08 12:30:00,1050.6158559281434,0.0,464.0,0.0
2025-01-08 13:00:00,711.2591112569784,0.0,382.00000000000006,0.0
2025-01-08 13:30:00,438.2649684778989,0.0,264.0,0.0
2025-01-08 14:00:00,484.2666227149602,0.0,318.0,0.0
2025-01-08 14:30:00,1005.8011930107683,0.0,443.0,0.0
2025-01-08 15:00:00,942.7063367254368,0.0,501.0,0.0
2025-01-08 15:30:00,1303.2491284331356,0.0,483.0,0.0
2025-01-08 16:00:00,1216.3953252168988,0.0,464.0,0.0
2025-01-08 16:30:00,1238.4286200359468,0.0,466.99999999999994,0.0
2025-01-08 17:00:00,1342.7793521067567,0.0,481.0,0.0
2025-01-08 17:30:00,1002.5274829314636,0.0,335.0,0.0
2025-01-08 18:00:00,1520.9253277664195,0.0,495.0,0.0
2025-01-08 18:30:00,1396.4556747283502,0.0,512.0,0.0
2025-01-08 19:00:00,1698.1954562013073,0.0,554.0,0.0
2025-01-08 19:30:00,1442.8578264831617,0.0,470.0,0.0
2025-01-08 20:00:00,1211.6322879832705,0.0,365.00000000000006,0.0
2025-01-08 20:30:00,1180.5871345625217,0.0,357.0,0.0
2025-01-08 21:00:00,1221.0274633460542,0.0,438.0,0.0
2025-01-08 21:30:00,1468.1312394093586,0.0,456.0,0.0
2025-01-08 22:00:00,1380.2633173091428,0.0,422.0,0.0
2025-01-08 22:30:00,1306.0025315998507,0.0,430.0,0.0
2025-01-08 23:00:00,1354.1347625917037,0.0,461.0,0.0
2025-01-08 23:30:00,1204.5866167430402,0.0,435.0,0.0
2025-01-09 00:00:00,1309.1025569995213,0.0,375.0,0.0
2025-01-09 00:30:00,911.1293617282112,0.0,244.0,0.0
2025-01-09 01:00:00,786.5901161273649,0.0,172.0,0.0
2025-01-09 01:30:00,1019.4694755942005,0.0,265.0,0.0
2025-01-09 02:00:00,1087.710546566591,0.0,354.0,0.0
2025-01-09 02:30:00,1281.075582170947,0.0,425.0,0.0
2025-01-09 03:00:00,1320.3970267938537,0.0,392.0,0.0
2025-01-09 03:30:00,1282.4488676546507,0.0,422.99999999999994,0.0
2025-01-09 04:00:00,1128.7297842865507,0.0,375.0,0.0
2025-01-09 04:30:00,1309.8300235856873,0.0,395.0,0.0
2025-01-09 05:00:00,1196.5465049748989,0.0,376.0,0.0
2025-01-09 05:30:00,1263.2367640102336,0.0,381.0,0.0
2025-01-09 06:00:00,1132.9246817319831,0.0,341.0,0.0
2025-01-09 06:30:00,865.0105042508421,0.0,238.99999999999997,0.0
2025-01-09 07:00:00,1020.0158211202669,0.0,310.0,0.0
2025-01-09 07:30:00,1187.549628696966,0.0,349.0,0.0
2025-01-09 08:00:00,967.6926063426,0.0,302.0,0.0
2025-01-09 08:30:00,1047.734807662475,0.0,335.0,0.0
2025-01-09 09:00:00,1051.8168887013424,0.0,405.0,0.0
2025-01-09 09:30:00,1027.0386091909531,0.0,403.0,0.0
2025-01-09 10:00:00,825.4918270540956,0.0,397.0,0.0
2025-01-09 10:30:00,794.0489827703907,0.0,414.0,0.0
2025-01-09 11:00:00,929.4658093732276,0.0,427.0,0.0
2025-01-09 11:30:00,1048.373303581592,0.0,443.0,0.0
2025-01-09 12:00:00,1009.6853810046545,0.0,411.0,0.0
2025-01-09 12:30:00,913.0328309334272,0.0,379.0,0.0
2025-01-09 13:00:00,729.7841491158573,0.0,336.0,0.0
2025-01-09 13:30:00,553.0468717755025,0.0,232.0,0.0
2025-01-09 14:00:00,385.19299080298276,0.0,259.0,0.0
2025-01-09 14:30:00,827.2940883766876,0.0,373.0,0.0
2025-01-09 15:00:00,823.0594379130486,0.0,399.0,0.0
2025-01-09 15:30:00,1536.1399436163383,0.0,489.0,0.0
2025-01-09 16:00:00,1598.6052713394674,0.0,494.99999999999994,0.0
2025-01-09 16:30:00,1411.6059456378707,0.0,468.00000000000006,0.0
2025-01-09 17:00:00,1262.0343346426234,0.0,444.99999999999994,0.0
2025-01-09 17:30:00,1070.0541844997913,0.0,278.0,0.0
2025-01-09 18:00:00,1233.326726123119,0.0,422.0,0.0
2025-01-09 18:30:00,1396.1809039314153,0.0,434.0,0.0
2025-01-09 19:00:00,1241.1999082477,0.0,404.0,0.0
2025-01-09 19:30:00,1287.8018375803892,0.0,434.00000000000006,0.0
2025-01-09 20:00:00,1108.0038187850434,0.0,281.99999999999994,0.0
2025-01-09 20:30:00,988.0106062826737,0.0,271.0,0.0
2025-01-09 21:00:00,1272.5184226693273,0.0,428.0,0.0
2025-01-09 21:30:00,1168.4589951250196,0.0,365.0,0.0
2025-01-09 22:00:00,1263.882895032331,0.0,424.0,0.0
2025-01-09 22:30:00,1301.3063374491596,0.0,438.0,0.0
2025-01-09 23:00:00,1324.3850968381273,0.0,415.0,0.0
2025-01-09 23:30:00,1269.3573882288906,0.0,396.0,0.0
2025-01-10 00:00:00,1080.7141786733207,0.0,367.0,0.0
2025-01-10 00:30:00,919.1624932669766,0.0,281.0,0.0
2025-01-10 01:00:00,831.6200775766695,0.0,254.00000000000003,0.0
2025-01-10 01:30:00,941.7425869110249,0.0,309.0,0.0
2025-01-10 02:00:00,970.872175169035,0.0,293.0,0.0
2025-01-10 02:30:00,1184.566573672043,0.0,383.0,0.0
2025-01-10 03:00:00,1305.610101744376,0.0,403.0,0.0
2025-01-10 03:30:00,1224.1280622581507,0.0,402.0,0.0
2025-01-10 04:00:00,1344.47430550404,0.0,456.0,0.0
2025-01-10 04:30:00,1114.116924596921,0.0,395.0,0.0
2025-01-10 05:00:00,1040.7588792434576,0.0,305.0,0.0
2025-01-10 05:30:00,891.9930180449909,0.0,244.0,0.0
2025-01-10 06:00:00,643.5710790536307,0.0,158.0,0.0
2025-01-10 06:30:00,553.3889576810648,0.0,137.0,0.0
2025-01-10 07:00:00,498.49033198188266,0.0,105.0,0.0
2025-01-10 07:30:00,563.290375596673,0.0,121.0,0.0
2025-01-10 08:00:00,594.4642081673454,0.0,146.0,0.0
2025-01-10 08:30:00,920.1419928192446,0.0,319.0,0.0
2025-01-10 09:00:00,1245.648206301591,0.0,460.0,0.0
2025-01-10 09:30:00,1084.8214732951608,0.0,418.0,0.0
2025-01-10 10:00:00,992.0189640531721,0.0,413.0,0.0
2025-01-10 10:30:00,1059.5341016616553,0.0,450.0,0.0
2025-01-10 11:00:00,1043.1154563947603,0.0,477.0,0.0
2025-01-10 11:30:00,1023.5045537160022,0.0,479.0,0.0
2025-01-10 12:00:00,981.8500205827376,0.0,423.0,0.0
2025-01-10 12:30:00,926.3056805161552,0.0,435.0,0.0
2025-01-10 13:00:00,649.7981646676228,0.0,355.0,0.0
2025-01-10 13:30:00,290.4616916127395,0.0,225.0,0.0
2025-01-10 14:00:00,456.2095571805962,0.0,267.0,0.0
2025-01-10 14:30:00,849.5050954649839,0.0,383.0,0.0
2025-01-10 15:00:00,1297.5482796183676,0.0,505.99999999999994,0.0
2025-01-10 15:30:00,1110.2153625504372,0.0,459.00000000000006,0.0
2025-01-10 16:00:00,1343.6273918095976,0.0,493.0,0.0
2025-01-10 16:30:00,1243.1182962425523,0.0,488.0,0.0
2025-01-10 17:00:00,1272.1977044532885,0.0,461.0,0.0
2025-01-10 17:30:00,992.7619677947357,0.0,303.0,0.0
2025-01-10 18:00:00,1327.218395889164,0.0,502.0,0.0
2025-01-10 18:30:00,1506.1116091359884,0.0,473.0,0.0
2025-01-10 19:00:00,1306.8861907403857,0.0,494.0,0.0
2025-01-10 19:30:00,1400.3733047311125,0.0,493.0,0.0
2025-01-10 20:00:00,1005.5751162412765,0.0,320.0,0.0
2025-01-10 20:30:00,997.1653635177134,0.0,310.0,0.0
2025-01-10 21:00:00,1118.9642621643923,0.0,353.0,0.0
2025-01-10 21:30:00,1291.7158880509048,0.0,417.99999999999994,0.0
2025-01-10 22:00:00,1228.121908454021,0.0,387.00000000000006,0.0
2025-01-10 22:30:00,1357.0776810191658,0.0,447.0,0.0
2025-01-10 23:00:00,1242.2235833352572,0.0,406.0,0.0
2025-01-10 23:30:00,1303.5292344420086,0.0,452.99999999999994,0.0
2025-01-11 00:00:00,1259.2310924425426,0.0,418.0,0.0
2025-01-11 00:30:00,975.9851452335761,0.0,286.0,0.0
2025-01-11 01:00:00,798.4425421896267,0.0,242.0,0.0
2025-01-11 01:30:00,933.4884761496361,0.0,307.0,0.0
2025-01-11 02:00:00,1057.4354464126848,0.0,326.0,0.0
2025-01-11 02:30:00,1147.4858741847677,0.0,397.0,0.0
2025-01-11 03:00:00,1277.596880503441,0.0,419.99999999999994,0.0
2025-01-11 03:30:00,1180.5734725620218,0.0,367.0,0.0
2025-01-11 04:00:00,1152.9437226134728,0.0,390.99999999999994,0.0
2025-01-11 04:30:00,1070.7536062402112,0.0,377.0,0.0
2025-01-11 05:00:00,1138.5556234938083,0.0,360.0,0.0
2025-01-11 05:30:00,1307.0733471486901,0.0,349.0,0.0
2025-01-11 06:00:00,964.0392154845673,0.0,286.0,0.0
2025-01-11 06:30:00,786.428903967742,0.0,189.0,0.0
2025-01-11 07:00:00,1119.202880409452,0.0,338.0,0.0
2025-01-11 07:30:00,1218.3456668397346,0.0,407.0,0.0
2025-01-11 08:00:00,892.4344714641444,0.0,279.0,0.0
2025-01-11 08:30:00,953.6710051467109,0.0,299.0,0.0
2025-01-11 09:00:00,1085.4567557437401,0.0,399.0,0.0
2025-01-11 09:30:00,1215.5189084275753,0.0,455.0,0.0
2025-01-11 10:00:00,1138.0162085779575,0.0,434.0,0.0
2025-01-11 10:30:00,1100.5887278511304,0.0,493.0,0.0
2025-01-11 11:00:00,1154.9383873107763,0.0,468.0,0.0
2025-01-11 11:30:00,1200.95910637415,0.0,489.0,0.0
2025-01-11 12:00:00,1043.5952858952705,0.0,450.0,0.0
2025-01-11 12:30:00,949.2001969063135,0.0,451.0,0.0
2025-01-11 13:00:00,688.6122974797606,0.0,413.99999999999994,0.0
2025-01-11 13:30:00,276.8314566031396,0.0,198.0,0.0
2025-01-11 14:00:00,191.79934019257632,0.0,159.0,0.0
2025-01-11 14:30:00,718.5691872884164,0.0,363.99999999999994,0.0
2025-01-11 15:00:00,747.9526046116553,0.0,426.99999999999994,0.0
2025-01-11 15:30:00,920.7083971312641,0.0,407.0,0.0
2025-01-11 16:00:00,1032.7706604391033,0.0,456.0,0.0
2025-01-11 16:30:00,825.1991769928444,0.0,306.0,0.0
2025-01-11 17:00:00,770.734543680518,0.0,225.99999999999997,0.0
2025-01-11 17:30:00,572.9950576724569,0.0,155.0,0.0
2025-01-11 18:00:00,686.8136453770356,0.0,249.0,0.0
2025-01-11 18:30:00,985.2454503755631,0.0,298.0,0.0
2025-01-11 19:00:00,920.7901321070306,0.0,251.99999999999997,0.0
2025-01-11 19:30:00,893.6489933421751,0.0,240.00000000000003,0.0
2025-01-11 20:00:00,828.1821137532398,0.0,189.0,0.0
2025-01-11 20:30:00,874.7450652712378,0.0,222.0,0.0
2025-01-11 21:00:00,1113.3932134940449,0.0,326.0,0.0
2025-01-11 21:30:00,1229.1717537876484,0.0,376.0,0.0
2025-01-11 22:00:00,1160.9226968131566,0.0,350.0,0.0
2025-01-11 22:30:00,1289.2201753317554,0.0,348.0,0.0
2025-01-11 23:00:00,1187.6168694141545,0.0,371.0,0.0
2025-01-11 23:30:00,1201.6805517592447,0.0,377.0,0.0
2025-01-12 00:00:00,1170.8534426878778,0.0,365.0,0.0
2025-01-12 00:30:00,1029.7827290075159,0.0,271.0,0.0
2025-01-12 01:00:00,865.5192188476699,0.0,248.0,0.0
2025-01-12 01:30:00,1089.8589258387847,0.0,312.0,0.0
2025-01-12 02:00:00,1009.7204903549713,0.0,298.0,0.0
2025-01-12 02:30:00,1291.6831639015354,0.0,431.00000000000006,0.0
2025-01-12 03:00:00,1195.6081196506927,0.0,399.0,0.0
2025-01-12 03:30:00,1279.169673100301,0.0,372.0,0.0
2025-01-12 04:00:00,1299.7499048899317,0.0,410.0,0.0
2025-01-12 04:30:00,1244.1546411544605,0.0,363.0,0.0
2025-01-12 05:00:00,932.9231256604322,0.0,261.0,0.0
2025-01-12 05:30:00,916.5145891387609,0.0,273.0,0.0
2025-01-12 06:00:00,824.3035547024854,0.0,246.99999999999997,0.0
2025-01-12 06:30:00,705.8261917929183,0.0,184.00000000000003,0.0
2025-01-12 07:00:00,910.7890574150497,0.0,263.0,0.0
2025-01-12 07:30:00,866.5942097086032,0.0,239.0,0.0
2025-01-12 08:00:00,660.9542666045959,0.0,138.0,0.0
2025-01-12 08:30:00,553.2965048930123,0.0,141.0,0.0
2025-01-12 09:00:00,573.6097715640477,0.0,217.0,0.0
2025-01-12 09:30:00,736.4150047319093,0.0,342.0,0.0
2025-01-12 10:00:00,943.4465853714631,0.0,393.0,0.0
2025-01-12 10:30:00,1230.0380987716114,0.0,405.0,0.0
2025-01-12 11:00:00,1051.9912192322495,0.0,382.0,0.0
2025-01-12 11:30:00,1082.6225436633167,0.0,402.0,0.0
2025-01-12 12:00:00,879.8048946072103,0.0,414.0,0.0
2025-01-12 12:30:00,669.0702983259586,0.0,359.0,0.0
2025-01-12 13:00:00,782.3879888085153,0.0,342.0,0.0
2025-01-12 13:30:00,250.67796787641947,0.0,163.0,0.0
2025-01-12 14:00:00,386.08265234856106,0.0,194.0,0.0
2025-01-12 14:30:00,1117.9135945486773,0.0,398.0,0.0
2025-01-12 15:00:00,1197.2043951970065,0.0,481.99999999999994,0.0
2025-01-12 15:30:00,1245.986272333711,0.0,439.0,0.0
2025-01-12 16:00:00,960.7785180908483,0.0,425.0,0.0
2025-01-12 16:30:00,1111.176187882511,0.0,465.0,0.0
2025-01-12 17:00:00,1297.1105772423475,0.0,425.00000000000006,0.0
2025-01-12 17:30:00,1010.1685596907643,0.0,302.0,0.0
2025-01-12 18:00:00,1093.2800953645478,0.0,338.0,0.0
2025-01-12 18:30:00,928.9977775339588,0.0,294.0,0.0
2025-01-12 19:00:00,885.9565306904326,0.0,272.0,0.0
2025-01-12 19:30:00,977.537607116551,0.0,225.0,0.0
2025-01-12 20:00:00,690.7834189547254,0.0,176.00000000000003,0.0
2025-01-12 20:30:00,762.0098531834224,0.0,205.99999999999997,0.0
2025-01-12 21:00:00,809.3993502309231,0.0,175.0,0.0
2025-01-12 21:30:00,803.4706955749339,0.0,247.0,0.0
2025-01-12 22:00:00,930.0403202192642,0.0,286.0,0.0
2025-01-12 22:30:00,1008.1784207035856,0.0,257.0,0.0
2025-01-12 23:00:00,1021.7984992099265,0.0,293.0,0.0
2025-01-12 23:30:00,842.8565237201195,0.0,220.0,0.0
2025-01-13 00:00:00,1251.7179977879448,0.0,397.00000000000006,0.0
2025-01-13 00:30:00,851.9672514276457,0.0,201.0,0.0
2025-01-13 01:00:00,888.6753241532872,0.0,189.0,0.0
2025-01-13 01:30:00,1058.5648617194404,0.0,274.0,0.0
2025-01-13 02:00:00,1036.156416181971,0.0,281.0,0.0
2025-01-13 02:30:00,1131.4341677763045,0.0,341.0,0.0
2025-01-13 03:00:00,1156.8831967313447,0.0,398.0,0.0
2025-01-13 03:30:00,1244.3608033587404,0.0,364.99999999999994,0.0
2025-01-13 04:00:00,1213.109537809506,0.0,394.99999999999994,0.0
2025-01-13 04:30:00,1114.4626191558423,0.0,380.0,0.0
2025-01-13 05:00:00,1108.4586048514623,0.0,352.0,0.0
2025-01-13 05:30:00,1058.5657565786653,0.0,317.0,0.0
2025-01-13 06:00:00,1045.2226417066893,0.0,269.99999999999994,0.0
2025-01-13 06:30:00,667.8759504510855,0.0,135.0,0.0
2025-01-13 07:00:00,880.1209916472513,0.0,234.0,0.0
2025-01-13 07:30:00,846.8644369687852,0.0,221.00000000000003,0.0
2025-01-13 08:00:00,725.1317743613043,0.0,176.0,0.0
2025-01-13 08:30:00,832.7207448734968,0.0,284.0,0.0
2025-01-13 09:00:00,1069.239967342733,0.0,428.0,0.0
2025-01-13 09:30:00,1223.8626607375304,0.0,482.0,0.0
2025-01-13 10:00:00,1145.0272036250558,0.0,461.0,0.0
2025-01-13 10:30:00,1209.9154421277299,0.0,472.0,0.0
2025-01-13 11:00:00,1112.5616439521518,0.0,493.0,0.0
2025-01-13 11:30:00,949.363816317003,0.0,466.0,0.0
2025-01-13 12:00:00,1025.9581173648894,0.0,436.0,0.0
2025-01-13 12:30:00,923.7468895171903,0.0,417.0,0.0
2025-01-13 13:00:00,792.3139661625182,0.0,332.0,0.0
2025-01-13 13:30:00,517.0983613259453,0.0,216.0,0.0
2025-01-13 14:00:00,572.568490082539,0.0,250.0,0.0
2025-01-13 14:30:00,1051.1960943125025,0.0,429.0,0.0
2025-01-13 15:00:00,1334.7952183284604,0.0,484.0,0.0
2025-01-13 15:30:00,1151.5071525140677,0.0,471.0,0.0
2025-01-13 16:00:00,952.7508535311491,0.0,405.0,0.0
2025-01-13 16:30:00,1133.970722568066,0.0,416.0,0.0
2025-01-13 17:00:00,1084.7106629184163,0.0,417.0,0.0
2025-01-13 17:30:00,960.0504954916345,0.0,289.0,0.0
2025-01-13 18:00:00,1325.9182991455596,0.0,456.0,0.0
2025-01-13 18:30:00,1328.2670085135278,0.0,480.0,0.0
2025-01-13 19:00:00,1374.0929050282907,0.0,493.0,0.0
2025-01-13 19:30:00,1569.6553475802257,0.0,460.99999999999994,0.0
2025-01-13 20:00:00,1219.1226238093252,0.0,327.0,0.0
2025-01-13 20:30:00,1092.0192378598872,0.0,346.0,0.0
2025-01-13 21:00:00,1240.1499083921603,0.0,395.0,0.0
2025-01-13 21:30:00,1197.749774117346,0.0,393.0,0.0
2025-01-13 22:00:00,1400.9782691771402,0.0,453.0,0.0
2025-01-13 22:30:00,1313.4594836137649,0.0,404.0,0.0
2025-01-13 23:00:00,1308.0428650327233,0.0,409.0,0.0
2025-01-13 23:30:00,1464.127411263607,0.0,453.0,0.0
2025-01-14 00:00:00,1370.1781722588448,0.0,450.00000000000006,0.0
2025-01-14 00:30:00,1063.9914700075942,0.0,278.0,0.0
2025-01-14 01:00:00,829.7761710552661,0.0,217.0,0.0
2025-01-14 01:30:00,940.7420210622612,0.0,319.0,0.0
2025-01-14 02:00:00,1237.7552229066248,0.0,396.0,0.0
2025-01-14 02:30:00,1292.7909024716514,0.0,429.00000000000006,0.0
2025-01-14 03:00:00,1285.2975717183517,0.0,427.0,0.0
2025-01-14 03:30:00,1158.5216750304496,0.0,423.0,0.0
2025-01-14 04:00:00,1204.577626248409,0.0,415.0,0.0
2025-01-14 04:30:00,1364.0875515872613,0.0,462.0,0.0
2025-01-14 05:00:00,1247.3288238446664,0.0,408.0,0.0
2025-01-14 05:30:00,1112.2832688372177,0.0,396.0,0.0
2025-01-14 06:00:00,1018.5435592976842,0.0,336.0,0.0
2025-01-14 06:30:00,841.8643103015517,0.0,189.0,0.0
2025-01-14 07:00:00,1114.4488892500183,0.0,351.0,0.0
2025-01-14 07:30:00,1179.2238664154552,0.0,395.0,0.0
2025-01-14 08:00:00,875.2937110557099,0.0,289.0,0.0
2025-01-14 08:30:00,1100.3173592262483,0.0,340.0,0.0
2025-01-14 09:00:00,1395.366067414878,0.0,507.0,0.0
2025-01-14 09:30:00,1127.6708226963337,0.0,496.0,0.0
2025-01-14 10:00:00,1555.0571720886157,0.0,507.0,0.0
2025-01-14 10:30:00,1222.01763146797,0.0,509.0,0.0
2025-01-14 11:00:00,1307.4324989839695,0.0,497.99999999999994,0.0
2025-01-14 11:30:00,1006.7404131459471,0.0,452.0,0.0
2025-01-14 12:00:00,895.6091618841356,0.0,437.0,0.0
2025-01-14 12:30:00,839.8759830067062,0.0,416.0,0.0
2025-01-14 13:00:00,666.7965646842708,0.0,357.0,0.0
2025-01-14 13:30:00,400.96254415382515,0.0,242.00000000000003,0.0
2025-01-14 14:00:00,545.0516036037359,0.0,283.0,0.0
2025-01-14 14:30:00,1023.162534263779,0.0,479.0,0.0
2025-01-14 15:00:00,1093.3393624433384,0.0,523.0,0.0
2025-01-14 15:30:00,1165.8625118932537,0.0,491.0,0.0
2025-01-14 16:00:00,1023.1533855407065,0.0,462.0,0.0
2025-01-14 16:30:00,1032.6055547508215,0.0,458.0,0.0
2025-01-14 17:00:00,1113.4994190624461,0.0,471.0,0.0
2025-01-14 17:30:00,857.6403579398362,0.0,318.0,0.0
2025-01-14 18:00:00,1353.2941700733247,0.0,469.00000000000006,0.0
2025-01-14 18:30:00,1288.691017606157,0.0,495.0,0.0
2025-01-14 19:00:00,1336.4273371226145,0.0,498.0,0.0
2025-01-14 19:30:00,1384.3234151119116,0.0,472.0,0.0
2025-01-14 20:00:00,1114.5960845606767,0.0,372.0,0.0
2025-01-14 20:30:00,1046.1021945069667,0.0,342.0,0.0
2025-01-14 21:00:00,1291.7752957198857,0.0,415.0,0.0
2025-01-14 21:30:00,1235.991891104063,0.0,422.0,0.0
2025-01-14 22:00:00,1206.8184981720706,0.0,429.0,0.0
2025-01-14 22:30:00,1418.8825613436472,0.0,474.0,0.0
2025-01-14 23:00:00,1411.291516222392,0.0,491.0,0.0
2025-01-14 23:30:00,1271.2434928479436,0.0,420.0,0.0
2025-01-15 00:00:00,1228.5668195670935,0.0,391.0,0.0
2025-01-15 00:30:00,959.0679376776201,0.0,279.0,0.0
2025-01-15 01:00:00,724.9900357594103,0.0,200.0,0.0
2025-01-15 01:30:00,976.1946875621836,0.0,294.0,0.0
2025-01-15 02:00:00,1015.995984532656,0.0,316.0,0.0
2025-01-15 02:30:00,1185.4453007036598,0.0,391.0,0.0
2025-01-15 03:00:00,1477.7018652401666,0.0,471.0,0.0
2025-01-15 03:30:00,1266.9255941629872,0.0,383.0,0.0
2025-01-15 04:00:00,1333.6982838076374,0.0,391.0,0.0
2025-01-15 04:30:00,1144.871929495491,0.0,386.0,0.0
2025-01-15 05:00:00,1260.687644331261,0.0,353.0,0.0
2025-01-15 05:30:00,1210.7925719438495,0.0,429.0,0.0
2025-01-15 06:00:00,1178.010991900036,0.0,361.99999999999994,0.0
2025-01-15 06:30:00,833.2946087385839,0.0,212.99999999999997,0.0
2025-01-15 07:00:00,908.8036737212351,0.0,303.0,0.0
2025-01-15 07:30:00,1068.0787007102995,0.0,349.0,0.0
2025-01-15 08:00:00,930.6380316437574,0.0,288.0,0.0
2025-01-15 08:30:00,850.5503275038816,0.0,307.0,0.0
2025-01-15 09:00:00,921.9953817897101,0.0,349.0,0.0
2025-01-15 09:30:00,983.2022543851032,0.0,406.0,0.0
2025-01-15 10:00:00,990.9045901049966,0.0,456.0,0.0
2025-01-15 10:30:00,1240.09557226611,0.0,452.99999999999994,0.0
2025-01-15 11:00:00,799.3714239570994,0.0,317.0,0.0
2025-01-15 11:30:00,664.0534866654898,0.0,316.0,0.0
2025-01-15 12:00:00,855.2140535202445,0.0,399.0,0.0
2025-01-15 12:30:00,790.8628852699779,0.0,401.00000000000006,0.0
2025-01-15 13:00:00,652.5467866946346,0.0,317.0,0.0
2025-01-15 13:30:00,351.9125432102994,0.0,268.0,0.0
2025-01-15 14:00:00,552.5046537225178,0.0,278.0,0.0
2025-01-15 14:30:00,796.7799014054978,0.0,377.0,0.0
2025-01-15 15:00:00,1118.746748502835,0.0,446.0,0.0
2025-01-15 15:30:00,1061.385157058881,0.0,434.0,0.0
2025-01-15 16:00:00,1034.4697505945853,0.0,454.0,0.0
2025-01-15 16:30:00,897.2336954771006,0.0,422.0,0.0
2025-01-15 17:00:00,910.0115229893779,0.0,371.0,0.0
2025-01-15 17:30:00,797.0700257811518,0.0,293.0,0.0
2025-01-15 18:00:00,1190.077470713806,0.0,388.0,0.0
2025-01-15 18:30:00,1058.9692478161114,0.0,371.0,0.0
2025-01-15 19:00:00,1187.618634772458,0.0,390.0,0.0
2025-01-15 19:30:00,1164.3782803711783,0.0,370.0,0.0
2025-01-15 20:00:00,916.4090426405857,0.0,268.0,0.0
2025-01-15 20:30:00,874.4501295860713,0.0,281.0,0.0
2025-01-15 21:00:00,1116.8551868461986,0.0,363.0,0.0
2025-01-15 21:30:00,1264.5370296368274,0.0,388.0,0.0
2025-01-15 22:00:00,1179.0961909814807,0.0,396.0,0.0
2025-01-15 22:30:00,1188.2848860188906,0.0,418.00000000000006,0.0
2025-01-15 23:00:00,1284.0731523960237,0.0,415.0,0.0
2025-01-15 23:30:00,1212.4729844618726,0.0,373.00000000000006,0.0
2025-01-16 00:00:00,1234.6399645943097,0.0,375.0,0.0
2025-01-16 00:30:00,930.6495034059053,0.0,244.00000000000003,0.0
2025-01-16 01:00:00,848.2640420259448,0.0,172.0,0.0
2025-01-16 01:30:00,954.5196528427202,0.0,265.0,0.0
2025-01-16 02:00:00,1166.1723496179277,0.0,354.0,0.0
2025-01-16 02:30:00,1418.0172628240323,0.0,425.00000000000006,0.0
2025-01-16 03:00:00,1246.2018067811366,0.0,391.99999999999994,0.0
2025-01-16 03:30:00,1228.5178617455124,0.0,423.0,0.0
2025-01-16 04:00:00,1128.3857905299135,0.0,375.0,0.0
2025-01-16 04:30:00,1262.7524323125149,0.0,395.0,0.0
2025-01-16 05:00:00,1290.7727821240453,0.0,376.00000000000006,0.0
2025-01-16 05:30:00,1343.6919871162274,0.0,381.0,0.0
2025-01-16 06:00:00,1153.1201678624345,0.0,341.0,0.0
2025-01-16 06:30:00,815.2649114423057,0.0,239.0,0.0
2025-01-16 07:00:00,941.6747841845088,0.0,310.0,0.0
2025-01-16 07:30:00,1311.020292094383,0.0,349.0,0.0
2025-01-16 08:00:00,987.7144818059876,0.0,302.0,0.0
2025-01-16 08:30:00,1005.450149172945,0.0,335.0,0.0
2025-01-16 09:00:00,1099.9742565187023,0.0,405.0,0.0
2025-01-16 09:30:00,861.6415787851702,0.0,403.0,0.0
2025-01-16 10:00:00,876.1187346442567,0.0,397.0,0.0
2025-01-16 10:30:00,937.5723951189823,0.0,414.0,0.0
2025-01-16 11:00:00,882.6898628298935,0.0,427.0,0.0
2025-01-16 11:30:00,984.9999819411614,0.0,443.0,0.0
2025-01-16 12:00:00,931.8445675599323,0.0,411.0,0.0
2025-01-16 12:30:00,870.7146616594852,0.0,379.0,0.0
2025-01-16 13:00:00,698.3297823591212,0.0,336.0,0.0
2025-01-16 13:30:00,600.7069346006076,0.0,232.0,0.0
2025-01-16 14:00:00,400.93003311257695,0.0,259.0,0.0
2025-01-16 14:30:00,747.5084016503382,0.0,373.0,0.0
2025-01-16 15:00:00,794.405457640865,0.0,399.0,0.0
2025-01-16 15:30:00,1452.6896317826138,0.0,488.99999999999994,0.0
2025-01-16 16:00:00,1374.96257332963,0.0,495.0,0.0
2025-01-16 16:30:00,1416.5835595536485,0.0,468.0,0.0
2025-01-16 17:00:00,1425.8330016393131,0.0,445.0,0.0
2025-01-16 17:30:00,989.7552775579252,0.0,278.0,0.0
2025-01-16 18:00:00,1247.6914888237188,0.0,422.0,0.0
2025-01-16 18:30:00,1336.6735733312469,0.0,433.99999999999994,0.0
2025-01-16 19:00:00,1153.0539586551986,0.0,404.0,0.0
2025-01-16 19:30:00,1307.3327047494142,0.0,434.0,0.0
2025-01-16 20:00:00,1083.803529276401,0.0,282.0,0.0
2025-01-16 20:30:00,932.3207433282251,0.0,271.0,0.0
2025-01-16 21:00:00,1361.0073591688479,0.0,428.0,0.0
2025-01-16 21:30:00,1266.3953672294429,0.0,365.0,0.0
2025-01-16 22:00:00,1160.6922374193757,0.0,423.99999999999994,0.0
2025-01-16 22:30:00,1233.452764928352,0.0,438.0,0.0
2025-01-16 23:00:00,1271.883567956155,0.0,415.0,0.0
2025-01-16 23:30:00,1377.3831686653593,0.0,396.0,0.0
2025-01-17 00:00:00,1246.0332490162036,0.0,370.0,0.0
2025-01-17 00:30:00,904.7381408158744,0.0,277.0,0.0
2025-01-17 01:00:00,729.0961173841464,0.0,191.0,0.0
2025-01-17 01:30:00,968.2642397943521,0.0,265.0,0.0
2025-01-17 02:00:00,1017.0355082122933,0.0,324.0,0.0
2025-01-17 02:30:00,1302.7663124902324,0.0,424.00000000000006,0.0
2025-01-17 03:00:00,1228.164305601857,0.0,388.00000000000006,0.0
2025-01-17 03:30:00,1286.5999293654984,0.0,408.00000000000006,0.0
2025-01-17 04:00:00,1279.1818976712143,0.0,385.99999999999994,0.0
2025-01-17 04:30:00,1318.6791304998576,0.0,382.0,0.0
2025-01-17 05:00:00,1139.653851064202,0.0,405.0,0.0
2025-01-17 05:30:00,1220.382329581808,0.0,376.0,0.0
2025-01-17 06:00:00,994.865848878092,0.0,335.0,0.0
2025-01-17 06:30:00,823.9573911855501,0.0,173.0,0.0
2025-01-17 07:00:00,960.8501473265379,0.0,314.0,0.0
2025-01-17 07:30:00,1307.166788006545,0.0,369.0,0.0
2025-01-17 08:00:00,972.4321928718869,0.0,299.0,0.0
2025-01-17 08:30:00,1005.6725342586751,0.0,285.0,0.0
2025-01-17 09:00:00,1289.3383091436212,0.0,409.99999999999994,0.0
2025-01-17 09:30:00,1224.1475680898093,0.0,435.0,0.0
2025-01-17 10:00:00,1277.0680265857877,0.0,452.00000000000006,0.0
2025-01-17 10:30:00,1208.4662443079892,0.0,438.0,0.0
2025-01-17 11:00:00,1361.8429817142646,0.0,447.0,0.0
2025-01-17 11:30:00,1226.8808304405245,0.0,439.0,0.0
2025-01-17 12:00:00,1091.1888460727218,0.0,400.0,0.0
2025-01-17 12:30:00,1102.933870946093,0.0,403.0,0.0
2025-01-17 13:00:00,773.1676807105438,0.0,303.0,0.0
2025-01-17 13:30:00,610.1359562567282,0.0,182.0,0.0
2025-01-17 14:00:00,683.7622420408438,0.0,222.0,0.0
2025-01-17 14:30:00,897.3008234547831,0.0,331.0,0.0
2025-01-17 15:00:00,1043.8582131813362,0.0,410.0,0.0
2025-01-17 15:30:00,1199.7785190850825,0.0,428.0,0.0
2025-01-17 16:00:00,1161.0809927976752,0.0,440.0,0.0
2025-01-17 16:30:00,1168.327230670312,0.0,446.0,0.0
2025-01-17 17:00:00,1224.9591928438717,0.0,440.0,0.0
2025-01-17 17:30:00,850.9257819765497,0.0,246.0,0.0
2025-01-17 18:00:00,1136.5836510884033,0.0,425.0,0.0
2025-01-17 18:30:00,1343.2528303033428,0.0,432.0,0.0
2025-01-17 19:00:00,1330.9896888686028,0.0,430.00000000000006,0.0
2025-01-17 19:30:00,1118.1219253840015,0.0,394.0,0.0
2025-01-17 20:00:00,1183.2537252202685,0.0,348.0,0.0
2025-01-17 20:30:00,1118.8809758039506,0.0,336.0,0.0
2025-01-17 21:00:00,1251.227313673019,0.0,414.0,0.0
2025-01-17 21:30:00,1267.2515065243813,0.0,432.0,0.0
2025-01-17 22:00:00,1348.9885262851164,0.0,460.0,0.0
2025-01-17 22:30:00,1232.3196743055455,0.0,452.0,0.0
2025-01-17 23:00:00,1393.3571699575073,0.0,443.0,0.0
2025-01-17 23:30:00,1292.0117853799793,0.0,425.99999999999994,0.0
2025-01-18 00:00:00,1215.7096156889459,0.0,399.0,0.0
2025-01-18 00:30:00,984.389424271781,0.0,236.0,0.0
2025-01-18 01:00:00,796.4792414778124,0.0,169.0,0.0
2025-01-18 01:30:00,897.7108240720307,0.0,247.0,0.0
2025-01-18 02:00:00,1068.5733502315652,0.0,313.0,0.0
2025-01-18 02:30:00,1188.3948515639734,0.0,347.0,0.0
2025-01-18 03:00:00,1278.1018926003103,0.0,355.0,0.0
2025-01-18 03:30:00,1195.7200445477674,0.0,376.0,0.0
2025-01-18 04:00:00,1270.2446285189908,0.0,364.99999999999994,0.0
2025-01-18 04:30:00,1118.1425529743976,0.0,338.0,0.0
2025-01-18 05:00:00,1287.6131372829802,0.0,337.0,0.0
2025-01-18 05:30:00,1242.878025484381,0.0,376.0,0.0
2025-01-18 06:00:00,1037.9190109015128,0.0,317.0,0.0
2025-01-18 06:30:00,775.8136437878446,0.0,168.0,0.0
2025-01-18 07:00:00,1031.5710518849091,0.0,309.0,0.0
2025-01-18 07:30:00,1215.2678126328265,0.0,352.0,0.0
2025-01-18 08:00:00,991.5330152802384,0.0,281.0,0.0
2025-01-18 08:30:00,961.8054563099894,0.0,348.0,0.0
2025-01-18 09:00:00,1200.5722274091195,0.0,405.0,0.0
2025-01-18 09:30:00,1241.6777326296567,0.0,459.0,0.0
2025-01-18 10:00:00,1104.2793723891582,0.0,492.0,0.0
2025-01-18 10:30:00,927.6632743587365,0.0,386.0,0.0
2025-01-18 11:00:00,1130.3389895796156,0.0,435.0,0.0
2025-01-18 11:30:00,1166.2749179849347,0.0,439.0,0.0
2025-01-18 12:00:00,1039.7535112190153,0.0,405.0,0.0
2025-01-18 12:30:00,971.220553055498,0.0,413.0,0.0
2025-01-18 13:00:00,1260.5485073807959,0.0,392.99999999999994,0.0
2025-01-18 13:30:00,669.2894644577823,0.0,231.0,0.0
2025-01-18 14:00:00,504.42146740635866,0.0,182.0,0.0
2025-01-18 14:30:00,871.9534372752458,0.0,344.0,0.0
2025-01-18 15:00:00,1074.5691342509633,0.0,412.0,0.0
2025-01-18 15:30:00,1159.2470612356499,0.0,434.0,0.0
2025-01-18 16:00:00,1290.4432402243206,0.0,439.0,0.0
2025-01-18 16:30:00,977.7915325369217,0.0,332.0,0.0
2025-01-18 17:00:00,771.0584204599979,0.0,236.0,0.0
2025-01-18 17:30:00,716.2687018357998,0.0,141.0,0.0
2025-01-18 18:00:00,859.9979287244277,0.0,233.00000000000003,0.0
2025-01-18 18:30:00,868.7639059862153,0.0,245.0,0.0
2025-01-18 19:00:00,901.139864804416,0.0,241.0,0.0
2025-01-18 19:30:00,917.557909939339,0.0,231.00000000000003,0.0
2025-01-18 20:00:00,710.1463137531334,0.0,167.0,0.0
2025-01-18 20:30:00,918.3884552333417,0.0,251.0,0.0
2025-01-18 21:00:00,1195.733270632801,0.0,360.0,0.0
2025-01-18 21:30:00,1178.8806925573979,0.0,368.00000000000006,0.0
2025-01-18 22:00:00,1218.2918525446248,0.0,390.0,0.0
2025-01-18 22:30:00,1387.976655138509,0.0,390.00000000000006,0.0
2025-01-18 23:00:00,1277.1236917154401,0.0,352.0,0.0
2025-01-18 23:30:00,1271.8901135264764,0.0,428.0,0.0
2025-01-19 00:00:00,1262.2402002608653,0.0,394.0,0.0
2025-01-19 00:30:00,987.492728138295,0.0,274.0,0.0
2025-01-19 01:00:00,853.4049557463171,0.0,245.00000000000003,0.0
2025-01-19 01:30:00,1032.5892761527082,0.0,322.0,0.0
2025-01-19 02:00:00,1143.6656624351015,0.0,338.0,0.0
2025-01-19 02:30:00,1271.3641826005914,0.0,439.00000000000006,0.0
2025-01-19 03:00:00,1286.4456642629857,0.0,414.99999999999994,0.0
2025-01-19 03:30:00,1172.1286110019278,0.0,375.0,0.0
2025-01-19 04:00:00,1299.4200708808912,0.0,413.0,0.0
2025-01-19 04:30:00,1047.9631804371631,0.0,361.0,0.0
2025-01-19 05:00:00,1072.5402289234646,0.0,296.0,0.0
2025-01-19 05:30:00,976.31567289458,0.0,295.0,0.0
2025-01-19 06:00:00,904.0753061201276,0.0,272.0,0.0
2025-01-19 06:30:00,730.477201959838,0.0,200.00000000000003,0.0
2025-01-19 07:00:00,897.6560168195196,0.0,296.0,0.0
2025-01-19 07:30:00,870.443342587291,0.0,278.0,0.0
2025-01-19 08:00:00,746.9287955358068,0.0,200.0,0.0
2025-01-19 08:30:00,677.8891971617231,0.0,184.0,0.0
2025-01-19 09:00:00,776.5318754965646,0.0,240.0,0.0
2025-01-19 09:30:00,921.4612841120073,0.0,322.0,0.0
2025-01-19 10:00:00,1049.6880775386924,0.0,365.0,0.0
2025-01-19 10:30:00,1102.5651435250147,0.0,421.0,0.0
2025-01-19 11:00:00,1181.2985367503388,0.0,415.0,0.0
2025-01-19 11:30:00,1005.4623830954713,0.0,389.0,0.0
2025-01-19 12:00:00,1056.2304981249872,0.0,411.0,0.0
2025-01-19 12:30:00,1018.383159155269,0.0,409.0,0.0
2025-01-19 13:00:00,982.6755369689371,0.0,359.0,0.0
2025-01-19 13:30:00,456.9650841132101,0.0,161.0,0.0
2025-01-19 14:00:00,405.7505833920084,0.0,165.0,0.0
2025-01-19 14:30:00,1013.7866860167896,0.0,368.0,0.0
2025-01-19 15:00:00,1050.9257116216904,0.0,398.0,0.0
2025-01-19 15:30:00,883.0509991669284,0.0,390.0,0.0
2025-01-19 16:00:00,1050.0507711815928,0.0,395.0,0.0
2025-01-19 16:30:00,1049.2640909368708,0.0,392.0,0.0
2025-01-19 17:00:00,993.2239418060916,0.0,383.0,0.0
2025-01-19 17:30:00,892.0356111157768,0.0,309.0,0.0
2025-01-19 18:00:00,846.7590234645855,0.0,316.0,0.0
2025-01-19 18:30:00,636.0076729180222,0.0,225.99999999999997,0.0
2025-01-19 19:00:00,756.0158676754038,0.0,257.0,0.0
2025-01-19 19:30:00,852.7062334933346,0.0,253.0,0.0
2025-01-19 20:00:00,551.5466641624616,0.0,173.0,0.0
2025-01-19 20:30:00,630.7837150979375,0.0,161.00000000000003,0.0
2025-01-19 21:00:00,733.4297419576424,0.0,223.99999999999997,0.0
2025-01-19 21:30:00,904.2160621199303,0.0,246.0,0.0
2025-01-19 22:00:00,967.2674202122131,0.0,251.0,0.0
2025-01-19 22:30:00,909.2581569332485,0.0,287.0,0.0
2025-01-19 23:00:00,883.1075186843815,0.0,247.0,0.0
2025-01-19 23:30:00,919.0100844887611,0.0,244.0,0.0
2025-01-20 00:00:00,814.2557748814647,0.0,204.0,0.0
2025-01-20 00:30:00,665.7669250315372,0.0,132.0,0.0
2025-01-20 01:00:00,545.6851805951599,0.0,118.0,0.0
2025-01-20 01:30:00,805.517723831603,0.0,225.0,0.0
2025-01-20 02:00:00,916.8151826846405,0.0,245.99999999999997,0.0
2025-01-20 02:30:00,856.8160026588405,0.0,242.0,0.0
2025-01-20 03:00:00,912.8586671273664,0.0,285.0,0.0
2025-01-20 03:30:00,775.3844183446157,0.0,250.99999999999997,0.0
2025-01-20 04:00:00,739.3088028574646,0.0,245.99999999999997,0.0
2025-01-20 04:30:00,889.1844259611834,0.0,216.0,0.0
2025-01-20 05:00:00,829.9276440872356,0.0,252.00000000000003,0.0
2025-01-20 05:30:00,830.5551033293069,0.0,241.0,0.0
2025-01-20 06:00:00,889.434061710087,0.0,240.99999999999997,0.0
2025-01-20 06:30:00,635.7570616789556,0.0,176.00000000000003,0.0
2025-01-20 07:00:00,824.0243224834834,0.0,242.0,0.0
2025-01-20 07:30:00,880.661967260974,0.0,268.0,0.0
2025-01-20 08:00:00,631.1494688889431,0.0,207.0,0.0
2025-01-20 08:30:00,816.3526917558198,0.0,326.0,0.0
2025-01-20 09:00:00,1073.9423122469175,0.0,437.00000000000006,0.0
2025-01-20 09:30:00,1171.1590051922476,0.0,419.0,0.0
2025-01-20 10:00:00,1144.9889814139708,0.0,453.0,0.0
2025-01-20 10:30:00,1139.029395657482,0.0,479.0,0.0
2025-01-20 11:00:00,1137.7783000894763,0.0,478.0,0.0
2025-01-20 11:30:00,990.6205286209171,0.0,446.0,0.0
2025-01-20 12:00:00,922.8939175060318,0.0,441.0,0.0
2025-01-20 12:30:00,869.1224664562587,0.0,433.0,0.0
2025-01-20 13:00:00,717.7700303261581,0.0,333.0,0.0
2025-01-20 13:30:00,571.4453546124262,0.0,236.0,0.0
2025-01-20 14:00:00,381.6142569005765,0.0,257.0,0.0
2025-01-20 14:30:00,963.8043949740581,0.0,439.0,0.0
2025-01-20 15:00:00,1061.7321094162596,0.0,452.0,0.0
2025-01-20 15:30:00,1113.876570404023,0.0,441.0,0.0
2025-01-20 16:00:00,1144.878035830723,0.0,439.0,0.0
2025-01-20 16:30:00,1278.4295460773983,0.0,442.0,0.0
2025-01-20 17:00:00,1088.7596905855612,0.0,410.0,0.0
2025-01-20 17:30:00,676.2958730452921,0.0,274.0,0.0
2025-01-20 18:00:00,1259.1034334643628,0.0,431.0,0.0
2025-01-20 18:30:00,1139.3133714521923,0.0,406.0,0.0
2025-01-20 19:00:00,1213.722665638329,0.0,456.99999999999994,0.0
2025-01-20 19:30:00,1253.6978469708124,0.0,423.0,0.0
2025-01-20 20:00:00,1082.0613178966491,0.0,350.0,0.0
2025-01-20 20:30:00,988.5593118581797,0.0,311.0,0.0
2025-01-20 21:00:00,1231.864853332037,0.0,403.0,0.0
2025-01-20 21:30:00,1237.7522530513595,0.0,412.99999999999994,0.0
2025-01-20 22:00:00,1193.3086144734161,0.0,435.0,0.0
2025-01-20 22:30:00,1419.3223370530864,0.0,446.0,0.0
2025-01-20 23:00:00,1333.3480817413151,0.0,418.0,0.0
2025-01-20 23:30:00,1167.9392038527908,0.0,357.00000000000006,0.0
2025-01-21 00:00:00,1292.3995734546513,0.0,409.0,0.0
2025-01-21 00:30:00,1017.1731901822395,0.0,248.0,0.0
2025-01-21 01:00:00,820.063647215251,0.0,186.0,0.0
2025-01-21 01:30:00,1124.6312356295655,0.0,323.0,0.0
2025-01-21 02:00:00,1177.9406538389326,0.0,345.0,0.0
2025-01-21 02:30:00,1232.9296058959762,0.0,402.0,0.0
2025-01-21 03:00:00,1084.13114955113,0.0,328.0,0.0
2025-01-21 03:30:00,1294.6928711974913,0.0,384.0,0.0
2025-01-21 04:00:00,1369.982331497468,0.0,435.0,0.0
2025-01-21 04:30:00,1276.71144285734,0.0,380.99999999999994,0.0
2025-01-21 05:00:00,1343.933186766403,0.0,415.0,0.0
2025-01-21 05:30:00,1325.7760714222713,0.0,432.00000000000006,0.0
2025-01-21 06:00:00,1306.631923156045,0.0,389.0,0.0
2025-01-21 06:30:00,784.0822235528475,0.0,168.0,0.0
2025-01-21 07:00:00,1183.0010860730997,0.0,314.99999999999994,0.0
2025-01-21 07:30:00,1109.97297945264,0.0,274.0,0.0
2025-01-21 08:00:00,897.0106187873295,0.0,268.0,0.0
2025-01-21 08:30:00,907.9719857641818,0.0,325.0,0.0
2025-01-21 09:00:00,1106.4154422209454,0.0,400.0,0.0
2025-01-21 09:30:00,1066.8720525231238,0.0,447.0,0.0
2025-01-21 10:00:00,1040.0284190940463,0.0,440.0,0.0
2025-01-21 10:30:00,1052.654287154254,0.0,434.0,0.0
2025-01-21 11:00:00,1056.8906819865786,0.0,483.0,0.0
2025-01-21 11:30:00,867.2030790588253,0.0,470.00000000000006,0.0
2025-01-21 12:00:00,888.0755273120154,0.0,475.00000000000006,0.0
2025-01-21 12:30:00,814.1006662032077,0.0,386.0,0.0
2025-01-21 13:00:00,640.571853415548,0.0,331.0,0.0
2025-01-21 13:30:00,422.82032212648613,0.0,225.00000000000003,0.0
2025-01-21 14:00:00,562.9415354961244,0.0,273.0,0.0
2025-01-21 14:30:00,908.838053293799,0.0,416.0,0.0
2025-01-21 15:00:00,890.3157994478632,0.0,422.0,0.0
2025-01-21 15:30:00,1060.8607246270758,0.0,409.0,0.0
2025-01-21 16:00:00,1013.8342759615799,0.0,415.0,0.0
2025-01-21 16:30:00,1213.3398380501033,0.0,441.0,0.0
2025-01-21 17:00:00,1318.6006167896192,0.0,453.00000000000006,0.0
2025-01-21 17:30:00,894.4165004852099,0.0,300.0,0.0
2025-01-21 18:00:00,1168.4531927576104,0.0,446.0,0.0
2025-01-21 18:30:00,1450.0996179482509,0.0,465.0,0.0
2025-01-21 19:00:00,1423.6608383823384,0.0,457.0,0.0
2025-01-21 19:30:00,1323.1421481988914,0.0,423.0,0.0
2025-01-21 20:00:00,1124.2926070368705,0.0,365.0,0.0
2025-01-21 20:30:00,1098.3004048285054,0.0,304.0,0.0
2025-01-21 21:00:00,1293.5670768665682,0.0,400.0,0.0
2025-01-21 21:30:00,1283.181611295913,0.0,399.0,0.0
2025-01-21 22:00:00,1468.4673165482,0.0,432.99999999999994,0.0
2025-01-21 22:30:00,1362.5190956929289,0.0,388.0,0.0
2025-01-21 23:00:00,1376.3372975916325,0.0,434.0,0.0
2025-01-21 23:30:00,1494.794394460684,0.0,458.99999999999994,0.0
2025-01-22 00:00:00,1340.024898447381,0.0,391.0,0.0
2025-01-22 00:30:00,1001.8990973966739,0.0,279.0,0.0
2025-01-22 01:00:00,789.6236660785055,0.0,200.00000000000003,0.0
2025-01-22 01:30:00,944.7298231379151,0.0,294.0,0.0
2025-01-22 02:00:00,972.8350366423182,0.0,316.0,0.0
2025-01-22 02:30:00,1165.3400709314158,0.0,391.0,0.0
2025-01-22 03:00:00,1319.2625282069084,0.0,471.0,0.0
2025-01-22 03:30:00,1111.7247512636652,0.0,383.0,0.0
2025-01-22 04:00:00,1187.4163064263325,0.0,391.0,0.0
2025-01-22 04:30:00,1343.2470051714974,0.0,386.0,0.0
2025-01-22 05:00:00,1131.8016394332794,0.0,353.0,0.0
2025-01-22 05:30:00,1210.5918668399056,0.0,429.0,0.0
2025-01-22 06:00:00,1160.4491186017235,0.0,362.0,0.0
2025-01-22 06:30:00,720.6907902649974,0.0,212.99999999999997,0.0
2025-01-22 07:00:00,945.1254714894325,0.0,303.0,0.0
2025-01-22 07:30:00,1091.5991855762552,0.0,349.0,0.0
2025-01-22 08:00:00,886.3994399192845,0.0,288.0,0.0
2025-01-22 08:30:00,803.8552618924381,0.0,307.0,0.0
2025-01-22 09:00:00,935.7239909510433,0.0,349.0,0.0
2025-01-22 09:30:00,1043.7265215919272,0.0,406.0,0.0
2025-01-22 10:00:00,1009.5482916921815,0.0,456.0,0.0
2025-01-22 10:30:00,1077.1248187351011,0.0,453.0,0.0
2025-01-22 11:00:00,863.6588978666476,0.0,317.0,0.0
2025-01-22 11:30:00,624.6231002387121,0.0,316.0,0.0
2025-01-22 12:00:00,819.9779010893067,0.0,399.0,0.0
2025-01-22 12:30:00,835.3221092852698,0.0,401.0,0.0
2025-01-22 13:00:00,638.3850641719634,0.0,317.0,0.0
2025-01-22 13:30:00,339.076986746458,0.0,268.0,0.0
2025-01-22 14:00:00,539.9655050825324,0.0,278.0,0.0
2025-01-22 14:30:00,839.8050128566872,0.0,377.0,0.0
2025-01-22 15:00:00,1022.5867361829157,0.0,446.0,0.0
2025-01-22 15:30:00,965.8620785470464,0.0,434.0,0.0
2025-01-22 16:00:00,1085.7364992906696,0.0,454.0,0.0
2025-01-22 16:30:00,926.5087785688628,0.0,422.0,0.0
2025-01-22 17:00:00,902.5183808023284,0.0,371.0,0.0
2025-01-22 17:30:00,826.6013606925817,0.0,293.0,0.0
2025-01-22 18:00:00,1099.218227377692,0.0,388.00000000000006,0.0
2025-01-22 18:30:00,1126.6219443029843,0.0,371.0,0.0
2025-01-22 19:00:00,1158.5212199740517,0.0,390.0,0.0
2025-01-22 19:30:00,1183.1784662480425,0.0,370.0,0.0
2025-01-22 20:00:00,1034.7347897578586,0.0,268.0,0.0
2025-01-22 20:30:00,906.7323550656592,0.0,281.0,0.0
2025-01-22 21:00:00,1120.7515860677172,0.0,363.0,0.0
2025-01-22 21:30:00,1230.7461365793285,0.0,388.0,0.0
2025-01-22 22:00:00,1169.5381003817442,0.0,396.0,0.0
2025-01-22 22:30:00,1303.3969273758782,0.0,417.99999999999994,0.0
2025-01-22 23:00:00,1241.0042609717245,0.0,415.00000000000006,0.0
2025-01-22 23:30:00,1163.7485122445667,0.0,373.0,0.0
2025-01-23 00:00:00,1426.8740775875133,0.0,356.99999999999994,0.0
2025-01-23 00:30:00,915.2433220370375,0.0,231.00000000000003,0.0
2025-01-23 01:00:00,799.204395852053,0.0,169.0,0.0
2025-01-23 01:30:00,969.2859983167151,0.0,267.0,0.0
2025-01-23 02:00:00,1253.0923236574363,0.0,331.0,0.0
2025-01-23 02:30:00,1363.826354085523,0.0,380.0,0.0
2025-01-23 03:00:00,1293.6777068676024,0.0,393.0,0.0
2025-01-23 03:30:00,1326.8031315425103,0.0,429.0,0.0
2025-01-23 04:00:00,1443.9505763816892,0.0,423.0,0.0
2025-01-23 04:30:00,1296.0417847690337,0.0,380.0,0.0
2025-01-23 05:00:00,1317.6827634605238,0.0,331.0,0.0
2025-01-23 05:30:00,1235.9716424918054,0.0,376.99999999999994,0.0
2025-01-23 06:00:00,1195.0225594203039,0.0,346.0,0.0
2025-01-23 06:30:00,806.7107467917414,0.0,171.0,0.0
2025-01-23 07:00:00,987.3952864002974,0.0,296.0,0.0
2025-01-23 07:30:00,1279.4120711271416,0.0,409.99999999999994,0.0
2025-01-23 08:00:00,968.9895620719795,0.0,295.0,0.0
2025-01-23 08:30:00,1056.4302185494919,0.0,319.0,0.0
2025-01-23 09:00:00,1328.595352273721,0.0,445.0,0.0
2025-01-23 09:30:00,1434.7824688331991,0.0,486.00000000000006,0.0
2025-01-23 10:00:00,1190.8889829240861,0.0,441.0,0.0
2025-01-23 10:30:00,1190.8567511497831,0.0,459.0,0.0
2025-01-23 11:00:00,1389.7572750771444,0.0,494.0,0.0
2025-01-23 11:30:00,1253.0370938600672,0.0,481.0,0.0
2025-01-23 12:00:00,1197.9083127169094,0.0,489.0,0.0
2025-01-23 12:30:00,1166.7354838561423,0.0,453.0,0.0
2025-01-23 13:00:00,1015.7209784162308,0.0,404.0,0.0
2025-01-23 13:30:00,394.60740688816855,0.0,230.0,0.0
2025-01-23 14:00:00,474.3664213999814,0.0,269.0,0.0
2025-01-23 14:30:00,1064.0932443772567,0.0,464.0,0.0
2025-01-23 15:00:00,909.9818615205837,0.0,438.0,0.0
2025-01-23 15:30:00,1248.9628730989268,0.0,497.0,0.0
2025-01-23 16:00:00,1359.7108184492229,0.0,530.0,0.0
2025-01-23 16:30:00,1422.3731770095803,0.0,530.0,0.0
2025-01-23 17:00:00,1712.9776283802987,0.0,535.0,0.0
2025-01-23 17:30:00,1314.8161769011988,0.0,312.0,0.0
2025-01-23 18:00:00,1775.7449068596395,0.0,464.99999999999994,0.0
2025-01-23 18:30:00,2185.358042844985,0.0,535.0,0.0
2025-01-23 19:00:00,1654.6275854620703,0.0,523.0,0.0
2025-01-23 19:30:00,1583.7383853548697,0.0,495.99999999999994,0.0
2025-01-23 20:00:00,1213.5449290132688,0.0,383.99999999999994,0.0
2025-01-23 20:30:00,1116.9052019169671,0.0,298.0,0.0
2025-01-23 21:00:00,1362.8336221073575,0.0,440.99999999999994,0.0
2025-01-23 21:30:00,1405.875568443954,0.0,431.0,0.0
2025-01-23 22:00:00,1247.2494549327116,0.0,401.0,0.0
2025-01-23 22:30:00,1296.1208572777768,0.0,403.0,0.0
2025-01-23 23:00:00,1294.7272245166273,0.0,400.0,0.0
2025-01-23 23:30:00,1333.3761459666678,0.0,405.99999999999994,0.0
2025-01-24 00:00:00,1274.947445370311,0.0,367.0,0.0
2025-01-24 00:30:00,904.4417487987432,0.0,234.0,0.0
2025-01-24 01:00:00,793.3483542038391,0.0,165.0,0.0
2025-01-24 01:30:00,938.9532393538173,0.0,277.0,0.0
2025-01-24 02:00:00,1037.3722350503701,0.0,344.0,0.0
2025-01-24 02:30:00,1372.1563456875813,0.0,406.0,0.0
2025-01-24 03:00:00,1187.0034938773251,0.0,404.0,0.0
2025-01-24 03:30:00,1193.621305171627,0.0,380.0,0.0
2025-01-24 04:00:00,1111.1160808819388,0.0,337.99999999999994,0.0
2025-01-24 04:30:00,1080.6711935623212,0.0,319.0,0.0
2025-01-24 05:00:00,1122.8535817758923,0.0,342.0,0.0
2025-01-24 05:30:00,1056.7837743306086,0.0,318.0,0.0
2025-01-24 06:00:00,1147.8220241385652,0.0,363.0,0.0
2025-01-24 06:30:00,841.2622779586973,0.0,174.0,0.0
2025-01-24 07:00:00,1103.6125169944924,0.0,363.0,0.0
2025-01-24 07:30:00,1183.586144391329,0.0,310.0,0.0
2025-01-24 08:00:00,903.9013596369687,0.0,235.0,0.0
2025-01-24 08:30:00,863.3164958600807,0.0,266.0,0.0
2025-01-24 09:00:00,1069.351691852386,0.0,364.0,0.0
2025-01-24 09:30:00,1064.337879477733,0.0,373.0,0.0
2025-01-24 10:00:00,1011.43471570067,0.0,385.0,0.0
2025-01-24 10:30:00,942.9708439430576,0.0,397.0,0.0
2025-01-24 11:00:00,838.0588977722331,0.0,452.0,0.0
2025-01-24 11:30:00,1064.3874326477705,0.0,419.0,0.0
2025-01-24 12:00:00,1056.374593367503,0.0,434.0,0.0
2025-01-24 12:30:00,804.8706709032687,0.0,403.00000000000006,0.0
2025-01-24 13:00:00,644.1050129597302,0.0,331.99999999999994,0.0
2025-01-24 13:30:00,509.2712567020754,0.0,232.0,0.0
2025-01-24 14:00:00,681.0272564997836,0.0,258.0,0.0
2025-01-24 14:30:00,860.9941803566103,0.0,396.0,0.0
2025-01-24 15:00:00,1058.2541840279578,0.0,452.0,0.0
2025-01-24 15:30:00,1053.222658128097,0.0,383.0,0.0
2025-01-24 16:00:00,1079.854000750304,0.0,460.0,0.0
2025-01-24 16:30:00,1262.2177369352412,0.0,465.0,0.0
2025-01-24 17:00:00,1173.9859537520167,0.0,439.0,0.0
2025-01-24 17:30:00,903.9053852851603,0.0,256.0,0.0
2025-01-24 18:00:00,1274.694328429834,0.0,398.0,0.0
2025-01-24 18:30:00,1375.5063687145857,0.0,476.0,0.0
2025-01-24 19:00:00,1359.014138737216,0.0,431.0,0.0
2025-01-24 19:30:00,1285.4201416533472,0.0,378.0,0.0
2025-01-24 20:00:00,1072.3735322728442,0.0,288.0,0.0
2025-01-24 20:30:00,1045.9233329180245,0.0,323.0,0.0
2025-01-24 21:00:00,1156.1038385429338,0.0,388.0,0.0
2025-01-24 21:30:00,1174.267225038015,0.0,396.0,0.0
2025-01-24 22:00:00,1202.5691631185748,0.0,369.0,0.0
2025-01-24 22:30:00,1290.4073550597295,0.0,413.0,0.0
2025-01-24 23:00:00,1299.6079602955122,0.0,403.0,0.0
2025-01-24 23:30:00,1455.4772945316888,0.0,400.0,0.0
2025-01-25 00:00:00,1264.2852584262196,0.0,431.0,0.0
2025-01-25 00:30:00,1045.2344284964258,0.0,326.0,0.0
2025-01-25 01:00:00,827.6309069718036,0.0,239.0,0.0
2025-01-25 01:30:00,1034.718816981624,0.0,285.0,0.0
2025-01-25 02:00:00,1106.9739264306506,0.0,367.0,0.0
2025-01-25 02:30:00,1185.9002197222842,0.0,380.0,0.0
2025-01-25 03:00:00,1158.0948215842702,0.0,360.0,0.0
2025-01-25 03:30:00,1277.7573520839462,0.0,408.0,0.0
2025-01-25 04:00:00,1155.1441252611723,0.0,373.0,0.0
2025-01-25 04:30:00,1241.407539327407,0.0,355.0,0.0
2025-01-25 05:00:00,1351.4969548278561,0.0,391.0,0.0
2025-01-25 05:30:00,1165.6607563049486,0.0,367.0,0.0
2025-01-25 06:00:00,1178.170183186524,0.0,301.0,0.0
2025-01-25 06:30:00,637.9606119196818,0.0,211.99999999999997,0.0
2025-01-25 07:00:00,1082.300517120504,0.0,321.0,0.0
2025-01-25 07:30:00,1076.7891285984842,0.0,347.0,0.0
2025-01-25 08:00:00,963.0744250473869,0.0,298.0,0.0
2025-01-25 08:30:00,937.561964071564,0.0,337.0,0.0
2025-01-25 09:00:00,1261.8241911578468,0.0,496.0,0.0
2025-01-25 09:30:00,1065.3648124267866,0.0,433.0,0.0
2025-01-25 10:00:00,1126.5820608296838,0.0,471.0,0.0
2025-01-25 10:30:00,1252.579210856,0.0,460.0,0.0
2025-01-25 11:00:00,1003.9523794059307,0.0,458.0,0.0
2025-01-25 11:30:00,1045.4856122873332,0.0,475.0,0.0
2025-01-25 12:00:00,886.1297601149478,0.0,464.0,0.0
2025-01-25 12:30:00,1001.4947434326932,0.0,426.0,0.0
2025-01-25 13:00:00,842.7192342948968,0.0,416.0,0.0
2025-01-25 13:30:00,467.5251512426508,0.0,213.0,0.0
2025-01-25 14:00:00,391.02955039481355,0.0,182.0,0.0
2025-01-25 14:30:00,959.3109451651054,0.0,410.0,0.0
2025-01-25 15:00:00,945.5577941330738,0.0,407.0,0.0
2025-01-25 15:30:00,791.67090006792,0.0,433.0,0.0
2025-01-25 16:00:00,857.1922135157585,0.0,462.0,0.0
2025-01-25 16:30:00,1175.069371372657,0.0,421.0,0.0
2025-01-25 17:00:00,1038.0776859844343,0.0,291.0,0.0
2025-01-25 17:30:00,791.0896045585463,0.0,240.0,0.0
2025-01-25 18:00:00,948.8706605125618,0.0,312.0,0.0
2025-01-25 18:30:00,910.2324842076656,0.0,286.0,0.0
2025-01-25 19:00:00,902.4265881596692,0.0,254.0,0.0
2025-01-25 19:30:00,777.6334828839713,0.0,232.0,0.0
2025-01-25 20:00:00,747.8096318199972,0.0,206.0,0.0
2025-01-25 20:30:00,961.3180067183157,0.0,304.0,0.0
2025-01-25 21:00:00,1101.8614253312905,0.0,372.99999999999994,0.0
2025-01-25 21:30:00,1020.475430913272,0.0,319.0,0.0
2025-01-25 22:00:00,1212.5382292831118,0.0,380.0,0.0
2025-01-25 22:30:00,1335.8168284732835,0.0,405.99999999999994,0.0
2025-01-25 23:00:00,1186.2737959891645,0.0,418.0,0.0
2025-01-25 23:30:00,1226.2742648137305,0.0,357.0,0.0
2025-01-26 00:00:00,1200.8523803036467,0.0,365.0,0.0
2025-01-26 00:30:00,1093.4404632120368,0.0,271.0,0.0
2025-01-26 01:00:00,978.4597030463906,0.0,248.0,0.0
2025-01-26 01:30:00,1082.0775881553693,0.0,312.0,0.0
2025-01-26 02:00:00,1092.5604134193804,0.0,298.0,0.0
2025-01-26 02:30:00,1363.2694210483478,0.0,431.0,0.0
2025-01-26 03:00:00,1278.3078126357602,0.0,399.0,0.0
2025-01-26 03:30:00,1171.3179515902307,0.0,372.0,0.0
2025-01-26 04:00:00,1352.510649388349,0.0,410.0,0.0
2025-01-26 04:30:00,1143.7275436447035,0.0,363.0,0.0
2025-01-26 05:00:00,994.458636237536,0.0,261.0,0.0
2025-01-26 05:30:00,902.497502573156,0.0,273.0,0.0
2025-01-26 06:00:00,806.9433718819055,0.0,247.0,0.0
2025-01-26 06:30:00,774.6970152384087,0.0,184.0,0.0
2025-01-26 07:00:00,768.2520420799726,0.0,263.0,0.0
2025-01-26 07:30:00,855.5009034196945,0.0,239.0,0.0
2025-01-26 08:00:00,621.445709723168,0.0,138.0,0.0
2025-01-26 08:30:00,615.4582029398473,0.0,141.0,0.0
2025-01-26 09:00:00,585.5086233476868,0.0,217.0,0.0
2025-01-26 09:30:00,669.1249597918297,0.0,342.0,0.0
2025-01-26 10:00:00,872.1814667093189,0.0,393.0,0.0
2025-01-26 10:30:00,842.0104664461189,0.0,405.0,0.0
2025-01-26 11:00:00,741.1330007424508,0.0,382.00000000000006,0.0
2025-01-26 11:30:00,768.2253246566671,0.0,402.0,0.0
2025-01-26 12:00:00,813.0326784178048,0.0,414.0,0.0
2025-01-26 12:30:00,711.1549187655647,0.0,359.0,0.0
2025-01-26 13:00:00,766.3633777333151,0.0,342.0,0.0
2025-01-26 13:30:00,231.8640657200419,0.0,163.0,0.0
2025-01-26 14:00:00,363.99165639739186,0.0,194.00000000000003,0.0
2025-01-26 14:30:00,1052.960604392338,0.0,398.0,0.0
2025-01-26 15:00:00,1325.9924930324016,0.0,482.0,0.0
2025-01-26 15:30:00,1192.5264494485818,0.0,439.0,0.0
2025-01-26 16:00:00,971.7622806336783,0.0,425.0,0.0
2025-01-26 16:30:00,1337.1848493440573,0.0,465.0,0.0
2025-01-26 17:00:00,1261.3778562395087,0.0,425.0,0.0
2025-01-26 17:30:00,1092.419284736749,0.0,302.0,0.0
2025-01-26 18:00:00,1290.4021524150883,0.0,338.0,0.0
2025-01-26 18:30:00,890.2775613125873,0.0,294.0,0.0
2025-01-26 19:00:00,855.7657431351241,0.0,272.0,0.0
2025-01-26 19:30:00,871.8776655009048,0.0,225.0,0.0
2025-01-26 20:00:00,742.4787605183964,0.0,176.0,0.0
2025-01-26 20:30:00,810.3137566837372,0.0,205.99999999999997,0.0
2025-01-26 21:00:00,826.7974851133166,0.0,175.0,0.0
2025-01-26 21:30:00,863.3150175067933,0.0,247.0,0.0
2025-01-26 22:00:00,944.1044197675225,0.0,286.0,0.0
2025-01-26 22:30:00,934.3303809099529,0.0,257.0,0.0
2025-01-26 23:00:00,988.6253931642552,0.0,293.0,0.0
2025-01-26 23:30:00,895.7082559612968,0.0,220.0,0.0
2025-01-27 00:00:00,1268.3901894163428,0.0,397.0,0.0
2025-01-27 00:30:00,936.9830579190733,0.0,201.0,0.0
2025-01-27 01:00:00,774.8878736912499,0.0,189.0,0.0
2025-01-27 01:30:00,973.9734100903498,0.0,274.0,0.0
2025-01-27 02:00:00,1015.5675338483788,0.0,281.0,0.0
2025-01-27 02:30:00,1158.8866513516607,0.0,341.0,0.0
2025-01-27 03:00:00,1259.5722306400667,0.0,398.0,0.0
2025-01-27 03:30:00,1128.11133227296,0.0,365.0,0.0
2025-01-27 04:00:00,1172.3795291456731,0.0,395.0,0.0
2025-01-27 04:30:00,1159.9452433434371,0.0,380.0,0.0
2025-01-27 05:00:00,1192.9219761950096,0.0,352.0,0.0
2025-01-27 05:30:00,1099.0367077729836,0.0,317.0,0.0
2025-01-27 06:00:00,991.6330005855394,0.0,270.0,0.0
2025-01-27 06:30:00,612.6917448363313,0.0,135.0,0.0
2025-01-27 07:00:00,953.4553221388206,0.0,234.0,0.0
2025-01-27 07:30:00,855.2259938990113,0.0,221.0,0.0
2025-01-27 08:00:00,791.1324478958827,0.0,176.0,0.0
2025-01-27 08:30:00,933.3731799987421,0.0,284.0,0.0
2025-01-27 09:00:00,1155.4250731951925,0.0,428.0,0.0
2025-01-27 09:30:00,1175.710869059679,0.0,482.0,0.0
2025-01-27 10:00:00,1069.6512934349335,0.0,461.0,0.0
2025-01-27 10:30:00,1267.3148634974139,0.0,472.0,0.0
2025-01-27 11:00:00,1073.3529140762548,0.0,493.0,0.0
2025-01-27 11:30:00,965.3621035756856,0.0,466.0,0.0
2025-01-27 12:00:00,898.5828460870518,0.0,436.0,0.0
2025-01-27 12:30:00,917.9706080376383,0.0,417.0,0.0
2025-01-27 13:00:00,840.09097761727,0.0,332.0,0.0
2025-01-27 13:30:00,563.5262666839808,0.0,216.0,0.0
2025-01-27 14:00:00,526.0548956221303,0.0,250.0,0.0
2025-01-27 14:30:00,1080.7671607654856,0.0,429.0,0.0
2025-01-27 15:00:00,1338.5380829619924,0.0,484.0,0.0
2025-01-27 15:30:00,1247.814518960261,0.0,471.0,0.0
2025-01-27 16:00:00,1090.019419844535,0.0,405.0,0.0
2025-01-27 16:30:00,1050.6990519213389,0.0,416.0,0.0
2025-01-27 17:00:00,1285.381725229113,0.0,417.0,0.0
2025-01-27 17:30:00,916.7971836471854,0.0,289.0,0.0
2025-01-27 18:00:00,1292.5075986294435,0.0,456.00000000000006,0.0
2025-01-27 18:30:00,1474.498208801898,0.0,480.0,0.0
2025-01-27 19:00:00,1454.5388717884516,0.0,493.00000000000006,0.0
2025-01-27 19:30:00,1426.8273996631783,0.0,461.0,0.0
2025-01-27 20:00:00,1217.3026784452509,0.0,327.0,0.0
2025-01-27 20:30:00,1167.2007263374362,0.0,346.0,0.0
2025-01-27 21:00:00,1305.8925268398305,0.0,395.0,0.0
2025-01-27 21:30:00,997.1354527101838,0.0,393.0,0.0
2025-01-27 22:00:00,1422.2274896188785,0.0,453.0,0.0
2025-01-27 22:30:00,1373.6761207926143,0.0,404.00000000000006,0.0
2025-01-27 23:00:00,1310.910878736747,0.0,409.00000000000006,0.0
2025-01-27 23:30:00,1383.5345068285858,0.0,453.0,0.0
2025-01-28 00:00:00,1252.3894932096123,0.0,404.0,0.0
2025-01-28 00:30:00,1056.7200567367413,0.0,261.0,0.0
2025-01-28 01:00:00,866.6091302644801,0.0,214.0,0.0
2025-01-28 01:30:00,929.5069276337581,0.0,273.0,0.0
2025-01-28 02:00:00,1010.5676788280776,0.0,307.0,0.0
2025-01-28 02:30:00,1360.6523912506987,0.0,401.0,0.0
2025-01-28 03:00:00,1141.2420170593016,0.0,345.0,0.0
2025-01-28 03:30:00,1304.4559394510409,0.0,369.0,0.0
2025-01-28 04:00:00,1323.2891995915131,0.0,393.0,0.0
2025-01-28 04:30:00,1215.5566870738348,0.0,388.0,0.0
2025-01-28 05:00:00,1230.175868785203,0.0,396.0,0.0
2025-01-28 05:30:00,1339.3731128736817,0.0,387.0,0.0
2025-01-28 06:00:00,1339.10841313069,0.0,373.00000000000006,0.0
2025-01-28 06:30:00,774.4052958622731,0.0,199.0,0.0
2025-01-28 07:00:00,1028.2828818196583,0.0,311.0,0.0
2025-01-28 07:30:00,1180.9073224003566,0.0,345.0,0.0
2025-01-28 08:00:00,898.0262004071617,0.0,247.0,0.0
2025-01-28 08:30:00,934.9084187068444,0.0,281.0,0.0
2025-01-28 09:00:00,1196.1143242648548,0.0,370.0,0.0
2025-01-28 09:30:00,1150.0567670751875,0.0,481.0,0.0
2025-01-28 10:00:00,1329.2819660459134,0.0,492.0,0.0
2025-01-28 10:30:00,1112.0521016405362,0.0,479.99999999999994,0.0
2025-01-28 11:00:00,1273.4183333689916,0.0,424.00000000000006,0.0
2025-01-28 11:30:00,1077.5272535608667,0.0,469.0,0.0
2025-01-28 12:00:00,945.2513263452836,0.0,468.0,0.0
2025-01-28 12:30:00,864.4738702347679,0.0,363.0,0.0
2025-01-28 13:00:00,701.787378645504,0.0,374.0,0.0
2025-01-28 13:30:00,436.77622207169316,0.0,237.00000000000003,0.0
2025-01-28 14:00:00,616.0084364752478,0.0,273.0,0.0
2025-01-28 14:30:00,871.5594506453929,0.0,418.0,0.0
2025-01-28 15:00:00,993.15902118497,0.0,442.0,0.0
2025-01-28 15:30:00,1177.4322636454353,0.0,457.0,0.0
2025-01-28 16:00:00,1059.2018707208022,0.0,460.0,0.0
2025-01-28 16:30:00,1330.2177010983823,0.0,469.0,0.0
2025-01-28 17:00:00,1387.6939078423948,0.0,461.0,0.0
2025-01-28 17:30:00,1022.9279102218287,0.0,305.0,0.0
2025-01-28 18:00:00,1207.0774613514802,0.0,462.00000000000006,0.0
2025-01-28 18:30:00,1279.698430957428,0.0,473.0,0.0
2025-01-28 19:00:00,1262.8290213068155,0.0,455.0,0.0
2025-01-28 19:30:00,1449.7142510174822,0.0,458.0,0.0
2025-01-28 20:00:00,1107.9677324477038,0.0,343.0,0.0
2025-01-28 20:30:00,1151.4033503938385,0.0,360.0,0.0
2025-01-28 21:00:00,1478.4683513582288,0.0,434.0,0.0
2025-01-28 21:30:00,1423.584381009474,0.0,487.0,0.0
2025-01-28 22:00:00,1436.356493211717,0.0,434.0,0.0
2025-01-28 22:30:00,1396.4675227252412,0.0,398.0,0.0
2025-01-28 23:00:00,1481.8394461040934,0.0,465.0,0.0
2025-01-28 23:30:00,1367.555373964765,0.0,477.00000000000006,0.0
2025-01-29 00:00:00,1203.7341341965553,0.0,391.0,0.0
2025-01-29 00:30:00,915.8615831328772,0.0,279.0,0.0
2025-01-29 01:00:00,804.6951017902147,0.0,200.0,0.0
2025-01-29 01:30:00,896.576984452096,0.0,294.0,0.0
2025-01-29 02:00:00,1000.3415840426451,0.0,316.0,0.0
2025-01-29 02:30:00,1171.809499047526,0.0,391.0,0.0
2025-01-29 03:00:00,1449.4502134657691,0.0,471.0,0.0
2025-01-29 03:30:00,1236.2053879887467,0.0,383.0,0.0
2025-01-29 04:00:00,1278.7666152688325,0.0,391.0,0.0
2025-01-29 04:30:00,1255.7892027154899,0.0,386.0,0.0
2025-01-29 05:00:00,1161.5121279823634,0.0,353.0,0.0
2025-01-29 05:30:00,1286.2706167801177,0.0,428.99999999999994,0.0
2025-01-29 06:00:00,1135.8776254189645,0.0,362.0,0.0
2025-01-29 06:30:00,730.9584786390321,0.0,213.0,0.0
2025-01-29 07:00:00,921.1811064232004,0.0,303.0,0.0
2025-01-29 07:30:00,1025.0362155685668,0.0,349.0,0.0
2025-01-29 08:00:00,904.5531517062823,0.0,288.0,0.0
2025-01-29 08:30:00,849.4738180957622,0.0,307.0,0.0
2025-01-29 09:00:00,1010.0065509319714,0.0,349.0,0.0
2025-01-29 09:30:00,981.6480188489321,0.0,406.0,0.0
2025-01-29 10:00:00,950.7888556664783,0.0,456.0,0.0
2025-01-29 10:30:00,1132.777906871661,0.0,453.0,0.0
2025-01-29 11:00:00,846.7048889549673,0.0,317.0,0.0
2025-01-29 11:30:00,688.5370713929773,0.0,316.0,0.0
2025-01-29 12:00:00,873.5740924255894,0.0,399.0,0.0
2025-01-29 12:30:00,835.1370523971543,0.0,401.0,0.0
2025-01-29 13:00:00,650.0719260720167,0.0,317.0,0.0
2025-01-29 13:30:00,335.10004868218397,0.0,268.0,0.0
2025-01-29 14:00:00,528.1448465377438,0.0,278.0,0.0
2025-01-29 14:30:00,782.0364977728301,0.0,377.0,0.0
2025-01-29 15:00:00,1017.199719374704,0.0,446.0,0.0
2025-01-29 15:30:00,998.7226923860893,0.0,434.0,0.0
2025-01-29 16:00:00,1018.2618424728611,0.0,454.0,0.0
2025-01-29 16:30:00,895.435220696368,0.0,422.0,0.0
2025-01-29 17:00:00,941.4382828831467,0.0,371.0,0.0
2025-01-29 17:30:00,753.6723349160196,0.0,293.0,0.0
2025-01-29 18:00:00,1124.5906112558864,0.0,388.0,0.0
2025-01-29 18:30:00,1198.482476104172,0.0,371.0,0.0
2025-01-29 19:00:00,1158.4314317791525,0.0,390.0,0.0
2025-01-29 19:30:00,1093.3814954593413,0.0,370.0,0.0
2025-01-29 20:00:00,974.0229756709999,0.0,268.0,0.0
2025-01-29 20:30:00,854.4359584066522,0.0,281.0,0.0
2025-01-29 21:00:00,1119.8480035977543,0.0,363.0,0.0
2025-01-29 21:30:00,1152.0190724605632,0.0,388.0,0.0
2025-01-29 22:00:00,1096.2424747465118,0.0,396.0,0.0
2025-01-29 22:30:00,1245.8400996830953,0.0,418.0,0.0
2025-01-29 23:00:00,1137.5180223139982,0.0,415.0,0.0
2025-01-29 23:30:00,1188.0463396992543,0.0,373.0,0.0
2025-01-30 00:00:00,1255.410312999717,0.0,357.0,0.0
2025-01-30 00:30:00,1011.5476085139541,0.0,231.0,0.0
2025-01-30 01:00:00,836.6039337031353,0.0,169.0,0.0
2025-01-30 01:30:00,1019.3469588612619,0.0,267.0,0.0
2025-01-30 02:00:00,1170.8733515521144,0.0,331.0,0.0
2025-01-30 02:30:00,1431.6045544560761,0.0,380.00000000000006,0.0
2025-01-30 03:00:00,1341.341610751604,0.0,393.0,0.0
2025-01-30 03:30:00,1351.0307129082028,0.0,429.0,0.0
2025-01-30 04:00:00,1221.5405635388042,0.0,423.0,0.0
2025-01-30 04:30:00,1181.7484522053012,0.0,379.99999999999994,0.0
2025-01-30 05:00:00,1202.137358313211,0.0,331.0,0.0
2025-01-30 05:30:00,1232.982261327502,0.0,377.0,0.0
2025-01-30 06:00:00,1132.848938141648,0.0,346.0,0.0
2025-01-30 06:30:00,808.7341105038234,0.0,171.0,0.0
2025-01-30 07:00:00,990.2288300518566,0.0,296.0,0.0
2025-01-30 07:30:00,1229.7748838788236,0.0,410.0,0.0
2025-01-30 08:00:00,1061.5305448770714,0.0,295.0,0.0
2025-01-30 08:30:00,1101.549547525068,0.0,319.0,0.0
2025-01-30 09:00:00,1209.0279167498072,0.0,445.0,0.0
2025-01-30 09:30:00,1383.7591978637474,0.0,486.0,0.0
2025-01-30 10:00:00,1042.7060115785443,0.0,441.0,0.0
2025-01-30 10:30:00,1110.1753534399136,0.0,459.0,0.0
2025-01-30 11:00:00,1251.7140243487202,0.0,494.0,0.0
2025-01-30 11:30:00,1267.5873880922545,0.0,481.0,0.0
2025-01-30 12:00:00,1076.5270113942854,0.0,489.0,0.0
2025-01-30 12:30:00,1043.4122951775016,0.0,453.0,0.0
2025-01-30 13:00:00,1023.9843127157797,0.0,404.0,0.0
2025-01-30 13:30:00,387.8177532938053,0.0,230.0,0.0
2025-01-30 14:00:00,438.75230795111986,0.0,269.0,0.0
2025-01-30 14:30:00,1241.0782350288753,0.0,464.0,0.0
2025-01-30 15:00:00,951.5252396018691,0.0,438.0,0.0
2025-01-30 15:30:00,1343.3260002207562,0.0,497.0,0.0
2025-01-30 16:00:00,1339.6363596998026,0.0,530.0,0.0
2025-01-30 16:30:00,1478.300503261022,0.0,530.0,0.0
2025-01-30 17:00:00,1506.6627087761265,0.0,535.0,0.0
2025-01-30 17:30:00,1086.9959896583925,0.0,312.0,0.0
2025-01-30 18:00:00,1319.7085746768978,0.0,465.0,0.0
2025-01-30 18:30:00,1673.9471821311513,0.0,535.0,0.0
2025-01-30 19:00:00,1544.6373084823717,0.0,523.0,0.0
2025-01-30 19:30:00,1623.848624304399,0.0,496.0,0.0
2025-01-30 20:00:00,1251.5638257636217,0.0,384.0,0.0
2025-01-30 20:30:00,1071.8018423285273,0.0,298.0,0.0
2025-01-30 21:00:00,1425.93152451958,0.0,441.0,0.0
2025-01-30 21:30:00,1490.8844624208928,0.0,431.00000000000006,0.0
2025-01-30 22:00:00,1405.438009146879,0.0,401.0,0.0
2025-01-30 22:30:00,1340.0928361139183,0.0,403.0,0.0
2025-01-30 23:00:00,1299.3566572667805,0.0,400.00000000000006,0.0
2025-01-30 23:30:00,1124.1830643510114,0.0,406.0,0.0
2025-01-31 00:00:00,1160.3342415841994,0.0,366.99999999999994,0.0
2025-01-31 00:30:00,807.435151259798,0.0,234.0,0.0
2025-01-31 01:00:00,776.8813108199905,0.0,165.0,0.0
2025-01-31 01:30:00,836.9960671381973,0.0,277.0,0.0
2025-01-31 02:00:00,1147.5406398389232,0.0,344.0,0.0
2025-01-31 02:30:00,1420.8147713331139,0.0,406.00000000000006,0.0
2025-01-31 03:00:00,1282.0060513278747,0.0,404.0,0.0
2025-01-31 03:30:00,1253.453860421554,0.0,380.0,0.0
2025-01-31 04:00:00,1131.5060193713937,0.0,338.0,0.0
2025-01-31 04:30:00,1193.833257344552,0.0,319.0,0.0
2025-01-31 05:00:00,1087.8850894799702,0.0,342.0,0.0
2025-01-31 05:30:00,966.0870447157441,0.0,318.0,0.0
2025-01-31 06:00:00,1114.6882986232883,0.0,363.00000000000006,0.0
2025-01-31 06:30:00,910.51880818442,0.0,174.0,0.0
2025-01-31 07:00:00,1169.2200254036354,0.0,362.99999999999994,0.0
2025-01-31 07:30:00,1080.7760511594627,0.0,310.0,0.0
2025-01-31 08:00:00,909.454051610291,0.0,235.00000000000003,0.0
2025-01-31 08:30:00,877.5576899898855,0.0,266.0,0.0
2025-01-31 09:00:00,994.3450855885616,0.0,364.0,0.0
2025-01-31 09:30:00,1125.3235108945032,0.0,373.0,0.0
2025-01-31 10:00:00,957.5104596909367,0.0,385.0,0.0
2025-01-31 10:30:00,1005.4531957964483,0.0,397.0,0.0
2025-01-31 11:00:00,936.965465545187,0.0,452.0,0.0
2025-01-31 11:30:00,1016.6365904040298,0.0,419.0,0.0
2025-01-31 12:00:00,980.3048802917632,0.0,434.0,0.0
2025-01-31 12:30:00,831.1186748172765,0.0,403.0,0.0
2025-01-31 13:00:00,783.7531175551306,0.0,332.0,0.0
2025-01-31 13:30:00,496.2896262755989,0.0,232.0,0.0
2025-01-31 14:00:00,597.4921661798751,0.0,258.0,0.0
2025-01-31 14:30:00,902.8323892198251,0.0,396.0,0.0
2025-01-31 15:00:00,1022.9057941754871,0.0,452.0,0.0
2025-01-31 15:30:00,1017.896882063988,0.0,383.0,0.0
2025-01-31 16:00:00,1138.35710317177,0.0,460.0,0.0
2025-01-31 16:30:00,1162.4974304769542,0.0,465.0,0.0
2025-01-31 17:00:00,1216.324878179119,0.0,439.0,0.0
2025-01-31 17:30:00,895.5365382784573,0.0,256.0,0.0
2025-01-31 18:00:00,1254.9600520280108,0.0,397.99999999999994,0.0
2025-01-31 18:30:00,1591.1424685909951,0.0,476.0,0.0
2025-01-31 19:00:00,1399.715155364417,0.0,431.0,0.0
2025-01-31 19:30:00,1147.9629229749507,0.0,378.0,0.0
2025-01-31 20:00:00,1112.1718592341047,0.0,288.0,0.0
2025-01-31 20:30:00,987.5537268208093,0.0,323.0,0.0
2025-01-31 21:00:00,1265.0804304644116,0.0,388.0,0.0
2025-01-31 21:30:00,1314.781900236299,0.0,395.99999999999994,0.0
2025-01-31 22:00:00,1075.1836731617536,0.0,369.0,0.0
2025-01-31 22:30:00,1277.3007824863582,0.0,413.0,0.0
2025-01-31 23:00:00,1294.593032171548,0.0,403.0,0.0
2025-01-31 23:30:00,1342.5063408052304,0.0,400.00000000000006,0.0
2025-02-01 00:00:00,948.5336235111721,0.0,431.0,0.0
2025-02-01 00:30:00,704.9405441156758,0.0,326.0,0.0
2025-02-01 01:00:00,600.9829280061606,0.0,239.0,0.0
2025-02-01 01:30:00,693.8512735237522,0.0,285.0,0.0
2025-02-01 02:00:00,768.2547378956497,0.0,367.0,0.0
2025-02-01 02:30:00,903.8233894447984,0.0,380.0,0.0
2025-02-01 03:00:00,796.8350088303778,0.0,360.0,0.0
2025-02-01 03:30:00,883.7506417034612,0.0,408.0,0.0
2025-02-01 04:00:00,878.086406856426,0.0,373.0,0.0
2025-02-01 04:30:00,883.7673890514743,0.0,355.0,0.0
2025-02-01 05:00:00,843.2286529131725,0.0,391.0,0.0
2025-02-01 05:30:00,845.1347279137401,0.0,367.0,0.0
2025-02-01 06:00:00,753.335536197068,0.0,301.0,0.0
2025-02-01 06:30:00,495.827379096579,0.0,212.0,0.0
2025-02-01 07:00:00,711.7912111469262,0.0,321.0,0.0
2025-02-01 07:30:00,795.7066276364853,0.0,347.0,0.0
2025-02-01 08:00:00,675.1136609872977,0.0,298.0,0.0
2025-02-01 08:30:00,714.7716797763067,0.0,337.0,0.0
2025-02-01 09:00:00,856.6089265014555,0.0,496.00000000000006,0.0
2025-02-01 09:30:00,844.4199276449347,0.0,433.00000000000006,0.0
2025-02-01 10:00:00,851.8092485044211,0.0,471.0,0.0
2025-02-01 10:30:00,782.7649061097612,0.0,459.99999999999994,0.0
2025-02-01 11:00:00,765.1291976537002,0.0,457.99999999999994,0.0
2025-02-01 11:30:00,686.5423448854392,0.0,475.0,0.0
2025-02-01 12:00:00,640.3511873746023,0.0,464.0,0.0
2025-02-01 12:30:00,677.6186942804939,0.0,426.0,0.0
2025-02-01 13:00:00,654.3557487353079,0.0,416.00000000000006,0.0
2025-02-01 13:30:00,348.033632406915,0.0,213.0,0.0
2025-02-01 14:00:00,289.68797775693224,0.0,182.0,0.0
2025-02-01 14:30:00,625.5647901469598,0.0,410.0,0.0
2025-02-01 15:00:00,601.4158366384601,0.0,406.99999999999994,0.0
2025-02-01 15:30:00,648.0431528077498,0.0,433.00000000000006,0.0
2025-02-01 16:00:00,642.9590530800506,0.0,462.00000000000006,0.0
2025-02-01 16:30:00,918.489129879368,0.0,421.0,0.0
2025-02-01 17:00:00,725.460930705806,0.0,291.0,0.0
2025-02-01 17:30:00,533.7574400250027,0.0,240.0,0.0
2025-02-01 18:00:00,723.2959087140156,0.0,312.0,0.0
2025-02-01 18:30:00,675.3468325468874,0.0,286.0,0.0
2025-02-01 19:00:00,627.3917471961691,0.0,254.0,0.0
2025-02-01 19:30:00,584.6347119351268,0.0,232.0,0.0
2025-02-01 20:00:00,566.1576396465811,0.0,206.0,0.0
2025-02-01 20:30:00,650.0593448958307,0.0,304.0,0.0
2025-02-01 21:00:00,785.1252859553837,0.0,373.0,0.0
2025-02-01 21:30:00,670.4838285905663,0.0,319.0,0.0
2025-02-01 22:00:00,893.0112084665262,0.0,380.0,0.0
2025-02-01 22:30:00,903.9009637540502,0.0,406.0,0.0
2025-02-01 23:00:00,886.5627347675336,0.0,418.0,0.0
2025-02-01 23:30:00,827.8353624996413,0.0,357.0,0.0
2025-02-02 00:00:00,1272.5965571573277,0.0,411.0,0.0
2025-02-02 00:30:00,941.5851766967124,0.0,319.0,0.0
2025-02-02 01:00:00,876.0446872063552,0.0,252.99999999999997,0.0
2025-02-02 01:30:00,1099.0848520339307,0.0,282.0,0.0
2025-02-02 02:00:00,983.3953216733667,0.0,276.0,0.0
2025-02-02 02:30:00,1182.8340338251114,0.0,368.0,0.0
2025-02-02 03:00:00,1109.1306706863409,0.0,344.0,0.0
2025-02-02 03:30:00,1237.4281114561682,0.0,352.0,0.0
2025-02-02 04:00:00,1182.554193405858,0.0,338.0,0.0
2025-02-02 04:30:00,1147.4362377915454,0.0,330.0,0.0
2025-02-02 05:00:00,969.7347298332354,0.0,246.99999999999997,0.0
2025-02-02 05:30:00,868.0474109192853,0.0,228.0,0.0
2025-02-02 06:00:00,887.3760772159548,0.0,247.0,0.0
2025-02-02 06:30:00,684.9466676810238,0.0,142.0,0.0
2025-02-02 07:00:00,866.5745803236714,0.0,229.0,0.0
2025-02-02 07:30:00,649.8874424298709,0.0,194.99999999999997,0.0
2025-02-02 08:00:00,684.213761635058,0.0,169.0,0.0
2025-02-02 08:30:00,566.0435015285663,0.0,173.0,0.0
2025-02-02 09:00:00,842.1963245336633,0.0,266.0,0.0
2025-02-02 09:30:00,1117.3484282007546,0.0,423.0,0.0
2025-02-02 10:00:00,993.3144736371597,0.0,425.0,0.0
2025-02-02 10:30:00,1100.5974782579044,0.0,439.0,0.0
2025-02-02 11:00:00,1014.5735119080307,0.0,413.0,0.0
2025-02-02 11:30:00,923.4830237611781,0.0,397.0,0.0
2025-02-02 12:00:00,837.4240242728716,0.0,445.0,0.0
2025-02-02 12:30:00,922.1769396763523,0.0,456.0,0.0
2025-02-02 13:00:00,781.8519483022276,0.0,354.0,0.0
2025-02-02 13:30:00,298.34118706106955,0.0,165.0,0.0
2025-02-02 14:00:00,377.4912208422598,0.0,175.0,0.0
2025-02-02 14:30:00,1059.8665954790524,0.0,408.0,0.0
2025-02-02 15:00:00,1164.9694410071625,0.0,428.0,0.0
2025-02-02 15:30:00,1172.9702656612096,0.0,454.0,0.0
2025-02-02 16:00:00,1486.4665974956888,0.0,518.0,0.0
2025-02-02 16:30:00,1421.9742719097578,0.0,462.0,0.0
2025-02-02 17:00:00,1289.1925859436024,0.0,444.00000000000006,0.0
2025-02-02 17:30:00,1121.557644074223,0.0,292.0,0.0
2025-02-02 18:00:00,1116.5549042896469,0.0,364.0,0.0
2025-02-02 18:30:00,1002.7425362587039,0.0,288.0,0.0
2025-02-02 19:00:00,959.9211096675623,0.0,279.0,0.0
2025-02-02 19:30:00,763.9327092317776,0.0,217.0,0.0
2025-02-02 20:00:00,633.9738322052318,0.0,165.0,0.0
2025-02-02 20:30:00,654.6009931941808,0.0,187.99999999999997,0.0
2025-02-02 21:00:00,900.2690076807726,0.0,282.0,0.0
2025-02-02 21:30:00,963.3778456764785,0.0,263.0,0.0
2025-02-02 22:00:00,814.1550475495021,0.0,225.0,0.0
2025-02-02 22:30:00,1017.7257750994125,0.0,270.0,0.0
2025-02-02 23:00:00,976.473204407226,0.0,261.0,0.0
2025-02-02 23:30:00,999.4343711360634,0.0,281.0,0.0
2025-02-03 00:00:00,837.0146529661906,0.0,225.0,0.0
2025-02-03 00:30:00,574.759656401154,0.0,155.0,0.0
2025-02-03 01:00:00,604.1110764961604,0.0,154.0,0.0
2025-02-03 01:30:00,712.0013796570912,0.0,235.0,0.0
2025-02-03 02:00:00,889.8782579753137,0.0,279.0,0.0
2025-02-03 02:30:00,992.1475893820697,0.0,252.0,0.0
2025-02-03 03:00:00,967.1812179134531,0.0,272.0,0.0
2025-02-03 03:30:00,1040.3769181756375,0.0,302.0,0.0
2025-02-03 04:00:00,884.3634216815354,0.0,252.00000000000003,0.0
2025-02-03 04:30:00,767.6421180491099,0.0,259.0,0.0
2025-02-03 05:00:00,877.5747699669031,0.0,248.00000000000003,0.0
2025-02-03 05:30:00,946.843438800753,0.0,268.0,0.0
2025-02-03 06:00:00,766.882538411132,0.0,214.0,0.0
2025-02-03 06:30:00,652.853490851162,0.0,137.0,0.0
2025-02-03 07:00:00,812.9030458034978,0.0,228.0,0.0
2025-02-03 07:30:00,755.0265925976379,0.0,244.0,0.0
2025-02-03 08:00:00,796.9077351192097,0.0,232.0,0.0
2025-02-03 08:30:00,916.7706555740041,0.0,312.0,0.0
2025-02-03 09:00:00,1227.569725887912,0.0,416.0,0.0
2025-02-03 09:30:00,1349.9999229938082,0.0,448.00000000000006,0.0
2025-02-03 10:00:00,1250.4639224417995,0.0,450.0,0.0
2025-02-03 10:30:00,1429.9130525644825,0.0,416.00000000000006,0.0
2025-02-03 11:00:00,1470.9964542450466,0.0,424.0,0.0
2025-02-03 11:30:00,1349.71443286718,0.0,421.0,0.0
2025-02-03 12:00:00,1287.139876525629,0.0,420.0,0.0
2025-02-03 12:30:00,1184.8519446666257,0.0,400.0,0.0
2025-02-03 13:00:00,933.6792818551619,0.0,303.0,0.0
2025-02-03 13:30:00,569.3191372586219,0.0,183.00000000000003,0.0
2025-02-03 14:00:00,612.12194961348,0.0,214.0,0.0
2025-02-03 14:30:00,1060.315279293906,0.0,397.0,0.0
2025-02-03 15:00:00,1040.2715894263185,0.0,433.0,0.0
2025-02-03 15:30:00,1190.0611299051238,0.0,428.0,0.0
2025-02-03 16:00:00,1186.030938338912,0.0,456.0,0.0
2025-02-03 16:30:00,1190.7861252479831,0.0,419.0,0.0
2025-02-03 17:00:00,1244.08950400176,0.0,438.99999999999994,0.0
2025-02-03 17:30:00,790.0344665238758,0.0,235.0,0.0
2025-02-03 18:00:00,1314.4359554545765,0.0,429.0,0.0
2025-02-03 18:30:00,1313.238737840011,0.0,439.0,0.0
2025-02-03 19:00:00,1391.7827678894973,0.0,463.0,0.0
2025-02-03 19:30:00,1263.045039427017,0.0,418.0,0.0
2025-02-03 20:00:00,1150.0097716685475,0.0,361.0,0.0
2025-02-03 20:30:00,1054.4815544891271,0.0,296.0,0.0
2025-02-03 21:00:00,1144.012795334672,0.0,351.0,0.0
2025-02-03 21:30:00,1354.514947670781,0.0,422.0,0.0
2025-02-03 22:00:00,1356.4414531845466,0.0,406.0,0.0
2025-02-03 22:30:00,1365.5589968014447,0.0,415.00000000000006,0.0
2025-02-03 23:00:00,1294.842013449573,0.0,441.0,0.0
2025-02-03 23:30:00,1399.9540835929329,0.0,441.0,0.0
2025-02-04 00:00:00,1216.204889554278,0.0,382.0,0.0
2025-02-04 00:30:00,916.5423017554929,0.0,249.0,0.0
2025-02-04 01:00:00,759.3569815261309,0.0,204.0,0.0
2025-02-04 01:30:00,957.7825887733114,0.0,280.0,0.0
2025-02-04 02:00:00,1111.396273721204,0.0,332.0,0.0
2025-02-04 02:30:00,1407.9120690502775,0.0,395.00000000000006,0.0
2025-02-04 03:00:00,1175.799881830214,0.0,360.0,0.0
2025-02-04 03:30:00,1201.1581838500636,0.0,370.00000000000006,0.0
2025-02-04 04:00:00,1235.6777788259062,0.0,402.0,0.0
2025-02-04 04:30:00,1083.0334881191038,0.0,369.0,0.0
2025-02-04 05:00:00,1233.10519128221,0.0,378.99999999999994,0.0
2025-02-04 05:30:00,1164.37715887883,0.0,373.0,0.0
2025-02-04 06:00:00,1032.3809931756348,0.0,320.0,0.0
2025-02-04 06:30:00,820.4063449133001,0.0,241.0,0.0
2025-02-04 07:00:00,1028.7293530259697,0.0,317.0,0.0
2025-02-04 07:30:00,1299.7215049121053,0.0,407.00000000000006,0.0
2025-02-04 08:00:00,952.4395839355955,0.0,289.0,0.0
2025-02-04 08:30:00,954.1095762441042,0.0,302.0,0.0
2025-02-04 09:00:00,1147.2362593799771,0.0,371.0,0.0
2025-02-04 09:30:00,930.023714872624,0.0,406.0,0.0
2025-02-04 10:00:00,920.572273542519,0.0,412.0,0.0
2025-02-04 10:30:00,857.743767081903,0.0,415.0,0.0
2025-02-04 11:00:00,855.1935155106485,0.0,413.0,0.0
2025-02-04 11:30:00,808.9598732588155,0.0,412.99999999999994,0.0
2025-02-04 12:00:00,799.9436063943989,0.0,425.0,0.0
2025-02-04 12:30:00,741.8775963027205,0.0,367.0,0.0
2025-02-04 13:00:00,773.518557613044,0.0,362.0,0.0
2025-02-04 13:30:00,290.6804595462986,0.0,268.0,0.0
2025-02-04 14:00:00,502.26245920140644,0.0,302.0,0.0
2025-02-04 14:30:00,820.0531444677754,0.0,413.0,0.0
2025-02-04 15:00:00,1002.7006827801063,0.0,415.0,0.0
2025-02-04 15:30:00,1038.6793350309435,0.0,450.0,0.0
2025-02-04 16:00:00,1048.775380031541,0.0,419.0,0.0
2025-02-04 16:30:00,1102.348113989151,0.0,421.0,0.0
2025-02-04 17:00:00,1381.8289548347254,0.0,449.0,0.0
2025-02-04 17:30:00,891.9263646332207,0.0,292.0,0.0
2025-02-04 18:00:00,1270.662751878334,0.0,468.0,0.0
2025-02-04 18:30:00,1302.7830776148119,0.0,487.0,0.0
2025-02-04 19:00:00,1250.0765603695886,0.0,458.0,0.0
2025-02-04 19:30:00,1300.349068743002,0.0,432.0,0.0
2025-02-04 20:00:00,1070.0663409350868,0.0,337.0,0.0
2025-02-04 20:30:00,942.3816035062531,0.0,319.0,0.0
2025-02-04 21:00:00,1285.8296019917846,0.0,400.0,0.0
2025-02-04 21:30:00,1342.253876072565,0.0,444.0,0.0
2025-02-04 22:00:00,1524.4286710380586,0.0,435.0,0.0
2025-02-04 22:30:00,1221.2284219807898,0.0,424.0,0.0
2025-02-04 23:00:00,1319.5688287139453,0.0,407.0,0.0
2025-02-04 23:30:00,1182.1966923578,0.0,337.0,0.0
2025-02-05 00:00:00,1287.396311900026,0.0,391.0,0.0
2025-02-05 00:30:00,1003.1544129526978,0.0,279.0,0.0
2025-02-05 01:00:00,793.1634566317385,0.0,200.0,0.0
2025-02-05 01:30:00,992.2523244961145,0.0,294.0,0.0
2025-02-05 02:00:00,1014.5995826270644,0.0,316.0,0.0
2025-02-05 02:30:00,1235.260332295839,0.0,391.0,0.0
2025-02-05 03:00:00,1572.0607631576527,0.0,471.00000000000006,0.0
2025-02-05 03:30:00,1377.4055912046017,0.0,383.0,0.0
2025-02-05 04:00:00,1257.5995408287624,0.0,391.0,0.0
2025-02-05 04:30:00,1235.7920626464263,0.0,386.0,0.0
2025-02-05 05:00:00,971.8130861622282,0.0,353.0,0.0
2025-02-05 05:30:00,1326.2742969303868,0.0,429.0,0.0
2025-02-05 06:00:00,1206.662440786628,0.0,362.0,0.0
2025-02-05 06:30:00,792.8390102519829,0.0,213.0,0.0
2025-02-05 07:00:00,882.9222996791925,0.0,303.0,0.0
2025-02-05 07:30:00,986.5217493490179,0.0,349.0,0.0
2025-02-05 08:00:00,930.2201027428138,0.0,288.0,0.0
2025-02-05 08:30:00,895.9796669851869,0.0,307.0,0.0
2025-02-05 09:00:00,1008.7151108583549,0.0,349.0,0.0
2025-02-05 09:30:00,1005.3264790753276,0.0,406.0,0.0
2025-02-05 10:00:00,1066.1596866131233,0.0,456.0,0.0
2025-02-05 10:30:00,1204.8603695542015,0.0,453.0,0.0
2025-02-05 11:00:00,820.6545379783308,0.0,317.0,0.0
2025-02-05 11:30:00,608.9507640286541,0.0,316.0,0.0
2025-02-05 12:00:00,794.7254650894325,0.0,399.0,0.0
2025-02-05 12:30:00,882.6223924385512,0.0,401.0,0.0
2025-02-05 13:00:00,724.0831877613233,0.0,317.0,0.0
2025-02-05 13:30:00,387.285376151399,0.0,268.0,0.0
2025-02-05 14:00:00,529.6149046102704,0.0,278.0,0.0
2025-02-05 14:30:00,780.3839024285007,0.0,377.0,0.0
2025-02-05 15:00:00,959.9956734454848,0.0,446.0,0.0
2025-02-05 15:30:00,1082.8189593553973,0.0,434.0,0.0
2025-02-05 16:00:00,1052.2346898819787,0.0,454.0,0.0
2025-02-05 16:30:00,1058.379228257411,0.0,422.0,0.0
2025-02-05 17:00:00,876.3571216384296,0.0,371.0,0.0
2025-02-05 17:30:00,919.5794440294037,0.0,293.0,0.0
2025-02-05 18:00:00,1170.2079204343331,0.0,387.99999999999994,0.0
2025-02-05 18:30:00,1085.183276358818,0.0,371.0,0.0
2025-02-05 19:00:00,1206.84737699259,0.0,390.0,0.0
2025-02-05 19:30:00,1190.2001041713418,0.0,370.0,0.0
2025-02-05 20:00:00,939.3005208554623,0.0,268.0,0.0
2025-02-05 20:30:00,955.4215072788229,0.0,281.0,0.0
2025-02-05 21:00:00,1190.6727495147434,0.0,363.00000000000006,0.0
2025-02-05 21:30:00,1276.9729870368362,0.0,388.0,0.0
2025-02-05 22:00:00,1232.9835931914688,0.0,396.0,0.0
2025-02-05 22:30:00,1205.7450872799425,0.0,418.0,0.0
2025-02-05 23:00:00,1234.2431459893094,0.0,415.0,0.0
2025-02-05 23:30:00,1223.6783218543658,0.0,373.0,0.0
2025-02-06 00:00:00,1237.9697143305584,0.0,387.00000000000006,0.0
2025-02-06 00:30:00,1031.9466551365451,0.0,320.0,0.0
2025-02-06 01:00:00,888.2330690637123,0.0,237.0,0.0
2025-02-06 01:30:00,1011.62769974235,0.0,352.0,0.0
2025-02-06 02:00:00,1192.756782142777,0.0,351.0,0.0
2025-02-06 02:30:00,1453.214380984467,0.0,456.0,0.0
2025-02-06 03:00:00,1456.4334901056025,0.0,471.0,0.0
2025-02-06 03:30:00,1512.6260680296582,0.0,466.0,0.0
2025-02-06 04:00:00,1305.5132206092417,0.0,456.00000000000006,0.0
2025-02-06 04:30:00,1227.7421099324233,0.0,440.0,0.0
2025-02-06 05:00:00,1417.997458320319,0.0,465.99999999999994,0.0
2025-02-06 05:30:00,1298.3318478334056,0.0,456.0,0.0
2025-02-06 06:00:00,1269.4507926535027,0.0,409.0,0.0
2025-02-06 06:30:00,844.6159431047612,0.0,209.0,0.0
2025-02-06 07:00:00,1298.5541424598591,0.0,397.0,0.0
2025-02-06 07:30:00,1348.8915483363855,0.0,412.0,0.0
2025-02-06 08:00:00,1050.6524653109566,0.0,344.0,0.0
2025-02-06 08:30:00,1058.3194651179444,0.0,359.0,0.0
2025-02-06 09:00:00,1320.6358149836162,0.0,517.0,0.0
2025-02-06 09:30:00,1361.74374269266,0.0,497.00000000000006,0.0
2025-02-06 10:00:00,1206.7628644542306,0.0,499.0,0.0
2025-02-06 10:30:00,1379.976812700981,0.0,479.99999999999994,0.0
2025-02-06 11:00:00,1142.8123915763701,0.0,524.0,0.0
2025-02-06 11:30:00,1161.5254055295,0.0,506.0,0.0
2025-02-06 12:00:00,1258.1738200015461,0.0,533.0,0.0
2025-02-06 12:30:00,1204.3646071333967,0.0,495.0,0.0
2025-02-06 13:00:00,1015.6814920831766,0.0,416.0,0.0
2025-02-06 13:30:00,750.6163753022081,0.0,298.0,0.0
2025-02-06 14:00:00,829.9116656322157,0.0,340.0,0.0
2025-02-06 14:30:00,1235.8636520753269,0.0,503.0,0.0
2025-02-06 15:00:00,1172.2254162462843,0.0,519.0,0.0
2025-02-06 15:30:00,1232.7112412451104,0.0,468.0,0.0
2025-02-06 16:00:00,1173.4494352751933,0.0,484.0,0.0
2025-02-06 16:30:00,1309.940760837772,0.0,475.00000000000006,0.0
2025-02-06 17:00:00,1270.3037802880622,0.0,480.0,0.0
2025-02-06 17:30:00,1026.82336139348,0.0,362.0,0.0
2025-02-06 18:00:00,1503.873312182367,0.0,516.0,0.0
2025-02-06 18:30:00,1515.308142329713,0.0,528.0,0.0
2025-02-06 19:00:00,1545.3413852989308,0.0,567.0,0.0
2025-02-06 19:30:00,1648.5181075204111,0.0,541.0,0.0
2025-02-06 20:00:00,1136.0375323659187,0.0,382.0,0.0
2025-02-06 20:30:00,1149.3414544495497,0.0,343.0,0.0
2025-02-06 21:00:00,1378.552510842162,0.0,441.99999999999994,0.0
2025-02-06 21:30:00,1383.0299377676686,0.0,494.00000000000006,0.0
2025-02-06 22:00:00,1372.7000925468294,0.0,472.0,0.0
2025-02-06 22:30:00,1383.1466503070149,0.0,496.00000000000006,0.0
2025-02-06 23:00:00,1505.9427910812842,0.0,494.0,0.0
2025-02-06 23:30:00,1445.1096864450883,0.0,471.99999999999994,0.0
2025-02-07 00:00:00,1256.512979481329,0.0,367.00000000000006,0.0
2025-02-07 00:30:00,1000.9749480704527,0.0,234.0,0.0
2025-02-07 01:00:00,814.135777826634,0.0,165.0,0.0
2025-02-07 01:30:00,968.8465688030644,0.0,277.0,0.0
2025-02-07 02:00:00,1080.1493418403,0.0,344.0,0.0
2025-02-07 02:30:00,1289.5844470698626,0.0,406.0,0.0
2025-02-07 03:00:00,1449.172837776743,0.0,404.0,0.0
2025-02-07 03:30:00,1140.3563795638647,0.0,380.0,0.0
2025-02-07 04:00:00,1162.5810859291003,0.0,338.0,0.0
2025-02-07 04:30:00,1148.3575074892656,0.0,319.0,0.0
2025-02-07 05:00:00,1118.3168165957482,0.0,342.0,0.0
2025-02-07 05:30:00,1061.9768095601255,0.0,318.0,0.0
2025-02-07 06:00:00,1097.1824019127296,0.0,363.0,0.0
2025-02-07 06:30:00,832.6095859013876,0.0,174.0,0.0
2025-02-07 07:00:00,1120.778464305419,0.0,363.0,0.0
2025-02-07 07:30:00,1207.1489742540407,0.0,310.0,0.0
2025-02-07 08:00:00,912.5833983979745,0.0,235.0,0.0
2025-02-07 08:30:00,831.633692980997,0.0,266.0,0.0
2025-02-07 09:00:00,1024.4495123350341,0.0,364.0,0.0
2025-02-07 09:30:00,1048.898762193717,0.0,373.0,0.0
2025-02-07 10:00:00,985.7173217412123,0.0,385.0,0.0
2025-02-07 10:30:00,1021.0617862693434,0.0,397.0,0.0
2025-02-07 11:00:00,862.4636910408805,0.0,452.00000000000006,0.0
2025-02-07 11:30:00,1137.9575702262573,0.0,419.0,0.0
2025-02-07 12:00:00,1021.5425354376396,0.0,434.0,0.0
2025-02-07 12:30:00,805.0627016068178,0.0,402.99999999999994,0.0
2025-02-07 13:00:00,766.4873313187453,0.0,332.0,0.0
2025-02-07 13:30:00,467.426531750216,0.0,232.0,0.0
2025-02-07 14:00:00,608.666491730929,0.0,258.0,0.0
2025-02-07 14:30:00,857.9801605648395,0.0,396.0,0.0
2025-02-07 15:00:00,1059.2357871999911,0.0,452.0,0.0
2025-02-07 15:30:00,991.9173941979271,0.0,383.0,0.0
2025-02-07 16:00:00,1052.6610310044282,0.0,460.0,0.0
2025-02-07 16:30:00,1155.956095428772,0.0,465.0,0.0
2025-02-07 17:00:00,1254.389909345599,0.0,439.0,0.0
2025-02-07 17:30:00,909.0205684518662,0.0,256.0,0.0
2025-02-07 18:00:00,1302.5510698646867,0.0,398.0,0.0
2025-02-07 18:30:00,1539.5867845309974,0.0,476.0,0.0
2025-02-07 19:00:00,1451.3240781216487,0.0,431.0,0.0
2025-02-07 19:30:00,1354.4362172067129,0.0,378.0,0.0
2025-02-07 20:00:00,946.3172731900237,0.0,288.0,0.0
2025-02-07 20:30:00,985.9219781026787,0.0,323.0,0.0
2025-02-07 21:00:00,1334.017368372501,0.0,388.0,0.0
2025-02-07 21:30:00,1254.8511959632933,0.0,396.0,0.0
2025-02-07 22:00:00,1269.3788566903258,0.0,369.0,0.0
2025-02-07 22:30:00,1332.659130716073,0.0,413.0,0.0
2025-02-07 23:00:00,1467.3858862825023,0.0,403.0,0.0
2025-02-07 23:30:00,1426.696152524636,0.0,400.0,0.0
2025-02-08 00:00:00,1253.1284736682521,0.0,431.0,0.0
2025-02-08 00:30:00,970.6226407768405,0.0,326.0,0.0
2025-02-08 01:00:00,875.3261130070217,0.0,239.0,0.0
2025-02-08 01:30:00,1020.6663311742749,0.0,285.0,0.0
2025-02-08 02:00:00,1024.284800825915,0.0,367.0,0.0
2025-02-08 02:30:00,1263.701651491819,0.0,380.0,0.0
2025-02-08 03:00:00,1210.6018941258524,0.0,360.0,0.0
2025-02-08 03:30:00,1287.4556658392214,0.0,408.0,0.0
2025-02-08 04:00:00,1241.0100422411915,0.0,373.0,0.0
2025-02-08 04:30:00,1165.3376246932446,0.0,355.0,0.0
2025-02-08 05:00:00,1191.3926148064027,0.0,391.0,0.0
2025-02-08 05:30:00,1226.9527724131242,0.0,367.0,0.0
2025-02-08 06:00:00,1121.914628596605,0.0,301.0,0.0
2025-02-08 06:30:00,761.7336545263028,0.0,212.00000000000003,0.0
2025-02-08 07:00:00,1084.4965960330821,0.0,321.0,0.0
2025-02-08 07:30:00,1152.9284454599701,0.0,347.0,0.0
2025-02-08 08:00:00,988.2964568807994,0.0,298.0,0.0
2025-02-08 08:30:00,986.1600354261775,0.0,337.0,0.0
2025-02-08 09:00:00,1198.7160127857692,0.0,496.0,0.0
2025-02-08 09:30:00,1160.0250903725414,0.0,433.0,0.0
2025-02-08 10:00:00,1169.3426521100157,0.0,471.0,0.0
2025-02-08 10:30:00,1200.095340243056,0.0,460.0,0.0
2025-02-08 11:00:00,964.8807555634293,0.0,458.0,0.0
2025-02-08 11:30:00,1051.4059112754828,0.0,475.0,0.0
2025-02-08 12:00:00,954.7541612698939,0.0,464.0,0.0
2025-02-08 12:30:00,937.3057478329915,0.0,426.0,0.0
2025-02-08 13:00:00,892.2207927688546,0.0,416.0,0.0
2025-02-08 13:30:00,510.06711253246044,0.0,213.0,0.0
2025-02-08 14:00:00,387.41371946769095,0.0,182.0,0.0
2025-02-08 14:30:00,1011.7790312867995,0.0,410.0,0.0
2025-02-08 15:00:00,926.688803872812,0.0,407.0,0.0
2025-02-08 15:30:00,979.5947851787131,0.0,433.0,0.0
2025-02-08 16:00:00,927.3666268585969,0.0,462.0,0.0
2025-02-08 16:30:00,1362.8241546620025,0.0,421.0,0.0
2025-02-08 17:00:00,974.8156535545783,0.0,291.0,0.0
2025-02-08 17:30:00,776.730851487612,0.0,240.0,0.0
2025-02-08 18:00:00,1022.5534295778833,0.0,312.0,0.0
2025-02-08 18:30:00,986.6141832772255,0.0,286.0,0.0
2025-02-08 19:00:00,937.928863506093,0.0,254.0,0.0
2025-02-08 19:30:00,820.5017975725942,0.0,232.00000000000003,0.0
2025-02-08 20:00:00,749.1633523072979,0.0,206.0,0.0
2025-02-08 20:30:00,1023.1099099343071,0.0,304.0,0.0
2025-02-08 21:00:00,1099.8004364020198,0.0,373.0,0.0
2025-02-08 21:30:00,1050.2282211700945,0.0,318.99999999999994,0.0
2025-02-08 22:00:00,1217.5106872416795,0.0,380.0,0.0
2025-02-08 22:30:00,1343.6906280877433,0.0,406.0,0.0
2025-02-08 23:00:00,1302.483081534477,0.0,418.0,0.0
2025-02-08 23:30:00,1166.1512127473527,0.0,357.0,0.0
2025-02-09 00:00:00,1304.2883688140475,0.0,365.0,0.0
2025-02-09 00:30:00,903.1733098446314,0.0,209.0,0.0
2025-02-09 01:00:00,813.3787360745341,0.0,169.0,0.0
2025-02-09 01:30:00,838.8051811940505,0.0,211.00000000000003,0.0
2025-02-09 02:00:00,1152.3538750691525,0.0,301.0,0.0
2025-02-09 02:30:00,970.4620121677018,0.0,260.0,0.0
2025-02-09 03:00:00,1078.4520421203079,0.0,258.0,0.0
2025-02-09 03:30:00,919.1108616503539,0.0,255.0,0.0
2025-02-09 04:00:00,975.5011339070837,0.0,257.0,0.0
2025-02-09 04:30:00,1025.0597981449348,0.0,267.0,0.0
2025-02-09 05:00:00,977.1480411906558,0.0,276.0,0.0
2025-02-09 05:30:00,1027.8281532143299,0.0,237.0,0.0
2025-02-09 06:00:00,826.7230151769271,0.0,195.0,0.0
2025-02-09 06:30:00,681.6494920021266,0.0,110.0,0.0
2025-02-09 07:00:00,905.7779223992186,0.0,213.0,0.0
2025-02-09 07:30:00,754.2319327569154,0.0,207.0,0.0
2025-02-09 08:00:00,612.3810363933957,0.0,135.0,0.0
2025-02-09 08:30:00,606.8619416001827,0.0,160.0,0.0
2025-02-09 09:00:00,694.1259791939354,0.0,204.0,0.0
2025-02-09 09:30:00,659.28683507755,0.0,242.0,0.0
2025-02-09 10:00:00,682.792176225031,0.0,220.0,0.0
2025-02-09 10:30:00,459.7982299565512,0.0,202.0,0.0
2025-02-09 11:00:00,596.589975319773,0.0,257.0,0.0
2025-02-09 11:30:00,582.9599324366927,0.0,254.0,0.0
2025-02-09 12:00:00,496.88282579494575,0.0,262.0,0.0
2025-02-09 12:30:00,421.84287546927095,0.0,227.0,0.0
2025-02-09 13:00:00,514.4995437249274,0.0,246.0,0.0
2025-02-09 13:30:00,101.60763571593854,18.0,120.0,0.0
2025-02-09 14:00:00,92.39143169246057,0.9999999999999999,94.99999999999999,0.0
2025-02-09 14:30:00,586.8051587684689,0.0,242.0,0.0
2025-02-09 15:00:00,443.110359985054,0.0,257.0,0.0
2025-02-09 15:30:00,451.9204122798311,0.0,220.0,0.0
2025-02-09 16:00:00,552.9156962392149,0.0,239.0,0.0
2025-02-09 16:30:00,686.3812563781374,0.0,270.0,0.0
2025-02-09 17:00:00,732.0446636770322,0.0,240.0,0.0
2025-02-09 17:30:00,613.3439927296632,0.0,140.0,0.0
2025-02-09 18:00:00,954.8232589626554,0.0,260.0,0.0
2025-02-09 18:30:00,919.456518539532,0.0,221.0,0.0
2025-02-09 19:00:00,853.342539431727,0.0,215.0,0.0
2025-02-09 19:30:00,779.0952984126769,0.0,207.0,0.0
2025-02-09 20:00:00,681.637011069803,0.0,143.0,0.0
2025-02-09 20:30:00,623.6677520810363,0.0,163.0,0.0
2025-02-09 21:00:00,919.1841688439573,0.0,213.0,0.0
2025-02-09 21:30:00,986.4210690146945,0.0,239.0,0.0
2025-02-09 22:00:00,903.4175402053195,0.0,239.0,0.0
2025-02-09 22:30:00,916.7036081206497,0.0,191.0,0.0
2025-02-09 23:00:00,928.3583370907954,0.0,214.0,0.0
2025-02-09 23:30:00,1029.9329269387338,0.0,243.0,0.0
2025-02-10 00:00:00,903.9983924191517,0.0,245.0,0.0
2025-02-10 00:30:00,574.4355599012027,0.0,83.0,0.0
2025-02-10 01:00:00,604.6984490894354,0.0,82.0,0.0
2025-02-10 01:30:00,815.5997642598157,0.0,221.0,0.0
2025-02-10 02:00:00,1156.7458700487307,0.0,286.0,0.0
2025-02-10 02:30:00,962.7012249507987,0.0,248.0,0.0
2025-02-10 03:00:00,870.827645794211,0.0,246.00000000000003,0.0
2025-02-10 03:30:00,956.4876091594473,0.0,256.0,0.0
2025-02-10 04:00:00,1053.1495071419754,0.0,265.0,0.0
2025-02-10 04:30:00,936.4425511434579,0.0,252.0,0.0
2025-02-10 05:00:00,891.743901795336,0.0,256.0,0.0
2025-02-10 05:30:00,994.7220980379944,0.0,244.0,0.0
2025-02-10 06:00:00,827.442003241376,0.0,207.0,0.0
2025-02-10 06:30:00,675.3668180136028,0.0,119.0,0.0
2025-02-10 07:00:00,997.5797211225145,0.0,245.0,0.0
2025-02-10 07:30:00,937.6939386698951,0.0,251.0,0.0
2025-02-10 08:00:00,812.9714384633776,0.0,173.0,0.0
2025-02-10 08:30:00,859.8508657074918,0.0,282.0,0.0
2025-02-10 09:00:00,1163.3913279347648,0.0,408.0,0.0
2025-02-10 09:30:00,1083.9483447472428,0.0,425.0,0.0
2025-02-10 10:00:00,1182.0683143690912,0.0,467.0,0.0
2025-02-10 10:30:00,985.26971164862,0.0,416.0,0.0
2025-02-10 11:00:00,877.0940637366293,0.0,399.0,0.0
2025-02-10 11:30:00,826.8129643508886,0.0,427.0,0.0
2025-02-10 12:00:00,844.3926058720322,0.0,421.0,0.0
2025-02-10 12:30:00,817.6619145012596,0.0,429.0,0.0
2025-02-10 13:00:00,763.8587812003797,0.0,404.99999999999994,0.0
2025-02-10 13:30:00,432.0033626062471,0.0,216.0,0.0
2025-02-10 14:00:00,457.3567910933862,0.0,235.99999999999997,0.0
2025-02-10 14:30:00,995.4195168595706,0.0,435.0,0.0
2025-02-10 15:00:00,1075.0745162232877,0.0,440.0,0.0
2025-02-10 15:30:00,881.9843044489658,0.0,434.0,0.0
2025-02-10 16:00:00,1184.1087357459426,0.0,480.0,0.0
2025-02-10 16:30:00,1079.3686242927763,0.0,460.0,0.0
2025-02-10 17:00:00,1255.245769560435,0.0,485.0,0.0
2025-02-10 17:30:00,781.3965670681417,0.0,257.0,0.0
2025-02-10 18:00:00,1305.0000977174932,0.0,486.0,0.0
2025-02-10 18:30:00,1515.907356412642,0.0,493.0,0.0
2025-02-10 19:00:00,1447.8388796113038,0.0,458.0,0.0
2025-02-10 19:30:00,1469.667330219915,0.0,464.99999999999994,0.0
2025-02-10 20:00:00,1329.187153380173,0.0,383.0,0.0
2025-02-10 20:30:00,1055.0959080719267,0.0,308.0,0.0
2025-02-10 21:00:00,1357.7461123024384,0.0,424.0,0.0
2025-02-10 21:30:00,1281.648613315295,0.0,411.0,0.0
2025-02-10 22:00:00,1276.3684030361815,0.0,413.0,0.0
2025-02-10 22:30:00,1245.4598910610616,0.0,420.00000000000006,0.0
2025-02-10 23:00:00,1292.212606085479,0.0,404.0,0.0
2025-02-10 23:30:00,1487.2034694655226,0.0,414.0,0.0
2025-02-11 00:00:00,1290.2948086229778,0.0,432.0,0.0
2025-02-11 00:30:00,882.7861983165703,0.0,233.0,0.0
2025-02-11 01:00:00,782.5549350033006,0.0,175.0,0.0
2025-02-11 01:30:00,842.676923396204,0.0,271.0,0.0
2025-02-11 02:00:00,1022.6378923320116,0.0,342.0,0.0
2025-02-11 02:30:00,1369.871022811518,0.0,419.99999999999994,0.0
2025-02-11 03:00:00,1382.040257992045,0.0,421.0,0.0
2025-02-11 03:30:00,1335.9405223713827,0.0,431.99999999999994,0.0
2025-02-11 04:00:00,1162.657531648409,0.0,353.0,0.0
2025-02-11 04:30:00,1243.7103049186487,0.0,430.0,0.0
2025-02-11 05:00:00,1291.7999605379111,0.0,410.0,0.0
2025-02-11 05:30:00,1308.1312697966293,0.0,419.0,0.0
2025-02-11 06:00:00,1315.4228105415198,0.0,366.0,0.0
2025-02-11 06:30:00,757.9327877096041,0.0,167.0,0.0
2025-02-11 07:00:00,1075.147418384307,0.0,279.0,0.0
2025-02-11 07:30:00,1054.3412785346632,0.0,331.0,0.0
2025-02-11 08:00:00,887.6963950219933,0.0,289.0,0.0
2025-02-11 08:30:00,896.8672679552719,0.0,323.0,0.0
2025-02-11 09:00:00,1055.9441287367306,0.0,409.0,0.0
2025-02-11 09:30:00,978.6457290412523,0.0,432.0,0.0
2025-02-11 10:00:00,1039.7214273502238,0.0,432.0,0.0
2025-02-11 10:30:00,1401.6907367936985,0.0,479.0,0.0
2025-02-11 11:00:00,1170.4227204148847,0.0,479.0,0.0
2025-02-11 11:30:00,1174.5595480469328,0.0,465.0,0.0
2025-02-11 12:00:00,1363.0879171539916,0.0,515.0,0.0
2025-02-11 12:30:00,1076.3562397767937,0.0,479.0,0.0
2025-02-11 13:00:00,567.1656922421108,0.0,353.0,0.0
2025-02-11 13:30:00,361.22357321653465,0.0,233.0,0.0
2025-02-11 14:00:00,422.6707842641744,0.0,273.0,0.0
2025-02-11 14:30:00,938.9648697109737,0.0,465.0,0.0
2025-02-11 15:00:00,1008.4320218772755,0.0,442.0,0.0
2025-02-11 15:30:00,1216.559646752714,0.0,502.0,0.0
2025-02-11 16:00:00,1523.999580148438,0.0,555.0,0.0
2025-02-11 16:30:00,1424.7078027372654,0.0,525.0,0.0
2025-02-11 17:00:00,1376.3463807360524,0.0,497.99999999999994,0.0
2025-02-11 17:30:00,958.3209105636756,0.0,320.0,0.0
2025-02-11 18:00:00,1551.846100761646,0.0,535.0,0.0
2025-02-11 18:30:00,1556.3713242630977,0.0,557.0,0.0
2025-02-11 19:00:00,1631.174212426891,0.0,535.0,0.0
2025-02-11 19:30:00,1480.714653944017,0.0,512.0,0.0
2025-02-11 20:00:00,1289.6654305793993,0.0,401.0,0.0
2025-02-11 20:30:00,1156.1140716551906,0.0,369.0,0.0
2025-02-11 21:00:00,1295.7316129772869,0.0,441.0,0.0
2025-02-11 21:30:00,1398.4141044757694,0.0,443.99999999999994,0.0
2025-02-11 22:00:00,1326.6460751580116,0.0,438.0,0.0
2025-02-11 22:30:00,1341.6662006783085,0.0,447.99999999999994,0.0
2025-02-11 23:00:00,1389.7574225258113,0.0,444.0,0.0
2025-02-11 23:30:00,1378.7158116795226,0.0,430.0,0.0
2025-02-12 00:00:00,1132.5418293438438,0.0,324.0,0.0
2025-02-12 00:30:00,832.4754932815041,0.0,249.00000000000003,0.0
2025-02-12 01:00:00,837.3795331048343,0.0,205.0,0.0
2025-02-12 01:30:00,1116.033792743167,0.0,275.0,0.0
2025-02-12 02:00:00,1196.111669559192,0.0,363.0,0.0
2025-02-12 02:30:00,1330.3645289477165,0.0,395.0,0.0
2025-02-12 03:00:00,1245.6072408139332,0.0,406.0,0.0
2025-02-12 03:30:00,1262.8799017235112,0.0,393.0,0.0
2025-02-12 04:00:00,1480.1249351251927,0.0,415.0,0.0
2025-02-12 04:30:00,1437.0253974221107,0.0,412.0,0.0
2025-02-12 05:00:00,1172.6505727287476,0.0,341.0,0.0
2025-02-12 05:30:00,1130.2061009517026,0.0,328.0,0.0
2025-02-12 06:00:00,1142.3313419804697,0.0,281.0,0.0
2025-02-12 06:30:00,767.1979885280043,0.0,198.0,0.0
2025-02-12 07:00:00,1035.6615195037923,0.0,361.0,0.0
2025-02-12 07:30:00,1216.2404032499626,0.0,355.0,0.0
2025-02-12 08:00:00,955.597667712947,0.0,266.0,0.0
2025-02-12 08:30:00,926.6335793878479,0.0,294.0,0.0
2025-02-12 09:00:00,1272.3457186487938,0.0,411.0,0.0
2025-02-12 09:30:00,1100.3303093348336,0.0,433.0,0.0
2025-02-12 10:00:00,1232.5580723588655,0.0,446.0,0.0
2025-02-12 10:30:00,1132.5908916932485,0.0,440.0,0.0
2025-02-12 11:00:00,966.7654357191113,0.0,420.0,0.0
2025-02-12 11:30:00,884.533360976554,0.0,389.0,0.0
2025-02-12 12:00:00,1006.6236721993788,0.0,417.0,0.0
2025-02-12 12:30:00,687.779486604268,0.0,380.00000000000006,0.0
2025-02-12 13:00:00,806.2656856837426,0.0,342.0,0.0
2025-02-12 13:30:00,528.5797443023523,0.0,186.0,0.0
2025-02-12 14:00:00,561.951804948267,0.0,239.0,0.0
2025-02-12 14:30:00,1095.3125434351125,0.0,450.0,0.0
2025-02-12 15:00:00,1358.9123159133978,0.0,513.0,0.0
2025-02-12 15:30:00,1352.0699615513558,0.0,461.0,0.0
2025-02-12 16:00:00,1187.5503983580522,0.0,424.0,0.0
2025-02-12 16:30:00,1394.4575790930887,0.0,458.00000000000006,0.0
2025-02-12 17:00:00,1333.4522529582,0.0,470.0,0.0
2025-02-12 17:30:00,851.5875973916185,0.0,278.0,0.0
2025-02-12 18:00:00,1463.3733281344653,0.0,468.0,0.0
2025-02-12 18:30:00,1429.1026503558192,0.0,435.00000000000006,0.0
2025-02-12 19:00:00,1452.2113705720699,0.0,461.0,0.0
2025-02-12 19:30:00,1438.1262563592281,0.0,425.00000000000006,0.0
2025-02-12 20:00:00,1086.4816274124448,0.0,313.0,0.0
2025-02-12 20:30:00,1043.0006205806562,0.0,292.0,0.0
2025-02-12 21:00:00,1282.3059192829971,0.0,363.0,0.0
2025-02-12 21:30:00,1310.5621902250725,0.0,432.00000000000006,0.0
2025-02-12 22:00:00,1372.0015703232234,0.0,411.0,0.0
2025-02-12 22:30:00,1273.9719014021935,0.0,388.0,0.0
2025-02-12 23:00:00,1393.1455691760038,0.0,398.0,0.0
2025-02-12 23:30:00,1371.4897770672314,0.0,420.0,0.0
2025-02-13 00:00:00,1494.1415420955816,0.0,390.0,0.0
2025-02-13 00:30:00,1101.5952376192554,0.0,245.0,0.0
2025-02-13 01:00:00,872.8059739986307,0.0,226.00000000000003,0.0
2025-02-13 01:30:00,1107.5157335030804,0.0,358.0,0.0
2025-02-13 02:00:00,1127.3358115612502,0.0,368.0,0.0
2025-02-13 02:30:00,1406.3771291028238,0.0,435.0,0.0
2025-02-13 03:00:00,1612.8841434940928,0.0,489.0,0.0
2025-02-13 03:30:00,1486.0991939606718,0.0,416.0,0.0
2025-02-13 04:00:00,1424.8202395069632,0.0,437.0,0.0
2025-02-13 04:30:00,1372.8752936440362,0.0,423.00000000000006,0.0
2025-02-13 05:00:00,1523.4938321139316,0.0,421.00000000000006,0.0
2025-02-13 05:30:00,1249.7077183651725,0.0,374.0,0.0
2025-02-13 06:00:00,1122.9021063456205,0.0,290.0,0.0
2025-02-13 06:30:00,822.6112331817544,0.0,187.0,0.0
2025-02-13 07:00:00,1118.5693045105395,0.0,341.0,0.0
2025-02-13 07:30:00,1208.3189525851824,0.0,356.0,0.0
2025-02-13 08:00:00,994.206827792879,0.0,263.0,0.0
2025-02-13 08:30:00,1045.1362705722186,0.0,276.0,0.0
2025-02-13 09:00:00,1097.9098005805602,0.0,328.0,0.0
2025-02-13 09:30:00,972.5502188369377,0.0,363.0,0.0
2025-02-13 10:00:00,844.5202444745687,0.0,354.0,0.0
2025-02-13 10:30:00,822.5667384202842,0.0,385.0,0.0
2025-02-13 11:00:00,945.082513310528,0.0,393.0,0.0
2025-02-13 11:30:00,1078.49020388283,0.0,411.0,0.0
2025-02-13 12:00:00,1003.1096757852969,0.0,376.0,0.0
2025-02-13 12:30:00,884.9136428772201,0.0,391.0,0.0
2025-02-13 13:00:00,761.2535921725942,0.0,319.0,0.0
2025-02-13 13:30:00,551.7199724561974,0.0,208.0,0.0
2025-02-13 14:00:00,445.8272740858731,0.0,258.0,0.0
2025-02-13 14:30:00,965.4235135266829,0.0,416.0,0.0
2025-02-13 15:00:00,1245.8797702340673,0.0,474.0,0.0
2025-02-13 15:30:00,1226.0077094034184,0.0,484.0,0.0
2025-02-13 16:00:00,919.6663673381385,0.0,451.0,0.0
2025-02-13 16:30:00,1268.5676557092743,0.0,458.0,0.0
2025-02-13 17:00:00,1164.8403794462934,0.0,434.0,0.0
2025-02-13 17:30:00,767.7231547054977,0.0,221.0,0.0
2025-02-13 18:00:00,1351.2750714613067,0.0,449.0,0.0
2025-02-13 18:30:00,1430.497413283733,0.0,455.0,0.0
2025-02-13 19:00:00,1417.1088772036912,0.0,437.0,0.0
2025-02-13 19:30:00,1309.7218058946532,0.0,391.0,0.0
2025-02-13 20:00:00,1061.7200933967133,0.0,294.0,0.0
2025-02-13 20:30:00,1135.351377331574,0.0,309.0,0.0
2025-02-13 21:00:00,1225.164616208566,0.0,378.0,0.0
2025-02-13 21:30:00,1284.9045377651173,0.0,392.0,0.0
2025-02-13 22:00:00,1098.4785080649474,0.0,383.0,0.0
2025-02-13 22:30:00,1175.8852462415837,0.0,373.0,0.0
2025-02-13 23:00:00,1316.5959442654391,0.0,371.0,0.0
2025-02-13 23:30:00,1126.2888307829292,0.0,311.0,0.0
2025-02-14 00:00:00,1252.7708292735156,0.0,370.0,0.0
2025-02-14 00:30:00,1015.833469191855,0.0,277.0,0.0
2025-02-14 01:00:00,742.9267324732575,0.0,191.0,0.0
2025-02-14 01:30:00,976.143661704583,0.0,265.0,0.0
2025-02-14 02:00:00,1168.096274192147,0.0,323.99999999999994,0.0
2025-02-14 02:30:00,1221.4796540467646,0.0,424.0,0.0
2025-02-14 03:00:00,1256.763983921323,0.0,388.0,0.0
2025-02-14 03:30:00,1429.7321837402756,0.0,408.0,0.0
2025-02-14 04:00:00,1324.5725985944628,0.0,386.0,0.0
2025-02-14 04:30:00,1129.4705196134194,0.0,382.0,0.0
2025-02-14 05:00:00,1305.6070540244139,0.0,405.0,0.0
2025-02-14 05:30:00,1148.39750022428,0.0,376.0,0.0
2025-02-14 06:00:00,1201.1303672918848,0.0,335.0,0.0
2025-02-14 06:30:00,758.8797865725896,0.0,173.0,0.0
2025-02-14 07:00:00,1089.1044285351068,0.0,314.0,0.0
2025-02-14 07:30:00,1157.0430824089326,0.0,369.0,0.0
2025-02-14 08:00:00,1012.1597807705684,0.0,299.0,0.0
2025-02-14 08:30:00,936.6570956174893,0.0,285.0,0.0
2025-02-14 09:00:00,1234.0512137270007,0.0,410.0,0.0
2025-02-14 09:30:00,1201.9376202193632,0.0,434.99999999999994,0.0
2025-02-14 10:00:00,1359.5552641557183,0.0,452.0,0.0
2025-02-14 10:30:00,1298.2796031762366,0.0,438.0,0.0
2025-02-14 11:00:00,1228.9348241611374,0.0,447.0,0.0
2025-02-14 11:30:00,1342.4970204199133,0.0,439.0,0.0
2025-02-14 12:00:00,1150.7664839420565,0.0,400.0,0.0
2025-02-14 12:30:00,1104.864579313728,0.0,403.0,0.0
2025-02-14 13:00:00,857.5763970548054,0.0,303.0,0.0
2025-02-14 13:30:00,643.3888669706935,0.0,182.00000000000003,0.0
2025-02-14 14:00:00,734.4325495985933,0.0,222.0,0.0
2025-02-14 14:30:00,932.127121799684,0.0,331.0,0.0
2025-02-14 15:00:00,1148.4798444879964,0.0,409.99999999999994,0.0
2025-02-14 15:30:00,1143.9882645223463,0.0,428.0,0.0
2025-02-14 16:00:00,1227.3818604567255,0.0,440.0,0.0
2025-02-14 16:30:00,1238.500290788833,0.0,446.0,0.0
2025-02-14 17:00:00,1339.2280470107655,0.0,440.0,0.0
2025-02-14 17:30:00,879.623955257592,0.0,246.00000000000003,0.0
2025-02-14 18:00:00,1195.913883879053,0.0,425.0,0.0
2025-02-14 18:30:00,1298.9709813476102,0.0,432.0,0.0
2025-02-14 19:00:00,1337.6639844037666,0.0,429.99999999999994,0.0
2025-02-14 19:30:00,1205.3796447163852,0.0,394.0,0.0
2025-02-14 20:00:00,1049.7085520465203,0.0,348.0,0.0
2025-02-14 20:30:00,950.7876086333442,0.0,336.0,0.0
2025-02-14 21:00:00,1226.9740266043907,0.0,414.00000000000006,0.0
2025-02-14 21:30:00,1506.0003357361395,0.0,432.0,0.0
2025-02-14 22:00:00,1316.3251580126937,0.0,460.0,0.0
2025-02-14 22:30:00,1482.8642622978914,0.0,452.00000000000006,0.0
2025-02-14 23:00:00,1357.829938706904,0.0,443.0,0.0
2025-02-14 23:30:00,1346.641333539563,0.0,426.0,0.0
2025-02-15 00:00:00,1108.3004420238706,0.0,235.99999999999997,0.0
2025-02-15 00:30:00,940.2666011567883,0.0,183.14893617021278,0.0
2025-02-15 01:00:00,1099.1918333998972,0.0,293.06382978723406,0.0
2025-02-15 01:30:00,1313.9670376942995,0.0,399.1063829787234,0.0
2025-02-15 02:00:00,1279.0235135919438,0.0,399.59574468085106,0.0
2025-02-15 02:30:00,1330.2214988732292,0.0,413.29787234042556,0.0
2025-02-15 03:00:00,1459.8565022645446,0.0,457.7446808510638,0.0
2025-02-15 03:30:00,1322.6620809932626,0.0,379.7446808510639,0.0
2025-02-15 04:00:00,1312.4189865353965,0.0,379.93617021276594,0.0
2025-02-15 04:30:00,1244.2008733676696,0.0,378.95744680851067,0.0
2025-02-15 05:00:00,1370.4125237820779,0.0,359.10638297872345,0.0
2025-02-15 05:30:00,1101.8356793362793,0.0,325.6595744680851,0.0
2025-02-15 06:00:00,861.5852495578562,0.0,231.36170212765956,0.0
2025-02-15 06:30:00,1000.6998133740112,0.0,286.63829787234044,0.0
2025-02-15 07:00:00,1293.1236250676332,0.0,363.9361702127659,0.0
2025-02-15 07:30:00,1086.6490228216749,0.0,295.85106382978734,0.0
2025-02-15 08:00:00,972.0097042997911,0.0,282.04255319148933,0.0
2025-02-15 08:30:00,963.2278657144689,0.0,345.1489361702126,0.0
2025-02-15 09:00:00,1048.6917169882358,0.0,404.4680851063829,0.0
2025-02-15 09:30:00,1084.5888779091347,0.0,434.7234042553191,0.0
2025-02-15 10:00:00,1110.0808195828454,0.0,431.6595744680851,0.0
2025-02-15 10:30:00,998.15874313569,0.0,410.72340425531917,0.0
2025-02-15 11:00:00,968.5540368056116,0.0,388.29787234042556,0.0
2025-02-15 11:30:00,1194.6390773316634,0.0,417.82978723404256,0.0
2025-02-15 12:00:00,1337.9120120894536,0.0,455.5106382978724,0.0
2025-02-15 12:30:00,1055.668869078505,0.0,423.6382978723404,0.0
2025-02-15 13:00:00,675.5611596830488,0.0,311.14893617021266,0.0
2025-02-15 13:30:00,447.47643045265363,0.0,198.1276595744682,0.0
2025-02-15 14:00:00,475.8329382767175,0.0,255.65957446808463,0.0
2025-02-15 14:30:00,896.9914397877001,0.0,418.5106382978721,0.0
2025-02-15 15:00:00,1015.4877355060524,0.0,467.1063829787235,0.0
2025-02-15 15:30:00,1071.104798705843,0.0,435.06382978723406,0.0
2025-02-15 16:00:00,1074.8907317165485,0.0,445.46808510638294,0.0
2025-02-15 16:30:00,894.0180641090287,0.0,387.38297872340524,0.0
2025-02-15 17:00:00,554.6241710529252,0.0,208.36170212765984,0.0
2025-02-15 17:30:00,618.5954885243295,0.0,174.6170212765955,0.0
2025-02-15 18:00:00,865.1348137901489,0.0,232.5531914893616,0.0
2025-02-15 18:30:00,856.3680845567945,0.0,252.72340425531917,0.0
2025-02-15 19:00:00,884.4301848443608,0.0,245.31914893617025,0.0
2025-02-15 19:30:00,956.865681255616,0.0,233.14893617021278,0.0
2025-02-15 20:00:00,843.1785030901355,0.0,240.02127659574452,0.0
2025-02-15 20:30:00,1057.9805824830585,0.0,314.1063829787232,0.0
2025-02-15 21:00:00,1293.498832236938,0.0,390.1063829787234,0.0
2025-02-15 21:30:00,1264.2593866936465,0.0,387.6808510638299,0.0
2025-02-15 22:00:00,1225.5481740810299,0.0,354.6808510638298,0.0
2025-02-15 22:30:00,1202.1874900904425,0.0,393.1489361702128,0.0
2025-02-15 23:00:00,1226.1575999941065,0.0,374.48936170212767,0.0
2025-02-15 23:30:00,1184.8067893245047,0.0,397.0,0.0
2025-02-16 00:00:00,1425.999657931845,0.0,408.0,0.0
2025-02-16 00:30:00,999.2694208237394,0.0,252.99999999999997,0.0
2025-02-16 01:00:00,930.0341347571274,0.0,230.0,0.0
2025-02-16 01:30:00,1001.5925593303184,0.0,248.0,0.0
2025-02-16 02:00:00,1122.0704725406686,0.0,307.0,0.0
2025-02-16 02:30:00,1207.8256540813413,0.0,396.0,0.0
2025-02-16 03:00:00,1203.9413014279671,0.0,366.0,0.0
2025-02-16 03:30:00,1141.77565509181,0.0,372.99999999999994,0.0
2025-02-16 04:00:00,1139.549929983359,0.0,349.0,0.0
2025-02-16 04:30:00,971.0422550192836,0.0,299.0,0.0
2025-02-16 05:00:00,794.0624244617038,0.0,220.99999999999997,0.0
2025-02-16 05:30:00,710.0747029430057,0.0,196.99999999999997,0.0
2025-02-16 06:00:00,787.4999872084412,0.0,203.00000000000003,0.0
2025-02-16 06:30:00,587.2693392002349,0.0,123.0,0.0
2025-02-16 07:00:00,819.8310918566749,0.0,187.0,0.0
2025-02-16 07:30:00,724.5377912909023,0.0,187.99999999999997,0.0
2025-02-16 08:00:00,698.8557995030585,0.0,143.0,0.0
2025-02-16 08:30:00,565.4864349254743,0.0,172.0,0.0
2025-02-16 09:00:00,603.7073832523544,0.0,216.0,0.0
2025-02-16 09:30:00,939.6788383495905,0.0,326.0,0.0
2025-02-16 10:00:00,997.3269382477083,0.0,377.0,0.0
2025-02-16 10:30:00,749.4374982395199,0.0,391.99999999999994,0.0
2025-02-16 11:00:00,731.6625356825748,0.0,358.0,0.0
2025-02-16 11:30:00,684.5272156742889,0.0,379.0,0.0
2025-02-16 12:00:00,683.8538817106545,0.0,349.0,0.0
2025-02-16 12:30:00,765.1028990601245,0.0,365.0,0.0
2025-02-16 13:00:00,768.2609223885868,0.0,360.0,0.0
2025-02-16 13:30:00,274.5347399295981,1.0,164.0,0.0
2025-02-16 14:00:00,203.90076719155476,0.0,166.0,0.0
2025-02-16 14:30:00,734.9749161061685,0.0,343.0,0.0
2025-02-16 15:00:00,890.5995205831838,0.0,387.0,0.0
2025-02-16 15:30:00,845.9200530148466,0.0,390.0,0.0
2025-02-16 16:00:00,935.345410466241,0.0,401.0,0.0
2025-02-16 16:30:00,983.0703955816808,0.0,392.0,0.0
2025-02-16 17:00:00,1146.449171107464,0.0,367.0,0.0
2025-02-16 17:30:00,851.5390568553848,0.0,263.0,0.0
2025-02-16 18:00:00,1060.9061425502837,0.0,293.0,0.0
2025-02-16 18:30:00,790.8563284646441,0.0,201.0,0.0
2025-02-16 19:00:00,867.490136914752,0.0,259.0,0.0
2025-02-16 19:30:00,798.6438321519441,0.0,205.00000000000003,0.0
2025-02-16 20:00:00,760.3862159339456,0.0,171.0,0.0
2025-02-16 20:30:00,761.7820611354484,0.0,174.0,0.0
2025-02-16 21:00:00,856.1166869054258,0.0,222.99999999999997,0.0
2025-02-16 21:30:00,1127.3779101688267,0.0,340.0,0.0
2025-02-16 22:00:00,1254.0410116883443,0.0,367.0,0.0
2025-02-16 22:30:00,1317.0587734430233,0.0,368.00000000000006,0.0
2025-02-16 23:00:00,1351.541365457002,0.0,418.0,0.0
2025-02-16 23:30:00,1209.1665784785657,0.0,438.0,0.0
2025-02-17 00:00:00,1304.5959103215635,0.0,397.0,0.0
2025-02-17 00:30:00,851.8620639528302,0.0,201.0,0.0
2025-02-17 01:00:00,798.2577882869751,0.0,189.0,0.0
2025-02-17 01:30:00,1071.2521982238168,0.0,274.0,0.0
2025-02-17 02:00:00,929.9510300410697,0.0,281.0,0.0
2025-02-17 02:30:00,1081.4567224854723,0.0,341.00000000000006,0.0
2025-02-17 03:00:00,1227.6297763764906,0.0,398.0,0.0
2025-02-17 03:30:00,1283.1979430686222,0.0,365.00000000000006,0.0
2025-02-17 04:00:00,1205.9859320110259,0.0,395.0,0.0
2025-02-17 04:30:00,1195.3656736784042,0.0,380.0,0.0
2025-02-17 05:00:00,1146.5874668949682,0.0,352.0,0.0
2025-02-17 05:30:00,1208.5626649341639,0.0,317.0,0.0
2025-02-17 06:00:00,932.7337791275155,0.0,270.0,0.0
2025-02-17 06:30:00,683.2499875626655,0.0,135.0,0.0
2025-02-17 07:00:00,881.1489976264544,0.0,234.0,0.0
2025-02-17 07:30:00,906.0474855967103,0.0,221.0,0.0
2025-02-17 08:00:00,734.621495336358,0.0,176.0,0.0
2025-02-17 08:30:00,952.159890471978,0.0,284.0,0.0
2025-02-17 09:00:00,1167.9828560694255,0.0,428.0,0.0
2025-02-17 09:30:00,1231.9920596848713,0.0,482.0,0.0
2025-02-17 10:00:00,1144.7027442582933,0.0,461.0,0.0
2025-02-17 10:30:00,1181.6819686306278,0.0,472.0,0.0
2025-02-17 11:00:00,1098.0877430866772,0.0,493.0,0.0
2025-02-17 11:30:00,938.100529065156,0.0,466.0,0.0
2025-02-17 12:00:00,961.8594027679397,0.0,436.0,0.0
2025-02-17 12:30:00,888.5016397625808,0.0,417.0,0.0
2025-02-17 13:00:00,798.9145482363122,0.0,332.0,0.0
2025-02-17 13:30:00,556.0738668032315,0.0,216.0,0.0
2025-02-17 14:00:00,573.5334950293714,0.0,250.00000000000003,0.0
2025-02-17 14:30:00,1062.3627146596018,0.0,429.0,0.0
2025-02-17 15:00:00,1369.483106847208,0.0,484.0,0.0
2025-02-17 15:30:00,1227.9499216621941,0.0,471.0,0.0
2025-02-17 16:00:00,1100.6839289795323,0.0,405.0,0.0
2025-02-17 16:30:00,1210.4167734822877,0.0,416.0,0.0
2025-02-17 17:00:00,1245.1778591960938,0.0,417.0,0.0
2025-02-17 17:30:00,1036.9124798752225,0.0,289.0,0.0
2025-02-17 18:00:00,1275.1079634786674,0.0,456.0,0.0
2025-02-17 18:30:00,1319.9240214991457,0.0,480.0,0.0
2025-02-17 19:00:00,1411.0910223880153,0.0,493.0,0.0
2025-02-17 19:30:00,1446.9442871097644,0.0,461.0,0.0
2025-02-17 20:00:00,1296.3310666248922,0.0,327.00000000000006,0.0
2025-02-17 20:30:00,1105.241030908896,0.0,346.0,0.0
2025-02-17 21:00:00,1202.9706321652673,0.0,395.0,0.0
2025-02-17 21:30:00,1206.2623230176848,0.0,393.0,0.0
2025-02-17 22:00:00,1500.941569955073,0.0,453.00000000000006,0.0
2025-02-17 22:30:00,1456.1628762452317,0.0,404.00000000000006,0.0
2025-02-17 23:00:00,1307.472961514308,0.0,409.0,0.0
2025-02-17 23:30:00,1241.508788048715,0.0,453.0,0.0
2025-02-18 00:00:00,1104.0560720945168,0.0,382.0,0.0
2025-02-18 00:30:00,999.9978650372753,0.0,249.0,0.0
2025-02-18 01:00:00,815.6535318458186,0.0,204.0,0.0
2025-02-18 01:30:00,1000.9030771310747,0.0,280.0,0.0
2025-02-18 02:00:00,1204.333930779541,0.0,332.0,0.0
2025-02-18 02:30:00,1339.0618679896616,0.0,395.0,0.0
2025-02-18 03:00:00,1120.5489364748335,0.0,360.0,0.0
2025-02-18 03:30:00,1176.2651136054947,0.0,370.0,0.0
2025-02-18 04:00:00,1359.0635073992414,0.0,402.0,0.0
2025-02-18 04:30:00,1141.9843201983908,0.0,369.0,0.0
2025-02-18 05:00:00,1319.3642606927208,0.0,379.0,0.0
2025-02-18 05:30:00,1227.2192896553076,0.0,373.0,0.0
2025-02-18 06:00:00,1027.2555419741866,0.0,320.0,0.0
2025-02-18 06:30:00,827.3205696464626,0.0,240.99999999999997,0.0
2025-02-18 07:00:00,1013.5565374365759,0.0,317.0,0.0
2025-02-18 07:30:00,1113.3593269729504,0.0,407.0,0.0
2025-02-18 08:00:00,891.1063766578252,0.0,289.0,0.0
2025-02-18 08:30:00,872.378615821582,0.0,302.0,0.0
2025-02-18 09:00:00,999.2709593268643,0.0,371.0,0.0
2025-02-18 09:30:00,1074.738381096046,0.0,406.0,0.0
2025-02-18 10:00:00,968.2913902127095,0.0,412.0,0.0
2025-02-18 10:30:00,913.0222872214297,0.0,415.0,0.0
2025-02-18 11:00:00,815.5149083914089,0.0,413.0,0.0
2025-02-18 11:30:00,852.879003131934,0.0,413.0,0.0
2025-02-18 12:00:00,823.0020696291467,0.0,425.00000000000006,0.0
2025-02-18 12:30:00,723.7134341967159,0.0,367.0,0.0
2025-02-18 13:00:00,763.7685493398349,0.0,362.0,0.0
2025-02-18 13:30:00,313.20438746620977,0.0,268.0,0.0
2025-02-18 14:00:00,505.46235881961184,0.0,302.0,0.0
2025-02-18 14:30:00,808.1713075662024,0.0,413.00000000000006,0.0
2025-02-18 15:00:00,973.402700190908,0.0,415.0,0.0
2025-02-18 15:30:00,1069.7511895146185,0.0,450.0,0.0
2025-02-18 16:00:00,1079.4439474507747,0.0,419.0,0.0
2025-02-18 16:30:00,1276.7907200780342,0.0,421.0,0.0
2025-02-18 17:00:00,1254.3719349738642,0.0,449.0,0.0
2025-02-18 17:30:00,882.061863091649,0.0,292.0,0.0
2025-02-18 18:00:00,1331.065415474006,0.0,468.0,0.0
2025-02-18 18:30:00,1531.7015871962085,0.0,486.99999999999994,0.0
2025-02-18 19:00:00,1357.994997047348,0.0,457.99999999999994,0.0
2025-02-18 19:30:00,1347.1925151998278,0.0,432.0,0.0
2025-02-18 20:00:00,1166.6150727653398,0.0,337.0,0.0
2025-02-18 20:30:00,988.6100374745425,0.0,319.0,0.0
2025-02-18 21:00:00,1416.3525072151178,0.0,399.99999999999994,0.0
2025-02-18 21:30:00,1324.2583117499703,0.0,443.99999999999994,0.0
2025-02-18 22:00:00,1302.5954091733608,0.0,434.99999999999994,0.0
2025-02-18 22:30:00,1323.8953381786373,0.0,423.99999999999994,0.0
2025-02-18 23:00:00,1292.6974351282172,0.0,406.99999999999994,0.0
2025-02-18 23:30:00,1124.667609385932,0.0,337.0,0.0
2025-02-19 00:00:00,1348.702046567483,0.0,426.0,0.0
2025-02-19 00:30:00,1053.1478976785395,0.0,293.0,0.0
2025-02-19 01:00:00,954.8579958802904,0.0,239.0,0.0
2025-02-19 01:30:00,1034.7374943999803,0.0,304.0,0.0
2025-02-19 02:00:00,1350.1902011694408,0.0,429.0,0.0
2025-02-19 02:30:00,1552.2905946515364,0.0,472.0,0.0
2025-02-19 03:00:00,1518.9186555348247,0.0,491.0,0.0
2025-02-19 03:30:00,1539.6040840170783,0.0,437.00000000000006,0.0
2025-02-19 04:00:00,1545.6384723113124,0.0,475.0,0.0
2025-02-19 04:30:00,1608.8739512381046,0.0,488.99999999999994,0.0
2025-02-19 05:00:00,1380.9441714065233,0.0,437.99999999999994,0.0
2025-02-19 05:30:00,1577.5076829633392,0.0,467.0,0.0
2025-02-19 06:00:00,1312.3453332658542,0.0,414.0,0.0
2025-02-19 06:30:00,941.3795012919139,0.0,184.0,0.0
2025-02-19 07:00:00,1140.179641927348,0.0,330.0,0.0
2025-02-19 07:30:00,1406.3315252464608,0.0,443.0,0.0
2025-02-19 08:00:00,1041.0700027847436,0.0,316.0,0.0
2025-02-19 08:30:00,1008.8725756234461,0.0,319.0,0.0
2025-02-19 09:00:00,1287.7611472362282,0.0,442.99999999999994,0.0
2025-02-19 09:30:00,1120.5740003593605,0.0,465.0,0.0
2025-02-19 10:00:00,1027.5396986019614,0.0,435.0,0.0
2025-02-19 10:30:00,878.6503677390256,0.0,390.0,0.0
2025-02-19 11:00:00,962.3419339739735,0.0,440.0,0.0
2025-02-19 11:30:00,880.545223920182,0.0,457.00000000000006,0.0
2025-02-19 12:00:00,1031.6434150725347,0.0,453.0,0.0
2025-02-19 12:30:00,942.1617419975515,0.0,404.0,0.0
2025-02-19 13:00:00,789.4421574720782,0.0,341.0,0.0
2025-02-19 13:30:00,426.8927066558855,0.0,228.0,0.0
2025-02-19 14:00:00,648.5335434154613,0.0,251.0,0.0
2025-02-19 14:30:00,1102.3433476141397,0.0,436.0,0.0
2025-02-19 15:00:00,1271.1549533445482,0.0,503.0,0.0
2025-02-19 15:30:00,1274.2601251394624,0.0,463.00000000000006,0.0
2025-02-19 16:00:00,1101.9996329730052,0.0,463.0,0.0
2025-02-19 16:30:00,1174.230814078346,0.0,489.0,0.0
2025-02-19 17:00:00,1329.703812278561,0.0,446.0,0.0
2025-02-19 17:30:00,1058.03696288223,0.0,300.99999999999994,0.0
2025-02-19 18:00:00,1373.794162787554,0.0,477.0,0.0
2025-02-19 18:30:00,1390.912628218415,0.0,518.0,0.0
2025-02-19 19:00:00,1326.1483275430921,0.0,451.0,0.0
2025-02-19 19:30:00,1400.6840297856306,0.0,454.99999999999994,0.0
2025-02-19 20:00:00,1267.7893628460847,0.0,342.0,0.0
2025-02-19 20:30:00,1087.823876906301,0.0,287.0,0.0
2025-02-19 21:00:00,1250.8749785522723,0.0,345.0,0.0
2025-02-19 21:30:00,1148.5986774140777,0.0,343.0,0.0
2025-02-19 22:00:00,1342.841801796746,0.0,373.00000000000006,0.0
2025-02-19 22:30:00,1274.0239414226053,0.0,379.0,0.0
2025-02-19 23:00:00,1427.7750916337493,0.0,405.0,0.0
2025-02-19 23:30:00,1313.578468249908,0.0,411.0,0.0
2025-02-20 00:00:00,1346.4234423638438,0.0,390.0,0.0
2025-02-20 00:30:00,1016.0811942912513,0.0,245.0,0.0
2025-02-20 01:00:00,850.6205629479851,0.0,226.0,0.0
2025-02-20 01:30:00,1190.0167693717751,0.0,358.0,0.0
2025-02-20 02:00:00,1211.085452962229,0.0,368.0,0.0
2025-02-20 02:30:00,1546.7366530434044,0.0,435.0,0.0
2025-02-20 03:00:00,1622.7225253008812,0.0,489.0,0.0
2025-02-20 03:30:00,1396.7961402635594,0.0,416.0,0.0
2025-02-20 04:00:00,1531.8997175733239,0.0,437.0,0.0
2025-02-20 04:30:00,1400.4801862347267,0.0,423.0,0.0
2025-02-20 05:00:00,1490.1750336112818,0.0,421.0,0.0
2025-02-20 05:30:00,1342.1668825099339,0.0,374.0,0.0
2025-02-20 06:00:00,1089.2445406401796,0.0,290.0,0.0
2025-02-20 06:30:00,811.2856130060698,0.0,187.0,0.0
2025-02-20 07:00:00,1198.4103962404083,0.0,341.0,0.0
2025-02-20 07:30:00,1245.9908366004772,0.0,356.0,0.0
2025-02-20 08:00:00,1052.282753502774,0.0,263.0,0.0
2025-02-20 08:30:00,1018.2297124151524,0.0,276.0,0.0
2025-02-20 09:00:00,1000.8290055860058,0.0,328.0,0.0
2025-02-20 09:30:00,824.663031219202,0.0,363.0,0.0
2025-02-20 10:00:00,927.8299624839162,0.0,354.0,0.0
2025-02-20 10:30:00,835.3821233586581,0.0,385.0,0.0
2025-02-20 11:00:00,906.1000095656739,0.0,393.0,0.0
2025-02-20 11:30:00,1046.6680841060513,0.0,411.0,0.0
2025-02-20 12:00:00,991.0431265223843,0.0,376.0,0.0
2025-02-20 12:30:00,842.6048815124088,0.0,391.0,0.0
2025-02-20 13:00:00,748.3671823280797,0.0,319.0,0.0
2025-02-20 13:30:00,538.0027833848286,0.0,208.0,0.0
2025-02-20 14:00:00,461.919213541346,0.0,258.0,0.0
2025-02-20 14:30:00,1080.589326781202,0.0,416.0,0.0
2025-02-20 15:00:00,1326.2704107935492,0.0,473.99999999999994,0.0
2025-02-20 15:30:00,1247.2894228097573,0.0,484.00000000000006,0.0
2025-02-20 16:00:00,989.959663913512,0.0,451.0,0.0
2025-02-20 16:30:00,1182.154323494374,0.0,458.0,0.0
2025-02-20 17:00:00,1181.672007084722,0.0,434.0,0.0
2025-02-20 17:30:00,720.4314684618068,0.0,221.00000000000003,0.0
2025-02-20 18:00:00,1276.2423994001977,0.0,448.99999999999994,0.0
2025-02-20 18:30:00,1546.3650277103977,0.0,455.0,0.0
2025-02-20 19:00:00,1565.9542370661832,0.0,437.0,0.0
2025-02-20 19:30:00,1385.6546791100286,0.0,391.0,0.0
2025-02-20 20:00:00,1010.7603015331434,0.0,294.0,0.0
2025-02-20 20:30:00,1080.7867797205115,0.0,309.0,0.0
2025-02-20 21:00:00,1171.0520054126796,0.0,378.0,0.0
2025-02-20 21:30:00,1251.6888702531953,0.0,392.0,0.0
2025-02-20 22:00:00,1261.9116138322095,0.0,383.0,0.0
2025-02-20 22:30:00,1182.7709102587853,0.0,372.99999999999994,0.0
2025-02-20 23:00:00,1259.0344380322354,0.0,371.0,0.0
2025-02-20 23:30:00,1159.679990379962,0.0,311.0,0.0
2025-02-21 00:00:00,1234.964434683623,0.0,377.0,0.0
2025-02-21 00:30:00,933.2106540459331,0.0,233.0,0.0
2025-02-21 01:00:00,830.9092936096222,0.0,188.0,0.0
2025-02-21 01:30:00,1056.6919689129688,0.0,275.0,0.0
2025-02-21 02:00:00,1203.6226568402103,0.0,368.0,0.0
2025-02-21 02:30:00,1325.517229504866,0.0,404.0,0.0
2025-02-21 03:00:00,1292.0491392577605,0.0,402.0,0.0
2025-02-21 03:30:00,1336.157751013182,0.0,362.0,0.0
2025-02-21 04:00:00,1278.699657132043,0.0,395.0,0.0
2025-02-21 04:30:00,1279.196362861176,0.0,408.0,0.0
2025-02-21 05:00:00,1321.0358298287563,0.0,387.0,0.0
2025-02-21 05:30:00,1413.918833424456,0.0,400.99999999999994,0.0
2025-02-21 06:00:00,1177.8698048199449,0.0,386.0,0.0
2025-02-21 06:30:00,720.2503434203212,0.0,179.0,0.0
2025-02-21 07:00:00,1070.2680135279654,0.0,302.0,0.0
2025-02-21 07:30:00,1437.559830941571,0.0,381.0,0.0
2025-02-21 08:00:00,891.9605214215771,0.0,255.99999999999997,0.0
2025-02-21 08:30:00,950.980713580767,0.0,285.0,0.0
2025-02-21 09:00:00,1119.3724812699747,0.0,403.0,0.0
2025-02-21 09:30:00,1104.4563176748907,0.0,400.0,0.0
2025-02-21 10:00:00,1118.9429010240606,0.0,462.0,0.0
2025-02-21 10:30:00,1000.0932570338431,0.0,431.0,0.0
2025-02-21 11:00:00,1019.429931392953,0.0,457.0,0.0
2025-02-21 11:30:00,876.5912030474442,0.0,425.0,0.0
2025-02-21 12:00:00,922.8710459491759,0.0,464.0,0.0
2025-02-21 12:30:00,979.1225307852665,0.0,415.0,0.0
2025-02-21 13:00:00,620.7773277294312,0.0,290.0,0.0
2025-02-21 13:30:00,539.9169986770542,0.0,247.0,0.0
2025-02-21 14:00:00,590.655397698622,0.0,288.0,0.0
2025-02-21 14:30:00,905.296824692608,0.0,367.0,0.0
2025-02-21 15:00:00,1019.939719634191,0.0,428.0,0.0
2025-02-21 15:30:00,1012.7629131727431,0.0,435.0,0.0
2025-02-21 16:00:00,1036.724938983218,0.0,447.0,0.0
2025-02-21 16:30:00,1199.7616034820219,0.0,464.0,0.0
2025-02-21 17:00:00,1238.9789236516954,0.0,414.0,0.0
2025-02-21 17:30:00,913.1334571624577,0.0,237.00000000000003,0.0
2025-02-21 18:00:00,1325.1030768676515,0.0,422.00000000000006,0.0
2025-02-21 18:30:00,1261.9628800099003,0.0,417.0,0.0
2025-02-21 19:00:00,1327.0851683004053,0.0,458.0,0.0
2025-02-21 19:30:00,1340.0164236962505,0.0,384.99999999999994,0.0
2025-02-21 20:00:00,1125.9164565733813,0.0,278.0,0.0
2025-02-21 20:30:00,1068.086717818503,0.0,279.00000000000006,0.0
2025-02-21 21:00:00,1400.9633207353816,0.0,406.0,0.0
2025-02-21 21:30:00,1352.638188088538,0.0,450.0,0.0
2025-02-21 22:00:00,1383.895629039002,0.0,399.00000000000006,0.0
2025-02-21 22:30:00,1326.8376965629218,0.0,424.0,0.0
2025-02-21 23:00:00,1557.661530862534,0.0,452.0,0.0
2025-02-21 23:30:00,1354.23493676236,0.0,448.0,0.0
2025-02-22 00:00:00,1375.602294290173,0.0,407.0,0.0
2025-02-22 00:30:00,1003.8471397970294,0.0,282.0,0.0
2025-02-22 01:00:00,923.0661591958079,0.0,211.0,0.0
2025-02-22 01:30:00,1053.4976304995996,0.0,262.0,0.0
2025-02-22 02:00:00,1149.745203201215,0.0,353.0,0.0
2025-02-22 02:30:00,1225.4305913339033,0.0,378.0,0.0
2025-02-22 03:00:00,1351.8890392395222,0.0,429.0,0.0
2025-02-22 03:30:00,1397.2590840693167,0.0,405.0,0.0
2025-02-22 04:00:00,1208.0863826912205,0.0,425.99999999999994,0.0
2025-02-22 04:30:00,1416.8337361172908,0.0,413.00000000000006,0.0
2025-02-22 05:00:00,1301.3357262186455,0.0,381.00000000000006,0.0
2025-02-22 05:30:00,1363.3029485309253,0.0,390.99999999999994,0.0
2025-02-22 06:00:00,1195.293626584698,0.0,360.0,0.0
2025-02-22 06:30:00,814.2419895820826,0.0,175.0,0.0
2025-02-22 07:00:00,1252.6441241248797,0.0,324.0,0.0
2025-02-22 07:30:00,1062.470701351011,0.0,363.0,0.0
2025-02-22 08:00:00,932.0841610783223,0.0,249.99999999999997,0.0
2025-02-22 08:30:00,1006.1603202256556,0.0,302.0,0.0
2025-02-22 09:00:00,1153.21784740086,0.0,451.0,0.0
2025-02-22 09:30:00,971.7164001590106,0.0,429.0,0.0
2025-02-22 10:00:00,937.7928165033381,0.0,433.0,0.0
2025-02-22 10:30:00,967.2308248235183,0.0,461.0,0.0
2025-02-22 11:00:00,913.1532283918503,0.0,426.0,0.0
2025-02-22 11:30:00,902.0770441563717,0.0,407.0,0.0
2025-02-22 12:00:00,993.5364977944013,0.0,417.0,0.0
2025-02-22 12:30:00,685.7116451146762,0.0,366.99999999999994,0.0
2025-02-22 13:00:00,756.0275900129872,0.0,365.0,0.0
2025-02-22 13:30:00,324.0447896873215,0.0,170.0,0.0
2025-02-22 14:00:00,125.31276410655913,4.0,132.0,0.0
2025-02-22 14:30:00,480.48368594628914,0.0,294.0,0.0
2025-02-22 15:00:00,691.4875827655142,0.0,286.0,0.0
2025-02-22 15:30:00,616.9463123487963,0.0,275.0,0.0
2025-02-22 16:00:00,694.3860748223011,0.0,292.0,0.0
2025-02-22 16:30:00,783.3773423430622,0.0,284.0,0.0
2025-02-22 17:00:00,717.346693116218,0.0,277.0,0.0
2025-02-22 17:30:00,458.52872311877593,0.0,143.0,0.0
2025-02-22 18:00:00,753.9332206874102,0.0,240.99999999999997,0.0
2025-02-22 18:30:00,842.2794881693537,0.0,231.0,0.0
2025-02-22 19:00:00,1043.4813239126315,0.0,265.0,0.0
2025-02-22 19:30:00,926.8439846967199,0.0,213.0,0.0
2025-02-22 20:00:00,686.791896228796,0.0,138.0,0.0
2025-02-22 20:30:00,918.4136643443222,0.0,255.99999999999997,0.0
2025-02-22 21:00:00,1150.179384951799,0.0,378.0,0.0
2025-02-22 21:30:00,1290.6721857798389,0.0,397.00000000000006,0.0
2025-02-22 22:00:00,1334.852312213546,0.0,400.0,0.0
2025-02-22 22:30:00,1231.6123321586447,0.0,371.99999999999994,0.0
2025-02-22 23:00:00,1410.6867098656842,0.0,377.0,0.0
2025-02-22 23:30:00,1218.2843572311574,0.0,379.0,0.0
2025-02-23 00:00:00,1306.089828023503,0.0,365.0,0.0
2025-02-23 00:30:00,958.3957926550212,0.0,209.0,0.0
2025-02-23 01:00:00,836.0332579250057,0.0,169.0,0.0
2025-02-23 01:30:00,854.984196185929,0.0,211.0,0.0
2025-02-23 02:00:00,1071.9212904234273,0.0,301.0,0.0
2025-02-23 02:30:00,967.5959360733199,0.0,260.0,0.0
2025-02-23 03:00:00,1016.4535500528852,0.0,258.0,0.0
2025-02-23 03:30:00,944.3969311246964,0.0,254.99999999999997,0.0
2025-02-23 04:00:00,968.5632228066146,0.0,257.0,0.0
2025-02-23 04:30:00,986.7352307877809,0.0,267.0,0.0
2025-02-23 05:00:00,1026.3909264451718,0.0,276.0,0.0
2025-02-23 05:30:00,941.3797107345649,0.0,237.0,0.0
2025-02-23 06:00:00,913.1818347536636,0.0,195.0,0.0
2025-02-23 06:30:00,649.259401001098,0.0,110.0,0.0
2025-02-23 07:00:00,750.9997486686972,0.0,213.0,0.0
2025-02-23 07:30:00,845.1568178952538,0.0,207.0,0.0
2025-02-23 08:00:00,641.2593510192315,0.0,135.0,0.0
2025-02-23 08:30:00,623.3513251598985,0.0,160.0,0.0
2025-02-23 09:00:00,607.9772863874605,0.0,204.0,0.0
2025-02-23 09:30:00,684.7633126326522,0.0,242.0,0.0
2025-02-23 10:00:00,613.2011611403983,0.0,220.0,0.0
2025-02-23 10:30:00,438.2716068993852,0.0,202.0,0.0
2025-02-23 11:00:00,531.307654515772,0.0,257.0,0.0
2025-02-23 11:30:00,556.4919033998854,0.0,254.0,0.0
2025-02-23 12:00:00,518.2492403302663,0.0,262.0,0.0
2025-02-23 12:30:00,408.3688987317319,0.0,226.99999999999997,0.0
2025-02-23 13:00:00,460.36465061292745,0.0,246.0,0.0
2025-02-23 13:30:00,107.16168026518686,18.0,119.99999999999999,0.0
2025-02-23 14:00:00,98.54759801746316,1.0,95.0,0.0
2025-02-23 14:30:00,601.0456417525098,0.0,242.0,0.0
2025-02-23 15:00:00,443.49607043539356,0.0,257.0,0.0
2025-02-23 15:30:00,452.5819743891321,0.0,220.0,0.0
2025-02-23 16:00:00,597.5861038181301,0.0,239.0,0.0
2025-02-23 16:30:00,687.672425243895,0.0,270.0,0.0
2025-02-23 17:00:00,774.2729749782466,0.0,240.00000000000003,0.0
2025-02-23 17:30:00,575.9884123348978,0.0,140.0,0.0
2025-02-23 18:00:00,837.5304458518696,0.0,260.0,0.0
2025-02-23 18:30:00,908.1892303043461,0.0,221.0,0.0
2025-02-23 19:00:00,843.4636793829912,0.0,215.00000000000003,0.0
2025-02-23 19:30:00,783.1787432456816,0.0,207.00000000000003,0.0
2025-02-23 20:00:00,647.6498065153849,0.0,143.0,0.0
2025-02-23 20:30:00,699.2250734367839,0.0,163.0,0.0
2025-02-23 21:00:00,879.2994895766228,0.0,213.0,0.0
2025-02-23 21:30:00,930.2324040540626,0.0,239.00000000000003,0.0
2025-02-23 22:00:00,874.7292378685024,0.0,239.00000000000003,0.0
2025-02-23 22:30:00,911.5403969628662,0.0,191.0,0.0
2025-02-23 23:00:00,876.0707515531069,0.0,214.0,0.0
2025-02-23 23:30:00,947.4191734260717,0.0,243.0,0.0
2025-02-24 00:00:00,814.6881168620996,0.0,186.0,0.0
2025-02-24 00:30:00,644.6929885673329,0.0,125.0,0.0
2025-02-24 01:00:00,578.1835298260152,0.0,130.0,0.0
2025-02-24 01:30:00,849.6368994631008,0.0,251.0,0.0
2025-02-24 02:00:00,976.7224310647512,0.0,266.0,0.0
2025-02-24 02:30:00,872.1877828267762,0.0,224.0,0.0
2025-02-24 03:00:00,786.2633460553789,0.0,186.0,0.0
2025-02-24 03:30:00,896.8903241556447,0.0,258.0,0.0
2025-02-24 04:00:00,913.584432044927,0.0,229.0,0.0
2025-02-24 04:30:00,765.4936654580534,0.0,205.0,0.0
2025-02-24 05:00:00,863.5474682199638,0.0,227.0,0.0
2025-02-24 05:30:00,758.9498171673778,0.0,177.0,0.0
2025-02-24 06:00:00,834.3405328026198,0.0,213.0,0.0
2025-02-24 06:30:00,628.2309491813429,0.0,114.0,0.0
2025-02-24 07:00:00,764.894093951865,0.0,213.0,0.0
2025-02-24 07:30:00,676.3001446577314,0.0,170.0,0.0
2025-02-24 08:00:00,692.497350305349,0.0,181.0,0.0
2025-02-24 08:30:00,917.8325434862379,0.0,324.0,0.0
2025-02-24 09:00:00,1139.4431889347125,0.0,429.0,0.0
2025-02-24 09:30:00,1242.9965141699035,0.0,399.0,0.0
2025-02-24 10:00:00,1322.4121796368993,0.0,467.0,0.0
2025-02-24 10:30:00,1292.852244468338,0.0,469.0,0.0
2025-02-24 11:00:00,1091.3125413272971,0.0,419.0,0.0
2025-02-24 11:30:00,1135.5512259718498,0.0,447.0,0.0
2025-02-24 12:00:00,1140.1412948547693,0.0,446.0,0.0
2025-02-24 12:30:00,1100.8118594117343,0.0,432.0,0.0
2025-02-24 13:00:00,893.3063836773094,0.0,352.0,0.0
2025-02-24 13:30:00,505.64561738543676,0.0,217.0,0.0
2025-02-24 14:00:00,514.814233332793,0.0,260.0,0.0
2025-02-24 14:30:00,957.7799604474837,0.0,458.0,0.0
2025-02-24 15:00:00,923.1057842727705,0.0,442.0,0.0
2025-02-24 15:30:00,1133.5060552260038,0.0,495.0,0.0
2025-02-24 16:00:00,1414.4642943829408,0.0,487.0,0.0
2025-02-24 16:30:00,1414.2563524934333,0.0,479.00000000000006,0.0
2025-02-24 17:00:00,1411.8686502010364,0.0,455.00000000000006,0.0
2025-02-24 17:30:00,942.9979787843802,0.0,251.00000000000003,0.0
2025-02-24 18:00:00,1238.7632332089177,0.0,464.0,0.0
2025-02-24 18:30:00,1550.5540835140478,0.0,516.0,0.0
2025-02-24 19:00:00,1455.833323676913,0.0,463.99999999999994,0.0
2025-02-24 19:30:00,1408.6373472691846,0.0,410.99999999999994,0.0
2025-02-24 20:00:00,1056.357679037002,0.0,321.0,0.0
2025-02-24 20:30:00,1045.2324443988769,0.0,278.0,0.0
2025-02-24 21:00:00,1175.1614442744492,0.0,367.0,0.0
2025-02-24 21:30:00,1326.6172580088135,0.0,409.00000000000006,0.0
2025-02-24 22:00:00,1233.7705174337555,0.0,407.0,0.0
2025-02-24 22:30:00,1291.1300712638588,0.0,421.0,0.0
2025-02-24 23:00:00,1341.917428282574,0.0,401.0,0.0
2025-02-24 23:30:00,1260.059186675365,0.0,409.0,0.0
2025-02-25 00:00:00,1322.036027896647,0.0,409.0,0.0
2025-02-25 00:30:00,1087.0082128243903,0.0,248.0,0.0
2025-02-25 01:00:00,903.754555061795,0.0,186.0,0.0
2025-02-25 01:30:00,1082.8878956268534,0.0,323.0,0.0
2025-02-25 02:00:00,1173.3568903166108,0.0,345.0,0.0
2025-02-25 02:30:00,1268.6046966676531,0.0,402.0,0.0
2025-02-25 03:00:00,1231.0332123360392,0.0,327.99999999999994,0.0
2025-02-25 03:30:00,1181.426412945694,0.0,384.0,0.0
2025-02-25 04:00:00,1398.8895242432006,0.0,435.0,0.0
2025-02-25 04:30:00,1225.7547664204458,0.0,381.0,0.0
2025-02-25 05:00:00,1191.8546303496219,0.0,415.0,0.0
2025-02-25 05:30:00,1334.5019798796832,0.0,432.00000000000006,0.0
2025-02-25 06:00:00,1387.3510982228202,0.0,389.0,0.0
2025-02-25 06:30:00,800.8395635174235,0.0,168.0,0.0
2025-02-25 07:00:00,1116.4641077025196,0.0,315.0,0.0
2025-02-25 07:30:00,1156.3875683498065,0.0,274.0,0.0
2025-02-25 08:00:00,969.3842050729531,0.0,268.0,0.0
2025-02-25 08:30:00,923.5289128850783,0.0,325.0,0.0
2025-02-25 09:00:00,993.7192087794906,0.0,400.0,0.0
2025-02-25 09:30:00,1068.3245219802354,0.0,447.0,0.0
2025-02-25 10:00:00,1199.0168872553252,0.0,440.0,0.0
2025-02-25 10:30:00,1136.4374708471498,0.0,434.0,0.0
2025-02-25 11:00:00,1069.2854256757932,0.0,483.0,0.0
2025-02-25 11:30:00,976.458142614628,0.0,470.0,0.0
2025-02-25 12:00:00,1084.0793926788806,0.0,475.0,0.0
2025-02-25 12:30:00,791.5854728284211,0.0,386.0,0.0
2025-02-25 13:00:00,714.0588019206975,0.0,331.0,0.0
2025-02-25 13:30:00,449.98379701632047,0.0,225.0,0.0
2025-02-25 14:00:00,638.8941598014045,0.0,273.0,0.0
2025-02-25 14:30:00,939.6898466326296,0.0,416.0,0.0
2025-02-25 15:00:00,895.1893254084287,0.0,422.0,0.0
2025-02-25 15:30:00,1105.7960653867162,0.0,409.0,0.0
2025-02-25 16:00:00,1070.4129546504296,0.0,415.0,0.0
2025-02-25 16:30:00,1291.381595583234,0.0,441.0,0.0
2025-02-25 17:00:00,1388.815874605144,0.0,453.00000000000006,0.0
2025-02-25 17:30:00,1003.7241012382742,0.0,300.0,0.0
2025-02-25 18:00:00,1279.6313636252648,0.0,446.0,0.0
2025-02-25 18:30:00,1393.221076660902,0.0,465.0,0.0
2025-02-25 19:00:00,1448.1652020414813,0.0,457.0,0.0
2025-02-25 19:30:00,1383.3214040374978,0.0,423.0,0.0
2025-02-25 20:00:00,1198.7555081861362,0.0,365.0,0.0
2025-02-25 20:30:00,1066.3166233624415,0.0,304.0,0.0
2025-02-25 21:00:00,1366.2530949659542,0.0,400.0,0.0
2025-02-25 21:30:00,1279.3611563787283,0.0,398.99999999999994,0.0
2025-02-25 22:00:00,1483.7559099632283,0.0,433.0,0.0
2025-02-25 22:30:00,1343.8557169734524,0.0,388.00000000000006,0.0
2025-02-25 23:00:00,1457.7790825154716,0.0,434.0,0.0
2025-02-25 23:30:00,1512.0195442399788,0.0,459.00000000000006,0.0
2025-02-26 00:00:00,1234.7776747473001,0.0,411.0,0.0
2025-02-26 00:30:00,1012.4332549898542,0.0,308.0,0.0
2025-02-26 01:00:00,859.4188085683776,0.0,241.0,0.0
2025-02-26 01:30:00,967.7344156239415,0.0,292.0,0.0
2025-02-26 02:00:00,1169.2799259735616,0.0,351.99999999999994,0.0
2025-02-26 02:30:00,1401.567414695037,0.0,439.0,0.0
2025-02-26 03:00:00,1327.4024887555763,0.0,461.0,0.0
2025-02-26 03:30:00,1265.3508746078417,0.0,427.0,0.0
2025-02-26 04:00:00,1196.7796061203458,0.0,407.0,0.0
2025-02-26 04:30:00,1322.4466175132104,0.0,416.0,0.0
2025-02-26 05:00:00,1265.1378115052655,0.0,408.0,0.0
2025-02-26 05:30:00,1297.9942251266114,0.0,413.0,0.0
2025-02-26 06:00:00,1146.9502669595734,0.0,327.0,0.0
2025-02-26 06:30:00,792.6365122664134,0.0,224.0,0.0
2025-02-26 07:00:00,1158.9908466587076,0.0,350.0,0.0
2025-02-26 07:30:00,1204.894884390433,0.0,391.0,0.0
2025-02-26 08:00:00,899.7721150289801,0.0,293.0,0.0
2025-02-26 08:30:00,974.6787359807665,0.0,353.0,0.0
2025-02-26 09:00:00,1290.9012421118387,0.0,439.0,0.0
2025-02-26 09:30:00,1204.832501530199,0.0,452.0,0.0
2025-02-26 10:00:00,1239.1663438135017,0.0,451.0,0.0
2025-02-26 10:30:00,1064.6372486872049,0.0,447.0,0.0
2025-02-26 11:00:00,1021.343257701125,0.0,486.0,0.0
2025-02-26 11:30:00,1021.6170919538878,0.0,485.0,0.0
2025-02-26 12:00:00,991.6845227305183,0.0,456.0,0.0
2025-02-26 12:30:00,1090.0599820959649,0.0,464.0,0.0
2025-02-26 13:00:00,729.6057920649871,0.0,382.0,0.0
2025-02-26 13:30:00,420.780933441713,0.0,264.0,0.0
2025-02-26 14:00:00,504.19249857694336,0.0,318.0,0.0
2025-02-26 14:30:00,1008.546053034488,0.0,443.0,0.0
2025-02-26 15:00:00,924.8609845006088,0.0,500.99999999999994,0.0
2025-02-26 15:30:00,1359.2322710117317,0.0,482.99999999999994,0.0
2025-02-26 16:00:00,1297.4964257491413,0.0,464.0,0.0
2025-02-26 16:30:00,1311.0816150858657,0.0,467.0,0.0
2025-02-26 17:00:00,1316.6069721896392,0.0,481.0,0.0
2025-02-26 17:30:00,936.1246976182036,0.0,335.0,0.0
2025-02-26 18:00:00,1413.2291351478789,0.0,495.0,0.0
2025-02-26 18:30:00,1420.3796254807146,0.0,512.0,0.0
2025-02-26 19:00:00,1656.297148869056,0.0,554.0,0.0
2025-02-26 19:30:00,1446.806355555917,0.0,470.0,0.0
2025-02-26 20:00:00,1121.8429950803497,0.0,365.0,0.0
2025-02-26 20:30:00,1217.771340547289,0.0,357.0,0.0
2025-02-26 21:00:00,1336.5841399097058,0.0,438.0,0.0
2025-02-26 21:30:00,1441.371586009678,0.0,456.0,0.0
2025-02-26 22:00:00,1430.8507960187394,0.0,422.0,0.0
2025-02-26 22:30:00,1211.533361579949,0.0,429.99999999999994,0.0
2025-02-26 23:00:00,1488.0338152208496,0.0,460.99999999999994,0.0
2025-02-26 23:30:00,1275.2914637926142,0.0,435.0,0.0
2025-02-27 00:00:00,1347.6946977388232,0.0,386.99999999999994,0.0
2025-02-27 00:30:00,1084.7066413181053,0.0,320.0,0.0
2025-02-27 01:00:00,814.8530013682015,0.0,236.99999999999997,0.0
2025-02-27 01:30:00,1013.3487813982869,0.0,352.0,0.0
2025-02-27 02:00:00,1143.9665403117529,0.0,351.0,0.0
2025-02-27 02:30:00,1381.0445879957254,0.0,456.0,0.0
2025-02-27 03:00:00,1593.1925811467024,0.0,471.00000000000006,0.0
2025-02-27 03:30:00,1463.7598842964117,0.0,465.99999999999994,0.0
2025-02-27 04:00:00,1368.1839763077594,0.0,456.00000000000006,0.0
2025-02-27 04:30:00,1282.9220820326004,0.0,440.0,0.0
2025-02-27 05:00:00,1383.1722199033518,0.0,466.0,0.0
2025-02-27 05:30:00,1298.525769738055,0.0,456.0,0.0
2025-02-27 06:00:00,1365.6661745915853,0.0,409.0,0.0
2025-02-27 06:30:00,853.6453930209625,0.0,209.0,0.0
2025-02-27 07:00:00,1221.4582922605414,0.0,397.0,0.0
2025-02-27 07:30:00,1346.0626296001608,0.0,412.0,0.0
2025-02-27 08:00:00,1135.42984559041,0.0,344.0,0.0
2025-02-27 08:30:00,1018.7927193598133,0.0,359.0,0.0
2025-02-27 09:00:00,1412.8409067912764,0.0,517.0,0.0
2025-02-27 09:30:00,1313.0242526487339,0.0,497.0,0.0
2025-02-27 10:00:00,1310.569232199597,0.0,499.0,0.0
2025-02-27 10:30:00,1183.5369881579873,0.0,480.0,0.0
2025-02-27 11:00:00,1228.9674613950647,0.0,524.0,0.0
2025-02-27 11:30:00,1184.5754201929892,0.0,506.0,0.0
2025-02-27 12:00:00,1468.1625002704939,0.0,533.0,0.0
2025-02-27 12:30:00,1137.8123054560406,0.0,495.0,0.0
2025-02-27 13:00:00,1000.7451644502802,0.0,416.0,0.0
2025-02-27 13:30:00,820.6569187473864,0.0,298.0,0.0
2025-02-27 14:00:00,775.5104687898988,0.0,340.0,0.0
2025-02-27 14:30:00,1211.5310323346166,0.0,503.0,0.0
2025-02-27 15:00:00,1150.0044585070696,0.0,519.0,0.0
2025-02-27 15:30:00,1183.131836154696,0.0,468.0,0.0
2025-02-27 16:00:00,1005.0302867494266,0.0,484.0,0.0
2025-02-27 16:30:00,1213.5796647350937,0.0,475.0,0.0
2025-02-27 17:00:00,1280.3669370381986,0.0,480.0,0.0
2025-02-27 17:30:00,1069.2737640088735,0.0,362.0,0.0
2025-02-27 18:00:00,1411.145770531977,0.0,516.0,0.0
2025-02-27 18:30:00,1453.2944511631388,0.0,528.0,0.0
2025-02-27 19:00:00,1594.1226501961478,0.0,567.0,0.0
2025-02-27 19:30:00,1585.17327626703,0.0,541.0,0.0
2025-02-27 20:00:00,1157.5793518567323,0.0,382.0,0.0
2025-02-27 20:30:00,1021.7166404478917,0.0,343.0,0.0
2025-02-27 21:00:00,1348.7592167110975,0.0,442.0,0.0
2025-02-27 21:30:00,1544.246519752196,0.0,493.99999999999994,0.0
2025-02-27 22:00:00,1419.0568668032497,0.0,472.00000000000006,0.0
2025-02-27 22:30:00,1378.641766841234,0.0,496.0,0.0
2025-02-27 23:00:00,1484.8009635395063,0.0,494.0,0.0
2025-02-27 23:30:00,1310.3038077639726,0.0,471.99999999999994,0.0
2025-02-28 00:00:00,1201.5516816124125,0.0,367.0,0.0
2025-02-28 00:30:00,979.0104755019256,0.0,281.0,0.0
2025-02-28 01:00:00,895.139639546191,0.0,254.0,0.0
2025-02-28 01:30:00,1033.0132051155415,0.0,309.0,0.0
2025-02-28 02:00:00,1019.5278315542361,0.0,293.0,0.0
2025-02-28 02:30:00,1182.3283730011774,0.0,383.0,0.0
2025-02-28 03:00:00,1248.8471109358832,0.0,403.0,0.0
2025-02-28 03:30:00,1163.1343345198334,0.0,402.0,0.0
2025-02-28 04:00:00,1340.1989867722123,0.0,456.0,0.0
2025-02-28 04:30:00,1224.7595991784735,0.0,395.0,0.0
2025-02-28 05:00:00,1006.22412937353,0.0,305.0,0.0
2025-02-28 05:30:00,765.5434975103597,0.0,244.0,0.0
2025-02-28 06:00:00,663.0099637185862,0.0,158.0,0.0
2025-02-28 06:30:00,556.3230832523074,0.0,137.0,0.0
2025-02-28 07:00:00,516.0337661321346,0.0,105.0,0.0
2025-02-28 07:30:00,567.1102776154254,0.0,121.0,0.0
2025-02-28 08:00:00,518.0538581600637,0.0,146.0,0.0
2025-02-28 08:30:00,972.2978318279904,0.0,319.0,0.0
2025-02-28 09:00:00,1306.2424864131076,0.0,460.0,0.0
2025-02-28 09:30:00,989.397328793945,0.0,418.0,0.0
2025-02-28 10:00:00,1043.2196396615093,0.0,413.0,0.0
2025-02-28 10:30:00,1078.639110136594,0.0,450.0,0.0
2025-02-28 11:00:00,1002.2944190065173,0.0,477.0,0.0
2025-02-28 11:30:00,992.0071232850048,0.0,479.0,0.0
2025-02-28 12:00:00,947.9318067759841,0.0,423.0,0.0
2025-02-28 12:30:00,905.4872451938446,0.0,435.0,0.0
2025-02-28 13:00:00,628.6656830735225,0.0,355.0,0.0
2025-02-28 13:30:00,323.33543187749353,0.0,225.0,0.0
2025-02-28 14:00:00,473.14763413971474,0.0,267.0,0.0
2025-02-28 14:30:00,842.9778430553259,0.0,383.0,0.0
2025-02-28 15:00:00,1146.4482612853712,0.0,506.0,0.0
2025-02-28 15:30:00,1071.7697746805707,0.0,459.0,0.0
2025-02-28 16:00:00,1230.5631764334487,0.0,493.0,0.0
2025-02-28 16:30:00,1269.447899382145,0.0,488.0,0.0
2025-02-28 17:00:00,1352.348847019505,0.0,461.00000000000006,0.0
2025-02-28 17:30:00,975.6764750058271,0.0,303.0,0.0
2025-02-28 18:00:00,1332.199053066199,0.0,501.99999999999994,0.0
2025-02-28 18:30:00,1376.926304319336,0.0,473.0,0.0
2025-02-28 19:00:00,1450.638898384247,0.0,494.0,0.0
2025-02-28 19:30:00,1418.4953870670645,0.0,493.0,0.0
2025-02-28 20:00:00,1030.8529633791682,0.0,320.0,0.0
2025-02-28 20:30:00,1013.3714389159356,0.0,310.0,0.0
2025-02-28 21:00:00,1154.087107311116,0.0,353.0,0.0
2025-02-28 21:30:00,1149.753189479293,0.0,418.0,0.0
2025-02-28 22:00:00,1256.6059950097517,0.0,387.0,0.0
2025-02-28 22:30:00,1270.582710841675,0.0,447.0,0.0
2025-02-28 23:00:00,1241.9965525177613,0.0,406.0,0.0
2025-02-28 23:30:00,1331.1484564039752,0.0,453.0,0.0
2025-03-01 00:00:00,1457.751373243135,0.0,430.99999999999994,0.0
2025-03-01 00:30:00,1048.4266793130525,0.0,326.0,0.0
2025-03-01 01:00:00,849.6774816917106,0.0,239.00000000000003,0.0
2025-03-01 01:30:00,1008.5206991890655,0.0,285.0,0.0
2025-03-01 02:00:00,1143.1604723450282,0.0,367.0,0.0
2025-03-01 02:30:00,1290.7640299859233,0.0,380.0,0.0
2025-03-01 03:00:00,1184.946088051114,0.0,359.99999999999994,0.0
2025-03-01 03:30:00,1364.4296258247364,0.0,407.99999999999994,0.0
2025-03-01 04:00:00,1244.3365713145106,0.0,373.0,0.0
2025-03-01 04:30:00,1145.1295828167908,0.0,355.0,0.0
2025-03-01 05:00:00,1191.8364133773841,0.0,391.0,0.0
2025-03-01 05:30:00,1278.093609972857,0.0,367.0,0.0
2025-03-01 06:00:00,1156.755318996651,0.0,301.0,0.0
2025-03-01 06:30:00,740.0736896802937,0.0,211.99999999999997,0.0
2025-03-01 07:00:00,1054.210439914322,0.0,321.0,0.0
2025-03-01 07:30:00,1205.4081244409526,0.0,347.0,0.0
2025-03-01 08:00:00,1032.2115047449063,0.0,298.0,0.0
2025-03-01 08:30:00,994.7716666861676,0.0,337.0,0.0
2025-03-01 09:00:00,1336.6754169161024,0.0,496.0,0.0
2025-03-01 09:30:00,1222.9045989385086,0.0,433.0,0.0
2025-03-01 10:00:00,1150.414992531726,0.0,471.0,0.0
2025-03-01 10:30:00,1205.1872818830882,0.0,460.0,0.0
2025-03-01 11:00:00,1058.8845232342148,0.0,458.0,0.0
2025-03-01 11:30:00,928.7819050564248,0.0,475.0,0.0
2025-03-01 12:00:00,957.6608282718561,0.0,464.0,0.0
2025-03-01 12:30:00,981.0749479516699,0.0,426.0,0.0
2025-03-01 13:00:00,990.8372811675284,0.0,416.0,0.0
2025-03-01 13:30:00,468.9356677326071,0.0,213.0,0.0
2025-03-01 14:00:00,422.51052468479077,0.0,182.0,0.0
2025-03-01 14:30:00,1000.9538075889511,0.0,410.0,0.0
2025-03-01 15:00:00,1086.9636267243695,0.0,407.0,0.0
2025-03-01 15:30:00,988.5258449315382,0.0,433.0,0.0
2025-03-01 16:00:00,907.3404451416358,0.0,461.99999999999994,0.0
2025-03-01 16:30:00,1330.2284961771868,0.0,421.0,0.0
2025-03-01 17:00:00,1017.1793668061767,0.0,291.0,0.0
2025-03-01 17:30:00,810.6258033038441,0.0,240.00000000000003,0.0
2025-03-01 18:00:00,973.3969153783961,0.0,312.0,0.0
2025-03-01 18:30:00,899.3770924460993,0.0,286.0,0.0
2025-03-01 19:00:00,899.8967950019863,0.0,254.00000000000003,0.0
2025-03-01 19:30:00,897.5270066942247,0.0,232.0,0.0
2025-03-01 20:00:00,779.4446626055484,0.0,206.0,0.0
2025-03-01 20:30:00,1011.8739976385224,0.0,304.0,0.0
2025-03-01 21:00:00,1186.9019274621194,0.0,373.0,0.0
2025-03-01 21:30:00,1072.9006614185998,0.0,319.0,0.0
2025-03-01 22:00:00,1301.4991922349402,0.0,379.99999999999994,0.0
2025-03-01 22:30:00,1351.0856955237534,0.0,406.0,0.0
2025-03-01 23:00:00,1341.4467164953041,0.0,418.0,0.0
2025-03-01 23:30:00,1359.410256855228,0.0,357.0,0.0
2025-03-02 00:00:00,1189.3452048410766,0.0,350.99999999999994,0.0
2025-03-02 00:30:00,1023.6753886279032,0.0,236.0,0.0
2025-03-02 01:00:00,924.4818523282951,0.0,189.0,0.0
2025-03-02 01:30:00,961.1965869165921,0.0,268.0,0.0
2025-03-02 02:00:00,1045.6128904906855,0.0,285.0,0.0
2025-03-02 02:30:00,1086.0141412949774,0.0,353.0,0.0
2025-03-02 03:00:00,1290.856552894459,0.0,352.0,0.0
2025-03-02 03:30:00,1198.9315479672023,0.0,338.00000000000006,0.0
2025-03-02 04:00:00,1180.602470867518,0.0,290.0,0.0
2025-03-02 04:30:00,953.956855999828,0.0,264.0,0.0
2025-03-02 05:00:00,970.1883484742316,0.0,222.0,0.0
2025-03-02 05:30:00,970.9502436453191,0.0,270.0,0.0
2025-03-02 06:00:00,988.4800872234058,0.0,241.0,0.0
2025-03-02 06:30:00,746.0326684794297,0.0,150.0,0.0
2025-03-02 07:00:00,896.7679996433825,0.0,225.00000000000003,0.0
2025-03-02 07:30:00,827.1938985915543,0.0,246.99999999999997,0.0
2025-03-02 08:00:00,723.0545275556004,0.0,157.0,0.0
2025-03-02 08:30:00,622.6400521892998,0.0,178.0,0.0
2025-03-02 09:00:00,773.6877064194348,0.0,274.0,0.0
2025-03-02 09:30:00,955.558735014104,0.0,336.0,0.0
2025-03-02 10:00:00,1007.6547741939238,0.0,400.0,0.0
2025-03-02 10:30:00,872.6708000689283,0.0,396.0,0.0
2025-03-02 11:00:00,866.7472383757803,0.0,360.0,0.0
2025-03-02 11:30:00,1109.7403157522124,0.0,400.0,0.0
2025-03-02 12:00:00,896.2744965692563,0.0,400.0,0.0
2025-03-02 12:30:00,597.9901641572613,0.0,361.0,0.0
2025-03-02 13:00:00,732.5828802424367,0.0,367.0,0.0
2025-03-02 13:30:00,204.82078955462356,1.0,146.0,0.0
2025-03-02 14:00:00,205.14264192940257,1.0,156.0,0.0
2025-03-02 14:30:00,678.2497840708857,0.0,340.99999999999994,0.0
2025-03-02 15:00:00,780.4810313650179,0.0,369.0,0.0
2025-03-02 15:30:00,969.5289867858943,0.0,415.0,0.0
2025-03-02 16:00:00,857.2639021502837,0.0,391.0,0.0
2025-03-02 16:30:00,1001.7376333821363,0.0,414.0,0.0
2025-03-02 17:00:00,1084.6348771394923,0.0,417.0,0.0
2025-03-02 17:30:00,871.8794698963306,0.0,309.0,0.0
2025-03-02 18:00:00,1164.0573156438752,0.0,354.0,0.0
2025-03-02 18:30:00,901.9540447090262,0.0,298.0,0.0
2025-03-02 19:00:00,935.3138391241268,0.0,280.0,0.0
2025-03-02 19:30:00,912.5095655336864,0.0,277.0,0.0
2025-03-02 20:00:00,946.5427981499034,0.0,228.0,0.0
2025-03-02 20:30:00,746.0410728113015,0.0,166.0,0.0
2025-03-02 21:00:00,776.5713010168867,0.0,221.0,0.0
2025-03-02 21:30:00,889.0324676696175,0.0,222.0,0.0
2025-03-02 22:00:00,964.9701320884731,0.0,233.0,0.0
2025-03-02 22:30:00,991.1722079420255,0.0,251.0,0.0
2025-03-02 23:00:00,1118.5607493569953,0.0,257.0,0.0
2025-03-02 23:30:00,990.0047919653841,0.0,219.0,0.0
2025-03-03 00:00:00,1373.5463058209234,0.0,396.99999999999994,0.0
2025-03-03 00:30:00,966.4256754591594,0.0,201.0,0.0
2025-03-03 01:00:00,793.1002869175206,0.0,189.0,0.0
2025-03-03 01:30:00,1054.841951844404,0.0,274.0,0.0
2025-03-03 02:00:00,1024.5647780850454,0.0,281.0,0.0
2025-03-03 02:30:00,1166.0026348548313,0.0,341.0,0.0
2025-03-03 03:00:00,1299.8484147600375,0.0,398.0,0.0
2025-03-03 03:30:00,1158.0274542135476,0.0,365.0,0.0
2025-03-03 04:00:00,1195.7903291325842,0.0,395.0,0.0
2025-03-03 04:30:00,1187.9625961402262,0.0,380.0,0.0
2025-03-03 05:00:00,1170.7775644311762,0.0,351.99999999999994,0.0
2025-03-03 05:30:00,1103.235109184996,0.0,316.99999999999994,0.0
2025-03-03 06:00:00,1084.5855243699145,0.0,270.0,0.0
2025-03-03 06:30:00,664.5986069140712,0.0,135.0,0.0
2025-03-03 07:00:00,897.3659900259262,0.0,233.99999999999997,0.0
2025-03-03 07:30:00,904.5862993854633,0.0,221.0,0.0
2025-03-03 08:00:00,783.8946974174132,0.0,176.0,0.0
2025-03-03 08:30:00,1020.5466831272815,0.0,284.0,0.0
2025-03-03 09:00:00,1152.784339942034,0.0,428.0,0.0
2025-03-03 09:30:00,1242.5708635558467,0.0,482.0,0.0
2025-03-03 10:00:00,1240.1781851879266,0.0,461.0,0.0
2025-03-03 10:30:00,1257.2853322567885,0.0,472.0,0.0
2025-03-03 11:00:00,1054.0162661469647,0.0,493.0,0.0
2025-03-03 11:30:00,934.5674242831258,0.0,466.0,0.0
2025-03-03 12:00:00,1016.5217924030173,0.0,436.0,0.0
2025-03-03 12:30:00,972.1457890683972,0.0,417.0,0.0
2025-03-03 13:00:00,777.529256311353,0.0,332.0,0.0
2025-03-03 13:30:00,571.1692754971582,0.0,216.0,0.0
2025-03-03 14:00:00,552.5942661867172,0.0,250.0,0.0
2025-03-03 14:30:00,1162.1927225382033,0.0,429.00000000000006,0.0
2025-03-03 15:00:00,1395.5738304891095,0.0,484.0,0.0
2025-03-03 15:30:00,1338.8756842680816,0.0,471.0,0.0
2025-03-03 16:00:00,1037.4517028113803,0.0,405.0,0.0
2025-03-03 16:30:00,979.9052814132687,0.0,416.0,0.0
2025-03-03 17:00:00,1199.7475372027568,0.0,417.0,0.0
2025-03-03 17:30:00,939.5968338728779,0.0,289.0,0.0
2025-03-03 18:00:00,1384.3942867531582,0.0,455.99999999999994,0.0
2025-03-03 18:30:00,1320.4671572885927,0.0,480.0,0.0
2025-03-03 19:00:00,1502.8514061221076,0.0,493.0,0.0
2025-03-03 19:30:00,1422.3335734809025,0.0,461.0,0.0
2025-03-03 20:00:00,1210.9003745394602,0.0,327.0,0.0
2025-03-03 20:30:00,1153.5099635403706,0.0,346.0,0.0
2025-03-03 21:00:00,1342.8409479840798,0.0,395.0,0.0
2025-03-03 21:30:00,1370.2809640825822,0.0,393.0,0.0
2025-03-03 22:00:00,1496.1659313339098,0.0,453.0,0.0
2025-03-03 22:30:00,1490.0683442569627,0.0,404.0,0.0
2025-03-03 23:00:00,1356.022865736496,0.0,409.0,0.0
2025-03-03 23:30:00,1610.2850489519537,0.0,453.0,0.0
2025-03-04 00:00:00,1381.7248570994202,0.0,432.0,0.0
2025-03-04 00:30:00,932.9894677158844,0.0,233.0,0.0
2025-03-04 01:00:00,784.5885256168187,0.0,175.0,0.0
2025-03-04 01:30:00,955.1733733786255,0.0,271.0,0.0
2025-03-04 02:00:00,1085.0371530986522,0.0,342.0,0.0
2025-03-04 02:30:00,1215.1862364275132,0.0,420.00000000000006,0.0
2025-03-04 03:00:00,1365.3572159136463,0.0,421.0,0.0
2025-03-04 03:30:00,1461.9684053023689,0.0,432.0,0.0
2025-03-04 04:00:00,1266.8959522574182,0.0,353.0,0.0
2025-03-04 04:30:00,1460.1360587353154,0.0,430.0,0.0
2025-03-04 05:00:00,1366.8343653751801,0.0,410.0,0.0
2025-03-04 05:30:00,1406.84595386745,0.0,418.99999999999994,0.0
2025-03-04 06:00:00,1376.0137945179367,0.0,366.0,0.0
2025-03-04 06:30:00,784.122706420861,0.0,167.0,0.0
2025-03-04 07:00:00,1107.6422817828616,0.0,279.0,0.0
2025-03-04 07:30:00,1166.3210567283418,0.0,331.0,0.0
2025-03-04 08:00:00,1002.9925350569813,0.0,289.0,0.0
2025-03-04 08:30:00,915.7851599911048,0.0,323.0,0.0
2025-03-04 09:00:00,1072.3563575928913,0.0,409.0,0.0
2025-03-04 09:30:00,1063.446086075702,0.0,432.0,0.0
2025-03-04 10:00:00,1010.6857599843661,0.0,432.0,0.0
2025-03-04 10:30:00,1377.8883391182012,0.0,479.00000000000006,0.0
2025-03-04 11:00:00,1221.62548302185,0.0,479.0,0.0
2025-03-04 11:30:00,1133.4930422574496,0.0,465.0,0.0
2025-03-04 12:00:00,1400.1821492623876,0.0,515.0,0.0
2025-03-04 12:30:00,973.3997737794915,0.0,479.0,0.0
2025-03-04 13:00:00,607.4596413102186,0.0,353.0,0.0
2025-03-04 13:30:00,367.2511676817271,0.0,233.0,0.0
2025-03-04 14:00:00,502.7526071962753,0.0,273.0,0.0
2025-03-04 14:30:00,948.7548418530343,0.0,465.0,0.0
2025-03-04 15:00:00,969.3072351530684,0.0,442.0,0.0
2025-03-04 15:30:00,1159.4521098572588,0.0,502.0,0.0
2025-03-04 16:00:00,1601.9534919369607,0.0,555.0,0.0
2025-03-04 16:30:00,1483.5528797086743,0.0,525.0,0.0
2025-03-04 17:00:00,1303.8253957431218,0.0,498.0,0.0
2025-03-04 17:30:00,955.1553014835775,0.0,320.0,0.0
2025-03-04 18:00:00,1596.2542402459042,0.0,535.0,0.0
2025-03-04 18:30:00,1642.8546985892096,0.0,557.0,0.0
2025-03-04 19:00:00,1623.8520061904026,0.0,535.0,0.0
2025-03-04 19:30:00,1609.2073526769825,0.0,512.0,0.0
2025-03-04 20:00:00,1330.5700343006793,0.0,400.99999999999994,0.0
2025-03-04 20:30:00,1192.9025003473914,0.0,369.00000000000006,0.0
2025-03-04 21:00:00,1460.0116435734299,0.0,440.99999999999994,0.0
2025-03-04 21:30:00,1483.9736566015938,0.0,444.00000000000006,0.0
2025-03-04 22:00:00,1461.5610920329789,0.0,438.0,0.0
2025-03-04 22:30:00,1354.4583802111486,0.0,448.0,0.0
2025-03-04 23:00:00,1418.3031715014274,0.0,443.99999999999994,0.0
2025-03-04 23:30:00,1529.4810081079038,0.0,430.00000000000006,0.0
2025-03-05 00:00:00,1327.3837686400398,0.0,452.0,0.0
2025-03-05 00:30:00,1155.7546982210836,0.0,303.0,0.0
2025-03-05 01:00:00,1002.8873227267185,0.0,211.0,0.0
2025-03-05 01:30:00,1216.527660679903,0.0,321.00000000000006,0.0
2025-03-05 02:00:00,1414.9334961902819,0.0,421.0,0.0
2025-03-05 02:30:00,1481.219417043628,0.0,444.0,0.0
2025-03-05 03:00:00,1263.8161989570747,0.0,374.99999999999994,0.0
2025-03-05 03:30:00,1431.723244674392,0.0,433.00000000000006,0.0
2025-03-05 04:00:00,1703.102924710417,0.0,469.99999999999994,0.0
2025-03-05 04:30:00,1403.467313129565,0.0,436.0,0.0
2025-03-05 05:00:00,1422.2829885544759,0.0,483.0,0.0
2025-03-05 05:30:00,1493.5739142218522,0.0,405.99999999999994,0.0
2025-03-05 06:00:00,1317.257356588985,0.0,354.0,0.0
2025-03-05 06:30:00,880.7954199033197,0.0,219.0,0.0
2025-03-05 07:00:00,1152.7490371023214,0.0,350.00000000000006,0.0
2025-03-05 07:30:00,1199.9614810184862,0.0,390.0,0.0
2025-03-05 08:00:00,1045.992071057906,0.0,303.0,0.0
2025-03-05 08:30:00,1139.008177004594,0.0,346.0,0.0
2025-03-05 09:00:00,1284.1817648778124,0.0,478.0,0.0
2025-03-05 09:30:00,1428.244825246716,0.0,504.0,0.0
2025-03-05 10:00:00,1159.4632440377811,0.0,464.0,0.0
2025-03-05 10:30:00,1168.1956773405084,0.0,466.0,0.0
2025-03-05 11:00:00,1062.1160874032764,0.0,485.0,0.0
2025-03-05 11:30:00,1122.3845195621818,0.0,489.0,0.0
2025-03-05 12:00:00,1082.908960232296,0.0,440.0,0.0
2025-03-05 12:30:00,1065.2940911237467,0.0,423.0,0.0
2025-03-05 13:00:00,745.3470301471679,0.0,406.0,0.0
2025-03-05 13:30:00,480.3134112958182,0.0,242.0,0.0
2025-03-05 14:00:00,695.4918013269274,0.0,267.0,0.0
2025-03-05 14:30:00,1078.8190505895573,0.0,449.0,0.0
2025-03-05 15:00:00,1062.157041795979,0.0,469.0,0.0
2025-03-05 15:30:00,905.0729469639637,0.0,479.0,0.0
2025-03-05 16:00:00,1109.2551642764843,0.0,452.0,0.0
2025-03-05 16:30:00,1213.52260533911,0.0,453.0,0.0
2025-03-05 17:00:00,1338.2489269375462,0.0,500.0,0.0
2025-03-05 17:30:00,847.4171346029162,0.0,280.0,0.0
2025-03-05 18:00:00,1315.838621456482,0.0,461.0,0.0
2025-03-05 18:30:00,1353.8010922508117,0.0,449.0,0.0
2025-03-05 19:00:00,1544.8050190746405,0.0,451.0,0.0
2025-03-05 19:30:00,1555.6851236088512,0.0,453.0,0.0
2025-03-05 20:00:00,1124.2972351758165,0.0,311.0,0.0
2025-03-05 20:30:00,1234.7994399414165,0.0,345.0,0.0
2025-03-05 21:00:00,1424.3294680205183,0.0,405.0,0.0
2025-03-05 21:30:00,1494.3669971661911,0.0,428.0,0.0
2025-03-05 22:00:00,1677.7557392018246,0.0,424.0,0.0
2025-03-05 22:30:00,1409.3547737241747,0.0,412.99999999999994,0.0
2025-03-05 23:00:00,1538.6634460903838,0.0,491.00000000000006,0.0
2025-03-05 23:30:00,1478.0897426479255,0.0,459.99999999999994,0.0
2025-03-06 00:00:00,1158.9278122047149,0.0,387.0,0.0
2025-03-06 00:30:00,1105.2458722940694,0.0,320.0,0.0
2025-03-06 01:00:00,924.3861888829168,0.0,237.0,0.0
2025-03-06 01:30:00,1108.2821941934035,0.0,352.0,0.0
2025-03-06 02:00:00,1138.0891131819592,0.0,351.0,0.0
2025-03-06 02:30:00,1326.86371886796,0.0,456.0,0.0
2025-03-06 03:00:00,1541.1270607197328,0.0,471.0,0.0
2025-03-06 03:30:00,1362.8220588406382,0.0,466.0,0.0
2025-03-06 04:00:00,1368.5964356831596,0.0,456.0,0.0
2025-03-06 04:30:00,1403.4403798391425,0.0,440.00000000000006,0.0
2025-03-06 05:00:00,1465.1724285423388,0.0,466.0,0.0
2025-03-06 05:30:00,1370.0646221846407,0.0,456.0,0.0
2025-03-06 06:00:00,1416.2981530513878,0.0,409.0,0.0
2025-03-06 06:30:00,901.8458199768412,0.0,209.0,0.0
2025-03-06 07:00:00,1284.0459973854536,0.0,397.0,0.0
2025-03-06 07:30:00,1258.931840137664,0.0,412.0,0.0
2025-03-06 08:00:00,975.7119794140513,0.0,344.0,0.0
2025-03-06 08:30:00,1075.3151830545755,0.0,359.0,0.0
2025-03-06 09:00:00,1364.041066160641,0.0,517.0,0.0
2025-03-06 09:30:00,1465.151146883435,0.0,497.0,0.0
2025-03-06 10:00:00,1298.4809022068166,0.0,499.0,0.0
2025-03-06 10:30:00,1259.0277689949742,0.0,480.0,0.0
2025-03-06 11:00:00,1280.6570294624821,0.0,524.0,0.0
2025-03-06 11:30:00,1175.6982696641344,0.0,506.0,0.0
2025-03-06 12:00:00,1388.0031173149907,0.0,533.0,0.0
2025-03-06 12:30:00,1350.9730631225173,0.0,495.0,0.0
2025-03-06 13:00:00,1051.5778702396535,0.0,415.99999999999994,0.0
2025-03-06 13:30:00,798.9330753588927,0.0,298.0,0.0
2025-03-06 14:00:00,816.8435685743951,0.0,340.0,0.0
2025-03-06 14:30:00,1152.1082012443694,0.0,503.0,0.0
2025-03-06 15:00:00,1260.2155729457043,0.0,519.0,0.0
2025-03-06 15:30:00,1288.4514669659172,0.0,468.0,0.0
2025-03-06 16:00:00,1649.2577689736208,0.0,484.0,0.0
2025-03-06 16:30:00,1842.7886148492357,0.0,475.0,0.0
2025-03-06 17:00:00,1903.3768550134519,0.0,480.00000000000006,0.0
2025-03-06 17:30:00,1151.407832649307,0.0,362.0,0.0
2025-03-06 18:00:00,1490.931463518156,0.0,516.0,0.0
2025-03-06 18:30:00,1552.6228717905428,0.0,528.0,0.0
2025-03-06 19:00:00,1653.7945368627409,0.0,567.0,0.0
2025-03-06 19:30:00,1674.4572573291837,0.0,541.0,0.0
2025-03-06 20:00:00,1201.6162128948506,0.0,382.00000000000006,0.0
2025-03-06 20:30:00,1202.9219715814697,0.0,343.0,0.0
2025-03-06 21:00:00,1522.8198850388426,0.0,442.0,0.0
2025-03-06 21:30:00,1575.9614642527893,0.0,494.0,0.0
2025-03-06 22:00:00,1564.2212561971996,0.0,472.00000000000006,0.0
2025-03-06 22:30:00,1351.9387059232495,0.0,496.0,0.0
2025-03-06 23:00:00,1429.4577750546787,0.0,494.0,0.0
2025-03-06 23:30:00,1479.621860994999,0.0,471.99999999999994,0.0
2025-03-07 00:00:00,1380.5114646255192,0.0,369.99999999999994,0.0
2025-03-07 00:30:00,1072.2357056080384,0.0,277.0,0.0
2025-03-07 01:00:00,754.2847086509131,0.0,190.99999999999997,0.0
2025-03-07 01:30:00,1024.0190366948382,0.0,265.0,0.0
2025-03-07 02:00:00,1170.781797941718,0.0,324.0,0.0
2025-03-07 02:30:00,1353.376745466659,0.0,424.0,0.0
2025-03-07 03:00:00,1333.7196543895905,0.0,387.99999999999994,0.0
2025-03-07 03:30:00,1243.1815589330772,0.0,407.99999999999994,0.0
2025-03-07 04:00:00,1424.7653179616973,0.0,386.00000000000006,0.0
2025-03-07 04:30:00,1316.4234477650073,0.0,382.0,0.0
2025-03-07 05:00:00,1245.5990876023734,0.0,405.0,0.0
2025-03-07 05:30:00,1192.8226886765194,0.0,376.0,0.0
2025-03-07 06:00:00,1093.996317507305,0.0,335.0,0.0
2025-03-07 06:30:00,796.8713244838783,0.0,173.0,0.0
2025-03-07 07:00:00,1097.6121190639442,0.0,314.0,0.0
2025-03-07 07:30:00,1143.5288531100573,0.0,369.0,0.0
2025-03-07 08:00:00,1082.8401670164862,0.0,299.0,0.0
2025-03-07 08:30:00,1056.307873279572,0.0,285.0,0.0
2025-03-07 09:00:00,1283.6814865838614,0.0,410.0,0.0
2025-03-07 09:30:00,1295.208979926167,0.0,435.00000000000006,0.0
2025-03-07 10:00:00,1396.5370652019878,0.0,452.0,0.0
2025-03-07 10:30:00,1324.3083197463475,0.0,438.0,0.0
2025-03-07 11:00:00,1302.5960089767937,0.0,447.0,0.0
2025-03-07 11:30:00,1274.379080040477,0.0,439.0,0.0
2025-03-07 12:00:00,1178.1056465025251,0.0,400.0,0.0
2025-03-07 12:30:00,1142.8886441386428,0.0,403.0,0.0
2025-03-07 13:00:00,851.177174641747,0.0,303.0,0.0
2025-03-07 13:30:00,658.84793660289,0.0,182.0,0.0
2025-03-07 14:00:00,660.3211230494494,0.0,222.0,0.0
2025-03-07 14:30:00,1006.7887432740737,0.0,331.0,0.0
2025-03-07 15:00:00,1124.9521024848707,0.0,410.0,0.0
2025-03-07 15:30:00,1320.5851550202894,0.0,428.0,0.0
2025-03-07 16:00:00,1209.0140854332901,0.0,440.0,0.0
2025-03-07 16:30:00,1270.642948572733,0.0,446.0,0.0
2025-03-07 17:00:00,1482.5637362225634,0.0,440.0,0.0
2025-03-07 17:30:00,882.9563653625822,0.0,246.0,0.0
2025-03-07 18:00:00,1255.4303242989697,0.0,425.0,0.0
2025-03-07 18:30:00,1314.0508670880981,0.0,432.0,0.0
2025-03-07 19:00:00,1486.7743677190033,0.0,430.00000000000006,0.0
2025-03-07 19:30:00,1215.793754194819,0.0,394.0,0.0
2025-03-07 20:00:00,1165.6123737571875,0.0,348.0,0.0
2025-03-07 20:30:00,1069.971062613586,0.0,336.0,0.0
2025-03-07 21:00:00,1356.9314126947183,0.0,414.00000000000006,0.0
2025-03-07 21:30:00,1310.6344587882174,0.0,432.00000000000006,0.0
2025-03-07 22:00:00,1495.9718016621612,0.0,460.0,0.0
2025-03-07 22:30:00,1375.2489160610128,0.0,452.0,0.0
2025-03-07 23:00:00,1287.6398566966886,0.0,443.0,0.0
2025-03-07 23:30:00,1477.5933137592124,0.0,426.0,0.0
2025-03-08 00:00:00,1006.3810914538238,0.0,236.0,0.0
2025-03-08 00:30:00,891.4145531847905,0.0,183.14893617021278,0.0
2025-03-08 01:00:00,1127.117814740593,0.0,293.06382978723406,0.0
2025-03-08 01:30:00,1300.9099988654118,0.0,399.1063829787234,0.0
2025-03-08 02:00:00,1446.5196829193042,0.0,399.59574468085106,0.0
2025-03-08 02:30:00,1539.3384668647982,0.0,413.29787234042556,0.0
2025-03-08 03:00:00,1508.7177831575543,0.0,457.74468085106383,0.0
2025-03-08 03:30:00,1360.728372614805,0.0,379.7446808510639,0.0
2025-03-08 04:00:00,1404.9195561509628,0.0,379.936170212766,0.0
2025-03-08 04:30:00,1292.6269675140184,0.0,378.95744680851067,0.0
2025-03-08 05:00:00,1354.1952654443614,0.0,359.10638297872345,0.0
2025-03-08 05:30:00,1201.7890620770588,0.0,325.6595744680851,0.0
2025-03-08 06:00:00,971.9257460152589,0.0,231.36170212765956,0.0
2025-03-08 06:30:00,1128.6080479787158,0.0,286.63829787234044,0.0
2025-03-08 07:00:00,1127.5198442257672,0.0,363.9361702127659,0.0
2025-03-08 07:30:00,1139.9652789731151,0.0,295.85106382978734,0.0
2025-03-08 08:00:00,916.6026840476497,0.0,282.04255319148933,0.0
2025-03-08 08:30:00,936.9161883594643,0.0,345.1489361702126,0.0
2025-03-08 09:00:00,1115.8262536767745,0.0,404.4680851063829,0.0
2025-03-08 09:30:00,1098.1142653479078,0.0,434.7234042553191,0.0
2025-03-08 10:00:00,1116.6705451887847,0.0,431.6595744680851,0.0
2025-03-08 10:30:00,1040.2848990447683,0.0,410.72340425531917,0.0
2025-03-08 11:00:00,985.3105012033639,0.0,388.29787234042556,0.0
2025-03-08 11:30:00,1155.246414452843,0.0,417.82978723404256,0.0
2025-03-08 12:00:00,1471.300588687925,0.0,455.51063829787233,0.0
2025-03-08 12:30:00,1167.651972392197,0.0,423.6382978723404,0.0
2025-03-08 13:00:00,770.7444583907242,0.0,311.14893617021266,0.0
2025-03-08 13:30:00,376.37146457360814,0.0,198.1276595744682,0.0
2025-03-08 14:00:00,452.3084239240578,0.0,255.65957446808466,0.0
2025-03-08 14:30:00,913.3855940407868,0.0,418.5106382978721,0.0
2025-03-08 15:00:00,1134.973385706304,0.0,467.10638297872356,0.0
2025-03-08 15:30:00,1058.7543421106686,0.0,435.06382978723406,0.0
2025-03-08 16:00:00,1122.7077652981964,0.0,445.46808510638294,0.0
2025-03-08 16:30:00,936.7737647115266,0.0,387.38297872340524,0.0
2025-03-08 17:00:00,569.2723018048831,0.0,208.36170212765984,0.0
2025-03-08 17:30:00,555.7321437959018,0.0,174.6170212765955,0.0
2025-03-08 18:00:00,849.2330707034374,0.0,232.55319148936158,0.0
2025-03-08 18:30:00,956.3685734074239,0.0,252.72340425531914,0.0
2025-03-08 19:00:00,889.2021364629591,0.0,245.31914893617022,0.0
2025-03-08 19:30:00,945.6849760643707,0.0,233.14893617021278,0.0
2025-03-08 20:00:00,884.1399336147432,0.0,240.02127659574452,0.0
2025-03-08 20:30:00,1142.662189526334,0.0,314.1063829787232,0.0
2025-03-08 21:00:00,1266.1230746181127,0.0,390.1063829787234,0.0
2025-03-08 21:30:00,1240.4879839690432,0.0,387.68085106382983,0.0
2025-03-08 22:00:00,1193.7480963541877,0.0,354.6808510638298,0.0
2025-03-08 22:30:00,1207.2868805644368,0.0,393.1489361702128,0.0
2025-03-08 23:00:00,1333.0835933957705,0.0,374.48936170212767,0.0
2025-03-08 23:30:00,1284.9404932501593,0.0,397.0,0.0
2025-03-09 00:00:00,1315.3694277782427,0.0,364.00000000000006,0.0
2025-03-09 00:30:00,952.6685431178626,0.0,232.0,0.0
2025-03-09 01:00:00,848.7916915343428,0.0,210.0,0.0
2025-03-09 01:30:00,1061.1043487101726,0.0,275.00000000000006,0.0
2025-03-09 02:00:00,1125.526976625643,0.0,332.0,0.0
2025-03-09 02:30:00,1346.0606491210299,0.0,410.0,0.0
2025-03-09 03:00:00,1366.3656389787786,0.0,419.99999999999994,0.0
2025-03-09 03:30:00,1300.7514142927955,0.0,400.0,0.0
2025-03-09 04:00:00,1380.3450384487364,0.0,373.0,0.0
2025-03-09 04:30:00,1235.322471405744,0.0,311.99999999999994,0.0
2025-03-09 05:00:00,1253.712722150733,0.0,295.0,0.0
2025-03-09 05:30:00,1150.4131579218506,0.0,282.0,0.0
2025-03-09 06:00:00,1228.284547577652,0.0,309.0,0.0
2025-03-09 06:30:00,879.1264478264012,0.0,154.0,0.0
2025-03-09 07:00:00,951.6256766078401,0.0,262.0,0.0
2025-03-09 07:30:00,881.1536673832247,0.0,239.99999999999997,0.0
2025-03-09 08:00:00,669.5351259046121,0.0,159.0,0.0
2025-03-09 08:30:00,602.4391773752398,0.0,184.0,0.0
2025-03-09 09:00:00,700.8273536681729,0.0,246.0,0.0
2025-03-09 09:30:00,885.9756735541862,0.0,344.0,0.0
2025-03-09 10:00:00,1055.253065933328,0.0,403.0,0.0
2025-03-09 10:30:00,1052.2285645176087,0.0,392.0,0.0
2025-03-09 11:00:00,761.1652933631307,0.0,407.0,0.0
2025-03-09 11:30:00,730.8295521267446,0.0,380.0,0.0
2025-03-09 12:00:00,811.7742771572107,0.0,394.0,0.0
2025-03-09 12:30:00,700.1264415992478,0.0,419.0,0.0
2025-03-09 13:00:00,764.1042652661254,0.0,394.0,0.0
2025-03-09 13:30:00,246.97611615554828,0.0,141.0,0.0
2025-03-09 14:00:00,420.4532044888144,1.0,150.0,0.0
2025-03-09 14:30:00,825.0557167083746,0.0,385.0,0.0
2025-03-09 15:00:00,746.6310669705477,0.0,339.0,0.0
2025-03-09 15:30:00,907.1846030595221,0.0,360.0,0.0
2025-03-09 16:00:00,929.0258383559576,0.0,341.0,0.0
2025-03-09 16:30:00,947.8722486927821,0.0,334.0,0.0
2025-03-09 17:00:00,1182.3823717560879,0.0,343.0,0.0
2025-03-09 17:30:00,962.0714758453355,0.0,250.99999999999997,0.0
2025-03-09 18:00:00,1119.9420145453505,0.0,316.0,0.0
2025-03-09 18:30:00,1090.1341488992832,0.0,281.0,0.0
2025-03-09 19:00:00,831.6409316545687,0.0,256.0,0.0
2025-03-09 19:30:00,944.0926929178632,0.0,247.0,0.0
2025-03-09 20:00:00,696.6774357177194,0.0,163.0,0.0
2025-03-09 20:30:00,735.664839159896,0.0,157.0,0.0
2025-03-09 21:00:00,943.2926756293894,0.0,278.0,0.0
2025-03-09 21:30:00,1111.4171394599364,0.0,349.0,0.0
2025-03-09 22:00:00,1227.8720464050523,0.0,358.0,0.0
2025-03-09 22:30:00,1143.7290396161018,0.0,395.00000000000006,0.0
2025-03-09 23:00:00,1240.832868053773,0.0,343.00000000000006,0.0
2025-03-09 23:30:00,1224.2679791257547,0.0,370.0,0.0
2025-03-10 00:00:00,809.3162235816509,0.0,186.0,0.0
2025-03-10 00:30:00,561.9965721990708,0.0,125.0,0.0
2025-03-10 01:00:00,593.3342966195796,0.0,130.0,0.0
2025-03-10 01:30:00,886.0782119917035,0.0,251.0,0.0
2025-03-10 02:00:00,1013.2603185619707,0.0,266.0,0.0
2025-03-10 02:30:00,879.165616732738,0.0,224.0,0.0
2025-03-10 03:00:00,728.5354433531144,0.0,186.00000000000003,0.0
2025-03-10 03:30:00,931.3676193848605,0.0,258.0,0.0
2025-03-10 04:00:00,913.0344931020057,0.0,229.00000000000003,0.0
2025-03-10 04:30:00,863.5722014244018,0.0,205.0,0.0
2025-03-10 05:00:00,963.6420279658893,0.0,227.0,0.0
2025-03-10 05:30:00,756.4420060266452,0.0,177.0,0.0
2025-03-10 06:00:00,750.5368795070267,0.0,212.99999999999997,0.0
2025-03-10 06:30:00,575.6907826532506,0.0,114.0,0.0
2025-03-10 07:00:00,837.6948688865396,0.0,212.99999999999997,0.0
2025-03-10 07:30:00,749.8181192243976,0.0,170.0,0.0
2025-03-10 08:00:00,644.2848963908948,0.0,181.0,0.0
2025-03-10 08:30:00,945.4019401092169,0.0,324.0,0.0
2025-03-10 09:00:00,1275.8011585992945,0.0,429.00000000000006,0.0
2025-03-10 09:30:00,1148.3672620317925,0.0,399.0,0.0
2025-03-10 10:00:00,1386.5381588046218,0.0,467.0,0.0
2025-03-10 10:30:00,1274.1289437427488,0.0,469.0,0.0
2025-03-10 11:00:00,1113.4370267159193,0.0,419.00000000000006,0.0
2025-03-10 11:30:00,1208.9574936043475,0.0,447.0,0.0
2025-03-10 12:00:00,1264.7835943477078,0.0,446.0,0.0
2025-03-10 12:30:00,1151.9289225263842,0.0,432.0,0.0
2025-03-10 13:00:00,992.5423626256191,0.0,352.0,0.0
2025-03-10 13:30:00,517.5597798452877,0.0,217.0,0.0
2025-03-10 14:00:00,540.8505770389971,0.0,260.0,0.0
2025-03-10 14:30:00,926.977292429361,0.0,458.0,0.0
2025-03-10 15:00:00,909.0250479015795,0.0,442.0,0.0
2025-03-10 15:30:00,1122.7577575325035,0.0,495.0,0.0
2025-03-10 16:00:00,1568.173425570937,0.0,486.99999999999994,0.0
2025-03-10 16:30:00,1382.2097635483908,0.0,479.00000000000006,0.0
2025-03-10 17:00:00,1410.7833714007731,0.0,455.0,0.0
2025-03-10 17:30:00,964.6766223511833,0.0,251.00000000000003,0.0
2025-03-10 18:00:00,1430.273492121118,0.0,464.0,0.0
2025-03-10 18:30:00,1630.1347659388332,0.0,516.0,0.0
2025-03-10 19:00:00,1465.392355256803,0.0,464.0,0.0
2025-03-10 19:30:00,1394.5519315829288,0.0,411.0,0.0
2025-03-10 20:00:00,1210.2353529814504,0.0,321.0,0.0
2025-03-10 20:30:00,1192.893252979995,0.0,278.0,0.0
2025-03-10 21:00:00,1370.3903046591151,0.0,366.99999999999994,0.0
2025-03-10 21:30:00,1308.368813634557,0.0,409.0,0.0
2025-03-10 22:00:00,1363.4261740131017,0.0,407.0,0.0
2025-03-10 22:30:00,1397.8777796580475,0.0,420.99999999999994,0.0
2025-03-10 23:00:00,1356.1046036833209,0.0,401.0,0.0
2025-03-10 23:30:00,1283.256405316525,0.0,409.0,0.0
2025-03-11 00:00:00,1344.154052865327,0.0,397.0,0.0
2025-03-11 00:30:00,917.6581881451148,0.0,270.0,0.0
2025-03-11 01:00:00,947.7437541276495,0.0,248.0,0.0
2025-03-11 01:30:00,1100.821464592526,0.0,302.0,0.0
2025-03-11 02:00:00,1249.987806468919,0.0,391.0,0.0
2025-03-11 02:30:00,1338.421051111386,0.0,459.0,0.0
2025-03-11 03:00:00,1296.8212378296116,0.0,413.0,0.0
2025-03-11 03:30:00,1339.4863488452957,0.0,391.99999999999994,0.0
2025-03-11 04:00:00,1648.02033483049,0.0,404.0,0.0
2025-03-11 04:30:00,1501.9406868438014,0.0,443.0,0.0
2025-03-11 05:00:00,1318.5009467091834,0.0,382.0,0.0
2025-03-11 05:30:00,1233.5612135967767,0.0,395.0,0.0
2025-03-11 06:00:00,1175.733842149744,0.0,393.0,0.0
2025-03-11 06:30:00,939.607523332506,0.0,244.0,0.0
2025-03-11 07:00:00,1097.868663373365,0.0,343.0,0.0
2025-03-11 07:30:00,1138.9297749224652,0.0,359.99999999999994,0.0
2025-03-11 08:00:00,882.4381143620247,0.0,263.0,0.0
2025-03-11 08:30:00,1031.6384790615646,0.0,321.0,0.0
2025-03-11 09:00:00,1318.723438203864,0.0,452.00000000000006,0.0
2025-03-11 09:30:00,1333.3301194828575,0.0,503.0,0.0
2025-03-11 10:00:00,1170.2080147640288,0.0,459.0,0.0
2025-03-11 10:30:00,1041.0394155954002,0.0,472.0,0.0
2025-03-11 11:00:00,1077.0848617239922,0.0,456.0,0.0
2025-03-11 11:30:00,928.1846868514908,0.0,451.0,0.0
2025-03-11 12:00:00,1019.8743742983071,0.0,462.0,0.0
2025-03-11 12:30:00,993.9928482911116,0.0,415.0,0.0
2025-03-11 13:00:00,782.3731121489618,0.0,329.0,0.0
2025-03-11 13:30:00,734.4069543564485,0.0,259.0,0.0
2025-03-11 14:00:00,829.9512076395473,0.0,273.0,0.0
2025-03-11 14:30:00,1341.0215985761915,0.0,458.00000000000006,0.0
2025-03-11 15:00:00,1337.4055257381385,0.0,506.0,0.0
2025-03-11 15:30:00,1475.644666976919,0.0,480.0,0.0
2025-03-11 16:00:00,1458.4616683358868,0.0,513.0,0.0
2025-03-11 16:30:00,1532.7229819771617,0.0,488.0,0.0
2025-03-11 17:00:00,1359.5253404163082,0.0,449.0,0.0
2025-03-11 17:30:00,976.5690545966972,0.0,318.0,0.0
2025-03-11 18:00:00,1421.4944975686726,0.0,480.0,0.0
2025-03-11 18:30:00,1413.9269608903585,0.0,475.00000000000006,0.0
2025-03-11 19:00:00,1427.178364465334,0.0,465.0,0.0
2025-03-11 19:30:00,1454.0719162717462,0.0,488.99999999999994,0.0
2025-03-11 20:00:00,1248.7882363009453,0.0,388.0,0.0
2025-03-11 20:30:00,993.81393013249,0.0,329.0,0.0
2025-03-11 21:00:00,1362.053733797658,0.0,408.0,0.0
2025-03-11 21:30:00,1476.5779298237921,0.0,459.00000000000006,0.0
2025-03-11 22:00:00,1269.091544651063,0.0,403.0,0.0
2025-03-11 22:30:00,1291.4745779168493,0.0,399.0,0.0
2025-03-11 23:00:00,1367.7220622219502,0.0,434.0,0.0
2025-03-11 23:30:00,1338.2357695667206,0.0,452.0,0.0
2025-03-12 00:00:00,1352.4449068108474,0.0,382.0,0.0
2025-03-12 00:30:00,974.0245135247678,0.0,253.00000000000003,0.0
2025-03-12 01:00:00,795.1128183831407,0.0,218.0,0.0
2025-03-12 01:30:00,1175.427618094521,0.0,288.0,0.0
2025-03-12 02:00:00,1255.4738593252434,0.0,360.0,0.0
2025-03-12 02:30:00,1362.1415169172228,0.0,431.0,0.0
2025-03-12 03:00:00,1259.7206805777855,0.0,405.0,0.0
2025-03-12 03:30:00,1369.996618804471,0.0,394.00000000000006,0.0
2025-03-12 04:00:00,1448.8188861856795,0.0,424.0,0.0
2025-03-12 04:30:00,1380.617300804445,0.0,406.0,0.0
2025-03-12 05:00:00,1248.3627775723442,0.0,350.99999999999994,0.0
2025-03-12 05:30:00,1328.6693264918042,0.0,368.0,0.0
2025-03-12 06:00:00,1276.7695053320235,0.0,333.0,0.0
2025-03-12 06:30:00,832.3217933974488,0.0,212.00000000000003,0.0
2025-03-12 07:00:00,1224.9358213290016,0.0,373.99999999999994,0.0
2025-03-12 07:30:00,1177.8989892400332,0.0,353.0,0.0
2025-03-12 08:00:00,863.8645090202486,0.0,279.0,0.0
2025-03-12 08:30:00,973.7386375983313,0.0,312.0,0.0
2025-03-12 09:00:00,1181.3719626026664,0.0,398.0,0.0
2025-03-12 09:30:00,1004.0812426419392,0.0,398.0,0.0
2025-03-12 10:00:00,1056.4501840962764,0.0,448.0,0.0
2025-03-12 10:30:00,1075.6329776243072,0.0,457.0,0.0
2025-03-12 11:00:00,1058.3282795955279,0.0,486.0,0.0
2025-03-12 11:30:00,1052.6291223205897,0.0,481.0,0.0
2025-03-12 12:00:00,1114.1570037684214,0.0,476.99999999999994,0.0
2025-03-12 12:30:00,782.2649598545323,0.0,403.99999999999994,0.0
2025-03-12 13:00:00,759.8102250296149,0.0,367.0,0.0
2025-03-12 13:30:00,548.2196296530585,0.0,243.0,0.0
2025-03-12 14:00:00,615.8131146080269,0.0,304.0,0.0
2025-03-12 14:30:00,1415.451038095844,0.0,481.0,0.0
2025-03-12 15:00:00,1347.304933646894,0.0,494.0,0.0
2025-03-12 15:30:00,1250.3135185719866,0.0,518.0,0.0
2025-03-12 16:00:00,1339.052111210889,0.0,484.00000000000006,0.0
2025-03-12 16:30:00,1488.4048239866115,0.0,527.0,0.0
2025-03-12 17:00:00,1348.5100161718601,0.0,484.0,0.0
2025-03-12 17:30:00,1041.832260585013,0.0,352.0,0.0
2025-03-12 18:00:00,1432.2818208910687,0.0,486.0,0.0
2025-03-12 18:30:00,1600.4097748654665,0.0,511.0,0.0
2025-03-12 19:00:00,1471.872967418611,0.0,468.0,0.0
2025-03-12 19:30:00,1440.7443476117728,0.0,447.00000000000006,0.0
2025-03-12 20:00:00,1153.466572423728,0.0,373.0,0.0
2025-03-12 20:30:00,1232.376237230097,0.0,318.0,0.0
2025-03-12 21:00:00,1194.0883441849303,0.0,367.0,0.0
2025-03-12 21:30:00,1348.4686117182082,0.0,430.0,0.0
2025-03-12 22:00:00,1333.4987749288507,0.0,397.99999999999994,0.0
2025-03-12 22:30:00,1317.5506409264522,0.0,391.0,0.0
2025-03-12 23:00:00,1381.7703920280594,0.0,432.0,0.0
2025-03-12 23:30:00,1305.7575867856367,0.0,383.0,0.0
2025-03-13 00:00:00,1360.6391760375984,0.0,396.0,0.0
2025-03-13 00:30:00,1033.7407044075906,0.0,275.0,0.0
2025-03-13 01:00:00,935.0479399419852,0.0,200.0,0.0
2025-03-13 01:30:00,1007.1367404198703,0.0,293.0,0.0
2025-03-13 02:00:00,1161.701533957868,0.0,368.0,0.0
2025-03-13 02:30:00,1274.0168671933818,0.0,330.0,0.0
2025-03-13 03:00:00,1430.6656862204447,0.0,432.0,0.0
2025-03-13 03:30:00,1413.8316003234847,0.0,446.99999999999994,0.0
2025-03-13 04:00:00,1402.6270778035043,0.0,426.0,0.0
2025-03-13 04:30:00,1445.868781659794,0.0,460.0,0.0
2025-03-13 05:00:00,1360.9374493212163,0.0,427.0,0.0
2025-03-13 05:30:00,1396.6471767585856,0.0,451.0,0.0
2025-03-13 06:00:00,1400.933558245632,0.0,391.0,0.0
2025-03-13 06:30:00,918.1985258560052,0.0,177.0,0.0
2025-03-13 07:00:00,1471.3320935377083,0.0,462.0,0.0
2025-03-13 07:30:00,1498.080265845208,0.0,465.0,0.0
2025-03-13 08:00:00,1259.8477334110867,0.0,312.0,0.0
2025-03-13 08:30:00,1053.6430370196117,0.0,310.0,0.0
2025-03-13 09:00:00,1483.643375034721,0.0,520.0,0.0
2025-03-13 09:30:00,1381.968300866549,0.0,436.00000000000006,0.0
2025-03-13 10:00:00,1383.7000200547875,0.0,490.0,0.0
2025-03-13 10:30:00,1369.0249281029205,0.0,501.0,0.0
2025-03-13 11:00:00,1372.7005170984155,0.0,482.0,0.0
2025-03-13 11:30:00,1320.9852903242477,0.0,455.0,0.0
2025-03-13 12:00:00,1368.9739246119173,0.0,461.0,0.0
2025-03-13 12:30:00,1292.2203561104493,0.0,462.99999999999994,0.0
2025-03-13 13:00:00,1267.153815730699,0.0,417.0,0.0
2025-03-13 13:30:00,947.9813819440143,0.0,224.0,0.0
2025-03-13 14:00:00,940.2237263492923,0.0,273.0,0.0
2025-03-13 14:30:00,1481.5378636427617,0.0,472.0,0.0
2025-03-13 15:00:00,1441.2975037524807,0.0,491.0,0.0
2025-03-13 15:30:00,1604.2830557913153,0.0,507.0,0.0
2025-03-13 16:00:00,1502.498528587166,0.0,472.99999999999994,0.0
2025-03-13 16:30:00,1649.7196693891415,0.0,497.0,0.0
2025-03-13 17:00:00,1522.8857571333808,0.0,486.00000000000006,0.0
2025-03-13 17:30:00,1071.3157048574014,0.0,293.0,0.0
2025-03-13 18:00:00,1542.5874100225674,0.0,493.99999999999994,0.0
2025-03-13 18:30:00,1582.896939496006,0.0,452.0,0.0
2025-03-13 19:00:00,1511.2820255380955,0.0,463.0,0.0
2025-03-13 19:30:00,1443.5788696803913,0.0,470.0,0.0
2025-03-13 20:00:00,1252.658932743018,0.0,340.0,0.0
2025-03-13 20:30:00,1010.8586407832639,0.0,293.0,0.0
2025-03-13 21:00:00,1374.7199067029392,0.0,409.0,0.0
2025-03-13 21:30:00,1464.6988235073209,0.0,399.00000000000006,0.0
2025-03-13 22:00:00,1394.7113259823298,0.0,374.0,0.0
2025-03-13 22:30:00,1307.5475203038986,0.0,364.0,0.0
2025-03-13 23:00:00,1366.7257933628525,0.0,394.0,0.0
2025-03-13 23:30:00,1363.9157121305243,0.0,394.0,0.0
2025-03-14 00:00:00,1305.9624840425886,0.0,367.0,0.0
2025-03-14 00:30:00,1001.0138826139594,0.0,281.0,0.0
2025-03-14 01:00:00,990.3734654928604,0.0,254.0,0.0
2025-03-14 01:30:00,1115.2860126135577,0.0,309.0,0.0
2025-03-14 02:00:00,1032.644214188251,0.0,293.0,0.0
2025-03-14 02:30:00,1298.5953079369503,0.0,383.0,0.0
2025-03-14 03:00:00,1347.1846657413187,0.0,403.0,0.0
2025-03-14 03:30:00,1276.7613752951013,0.0,402.00000000000006,0.0
2025-03-14 04:00:00,1215.6246567826684,0.0,456.0,0.0
2025-03-14 04:30:00,1165.4837803235039,0.0,395.0,0.0
2025-03-14 05:00:00,1120.003235763671,0.0,305.0,0.0
2025-03-14 05:30:00,821.4862889667663,0.0,243.99999999999997,0.0
2025-03-14 06:00:00,692.5877065030826,0.0,158.0,0.0
2025-03-14 06:30:00,589.7094184387566,0.0,137.0,0.0
2025-03-14 07:00:00,538.9946980845393,0.0,105.0,0.0
2025-03-14 07:30:00,506.27608187710484,0.0,121.0,0.0
2025-03-14 08:00:00,557.3904576715648,0.0,146.0,0.0
2025-03-14 08:30:00,1050.6044238663205,0.0,319.0,0.0
2025-03-14 09:00:00,1291.058997481096,0.0,460.0,0.0
2025-03-14 09:30:00,1103.8308533765016,0.0,418.0,0.0
2025-03-14 10:00:00,1011.8977390685914,0.0,413.0,0.0
2025-03-14 10:30:00,1202.9101019970726,0.0,450.0,0.0
2025-03-14 11:00:00,1049.0320259176976,0.0,477.0,0.0
2025-03-14 11:30:00,1027.698804085393,0.0,479.0,0.0
2025-03-14 12:00:00,1052.0653919388249,0.0,423.0,0.0
2025-03-14 12:30:00,983.5351814506153,0.0,435.0,0.0
2025-03-14 13:00:00,680.9809909184817,0.0,354.99999999999994,0.0
2025-03-14 13:30:00,293.96357028841675,0.0,225.0,0.0
2025-03-14 14:00:00,521.9403157786417,0.0,267.0,0.0
2025-03-14 14:30:00,902.006516628611,0.0,383.0,0.0
2025-03-14 15:00:00,1154.5211916175535,0.0,506.0,0.0
2025-03-14 15:30:00,968.1909674729817,0.0,459.0,0.0
2025-03-14 16:00:00,1279.8415921160515,0.0,493.00000000000006,0.0
2025-03-14 16:30:00,1218.336011621707,0.0,488.0,0.0
2025-03-14 17:00:00,1288.0054611460164,0.0,461.0,0.0
2025-03-14 17:30:00,975.3221409679776,0.0,303.0,0.0
2025-03-14 18:00:00,1385.5609650162314,0.0,502.0,0.0
2025-03-14 18:30:00,1429.7702892940847,0.0,473.0,0.0
2025-03-14 19:00:00,1619.918057619912,0.0,494.0,0.0
2025-03-14 19:30:00,1424.7931152246883,0.0,493.0,0.0
2025-03-14 20:00:00,1095.9298982536736,0.0,320.0,0.0
2025-03-14 20:30:00,1075.2387309578871,0.0,310.0,0.0
2025-03-14 21:00:00,1124.6448218707799,0.0,353.0,0.0
2025-03-14 21:30:00,1317.4622785607676,0.0,418.0,0.0
2025-03-14 22:00:00,1312.875744366909,0.0,387.0,0.0
2025-03-14 22:30:00,1382.4419570452335,0.0,447.0,0.0
2025-03-14 23:00:00,1537.1121073886725,0.0,406.0,0.0
2025-03-14 23:30:00,1415.0767969923254,0.0,453.00000000000006,0.0
2025-03-15 00:00:00,1370.1936714358244,0.0,399.0,0.0
2025-03-15 00:30:00,964.009628107517,0.0,268.0,0.0
2025-03-15 01:00:00,828.3546608355273,0.0,194.0,0.0
2025-03-15 01:30:00,1211.2773668214538,0.0,317.99999999999994,0.0
2025-03-15 02:00:00,1201.1034496486675,0.0,352.00000000000006,0.0
2025-03-15 02:30:00,1499.3833085667575,0.0,442.0,0.0
2025-03-15 03:00:00,1412.9921522307955,0.0,440.0,0.0
2025-03-15 03:30:00,1411.7435538600491,0.0,443.0,0.0
2025-03-15 04:00:00,1194.4348821408425,0.0,386.0,0.0
2025-03-15 04:30:00,1306.2658796322166,0.0,413.0,0.0
2025-03-15 05:00:00,1274.4887075011163,0.0,404.99999999999994,0.0
2025-03-15 05:30:00,1321.8137267627535,0.0,384.0,0.0
2025-03-15 06:00:00,1215.8896185425574,0.0,330.0,0.0
2025-03-15 06:30:00,859.9223992398265,0.0,191.0,0.0
2025-03-15 07:00:00,1158.4630190276087,0.0,327.00000000000006,0.0
2025-03-15 07:30:00,1233.5089980683815,0.0,370.0,0.0
2025-03-15 08:00:00,916.7601032526791,0.0,225.0,0.0
2025-03-15 08:30:00,901.7490062900122,0.0,259.0,0.0
2025-03-15 09:00:00,1233.1720314858271,0.0,404.0,0.0
2025-03-15 09:30:00,1051.7528537121084,0.0,405.0,0.0
2025-03-15 10:00:00,1161.1318319603233,0.0,457.99999999999994,0.0
2025-03-15 10:30:00,1093.846522265358,0.0,441.0,0.0
2025-03-15 11:00:00,862.9225389828632,0.0,392.0,0.0
2025-03-15 11:30:00,1178.8737000555684,0.0,461.0,0.0
2025-03-15 12:00:00,1196.737713942632,0.0,490.0,0.0
2025-03-15 12:30:00,1182.0744780914401,0.0,469.0,0.0
2025-03-15 13:00:00,959.8490007521883,0.0,466.0,0.0
2025-03-15 13:30:00,447.17124837650607,0.0,198.0,0.0
2025-03-15 14:00:00,597.4362497184237,0.0,176.0,0.0
2025-03-15 14:30:00,969.1598293118534,0.0,360.0,0.0
2025-03-15 15:00:00,1131.7227770602217,0.0,408.0,0.0
2025-03-15 15:30:00,1030.272436962278,0.0,465.0,0.0
2025-03-15 16:00:00,1131.2452006904664,0.0,451.00000000000006,0.0
2025-03-15 16:30:00,794.1041929346744,0.0,350.0,0.0
2025-03-15 17:00:00,611.8576008631471,0.0,243.0,0.0
2025-03-15 17:30:00,473.5372434991041,0.0,118.0,0.0
2025-03-15 18:00:00,1027.9392706948904,0.0,237.0,0.0
2025-03-15 18:30:00,959.0224695835096,0.0,253.99999999999997,0.0
2025-03-15 19:00:00,861.153156297953,0.0,254.0,0.0
2025-03-15 19:30:00,913.6196431784768,0.0,211.0,0.0
2025-03-15 20:00:00,697.1132912084307,0.0,170.0,0.0
2025-03-15 20:30:00,918.4250350138956,0.0,247.0,0.0
2025-03-15 21:00:00,1146.916428361532,0.0,342.0,0.0
2025-03-15 21:30:00,1187.4547922430038,0.0,369.0,0.0
2025-03-15 22:00:00,1281.2431026910385,0.0,353.0,0.0
2025-03-15 22:30:00,1206.2486593481676,0.0,359.99999999999994,0.0
2025-03-15 23:00:00,1373.815987337139,0.0,392.0,0.0
2025-03-15 23:30:00,1141.9534760329404,0.0,359.0,0.0
2025-03-16 00:00:00,1270.6205184580183,0.0,365.00000000000006,0.0
2025-03-16 00:30:00,874.4823230141193,0.0,209.0,0.0
2025-03-16 01:00:00,785.591788480472,0.0,169.0,0.0
2025-03-16 01:30:00,944.3469264994003,0.0,211.0,0.0
2025-03-16 02:00:00,1103.8554951841882,0.0,300.99999999999994,0.0
2025-03-16 02:30:00,1044.3375209924502,0.0,260.0,0.0
2025-03-16 03:00:00,992.5817341247738,0.0,258.0,0.0
2025-03-16 03:30:00,997.6485756473576,0.0,255.0,0.0
2025-03-16 04:00:00,949.7408278266029,0.0,257.0,0.0
2025-03-16 04:30:00,991.6678907798015,0.0,267.0,0.0
2025-03-16 05:00:00,1016.5662780169237,0.0,276.0,0.0
2025-03-16 05:30:00,965.9302607493763,0.0,237.0,0.0
2025-03-16 06:00:00,824.1439894705361,0.0,195.0,0.0
2025-03-16 06:30:00,681.3346839165687,0.0,109.99999999999999,0.0
2025-03-16 07:00:00,874.6893672744308,0.0,213.0,0.0
2025-03-16 07:30:00,831.5945464960332,0.0,207.0,0.0
2025-03-16 08:00:00,677.140916463926,0.0,135.0,0.0
2025-03-16 08:30:00,712.9140637255447,0.0,160.0,0.0
2025-03-16 09:00:00,654.3430482723892,0.0,203.99999999999997,0.0
2025-03-16 09:30:00,778.4049921434197,0.0,242.0,0.0
2025-03-16 10:00:00,643.4640060849558,0.0,220.0,0.0
2025-03-16 10:30:00,476.54710921091805,0.0,202.0,0.0
2025-03-16 11:00:00,578.0266623549145,0.0,257.0,0.0
2025-03-16 11:30:00,556.0587717610674,0.0,254.0,0.0
2025-03-16 12:00:00,472.0423717338695,0.0,262.0,0.0
2025-03-16 12:30:00,366.766462551629,0.0,227.0,0.0
2025-03-16 13:00:00,500.1591487994629,0.0,246.0,0.0
2025-03-16 13:30:00,109.93842707843265,18.0,120.0,0.0
2025-03-16 14:00:00,95.50121069111843,1.0,95.0,0.0
2025-03-16 14:30:00,625.1356825582135,0.0,242.0,0.0
2025-03-16 15:00:00,423.5599562409706,0.0,257.0,0.0
2025-03-16 15:30:00,456.04373163177735,0.0,220.0,0.0
2025-03-16 16:00:00,601.0039609000008,0.0,238.99999999999997,0.0
2025-03-16 16:30:00,712.0328988817913,0.0,270.0,0.0
2025-03-16 17:00:00,734.0661117474201,0.0,240.0,0.0
2025-03-16 17:30:00,578.3115979583068,0.0,140.0,0.0
2025-03-16 18:00:00,879.5280580297393,0.0,260.0,0.0
2025-03-16 18:30:00,894.5026295726236,0.0,221.0,0.0
2025-03-16 19:00:00,860.3255928763693,0.0,215.0,0.0
2025-03-16 19:30:00,930.4975283720611,0.0,207.0,0.0
2025-03-16 20:00:00,666.5462053628323,0.0,143.0,0.0
2025-03-16 20:30:00,597.6136738710045,0.0,163.0,0.0
2025-03-16 21:00:00,879.1508148382178,0.0,213.0,0.0
2025-03-16 21:30:00,993.0932563072327,0.0,239.0,0.0
2025-03-16 22:00:00,969.983439749113,0.0,239.0,0.0
2025-03-16 22:30:00,987.5633582737026,0.0,191.0,0.0
2025-03-16 23:00:00,859.6890204357849,0.0,214.0,0.0
2025-03-16 23:30:00,1034.8070045770564,0.0,243.0,0.0
2025-03-17 00:00:00,919.9093029791106,0.0,245.0,0.0
2025-03-17 00:30:00,582.4996379613311,0.0,83.0,0.0
2025-03-17 01:00:00,636.6792867719171,0.0,82.0,0.0
2025-03-17 01:30:00,897.183915741194,0.0,221.0,0.0
2025-03-17 02:00:00,1145.5601170857142,0.0,286.0,0.0
2025-03-17 02:30:00,915.8169937091219,0.0,248.0,0.0
2025-03-17 03:00:00,1043.3420883090002,0.0,246.0,0.0
2025-03-17 03:30:00,954.7116212867757,0.0,256.0,0.0
2025-03-17 04:00:00,964.4139855966821,0.0,265.0,0.0
2025-03-17 04:30:00,954.1144719617427,0.0,252.00000000000003,0.0
2025-03-17 05:00:00,1050.1616681640808,0.0,256.0,0.0
2025-03-17 05:30:00,993.702651492337,0.0,244.0,0.0
2025-03-17 06:00:00,859.7391605904276,0.0,207.0,0.0
2025-03-17 06:30:00,646.9235153737163,0.0,119.00000000000001,0.0
2025-03-17 07:00:00,914.0597907731482,0.0,245.0,0.0
2025-03-17 07:30:00,1006.7055341324258,0.0,251.0,0.0
2025-03-17 08:00:00,777.6403233313475,0.0,173.0,0.0
2025-03-17 08:30:00,1034.771773949461,0.0,282.0,0.0
2025-03-17 09:00:00,1274.1790299834474,0.0,408.00000000000006,0.0
2025-03-17 09:30:00,981.5370322760602,0.0,425.0,0.0
2025-03-17 10:00:00,1025.7900256628534,0.0,467.0,0.0
2025-03-17 10:30:00,952.7625485149994,0.0,416.0,0.0
2025-03-17 11:00:00,833.0306883170842,0.0,399.0,0.0
2025-03-17 11:30:00,862.0501089234565,0.0,427.0,0.0
2025-03-17 12:00:00,850.5626600855575,0.0,421.0,0.0
2025-03-17 12:30:00,920.217135901737,0.0,429.0,0.0
2025-03-17 13:00:00,837.5276670573353,0.0,405.0,0.0
2025-03-17 13:30:00,424.4361618878669,0.0,216.0,0.0
2025-03-17 14:00:00,461.7820711788447,0.0,235.99999999999997,0.0
2025-03-17 14:30:00,1040.1178984029234,0.0,435.0,0.0
2025-03-17 15:00:00,994.743785021412,0.0,440.0,0.0
2025-03-17 15:30:00,984.4279323449371,0.0,434.0,0.0
2025-03-17 16:00:00,1062.6775311355993,0.0,480.0,0.0
2025-03-17 16:30:00,1084.0343855090794,0.0,460.0,0.0
2025-03-17 17:00:00,1291.0727975867812,0.0,485.0,0.0
2025-03-17 17:30:00,927.616460549193,0.0,257.0,0.0
2025-03-17 18:00:00,1263.4288143566991,0.0,485.99999999999994,0.0
2025-03-17 18:30:00,1447.9674436268115,0.0,493.00000000000006,0.0
2025-03-17 19:00:00,1490.9467077065015,0.0,458.0,0.0
2025-03-17 19:30:00,1665.9921655743915,0.0,464.99999999999994,0.0
2025-03-17 20:00:00,1357.737508091326,0.0,383.00000000000006,0.0
2025-03-17 20:30:00,1175.9748168492113,0.0,308.0,0.0
2025-03-17 21:00:00,1329.561403181132,0.0,424.00000000000006,0.0
2025-03-17 21:30:00,1299.7953696796608,0.0,411.0,0.0
2025-03-17 22:00:00,1352.7761023239882,0.0,413.0,0.0
2025-03-17 22:30:00,1291.939231008434,0.0,420.0,0.0
2025-03-17 23:00:00,1396.0282311947049,0.0,404.0,0.0
2025-03-17 23:30:00,1288.2967161978513,0.0,414.0,0.0
2025-03-18 00:00:00,1290.331368285396,0.0,404.0,0.0
2025-03-18 00:30:00,1027.6613883565471,0.0,261.0,0.0
2025-03-18 01:00:00,848.5429275637407,0.0,214.00000000000003,0.0
2025-03-18 01:30:00,905.271902840583,0.0,273.0,0.0
2025-03-18 02:00:00,1183.735553612128,0.0,307.0,0.0
2025-03-18 02:30:00,1302.6740012491116,0.0,401.0,0.0
2025-03-18 03:00:00,1178.8236174322556,0.0,345.0,0.0
2025-03-18 03:30:00,1286.3594860973694,0.0,369.0,0.0
2025-03-18 04:00:00,1334.4752354141888,0.0,393.0,0.0
2025-03-18 04:30:00,1312.159475502179,0.0,388.0,0.0
2025-03-18 05:00:00,1135.7850128751584,0.0,396.0,0.0
2025-03-18 05:30:00,1315.4757207015628,0.0,386.99999999999994,0.0
2025-03-18 06:00:00,1226.4857988502279,0.0,373.0,0.0
2025-03-18 06:30:00,837.9725770988267,0.0,199.0,0.0
2025-03-18 07:00:00,1075.3511025775795,0.0,311.0,0.0
2025-03-18 07:30:00,1210.9667206311883,0.0,345.0,0.0
2025-03-18 08:00:00,1006.5529905124113,0.0,247.0,0.0
2025-03-18 08:30:00,951.6405036072364,0.0,281.0,0.0
2025-03-18 09:00:00,1280.8079363643094,0.0,370.0,0.0
2025-03-18 09:30:00,1342.2730415114002,0.0,481.0,0.0
2025-03-18 10:00:00,1392.8322492310476,0.0,492.0,0.0
2025-03-18 10:30:00,1074.320686004163,0.0,480.0,0.0
2025-03-18 11:00:00,1314.7007592721866,0.0,424.0,0.0
2025-03-18 11:30:00,1106.0010683506391,0.0,469.0,0.0
2025-03-18 12:00:00,994.6470518057954,0.0,468.0,0.0
2025-03-18 12:30:00,844.3044484643591,0.0,363.0,0.0
2025-03-18 13:00:00,776.4683569489945,0.0,374.0,0.0
2025-03-18 13:30:00,465.60704691648255,0.0,237.0,0.0
2025-03-18 14:00:00,700.6258340951161,0.0,273.0,0.0
2025-03-18 14:30:00,993.4419265481583,0.0,418.0,0.0
2025-03-18 15:00:00,1093.0110173869932,0.0,442.0,0.0
2025-03-18 15:30:00,1036.4193901511092,0.0,457.0,0.0
2025-03-18 16:00:00,1119.2097950584034,0.0,460.0,0.0
2025-03-18 16:30:00,1239.9621543362464,0.0,469.0,0.0
2025-03-18 17:00:00,1520.0790812315008,0.0,461.0,0.0
2025-03-18 17:30:00,1510.5456265294422,0.0,305.0,0.0
2025-03-18 18:00:00,1920.063506442951,0.0,462.0,0.0
2025-03-18 18:30:00,1399.1329068383504,0.0,472.99999999999994,0.0
2025-03-18 19:00:00,1385.352577161559,0.0,455.0,0.0
2025-03-18 19:30:00,1419.96350636081,0.0,458.00000000000006,0.0
2025-03-18 20:00:00,1313.0727612670453,0.0,342.99999999999994,0.0
2025-03-18 20:30:00,1346.2647390299055,0.0,359.99999999999994,0.0
2025-03-18 21:00:00,1461.7527523146232,0.0,434.0,0.0
2025-03-18 21:30:00,1578.9476538676895,0.0,487.00000000000006,0.0
2025-03-18 22:00:00,1583.3307530703728,0.0,434.0,0.0
2025-03-18 22:30:00,1375.7630255070476,0.0,398.0,0.0
2025-03-18 23:00:00,1453.197909588253,0.0,465.00000000000006,0.0
2025-03-18 23:30:00,1529.9162643786412,0.0,477.0,0.0
2025-03-19 00:00:00,1330.2696613354128,0.0,376.00000000000006,0.0
2025-03-19 00:30:00,1032.1415358799072,0.0,262.0,0.0
2025-03-19 01:00:00,881.641678074198,0.0,194.0,0.0
2025-03-19 01:30:00,1008.6636294733628,0.0,272.0,0.0
2025-03-19 02:00:00,1181.1420942832965,0.0,328.0,0.0
2025-03-19 02:30:00,1337.8059427270296,0.0,392.0,0.0
2025-03-19 03:00:00,1453.1348717041367,0.0,392.00000000000006,0.0
2025-03-19 03:30:00,1181.8848265317192,0.0,388.0,0.0
2025-03-19 04:00:00,1354.52273842051,0.0,401.0,0.0
2025-03-19 04:30:00,1395.877472402389,0.0,436.0,0.0
2025-03-19 05:00:00,1476.340463552213,0.0,382.00000000000006,0.0
2025-03-19 05:30:00,1364.8806094978504,0.0,396.00000000000006,0.0
2025-03-19 06:00:00,1174.3174198347642,0.0,305.99999999999994,0.0
2025-03-19 06:30:00,848.711648099811,0.0,175.0,0.0
2025-03-19 07:00:00,1205.2020138404728,0.0,356.0,0.0
2025-03-19 07:30:00,1231.3016162232136,0.0,368.0,0.0
2025-03-19 08:00:00,1027.7561778338354,0.0,263.0,0.0
2025-03-19 08:30:00,1037.5046002339923,0.0,283.0,0.0
2025-03-19 09:00:00,1298.1691479558913,0.0,401.99999999999994,0.0
2025-03-19 09:30:00,1259.6342211873816,0.0,424.0,0.0
2025-03-19 10:00:00,1298.6362237919518,0.0,438.0,0.0
2025-03-19 10:30:00,1367.854587499091,0.0,431.0,0.0
2025-03-19 11:00:00,1348.0232149413673,0.0,429.99999999999994,0.0
2025-03-19 11:30:00,1304.5977084007527,0.0,460.99999999999994,0.0
2025-03-19 12:00:00,1369.5644750847976,0.0,439.99999999999994,0.0
2025-03-19 12:30:00,1336.6855668137182,0.0,431.0,0.0
2025-03-19 13:00:00,1118.0033677930962,0.0,369.0,0.0
2025-03-19 13:30:00,708.8112271718875,0.0,200.00000000000003,0.0
2025-03-19 14:00:00,894.8857911148317,0.0,254.0,0.0
2025-03-19 14:30:00,1387.0300008288814,0.0,411.0,0.0
2025-03-19 15:00:00,1304.6105258954976,0.0,474.0,0.0
2025-03-19 15:30:00,1160.6386494802794,0.0,445.00000000000006,0.0
2025-03-19 16:00:00,1253.4126173065767,0.0,456.0,0.0
2025-03-19 16:30:00,1533.8511569401342,0.0,463.99999999999994,0.0
2025-03-19 17:00:00,1576.256116615111,0.0,438.0,0.0
2025-03-19 17:30:00,955.8587692315467,0.0,268.0,0.0
2025-03-19 18:00:00,1337.9479345422292,0.0,452.0,0.0
2025-03-19 18:30:00,1494.6388308115384,0.0,485.00000000000006,0.0
2025-03-19 19:00:00,1537.9202650841341,0.0,454.99999999999994,0.0
2025-03-19 19:30:00,1406.0440437594873,0.0,459.0,0.0
2025-03-19 20:00:00,1093.1023741890983,0.0,316.0,0.0
2025-03-19 20:30:00,1165.6011624493533,0.0,285.0,0.0
2025-03-19 21:00:00,1379.7890488205503,0.0,413.0,0.0
2025-03-19 21:30:00,1521.1128999079397,0.0,461.00000000000006,0.0
2025-03-19 22:00:00,1412.9397384548297,0.0,443.0,0.0
2025-03-19 22:30:00,1457.6652982993544,0.0,416.0,0.0
2025-03-19 23:00:00,1382.3307124555276,0.0,458.0,0.0
2025-03-19 23:30:00,1377.4228567661507,0.0,426.0,0.0
2025-03-20 00:00:00,1264.2013168241551,0.0,375.0,0.0
2025-03-20 00:30:00,966.5481678904943,0.0,244.0,0.0
2025-03-20 01:00:00,908.21606926401,0.0,172.0,0.0
2025-03-20 01:30:00,949.4121612036926,0.0,265.0,0.0
2025-03-20 02:00:00,1192.1334280748067,0.0,354.0,0.0
2025-03-20 02:30:00,1563.8243751957075,0.0,425.0,0.0
2025-03-20 03:00:00,1374.7324586494099,0.0,392.0,0.0
2025-03-20 03:30:00,1352.801291429919,0.0,423.0,0.0
2025-03-20 04:00:00,1269.225316048246,0.0,375.0,0.0
2025-03-20 04:30:00,1317.2444358161817,0.0,394.99999999999994,0.0
2025-03-20 05:00:00,1443.5932727200886,0.0,376.00000000000006,0.0
2025-03-20 05:30:00,1305.4646730578283,0.0,381.0,0.0
2025-03-20 06:00:00,1182.2428030244853,0.0,341.0,0.0
2025-03-20 06:30:00,859.2562498345892,0.0,238.99999999999997,0.0
2025-03-20 07:00:00,1127.4519863392636,0.0,310.0,0.0
2025-03-20 07:30:00,1120.4003075316218,0.0,349.0,0.0
2025-03-20 08:00:00,988.0051213148874,0.0,302.0,0.0
2025-03-20 08:30:00,1001.8836560356904,0.0,335.0,0.0
2025-03-20 09:00:00,1201.4463183802015,0.0,405.0,0.0
2025-03-20 09:30:00,950.6152539899273,0.0,403.0,0.0
2025-03-20 10:00:00,977.9614199717213,0.0,397.0,0.0
2025-03-20 10:30:00,833.7025504834743,0.0,414.0,0.0
2025-03-20 11:00:00,904.0657143105684,0.0,427.0,0.0
2025-03-20 11:30:00,1011.5989202393392,0.0,443.0,0.0
2025-03-20 12:00:00,1021.1841305829093,0.0,411.0,0.0
2025-03-20 12:30:00,1043.2157625076663,0.0,379.0,0.0
2025-03-20 13:00:00,780.4770538298036,0.0,336.0,0.0
2025-03-20 13:30:00,569.0030341032084,0.0,232.0,0.0
2025-03-20 14:00:00,493.4298949501337,0.0,259.0,0.0
2025-03-20 14:30:00,797.1063562945228,0.0,373.0,0.0
2025-03-20 15:00:00,886.1770273093043,0.0,399.0,0.0
2025-03-20 15:30:00,1391.4114093860826,0.0,489.0,0.0
2025-03-20 16:00:00,1525.139528993715,0.0,495.0,0.0
2025-03-20 16:30:00,1361.1543690856986,0.0,468.0,0.0
2025-03-20 17:00:00,1431.3386016084912,0.0,445.0,0.0
2025-03-20 17:30:00,1035.9811154634838,0.0,278.0,0.0
2025-03-20 18:00:00,1344.7698785285525,0.0,422.0,0.0
2025-03-20 18:30:00,1521.8235524484007,0.0,434.0,0.0
2025-03-20 19:00:00,1284.019218908327,0.0,404.0,0.0
2025-03-20 19:30:00,1405.8965377112197,0.0,434.0,0.0
2025-03-20 20:00:00,1167.6895929927077,0.0,282.0,0.0
2025-03-20 20:30:00,949.7996513108793,0.0,271.0,0.0
2025-03-20 21:00:00,1255.184133337172,0.0,428.0,0.0
2025-03-20 21:30:00,1283.7378828922394,0.0,365.00000000000006,0.0
2025-03-20 22:00:00,1382.2512243318265,0.0,423.99999999999994,0.0
2025-03-20 22:30:00,1523.5105617689883,0.0,438.0,0.0
2025-03-20 23:00:00,1390.7741898489242,0.0,415.0,0.0
2025-03-20 23:30:00,1320.853368918501,0.0,396.00000000000006,0.0
2025-03-21 00:00:00,1361.939312672614,0.0,420.99999999999994,0.0
2025-03-21 00:30:00,1131.3213584569448,0.0,282.0,0.0
2025-03-21 01:00:00,852.1256338479953,0.0,234.00000000000003,0.0
2025-03-21 01:30:00,1010.3718860235836,0.0,318.0,0.0
2025-03-21 02:00:00,1339.8739350811288,0.0,383.0,0.0
2025-03-21 02:30:00,1453.3165030744776,0.0,455.0,0.0
2025-03-21 03:00:00,1367.0001028128509,0.0,451.0,0.0
2025-03-21 03:30:00,1377.6973243326752,0.0,439.0,0.0
2025-03-21 04:00:00,1448.6080595448552,0.0,463.0,0.0
2025-03-21 04:30:00,1143.4939538635592,0.0,401.0,0.0
2025-03-21 05:00:00,1312.9134193073792,0.0,450.0,0.0
2025-03-21 05:30:00,1389.846513282918,0.0,437.0,0.0
2025-03-21 06:00:00,1234.1736531499093,0.0,384.0,0.0
2025-03-21 06:30:00,928.3704191610872,0.0,242.0,0.0
2025-03-21 07:00:00,1301.3111052555885,0.0,371.0,0.0
2025-03-21 07:30:00,1341.6582988763955,0.0,405.0,0.0
2025-03-21 08:00:00,938.1581046662125,0.0,248.0,0.0
2025-03-21 08:30:00,1030.5188899240927,0.0,346.0,0.0
2025-03-21 09:00:00,1189.511035933487,0.0,434.0,0.0
2025-03-21 09:30:00,1377.310107670308,0.0,459.0,0.0
2025-03-21 10:00:00,1472.5584989275496,0.0,493.0,0.0
2025-03-21 10:30:00,1525.9253005755347,0.0,530.0,0.0
2025-03-21 11:00:00,1389.2123011810947,0.0,482.0,0.0
2025-03-21 11:30:00,1234.6539126483049,0.0,512.0,0.0
2025-03-21 12:00:00,1287.8396566383076,0.0,522.0,0.0
2025-03-21 12:30:00,1043.4729921132457,0.0,458.0,0.0
2025-03-21 13:00:00,846.2833404464495,0.0,390.0,0.0
2025-03-21 13:30:00,372.26318061258877,0.0,258.0,0.0
2025-03-21 14:00:00,516.230702391697,0.0,265.0,0.0
2025-03-21 14:30:00,1043.0137234749302,0.0,417.0,0.0
2025-03-21 15:00:00,1487.4013521155791,0.0,521.0,0.0
2025-03-21 15:30:00,1476.1837124154388,0.0,523.0,0.0
2025-03-21 16:00:00,1476.307540951437,0.0,516.0,0.0
2025-03-21 16:30:00,1356.2837968318754,0.0,495.00000000000006,0.0
2025-03-21 17:00:00,1323.3303240296073,0.0,478.0,0.0
2025-03-21 17:30:00,984.1475661812871,0.0,300.0,0.0
2025-03-21 18:00:00,1202.0404442178276,0.0,441.0,0.0
2025-03-21 18:30:00,1488.0173343299537,0.0,496.0,0.0
2025-03-21 19:00:00,1584.1295459937987,0.0,536.0,0.0
2025-03-21 19:30:00,1483.1593208774957,0.0,508.0,0.0
2025-03-21 20:00:00,1334.3001830642847,0.0,421.0,0.0
2025-03-21 20:30:00,1203.531992771429,0.0,367.0,0.0
2025-03-21 21:00:00,1361.0950500628364,0.0,453.0,0.0
2025-03-21 21:30:00,1399.0700108544177,0.0,448.99999999999994,0.0
2025-03-21 22:00:00,1499.9635760417627,0.0,504.00000000000006,0.0
2025-03-21 22:30:00,1287.9780622269425,0.0,423.0,0.0
2025-03-21 23:00:00,1336.6451146462093,0.0,469.99999999999994,0.0
2025-03-21 23:30:00,1332.1638921727156,0.0,476.0,0.0
2025-03-22 00:00:00,1290.2947116668552,0.0,399.0,0.0
2025-03-22 00:30:00,1109.2948586590082,0.0,268.0,0.0
2025-03-22 01:00:00,870.0739620198465,0.0,194.0,0.0
2025-03-22 01:30:00,1073.3034861901622,0.0,318.0,0.0
2025-03-22 02:00:00,1243.942102815544,0.0,352.0,0.0
2025-03-22 02:30:00,1429.8161860529294,0.0,442.0,0.0
2025-03-22 03:00:00,1367.6049513864969,0.0,440.0,0.0
2025-03-22 03:30:00,1423.710717205732,0.0,443.0,0.0
2025-03-22 04:00:00,1344.8416621160886,0.0,386.0,0.0
2025-03-22 04:30:00,1363.2856724589253,0.0,413.0,0.0
2025-03-22 05:00:00,1296.7109680396356,0.0,405.0,0.0
2025-03-22 05:30:00,1297.3668306773652,0.0,384.0,0.0
2025-03-22 06:00:00,1209.9750701220362,0.0,330.0,0.0
2025-03-22 06:30:00,849.6127240732636,0.0,191.0,0.0
2025-03-22 07:00:00,1253.491195746432,0.0,327.0,0.0
2025-03-22 07:30:00,1311.2701510080258,0.0,370.0,0.0
2025-03-22 08:00:00,844.7453110377527,0.0,225.00000000000003,0.0
2025-03-22 08:30:00,923.9603490035536,0.0,259.0,0.0
2025-03-22 09:00:00,1179.7928955616567,0.0,404.0,0.0
2025-03-22 09:30:00,1117.2655060714656,0.0,405.0,0.0
2025-03-22 10:00:00,1256.977599133046,0.0,458.0,0.0
2025-03-22 10:30:00,1164.0093543052408,0.0,441.0,0.0
2025-03-22 11:00:00,871.8871054807561,0.0,392.0,0.0
2025-03-22 11:30:00,1334.4994073278963,0.0,461.0,0.0
2025-03-22 12:00:00,1171.9018484103092,0.0,490.0,0.0
2025-03-22 12:30:00,1146.83140210942,0.0,469.0,0.0
2025-03-22 13:00:00,904.4509780629826,0.0,466.0,0.0
2025-03-22 13:30:00,486.6933556924308,0.0,198.0,0.0
2025-03-22 14:00:00,676.0409059053418,0.0,176.0,0.0
2025-03-22 14:30:00,1012.1727857825654,0.0,360.0,0.0
2025-03-22 15:00:00,1132.3551484748327,0.0,408.0,0.0
2025-03-22 15:30:00,1115.112202969049,0.0,465.0,0.0
2025-03-22 16:00:00,1049.5256767736182,0.0,451.0,0.0
2025-03-22 16:30:00,838.3460348373901,0.0,350.0,0.0
2025-03-22 17:00:00,705.7532453011587,0.0,242.99999999999997,0.0
2025-03-22 17:30:00,495.8179544442012,0.0,118.0,0.0
2025-03-22 18:00:00,969.2105009732348,0.0,237.0,0.0
2025-03-22 18:30:00,914.89791710034,0.0,253.99999999999997,0.0
2025-03-22 19:00:00,885.2170602403114,0.0,254.0,0.0
2025-03-22 19:30:00,914.1767605013983,0.0,211.0,0.0
2025-03-22 20:00:00,759.2426275557405,0.0,170.0,0.0
2025-03-22 20:30:00,766.6872709215597,0.0,247.0,0.0
2025-03-22 21:00:00,1255.1353485758395,0.0,342.0,0.0
2025-03-22 21:30:00,1253.5498199291917,0.0,369.0,0.0
2025-03-22 22:00:00,1259.3155715620023,0.0,353.0,0.0
2025-03-22 22:30:00,1305.3296690360542,0.0,359.99999999999994,0.0
2025-03-22 23:00:00,1358.5650685868388,0.0,392.0,0.0
2025-03-22 23:30:00,1304.5967342449596,0.0,359.0,0.0
2025-03-23 00:00:00,1406.955475286576,0.0,394.0,0.0
2025-03-23 00:30:00,1073.5819826605325,0.0,274.0,0.0
2025-03-23 01:00:00,923.7877144485205,0.0,245.00000000000003,0.0
2025-03-23 01:30:00,1097.7678874110622,0.0,322.0,0.0
2025-03-23 02:00:00,1120.531766711607,0.0,338.0,0.0
2025-03-23 02:30:00,1418.1655347656904,0.0,438.99999999999994,0.0
2025-03-23 03:00:00,1478.1003287539952,0.0,415.0,0.0
2025-03-23 03:30:00,1171.9333654740692,0.0,375.0,0.0
2025-03-23 04:00:00,1370.0569869150752,0.0,413.00000000000006,0.0
2025-03-23 04:30:00,1211.1347940931716,0.0,361.0,0.0
2025-03-23 05:00:00,1124.8307265898718,0.0,296.0,0.0
2025-03-23 05:30:00,1093.4276128062065,0.0,295.0,0.0
2025-03-23 06:00:00,1057.684802147791,0.0,272.0,0.0
2025-03-23 06:30:00,742.1042055397877,0.0,199.99999999999997,0.0
2025-03-23 07:00:00,993.335658360277,0.0,296.0,0.0
2025-03-23 07:30:00,950.5566549414558,0.0,278.0,0.0
2025-03-23 08:00:00,740.1049783108954,0.0,200.0,0.0
2025-03-23 08:30:00,701.5323363413381,0.0,184.0,0.0
2025-03-23 09:00:00,865.5053495085411,0.0,240.0,0.0
2025-03-23 09:30:00,1008.8955006527066,0.0,322.0,0.0
2025-03-23 10:00:00,1064.3733202960937,0.0,365.0,0.0
2025-03-23 10:30:00,1164.0885074938797,0.0,421.0,0.0
2025-03-23 11:00:00,1127.303260004326,0.0,415.0,0.0
2025-03-23 11:30:00,996.4802776842794,0.0,389.0,0.0
2025-03-23 12:00:00,1126.700629663549,0.0,411.0,0.0
2025-03-23 12:30:00,1146.170722525412,0.0,409.0,0.0
2025-03-23 13:00:00,1044.7904662829828,0.0,359.0,0.0
2025-03-23 13:30:00,474.1854080025389,0.0,161.0,0.0
2025-03-23 14:00:00,428.11121479814494,0.0,165.0,0.0
2025-03-23 14:30:00,1105.6200854673612,0.0,368.0,0.0
2025-03-23 15:00:00,1074.6479430762572,0.0,398.0,0.0
2025-03-23 15:30:00,1062.498300446653,0.0,390.0,0.0
2025-03-23 16:00:00,1102.660731015974,0.0,395.0,0.0
2025-03-23 16:30:00,1158.0055567426712,0.0,392.0,0.0
2025-03-23 17:00:00,1124.1489396155857,0.0,383.0,0.0
2025-03-23 17:30:00,981.8591861138341,0.0,309.0,0.0
2025-03-23 18:00:00,979.799820385668,0.0,316.0,0.0
2025-03-23 18:30:00,744.7125776524433,0.0,226.00000000000003,0.0
2025-03-23 19:00:00,915.7394120122319,0.0,257.0,0.0
2025-03-23 19:30:00,921.5777247647335,0.0,253.0,0.0
2025-03-23 20:00:00,675.3494639095139,0.0,173.0,0.0
2025-03-23 20:30:00,741.4355226550522,0.0,161.0,0.0
2025-03-23 21:00:00,830.0005646355218,0.0,224.00000000000003,0.0
2025-03-23 21:30:00,1029.8762443967776,0.0,246.0,0.0
2025-03-23 22:00:00,994.412359061618,0.0,251.0,0.0
2025-03-23 22:30:00,921.6259317484032,0.0,287.0,0.0
2025-03-23 23:00:00,960.3242606606551,0.0,246.99999999999997,0.0
2025-03-23 23:30:00,963.2545391286076,0.0,244.0,0.0
2025-03-24 00:00:00,843.1964214936139,0.0,234.0,0.0
2025-03-24 00:30:00,670.8254256976819,0.0,130.0,0.0
2025-03-24 01:00:00,654.4624238845073,0.0,132.0,0.0
2025-03-24 01:30:00,950.8478537404458,0.0,250.0,0.0
2025-03-24 02:00:00,1021.1575800894456,0.0,250.0,0.0
2025-03-24 02:30:00,947.5208009434768,0.0,305.0,0.0
2025-03-24 03:00:00,1097.7943463117576,0.0,277.99999999999994,0.0
2025-03-24 03:30:00,1000.6906866071789,0.0,282.0,0.0
2025-03-24 04:00:00,1059.4391807503387,0.0,298.0,0.0
2025-03-24 04:30:00,870.0367547890821,0.0,263.0,0.0
2025-03-24 05:00:00,907.243325242124,0.0,220.0,0.0
2025-03-24 05:30:00,1038.3286506358465,0.0,302.0,0.0
2025-03-24 06:00:00,868.7019263619375,0.0,216.0,0.0
2025-03-24 06:30:00,635.3434472758461,0.0,144.0,0.0
2025-03-24 07:00:00,835.3108330178192,0.0,199.0,0.0
2025-03-24 07:30:00,850.2596456718304,0.0,188.0,0.0
2025-03-24 08:00:00,671.7688891799265,0.0,162.0,0.0
2025-03-24 08:30:00,954.1623580130895,0.0,288.0,0.0
2025-03-24 09:00:00,1136.2312418119109,0.0,375.0,0.0
2025-03-24 09:30:00,1143.5401751938068,0.0,445.0,0.0
2025-03-24 10:00:00,1044.307313540654,0.0,412.0,0.0
2025-03-24 10:30:00,1157.2449462329337,0.0,450.0,0.0
2025-03-24 11:00:00,1131.6878209354684,0.0,412.00000000000006,0.0
2025-03-24 11:30:00,1028.8869477662565,0.0,421.0,0.0
2025-03-24 12:00:00,876.4671574751009,0.0,385.0,0.0
2025-03-24 12:30:00,653.0201364564234,0.0,328.0,0.0
2025-03-24 13:00:00,581.6544596811408,0.0,295.0,0.0
2025-03-24 13:30:00,432.850297275932,0.0,210.0,0.0
2025-03-24 14:00:00,612.565958765259,0.0,302.0,0.0
2025-03-24 14:30:00,993.8448470218359,0.0,427.0,0.0
2025-03-24 15:00:00,1301.536286835213,0.0,447.0,0.0
2025-03-24 15:30:00,1171.3944849505813,0.0,458.00000000000006,0.0
2025-03-24 16:00:00,1007.4298476878569,0.0,449.0,0.0
2025-03-24 16:30:00,1104.7132474836458,0.0,448.0,0.0
2025-03-24 17:00:00,1258.871308813568,0.0,447.0,0.0
2025-03-24 17:30:00,827.3007263823928,0.0,270.0,0.0
2025-03-24 18:00:00,1110.415317562422,0.0,401.0,0.0
2025-03-24 18:30:00,1522.773254303919,0.0,443.99999999999994,0.0
2025-03-24 19:00:00,1528.0407562848238,0.0,430.99999999999994,0.0
2025-03-24 19:30:00,1419.9673508427936,0.0,373.00000000000006,0.0
2025-03-24 20:00:00,1137.6486683297824,0.0,275.0,0.0
2025-03-24 20:30:00,1197.7904549252178,0.0,320.0,0.0
2025-03-24 21:00:00,1279.5476438642454,0.0,377.00000000000006,0.0
2025-03-24 21:30:00,1293.2221563216413,0.0,444.99999999999994,0.0
2025-03-24 22:00:00,1444.010223092151,0.0,444.0,0.0
2025-03-24 22:30:00,1441.1489239869172,0.0,387.0,0.0
2025-03-24 23:00:00,1285.9532252531556,0.0,368.99999999999994,0.0
2025-03-24 23:30:00,1286.0655442549864,0.0,387.0,0.0
2025-03-25 00:00:00,1274.9178799158776,0.0,404.0,0.0
2025-03-25 00:30:00,966.4140998721182,0.0,261.0,0.0
2025-03-25 01:00:00,862.7538515969802,0.0,214.0,0.0
2025-03-25 01:30:00,1065.1928200317486,0.0,273.0,0.0
2025-03-25 02:00:00,1152.8333782235547,0.0,307.0,0.0
2025-03-25 02:30:00,1315.6922504321412,0.0,401.0,0.0
2025-03-25 03:00:00,1274.764360029127,0.0,345.0,0.0
2025-03-25 03:30:00,1424.5716808754548,0.0,368.99999999999994,0.0
2025-03-25 04:00:00,1355.0510217072851,0.0,393.0,0.0
2025-03-25 04:30:00,1416.5849941652543,0.0,388.0,0.0
2025-03-25 05:00:00,1235.003439328253,0.0,396.0,0.0
2025-03-25 05:30:00,1255.5515585338903,0.0,387.0,0.0
2025-03-25 06:00:00,1307.890364389788,0.0,373.0,0.0
2025-03-25 06:30:00,802.9971764842477,0.0,199.0,0.0
2025-03-25 07:00:00,1109.2252853172552,0.0,311.0,0.0
2025-03-25 07:30:00,1289.8058132100657,0.0,345.00000000000006,0.0
2025-03-25 08:00:00,913.6338519958816,0.0,246.99999999999997,0.0
2025-03-25 08:30:00,927.0041265851646,0.0,281.0,0.0
2025-03-25 09:00:00,1255.2702386004,0.0,370.0,0.0
2025-03-25 09:30:00,1266.0262780592361,0.0,481.0,0.0
2025-03-25 10:00:00,1440.5847124838826,0.0,492.00000000000006,0.0
2025-03-25 10:30:00,1183.6477565898776,0.0,480.0,0.0
2025-03-25 11:00:00,1324.8805558204706,0.0,424.0,0.0
2025-03-25 11:30:00,1006.2663013693997,0.0,469.0,0.0
2025-03-25 12:00:00,919.7906529050387,0.0,467.99999999999994,0.0
2025-03-25 12:30:00,882.3242249318773,0.0,363.0,0.0
2025-03-25 13:00:00,833.1946397404354,0.0,374.0,0.0
2025-03-25 13:30:00,473.48309227222643,0.0,237.0,0.0
2025-03-25 14:00:00,699.584087407224,0.0,273.0,0.0
2025-03-25 14:30:00,939.6669121391745,0.0,418.0,0.0
2025-03-25 15:00:00,1042.9145456618764,0.0,442.0,0.0
2025-03-25 15:30:00,1202.1552859579301,0.0,457.0,0.0
2025-03-25 16:00:00,1163.4209955865056,0.0,460.0,0.0
2025-03-25 16:30:00,1467.324483967884,0.0,469.0,0.0
2025-03-25 17:00:00,1516.2275354382225,0.0,461.0,0.0
2025-03-25 17:30:00,1074.4285676641257,0.0,305.0,0.0
2025-03-25 18:00:00,1310.9149283583135,0.0,462.0,0.0
2025-03-25 18:30:00,1376.7633541525647,0.0,473.0,0.0
2025-03-25 19:00:00,1552.0619345665077,0.0,455.0,0.0
2025-03-25 19:30:00,1473.7442555722864,0.0,458.0,0.0
2025-03-25 20:00:00,1245.5271174703141,0.0,343.0,0.0
2025-03-25 20:30:00,1215.529576750939,0.0,360.0,0.0
2025-03-25 21:00:00,1408.6122808811015,0.0,434.0,0.0
2025-03-25 21:30:00,1566.0322726204126,0.0,486.99999999999994,0.0
2025-03-25 22:00:00,1513.9053743776055,0.0,433.99999999999994,0.0
2025-03-25 22:30:00,1444.7584641305803,0.0,398.0,0.0
2025-03-25 23:00:00,1424.182208926168,0.0,465.0,0.0
2025-03-25 23:30:00,1426.933033134742,0.0,477.0,0.0
2025-03-26 00:00:00,1316.033357411283,0.0,376.0,0.0
2025-03-26 00:30:00,1087.8165407237655,0.0,262.0,0.0
2025-03-26 01:00:00,904.5338169018239,0.0,194.0,0.0
2025-03-26 01:30:00,946.8595087003621,0.0,272.0,0.0
2025-03-26 02:00:00,1187.5338703496877,0.0,328.0,0.0
2025-03-26 02:30:00,1375.2060980428507,0.0,392.0,0.0
2025-03-26 03:00:00,1528.1134590891543,0.0,392.0,0.0
2025-03-26 03:30:00,1335.3045697091788,0.0,387.99999999999994,0.0
2025-03-26 04:00:00,1346.416233723836,0.0,400.99999999999994,0.0
2025-03-26 04:30:00,1397.5604434836887,0.0,436.0,0.0
2025-03-26 05:00:00,1289.3685551258172,0.0,382.0,0.0
2025-03-26 05:30:00,1417.0734803656462,0.0,396.0,0.0
2025-03-26 06:00:00,1220.447288778467,0.0,306.0,0.0
2025-03-26 06:30:00,905.347406457763,0.0,175.0,0.0
2025-03-26 07:00:00,1306.860872060912,0.0,356.0,0.0
2025-03-26 07:30:00,1407.2108431740337,0.0,368.0,0.0
2025-03-26 08:00:00,1019.0121836043322,0.0,263.0,0.0
2025-03-26 08:30:00,1046.0636265609658,0.0,283.0,0.0
2025-03-26 09:00:00,1240.393386074614,0.0,402.0,0.0
2025-03-26 09:30:00,1372.8454230050397,0.0,424.0,0.0
2025-03-26 10:00:00,1386.307838975343,0.0,438.0,0.0
2025-03-26 10:30:00,1408.1272442734585,0.0,430.99999999999994,0.0
2025-03-26 11:00:00,1252.0509473921877,0.0,430.0,0.0
2025-03-26 11:30:00,1429.6187878623696,0.0,461.0,0.0
2025-03-26 12:00:00,1332.9673265958486,0.0,439.99999999999994,0.0
2025-03-26 12:30:00,1296.4503806931561,0.0,430.99999999999994,0.0
2025-03-26 13:00:00,1029.6302189286746,0.0,369.0,0.0
2025-03-26 13:30:00,739.867648753539,0.0,200.00000000000003,0.0
2025-03-26 14:00:00,956.1674875472235,0.0,253.99999999999997,0.0
2025-03-26 14:30:00,1181.0001811318468,0.0,411.0,0.0
2025-03-26 15:00:00,1372.2942843244618,0.0,474.0,0.0
2025-03-26 15:30:00,1048.4491627578984,0.0,445.0,0.0
2025-03-26 16:00:00,1402.9232375410209,0.0,456.0,0.0
2025-03-26 16:30:00,1278.2175539926484,0.0,464.0,0.0
2025-03-26 17:00:00,1410.1676393059627,0.0,438.0,0.0
2025-03-26 17:30:00,936.3949907118255,0.0,268.0,0.0
2025-03-26 18:00:00,1373.471818797623,0.0,452.0,0.0
2025-03-26 18:30:00,1582.9668663122661,0.0,485.00000000000006,0.0
2025-03-26 19:00:00,1314.628152253708,0.0,454.99999999999994,0.0
2025-03-26 19:30:00,1475.7592353493292,0.0,458.99999999999994,0.0
2025-03-26 20:00:00,1181.1918953938302,0.0,316.0,0.0
2025-03-26 20:30:00,1134.763911371009,0.0,285.0,0.0
2025-03-26 21:00:00,1387.898877621758,0.0,413.0,0.0
2025-03-26 21:30:00,1399.7750721543086,0.0,461.0,0.0
2025-03-26 22:00:00,1393.939478519189,0.0,443.0,0.0
2025-03-26 22:30:00,1535.3227463268904,0.0,416.0,0.0
2025-03-26 23:00:00,1548.9788096577279,0.0,458.0,0.0
2025-03-26 23:30:00,1371.8645234538246,0.0,426.0,0.0
2025-03-27 00:00:00,1535.3336673408728,0.0,390.00000000000006,0.0
2025-03-27 00:30:00,1035.3793203546225,0.0,245.0,0.0
2025-03-27 01:00:00,890.8180033782966,0.0,226.0,0.0
2025-03-27 01:30:00,1256.4129409743098,0.0,358.0,0.0
2025-03-27 02:00:00,1114.8563110066377,0.0,368.0,0.0
2025-03-27 02:30:00,1518.5242240153304,0.0,435.0,0.0
2025-03-27 03:00:00,1566.4933713803073,0.0,489.0,0.0
2025-03-27 03:30:00,1546.9996943880542,0.0,416.0,0.0
2025-03-27 04:00:00,1363.5330389042965,0.0,437.00000000000006,0.0
2025-03-27 04:30:00,1408.4289109327292,0.0,423.0,0.0
2025-03-27 05:00:00,1388.8162029564335,0.0,421.0,0.0
2025-03-27 05:30:00,1283.4203188324007,0.0,374.0,0.0
2025-03-27 06:00:00,1218.628589297085,0.0,290.0,0.0
2025-03-27 06:30:00,829.2235320918459,0.0,187.0,0.0
2025-03-27 07:00:00,1170.6229102899358,0.0,341.0,0.0
2025-03-27 07:30:00,1252.157008241767,0.0,356.0,0.0
2025-03-27 08:00:00,1032.0246135089687,0.0,263.0,0.0
2025-03-27 08:30:00,981.4647570907797,0.0,276.0,0.0
2025-03-27 09:00:00,966.810826898641,0.0,328.0,0.0
2025-03-27 09:30:00,983.1251394154817,0.0,363.0,0.0
2025-03-27 10:00:00,865.8447322052069,0.0,354.0,0.0
2025-03-27 10:30:00,840.3455022379533,0.0,385.0,0.0
2025-03-27 11:00:00,980.8957136787224,0.0,393.0,0.0
2025-03-27 11:30:00,1155.9709278227285,0.0,411.0,0.0
2025-03-27 12:00:00,1009.3433298116889,0.0,376.0,0.0
2025-03-27 12:30:00,886.5743381012113,0.0,391.0,0.0
2025-03-27 13:00:00,886.6884077438013,0.0,319.0,0.0
2025-03-27 13:30:00,634.5356882396317,0.0,207.99999999999997,0.0
2025-03-27 14:00:00,439.07145984374336,0.0,258.0,0.0
2025-03-27 14:30:00,964.2307372645962,0.0,416.0,0.0
2025-03-27 15:00:00,1242.7114915932782,0.0,474.0,0.0
2025-03-27 15:30:00,1280.7216062100217,0.0,484.0,0.0
2025-03-27 16:00:00,1018.5610227414984,0.0,451.0,0.0
2025-03-27 16:30:00,1225.7956308891662,0.0,458.0,0.0
2025-03-27 17:00:00,1310.7002970372082,0.0,434.0,0.0
2025-03-27 17:30:00,766.9484920042934,0.0,220.99999999999997,0.0
2025-03-27 18:00:00,1390.5488391583347,0.0,449.0,0.0
2025-03-27 18:30:00,1567.2368745174429,0.0,455.0,0.0
2025-03-27 19:00:00,1484.564607485673,0.0,437.0,0.0
2025-03-27 19:30:00,1497.7591711040786,0.0,391.00000000000006,0.0
2025-03-27 20:00:00,1060.208438956191,0.0,294.0,0.0
2025-03-27 20:30:00,1205.607178475057,0.0,309.0,0.0
2025-03-27 21:00:00,1261.6797994181638,0.0,378.0,0.0
2025-03-27 21:30:00,1253.7146740033118,0.0,392.00000000000006,0.0
2025-03-27 22:00:00,1213.5328248456924,0.0,383.0,0.0
2025-03-27 22:30:00,1177.8983677711883,0.0,373.0,0.0
2025-03-27 23:00:00,1253.9789169256999,0.0,371.0,0.0
2025-03-27 23:30:00,1027.8363839679976,0.0,311.0,0.0
2025-03-28 00:00:00,1202.7634355928446,0.0,370.0,0.0
2025-03-28 00:30:00,939.3281265409473,0.0,277.0,0.0
2025-03-28 01:00:00,772.7274686551843,0.0,191.0,0.0
2025-03-28 01:30:00,980.7065054944495,0.0,265.0,0.0
2025-03-28 02:00:00,1147.1581430032695,0.0,323.99999999999994,0.0
2025-03-28 02:30:00,1402.8540337628642,0.0,424.0,0.0
2025-03-28 03:00:00,1355.7342905448877,0.0,388.0,0.0
2025-03-28 03:30:00,1337.7114854600425,0.0,408.0,0.0
2025-03-28 04:00:00,1330.0732135194826,0.0,386.0,0.0
2025-03-28 04:30:00,1213.191145258196,0.0,382.0,0.0
2025-03-28 05:00:00,1214.3986217089546,0.0,405.00000000000006,0.0
2025-03-28 05:30:00,1136.693888544965,0.0,376.0,0.0
2025-03-28 06:00:00,1234.6494999011584,0.0,335.0,0.0
2025-03-28 06:30:00,795.901828217236,0.0,173.0,0.0
2025-03-28 07:00:00,1019.5319386592812,0.0,314.0,0.0
2025-03-28 07:30:00,1220.8068426158482,0.0,369.0,0.0
2025-03-28 08:00:00,977.273929829973,0.0,299.0,0.0
2025-03-28 08:30:00,1075.3511668467322,0.0,285.0,0.0
2025-03-28 09:00:00,1248.2379703101715,0.0,410.0,0.0
2025-03-28 09:30:00,1360.1295819103873,0.0,435.0,0.0
2025-03-28 10:00:00,1441.2302777730038,0.0,452.0,0.0
2025-03-28 10:30:00,1262.316864700293,0.0,438.0,0.0
2025-03-28 11:00:00,1382.3462623027883,0.0,447.0,0.0
2025-03-28 11:30:00,1353.8261004625851,0.0,439.0,0.0
2025-03-28 12:00:00,1202.7386789676589,0.0,400.0,0.0
2025-03-28 12:30:00,1149.2619712584835,0.0,403.0,0.0
2025-03-28 13:00:00,794.2188952273872,0.0,303.0,0.0
2025-03-28 13:30:00,670.0513037445836,0.0,182.0,0.0
2025-03-28 14:00:00,697.4440055360733,0.0,222.0,0.0
2025-03-28 14:30:00,991.4049141471801,0.0,331.0,0.0
2025-03-28 15:00:00,1176.4983326961233,0.0,410.0,0.0
2025-03-28 15:30:00,1210.2724165619863,0.0,428.0,0.0
2025-03-28 16:00:00,1254.4070018376615,0.0,440.0,0.0
2025-03-28 16:30:00,1290.5665032057523,0.0,446.0,0.0
2025-03-28 17:00:00,1343.5364464561185,0.0,440.00000000000006,0.0
2025-03-28 17:30:00,939.8585450297701,0.0,246.0,0.0
2025-03-28 18:00:00,1257.545333719687,0.0,425.0,0.0
2025-03-28 18:30:00,1393.5915596877837,0.0,432.00000000000006,0.0
2025-03-28 19:00:00,1445.5999319281038,0.0,430.0,0.0
2025-03-28 19:30:00,1258.9455327357655,0.0,394.0,0.0
2025-03-28 20:00:00,1065.0469674740489,0.0,348.0,0.0
2025-03-28 20:30:00,1122.9470406464375,0.0,336.0,0.0
2025-03-28 21:00:00,1355.7884077222309,0.0,414.0,0.0
2025-03-28 21:30:00,1325.9029034650819,0.0,432.00000000000006,0.0
2025-03-28 22:00:00,1436.9137346431269,0.0,460.0,0.0
2025-03-28 22:30:00,1494.4143362710047,0.0,452.0,0.0
2025-03-28 23:00:00,1259.2168525507952,0.0,443.0,0.0
2025-03-28 23:30:00,1461.577145292426,0.0,425.99999999999994,0.0
2025-03-29 00:00:00,1242.6216576437128,0.0,399.0,0.0
2025-03-29 00:30:00,935.916709866528,0.0,271.0,0.0
2025-03-29 01:00:00,863.4809743797293,0.0,217.0,0.0
2025-03-29 01:30:00,909.6018124144831,0.0,281.0,0.0
2025-03-29 02:00:00,1105.4018373185443,0.0,319.0,0.0
2025-03-29 02:30:00,1241.1158557010504,0.0,342.0,0.0
2025-03-29 03:00:00,1275.438912753292,0.0,408.99999999999994,0.0
2025-03-29 03:30:00,1280.1159429979118,0.0,373.0,0.0
2025-03-29 04:00:00,1192.691845480192,0.0,345.0,0.0
2025-03-29 04:30:00,1242.1598058081372,0.0,369.0,0.0
2025-03-29 05:00:00,1263.1339608684896,0.0,351.0,0.0
2025-03-29 05:30:00,1299.0941174379404,0.0,348.00000000000006,0.0
2025-03-29 06:00:00,1174.6788068848437,0.0,361.0,0.0
2025-03-29 06:30:00,796.2481367564369,0.0,238.0,0.0
2025-03-29 07:00:00,1156.474065263221,0.0,361.0,0.0
2025-03-29 07:30:00,1189.334344485576,0.0,329.0,0.0
2025-03-29 08:00:00,914.0564433765326,0.0,249.0,0.0
2025-03-29 08:30:00,990.3144867581027,0.0,327.0,0.0
2025-03-29 09:00:00,1133.4342123151723,0.0,407.0,0.0
2025-03-29 09:30:00,1211.2192839469506,0.0,427.0,0.0
2025-03-29 10:00:00,1336.5249010683672,0.0,464.0,0.0
2025-03-29 10:30:00,1265.7531140361596,0.0,474.0,0.0
2025-03-29 11:00:00,1220.1240051165762,0.0,462.0,0.0
2025-03-29 11:30:00,1160.5262611648393,0.0,451.0,0.0
2025-03-29 12:00:00,1154.7347044473638,0.0,449.99999999999994,0.0
2025-03-29 12:30:00,1052.9127496793158,0.0,456.0,0.0
2025-03-29 13:00:00,955.2427848128889,0.0,405.0,0.0
2025-03-29 13:30:00,423.5822881317566,0.0,210.0,0.0
2025-03-29 14:00:00,387.92082047632675,0.0,177.0,0.0
2025-03-29 14:30:00,1161.085319019334,0.0,404.99999999999994,0.0
2025-03-29 15:00:00,1141.3212300284706,0.0,452.0,0.0
2025-03-29 15:30:00,1168.8230028447665,0.0,431.0,0.0
2025-03-29 16:00:00,1029.0029266918912,0.0,388.0,0.0
2025-03-29 16:30:00,1142.8747849989772,0.0,388.0,0.0
2025-03-29 17:00:00,869.5322114989775,0.0,280.0,0.0
2025-03-29 17:30:00,630.3262116974645,0.0,186.0,0.0
2025-03-29 18:00:00,877.5368358839216,0.0,266.0,0.0
2025-03-29 18:30:00,985.4228965915337,0.0,298.0,0.0
2025-03-29 19:00:00,974.2526756190821,0.0,279.0,0.0
2025-03-29 19:30:00,907.0024889334359,0.0,262.0,0.0
2025-03-29 20:00:00,740.761382548446,0.0,214.0,0.0
2025-03-29 20:30:00,787.1737287685477,0.0,247.0,0.0
2025-03-29 21:00:00,1109.077132696544,0.0,375.0,0.0
2025-03-29 21:30:00,1152.7541769239774,0.0,434.0,0.0
2025-03-29 22:00:00,1365.9896702172914,0.0,419.0,0.0
2025-03-29 22:30:00,1500.0868829374135,0.0,427.99999999999994,0.0
2025-03-29 23:00:00,1417.7606257352516,0.0,392.0,0.0
2025-03-29 23:30:00,1206.8931733636218,0.0,394.0,0.0
2025-03-30 00:00:00,1364.621369029542,0.0,415.99999999999994,0.0
2025-03-30 00:30:00,1061.691239135168,0.0,295.0,0.0
2025-03-30 01:00:00,945.8028587125867,0.0,273.0,0.0
2025-03-30 01:30:00,1214.9860095877987,0.0,367.00000000000006,0.0
2025-03-30 02:00:00,1209.2178989243343,0.0,373.0,0.0
2025-03-30 02:30:00,1362.3459473984688,0.0,436.99999999999994,0.0
2025-03-30 03:00:00,1336.2777844509817,0.0,414.0,0.0
2025-03-30 03:30:00,1376.4950212394674,0.0,401.0,0.0
2025-03-30 04:00:00,1372.9035865362105,0.0,434.0,0.0
2025-03-30 04:30:00,1258.2083292240375,0.0,392.0,0.0
2025-03-30 05:00:00,1090.1312918531414,0.0,312.0,0.0
2025-03-30 05:30:00,898.3688135097793,0.0,270.0,0.0
2025-03-30 06:00:00,914.1119906775276,0.0,280.0,0.0
2025-03-30 06:30:00,735.9504592645558,0.0,150.0,0.0
2025-03-30 07:00:00,914.6841243189771,0.0,252.0,0.0
2025-03-30 07:30:00,938.2636594016225,0.0,276.0,0.0
2025-03-30 08:00:00,770.2659153629393,0.0,200.99999999999997,0.0
2025-03-30 08:30:00,753.731087823581,0.0,225.99999999999997,0.0
2025-03-30 09:00:00,883.0343182774732,0.0,286.0,0.0
2025-03-30 09:30:00,1017.4954714313518,0.0,355.0,0.0
2025-03-30 10:00:00,1015.7647277685998,0.0,390.0,0.0
2025-03-30 10:30:00,1018.3793295466362,0.0,423.0,0.0
2025-03-30 11:00:00,988.1762630923196,0.0,411.0,0.0
2025-03-30 11:30:00,1125.7148709465387,0.0,475.0,0.0
2025-03-30 12:00:00,1195.7911924350367,0.0,470.0,0.0
2025-03-30 12:30:00,932.9883719682276,0.0,460.0,0.0
2025-03-30 13:00:00,854.8358210620042,0.0,407.0,0.0
2025-03-30 13:30:00,380.50575691701164,0.0,183.0,0.0
2025-03-30 14:00:00,336.371261717032,0.0,192.0,0.0
2025-03-30 14:30:00,1220.1622987936407,0.0,437.0,0.0
2025-03-30 15:00:00,1585.8662567415902,0.0,476.0,0.0
2025-03-30 15:30:00,1537.9029806166254,0.0,474.99999999999994,0.0
2025-03-30 16:00:00,1278.163638653412,0.0,450.0,0.0
2025-03-30 16:30:00,1220.0564148428111,0.0,456.0,0.0
2025-03-30 17:00:00,1231.3271968215136,0.0,480.0,0.0
2025-03-30 17:30:00,1070.5724086992334,0.0,326.0,0.0
2025-03-30 18:00:00,1181.914662540086,0.0,396.00000000000006,0.0
2025-03-30 18:30:00,837.7117330275356,0.0,268.0,0.0
2025-03-30 19:00:00,948.2343651600477,0.0,279.0,0.0
2025-03-30 19:30:00,971.5566417425711,0.0,278.0,0.0
2025-03-30 20:00:00,778.3928690454495,0.0,193.0,0.0
2025-03-30 20:30:00,655.7560037426703,0.0,156.0,0.0
2025-03-30 21:00:00,919.8347659560163,0.0,261.0,0.0
2025-03-30 21:30:00,1081.339462648176,0.0,288.0,0.0
2025-03-30 22:00:00,953.0637480111924,0.0,269.0,0.0
2025-03-30 22:30:00,961.4187483288915,0.0,252.0,0.0
2025-03-30 23:00:00,915.0211157382699,0.0,274.0,0.0
2025-03-30 23:30:00,924.8803412474251,0.0,275.0,0.0
2025-03-31 00:00:00,856.4642746962817,0.0,204.0,0.0
2025-03-31 00:30:00,599.0326627733263,0.0,132.0,0.0
2025-03-31 01:00:00,615.3429139881296,0.0,118.0,0.0
2025-03-31 01:30:00,900.0658357089092,0.0,225.0,0.0
2025-03-31 02:00:00,935.7048732717392,0.0,246.0,0.0
2025-03-31 02:30:00,856.852804644456,0.0,242.0,0.0
2025-03-31 03:00:00,938.6447255571471,0.0,285.0,0.0
2025-03-31 03:30:00,904.3076723020948,0.0,251.0,0.0
2025-03-31 04:00:00,869.8112347197313,0.0,246.0,0.0
2025-03-31 04:30:00,865.4152620297754,0.0,216.0,0.0
2025-03-31 05:00:00,884.8645346747846,0.0,252.0,0.0
2025-03-31 05:30:00,948.2808522338396,0.0,241.0,0.0
2025-03-31 06:00:00,866.7525139218357,0.0,241.0,0.0
2025-03-31 06:30:00,709.2025089294972,0.0,176.0,0.0
2025-03-31 07:00:00,864.645286888073,0.0,241.99999999999997,0.0
2025-03-31 07:30:00,966.4998384088012,0.0,268.0,0.0
2025-03-31 08:00:00,744.6403197473211,0.0,207.00000000000003,0.0
2025-03-31 08:30:00,1005.5879796722515,0.0,326.0,0.0
2025-03-31 09:00:00,1312.505638961757,0.0,437.0,0.0
2025-03-31 09:30:00,1196.0306499054393,0.0,419.0,0.0
2025-03-31 10:00:00,1258.9066522542983,0.0,452.99999999999994,0.0
2025-03-31 10:30:00,1151.2176909879815,0.0,479.0,0.0
2025-03-31 11:00:00,1042.2514100533554,0.0,478.0,0.0
2025-03-31 11:30:00,1109.986318360401,0.0,446.0,0.0
2025-03-31 12:00:00,968.8316534956764,0.0,441.0,0.0
2025-03-31 12:30:00,930.3833084579221,0.0,433.0,0.0
2025-03-31 13:00:00,796.5963041646501,0.0,333.0,0.0
2025-03-31 13:30:00,531.2264382061549,0.0,236.0,0.0
2025-03-31 14:00:00,349.75136724064504,0.0,257.0,0.0
2025-03-31 14:30:00,1017.5687886206492,0.0,439.0,0.0
2025-03-31 15:00:00,1268.5783188760508,0.0,452.0,0.0
2025-03-31 15:30:00,1162.116012091384,0.0,441.0,0.0
2025-03-31 16:00:00,1195.439974586656,0.0,439.00000000000006,0.0
2025-03-31 16:30:00,1384.5750307635863,0.0,442.0,0.0
2025-03-31 17:00:00,1310.9905099788812,0.0,410.0,0.0
2025-03-31 17:30:00,721.5995726689617,0.0,274.0,0.0
2025-03-31 18:00:00,1343.6837352466177,0.0,431.0,0.0
2025-03-31 18:30:00,1291.3889218213328,0.0,406.0,0.0
2025-03-31 19:00:00,1367.6333879936194,0.0,457.0,0.0
2025-03-31 19:30:00,1311.52000232112,0.0,423.0,0.0
2025-03-31 20:00:00,1174.2768048950782,0.0,350.0,0.0
2025-03-31 20:30:00,1109.3718891109618,0.0,311.0,0.0
2025-03-31 21:00:00,1186.0148423430119,0.0,403.0,0.0
2025-03-31 21:30:00,1351.96771627009,0.0,413.0,0.0
2025-03-31 22:00:00,1588.7912073427867,0.0,435.0,0.0
2025-03-31 22:30:00,1393.7089843652514,0.0,446.0,0.0
2025-03-31 23:00:00,1323.045878198546,0.0,418.0,0.0
2025-03-31 23:30:00,1185.4116576416102,0.0,356.99999999999994,0.0
2025-04-01 00:00:00,1295.0085078510058,0.0,397.00000000000006,0.0
2025-04-01 00:30:00,1032.0202506874034,0.0,270.0,0.0
2025-04-01 01:00:00,830.7638495916249,0.0,248.0,0.0
2025-04-01 01:30:00,1073.411014871608,0.0,302.0,0.0
2025-04-01 02:00:00,1266.6574842346456,0.0,391.0,0.0
2025-04-01 02:30:00,1478.0808865565825,0.0,459.0,0.0
2025-04-01 03:00:00,1307.7084454254789,0.0,413.0,0.0
2025-04-01 03:30:00,1342.5670358467198,0.0,392.0,0.0
2025-04-01 04:00:00,1442.0484998924721,0.0,404.0,0.0
2025-04-01 04:30:00,1369.5846387450176,0.0,442.99999999999994,0.0
2025-04-01 05:00:00,1195.1662324017975,0.0,382.0,0.0
2025-04-01 05:30:00,1167.0279708430985,0.0,395.0,0.0
2025-04-01 06:00:00,1285.7231946961901,0.0,393.0,0.0
2025-04-01 06:30:00,925.0223245829188,0.0,244.0,0.0
2025-04-01 07:00:00,1231.1886982310352,0.0,343.0,0.0
2025-04-01 07:30:00,1215.6963626511076,0.0,359.99999999999994,0.0
2025-04-01 08:00:00,916.3280790660885,0.0,263.0,0.0
2025-04-01 08:30:00,1048.818665812882,0.0,321.0,0.0
2025-04-01 09:00:00,1310.892035708257,0.0,452.0,0.0
2025-04-01 09:30:00,1365.014379536846,0.0,503.0,0.0
2025-04-01 10:00:00,1101.3311115411057,0.0,459.0,0.0
2025-04-01 10:30:00,1092.5109843663897,0.0,472.00000000000006,0.0
2025-04-01 11:00:00,1193.4387580110829,0.0,456.0,0.0
2025-04-01 11:30:00,941.5278942823442,0.0,451.0,0.0
2025-04-01 12:00:00,1163.790944916907,0.0,462.0,0.0
2025-04-01 12:30:00,918.3452512906186,0.0,415.0,0.0
2025-04-01 13:00:00,819.5674461085924,0.0,329.0,0.0
2025-04-01 13:30:00,721.4156895963388,0.0,259.0,0.0
2025-04-01 14:00:00,890.3570254218715,0.0,273.0,0.0
2025-04-01 14:30:00,1376.164884728544,0.0,458.0,0.0
2025-04-01 15:00:00,1430.3293810784614,0.0,505.99999999999994,0.0
2025-04-01 15:30:00,1449.2959721739012,0.0,480.00000000000006,0.0
2025-04-01 16:00:00,1507.049350550797,0.0,513.0,0.0
2025-04-01 16:30:00,1501.2782193485052,0.0,488.0,0.0
2025-04-01 17:00:00,1388.4128254507891,0.0,448.99999999999994,0.0
2025-04-01 17:30:00,874.0276132609306,0.0,318.0,0.0
2025-04-01 18:00:00,1395.5056306730992,0.0,480.0,0.0
2025-04-01 18:30:00,1567.1452226560107,0.0,475.0,0.0
2025-04-01 19:00:00,1487.9437804246977,0.0,465.0,0.0
2025-04-01 19:30:00,1464.7294035667944,0.0,489.0,0.0
2025-04-01 20:00:00,1286.130412177634,0.0,388.0,0.0
2025-04-01 20:30:00,1116.1539502360934,0.0,329.0,0.0
2025-04-01 21:00:00,1357.7366582927748,0.0,408.0,0.0
2025-04-01 21:30:00,1389.2928181343946,0.0,459.00000000000006,0.0
2025-04-01 22:00:00,1469.7447043788375,0.0,402.99999999999994,0.0
2025-04-01 22:30:00,1424.6248411570107,0.0,399.0,0.0
2025-04-01 23:00:00,1457.9017423721293,0.0,433.99999999999994,0.0
2025-04-01 23:30:00,1386.9218131124221,0.0,451.99999999999994,0.0
2025-04-02 00:00:00,1278.1029908317646,0.0,380.0,0.0
2025-04-02 00:30:00,1011.3209061504773,0.0,278.0,0.0
2025-04-02 01:00:00,795.3540053746572,0.0,197.0,0.0
2025-04-02 01:30:00,1016.3362683359311,0.0,307.0,0.0
2025-04-02 02:00:00,1210.5453875060666,0.0,361.0,0.0
2025-04-02 02:30:00,1305.3462292427107,0.0,440.00000000000006,0.0
2025-04-02 03:00:00,1292.2151110359646,0.0,402.0,0.0
2025-04-02 03:30:00,1325.0634596374389,0.0,389.0,0.0
2025-04-02 04:00:00,1503.3076004124457,0.0,420.0,0.0
2025-04-02 04:30:00,1248.4095719198401,0.0,418.0,0.0
2025-04-02 05:00:00,1315.282925849094,0.0,399.0,0.0
2025-04-02 05:30:00,1240.929539037781,0.0,384.0,0.0
2025-04-02 06:00:00,1229.8023969373828,0.0,369.0,0.0
2025-04-02 06:30:00,821.0813396218168,0.0,201.0,0.0
2025-04-02 07:00:00,1232.6023191822253,0.0,368.0,0.0
2025-04-02 07:30:00,1214.2498373736646,0.0,357.0,0.0
2025-04-02 08:00:00,999.3592426889386,0.0,316.0,0.0
2025-04-02 08:30:00,1140.5899866873922,0.0,384.99999999999994,0.0
2025-04-02 09:00:00,1246.1409251829427,0.0,416.0,0.0
2025-04-02 09:30:00,1281.9244714451738,0.0,458.0,0.0
2025-04-02 10:00:00,1076.4764407157686,0.0,463.0,0.0
2025-04-02 10:30:00,1255.6431976164001,0.0,464.0,0.0
2025-04-02 11:00:00,1052.53145784347,0.0,417.0,0.0
2025-04-02 11:30:00,1066.602931367836,0.0,449.0,0.0
2025-04-02 12:00:00,804.079304649648,0.0,412.0,0.0
2025-04-02 12:30:00,785.2451608583594,0.0,428.0,0.0
2025-04-02 13:00:00,908.2613102050254,0.0,369.0,0.0
2025-04-02 13:30:00,672.4233106542539,0.0,259.0,0.0
2025-04-02 14:00:00,512.7494064629159,0.0,263.0,0.0
2025-04-02 14:30:00,1030.8872787291973,0.0,383.0,0.0
2025-04-02 15:00:00,1157.4426494048396,0.0,472.0,0.0
2025-04-02 15:30:00,1300.181664248345,0.0,424.00000000000006,0.0
2025-04-02 16:00:00,1358.205479131156,0.0,471.0,0.0
2025-04-02 16:30:00,1199.779107383948,0.0,479.0,0.0
2025-04-02 17:00:00,1401.6479916255414,0.0,466.0,0.0
2025-04-02 17:30:00,1046.1143022674771,0.0,306.0,0.0
2025-04-02 18:00:00,1484.8971535713154,0.0,502.99999999999994,0.0
2025-04-02 18:30:00,1425.3864421091218,0.0,504.0,0.0
2025-04-02 19:00:00,1585.0088461508976,0.0,508.99999999999994,0.0
2025-04-02 19:30:00,1527.1046103248732,0.0,502.0,0.0
2025-04-02 20:00:00,1329.5070761705406,0.0,360.99999999999994,0.0
2025-04-02 20:30:00,1238.4623620302352,0.0,352.0,0.0
2025-04-02 21:00:00,1594.4770982110758,0.0,413.0,0.0
2025-04-02 21:30:00,1258.5039194100052,0.0,418.99999999999994,0.0
2025-04-02 22:00:00,1397.4554889056942,0.0,420.0,0.0
2025-04-02 22:30:00,1532.308720730445,0.0,435.0,0.0
2025-04-02 23:00:00,1408.5756688759475,0.0,445.0,0.0
2025-04-02 23:30:00,1445.799027820858,0.0,464.0,0.0
2025-04-03 00:00:00,1477.681983604981,0.0,390.0,0.0
2025-04-03 00:30:00,1165.1321198433604,0.0,245.0,0.0
2025-04-03 01:00:00,826.0600259973065,0.0,226.0,0.0
2025-04-03 01:30:00,1154.3128702030604,0.0,358.0,0.0
2025-04-03 02:00:00,1194.0037005574573,0.0,368.0,0.0
2025-04-03 02:30:00,1601.5059279426036,0.0,435.0,0.0
2025-04-03 03:00:00,1575.488233013775,0.0,489.0,0.0
2025-04-03 03:30:00,1390.4663811914202,0.0,416.0,0.0
2025-04-03 04:00:00,1534.6437893782984,0.0,437.0,0.0
2025-04-03 04:30:00,1533.6934216422371,0.0,423.0,0.0
2025-04-03 05:00:00,1483.307354412187,0.0,421.0,0.0
2025-04-03 05:30:00,1323.3931166515817,0.0,374.00000000000006,0.0
2025-04-03 06:00:00,1191.892438553441,0.0,290.0,0.0
2025-04-03 06:30:00,834.3537489212172,0.0,187.0,0.0
2025-04-03 07:00:00,1212.6584146957769,0.0,341.0,0.0
2025-04-03 07:30:00,1276.8275376772078,0.0,356.00000000000006,0.0
2025-04-03 08:00:00,1132.6170307194263,0.0,263.0,0.0
2025-04-03 08:30:00,1037.603862796985,0.0,276.0,0.0
2025-04-03 09:00:00,1106.583044891804,0.0,328.0,0.0
2025-04-03 09:30:00,1083.1919375905609,0.0,363.0,0.0
2025-04-03 10:00:00,919.4265957528669,0.0,354.0,0.0
2025-04-03 10:30:00,867.8516388453131,0.0,385.0,0.0
2025-04-03 11:00:00,1043.863185196004,0.0,393.0,0.0
2025-04-03 11:30:00,1191.5621631284016,0.0,411.0,0.0
2025-04-03 12:00:00,1196.1702227486603,0.0,376.00000000000006,0.0
2025-04-03 12:30:00,924.4651082270569,0.0,391.0,0.0
2025-04-03 13:00:00,844.310439331482,0.0,319.0,0.0
2025-04-03 13:30:00,593.3427206412242,0.0,208.0,0.0
2025-04-03 14:00:00,470.1587957671157,0.0,258.0,0.0
2025-04-03 14:30:00,1016.7215882173663,0.0,416.0,0.0
2025-04-03 15:00:00,1357.3804995499884,0.0,474.00000000000006,0.0
2025-04-03 15:30:00,1272.3641995518385,0.0,483.99999999999994,0.0
2025-04-03 16:00:00,1120.6008130139144,0.0,451.0,0.0
2025-04-03 16:30:00,1253.8684334696743,0.0,457.99999999999994,0.0
2025-04-03 17:00:00,1186.732954261733,0.0,434.0,0.0
2025-04-03 17:30:00,769.4659230580222,0.0,221.0,0.0
2025-04-03 18:00:00,1278.6317368888483,0.0,449.0,0.0
2025-04-03 18:30:00,1686.4879568259312,0.0,455.0,0.0
2025-04-03 19:00:00,1517.058752155881,0.0,437.0,0.0
2025-04-03 19:30:00,1520.1918519611486,0.0,391.0,0.0
2025-04-03 20:00:00,1144.357839016913,0.0,294.0,0.0
2025-04-03 20:30:00,1169.3426754676186,0.0,309.0,0.0
2025-04-03 21:00:00,1317.3184910238315,0.0,377.99999999999994,0.0
2025-04-03 21:30:00,1257.7747762588333,0.0,392.0,0.0
2025-04-03 22:00:00,1244.9432567768174,0.0,383.0,0.0
2025-04-03 22:30:00,1367.7525750617988,0.0,372.99999999999994,0.0
2025-04-03 23:00:00,1313.6427980588605,0.0,370.99999999999994,0.0
2025-04-03 23:30:00,1259.9109683826314,0.0,311.0,0.0
2025-04-04 00:00:00,1309.9405401464846,0.0,370.0,0.0
2025-04-04 00:30:00,1053.290868302681,0.0,277.0,0.0
2025-04-04 01:00:00,808.5467346315695,0.0,191.0,0.0
2025-04-04 01:30:00,1038.301527880383,0.0,265.0,0.0
2025-04-04 02:00:00,1150.2682350663292,0.0,324.0,0.0
2025-04-04 02:30:00,1444.6935144587153,0.0,424.0,0.0
2025-04-04 03:00:00,1363.0160611417118,0.0,388.00000000000006,0.0
2025-04-04 03:30:00,1391.821703451017,0.0,408.0,0.0
2025-04-04 04:00:00,1407.2184890771389,0.0,386.0,0.0
2025-04-04 04:30:00,1205.5723447469406,0.0,381.99999999999994,0.0
2025-04-04 05:00:00,1256.5321597588584,0.0,405.00000000000006,0.0
2025-04-04 05:30:00,1235.7354874961898,0.0,376.0,0.0
2025-04-04 06:00:00,1131.0794883628416,0.0,335.0,0.0
2025-04-04 06:30:00,808.5107358069001,0.0,173.0,0.0
2025-04-04 07:00:00,1125.1224451832043,0.0,314.0,0.0
2025-04-04 07:30:00,1330.2037361732018,0.0,369.0,0.0
2025-04-04 08:00:00,1070.1728156027455,0.0,299.0,0.0
2025-04-04 08:30:00,1064.299430844593,0.0,285.0,0.0
2025-04-04 09:00:00,1330.1657275764128,0.0,410.0,0.0
2025-04-04 09:30:00,1304.9375269684244,0.0,435.0,0.0
2025-04-04 10:00:00,1402.6657157036802,0.0,452.0,0.0
2025-04-04 10:30:00,1400.6355138179622,0.0,438.0,0.0
2025-04-04 11:00:00,1487.617822606321,0.0,447.0,0.0
2025-04-04 11:30:00,1334.0657100491103,0.0,439.0,0.0
2025-04-04 12:00:00,1118.6301074805533,0.0,400.0,0.0
2025-04-04 12:30:00,1051.9576581079436,0.0,403.0,0.0
2025-04-04 13:00:00,853.1451171622813,0.0,303.0,0.0
2025-04-04 13:30:00,586.9556883631,0.0,182.0,0.0
2025-04-04 14:00:00,794.1046312091215,0.0,221.99999999999997,0.0
2025-04-04 14:30:00,1022.9466889374678,0.0,331.0,0.0
2025-04-04 15:00:00,1110.157210345523,0.0,410.0,0.0
2025-04-04 15:30:00,1127.61236099463,0.0,428.0,0.0
2025-04-04 16:00:00,1321.459574288879,0.0,440.0,0.0
2025-04-04 16:30:00,1203.7223358845831,0.0,446.0,0.0
2025-04-04 17:00:00,1256.6408426827013,0.0,440.0,0.0
2025-04-04 17:30:00,857.3098745881604,0.0,246.00000000000003,0.0
2025-04-04 18:00:00,1291.475267671281,0.0,425.0,0.0
2025-04-04 18:30:00,1452.8382835751302,0.0,432.0,0.0
2025-04-04 19:00:00,1492.017106913046,0.0,430.0,0.0
2025-04-04 19:30:00,1384.3908244729614,0.0,393.99999999999994,0.0
2025-04-04 20:00:00,1163.445006666185,0.0,348.0,0.0
2025-04-04 20:30:00,1174.2063574540289,0.0,336.0,0.0
2025-04-04 21:00:00,1349.6474519541007,0.0,414.0,0.0
2025-04-04 21:30:00,1307.5342119098232,0.0,432.0,0.0
2025-04-04 22:00:00,1381.0960070986048,0.0,460.0,0.0
2025-04-04 22:30:00,1364.3869713426702,0.0,452.0,0.0
2025-04-04 23:00:00,1353.388323390353,0.0,443.0,0.0
2025-04-04 23:30:00,1349.5043160649811,0.0,426.0,0.0
2025-04-05 00:00:00,1397.8075052002052,0.0,407.0,0.0
2025-04-05 00:30:00,1201.6014584105765,0.0,282.0,0.0
2025-04-05 01:00:00,886.519467407675,0.0,211.0,0.0
2025-04-05 01:30:00,1034.2697218973874,0.0,262.0,0.0
2025-04-05 02:00:00,1178.411112532352,0.0,353.0,0.0
2025-04-05 02:30:00,1279.450396948323,0.0,378.0,0.0
2025-04-05 03:00:00,1397.3409167729326,0.0,429.0,0.0
2025-04-05 03:30:00,1531.5594312957517,0.0,405.0,0.0
2025-04-05 04:00:00,1361.037163966847,0.0,426.0,0.0
2025-04-05 04:30:00,1388.615446605237,0.0,413.0,0.0
2025-04-05 05:00:00,1285.0339703919647,0.0,381.0,0.0
2025-04-05 05:30:00,1292.6195441286577,0.0,391.0,0.0
2025-04-05 06:00:00,1256.8578924685326,0.0,360.0,0.0
2025-04-05 06:30:00,852.0208971378197,0.0,175.0,0.0
2025-04-05 07:00:00,1208.5082613420107,0.0,324.00000000000006,0.0
2025-04-05 07:30:00,1063.8019305953458,0.0,363.0,0.0
2025-04-05 08:00:00,951.1199117966519,0.0,249.99999999999997,0.0
2025-04-05 08:30:00,1022.2630830187767,0.0,302.0,0.0
2025-04-05 09:00:00,1265.7470695175816,0.0,450.99999999999994,0.0
2025-04-05 09:30:00,989.5137819009585,0.0,429.0,0.0
2025-04-05 10:00:00,1009.9427339002243,0.0,433.0,0.0
2025-04-05 10:30:00,1010.1784859103311,0.0,461.0,0.0
2025-04-05 11:00:00,958.2312397002576,0.0,426.0,0.0
2025-04-05 11:30:00,879.4780553293457,0.0,407.0,0.0
2025-04-05 12:00:00,1207.7562686121978,0.0,417.0,0.0
2025-04-05 12:30:00,754.4882946404305,0.0,367.0,0.0
2025-04-05 13:00:00,822.3054380116916,0.0,365.0,0.0
2025-04-05 13:30:00,370.69291302471584,0.0,170.0,0.0
2025-04-05 14:00:00,119.60395496986116,4.0,132.0,0.0
2025-04-05 14:30:00,539.7920281359553,0.0,294.0,0.0
2025-04-05 15:00:00,734.6939069041257,0.0,286.0,0.0
2025-04-05 15:30:00,639.6438115963578,0.0,275.0,0.0
2025-04-05 16:00:00,685.0843976548767,0.0,292.0,0.0
2025-04-05 16:30:00,914.3807417625136,0.0,284.0,0.0
2025-04-05 17:00:00,813.508433438584,0.0,277.0,0.0
2025-04-05 17:30:00,497.0809078688702,0.0,143.0,0.0
2025-04-05 18:00:00,784.0112116569925,0.0,241.0,0.0
2025-04-05 18:30:00,911.2077536528711,0.0,231.00000000000003,0.0
2025-04-05 19:00:00,900.4234148506439,0.0,265.0,0.0
2025-04-05 19:30:00,872.8920418252908,0.0,213.0,0.0
2025-04-05 20:00:00,704.2543139736124,0.0,138.0,0.0
2025-04-05 20:30:00,1094.9802342340772,0.0,256.0,0.0
2025-04-05 21:00:00,1417.5054383983547,0.0,377.99999999999994,0.0
2025-04-05 21:30:00,1277.7560262772238,0.0,397.0,0.0
2025-04-05 22:00:00,1309.8544760440861,0.0,400.0,0.0
2025-04-05 22:30:00,1215.453932009841,0.0,371.99999999999994,0.0
2025-04-05 23:00:00,1401.9484954094398,0.0,377.0,0.0
2025-04-05 23:30:00,1288.201399756401,0.0,379.0,0.0
2025-04-06 00:00:00,1459.4870595830675,0.0,411.0,0.0
2025-04-06 00:30:00,1030.0516127838569,0.0,319.0,0.0
2025-04-06 01:00:00,924.6801224136581,0.0,253.00000000000003,0.0
2025-04-06 01:30:00,1059.0488790561865,0.0,282.0,0.0
2025-04-06 02:00:00,1038.0805708274213,0.0,276.0,0.0
2025-04-06 02:30:00,1171.6617118505947,0.0,368.0,0.0
2025-04-06 03:00:00,1196.1052028007905,0.0,344.0,0.0
2025-04-06 03:30:00,1208.5076697451589,0.0,352.0,0.0
2025-04-06 04:00:00,1229.0397361586718,0.0,338.0,0.0
2025-04-06 04:30:00,1231.0542393248415,0.0,330.0,0.0
2025-04-06 05:00:00,888.7572295596208,0.0,247.00000000000003,0.0
2025-04-06 05:30:00,903.5331360638155,0.0,228.00000000000003,0.0
2025-04-06 06:00:00,929.1222092326656,0.0,246.99999999999997,0.0
2025-04-06 06:30:00,688.8769884877385,0.0,142.0,0.0
2025-04-06 07:00:00,858.7103253893672,0.0,229.0,0.0
2025-04-06 07:30:00,751.0579473155535,0.0,195.0,0.0
2025-04-06 08:00:00,652.8572907090413,0.0,168.99999999999997,0.0
2025-04-06 08:30:00,626.9458894236515,0.0,173.0,0.0
2025-04-06 09:00:00,839.4703981584469,0.0,266.0,0.0
2025-04-06 09:30:00,1112.1505860516104,0.0,423.0,0.0
2025-04-06 10:00:00,1127.5766046175827,0.0,425.0,0.0
2025-04-06 10:30:00,1204.555648542611,0.0,439.0,0.0
2025-04-06 11:00:00,1001.2324110624611,0.0,413.0,0.0
2025-04-06 11:30:00,912.2722725159246,0.0,397.0,0.0
2025-04-06 12:00:00,908.2150083424434,0.0,445.0,0.0
2025-04-06 12:30:00,904.3132771281096,0.0,456.0,0.0
2025-04-06 13:00:00,831.2341609992699,0.0,354.0,0.0
2025-04-06 13:30:00,319.185408632039,0.0,164.99999999999997,0.0
2025-04-06 14:00:00,374.1877421536307,0.0,175.0,0.0
2025-04-06 14:30:00,983.2237243211999,0.0,408.0,0.0
2025-04-06 15:00:00,1218.3336709449661,0.0,428.0,0.0
2025-04-06 15:30:00,1289.8973196495094,0.0,454.0,0.0
2025-04-06 16:00:00,1610.5684373576921,0.0,518.0,0.0
2025-04-06 16:30:00,1386.8188858838294,0.0,462.0,0.0
2025-04-06 17:00:00,1440.6380830266337,0.0,444.0,0.0
2025-04-06 17:30:00,1043.5828999444793,0.0,292.0,0.0
2025-04-06 18:00:00,1172.0187011635196,0.0,364.0,0.0
2025-04-06 18:30:00,986.9725605318332,0.0,288.0,0.0
2025-04-06 19:00:00,1056.4506785936396,0.0,279.0,0.0
2025-04-06 19:30:00,889.6588549707154,0.0,217.0,0.0
2025-04-06 20:00:00,663.4190165616966,0.0,165.0,0.0
2025-04-06 20:30:00,736.246829241466,0.0,188.0,0.0
2025-04-06 21:00:00,925.1748454286366,0.0,282.0,0.0
2025-04-06 21:30:00,978.1023191387563,0.0,263.0,0.0
2025-04-06 22:00:00,869.0065506791348,0.0,225.0,0.0
2025-04-06 22:30:00,1015.8173882068642,0.0,270.0,0.0
2025-04-06 23:00:00,968.2884002733246,0.0,261.0,0.0
2025-04-06 23:30:00,905.4298169667961,0.0,281.0,0.0
2025-04-07 00:00:00,1011.4100448762211,0.0,273.0,0.0
2025-04-07 00:30:00,646.1870337528269,0.0,157.0,0.0
2025-04-07 01:00:00,643.4530129109858,0.0,136.0,0.0
2025-04-07 01:30:00,742.3454767890593,0.0,233.0,0.0
2025-04-07 02:00:00,1066.3257066444141,0.0,283.0,0.0
2025-04-07 02:30:00,979.9393745386309,0.0,274.0,0.0
2025-04-07 03:00:00,926.1623920002505,0.0,259.0,0.0
2025-04-07 03:30:00,1036.430728821654,0.0,254.0,0.0
2025-04-07 04:00:00,961.3655529267469,0.0,286.0,0.0
2025-04-07 04:30:00,981.7555081853291,0.0,300.0,0.0
2025-04-07 05:00:00,1015.1490293890222,0.0,263.0,0.0
2025-04-07 05:30:00,992.7212549407204,0.0,269.0,0.0
2025-04-07 06:00:00,937.579369816843,0.0,252.0,0.0
2025-04-07 06:30:00,753.2735155044572,0.0,171.0,0.0
2025-04-07 07:00:00,852.8691707349064,0.0,224.00000000000003,0.0
2025-04-07 07:30:00,973.6374393221174,0.0,236.0,0.0
2025-04-07 08:00:00,767.7560018573806,0.0,213.0,0.0
2025-04-07 08:30:00,865.1152268664016,0.0,323.0,0.0
2025-04-07 09:00:00,1030.2018350652197,0.0,408.0,0.0
2025-04-07 09:30:00,1170.4587506932094,0.0,455.0,0.0
2025-04-07 10:00:00,1021.9372657850284,0.0,407.0,0.0
2025-04-07 10:30:00,874.5577293730876,0.0,427.0,0.0
2025-04-07 11:00:00,820.4630918803914,0.0,394.0,0.0
2025-04-07 11:30:00,930.2167145271135,0.0,424.0,0.0
2025-04-07 12:00:00,1129.5971842025215,0.0,465.0,0.0
2025-04-07 12:30:00,838.1624531483537,0.0,407.0,0.0
2025-04-07 13:00:00,595.5686912383348,0.0,332.0,0.0
2025-04-07 13:30:00,499.36642541097683,0.0,276.0,0.0
2025-04-07 14:00:00,539.574211126199,0.0,295.0,0.0
2025-04-07 14:30:00,939.9554370170691,0.0,453.0,0.0
2025-04-07 15:00:00,1010.8131378897016,0.0,405.0,0.0
2025-04-07 15:30:00,1260.251314874366,0.0,449.00000000000006,0.0
2025-04-07 16:00:00,1512.5293964052603,0.0,514.0,0.0
2025-04-07 16:30:00,1624.7331305864946,0.0,472.0,0.0
2025-04-07 17:00:00,1625.1024300281151,0.0,503.0,0.0
2025-04-07 17:30:00,1013.2396798057719,0.0,329.0,0.0
2025-04-07 18:00:00,1201.5079796110708,0.0,452.0,0.0
2025-04-07 18:30:00,1541.2472676753298,0.0,471.0,0.0
2025-04-07 19:00:00,1473.7623668549104,0.0,500.0,0.0
2025-04-07 19:30:00,1340.0366345563011,0.0,480.0,0.0
2025-04-07 20:00:00,1095.524221883992,0.0,341.0,0.0
2025-04-07 20:30:00,1076.548721274063,0.0,353.0,0.0
2025-04-07 21:00:00,1345.07747262549,0.0,397.0,0.0
2025-04-07 21:30:00,1439.4176624872705,0.0,462.99999999999994,0.0
2025-04-07 22:00:00,1562.1097214567867,0.0,475.99999999999994,0.0
2025-04-07 22:30:00,1424.5532404910482,0.0,441.0,0.0
2025-04-07 23:00:00,1339.759941542409,0.0,428.0,0.0
2025-04-07 23:30:00,1391.892445716207,0.0,457.0,0.0
2025-04-08 00:00:00,1270.8439981344668,0.0,416.99999999999994,0.0
2025-04-08 00:30:00,984.5249614087754,0.0,267.0,0.0
2025-04-08 01:00:00,925.7501150691932,0.0,229.0,0.0
2025-04-08 01:30:00,1119.8221085090906,0.0,285.0,0.0
2025-04-08 02:00:00,1304.4888167306622,0.0,400.0,0.0
2025-04-08 02:30:00,1375.9263952771496,0.0,430.0,0.0
2025-04-08 03:00:00,1387.1459741076485,0.0,426.0,0.0
2025-04-08 03:30:00,1405.6846958116805,0.0,413.0,0.0
2025-04-08 04:00:00,1519.698102043815,0.0,391.0,0.0
2025-04-08 04:30:00,1410.904461371412,0.0,407.0,0.0
2025-04-08 05:00:00,1320.2980544372567,0.0,432.00000000000006,0.0
2025-04-08 05:30:00,1460.3465713199398,0.0,386.0,0.0
2025-04-08 06:00:00,1324.3674541385262,0.0,404.0,0.0
2025-04-08 06:30:00,880.468537507541,0.0,193.0,0.0
2025-04-08 07:00:00,1336.109567649219,0.0,356.0,0.0
2025-04-08 07:30:00,1332.3898141904804,0.0,404.0,0.0
2025-04-08 08:00:00,1234.0884216355166,0.0,351.0,0.0
2025-04-08 08:30:00,1042.6811282404408,0.0,302.0,0.0
2025-04-08 09:00:00,1381.6573736927692,0.0,485.0,0.0
2025-04-08 09:30:00,1451.5230212255324,0.0,450.0,0.0
2025-04-08 10:00:00,1551.1879415645903,0.0,463.99999999999994,0.0
2025-04-08 10:30:00,1540.4279212803897,0.0,470.0,0.0
2025-04-08 11:00:00,1322.9313271184976,0.0,472.0,0.0
2025-04-08 11:30:00,1321.1868628234033,0.0,472.0,0.0
2025-04-08 12:00:00,1083.22879587864,0.0,426.0,0.0
2025-04-08 12:30:00,1151.4981999247416,0.0,426.0,0.0
2025-04-08 13:00:00,998.1407998599532,0.0,342.0,0.0
2025-04-08 13:30:00,722.1643652873197,0.0,197.0,0.0
2025-04-08 14:00:00,642.8403210397653,0.0,238.0,0.0
2025-04-08 14:30:00,1120.5710420938105,0.0,429.00000000000006,0.0
2025-04-08 15:00:00,1222.2423203822134,0.0,412.0,0.0
2025-04-08 15:30:00,1193.9058301370387,0.0,432.0,0.0
2025-04-08 16:00:00,1274.51272977521,0.0,411.0,0.0
2025-04-08 16:30:00,1251.180081556281,0.0,434.00000000000006,0.0
2025-04-08 17:00:00,1154.0593322824257,0.0,421.0,0.0
2025-04-08 17:30:00,879.2806113612703,0.0,274.0,0.0
2025-04-08 18:00:00,1401.0281304005534,0.0,448.0,0.0
2025-04-08 18:30:00,1624.4217538986775,0.0,490.99999999999994,0.0
2025-04-08 19:00:00,1513.782036978659,0.0,445.0,0.0
2025-04-08 19:30:00,1455.4738839596403,0.0,424.0,0.0
2025-04-08 20:00:00,1231.140488344789,0.0,294.0,0.0
2025-04-08 20:30:00,1143.8070647970367,0.0,304.0,0.0
2025-04-08 21:00:00,1241.9259297620115,0.0,388.0,0.0
2025-04-08 21:30:00,1328.49785410451,0.0,368.0,0.0
2025-04-08 22:00:00,1521.9786034608676,0.0,424.0,0.0
2025-04-08 22:30:00,1427.0326921026901,0.0,372.0,0.0
2025-04-08 23:00:00,1564.2102163958523,0.0,449.0,0.0
2025-04-08 23:30:00,1414.462808467116,0.0,434.0,0.0
2025-04-09 00:00:00,1299.5143943859289,0.0,382.0,0.0
2025-04-09 00:30:00,936.1843379214768,0.0,253.0,0.0
2025-04-09 01:00:00,840.0674851284983,0.0,218.0,0.0
2025-04-09 01:30:00,1238.5146312417046,0.0,288.0,0.0
2025-04-09 02:00:00,1285.2522956265161,0.0,359.99999999999994,0.0
2025-04-09 02:30:00,1502.0193708888653,0.0,431.0,0.0
2025-04-09 03:00:00,1292.539851321456,0.0,405.00000000000006,0.0
2025-04-09 03:30:00,1366.1996717008594,0.0,394.0,0.0
2025-04-09 04:00:00,1404.8995355226907,0.0,424.00000000000006,0.0
2025-04-09 04:30:00,1391.204947636344,0.0,406.0,0.0
2025-04-09 05:00:00,1206.6773957468313,0.0,351.0,0.0
2025-04-09 05:30:00,1342.8226957137506,0.0,367.99999999999994,0.0
2025-04-09 06:00:00,1346.816748224928,0.0,333.0,0.0
2025-04-09 06:30:00,846.5658411463412,0.0,211.99999999999997,0.0
2025-04-09 07:00:00,1208.9321416345754,0.0,374.0,0.0
2025-04-09 07:30:00,1209.9523696100705,0.0,353.0,0.0
2025-04-09 08:00:00,873.2066100442894,0.0,279.0,0.0
2025-04-09 08:30:00,923.2240617641382,0.0,312.0,0.0
2025-04-09 09:00:00,1119.4586515064423,0.0,398.0,0.0
2025-04-09 09:30:00,944.2000725983924,0.0,398.0,0.0
2025-04-09 10:00:00,1139.3735994402873,0.0,448.0,0.0
2025-04-09 10:30:00,1019.4359613262052,0.0,457.0,0.0
2025-04-09 11:00:00,1088.8120180961696,0.0,486.0,0.0
2025-04-09 11:30:00,1136.4502864221324,0.0,481.0,0.0
2025-04-09 12:00:00,1076.2599969695004,0.0,477.0,0.0
2025-04-09 12:30:00,801.8315237215131,0.0,404.0,0.0
2025-04-09 13:00:00,771.2432457550398,0.0,367.0,0.0
2025-04-09 13:30:00,574.7313825654273,0.0,243.0,0.0
2025-04-09 14:00:00,576.9103515952116,0.0,303.99999999999994,0.0
2025-04-09 14:30:00,1330.3988095036857,0.0,480.99999999999994,0.0
2025-04-09 15:00:00,1465.373252481958,0.0,494.0,0.0
2025-04-09 15:30:00,1211.9791238139876,0.0,518.0,0.0
2025-04-09 16:00:00,1374.861539343099,0.0,484.00000000000006,0.0
2025-04-09 16:30:00,1440.6628027051406,0.0,527.0,0.0
2025-04-09 17:00:00,1390.3665593099233,0.0,484.0,0.0
2025-04-09 17:30:00,979.4915259518485,0.0,352.0,0.0
2025-04-09 18:00:00,1408.695506948562,0.0,485.99999999999994,0.0
2025-04-09 18:30:00,1563.8052926064101,0.0,511.0,0.0
2025-04-09 19:00:00,1584.0481340276513,0.0,468.0,0.0
2025-04-09 19:30:00,1460.2575243152473,0.0,447.0,0.0
2025-04-09 20:00:00,1163.7071715988154,0.0,373.0,0.0
2025-04-09 20:30:00,1086.8963280754624,0.0,318.0,0.0
2025-04-09 21:00:00,1289.504810513271,0.0,367.0,0.0
2025-04-09 21:30:00,1279.0992781225943,0.0,430.00000000000006,0.0
2025-04-09 22:00:00,1316.7518104712572,0.0,398.0,0.0
2025-04-09 22:30:00,1370.6746561725358,0.0,391.0,0.0
2025-04-09 23:00:00,1380.8899081239283,0.0,432.0,0.0
2025-04-09 23:30:00,1510.856196180924,0.0,382.99999999999994,0.0
2025-04-10 00:00:00,1438.8971655578564,0.0,390.00000000000006,0.0
2025-04-10 00:30:00,1130.0983710317762,0.0,245.0,0.0
2025-04-10 01:00:00,887.9039346855564,0.0,226.0,0.0
2025-04-10 01:30:00,1421.6085224571875,0.0,358.0,0.0
2025-04-10 02:00:00,1208.1113809488588,0.0,367.99999999999994,0.0
2025-04-10 02:30:00,1472.782932710808,0.0,435.00000000000006,0.0
2025-04-10 03:00:00,1510.1167392178786,0.0,489.0,0.0
2025-04-10 03:30:00,1427.4837906900052,0.0,416.0,0.0
2025-04-10 04:00:00,1354.1710652288898,0.0,437.0,0.0
2025-04-10 04:30:00,1485.2575817255383,0.0,423.0,0.0
2025-04-10 05:00:00,1343.2597746663566,0.0,421.0,0.0
2025-04-10 05:30:00,1390.852868696088,0.0,374.0,0.0
2025-04-10 06:00:00,1096.5463974471345,0.0,290.0,0.0
2025-04-10 06:30:00,828.1056052744864,0.0,187.0,0.0
2025-04-10 07:00:00,1264.5521556457509,0.0,341.0,0.0
2025-04-10 07:30:00,1461.3605490475788,0.0,356.0,0.0
2025-04-10 08:00:00,1024.2005268114178,0.0,263.0,0.0
2025-04-10 08:30:00,1017.0977338913916,0.0,276.0,0.0
2025-04-10 09:00:00,1014.0266749134328,0.0,328.0,0.0
2025-04-10 09:30:00,971.1888583993948,0.0,363.0,0.0
2025-04-10 10:00:00,866.6690985511688,0.0,354.0,0.0
2025-04-10 10:30:00,927.0874394953566,0.0,385.0,0.0
2025-04-10 11:00:00,968.0363284358702,0.0,393.0,0.0
2025-04-10 11:30:00,1295.410608575075,0.0,411.0,0.0
2025-04-10 12:00:00,1080.4136222219495,0.0,376.0,0.0
2025-04-10 12:30:00,864.376839730009,0.0,391.0,0.0
2025-04-10 13:00:00,800.891178857347,0.0,319.0,0.0
2025-04-10 13:30:00,561.4019893937557,0.0,208.0,0.0
2025-04-10 14:00:00,491.4016219258661,0.0,258.0,0.0
2025-04-10 14:30:00,945.6487507377481,0.0,416.0,0.0
2025-04-10 15:00:00,1248.010466919551,0.0,474.0,0.0
2025-04-10 15:30:00,1203.3726617722564,0.0,484.00000000000006,0.0
2025-04-10 16:00:00,1095.62739899952,0.0,451.0,0.0
2025-04-10 16:30:00,1310.9291413675578,0.0,457.99999999999994,0.0
2025-04-10 17:00:00,1298.7075840230195,0.0,434.0,0.0
2025-04-10 17:30:00,802.9718619489478,0.0,221.0,0.0
2025-04-10 18:00:00,1363.52538234093,0.0,449.0,0.0
2025-04-10 18:30:00,1619.017579182237,0.0,455.0,0.0
2025-04-10 19:00:00,1470.0218706134804,0.0,437.0,0.0
2025-04-10 19:30:00,1316.3077397607685,0.0,391.0,0.0
2025-04-10 20:00:00,1153.3927332906812,0.0,294.0,0.0
2025-04-10 20:30:00,1093.930465760355,0.0,309.0,0.0
2025-04-10 21:00:00,1320.773102460376,0.0,378.0,0.0
2025-04-10 21:30:00,1317.1816816616536,0.0,391.99999999999994,0.0
2025-04-10 22:00:00,1324.5307409636482,0.0,383.00000000000006,0.0
2025-04-10 22:30:00,1317.9816328713057,0.0,373.0,0.0
2025-04-10 23:00:00,1360.542830547333,0.0,371.0,0.0
2025-04-10 23:30:00,1204.429804005881,0.0,311.0,0.0
2025-04-11 00:00:00,1201.5087668674112,0.0,377.0,0.0
2025-04-11 00:30:00,1083.1860115928464,0.0,233.0,0.0
2025-04-11 01:00:00,798.0575659405669,0.0,188.0,0.0
2025-04-11 01:30:00,1024.5074140865759,0.0,275.0,0.0
2025-04-11 02:00:00,1330.472776869713,0.0,368.0,0.0
2025-04-11 02:30:00,1354.8785890697786,0.0,404.0,0.0
2025-04-11 03:00:00,1420.60582261067,0.0,401.99999999999994,0.0
2025-04-11 03:30:00,1270.5789609341573,0.0,362.0,0.0
2025-04-11 04:00:00,1321.23598906443,0.0,395.0,0.0
2025-04-11 04:30:00,1500.764193976537,0.0,407.99999999999994,0.0
2025-04-11 05:00:00,1404.2005496658364,0.0,387.0,0.0
2025-04-11 05:30:00,1359.6641539217585,0.0,401.0,0.0
2025-04-11 06:00:00,1237.5218181390308,0.0,386.00000000000006,0.0
2025-04-11 06:30:00,766.7046724244673,0.0,179.0,0.0
2025-04-11 07:00:00,1149.8217386298836,0.0,302.0,0.0
2025-04-11 07:30:00,1387.3828152872763,0.0,381.00000000000006,0.0
2025-04-11 08:00:00,930.3594271728855,0.0,255.99999999999997,0.0
2025-04-11 08:30:00,866.6918009610342,0.0,285.0,0.0
2025-04-11 09:00:00,1184.6159904525314,0.0,403.0,0.0
2025-04-11 09:30:00,1141.2664714482237,0.0,400.0,0.0
2025-04-11 10:00:00,1205.6551159646156,0.0,462.0,0.0
2025-04-11 10:30:00,1033.5412413954239,0.0,431.0,0.0
2025-04-11 11:00:00,1036.0643647772638,0.0,457.0,0.0
2025-04-11 11:30:00,1011.4876980253586,0.0,425.0,0.0
2025-04-11 12:00:00,1084.5719896485791,0.0,464.0,0.0
2025-04-11 12:30:00,1020.696657838002,0.0,415.0,0.0
2025-04-11 13:00:00,654.3767866759422,0.0,290.0,0.0
2025-04-11 13:30:00,547.2459292979205,0.0,247.0,0.0
2025-04-11 14:00:00,549.9301235141315,0.0,288.0,0.0
2025-04-11 14:30:00,899.8980345262257,0.0,367.0,0.0
2025-04-11 15:00:00,966.8395750180316,0.0,428.0,0.0
2025-04-11 15:30:00,1184.1694778849533,0.0,434.99999999999994,0.0
2025-04-11 16:00:00,1264.6801107478273,0.0,447.0,0.0
2025-04-11 16:30:00,1301.8775347135597,0.0,464.0,0.0
2025-04-11 17:00:00,1300.2250577816626,0.0,414.0,0.0
2025-04-11 17:30:00,814.5434224147257,0.0,237.0,0.0
2025-04-11 18:00:00,1340.6863969441088,0.0,422.0,0.0
2025-04-11 18:30:00,1509.0686565997737,0.0,416.99999999999994,0.0
2025-04-11 19:00:00,1511.3660560645433,0.0,458.0,0.0
2025-04-11 19:30:00,1381.5621059493274,0.0,385.0,0.0
2025-04-11 20:00:00,1036.232796158495,0.0,278.0,0.0
2025-04-11 20:30:00,1212.2633347623366,0.0,279.0,0.0
2025-04-11 21:00:00,1427.1812990084095,0.0,406.0,0.0
2025-04-11 21:30:00,1307.3580602333861,0.0,450.0,0.0
2025-04-11 22:00:00,1337.972005059502,0.0,399.0,0.0
2025-04-11 22:30:00,1417.3839843959029,0.0,424.0,0.0
2025-04-11 23:00:00,1504.1263563859752,0.0,452.0,0.0
2025-04-11 23:30:00,1521.309514327301,0.0,448.0,0.0
2025-04-12 00:00:00,1416.162178855768,0.0,411.00000000000006,0.0
2025-04-12 00:30:00,1028.113671483961,0.0,297.0,0.0
2025-04-12 01:00:00,918.2926303262585,0.0,238.0,0.0
2025-04-12 01:30:00,997.7439647952204,0.0,288.0,0.0
2025-04-12 02:00:00,1217.0834714877135,0.0,362.0,0.0
2025-04-12 02:30:00,1427.4623817658494,0.0,443.00000000000006,0.0
2025-04-12 03:00:00,1334.5523475414998,0.0,432.0,0.0
2025-04-12 03:30:00,1264.796696392027,0.0,384.00000000000006,0.0
2025-04-12 04:00:00,1422.6832429576323,0.0,414.0,0.0
2025-04-12 04:30:00,1481.1422749499086,0.0,438.0,0.0
2025-04-12 05:00:00,1560.9435098106837,0.0,462.0,0.0
2025-04-12 05:30:00,1289.362943585684,0.0,440.00000000000006,0.0
2025-04-12 06:00:00,1213.128932864729,0.0,407.0,0.0
2025-04-12 06:30:00,998.8142245843866,0.0,269.0,0.0
2025-04-12 07:00:00,1446.0004399948414,0.0,453.0,0.0
2025-04-12 07:30:00,1267.5824826877797,0.0,383.0,0.0
2025-04-12 08:00:00,1053.8843747063622,0.0,323.0,0.0
2025-04-12 08:30:00,1052.093171870577,0.0,345.0,0.0
2025-04-12 09:00:00,1154.3339202199297,0.0,414.0,0.0
2025-04-12 09:30:00,1104.0506017378038,0.0,443.0,0.0
2025-04-12 10:00:00,1199.875426829775,0.0,456.99999999999994,0.0
2025-04-12 10:30:00,1043.6889015450938,0.0,439.0,0.0
2025-04-12 11:00:00,1121.2847543892774,0.0,504.0,0.0
2025-04-12 11:30:00,1144.608132005076,0.0,455.0,0.0
2025-04-12 12:00:00,1013.3224925683002,0.0,451.0,0.0
2025-04-12 12:30:00,1108.3889100172464,0.0,458.0,0.0
2025-04-12 13:00:00,1099.921415682114,0.0,433.0,0.0
2025-04-12 13:30:00,465.73154700375954,0.0,254.99999999999997,0.0
2025-04-12 14:00:00,280.00297557593075,0.0,210.0,0.0
2025-04-12 14:30:00,830.6331425407194,0.0,407.0,0.0
2025-04-12 15:00:00,1092.6061776340905,0.0,455.0,0.0
2025-04-12 15:30:00,1008.9700145752455,0.0,466.0,0.0
2025-04-12 16:00:00,1057.0861656900765,0.0,457.0,0.0
2025-04-12 16:30:00,1002.774508421262,0.0,364.0,0.0
2025-04-12 17:00:00,831.0618185100229,0.0,280.0,0.0
2025-04-12 17:30:00,720.2621115576494,0.0,185.0,0.0
2025-04-12 18:00:00,986.138884991103,0.0,306.0,0.0
2025-04-12 18:30:00,1168.8818268007396,0.0,329.0,0.0
2025-04-12 19:00:00,997.5978252087699,0.0,308.0,0.0
2025-04-12 19:30:00,843.3927415324947,0.0,261.0,0.0
2025-04-12 20:00:00,773.9901628754587,0.0,211.0,0.0
2025-04-12 20:30:00,961.3923064092805,0.0,287.0,0.0
2025-04-12 21:00:00,1332.4630129940347,0.0,449.0,0.0
2025-04-12 21:30:00,1465.279983162382,0.0,465.0,0.0
2025-04-12 22:00:00,1598.8903601823188,0.0,450.99999999999994,0.0
2025-04-12 22:30:00,1477.9975564395133,0.0,410.0,0.0
2025-04-12 23:00:00,1484.4606747624396,0.0,448.0,0.0
2025-04-12 23:30:00,1507.6545783308027,0.0,399.00000000000006,0.0
2025-04-13 00:00:00,1169.728573754893,0.0,365.0,0.0
2025-04-13 00:30:00,952.6187082655048,0.0,209.0,0.0
2025-04-13 01:00:00,891.3304807275625,0.0,169.0,0.0
2025-04-13 01:30:00,887.755535343738,0.0,211.0,0.0
2025-04-13 02:00:00,1127.7414168634907,0.0,301.0,0.0
2025-04-13 02:30:00,1104.7570504596756,0.0,260.0,0.0
2025-04-13 03:00:00,1100.4972915441842,0.0,258.0,0.0
2025-04-13 03:30:00,1070.5326741386634,0.0,255.00000000000003,0.0
2025-04-13 04:00:00,895.3965261174587,0.0,257.0,0.0
2025-04-13 04:30:00,1093.087541218446,0.0,267.0,0.0
2025-04-13 05:00:00,1049.8252811513073,0.0,276.0,0.0
2025-04-13 05:30:00,1088.4269933325754,0.0,237.0,0.0
2025-04-13 06:00:00,845.4815662760855,0.0,195.0,0.0
2025-04-13 06:30:00,644.3428814759098,0.0,110.0,0.0
2025-04-13 07:00:00,868.6634073448654,0.0,213.0,0.0
2025-04-13 07:30:00,845.0030493932032,0.0,207.0,0.0
2025-04-13 08:00:00,723.239678546232,0.0,135.0,0.0
2025-04-13 08:30:00,699.2661224733753,0.0,160.0,0.0
2025-04-13 09:00:00,697.2931772816822,0.0,204.0,0.0
2025-04-13 09:30:00,743.7891473854945,0.0,242.0,0.0
2025-04-13 10:00:00,714.3445701178076,0.0,220.0,0.0
2025-04-13 10:30:00,464.3711497829125,0.0,202.0,0.0
2025-04-13 11:00:00,559.4258093189819,0.0,257.0,0.0
2025-04-13 11:30:00,611.8650696913708,0.0,253.99999999999997,0.0
2025-04-13 12:00:00,544.6755086938695,0.0,262.0,0.0
2025-04-13 12:30:00,437.2287499821109,0.0,226.99999999999997,0.0
2025-04-13 13:00:00,521.6251379810369,0.0,246.0,0.0
2025-04-13 13:30:00,97.51675212686763,18.0,120.0,0.0
2025-04-13 14:00:00,102.13747968550881,1.0,95.0,0.0
2025-04-13 14:30:00,610.1644537980109,0.0,242.0,0.0
2025-04-13 15:00:00,463.1761098068632,0.0,257.0,0.0
2025-04-13 15:30:00,454.61594220328186,0.0,220.0,0.0
2025-04-13 16:00:00,649.2760065470067,0.0,239.0,0.0
2025-04-13 16:30:00,690.833992448948,0.0,270.0,0.0
2025-04-13 17:00:00,718.3992665723405,0.0,239.99999999999997,0.0
2025-04-13 17:30:00,665.1722077924782,0.0,140.0,0.0
2025-04-13 18:00:00,882.1990971883091,0.0,260.0,0.0
2025-04-13 18:30:00,956.5658608069483,0.0,221.0,0.0
2025-04-13 19:00:00,983.5001543253042,0.0,215.0,0.0
2025-04-13 19:30:00,940.9868283993841,0.0,207.0,0.0
2025-04-13 20:00:00,719.4497607695589,0.0,143.0,0.0
2025-04-13 20:30:00,694.9671207913876,0.0,163.0,0.0
2025-04-13 21:00:00,958.5369630281007,0.0,213.0,0.0
2025-04-13 21:30:00,1034.564331058801,0.0,239.0,0.0
2025-04-13 22:00:00,1049.7950987748773,0.0,239.0,0.0
2025-04-13 22:30:00,850.5638140986918,0.0,191.0,0.0
2025-04-13 23:00:00,891.4037498224486,0.0,214.0,0.0
2025-04-13 23:30:00,1064.8282401901015,0.0,243.0,0.0
2025-04-14 00:00:00,844.5525041013642,0.0,225.0,0.0
2025-04-14 00:30:00,646.4693939497647,0.0,155.0,0.0
2025-04-14 01:00:00,576.9603677282328,0.0,154.0,0.0
2025-04-14 01:30:00,783.3967011582084,0.0,235.0,0.0
2025-04-14 02:00:00,987.6552681653268,0.0,279.0,0.0
2025-04-14 02:30:00,1022.4052504670148,0.0,252.0,0.0
2025-04-14 03:00:00,988.7833515031348,0.0,272.0,0.0
2025-04-14 03:30:00,1058.4904647924936,0.0,302.0,0.0
2025-04-14 04:00:00,811.3081368093807,0.0,251.99999999999997,0.0
2025-04-14 04:30:00,888.8483368152755,0.0,259.0,0.0
2025-04-14 05:00:00,940.841094785077,0.0,247.99999999999997,0.0
2025-04-14 05:30:00,885.7027590440526,0.0,268.0,0.0
2025-04-14 06:00:00,822.4605632866354,0.0,214.00000000000003,0.0
2025-04-14 06:30:00,594.1121187510929,0.0,137.0,0.0
2025-04-14 07:00:00,815.7632605834223,0.0,227.99999999999997,0.0
2025-04-14 07:30:00,901.4375321611863,0.0,244.0,0.0
2025-04-14 08:00:00,839.2998966797654,0.0,231.99999999999997,0.0
2025-04-14 08:30:00,1020.1599652890744,0.0,312.0,0.0
2025-04-14 09:00:00,1158.512285395839,0.0,416.0,0.0
2025-04-14 09:30:00,1266.1518148463908,0.0,448.0,0.0
2025-04-14 10:00:00,1371.2064814711257,0.0,450.0,0.0
2025-04-14 10:30:00,1361.1742029284737,0.0,416.00000000000006,0.0
2025-04-14 11:00:00,1610.8485169066466,0.0,424.0,0.0
2025-04-14 11:30:00,1617.7029567294248,0.0,420.99999999999994,0.0
2025-04-14 12:00:00,1497.4010448249126,0.0,420.0,0.0
2025-04-14 12:30:00,1155.7440252385077,0.0,400.0,0.0
2025-04-14 13:00:00,1026.977175078316,0.0,303.0,0.0
2025-04-14 13:30:00,634.424779143152,0.0,183.0,0.0
2025-04-14 14:00:00,665.8761079265206,0.0,214.0,0.0
2025-04-14 14:30:00,1155.161400881401,0.0,397.0,0.0
2025-04-14 15:00:00,1308.1898603220507,0.0,433.0,0.0
2025-04-14 15:30:00,1234.829325658269,0.0,428.0,0.0
2025-04-14 16:00:00,1391.7075777433488,0.0,456.0,0.0
2025-04-14 16:30:00,1214.48747095847,0.0,419.0,0.0
2025-04-14 17:00:00,1479.4554696320242,0.0,438.99999999999994,0.0
2025-04-14 17:30:00,892.2787395172431,0.0,235.0,0.0
2025-04-14 18:00:00,1382.7539457649773,0.0,429.0,0.0
2025-04-14 18:30:00,1410.792127150378,0.0,439.00000000000006,0.0
2025-04-14 19:00:00,1493.8938300875357,0.0,463.00000000000006,0.0
2025-04-14 19:30:00,1416.355250626315,0.0,417.99999999999994,0.0
2025-04-14 20:00:00,1297.5515219368422,0.0,361.0,0.0
2025-04-14 20:30:00,1075.9426767770078,0.0,296.0,0.0
2025-04-14 21:00:00,1116.72164939409,0.0,351.0,0.0
2025-04-14 21:30:00,1404.9110903043556,0.0,422.00000000000006,0.0
2025-04-14 22:00:00,1303.7402096651278,0.0,406.0,0.0
2025-04-14 22:30:00,1355.9986582574566,0.0,415.0,0.0
2025-04-14 23:00:00,1421.766085014372,0.0,441.00000000000006,0.0
2025-04-14 23:30:00,1549.3930521281268,0.0,441.00000000000006,0.0
2025-04-15 00:00:00,1273.1245803847075,0.0,383.99999999999994,0.0
2025-04-15 00:30:00,967.3841491847568,0.0,234.0,0.0
2025-04-15 01:00:00,885.4600844541462,0.0,206.0,0.0
2025-04-15 01:30:00,1130.2686524799453,0.0,296.0,0.0
2025-04-15 02:00:00,1232.888193521915,0.0,358.0,0.0
2025-04-15 02:30:00,1386.7072695868087,0.0,405.0,0.0
2025-04-15 03:00:00,1441.246563817255,0.0,392.0,0.0
2025-04-15 03:30:00,1410.7970687015147,0.0,395.00000000000006,0.0
2025-04-15 04:00:00,1341.3657320476714,0.0,387.0,0.0
2025-04-15 04:30:00,1194.320292641529,0.0,360.0,0.0
2025-04-15 05:00:00,1349.9675373986536,0.0,363.00000000000006,0.0
2025-04-15 05:30:00,1177.3280658534861,0.0,330.0,0.0
2025-04-15 06:00:00,1276.6872464677003,0.0,360.00000000000006,0.0
2025-04-15 06:30:00,830.4795674105723,0.0,175.0,0.0
2025-04-15 07:00:00,995.5192823040325,0.0,313.0,0.0
2025-04-15 07:30:00,1059.5280723737656,0.0,278.0,0.0
2025-04-15 08:00:00,873.457508599131,0.0,259.0,0.0
2025-04-15 08:30:00,968.6047486125977,0.0,294.0,0.0
2025-04-15 09:00:00,1276.8994976364609,0.0,406.0,0.0
2025-04-15 09:30:00,1162.8770134792626,0.0,394.0,0.0
2025-04-15 10:00:00,1279.0185353506943,0.0,435.0,0.0
2025-04-15 10:30:00,1294.4670575755506,0.0,481.00000000000006,0.0
2025-04-15 11:00:00,1192.0854881313244,0.0,459.00000000000006,0.0
2025-04-15 11:30:00,1044.9535682457915,0.0,466.0,0.0
2025-04-15 12:00:00,983.5409649348532,0.0,413.0,0.0
2025-04-15 12:30:00,881.5792001603047,0.0,385.0,0.0
2025-04-15 13:00:00,914.7730813872789,0.0,341.0,0.0
2025-04-15 13:30:00,402.3491508705638,0.0,199.0,0.0
2025-04-15 14:00:00,467.42519357992575,0.0,234.0,0.0
2025-04-15 14:30:00,1213.2352294375255,0.0,455.0,0.0
2025-04-15 15:00:00,1195.858529643779,0.0,476.0,0.0
2025-04-15 15:30:00,1317.7925062191343,0.0,442.0,0.0
2025-04-15 16:00:00,1492.768096993283,0.0,470.0,0.0
2025-04-15 16:30:00,1572.6110103147664,0.0,499.0,0.0
2025-04-15 17:00:00,1392.6962754521307,0.0,455.0,0.0
2025-04-15 17:30:00,970.7407556205728,0.0,281.0,0.0
2025-04-15 18:00:00,1336.374345999254,0.0,432.0,0.0
2025-04-15 18:30:00,1618.7246184687128,0.0,503.00000000000006,0.0
2025-04-15 19:00:00,1436.4281618487992,0.0,521.0,0.0
2025-04-15 19:30:00,1638.0297319771448,0.0,523.0,0.0
2025-04-15 20:00:00,1371.77956953213,0.0,354.00000000000006,0.0
2025-04-15 20:30:00,1131.4289516866168,0.0,301.0,0.0
2025-04-15 21:00:00,1353.2954221441616,0.0,386.99999999999994,0.0
2025-04-15 21:30:00,1486.7301237187212,0.0,449.0,0.0
2025-04-15 22:00:00,1446.0866273913884,0.0,407.0,0.0
2025-04-15 22:30:00,1394.5637712646774,0.0,422.0,0.0
2025-04-15 23:00:00,1351.280087814773,0.0,348.0,0.0
2025-04-15 23:30:00,1395.6727049225035,0.0,379.0,0.0
2025-04-16 00:00:00,1265.3216015079088,0.0,324.00000000000006,0.0
2025-04-16 00:30:00,965.8987296294198,0.0,249.00000000000003,0.0
2025-04-16 01:00:00,925.6024726672254,0.0,205.0,0.0
2025-04-16 01:30:00,1038.3701925326493,0.0,275.0,0.0
2025-04-16 02:00:00,1318.6219711951424,0.0,363.0,0.0
2025-04-16 02:30:00,1295.7932280458108,0.0,395.0,0.0
2025-04-16 03:00:00,1506.2836550444886,0.0,405.99999999999994,0.0
2025-04-16 03:30:00,1337.7066071914896,0.0,393.00000000000006,0.0
2025-04-16 04:00:00,1438.7211128256306,0.0,415.0,0.0
2025-04-16 04:30:00,1529.1952830987134,0.0,412.0,0.0
2025-04-16 05:00:00,1331.6695615493768,0.0,341.0,0.0
2025-04-16 05:30:00,1124.5245122429715,0.0,328.0,0.0
2025-04-16 06:00:00,1160.816025687677,0.0,281.0,0.0
2025-04-16 06:30:00,792.4809439685739,0.0,198.0,0.0
2025-04-16 07:00:00,1106.139980765107,0.0,361.0,0.0
2025-04-16 07:30:00,1294.8733903318632,0.0,355.0,0.0
2025-04-16 08:00:00,1002.7771509612852,0.0,266.0,0.0
2025-04-16 08:30:00,965.8186297538164,0.0,294.0,0.0
2025-04-16 09:00:00,1318.516609585267,0.0,411.0,0.0
2025-04-16 09:30:00,1251.903993631894,0.0,433.0,0.0
2025-04-16 10:00:00,1272.8101796107053,0.0,446.0,0.0
2025-04-16 10:30:00,1140.7261116579543,0.0,440.0,0.0
2025-04-16 11:00:00,997.115838533339,0.0,420.0,0.0
2025-04-16 11:30:00,876.6825135347162,0.0,389.0,0.0
2025-04-16 12:00:00,1046.859591028696,0.0,417.0,0.0
2025-04-16 12:30:00,854.2816151653777,0.0,380.0,0.0
2025-04-16 13:00:00,795.3871674679255,0.0,342.0,0.0
2025-04-16 13:30:00,629.6670754345274,0.0,186.0,0.0
2025-04-16 14:00:00,594.4628587965092,0.0,239.0,0.0
2025-04-16 14:30:00,1116.4725793572748,0.0,450.0,0.0
2025-04-16 15:00:00,1355.6031491849083,0.0,513.0,0.0
2025-04-16 15:30:00,1421.9345545274887,0.0,461.0,0.0
2025-04-16 16:00:00,1274.2453458046068,0.0,424.0,0.0
2025-04-16 16:30:00,1486.1357214702916,0.0,458.00000000000006,0.0
2025-04-16 17:00:00,1425.6591917938813,0.0,470.0,0.0
2025-04-16 17:30:00,937.0001046183436,0.0,278.0,0.0
2025-04-16 18:00:00,1422.9605051537387,0.0,468.00000000000006,0.0
2025-04-16 18:30:00,1408.033377716149,0.0,434.99999999999994,0.0
2025-04-16 19:00:00,1486.063647078501,0.0,461.0,0.0
2025-04-16 19:30:00,1431.6281682167585,0.0,425.0,0.0
2025-04-16 20:00:00,1184.5564653798108,0.0,313.0,0.0
2025-04-16 20:30:00,1152.740174394696,0.0,292.0,0.0
2025-04-16 21:00:00,1310.594491932336,0.0,363.0,0.0
2025-04-16 21:30:00,1472.2002595201907,0.0,431.99999999999994,0.0
2025-04-16 22:00:00,1302.2549685564863,0.0,411.0,0.0
2025-04-16 22:30:00,1427.716946294489,0.0,387.99999999999994,0.0
2025-04-16 23:00:00,1353.989722195296,0.0,398.0,0.0
2025-04-16 23:30:00,1454.1139999594293,0.0,420.0,0.0
2025-04-17 00:00:00,1391.027295375822,0.0,398.0,0.0
2025-04-17 00:30:00,1087.316561437882,0.0,239.0,0.0
2025-04-17 01:00:00,914.0174222636798,0.0,198.0,0.0
2025-04-17 01:30:00,1263.0626164058367,0.0,312.0,0.0
2025-04-17 02:00:00,1293.5964228193975,0.0,367.0,0.0
2025-04-17 02:30:00,1629.0236185313215,0.0,459.0,0.0
2025-04-17 03:00:00,1382.5954030620646,0.0,449.0,0.0
2025-04-17 03:30:00,1637.0545626105693,0.0,440.99999999999994,0.0
2025-04-17 04:00:00,1358.5670797394098,0.0,407.0,0.0
2025-04-17 04:30:00,1565.7551814480605,0.0,434.0,0.0
2025-04-17 05:00:00,1550.4175874952025,0.0,392.0,0.0
2025-04-17 05:30:00,1487.2188802377045,0.0,418.0,0.0
2025-04-17 06:00:00,1442.0599780423895,0.0,389.00000000000006,0.0
2025-04-17 06:30:00,778.0165200970147,0.0,190.0,0.0
2025-04-17 07:00:00,1210.2834023893831,0.0,337.0,0.0
2025-04-17 07:30:00,1378.1824379431453,0.0,378.0,0.0
2025-04-17 08:00:00,1044.7084864212516,0.0,252.0,0.0
2025-04-17 08:30:00,1008.6417088190009,0.0,291.0,0.0
2025-04-17 09:00:00,1414.2703035037825,0.0,451.0,0.0
2025-04-17 09:30:00,1175.389919672437,0.0,422.0,0.0
2025-04-17 10:00:00,1281.7318204344472,0.0,418.0,0.0
2025-04-17 10:30:00,1067.1625405257341,0.0,404.0,0.0
2025-04-17 11:00:00,1324.564003575139,0.0,472.99999999999994,0.0
2025-04-17 11:30:00,1313.381898176631,0.0,447.0,0.0
2025-04-17 12:00:00,1219.863933269954,0.0,442.0,0.0
2025-04-17 12:30:00,1063.361215526305,0.0,393.0,0.0
2025-04-17 13:00:00,950.3211200429433,0.0,328.0,0.0
2025-04-17 13:30:00,700.3194256965269,0.0,209.00000000000003,0.0
2025-04-17 14:00:00,678.981451871898,0.0,250.0,0.0
2025-04-17 14:30:00,1254.8271198925904,0.0,434.0,0.0
2025-04-17 15:00:00,1154.6776549450353,0.0,438.0,0.0
2025-04-17 15:30:00,1152.3458291050706,0.0,459.0,0.0
2025-04-17 16:00:00,1401.5531392126022,0.0,464.00000000000006,0.0
2025-04-17 16:30:00,1448.2401605816485,0.0,472.0,0.0
2025-04-17 17:00:00,1512.364389853487,0.0,473.0,0.0
2025-04-17 17:30:00,968.153516494751,0.0,261.0,0.0
2025-04-17 18:00:00,1591.3633552484346,0.0,472.0,0.0
2025-04-17 18:30:00,1513.5574195776617,0.0,483.0,0.0
2025-04-17 19:00:00,1601.8372504051297,0.0,493.99999999999994,0.0
2025-04-17 19:30:00,1488.7381091036734,0.0,420.0,0.0
2025-04-17 20:00:00,1232.7657947579075,0.0,299.0,0.0
2025-04-17 20:30:00,1189.3452466007382,0.0,311.0,0.0
2025-04-17 21:00:00,1346.8734543670294,0.0,373.0,0.0
2025-04-17 21:30:00,1468.5742342668434,0.0,408.0,0.0
2025-04-17 22:00:00,1419.8611045538735,0.0,465.00000000000006,0.0
2025-04-17 22:30:00,1266.952410306127,0.0,417.0,0.0
2025-04-17 23:00:00,1524.0320764250293,0.0,451.0,0.0
2025-04-17 23:30:00,1423.242683866945,0.0,411.0,0.0
2025-04-18 00:00:00,1440.1223068437362,0.0,366.99999999999994,0.0
2025-04-18 00:30:00,948.5386466528158,0.0,234.0,0.0
2025-04-18 01:00:00,871.0024605151098,0.0,165.0,0.0
2025-04-18 01:30:00,1032.4885332126482,0.0,277.0,0.0
2025-04-18 02:00:00,1177.2361765193045,0.0,344.0,0.0
2025-04-18 02:30:00,1450.5532095821338,0.0,406.0,0.0
2025-04-18 03:00:00,1403.0419056754279,0.0,404.0,0.0
2025-04-18 03:30:00,1283.4938324765772,0.0,380.0,0.0
2025-04-18 04:00:00,1201.2449945739013,0.0,338.0,0.0
2025-04-18 04:30:00,1142.8519285825935,0.0,319.0,0.0
2025-04-18 05:00:00,1172.8163584054346,0.0,342.0,0.0
2025-04-18 05:30:00,1075.107805519329,0.0,318.0,0.0
2025-04-18 06:00:00,1249.5790122769938,0.0,363.0,0.0
2025-04-18 06:30:00,843.291731090434,0.0,174.0,0.0
2025-04-18 07:00:00,1206.8224413953462,0.0,363.0,0.0
2025-04-18 07:30:00,1227.113316815218,0.0,309.99999999999994,0.0
2025-04-18 08:00:00,998.8843831423916,0.0,235.0,0.0
2025-04-18 08:30:00,817.1334804119024,0.0,266.0,0.0
2025-04-18 09:00:00,1065.0363575956465,0.0,364.0,0.0
2025-04-18 09:30:00,1090.248645671879,0.0,373.0,0.0
2025-04-18 10:00:00,1055.889038273481,0.0,384.99999999999994,0.0
2025-04-18 10:30:00,1094.7909647664706,0.0,397.0,0.0
2025-04-18 11:00:00,927.3135818718793,0.0,452.0,0.0
2025-04-18 11:30:00,1013.1072412148908,0.0,419.0,0.0
2025-04-18 12:00:00,1116.5780424297152,0.0,434.0,0.0
2025-04-18 12:30:00,824.5950038270637,0.0,403.0,0.0
2025-04-18 13:00:00,760.3952351896277,0.0,332.0,0.0
2025-04-18 13:30:00,518.7556935486396,0.0,232.0,0.0
2025-04-18 14:00:00,740.0972510409791,0.0,258.0,0.0
2025-04-18 14:30:00,877.4418799078313,0.0,396.0,0.0
2025-04-18 15:00:00,1206.6463414221164,0.0,452.00000000000006,0.0
2025-04-18 15:30:00,1048.263687370872,0.0,383.0,0.0
2025-04-18 16:00:00,1203.2621676892677,0.0,460.0,0.0
2025-04-18 16:30:00,1194.0406087042936,0.0,465.0,0.0
2025-04-18 17:00:00,1345.7440308890657,0.0,439.0,0.0
2025-04-18 17:30:00,964.7548714058443,0.0,255.99999999999997,0.0
2025-04-18 18:00:00,1274.0318584373072,0.0,397.99999999999994,0.0
2025-04-18 18:30:00,1754.393060833567,0.0,476.0,0.0
2025-04-18 19:00:00,1398.7768949238243,0.0,431.0,0.0
2025-04-18 19:30:00,1260.5941210777046,0.0,378.0,0.0
2025-04-18 20:00:00,1133.9006151760489,0.0,288.0,0.0
2025-04-18 20:30:00,1179.6058328170684,0.0,323.0,0.0
2025-04-18 21:00:00,1429.6787989500212,0.0,388.0,0.0
2025-04-18 21:30:00,1267.2284479067778,0.0,395.99999999999994,0.0
2025-04-18 22:00:00,1291.517181389138,0.0,369.0,0.0
2025-04-18 22:30:00,1254.669659026045,0.0,413.0,0.0
2025-04-18 23:00:00,1492.3817428064162,0.0,403.0,0.0
2025-04-18 23:30:00,1307.3909564180162,0.0,399.99999999999994,0.0
2025-04-19 00:00:00,1417.4683792312442,0.0,418.00000000000006,0.0
2025-04-19 00:30:00,1133.752845201651,0.0,286.0,0.0
2025-04-19 01:00:00,961.3533236198842,0.0,241.99999999999997,0.0
2025-04-19 01:30:00,1068.0522830990292,0.0,307.0,0.0
2025-04-19 02:00:00,1210.0675120040598,0.0,325.99999999999994,0.0
2025-04-19 02:30:00,1419.3935464794063,0.0,397.0,0.0
2025-04-19 03:00:00,1149.1033981179175,0.0,420.0,0.0
2025-04-19 03:30:00,1189.7219573266893,0.0,367.0,0.0
2025-04-19 04:00:00,1350.6695444424277,0.0,391.0,0.0
2025-04-19 04:30:00,1199.5238060866016,0.0,377.0,0.0
2025-04-19 05:00:00,1305.768470967389,0.0,360.00000000000006,0.0
2025-04-19 05:30:00,1261.7124298477927,0.0,349.0,0.0
2025-04-19 06:00:00,1096.0224651164299,0.0,286.0,0.0
2025-04-19 06:30:00,837.7838803228144,0.0,189.0,0.0
2025-04-19 07:00:00,1162.6600145913499,0.0,338.0,0.0
2025-04-19 07:30:00,1276.5959086684354,0.0,407.0,0.0
2025-04-19 08:00:00,991.8681669042235,0.0,279.0,0.0
2025-04-19 08:30:00,928.5885121507555,0.0,299.0,0.0
2025-04-19 09:00:00,1191.346846663106,0.0,399.0,0.0
2025-04-19 09:30:00,1290.3102896395615,0.0,455.0,0.0
2025-04-19 10:00:00,1249.507441634234,0.0,434.0,0.0
2025-04-19 10:30:00,1065.0363316586452,0.0,493.0,0.0
2025-04-19 11:00:00,1049.1690095727333,0.0,468.0,0.0
2025-04-19 11:30:00,1206.197504755903,0.0,489.00000000000006,0.0
2025-04-19 12:00:00,1146.8864287301287,0.0,450.0,0.0
2025-04-19 12:30:00,1019.342552256018,0.0,451.0,0.0
2025-04-19 13:00:00,742.18817052007,0.0,414.0,0.0
2025-04-19 13:30:00,290.5897463926219,0.0,198.0,0.0
2025-04-19 14:00:00,205.66948108910998,0.0,159.0,0.0
2025-04-19 14:30:00,654.3887840148601,0.0,364.00000000000006,0.0
2025-04-19 15:00:00,899.768097215702,0.0,427.0,0.0
2025-04-19 15:30:00,951.6661532744972,0.0,407.0,0.0
2025-04-19 16:00:00,1140.3560279229732,0.0,456.0,0.0
2025-04-19 16:30:00,863.0751782832479,0.0,306.0,0.0
2025-04-19 17:00:00,882.5202440643633,0.0,226.0,0.0
2025-04-19 17:30:00,576.9115268525173,0.0,154.99999999999997,0.0
2025-04-19 18:00:00,724.1295923606075,0.0,249.0,0.0
2025-04-19 18:30:00,1031.745632832303,0.0,298.0,0.0
2025-04-19 19:00:00,876.718393942597,0.0,252.0,0.0
2025-04-19 19:30:00,935.9438154361227,0.0,240.00000000000003,0.0
2025-04-19 20:00:00,856.4793931675428,0.0,189.0,0.0
2025-04-19 20:30:00,983.16621124013,0.0,222.0,0.0
2025-04-19 21:00:00,1233.9763655842946,0.0,326.0,0.0
2025-04-19 21:30:00,1351.0454214480894,0.0,375.99999999999994,0.0
2025-04-19 22:00:00,1380.0844236555045,0.0,349.99999999999994,0.0
2025-04-19 22:30:00,1206.6350247448524,0.0,348.0,0.0
2025-04-19 23:00:00,1293.649510955868,0.0,371.0,0.0
2025-04-19 23:30:00,1296.072328179806,0.0,377.00000000000006,0.0
2025-04-20 00:00:00,1331.723894319121,0.0,416.0,0.0
2025-04-20 00:30:00,1044.3603881195363,0.0,295.0,0.0
2025-04-20 01:00:00,992.1676637734338,0.0,273.0,0.0
2025-04-20 01:30:00,1171.8063807350193,0.0,367.0,0.0
2025-04-20 02:00:00,1348.822227931351,0.0,373.0,0.0
2025-04-20 02:30:00,1427.9671500815111,0.0,437.0,0.0
2025-04-20 03:00:00,1417.6818255482613,0.0,414.00000000000006,0.0
2025-04-20 03:30:00,1377.094861765715,0.0,401.0,0.0
2025-04-20 04:00:00,1485.7400981478677,0.0,434.00000000000006,0.0
2025-04-20 04:30:00,1312.8158881403979,0.0,392.0,0.0
2025-04-20 05:00:00,1034.247572678702,0.0,312.0,0.0
2025-04-20 05:30:00,1032.7726628093974,0.0,270.0,0.0
2025-04-20 06:00:00,1095.3429586092036,0.0,280.0,0.0
2025-04-20 06:30:00,776.8433840926218,0.0,150.0,0.0
2025-04-20 07:00:00,1011.1273080475131,0.0,252.0,0.0
2025-04-20 07:30:00,1063.4227315300573,0.0,275.99999999999994,0.0
2025-04-20 08:00:00,777.2653957884087,0.0,201.0,0.0
2025-04-20 08:30:00,726.4165883565162,0.0,225.99999999999997,0.0
2025-04-20 09:00:00,816.0358024188826,0.0,286.0,0.0
2025-04-20 09:30:00,960.6237363238523,0.0,355.0,0.0
2025-04-20 10:00:00,982.1958179612141,0.0,390.0,0.0
2025-04-20 10:30:00,1033.5155645368695,0.0,423.0,0.0
2025-04-20 11:00:00,998.1131212826317,0.0,411.0,0.0
2025-04-20 11:30:00,1255.3267036682903,0.0,475.0,0.0
2025-04-20 12:00:00,1157.7382726261449,0.0,470.0,0.0
2025-04-20 12:30:00,1134.2593939338915,0.0,460.0,0.0
2025-04-20 13:00:00,775.5144107808209,0.0,407.00000000000006,0.0
2025-04-20 13:30:00,391.1306505347453,0.0,183.0,0.0
2025-04-20 14:00:00,378.4644425578732,0.0,192.00000000000003,0.0
2025-04-20 14:30:00,1391.591186593069,0.0,437.0,0.0
2025-04-20 15:00:00,1534.6834380739542,0.0,476.0,0.0
2025-04-20 15:30:00,1610.9157475401003,0.0,474.99999999999994,0.0
2025-04-20 16:00:00,1360.6468446138742,0.0,450.0,0.0
2025-04-20 16:30:00,1273.8322959914753,0.0,455.99999999999994,0.0
2025-04-20 17:00:00,1376.3433482610967,0.0,480.0,0.0
2025-04-20 17:30:00,1054.031629348812,0.0,326.0,0.0
2025-04-20 18:00:00,1172.372282663601,0.0,396.0,0.0
2025-04-20 18:30:00,922.700798239134,0.0,268.0,0.0
2025-04-20 19:00:00,908.3165667467977,0.0,279.0,0.0
2025-04-20 19:30:00,994.7538330744327,0.0,278.0,0.0
2025-04-20 20:00:00,757.4812085826744,0.0,193.0,0.0
2025-04-20 20:30:00,658.8633014980578,0.0,156.0,0.0
2025-04-20 21:00:00,928.4266835170985,0.0,261.0,0.0
2025-04-20 21:30:00,1028.0722625575838,0.0,288.0,0.0
2025-04-20 22:00:00,1009.1505147708765,0.0,269.0,0.0
2025-04-20 22:30:00,892.5738616803137,0.0,252.0,0.0
2025-04-20 23:00:00,896.9280545659802,0.0,274.0,0.0
2025-04-20 23:30:00,954.8970186776497,0.0,275.0,0.0
2025-04-21 00:00:00,974.3884048759819,0.0,245.0,0.0
2025-04-21 00:30:00,664.8968695695316,0.0,83.0,0.0
2025-04-21 01:00:00,700.8097501310348,0.0,82.0,0.0
2025-04-21 01:30:00,869.668224849496,0.0,221.0,0.0
2025-04-21 02:00:00,1067.2448637119312,0.0,286.0,0.0
2025-04-21 02:30:00,1046.3111281947088,0.0,248.0,0.0
2025-04-21 03:00:00,938.1198505857546,0.0,246.00000000000003,0.0
2025-04-21 03:30:00,1048.8550992853784,0.0,256.0,0.0
2025-04-21 04:00:00,1024.0976572917084,0.0,265.0,0.0
2025-04-21 04:30:00,872.2191896596294,0.0,252.00000000000003,0.0
2025-04-21 05:00:00,1011.041545565889,0.0,255.99999999999997,0.0
2025-04-21 05:30:00,992.5664513533198,0.0,244.0,0.0
2025-04-21 06:00:00,943.6449874670217,0.0,207.0,0.0
2025-04-21 06:30:00,686.8885131427608,0.0,119.00000000000001,0.0
2025-04-21 07:00:00,937.8718467912463,0.0,245.0,0.0
2025-04-21 07:30:00,958.7160734809319,0.0,251.00000000000003,0.0
2025-04-21 08:00:00,682.5983774338474,0.0,173.0,0.0
2025-04-21 08:30:00,928.2276316465498,0.0,282.0,0.0
2025-04-21 09:00:00,1314.1206088169033,0.0,408.00000000000006,0.0
2025-04-21 09:30:00,1138.6420603388713,0.0,425.0,0.0
2025-04-21 10:00:00,1166.5344468932149,0.0,467.00000000000006,0.0
2025-04-21 10:30:00,855.8512937733279,0.0,416.0,0.0
2025-04-21 11:00:00,854.7111199517744,0.0,399.0,0.0
2025-04-21 11:30:00,882.5556462916262,0.0,427.0,0.0
2025-04-21 12:00:00,961.559112213207,0.0,421.0,0.0
2025-04-21 12:30:00,925.7779986654218,0.0,429.0,0.0
2025-04-21 13:00:00,861.5559991143103,0.0,405.0,0.0
2025-04-21 13:30:00,454.63145885376497,0.0,216.0,0.0
2025-04-21 14:00:00,477.2027225910168,0.0,236.0,0.0
2025-04-21 14:30:00,1121.211835597141,0.0,435.0,0.0
2025-04-21 15:00:00,1030.0104482765723,0.0,440.0,0.0
2025-04-21 15:30:00,955.5102692480837,0.0,434.0,0.0
2025-04-21 16:00:00,1286.7221692993257,0.0,480.0,0.0
2025-04-21 16:30:00,1108.8832690287004,0.0,460.0,0.0
2025-04-21 17:00:00,1376.009429056802,0.0,485.0,0.0
2025-04-21 17:30:00,849.5317488496476,0.0,257.0,0.0
2025-04-21 18:00:00,1491.2550176069055,0.0,486.0,0.0
2025-04-21 18:30:00,1569.2719085679626,0.0,493.00000000000006,0.0
2025-04-21 19:00:00,1507.8137597824978,0.0,458.00000000000006,0.0
2025-04-21 19:30:00,1600.0303084230366,0.0,465.00000000000006,0.0
2025-04-21 20:00:00,1324.8502227015294,0.0,382.99999999999994,0.0
2025-04-21 20:30:00,1117.25535824901,0.0,308.0,0.0
2025-04-21 21:00:00,1411.3536073620066,0.0,424.0,0.0
2025-04-21 21:30:00,1357.7587950767308,0.0,411.0,0.0
2025-04-21 22:00:00,1345.4297532987152,0.0,413.0,0.0
2025-04-21 22:30:00,1356.2130236913367,0.0,420.0,0.0
2025-04-21 23:00:00,1482.8984014032583,0.0,404.0,0.0
2025-04-21 23:30:00,1396.3684857587716,0.0,414.0,0.0
2025-04-22 00:00:00,1285.1743380714722,0.0,404.0,0.0
2025-04-22 00:30:00,1011.516905358542,0.0,261.0,0.0
2025-04-22 01:00:00,993.4530333694281,0.0,214.0,0.0
2025-04-22 01:30:00,1014.826350534995,0.0,273.0,0.0
2025-04-22 02:00:00,1253.9641199175821,0.0,307.0,0.0
2025-04-22 02:30:00,1328.986066184965,0.0,400.99999999999994,0.0
2025-04-22 03:00:00,1278.8574044874122,0.0,345.0,0.0
2025-04-22 03:30:00,1305.1174162412615,0.0,369.0,0.0
2025-04-22 04:00:00,1457.142708207326,0.0,392.99999999999994,0.0
2025-04-22 04:30:00,1390.533830773483,0.0,388.00000000000006,0.0
2025-04-22 05:00:00,1229.1896068967992,0.0,396.0,0.0
2025-04-22 05:30:00,1401.949760428178,0.0,387.0,0.0
2025-04-22 06:00:00,1312.9418994187845,0.0,372.99999999999994,0.0
2025-04-22 06:30:00,832.1550919256421,0.0,199.0,0.0
2025-04-22 07:00:00,980.7786571355352,0.0,311.0,0.0
2025-04-22 07:30:00,1298.8838682646283,0.0,345.0,0.0
2025-04-22 08:00:00,975.100123149998,0.0,246.99999999999997,0.0
2025-04-22 08:30:00,949.7214872744398,0.0,281.0,0.0
2025-04-22 09:00:00,1210.9584565103848,0.0,370.0,0.0
2025-04-22 09:30:00,1307.3849632698632,0.0,481.0,0.0
2025-04-22 10:00:00,1366.5716585861996,0.0,492.0,0.0
2025-04-22 10:30:00,1230.0917578656386,0.0,480.0,0.0
2025-04-22 11:00:00,1405.3691269602737,0.0,424.0,0.0
2025-04-22 11:30:00,1127.1277339888222,0.0,469.0,0.0
2025-04-22 12:00:00,1000.8354887909832,0.0,468.0,0.0
2025-04-22 12:30:00,879.5630924726258,0.0,363.0,0.0
2025-04-22 13:00:00,761.50491610809,0.0,374.0,0.0
2025-04-22 13:30:00,474.0063175041386,0.0,237.0,0.0
2025-04-22 14:00:00,629.2605129776935,0.0,273.0,0.0
2025-04-22 14:30:00,1031.4133976010874,0.0,418.0,0.0
2025-04-22 15:00:00,987.4471128096029,0.0,442.0,0.0
2025-04-22 15:30:00,1095.6487680609375,0.0,457.0,0.0
2025-04-22 16:00:00,1115.8301047562,0.0,460.0,0.0
2025-04-22 16:30:00,1414.4558432192703,0.0,469.00000000000006,0.0
2025-04-22 17:00:00,1610.998192507143,0.0,461.0,0.0
2025-04-22 17:30:00,1074.1252260767283,0.0,305.0,0.0
2025-04-22 18:00:00,1402.4219727517896,0.0,462.0,0.0
2025-04-22 18:30:00,1649.9360503301139,0.0,472.99999999999994,0.0
2025-04-22 19:00:00,1482.5586979244063,0.0,455.0,0.0
2025-04-22 19:30:00,1400.6291719432118,0.0,457.99999999999994,0.0
2025-04-22 20:00:00,1209.2755988957222,0.0,343.00000000000006,0.0
2025-04-22 20:30:00,1265.291639897708,0.0,360.0,0.0
2025-04-22 21:00:00,1387.895187483989,0.0,434.0,0.0
2025-04-22 21:30:00,1539.2162522247706,0.0,487.0,0.0
2025-04-22 22:00:00,1587.5869213702535,0.0,434.0,0.0
2025-04-22 22:30:00,1493.5404460139523,0.0,398.0,0.0
2025-04-22 23:00:00,1386.5313902124285,0.0,465.0,0.0
2025-04-22 23:30:00,1505.5339199638065,0.0,477.00000000000006,0.0
2025-04-23 00:00:00,1429.2029051525853,0.0,419.0,0.0
2025-04-23 00:30:00,1167.3761357216463,0.0,283.0,0.0
2025-04-23 01:00:00,900.3246198652239,0.0,210.0,0.0
2025-04-23 01:30:00,1175.8038514861025,0.0,316.0,0.0
2025-04-23 02:00:00,1280.5905645980365,0.0,362.0,0.0
2025-04-23 02:30:00,1393.710900770593,0.0,451.0,0.0
2025-04-23 03:00:00,1507.4493258842977,0.0,458.0,0.0
2025-04-23 03:30:00,1447.4558558027554,0.0,471.0,0.0
2025-04-23 04:00:00,1525.0966886467302,0.0,424.99999999999994,0.0
2025-04-23 04:30:00,1408.660437907309,0.0,428.0,0.0
2025-04-23 05:00:00,1397.798929338229,0.0,433.0,0.0
2025-04-23 05:30:00,1421.2229183758036,0.0,447.0,0.0
2025-04-23 06:00:00,1417.5740723960648,0.0,380.0,0.0
2025-04-23 06:30:00,773.9341173340136,0.0,200.0,0.0
2025-04-23 07:00:00,1348.2958904802672,0.0,389.0,0.0
2025-04-23 07:30:00,1289.8813871347356,0.0,397.0,0.0
2025-04-23 08:00:00,973.2486472333694,0.0,320.0,0.0
2025-04-23 08:30:00,980.1937194160773,0.0,344.0,0.0
2025-04-23 09:00:00,1164.6691360167774,0.0,479.0,0.0
2025-04-23 09:30:00,1396.600269136501,0.0,519.0,0.0
2025-04-23 10:00:00,1198.5695026085966,0.0,497.0,0.0
2025-04-23 10:30:00,1111.7978050995341,0.0,476.0,0.0
2025-04-23 11:00:00,1156.147342635223,0.0,502.0,0.0
2025-04-23 11:30:00,1176.059449939072,0.0,508.0,0.0
2025-04-23 12:00:00,1002.7749703205004,0.0,462.0,0.0
2025-04-23 12:30:00,821.5768127437655,0.0,422.00000000000006,0.0
2025-04-23 13:00:00,658.9512011392397,0.0,366.0,0.0
2025-04-23 13:30:00,515.5342645421806,0.0,258.0,0.0
2025-04-23 14:00:00,637.0514308116262,0.0,298.0,0.0
2025-04-23 14:30:00,1269.224524934905,0.0,502.0,0.0
2025-04-23 15:00:00,1235.7140630139584,0.0,511.99999999999994,0.0
2025-04-23 15:30:00,1208.069293977427,0.0,515.0,0.0
2025-04-23 16:00:00,1287.2160953490225,0.0,484.0,0.0
2025-04-23 16:30:00,1156.4986954217036,0.0,453.0,0.0
2025-04-23 17:00:00,1224.41273043579,0.0,455.0,0.0
2025-04-23 17:30:00,866.9514538711753,0.0,319.0,0.0
2025-04-23 18:00:00,1182.6269374759147,0.0,447.0,0.0
2025-04-23 18:30:00,1482.2372724322581,0.0,513.0,0.0
2025-04-23 19:00:00,1407.8323425035258,0.0,492.0,0.0
2025-04-23 19:30:00,1525.7593148969474,0.0,488.0,0.0
2025-04-23 20:00:00,1279.0360765081273,0.0,386.0,0.0
2025-04-23 20:30:00,1106.6803285801218,0.0,367.0,0.0
2025-04-23 21:00:00,1473.8251909123617,0.0,469.0,0.0
2025-04-23 21:30:00,1289.4114647623733,0.0,420.99999999999994,0.0
2025-04-23 22:00:00,1454.6916158737688,0.0,452.0,0.0
2025-04-23 22:30:00,1383.2812919509345,0.0,428.0,0.0
2025-04-23 23:00:00,1517.7216819680225,0.0,446.0,0.0
2025-04-23 23:30:00,1555.3789576073639,0.0,470.99999999999994,0.0
2025-04-24 00:00:00,1342.8254868531735,0.0,374.99999999999994,0.0
2025-04-24 00:30:00,1035.5404083329875,0.0,244.0,0.0
2025-04-24 01:00:00,797.8971024525241,0.0,172.0,0.0
2025-04-24 01:30:00,945.5899326755341,0.0,265.0,0.0
2025-04-24 02:00:00,1218.5865108222288,0.0,354.0,0.0
2025-04-24 02:30:00,1327.6203804261522,0.0,425.0,0.0
2025-04-24 03:00:00,1477.6595262396036,0.0,392.0,0.0
2025-04-24 03:30:00,1297.4389538101789,0.0,423.0,0.0
2025-04-24 04:00:00,1236.4376395304323,0.0,375.0,0.0
2025-04-24 04:30:00,1341.7872350722462,0.0,395.0,0.0
2025-04-24 05:00:00,1316.8269332672942,0.0,376.0,0.0
2025-04-24 05:30:00,1263.3105903197002,0.0,381.0,0.0
2025-04-24 06:00:00,1380.418055255707,0.0,341.0,0.0
2025-04-24 06:30:00,893.6831458993737,0.0,239.0,0.0
2025-04-24 07:00:00,1132.2294505009036,0.0,310.0,0.0
2025-04-24 07:30:00,1215.650349452487,0.0,349.0,0.0
2025-04-24 08:00:00,1067.719988329637,0.0,302.0,0.0
2025-04-24 08:30:00,1094.68470076475,0.0,335.0,0.0
2025-04-24 09:00:00,1114.2983906896684,0.0,405.0,0.0
2025-04-24 09:30:00,978.1506853167624,0.0,403.0,0.0
2025-04-24 10:00:00,966.45859875456,0.0,397.0,0.0
2025-04-24 10:30:00,958.6019288167736,0.0,414.0,0.0
2025-04-24 11:00:00,862.1142227377733,0.0,427.0,0.0
2025-04-24 11:30:00,1207.9685904200142,0.0,443.0,0.0
2025-04-24 12:00:00,1023.2747294964382,0.0,411.0,0.0
2025-04-24 12:30:00,957.1810788832944,0.0,379.0,0.0
2025-04-24 13:00:00,716.1088013972599,0.0,336.0,0.0
2025-04-24 13:30:00,545.9067384502105,0.0,232.00000000000003,0.0
2025-04-24 14:00:00,414.69020602017446,0.0,259.0,0.0
2025-04-24 14:30:00,810.2275476999002,0.0,373.0,0.0
2025-04-24 15:00:00,835.9684745665115,0.0,399.0,0.0
2025-04-24 15:30:00,1460.958143553229,0.0,489.0,0.0
2025-04-24 16:00:00,1628.6882366748011,0.0,495.00000000000006,0.0
2025-04-24 16:30:00,1429.6018705675278,0.0,468.0,0.0
2025-04-24 17:00:00,1376.2184700066587,0.0,445.00000000000006,0.0
2025-04-24 17:30:00,1032.4572420377451,0.0,278.0,0.0
2025-04-24 18:00:00,1461.4164785404425,0.0,422.0,0.0
2025-04-24 18:30:00,1486.8546797594788,0.0,434.0,0.0
2025-04-24 19:00:00,1340.4351624906049,0.0,404.0,0.0
2025-04-24 19:30:00,1309.1095958814335,0.0,434.0,0.0
2025-04-24 20:00:00,1078.118500578442,0.0,282.0,0.0
2025-04-24 20:30:00,978.951944235328,0.0,271.0,0.0
2025-04-24 21:00:00,1416.1598665813824,0.0,428.0,0.0
2025-04-24 21:30:00,1339.7732230077636,0.0,365.00000000000006,0.0
2025-04-24 22:00:00,1307.1991651892051,0.0,424.0,0.0
2025-04-24 22:30:00,1409.1316448935304,0.0,438.0,0.0
2025-04-24 23:00:00,1374.107642745392,0.0,415.0,0.0
2025-04-24 23:30:00,1307.5504488404367,0.0,396.00000000000006,0.0
2025-04-25 00:00:00,1342.9995205546327,0.0,421.00000000000006,0.0
2025-04-25 00:30:00,1084.0991144337547,0.0,282.0,0.0
2025-04-25 01:00:00,851.6586111105792,0.0,234.0,0.0
2025-04-25 01:30:00,1045.5567414757188,0.0,318.0,0.0
2025-04-25 02:00:00,1266.698214902542,0.0,383.0,0.0
2025-04-25 02:30:00,1421.6805536897318,0.0,455.0,0.0
2025-04-25 03:00:00,1450.305398589203,0.0,451.00000000000006,0.0
2025-04-25 03:30:00,1394.9696190327827,0.0,438.99999999999994,0.0
2025-04-25 04:00:00,1455.2179179421648,0.0,463.0,0.0
2025-04-25 04:30:00,1229.2713599122087,0.0,401.0,0.0
2025-04-25 05:00:00,1579.011455371479,0.0,449.99999999999994,0.0
2025-04-25 05:30:00,1354.293747957563,0.0,437.0,0.0
2025-04-25 06:00:00,1115.552435006378,0.0,384.0,0.0
2025-04-25 06:30:00,823.0350429390113,0.0,242.00000000000003,0.0
2025-04-25 07:00:00,1260.9719395590776,0.0,371.0,0.0
2025-04-25 07:30:00,1356.518321005484,0.0,404.99999999999994,0.0
2025-04-25 08:00:00,883.3731189314979,0.0,247.99999999999997,0.0
2025-04-25 08:30:00,1126.0820165171087,0.0,346.0,0.0
2025-04-25 09:00:00,1298.0087021901466,0.0,434.0,0.0
2025-04-25 09:30:00,1389.5098636126356,0.0,459.00000000000006,0.0
2025-04-25 10:00:00,1439.4576058717432,0.0,493.0,0.0
2025-04-25 10:30:00,1507.6623624399474,0.0,530.0,0.0
2025-04-25 11:00:00,1433.6548913072907,0.0,482.0,0.0
2025-04-25 11:30:00,1291.4547054206487,0.0,512.0,0.0
2025-04-25 12:00:00,1220.404479679149,0.0,522.0,0.0
2025-04-25 12:30:00,991.9339859196562,0.0,458.0,0.0
2025-04-25 13:00:00,908.2108527904732,0.0,390.0,0.0
2025-04-25 13:30:00,384.87431821761413,0.0,258.0,0.0
2025-04-25 14:00:00,573.0195029086294,0.0,265.0,0.0
2025-04-25 14:30:00,1140.8879116167586,0.0,417.0,0.0
2025-04-25 15:00:00,1591.2051659320198,0.0,521.0,0.0
2025-04-25 15:30:00,1493.8249695348695,0.0,523.0,0.0
2025-04-25 16:00:00,1532.6668719378974,0.0,516.0,0.0
2025-04-25 16:30:00,1541.3115924903502,0.0,495.0,0.0
2025-04-25 17:00:00,1402.1601092110093,0.0,478.0,0.0
2025-04-25 17:30:00,956.8171292338467,0.0,300.0,0.0
2025-04-25 18:00:00,1307.8355251699622,0.0,440.99999999999994,0.0
2025-04-25 18:30:00,1479.725665836292,0.0,496.0,0.0
2025-04-25 19:00:00,1614.8214739901473,0.0,536.0,0.0
2025-04-25 19:30:00,1778.8097935964636,0.0,508.00000000000006,0.0
2025-04-25 20:00:00,1252.206149798178,0.0,421.0,0.0
2025-04-25 20:30:00,1260.9689261651934,0.0,367.0,0.0
2025-04-25 21:00:00,1386.49949008881,0.0,453.0,0.0
2025-04-25 21:30:00,1453.2206743869765,0.0,449.0,0.0
2025-04-25 22:00:00,1686.04275208243,0.0,504.0,0.0
2025-04-25 22:30:00,1299.3183161032578,0.0,423.0,0.0
2025-04-25 23:00:00,1431.9753101545195,0.0,469.99999999999994,0.0
2025-04-25 23:30:00,1469.761820848157,0.0,475.99999999999994,0.0
2025-04-26 00:00:00,1415.9610126791956,0.0,411.0,0.0
2025-04-26 00:30:00,991.5469612496825,0.0,297.0,0.0
2025-04-26 01:00:00,871.2257003181537,0.0,238.00000000000003,0.0
2025-04-26 01:30:00,1000.4284688940172,0.0,288.0,0.0
2025-04-26 02:00:00,1197.179151486853,0.0,362.0,0.0
2025-04-26 02:30:00,1337.8688563782175,0.0,443.0,0.0
2025-04-26 03:00:00,1346.6045567434915,0.0,432.0,0.0
2025-04-26 03:30:00,1287.8965752567356,0.0,384.0,0.0
2025-04-26 04:00:00,1311.2226014888931,0.0,414.0,0.0
2025-04-26 04:30:00,1400.984424634853,0.0,438.0,0.0
2025-04-26 05:00:00,1436.7481125856891,0.0,462.0,0.0
2025-04-26 05:30:00,1451.0190126275295,0.0,440.00000000000006,0.0
2025-04-26 06:00:00,1337.397822952066,0.0,407.0,0.0
2025-04-26 06:30:00,936.2573712000836,0.0,269.0,0.0
2025-04-26 07:00:00,1346.4057181897574,0.0,453.0,0.0
2025-04-26 07:30:00,1320.6404592469257,0.0,383.0,0.0
2025-04-26 08:00:00,909.3846301503556,0.0,323.0,0.0
2025-04-26 08:30:00,1054.7383654272517,0.0,345.0,0.0
2025-04-26 09:00:00,1090.5498409013162,0.0,414.0,0.0
2025-04-26 09:30:00,1063.5032824462173,0.0,443.0,0.0
2025-04-26 10:00:00,1158.0371816480267,0.0,457.0,0.0
2025-04-26 10:30:00,1106.8988731461798,0.0,439.0,0.0
2025-04-26 11:00:00,1290.5651615984493,0.0,504.0,0.0
2025-04-26 11:30:00,1196.8867585044638,0.0,455.0,0.0
2025-04-26 12:00:00,1044.1379499387194,0.0,451.0,0.0
2025-04-26 12:30:00,984.6062947914429,0.0,458.0,0.0
2025-04-26 13:00:00,1109.0248341216961,0.0,433.0,0.0
2025-04-26 13:30:00,465.6516368456743,0.0,255.0,0.0
2025-04-26 14:00:00,252.78833985618658,0.0,210.0,0.0
2025-04-26 14:30:00,860.2573828878435,0.0,407.0,0.0
2025-04-26 15:00:00,1082.681661076275,0.0,455.0,0.0
2025-04-26 15:30:00,1143.8463081145528,0.0,466.0,0.0
2025-04-26 16:00:00,990.0903191871497,0.0,457.0,0.0
2025-04-26 16:30:00,981.2163707957158,0.0,364.0,0.0
2025-04-26 17:00:00,781.9971213013345,0.0,280.0,0.0
2025-04-26 17:30:00,684.9770832419629,0.0,185.0,0.0
2025-04-26 18:00:00,974.3174987387115,0.0,306.0,0.0
2025-04-26 18:30:00,999.2720679106753,0.0,329.0,0.0
2025-04-26 19:00:00,1044.8600988788237,0.0,308.0,0.0
2025-04-26 19:30:00,907.9568614539729,0.0,261.0,0.0
2025-04-26 20:00:00,789.91832949185,0.0,211.0,0.0
2025-04-26 20:30:00,973.004902315721,0.0,287.0,0.0
2025-04-26 21:00:00,1389.8759583007236,0.0,449.0,0.0
2025-04-26 21:30:00,1402.4574419126093,0.0,465.00000000000006,0.0
2025-04-26 22:00:00,1505.183735114934,0.0,451.00000000000006,0.0
2025-04-26 22:30:00,1353.262215662828,0.0,410.0,0.0
2025-04-26 23:00:00,1403.6946725226946,0.0,448.0,0.0
2025-04-26 23:30:00,1470.106332312039,0.0,398.99999999999994,0.0
2025-04-27 00:00:00,1287.2248405245691,0.0,351.0,0.0
2025-04-27 00:30:00,952.3590380300164,0.0,236.0,0.0
2025-04-27 01:00:00,850.9939519149658,0.0,189.0,0.0
2025-04-27 01:30:00,953.5234313722324,0.0,268.0,0.0
2025-04-27 02:00:00,1072.7413654572727,0.0,285.0,0.0
2025-04-27 02:30:00,1136.2523376242389,0.0,353.0,0.0
2025-04-27 03:00:00,1175.1094727217949,0.0,352.0,0.0
2025-04-27 03:30:00,1270.1555165130676,0.0,338.0,0.0
2025-04-27 04:00:00,1135.3135383827453,0.0,290.0,0.0
2025-04-27 04:30:00,1159.209350398972,0.0,264.0,0.0
2025-04-27 05:00:00,907.5899840547225,0.0,222.0,0.0
2025-04-27 05:30:00,1138.2839992359136,0.0,270.0,0.0
2025-04-27 06:00:00,904.3152851328532,0.0,241.00000000000003,0.0
2025-04-27 06:30:00,672.6933290949611,0.0,150.0,0.0
2025-04-27 07:00:00,895.1055526103146,0.0,225.0,0.0
2025-04-27 07:30:00,839.8938885144878,0.0,247.0,0.0
2025-04-27 08:00:00,737.7675906569013,0.0,157.0,0.0
2025-04-27 08:30:00,638.1388967014768,0.0,178.0,0.0
2025-04-27 09:00:00,762.1161188825757,0.0,274.0,0.0
2025-04-27 09:30:00,889.1037039957475,0.0,336.0,0.0
2025-04-27 10:00:00,1041.6057290181313,0.0,399.99999999999994,0.0
2025-04-27 10:30:00,935.1725203346249,0.0,396.0,0.0
2025-04-27 11:00:00,927.3477935831412,0.0,360.0,0.0
2025-04-27 11:30:00,991.6255252753776,0.0,400.0,0.0
2025-04-27 12:00:00,803.4822322808013,0.0,400.0,0.0
2025-04-27 12:30:00,655.6715236912476,0.0,361.0,0.0
2025-04-27 13:00:00,738.0436566879131,0.0,367.0,0.0
2025-04-27 13:30:00,186.83968440065783,1.0,146.0,0.0
2025-04-27 14:00:00,196.8045275356146,0.9999999999999999,156.0,0.0
2025-04-27 14:30:00,726.3640768841661,0.0,341.0,0.0
2025-04-27 15:00:00,734.7243431338921,0.0,369.0,0.0
2025-04-27 15:30:00,1029.7123795640298,0.0,415.0,0.0
2025-04-27 16:00:00,934.5540522896164,0.0,391.0,0.0
2025-04-27 16:30:00,961.7870043977521,0.0,414.0,0.0
2025-04-27 17:00:00,1051.4325762558756,0.0,417.0,0.0
2025-04-27 17:30:00,968.0350364555079,0.0,309.0,0.0
2025-04-27 18:00:00,1123.3368153551662,0.0,354.0,0.0
2025-04-27 18:30:00,962.2669500170464,0.0,298.0,0.0
2025-04-27 19:00:00,990.4984040003108,0.0,280.0,0.0
2025-04-27 19:30:00,877.0282323935625,0.0,277.0,0.0
2025-04-27 20:00:00,800.2406202427462,0.0,228.0,0.0
2025-04-27 20:30:00,743.3926728912701,0.0,166.0,0.0
2025-04-27 21:00:00,902.7559034093359,0.0,221.0,0.0
2025-04-27 21:30:00,933.2979259755034,0.0,222.0,0.0
2025-04-27 22:00:00,1012.2454128805762,0.0,233.0,0.0
2025-04-27 22:30:00,927.5746933368247,0.0,250.99999999999997,0.0
2025-04-27 23:00:00,1053.1658100846387,0.0,257.0,0.0
2025-04-27 23:30:00,937.5315728073246,0.0,219.0,0.0
2025-04-28 00:00:00,1307.5110353365583,0.0,397.00000000000006,0.0
2025-04-28 00:30:00,902.505204978785,0.0,201.0,0.0
2025-04-28 01:00:00,822.4251494727888,0.0,189.0,0.0
2025-04-28 01:30:00,1131.268266231626,0.0,274.0,0.0
2025-04-28 02:00:00,891.8586755892509,0.0,281.0,0.0
2025-04-28 02:30:00,1177.6858522906698,0.0,341.0,0.0
2025-04-28 03:00:00,1302.1555882119553,0.0,398.00000000000006,0.0
2025-04-28 03:30:00,1220.3827150997581,0.0,365.0,0.0
2025-04-28 04:00:00,1346.1681150225843,0.0,395.0,0.0
2025-04-28 04:30:00,1303.4476323502947,0.0,380.0,0.0
2025-04-28 05:00:00,1117.3687747820302,0.0,352.0,0.0
2025-04-28 05:30:00,1316.4956359815678,0.0,317.0,0.0
2025-04-28 06:00:00,987.9575375738192,0.0,270.0,0.0
2025-04-28 06:30:00,736.53340000928,0.0,135.0,0.0
2025-04-28 07:00:00,941.5006992140803,0.0,234.0,0.0
2025-04-28 07:30:00,886.3992296197205,0.0,221.0,0.0
2025-04-28 08:00:00,787.8373089230863,0.0,176.0,0.0
2025-04-28 08:30:00,996.8767901443073,0.0,284.0,0.0
2025-04-28 09:00:00,1245.5458349159742,0.0,428.00000000000006,0.0
2025-04-28 09:30:00,1299.1943898292345,0.0,482.0,0.0
2025-04-28 10:00:00,1269.1293001673648,0.0,461.0,0.0
2025-04-28 10:30:00,1228.6097866610987,0.0,471.99999999999994,0.0
2025-04-28 11:00:00,1075.9550007130263,0.0,493.0,0.0
2025-04-28 11:30:00,981.9138572304364,0.0,466.0,0.0
2025-04-28 12:00:00,967.8545524842527,0.0,436.0,0.0
2025-04-28 12:30:00,1008.4109716060664,0.0,417.0,0.0
2025-04-28 13:00:00,873.1818150851927,0.0,332.0,0.0
2025-04-28 13:30:00,558.8024283114075,0.0,216.0,0.0
2025-04-28 14:00:00,639.1238178291751,0.0,250.0,0.0
2025-04-28 14:30:00,996.5259483039447,0.0,429.0,0.0
2025-04-28 15:00:00,1453.9884621826095,0.0,484.0,0.0
2025-04-28 15:30:00,1345.481777091359,0.0,471.00000000000006,0.0
2025-04-28 16:00:00,1112.4935014480698,0.0,405.0,0.0
2025-04-28 16:30:00,1193.1130222792474,0.0,416.0,0.0
2025-04-28 17:00:00,1286.0523474006104,0.0,417.00000000000006,0.0
2025-04-28 17:30:00,972.2209286736714,0.0,289.0,0.0
2025-04-28 18:00:00,1334.436003544749,0.0,455.99999999999994,0.0
2025-04-28 18:30:00,1523.7632240738812,0.0,479.99999999999994,0.0
2025-04-28 19:00:00,1391.8382276265856,0.0,492.99999999999994,0.0
2025-04-28 19:30:00,1595.8160966865576,0.0,461.00000000000006,0.0
2025-04-28 20:00:00,1218.6863040343762,0.0,327.0,0.0
2025-04-28 20:30:00,1148.3851814185457,0.0,346.0,0.0
2025-04-28 21:00:00,1304.504552835512,0.0,395.0,0.0
2025-04-28 21:30:00,1315.594095675031,0.0,392.99999999999994,0.0
2025-04-28 22:00:00,1587.7139953438214,0.0,452.99999999999994,0.0
2025-04-28 22:30:00,1691.8049248235986,0.0,404.0,0.0
2025-04-28 23:00:00,1492.8179124789795,0.0,409.0,0.0
2025-04-28 23:30:00,1397.8389428498792,0.0,453.00000000000006,0.0
2025-04-29 00:00:00,1527.176922419485,0.0,449.0,0.0
2025-04-29 00:30:00,1114.6308628276613,0.0,297.0,0.0
2025-04-29 01:00:00,904.8438815758685,0.0,233.0,0.0
2025-04-29 01:30:00,1259.9437821040844,0.0,354.0,0.0
2025-04-29 02:00:00,1196.2508538404386,0.0,369.0,0.0
2025-04-29 02:30:00,1595.4691892563255,0.0,458.99999999999994,0.0
2025-04-29 03:00:00,1376.6021166129267,0.0,449.0,0.0
2025-04-29 03:30:00,1494.9886519532067,0.0,452.0,0.0
2025-04-29 04:00:00,1530.5542164286808,0.0,452.0,0.0
2025-04-29 04:30:00,1504.3299363883173,0.0,489.0,0.0
2025-04-29 05:00:00,1598.9039878355004,0.0,470.99999999999994,0.0
2025-04-29 05:30:00,1450.742918473129,0.0,452.00000000000006,0.0
2025-04-29 06:00:00,1235.854075310188,0.0,372.0,0.0
2025-04-29 06:30:00,851.074699284312,0.0,223.00000000000003,0.0
2025-04-29 07:00:00,1272.5621141679774,0.0,362.0,0.0
2025-04-29 07:30:00,1386.2576518228375,0.0,401.00000000000006,0.0
2025-04-29 08:00:00,928.8189889183665,0.0,300.0,0.0
2025-04-29 08:30:00,950.932359892319,0.0,343.0,0.0
2025-04-29 09:00:00,1371.4656488783266,0.0,479.0,0.0
2025-04-29 09:30:00,1364.1265618450163,0.0,480.0,0.0
2025-04-29 10:00:00,1441.4073481659682,0.0,477.0,0.0
2025-04-29 10:30:00,1178.0544873004167,0.0,456.0,0.0
2025-04-29 11:00:00,1458.129519948783,0.0,528.0,0.0
2025-04-29 11:30:00,1346.148812586495,0.0,500.0,0.0
2025-04-29 12:00:00,1258.6388993829935,0.0,491.0,0.0
2025-04-29 12:30:00,920.9131078804369,0.0,391.0,0.0
2025-04-29 13:00:00,579.3913176375997,0.0,345.0,0.0
2025-04-29 13:30:00,451.5205915317274,0.0,257.0,0.0
2025-04-29 14:00:00,828.8071477236041,0.0,294.0,0.0
2025-04-29 14:30:00,935.3916241533711,0.0,433.0,0.0
2025-04-29 15:00:00,1042.7122402444027,0.0,499.0,0.0
2025-04-29 15:30:00,1331.3583511587374,0.0,468.0,0.0
2025-04-29 16:00:00,1558.1383229487901,0.0,515.0,0.0
2025-04-29 16:30:00,1561.5412559933188,0.0,556.0,0.0
2025-04-29 17:00:00,1557.993087614034,0.0,533.0,0.0
2025-04-29 17:30:00,1137.6596918230516,0.0,305.0,0.0
2025-04-29 18:00:00,1423.8798818385785,0.0,491.0,0.0
2025-04-29 18:30:00,1330.275283002349,0.0,479.0,0.0
2025-04-29 19:00:00,1483.3382244344743,0.0,501.0,0.0
2025-04-29 19:30:00,1526.4094369677075,0.0,478.0,0.0
2025-04-29 20:00:00,1119.752254813284,0.0,349.0,0.0
2025-04-29 20:30:00,1108.8758117145069,0.0,331.0,0.0
2025-04-29 21:00:00,1155.6903656173763,0.0,393.0,0.0
2025-04-29 21:30:00,1472.3814500271353,0.0,414.0,0.0
2025-04-29 22:00:00,1605.864580990773,0.0,441.99999999999994,0.0
2025-04-29 22:30:00,1387.2502897172228,0.0,431.0,0.0
2025-04-29 23:00:00,1411.2377353415418,0.0,395.00000000000006,0.0
2025-04-29 23:30:00,1343.433912670302,0.0,431.0,0.0
2025-04-30 00:00:00,1277.913764357019,0.0,380.0,0.0
2025-04-30 00:30:00,1035.050199123356,0.0,278.0,0.0
2025-04-30 01:00:00,786.4921890419604,0.0,197.0,0.0
2025-04-30 01:30:00,1034.83385149126,0.0,307.0,0.0
2025-04-30 02:00:00,1169.08669242984,0.0,361.0,0.0
2025-04-30 02:30:00,1375.2093432732083,0.0,440.0,0.0
2025-04-30 03:00:00,1368.150795943309,0.0,402.00000000000006,0.0
2025-04-30 03:30:00,1368.5591506676578,0.0,389.0,0.0
2025-04-30 04:00:00,1339.1366418870941,0.0,420.0,0.0
2025-04-30 04:30:00,1438.5907723588264,0.0,418.00000000000006,0.0
2025-04-30 05:00:00,1227.088657585816,0.0,399.0,0.0
2025-04-30 05:30:00,1173.8650966316773,0.0,384.0,0.0
2025-04-30 06:00:00,1067.5194133632751,0.0,369.0,0.0
2025-04-30 06:30:00,829.729856826803,0.0,201.0,0.0
2025-04-30 07:00:00,1143.8029703486116,0.0,368.0,0.0
2025-04-30 07:30:00,1195.1044347532547,0.0,357.0,0.0
2025-04-30 08:00:00,892.5594597893486,0.0,316.0,0.0
2025-04-30 08:30:00,1046.5038198601096,0.0,385.0,0.0
2025-04-30 09:00:00,1199.3531137846,0.0,416.0,0.0
2025-04-30 09:30:00,1168.230115517464,0.0,458.0,0.0
2025-04-30 10:00:00,1129.3462221844927,0.0,463.0,0.0
2025-04-30 10:30:00,1191.222618156669,0.0,464.0,0.0
2025-04-30 11:00:00,1025.2154573343462,0.0,417.0,0.0
2025-04-30 11:30:00,1145.0392972617612,0.0,449.0,0.0
2025-04-30 12:00:00,914.1181521259634,0.0,412.0,0.0
2025-04-30 12:30:00,877.6400685264841,0.0,428.0,0.0
2025-04-30 13:00:00,868.2619641052625,0.0,369.0,0.0
2025-04-30 13:30:00,647.3763175865182,0.0,259.0,0.0
2025-04-30 14:00:00,562.3054412557119,0.0,263.0,0.0
2025-04-30 14:30:00,929.6264463470633,0.0,383.0,0.0
2025-04-30 15:00:00,1138.4727450219698,0.0,472.0,0.0
2025-04-30 15:30:00,1194.4996584097862,0.0,424.0,0.0
2025-04-30 16:00:00,1326.608353097208,0.0,470.99999999999994,0.0
2025-04-30 16:30:00,1203.3942893277901,0.0,479.0,0.0
2025-04-30 17:00:00,1243.3686625690677,0.0,466.0,0.0
2025-04-30 17:30:00,1038.5547837937177,0.0,306.0,0.0
2025-04-30 18:00:00,1600.296972212006,0.0,502.99999999999994,0.0
2025-04-30 18:30:00,1398.4975219519604,0.0,503.99999999999994,0.0
2025-04-30 19:00:00,1606.191672419837,0.0,509.0,0.0
2025-04-30 19:30:00,1694.6135347379682,0.0,502.0,0.0
2025-04-30 20:00:00,1296.4611106160714,0.0,361.00000000000006,0.0
2025-04-30 20:30:00,1237.8622780058859,0.0,352.0,0.0
2025-04-30 21:00:00,1398.6520839421432,0.0,413.0,0.0
2025-04-30 21:30:00,1413.7510592314375,0.0,419.0,0.0
2025-04-30 22:00:00,1405.2975220092678,0.0,420.0,0.0
2025-04-30 22:30:00,1436.9507160852027,0.0,434.99999999999994,0.0
2025-04-30 23:00:00,1460.9222764140343,0.0,445.0,0.0
2025-04-30 23:30:00,1378.5071688631747,0.0,463.99999999999994,0.0
2025-05-01 00:00:00,898.1911891731185,0.0,384.0,0.0
2025-05-01 00:30:00,778.0530541765615,0.0,260.0,0.0
2025-05-01 01:00:00,593.2807966330287,0.0,218.0,0.0
2025-05-01 01:30:00,742.3006827868179,0.0,322.0,0.0
2025-05-01 02:00:00,860.1267845196252,0.0,354.0,0.0
2025-05-01 02:30:00,933.624149092786,0.0,370.0,0.0
2025-05-01 03:00:00,964.1455055265566,0.0,405.0,0.0
2025-05-01 03:30:00,962.457968863048,0.0,409.0,0.0
2025-05-01 04:00:00,959.290091774909,0.0,419.0,0.0
2025-05-01 04:30:00,834.9047977466186,0.0,378.0,0.0
2025-05-01 05:00:00,935.5559861561808,0.0,370.0,0.0
2025-05-01 05:30:00,895.0098476525085,0.0,383.0,0.0
2025-05-01 06:00:00,886.2610141181527,0.0,334.0,0.0
2025-05-01 06:30:00,551.7479963969073,0.0,229.0,0.0
2025-05-01 07:00:00,769.722139490322,0.0,363.0,0.0
2025-05-01 07:30:00,887.690499524128,0.0,359.0,0.0
2025-05-01 08:00:00,564.2426844974574,0.0,247.0,0.0
2025-05-01 08:30:00,455.6141422664667,0.0,186.0,0.0
2025-05-01 09:00:00,444.24604444171473,0.0,194.0,0.0
2025-05-01 09:30:00,607.4592964142956,0.0,327.0,0.0
2025-05-01 10:00:00,699.7723735234982,0.0,421.0,0.0
2025-05-01 10:30:00,550.1606329187464,0.0,391.0,0.0
2025-05-01 11:00:00,741.6031365104662,0.0,468.0,0.0
2025-05-01 11:30:00,696.1080624338712,0.0,437.0,0.0
2025-05-01 12:00:00,644.59426951236,0.0,400.0,0.0
2025-05-01 12:30:00,656.2143330978711,0.0,441.00000000000006,0.0
2025-05-01 13:00:00,600.3335954006311,0.0,361.0,0.0
2025-05-01 13:30:00,239.11665241188038,0.0,166.0,0.0
2025-05-01 14:00:00,338.4311002216753,0.0,156.0,0.0
2025-05-01 14:30:00,663.5931140072043,0.0,368.0,0.0
2025-05-01 15:00:00,782.7869539059683,0.0,423.0,0.0
2025-05-01 15:30:00,703.8063572682479,0.0,387.0,0.0
2025-05-01 16:00:00,812.4855526158843,0.0,421.99999999999994,0.0
2025-05-01 16:30:00,776.5808620627666,0.0,376.0,0.0
2025-05-01 17:00:00,739.559501109093,0.0,331.0,0.0
2025-05-01 17:30:00,649.8948872426099,0.0,290.0,0.0
2025-05-01 18:00:00,591.9171852245912,0.0,225.0,0.0
2025-05-01 18:30:00,443.81679578956897,0.0,145.0,0.0
2025-05-01 19:00:00,380.18516466558293,0.0,144.0,0.0
2025-05-01 19:30:00,406.7333922761953,0.0,135.0,0.0
2025-05-01 20:00:00,399.2190248294914,0.0,140.0,0.0
2025-05-01 20:30:00,493.19571541760257,0.0,171.0,0.0
2025-05-01 21:00:00,573.9300859102597,0.0,214.0,0.0
2025-05-01 21:30:00,736.5414985344296,0.0,337.0,0.0
2025-05-01 22:00:00,920.2334578459347,0.0,407.0,0.0
2025-05-01 22:30:00,1021.8696180633731,0.0,422.0,0.0
2025-05-01 23:00:00,1015.7194377740198,0.0,436.0,0.0
2025-05-01 23:30:00,965.1459421677698,0.0,418.0,0.0
2025-05-02 00:00:00,1289.4128794755984,0.0,367.0,0.0
2025-05-02 00:30:00,990.232016579424,0.0,281.0,0.0
2025-05-02 01:00:00,829.8695585723725,0.0,253.99999999999997,0.0
2025-05-02 01:30:00,1015.4133094897726,0.0,309.0,0.0
2025-05-02 02:00:00,1141.814918344085,0.0,292.99999999999994,0.0
2025-05-02 02:30:00,1208.10849044089,0.0,383.0,0.0
2025-05-02 03:00:00,1296.4082102390144,0.0,403.0,0.0
2025-05-02 03:30:00,1313.2139871488077,0.0,402.0,0.0
2025-05-02 04:00:00,1503.3843458838367,0.0,455.99999999999994,0.0
2025-05-02 04:30:00,1237.0308071002892,0.0,395.0,0.0
2025-05-02 05:00:00,1046.2438241613563,0.0,305.0,0.0
2025-05-02 05:30:00,896.7498485012861,0.0,244.0,0.0
2025-05-02 06:00:00,654.9795654194281,0.0,158.0,0.0
2025-05-02 06:30:00,563.9905939803973,0.0,137.0,0.0
2025-05-02 07:00:00,581.8916724505968,0.0,105.0,0.0
2025-05-02 07:30:00,578.6113813587256,0.0,121.0,0.0
2025-05-02 08:00:00,647.1834681770395,0.0,146.0,0.0
2025-05-02 08:30:00,991.4885560949847,0.0,319.0,0.0
2025-05-02 09:00:00,1454.670035070153,0.0,459.99999999999994,0.0
2025-05-02 09:30:00,1109.0334014957916,0.0,418.0,0.0
2025-05-02 10:00:00,1114.2081634892934,0.0,413.0,0.0
2025-05-02 10:30:00,1114.2598707130921,0.0,450.0,0.0
2025-05-02 11:00:00,1103.9548965090844,0.0,477.0,0.0
2025-05-02 11:30:00,1118.73142689306,0.0,479.0,0.0
2025-05-02 12:00:00,1004.1976810518139,0.0,423.0,0.0
2025-05-02 12:30:00,1091.684909150252,0.0,435.0,0.0
2025-05-02 13:00:00,779.6034739495883,0.0,355.0,0.0
2025-05-02 13:30:00,337.98883551195235,0.0,225.00000000000003,0.0
2025-05-02 14:00:00,522.169887022625,0.0,267.0,0.0
2025-05-02 14:30:00,999.7543875644739,0.0,383.0,0.0
2025-05-02 15:00:00,1184.0893209376825,0.0,506.0,0.0
2025-05-02 15:30:00,1157.8419393327295,0.0,459.0,0.0
2025-05-02 16:00:00,1313.3149304839528,0.0,493.0,0.0
2025-05-02 16:30:00,1286.6893394699848,0.0,488.0,0.0
2025-05-02 17:00:00,1503.70603291534,0.0,461.0,0.0
2025-05-02 17:30:00,1116.9735468066917,0.0,303.0,0.0
2025-05-02 18:00:00,1395.1064898397428,0.0,502.0,0.0
2025-05-02 18:30:00,1453.812870763047,0.0,473.0,0.0
2025-05-02 19:00:00,1529.9246290191622,0.0,494.0,0.0
2025-05-02 19:30:00,1458.3825302243722,0.0,493.0,0.0
2025-05-02 20:00:00,1174.7597610895314,0.0,320.0,0.0
2025-05-02 20:30:00,1252.5331514362929,0.0,310.0,0.0
2025-05-02 21:00:00,1184.5758426033576,0.0,353.0,0.0
2025-05-02 21:30:00,1268.298342493584,0.0,418.0,0.0
2025-05-02 22:00:00,1234.2901739903061,0.0,387.0,0.0
2025-05-02 22:30:00,1377.9208421620322,0.0,447.0,0.0
2025-05-02 23:00:00,1311.8349509693535,0.0,406.0,0.0
2025-05-02 23:30:00,1411.9539223994245,0.0,453.0,0.0
2025-05-03 00:00:00,1284.1811397195113,0.0,407.0,0.0
2025-05-03 00:30:00,1170.7641039896562,0.0,282.0,0.0
2025-05-03 01:00:00,944.8146663223195,0.0,211.0,0.0
2025-05-03 01:30:00,976.6327725052424,0.0,262.0,0.0
2025-05-03 02:00:00,1208.4395424628644,0.0,353.0,0.0
2025-05-03 02:30:00,1369.5326728075656,0.0,378.0,0.0
2025-05-03 03:00:00,1426.267030819337,0.0,428.99999999999994,0.0
2025-05-03 03:30:00,1297.81777412758,0.0,405.0,0.0
2025-05-03 04:00:00,1478.7523660815682,0.0,426.0,0.0
2025-05-03 04:30:00,1518.4474275230573,0.0,412.99999999999994,0.0
2025-05-03 05:00:00,1390.6329450612818,0.0,381.00000000000006,0.0
2025-05-03 05:30:00,1393.4816436712301,0.0,391.0,0.0
2025-05-03 06:00:00,1314.7138985136035,0.0,360.0,0.0
2025-05-03 06:30:00,830.2023066944042,0.0,175.0,0.0
2025-05-03 07:00:00,1241.9187570367742,0.0,324.0,0.0
2025-05-03 07:30:00,1120.2960732950778,0.0,363.0,0.0
2025-05-03 08:00:00,952.1302277902222,0.0,250.0,0.0
2025-05-03 08:30:00,915.4898965344589,0.0,302.0,0.0
2025-05-03 09:00:00,1105.30015888455,0.0,451.0,0.0
2025-05-03 09:30:00,1182.9928551407693,0.0,429.0,0.0
2025-05-03 10:00:00,1055.215578168839,0.0,433.0,0.0
2025-05-03 10:30:00,1066.193284685979,0.0,461.0,0.0
2025-05-03 11:00:00,855.6287169076669,0.0,426.0,0.0
2025-05-03 11:30:00,908.6424076484593,0.0,407.0,0.0
2025-05-03 12:00:00,1139.7406680421288,0.0,417.0,0.0
2025-05-03 12:30:00,760.157774390929,0.0,367.0,0.0
2025-05-03 13:00:00,738.2877862905973,0.0,365.0,0.0
2025-05-03 13:30:00,346.90604018421044,0.0,170.0,0.0
2025-05-03 14:00:00,121.89385443924489,4.0,132.0,0.0
2025-05-03 14:30:00,563.1683424723376,0.0,294.0,0.0
2025-05-03 15:00:00,738.3414662679209,0.0,286.0,0.0
2025-05-03 15:30:00,609.7185704941418,0.0,275.0,0.0
2025-05-03 16:00:00,671.4315974118443,0.0,292.0,0.0
2025-05-03 16:30:00,779.0372070856296,0.0,284.0,0.0
2025-05-03 17:00:00,817.59658927867,0.0,277.0,0.0
2025-05-03 17:30:00,423.7424106940178,0.0,143.0,0.0
2025-05-03 18:00:00,805.772109389257,0.0,240.99999999999997,0.0
2025-05-03 18:30:00,933.6290377611289,0.0,231.0,0.0
2025-05-03 19:00:00,966.3483619548646,0.0,265.0,0.0
2025-05-03 19:30:00,989.5450828300346,0.0,213.0,0.0
2025-05-03 20:00:00,665.0258553671118,0.0,138.0,0.0
2025-05-03 20:30:00,917.6007730288346,0.0,256.0,0.0
2025-05-03 21:00:00,1387.6862974024668,0.0,378.0,0.0
2025-05-03 21:30:00,1313.8656893443085,0.0,397.0,0.0
2025-05-03 22:00:00,1362.5496780846302,0.0,400.0,0.0
2025-05-03 22:30:00,1250.0254873972465,0.0,372.0,0.0
2025-05-03 23:00:00,1403.53708422395,0.0,377.0,0.0
2025-05-03 23:30:00,1204.6331839148306,0.0,379.0,0.0
2025-05-04 00:00:00,1178.6897849392296,0.0,365.0,0.0
2025-05-04 00:30:00,946.9908477740785,0.0,209.0,0.0
2025-05-04 01:00:00,763.1974275802331,0.0,169.0,0.0
2025-05-04 01:30:00,943.690412640559,0.0,211.0,0.0
2025-05-04 02:00:00,1049.1782948484652,0.0,301.0,0.0
2025-05-04 02:30:00,982.9145105832861,0.0,260.0,0.0
2025-05-04 03:00:00,1085.6022138465576,0.0,258.0,0.0
2025-05-04 03:30:00,1072.5734051265028,0.0,255.0,0.0
2025-05-04 04:00:00,1031.2376325747864,0.0,257.0,0.0
2025-05-04 04:30:00,1034.5768260941377,0.0,267.0,0.0
2025-05-04 05:00:00,1044.8086285192514,0.0,276.0,0.0
2025-05-04 05:30:00,958.7109529585665,0.0,237.0,0.0
2025-05-04 06:00:00,831.7384322804196,0.0,195.0,0.0
2025-05-04 06:30:00,726.6090256337516,0.0,110.0,0.0
2025-05-04 07:00:00,894.9690821542272,0.0,213.0,0.0
2025-05-04 07:30:00,895.1000054283868,0.0,207.0,0.0
2025-05-04 08:00:00,711.2777860051829,0.0,135.0,0.0
2025-05-04 08:30:00,624.829172870756,0.0,160.0,0.0
2025-05-04 09:00:00,724.5239866007453,0.0,203.99999999999997,0.0
2025-05-04 09:30:00,752.7980126875046,0.0,242.0,0.0
2025-05-04 10:00:00,679.3471164067153,0.0,220.0,0.0
2025-05-04 10:30:00,463.47016510920395,0.0,202.0,0.0
2025-05-04 11:00:00,549.4587319889017,0.0,257.0,0.0
2025-05-04 11:30:00,607.5520213079811,0.0,254.0,0.0
2025-05-04 12:00:00,476.0679005256799,0.0,262.0,0.0
2025-05-04 12:30:00,394.1475854269519,0.0,227.0,0.0
2025-05-04 13:00:00,517.4024512009228,0.0,246.0,0.0
2025-05-04 13:30:00,118.01107963138494,18.0,120.00000000000001,0.0
2025-05-04 14:00:00,108.32427342508271,1.0,95.0,0.0
2025-05-04 14:30:00,582.1689381290305,0.0,242.0,0.0
2025-05-04 15:00:00,497.6999006388205,0.0,257.0,0.0
2025-05-04 15:30:00,502.1383635034563,0.0,220.0,0.0
2025-05-04 16:00:00,611.7976644250792,0.0,239.0,0.0
2025-05-04 16:30:00,636.8306679108185,0.0,270.0,0.0
2025-05-04 17:00:00,764.7783146883688,0.0,240.0,0.0
2025-05-04 17:30:00,662.0295870484797,0.0,140.0,0.0
2025-05-04 18:00:00,1000.9169267650129,0.0,260.0,0.0
2025-05-04 18:30:00,914.9005090137624,0.0,221.0,0.0
2025-05-04 19:00:00,1020.9291392773563,0.0,215.0,0.0
2025-05-04 19:30:00,799.6097516812171,0.0,207.0,0.0
2025-05-04 20:00:00,679.2163688880413,0.0,143.0,0.0
2025-05-04 20:30:00,670.318878792745,0.0,163.0,0.0
2025-05-04 21:00:00,978.3484682453114,0.0,213.0,0.0
2025-05-04 21:30:00,1030.9443308638151,0.0,239.0,0.0
2025-05-04 22:00:00,1076.9947103301379,0.0,239.0,0.0
2025-05-04 22:30:00,873.3537412172298,0.0,191.0,0.0
2025-05-04 23:00:00,955.0906992757547,0.0,214.0,0.0
2025-05-04 23:30:00,1055.190209284135,0.0,243.0,0.0
2025-05-05 00:00:00,1401.8420444561261,0.0,397.0,0.0
2025-05-05 00:30:00,895.861529772803,0.0,201.0,0.0
2025-05-05 01:00:00,812.1013577012595,0.0,189.0,0.0
2025-05-05 01:30:00,1151.6926381337346,0.0,274.0,0.0
2025-05-05 02:00:00,1090.318520435409,0.0,281.0,0.0
2025-05-05 02:30:00,1181.3588883841173,0.0,341.0,0.0
2025-05-05 03:00:00,1230.3795986462874,0.0,398.00000000000006,0.0
2025-05-05 03:30:00,1391.3015912123815,0.0,365.00000000000006,0.0
2025-05-05 04:00:00,1288.872307524922,0.0,395.0,0.0
2025-05-05 04:30:00,1315.4542359604684,0.0,380.00000000000006,0.0
2025-05-05 05:00:00,1255.968546450335,0.0,352.0,0.0
2025-05-05 05:30:00,1160.710778194392,0.0,317.0,0.0
2025-05-05 06:00:00,1036.370509152056,0.0,269.99999999999994,0.0
2025-05-05 06:30:00,741.9888796812688,0.0,135.0,0.0
2025-05-05 07:00:00,1002.8361223666684,0.0,234.0,0.0
2025-05-05 07:30:00,823.9660151456709,0.0,221.0,0.0
2025-05-05 08:00:00,826.4094131953989,0.0,176.0,0.0
2025-05-05 08:30:00,992.4980478371615,0.0,284.0,0.0
2025-05-05 09:00:00,1169.0111268522853,0.0,428.0,0.0
2025-05-05 09:30:00,1379.6729459545309,0.0,482.00000000000006,0.0
2025-05-05 10:00:00,1197.4957640427413,0.0,461.0,0.0
2025-05-05 10:30:00,1248.0470012532742,0.0,472.0,0.0
2025-05-05 11:00:00,1099.8154207712682,0.0,493.0,0.0
2025-05-05 11:30:00,998.1669346660149,0.0,466.0,0.0
2025-05-05 12:00:00,1023.2299367429251,0.0,436.0,0.0
2025-05-05 12:30:00,977.7457779952126,0.0,417.0,0.0
2025-05-05 13:00:00,921.9298057989005,0.0,332.0,0.0
2025-05-05 13:30:00,569.1497085994384,0.0,216.0,0.0
2025-05-05 14:00:00,633.8948656804921,0.0,250.0,0.0
2025-05-05 14:30:00,1111.382720332172,0.0,429.0,0.0
2025-05-05 15:00:00,1381.6680770031307,0.0,484.0,0.0
2025-05-05 15:30:00,1463.3078461136924,0.0,471.0,0.0
2025-05-05 16:00:00,1038.005597202435,0.0,405.0,0.0
2025-05-05 16:30:00,1141.5817167235914,0.0,416.0,0.0
2025-05-05 17:00:00,1343.4360739781196,0.0,417.0,0.0
2025-05-05 17:30:00,904.2478046691127,0.0,289.0,0.0
2025-05-05 18:00:00,1435.2927216562,0.0,456.0,0.0
2025-05-05 18:30:00,1521.5210151308875,0.0,479.99999999999994,0.0
2025-05-05 19:00:00,1633.6437043651908,0.0,493.0,0.0
2025-05-05 19:30:00,1604.5120931649515,0.0,461.0,0.0
2025-05-05 20:00:00,1299.4051794172963,0.0,327.0,0.0
2025-05-05 20:30:00,1170.5513951003288,0.0,346.0,0.0
2025-05-05 21:00:00,1262.9202289927243,0.0,395.0,0.0
2025-05-05 21:30:00,1466.0578578443326,0.0,393.0,0.0
2025-05-05 22:00:00,1377.1848418628374,0.0,453.0,0.0
2025-05-05 22:30:00,1352.4748838791065,0.0,404.0,0.0
2025-05-05 23:00:00,1446.7567576497963,0.0,409.00000000000006,0.0
2025-05-05 23:30:00,1555.377121515156,0.0,453.00000000000006,0.0
2025-05-06 00:00:00,1307.7509594929788,0.0,384.0,0.0
2025-05-06 00:30:00,1044.35560040773,0.0,234.0,0.0
2025-05-06 01:00:00,863.0539466220183,0.0,206.0,0.0
2025-05-06 01:30:00,1215.52015341246,0.0,296.0,0.0
2025-05-06 02:00:00,1279.0868817192581,0.0,358.0,0.0
2025-05-06 02:30:00,1464.8628777358529,0.0,405.0,0.0
2025-05-06 03:00:00,1525.0257880629551,0.0,392.0,0.0
2025-05-06 03:30:00,1345.642210988478,0.0,395.0,0.0
2025-05-06 04:00:00,1358.9645244328146,0.0,387.0,0.0
2025-05-06 04:30:00,1220.408722890692,0.0,360.00000000000006,0.0
2025-05-06 05:00:00,1308.4761614598058,0.0,363.0,0.0
2025-05-06 05:30:00,1133.1553016222967,0.0,330.0,0.0
2025-05-06 06:00:00,1310.3822955874552,0.0,360.0,0.0
2025-05-06 06:30:00,841.5591160622596,0.0,175.0,0.0
2025-05-06 07:00:00,1084.1201928653593,0.0,313.0,0.0
2025-05-06 07:30:00,1049.9513941162609,0.0,278.0,0.0
2025-05-06 08:00:00,883.9713362927093,0.0,259.0,0.0
2025-05-06 08:30:00,885.3914106618226,0.0,294.0,0.0
2025-05-06 09:00:00,1282.4090449668804,0.0,406.0,0.0
2025-05-06 09:30:00,1335.5841214872344,0.0,394.0,0.0
2025-05-06 10:00:00,1095.1130495218572,0.0,435.0,0.0
2025-05-06 10:30:00,1311.8387683216222,0.0,481.0,0.0
2025-05-06 11:00:00,1162.2309585799514,0.0,459.0,0.0
2025-05-06 11:30:00,1081.404036023315,0.0,466.0,0.0
2025-05-06 12:00:00,915.7417414744107,0.0,413.0,0.0
2025-05-06 12:30:00,913.6140416751334,0.0,385.0,0.0
2025-05-06 13:00:00,883.4012721787027,0.0,341.0,0.0
2025-05-06 13:30:00,354.5183312872288,0.0,199.0,0.0
2025-05-06 14:00:00,516.8734828551314,0.0,234.0,0.0
2025-05-06 14:30:00,1253.4740435361175,0.0,455.0,0.0
2025-05-06 15:00:00,1233.1804463788321,0.0,476.0,0.0
2025-05-06 15:30:00,1415.9733615136972,0.0,442.0,0.0
2025-05-06 16:00:00,1249.8800075706802,0.0,470.0,0.0
2025-05-06 16:30:00,1352.0211998596862,0.0,499.0,0.0
2025-05-06 17:00:00,1336.9591644926134,0.0,455.0,0.0
2025-05-06 17:30:00,1042.9714251866783,0.0,281.0,0.0
2025-05-06 18:00:00,1438.8815588881612,0.0,432.0,0.0
2025-05-06 18:30:00,1668.4914783849545,0.0,503.0,0.0
2025-05-06 19:00:00,1546.2584389850874,0.0,521.0,0.0
2025-05-06 19:30:00,1481.6415053400965,0.0,523.0,0.0
2025-05-06 20:00:00,1304.9636162254346,0.0,354.00000000000006,0.0
2025-05-06 20:30:00,1281.6322229286654,0.0,301.0,0.0
2025-05-06 21:00:00,1492.6823811932743,0.0,387.00000000000006,0.0
2025-05-06 21:30:00,1520.1413245613367,0.0,448.99999999999994,0.0
2025-05-06 22:00:00,1341.09440041649,0.0,407.0,0.0
2025-05-06 22:30:00,1401.7397151463358,0.0,422.0,0.0
2025-05-06 23:00:00,1476.2553781075778,0.0,348.0,0.0
2025-05-06 23:30:00,1258.5519922648716,0.0,379.0,0.0
2025-05-07 00:00:00,1409.4900788426062,0.0,426.00000000000006,0.0
2025-05-07 00:30:00,1046.2101160817356,0.0,293.0,0.0
2025-05-07 01:00:00,995.1371031210218,0.0,239.0,0.0
2025-05-07 01:30:00,1103.9589831032786,0.0,304.0,0.0
2025-05-07 02:00:00,1454.9767831740864,0.0,429.0,0.0
2025-05-07 02:30:00,1507.8543320156912,0.0,472.0,0.0
2025-05-07 03:00:00,1723.9865074186723,0.0,491.0,0.0
2025-05-07 03:30:00,1549.7160688654255,0.0,437.0,0.0
2025-05-07 04:00:00,1564.1808188486011,0.0,475.0,0.0
2025-05-07 04:30:00,1590.6503609692977,0.0,488.99999999999994,0.0
2025-05-07 05:00:00,1381.6744606509978,0.0,438.0,0.0
2025-05-07 05:30:00,1481.4253416055587,0.0,467.0,0.0
2025-05-07 06:00:00,1390.2384729325258,0.0,414.0,0.0
2025-05-07 06:30:00,936.4201192138125,0.0,184.0,0.0
2025-05-07 07:00:00,1141.1947696043271,0.0,330.0,0.0
2025-05-07 07:30:00,1280.3491823728011,0.0,443.0,0.0
2025-05-07 08:00:00,1017.6164086400203,0.0,316.0,0.0
2025-05-07 08:30:00,928.6481834990761,0.0,319.0,0.0
2025-05-07 09:00:00,1301.0970446554416,0.0,443.0,0.0
2025-05-07 09:30:00,1172.6120380286795,0.0,465.0,0.0
2025-05-07 10:00:00,1104.1216653478596,0.0,435.0,0.0
2025-05-07 10:30:00,1040.2554395736065,0.0,390.0,0.0
2025-05-07 11:00:00,1016.2513176029869,0.0,440.0,0.0
2025-05-07 11:30:00,985.0289387770134,0.0,457.0,0.0
2025-05-07 12:00:00,1103.8183059322346,0.0,453.0,0.0
2025-05-07 12:30:00,746.1616129502881,0.0,404.0,0.0
2025-05-07 13:00:00,750.9980336199153,0.0,341.0,0.0
2025-05-07 13:30:00,493.26624068763186,0.0,228.0,0.0
2025-05-07 14:00:00,716.8884688132863,0.0,251.0,0.0
2025-05-07 14:30:00,1206.851366362816,0.0,436.0,0.0
2025-05-07 15:00:00,1265.1159352615489,0.0,503.0,0.0
2025-05-07 15:30:00,1302.9605897158183,0.0,463.0,0.0
2025-05-07 16:00:00,1051.975742868719,0.0,463.0,0.0
2025-05-07 16:30:00,1422.4106037520887,0.0,489.0,0.0
2025-05-07 17:00:00,1546.6512812007743,0.0,446.00000000000006,0.0
2025-05-07 17:30:00,1120.7577513992721,0.0,301.0,0.0
2025-05-07 18:00:00,1447.2702129554923,0.0,476.99999999999994,0.0
2025-05-07 18:30:00,1618.6206774519571,0.0,518.0,0.0
2025-05-07 19:00:00,1537.874104933097,0.0,450.99999999999994,0.0
2025-05-07 19:30:00,1562.891866630246,0.0,455.0,0.0
2025-05-07 20:00:00,1303.8064908632223,0.0,342.0,0.0
2025-05-07 20:30:00,1126.5787415888533,0.0,287.0,0.0
2025-05-07 21:00:00,1261.4470801088266,0.0,345.0,0.0
2025-05-07 21:30:00,1300.4822180308133,0.0,342.99999999999994,0.0
2025-05-07 22:00:00,1383.1887386857413,0.0,373.0,0.0
2025-05-07 22:30:00,1337.9325829942795,0.0,379.0,0.0
2025-05-07 23:00:00,1538.875039006055,0.0,405.0,0.0
2025-05-07 23:30:00,1554.7794528361228,0.0,411.0,0.0
2025-05-08 00:00:00,1283.626485794986,0.0,406.0,0.0
2025-05-08 00:30:00,929.4190444913615,0.0,251.00000000000003,0.0
2025-05-08 01:00:00,843.5272986554673,0.0,204.0,0.0
2025-05-08 01:30:00,1115.1521922551924,0.0,290.0,0.0
2025-05-08 02:00:00,1191.8941854529855,0.0,339.0,0.0
2025-05-08 02:30:00,1278.1032546999484,0.0,391.0,0.0
2025-05-08 03:00:00,1409.2305140302922,0.0,391.0,0.0
2025-05-08 03:30:00,1278.1724690918677,0.0,388.0,0.0
2025-05-08 04:00:00,1401.1863942318455,0.0,385.0,0.0
2025-05-08 04:30:00,1579.9072490736958,0.0,441.0,0.0
2025-05-08 05:00:00,1248.7875639162187,0.0,360.0,0.0
2025-05-08 05:30:00,1134.5089429815682,0.0,353.0,0.0
2025-05-08 06:00:00,1283.7080641893006,0.0,318.0,0.0
2025-05-08 06:30:00,829.5072945392637,0.0,186.0,0.0
2025-05-08 07:00:00,1071.2167806566495,0.0,306.0,0.0
2025-05-08 07:30:00,1190.4128461987973,0.0,323.0,0.0
2025-05-08 08:00:00,946.6645506935188,0.0,248.00000000000003,0.0
2025-05-08 08:30:00,1009.1794855588724,0.0,293.0,0.0
2025-05-08 09:00:00,1129.9473628379621,0.0,394.0,0.0
2025-05-08 09:30:00,1217.127353608718,0.0,425.00000000000006,0.0
2025-05-08 10:00:00,1117.1359904036312,0.0,438.0,0.0
2025-05-08 10:30:00,1186.970916019398,0.0,440.0,0.0
2025-05-08 11:00:00,865.2561786780225,0.0,403.0,0.0
2025-05-08 11:30:00,835.8310939417503,0.0,397.0,0.0
2025-05-08 12:00:00,1066.2899222068381,0.0,438.0,0.0
2025-05-08 12:30:00,787.9855460585244,0.0,397.00000000000006,0.0
2025-05-08 13:00:00,813.5784693250243,0.0,360.0,0.0
2025-05-08 13:30:00,508.6378752022498,0.0,219.0,0.0
2025-05-08 14:00:00,570.8739877360364,0.0,239.0,0.0
2025-05-08 14:30:00,995.25553837829,0.0,410.0,0.0
2025-05-08 15:00:00,1188.0460250385918,0.0,447.00000000000006,0.0
2025-05-08 15:30:00,1223.9388795762102,0.0,446.00000000000006,0.0
2025-05-08 16:00:00,1241.6025096832536,0.0,450.0,0.0
2025-05-08 16:30:00,1181.2818358299933,0.0,442.0,0.0
2025-05-08 17:00:00,1178.9810330190994,0.0,417.0,0.0
2025-05-08 17:30:00,885.9006369616684,0.0,270.0,0.0
2025-05-08 18:00:00,1141.1836406991804,0.0,407.0,0.0
2025-05-08 18:30:00,1409.3977031033362,0.0,408.00000000000006,0.0
2025-05-08 19:00:00,1351.6007862883657,0.0,403.99999999999994,0.0
2025-05-08 19:30:00,1291.6621193895448,0.0,381.0,0.0
2025-05-08 20:00:00,523.6070669135258,0.0,126.0,0.0
2025-05-08 20:30:00,952.3382865512062,0.0,288.0,0.0
2025-05-08 21:00:00,1256.7028613128612,0.0,370.0,0.0
2025-05-08 21:30:00,1467.1893198950202,0.0,397.99999999999994,0.0
2025-05-08 22:00:00,1306.171000654779,0.0,399.0,0.0
2025-05-08 22:30:00,1407.5239735472992,0.0,396.0,0.0
2025-05-08 23:00:00,1341.4699067885576,0.0,404.99999999999994,0.0
2025-05-08 23:30:00,1357.188178774226,0.0,399.00000000000006,0.0
2025-05-09 00:00:00,1302.037463214574,0.0,367.0,0.0
2025-05-09 00:30:00,1003.8753383393379,0.0,281.0,0.0
2025-05-09 01:00:00,964.2024870708456,0.0,254.0,0.0
2025-05-09 01:30:00,1119.2294639541985,0.0,309.0,0.0
2025-05-09 02:00:00,1091.3616609232474,0.0,293.0,0.0
2025-05-09 02:30:00,1312.1619857576463,0.0,383.0,0.0
2025-05-09 03:00:00,1148.8006927367644,0.0,403.0,0.0
2025-05-09 03:30:00,1256.2596774670856,0.0,402.0,0.0
2025-05-09 04:00:00,1435.8942298491763,0.0,456.0,0.0
2025-05-09 04:30:00,1223.8567244748376,0.0,395.0,0.0
2025-05-09 05:00:00,1069.7829494166804,0.0,305.0,0.0
2025-05-09 05:30:00,927.0893984314224,0.0,244.0,0.0
2025-05-09 06:00:00,678.9360821362557,0.0,158.0,0.0
2025-05-09 06:30:00,624.4286704808712,0.0,137.0,0.0
2025-05-09 07:00:00,602.2775605869041,0.0,105.0,0.0
2025-05-09 07:30:00,569.9013585550739,0.0,121.0,0.0
2025-05-09 08:00:00,579.0586348525807,0.0,146.00000000000003,0.0
2025-05-09 08:30:00,831.9307776566818,0.0,319.0,0.0
2025-05-09 09:00:00,1353.044811408854,0.0,460.0,0.0
2025-05-09 09:30:00,1092.5119755760902,0.0,418.0,0.0
2025-05-09 10:00:00,1097.7094456875038,0.0,413.0,0.0
2025-05-09 10:30:00,1164.8863092795139,0.0,450.0,0.0
2025-05-09 11:00:00,1120.2149324343393,0.0,477.0,0.0
2025-05-09 11:30:00,1157.0249557705984,0.0,479.00000000000006,0.0
2025-05-09 12:00:00,1000.3842956148795,0.0,423.0,0.0
2025-05-09 12:30:00,1085.5018827168983,0.0,435.0,0.0
2025-05-09 13:00:00,736.1071647057131,0.0,355.0,0.0
2025-05-09 13:30:00,298.2889463562825,0.0,225.0,0.0
2025-05-09 14:00:00,488.8152975206683,0.0,267.0,0.0
2025-05-09 14:30:00,901.6269484546094,0.0,383.0,0.0
2025-05-09 15:00:00,1313.5203106541962,0.0,506.0,0.0
2025-05-09 15:30:00,1032.2780004055767,0.0,459.0,0.0
2025-05-09 16:00:00,1361.2128462566989,0.0,493.0,0.0
2025-05-09 16:30:00,1313.388730810597,0.0,488.0,0.0
2025-05-09 17:00:00,1429.8778050341311,0.0,461.0,0.0
2025-05-09 17:30:00,1094.7845061532616,0.0,303.0,0.0
2025-05-09 18:00:00,1527.973815781148,0.0,502.0,0.0
2025-05-09 18:30:00,1579.078824696593,0.0,473.00000000000006,0.0
2025-05-09 19:00:00,1497.30070808791,0.0,494.00000000000006,0.0
2025-05-09 19:30:00,1560.612041616724,0.0,493.0,0.0
2025-05-09 20:00:00,1049.8126341541981,0.0,320.0,0.0
2025-05-09 20:30:00,994.6978010335972,0.0,310.0,0.0
2025-05-09 21:00:00,1089.8343296856335,0.0,353.0,0.0
2025-05-09 21:30:00,1317.3064517844336,0.0,418.0,0.0
2025-05-09 22:00:00,1399.1979378582578,0.0,387.0,0.0
2025-05-09 22:30:00,1358.5289793824036,0.0,447.0,0.0
2025-05-09 23:00:00,1343.74038466981,0.0,406.0,0.0
2025-05-09 23:30:00,1364.7980013529855,0.0,453.0,0.0
2025-05-10 00:00:00,1460.7421738388955,0.0,399.0,0.0
2025-05-10 00:30:00,982.6311585461035,0.0,236.0,0.0
2025-05-10 01:00:00,812.8224363901081,0.0,169.0,0.0
2025-05-10 01:30:00,930.5737291112983,0.0,247.0,0.0
2025-05-10 02:00:00,1158.411023861047,0.0,313.0,0.0
2025-05-10 02:30:00,1274.4218993536713,0.0,347.0,0.0
2025-05-10 03:00:00,1300.6502331183833,0.0,355.0,0.0
2025-05-10 03:30:00,1073.113148535621,0.0,376.0,0.0
2025-05-10 04:00:00,1285.7140883873071,0.0,365.0,0.0
2025-05-10 04:30:00,1265.325556544171,0.0,338.0,0.0
2025-05-10 05:00:00,1354.1474806454487,0.0,337.0,0.0
2025-05-10 05:30:00,1386.1011420332045,0.0,376.0,0.0
2025-05-10 06:00:00,1157.6817487027238,0.0,317.0,0.0
2025-05-10 06:30:00,843.6817646802455,0.0,168.0,0.0
2025-05-10 07:00:00,1079.4783912609928,0.0,309.0,0.0
2025-05-10 07:30:00,1349.7734155635335,0.0,352.0,0.0
2025-05-10 08:00:00,1057.682986305616,0.0,281.0,0.0
2025-05-10 08:30:00,975.9497423280941,0.0,348.0,0.0
2025-05-10 09:00:00,1217.100215441316,0.0,405.0,0.0
2025-05-10 09:30:00,1387.553132295186,0.0,458.99999999999994,0.0
2025-05-10 10:00:00,1265.0463320699732,0.0,492.0,0.0
2025-05-10 10:30:00,1128.565627753115,0.0,386.0,0.0
2025-05-10 11:00:00,1150.166964013075,0.0,435.0,0.0
2025-05-10 11:30:00,1292.8642540968603,0.0,439.00000000000006,0.0
2025-05-10 12:00:00,1115.3062346534764,0.0,405.0,0.0
2025-05-10 12:30:00,974.7597153224223,0.0,413.0,0.0
2025-05-10 13:00:00,1311.8605487517093,0.0,393.0,0.0
2025-05-10 13:30:00,764.7334628018684,0.0,231.0,0.0
2025-05-10 14:00:00,567.7295132792141,0.0,182.0,0.0
2025-05-10 14:30:00,910.0735305879191,0.0,344.0,0.0
2025-05-10 15:00:00,1222.2809682081186,0.0,412.0,0.0
2025-05-10 15:30:00,1269.8350239479187,0.0,434.0,0.0
2025-05-10 16:00:00,1279.2846520161,0.0,439.0,0.0
2025-05-10 16:30:00,949.8357147226892,0.0,332.0,0.0
2025-05-10 17:00:00,818.9990650546548,0.0,236.0,0.0
2025-05-10 17:30:00,724.8943465772081,0.0,141.0,0.0
2025-05-10 18:00:00,912.7274625545535,0.0,232.99999999999997,0.0
2025-05-10 18:30:00,937.8242196608381,0.0,245.00000000000003,0.0
2025-05-10 19:00:00,916.2531819087014,0.0,241.0,0.0
2025-05-10 19:30:00,946.7991381550739,0.0,231.0,0.0
2025-05-10 20:00:00,787.7367689220653,0.0,167.0,0.0
2025-05-10 20:30:00,1093.3472192918869,0.0,251.0,0.0
2025-05-10 21:00:00,1301.8543739193624,0.0,360.0,0.0
2025-05-10 21:30:00,1228.4535398479968,0.0,368.0,0.0
2025-05-10 22:00:00,1324.8443816112028,0.0,390.0,0.0
2025-05-10 22:30:00,1448.5141121153667,0.0,390.00000000000006,0.0
2025-05-10 23:00:00,1269.0931433835299,0.0,352.0,0.0
2025-05-10 23:30:00,1346.4588821086459,0.0,428.0,0.0
2025-05-11 00:00:00,1369.9271961430545,0.0,364.99999999999994,0.0
2025-05-11 00:30:00,1150.0326823908083,0.0,271.0,0.0
2025-05-11 01:00:00,986.364432420364,0.0,248.00000000000003,0.0
2025-05-11 01:30:00,1140.7354359233198,0.0,312.0,0.0
2025-05-11 02:00:00,1073.3719196579502,0.0,298.0,0.0
2025-05-11 02:30:00,1318.9282366428267,0.0,431.0,0.0
2025-05-11 03:00:00,1311.13967528657,0.0,399.0,0.0
2025-05-11 03:30:00,1264.081925330226,0.0,372.0,0.0
2025-05-11 04:00:00,1313.9992918171463,0.0,410.0,0.0
2025-05-11 04:30:00,1171.359953877357,0.0,363.0,0.0
2025-05-11 05:00:00,920.5228679546105,0.0,261.0,0.0
2025-05-11 05:30:00,937.5065308919748,0.0,273.0,0.0
2025-05-11 06:00:00,804.694100847624,0.0,247.0,0.0
2025-05-11 06:30:00,705.7996743772475,0.0,184.00000000000003,0.0
2025-05-11 07:00:00,834.1233182151916,0.0,263.0,0.0
2025-05-11 07:30:00,906.9108001203523,0.0,239.0,0.0
2025-05-11 08:00:00,627.6692130247383,0.0,138.0,0.0
2025-05-11 08:30:00,603.6561593978686,0.0,141.0,0.0
2025-05-11 09:00:00,670.2842563877764,0.0,217.0,0.0
2025-05-11 09:30:00,809.0151069358897,0.0,342.0,0.0
2025-05-11 10:00:00,861.5812470615369,0.0,393.0,0.0
2025-05-11 10:30:00,949.5088551402921,0.0,405.0,0.0
2025-05-11 11:00:00,766.5246773299401,0.0,382.0,0.0
2025-05-11 11:30:00,786.9262054257936,0.0,402.0,0.0
2025-05-11 12:00:00,899.9649172140772,0.0,414.0,0.0
2025-05-11 12:30:00,797.9714645891163,0.0,359.0,0.0
2025-05-11 13:00:00,829.4967637176683,0.0,342.0,0.0
2025-05-11 13:30:00,252.10132021240753,0.0,163.0,0.0
2025-05-11 14:00:00,440.24078536993017,0.0,194.0,0.0
2025-05-11 14:30:00,986.2732207056322,0.0,398.0,0.0
2025-05-11 15:00:00,1331.799915477412,0.0,482.00000000000006,0.0
2025-05-11 15:30:00,1181.9194446423385,0.0,439.0,0.0
2025-05-11 16:00:00,1017.2179220452236,0.0,425.0,0.0
2025-05-11 16:30:00,1314.7796878634304,0.0,464.99999999999994,0.0
2025-05-11 17:00:00,1278.194213059156,0.0,425.0,0.0
2025-05-11 17:30:00,1023.1331618500475,0.0,302.0,0.0
2025-05-11 18:00:00,1198.3410733731969,0.0,338.0,0.0
2025-05-11 18:30:00,1074.0434482622454,0.0,294.0,0.0
2025-05-11 19:00:00,1037.740921171838,0.0,272.0,0.0
2025-05-11 19:30:00,921.213661369152,0.0,225.0,0.0
2025-05-11 20:00:00,791.5368288857261,0.0,176.0,0.0
2025-05-11 20:30:00,907.4983334146692,0.0,206.0,0.0
2025-05-11 21:00:00,831.9590422007055,0.0,175.0,0.0
2025-05-11 21:30:00,934.8650514792383,0.0,246.99999999999997,0.0
2025-05-11 22:00:00,1108.778094370826,0.0,286.0,0.0
2025-05-11 22:30:00,972.2629631545944,0.0,257.0,0.0
2025-05-11 23:00:00,1166.4970557442025,0.0,293.0,0.0
2025-05-11 23:30:00,859.1919570755531,0.0,220.0,0.0
2025-05-12 00:00:00,830.6358751656118,0.0,224.99999999999997,0.0
2025-05-12 00:30:00,590.9617813884882,0.0,155.0,0.0
2025-05-12 01:00:00,574.9590008369905,0.0,154.0,0.0
2025-05-12 01:30:00,877.8214967369388,0.0,235.0,0.0
2025-05-12 02:00:00,882.6407335628039,0.0,279.0,0.0
2025-05-12 02:30:00,873.8688909606108,0.0,252.0,0.0
2025-05-12 03:00:00,971.409565907309,0.0,272.0,0.0
2025-05-12 03:30:00,1068.7622842498563,0.0,302.0,0.0
2025-05-12 04:00:00,892.3273384359499,0.0,251.99999999999997,0.0
2025-05-12 04:30:00,867.4266033022301,0.0,259.0,0.0
2025-05-12 05:00:00,845.5267961963589,0.0,248.0,0.0
2025-05-12 05:30:00,943.6046968271303,0.0,268.0,0.0
2025-05-12 06:00:00,814.2659982801247,0.0,214.00000000000003,0.0
2025-05-12 06:30:00,652.8358305255326,0.0,137.0,0.0
2025-05-12 07:00:00,831.5473458500365,0.0,228.0,0.0
2025-05-12 07:30:00,888.0321970455558,0.0,244.0,0.0
2025-05-12 08:00:00,922.7282917211935,0.0,232.0,0.0
2025-05-12 08:30:00,988.8261087799037,0.0,312.0,0.0
2025-05-12 09:00:00,1251.8699530906247,0.0,416.00000000000006,0.0
2025-05-12 09:30:00,1424.2856562621575,0.0,448.0,0.0
2025-05-12 10:00:00,1402.945777734521,0.0,450.0,0.0
2025-05-12 10:30:00,1416.7134483073407,0.0,416.0,0.0
2025-05-12 11:00:00,1489.5481815977053,0.0,424.0,0.0
2025-05-12 11:30:00,1485.8167107047598,0.0,421.0,0.0
2025-05-12 12:00:00,1322.6291352121468,0.0,420.0,0.0
2025-05-12 12:30:00,1232.4886464071662,0.0,400.0,0.0
2025-05-12 13:00:00,1099.8352150480164,0.0,303.0,0.0
2025-05-12 13:30:00,644.7517033277198,0.0,183.0,0.0
2025-05-12 14:00:00,651.2989303579109,0.0,213.99999999999997,0.0
2025-05-12 14:30:00,1226.3227921286323,0.0,397.0,0.0
2025-05-12 15:00:00,1176.1152380710114,0.0,433.0,0.0
2025-05-12 15:30:00,1218.7159795997093,0.0,428.0,0.0
2025-05-12 16:00:00,1448.386707851496,0.0,456.0,0.0
2025-05-12 16:30:00,1413.4795759036635,0.0,419.0,0.0
2025-05-12 17:00:00,1378.007802942215,0.0,439.00000000000006,0.0
2025-05-12 17:30:00,882.1905994432998,0.0,234.99999999999997,0.0
2025-05-12 18:00:00,1498.7401089528882,0.0,429.0,0.0
2025-05-12 18:30:00,1401.111334333893,0.0,439.0,0.0
2025-05-12 19:00:00,1615.4743700291456,0.0,463.0,0.0
2025-05-12 19:30:00,1434.282732380236,0.0,417.99999999999994,0.0
2025-05-12 20:00:00,1263.8171886734594,0.0,361.00000000000006,0.0
2025-05-12 20:30:00,1070.1503888917803,0.0,296.0,0.0
2025-05-12 21:00:00,1261.1083142338923,0.0,351.0,0.0
2025-05-12 21:30:00,1458.7896011296389,0.0,422.0,0.0
2025-05-12 22:00:00,1288.3871234953801,0.0,405.99999999999994,0.0
2025-05-12 22:30:00,1426.5594465296547,0.0,415.0,0.0
2025-05-12 23:00:00,1566.9053953498058,0.0,441.0,0.0
2025-05-12 23:30:00,1517.8541034312495,0.0,441.0,0.0
2025-05-13 00:00:00,1371.7980272899836,0.0,432.0,0.0
2025-05-13 00:30:00,918.7478896117933,0.0,233.0,0.0
2025-05-13 01:00:00,812.820159060624,0.0,175.0,0.0
2025-05-13 01:30:00,1036.4208304884587,0.0,271.0,0.0
2025-05-13 02:00:00,1198.6470939698143,0.0,342.0,0.0
2025-05-13 02:30:00,1304.1342900421955,0.0,420.0,0.0
2025-05-13 03:00:00,1341.6199256688587,0.0,421.0,0.0
2025-05-13 03:30:00,1429.125527448278,0.0,431.99999999999994,0.0
2025-05-13 04:00:00,1314.7752422054061,0.0,353.0,0.0
2025-05-13 04:30:00,1408.7222787410433,0.0,430.0,0.0
2025-05-13 05:00:00,1308.559746850749,0.0,410.0,0.0
2025-05-13 05:30:00,1418.3612274798577,0.0,419.00000000000006,0.0
2025-05-13 06:00:00,1378.3547415974695,0.0,366.00000000000006,0.0
2025-05-13 06:30:00,811.4891235040488,0.0,167.0,0.0
2025-05-13 07:00:00,1033.6864341721282,0.0,279.0,0.0
2025-05-13 07:30:00,1201.7368641110716,0.0,331.0,0.0
2025-05-13 08:00:00,1046.2061978537504,0.0,289.0,0.0
2025-05-13 08:30:00,873.3642522748625,0.0,323.0,0.0
2025-05-13 09:00:00,1131.4791461467214,0.0,409.0,0.0
2025-05-13 09:30:00,1041.2317419351104,0.0,432.0,0.0
2025-05-13 10:00:00,1079.2996340352656,0.0,432.0,0.0
2025-05-13 10:30:00,1381.4383041668668,0.0,479.0,0.0
2025-05-13 11:00:00,1289.6439910097688,0.0,479.0,0.0
2025-05-13 11:30:00,1171.4951971375433,0.0,465.0,0.0
2025-05-13 12:00:00,1476.7481995683022,0.0,515.0,0.0
2025-05-13 12:30:00,1065.7433625498975,0.0,479.0,0.0
2025-05-13 13:00:00,603.4964243293041,0.0,353.0,0.0
2025-05-13 13:30:00,370.4267810875227,0.0,233.0,0.0
2025-05-13 14:00:00,407.615451524699,0.0,273.0,0.0
2025-05-13 14:30:00,972.9333710512615,0.0,465.0,0.0
2025-05-13 15:00:00,1123.0999646904286,0.0,442.0,0.0
2025-05-13 15:30:00,1298.535351332027,0.0,502.0,0.0
2025-05-13 16:00:00,1585.6391846964927,0.0,555.0,0.0
2025-05-13 16:30:00,1507.5110440702624,0.0,525.0,0.0
2025-05-13 17:00:00,1366.9933509908185,0.0,498.00000000000006,0.0
2025-05-13 17:30:00,1004.7446344613966,0.0,320.0,0.0
2025-05-13 18:00:00,1734.3400805889385,0.0,535.0,0.0
2025-05-13 18:30:00,1744.069294208949,0.0,557.0,0.0
2025-05-13 19:00:00,1720.3336653206359,0.0,535.0,0.0
2025-05-13 19:30:00,1630.3603783979027,0.0,512.0,0.0
2025-05-13 20:00:00,1354.9100803097672,0.0,401.0,0.0
2025-05-13 20:30:00,1150.892146066489,0.0,369.0,0.0
2025-05-13 21:00:00,1351.8720327226754,0.0,441.0,0.0
2025-05-13 21:30:00,1353.4916557732458,0.0,443.99999999999994,0.0
2025-05-13 22:00:00,1489.4495200645483,0.0,437.99999999999994,0.0
2025-05-13 22:30:00,1418.5331270031613,0.0,448.00000000000006,0.0
2025-05-13 23:00:00,1349.3489286665745,0.0,444.0,0.0
2025-05-13 23:30:00,1499.7459878404409,0.0,430.0,0.0
2025-05-14 00:00:00,1323.3259364531918,0.0,376.0,0.0
2025-05-14 00:30:00,1018.0048130879496,0.0,262.0,0.0
2025-05-14 01:00:00,932.5892828304226,0.0,194.0,0.0
2025-05-14 01:30:00,985.4776929360186,0.0,272.0,0.0
2025-05-14 02:00:00,1297.0117938629494,0.0,328.0,0.0
2025-05-14 02:30:00,1405.9106526250828,0.0,392.0,0.0
2025-05-14 03:00:00,1524.2497673894445,0.0,392.0,0.0
2025-05-14 03:30:00,1449.6461522891623,0.0,388.0,0.0
2025-05-14 04:00:00,1444.3009398025101,0.0,401.0,0.0
2025-05-14 04:30:00,1481.664024551103,0.0,436.0,0.0
2025-05-14 05:00:00,1436.0977120460866,0.0,382.0,0.0
2025-05-14 05:30:00,1507.6065600099485,0.0,396.0,0.0
2025-05-14 06:00:00,1228.3112765168662,0.0,306.0,0.0
2025-05-14 06:30:00,890.3343797503504,0.0,175.0,0.0
2025-05-14 07:00:00,1269.23528822775,0.0,356.0,0.0
2025-05-14 07:30:00,1288.9808889378444,0.0,367.99999999999994,0.0
2025-05-14 08:00:00,1132.495711286086,0.0,263.0,0.0
2025-05-14 08:30:00,1145.370460601834,0.0,283.0,0.0
2025-05-14 09:00:00,1357.7692859835345,0.0,402.0,0.0
2025-05-14 09:30:00,1366.9013854262348,0.0,423.99999999999994,0.0
2025-05-14 10:00:00,1355.5971064780622,0.0,437.99999999999994,0.0
2025-05-14 10:30:00,1378.1767478191232,0.0,431.0,0.0
2025-05-14 11:00:00,1374.3877217778836,0.0,430.0,0.0
2025-05-14 11:30:00,1493.1124391490453,0.0,461.0,0.0
2025-05-14 12:00:00,1395.4369783695015,0.0,440.0,0.0
2025-05-14 12:30:00,1239.7048744562665,0.0,431.0,0.0
2025-05-14 13:00:00,1139.83679912825,0.0,369.0,0.0
2025-05-14 13:30:00,708.740100882556,0.0,200.0,0.0
2025-05-14 14:00:00,840.4700471222744,0.0,253.99999999999997,0.0
2025-05-14 14:30:00,1359.8744812402235,0.0,411.00000000000006,0.0
2025-05-14 15:00:00,1449.0932814647629,0.0,474.0,0.0
2025-05-14 15:30:00,1264.91374600516,0.0,445.00000000000006,0.0
2025-05-14 16:00:00,1432.9449732838327,0.0,456.0,0.0
2025-05-14 16:30:00,1492.6084932554843,0.0,463.99999999999994,0.0
2025-05-14 17:00:00,1579.3289214598362,0.0,438.0,0.0
2025-05-14 17:30:00,1058.8415604503662,0.0,268.0,0.0
2025-05-14 18:00:00,1321.4395006056725,0.0,452.0,0.0
2025-05-14 18:30:00,1704.3844875609516,0.0,484.99999999999994,0.0
2025-05-14 19:00:00,1556.0674102836672,0.0,455.0,0.0
2025-05-14 19:30:00,1492.9217196866196,0.0,458.99999999999994,0.0
2025-05-14 20:00:00,1172.226892716355,0.0,316.0,0.0
2025-05-14 20:30:00,1099.109261903235,0.0,285.00000000000006,0.0
2025-05-14 21:00:00,1365.681187993141,0.0,413.0,0.0
2025-05-14 21:30:00,1541.2169477866612,0.0,461.0,0.0
2025-05-14 22:00:00,1509.3939988056127,0.0,443.0,0.0
2025-05-14 22:30:00,1411.0220706172727,0.0,416.0,0.0
2025-05-14 23:00:00,1439.519087717673,0.0,458.0,0.0
2025-05-14 23:30:00,1494.0766355103372,0.0,426.0,0.0
2025-05-15 00:00:00,1421.3338513828028,0.0,395.99999999999994,0.0
2025-05-15 00:30:00,1069.029332400013,0.0,275.0,0.0
2025-05-15 01:00:00,943.4784908814836,0.0,200.0,0.0
2025-05-15 01:30:00,1101.7968227172212,0.0,293.0,0.0
2025-05-15 02:00:00,1218.043977775856,0.0,368.0,0.0
2025-05-15 02:30:00,1243.2078550958788,0.0,330.0,0.0
2025-05-15 03:00:00,1409.5233344450962,0.0,432.0,0.0
2025-05-15 03:30:00,1337.2772062323038,0.0,446.99999999999994,0.0
2025-05-15 04:00:00,1402.2728225826763,0.0,426.0,0.0
2025-05-15 04:30:00,1412.78362016418,0.0,460.0,0.0
2025-05-15 05:00:00,1384.259686377182,0.0,427.0,0.0
2025-05-15 05:30:00,1561.6173263008743,0.0,451.0,0.0
2025-05-15 06:00:00,1360.8090823366397,0.0,391.00000000000006,0.0
2025-05-15 06:30:00,931.3496892253476,0.0,177.0,0.0
2025-05-15 07:00:00,1369.8308881697199,0.0,462.00000000000006,0.0
2025-05-15 07:30:00,1500.0225928298,0.0,465.00000000000006,0.0
2025-05-15 08:00:00,1191.2969884031577,0.0,312.0,0.0
2025-05-15 08:30:00,1178.5982573141393,0.0,310.0,0.0
2025-05-15 09:00:00,1359.092109927408,0.0,520.0,0.0
2025-05-15 09:30:00,1368.8831667483244,0.0,436.0,0.0
2025-05-15 10:00:00,1520.7428223086902,0.0,490.0,0.0
2025-05-15 10:30:00,1398.177990210756,0.0,501.0,0.0
2025-05-15 11:00:00,1358.7843588880694,0.0,482.0,0.0
2025-05-15 11:30:00,1371.6299412793094,0.0,455.00000000000006,0.0
2025-05-15 12:00:00,1289.6387127687328,0.0,461.0,0.0
2025-05-15 12:30:00,1366.5689606033577,0.0,463.0,0.0
2025-05-15 13:00:00,1361.254901536575,0.0,417.0,0.0
2025-05-15 13:30:00,994.300772388873,0.0,224.0,0.0
2025-05-15 14:00:00,926.9585055558655,0.0,273.0,0.0
2025-05-15 14:30:00,1365.0152614776352,0.0,472.0,0.0
2025-05-15 15:00:00,1491.8208780106163,0.0,491.0,0.0
2025-05-15 15:30:00,1526.2539561640242,0.0,507.0,0.0
2025-05-15 16:00:00,1576.51347769881,0.0,473.0,0.0
2025-05-15 16:30:00,1644.4970143313185,0.0,497.00000000000006,0.0
2025-05-15 17:00:00,1569.7889850160796,0.0,485.99999999999994,0.0
2025-05-15 17:30:00,1088.0175417366586,0.0,293.0,0.0
2025-05-15 18:00:00,1452.2638700698653,0.0,494.00000000000006,0.0
2025-05-15 18:30:00,1574.6117728324077,0.0,452.0,0.0
2025-05-15 19:00:00,1504.534537468971,0.0,463.0,0.0
2025-05-15 19:30:00,1589.6300181036859,0.0,470.0,0.0
2025-05-15 20:00:00,1204.3760942572487,0.0,340.0,0.0
2025-05-15 20:30:00,1107.0051131591656,0.0,293.0,0.0
2025-05-15 21:00:00,1341.2346131728161,0.0,409.0,0.0
2025-05-15 21:30:00,1469.1349904511444,0.0,399.0,0.0
2025-05-15 22:00:00,1345.053797881294,0.0,374.0,0.0
2025-05-15 22:30:00,1199.4888582715666,0.0,364.0,0.0
2025-05-15 23:00:00,1500.0278587018881,0.0,394.0,0.0
2025-05-15 23:30:00,1376.7873835339542,0.0,394.0,0.0
2025-05-16 00:00:00,1419.7567498755968,0.0,433.0,0.0
2025-05-16 00:30:00,1061.9030482804694,0.0,274.0,0.0
2025-05-16 01:00:00,880.5714350645804,0.0,179.0,0.0
2025-05-16 01:30:00,1070.8792421434985,0.0,270.0,0.0
2025-05-16 02:00:00,993.2154170197371,0.0,300.0,0.0
2025-05-16 02:30:00,1435.5145719504558,0.0,369.0,0.0
2025-05-16 03:00:00,1375.2077978629027,0.0,368.0,0.0
2025-05-16 03:30:00,1377.7938753594938,0.0,370.0,0.0
2025-05-16 04:00:00,1424.0059968676335,0.0,409.0,0.0
2025-05-16 04:30:00,1300.2907291933748,0.0,397.0,0.0
2025-05-16 05:00:00,1484.8585384389924,0.0,403.0,0.0
2025-05-16 05:30:00,1312.1413302739916,0.0,387.0,0.0
2025-05-16 06:00:00,1352.5097430865603,0.0,384.0,0.0
2025-05-16 06:30:00,937.7771882615198,0.0,247.0,0.0
2025-05-16 07:00:00,1198.496692031272,0.0,323.0,0.0
2025-05-16 07:30:00,1367.6186949174999,0.0,423.0,0.0
2025-05-16 08:00:00,1098.666560749116,0.0,260.0,0.0
2025-05-16 08:30:00,992.5481509306146,0.0,304.0,0.0
2025-05-16 09:00:00,1441.1792152205994,0.0,400.00000000000006,0.0
2025-05-16 09:30:00,1478.0452560244116,0.0,452.99999999999994,0.0
2025-05-16 10:00:00,1242.474100691269,0.0,436.0,0.0
2025-05-16 10:30:00,1157.1733020362756,0.0,425.0,0.0
2025-05-16 11:00:00,1100.9759553859487,0.0,435.99999999999994,0.0
2025-05-16 11:30:00,1053.4590295450387,0.0,425.0,0.0
2025-05-16 12:00:00,1104.5129256694122,0.0,462.0,0.0
2025-05-16 12:30:00,1014.9254648256633,0.0,408.0,0.0
2025-05-16 13:00:00,1159.3988622409997,0.0,352.0,0.0
2025-05-16 13:30:00,496.9499513679374,0.0,250.0,0.0
2025-05-16 14:00:00,773.6857662738902,0.0,270.0,0.0
2025-05-16 14:30:00,833.883441210637,0.0,369.0,0.0
2025-05-16 15:00:00,1350.472415435475,0.0,475.0,0.0
2025-05-16 15:30:00,1284.608747243924,0.0,513.0,0.0
2025-05-16 16:00:00,1664.81975157034,0.0,490.00000000000006,0.0
2025-05-16 16:30:00,1479.6458597951141,0.0,467.0,0.0
2025-05-16 17:00:00,1558.1807620587908,0.0,454.0,0.0
2025-05-16 17:30:00,1004.7003931423249,0.0,284.0,0.0
2025-05-16 18:00:00,1372.9380813456387,0.0,449.00000000000006,0.0
2025-05-16 18:30:00,1591.6454363108933,0.0,458.00000000000006,0.0
2025-05-16 19:00:00,1452.6930739054637,0.0,414.99999999999994,0.0
2025-05-16 19:30:00,1456.120559214361,0.0,382.0,0.0
2025-05-16 20:00:00,1129.9848811771126,0.0,319.0,0.0
2025-05-16 20:30:00,1089.039777639409,0.0,283.0,0.0
2025-05-16 21:00:00,1173.3793069648157,0.0,385.0,0.0
2025-05-16 21:30:00,1184.1173977590745,0.0,401.0,0.0
2025-05-16 22:00:00,1413.340300381982,0.0,349.0,0.0
2025-05-16 22:30:00,1528.0745805004767,0.0,403.0,0.0
2025-05-16 23:00:00,1467.321562951992,0.0,407.00000000000006,0.0
2025-05-16 23:30:00,1351.0571442980568,0.0,403.0,0.0
2025-05-17 00:00:00,1383.3816085099415,0.0,431.0,0.0
2025-05-17 00:30:00,1090.7897706767103,0.0,326.0,0.0
2025-05-17 01:00:00,907.2562748353871,0.0,239.0,0.0
2025-05-17 01:30:00,1120.2105193479983,0.0,285.0,0.0
2025-05-17 02:00:00,1169.8818192647896,0.0,367.0,0.0
2025-05-17 02:30:00,1324.1034740615305,0.0,380.0,0.0
2025-05-17 03:00:00,1262.937064415919,0.0,359.99999999999994,0.0
2025-05-17 03:30:00,1374.1677210952043,0.0,408.0,0.0
2025-05-17 04:00:00,1323.3143511901662,0.0,373.0,0.0
2025-05-17 04:30:00,1417.9460481377234,0.0,355.0,0.0
2025-05-17 05:00:00,1361.460580690288,0.0,391.0,0.0
2025-05-17 05:30:00,1362.3115597245614,0.0,366.99999999999994,0.0
2025-05-17 06:00:00,1156.9102842225623,0.0,301.0,0.0
2025-05-17 06:30:00,737.4274821737203,0.0,212.0,0.0
2025-05-17 07:00:00,1083.1062550435656,0.0,321.0,0.0
2025-05-17 07:30:00,1248.309839526867,0.0,347.0,0.0
2025-05-17 08:00:00,1003.8628792486842,0.0,298.0,0.0
2025-05-17 08:30:00,1076.5265504412234,0.0,337.0,0.0
2025-05-17 09:00:00,1342.061020243551,0.0,496.0,0.0
2025-05-17 09:30:00,1167.4152857264573,0.0,433.0,0.0
2025-05-17 10:00:00,1209.1278088118888,0.0,471.0,0.0
2025-05-17 10:30:00,1274.088939487532,0.0,460.0,0.0
2025-05-17 11:00:00,1126.9623356783154,0.0,458.0,0.0
2025-05-17 11:30:00,962.2712824235314,0.0,475.0,0.0
2025-05-17 12:00:00,1005.0011915892793,0.0,464.0,0.0
2025-05-17 12:30:00,966.0611157514184,0.0,426.0,0.0
2025-05-17 13:00:00,1005.8428099714695,0.0,416.0,0.0
2025-05-17 13:30:00,503.3221504840282,0.0,213.0,0.0
2025-05-17 14:00:00,464.20359852236913,0.0,182.0,0.0
2025-05-17 14:30:00,934.4984335184473,0.0,410.0,0.0
2025-05-17 15:00:00,1012.7645282945092,0.0,407.0,0.0
2025-05-17 15:30:00,975.8252189762268,0.0,433.0,0.0
2025-05-17 16:00:00,939.8536621049616,0.0,462.0,0.0
2025-05-17 16:30:00,1321.319030797278,0.0,421.0,0.0
2025-05-17 17:00:00,1048.4363450799729,0.0,291.0,0.0
2025-05-17 17:30:00,793.8672386860408,0.0,240.0,0.0
2025-05-17 18:00:00,1009.4569952009538,0.0,312.0,0.0
2025-05-17 18:30:00,1058.5036319140836,0.0,286.0,0.0
2025-05-17 19:00:00,905.5141408318984,0.0,254.0,0.0
2025-05-17 19:30:00,908.0583240396581,0.0,232.00000000000003,0.0
2025-05-17 20:00:00,795.6211132545499,0.0,206.0,0.0
2025-05-17 20:30:00,940.5221777966966,0.0,304.0,0.0
2025-05-17 21:00:00,1228.0722908898224,0.0,373.0,0.0
2025-05-17 21:30:00,996.2821581739631,0.0,319.0,0.0
2025-05-17 22:00:00,1333.1420046247438,0.0,380.0,0.0
2025-05-17 22:30:00,1361.0853435183885,0.0,406.00000000000006,0.0
2025-05-17 23:00:00,1362.419747192365,0.0,418.0,0.0
2025-05-17 23:30:00,1192.2090674105652,0.0,357.00000000000006,0.0
2025-05-18 00:00:00,1241.6517634323998,0.0,364.0,0.0
2025-05-18 00:30:00,993.2234504924759,0.0,232.0,0.0
2025-05-18 01:00:00,873.195213289993,0.0,210.0,0.0
2025-05-18 01:30:00,1019.0402025352138,0.0,275.0,0.0
2025-05-18 02:00:00,1320.3731378083899,0.0,332.0,0.0
2025-05-18 02:30:00,1450.403655332015,0.0,410.0,0.0
2025-05-18 03:00:00,1343.3974404139683,0.0,420.0,0.0
2025-05-18 03:30:00,1266.7817203932468,0.0,400.00000000000006,0.0
2025-05-18 04:00:00,1228.1287643082023,0.0,373.0,0.0
2025-05-18 04:30:00,1333.037385829554,0.0,312.0,0.0
2025-05-18 05:00:00,1245.7368963528636,0.0,295.0,0.0
2025-05-18 05:30:00,1112.1939085226704,0.0,282.0,0.0
2025-05-18 06:00:00,1219.6024997241122,0.0,309.0,0.0
2025-05-18 06:30:00,764.4429759113713,0.0,154.0,0.0
2025-05-18 07:00:00,973.083947902987,0.0,262.0,0.0
2025-05-18 07:30:00,940.4552414225966,0.0,240.0,0.0
2025-05-18 08:00:00,675.383789913671,0.0,159.0,0.0
2025-05-18 08:30:00,611.2567866076683,0.0,184.00000000000003,0.0
2025-05-18 09:00:00,715.4129373673104,0.0,246.0,0.0
2025-05-18 09:30:00,918.1321304725067,0.0,344.0,0.0
2025-05-18 10:00:00,1099.7312688318827,0.0,403.0,0.0
2025-05-18 10:30:00,977.5574768074293,0.0,392.0,0.0
2025-05-18 11:00:00,803.5996956522135,0.0,407.0,0.0
2025-05-18 11:30:00,728.6532293732587,0.0,380.0,0.0
2025-05-18 12:00:00,822.9640845565222,0.0,394.0,0.0
2025-05-18 12:30:00,782.5854259377682,0.0,419.0,0.0
2025-05-18 13:00:00,764.8077088732069,0.0,394.0,0.0
2025-05-18 13:30:00,247.39395937811574,0.0,141.0,0.0
2025-05-18 14:00:00,425.1636940404726,1.0,150.0,0.0
2025-05-18 14:30:00,919.8464842007405,0.0,385.0,0.0
2025-05-18 15:00:00,770.2253189407757,0.0,339.0,0.0
2025-05-18 15:30:00,976.9680379277099,0.0,360.0,0.0
2025-05-18 16:00:00,857.9165221198826,0.0,341.0,0.0
2025-05-18 16:30:00,908.1205746666473,0.0,334.0,0.0
2025-05-18 17:00:00,1252.9658576043441,0.0,343.0,0.0
2025-05-18 17:30:00,1017.4043448832047,0.0,251.0,0.0
2025-05-18 18:00:00,1140.6953298484457,0.0,316.0,0.0
2025-05-18 18:30:00,1005.8409679370999,0.0,281.0,0.0
2025-05-18 19:00:00,912.9412238502777,0.0,256.0,0.0
2025-05-18 19:30:00,1011.451857099727,0.0,247.0,0.0
2025-05-18 20:00:00,748.3553246189011,0.0,163.0,0.0
2025-05-18 20:30:00,771.3962355182091,0.0,157.0,0.0
2025-05-18 21:00:00,1021.7941244695864,0.0,278.0,0.0
2025-05-18 21:30:00,1147.6095699981804,0.0,349.0,0.0
2025-05-18 22:00:00,1261.601998896794,0.0,358.0,0.0
2025-05-18 22:30:00,1356.0556230589318,0.0,395.0,0.0
2025-05-18 23:00:00,1185.334894961215,0.0,343.0,0.0
2025-05-18 23:30:00,1269.5402793990245,0.0,370.0,0.0
2025-05-19 00:00:00,1128.6933109170068,0.0,273.0,0.0
2025-05-19 00:30:00,682.7454005711428,0.0,157.0,0.0
2025-05-19 01:00:00,606.9912998711832,0.0,136.0,0.0
2025-05-19 01:30:00,793.3595785406505,0.0,233.0,0.0
2025-05-19 02:00:00,992.1906200295266,0.0,283.0,0.0
2025-05-19 02:30:00,963.6047432458021,0.0,274.0,0.0
2025-05-19 03:00:00,960.1940410116352,0.0,259.0,0.0
2025-05-19 03:30:00,966.6737168521116,0.0,254.0,0.0
2025-05-19 04:00:00,981.2251164083717,0.0,286.0,0.0
2025-05-19 04:30:00,994.4896902975734,0.0,300.0,0.0
2025-05-19 05:00:00,951.7941601174696,0.0,263.0,0.0
2025-05-19 05:30:00,886.5141286304003,0.0,269.0,0.0
2025-05-19 06:00:00,880.310150210217,0.0,252.0,0.0
2025-05-19 06:30:00,733.2985198188811,0.0,171.0,0.0
2025-05-19 07:00:00,851.544625395783,0.0,224.0,0.0
2025-05-19 07:30:00,966.4255222308497,0.0,236.0,0.0
2025-05-19 08:00:00,746.7216411209557,0.0,213.0,0.0
2025-05-19 08:30:00,826.2852738505435,0.0,323.0,0.0
2025-05-19 09:00:00,1130.9120201648868,0.0,407.99999999999994,0.0
2025-05-19 09:30:00,1169.25372246136,0.0,455.0,0.0
2025-05-19 10:00:00,1018.3884398327396,0.0,407.0,0.0
2025-05-19 10:30:00,884.7081171103847,0.0,427.0,0.0
2025-05-19 11:00:00,873.857871700527,0.0,394.0,0.0
2025-05-19 11:30:00,892.4603228942117,0.0,424.0,0.0
2025-05-19 12:00:00,1136.7556867970047,0.0,465.0,0.0
2025-05-19 12:30:00,828.252571817944,0.0,407.0,0.0
2025-05-19 13:00:00,632.7023939870768,0.0,331.99999999999994,0.0
2025-05-19 13:30:00,525.3602289096598,0.0,276.0,0.0
2025-05-19 14:00:00,568.8891434949621,0.0,295.0,0.0
2025-05-19 14:30:00,933.9131671933962,0.0,453.0,0.0
2025-05-19 15:00:00,1095.8758839053316,0.0,405.0,0.0
2025-05-19 15:30:00,1155.1612287993687,0.0,449.0,0.0
2025-05-19 16:00:00,1546.5953083690456,0.0,514.0,0.0
2025-05-19 16:30:00,1422.0997841186397,0.0,472.0,0.0
2025-05-19 17:00:00,1414.9646372376098,0.0,503.0,0.0
2025-05-19 17:30:00,1054.8031957982957,0.0,329.0,0.0
2025-05-19 18:00:00,1432.8948999486643,0.0,452.0,0.0
2025-05-19 18:30:00,1340.0711667706657,0.0,470.99999999999994,0.0
2025-05-19 19:00:00,1536.6816339790098,0.0,499.99999999999994,0.0
2025-05-19 19:30:00,1343.3112916239384,0.0,480.0,0.0
2025-05-19 20:00:00,1200.9723923844415,0.0,341.0,0.0
2025-05-19 20:30:00,1080.003395258589,0.0,353.0,0.0
2025-05-19 21:00:00,1192.1848265108968,0.0,397.0,0.0
2025-05-19 21:30:00,1433.4124454382907,0.0,463.0,0.0
2025-05-19 22:00:00,1400.652932095827,0.0,476.0,0.0
2025-05-19 22:30:00,1478.4043767810167,0.0,441.00000000000006,0.0
2025-05-19 23:00:00,1360.836075320552,0.0,428.0,0.0
2025-05-19 23:30:00,1408.8339932928386,0.0,457.0,0.0
2025-05-20 00:00:00,1255.1056042908322,0.0,384.0,0.0
2025-05-20 00:30:00,1047.1825909483464,0.0,234.0,0.0
2025-05-20 01:00:00,836.9487413280759,0.0,206.0,0.0
2025-05-20 01:30:00,1035.7846624465144,0.0,296.0,0.0
2025-05-20 02:00:00,1299.954395511528,0.0,357.99999999999994,0.0
2025-05-20 02:30:00,1444.9666643013575,0.0,404.99999999999994,0.0
2025-05-20 03:00:00,1466.4026162031926,0.0,391.99999999999994,0.0
2025-05-20 03:30:00,1339.8929552290795,0.0,395.0,0.0
2025-05-20 04:00:00,1310.7340631057573,0.0,387.0,0.0
2025-05-20 04:30:00,1390.5827995789132,0.0,360.0,0.0
2025-05-20 05:00:00,1219.346143767095,0.0,363.0,0.0
2025-05-20 05:30:00,1300.908167312492,0.0,330.00000000000006,0.0
2025-05-20 06:00:00,1346.5497760628186,0.0,360.0,0.0
2025-05-20 06:30:00,859.6964391066906,0.0,175.0,0.0
2025-05-20 07:00:00,1061.5429403087282,0.0,313.0,0.0
2025-05-20 07:30:00,1012.1681610647782,0.0,278.0,0.0
2025-05-20 08:00:00,842.6063503251693,0.0,259.0,0.0
2025-05-20 08:30:00,877.9173127679182,0.0,294.0,0.0
2025-05-20 09:00:00,1208.4088776641124,0.0,405.99999999999994,0.0
2025-05-20 09:30:00,1332.0498683238925,0.0,393.99999999999994,0.0
2025-05-20 10:00:00,1241.2839986287997,0.0,435.0,0.0
2025-05-20 10:30:00,1201.835964501153,0.0,480.99999999999994,0.0
2025-05-20 11:00:00,1311.2796531367308,0.0,459.0,0.0
2025-05-20 11:30:00,1112.509556799188,0.0,466.0,0.0
2025-05-20 12:00:00,1045.703120266266,0.0,413.0,0.0
2025-05-20 12:30:00,876.8622865168124,0.0,385.0,0.0
2025-05-20 13:00:00,987.278926251702,0.0,341.0,0.0
2025-05-20 13:30:00,395.6171390567717,0.0,199.0,0.0
2025-05-20 14:00:00,538.6072300687011,0.0,234.0,0.0
2025-05-20 14:30:00,1197.5777197725538,0.0,455.0,0.0
2025-05-20 15:00:00,1325.3826883221298,0.0,475.99999999999994,0.0
2025-05-20 15:30:00,1377.010773733824,0.0,442.0,0.0
2025-05-20 16:00:00,1371.182534932957,0.0,470.0,0.0
2025-05-20 16:30:00,1457.546897308431,0.0,499.0,0.0
2025-05-20 17:00:00,1420.2127656698062,0.0,455.00000000000006,0.0
2025-05-20 17:30:00,1022.4167892016548,0.0,281.0,0.0
2025-05-20 18:00:00,1339.3943443055773,0.0,432.0,0.0
2025-05-20 18:30:00,1523.1295012370451,0.0,503.0,0.0
2025-05-20 19:00:00,1643.6817670375121,0.0,521.0,0.0
2025-05-20 19:30:00,1715.7877224327956,0.0,523.0,0.0
2025-05-20 20:00:00,1214.7612595970838,0.0,354.0,0.0
2025-05-20 20:30:00,1182.28830642008,0.0,301.0,0.0
2025-05-20 21:00:00,1283.4003909063667,0.0,387.00000000000006,0.0
2025-05-20 21:30:00,1488.3775945133357,0.0,449.0,0.0
2025-05-20 22:00:00,1411.7565019924332,0.0,407.0,0.0
2025-05-20 22:30:00,1398.2013050807986,0.0,422.0,0.0
2025-05-20 23:00:00,1452.7515157747266,0.0,348.0,0.0
2025-05-20 23:30:00,1276.1994622540105,0.0,379.00000000000006,0.0
2025-05-21 00:00:00,1211.9473041241329,0.0,380.0,0.0
2025-05-21 00:30:00,1030.5258035070565,0.0,278.0,0.0
2025-05-21 01:00:00,798.3904131016698,0.0,197.0,0.0
2025-05-21 01:30:00,1058.372643399184,0.0,307.0,0.0
2025-05-21 02:00:00,1257.0785379368451,0.0,361.0,0.0
2025-05-21 02:30:00,1447.9281110953386,0.0,440.0,0.0
2025-05-21 03:00:00,1360.0840885637974,0.0,402.0,0.0
2025-05-21 03:30:00,1244.2860447849464,0.0,389.0,0.0
2025-05-21 04:00:00,1373.1659822776926,0.0,420.00000000000006,0.0
2025-05-21 04:30:00,1521.4942786560061,0.0,418.00000000000006,0.0
2025-05-21 05:00:00,1227.3742234151755,0.0,399.0,0.0
2025-05-21 05:30:00,1253.1308820043898,0.0,384.0,0.0
2025-05-21 06:00:00,1360.2941344481571,0.0,369.0,0.0
2025-05-21 06:30:00,858.3428280107287,0.0,201.0,0.0
2025-05-21 07:00:00,1340.7165231922916,0.0,368.0,0.0
2025-05-21 07:30:00,1128.861182836637,0.0,357.0,0.0
2025-05-21 08:00:00,941.1496654374364,0.0,316.0,0.0
2025-05-21 08:30:00,1147.694582942787,0.0,385.0,0.0
2025-05-21 09:00:00,1101.7334711695707,0.0,416.0,0.0
2025-05-21 09:30:00,1219.5325353286441,0.0,457.99999999999994,0.0
2025-05-21 10:00:00,1103.0674484401954,0.0,463.0,0.0
2025-05-21 10:30:00,1288.822485060672,0.0,464.0,0.0
2025-05-21 11:00:00,1058.4395888182564,0.0,417.0,0.0
2025-05-21 11:30:00,1137.361666565948,0.0,449.0,0.0
2025-05-21 12:00:00,854.9929468743451,0.0,412.0,0.0
2025-05-21 12:30:00,926.6713755534993,0.0,428.0,0.0
2025-05-21 13:00:00,1087.2886670536225,0.0,369.0,0.0
2025-05-21 13:30:00,685.4504477320689,0.0,259.0,0.0
2025-05-21 14:00:00,547.6658184751325,0.0,263.0,0.0
2025-05-21 14:30:00,916.0774270233766,0.0,383.0,0.0
2025-05-21 15:00:00,1112.0862529584692,0.0,472.0,0.0
2025-05-21 15:30:00,1204.9850467526092,0.0,424.0,0.0
2025-05-21 16:00:00,1297.8555289801889,0.0,471.0,0.0
2025-05-21 16:30:00,1266.33118782062,0.0,479.0,0.0
2025-05-21 17:00:00,1492.0663264622592,0.0,466.00000000000006,0.0
2025-05-21 17:30:00,1075.319117688057,0.0,306.0,0.0
2025-05-21 18:00:00,1514.575504588396,0.0,503.0,0.0
2025-05-21 18:30:00,1443.345038150077,0.0,504.00000000000006,0.0
2025-05-21 19:00:00,1682.55812548107,0.0,509.0,0.0
2025-05-21 19:30:00,1603.607140134859,0.0,502.0,0.0
2025-05-21 20:00:00,1150.2711144593957,0.0,361.0,0.0
2025-05-21 20:30:00,1309.232707789945,0.0,352.0,0.0
2025-05-21 21:00:00,1543.1802741893152,0.0,413.0,0.0
2025-05-21 21:30:00,1237.259983521587,0.0,419.0,0.0
2025-05-21 22:00:00,1330.8717850627659,0.0,420.0,0.0
2025-05-21 22:30:00,1422.201985921442,0.0,435.0,0.0
2025-05-21 23:00:00,1528.3407992725583,0.0,445.0,0.0
2025-05-21 23:30:00,1419.8175463784366,0.0,464.00000000000006,0.0
2025-05-22 00:00:00,1357.5673093535443,0.0,406.0,0.0
2025-05-22 00:30:00,1053.7061733265907,0.0,251.0,0.0
2025-05-22 01:00:00,936.0694527753748,0.0,204.0,0.0
2025-05-22 01:30:00,1012.4542457787879,0.0,290.0,0.0
2025-05-22 02:00:00,1275.4264938743047,0.0,339.0,0.0
2025-05-22 02:30:00,1229.9490446559682,0.0,391.0,0.0
2025-05-22 03:00:00,1376.7112182003998,0.0,391.0,0.0
2025-05-22 03:30:00,1284.2211115593109,0.0,388.0,0.0
2025-05-22 04:00:00,1247.444416169249,0.0,385.0,0.0
2025-05-22 04:30:00,1521.6570932550774,0.0,441.00000000000006,0.0
2025-05-22 05:00:00,1304.137406714661,0.0,360.0,0.0
2025-05-22 05:30:00,1282.5242574691663,0.0,353.0,0.0
2025-05-22 06:00:00,1164.2243181511735,0.0,318.0,0.0
2025-05-22 06:30:00,819.1190126978335,0.0,186.0,0.0
2025-05-22 07:00:00,1117.533934091967,0.0,306.0,0.0
2025-05-22 07:30:00,1153.3553183097542,0.0,323.0,0.0
2025-05-22 08:00:00,939.304849154668,0.0,248.00000000000003,0.0
2025-05-22 08:30:00,956.7603944808978,0.0,293.0,0.0
2025-05-22 09:00:00,1217.8959658254682,0.0,394.0,0.0
2025-05-22 09:30:00,1100.576184368113,0.0,425.0,0.0
2025-05-22 10:00:00,1179.7553092330581,0.0,438.0,0.0
2025-05-22 10:30:00,1069.2187766259788,0.0,440.0,0.0
2025-05-22 11:00:00,878.2346561375116,0.0,403.0,0.0
2025-05-22 11:30:00,891.9180473723706,0.0,397.0,0.0
2025-05-22 12:00:00,1048.6880915735833,0.0,438.0,0.0
2025-05-22 12:30:00,803.0773560088589,0.0,397.0,0.0
2025-05-22 13:00:00,882.6695975520427,0.0,360.0,0.0
2025-05-22 13:30:00,438.713158474332,0.0,219.0,0.0
2025-05-22 14:00:00,517.4301350418397,0.0,239.0,0.0
2025-05-22 14:30:00,1042.408645309029,0.0,410.0,0.0
2025-05-22 15:00:00,988.5964623701952,0.0,447.0,0.0
2025-05-22 15:30:00,1139.5367292435765,0.0,446.0,0.0
2025-05-22 16:00:00,1309.413741538176,0.0,450.0,0.0
2025-05-22 16:30:00,1343.0366367993217,0.0,442.0,0.0
2025-05-22 17:00:00,1284.6517000312533,0.0,417.0,0.0
2025-05-22 17:30:00,962.5649002131809,0.0,270.0,0.0
2025-05-22 18:00:00,1291.5935472977735,0.0,407.0,0.0
2025-05-22 18:30:00,1353.2644237314648,0.0,408.0,0.0
2025-05-22 19:00:00,1306.253219881337,0.0,404.0,0.0
2025-05-22 19:30:00,1301.090764331401,0.0,381.0,0.0
2025-05-22 20:00:00,569.4083106393748,0.0,126.0,0.0
2025-05-22 20:30:00,1114.1002098184324,0.0,288.0,0.0
2025-05-22 21:00:00,1352.4685971916422,0.0,369.99999999999994,0.0
2025-05-22 21:30:00,1427.7505768305507,0.0,398.0,0.0
2025-05-22 22:00:00,1325.8322598253549,0.0,399.0,0.0
2025-05-22 22:30:00,1284.9060188693327,0.0,396.0,0.0
2025-05-22 23:00:00,1462.206822400903,0.0,405.0,0.0
2025-05-22 23:30:00,1390.2575601673675,0.0,398.99999999999994,0.0
2025-05-23 00:00:00,1465.9532802176554,0.0,433.0,0.0
2025-05-23 00:30:00,1129.384841275042,0.0,274.0,0.0
2025-05-23 01:00:00,825.6906290746933,0.0,179.0,0.0
2025-05-23 01:30:00,1129.056929448841,0.0,270.0,0.0
2025-05-23 02:00:00,1135.1318706860832,0.0,300.0,0.0
2025-05-23 02:30:00,1334.14977943297,0.0,368.99999999999994,0.0
2025-05-23 03:00:00,1321.8730065327986,0.0,368.0,0.0
2025-05-23 03:30:00,1375.2510095067278,0.0,370.0,0.0
2025-05-23 04:00:00,1547.5231213383329,0.0,409.00000000000006,0.0
2025-05-23 04:30:00,1423.8417214950764,0.0,397.0,0.0
2025-05-23 05:00:00,1560.6279726316102,0.0,403.0,0.0
2025-05-23 05:30:00,1309.008108997284,0.0,387.0,0.0
2025-05-23 06:00:00,1367.0042627507198,0.0,384.00000000000006,0.0
2025-05-23 06:30:00,971.3376878954425,0.0,246.99999999999997,0.0
2025-05-23 07:00:00,1121.1185696557502,0.0,323.0,0.0
2025-05-23 07:30:00,1437.9598878636382,0.0,422.99999999999994,0.0
2025-05-23 08:00:00,1053.5378718723562,0.0,260.0,0.0
2025-05-23 08:30:00,1010.233447799193,0.0,304.0,0.0
2025-05-23 09:00:00,1318.8931876992665,0.0,400.0,0.0
2025-05-23 09:30:00,1339.0231346821026,0.0,452.99999999999994,0.0
2025-05-23 10:00:00,1144.53096868141,0.0,436.0,0.0
2025-05-23 10:30:00,1084.0700714578982,0.0,425.0,0.0
2025-05-23 11:00:00,1100.674007861055,0.0,436.0,0.0
2025-05-23 11:30:00,977.0995898505704,0.0,425.0,0.0
2025-05-23 12:00:00,1117.609743517619,0.0,462.00000000000006,0.0
2025-05-23 12:30:00,1064.971840035745,0.0,408.0,0.0
2025-05-23 13:00:00,1221.5985257563339,0.0,352.0,0.0
2025-05-23 13:30:00,437.25248206665583,0.0,250.0,0.0
2025-05-23 14:00:00,752.2444006875509,0.0,270.0,0.0
2025-05-23 14:30:00,865.8374644252152,0.0,369.0,0.0
2025-05-23 15:00:00,1533.1918231339507,0.0,475.0,0.0
2025-05-23 15:30:00,1320.01268495934,0.0,513.0,0.0
2025-05-23 16:00:00,1623.554433855426,0.0,490.00000000000006,0.0
2025-05-23 16:30:00,1628.5783346516932,0.0,467.00000000000006,0.0
2025-05-23 17:00:00,1561.7731590162905,0.0,453.99999999999994,0.0
2025-05-23 17:30:00,1113.7931080210374,0.0,284.0,0.0
2025-05-23 18:00:00,1568.274106272505,0.0,449.0,0.0
2025-05-23 18:30:00,1537.4345003783255,0.0,458.0,0.0
2025-05-23 19:00:00,1491.6815839504975,0.0,415.0,0.0
2025-05-23 19:30:00,1267.2912102482885,0.0,382.00000000000006,0.0
2025-05-23 20:00:00,1212.4275380065642,0.0,319.0,0.0
2025-05-23 20:30:00,1086.9641683318525,0.0,283.0,0.0
2025-05-23 21:00:00,1320.0327368264454,0.0,385.0,0.0
2025-05-23 21:30:00,1217.2817590049583,0.0,401.0,0.0
2025-05-23 22:00:00,1323.0009068901481,0.0,349.0,0.0
2025-05-23 22:30:00,1266.5059291096459,0.0,402.99999999999994,0.0
2025-05-23 23:00:00,1471.3788541224726,0.0,407.0,0.0
2025-05-23 23:30:00,1322.6865484435964,0.0,403.00000000000006,0.0
2025-05-24 00:00:00,1429.0201910342062,0.0,411.0,0.0
2025-05-24 00:30:00,1053.616274731966,0.0,297.0,0.0
2025-05-24 01:00:00,968.0600583868277,0.0,238.0,0.0
2025-05-24 01:30:00,1005.942192580518,0.0,288.0,0.0
2025-05-24 02:00:00,1273.7338771446655,0.0,362.0,0.0
2025-05-24 02:30:00,1309.3607844003388,0.0,443.0,0.0
2025-05-24 03:00:00,1319.9536169323253,0.0,432.00000000000006,0.0
2025-05-24 03:30:00,1260.4980878553122,0.0,384.0,0.0
2025-05-24 04:00:00,1256.9216123648946,0.0,414.0,0.0
2025-05-24 04:30:00,1477.3830998345873,0.0,438.0,0.0
2025-05-24 05:00:00,1397.5012294716637,0.0,462.0,0.0
2025-05-24 05:30:00,1262.8852026764473,0.0,440.0,0.0
2025-05-24 06:00:00,1440.120346038966,0.0,407.0,0.0
2025-05-24 06:30:00,935.9486572167623,0.0,269.0,0.0
2025-05-24 07:00:00,1272.5129823059672,0.0,453.0,0.0
2025-05-24 07:30:00,1337.4307491629904,0.0,383.0,0.0
2025-05-24 08:00:00,995.5597820312206,0.0,323.0,0.0
2025-05-24 08:30:00,1069.587770398622,0.0,345.0,0.0
2025-05-24 09:00:00,1159.175329854095,0.0,414.0,0.0
2025-05-24 09:30:00,1113.5471296747114,0.0,443.0,0.0
2025-05-24 10:00:00,1209.0933484942211,0.0,457.0,0.0
2025-05-24 10:30:00,1028.1679606301045,0.0,439.0,0.0
2025-05-24 11:00:00,1236.4516793025725,0.0,504.0,0.0
2025-05-24 11:30:00,1150.8627378285978,0.0,455.0,0.0
2025-05-24 12:00:00,1052.9640731903387,0.0,451.0,0.0
2025-05-24 12:30:00,1126.176448926838,0.0,458.0,0.0
2025-05-24 13:00:00,1111.4353140039482,0.0,433.0,0.0
2025-05-24 13:30:00,475.3847647684528,0.0,255.0,0.0
2025-05-24 14:00:00,244.5046258196843,0.0,210.0,0.0
2025-05-24 14:30:00,879.2242509467619,0.0,407.0,0.0
2025-05-24 15:00:00,1111.1381098803854,0.0,455.0,0.0
2025-05-24 15:30:00,1073.5297151326577,0.0,466.0,0.0
2025-05-24 16:00:00,1166.234374388459,0.0,457.0,0.0
2025-05-24 16:30:00,907.7610616072794,0.0,364.0,0.0
2025-05-24 17:00:00,885.1869752076354,0.0,280.0,0.0
2025-05-24 17:30:00,698.521214812546,0.0,185.0,0.0
2025-05-24 18:00:00,974.9361097954617,0.0,306.0,0.0
2025-05-24 18:30:00,1037.4942654590582,0.0,329.0,0.0
2025-05-24 19:00:00,949.9664493553224,0.0,308.0,0.0
2025-05-24 19:30:00,911.2939998088978,0.0,261.0,0.0
2025-05-24 20:00:00,830.5726557220362,0.0,211.0,0.0
2025-05-24 20:30:00,1030.1412423033933,0.0,287.0,0.0
2025-05-24 21:00:00,1386.8307449473316,0.0,449.0,0.0
2025-05-24 21:30:00,1298.5645134297708,0.0,465.0,0.0
2025-05-24 22:00:00,1388.6669628936877,0.0,451.0,0.0
2025-05-24 22:30:00,1513.154456533578,0.0,410.00000000000006,0.0
2025-05-24 23:00:00,1368.8531261148582,0.0,448.0,0.0
2025-05-24 23:30:00,1459.0213652351536,0.0,399.00000000000006,0.0
2025-05-25 00:00:00,1261.8936536003255,0.0,394.0,0.0
2025-05-25 00:30:00,1044.3667101060666,0.0,274.0,0.0
2025-05-25 01:00:00,939.0479713716569,0.0,245.0,0.0
2025-05-25 01:30:00,1162.1842249288648,0.0,322.0,0.0
2025-05-25 02:00:00,1189.485305936662,0.0,338.0,0.0
2025-05-25 02:30:00,1399.0055110027172,0.0,439.0,0.0
2025-05-25 03:00:00,1345.9787254318032,0.0,415.0,0.0
2025-05-25 03:30:00,1293.144229758165,0.0,375.0,0.0
2025-05-25 04:00:00,1413.6097866435123,0.0,413.0,0.0
2025-05-25 04:30:00,1177.5236709626517,0.0,361.0,0.0
2025-05-25 05:00:00,1146.1584922271863,0.0,296.0,0.0
2025-05-25 05:30:00,988.1914996387417,0.0,295.0,0.0
2025-05-25 06:00:00,1015.7403441710018,0.0,272.0,0.0
2025-05-25 06:30:00,743.2555542242043,0.0,199.99999999999997,0.0
2025-05-25 07:00:00,1021.367409390442,0.0,296.0,0.0
2025-05-25 07:30:00,967.8919657310684,0.0,278.0,0.0
2025-05-25 08:00:00,838.3487526842489,0.0,200.0,0.0
2025-05-25 08:30:00,664.8844906177516,0.0,184.0,0.0
2025-05-25 09:00:00,790.6430848731163,0.0,240.0,0.0
2025-05-25 09:30:00,986.101488154108,0.0,322.0,0.0
2025-05-25 10:00:00,1056.4698671716826,0.0,365.0,0.0
2025-05-25 10:30:00,1130.8592256751904,0.0,421.0,0.0
2025-05-25 11:00:00,1212.5471847150407,0.0,415.0,0.0
2025-05-25 11:30:00,1060.2784194792937,0.0,389.0,0.0
2025-05-25 12:00:00,1103.7276383746996,0.0,410.99999999999994,0.0
2025-05-25 12:30:00,1122.3560653691966,0.0,409.0,0.0
2025-05-25 13:00:00,985.0297368763125,0.0,359.0,0.0
2025-05-25 13:30:00,546.7259474103504,0.0,161.0,0.0
2025-05-25 14:00:00,432.873186749261,0.0,165.0,0.0
2025-05-25 14:30:00,976.6656184692242,0.0,368.0,0.0
2025-05-25 15:00:00,1148.56587560377,0.0,398.0,0.0
2025-05-25 15:30:00,1069.8330146674666,0.0,390.0,0.0
2025-05-25 16:00:00,1249.5984681559742,0.0,395.0,0.0
2025-05-25 16:30:00,1087.8061530169596,0.0,392.0,0.0
2025-05-25 17:00:00,1128.3410086897857,0.0,383.0,0.0
2025-05-25 17:30:00,999.4542699503867,0.0,309.0,0.0
2025-05-25 18:00:00,971.498375368925,0.0,316.0,0.0
2025-05-25 18:30:00,764.3134747216905,0.0,226.0,0.0
2025-05-25 19:00:00,883.1155334707107,0.0,257.0,0.0
2025-05-25 19:30:00,926.796006442433,0.0,253.0,0.0
2025-05-25 20:00:00,654.8577326772058,0.0,173.0,0.0
2025-05-25 20:30:00,665.7887907511695,0.0,161.0,0.0
2025-05-25 21:00:00,759.1413876849103,0.0,224.0,0.0
2025-05-25 21:30:00,1009.8947943848506,0.0,246.0,0.0
2025-05-25 22:00:00,931.5924110519757,0.0,251.00000000000003,0.0
2025-05-25 22:30:00,976.9149025190724,0.0,287.0,0.0
2025-05-25 23:00:00,870.8464614928114,0.0,247.00000000000003,0.0
2025-05-25 23:30:00,893.1146638165293,0.0,244.0,0.0
2025-05-26 00:00:00,1041.214369948735,0.0,273.0,0.0
2025-05-26 00:30:00,692.966981754,0.0,157.0,0.0
2025-05-26 01:00:00,608.4595367946201,0.0,136.0,0.0
2025-05-26 01:30:00,882.9244426360307,0.0,232.99999999999997,0.0
2025-05-26 02:00:00,1072.8874195233448,0.0,283.0,0.0
2025-05-26 02:30:00,1061.9396172245833,0.0,274.0,0.0
2025-05-26 03:00:00,941.5446898203686,0.0,259.0,0.0
2025-05-26 03:30:00,1002.3381214193682,0.0,254.0,0.0
2025-05-26 04:00:00,1031.0739350514432,0.0,286.0,0.0
2025-05-26 04:30:00,990.0832203846379,0.0,300.0,0.0
2025-05-26 05:00:00,982.7849751319746,0.0,263.0,0.0
2025-05-26 05:30:00,924.5861317581156,0.0,269.0,0.0
2025-05-26 06:00:00,1005.7012433797286,0.0,252.0,0.0
2025-05-26 06:30:00,817.6364197579022,0.0,171.0,0.0
2025-05-26 07:00:00,872.0783906577834,0.0,223.99999999999997,0.0
2025-05-26 07:30:00,909.6067467395445,0.0,235.99999999999997,0.0
2025-05-26 08:00:00,782.1316135103162,0.0,213.0,0.0
2025-05-26 08:30:00,845.4473488904066,0.0,323.0,0.0
2025-05-26 09:00:00,1035.0815991925726,0.0,408.0,0.0
2025-05-26 09:30:00,1209.702800387638,0.0,455.0,0.0
2025-05-26 10:00:00,1038.8391693500125,0.0,407.0,0.0
2025-05-26 10:30:00,931.1833017036968,0.0,427.0,0.0
2025-05-26 11:00:00,803.6967396519647,0.0,394.0,0.0
2025-05-26 11:30:00,830.4100747853961,0.0,424.0,0.0
2025-05-26 12:00:00,1089.915261458576,0.0,465.0,0.0
2025-05-26 12:30:00,789.1732010762299,0.0,407.0,0.0
2025-05-26 13:00:00,642.4462750474032,0.0,332.0,0.0
2025-05-26 13:30:00,508.13223241383895,0.0,276.0,0.0
2025-05-26 14:00:00,569.3053003777893,0.0,295.0,0.0
2025-05-26 14:30:00,979.7468448416888,0.0,453.0,0.0
2025-05-26 15:00:00,960.7040134395719,0.0,405.0,0.0
2025-05-26 15:30:00,1228.0259532910136,0.0,448.99999999999994,0.0
2025-05-26 16:00:00,1582.3263959165074,0.0,514.0,0.0
2025-05-26 16:30:00,1615.059545539499,0.0,472.0,0.0
2025-05-26 17:00:00,1650.0737475318238,0.0,503.00000000000006,0.0
2025-05-26 17:30:00,963.0628457667657,0.0,329.0,0.0
2025-05-26 18:00:00,1379.6706553177587,0.0,452.0,0.0
2025-05-26 18:30:00,1410.388247161167,0.0,471.0,0.0
2025-05-26 19:00:00,1512.3328639132292,0.0,499.99999999999994,0.0
2025-05-26 19:30:00,1401.6385991403004,0.0,480.0,0.0
2025-05-26 20:00:00,1115.5389930005392,0.0,341.0,0.0
2025-05-26 20:30:00,1155.8348427353192,0.0,353.0,0.0
2025-05-26 21:00:00,1193.5874319573497,0.0,397.0,0.0
2025-05-26 21:30:00,1353.663927228168,0.0,463.0,0.0
2025-05-26 22:00:00,1392.7269862277592,0.0,475.99999999999994,0.0
2025-05-26 22:30:00,1365.1536293980198,0.0,441.0,0.0
2025-05-26 23:00:00,1277.206721709358,0.0,428.0,0.0
2025-05-26 23:30:00,1416.1523957250279,0.0,457.00000000000006,0.0
2025-05-27 00:00:00,1510.366672951182,0.0,449.0,0.0
2025-05-27 00:30:00,1100.2445401238183,0.0,297.0,0.0
2025-05-27 01:00:00,955.1560219213235,0.0,233.0,0.0
2025-05-27 01:30:00,1130.9399045193989,0.0,354.0,0.0
2025-05-27 02:00:00,1219.881293516395,0.0,369.0,0.0
2025-05-27 02:30:00,1578.7793206009458,0.0,459.0,0.0
2025-05-27 03:00:00,1422.4739554489213,0.0,449.0,0.0
2025-05-27 03:30:00,1337.9190812737825,0.0,452.0,0.0
2025-05-27 04:00:00,1625.5781054219353,0.0,452.00000000000006,0.0
2025-05-27 04:30:00,1444.3656214106904,0.0,488.99999999999994,0.0
2025-05-27 05:00:00,1471.524163480422,0.0,470.99999999999994,0.0
2025-05-27 05:30:00,1442.0715230583153,0.0,451.99999999999994,0.0
2025-05-27 06:00:00,1309.8454505649083,0.0,372.0,0.0
2025-05-27 06:30:00,859.0717642757626,0.0,223.0,0.0
2025-05-27 07:00:00,1193.224192387832,0.0,362.0,0.0
2025-05-27 07:30:00,1309.5345891990917,0.0,401.0,0.0
2025-05-27 08:00:00,925.9801832439721,0.0,300.0,0.0
2025-05-27 08:30:00,1060.5524959865602,0.0,343.0,0.0
2025-05-27 09:00:00,1342.7164665283217,0.0,479.0,0.0
2025-05-27 09:30:00,1441.4247232052423,0.0,480.0,0.0
2025-05-27 10:00:00,1267.824930265267,0.0,476.99999999999994,0.0
2025-05-27 10:30:00,1143.7947720862828,0.0,456.0,0.0
2025-05-27 11:00:00,1429.3422663398119,0.0,528.0,0.0
2025-05-27 11:30:00,1172.046046317983,0.0,500.0,0.0
2025-05-27 12:00:00,1271.7537833654083,0.0,490.99999999999994,0.0
2025-05-27 12:30:00,858.9078019537719,0.0,391.0,0.0
2025-05-27 13:00:00,669.1260321127849,0.0,344.99999999999994,0.0
2025-05-27 13:30:00,434.3562272837977,0.0,257.0,0.0
2025-05-27 14:00:00,764.7748298837776,0.0,294.0,0.0
2025-05-27 14:30:00,828.3391291592093,0.0,433.0,0.0
2025-05-27 15:00:00,1162.8820295932455,0.0,499.0,0.0
2025-05-27 15:30:00,1332.7804871680873,0.0,468.0,0.0
2025-05-27 16:00:00,1557.7484304868403,0.0,515.0,0.0
2025-05-27 16:30:00,1689.9328877381045,0.0,556.0,0.0
2025-05-27 17:00:00,1567.6621349146394,0.0,533.0,0.0
2025-05-27 17:30:00,1014.8706845037492,0.0,305.0,0.0
2025-05-27 18:00:00,1363.8643998463795,0.0,490.99999999999994,0.0
2025-05-27 18:30:00,1538.668346829521,0.0,479.00000000000006,0.0
2025-05-27 19:00:00,1486.5502279736543,0.0,501.0,0.0
2025-05-27 19:30:00,1555.5547699581778,0.0,478.0,0.0
2025-05-27 20:00:00,1241.8599140403235,0.0,349.0,0.0
2025-05-27 20:30:00,1146.8250162170248,0.0,331.0,0.0
2025-05-27 21:00:00,1271.4389534532886,0.0,393.0,0.0
2025-05-27 21:30:00,1297.2730398282058,0.0,414.0,0.0
2025-05-27 22:00:00,1378.322983430382,0.0,442.0,0.0
2025-05-27 22:30:00,1517.1094759836783,0.0,431.00000000000006,0.0
2025-05-27 23:00:00,1349.505134343505,0.0,395.0,0.0
2025-05-27 23:30:00,1217.1495224041169,0.0,431.0,0.0
2025-05-28 00:00:00,1223.8111046189429,0.0,391.0,0.0
2025-05-28 00:30:00,970.6048129450978,0.0,279.0,0.0
2025-05-28 01:00:00,835.5178984085559,0.0,200.0,0.0
2025-05-28 01:30:00,1056.184595663354,0.0,294.0,0.0
2025-05-28 02:00:00,985.7791854300001,0.0,316.0,0.0
2025-05-28 02:30:00,1264.5526251488357,0.0,391.0,0.0
2025-05-28 03:00:00,1583.269945211459,0.0,471.0,0.0
2025-05-28 03:30:00,1351.1935774141348,0.0,383.00000000000006,0.0
2025-05-28 04:00:00,1439.590855702064,0.0,390.99999999999994,0.0
2025-05-28 04:30:00,1375.6910757263502,0.0,386.0,0.0
2025-05-28 05:00:00,1126.1474139642671,0.0,353.00000000000006,0.0
2025-05-28 05:30:00,1302.6051591876758,0.0,429.0,0.0
2025-05-28 06:00:00,1211.205764425104,0.0,362.0,0.0
2025-05-28 06:30:00,814.9944112801991,0.0,213.0,0.0
2025-05-28 07:00:00,950.1269142911068,0.0,303.0,0.0
2025-05-28 07:30:00,1182.1733025872772,0.0,349.0,0.0
2025-05-28 08:00:00,908.8065963941692,0.0,288.0,0.0
2025-05-28 08:30:00,995.9561046103101,0.0,307.0,0.0
2025-05-28 09:00:00,1001.4074507636907,0.0,349.0,0.0
2025-05-28 09:30:00,1049.7025891163146,0.0,406.0,0.0
2025-05-28 10:00:00,1097.848278100803,0.0,456.0,0.0
2025-05-28 10:30:00,1204.9750172225727,0.0,452.99999999999994,0.0
2025-05-28 11:00:00,850.894201449269,0.0,317.0,0.0
2025-05-28 11:30:00,640.9424597261227,0.0,316.0,0.0
2025-05-28 12:00:00,908.9026882943278,0.0,399.0,0.0
2025-05-28 12:30:00,827.4415494455302,0.0,401.0,0.0
2025-05-28 13:00:00,713.1682056848034,0.0,317.0,0.0
2025-05-28 13:30:00,387.57610588214413,0.0,268.0,0.0
2025-05-28 14:00:00,578.1460489053466,0.0,278.0,0.0
2025-05-28 14:30:00,790.375927132871,0.0,377.0,0.0
2025-05-28 15:00:00,1051.8625468342161,0.0,446.0,0.0
2025-05-28 15:30:00,1052.370817162618,0.0,434.0,0.0
2025-05-28 16:00:00,1146.677992061254,0.0,454.0,0.0
2025-05-28 16:30:00,869.7442739359345,0.0,422.0,0.0
2025-05-28 17:00:00,954.8682436638352,0.0,371.0,0.0
2025-05-28 17:30:00,887.2032350475869,0.0,293.0,0.0
2025-05-28 18:00:00,1167.6385381488205,0.0,388.0,0.0
2025-05-28 18:30:00,1232.7507773412663,0.0,371.0,0.0
2025-05-28 19:00:00,1266.662403346366,0.0,390.0,0.0
2025-05-28 19:30:00,1170.7113714832653,0.0,370.0,0.0
2025-05-28 20:00:00,900.932555657058,0.0,268.0,0.0
2025-05-28 20:30:00,969.2728392795234,0.0,281.0,0.0
2025-05-28 21:00:00,1143.9582935642875,0.0,363.0,0.0
2025-05-28 21:30:00,1264.3498951215133,0.0,388.0,0.0
2025-05-28 22:00:00,1326.7400624607385,0.0,396.00000000000006,0.0
2025-05-28 22:30:00,1440.3692133694187,0.0,418.0,0.0
2025-05-28 23:00:00,1298.4742841204059,0.0,414.99999999999994,0.0
2025-05-28 23:30:00,1308.9342339469642,0.0,373.00000000000006,0.0
2025-05-29 00:00:00,1540.3049453101846,0.0,398.0,0.0
2025-05-29 00:30:00,1074.8014466991358,0.0,239.0,0.0
2025-05-29 01:00:00,983.2330751503739,0.0,198.0,0.0
2025-05-29 01:30:00,1234.7125953089874,0.0,312.0,0.0
2025-05-29 02:00:00,1210.6444526021078,0.0,367.0,0.0
2025-05-29 02:30:00,1580.2516365959284,0.0,459.0,0.0
2025-05-29 03:00:00,1378.6809689375787,0.0,449.0,0.0
2025-05-29 03:30:00,1493.3886430700124,0.0,441.0,0.0
2025-05-29 04:00:00,1371.0845075769726,0.0,407.0,0.0
2025-05-29 04:30:00,1411.5801245046391,0.0,434.0,0.0
2025-05-29 05:00:00,1355.2555150532457,0.0,392.0,0.0
2025-05-29 05:30:00,1429.2347636638008,0.0,418.0,0.0
2025-05-29 06:00:00,1407.7925341337539,0.0,388.99999999999994,0.0
2025-05-29 06:30:00,914.3045670388647,0.0,190.0,0.0
2025-05-29 07:00:00,1108.2681538851684,0.0,337.0,0.0
2025-05-29 07:30:00,1257.47086590648,0.0,378.0,0.0
2025-05-29 08:00:00,922.690188825148,0.0,252.0,0.0
2025-05-29 08:30:00,1087.257864586916,0.0,290.99999999999994,0.0
2025-05-29 09:00:00,1471.471828924759,0.0,451.0,0.0
2025-05-29 09:30:00,1363.3669780718947,0.0,422.00000000000006,0.0
2025-05-29 10:00:00,1206.3588781447315,0.0,418.0,0.0
2025-05-29 10:30:00,1192.6409306954745,0.0,404.0,0.0
2025-05-29 11:00:00,1224.2308878771282,0.0,473.00000000000006,0.0
2025-05-29 11:30:00,1169.4771765518599,0.0,447.0,0.0
2025-05-29 12:00:00,1295.8520717338154,0.0,442.0,0.0
2025-05-29 12:30:00,1078.7381531285816,0.0,393.0,0.0
2025-05-29 13:00:00,1006.3325666725489,0.0,328.0,0.0
2025-05-29 13:30:00,670.9026593103771,0.0,209.00000000000003,0.0
2025-05-29 14:00:00,762.7747336916414,0.0,249.99999999999997,0.0
2025-05-29 14:30:00,1186.9167539623154,0.0,433.99999999999994,0.0
2025-05-29 15:00:00,1299.0019656181648,0.0,438.0,0.0
2025-05-29 15:30:00,1235.9979189907576,0.0,459.0,0.0
2025-05-29 16:00:00,1394.3575775896952,0.0,464.0,0.0
2025-05-29 16:30:00,1286.5060985069722,0.0,472.0,0.0
2025-05-29 17:00:00,1469.526519421462,0.0,473.0,0.0
2025-05-29 17:30:00,1005.207458763172,0.0,261.0,0.0
2025-05-29 18:00:00,1424.4342671974318,0.0,472.0,0.0
2025-05-29 18:30:00,1633.3458192114917,0.0,483.0,0.0
2025-05-29 19:00:00,1491.367560024798,0.0,494.0,0.0
2025-05-29 19:30:00,1432.6584270130697,0.0,419.99999999999994,0.0
2025-05-29 20:00:00,1120.7885021568804,0.0,299.0,0.0
2025-05-29 20:30:00,1123.4622811716142,0.0,311.0,0.0
2025-05-29 21:00:00,1385.7072281845058,0.0,373.0,0.0
2025-05-29 21:30:00,1521.1279067537214,0.0,407.99999999999994,0.0
2025-05-29 22:00:00,1507.6540812350124,0.0,465.0,0.0
2025-05-29 22:30:00,1340.9557878093171,0.0,417.0,0.0
2025-05-29 23:00:00,1441.3383368474301,0.0,451.0,0.0
2025-05-29 23:30:00,1531.3359964426086,0.0,411.00000000000006,0.0
2025-05-30 00:00:00,1534.7771565215266,0.0,433.0,0.0
2025-05-30 00:30:00,1080.5522329207781,0.0,274.0,0.0
2025-05-30 01:00:00,853.8575807378985,0.0,179.0,0.0
2025-05-30 01:30:00,1063.0200242034266,0.0,270.0,0.0
2025-05-30 02:00:00,1083.8130321486337,0.0,300.0,0.0
2025-05-30 02:30:00,1304.3937527965375,0.0,369.0,0.0
2025-05-30 03:00:00,1360.4673102954443,0.0,368.0,0.0
2025-05-30 03:30:00,1219.0986574958297,0.0,370.0,0.0
2025-05-30 04:00:00,1420.722893067043,0.0,409.0,0.0
2025-05-30 04:30:00,1411.5322361162314,0.0,397.0,0.0
2025-05-30 05:00:00,1510.2358451935504,0.0,403.0,0.0
2025-05-30 05:30:00,1225.768785462848,0.0,387.0,0.0
2025-05-30 06:00:00,1291.5835511928062,0.0,384.0,0.0
2025-05-30 06:30:00,925.3112165550634,0.0,247.0,0.0
2025-05-30 07:00:00,1241.2554024834374,0.0,323.0,0.0
2025-05-30 07:30:00,1419.652205921805,0.0,422.99999999999994,0.0
2025-05-30 08:00:00,1147.7278538034398,0.0,260.0,0.0
2025-05-30 08:30:00,1090.1900335628357,0.0,304.0,0.0
2025-05-30 09:00:00,1269.123703321432,0.0,400.0,0.0
2025-05-30 09:30:00,1345.228915266791,0.0,453.0,0.0
2025-05-30 10:00:00,1128.3640579338653,0.0,436.0,0.0
2025-05-30 10:30:00,1134.5425533617738,0.0,425.0,0.0
2025-05-30 11:00:00,1032.0027799149898,0.0,436.0,0.0
2025-05-30 11:30:00,954.4046512460449,0.0,425.0,0.0
2025-05-30 12:00:00,1135.137372805409,0.0,462.0,0.0
2025-05-30 12:30:00,1167.8411198087738,0.0,408.0,0.0
2025-05-30 13:00:00,959.6253582176648,0.0,352.0,0.0
2025-05-30 13:30:00,502.7275630000946,0.0,250.0,0.0
2025-05-30 14:00:00,769.4704644490569,0.0,270.0,0.0
2025-05-30 14:30:00,804.627693565561,0.0,369.0,0.0
2025-05-30 15:00:00,1182.4423069985728,0.0,475.0,0.0
2025-05-30 15:30:00,1305.2259336596578,0.0,513.0,0.0
2025-05-30 16:00:00,1588.1337595331283,0.0,490.0,0.0
2025-05-30 16:30:00,1603.2998208190315,0.0,467.0,0.0
2025-05-30 17:00:00,1584.7845423889355,0.0,454.0,0.0
2025-05-30 17:30:00,1020.1307712548714,0.0,284.0,0.0
2025-05-30 18:00:00,1396.4936428066992,0.0,449.0,0.0
2025-05-30 18:30:00,1540.4128210424092,0.0,458.00000000000006,0.0
2025-05-30 19:00:00,1479.832707868441,0.0,415.0,0.0
2025-05-30 19:30:00,1413.6758259794874,0.0,382.0,0.0
2025-05-30 20:00:00,1158.8456124281404,0.0,319.0,0.0
2025-05-30 20:30:00,1182.9173760054798,0.0,283.0,0.0
2025-05-30 21:00:00,1291.0509935758157,0.0,385.0,0.0
2025-05-30 21:30:00,1271.4942355130752,0.0,401.0,0.0
2025-05-30 22:00:00,1261.5826905048498,0.0,349.0,0.0
2025-05-30 22:30:00,1458.273565957742,0.0,403.00000000000006,0.0
2025-05-30 23:00:00,1450.8522070328759,0.0,407.0,0.0
2025-05-30 23:30:00,1360.1680511412194,0.0,403.0,0.0
2025-05-31 00:00:00,1200.371112629929,0.0,418.0,0.0
2025-05-31 00:30:00,1082.584776579735,0.0,286.0,0.0
2025-05-31 01:00:00,864.5303854606822,0.0,242.00000000000003,0.0
2025-05-31 01:30:00,1053.3847565466065,0.0,307.0,0.0
2025-05-31 02:00:00,1167.824041466175,0.0,326.0,0.0
2025-05-31 02:30:00,1263.4589380509865,0.0,397.0,0.0
2025-05-31 03:00:00,1294.2998214853826,0.0,420.0,0.0
2025-05-31 03:30:00,1216.6343596263705,0.0,367.0,0.0
2025-05-31 04:00:00,1382.7972761168664,0.0,391.0,0.0
2025-05-31 04:30:00,1218.9006302868743,0.0,377.0,0.0
2025-05-31 05:00:00,1296.2860476276471,0.0,360.0,0.0
2025-05-31 05:30:00,1323.611449780104,0.0,349.0,0.0
2025-05-31 06:00:00,1125.165627224323,0.0,286.0,0.0
2025-05-31 06:30:00,773.5678321620424,0.0,189.0,0.0
2025-05-31 07:00:00,1260.504594827927,0.0,338.0,0.0
2025-05-31 07:30:00,1282.450227572352,0.0,407.0,0.0
2025-05-31 08:00:00,1013.6205358629886,0.0,279.0,0.0
2025-05-31 08:30:00,919.026664154488,0.0,299.0,0.0
2025-05-31 09:00:00,1069.769652582885,0.0,399.0,0.0
2025-05-31 09:30:00,1372.9748863335292,0.0,455.0,0.0
2025-05-31 10:00:00,1127.727462781847,0.0,434.0,0.0
2025-05-31 10:30:00,1193.433393441483,0.0,493.00000000000006,0.0
2025-05-31 11:00:00,1153.389037027956,0.0,468.00000000000006,0.0
2025-05-31 11:30:00,1181.1073077795686,0.0,489.0,0.0
2025-05-31 12:00:00,999.4547453283217,0.0,450.0,0.0
2025-05-31 12:30:00,896.285288045013,0.0,451.00000000000006,0.0
2025-05-31 13:00:00,762.8250297162647,0.0,414.0,0.0
2025-05-31 13:30:00,269.1453121840452,0.0,198.0,0.0
2025-05-31 14:00:00,194.52620895091948,0.0,159.0,0.0
2025-05-31 14:30:00,734.9488339355215,0.0,364.0,0.0
2025-05-31 15:00:00,852.8026984364602,0.0,426.99999999999994,0.0
2025-05-31 15:30:00,888.5780486112183,0.0,407.0,0.0
2025-05-31 16:00:00,1194.321111189309,0.0,456.0,0.0
2025-05-31 16:30:00,861.7439825123113,0.0,306.0,0.0
2025-05-31 17:00:00,812.1205423597652,0.0,226.0,0.0
2025-05-31 17:30:00,621.93348890043,0.0,155.0,0.0
2025-05-31 18:00:00,785.0811173582654,0.0,249.0,0.0
2025-05-31 18:30:00,956.1722879263367,0.0,298.0,0.0
2025-05-31 19:00:00,1066.719309161527,0.0,252.0,0.0
2025-05-31 19:30:00,949.428630369642,0.0,240.0,0.0
2025-05-31 20:00:00,805.2100031088064,0.0,189.0,0.0
2025-05-31 20:30:00,936.1461004205711,0.0,222.0,0.0
2025-05-31 21:00:00,1242.0461408761419,0.0,326.0,0.0
2025-05-31 21:30:00,1276.0099601465336,0.0,376.0,0.0
2025-05-31 22:00:00,1136.5062778447345,0.0,350.0,0.0
2025-05-31 22:30:00,1201.013396536546,0.0,348.0,0.0
2025-05-31 23:00:00,1352.544045160843,0.0,371.0,0.0
2025-05-31 23:30:00,1380.2329163573415,0.0,376.99999999999994,0.0
2025-06-01 00:00:00,1313.6181803682691,0.0,364.0,0.0
2025-06-01 00:30:00,965.9250446497566,0.0,232.0,0.0
2025-06-01 01:00:00,918.9405447118565,0.0,210.0,0.0
2025-06-01 01:30:00,1020.0456096746941,0.0,275.0,0.0
2025-06-01 02:00:00,1322.842832679314,0.0,332.0,0.0
2025-06-01 02:30:00,1341.3512274609166,0.0,410.00000000000006,0.0
2025-06-01 03:00:00,1421.599492954492,0.0,420.0,0.0
2025-06-01 03:30:00,1307.656427106634,0.0,400.0,0.0
2025-06-01 04:00:00,1356.8782914803257,0.0,372.99999999999994,0.0
2025-06-01 04:30:00,1170.4675166295776,0.0,312.0,0.0
2025-06-01 05:00:00,1119.8899286229255,0.0,295.0,0.0
2025-06-01 05:30:00,1020.9693413971937,0.0,282.0,0.0
2025-06-01 06:00:00,1240.9637398766185,0.0,309.0,0.0
2025-06-01 06:30:00,813.4052178386504,0.0,154.0,0.0
2025-06-01 07:00:00,1000.3387656281844,0.0,262.0,0.0
2025-06-01 07:30:00,1050.4461574300003,0.0,240.0,0.0
2025-06-01 08:00:00,652.0071102525153,0.0,159.0,0.0
2025-06-01 08:30:00,557.8452408788406,0.0,183.99999999999997,0.0
2025-06-01 09:00:00,679.7360015955161,0.0,246.0,0.0
2025-06-01 09:30:00,845.119190616534,0.0,344.0,0.0
2025-06-01 10:00:00,1055.8001117413503,0.0,403.0,0.0
2025-06-01 10:30:00,944.4971940952416,0.0,392.0,0.0
2025-06-01 11:00:00,774.2282932354639,0.0,407.0,0.0
2025-06-01 11:30:00,650.9746182676361,0.0,380.0,0.0
2025-06-01 12:00:00,845.7351039876766,0.0,394.0,0.0
2025-06-01 12:30:00,764.0080426965723,0.0,419.0,0.0
2025-06-01 13:00:00,780.5797169022428,0.0,394.00000000000006,0.0
2025-06-01 13:30:00,262.54260326771515,0.0,141.0,0.0
2025-06-01 14:00:00,414.47769911387564,1.0,150.0,0.0
2025-06-01 14:30:00,843.7931455337931,0.0,385.0,0.0
2025-06-01 15:00:00,767.9926084456868,0.0,339.0,0.0
2025-06-01 15:30:00,975.4891383351069,0.0,360.0,0.0
2025-06-01 16:00:00,851.7784857997094,0.0,341.0,0.0
2025-06-01 16:30:00,970.560802975151,0.0,334.0,0.0
2025-06-01 17:00:00,1151.6944941450738,0.0,343.0,0.0
2025-06-01 17:30:00,968.4094855984303,0.0,251.0,0.0
2025-06-01 18:00:00,1234.208523570544,0.0,316.0,0.0
2025-06-01 18:30:00,961.7757027415221,0.0,281.0,0.0
2025-06-01 19:00:00,928.6815953042626,0.0,256.0,0.0
2025-06-01 19:30:00,941.162833368714,0.0,246.99999999999997,0.0
2025-06-01 20:00:00,712.0170356648792,0.0,163.0,0.0
2025-06-01 20:30:00,713.545971536504,0.0,157.0,0.0
2025-06-01 21:00:00,947.8480554011132,0.0,278.0,0.0
2025-06-01 21:30:00,1129.20802745393,0.0,349.0,0.0
2025-06-01 22:00:00,1125.3060562141372,0.0,358.0,0.0
2025-06-01 22:30:00,1257.1497585083926,0.0,395.0,0.0
2025-06-01 23:00:00,1265.0987035928279,0.0,342.99999999999994,0.0
2025-06-01 23:30:00,1294.9683686131448,0.0,370.0,0.0
2025-06-02 00:00:00,1411.2290278120624,0.0,426.0,0.0
2025-06-02 00:30:00,999.600996645491,0.0,263.0,0.0
2025-06-02 01:00:00,923.6216512379566,0.0,266.0,0.0
2025-06-02 01:30:00,1140.8962083820913,0.0,296.0,0.0
2025-06-02 02:00:00,1131.3418601208273,0.0,318.00000000000006,0.0
2025-06-02 02:30:00,1232.046032513343,0.0,420.0,0.0
2025-06-02 03:00:00,1351.3711575051614,0.0,444.0,0.0
2025-06-02 03:30:00,1177.6080218632983,0.0,428.0,0.0
2025-06-02 04:00:00,1262.1888118037941,0.0,403.0,0.0
2025-06-02 04:30:00,1359.7837874376867,0.0,382.00000000000006,0.0
2025-06-02 05:00:00,1351.1522274426493,0.0,437.99999999999994,0.0
2025-06-02 05:30:00,1285.5949733296684,0.0,410.0,0.0
2025-06-02 06:00:00,880.8893538867361,0.0,283.0,0.0
2025-06-02 06:30:00,666.9967086718625,0.0,170.0,0.0
2025-06-02 07:00:00,914.8561611721957,0.0,262.0,0.0
2025-06-02 07:30:00,860.0333417237398,0.0,242.99999999999997,0.0
2025-06-02 08:00:00,694.9020918307342,0.0,202.0,0.0
2025-06-02 08:30:00,879.0801404084725,0.0,317.0,0.0
2025-06-02 09:00:00,1074.267749876651,0.0,406.0,0.0
2025-06-02 09:30:00,1020.6104758993041,0.0,426.0,0.0
2025-06-02 10:00:00,1022.6938037216951,0.0,453.0,0.0
2025-06-02 10:30:00,907.8766882268267,0.0,430.0,0.0
2025-06-02 11:00:00,799.8554510408941,0.0,433.0,0.0
2025-06-02 11:30:00,757.254843917623,0.0,407.99999999999994,0.0
2025-06-02 12:00:00,884.13600182019,0.0,418.0,0.0
2025-06-02 12:30:00,770.7502561016823,0.0,408.0,0.0
2025-06-02 13:00:00,735.2554005516187,0.0,352.0,0.0
2025-06-02 13:30:00,614.1756251547397,0.0,258.0,0.0
2025-06-02 14:00:00,460.6262214119448,0.0,266.0,0.0
2025-06-02 14:30:00,1089.0966047588436,0.0,435.0,0.0
2025-06-02 15:00:00,952.8603538209985,0.0,459.0,0.0
2025-06-02 15:30:00,1348.7195799377307,0.0,488.0,0.0
2025-06-02 16:00:00,1221.6747839330528,0.0,474.0,0.0
2025-06-02 16:30:00,1425.885371048223,0.0,443.0,0.0
2025-06-02 17:00:00,1359.4199193837653,0.0,459.0,0.0
2025-06-02 17:30:00,886.4346138965359,0.0,310.0,0.0
2025-06-02 18:00:00,1345.3441886328865,0.0,485.0,0.0
2025-06-02 18:30:00,1365.7023596002734,0.0,499.0,0.0
2025-06-02 19:00:00,1328.6753740173083,0.0,452.0,0.0
2025-06-02 19:30:00,1419.19065520948,0.0,433.0,0.0
2025-06-02 20:00:00,1116.1937909368628,0.0,356.0,0.0
2025-06-02 20:30:00,1169.945435585871,0.0,368.0,0.0
2025-06-02 21:00:00,1366.309214885593,0.0,454.0,0.0
2025-06-02 21:30:00,1556.4395522327366,0.0,481.0,0.0
2025-06-02 22:00:00,1430.65290765248,0.0,467.99999999999994,0.0
2025-06-02 22:30:00,1520.5385721550263,0.0,460.0,0.0
2025-06-02 23:00:00,1514.8027258898871,0.0,491.0,0.0
2025-06-02 23:30:00,1533.0085617369184,0.0,491.99999999999994,0.0
2025-06-03 00:00:00,1410.6197306671208,0.0,417.0,0.0
2025-06-03 00:30:00,1004.4648651613826,0.0,267.0,0.0
2025-06-03 01:00:00,885.2348853859784,0.0,229.00000000000003,0.0
2025-06-03 01:30:00,967.0555680671814,0.0,285.0,0.0
2025-06-03 02:00:00,1337.756376491377,0.0,400.0,0.0
2025-06-03 02:30:00,1318.107318949477,0.0,430.0,0.0
2025-06-03 03:00:00,1398.9093215665496,0.0,426.0,0.0
2025-06-03 03:30:00,1524.3153061382225,0.0,412.99999999999994,0.0
2025-06-03 04:00:00,1353.0328903858704,0.0,391.0,0.0
2025-06-03 04:30:00,1504.8741738384474,0.0,407.0,0.0
2025-06-03 05:00:00,1563.9455835832798,0.0,432.0,0.0
2025-06-03 05:30:00,1352.624984058535,0.0,386.0,0.0
2025-06-03 06:00:00,1274.564676987232,0.0,404.00000000000006,0.0
2025-06-03 06:30:00,771.3156887575994,0.0,192.99999999999997,0.0
2025-06-03 07:00:00,1264.2242028176543,0.0,356.0,0.0
2025-06-03 07:30:00,1310.819855527437,0.0,403.99999999999994,0.0
2025-06-03 08:00:00,1163.663990850905,0.0,351.0,0.0
2025-06-03 08:30:00,1142.483076944365,0.0,302.0,0.0
2025-06-03 09:00:00,1398.6946923088071,0.0,485.0,0.0
2025-06-03 09:30:00,1391.7251060713295,0.0,449.99999999999994,0.0
2025-06-03 10:00:00,1518.862411849822,0.0,464.0,0.0
2025-06-03 10:30:00,1391.8330393241417,0.0,470.0,0.0
2025-06-03 11:00:00,1309.611667430561,0.0,472.0,0.0
2025-06-03 11:30:00,1351.961317449134,0.0,472.0,0.0
2025-06-03 12:00:00,1170.9509120424339,0.0,426.0,0.0
2025-06-03 12:30:00,1161.6392926868243,0.0,426.0,0.0
2025-06-03 13:00:00,1016.3783382035824,0.0,342.0,0.0
2025-06-03 13:30:00,638.7670540647446,0.0,197.00000000000003,0.0
2025-06-03 14:00:00,551.3056281611332,0.0,238.0,0.0
2025-06-03 14:30:00,1079.2382864973017,0.0,429.0,0.0
2025-06-03 15:00:00,1235.7713563667876,0.0,412.0,0.0
2025-06-03 15:30:00,1087.7233772656607,0.0,432.0,0.0
2025-06-03 16:00:00,1191.9663494426939,0.0,411.0,0.0
2025-06-03 16:30:00,1234.3423884447873,0.0,434.00000000000006,0.0
2025-06-03 17:00:00,1284.374127732541,0.0,420.99999999999994,0.0
2025-06-03 17:30:00,903.4946838785123,0.0,274.0,0.0
2025-06-03 18:00:00,1300.1188610440133,0.0,448.0,0.0
2025-06-03 18:30:00,1472.0696597699316,0.0,491.00000000000006,0.0
2025-06-03 19:00:00,1490.4194622570126,0.0,444.99999999999994,0.0
2025-06-03 19:30:00,1348.1617045213286,0.0,424.00000000000006,0.0
2025-06-03 20:00:00,1198.0401573451848,0.0,294.0,0.0
2025-06-03 20:30:00,1052.686939354214,0.0,304.0,0.0
2025-06-03 21:00:00,1265.2160799736744,0.0,387.99999999999994,0.0
2025-06-03 21:30:00,1306.5104278229153,0.0,368.0,0.0
2025-06-03 22:00:00,1366.4369691917934,0.0,423.99999999999994,0.0
2025-06-03 22:30:00,1407.1805737562752,0.0,372.0,0.0
2025-06-03 23:00:00,1475.6291277264247,0.0,449.00000000000006,0.0
2025-06-03 23:30:00,1462.0587301602861,0.0,434.0,0.0
2025-06-04 00:00:00,1189.8583543644868,0.0,391.0,0.0
2025-06-04 00:30:00,964.5894422479271,0.0,279.0,0.0
2025-06-04 01:00:00,796.5315122689648,0.0,200.00000000000003,0.0
2025-06-04 01:30:00,962.3383342223558,0.0,294.0,0.0
2025-06-04 02:00:00,1011.096916489104,0.0,316.0,0.0
2025-06-04 02:30:00,1131.6113015518954,0.0,391.0,0.0
2025-06-04 03:00:00,1327.1011791315716,0.0,471.0,0.0
2025-06-04 03:30:00,1309.9992727447611,0.0,383.0,0.0
2025-06-04 04:00:00,1297.0020097528943,0.0,391.0,0.0
2025-06-04 04:30:00,1243.0543526626054,0.0,386.0,0.0
2025-06-04 05:00:00,1161.2445607503219,0.0,353.0,0.0
2025-06-04 05:30:00,1256.323975750914,0.0,429.0,0.0
2025-06-04 06:00:00,1248.793952681993,0.0,362.0,0.0
2025-06-04 06:30:00,824.5820251183077,0.0,213.0,0.0
2025-06-04 07:00:00,1003.7927440788645,0.0,303.0,0.0
2025-06-04 07:30:00,1078.7910052652499,0.0,349.0,0.0
2025-06-04 08:00:00,863.1298830686835,0.0,288.0,0.0
2025-06-04 08:30:00,913.8387897336637,0.0,307.0,0.0
2025-06-04 09:00:00,933.0585916608812,0.0,349.0,0.0
2025-06-04 09:30:00,1015.5003230881879,0.0,406.0,0.0
2025-06-04 10:00:00,998.6922999026958,0.0,456.0,0.0
2025-06-04 10:30:00,1229.704975699239,0.0,452.99999999999994,0.0
2025-06-04 11:00:00,749.8134638859083,0.0,317.0,0.0
2025-06-04 11:30:00,694.1098593006909,0.0,316.0,0.0
2025-06-04 12:00:00,888.6666359199824,0.0,399.0,0.0
2025-06-04 12:30:00,958.5923492572482,0.0,401.0,0.0
2025-06-04 13:00:00,673.9658542670105,0.0,317.0,0.0
2025-06-04 13:30:00,361.4004760522283,0.0,268.0,0.0
2025-06-04 14:00:00,549.6950586602738,0.0,278.0,0.0
2025-06-04 14:30:00,884.6172694066283,0.0,377.0,0.0
2025-06-04 15:00:00,1004.8971055834545,0.0,446.0,0.0
2025-06-04 15:30:00,1010.5280534690288,0.0,434.0,0.0
2025-06-04 16:00:00,1258.3958492741624,0.0,453.99999999999994,0.0
2025-06-04 16:30:00,927.5984195138223,0.0,422.0,0.0
2025-06-04 17:00:00,840.438977282389,0.0,371.0,0.0
2025-06-04 17:30:00,823.9212323174506,0.0,293.0,0.0
2025-06-04 18:00:00,991.2722613155981,0.0,388.0,0.0
2025-06-04 18:30:00,1180.936278047542,0.0,371.0,0.0
2025-06-04 19:00:00,1266.129734169608,0.0,389.99999999999994,0.0
2025-06-04 19:30:00,1115.6369807624412,0.0,370.0,0.0
2025-06-04 20:00:00,946.1934259669144,0.0,268.0,0.0
2025-06-04 20:30:00,978.536533884138,0.0,281.0,0.0
2025-06-04 21:00:00,1064.765428919021,0.0,363.0,0.0
2025-06-04 21:30:00,1181.2238365405008,0.0,388.0,0.0
2025-06-04 22:00:00,1244.3237991539079,0.0,396.00000000000006,0.0
2025-06-04 22:30:00,1257.4692127334554,0.0,418.0,0.0
2025-06-04 23:00:00,1245.2108446155414,0.0,415.0,0.0
2025-06-04 23:30:00,1159.0806139905544,0.0,373.0,0.0
2025-06-05 00:00:00,1342.8107604984687,0.0,387.0,0.0
2025-06-05 00:30:00,1127.5000333585488,0.0,320.00000000000006,0.0
2025-06-05 01:00:00,983.8779538474018,0.0,237.0,0.0
2025-06-05 01:30:00,1153.428660343833,0.0,352.0,0.0
2025-06-05 02:00:00,1107.5600074177328,0.0,351.0,0.0
2025-06-05 02:30:00,1354.9073826383749,0.0,456.0,0.0
2025-06-05 03:00:00,1598.313250769099,0.0,470.99999999999994,0.0
2025-06-05 03:30:00,1453.0760127051349,0.0,465.99999999999994,0.0
2025-06-05 04:00:00,1546.4190805806234,0.0,456.0,0.0
2025-06-05 04:30:00,1353.8657643581064,0.0,440.0,0.0
2025-06-05 05:00:00,1512.833879601636,0.0,466.0,0.0
2025-06-05 05:30:00,1403.6490191015544,0.0,456.0,0.0
2025-06-05 06:00:00,1394.9935293859685,0.0,409.0,0.0
2025-06-05 06:30:00,925.060148908643,0.0,209.0,0.0
2025-06-05 07:00:00,1233.0148513663864,0.0,396.99999999999994,0.0
2025-06-05 07:30:00,1287.8730368212725,0.0,411.99999999999994,0.0
2025-06-05 08:00:00,987.6317387386518,0.0,344.0,0.0
2025-06-05 08:30:00,985.9910160317954,0.0,359.0,0.0
2025-06-05 09:00:00,1449.278062893062,0.0,517.0,0.0
2025-06-05 09:30:00,1355.3823610834163,0.0,497.0,0.0
2025-06-05 10:00:00,1334.5852406399197,0.0,499.0,0.0
2025-06-05 10:30:00,1341.9112907310557,0.0,480.0,0.0
2025-06-05 11:00:00,1137.1608506495827,0.0,524.0,0.0
2025-06-05 11:30:00,1283.2088282505392,0.0,506.0,0.0
2025-06-05 12:00:00,1349.9582782610378,0.0,533.0,0.0
2025-06-05 12:30:00,1308.9405832726634,0.0,495.00000000000006,0.0
2025-06-05 13:00:00,1067.4312001226656,0.0,416.0,0.0
2025-06-05 13:30:00,840.321091565795,0.0,298.0,0.0
2025-06-05 14:00:00,796.5020344801063,0.0,340.0,0.0
2025-06-05 14:30:00,1114.0906662775265,0.0,503.0,0.0
2025-06-05 15:00:00,1227.4962099433578,0.0,519.0,0.0
2025-06-05 15:30:00,1278.5229377599057,0.0,468.0,0.0
2025-06-05 16:00:00,1069.7814819793427,0.0,484.00000000000006,0.0
2025-06-05 16:30:00,1287.485095290228,0.0,475.0,0.0
2025-06-05 17:00:00,1349.139116589608,0.0,480.0,0.0
2025-06-05 17:30:00,1011.4652801475472,0.0,362.0,0.0
2025-06-05 18:00:00,1548.6869768492006,0.0,516.0,0.0
2025-06-05 18:30:00,1475.9712757659722,0.0,528.0,0.0
2025-06-05 19:00:00,1629.816970538956,0.0,567.0,0.0
2025-06-05 19:30:00,1583.2930727947019,0.0,541.0,0.0
2025-06-05 20:00:00,1287.6981866716283,0.0,382.0,0.0
2025-06-05 20:30:00,1098.328424533772,0.0,343.0,0.0
2025-06-05 21:00:00,1375.277784008645,0.0,442.0,0.0
2025-06-05 21:30:00,1462.3753972811467,0.0,493.99999999999994,0.0
2025-06-05 22:00:00,1471.4847531883504,0.0,472.0,0.0
2025-06-05 22:30:00,1548.2952435097397,0.0,496.0,0.0
2025-06-05 23:00:00,1573.2431071275669,0.0,494.0,0.0
2025-06-05 23:30:00,1540.3441139409933,0.0,472.0,0.0
2025-06-06 00:00:00,1360.686781666911,0.0,421.0,0.0
2025-06-06 00:30:00,992.348893225316,0.0,282.0,0.0
2025-06-06 01:00:00,846.3779799508725,0.0,234.0,0.0
2025-06-06 01:30:00,1150.6036933957448,0.0,318.0,0.0
2025-06-06 02:00:00,1234.6845645944732,0.0,383.0,0.0
2025-06-06 02:30:00,1418.370618263356,0.0,455.0,0.0
2025-06-06 03:00:00,1461.7492191149809,0.0,451.0,0.0
2025-06-06 03:30:00,1324.3841285014178,0.0,439.0,0.0
2025-06-06 04:00:00,1407.0232709649667,0.0,463.0,0.0
2025-06-06 04:30:00,1305.8605009835899,0.0,401.0,0.0
2025-06-06 05:00:00,1339.0573010382248,0.0,450.0,0.0
2025-06-06 05:30:00,1254.4383066318617,0.0,437.0,0.0
2025-06-06 06:00:00,1241.5760123415876,0.0,384.0,0.0
2025-06-06 06:30:00,851.8127644933151,0.0,242.0,0.0
2025-06-06 07:00:00,1271.0020166656902,0.0,371.0,0.0
2025-06-06 07:30:00,1197.7812879271683,0.0,405.0,0.0
2025-06-06 08:00:00,935.1165089788793,0.0,248.00000000000003,0.0
2025-06-06 08:30:00,1119.4450844478567,0.0,346.0,0.0
2025-06-06 09:00:00,1164.1094595380468,0.0,434.0,0.0
2025-06-06 09:30:00,1349.5552376176197,0.0,459.0,0.0
2025-06-06 10:00:00,1444.3098257951187,0.0,493.0,0.0
2025-06-06 10:30:00,1389.239846699886,0.0,530.0,0.0
2025-06-06 11:00:00,1352.190835304986,0.0,482.0,0.0
2025-06-06 11:30:00,1216.2860527966566,0.0,512.0,0.0
2025-06-06 12:00:00,1212.0243692800323,0.0,522.0,0.0
2025-06-06 12:30:00,974.4385527007925,0.0,458.0,0.0
2025-06-06 13:00:00,805.6003518891769,0.0,390.0,0.0
2025-06-06 13:30:00,372.26556675868187,0.0,258.0,0.0
2025-06-06 14:00:00,517.4875048876312,0.0,265.0,0.0
2025-06-06 14:30:00,1049.204044097536,0.0,417.0,0.0
2025-06-06 15:00:00,1515.8582892900508,0.0,521.0,0.0
2025-06-06 15:30:00,1440.0700648202187,0.0,523.0,0.0
2025-06-06 16:00:00,1393.6733010768235,0.0,516.0,0.0
2025-06-06 16:30:00,1468.7501461146303,0.0,495.0,0.0
2025-06-06 17:00:00,1222.3753447775507,0.0,478.0,0.0
2025-06-06 17:30:00,927.7124324310874,0.0,300.0,0.0
2025-06-06 18:00:00,1228.9943380153857,0.0,440.99999999999994,0.0
2025-06-06 18:30:00,1380.542109402475,0.0,495.99999999999994,0.0
2025-06-06 19:00:00,1723.025172255706,0.0,536.0,0.0
2025-06-06 19:30:00,1525.3171595493611,0.0,508.00000000000006,0.0
2025-06-06 20:00:00,1329.487707637661,0.0,420.99999999999994,0.0
2025-06-06 20:30:00,1140.6770980422507,0.0,367.0,0.0
2025-06-06 21:00:00,1406.4894795841512,0.0,453.0,0.0
2025-06-06 21:30:00,1317.2803508157708,0.0,449.0,0.0
2025-06-06 22:00:00,1439.1358682394723,0.0,504.0,0.0
2025-06-06 22:30:00,1263.8763411841014,0.0,423.0,0.0
2025-06-06 23:00:00,1423.2811703060715,0.0,470.0,0.0
2025-06-06 23:30:00,1246.1114014211203,0.0,476.0,0.0
2025-06-07 00:00:00,1336.5249488244528,0.0,407.0,0.0
2025-06-07 00:30:00,1087.3691958957536,0.0,282.0,0.0
2025-06-07 01:00:00,867.6880686974555,0.0,211.0,0.0
2025-06-07 01:30:00,1041.2262963651542,0.0,262.0,0.0
2025-06-07 02:00:00,1130.6748691140865,0.0,353.0,0.0
2025-06-07 02:30:00,1366.609049190957,0.0,378.0,0.0
2025-06-07 03:00:00,1367.7356644684273,0.0,429.0,0.0
2025-06-07 03:30:00,1439.4135405046197,0.0,405.0,0.0
2025-06-07 04:00:00,1239.0543817706287,0.0,426.0,0.0
2025-06-07 04:30:00,1356.942267226917,0.0,413.0,0.0
2025-06-07 05:00:00,1400.1090880436564,0.0,381.0,0.0
2025-06-07 05:30:00,1454.3496388271378,0.0,391.00000000000006,0.0
2025-06-07 06:00:00,1359.146376818595,0.0,360.0,0.0
2025-06-07 06:30:00,856.5279071033931,0.0,175.0,0.0
2025-06-07 07:00:00,1296.375931626025,0.0,324.0,0.0
2025-06-07 07:30:00,1148.9745843970263,0.0,363.0,0.0
2025-06-07 08:00:00,979.1938053538656,0.0,250.00000000000003,0.0
2025-06-07 08:30:00,900.0245602375999,0.0,302.0,0.0
2025-06-07 09:00:00,1161.1947018227788,0.0,451.0,0.0
2025-06-07 09:30:00,937.4971747678903,0.0,429.0,0.0
2025-06-07 10:00:00,964.724456122502,0.0,433.0,0.0
2025-06-07 10:30:00,1049.0195192856295,0.0,461.0,0.0
2025-06-07 11:00:00,863.4774503952226,0.0,426.0,0.0
2025-06-07 11:30:00,929.2627916940216,0.0,407.0,0.0
2025-06-07 12:00:00,1131.2693553752779,0.0,417.0,0.0
2025-06-07 12:30:00,713.0082245128708,0.0,367.0,0.0
2025-06-07 13:00:00,764.8197186173653,0.0,365.0,0.0
2025-06-07 13:30:00,325.63198980739054,0.0,170.0,0.0
2025-06-07 14:00:00,110.66476717626314,4.0,132.0,0.0
2025-06-07 14:30:00,511.47840670475887,0.0,294.0,0.0
2025-06-07 15:00:00,745.3252140989754,0.0,286.0,0.0
2025-06-07 15:30:00,656.8733383542291,0.0,275.0,0.0
2025-06-07 16:00:00,743.9290322009323,0.0,292.0,0.0
2025-06-07 16:30:00,771.898668078832,0.0,284.0,0.0
2025-06-07 17:00:00,819.3132821986577,0.0,277.0,0.0
2025-06-07 17:30:00,451.5408051087544,0.0,143.0,0.0
2025-06-07 18:00:00,803.6136500126099,0.0,241.0,0.0
2025-06-07 18:30:00,896.6808519438398,0.0,231.0,0.0
2025-06-07 19:00:00,991.4832775837257,0.0,265.0,0.0
2025-06-07 19:30:00,900.7072961899937,0.0,213.0,0.0
2025-06-07 20:00:00,723.3329034493107,0.0,138.0,0.0
2025-06-07 20:30:00,989.4061266035318,0.0,256.0,0.0
2025-06-07 21:00:00,1223.7070046325528,0.0,378.0,0.0
2025-06-07 21:30:00,1309.009741259217,0.0,397.0,0.0
2025-06-07 22:00:00,1439.4483471001001,0.0,400.0,0.0
2025-06-07 22:30:00,1316.5555414708429,0.0,372.00000000000006,0.0
2025-06-07 23:00:00,1395.0159531923637,0.0,377.0,0.0
2025-06-07 23:30:00,1283.0586430319831,0.0,379.0,0.0
2025-06-08 00:00:00,1388.8161580063058,0.0,363.99999999999994,0.0
2025-06-08 00:30:00,1011.0680173348926,0.0,232.0,0.0
2025-06-08 01:00:00,917.5443759525659,0.0,210.0,0.0
2025-06-08 01:30:00,1041.9094644113818,0.0,275.0,0.0
2025-06-08 02:00:00,1269.2510458034917,0.0,332.0,0.0
2025-06-08 02:30:00,1377.9858676105405,0.0,410.0,0.0
2025-06-08 03:00:00,1379.0576315409373,0.0,419.99999999999994,0.0
2025-06-08 03:30:00,1291.3680354860446,0.0,400.0,0.0
2025-06-08 04:00:00,1221.9386697595833,0.0,373.0,0.0
2025-06-08 04:30:00,1204.3211467232281,0.0,312.0,0.0
2025-06-08 05:00:00,1169.5213282796085,0.0,295.0,0.0
2025-06-08 05:30:00,1136.9112155250548,0.0,282.0,0.0
2025-06-08 06:00:00,1115.9307131255118,0.0,309.0,0.0
2025-06-08 06:30:00,824.9054410714255,0.0,154.0,0.0
2025-06-08 07:00:00,933.8532111912838,0.0,262.0,0.0
2025-06-08 07:30:00,882.8019987836793,0.0,240.00000000000003,0.0
2025-06-08 08:00:00,624.6126130276638,0.0,159.0,0.0
2025-06-08 08:30:00,564.7153353712314,0.0,184.0,0.0
2025-06-08 09:00:00,721.3205765526461,0.0,246.0,0.0
2025-06-08 09:30:00,845.373719955173,0.0,344.0,0.0
2025-06-08 10:00:00,1039.4791617326264,0.0,403.0,0.0
2025-06-08 10:30:00,1024.4043746069037,0.0,392.0,0.0
2025-06-08 11:00:00,774.8840206846727,0.0,407.0,0.0
2025-06-08 11:30:00,693.1376400177586,0.0,380.0,0.0
2025-06-08 12:00:00,743.7208480921012,0.0,394.0,0.0
2025-06-08 12:30:00,784.1106175525026,0.0,418.99999999999994,0.0
2025-06-08 13:00:00,822.9040665031981,0.0,394.0,0.0
2025-06-08 13:30:00,262.30618779535337,0.0,141.0,0.0
2025-06-08 14:00:00,415.82336643144276,1.0,150.0,0.0
2025-06-08 14:30:00,835.3824844441866,0.0,385.0,0.0
2025-06-08 15:00:00,723.0909431099266,0.0,339.0,0.0
2025-06-08 15:30:00,929.5147370920313,0.0,360.0,0.0
2025-06-08 16:00:00,877.3144269467949,0.0,341.0,0.0
2025-06-08 16:30:00,971.1076013758375,0.0,334.0,0.0
2025-06-08 17:00:00,1102.7984625423119,0.0,343.0,0.0
2025-06-08 17:30:00,981.1501633722047,0.0,251.0,0.0
2025-06-08 18:00:00,1129.2762024097271,0.0,316.0,0.0
2025-06-08 18:30:00,929.7375713727006,0.0,281.0,0.0
2025-06-08 19:00:00,918.950776645464,0.0,256.0,0.0
2025-06-08 19:30:00,902.9241262079162,0.0,247.00000000000003,0.0
2025-06-08 20:00:00,699.4228536136224,0.0,163.0,0.0
2025-06-08 20:30:00,688.5873307695634,0.0,157.0,0.0
2025-06-08 21:00:00,889.4727363290773,0.0,278.0,0.0
2025-06-08 21:30:00,1136.1999985983957,0.0,349.0,0.0
2025-06-08 22:00:00,1208.6355862449118,0.0,358.0,0.0
2025-06-08 22:30:00,1242.6082051605138,0.0,395.0,0.0
2025-06-08 23:00:00,1289.1017580320747,0.0,343.0,0.0
2025-06-08 23:30:00,1213.8886088846684,0.0,370.0,0.0
2025-06-09 00:00:00,843.3477255069025,0.0,225.00000000000003,0.0
2025-06-09 00:30:00,572.0182158424867,0.0,155.0,0.0
2025-06-09 01:00:00,553.2053710675897,0.0,154.0,0.0
2025-06-09 01:30:00,783.5688523164708,0.0,235.0,0.0
2025-06-09 02:00:00,922.0820333101532,0.0,279.0,0.0
2025-06-09 02:30:00,943.3671138512852,0.0,252.0,0.0
2025-06-09 03:00:00,950.4799406064145,0.0,272.0,0.0
2025-06-09 03:30:00,1023.4068389528,0.0,302.0,0.0
2025-06-09 04:00:00,831.6761155999809,0.0,252.0,0.0
2025-06-09 04:30:00,850.7645898986307,0.0,259.0,0.0
2025-06-09 05:00:00,968.8225056673605,0.0,248.00000000000003,0.0
2025-06-09 05:30:00,881.6430225289587,0.0,268.0,0.0
2025-06-09 06:00:00,786.2939380583664,0.0,214.0,0.0
2025-06-09 06:30:00,685.4682448469495,0.0,137.0,0.0
2025-06-09 07:00:00,838.384701132518,0.0,228.00000000000003,0.0
2025-06-09 07:30:00,805.278596160997,0.0,244.0,0.0
2025-06-09 08:00:00,831.2480510690212,0.0,232.0,0.0
2025-06-09 08:30:00,925.8822038348551,0.0,312.0,0.0
2025-06-09 09:00:00,1236.9800788017496,0.0,416.0,0.0
2025-06-09 09:30:00,1326.1425738102532,0.0,448.00000000000006,0.0
2025-06-09 10:00:00,1285.8682606504158,0.0,449.99999999999994,0.0
2025-06-09 10:30:00,1465.7496598355751,0.0,415.99999999999994,0.0
2025-06-09 11:00:00,1473.6854889247984,0.0,424.0,0.0
2025-06-09 11:30:00,1506.0284255243528,0.0,421.0,0.0
2025-06-09 12:00:00,1351.7086320412059,0.0,420.0,0.0
2025-06-09 12:30:00,1151.9199953259674,0.0,400.0,0.0
2025-06-09 13:00:00,999.6713007369433,0.0,303.0,0.0
2025-06-09 13:30:00,626.2869213305795,0.0,183.0,0.0
2025-06-09 14:00:00,627.4185721740505,0.0,214.0,0.0
2025-06-09 14:30:00,1245.3098255602724,0.0,397.0,0.0
2025-06-09 15:00:00,1245.2119462624212,0.0,433.0,0.0
2025-06-09 15:30:00,1212.2338654051023,0.0,428.0,0.0
2025-06-09 16:00:00,1360.2315958288737,0.0,456.0,0.0
2025-06-09 16:30:00,1286.829864252418,0.0,418.99999999999994,0.0
2025-06-09 17:00:00,1305.1950119408045,0.0,439.0,0.0
2025-06-09 17:30:00,874.2648398098484,0.0,235.0,0.0
2025-06-09 18:00:00,1327.2580173383383,0.0,429.0,0.0
2025-06-09 18:30:00,1326.3793869068604,0.0,439.0,0.0
2025-06-09 19:00:00,1462.4823544150547,0.0,462.99999999999994,0.0
2025-06-09 19:30:00,1380.5091940749655,0.0,418.0,0.0
2025-06-09 20:00:00,1259.6959025843382,0.0,361.00000000000006,0.0
2025-06-09 20:30:00,1090.7023870345547,0.0,296.0,0.0
2025-06-09 21:00:00,1179.7179658638506,0.0,351.0,0.0
2025-06-09 21:30:00,1236.304057449221,0.0,421.99999999999994,0.0
2025-06-09 22:00:00,1438.0569564165253,0.0,406.00000000000006,0.0
2025-06-09 22:30:00,1400.6520021977817,0.0,414.99999999999994,0.0
2025-06-09 23:00:00,1449.6533265594294,0.0,441.0,0.0
2025-06-09 23:30:00,1458.683240422262,0.0,441.0,0.0
2025-06-10 00:00:00,1149.616886968493,0.0,404.0,0.0
2025-06-10 00:30:00,1077.3583543487277,0.0,261.0,0.0
2025-06-10 01:00:00,869.5766146490431,0.0,214.0,0.0
2025-06-10 01:30:00,941.3472070513891,0.0,273.0,0.0
2025-06-10 02:00:00,1183.4038449548434,0.0,307.0,0.0
2025-06-10 02:30:00,1390.058420720218,0.0,401.0,0.0
2025-06-10 03:00:00,1318.712496213597,0.0,345.0,0.0
2025-06-10 03:30:00,1261.3209981025836,0.0,369.0,0.0
2025-06-10 04:00:00,1400.031567734628,0.0,393.0,0.0
2025-06-10 04:30:00,1387.8099875182425,0.0,388.0,0.0
2025-06-10 05:00:00,1255.2124645931929,0.0,396.0,0.0
2025-06-10 05:30:00,1216.0463214330227,0.0,387.0,0.0
2025-06-10 06:00:00,1253.2682887397941,0.0,373.0,0.0
2025-06-10 06:30:00,861.8744523625351,0.0,199.0,0.0
2025-06-10 07:00:00,1107.4213576007103,0.0,310.99999999999994,0.0
2025-06-10 07:30:00,1159.0070034456942,0.0,345.0,0.0
2025-06-10 08:00:00,863.082523739468,0.0,247.0,0.0
2025-06-10 08:30:00,956.1810636512238,0.0,281.0,0.0
2025-06-10 09:00:00,1167.7185316467453,0.0,370.0,0.0
2025-06-10 09:30:00,1329.2414122402995,0.0,481.0,0.0
2025-06-10 10:00:00,1436.3564192974566,0.0,492.0,0.0
2025-06-10 10:30:00,1091.4653551741408,0.0,480.0,0.0
2025-06-10 11:00:00,1319.9542976912169,0.0,424.0,0.0
2025-06-10 11:30:00,1098.2659340175217,0.0,469.0,0.0
2025-06-10 12:00:00,945.8238668578937,0.0,468.0,0.0
2025-06-10 12:30:00,910.9688114922509,0.0,363.0,0.0
2025-06-10 13:00:00,708.4352803444496,0.0,373.99999999999994,0.0
2025-06-10 13:30:00,468.9296838366454,0.0,237.0,0.0
2025-06-10 14:00:00,689.6867591533685,0.0,273.0,0.0
2025-06-10 14:30:00,981.1904214157962,0.0,418.0,0.0
2025-06-10 15:00:00,1032.2370172263375,0.0,442.0,0.0
2025-06-10 15:30:00,1145.4750096000541,0.0,457.00000000000006,0.0
2025-06-10 16:00:00,1226.4262630893522,0.0,460.0,0.0
2025-06-10 16:30:00,1426.542276864008,0.0,469.0,0.0
2025-06-10 17:00:00,1489.0479357219763,0.0,461.0,0.0
2025-06-10 17:30:00,998.0470753735962,0.0,305.0,0.0
2025-06-10 18:00:00,1385.2316472495402,0.0,462.0,0.0
2025-06-10 18:30:00,1517.7853534280134,0.0,473.0,0.0
2025-06-10 19:00:00,1424.814474968236,0.0,455.00000000000006,0.0
2025-06-10 19:30:00,1309.0479360805962,0.0,458.0,0.0
2025-06-10 20:00:00,1205.8219351338605,0.0,343.00000000000006,0.0
2025-06-10 20:30:00,1241.0472131673826,0.0,360.0,0.0
2025-06-10 21:00:00,1312.6186544464706,0.0,434.0,0.0
2025-06-10 21:30:00,1510.4625018064191,0.0,487.00000000000006,0.0
2025-06-10 22:00:00,1366.244034338935,0.0,434.00000000000006,0.0
2025-06-10 22:30:00,1421.9649854007396,0.0,397.99999999999994,0.0
2025-06-10 23:00:00,1479.9592946053467,0.0,465.0,0.0
2025-06-10 23:30:00,1399.417262598738,0.0,477.0,0.0
2025-06-11 00:00:00,1336.6634562881547,0.0,382.0,0.0
2025-06-11 00:30:00,946.6122230269506,0.0,253.0,0.0
2025-06-11 01:00:00,813.3518577531702,0.0,218.0,0.0
2025-06-11 01:30:00,1090.8078881535794,0.0,288.0,0.0
2025-06-11 02:00:00,1226.096819971832,0.0,360.0,0.0
2025-06-11 02:30:00,1546.8682317044481,0.0,431.0,0.0
2025-06-11 03:00:00,1306.6265188074472,0.0,405.0,0.0
2025-06-11 03:30:00,1237.1485354684044,0.0,394.0,0.0
2025-06-11 04:00:00,1284.5653638565861,0.0,424.0,0.0
2025-06-11 04:30:00,1222.580496257609,0.0,406.0,0.0
2025-06-11 05:00:00,1192.0131941607476,0.0,351.0,0.0
2025-06-11 05:30:00,1189.4661852571085,0.0,368.0,0.0
2025-06-11 06:00:00,1297.6627063990597,0.0,333.0,0.0
2025-06-11 06:30:00,758.4779482355062,0.0,212.0,0.0
2025-06-11 07:00:00,1188.6746254934624,0.0,374.0,0.0
2025-06-11 07:30:00,1189.7635370867572,0.0,353.0,0.0
2025-06-11 08:00:00,792.8150331423534,0.0,279.0,0.0
2025-06-11 08:30:00,1024.1135669728621,0.0,312.0,0.0
2025-06-11 09:00:00,1067.1938763339563,0.0,398.0,0.0
2025-06-11 09:30:00,1011.7879265229151,0.0,398.0,0.0
2025-06-11 10:00:00,1093.2079547423896,0.0,448.0,0.0
2025-06-11 10:30:00,1078.1732334991311,0.0,457.0,0.0
2025-06-11 11:00:00,1098.0741018640208,0.0,486.0,0.0
2025-06-11 11:30:00,1171.5280754633131,0.0,481.00000000000006,0.0
2025-06-11 12:00:00,1070.5414763052697,0.0,477.0,0.0
2025-06-11 12:30:00,862.31843693606,0.0,404.0,0.0
2025-06-11 13:00:00,771.3727253532758,0.0,367.0,0.0
2025-06-11 13:30:00,614.9878299212066,0.0,242.99999999999997,0.0
2025-06-11 14:00:00,599.0667217188917,0.0,304.00000000000006,0.0
2025-06-11 14:30:00,1222.981088046109,0.0,481.0,0.0
2025-06-11 15:00:00,1526.7920972554607,0.0,494.00000000000006,0.0
2025-06-11 15:30:00,1278.0139011032838,0.0,518.0,0.0
2025-06-11 16:00:00,1450.3688413377067,0.0,484.00000000000006,0.0
2025-06-11 16:30:00,1435.0198841667234,0.0,527.0,0.0
2025-06-11 17:00:00,1393.1279372696379,0.0,484.0,0.0
2025-06-11 17:30:00,990.7969009991197,0.0,352.0,0.0
2025-06-11 18:00:00,1447.432249055855,0.0,486.00000000000006,0.0
2025-06-11 18:30:00,1507.6096614307735,0.0,511.0,0.0
2025-06-11 19:00:00,1575.9577552456328,0.0,468.0,0.0
2025-06-11 19:30:00,1425.9650007043501,0.0,447.0,0.0
2025-06-11 20:00:00,1257.7895620041154,0.0,372.99999999999994,0.0
2025-06-11 20:30:00,965.1196364077207,0.0,318.0,0.0
2025-06-11 21:00:00,1194.3876929569974,0.0,367.0,0.0
2025-06-11 21:30:00,1349.0558208708132,0.0,430.0,0.0
2025-06-11 22:00:00,1298.5380895275873,0.0,398.0,0.0
2025-06-11 22:30:00,1396.1388373768914,0.0,391.0,0.0
2025-06-11 23:00:00,1342.7954427708044,0.0,432.0,0.0
2025-06-11 23:30:00,1296.5149645083795,0.0,383.0,0.0
2025-06-12 00:00:00,1351.623933668017,0.0,356.99999999999994,0.0
2025-06-12 00:30:00,1026.1981644690609,0.0,231.0,0.0
2025-06-12 01:00:00,942.2820645093194,0.0,169.0,0.0
2025-06-12 01:30:00,974.9615059907443,0.0,267.0,0.0
2025-06-12 02:00:00,1307.0801441156154,0.0,331.0,0.0
2025-06-12 02:30:00,1326.5828354290052,0.0,380.0,0.0
2025-06-12 03:00:00,1353.2038163078803,0.0,393.0,0.0
2025-06-12 03:30:00,1355.1140534150466,0.0,429.00000000000006,0.0
2025-06-12 04:00:00,1329.1079345108994,0.0,423.0,0.0
2025-06-12 04:30:00,1351.7129519964749,0.0,380.0,0.0
2025-06-12 05:00:00,1209.8684668667656,0.0,331.0,0.0
2025-06-12 05:30:00,1338.0594437856178,0.0,377.0,0.0
2025-06-12 06:00:00,1172.578401877801,0.0,346.0,0.0
2025-06-12 06:30:00,777.0477087562941,0.0,171.0,0.0
2025-06-12 07:00:00,1032.805002877071,0.0,296.0,0.0
2025-06-12 07:30:00,1363.8812678151367,0.0,409.99999999999994,0.0
2025-06-12 08:00:00,1057.1535878072355,0.0,295.0,0.0
2025-06-12 08:30:00,1074.8754412687913,0.0,319.0,0.0
2025-06-12 09:00:00,1378.4915942030543,0.0,445.0,0.0
2025-06-12 09:30:00,1499.908874175288,0.0,486.0,0.0
2025-06-12 10:00:00,1180.9217237720402,0.0,441.0,0.0
2025-06-12 10:30:00,1182.3287402224682,0.0,459.0,0.0
2025-06-12 11:00:00,1347.4271570473636,0.0,494.0,0.0
2025-06-12 11:30:00,1277.8598297629605,0.0,481.0,0.0
2025-06-12 12:00:00,1080.7099397389773,0.0,489.0,0.0
2025-06-12 12:30:00,1081.7826643064006,0.0,453.0,0.0
2025-06-12 13:00:00,1025.6042914430434,0.0,404.0,0.0
2025-06-12 13:30:00,398.71342200822806,0.0,230.0,0.0
2025-06-12 14:00:00,457.2332682464058,0.0,269.0,0.0
2025-06-12 14:30:00,1216.580056680893,0.0,463.99999999999994,0.0
2025-06-12 15:00:00,923.1279954180109,0.0,438.0,0.0
2025-06-12 15:30:00,1280.449014201924,0.0,497.0,0.0
2025-06-12 16:00:00,1399.145480505017,0.0,530.0,0.0
2025-06-12 16:30:00,1492.297559515568,0.0,530.0,0.0
2025-06-12 17:00:00,1369.5374592771748,0.0,535.0,0.0
2025-06-12 17:30:00,1012.7931484415736,0.0,312.0,0.0
2025-06-12 18:00:00,1399.365471436277,0.0,465.00000000000006,0.0
2025-06-12 18:30:00,1618.9057818123285,0.0,535.0,0.0
2025-06-12 19:00:00,1576.5622959636544,0.0,523.0,0.0
2025-06-12 19:30:00,1558.2899734931495,0.0,496.0,0.0
2025-06-12 20:00:00,1405.3592626184416,0.0,384.0,0.0
2025-06-12 20:30:00,1153.567874035559,0.0,298.0,0.0
2025-06-12 21:00:00,1360.5837225217367,0.0,440.99999999999994,0.0
2025-06-12 21:30:00,1488.0387651068554,0.0,431.0,0.0
2025-06-12 22:00:00,1365.0119590610184,0.0,401.0,0.0
2025-06-12 22:30:00,1464.9613766999696,0.0,403.0,0.0
2025-06-12 23:00:00,1318.8442013349797,0.0,400.00000000000006,0.0
2025-06-12 23:30:00,1385.347629847544,0.0,406.00000000000006,0.0
2025-06-13 00:00:00,1336.966074369425,0.0,395.00000000000006,0.0
2025-06-13 00:30:00,1043.2191561465486,0.0,270.0,0.0
2025-06-13 01:00:00,956.2731771081186,0.0,203.0,0.0
2025-06-13 01:30:00,1071.8343703566554,0.0,339.0,0.0
2025-06-13 02:00:00,1271.63485745236,0.0,365.0,0.0
2025-06-13 02:30:00,1359.3082590278386,0.0,399.0,0.0
2025-06-13 03:00:00,1364.3281943483687,0.0,388.0,0.0
2025-06-13 03:30:00,1535.266861629098,0.0,441.99999999999994,0.0
2025-06-13 04:00:00,1298.9695033171113,0.0,389.99999999999994,0.0
2025-06-13 04:30:00,1336.8573540533037,0.0,422.00000000000006,0.0
2025-06-13 05:00:00,1303.5721682099627,0.0,414.0,0.0
2025-06-13 05:30:00,1423.3452332406282,0.0,399.0,0.0
2025-06-13 06:00:00,1313.8768627331413,0.0,385.0,0.0
2025-06-13 06:30:00,872.0498985665122,0.0,208.0,0.0
2025-06-13 07:00:00,1116.6899902520925,0.0,362.0,0.0
2025-06-13 07:30:00,1272.948125306437,0.0,383.0,0.0
2025-06-13 08:00:00,1095.460419974566,0.0,295.0,0.0
2025-06-13 08:30:00,996.1406984103602,0.0,308.0,0.0
2025-06-13 09:00:00,1433.6410705764413,0.0,420.0,0.0
2025-06-13 09:30:00,1467.9657858159628,0.0,414.0,0.0
2025-06-13 10:00:00,1416.575417896783,0.0,443.00000000000006,0.0
2025-06-13 10:30:00,1500.5397686016397,0.0,460.99999999999994,0.0
2025-06-13 11:00:00,1294.2269074424223,0.0,453.0,0.0
2025-06-13 11:30:00,1185.8164072580098,0.0,455.0,0.0
2025-06-13 12:00:00,1431.9956929232783,0.0,471.0,0.0
2025-06-13 12:30:00,1023.6320279139168,0.0,425.0,0.0
2025-06-13 13:00:00,696.9767557286516,0.0,342.0,0.0
2025-06-13 13:30:00,357.3747383678427,0.0,237.00000000000003,0.0
2025-06-13 14:00:00,493.67752235535767,0.0,235.0,0.0
2025-06-13 14:30:00,739.0417082265377,0.0,372.0,0.0
2025-06-13 15:00:00,1201.0229363217497,0.0,462.0,0.0
2025-06-13 15:30:00,1003.9107573466614,0.0,402.0,0.0
2025-06-13 16:00:00,1142.596802713685,0.0,410.0,0.0
2025-06-13 16:30:00,1092.4620117290706,0.0,432.0,0.0
2025-06-13 17:00:00,1302.864039528876,0.0,425.0,0.0
2025-06-13 17:30:00,859.4599384374593,0.0,235.0,0.0
2025-06-13 18:00:00,1342.6429331654608,0.0,427.0,0.0
2025-06-13 18:30:00,1401.8586625521907,0.0,433.0,0.0
2025-06-13 19:00:00,1351.0860297288978,0.0,427.0,0.0
2025-06-13 19:30:00,1496.1289714076547,0.0,418.0,0.0
2025-06-13 20:00:00,1130.7855612078913,0.0,355.0,0.0
2025-06-13 20:30:00,1186.8145881061926,0.0,284.0,0.0
2025-06-13 21:00:00,1380.8683242378384,0.0,399.0,0.0
2025-06-13 21:30:00,1302.7660294756588,0.0,392.0,0.0
2025-06-13 22:00:00,1430.3168711667422,0.0,405.0,0.0
2025-06-13 22:30:00,1269.6482987168247,0.0,418.0,0.0
2025-06-13 23:00:00,1288.769781996293,0.0,373.0,0.0
2025-06-13 23:30:00,1441.4396231453752,0.0,408.0,0.0
2025-06-14 00:00:00,1324.6011628848632,0.0,416.0,0.0
2025-06-14 00:30:00,971.0908429786792,0.0,254.00000000000003,0.0
2025-06-14 01:00:00,848.6528723954659,0.0,211.0,0.0
2025-06-14 01:30:00,918.061231152112,0.0,313.0,0.0
2025-06-14 02:00:00,1233.063945751916,0.0,407.0,0.0
2025-06-14 02:30:00,1341.6042775557992,0.0,426.0,0.0
2025-06-14 03:00:00,1280.9020931062796,0.0,422.0,0.0
2025-06-14 03:30:00,1363.544296083483,0.0,452.99999999999994,0.0
2025-06-14 04:00:00,1425.199834109869,0.0,461.0,0.0
2025-06-14 04:30:00,1439.2779454749464,0.0,466.0,0.0
2025-06-14 05:00:00,1262.5140407385932,0.0,426.99999999999994,0.0
2025-06-14 05:30:00,1270.6466419208489,0.0,429.0,0.0
2025-06-14 06:00:00,1266.635416565966,0.0,373.0,0.0
2025-06-14 06:30:00,773.1120213515027,0.0,199.0,0.0
2025-06-14 07:00:00,1053.949199088943,0.0,323.0,0.0
2025-06-14 07:30:00,1214.4575703710389,0.0,379.0,0.0
2025-06-14 08:00:00,1076.5545633108077,0.0,311.0,0.0
2025-06-14 08:30:00,1068.084797486734,0.0,357.0,0.0
2025-06-14 09:00:00,1371.2023054352858,0.0,496.0,0.0
2025-06-14 09:30:00,1413.0689473924695,0.0,497.0,0.0
2025-06-14 10:00:00,1159.9258307388016,0.0,436.0,0.0
2025-06-14 10:30:00,1168.4884072977873,0.0,480.0,0.0
2025-06-14 11:00:00,1076.0167701944624,0.0,483.99999999999994,0.0
2025-06-14 11:30:00,885.4499353971531,0.0,469.0,0.0
2025-06-14 12:00:00,835.4349742733204,0.0,412.0,0.0
2025-06-14 12:30:00,867.6454821873508,0.0,470.00000000000006,0.0
2025-06-14 13:00:00,989.5010522299538,0.0,446.0,0.0
2025-06-14 13:30:00,524.8362130116672,0.0,238.0,0.0
2025-06-14 14:00:00,220.2171339750562,0.9999999999999999,210.0,0.0
2025-06-14 14:30:00,749.9441089131898,0.0,411.0,0.0
2025-06-14 15:00:00,1227.4227498033354,0.0,451.0,0.0
2025-06-14 15:30:00,1318.2543922594748,0.0,472.0,0.0
2025-06-14 16:00:00,1443.894515496035,0.0,452.0,0.0
2025-06-14 16:30:00,1326.7632806952925,0.0,435.0,0.0
2025-06-14 17:00:00,890.7857057422864,0.0,300.0,0.0
2025-06-14 17:30:00,746.8957479794927,0.0,214.0,0.0
2025-06-14 18:00:00,1007.1098330113131,0.0,292.0,0.0
2025-06-14 18:30:00,872.2432487877152,0.0,275.0,0.0
2025-06-14 19:00:00,828.5243366229878,0.0,248.00000000000003,0.0
2025-06-14 19:30:00,895.0313833428771,0.0,276.0,0.0
2025-06-14 20:00:00,806.9726283359345,0.0,218.99999999999997,0.0
2025-06-14 20:30:00,995.0051731180951,0.0,302.0,0.0
2025-06-14 21:00:00,1150.8553744268768,0.0,382.0,0.0
2025-06-14 21:30:00,1427.8151004202143,0.0,425.00000000000006,0.0
2025-06-14 22:00:00,1236.4182847283887,0.0,438.0,0.0
2025-06-14 22:30:00,1303.637788401645,0.0,425.0,0.0
2025-06-14 23:00:00,1489.7922559295562,0.0,473.0,0.0
2025-06-14 23:30:00,1389.180220597506,0.0,436.0,0.0
2025-06-15 00:00:00,1185.5684808389951,0.0,350.99999999999994,0.0
2025-06-15 00:30:00,903.1582604711541,0.0,235.99999999999997,0.0
2025-06-15 01:00:00,871.862147288962,0.0,189.0,0.0
2025-06-15 01:30:00,938.7750131786796,0.0,268.0,0.0
2025-06-15 02:00:00,1047.7361989058945,0.0,285.0,0.0
2025-06-15 02:30:00,1132.2134278159117,0.0,353.0,0.0
2025-06-15 03:00:00,1207.882532558224,0.0,351.99999999999994,0.0
2025-06-15 03:30:00,1200.3830362364984,0.0,338.0,0.0
2025-06-15 04:00:00,1119.7030898163077,0.0,290.0,0.0
2025-06-15 04:30:00,1024.289871057425,0.0,264.0,0.0
2025-06-15 05:00:00,1014.2020996836604,0.0,222.0,0.0
2025-06-15 05:30:00,984.2794271621814,0.0,270.0,0.0
2025-06-15 06:00:00,1036.0809127409798,0.0,241.0,0.0
2025-06-15 06:30:00,698.5190973861532,0.0,150.0,0.0
2025-06-15 07:00:00,904.490986158762,0.0,225.0,0.0
2025-06-15 07:30:00,862.3794575527183,0.0,247.0,0.0
2025-06-15 08:00:00,706.3127362719965,0.0,157.0,0.0
2025-06-15 08:30:00,641.8713302419454,0.0,178.0,0.0
2025-06-15 09:00:00,736.4759978274556,0.0,274.0,0.0
2025-06-15 09:30:00,781.667954739599,0.0,336.0,0.0
2025-06-15 10:00:00,838.7437076722852,0.0,400.0,0.0
2025-06-15 10:30:00,981.8286448079103,0.0,396.0,0.0
2025-06-15 11:00:00,906.2560427915106,0.0,360.0,0.0
2025-06-15 11:30:00,1063.7904320108778,0.0,400.0,0.0
2025-06-15 12:00:00,819.3612717074376,0.0,400.0,0.0
2025-06-15 12:30:00,650.6795763169093,0.0,361.0,0.0
2025-06-15 13:00:00,708.0082678335825,0.0,367.0,0.0
2025-06-15 13:30:00,193.91070355385114,1.0,146.0,0.0
2025-06-15 14:00:00,194.69685116285336,1.0,156.0,0.0
2025-06-15 14:30:00,744.1481075275037,0.0,341.0,0.0
2025-06-15 15:00:00,871.0768487898858,0.0,369.0,0.0
2025-06-15 15:30:00,956.663361215311,0.0,415.0,0.0
2025-06-15 16:00:00,900.1707728949401,0.0,391.0,0.0
2025-06-15 16:30:00,875.732236001784,0.0,414.0,0.0
2025-06-15 17:00:00,1160.4047439113804,0.0,417.0,0.0
2025-06-15 17:30:00,909.2157828497316,0.0,309.0,0.0
2025-06-15 18:00:00,1075.620298778733,0.0,354.0,0.0
2025-06-15 18:30:00,991.268344717759,0.0,298.0,0.0
2025-06-15 19:00:00,924.7802170281292,0.0,280.0,0.0
2025-06-15 19:30:00,937.0714580522421,0.0,277.0,0.0
2025-06-15 20:00:00,785.5403782037032,0.0,228.0,0.0
2025-06-15 20:30:00,806.5810849889056,0.0,166.0,0.0
2025-06-15 21:00:00,857.4004061822582,0.0,221.0,0.0
2025-06-15 21:30:00,959.3188722202855,0.0,222.0,0.0
2025-06-15 22:00:00,924.923722315951,0.0,233.0,0.0
2025-06-15 22:30:00,938.0878325529678,0.0,251.0,0.0
2025-06-15 23:00:00,934.2175158781824,0.0,257.0,0.0
2025-06-15 23:30:00,950.7553498502849,0.0,219.0,0.0
2025-06-16 00:00:00,858.4652242063274,0.0,234.0,0.0
2025-06-16 00:30:00,727.8038754884896,0.0,130.0,0.0
2025-06-16 01:00:00,703.4422463522503,0.0,132.0,0.0
2025-06-16 01:30:00,917.5686491889074,0.0,250.0,0.0
2025-06-16 02:00:00,866.9468406651301,0.0,250.0,0.0
2025-06-16 02:30:00,1119.1995534420905,0.0,305.0,0.0
2025-06-16 03:00:00,958.2799701980099,0.0,278.0,0.0
2025-06-16 03:30:00,947.2527657152953,0.0,282.0,0.0
2025-06-16 04:00:00,940.3634331589031,0.0,298.0,0.0
2025-06-16 04:30:00,897.2337024505365,0.0,263.0,0.0
2025-06-16 05:00:00,793.5374893750663,0.0,219.99999999999997,0.0
2025-06-16 05:30:00,994.1655541613601,0.0,302.0,0.0
2025-06-16 06:00:00,895.0382592241216,0.0,216.0,0.0
2025-06-16 06:30:00,683.5836860882507,0.0,144.0,0.0
2025-06-16 07:00:00,838.8174128901418,0.0,199.0,0.0
2025-06-16 07:30:00,778.6230664321741,0.0,188.0,0.0
2025-06-16 08:00:00,675.39359077382,0.0,162.0,0.0
2025-06-16 08:30:00,978.2201991855887,0.0,288.0,0.0
2025-06-16 09:00:00,1046.325207261536,0.0,375.00000000000006,0.0
2025-06-16 09:30:00,1192.4279688124373,0.0,445.0,0.0
2025-06-16 10:00:00,882.8084666037639,0.0,412.0,0.0
2025-06-16 10:30:00,1230.325987124695,0.0,450.00000000000006,0.0
2025-06-16 11:00:00,1091.2460582684978,0.0,412.00000000000006,0.0
2025-06-16 11:30:00,1067.1357528483602,0.0,421.0,0.0
2025-06-16 12:00:00,859.6326985690189,0.0,385.0,0.0
2025-06-16 12:30:00,767.3690997597247,0.0,328.0,0.0
2025-06-16 13:00:00,600.9063312590238,0.0,295.0,0.0
2025-06-16 13:30:00,449.613419750868,0.0,210.0,0.0
2025-06-16 14:00:00,591.62797552312,0.0,302.0,0.0
2025-06-16 14:30:00,877.2748441110986,0.0,427.0,0.0
2025-06-16 15:00:00,1284.3256700083425,0.0,447.0,0.0
2025-06-16 15:30:00,1151.1145590271306,0.0,458.0,0.0
2025-06-16 16:00:00,1068.962279041642,0.0,449.0,0.0
2025-06-16 16:30:00,1105.0501377798455,0.0,448.0,0.0
2025-06-16 17:00:00,1139.1193350269805,0.0,447.0,0.0
2025-06-16 17:30:00,803.0385968498149,0.0,270.0,0.0
2025-06-16 18:00:00,1261.868246399775,0.0,401.0,0.0
2025-06-16 18:30:00,1437.2885328936122,0.0,444.0,0.0
2025-06-16 19:00:00,1369.5839928643795,0.0,430.99999999999994,0.0
2025-06-16 19:30:00,1294.887419338043,0.0,373.00000000000006,0.0
2025-06-16 20:00:00,1078.1759396987916,0.0,275.0,0.0
2025-06-16 20:30:00,1084.4566719409768,0.0,320.0,0.0
2025-06-16 21:00:00,1255.643874358218,0.0,377.0,0.0
2025-06-16 21:30:00,1357.172308271117,0.0,445.0,0.0
2025-06-16 22:00:00,1595.4853389818159,0.0,444.0,0.0
2025-06-16 22:30:00,1457.438425117028,0.0,387.00000000000006,0.0
2025-06-16 23:00:00,1299.647243829722,0.0,369.0,0.0
2025-06-16 23:30:00,1360.5199767196525,0.0,387.0,0.0
2025-06-17 00:00:00,1208.7064140255736,0.0,432.0,0.0
2025-06-17 00:30:00,1000.6822791214923,0.0,233.0,0.0
2025-06-17 01:00:00,795.6612546688211,0.0,175.0,0.0
2025-06-17 01:30:00,955.9699510188625,0.0,271.0,0.0
2025-06-17 02:00:00,1052.752885467792,0.0,342.0,0.0
2025-06-17 02:30:00,1358.145404212291,0.0,420.0,0.0
2025-06-17 03:00:00,1430.933439988252,0.0,421.00000000000006,0.0
2025-06-17 03:30:00,1511.016464344354,0.0,432.0,0.0
2025-06-17 04:00:00,1304.9780662283745,0.0,353.0,0.0
2025-06-17 04:30:00,1301.4704097635836,0.0,430.0,0.0
2025-06-17 05:00:00,1239.099047533213,0.0,410.0,0.0
2025-06-17 05:30:00,1264.725433001067,0.0,419.0,0.0
2025-06-17 06:00:00,1337.1591532273155,0.0,366.0,0.0
2025-06-17 06:30:00,749.9395302988992,0.0,167.0,0.0
2025-06-17 07:00:00,1174.3671273963994,0.0,279.0,0.0
2025-06-17 07:30:00,1186.000237737133,0.0,331.0,0.0
2025-06-17 08:00:00,937.289842453008,0.0,289.0,0.0
2025-06-17 08:30:00,892.8668975768286,0.0,323.0,0.0
2025-06-17 09:00:00,1133.7750867739114,0.0,409.00000000000006,0.0
2025-06-17 09:30:00,1022.2686240686091,0.0,432.0,0.0
2025-06-17 10:00:00,1024.1970349441979,0.0,432.0,0.0
2025-06-17 10:30:00,1375.3116060871328,0.0,479.00000000000006,0.0
2025-06-17 11:00:00,1176.7079248633374,0.0,479.0,0.0
2025-06-17 11:30:00,1087.9855531018793,0.0,465.0,0.0
2025-06-17 12:00:00,1388.8815208551082,0.0,515.0,0.0
2025-06-17 12:30:00,1038.088202925765,0.0,479.0,0.0
2025-06-17 13:00:00,611.2866302007941,0.0,353.0,0.0
2025-06-17 13:30:00,363.8513987367368,0.0,233.0,0.0
2025-06-17 14:00:00,409.2089653479628,0.0,273.0,0.0
2025-06-17 14:30:00,1013.1587376886404,0.0,465.0,0.0
2025-06-17 15:00:00,1065.910866490474,0.0,442.0,0.0
2025-06-17 15:30:00,1287.6732969264513,0.0,502.0,0.0
2025-06-17 16:00:00,1460.3236163670317,0.0,555.0,0.0
2025-06-17 16:30:00,1472.866426418639,0.0,525.0,0.0
2025-06-17 17:00:00,1437.2772862582688,0.0,498.0,0.0
2025-06-17 17:30:00,913.7826572926645,0.0,320.0,0.0
2025-06-17 18:00:00,1482.597202861578,0.0,535.0,0.0
2025-06-17 18:30:00,1724.538215235232,0.0,557.0,0.0
2025-06-17 19:00:00,1602.6702902243658,0.0,535.0,0.0
2025-06-17 19:30:00,1720.7940222190196,0.0,512.0,0.0
2025-06-17 20:00:00,1211.4669300324922,0.0,401.0,0.0
2025-06-17 20:30:00,1191.880841656069,0.0,369.0,0.0
2025-06-17 21:00:00,1562.3677950333458,0.0,440.99999999999994,0.0
2025-06-17 21:30:00,1395.3926153774041,0.0,444.0,0.0
2025-06-17 22:00:00,1424.2481158154944,0.0,438.0,0.0
2025-06-17 22:30:00,1316.769618169601,0.0,448.0,0.0
2025-06-17 23:00:00,1491.3017006415862,0.0,443.99999999999994,0.0
2025-06-17 23:30:00,1403.4152824008002,0.0,430.0,0.0
2025-06-18 00:00:00,1300.2927869969203,0.0,324.0,0.0
2025-06-18 00:30:00,1029.6346700355577,0.0,249.0,0.0
2025-06-18 01:00:00,831.3408989333561,0.0,205.0,0.0
2025-06-18 01:30:00,1006.3742875359189,0.0,275.0,0.0
2025-06-18 02:00:00,1231.5722452366592,0.0,363.0,0.0
2025-06-18 02:30:00,1370.6079854940203,0.0,395.0,0.0
2025-06-18 03:00:00,1314.374484206904,0.0,406.00000000000006,0.0
2025-06-18 03:30:00,1459.9562820272326,0.0,393.0,0.0
2025-06-18 04:00:00,1347.5429192126182,0.0,415.0,0.0
2025-06-18 04:30:00,1528.0447812577686,0.0,412.0,0.0
2025-06-18 05:00:00,1395.5167371216946,0.0,341.0,0.0
2025-06-18 05:30:00,1175.5646944983307,0.0,328.0,0.0
2025-06-18 06:00:00,1192.4914197325586,0.0,281.0,0.0
2025-06-18 06:30:00,781.0512844057439,0.0,197.99999999999997,0.0
2025-06-18 07:00:00,1210.6304240406505,0.0,361.0,0.0
2025-06-18 07:30:00,1219.3700205323426,0.0,354.99999999999994,0.0
2025-06-18 08:00:00,896.0678776984654,0.0,266.0,0.0
2025-06-18 08:30:00,904.7195240391881,0.0,294.0,0.0
2025-06-18 09:00:00,1214.4249120654472,0.0,411.0,0.0
2025-06-18 09:30:00,1197.0763264430427,0.0,433.0,0.0
2025-06-18 10:00:00,1313.1049866286264,0.0,446.0,0.0
2025-06-18 10:30:00,1124.9818110663632,0.0,440.0,0.0
2025-06-18 11:00:00,1076.3400739718022,0.0,420.0,0.0
2025-06-18 11:30:00,851.4652311009609,0.0,389.0,0.0
2025-06-18 12:00:00,1147.5848086333247,0.0,417.0,0.0
2025-06-18 12:30:00,784.2079462090345,0.0,380.0,0.0
2025-06-18 13:00:00,777.200623757162,0.0,342.0,0.0
2025-06-18 13:30:00,517.3999990705629,0.0,186.0,0.0
2025-06-18 14:00:00,608.4991915152026,0.0,239.0,0.0
2025-06-18 14:30:00,1135.1300643879224,0.0,450.0,0.0
2025-06-18 15:00:00,1524.1227216555503,0.0,513.0,0.0
2025-06-18 15:30:00,1492.4698454947309,0.0,461.0,0.0
2025-06-18 16:00:00,1234.2001239074489,0.0,424.0,0.0
2025-06-18 16:30:00,1397.9211481932946,0.0,458.0,0.0
2025-06-18 17:00:00,1361.3783855072068,0.0,470.0,0.0
2025-06-18 17:30:00,873.4572715868802,0.0,278.0,0.0
2025-06-18 18:00:00,1331.7310355238556,0.0,468.0,0.0
2025-06-18 18:30:00,1438.659983857773,0.0,435.0,0.0
2025-06-18 19:00:00,1510.883824946918,0.0,460.99999999999994,0.0
2025-06-18 19:30:00,1282.271423325216,0.0,424.99999999999994,0.0
2025-06-18 20:00:00,1143.82282035326,0.0,313.0,0.0
2025-06-18 20:30:00,1171.9348564839636,0.0,292.0,0.0
2025-06-18 21:00:00,1360.5256576922716,0.0,363.0,0.0
2025-06-18 21:30:00,1406.020969177939,0.0,432.0,0.0
2025-06-18 22:00:00,1287.4666165672663,0.0,411.0,0.0
2025-06-18 22:30:00,1381.529581613731,0.0,388.0,0.0
2025-06-18 23:00:00,1204.8197087438618,0.0,398.0,0.0
2025-06-18 23:30:00,1437.284842979872,0.0,420.0,0.0
2025-06-19 00:00:00,1297.6461081334824,0.0,384.00000000000006,0.0
2025-06-19 00:30:00,964.6748801851256,0.0,260.0,0.0
2025-06-19 01:00:00,835.3673019317098,0.0,218.0,0.0
2025-06-19 01:30:00,967.090624100049,0.0,322.0,0.0
2025-06-19 02:00:00,1161.1702651028725,0.0,354.0,0.0
2025-06-19 02:30:00,1229.0812472198809,0.0,370.0,0.0
2025-06-19 03:00:00,1237.4337868923474,0.0,405.0,0.0
2025-06-19 03:30:00,1320.6360244355674,0.0,408.99999999999994,0.0
2025-06-19 04:00:00,1312.1036630954181,0.0,419.0,0.0
2025-06-19 04:30:00,1240.5413109060325,0.0,378.00000000000006,0.0
2025-06-19 05:00:00,1275.6461998653456,0.0,370.0,0.0
2025-06-19 05:30:00,1174.0005753948585,0.0,383.0,0.0
2025-06-19 06:00:00,1111.0041381359033,0.0,334.0,0.0
2025-06-19 06:30:00,791.7766875776031,0.0,229.0,0.0
2025-06-19 07:00:00,1085.7546728839563,0.0,363.0,0.0
2025-06-19 07:30:00,1184.3624996282795,0.0,359.0,0.0
2025-06-19 08:00:00,867.2109758992152,0.0,247.0,0.0
2025-06-19 08:30:00,620.0638430274687,0.0,186.00000000000003,0.0
2025-06-19 09:00:00,557.2172212108081,0.0,194.0,0.0
2025-06-19 09:30:00,795.9312910252062,0.0,327.0,0.0
2025-06-19 10:00:00,1033.1213899356737,0.0,421.0,0.0
2025-06-19 10:30:00,787.6816408083465,0.0,391.0,0.0
2025-06-19 11:00:00,1012.4944898982625,0.0,468.0,0.0
2025-06-19 11:30:00,936.2515957158096,0.0,437.0,0.0
2025-06-19 12:00:00,945.7499499178153,0.0,400.0,0.0
2025-06-19 12:30:00,1010.541511875071,0.0,441.0,0.0
2025-06-19 13:00:00,827.5389969974326,0.0,361.0,0.0
2025-06-19 13:30:00,332.9720684044288,0.0,166.0,0.0
2025-06-19 14:00:00,452.4290072342583,0.0,156.0,0.0
2025-06-19 14:30:00,854.3815548205857,0.0,368.0,0.0
2025-06-19 15:00:00,1172.9648849256077,0.0,422.99999999999994,0.0
2025-06-19 15:30:00,1128.6240278027838,0.0,387.0,0.0
2025-06-19 16:00:00,1004.5715592535167,0.0,422.0,0.0
2025-06-19 16:30:00,1172.3565723006584,0.0,376.0,0.0
2025-06-19 17:00:00,1073.8004019011203,0.0,331.0,0.0
2025-06-19 17:30:00,947.113337942511,0.0,290.0,0.0
2025-06-19 18:00:00,796.9325644367711,0.0,225.00000000000003,0.0
2025-06-19 18:30:00,608.1820361348623,0.0,145.0,0.0
2025-06-19 19:00:00,576.0990749349512,0.0,144.0,0.0
2025-06-19 19:30:00,553.9463835511315,0.0,135.0,0.0
2025-06-19 20:00:00,589.540418599212,0.0,140.0,0.0
2025-06-19 20:30:00,711.4527173378564,0.0,171.0,0.0
2025-06-19 21:00:00,711.0859873024223,0.0,214.0,0.0
2025-06-19 21:30:00,959.4431339090943,0.0,337.0,0.0
2025-06-19 22:00:00,1407.6455029674646,0.0,406.99999999999994,0.0
2025-06-19 22:30:00,1279.4581661779912,0.0,422.0,0.0
2025-06-19 23:00:00,1368.556241848258,0.0,436.00000000000006,0.0
2025-06-19 23:30:00,1364.6074728234528,0.0,418.0,0.0
2025-06-20 00:00:00,1147.0663950995415,0.0,377.0,0.0
2025-06-20 00:30:00,977.2690656411793,0.0,233.0,0.0
2025-06-20 01:00:00,860.6592130319513,0.0,188.0,0.0
2025-06-20 01:30:00,1055.7757499691213,0.0,275.0,0.0
2025-06-20 02:00:00,1250.7738857521717,0.0,368.0,0.0
2025-06-20 02:30:00,1298.746290305163,0.0,404.0,0.0
2025-06-20 03:00:00,1452.157873513008,0.0,401.99999999999994,0.0
2025-06-20 03:30:00,1330.4255158866247,0.0,362.0,0.0
2025-06-20 04:00:00,1242.6357097211187,0.0,395.0,0.0
2025-06-20 04:30:00,1390.8383839816108,0.0,408.0,0.0
2025-06-20 05:00:00,1388.8276045277023,0.0,387.0,0.0
2025-06-20 05:30:00,1496.4082641732416,0.0,401.0,0.0
2025-06-20 06:00:00,1332.5488514031683,0.0,386.0,0.0
2025-06-20 06:30:00,823.3581661364285,0.0,179.0,0.0
2025-06-20 07:00:00,1062.034590475084,0.0,302.0,0.0
2025-06-20 07:30:00,1290.2534066435123,0.0,381.0,0.0
2025-06-20 08:00:00,930.3799575983141,0.0,256.0,0.0
2025-06-20 08:30:00,939.764993779909,0.0,285.0,0.0
2025-06-20 09:00:00,1070.292753503018,0.0,403.0,0.0
2025-06-20 09:30:00,1234.2322558181047,0.0,400.0,0.0
2025-06-20 10:00:00,1182.2065362135252,0.0,462.0,0.0
2025-06-20 10:30:00,1027.5118689423166,0.0,431.0,0.0
2025-06-20 11:00:00,1092.7308783374954,0.0,457.0,0.0
2025-06-20 11:30:00,985.9876715914152,0.0,425.0,0.0
2025-06-20 12:00:00,976.4011737734102,0.0,464.0,0.0
2025-06-20 12:30:00,891.4995954880807,0.0,415.0,0.0
2025-06-20 13:00:00,626.7816255802302,0.0,290.0,0.0
2025-06-20 13:30:00,520.7244979593239,0.0,247.0,0.0
2025-06-20 14:00:00,603.7364988240315,0.0,288.0,0.0
2025-06-20 14:30:00,897.0583115644578,0.0,367.0,0.0
2025-06-20 15:00:00,939.806220324603,0.0,428.0,0.0
2025-06-20 15:30:00,1001.4969803453015,0.0,435.0,0.0
2025-06-20 16:00:00,1137.8960525034643,0.0,447.0,0.0
2025-06-20 16:30:00,1244.2818441288146,0.0,464.0,0.0
2025-06-20 17:00:00,1360.2215197322653,0.0,414.0,0.0
2025-06-20 17:30:00,882.8145775862665,0.0,237.0,0.0
2025-06-20 18:00:00,1322.1880351148804,0.0,422.0,0.0
2025-06-20 18:30:00,1343.2010712021895,0.0,417.0,0.0
2025-06-20 19:00:00,1539.128094061636,0.0,458.0,0.0
2025-06-20 19:30:00,1340.3305128367201,0.0,385.00000000000006,0.0
2025-06-20 20:00:00,1095.8988600248983,0.0,278.0,0.0
2025-06-20 20:30:00,1041.6036627427823,0.0,279.0,0.0
2025-06-20 21:00:00,1489.9847803714401,0.0,406.00000000000006,0.0
2025-06-20 21:30:00,1419.6238134993673,0.0,449.99999999999994,0.0
2025-06-20 22:00:00,1314.5121927034752,0.0,399.0,0.0
2025-06-20 22:30:00,1462.422749631171,0.0,424.0,0.0
2025-06-20 23:00:00,1508.3207364277162,0.0,452.0,0.0
2025-06-20 23:30:00,1444.3439230369693,0.0,448.0,0.0
2025-06-21 00:00:00,1319.787757734815,0.0,418.0,0.0
2025-06-21 00:30:00,1077.7080399248086,0.0,286.0,0.0
2025-06-21 01:00:00,931.8195496832825,0.0,241.99999999999997,0.0
2025-06-21 01:30:00,928.0660759290104,0.0,307.0,0.0
2025-06-21 02:00:00,1215.3620823062354,0.0,326.0,0.0
2025-06-21 02:30:00,1166.7113990478822,0.0,397.0,0.0
2025-06-21 03:00:00,1191.6677498482572,0.0,420.0,0.0
2025-06-21 03:30:00,1169.3396578503132,0.0,367.0,0.0
2025-06-21 04:00:00,1238.653993882808,0.0,391.0,0.0
2025-06-21 04:30:00,1092.8850751694185,0.0,377.0,0.0
2025-06-21 05:00:00,1233.2313624549497,0.0,360.0,0.0
2025-06-21 05:30:00,1269.7980264879122,0.0,349.00000000000006,0.0
2025-06-21 06:00:00,1113.4850978963082,0.0,286.0,0.0
2025-06-21 06:30:00,807.2960665486951,0.0,189.0,0.0
2025-06-21 07:00:00,1157.4447171068925,0.0,338.0,0.0
2025-06-21 07:30:00,1273.0602682374565,0.0,407.0,0.0
2025-06-21 08:00:00,1030.873799323879,0.0,279.0,0.0
2025-06-21 08:30:00,805.4172347988493,0.0,299.0,0.0
2025-06-21 09:00:00,1051.805092772285,0.0,399.0,0.0
2025-06-21 09:30:00,1214.1362737490342,0.0,455.0,0.0
2025-06-21 10:00:00,1088.1093155257809,0.0,434.0,0.0
2025-06-21 10:30:00,1082.337586412611,0.0,493.0,0.0
2025-06-21 11:00:00,1106.8186012284868,0.0,468.0,0.0
2025-06-21 11:30:00,1133.4402517108701,0.0,489.0,0.0
2025-06-21 12:00:00,976.2166711305995,0.0,450.0,0.0
2025-06-21 12:30:00,960.508514820237,0.0,451.0,0.0
2025-06-21 13:00:00,732.7799490175855,0.0,414.0,0.0
2025-06-21 13:30:00,270.1563955818181,0.0,198.0,0.0
2025-06-21 14:00:00,191.18219196837333,0.0,159.0,0.0
2025-06-21 14:30:00,682.1262792887991,0.0,364.0,0.0
2025-06-21 15:00:00,746.8574491386914,0.0,427.00000000000006,0.0
2025-06-21 15:30:00,953.794874331847,0.0,407.0,0.0
2025-06-21 16:00:00,1087.7258405923508,0.0,456.0,0.0
2025-06-21 16:30:00,890.2417351174134,0.0,306.0,0.0
2025-06-21 17:00:00,834.8642631699241,0.0,226.0,0.0
2025-06-21 17:30:00,616.4935037572806,0.0,155.0,0.0
2025-06-21 18:00:00,730.2028601164869,0.0,249.0,0.0
2025-06-21 18:30:00,968.0243250165597,0.0,298.0,0.0
2025-06-21 19:00:00,889.6701939398951,0.0,252.0,0.0
2025-06-21 19:30:00,890.5518997518669,0.0,240.00000000000003,0.0
2025-06-21 20:00:00,834.5701800204524,0.0,189.0,0.0
2025-06-21 20:30:00,997.2344377213831,0.0,222.0,0.0
2025-06-21 21:00:00,1073.9342905948743,0.0,326.0,0.0
2025-06-21 21:30:00,1243.7915429669415,0.0,376.0,0.0
2025-06-21 22:00:00,1191.9017463125112,0.0,350.0,0.0
2025-06-21 22:30:00,1243.041211075042,0.0,348.0,0.0
2025-06-21 23:00:00,1123.7416092840438,0.0,371.0,0.0
2025-06-21 23:30:00,1184.0677087526667,0.0,377.0,0.0
2025-06-22 00:00:00,1224.9251038435664,0.0,365.0,0.0
2025-06-22 00:30:00,1040.6809416942774,0.0,271.0,0.0
2025-06-22 01:00:00,1064.7097604101787,0.0,248.0,0.0
2025-06-22 01:30:00,1132.8021150577224,0.0,312.0,0.0
2025-06-22 02:00:00,1078.6700304914755,0.0,298.0,0.0
2025-06-22 02:30:00,1336.716255573505,0.0,431.00000000000006,0.0
2025-06-22 03:00:00,1264.0280206732323,0.0,399.0,0.0
2025-06-22 03:30:00,1178.9627960008613,0.0,372.0,0.0
2025-06-22 04:00:00,1289.7182819470083,0.0,410.0,0.0
2025-06-22 04:30:00,1239.7679908674183,0.0,363.0,0.0
2025-06-22 05:00:00,924.6952629873908,0.0,261.0,0.0
2025-06-22 05:30:00,841.7208327602245,0.0,273.0,0.0
2025-06-22 06:00:00,865.1298660845897,0.0,247.0,0.0
2025-06-22 06:30:00,726.4210961659863,0.0,184.00000000000003,0.0
2025-06-22 07:00:00,805.3874660799162,0.0,263.0,0.0
2025-06-22 07:30:00,861.1619576456194,0.0,239.00000000000003,0.0
2025-06-22 08:00:00,699.2234036602072,0.0,138.0,0.0
2025-06-22 08:30:00,598.6892890317662,0.0,141.0,0.0
2025-06-22 09:00:00,668.8945350162167,0.0,217.0,0.0
2025-06-22 09:30:00,770.5864809381219,0.0,342.0,0.0
2025-06-22 10:00:00,986.6938630065887,0.0,393.0,0.0
2025-06-22 10:30:00,1036.058705013883,0.0,405.0,0.0
2025-06-22 11:00:00,813.0554644611875,0.0,382.0,0.0
2025-06-22 11:30:00,819.5683147418406,0.0,402.0,0.0
2025-06-22 12:00:00,922.0475707798282,0.0,414.0,0.0
2025-06-22 12:30:00,709.8989223981484,0.0,359.00000000000006,0.0
2025-06-22 13:00:00,786.5523657596848,0.0,342.0,0.0
2025-06-22 13:30:00,245.75450666054851,0.0,163.0,0.0
2025-06-22 14:00:00,421.3203710364613,0.0,194.0,0.0
2025-06-22 14:30:00,1043.9842894286267,0.0,398.0,0.0
2025-06-22 15:00:00,1298.186040096295,0.0,482.00000000000006,0.0
2025-06-22 15:30:00,1222.236299951399,0.0,439.0,0.0
2025-06-22 16:00:00,977.5225314419845,0.0,425.0,0.0
2025-06-22 16:30:00,1165.945973929234,0.0,465.0,0.0
2025-06-22 17:00:00,1159.5098479380404,0.0,425.0,0.0
2025-06-22 17:30:00,945.1440889835624,0.0,302.0,0.0
2025-06-22 18:00:00,1111.4640133785335,0.0,338.0,0.0
2025-06-22 18:30:00,1036.971047444197,0.0,294.0,0.0
2025-06-22 19:00:00,1011.5737294578411,0.0,272.0,0.0
2025-06-22 19:30:00,956.1530306814267,0.0,225.0,0.0
2025-06-22 20:00:00,782.1523479048524,0.0,176.0,0.0
2025-06-22 20:30:00,891.973652135212,0.0,206.0,0.0
2025-06-22 21:00:00,856.5879876979985,0.0,175.0,0.0
2025-06-22 21:30:00,920.4094247739537,0.0,246.99999999999997,0.0
2025-06-22 22:00:00,1073.9148049789571,0.0,286.0,0.0
2025-06-22 22:30:00,1045.5522513311703,0.0,257.0,0.0
2025-06-22 23:00:00,1058.9253001564134,0.0,293.0,0.0
2025-06-22 23:30:00,951.3912315679615,0.0,220.0,0.0
2025-06-23 00:00:00,1140.9144020330941,0.0,352.0,0.0
2025-06-23 00:30:00,991.9109431069556,0.0,250.0,0.0
2025-06-23 01:00:00,869.3175042536574,0.0,212.0,0.0
2025-06-23 01:30:00,1073.769126373724,0.0,312.0,0.0
2025-06-23 02:00:00,1158.669172332257,0.0,326.0,0.0
2025-06-23 02:30:00,1238.1726568536603,0.0,364.00000000000006,0.0
2025-06-23 03:00:00,1235.9178605374832,0.0,383.0,0.0
2025-06-23 03:30:00,1320.7026982702973,0.0,393.0,0.0
2025-06-23 04:00:00,1222.3627799571555,0.0,358.00000000000006,0.0
2025-06-23 04:30:00,1274.3737284046156,0.0,395.0,0.0
2025-06-23 05:00:00,1360.496405609111,0.0,402.0,0.0
2025-06-23 05:30:00,1158.5306627124803,0.0,343.0,0.0
2025-06-23 06:00:00,1141.2339542966063,0.0,345.0,0.0
2025-06-23 06:30:00,859.6531280789427,0.0,226.0,0.0
2025-06-23 07:00:00,1193.1410172288256,0.0,332.00000000000006,0.0
2025-06-23 07:30:00,920.6834795637603,0.0,264.0,0.0
2025-06-23 08:00:00,813.4449975588495,0.0,238.99999999999997,0.0
2025-06-23 08:30:00,1063.9724367523359,0.0,319.0,0.0
2025-06-23 09:00:00,1323.9050276445876,0.0,409.0,0.0
2025-06-23 09:30:00,1371.7893086084227,0.0,474.0,0.0
2025-06-23 10:00:00,1361.8641553458847,0.0,468.0,0.0
2025-06-23 10:30:00,1347.9914831687777,0.0,468.0,0.0
2025-06-23 11:00:00,1397.9210156447377,0.0,499.0,0.0
2025-06-23 11:30:00,1216.8705410067532,0.0,467.0,0.0
2025-06-23 12:00:00,1308.8909774163849,0.0,455.0,0.0
2025-06-23 12:30:00,1159.6280947395896,0.0,426.0,0.0
2025-06-23 13:00:00,925.7907377180381,0.0,355.0,0.0
2025-06-23 13:30:00,857.1404685357447,0.0,273.0,0.0
2025-06-23 14:00:00,965.2143718349879,0.0,323.0,0.0
2025-06-23 14:30:00,1240.5791475566543,0.0,435.99999999999994,0.0
2025-06-23 15:00:00,1318.7497567162072,0.0,473.0,0.0
2025-06-23 15:30:00,1326.3592615821494,0.0,472.99999999999994,0.0
2025-06-23 16:00:00,1261.5384705252093,0.0,418.99999999999994,0.0
2025-06-23 16:30:00,1241.199110755798,0.0,475.0,0.0
2025-06-23 17:00:00,1398.0139969502886,0.0,465.0,0.0
2025-06-23 17:30:00,895.9387663366374,0.0,301.0,0.0
2025-06-23 18:00:00,1402.3137438444355,0.0,447.0,0.0
2025-06-23 18:30:00,1504.691119287409,0.0,488.99999999999994,0.0
2025-06-23 19:00:00,1496.7326883911871,0.0,496.0,0.0
2025-06-23 19:30:00,1530.4728048283632,0.0,493.0,0.0
2025-06-23 20:00:00,1252.530099039694,0.0,380.0,0.0
2025-06-23 20:30:00,1085.069261264477,0.0,329.0,0.0
2025-06-23 21:00:00,1170.6587458258955,0.0,401.00000000000006,0.0
2025-06-23 21:30:00,1346.1892899028396,0.0,444.0,0.0
2025-06-23 22:00:00,1388.9781797800654,0.0,426.0,0.0
2025-06-23 22:30:00,1225.6452982176322,0.0,448.0,0.0
2025-06-23 23:00:00,1374.2518302028143,0.0,463.0,0.0
2025-06-23 23:30:00,1326.7085754041316,0.0,406.0,0.0
2025-06-24 00:00:00,1344.6481920293893,0.0,404.0,0.0
2025-06-24 00:30:00,985.2415454080835,0.0,261.0,0.0
2025-06-24 01:00:00,906.9745015430814,0.0,214.0,0.0
2025-06-24 01:30:00,1088.6457194378181,0.0,273.0,0.0
2025-06-24 02:00:00,1250.2639809457003,0.0,307.0,0.0
2025-06-24 02:30:00,1211.118201802155,0.0,401.00000000000006,0.0
2025-06-24 03:00:00,1219.9377951157421,0.0,345.0,0.0
2025-06-24 03:30:00,1296.6600147715612,0.0,369.0,0.0
2025-06-24 04:00:00,1336.5865429001076,0.0,393.0,0.0
2025-06-24 04:30:00,1237.013922111346,0.0,388.0,0.0
2025-06-24 05:00:00,1285.008776317083,0.0,396.0,0.0
2025-06-24 05:30:00,1259.0690858611,0.0,387.0,0.0
2025-06-24 06:00:00,1418.2732261194283,0.0,373.0,0.0
2025-06-24 06:30:00,816.7462076310399,0.0,199.0,0.0
2025-06-24 07:00:00,1174.5701718450018,0.0,311.0,0.0
2025-06-24 07:30:00,1145.4988112370052,0.0,345.00000000000006,0.0
2025-06-24 08:00:00,894.036089845925,0.0,247.00000000000003,0.0
2025-06-24 08:30:00,951.1242839552556,0.0,281.0,0.0
2025-06-24 09:00:00,1265.593107567519,0.0,370.0,0.0
2025-06-24 09:30:00,1245.0437487838042,0.0,481.0,0.0
2025-06-24 10:00:00,1354.148258690881,0.0,492.0,0.0
2025-06-24 10:30:00,1087.2226841617696,0.0,480.0,0.0
2025-06-24 11:00:00,1310.9528521493714,0.0,424.00000000000006,0.0
2025-06-24 11:30:00,1154.0738054045778,0.0,469.0,0.0
2025-06-24 12:00:00,908.0135760550916,0.0,468.0,0.0
2025-06-24 12:30:00,847.1386524273644,0.0,363.0,0.0
2025-06-24 13:00:00,716.0110434070546,0.0,374.0,0.0
2025-06-24 13:30:00,441.1593732445926,0.0,237.0,0.0
2025-06-24 14:00:00,713.5137312754168,0.0,273.0,0.0
2025-06-24 14:30:00,994.0313135627242,0.0,418.0,0.0
2025-06-24 15:00:00,987.2910676749352,0.0,442.0,0.0
2025-06-24 15:30:00,1104.3412936096006,0.0,457.0,0.0
2025-06-24 16:00:00,1109.3438681408375,0.0,460.0,0.0
2025-06-24 16:30:00,1315.889605897454,0.0,469.0,0.0
2025-06-24 17:00:00,1546.9158039017443,0.0,461.0,0.0
2025-06-24 17:30:00,1042.1026648506154,0.0,305.0,0.0
2025-06-24 18:00:00,1444.6568472416232,0.0,462.0,0.0
2025-06-24 18:30:00,1427.2829878928019,0.0,473.0,0.0
2025-06-24 19:00:00,1409.1404797080195,0.0,455.0,0.0
2025-06-24 19:30:00,1460.0749300927941,0.0,458.0,0.0
2025-06-24 20:00:00,1050.7169616017977,0.0,343.0,0.0
2025-06-24 20:30:00,1241.6945461351304,0.0,360.0,0.0
2025-06-24 21:00:00,1388.8898056336368,0.0,434.00000000000006,0.0
2025-06-24 21:30:00,1652.448279222463,0.0,487.0,0.0
2025-06-24 22:00:00,1540.7152533564783,0.0,434.0,0.0
2025-06-24 22:30:00,1301.8318726222142,0.0,398.0,0.0
2025-06-24 23:00:00,1558.9393110824594,0.0,465.0,0.0
2025-06-24 23:30:00,1504.899828997077,0.0,477.0,0.0
2025-06-25 00:00:00,1304.3581631128773,0.0,452.0,0.0
2025-06-25 00:30:00,994.5745359831529,0.0,303.0,0.0
2025-06-25 01:00:00,814.2874634068435,0.0,211.0,0.0
2025-06-25 01:30:00,1153.6743902033509,0.0,321.0,0.0
2025-06-25 02:00:00,1238.5344353143676,0.0,421.0,0.0
2025-06-25 02:30:00,1541.4969817312056,0.0,444.0,0.0
2025-06-25 03:00:00,1308.5960383286044,0.0,375.0,0.0
2025-06-25 03:30:00,1395.4518569692536,0.0,433.0,0.0
2025-06-25 04:00:00,1461.53723318221,0.0,470.0,0.0
2025-06-25 04:30:00,1458.7567170763896,0.0,435.99999999999994,0.0
2025-06-25 05:00:00,1383.2854736303152,0.0,483.0,0.0
2025-06-25 05:30:00,1332.4306217428073,0.0,406.0,0.0
2025-06-25 06:00:00,1305.3718619086544,0.0,354.0,0.0
2025-06-25 06:30:00,927.0105115251769,0.0,219.0,0.0
2025-06-25 07:00:00,1143.0930914466894,0.0,350.0,0.0
2025-06-25 07:30:00,1257.9921332545964,0.0,390.0,0.0
2025-06-25 08:00:00,1032.7009918349893,0.0,303.0,0.0
2025-06-25 08:30:00,1089.4312868653417,0.0,346.0,0.0
2025-06-25 09:00:00,1270.8646433155286,0.0,478.0,0.0
2025-06-25 09:30:00,1480.1512827065908,0.0,504.0,0.0
2025-06-25 10:00:00,1109.292107446334,0.0,464.0,0.0
2025-06-25 10:30:00,1116.94654199724,0.0,466.0,0.0
2025-06-25 11:00:00,1025.5232040157537,0.0,485.0,0.0
2025-06-25 11:30:00,1161.9723384237514,0.0,489.0,0.0
2025-06-25 12:00:00,1080.7091972162402,0.0,440.0,0.0
2025-06-25 12:30:00,1134.5708903673103,0.0,423.0,0.0
2025-06-25 13:00:00,776.8169117930297,0.0,406.0,0.0
2025-06-25 13:30:00,507.3326953795848,0.0,242.0,0.0
2025-06-25 14:00:00,762.0912077591947,0.0,267.0,0.0
2025-06-25 14:30:00,1145.745976870761,0.0,449.0,0.0
2025-06-25 15:00:00,1057.531959754097,0.0,469.0,0.0
2025-06-25 15:30:00,973.4381368088419,0.0,479.0,0.0
2025-06-25 16:00:00,1098.5555992478617,0.0,452.0,0.0
2025-06-25 16:30:00,1288.8769030358283,0.0,453.0,0.0
2025-06-25 17:00:00,1252.637762643396,0.0,500.0,0.0
2025-06-25 17:30:00,816.4396296719129,0.0,280.0,0.0
2025-06-25 18:00:00,1414.066080972402,0.0,461.0,0.0
2025-06-25 18:30:00,1438.9334945773794,0.0,449.0,0.0
2025-06-25 19:00:00,1691.080185169052,0.0,451.0,0.0
2025-06-25 19:30:00,1501.5236099831477,0.0,452.99999999999994,0.0
2025-06-25 20:00:00,1173.2213063329898,0.0,311.0,0.0
2025-06-25 20:30:00,1166.7993779514159,0.0,345.0,0.0
2025-06-25 21:00:00,1402.2759108554094,0.0,405.0,0.0
2025-06-25 21:30:00,1359.8893231255263,0.0,428.0,0.0
2025-06-25 22:00:00,1532.817187511806,0.0,424.0,0.0
2025-06-25 22:30:00,1428.2931116396744,0.0,413.0,0.0
2025-06-25 23:00:00,1540.8530390045707,0.0,490.99999999999994,0.0
2025-06-25 23:30:00,1466.1340209069815,0.0,459.99999999999994,0.0
2025-06-26 00:00:00,1262.905507384007,0.0,375.0,0.0
2025-06-26 00:30:00,987.8265118573087,0.0,244.0,0.0
2025-06-26 01:00:00,777.1135494478269,0.0,172.0,0.0
2025-06-26 01:30:00,1072.0442582711848,0.0,265.0,0.0
2025-06-26 02:00:00,1140.247485924416,0.0,354.0,0.0
2025-06-26 02:30:00,1404.6349756066702,0.0,425.0,0.0
2025-06-26 03:00:00,1276.9392116271279,0.0,392.0,0.0
2025-06-26 03:30:00,1327.47147744904,0.0,423.0,0.0
2025-06-26 04:00:00,1360.9757542100954,0.0,375.00000000000006,0.0
2025-06-26 04:30:00,1283.6459468927924,0.0,395.00000000000006,0.0
2025-06-26 05:00:00,1280.9930306012648,0.0,375.99999999999994,0.0
2025-06-26 05:30:00,1251.9945722771797,0.0,381.0,0.0
2025-06-26 06:00:00,1102.9800664629993,0.0,341.00000000000006,0.0
2025-06-26 06:30:00,856.7414801705473,0.0,239.00000000000003,0.0
2025-06-26 07:00:00,1116.9981043105793,0.0,310.0,0.0
2025-06-26 07:30:00,1251.8905489796814,0.0,349.0,0.0
2025-06-26 08:00:00,973.5764765565114,0.0,302.0,0.0
2025-06-26 08:30:00,1120.9995803857666,0.0,335.0,0.0
2025-06-26 09:00:00,1088.6320786622612,0.0,405.0,0.0
2025-06-26 09:30:00,954.4447478200706,0.0,403.0,0.0
2025-06-26 10:00:00,898.3606177416669,0.0,397.0,0.0
2025-06-26 10:30:00,942.0653866474054,0.0,414.0,0.0
2025-06-26 11:00:00,982.7204920277901,0.0,427.0,0.0
2025-06-26 11:30:00,972.0039650669054,0.0,443.0,0.0
2025-06-26 12:00:00,1015.3762290481255,0.0,411.0,0.0
2025-06-26 12:30:00,989.0674402459913,0.0,379.0,0.0
2025-06-26 13:00:00,685.0529835668812,0.0,336.0,0.0
2025-06-26 13:30:00,583.1888888660721,0.0,231.99999999999997,0.0
2025-06-26 14:00:00,446.98786895297206,0.0,259.0,0.0
2025-06-26 14:30:00,830.4556219906132,0.0,373.0,0.0
2025-06-26 15:00:00,852.0755577103907,0.0,399.0,0.0
2025-06-26 15:30:00,1623.646209736139,0.0,489.00000000000006,0.0
2025-06-26 16:00:00,1677.9352616344786,0.0,495.0,0.0
2025-06-26 16:30:00,1440.861815415637,0.0,467.99999999999994,0.0
2025-06-26 17:00:00,1362.1884571288342,0.0,445.0,0.0
2025-06-26 17:30:00,976.0002573782473,0.0,278.0,0.0
2025-06-26 18:00:00,1418.5881776368922,0.0,422.0,0.0
2025-06-26 18:30:00,1331.0052646202776,0.0,434.0,0.0
2025-06-26 19:00:00,1292.1333229721217,0.0,404.0,0.0
2025-06-26 19:30:00,1376.8935304819843,0.0,434.0,0.0
2025-06-26 20:00:00,1082.843743446113,0.0,282.0,0.0
2025-06-26 20:30:00,1030.1337501819114,0.0,271.0,0.0
2025-06-26 21:00:00,1456.9003669088902,0.0,427.99999999999994,0.0
2025-06-26 21:30:00,1260.1515005621618,0.0,365.0,0.0
2025-06-26 22:00:00,1298.1304012145652,0.0,424.0,0.0
2025-06-26 22:30:00,1480.1308357230384,0.0,438.0,0.0
2025-06-26 23:00:00,1408.9786153871905,0.0,415.00000000000006,0.0
2025-06-26 23:30:00,1424.7081800043095,0.0,396.0,0.0
2025-06-27 00:00:00,1278.1768805936376,0.0,367.0,0.0
2025-06-27 00:30:00,935.310908761555,0.0,234.0,0.0
2025-06-27 01:00:00,783.7399553930592,0.0,165.0,0.0
2025-06-27 01:30:00,909.9729792172117,0.0,277.0,0.0
2025-06-27 02:00:00,1086.08354330559,0.0,344.0,0.0
2025-06-27 02:30:00,1335.498904698347,0.0,406.0,0.0
2025-06-27 03:00:00,1421.7861381022994,0.0,404.0,0.0
2025-06-27 03:30:00,1222.9909957380175,0.0,380.0,0.0
2025-06-27 04:00:00,1150.5473171570166,0.0,338.0,0.0
2025-06-27 04:30:00,1221.120090845256,0.0,319.0,0.0
2025-06-27 05:00:00,1248.5889983712461,0.0,342.0,0.0
2025-06-27 05:30:00,1211.939397156039,0.0,318.0,0.0
2025-06-27 06:00:00,1115.15433238103,0.0,363.0,0.0
2025-06-27 06:30:00,851.4994262368258,0.0,174.0,0.0
2025-06-27 07:00:00,1292.725626998991,0.0,363.0,0.0
2025-06-27 07:30:00,1168.5614766985454,0.0,310.0,0.0
2025-06-27 08:00:00,918.7984809772439,0.0,234.99999999999997,0.0
2025-06-27 08:30:00,902.3669271078033,0.0,266.0,0.0
2025-06-27 09:00:00,1091.7283252315337,0.0,364.0,0.0
2025-06-27 09:30:00,1005.7189129608984,0.0,373.0,0.0
2025-06-27 10:00:00,1034.2850122032853,0.0,385.0,0.0
2025-06-27 10:30:00,1042.7077085688784,0.0,397.0,0.0
2025-06-27 11:00:00,884.9201524671198,0.0,452.0,0.0
2025-06-27 11:30:00,1097.1768397033882,0.0,419.0,0.0
2025-06-27 12:00:00,984.3557825036906,0.0,434.0,0.0
2025-06-27 12:30:00,782.6587774879832,0.0,403.0,0.0
2025-06-27 13:00:00,787.0778254625126,0.0,332.0,0.0
2025-06-27 13:30:00,520.0778820230628,0.0,232.0,0.0
2025-06-27 14:00:00,666.3750257037982,0.0,258.0,0.0
2025-06-27 14:30:00,880.3421626589374,0.0,396.0,0.0
2025-06-27 15:00:00,1052.2855319287305,0.0,452.0,0.0
2025-06-27 15:30:00,1001.8881066944654,0.0,383.0,0.0
2025-06-27 16:00:00,1188.772488048973,0.0,460.0,0.0
2025-06-27 16:30:00,1305.0955778053071,0.0,465.00000000000006,0.0
2025-06-27 17:00:00,1299.413599610393,0.0,439.0,0.0
2025-06-27 17:30:00,933.9400337410626,0.0,256.0,0.0
2025-06-27 18:00:00,1362.1885954563463,0.0,398.00000000000006,0.0
2025-06-27 18:30:00,1341.8263593123615,0.0,476.0,0.0
2025-06-27 19:00:00,1430.717924931347,0.0,430.99999999999994,0.0
2025-06-27 19:30:00,1450.3594926449064,0.0,377.99999999999994,0.0
2025-06-27 20:00:00,1044.1558181048435,0.0,288.0,0.0
2025-06-27 20:30:00,1044.342361978881,0.0,323.0,0.0
2025-06-27 21:00:00,1363.663980579553,0.0,388.0,0.0
2025-06-27 21:30:00,1417.4229644442755,0.0,396.0,0.0
2025-06-27 22:00:00,1301.8533292004934,0.0,369.00000000000006,0.0
2025-06-27 22:30:00,1200.3744808845631,0.0,413.0,0.0
2025-06-27 23:00:00,1426.2773433802881,0.0,403.0,0.0
2025-06-27 23:30:00,1560.9844011243333,0.0,399.99999999999994,0.0
2025-06-28 00:00:00,1394.0136584364623,0.0,399.0,0.0
2025-06-28 00:30:00,950.7057598592478,0.0,268.0,0.0
2025-06-28 01:00:00,870.74494594045,0.0,194.0,0.0
2025-06-28 01:30:00,1136.9581813204893,0.0,318.0,0.0
2025-06-28 02:00:00,1345.5315765508967,0.0,352.0,0.0
2025-06-28 02:30:00,1399.4691191620134,0.0,442.0,0.0
2025-06-28 03:00:00,1417.7702140149856,0.0,440.0,0.0
2025-06-28 03:30:00,1447.5636114269141,0.0,443.0,0.0
2025-06-28 04:00:00,1186.6358475401364,0.0,386.0,0.0
2025-06-28 04:30:00,1319.4253230574054,0.0,413.0,0.0
2025-06-28 05:00:00,1289.8048836345915,0.0,405.0,0.0
2025-06-28 05:30:00,1285.3897663935388,0.0,383.99999999999994,0.0
2025-06-28 06:00:00,1249.340756454098,0.0,330.0,0.0
2025-06-28 06:30:00,855.3819843631798,0.0,191.0,0.0
2025-06-28 07:00:00,1132.0352342115882,0.0,327.0,0.0
2025-06-28 07:30:00,1289.876404168328,0.0,370.0,0.0
2025-06-28 08:00:00,966.6830446854698,0.0,225.0,0.0
2025-06-28 08:30:00,902.3251224605144,0.0,259.0,0.0
2025-06-28 09:00:00,1167.1303825890814,0.0,404.0,0.0
2025-06-28 09:30:00,1037.4228232239855,0.0,405.0,0.0
2025-06-28 10:00:00,1165.237608844404,0.0,458.0,0.0
2025-06-28 10:30:00,972.4362467933612,0.0,441.0,0.0
2025-06-28 11:00:00,918.3290295843049,0.0,392.0,0.0
2025-06-28 11:30:00,1223.6740502122689,0.0,461.0,0.0
2025-06-28 12:00:00,1315.7485056762976,0.0,490.0,0.0
2025-06-28 12:30:00,1077.2576743586387,0.0,469.0,0.0
2025-06-28 13:00:00,916.9561158350775,0.0,466.0,0.0
2025-06-28 13:30:00,512.8060414567523,0.0,198.0,0.0
2025-06-28 14:00:00,610.2922254231032,0.0,176.0,0.0
2025-06-28 14:30:00,997.6614181000539,0.0,360.0,0.0
2025-06-28 15:00:00,1216.5826610681006,0.0,408.0,0.0
2025-06-28 15:30:00,1066.606120507546,0.0,465.0,0.0
2025-06-28 16:00:00,1066.473620531708,0.0,451.0,0.0
2025-06-28 16:30:00,843.2498683666151,0.0,350.0,0.0
2025-06-28 17:00:00,660.9865336968742,0.0,243.0,0.0
2025-06-28 17:30:00,449.9786154904825,0.0,118.0,0.0
2025-06-28 18:00:00,1013.5622505724432,0.0,237.0,0.0
2025-06-28 18:30:00,909.5265664186142,0.0,253.99999999999997,0.0
2025-06-28 19:00:00,891.3731027956993,0.0,254.00000000000003,0.0
2025-06-28 19:30:00,872.3647863399777,0.0,211.0,0.0
2025-06-28 20:00:00,741.4036040589655,0.0,170.0,0.0
2025-06-28 20:30:00,884.2298748548753,0.0,246.99999999999997,0.0
2025-06-28 21:00:00,1107.0755901238417,0.0,342.0,0.0
2025-06-28 21:30:00,1285.095191653913,0.0,369.0,0.0
2025-06-28 22:00:00,1185.4058330785756,0.0,353.0,0.0
2025-06-28 22:30:00,1218.3014189801343,0.0,360.0,0.0
2025-06-28 23:00:00,1315.4562391684383,0.0,392.0,0.0
2025-06-28 23:30:00,1299.2585847107027,0.0,359.0,0.0
2025-06-29 00:00:00,1274.712362637811,0.0,394.0,0.0
2025-06-29 00:30:00,920.6070528656466,0.0,274.0,0.0
2025-06-29 01:00:00,819.5755406333344,0.0,245.0,0.0
2025-06-29 01:30:00,1064.7048725696084,0.0,322.0,0.0
2025-06-29 02:00:00,1251.3453662961424,0.0,338.0,0.0
2025-06-29 02:30:00,1474.615496617084,0.0,439.0,0.0
2025-06-29 03:00:00,1369.2858023155668,0.0,415.00000000000006,0.0
2025-06-29 03:30:00,1379.9167398705363,0.0,375.0,0.0
2025-06-29 04:00:00,1323.1530061999679,0.0,413.0,0.0
2025-06-29 04:30:00,1223.5681608981804,0.0,361.0,0.0
2025-06-29 05:00:00,1060.7944070443816,0.0,296.0,0.0
2025-06-29 05:30:00,974.8741054717748,0.0,295.0,0.0
2025-06-29 06:00:00,918.4366366564295,0.0,272.0,0.0
2025-06-29 06:30:00,666.9715942748652,0.0,200.0,0.0
2025-06-29 07:00:00,1012.9037110050539,0.0,296.0,0.0
2025-06-29 07:30:00,907.3073292100403,0.0,278.0,0.0
2025-06-29 08:00:00,726.5119536965038,0.0,200.0,0.0
2025-06-29 08:30:00,645.0000105277704,0.0,184.0,0.0
2025-06-29 09:00:00,820.786644682896,0.0,240.0,0.0
2025-06-29 09:30:00,1075.530026495552,0.0,322.00000000000006,0.0
2025-06-29 10:00:00,1218.0521218247075,0.0,364.99999999999994,0.0
2025-06-29 10:30:00,1082.1372282595466,0.0,421.0,0.0
2025-06-29 11:00:00,1122.153930469835,0.0,415.0,0.0
2025-06-29 11:30:00,976.9202312624736,0.0,389.0,0.0
2025-06-29 12:00:00,1152.8264271115252,0.0,411.0,0.0
2025-06-29 12:30:00,1127.7317352940693,0.0,409.0,0.0
2025-06-29 13:00:00,954.9463104816087,0.0,359.0,0.0
2025-06-29 13:30:00,492.4002902399783,0.0,161.0,0.0
2025-06-29 14:00:00,426.13890633191255,0.0,165.0,0.0
2025-06-29 14:30:00,1097.9172446098673,0.0,368.0,0.0
2025-06-29 15:00:00,1102.3854718996404,0.0,398.0,0.0
2025-06-29 15:30:00,1085.7858243007404,0.0,390.0,0.0
2025-06-29 16:00:00,954.706185309948,0.0,395.0,0.0
2025-06-29 16:30:00,1081.6557791320333,0.0,392.0,0.0
2025-06-29 17:00:00,1161.1573154382831,0.0,383.0,0.0
2025-06-29 17:30:00,982.1322220623995,0.0,309.0,0.0
2025-06-29 18:00:00,879.5085095621613,0.0,316.0,0.0
2025-06-29 18:30:00,759.0355535950514,0.0,226.00000000000003,0.0
2025-06-29 19:00:00,777.5239533701358,0.0,257.0,0.0
2025-06-29 19:30:00,950.0343820783585,0.0,253.00000000000003,0.0
2025-06-29 20:00:00,692.7794470977639,0.0,173.0,0.0
2025-06-29 20:30:00,659.1261105768842,0.0,161.0,0.0
2025-06-29 21:00:00,846.0024216398405,0.0,224.0,0.0
2025-06-29 21:30:00,828.4807503883519,0.0,246.0,0.0
2025-06-29 22:00:00,867.2356091978195,0.0,251.00000000000003,0.0
2025-06-29 22:30:00,958.503394956079,0.0,287.0,0.0
2025-06-29 23:00:00,963.1952760747542,0.0,247.00000000000003,0.0
2025-06-29 23:30:00,828.893681864582,0.0,244.0,0.0
2025-06-30 00:00:00,852.1515921069229,0.0,233.99999999999997,0.0
2025-06-30 00:30:00,701.4850616281558,0.0,130.0,0.0
2025-06-30 01:00:00,688.6975893419241,0.0,132.0,0.0
2025-06-30 01:30:00,1002.2847693289613,0.0,250.0,0.0
2025-06-30 02:00:00,888.496124017401,0.0,249.99999999999997,0.0
2025-06-30 02:30:00,1050.7518238939313,0.0,305.0,0.0
2025-06-30 03:00:00,913.2114170204029,0.0,278.0,0.0
2025-06-30 03:30:00,985.8634886732102,0.0,282.0,0.0
2025-06-30 04:00:00,1004.4678168019092,0.0,298.0,0.0
2025-06-30 04:30:00,948.7114355795303,0.0,263.0,0.0
2025-06-30 05:00:00,899.2973460748279,0.0,220.0,0.0
2025-06-30 05:30:00,1076.967667639801,0.0,302.0,0.0
2025-06-30 06:00:00,826.5560217028989,0.0,216.00000000000003,0.0
2025-06-30 06:30:00,731.439632521733,0.0,144.0,0.0
2025-06-30 07:00:00,822.3433396700618,0.0,199.0,0.0
2025-06-30 07:30:00,794.7288821809278,0.0,188.0,0.0
2025-06-30 08:00:00,649.3515033536753,0.0,162.0,0.0
2025-06-30 08:30:00,867.5128651766157,0.0,288.0,0.0
2025-06-30 09:00:00,1157.6477584268723,0.0,375.0,0.0
2025-06-30 09:30:00,1187.9226076076009,0.0,445.0,0.0
2025-06-30 10:00:00,966.1419867649852,0.0,412.0,0.0
2025-06-30 10:30:00,1128.4270848505844,0.0,449.99999999999994,0.0
2025-06-30 11:00:00,1254.6404204649402,0.0,412.0,0.0
2025-06-30 11:30:00,1080.0362017215807,0.0,421.0,0.0
2025-06-30 12:00:00,833.7755056591818,0.0,385.0,0.0
2025-06-30 12:30:00,734.4133115133469,0.0,328.0,0.0
2025-06-30 13:00:00,575.1719111242077,0.0,295.0,0.0
2025-06-30 13:30:00,463.37520137247805,0.0,210.0,0.0
2025-06-30 14:00:00,541.3306109066882,0.0,302.0,0.0
2025-06-30 14:30:00,931.8874005661532,0.0,427.0,0.0
2025-06-30 15:00:00,1325.9964716176141,0.0,447.0,0.0
2025-06-30 15:30:00,1096.9087163733466,0.0,458.0,0.0
2025-06-30 16:00:00,991.3384519005537,0.0,449.0,0.0
2025-06-30 16:30:00,1103.8530352709397,0.0,448.0,0.0
2025-06-30 17:00:00,1111.4638970480337,0.0,447.0,0.0
2025-06-30 17:30:00,933.4389039972193,0.0,270.0,0.0
2025-06-30 18:00:00,1308.8685220097648,0.0,401.0,0.0
2025-06-30 18:30:00,1501.8335785809925,0.0,444.00000000000006,0.0
2025-06-30 19:00:00,1388.993942490527,0.0,431.0,0.0
2025-06-30 19:30:00,1279.8716746911798,0.0,373.00000000000006,0.0
2025-06-30 20:00:00,993.2611750928629,0.0,275.0,0.0
2025-06-30 20:30:00,1162.6760205385913,0.0,320.0,0.0
2025-06-30 21:00:00,1294.8092494232624,0.0,377.0,0.0
2025-06-30 21:30:00,1520.905797703628,0.0,445.0,0.0
2025-06-30 22:00:00,1412.9467584663696,0.0,444.0,0.0
2025-06-30 22:30:00,1374.3278906289092,0.0,387.0,0.0
2025-06-30 23:00:00,1293.0411086994368,0.0,368.99999999999994,0.0
2025-06-30 23:30:00,1342.513338202086,0.0,387.0,0.0
2025-07-01 00:00:00,1265.2612587026772,0.0,404.0,0.0
2025-07-01 00:30:00,1064.4362849363704,0.0,261.0,0.0
2025-07-01 01:00:00,840.3260408436677,0.0,213.99999999999997,0.0
2025-07-01 01:30:00,1013.6576560187632,0.0,273.0,0.0
2025-07-01 02:00:00,1275.3237756276105,0.0,307.0,0.0
2025-07-01 02:30:00,1292.8273672678695,0.0,401.0,0.0
2025-07-01 03:00:00,1157.8508087316231,0.0,345.0,0.0
2025-07-01 03:30:00,1172.9025359372213,0.0,369.0,0.0
2025-07-01 04:00:00,1379.7197768752865,0.0,392.99999999999994,0.0
2025-07-01 04:30:00,1313.1055946230967,0.0,388.0,0.0
2025-07-01 05:00:00,1303.0900308705259,0.0,396.0,0.0
2025-07-01 05:30:00,1214.0685659655542,0.0,387.0,0.0
2025-07-01 06:00:00,1334.9200947323163,0.0,373.0,0.0
2025-07-01 06:30:00,812.6267782017798,0.0,199.0,0.0
2025-07-01 07:00:00,1058.633297184281,0.0,311.0,0.0
2025-07-01 07:30:00,1186.709742607755,0.0,345.0,0.0
2025-07-01 08:00:00,877.3830496672409,0.0,247.0,0.0
2025-07-01 08:30:00,999.4163919375343,0.0,281.0,0.0
2025-07-01 09:00:00,1183.0412095748038,0.0,370.0,0.0
2025-07-01 09:30:00,1336.546486615374,0.0,481.0,0.0
2025-07-01 10:00:00,1303.3096322555728,0.0,492.00000000000006,0.0
2025-07-01 10:30:00,1095.6249035135718,0.0,480.0,0.0
2025-07-01 11:00:00,1294.6511773556417,0.0,423.99999999999994,0.0
2025-07-01 11:30:00,1157.2527021081153,0.0,469.00000000000006,0.0
2025-07-01 12:00:00,895.1697705262919,0.0,467.99999999999994,0.0
2025-07-01 12:30:00,812.4380718521953,0.0,363.0,0.0
2025-07-01 13:00:00,757.2811025894375,0.0,374.0,0.0
2025-07-01 13:30:00,462.734686677302,0.0,237.0,0.0
2025-07-01 14:00:00,702.7757443149161,0.0,273.0,0.0
2025-07-01 14:30:00,998.0563315822345,0.0,418.0,0.0
2025-07-01 15:00:00,1062.3295412408781,0.0,442.0,0.0
2025-07-01 15:30:00,1150.9557394109238,0.0,457.0,0.0
2025-07-01 16:00:00,1124.9953588370593,0.0,460.0,0.0
2025-07-01 16:30:00,1306.4770016697103,0.0,469.0,0.0
2025-07-01 17:00:00,1356.4737970723788,0.0,461.0,0.0
2025-07-01 17:30:00,970.0657118783614,0.0,305.0,0.0
2025-07-01 18:00:00,1358.9209164431563,0.0,462.0,0.0
2025-07-01 18:30:00,1440.6544266584015,0.0,472.99999999999994,0.0
2025-07-01 19:00:00,1403.3961388415876,0.0,455.0,0.0
2025-07-01 19:30:00,1219.2670607534212,0.0,458.0,0.0
2025-07-01 20:00:00,1324.3100802373258,0.0,342.99999999999994,0.0
2025-07-01 20:30:00,1162.6313128672457,0.0,360.0,0.0
2025-07-01 21:00:00,1520.0865827987623,0.0,434.0,0.0
2025-07-01 21:30:00,1412.7144642824796,0.0,487.0,0.0
2025-07-01 22:00:00,1396.2911614912616,0.0,434.0,0.0
2025-07-01 22:30:00,1216.0170116659558,0.0,398.0,0.0
2025-07-01 23:00:00,1479.7054409392679,0.0,465.0,0.0
2025-07-01 23:30:00,1426.807863170804,0.0,477.0,0.0
2025-07-02 00:00:00,1406.5997705548211,0.0,452.0,0.0
2025-07-02 00:30:00,1045.814202853515,0.0,303.0,0.0
2025-07-02 01:00:00,895.8227220299453,0.0,211.0,0.0
2025-07-02 01:30:00,1093.3065153975667,0.0,321.0,0.0
2025-07-02 02:00:00,1176.2758444589663,0.0,421.0,0.0
2025-07-02 02:30:00,1502.447546903498,0.0,444.0,0.0
2025-07-02 03:00:00,1309.5309275523953,0.0,375.0,0.0
2025-07-02 03:30:00,1376.8920798587983,0.0,433.00000000000006,0.0
2025-07-02 04:00:00,1437.9666275106715,0.0,469.99999999999994,0.0
2025-07-02 04:30:00,1297.91603507055,0.0,436.0,0.0
2025-07-02 05:00:00,1443.106199951902,0.0,483.00000000000006,0.0
2025-07-02 05:30:00,1499.691827907157,0.0,406.0,0.0
2025-07-02 06:00:00,1232.4739677471102,0.0,354.0,0.0
2025-07-02 06:30:00,839.5722912308349,0.0,219.0,0.0
2025-07-02 07:00:00,1158.231759607308,0.0,350.0,0.0
2025-07-02 07:30:00,1203.7308855858157,0.0,390.00000000000006,0.0
2025-07-02 08:00:00,1066.2778135541496,0.0,303.0,0.0
2025-07-02 08:30:00,1090.5907466813383,0.0,346.0,0.0
2025-07-02 09:00:00,1116.121534673656,0.0,478.0,0.0
2025-07-02 09:30:00,1364.3581716905828,0.0,504.0,0.0
2025-07-02 10:00:00,1074.443204598449,0.0,464.0,0.0
2025-07-02 10:30:00,953.2139417337503,0.0,466.0,0.0
2025-07-02 11:00:00,1015.4893241677771,0.0,485.0,0.0
2025-07-02 11:30:00,1128.6756749015872,0.0,489.0,0.0
2025-07-02 12:00:00,947.5400460284867,0.0,440.0,0.0
2025-07-02 12:30:00,1099.9513267325995,0.0,423.0,0.0
2025-07-02 13:00:00,833.5961463812749,0.0,406.0,0.0
2025-07-02 13:30:00,477.83972461499485,0.0,241.99999999999997,0.0
2025-07-02 14:00:00,660.8705445646973,0.0,267.0,0.0
2025-07-02 14:30:00,1093.0961254772458,0.0,449.0,0.0
2025-07-02 15:00:00,1098.9729076873693,0.0,469.0,0.0
2025-07-02 15:30:00,915.0095892453177,0.0,479.0,0.0
2025-07-02 16:00:00,1165.87631106542,0.0,452.0,0.0
2025-07-02 16:30:00,1165.9292630279947,0.0,453.0,0.0
2025-07-02 17:00:00,1299.6723425940702,0.0,500.0,0.0
2025-07-02 17:30:00,775.9429195363667,0.0,280.0,0.0
2025-07-02 18:00:00,1286.3240094590235,0.0,461.0,0.0
2025-07-02 18:30:00,1424.06894178813,0.0,449.0,0.0
2025-07-02 19:00:00,1412.8244245546489,0.0,451.0,0.0
2025-07-02 19:30:00,1558.9827536121045,0.0,453.0,0.0
2025-07-02 20:00:00,1159.5679208007339,0.0,311.0,0.0
2025-07-02 20:30:00,1156.371073996237,0.0,345.0,0.0
2025-07-02 21:00:00,1437.5647525345619,0.0,404.99999999999994,0.0
2025-07-02 21:30:00,1314.923966522711,0.0,427.99999999999994,0.0
2025-07-02 22:00:00,1492.9682199601928,0.0,424.0,0.0
2025-07-02 22:30:00,1504.4748732151622,0.0,413.0,0.0
2025-07-02 23:00:00,1640.316449714744,0.0,491.0,0.0
2025-07-02 23:30:00,1509.5185609416285,0.0,460.0,0.0
2025-07-03 00:00:00,1311.7829190853342,0.0,384.0,0.0
2025-07-03 00:30:00,984.5619791814995,0.0,260.0,0.0
2025-07-03 01:00:00,872.2394989259292,0.0,218.0,0.0
2025-07-03 01:30:00,931.7709817832152,0.0,322.0,0.0
2025-07-03 02:00:00,1060.3805865898828,0.0,354.0,0.0
2025-07-03 02:30:00,1268.886733755271,0.0,370.0,0.0
2025-07-03 03:00:00,1072.3119667572007,0.0,405.0,0.0
2025-07-03 03:30:00,1374.103729240369,0.0,409.0,0.0
2025-07-03 04:00:00,1138.223880472603,0.0,419.0,0.0
2025-07-03 04:30:00,1236.7919775245985,0.0,378.0,0.0
2025-07-03 05:00:00,1174.5589218393743,0.0,370.0,0.0
2025-07-03 05:30:00,1238.3596278228322,0.0,383.0,0.0
2025-07-03 06:00:00,1313.8255934172698,0.0,334.0,0.0
2025-07-03 06:30:00,733.1725098070053,0.0,229.0,0.0
2025-07-03 07:00:00,1146.4928509257581,0.0,363.0,0.0
2025-07-03 07:30:00,1065.6778282376786,0.0,359.0,0.0
2025-07-03 08:00:00,912.9233700562058,0.0,247.0,0.0
2025-07-03 08:30:00,604.7325934730807,0.0,186.0,0.0
2025-07-03 09:00:00,583.5020001812014,0.0,194.0,0.0
2025-07-03 09:30:00,820.3298264316559,0.0,327.0,0.0
2025-07-03 10:00:00,1021.0830582267748,0.0,421.0,0.0
2025-07-03 10:30:00,741.0546219833541,0.0,391.0,0.0
2025-07-03 11:00:00,1111.3199783203363,0.0,468.0,0.0
2025-07-03 11:30:00,960.6422065902165,0.0,437.0,0.0
2025-07-03 12:00:00,852.7610216783587,0.0,400.0,0.0
2025-07-03 12:30:00,1010.9345749794597,0.0,441.0,0.0
2025-07-03 13:00:00,833.4641343154381,0.0,361.0,0.0
2025-07-03 13:30:00,365.0907534474164,0.0,166.0,0.0
2025-07-03 14:00:00,451.1766419872663,0.0,156.0,0.0
2025-07-03 14:30:00,893.0878441975306,0.0,368.0,0.0
2025-07-03 15:00:00,1052.9762917601709,0.0,423.0,0.0
2025-07-03 15:30:00,1001.8868421296684,0.0,387.0,0.0
2025-07-03 16:00:00,1238.1821969116202,0.0,422.00000000000006,0.0
2025-07-03 16:30:00,1192.0693144264203,0.0,376.0,0.0
2025-07-03 17:00:00,1112.6418328829855,0.0,331.0,0.0
2025-07-03 17:30:00,940.9116220812948,0.0,290.0,0.0
2025-07-03 18:00:00,803.942602012094,0.0,225.0,0.0
2025-07-03 18:30:00,616.4803288872308,0.0,145.0,0.0
2025-07-03 19:00:00,573.7862842822747,0.0,144.0,0.0
2025-07-03 19:30:00,563.3399509078827,0.0,135.0,0.0
2025-07-03 20:00:00,572.2100622835846,0.0,140.0,0.0
2025-07-03 20:30:00,667.7837046172662,0.0,171.0,0.0
2025-07-03 21:00:00,695.9428667800817,0.0,214.00000000000003,0.0
2025-07-03 21:30:00,996.4086981027506,0.0,337.0,0.0
2025-07-03 22:00:00,1362.5161310200283,0.0,407.0,0.0
2025-07-03 22:30:00,1295.4384915943785,0.0,421.99999999999994,0.0
2025-07-03 23:00:00,1412.5688382930741,0.0,436.0,0.0
2025-07-03 23:30:00,1207.7831163298008,0.0,418.0,0.0
2025-07-04 00:00:00,1330.5686677728454,0.0,367.0,0.0
2025-07-04 00:30:00,1027.8703018397923,0.0,281.0,0.0
2025-07-04 01:00:00,903.3190806904857,0.0,254.0,0.0
2025-07-04 01:30:00,1110.753521866046,0.0,309.0,0.0
2025-07-04 02:00:00,1106.015333931466,0.0,293.0,0.0
2025-07-04 02:30:00,1347.5381891080485,0.0,383.0,0.0
2025-07-04 03:00:00,1345.982020231035,0.0,403.0,0.0
2025-07-04 03:30:00,1224.6801340506818,0.0,402.0,0.0
2025-07-04 04:00:00,1331.7429685633444,0.0,455.99999999999994,0.0
2025-07-04 04:30:00,1236.5188968165219,0.0,395.0,0.0
2025-07-04 05:00:00,1113.1428191153782,0.0,305.0,0.0
2025-07-04 05:30:00,878.1514449117271,0.0,243.99999999999997,0.0
2025-07-04 06:00:00,665.2222855369175,0.0,158.0,0.0
2025-07-04 06:30:00,559.9653621785862,0.0,137.0,0.0
2025-07-04 07:00:00,539.4387352260582,0.0,105.0,0.0
2025-07-04 07:30:00,546.9894652483073,0.0,121.0,0.0
2025-07-04 08:00:00,566.379329825979,0.0,146.0,0.0
2025-07-04 08:30:00,1013.4099820245426,0.0,319.0,0.0
2025-07-04 09:00:00,1307.2417349812947,0.0,460.0,0.0
2025-07-04 09:30:00,1130.1251113742137,0.0,417.99999999999994,0.0
2025-07-04 10:00:00,999.1525747065532,0.0,413.0,0.0
2025-07-04 10:30:00,1151.8550456114406,0.0,450.0,0.0
2025-07-04 11:00:00,1112.4668347795566,0.0,477.0,0.0
2025-07-04 11:30:00,1124.7982554574405,0.0,479.0,0.0
2025-07-04 12:00:00,973.3374927062652,0.0,423.0,0.0
2025-07-04 12:30:00,964.1965391315981,0.0,435.0,0.0
2025-07-04 13:00:00,694.5562761501762,0.0,355.0,0.0
2025-07-04 13:30:00,315.14614277067034,0.0,225.0,0.0
2025-07-04 14:00:00,491.38466005637974,0.0,267.0,0.0
2025-07-04 14:30:00,886.3245576116751,0.0,383.0,0.0
2025-07-04 15:00:00,1235.602222173894,0.0,506.0,0.0
2025-07-04 15:30:00,1065.8723817213433,0.0,459.0,0.0
2025-07-04 16:00:00,1309.6112174850336,0.0,493.0,0.0
2025-07-04 16:30:00,1258.1676830320746,0.0,488.0,0.0
2025-07-04 17:00:00,1527.036941894746,0.0,461.0,0.0
2025-07-04 17:30:00,1149.1763770503958,0.0,303.00000000000006,0.0
2025-07-04 18:00:00,1338.3430514296333,0.0,501.99999999999994,0.0
2025-07-04 18:30:00,1344.8297166383718,0.0,473.0,0.0
2025-07-04 19:00:00,1394.4124841837483,0.0,493.99999999999994,0.0
2025-07-04 19:30:00,1408.7070769268553,0.0,493.00000000000006,0.0
2025-07-04 20:00:00,1132.2692106613204,0.0,320.0,0.0
2025-07-04 20:30:00,1058.5757224977597,0.0,310.0,0.0
2025-07-04 21:00:00,1125.649767510192,0.0,353.0,0.0
2025-07-04 21:30:00,1300.0359013822028,0.0,418.0,0.0
2025-07-04 22:00:00,1225.637408906466,0.0,387.0,0.0
2025-07-04 22:30:00,1330.8941812353412,0.0,447.0,0.0
2025-07-04 23:00:00,1322.779630377506,0.0,406.0,0.0
2025-07-04 23:30:00,1222.0161564014807,0.0,453.0,0.0
2025-07-05 00:00:00,1375.2528012019714,0.0,407.0,0.0
2025-07-05 00:30:00,994.2291011579298,0.0,282.0,0.0
2025-07-05 01:00:00,890.376758050289,0.0,211.0,0.0
2025-07-05 01:30:00,989.9053628668808,0.0,262.0,0.0
2025-07-05 02:00:00,1173.9668716217202,0.0,353.0,0.0
2025-07-05 02:30:00,1324.844136295409,0.0,378.0,0.0
2025-07-05 03:00:00,1476.766369900698,0.0,429.0,0.0
2025-07-05 03:30:00,1402.9825494972024,0.0,404.99999999999994,0.0
2025-07-05 04:00:00,1362.4044412349756,0.0,425.99999999999994,0.0
2025-07-05 04:30:00,1491.329910649281,0.0,413.0,0.0
2025-07-05 05:00:00,1399.2235240787593,0.0,381.00000000000006,0.0
2025-07-05 05:30:00,1357.9730480788112,0.0,391.0,0.0
2025-07-05 06:00:00,1304.9809860570326,0.0,360.00000000000006,0.0
2025-07-05 06:30:00,891.7886799726114,0.0,175.0,0.0
2025-07-05 07:00:00,1213.7639970873197,0.0,324.0,0.0
2025-07-05 07:30:00,1070.4667131576807,0.0,363.0,0.0
2025-07-05 08:00:00,880.4306986645355,0.0,250.00000000000003,0.0
2025-07-05 08:30:00,922.4069975332225,0.0,302.0,0.0
2025-07-05 09:00:00,1170.0485106250867,0.0,451.0,0.0
2025-07-05 09:30:00,1050.2878080762512,0.0,429.0,0.0
2025-07-05 10:00:00,1069.546689721232,0.0,433.0,0.0
2025-07-05 10:30:00,1081.801547000344,0.0,461.00000000000006,0.0
2025-07-05 11:00:00,969.9256464533883,0.0,426.0,0.0
2025-07-05 11:30:00,955.2247802675789,0.0,407.0,0.0
2025-07-05 12:00:00,1016.0473480914335,0.0,417.0,0.0
2025-07-05 12:30:00,741.6455074820444,0.0,367.0,0.0
2025-07-05 13:00:00,771.7039893442202,0.0,365.0,0.0
2025-07-05 13:30:00,303.03814313709984,0.0,170.0,0.0
2025-07-05 14:00:00,113.48502869275455,4.0,132.0,0.0
2025-07-05 14:30:00,542.7572052491448,0.0,294.0,0.0
2025-07-05 15:00:00,751.1854517884842,0.0,286.0,0.0
2025-07-05 15:30:00,727.1821901160278,0.0,275.0,0.0
2025-07-05 16:00:00,685.7534323321547,0.0,292.0,0.0
2025-07-05 16:30:00,889.8870206593069,0.0,284.0,0.0
2025-07-05 17:00:00,765.2425812383469,0.0,277.0,0.0
2025-07-05 17:30:00,472.20016406434166,0.0,143.0,0.0
2025-07-05 18:00:00,742.1317784395721,0.0,241.00000000000003,0.0
2025-07-05 18:30:00,884.8492372593713,0.0,230.99999999999997,0.0
2025-07-05 19:00:00,905.8712665094254,0.0,265.0,0.0
2025-07-05 19:30:00,881.5463329772931,0.0,213.0,0.0
2025-07-05 20:00:00,741.5444789943068,0.0,138.0,0.0
2025-07-05 20:30:00,1015.0657325354861,0.0,256.0,0.0
2025-07-05 21:00:00,1315.8188764564236,0.0,378.0,0.0
2025-07-05 21:30:00,1234.6781379241284,0.0,397.0,0.0
2025-07-05 22:00:00,1300.5866029734916,0.0,400.0,0.0
2025-07-05 22:30:00,1269.7984420275293,0.0,372.0,0.0
2025-07-05 23:00:00,1395.8578336048615,0.0,377.0,0.0
2025-07-05 23:30:00,1324.6497541786528,0.0,379.0,0.0
2025-07-06 00:00:00,1213.626520904923,0.0,365.0,0.0
2025-07-06 00:30:00,998.4679478654119,0.0,209.0,0.0
2025-07-06 01:00:00,855.6488457298309,0.0,169.0,0.0
2025-07-06 01:30:00,874.8796584533687,0.0,211.0,0.0
2025-07-06 02:00:00,1069.6275638099828,0.0,301.0,0.0
2025-07-06 02:30:00,1066.8091082030844,0.0,260.0,0.0
2025-07-06 03:00:00,967.5156759412066,0.0,258.0,0.0
2025-07-06 03:30:00,998.9036090488478,0.0,255.0,0.0
2025-07-06 04:00:00,1113.521586249712,0.0,257.0,0.0
2025-07-06 04:30:00,977.5149025516433,0.0,267.0,0.0
2025-07-06 05:00:00,940.7359379370731,0.0,276.0,0.0
2025-07-06 05:30:00,951.3579007845744,0.0,237.0,0.0
2025-07-06 06:00:00,826.4897010199895,0.0,195.0,0.0
2025-07-06 06:30:00,632.3488818762746,0.0,110.0,0.0
2025-07-06 07:00:00,864.5477181082732,0.0,213.0,0.0
2025-07-06 07:30:00,870.223719977853,0.0,207.0,0.0
2025-07-06 08:00:00,663.1975751112435,0.0,135.0,0.0
2025-07-06 08:30:00,626.2801462255434,0.0,160.0,0.0
2025-07-06 09:00:00,641.2811121481478,0.0,204.0,0.0
2025-07-06 09:30:00,718.7410568104701,0.0,242.0,0.0
2025-07-06 10:00:00,650.8010629871571,0.0,220.0,0.0
2025-07-06 10:30:00,429.6063964960256,0.0,202.0,0.0
2025-07-06 11:00:00,599.2105530568675,0.0,257.0,0.0
2025-07-06 11:30:00,572.591069534201,0.0,253.99999999999997,0.0
2025-07-06 12:00:00,506.98610504227537,0.0,262.0,0.0
2025-07-06 12:30:00,416.5716129012796,0.0,226.99999999999997,0.0
2025-07-06 13:00:00,525.5176018021315,0.0,246.0,0.0
2025-07-06 13:30:00,102.87034652791166,18.0,120.0,0.0
2025-07-06 14:00:00,100.3288629310858,1.0,95.0,0.0
2025-07-06 14:30:00,601.8340321690813,0.0,242.0,0.0
2025-07-06 15:00:00,458.27123139474224,0.0,257.0,0.0
2025-07-06 15:30:00,460.2104146039175,0.0,220.0,0.0
2025-07-06 16:00:00,613.2282315755156,0.0,239.00000000000003,0.0
2025-07-06 16:30:00,654.3520676577598,0.0,270.0,0.0
2025-07-06 17:00:00,743.7084140764102,0.0,240.0,0.0
2025-07-06 17:30:00,596.8115813468416,0.0,140.0,0.0
2025-07-06 18:00:00,807.5354659162949,0.0,260.0,0.0
2025-07-06 18:30:00,943.4652335086099,0.0,221.0,0.0
2025-07-06 19:00:00,946.5223003414246,0.0,215.0,0.0
2025-07-06 19:30:00,974.9934757123306,0.0,207.0,0.0
2025-07-06 20:00:00,652.5711426882401,0.0,143.0,0.0
2025-07-06 20:30:00,640.7823720942254,0.0,163.0,0.0
2025-07-06 21:00:00,840.451303645243,0.0,213.0,0.0
2025-07-06 21:30:00,940.9345758079415,0.0,239.00000000000003,0.0
2025-07-06 22:00:00,998.7925096877148,0.0,239.0,0.0
2025-07-06 22:30:00,864.374345303196,0.0,191.0,0.0
2025-07-06 23:00:00,873.016787716079,0.0,214.0,0.0
2025-07-06 23:30:00,891.8758361456457,0.0,243.00000000000003,0.0
2025-07-07 00:00:00,957.362618127311,0.0,234.0,0.0
2025-07-07 00:30:00,694.2179671260991,0.0,130.0,0.0
2025-07-07 01:00:00,695.8026347243139,0.0,132.0,0.0
2025-07-07 01:30:00,936.560683440963,0.0,250.0,0.0
2025-07-07 02:00:00,940.7959010690644,0.0,250.0,0.0
2025-07-07 02:30:00,1055.9860370867423,0.0,305.0,0.0
2025-07-07 03:00:00,1008.5419645896706,0.0,278.0,0.0
2025-07-07 03:30:00,902.544136204035,0.0,282.0,0.0
2025-07-07 04:00:00,944.4726600867368,0.0,298.0,0.0
2025-07-07 04:30:00,884.3039253457387,0.0,263.0,0.0
2025-07-07 05:00:00,841.8895842363197,0.0,220.0,0.0
2025-07-07 05:30:00,1035.7785201148256,0.0,302.0,0.0
2025-07-07 06:00:00,868.3313742708962,0.0,216.0,0.0
2025-07-07 06:30:00,728.3606550958358,0.0,144.0,0.0
2025-07-07 07:00:00,862.9432021632726,0.0,199.0,0.0
2025-07-07 07:30:00,765.0280852086814,0.0,188.0,0.0
2025-07-07 08:00:00,674.5517417479822,0.0,162.0,0.0
2025-07-07 08:30:00,846.2864434850412,0.0,288.0,0.0
2025-07-07 09:00:00,1044.5152396439232,0.0,375.0,0.0
2025-07-07 09:30:00,1177.1092823650806,0.0,445.0,0.0
2025-07-07 10:00:00,786.7505776897506,0.0,411.99999999999994,0.0
2025-07-07 10:30:00,1268.7117307060223,0.0,450.0,0.0
2025-07-07 11:00:00,1138.3095874765954,0.0,412.0,0.0
2025-07-07 11:30:00,974.0374826840733,0.0,421.0,0.0
2025-07-07 12:00:00,939.0176823979793,0.0,385.0,0.0
2025-07-07 12:30:00,724.4919499000264,0.0,328.0,0.0
2025-07-07 13:00:00,579.5145705210607,0.0,295.0,0.0
2025-07-07 13:30:00,444.41569386028885,0.0,210.0,0.0
2025-07-07 14:00:00,601.3840732849887,0.0,301.99999999999994,0.0
2025-07-07 14:30:00,898.2002554644084,0.0,427.0,0.0
2025-07-07 15:00:00,1233.2693238698625,0.0,447.0,0.0
2025-07-07 15:30:00,1232.4804395356805,0.0,458.0,0.0
2025-07-07 16:00:00,1070.736028879838,0.0,449.0,0.0
2025-07-07 16:30:00,1117.0462637861988,0.0,448.0,0.0
2025-07-07 17:00:00,1187.607264931914,0.0,447.0,0.0
2025-07-07 17:30:00,946.9769113676449,0.0,270.0,0.0
2025-07-07 18:00:00,1253.8077162058612,0.0,401.0,0.0
2025-07-07 18:30:00,1428.3503165192158,0.0,444.00000000000006,0.0
2025-07-07 19:00:00,1405.6910014574137,0.0,431.0,0.0
2025-07-07 19:30:00,1369.9729261052055,0.0,373.0,0.0
2025-07-07 20:00:00,1028.7275400998792,0.0,275.0,0.0
2025-07-07 20:30:00,1092.5516246683135,0.0,320.0,0.0
2025-07-07 21:00:00,1155.1929633946206,0.0,377.0,0.0
2025-07-07 21:30:00,1331.2507567842906,0.0,445.0,0.0
2025-07-07 22:00:00,1377.3915398092536,0.0,444.0,0.0
2025-07-07 22:30:00,1366.7367217025303,0.0,386.99999999999994,0.0
2025-07-07 23:00:00,1381.8687558948984,0.0,369.0,0.0
2025-07-07 23:30:00,1306.705222177392,0.0,387.0,0.0
2025-07-08 00:00:00,1227.158839343715,0.0,404.0,0.0
2025-07-08 00:30:00,1130.1072123846227,0.0,261.0,0.0
2025-07-08 01:00:00,860.2705040915165,0.0,214.0,0.0
2025-07-08 01:30:00,963.5325270707932,0.0,273.0,0.0
2025-07-08 02:00:00,1235.2255868442671,0.0,307.0,0.0
2025-07-08 02:30:00,1339.5650801189086,0.0,401.0,0.0
2025-07-08 03:00:00,1377.9003657552344,0.0,345.0,0.0
2025-07-08 03:30:00,1273.0877903119076,0.0,369.0,0.0
2025-07-08 04:00:00,1301.7841771769758,0.0,392.99999999999994,0.0
2025-07-08 04:30:00,1276.7514248144055,0.0,388.0,0.0
2025-07-08 05:00:00,1133.0741926121154,0.0,396.0,0.0
2025-07-08 05:30:00,1229.974678139509,0.0,387.0,0.0
2025-07-08 06:00:00,1355.0406918220833,0.0,372.99999999999994,0.0
2025-07-08 06:30:00,843.6355529582156,0.0,199.0,0.0
2025-07-08 07:00:00,1099.995803112455,0.0,311.0,0.0
2025-07-08 07:30:00,1150.747216894143,0.0,344.99999999999994,0.0
2025-07-08 08:00:00,943.8263487665104,0.0,247.00000000000003,0.0
2025-07-08 08:30:00,955.0323829011297,0.0,281.0,0.0
2025-07-08 09:00:00,1214.3713065256911,0.0,370.0,0.0
2025-07-08 09:30:00,1305.6146016172333,0.0,481.00000000000006,0.0
2025-07-08 10:00:00,1285.8933246633305,0.0,492.0,0.0
2025-07-08 10:30:00,1206.592620446492,0.0,480.0,0.0
2025-07-08 11:00:00,1104.8349322294844,0.0,424.0,0.0
2025-07-08 11:30:00,1117.856407211291,0.0,469.0,0.0
2025-07-08 12:00:00,1037.219146634309,0.0,468.0,0.0
2025-07-08 12:30:00,785.3486280533227,0.0,363.0,0.0
2025-07-08 13:00:00,742.3712668479603,0.0,374.0,0.0
2025-07-08 13:30:00,451.2914212644195,0.0,236.99999999999997,0.0
2025-07-08 14:00:00,634.4092421533618,0.0,273.0,0.0
2025-07-08 14:30:00,1031.529129171001,0.0,418.0,0.0
2025-07-08 15:00:00,1053.5020929732166,0.0,442.0,0.0
2025-07-08 15:30:00,1119.4602856950037,0.0,457.0,0.0
2025-07-08 16:00:00,1241.4099964487555,0.0,460.0,0.0
2025-07-08 16:30:00,1373.739592788239,0.0,469.0,0.0
2025-07-08 17:00:00,1662.2280824935342,0.0,461.0,0.0
2025-07-08 17:30:00,1047.1546677340057,0.0,305.0,0.0
2025-07-08 18:00:00,1319.7010992900068,0.0,461.99999999999994,0.0
2025-07-08 18:30:00,1298.6116370761488,0.0,473.0,0.0
2025-07-08 19:00:00,1359.857169724109,0.0,455.00000000000006,0.0
2025-07-08 19:30:00,1481.236348655145,0.0,458.00000000000006,0.0
2025-07-08 20:00:00,1120.7031611485668,0.0,343.0,0.0
2025-07-08 20:30:00,1085.7572520507902,0.0,360.0,0.0
2025-07-08 21:00:00,1380.8775862176376,0.0,433.99999999999994,0.0
2025-07-08 21:30:00,1627.4676772222494,0.0,487.00000000000006,0.0
2025-07-08 22:00:00,1458.4941032028314,0.0,433.99999999999994,0.0
2025-07-08 22:30:00,1343.5637823386512,0.0,398.0,0.0
2025-07-08 23:00:00,1318.334610808332,0.0,465.0,0.0
2025-07-08 23:30:00,1544.094055628709,0.0,477.0,0.0
2025-07-09 00:00:00,1179.138744741638,0.0,380.0,0.0
2025-07-09 00:30:00,880.2758244842462,0.0,278.0,0.0
2025-07-09 01:00:00,840.1310630349294,0.0,197.0,0.0
2025-07-09 01:30:00,1073.100233754601,0.0,307.0,0.0
2025-07-09 02:00:00,1195.0890931151052,0.0,361.0,0.0
2025-07-09 02:30:00,1159.7556450215434,0.0,440.0,0.0
2025-07-09 03:00:00,1167.8057883772456,0.0,402.0,0.0
2025-07-09 03:30:00,1231.3456947669454,0.0,389.0,0.0
2025-07-09 04:00:00,1203.773387924907,0.0,420.0,0.0
2025-07-09 04:30:00,1325.0111525372922,0.0,418.00000000000006,0.0
2025-07-09 05:00:00,1258.4980827534953,0.0,399.0,0.0
2025-07-09 05:30:00,1122.5133344079238,0.0,384.0,0.0
2025-07-09 06:00:00,1269.586434504031,0.0,369.0,0.0
2025-07-09 06:30:00,825.0021090941975,0.0,201.0,0.0
2025-07-09 07:00:00,1115.9132073259664,0.0,368.0,0.0
2025-07-09 07:30:00,1117.4370059139146,0.0,357.0,0.0
2025-07-09 08:00:00,859.5775433136392,0.0,316.0,0.0
2025-07-09 08:30:00,1023.0173839407278,0.0,385.0,0.0
2025-07-09 09:00:00,1127.576202372037,0.0,416.00000000000006,0.0
2025-07-09 09:30:00,1194.7260169247347,0.0,458.0,0.0
2025-07-09 10:00:00,1084.7064813960978,0.0,463.0,0.0
2025-07-09 10:30:00,1193.064020774679,0.0,464.0,0.0
2025-07-09 11:00:00,974.7243291357457,0.0,417.0,0.0
2025-07-09 11:30:00,1084.8955624303335,0.0,449.0,0.0
2025-07-09 12:00:00,881.3607736152612,0.0,412.0,0.0
2025-07-09 12:30:00,836.307552951822,0.0,428.0,0.0
2025-07-09 13:00:00,884.4452231927937,0.0,369.0,0.0
2025-07-09 13:30:00,631.3775660026766,0.0,259.0,0.0
2025-07-09 14:00:00,507.23877217852873,0.0,263.0,0.0
2025-07-09 14:30:00,966.9662598263234,0.0,383.0,0.0
2025-07-09 15:00:00,1074.2654322624287,0.0,472.0,0.0
2025-07-09 15:30:00,1194.2204854601225,0.0,424.0,0.0
2025-07-09 16:00:00,1284.5121582517968,0.0,470.99999999999994,0.0
2025-07-09 16:30:00,1200.5441176947295,0.0,479.00000000000006,0.0
2025-07-09 17:00:00,1296.4245670044547,0.0,466.0,0.0
2025-07-09 17:30:00,948.9036538472195,0.0,306.0,0.0
2025-07-09 18:00:00,1347.6937573370199,0.0,503.0,0.0
2025-07-09 18:30:00,1505.9188639731888,0.0,504.0,0.0
2025-07-09 19:00:00,1534.5830582441858,0.0,509.0,0.0
2025-07-09 19:30:00,1612.0026804031816,0.0,502.0,0.0
2025-07-09 20:00:00,1178.8105502937747,0.0,361.0,0.0
2025-07-09 20:30:00,1331.2831151962323,0.0,352.0,0.0
2025-07-09 21:00:00,1385.1710218177639,0.0,413.0,0.0
2025-07-09 21:30:00,1295.147137475754,0.0,419.0,0.0
2025-07-09 22:00:00,1268.8806010663839,0.0,420.0,0.0
2025-07-09 22:30:00,1256.3590831834606,0.0,435.0,0.0
2025-07-09 23:00:00,1526.7063828264575,0.0,445.0,0.0
2025-07-09 23:30:00,1497.9835976885388,0.0,464.0,0.0
2025-07-10 00:00:00,1306.1713743105033,0.0,356.99999999999994,0.0
2025-07-10 00:30:00,998.2300657672279,0.0,231.0,0.0
2025-07-10 01:00:00,889.1064145522386,0.0,169.0,0.0
2025-07-10 01:30:00,1068.988053002085,0.0,267.0,0.0
2025-07-10 02:00:00,1225.4794408177145,0.0,331.0,0.0
2025-07-10 02:30:00,1373.0217887966842,0.0,380.00000000000006,0.0
2025-07-10 03:00:00,1357.671392949646,0.0,393.0,0.0
2025-07-10 03:30:00,1377.970772581937,0.0,429.00000000000006,0.0
2025-07-10 04:00:00,1411.8799720536242,0.0,423.0,0.0
2025-07-10 04:30:00,1290.1371819204162,0.0,380.0,0.0
2025-07-10 05:00:00,1375.7420691693326,0.0,331.0,0.0
2025-07-10 05:30:00,1363.3919604458501,0.0,377.0,0.0
2025-07-10 06:00:00,1238.8885092824862,0.0,346.0,0.0
2025-07-10 06:30:00,834.6103027322139,0.0,171.0,0.0
2025-07-10 07:00:00,1045.7803906424688,0.0,296.0,0.0
2025-07-10 07:30:00,1244.4019258105652,0.0,410.0,0.0
2025-07-10 08:00:00,1050.036551161075,0.0,295.0,0.0
2025-07-10 08:30:00,1067.9069781746875,0.0,319.0,0.0
2025-07-10 09:00:00,1334.1933428590487,0.0,445.0,0.0
2025-07-10 09:30:00,1442.0276632153475,0.0,486.0,0.0
2025-07-10 10:00:00,1242.47595779156,0.0,441.0,0.0
2025-07-10 10:30:00,1192.481526301141,0.0,459.0,0.0
2025-07-10 11:00:00,1283.7641612961036,0.0,494.0,0.0
2025-07-10 11:30:00,1325.9203530882842,0.0,481.00000000000006,0.0
2025-07-10 12:00:00,1198.9322138006123,0.0,489.0,0.0
2025-07-10 12:30:00,1099.1953348387167,0.0,453.0,0.0
2025-07-10 13:00:00,1047.7830269145322,0.0,404.0,0.0
2025-07-10 13:30:00,396.9011135487024,0.0,230.00000000000003,0.0
2025-07-10 14:00:00,471.4030338196478,0.0,269.0,0.0
2025-07-10 14:30:00,1191.0188115740737,0.0,464.0,0.0
2025-07-10 15:00:00,1119.8088595391928,0.0,438.0,0.0
2025-07-10 15:30:00,1389.6912287396672,0.0,497.0,0.0
2025-07-10 16:00:00,1455.628383202083,0.0,530.0,0.0
2025-07-10 16:30:00,1365.053399273999,0.0,530.0,0.0
2025-07-10 17:00:00,1427.0221729280404,0.0,535.0,0.0
2025-07-10 17:30:00,1097.7844814204811,0.0,312.0,0.0
2025-07-10 18:00:00,1442.4436981689128,0.0,465.00000000000006,0.0
2025-07-10 18:30:00,1276.3381860987433,0.0,535.0,0.0
2025-07-10 19:00:00,1601.5545554138287,0.0,523.0,0.0
2025-07-10 19:30:00,1748.8503370474295,0.0,496.0,0.0
2025-07-10 20:00:00,1166.5121536339193,0.0,384.0,0.0
2025-07-10 20:30:00,1199.7489016925886,0.0,298.0,0.0
2025-07-10 21:00:00,1209.3225745082132,0.0,441.0,0.0
2025-07-10 21:30:00,1535.2997106449866,0.0,431.0,0.0
2025-07-10 22:00:00,1342.7191150338879,0.0,400.99999999999994,0.0
2025-07-10 22:30:00,1206.856018215219,0.0,402.99999999999994,0.0
2025-07-10 23:00:00,1376.362437047387,0.0,400.00000000000006,0.0
2025-07-10 23:30:00,1397.09756879049,0.0,406.0,0.0
2025-07-11 00:00:00,1282.832426983231,0.0,380.0,0.0
2025-07-11 00:30:00,908.2856284318351,0.0,213.0,0.0
2025-07-11 01:00:00,800.1731939526283,0.0,206.00000000000003,0.0
2025-07-11 01:30:00,1100.3333067442975,0.0,334.0,0.0
2025-07-11 02:00:00,1309.9359460159883,0.0,377.0,0.0
2025-07-11 02:30:00,1382.7784159787411,0.0,407.0,0.0
2025-07-11 03:00:00,1321.6451908617062,0.0,372.0,0.0
2025-07-11 03:30:00,1213.9653029492354,0.0,362.0,0.0
2025-07-11 04:00:00,1175.0716060200527,0.0,370.0,0.0
2025-07-11 04:30:00,1183.3544334450226,0.0,334.0,0.0
2025-07-11 05:00:00,860.7351181075765,0.0,228.99999999999997,0.0
2025-07-11 05:30:00,821.3005822199113,0.0,192.0,0.0
2025-07-11 06:00:00,719.8384744700566,0.0,181.99999999999997,0.0
2025-07-11 06:30:00,588.7449241473312,0.0,125.0,0.0
2025-07-11 07:00:00,602.8273494768448,0.0,115.0,0.0
2025-07-11 07:30:00,599.1481075615777,0.0,120.0,0.0
2025-07-11 08:00:00,618.8899322539851,0.0,169.0,0.0
2025-07-11 08:30:00,908.1751049386621,0.0,338.0,0.0
2025-07-11 09:00:00,990.214506062025,0.0,386.0,0.0
2025-07-11 09:30:00,1287.5288888831137,0.0,458.0,0.0
2025-07-11 10:00:00,1331.0489972478165,0.0,475.0,0.0
2025-07-11 10:30:00,1106.941567621652,0.0,447.0,0.0
2025-07-11 11:00:00,1007.2718103628263,0.0,463.0,0.0
2025-07-11 11:30:00,965.1279247198381,0.0,461.0,0.0
2025-07-11 12:00:00,988.0677571241685,0.0,488.0,0.0
2025-07-11 12:30:00,993.6636839954924,0.0,432.0,0.0
2025-07-11 13:00:00,479.1182565925963,0.0,289.0,0.0
2025-07-11 13:30:00,605.2438791059196,0.0,249.00000000000003,0.0
2025-07-11 14:00:00,489.5493932421218,0.0,312.0,0.0
2025-07-11 14:30:00,1065.251485119626,0.0,427.0,0.0
2025-07-11 15:00:00,970.8098855486596,0.0,455.0,0.0
2025-07-11 15:30:00,968.2684524117726,0.0,467.0,0.0
2025-07-11 16:00:00,1264.223758777379,0.0,464.0,0.0
2025-07-11 16:30:00,1390.0432617022152,0.0,463.0,0.0
2025-07-11 17:00:00,1362.898472751433,0.0,439.0,0.0
2025-07-11 17:30:00,1047.9825232293615,0.0,326.0,0.0
2025-07-11 18:00:00,1365.662897185797,0.0,457.0,0.0
2025-07-11 18:30:00,1354.2038634128792,0.0,462.0,0.0
2025-07-11 19:00:00,1516.2996615269822,0.0,479.99999999999994,0.0
2025-07-11 19:30:00,1359.030473215312,0.0,426.99999999999994,0.0
2025-07-11 20:00:00,1167.2133568963288,0.0,350.0,0.0
2025-07-11 20:30:00,1147.7506534272304,0.0,346.0,0.0
2025-07-11 21:00:00,1207.393843191543,0.0,428.99999999999994,0.0
2025-07-11 21:30:00,1373.0074974942129,0.0,462.00000000000006,0.0
2025-07-11 22:00:00,1475.0466938343045,0.0,449.00000000000006,0.0
2025-07-11 22:30:00,1333.8614646490648,0.0,415.99999999999994,0.0
2025-07-11 23:00:00,1395.899365391574,0.0,423.0,0.0
2025-07-11 23:30:00,1365.7321032050363,0.0,442.0,0.0
2025-07-12 00:00:00,1170.899084887433,0.0,418.0,0.0
2025-07-12 00:30:00,998.5253491727643,0.0,286.0,0.0
2025-07-12 01:00:00,832.176803799293,0.0,241.99999999999997,0.0
2025-07-12 01:30:00,1029.6378507567708,0.0,307.0,0.0
2025-07-12 02:00:00,1143.938259826328,0.0,326.0,0.0
2025-07-12 02:30:00,1190.292756661643,0.0,396.99999999999994,0.0
2025-07-12 03:00:00,1288.3035551139344,0.0,420.0,0.0
2025-07-12 03:30:00,1213.9687500444763,0.0,367.00000000000006,0.0
2025-07-12 04:00:00,1198.4465320175686,0.0,391.00000000000006,0.0
2025-07-12 04:30:00,1144.6888436699044,0.0,377.0,0.0
2025-07-12 05:00:00,1051.1120352493672,0.0,360.0,0.0
2025-07-12 05:30:00,1149.7256922383988,0.0,349.0,0.0
2025-07-12 06:00:00,1008.487982824958,0.0,286.0,0.0
2025-07-12 06:30:00,820.1200220621507,0.0,189.0,0.0
2025-07-12 07:00:00,1094.0875446251785,0.0,338.0,0.0
2025-07-12 07:30:00,1230.088343317525,0.0,407.0,0.0
2025-07-12 08:00:00,883.6485861406335,0.0,279.0,0.0
2025-07-12 08:30:00,937.1499517257629,0.0,299.0,0.0
2025-07-12 09:00:00,1117.1129697497404,0.0,399.0,0.0
2025-07-12 09:30:00,1226.0801456132892,0.0,455.0,0.0
2025-07-12 10:00:00,1139.9841395178512,0.0,434.0,0.0
2025-07-12 10:30:00,1002.0889997024306,0.0,493.0,0.0
2025-07-12 11:00:00,1068.7320352509648,0.0,468.00000000000006,0.0
2025-07-12 11:30:00,1136.856233992056,0.0,488.99999999999994,0.0
2025-07-12 12:00:00,944.110441709423,0.0,450.0,0.0
2025-07-12 12:30:00,925.5871215272484,0.0,451.0,0.0
2025-07-12 13:00:00,786.6066131745433,0.0,413.99999999999994,0.0
2025-07-12 13:30:00,284.8239427186951,0.0,198.0,0.0
2025-07-12 14:00:00,181.46463655023416,0.0,159.0,0.0
2025-07-12 14:30:00,698.6095019404592,0.0,363.99999999999994,0.0
2025-07-12 15:00:00,835.95288619283,0.0,426.99999999999994,0.0
2025-07-12 15:30:00,885.9343436509746,0.0,407.0,0.0
2025-07-12 16:00:00,1148.678692440561,0.0,456.0,0.0
2025-07-12 16:30:00,822.5607044853914,0.0,306.0,0.0
2025-07-12 17:00:00,746.3438922596451,0.0,225.99999999999997,0.0
2025-07-12 17:30:00,589.8359981662743,0.0,155.0,0.0
2025-07-12 18:00:00,769.8012553577702,0.0,249.0,0.0
2025-07-12 18:30:00,965.5517044951538,0.0,298.0,0.0
2025-07-12 19:00:00,937.5410158637593,0.0,251.99999999999997,0.0
2025-07-12 19:30:00,881.1859959011,0.0,240.0,0.0
2025-07-12 20:00:00,801.4249246401506,0.0,189.0,0.0
2025-07-12 20:30:00,917.1032260911423,0.0,222.0,0.0
2025-07-12 21:00:00,1137.5591296138537,0.0,326.0,0.0
2025-07-12 21:30:00,1282.9885126452052,0.0,376.0,0.0
2025-07-12 22:00:00,1116.336389251035,0.0,350.0,0.0
2025-07-12 22:30:00,1142.3690295556282,0.0,348.0,0.0
2025-07-12 23:00:00,1085.2645481855727,0.0,371.0,0.0
2025-07-12 23:30:00,1310.6115888758522,0.0,377.0,0.0
2025-07-13 00:00:00,1330.4233179507346,0.0,416.0,0.0
2025-07-13 00:30:00,970.0545407480714,0.0,295.0,0.0
2025-07-13 01:00:00,969.2815194544384,0.0,273.0,0.0
2025-07-13 01:30:00,1081.427702716252,0.0,367.0,0.0
2025-07-13 02:00:00,1139.0583648055178,0.0,373.0,0.0
2025-07-13 02:30:00,1322.8655731662302,0.0,437.0,0.0
2025-07-13 03:00:00,1375.4949361599365,0.0,414.0,0.0
2025-07-13 03:30:00,1272.6594723738883,0.0,401.0,0.0
2025-07-13 04:00:00,1311.8906777860034,0.0,433.99999999999994,0.0
2025-07-13 04:30:00,1218.1858667420656,0.0,392.0,0.0
2025-07-13 05:00:00,1159.1994029285875,0.0,312.0,0.0
2025-07-13 05:30:00,912.0208256483194,0.0,270.0,0.0
2025-07-13 06:00:00,977.2610603497329,0.0,280.0,0.0
2025-07-13 06:30:00,712.6076946549388,0.0,150.0,0.0
2025-07-13 07:00:00,829.225214420449,0.0,251.99999999999997,0.0
2025-07-13 07:30:00,991.6405827994223,0.0,276.0,0.0
2025-07-13 08:00:00,747.812618128407,0.0,201.0,0.0
2025-07-13 08:30:00,721.9012396824994,0.0,226.0,0.0
2025-07-13 09:00:00,866.8843991013871,0.0,286.0,0.0
2025-07-13 09:30:00,902.6787993939764,0.0,355.0,0.0
2025-07-13 10:00:00,919.9711725119394,0.0,390.0,0.0
2025-07-13 10:30:00,976.8501092724679,0.0,423.0,0.0
2025-07-13 11:00:00,910.7915368111544,0.0,411.0,0.0
2025-07-13 11:30:00,1208.3553848095455,0.0,475.0,0.0
2025-07-13 12:00:00,1164.2225586384884,0.0,470.0,0.0
2025-07-13 12:30:00,1119.2853586235258,0.0,460.00000000000006,0.0
2025-07-13 13:00:00,879.6019972999712,0.0,407.0,0.0
2025-07-13 13:30:00,389.918999482473,0.0,183.0,0.0
2025-07-13 14:00:00,338.29802486175845,0.0,192.0,0.0
2025-07-13 14:30:00,1194.8465694910706,0.0,436.99999999999994,0.0
2025-07-13 15:00:00,1457.8278069856103,0.0,476.0,0.0
2025-07-13 15:30:00,1401.5336146978316,0.0,475.0,0.0
2025-07-13 16:00:00,1315.3181388014987,0.0,450.0,0.0
2025-07-13 16:30:00,1160.125080653975,0.0,456.0,0.0
2025-07-13 17:00:00,1232.915153198627,0.0,480.0,0.0
2025-07-13 17:30:00,1046.2565223802294,0.0,326.0,0.0
2025-07-13 18:00:00,1225.6518603149052,0.0,396.0,0.0
2025-07-13 18:30:00,866.1223758473988,0.0,268.0,0.0
2025-07-13 19:00:00,956.181276775406,0.0,279.0,0.0
2025-07-13 19:30:00,907.3983911763163,0.0,278.0,0.0
2025-07-13 20:00:00,728.8109617180414,0.0,193.00000000000003,0.0
2025-07-13 20:30:00,691.1140878253563,0.0,156.0,0.0
2025-07-13 21:00:00,956.2080758395247,0.0,261.0,0.0
2025-07-13 21:30:00,1002.9329163023402,0.0,288.0,0.0
2025-07-13 22:00:00,1023.414369619421,0.0,269.0,0.0
2025-07-13 22:30:00,877.9831380425637,0.0,252.00000000000003,0.0
2025-07-13 23:00:00,876.6747554655062,0.0,274.0,0.0
2025-07-13 23:30:00,845.0264924068,0.0,275.0,0.0
2025-07-14 00:00:00,880.9288636034407,0.0,245.0,0.0
2025-07-14 00:30:00,579.9266511357102,0.0,83.0,0.0
2025-07-14 01:00:00,602.4114010328915,0.0,81.99999999999999,0.0
2025-07-14 01:30:00,883.0632044391198,0.0,220.99999999999997,0.0
2025-07-14 02:00:00,1071.3106095070068,0.0,286.0,0.0
2025-07-14 02:30:00,1035.1522052515452,0.0,248.0,0.0
2025-07-14 03:00:00,851.8918641793475,0.0,246.0,0.0
2025-07-14 03:30:00,1076.4310611582491,0.0,256.0,0.0
2025-07-14 04:00:00,990.2622295923117,0.0,265.0,0.0
2025-07-14 04:30:00,1000.8750822887595,0.0,252.0,0.0
2025-07-14 05:00:00,902.6108342626745,0.0,256.0,0.0
2025-07-14 05:30:00,963.7787987918059,0.0,244.0,0.0
2025-07-14 06:00:00,863.5322644579597,0.0,207.0,0.0
2025-07-14 06:30:00,698.7109895154603,0.0,119.0,0.0
2025-07-14 07:00:00,886.2372434050674,0.0,245.00000000000003,0.0
2025-07-14 07:30:00,935.6865284234367,0.0,250.99999999999997,0.0
2025-07-14 08:00:00,693.4720185208556,0.0,173.0,0.0
2025-07-14 08:30:00,974.4314247687993,0.0,282.0,0.0
2025-07-14 09:00:00,1272.7395647654248,0.0,408.0,0.0
2025-07-14 09:30:00,1180.352302776831,0.0,425.0,0.0
2025-07-14 10:00:00,1043.9258353359876,0.0,467.0,0.0
2025-07-14 10:30:00,955.3697435246646,0.0,416.0,0.0
2025-07-14 11:00:00,888.8698368580951,0.0,399.0,0.0
2025-07-14 11:30:00,798.1608001271994,0.0,427.0,0.0
2025-07-14 12:00:00,909.7670677383853,0.0,421.0,0.0
2025-07-14 12:30:00,902.8193100234587,0.0,429.0,0.0
2025-07-14 13:00:00,792.5627824025104,0.0,405.0,0.0
2025-07-14 13:30:00,381.44008560266275,0.0,216.0,0.0
2025-07-14 14:00:00,489.6777200114781,0.0,236.0,0.0
2025-07-14 14:30:00,950.3742290125416,0.0,435.0,0.0
2025-07-14 15:00:00,1036.0280163967013,0.0,440.0,0.0
2025-07-14 15:30:00,969.6707331478565,0.0,434.0,0.0
2025-07-14 16:00:00,1235.4850471726522,0.0,479.99999999999994,0.0
2025-07-14 16:30:00,1117.2815313313529,0.0,460.0,0.0
2025-07-14 17:00:00,1242.6959392118822,0.0,484.99999999999994,0.0
2025-07-14 17:30:00,817.0711615004174,0.0,257.0,0.0
2025-07-14 18:00:00,1429.9890253734868,0.0,486.00000000000006,0.0
2025-07-14 18:30:00,1687.148821324443,0.0,493.00000000000006,0.0
2025-07-14 19:00:00,1337.304989556798,0.0,457.99999999999994,0.0
2025-07-14 19:30:00,1524.524211040758,0.0,465.0,0.0
2025-07-14 20:00:00,1246.4446254335944,0.0,383.00000000000006,0.0
2025-07-14 20:30:00,1170.7793144634804,0.0,308.0,0.0
2025-07-14 21:00:00,1263.8983959738405,0.0,424.0,0.0
2025-07-14 21:30:00,1263.8296931514215,0.0,411.00000000000006,0.0
2025-07-14 22:00:00,1282.1563026753868,0.0,413.0,0.0
2025-07-14 22:30:00,1304.979083812261,0.0,420.0,0.0
2025-07-14 23:00:00,1342.428494062905,0.0,404.00000000000006,0.0
2025-07-14 23:30:00,1406.8206117130326,0.0,414.0,0.0
2025-07-15 00:00:00,1213.1634966159504,0.0,381.99999999999994,0.0
2025-07-15 00:30:00,899.1293316568307,0.0,249.0,0.0
2025-07-15 01:00:00,771.468514206236,0.0,204.0,0.0
2025-07-15 01:30:00,1054.275057371483,0.0,280.0,0.0
2025-07-15 02:00:00,1169.037139565483,0.0,332.0,0.0
2025-07-15 02:30:00,1294.9056930493934,0.0,395.0,0.0
2025-07-15 03:00:00,1141.458251984728,0.0,360.0,0.0
2025-07-15 03:30:00,1170.5003961151242,0.0,370.0,0.0
2025-07-15 04:00:00,1317.6639307316802,0.0,402.0,0.0
2025-07-15 04:30:00,1157.044678756551,0.0,369.0,0.0
2025-07-15 05:00:00,1204.6391074696373,0.0,379.0,0.0
2025-07-15 05:30:00,1268.820179263149,0.0,373.0,0.0
2025-07-15 06:00:00,957.8435401303141,0.0,320.0,0.0
2025-07-15 06:30:00,872.1423015807244,0.0,241.0,0.0
2025-07-15 07:00:00,1013.028805432033,0.0,317.0,0.0
2025-07-15 07:30:00,1238.0001247542796,0.0,406.99999999999994,0.0
2025-07-15 08:00:00,896.0476596919292,0.0,289.0,0.0
2025-07-15 08:30:00,898.9838376256641,0.0,302.0,0.0
2025-07-15 09:00:00,1169.1431924107026,0.0,371.0,0.0
2025-07-15 09:30:00,1029.413024009006,0.0,406.0,0.0
2025-07-15 10:00:00,1003.2120464341081,0.0,412.0,0.0
2025-07-15 10:30:00,1047.4228165642696,0.0,415.0,0.0
2025-07-15 11:00:00,814.2638728192221,0.0,413.0,0.0
2025-07-15 11:30:00,923.175246091325,0.0,413.0,0.0
2025-07-15 12:00:00,828.4204257044286,0.0,425.0,0.0
2025-07-15 12:30:00,824.9893195546341,0.0,367.0,0.0
2025-07-15 13:00:00,795.34483401863,0.0,362.0,0.0
2025-07-15 13:30:00,322.0098173054694,0.0,268.0,0.0
2025-07-15 14:00:00,539.5835087026938,0.0,302.0,0.0
2025-07-15 14:30:00,802.358443974602,0.0,413.0,0.0
2025-07-15 15:00:00,959.080789716447,0.0,415.0,0.0
2025-07-15 15:30:00,1097.5294238277318,0.0,450.00000000000006,0.0
2025-07-15 16:00:00,1102.1969570262577,0.0,419.0,0.0
2025-07-15 16:30:00,1227.6030272053044,0.0,421.0,0.0
2025-07-15 17:00:00,1315.4855007896856,0.0,449.00000000000006,0.0
2025-07-15 17:30:00,981.6711838809844,0.0,292.0,0.0
2025-07-15 18:00:00,1444.8816408944676,0.0,468.0,0.0
2025-07-15 18:30:00,1391.2401811529437,0.0,487.0,0.0
2025-07-15 19:00:00,1314.9903138789207,0.0,458.0,0.0
2025-07-15 19:30:00,1405.8293163553965,0.0,432.00000000000006,0.0
2025-07-15 20:00:00,1177.3730199196714,0.0,337.0,0.0
2025-07-15 20:30:00,1071.0761281014936,0.0,319.0,0.0
2025-07-15 21:00:00,1206.199584224981,0.0,400.0,0.0
2025-07-15 21:30:00,1354.4665982174433,0.0,443.99999999999994,0.0
2025-07-15 22:00:00,1321.2422021097825,0.0,435.0,0.0
2025-07-15 22:30:00,1330.314974553778,0.0,424.0,0.0
2025-07-15 23:00:00,1428.148720582919,0.0,407.0,0.0
2025-07-15 23:30:00,1099.5219580011283,0.0,337.0,0.0
2025-07-16 00:00:00,1249.6771652397465,0.0,382.0,0.0
2025-07-16 00:30:00,996.0333033640273,0.0,252.99999999999997,0.0
2025-07-16 01:00:00,785.8716005563173,0.0,218.0,0.0
2025-07-16 01:30:00,1051.213264531234,0.0,288.0,0.0
2025-07-16 02:00:00,1263.0823960490295,0.0,360.0,0.0
2025-07-16 02:30:00,1441.0610463146172,0.0,431.00000000000006,0.0
2025-07-16 03:00:00,1239.375446230997,0.0,405.0,0.0
2025-07-16 03:30:00,1199.769778097652,0.0,394.0,0.0
2025-07-16 04:00:00,1366.221879077766,0.0,424.0,0.0
2025-07-16 04:30:00,1365.54115126555,0.0,406.0,0.0
2025-07-16 05:00:00,1235.1950148920237,0.0,351.0,0.0
2025-07-16 05:30:00,1338.9357631155922,0.0,368.0,0.0
2025-07-16 06:00:00,1226.2587275303551,0.0,333.0,0.0
2025-07-16 06:30:00,790.4561283422122,0.0,212.00000000000003,0.0
2025-07-16 07:00:00,1248.584599108826,0.0,373.99999999999994,0.0
2025-07-16 07:30:00,1153.749028603056,0.0,353.0,0.0
2025-07-16 08:00:00,836.4962142198767,0.0,279.0,0.0
2025-07-16 08:30:00,873.514875788861,0.0,312.0,0.0
2025-07-16 09:00:00,1106.2466059551198,0.0,398.0,0.0
2025-07-16 09:30:00,986.0319151511321,0.0,398.0,0.0
2025-07-16 10:00:00,1051.0292293515897,0.0,448.0,0.0
2025-07-16 10:30:00,1085.4461936162222,0.0,457.0,0.0
2025-07-16 11:00:00,1113.3279211226925,0.0,486.0,0.0
2025-07-16 11:30:00,1178.4115073553733,0.0,481.0,0.0
2025-07-16 12:00:00,933.4439474405923,0.0,477.0,0.0
2025-07-16 12:30:00,794.7129541748841,0.0,404.0,0.0
2025-07-16 13:00:00,770.2252647708405,0.0,367.0,0.0
2025-07-16 13:30:00,512.1661704162623,0.0,243.0,0.0
2025-07-16 14:00:00,549.0334068039817,0.0,304.0,0.0
2025-07-16 14:30:00,1275.2381480805495,0.0,481.00000000000006,0.0
2025-07-16 15:00:00,1338.690783113408,0.0,494.0,0.0
2025-07-16 15:30:00,1408.946546790575,0.0,518.0,0.0
2025-07-16 16:00:00,1471.362232009769,0.0,484.0,0.0
2025-07-16 16:30:00,1361.2742623905679,0.0,527.0,0.0
2025-07-16 17:00:00,1344.4587100714534,0.0,484.0,0.0
2025-07-16 17:30:00,1044.448607282386,0.0,352.0,0.0
2025-07-16 18:00:00,1416.6953396110168,0.0,486.0,0.0
2025-07-16 18:30:00,1542.132261916834,0.0,511.0,0.0
2025-07-16 19:00:00,1468.28544280727,0.0,467.99999999999994,0.0
2025-07-16 19:30:00,1498.2640942257908,0.0,447.0,0.0
2025-07-16 20:00:00,1255.3646304732413,0.0,373.00000000000006,0.0
2025-07-16 20:30:00,1014.806424089736,0.0,318.0,0.0
2025-07-16 21:00:00,1235.016283551334,0.0,367.0,0.0
2025-07-16 21:30:00,1367.3640526150255,0.0,430.00000000000006,0.0
2025-07-16 22:00:00,1291.6154626334671,0.0,398.0,0.0
2025-07-16 22:30:00,1393.6808315077665,0.0,391.0,0.0
2025-07-16 23:00:00,1367.146467639748,0.0,432.0,0.0
2025-07-16 23:30:00,1293.5167500513967,0.0,383.0,0.0
2025-07-17 00:00:00,1388.337842132188,0.0,390.0,0.0
2025-07-17 00:30:00,1199.5046222218489,0.0,245.0,0.0
2025-07-17 01:00:00,915.461652392498,0.0,226.0,0.0
2025-07-17 01:30:00,1206.02742603824,0.0,358.0,0.0
2025-07-17 02:00:00,1143.4667274332248,0.0,368.0,0.0
2025-07-17 02:30:00,1476.4897172765898,0.0,435.0,0.0
2025-07-17 03:00:00,1640.3567406975128,0.0,489.0,0.0
2025-07-17 03:30:00,1506.35947837446,0.0,416.0,0.0
2025-07-17 04:00:00,1530.4490792164186,0.0,437.0,0.0
2025-07-17 04:30:00,1463.215182816845,0.0,423.0,0.0
2025-07-17 05:00:00,1338.4770716490523,0.0,421.0,0.0
2025-07-17 05:30:00,1359.466596745458,0.0,374.0,0.0
2025-07-17 06:00:00,1060.9862814973226,0.0,290.0,0.0
2025-07-17 06:30:00,751.6456946063544,0.0,187.0,0.0
2025-07-17 07:00:00,1194.808613364675,0.0,341.0,0.0
2025-07-17 07:30:00,1293.4541219647288,0.0,356.0,0.0
2025-07-17 08:00:00,1088.3447803209524,0.0,263.0,0.0
2025-07-17 08:30:00,1010.2628510161497,0.0,276.0,0.0
2025-07-17 09:00:00,1038.9187824645687,0.0,328.0,0.0
2025-07-17 09:30:00,928.5859679907747,0.0,363.0,0.0
2025-07-17 10:00:00,860.0220678744513,0.0,354.0,0.0
2025-07-17 10:30:00,791.9392307719887,0.0,385.0,0.0
2025-07-17 11:00:00,858.8442167221992,0.0,393.0,0.0
2025-07-17 11:30:00,1161.5693246434064,0.0,411.0,0.0
2025-07-17 12:00:00,979.742955858465,0.0,376.0,0.0
2025-07-17 12:30:00,913.8710381685803,0.0,391.0,0.0
2025-07-17 13:00:00,828.2598964346458,0.0,319.0,0.0
2025-07-17 13:30:00,545.1495326343364,0.0,208.0,0.0
2025-07-17 14:00:00,467.9148196237692,0.0,258.0,0.0
2025-07-17 14:30:00,958.055965086116,0.0,416.0,0.0
2025-07-17 15:00:00,1167.981690843134,0.0,474.0,0.0
2025-07-17 15:30:00,1200.1642345356504,0.0,483.99999999999994,0.0
2025-07-17 16:00:00,995.0968568960233,0.0,451.0,0.0
2025-07-17 16:30:00,1161.6239938392514,0.0,458.0,0.0
2025-07-17 17:00:00,1283.9863353610372,0.0,434.0,0.0
2025-07-17 17:30:00,695.0434456671401,0.0,220.99999999999997,0.0
2025-07-17 18:00:00,1342.252830006482,0.0,449.00000000000006,0.0
2025-07-17 18:30:00,1423.3273937993738,0.0,455.0,0.0
2025-07-17 19:00:00,1567.9627937344796,0.0,437.0,0.0
2025-07-17 19:30:00,1415.6227436264671,0.0,391.0,0.0
2025-07-17 20:00:00,1106.3436563561427,0.0,293.99999999999994,0.0
2025-07-17 20:30:00,1055.6245325192613,0.0,309.0,0.0
2025-07-17 21:00:00,1225.828316698222,0.0,378.0,0.0
2025-07-17 21:30:00,1317.862209824346,0.0,392.0,0.0
2025-07-17 22:00:00,1369.8839050442634,0.0,383.0,0.0
2025-07-17 22:30:00,1240.0723981790159,0.0,373.0,0.0
2025-07-17 23:00:00,1200.0622354796972,0.0,371.0,0.0
2025-07-17 23:30:00,1166.804225156604,0.0,311.0,0.0
2025-07-18 00:00:00,1402.00209054621,0.0,394.99999999999994,0.0
2025-07-18 00:30:00,1077.4572017944627,0.0,270.0,0.0
2025-07-18 01:00:00,882.366716597342,0.0,203.0,0.0
2025-07-18 01:30:00,1107.06069899861,0.0,339.0,0.0
2025-07-18 02:00:00,1196.6925349401483,0.0,365.0,0.0
2025-07-18 02:30:00,1355.1350904396345,0.0,399.0,0.0
2025-07-18 03:00:00,1306.2435590961718,0.0,388.0,0.0
2025-07-18 03:30:00,1351.694644711431,0.0,442.00000000000006,0.0
2025-07-18 04:00:00,1236.8947479916487,0.0,390.0,0.0
2025-07-18 04:30:00,1260.197111508066,0.0,422.0,0.0
2025-07-18 05:00:00,1311.5493761496311,0.0,413.99999999999994,0.0
2025-07-18 05:30:00,1318.5166903022084,0.0,399.00000000000006,0.0
2025-07-18 06:00:00,1241.5586481173668,0.0,385.0,0.0
2025-07-18 06:30:00,883.1762962358555,0.0,208.0,0.0
2025-07-18 07:00:00,1148.0090622166424,0.0,362.0,0.0
2025-07-18 07:30:00,1321.4638914066325,0.0,383.0,0.0
2025-07-18 08:00:00,1104.987234271252,0.0,295.0,0.0
2025-07-18 08:30:00,952.7863174363022,0.0,308.0,0.0
2025-07-18 09:00:00,1309.9953404005114,0.0,420.0,0.0
2025-07-18 09:30:00,1359.6908066469425,0.0,414.0,0.0
2025-07-18 10:00:00,1303.1360652749502,0.0,443.0,0.0
2025-07-18 10:30:00,1335.3693859509272,0.0,461.00000000000006,0.0
2025-07-18 11:00:00,1308.0571175873542,0.0,453.0,0.0
2025-07-18 11:30:00,1129.5317359421506,0.0,455.0,0.0
2025-07-18 12:00:00,1336.8860835271028,0.0,471.0,0.0
2025-07-18 12:30:00,1012.3617611384249,0.0,425.0,0.0
2025-07-18 13:00:00,600.6973000835058,0.0,342.0,0.0
2025-07-18 13:30:00,381.7425180700204,0.0,237.0,0.0
2025-07-18 14:00:00,499.4525813904273,0.0,235.0,0.0
2025-07-18 14:30:00,781.9897669406174,0.0,372.0,0.0
2025-07-18 15:00:00,1175.7480069634198,0.0,462.0,0.0
2025-07-18 15:30:00,1033.7325884229213,0.0,402.0,0.0
2025-07-18 16:00:00,1126.585576681335,0.0,410.0,0.0
2025-07-18 16:30:00,1248.6485203137627,0.0,432.0,0.0
2025-07-18 17:00:00,1169.2459151859764,0.0,425.0,0.0
2025-07-18 17:30:00,897.8612370814016,0.0,234.99999999999997,0.0
2025-07-18 18:00:00,1196.7606300722966,0.0,427.0,0.0
2025-07-18 18:30:00,1258.7751867125971,0.0,433.00000000000006,0.0
2025-07-18 19:00:00,1452.8089641327322,0.0,427.0,0.0
2025-07-18 19:30:00,1338.427857254565,0.0,418.0,0.0
2025-07-18 20:00:00,1179.572729886618,0.0,355.0,0.0
2025-07-18 20:30:00,1003.0814197175882,0.0,284.0,0.0
2025-07-18 21:00:00,1318.6169051212626,0.0,399.0,0.0
2025-07-18 21:30:00,1229.6427395324436,0.0,392.0,0.0
2025-07-18 22:00:00,1309.8202819600472,0.0,405.0,0.0
2025-07-18 22:30:00,1391.8911788122373,0.0,418.0,0.0
2025-07-18 23:00:00,1249.58135750251,0.0,373.00000000000006,0.0
2025-07-18 23:30:00,1383.6691674871738,0.0,408.0,0.0
2025-07-19 00:00:00,1399.6315076502024,0.0,399.00000000000006,0.0
2025-07-19 00:30:00,910.3789359829735,0.0,271.0,0.0
2025-07-19 01:00:00,796.975629035101,0.0,217.0,0.0
2025-07-19 01:30:00,860.1180800781009,0.0,281.0,0.0
2025-07-19 02:00:00,1131.4934788695546,0.0,319.0,0.0
2025-07-19 02:30:00,1126.4867066170716,0.0,342.00000000000006,0.0
2025-07-19 03:00:00,1255.3197728957616,0.0,409.0,0.0
2025-07-19 03:30:00,1276.816333433512,0.0,372.99999999999994,0.0
2025-07-19 04:00:00,1176.9604552725852,0.0,345.0,0.0
2025-07-19 04:30:00,1157.9711180616887,0.0,369.0,0.0
2025-07-19 05:00:00,1155.183333433304,0.0,351.0,0.0
2025-07-19 05:30:00,1195.4181056645828,0.0,348.0,0.0
2025-07-19 06:00:00,1152.6516625553606,0.0,361.0,0.0
2025-07-19 06:30:00,733.3003207431857,0.0,238.0,0.0
2025-07-19 07:00:00,1191.6493148281036,0.0,361.0,0.0
2025-07-19 07:30:00,1028.7741866745168,0.0,329.0,0.0
2025-07-19 08:00:00,916.9626719861733,0.0,249.0,0.0
2025-07-19 08:30:00,1006.7006423985547,0.0,327.0,0.0
2025-07-19 09:00:00,1188.0036286696416,0.0,407.0,0.0
2025-07-19 09:30:00,1186.2330997434676,0.0,427.00000000000006,0.0
2025-07-19 10:00:00,1155.1213877490197,0.0,464.0,0.0
2025-07-19 10:30:00,1176.8703564267817,0.0,474.0,0.0
2025-07-19 11:00:00,1245.9947537090304,0.0,462.0,0.0
2025-07-19 11:30:00,1298.9699168019022,0.0,451.0,0.0
2025-07-19 12:00:00,1116.810786518956,0.0,450.0,0.0
2025-07-19 12:30:00,1010.3786110586361,0.0,456.0,0.0
2025-07-19 13:00:00,890.3556324280589,0.0,405.0,0.0
2025-07-19 13:30:00,392.3723602570726,0.0,209.99999999999997,0.0
2025-07-19 14:00:00,408.8446712954131,0.0,177.0,0.0
2025-07-19 14:30:00,1102.5159459925458,0.0,405.0,0.0
2025-07-19 15:00:00,1297.767274057898,0.0,452.0,0.0
2025-07-19 15:30:00,1203.5352270521332,0.0,431.0,0.0
2025-07-19 16:00:00,886.1282787885497,0.0,388.0,0.0
2025-07-19 16:30:00,1024.2115048108494,0.0,388.0,0.0
2025-07-19 17:00:00,807.3283339565666,0.0,280.0,0.0
2025-07-19 17:30:00,646.8372687879404,0.0,186.0,0.0
2025-07-19 18:00:00,894.1752676333668,0.0,266.0,0.0
2025-07-19 18:30:00,1135.7612526826188,0.0,298.0,0.0
2025-07-19 19:00:00,895.3971928216662,0.0,279.0,0.0
2025-07-19 19:30:00,905.1048018314318,0.0,262.0,0.0
2025-07-19 20:00:00,793.3438344379035,0.0,214.00000000000003,0.0
2025-07-19 20:30:00,818.0356971571875,0.0,247.0,0.0
2025-07-19 21:00:00,1221.7236353710841,0.0,375.0,0.0
2025-07-19 21:30:00,1269.2964620105479,0.0,434.0,0.0
2025-07-19 22:00:00,1355.5290330246262,0.0,419.0,0.0
2025-07-19 22:30:00,1351.7524723453814,0.0,428.0,0.0
2025-07-19 23:00:00,1296.5248566656892,0.0,392.0,0.0
2025-07-19 23:30:00,1279.7956194377946,0.0,394.0,0.0
2025-07-20 00:00:00,1327.210948165005,0.0,365.0,0.0
2025-07-20 00:30:00,1042.2414114565906,0.0,209.0,0.0
2025-07-20 01:00:00,771.6630084398678,0.0,169.0,0.0
2025-07-20 01:30:00,829.0026738776229,0.0,211.0,0.0
2025-07-20 02:00:00,1045.8242041421438,0.0,301.0,0.0
2025-07-20 02:30:00,1091.113057580833,0.0,260.0,0.0
2025-07-20 03:00:00,1071.140055058079,0.0,258.0,0.0
2025-07-20 03:30:00,973.0611698453781,0.0,255.0,0.0
2025-07-20 04:00:00,1001.7278004217217,0.0,257.0,0.0
2025-07-20 04:30:00,928.0764359082289,0.0,267.0,0.0
2025-07-20 05:00:00,1022.2430339505839,0.0,276.0,0.0
2025-07-20 05:30:00,914.5222061255641,0.0,236.99999999999997,0.0
2025-07-20 06:00:00,835.3738209268039,0.0,195.0,0.0
2025-07-20 06:30:00,700.4206335700791,0.0,110.0,0.0
2025-07-20 07:00:00,827.4186734033614,0.0,213.0,0.0
2025-07-20 07:30:00,814.4775213399407,0.0,207.00000000000003,0.0
2025-07-20 08:00:00,674.0262099354386,0.0,135.0,0.0
2025-07-20 08:30:00,663.7045633866198,0.0,160.0,0.0
2025-07-20 09:00:00,729.1296495080596,0.0,204.0,0.0
2025-07-20 09:30:00,745.3695782402822,0.0,242.0,0.0
2025-07-20 10:00:00,696.5261651782758,0.0,220.0,0.0
2025-07-20 10:30:00,447.95850169902417,0.0,202.0,0.0
2025-07-20 11:00:00,528.046864687209,0.0,257.0,0.0
2025-07-20 11:30:00,577.8365728192418,0.0,254.0,0.0
2025-07-20 12:00:00,497.10005888145645,0.0,262.0,0.0
2025-07-20 12:30:00,370.5721150290644,0.0,227.00000000000003,0.0
2025-07-20 13:00:00,497.70967449252066,0.0,246.0,0.0
2025-07-20 13:30:00,104.60462483267489,18.0,119.99999999999999,0.0
2025-07-20 14:00:00,96.45374401607606,1.0,95.0,0.0
2025-07-20 14:30:00,655.2358991047239,0.0,242.0,0.0
2025-07-20 15:00:00,459.1989508854215,0.0,257.0,0.0
2025-07-20 15:30:00,483.5467093423128,0.0,220.0,0.0
2025-07-20 16:00:00,633.4245419666157,0.0,239.0,0.0
2025-07-20 16:30:00,703.7923995031897,0.0,270.0,0.0
2025-07-20 17:00:00,703.7350232640089,0.0,240.0,0.0
2025-07-20 17:30:00,603.3296575315767,0.0,140.0,0.0
2025-07-20 18:00:00,892.4120941267564,0.0,260.0,0.0
2025-07-20 18:30:00,857.215242208063,0.0,220.99999999999997,0.0
2025-07-20 19:00:00,878.581953322276,0.0,215.0,0.0
2025-07-20 19:30:00,851.5788140601096,0.0,207.0,0.0
2025-07-20 20:00:00,679.3503924864024,0.0,143.0,0.0
2025-07-20 20:30:00,673.7104137872414,0.0,163.0,0.0
2025-07-20 21:00:00,863.9468500781271,0.0,213.0,0.0
2025-07-20 21:30:00,953.0510375639527,0.0,239.0,0.0
2025-07-20 22:00:00,979.788108772474,0.0,239.0,0.0
2025-07-20 22:30:00,771.6550963603836,0.0,191.0,0.0
2025-07-20 23:00:00,859.3756613209819,0.0,214.0,0.0
2025-07-20 23:30:00,1043.1991478006462,0.0,243.0,0.0
2025-07-21 00:00:00,927.3431839829758,0.0,273.0,0.0
2025-07-21 00:30:00,623.0765356089231,0.0,157.0,0.0
2025-07-21 01:00:00,614.5998766867566,0.0,136.0,0.0
2025-07-21 01:30:00,825.9668742056591,0.0,233.00000000000003,0.0
2025-07-21 02:00:00,1031.7300600862675,0.0,283.0,0.0
2025-07-21 02:30:00,998.1910483965901,0.0,274.0,0.0
2025-07-21 03:00:00,921.5247719422144,0.0,259.0,0.0
2025-07-21 03:30:00,966.0536586329733,0.0,253.99999999999997,0.0
2025-07-21 04:00:00,958.6437115779225,0.0,286.0,0.0
2025-07-21 04:30:00,948.4066917961669,0.0,300.0,0.0
2025-07-21 05:00:00,876.428617180828,0.0,263.0,0.0
2025-07-21 05:30:00,912.3118614093049,0.0,269.0,0.0
2025-07-21 06:00:00,878.1882181790297,0.0,252.0,0.0
2025-07-21 06:30:00,673.7663004526125,0.0,171.0,0.0
2025-07-21 07:00:00,860.3518779355276,0.0,224.0,0.0
2025-07-21 07:30:00,809.8638171275788,0.0,236.0,0.0
2025-07-21 08:00:00,702.2823853684084,0.0,213.0,0.0
2025-07-21 08:30:00,851.7956157252577,0.0,323.0,0.0
2025-07-21 09:00:00,1084.6288652234514,0.0,408.0,0.0
2025-07-21 09:30:00,978.8360121046227,0.0,455.0,0.0
2025-07-21 10:00:00,1029.671162958243,0.0,407.0,0.0
2025-07-21 10:30:00,875.3033527386904,0.0,427.0,0.0
2025-07-21 11:00:00,819.7802319854745,0.0,394.0,0.0
2025-07-21 11:30:00,885.2956988381169,0.0,424.0,0.0
2025-07-21 12:00:00,1055.8950020686132,0.0,465.0,0.0
2025-07-21 12:30:00,864.2906783133187,0.0,407.0,0.0
2025-07-21 13:00:00,582.6567359667131,0.0,332.0,0.0
2025-07-21 13:30:00,494.45104474014045,0.0,276.0,0.0
2025-07-21 14:00:00,533.3091263846724,0.0,295.0,0.0
2025-07-21 14:30:00,943.3454656007864,0.0,453.0,0.0
2025-07-21 15:00:00,1002.3840467688564,0.0,405.0,0.0
2025-07-21 15:30:00,1195.9995520975854,0.0,449.0,0.0
2025-07-21 16:00:00,1425.0311348378953,0.0,514.0,0.0
2025-07-21 16:30:00,1390.5224358027451,0.0,472.0,0.0
2025-07-21 17:00:00,1389.3854532904497,0.0,503.0,0.0
2025-07-21 17:30:00,1017.0654447523754,0.0,329.0,0.0
2025-07-21 18:00:00,1338.4571927818092,0.0,452.0,0.0
2025-07-21 18:30:00,1458.9870893602033,0.0,471.0,0.0
2025-07-21 19:00:00,1536.369421800929,0.0,500.0,0.0
2025-07-21 19:30:00,1281.600698735489,0.0,480.0,0.0
2025-07-21 20:00:00,1045.9057549752586,0.0,341.0,0.0
2025-07-21 20:30:00,981.5309951158354,0.0,353.0,0.0
2025-07-21 21:00:00,1338.3782047481018,0.0,397.00000000000006,0.0
2025-07-21 21:30:00,1394.524701199687,0.0,463.0,0.0
2025-07-21 22:00:00,1445.8535639933214,0.0,476.0,0.0
2025-07-21 22:30:00,1247.630986960054,0.0,441.0,0.0
2025-07-21 23:00:00,1308.883426559478,0.0,428.0,0.0
2025-07-21 23:30:00,1400.2894153837879,0.0,456.99999999999994,0.0
2025-07-22 00:00:00,1363.8535341558706,0.0,450.0,0.0
2025-07-22 00:30:00,944.6537659413774,0.0,278.0,0.0
2025-07-22 01:00:00,799.5726822716437,0.0,217.0,0.0
2025-07-22 01:30:00,990.8964586649633,0.0,319.0,0.0
2025-07-22 02:00:00,1202.926244232398,0.0,396.0,0.0
2025-07-22 02:30:00,1399.9332923763911,0.0,429.0,0.0
2025-07-22 03:00:00,1371.3222067869392,0.0,427.0,0.0
2025-07-22 03:30:00,1182.5430259819657,0.0,423.0,0.0
2025-07-22 04:00:00,1155.4676277387944,0.0,415.0,0.0
2025-07-22 04:30:00,1397.6100954217368,0.0,462.0,0.0
2025-07-22 05:00:00,1237.1934011366836,0.0,407.99999999999994,0.0
2025-07-22 05:30:00,1231.3289470774123,0.0,396.0,0.0
2025-07-22 06:00:00,1180.6166752813283,0.0,336.0,0.0
2025-07-22 06:30:00,734.899717089462,0.0,189.0,0.0
2025-07-22 07:00:00,1050.4247355125271,0.0,351.0,0.0
2025-07-22 07:30:00,1373.6712939510078,0.0,395.0,0.0
2025-07-22 08:00:00,897.2295253230744,0.0,289.0,0.0
2025-07-22 08:30:00,1000.6942870000559,0.0,340.0,0.0
2025-07-22 09:00:00,1329.6765258622231,0.0,507.0,0.0
2025-07-22 09:30:00,1315.905799543054,0.0,496.0,0.0
2025-07-22 10:00:00,1330.7764119338153,0.0,507.0,0.0
2025-07-22 10:30:00,1449.0373205236237,0.0,509.0,0.0
2025-07-22 11:00:00,1308.6034419694033,0.0,498.0,0.0
2025-07-22 11:30:00,1160.0283879116596,0.0,452.0,0.0
2025-07-22 12:00:00,939.2900593344821,0.0,437.0,0.0
2025-07-22 12:30:00,808.9276392895902,0.0,416.0,0.0
2025-07-22 13:00:00,750.250073282225,0.0,357.0,0.0
2025-07-22 13:30:00,360.64410644956934,0.0,242.00000000000003,0.0
2025-07-22 14:00:00,528.0520242978083,0.0,283.0,0.0
2025-07-22 14:30:00,1091.5357891242404,0.0,479.0,0.0
2025-07-22 15:00:00,1260.9277609321061,0.0,523.0,0.0
2025-07-22 15:30:00,1095.8604381619334,0.0,491.0,0.0
2025-07-22 16:00:00,1134.932054799473,0.0,462.0,0.0
2025-07-22 16:30:00,1141.8641271355564,0.0,458.0,0.0
2025-07-22 17:00:00,1296.4596655598732,0.0,471.0,0.0
2025-07-22 17:30:00,859.2589476465578,0.0,318.0,0.0
2025-07-22 18:00:00,1423.0716005538557,0.0,469.0,0.0
2025-07-22 18:30:00,1299.6903227934727,0.0,495.0,0.0
2025-07-22 19:00:00,1495.7927299212454,0.0,498.0,0.0
2025-07-22 19:30:00,1362.3919615610757,0.0,472.0,0.0
2025-07-22 20:00:00,1107.292027917857,0.0,372.0,0.0
2025-07-22 20:30:00,1008.5182962549964,0.0,342.0,0.0
2025-07-22 21:00:00,1240.6230080309556,0.0,415.0,0.0
2025-07-22 21:30:00,1224.991705831039,0.0,422.0,0.0
2025-07-22 22:00:00,1349.0081362026863,0.0,429.0,0.0
2025-07-22 22:30:00,1304.531284930662,0.0,474.0,0.0
2025-07-22 23:00:00,1311.4510270908706,0.0,491.00000000000006,0.0
2025-07-22 23:30:00,1410.6523740094954,0.0,420.00000000000006,0.0
2025-07-23 00:00:00,1254.737534874949,0.0,380.0,0.0
2025-07-23 00:30:00,1025.4480282112368,0.0,278.0,0.0
2025-07-23 01:00:00,778.3477140456099,0.0,196.99999999999997,0.0
2025-07-23 01:30:00,982.9492824293286,0.0,307.0,0.0
2025-07-23 02:00:00,1028.1500425356294,0.0,361.0,0.0
2025-07-23 02:30:00,1360.0637371244234,0.0,440.0,0.0
2025-07-23 03:00:00,1393.9689399923805,0.0,401.99999999999994,0.0
2025-07-23 03:30:00,1290.878231647832,0.0,389.0,0.0
2025-07-23 04:00:00,1168.979650356655,0.0,420.0,0.0
2025-07-23 04:30:00,1362.3404031530663,0.0,418.0,0.0
2025-07-23 05:00:00,1178.4277534677742,0.0,399.0,0.0
2025-07-23 05:30:00,1168.871521275546,0.0,384.00000000000006,0.0
2025-07-23 06:00:00,1260.3869502981793,0.0,369.0,0.0
2025-07-23 06:30:00,811.1240017873454,0.0,201.0,0.0
2025-07-23 07:00:00,1119.358175776375,0.0,368.0,0.0
2025-07-23 07:30:00,1090.5495257578355,0.0,357.0,0.0
2025-07-23 08:00:00,958.4225017036989,0.0,316.0,0.0
2025-07-23 08:30:00,1019.0016492860692,0.0,385.0,0.0
2025-07-23 09:00:00,1064.6456136244017,0.0,416.0,0.0
2025-07-23 09:30:00,1165.030121100357,0.0,458.0,0.0
2025-07-23 10:00:00,1082.6154965580035,0.0,463.0,0.0
2025-07-23 10:30:00,1168.1737393381852,0.0,464.0,0.0
2025-07-23 11:00:00,917.9682238411203,0.0,417.0,0.0
2025-07-23 11:30:00,1122.4846814188531,0.0,449.0,0.0
2025-07-23 12:00:00,724.3744086429546,0.0,412.0,0.0
2025-07-23 12:30:00,821.5655216463254,0.0,428.0,0.0
2025-07-23 13:00:00,843.6221410748135,0.0,369.0,0.0
2025-07-23 13:30:00,642.0317940328116,0.0,259.0,0.0
2025-07-23 14:00:00,538.9108751516059,0.0,263.0,0.0
2025-07-23 14:30:00,995.4192140884311,0.0,383.0,0.0
2025-07-23 15:00:00,1065.5817679619133,0.0,472.0,0.0
2025-07-23 15:30:00,1205.9619933209954,0.0,424.0,0.0
2025-07-23 16:00:00,1295.2588123067776,0.0,471.00000000000006,0.0
2025-07-23 16:30:00,1114.7456846947694,0.0,479.0,0.0
2025-07-23 17:00:00,1443.3003541837463,0.0,466.0,0.0
2025-07-23 17:30:00,903.5975492556926,0.0,306.0,0.0
2025-07-23 18:00:00,1499.3424262138853,0.0,503.00000000000006,0.0
2025-07-23 18:30:00,1506.440825617246,0.0,504.00000000000006,0.0
2025-07-23 19:00:00,1537.9273255764429,0.0,509.0,0.0
2025-07-23 19:30:00,1508.0715410672342,0.0,502.0,0.0
2025-07-23 20:00:00,1261.079734400232,0.0,361.0,0.0
2025-07-23 20:30:00,1121.1665368493118,0.0,352.0,0.0
2025-07-23 21:00:00,1407.3325533484096,0.0,413.0,0.0
2025-07-23 21:30:00,1316.2241249665294,0.0,419.0,0.0
2025-07-23 22:00:00,1290.002912089663,0.0,420.0,0.0
2025-07-23 22:30:00,1405.1097015688424,0.0,434.99999999999994,0.0
2025-07-23 23:00:00,1494.435383635911,0.0,445.0,0.0
2025-07-23 23:30:00,1377.8198306298068,0.0,464.0,0.0
2025-07-24 00:00:00,1272.8787121384944,0.0,357.0,0.0
2025-07-24 00:30:00,886.7498808527575,0.0,230.99999999999997,0.0
2025-07-24 01:00:00,852.407974562762,0.0,169.0,0.0
2025-07-24 01:30:00,1049.7308477832978,0.0,267.0,0.0
2025-07-24 02:00:00,1208.8161518357088,0.0,331.0,0.0
2025-07-24 02:30:00,1493.6965506755166,0.0,380.00000000000006,0.0
2025-07-24 03:00:00,1455.5862204157918,0.0,392.99999999999994,0.0
2025-07-24 03:30:00,1485.2484905658484,0.0,429.0,0.0
2025-07-24 04:00:00,1324.8300145954474,0.0,422.99999999999994,0.0
2025-07-24 04:30:00,1278.3378009500682,0.0,380.0,0.0
2025-07-24 05:00:00,1262.5441962717389,0.0,331.0,0.0
2025-07-24 05:30:00,1228.1150544004086,0.0,377.0,0.0
2025-07-24 06:00:00,1230.940142170469,0.0,346.0,0.0
2025-07-24 06:30:00,833.7273803740538,0.0,171.0,0.0
2025-07-24 07:00:00,993.2420747087676,0.0,296.0,0.0
2025-07-24 07:30:00,1407.627605609301,0.0,410.0,0.0
2025-07-24 08:00:00,1066.9401721220722,0.0,295.0,0.0
2025-07-24 08:30:00,970.6613662581711,0.0,319.0,0.0
2025-07-24 09:00:00,1315.673784463574,0.0,445.0,0.0
2025-07-24 09:30:00,1428.760291803629,0.0,486.0,0.0
2025-07-24 10:00:00,1245.5321927609457,0.0,441.00000000000006,0.0
2025-07-24 10:30:00,1214.3869511282956,0.0,459.0,0.0
2025-07-24 11:00:00,1384.1831213780065,0.0,494.00000000000006,0.0
2025-07-24 11:30:00,1247.8076204862407,0.0,481.00000000000006,0.0
2025-07-24 12:00:00,1078.5230753844373,0.0,489.0,0.0
2025-07-24 12:30:00,1041.7728265124376,0.0,453.0,0.0
2025-07-24 13:00:00,1112.5569122005716,0.0,404.0,0.0
2025-07-24 13:30:00,422.80689439827034,0.0,230.00000000000003,0.0
2025-07-24 14:00:00,478.2590229191144,0.0,269.0,0.0
2025-07-24 14:30:00,1250.5342342113693,0.0,464.0,0.0
2025-07-24 15:00:00,1046.3450566185757,0.0,438.0,0.0
2025-07-24 15:30:00,1423.6851908931835,0.0,497.0,0.0
2025-07-24 16:00:00,1344.7503838974346,0.0,530.0,0.0
2025-07-24 16:30:00,1619.8172362444488,0.0,530.0,0.0
2025-07-24 17:00:00,1501.6965059287977,0.0,535.0,0.0
2025-07-24 17:30:00,1014.2875052872838,0.0,312.0,0.0
2025-07-24 18:00:00,1366.7533106249155,0.0,465.0,0.0
2025-07-24 18:30:00,1656.1845135846822,0.0,535.0,0.0
2025-07-24 19:00:00,1419.8880658748194,0.0,523.0,0.0
2025-07-24 19:30:00,1651.626930640405,0.0,496.0,0.0
2025-07-24 20:00:00,1234.046716559752,0.0,384.0,0.0
2025-07-24 20:30:00,1135.7021432831716,0.0,298.0,0.0
2025-07-24 21:00:00,1367.284860419144,0.0,441.0,0.0
2025-07-24 21:30:00,1447.1312334707484,0.0,431.0,0.0
2025-07-24 22:00:00,1292.4621483957344,0.0,401.0,0.0
2025-07-24 22:30:00,1356.5156151841502,0.0,403.0,0.0
2025-07-24 23:00:00,1473.5164182094773,0.0,400.0,0.0
2025-07-24 23:30:00,1412.5687286050709,0.0,406.0,0.0
2025-07-25 00:00:00,1400.2250329464648,0.0,432.99999999999994,0.0
2025-07-25 00:30:00,1042.8330333720862,0.0,274.0,0.0
2025-07-25 01:00:00,912.557466213106,0.0,179.0,0.0
2025-07-25 01:30:00,917.3349120791923,0.0,270.0,0.0
2025-07-25 02:00:00,1075.006279997212,0.0,300.0,0.0
2025-07-25 02:30:00,1330.4221032082503,0.0,369.0,0.0
2025-07-25 03:00:00,1194.300883843029,0.0,368.0,0.0
2025-07-25 03:30:00,1239.458277370501,0.0,370.0,0.0
2025-07-25 04:00:00,1343.1653373222916,0.0,409.0,0.0
2025-07-25 04:30:00,1363.2580812345138,0.0,397.0,0.0
2025-07-25 05:00:00,1271.4248955857643,0.0,403.00000000000006,0.0
2025-07-25 05:30:00,1337.5196626165332,0.0,387.00000000000006,0.0
2025-07-25 06:00:00,1308.7339747397098,0.0,384.0,0.0
2025-07-25 06:30:00,935.212677383806,0.0,246.99999999999997,0.0
2025-07-25 07:00:00,1089.7000340176828,0.0,323.0,0.0
2025-07-25 07:30:00,1374.4697171365976,0.0,423.0,0.0
2025-07-25 08:00:00,967.4720027054664,0.0,260.0,0.0
2025-07-25 08:30:00,998.1698879741938,0.0,304.0,0.0
2025-07-25 09:00:00,1380.5376608175075,0.0,400.0,0.0
2025-07-25 09:30:00,1284.7780925758616,0.0,453.0,0.0
2025-07-25 10:00:00,1039.3327192564366,0.0,436.0,0.0
2025-07-25 10:30:00,1055.7947843528545,0.0,425.0,0.0
2025-07-25 11:00:00,991.6462239376943,0.0,436.0,0.0
2025-07-25 11:30:00,900.0785764687364,0.0,425.0,0.0
2025-07-25 12:00:00,1011.9964086877574,0.0,462.0,0.0
2025-07-25 12:30:00,1034.9653665519957,0.0,408.0,0.0
2025-07-25 13:00:00,1085.8644915027405,0.0,352.0,0.0
2025-07-25 13:30:00,465.565680831933,0.0,250.00000000000003,0.0
2025-07-25 14:00:00,764.8715128884497,0.0,270.0,0.0
2025-07-25 14:30:00,807.5106457842753,0.0,369.0,0.0
2025-07-25 15:00:00,1302.029303191912,0.0,475.0,0.0
2025-07-25 15:30:00,1377.948731238171,0.0,513.0,0.0
2025-07-25 16:00:00,1481.1005388771582,0.0,490.0,0.0
2025-07-25 16:30:00,1525.7839019796652,0.0,467.0,0.0
2025-07-25 17:00:00,1510.2382422421515,0.0,454.0,0.0
2025-07-25 17:30:00,991.3945926197349,0.0,284.0,0.0
2025-07-25 18:00:00,1438.1537410235103,0.0,449.0,0.0
2025-07-25 18:30:00,1633.4683149694245,0.0,457.99999999999994,0.0
2025-07-25 19:00:00,1408.8588308261774,0.0,415.00000000000006,0.0
2025-07-25 19:30:00,1423.5797805491814,0.0,382.0,0.0
2025-07-25 20:00:00,1192.9471684704758,0.0,319.0,0.0
2025-07-25 20:30:00,1008.9048131165739,0.0,283.0,0.0
2025-07-25 21:00:00,1211.0600995481618,0.0,385.0,0.0
2025-07-25 21:30:00,1225.3657144076924,0.0,401.0,0.0
2025-07-25 22:00:00,1194.0360833181946,0.0,349.0,0.0
2025-07-25 22:30:00,1325.1704047888766,0.0,403.0,0.0
2025-07-25 23:00:00,1448.0859784795318,0.0,407.0,0.0
2025-07-25 23:30:00,1440.4833410584959,0.0,402.99999999999994,0.0
2025-07-26 00:00:00,1394.454482825198,0.0,411.00000000000006,0.0
2025-07-26 00:30:00,1011.4700266137642,0.0,297.0,0.0
2025-07-26 01:00:00,835.680637935339,0.0,238.0,0.0
2025-07-26 01:30:00,1015.7601556395231,0.0,288.0,0.0
2025-07-26 02:00:00,1133.6864416103751,0.0,362.0,0.0
2025-07-26 02:30:00,1226.7337708034709,0.0,443.00000000000006,0.0
2025-07-26 03:00:00,1522.6967153550897,0.0,432.0,0.0
2025-07-26 03:30:00,1196.9074474842291,0.0,384.0,0.0
2025-07-26 04:00:00,1276.6630708787022,0.0,414.0,0.0
2025-07-26 04:30:00,1415.3877667939116,0.0,438.00000000000006,0.0
2025-07-26 05:00:00,1403.5488147619735,0.0,462.0,0.0
2025-07-26 05:30:00,1320.2998105804375,0.0,440.00000000000006,0.0
2025-07-26 06:00:00,1273.5089203135428,0.0,407.0,0.0
2025-07-26 06:30:00,923.3206786985955,0.0,269.0,0.0
2025-07-26 07:00:00,1344.853456339207,0.0,453.0,0.0
2025-07-26 07:30:00,1086.0642507684704,0.0,383.0,0.0
2025-07-26 08:00:00,1087.3045054478341,0.0,323.0,0.0
2025-07-26 08:30:00,968.4748342008437,0.0,345.0,0.0
2025-07-26 09:00:00,1191.0623728552555,0.0,414.0,0.0
2025-07-26 09:30:00,1025.0424116552597,0.0,443.0,0.0
2025-07-26 10:00:00,1116.3947990654253,0.0,457.0,0.0
2025-07-26 10:30:00,928.2216943620289,0.0,439.0,0.0
2025-07-26 11:00:00,1229.5066708221107,0.0,503.99999999999994,0.0
2025-07-26 11:30:00,1079.4384705531215,0.0,454.99999999999994,0.0
2025-07-26 12:00:00,1024.1725294356436,0.0,451.0,0.0
2025-07-26 12:30:00,1010.3769952227636,0.0,458.0,0.0
2025-07-26 13:00:00,1034.5255952377547,0.0,433.0,0.0
2025-07-26 13:30:00,454.9054707957586,0.0,254.99999999999997,0.0
2025-07-26 14:00:00,269.7833789051248,0.0,209.99999999999997,0.0
2025-07-26 14:30:00,743.53926430453,0.0,407.0,0.0
2025-07-26 15:00:00,996.398293924325,0.0,455.0,0.0
2025-07-26 15:30:00,951.7741770545015,0.0,466.0,0.0
2025-07-26 16:00:00,997.1047132419369,0.0,457.0,0.0
2025-07-26 16:30:00,902.1522177931776,0.0,364.0,0.0
2025-07-26 17:00:00,723.2771147047112,0.0,280.0,0.0
2025-07-26 17:30:00,647.9684088381088,0.0,185.0,0.0
2025-07-26 18:00:00,830.1468237035564,0.0,306.0,0.0
2025-07-26 18:30:00,966.26030200533,0.0,329.0,0.0
2025-07-26 19:00:00,1056.703154202924,0.0,308.0,0.0
2025-07-26 19:30:00,900.553166657997,0.0,261.0,0.0
2025-07-26 20:00:00,793.1454173719865,0.0,211.0,0.0
2025-07-26 20:30:00,910.4323390796015,0.0,287.0,0.0
2025-07-26 21:00:00,1243.858564564034,0.0,449.0,0.0
2025-07-26 21:30:00,1322.9844666596857,0.0,465.0,0.0
2025-07-26 22:00:00,1444.2030560619294,0.0,451.0,0.0
2025-07-26 22:30:00,1377.372706080689,0.0,410.0,0.0
2025-07-26 23:00:00,1455.6304157455952,0.0,448.0,0.0
2025-07-26 23:30:00,1351.2741638241146,0.0,399.0,0.0
2025-07-27 00:00:00,1291.2884639145923,0.0,365.0,0.0
2025-07-27 00:30:00,867.4745635404465,0.0,209.0,0.0
2025-07-27 01:00:00,882.3121839247684,0.0,169.0,0.0
2025-07-27 01:30:00,847.0538702049404,0.0,211.0,0.0
2025-07-27 02:00:00,1103.0294278996253,0.0,301.0,0.0
2025-07-27 02:30:00,1053.1464253642578,0.0,260.0,0.0
2025-07-27 03:00:00,967.8387825109568,0.0,258.0,0.0
2025-07-27 03:30:00,952.9383012982571,0.0,255.0,0.0
2025-07-27 04:00:00,1008.8576928711707,0.0,257.0,0.0
2025-07-27 04:30:00,1105.8216899179072,0.0,267.0,0.0
2025-07-27 05:00:00,993.4253887290924,0.0,276.0,0.0
2025-07-27 05:30:00,1007.1049027726237,0.0,237.0,0.0
2025-07-27 06:00:00,897.4028818313784,0.0,195.0,0.0
2025-07-27 06:30:00,692.237373105321,0.0,110.0,0.0
2025-07-27 07:00:00,793.9577223915021,0.0,213.0,0.0
2025-07-27 07:30:00,867.8303267945978,0.0,207.0,0.0
2025-07-27 08:00:00,623.2084003070979,0.0,135.0,0.0
2025-07-27 08:30:00,689.4135304472782,0.0,160.0,0.0
2025-07-27 09:00:00,680.4068787993696,0.0,204.0,0.0
2025-07-27 09:30:00,628.209380687654,0.0,242.0,0.0
2025-07-27 10:00:00,658.2293451791915,0.0,220.0,0.0
2025-07-27 10:30:00,467.2749155005606,0.0,202.0,0.0
2025-07-27 11:00:00,540.9324195710285,0.0,257.0,0.0
2025-07-27 11:30:00,579.5437175741672,0.0,254.0,0.0
2025-07-27 12:00:00,471.9320044108982,0.0,262.0,0.0
2025-07-27 12:30:00,372.8989166188192,0.0,227.00000000000003,0.0
2025-07-27 13:00:00,504.20239558019404,0.0,246.0,0.0
2025-07-27 13:30:00,105.20578288460663,18.0,120.0,0.0
2025-07-27 14:00:00,97.25584584659258,1.0,95.0,0.0
2025-07-27 14:30:00,647.4748345548801,0.0,242.0,0.0
2025-07-27 15:00:00,429.37665023463205,0.0,257.0,0.0
2025-07-27 15:30:00,459.56505870028707,0.0,220.0,0.0
2025-07-27 16:00:00,627.3147073135895,0.0,238.99999999999997,0.0
2025-07-27 16:30:00,646.3817760254867,0.0,270.0,0.0
2025-07-27 17:00:00,689.6173412547851,0.0,240.00000000000003,0.0
2025-07-27 17:30:00,603.3290992733719,0.0,140.0,0.0
2025-07-27 18:00:00,980.1746797414498,0.0,260.0,0.0
2025-07-27 18:30:00,946.7595973313107,0.0,221.0,0.0
2025-07-27 19:00:00,825.0327645491953,0.0,214.99999999999997,0.0
2025-07-27 19:30:00,730.9527422737328,0.0,207.00000000000003,0.0
2025-07-27 20:00:00,689.9856570483893,0.0,143.0,0.0
2025-07-27 20:30:00,655.3520748611061,0.0,163.0,0.0
2025-07-27 21:00:00,940.5854936165011,0.0,213.0,0.0
2025-07-27 21:30:00,890.2128928937545,0.0,239.0,0.0
2025-07-27 22:00:00,1006.1043307878766,0.0,239.0,0.0
2025-07-27 22:30:00,939.036729815553,0.0,191.0,0.0
2025-07-27 23:00:00,861.0154912279394,0.0,214.0,0.0
2025-07-27 23:30:00,968.7130251292646,0.0,243.00000000000003,0.0
2025-07-28 00:00:00,734.7714299906269,0.0,186.0,0.0
2025-07-28 00:30:00,601.848651790222,0.0,125.0,0.0
2025-07-28 01:00:00,597.6250820228646,0.0,130.0,0.0
2025-07-28 01:30:00,844.7517477283575,0.0,250.99999999999997,0.0
2025-07-28 02:00:00,973.5664825240457,0.0,266.0,0.0
2025-07-28 02:30:00,852.4684717103556,0.0,223.99999999999997,0.0
2025-07-28 03:00:00,755.0530058412561,0.0,186.0,0.0
2025-07-28 03:30:00,906.0537683331986,0.0,258.0,0.0
2025-07-28 04:00:00,907.7513231758513,0.0,229.0,0.0
2025-07-28 04:30:00,805.9548432440696,0.0,205.00000000000003,0.0
2025-07-28 05:00:00,909.3201110857316,0.0,227.0,0.0
2025-07-28 05:30:00,739.5081133007551,0.0,177.0,0.0
2025-07-28 06:00:00,834.4327910347656,0.0,213.0,0.0
2025-07-28 06:30:00,644.6572892017199,0.0,114.0,0.0
2025-07-28 07:00:00,836.7675299573168,0.0,212.99999999999997,0.0
2025-07-28 07:30:00,721.1262253481699,0.0,170.0,0.0
2025-07-28 08:00:00,682.3254754074414,0.0,181.0,0.0
2025-07-28 08:30:00,1005.6032042482724,0.0,324.0,0.0
2025-07-28 09:00:00,1098.767936271308,0.0,429.0,0.0
2025-07-28 09:30:00,1146.4612249408456,0.0,399.0,0.0
2025-07-28 10:00:00,1321.7511065368076,0.0,467.0,0.0
2025-07-28 10:30:00,1252.8847851078326,0.0,469.0,0.0
2025-07-28 11:00:00,1141.086206348713,0.0,419.0,0.0
2025-07-28 11:30:00,1301.7874053007213,0.0,447.0,0.0
2025-07-28 12:00:00,1204.4400807644718,0.0,446.0,0.0
2025-07-28 12:30:00,1067.5526910001076,0.0,432.0,0.0
2025-07-28 13:00:00,979.1903783520866,0.0,352.0,0.0
2025-07-28 13:30:00,494.7657497841033,0.0,217.0,0.0
2025-07-28 14:00:00,528.1166040208763,0.0,260.0,0.0
2025-07-28 14:30:00,944.5068903964483,0.0,458.0,0.0
2025-07-28 15:00:00,1028.862932952908,0.0,442.0,0.0
2025-07-28 15:30:00,997.2910115193995,0.0,495.0,0.0
2025-07-28 16:00:00,1366.737010290686,0.0,486.99999999999994,0.0
2025-07-28 16:30:00,1453.1219203506444,0.0,479.0,0.0
2025-07-28 17:00:00,1357.8026734914679,0.0,455.00000000000006,0.0
2025-07-28 17:30:00,983.6712026149498,0.0,250.99999999999997,0.0
2025-07-28 18:00:00,1482.008013013232,0.0,464.0,0.0
2025-07-28 18:30:00,1513.3977644330257,0.0,516.0,0.0
2025-07-28 19:00:00,1439.6982593881824,0.0,464.0,0.0
2025-07-28 19:30:00,1375.9542664236835,0.0,411.00000000000006,0.0
2025-07-28 20:00:00,1134.3156413355969,0.0,321.0,0.0
2025-07-28 20:30:00,1068.4167761285873,0.0,278.0,0.0
2025-07-28 21:00:00,1243.6290143991382,0.0,366.99999999999994,0.0
2025-07-28 21:30:00,1308.0955750048654,0.0,409.00000000000006,0.0
2025-07-28 22:00:00,1390.745376706342,0.0,407.0,0.0
2025-07-28 22:30:00,1283.4185018876522,0.0,421.0,0.0
2025-07-28 23:00:00,1250.722505326965,0.0,401.0,0.0
2025-07-28 23:30:00,1199.1314912039177,0.0,409.0,0.0
2025-07-29 00:00:00,1329.003831772149,0.0,417.00000000000006,0.0
2025-07-29 00:30:00,991.9137139034011,0.0,267.0,0.0
2025-07-29 01:00:00,863.9538209285056,0.0,229.00000000000003,0.0
2025-07-29 01:30:00,987.4427641369052,0.0,285.0,0.0
2025-07-29 02:00:00,1297.356876243928,0.0,400.0,0.0
2025-07-29 02:30:00,1285.931522986247,0.0,430.0,0.0
2025-07-29 03:00:00,1330.8344035195387,0.0,426.0,0.0
2025-07-29 03:30:00,1317.8313547465875,0.0,413.0,0.0
2025-07-29 04:00:00,1364.8410922173075,0.0,391.0,0.0
2025-07-29 04:30:00,1435.3894493030075,0.0,407.0,0.0
2025-07-29 05:00:00,1394.1351747957456,0.0,432.0,0.0
2025-07-29 05:30:00,1453.4640182831831,0.0,386.0,0.0
2025-07-29 06:00:00,1385.9114429194344,0.0,404.0,0.0
2025-07-29 06:30:00,913.4125022727517,0.0,193.0,0.0
2025-07-29 07:00:00,1234.9878920010365,0.0,356.0,0.0
2025-07-29 07:30:00,1410.3620526175605,0.0,404.00000000000006,0.0
2025-07-29 08:00:00,1149.7538338040442,0.0,351.0,0.0
2025-07-29 08:30:00,931.7623622216454,0.0,302.0,0.0
2025-07-29 09:00:00,1415.045451163131,0.0,485.0,0.0
2025-07-29 09:30:00,1447.2369130628201,0.0,450.00000000000006,0.0
2025-07-29 10:00:00,1476.612481863319,0.0,464.00000000000006,0.0
2025-07-29 10:30:00,1479.5519251038465,0.0,470.00000000000006,0.0
2025-07-29 11:00:00,1390.0273880790637,0.0,472.0,0.0
2025-07-29 11:30:00,1293.8224417405177,0.0,472.0,0.0
2025-07-29 12:00:00,1193.1920368300416,0.0,426.0,0.0
2025-07-29 12:30:00,1031.855831407059,0.0,426.0,0.0
2025-07-29 13:00:00,900.2657094289985,0.0,342.0,0.0
2025-07-29 13:30:00,683.2869834485731,0.0,197.0,0.0
2025-07-29 14:00:00,621.2384628452553,0.0,238.0,0.0
2025-07-29 14:30:00,1095.9501573842867,0.0,429.0,0.0
2025-07-29 15:00:00,1142.049047614541,0.0,412.0,0.0
2025-07-29 15:30:00,1129.6654904050017,0.0,432.0,0.0
2025-07-29 16:00:00,1157.346712491376,0.0,411.0,0.0
2025-07-29 16:30:00,1124.7892328025332,0.0,434.00000000000006,0.0
2025-07-29 17:00:00,1095.8503468438648,0.0,421.0,0.0
2025-07-29 17:30:00,912.1388783827481,0.0,274.0,0.0
2025-07-29 18:00:00,1290.7353897537957,0.0,448.0,0.0
2025-07-29 18:30:00,1542.3740040448406,0.0,491.00000000000006,0.0
2025-07-29 19:00:00,1471.61333274161,0.0,445.00000000000006,0.0
2025-07-29 19:30:00,1363.1668590681256,0.0,424.0,0.0
2025-07-29 20:00:00,1085.2792200710464,0.0,294.0,0.0
2025-07-29 20:30:00,1079.1796698783446,0.0,304.0,0.0
2025-07-29 21:00:00,1267.808275219267,0.0,388.0,0.0
2025-07-29 21:30:00,1310.848359723929,0.0,368.0,0.0
2025-07-29 22:00:00,1374.1883185940444,0.0,424.0,0.0
2025-07-29 22:30:00,1409.3923741331753,0.0,372.00000000000006,0.0
2025-07-29 23:00:00,1450.939368703386,0.0,449.0,0.0
2025-07-29 23:30:00,1448.0034769100118,0.0,434.00000000000006,0.0
2025-07-30 00:00:00,1361.0127177672823,0.0,375.99999999999994,0.0
2025-07-30 00:30:00,1020.2250577980644,0.0,262.0,0.0
2025-07-30 01:00:00,876.8360868725423,0.0,194.0,0.0
2025-07-30 01:30:00,911.6181179550548,0.0,272.0,0.0
2025-07-30 02:00:00,1269.091638338908,0.0,328.0,0.0
2025-07-30 02:30:00,1286.7203268979179,0.0,392.00000000000006,0.0
2025-07-30 03:00:00,1364.6743097701267,0.0,391.99999999999994,0.0
2025-07-30 03:30:00,1372.1832774779184,0.0,388.0,0.0
2025-07-30 04:00:00,1505.8987995610141,0.0,401.00000000000006,0.0
2025-07-30 04:30:00,1421.685184323009,0.0,435.99999999999994,0.0
2025-07-30 05:00:00,1320.04710428604,0.0,381.99999999999994,0.0
2025-07-30 05:30:00,1330.8589753891417,0.0,395.99999999999994,0.0
2025-07-30 06:00:00,1282.9972620692076,0.0,306.0,0.0
2025-07-30 06:30:00,716.9485698598833,0.0,175.0,0.0
2025-07-30 07:00:00,1156.9902468461146,0.0,356.0,0.0
2025-07-30 07:30:00,1400.47469737132,0.0,367.99999999999994,0.0
2025-07-30 08:00:00,1032.5606678983484,0.0,263.0,0.0
2025-07-30 08:30:00,981.818045100062,0.0,283.0,0.0
2025-07-30 09:00:00,1298.1534867674243,0.0,402.0,0.0
2025-07-30 09:30:00,1305.267514795318,0.0,424.0,0.0
2025-07-30 10:00:00,1408.551836740596,0.0,438.0,0.0
2025-07-30 10:30:00,1460.2327829127223,0.0,431.0,0.0
2025-07-30 11:00:00,1327.18257741703,0.0,430.0,0.0
2025-07-30 11:30:00,1340.4583021118613,0.0,461.0,0.0
2025-07-30 12:00:00,1344.7268861015539,0.0,440.0,0.0
2025-07-30 12:30:00,1218.422798510532,0.0,431.0,0.0
2025-07-30 13:00:00,991.3400324283933,0.0,369.0,0.0
2025-07-30 13:30:00,624.5224801330833,0.0,200.0,0.0
2025-07-30 14:00:00,783.8691755374484,0.0,254.0,0.0
2025-07-30 14:30:00,1171.1816368134894,0.0,411.0,0.0
2025-07-30 15:00:00,1222.3707991162023,0.0,474.0,0.0
2025-07-30 15:30:00,1219.6981306679513,0.0,445.0,0.0
2025-07-30 16:00:00,1251.349013874978,0.0,456.0,0.0
2025-07-30 16:30:00,1165.3542020426703,0.0,464.0,0.0
2025-07-30 17:00:00,1345.939132268824,0.0,438.0,0.0
2025-07-30 17:30:00,959.5444684197365,0.0,268.0,0.0
2025-07-30 18:00:00,1320.2646315626039,0.0,451.99999999999994,0.0
2025-07-30 18:30:00,1602.9355945500429,0.0,484.99999999999994,0.0
2025-07-30 19:00:00,1377.4756537635483,0.0,455.00000000000006,0.0
2025-07-30 19:30:00,1538.4960003067852,0.0,459.0,0.0
2025-07-30 20:00:00,1187.6417027488692,0.0,316.0,0.0
2025-07-30 20:30:00,1029.028747191958,0.0,285.0,0.0
2025-07-30 21:00:00,1276.5457366499768,0.0,413.0,0.0
2025-07-30 21:30:00,1454.1534514814273,0.0,461.0,0.0
2025-07-30 22:00:00,1346.308626790069,0.0,443.0,0.0
2025-07-30 22:30:00,1408.7047531440105,0.0,416.0,0.0
2025-07-30 23:00:00,1449.1967594382354,0.0,458.0,0.0
2025-07-30 23:30:00,1343.3656199658585,0.0,426.0,0.0
2025-07-31 00:00:00,1390.3272469303542,0.0,386.99999999999994,0.0
2025-07-31 00:30:00,1132.3948251296733,0.0,320.0,0.0
2025-07-31 01:00:00,927.4052184865809,0.0,237.0,0.0
2025-07-31 01:30:00,1130.4854204945036,0.0,352.0,0.0
2025-07-31 02:00:00,1166.517443334085,0.0,351.0,0.0
2025-07-31 02:30:00,1326.0777764757809,0.0,456.0,0.0
2025-07-31 03:00:00,1545.0287057007915,0.0,471.0,0.0
2025-07-31 03:30:00,1381.5595915994277,0.0,466.0,0.0
2025-07-31 04:00:00,1383.1600759191106,0.0,456.0,0.0
2025-07-31 04:30:00,1349.9894202574815,0.0,439.99999999999994,0.0
2025-07-31 05:00:00,1397.6698777010115,0.0,466.00000000000006,0.0
2025-07-31 05:30:00,1409.14238005118,0.0,456.0,0.0
2025-07-31 06:00:00,1095.8689472367582,0.0,409.0,0.0
2025-07-31 06:30:00,851.9124502847693,0.0,209.0,0.0
2025-07-31 07:00:00,1328.0541944920776,0.0,396.99999999999994,0.0
2025-07-31 07:30:00,1336.080079778873,0.0,412.0,0.0
2025-07-31 08:00:00,1025.9206173205125,0.0,344.0,0.0
2025-07-31 08:30:00,1125.71704040576,0.0,359.0,0.0
2025-07-31 09:00:00,1410.3709716533854,0.0,517.0,0.0
2025-07-31 09:30:00,1385.081557227387,0.0,497.0,0.0
2025-07-31 10:00:00,1386.8846270476677,0.0,499.0,0.0
2025-07-31 10:30:00,1316.2380115003882,0.0,480.0,0.0
2025-07-31 11:00:00,1185.554977143224,0.0,524.0,0.0
2025-07-31 11:30:00,1048.2732014340804,0.0,506.0,0.0
2025-07-31 12:00:00,1328.014566321573,0.0,533.0,0.0
2025-07-31 12:30:00,1310.5346863212455,0.0,495.0,0.0
2025-07-31 13:00:00,1007.0511647923519,0.0,416.0,0.0
2025-07-31 13:30:00,809.9042805139753,0.0,298.0,0.0
2025-07-31 14:00:00,798.7459567139194,0.0,340.0,0.0
2025-07-31 14:30:00,1313.7078452619496,0.0,503.0,0.0
2025-07-31 15:00:00,1194.109867548488,0.0,519.0,0.0
2025-07-31 15:30:00,1282.7156549884103,0.0,468.0,0.0
2025-07-31 16:00:00,1145.3151985094933,0.0,484.0,0.0
2025-07-31 16:30:00,1360.5461108935476,0.0,475.0,0.0
2025-07-31 17:00:00,1244.3785571925703,0.0,480.0,0.0
2025-07-31 17:30:00,1049.0219562095747,0.0,362.0,0.0
2025-07-31 18:00:00,1546.6367430201935,0.0,516.0,0.0
2025-07-31 18:30:00,1620.1329128487157,0.0,528.0,0.0
2025-07-31 19:00:00,1667.0836101745213,0.0,567.0,0.0
2025-07-31 19:30:00,1581.4021006780802,0.0,541.0,0.0
2025-07-31 20:00:00,1246.350793887873,0.0,382.0,0.0
2025-07-31 20:30:00,1137.1251744220367,0.0,343.0,0.0
2025-07-31 21:00:00,1332.0372054602653,0.0,442.0,0.0
2025-07-31 21:30:00,1505.1136412424403,0.0,494.0,0.0
2025-07-31 22:00:00,1508.1594437200442,0.0,472.0,0.0
2025-07-31 22:30:00,1571.9757507660318,0.0,496.0,0.0
2025-07-31 23:00:00,1564.9673163594252,0.0,494.00000000000006,0.0
2025-07-31 23:30:00,1477.854360851154,0.0,472.0,0.0
2025-08-01 00:00:00,1226.371659798871,0.0,377.0,0.0
2025-08-01 00:30:00,1079.6465374672134,0.0,233.0,0.0
2025-08-01 01:00:00,885.7360638551404,0.0,188.0,0.0
2025-08-01 01:30:00,982.1498124056204,0.0,275.0,0.0
2025-08-01 02:00:00,1201.9375554490339,0.0,367.99999999999994,0.0
2025-08-01 02:30:00,1362.9936757499725,0.0,404.00000000000006,0.0
2025-08-01 03:00:00,1375.0411651459453,0.0,402.0,0.0
2025-08-01 03:30:00,1300.6135023344968,0.0,362.0,0.0
2025-08-01 04:00:00,1365.8691850755247,0.0,395.0,0.0
2025-08-01 04:30:00,1336.252756610518,0.0,408.0,0.0
2025-08-01 05:00:00,1368.940392460947,0.0,387.00000000000006,0.0
2025-08-01 05:30:00,1443.7948096104376,0.0,400.99999999999994,0.0
2025-08-01 06:00:00,1334.0100948279357,0.0,386.00000000000006,0.0
2025-08-01 06:30:00,770.0252727608552,0.0,179.0,0.0
2025-08-01 07:00:00,1079.6554692821765,0.0,302.0,0.0
2025-08-01 07:30:00,1209.7852144234507,0.0,381.0,0.0
2025-08-01 08:00:00,891.7393794602713,0.0,256.0,0.0
2025-08-01 08:30:00,961.6273054753291,0.0,285.0,0.0
2025-08-01 09:00:00,1119.3296492421603,0.0,402.99999999999994,0.0
2025-08-01 09:30:00,1165.1086177858267,0.0,400.0,0.0
2025-08-01 10:00:00,1191.0321468413842,0.0,462.0,0.0
2025-08-01 10:30:00,981.513791430894,0.0,431.0,0.0
2025-08-01 11:00:00,1046.257087160408,0.0,457.0,0.0
2025-08-01 11:30:00,984.3207917320773,0.0,425.0,0.0
2025-08-01 12:00:00,909.2971671017385,0.0,463.99999999999994,0.0
2025-08-01 12:30:00,1024.1459968432496,0.0,415.0,0.0
2025-08-01 13:00:00,660.0631767401254,0.0,290.0,0.0
2025-08-01 13:30:00,529.8159614369416,0.0,247.0,0.0
2025-08-01 14:00:00,638.0043411080651,0.0,288.0,0.0
2025-08-01 14:30:00,856.7491573918135,0.0,367.0,0.0
2025-08-01 15:00:00,1073.6450755257815,0.0,428.0,0.0
2025-08-01 15:30:00,1078.1531464614313,0.0,435.0,0.0
2025-08-01 16:00:00,1089.1872580345178,0.0,447.0,0.0
2025-08-01 16:30:00,1258.9691130253682,0.0,463.99999999999994,0.0
2025-08-01 17:00:00,1185.1840801646863,0.0,414.0,0.0
2025-08-01 17:30:00,887.4386939381011,0.0,237.0,0.0
2025-08-01 18:00:00,1386.4688989683752,0.0,422.0,0.0
2025-08-01 18:30:00,1363.6995955605016,0.0,417.0,0.0
2025-08-01 19:00:00,1323.4754553473135,0.0,458.0,0.0
2025-08-01 19:30:00,1314.3190401894005,0.0,385.0,0.0
2025-08-01 20:00:00,1134.8018273973087,0.0,278.0,0.0
2025-08-01 20:30:00,1102.7676212846611,0.0,279.0,0.0
2025-08-01 21:00:00,1203.8744019028397,0.0,406.0,0.0
2025-08-01 21:30:00,1478.8196371729875,0.0,449.99999999999994,0.0
2025-08-01 22:00:00,1372.0312277101111,0.0,399.0,0.0
2025-08-01 22:30:00,1410.6036110601085,0.0,424.00000000000006,0.0
2025-08-01 23:00:00,1544.0110245562475,0.0,452.00000000000006,0.0
2025-08-01 23:30:00,1413.128788696067,0.0,448.0,0.0
2025-08-02 00:00:00,1550.4419341199145,0.0,411.0,0.0
2025-08-02 00:30:00,963.579205367196,0.0,297.0,0.0
2025-08-02 01:00:00,833.2515707428445,0.0,238.0,0.0
2025-08-02 01:30:00,950.0202263282514,0.0,288.0,0.0
2025-08-02 02:00:00,1184.4096507725885,0.0,361.99999999999994,0.0
2025-08-02 02:30:00,1352.3455486532569,0.0,443.0,0.0
2025-08-02 03:00:00,1395.7052553856483,0.0,432.0,0.0
2025-08-02 03:30:00,1314.1420037913613,0.0,383.99999999999994,0.0
2025-08-02 04:00:00,1286.0827929463667,0.0,414.0,0.0
2025-08-02 04:30:00,1504.8345962780515,0.0,438.00000000000006,0.0
2025-08-02 05:00:00,1450.7367958919378,0.0,462.0,0.0
2025-08-02 05:30:00,1358.84216995551,0.0,440.0,0.0
2025-08-02 06:00:00,1266.9700479275887,0.0,406.99999999999994,0.0
2025-08-02 06:30:00,1047.6842110168948,0.0,269.0,0.0
2025-08-02 07:00:00,1291.3989776320434,0.0,453.0,0.0
2025-08-02 07:30:00,1261.9022076789495,0.0,383.0,0.0
2025-08-02 08:00:00,966.0310061789689,0.0,323.0,0.0
2025-08-02 08:30:00,1073.2903918015772,0.0,345.0,0.0
2025-08-02 09:00:00,1220.7514516129984,0.0,414.0,0.0
2025-08-02 09:30:00,1074.0905302352207,0.0,443.0,0.0
2025-08-02 10:00:00,1184.233134160772,0.0,457.0,0.0
2025-08-02 10:30:00,982.5185001776342,0.0,439.0,0.0
2025-08-02 11:00:00,1126.801523515953,0.0,503.99999999999994,0.0
2025-08-02 11:30:00,1165.5916789615792,0.0,455.0,0.0
2025-08-02 12:00:00,1015.9379197225594,0.0,451.0,0.0
2025-08-02 12:30:00,1066.0546559780619,0.0,458.0,0.0
2025-08-02 13:00:00,1066.71947527352,0.0,433.0,0.0
2025-08-02 13:30:00,475.14460327989747,0.0,254.99999999999997,0.0
2025-08-02 14:00:00,258.95639145476497,0.0,210.0,0.0
2025-08-02 14:30:00,831.7101868672163,0.0,407.0,0.0
2025-08-02 15:00:00,1042.597446828574,0.0,455.0,0.0
2025-08-02 15:30:00,1155.0628897231584,0.0,466.0,0.0
2025-08-02 16:00:00,1008.9514405363501,0.0,457.0,0.0
2025-08-02 16:30:00,969.9245953086291,0.0,364.0,0.0
2025-08-02 17:00:00,781.8571555491064,0.0,280.0,0.0
2025-08-02 17:30:00,739.084782554115,0.0,184.99999999999997,0.0
2025-08-02 18:00:00,890.1650650098479,0.0,306.0,0.0
2025-08-02 18:30:00,990.3615862394249,0.0,329.0,0.0
2025-08-02 19:00:00,957.9222681495895,0.0,308.0,0.0
2025-08-02 19:30:00,905.8981311810725,0.0,261.0,0.0
2025-08-02 20:00:00,739.0800959296355,0.0,211.0,0.0
2025-08-02 20:30:00,944.8196993822189,0.0,287.0,0.0
2025-08-02 21:00:00,1214.2459436079316,0.0,448.99999999999994,0.0
2025-08-02 21:30:00,1433.8112083050798,0.0,465.0,0.0
2025-08-02 22:00:00,1425.102797477516,0.0,450.99999999999994,0.0
2025-08-02 22:30:00,1233.9506016197345,0.0,410.0,0.0
2025-08-02 23:00:00,1482.9298237017624,0.0,448.0,0.0
2025-08-02 23:30:00,1236.4417576725314,0.0,399.00000000000006,0.0
2025-08-03 00:00:00,1347.2870595207992,0.0,365.0,0.0
2025-08-03 00:30:00,1030.5306959531433,0.0,271.0,0.0
2025-08-03 01:00:00,992.216730445256,0.0,248.0,0.0
2025-08-03 01:30:00,1093.4585274087465,0.0,312.0,0.0
2025-08-03 02:00:00,1015.5623332894584,0.0,298.0,0.0
2025-08-03 02:30:00,1437.0915085095892,0.0,431.0,0.0
2025-08-03 03:00:00,1257.2659930573113,0.0,399.0,0.0
2025-08-03 03:30:00,1271.7969296999397,0.0,372.0,0.0
2025-08-03 04:00:00,1290.8651937281154,0.0,410.00000000000006,0.0
2025-08-03 04:30:00,1170.4130275761229,0.0,363.0,0.0
2025-08-03 05:00:00,903.5820304502596,0.0,261.0,0.0
2025-08-03 05:30:00,945.4903604480746,0.0,273.0,0.0
2025-08-03 06:00:00,880.4995952119868,0.0,247.0,0.0
2025-08-03 06:30:00,735.4135687413935,0.0,183.99999999999997,0.0
2025-08-03 07:00:00,954.198234956062,0.0,263.0,0.0
2025-08-03 07:30:00,912.8115015960052,0.0,238.99999999999997,0.0
2025-08-03 08:00:00,695.7843323583185,0.0,138.0,0.0
2025-08-03 08:30:00,543.8603536428253,0.0,141.0,0.0
2025-08-03 09:00:00,580.867015293743,0.0,217.0,0.0
2025-08-03 09:30:00,688.8180123000924,0.0,342.0,0.0
2025-08-03 10:00:00,953.508004974174,0.0,393.0,0.0
2025-08-03 10:30:00,916.5745948850641,0.0,405.0,0.0
2025-08-03 11:00:00,728.8964089995569,0.0,381.99999999999994,0.0
2025-08-03 11:30:00,805.2681139737327,0.0,402.0,0.0
2025-08-03 12:00:00,813.5558334971311,0.0,414.0,0.0
2025-08-03 12:30:00,728.3789376816447,0.0,359.0,0.0
2025-08-03 13:00:00,717.5867937615333,0.0,342.0,0.0
2025-08-03 13:30:00,260.6955803384912,0.0,163.0,0.0
2025-08-03 14:00:00,420.9068180407338,0.0,194.0,0.0
2025-08-03 14:30:00,1182.1090848040112,0.0,398.0,0.0
2025-08-03 15:00:00,1401.3523467734326,0.0,482.0,0.0
2025-08-03 15:30:00,1172.1584318468836,0.0,439.0,0.0
2025-08-03 16:00:00,1024.5613196405038,0.0,425.0,0.0
2025-08-03 16:30:00,1200.1297147208218,0.0,465.0,0.0
2025-08-03 17:00:00,1190.3404379822364,0.0,425.0,0.0
2025-08-03 17:30:00,1019.3614345605215,0.0,302.0,0.0
2025-08-03 18:00:00,1037.3193646078355,0.0,338.0,0.0
2025-08-03 18:30:00,1014.0323807684986,0.0,294.0,0.0
2025-08-03 19:00:00,949.5752072320233,0.0,272.0,0.0
2025-08-03 19:30:00,912.3983272334067,0.0,225.0,0.0
2025-08-03 20:00:00,713.1611944015567,0.0,176.0,0.0
2025-08-03 20:30:00,864.5584236584782,0.0,206.0,0.0
2025-08-03 21:00:00,832.1033443647351,0.0,175.0,0.0
2025-08-03 21:30:00,974.6368649525265,0.0,246.99999999999997,0.0
2025-08-03 22:00:00,1018.3027743167044,0.0,286.0,0.0
2025-08-03 22:30:00,961.183232608026,0.0,257.0,0.0
2025-08-03 23:00:00,1026.549588958512,0.0,293.0,0.0
2025-08-03 23:30:00,834.4163386706326,0.0,220.0,0.0
2025-08-04 00:00:00,1030.0866249443898,0.0,273.0,0.0
2025-08-04 00:30:00,617.9297212226015,0.0,157.0,0.0
2025-08-04 01:00:00,577.354952726653,0.0,136.0,0.0
2025-08-04 01:30:00,896.8711439470649,0.0,233.00000000000003,0.0
2025-08-04 02:00:00,1052.5072455796171,0.0,283.0,0.0
2025-08-04 02:30:00,971.9395306720605,0.0,274.0,0.0
2025-08-04 03:00:00,948.0845631086519,0.0,259.0,0.0
2025-08-04 03:30:00,945.0537179277508,0.0,254.0,0.0
2025-08-04 04:00:00,863.0686079811691,0.0,286.0,0.0
2025-08-04 04:30:00,1018.0742903059526,0.0,300.0,0.0
2025-08-04 05:00:00,922.9344585693142,0.0,263.0,0.0
2025-08-04 05:30:00,909.7762809115043,0.0,269.0,0.0
2025-08-04 06:00:00,879.2852483631126,0.0,251.99999999999997,0.0
2025-08-04 06:30:00,744.5105235922209,0.0,171.0,0.0
2025-08-04 07:00:00,770.4413149575277,0.0,224.0,0.0
2025-08-04 07:30:00,834.4992319125073,0.0,236.0,0.0
2025-08-04 08:00:00,676.3201334567142,0.0,213.0,0.0
2025-08-04 08:30:00,950.4570092362414,0.0,323.0,0.0
2025-08-04 09:00:00,1123.2146458913667,0.0,408.0,0.0
2025-08-04 09:30:00,983.9063400274725,0.0,455.0,0.0
2025-08-04 10:00:00,920.1710012723686,0.0,407.0,0.0
2025-08-04 10:30:00,908.8855824809151,0.0,427.0,0.0
2025-08-04 11:00:00,761.8677451259944,0.0,393.99999999999994,0.0
2025-08-04 11:30:00,855.3059436344947,0.0,424.0,0.0
2025-08-04 12:00:00,1172.9036520779434,0.0,465.0,0.0
2025-08-04 12:30:00,809.0687773138401,0.0,407.0,0.0
2025-08-04 13:00:00,610.8661449926204,0.0,332.0,0.0
2025-08-04 13:30:00,453.95003652860146,0.0,276.0,0.0
2025-08-04 14:00:00,556.9525622537031,0.0,295.0,0.0
2025-08-04 14:30:00,915.5471052087745,0.0,453.0,0.0
2025-08-04 15:00:00,994.4884536613674,0.0,405.0,0.0
2025-08-04 15:30:00,1194.1190095444363,0.0,449.0,0.0
2025-08-04 16:00:00,1368.841762429792,0.0,514.0,0.0
2025-08-04 16:30:00,1594.8973133942754,0.0,472.0,0.0
2025-08-04 17:00:00,1462.637928780254,0.0,503.0,0.0
2025-08-04 17:30:00,1087.4988109570972,0.0,329.0,0.0
2025-08-04 18:00:00,1293.3058138326699,0.0,452.0,0.0
2025-08-04 18:30:00,1357.2214172510144,0.0,471.0,0.0
2025-08-04 19:00:00,1371.9411306613288,0.0,500.0,0.0
2025-08-04 19:30:00,1377.7087518620797,0.0,480.0,0.0
2025-08-04 20:00:00,1100.1175345276679,0.0,341.0,0.0
2025-08-04 20:30:00,1043.1418020885128,0.0,353.0,0.0
2025-08-04 21:00:00,1164.8438128089094,0.0,397.0,0.0
2025-08-04 21:30:00,1299.3488827314688,0.0,463.0,0.0
2025-08-04 22:00:00,1422.5031948642431,0.0,476.00000000000006,0.0
2025-08-04 22:30:00,1319.0417182950594,0.0,441.0,0.0
2025-08-04 23:00:00,1276.6041202330885,0.0,428.0,0.0
2025-08-04 23:30:00,1485.7149142477467,0.0,457.0,0.0
2025-08-05 00:00:00,1391.7745207669072,0.0,450.0,0.0
2025-08-05 00:30:00,1103.0149459644274,0.0,278.0,0.0
2025-08-05 01:00:00,831.7932257723046,0.0,216.99999999999997,0.0
2025-08-05 01:30:00,895.1243709081104,0.0,319.0,0.0
2025-08-05 02:00:00,1279.215297705922,0.0,396.0,0.0
2025-08-05 02:30:00,1386.7615607786418,0.0,429.0,0.0
2025-08-05 03:00:00,1371.8138065666624,0.0,427.0,0.0
2025-08-05 03:30:00,1313.3950938551484,0.0,423.0,0.0
2025-08-05 04:00:00,1270.116146938746,0.0,415.0,0.0
2025-08-05 04:30:00,1378.4642413094075,0.0,462.0,0.0
2025-08-05 05:00:00,1342.465730249742,0.0,408.0,0.0
2025-08-05 05:30:00,1191.8170090910396,0.0,396.0,0.0
2025-08-05 06:00:00,1093.1264964927022,0.0,336.0,0.0
2025-08-05 06:30:00,912.3633876230674,0.0,189.0,0.0
2025-08-05 07:00:00,1100.526731540849,0.0,351.0,0.0
2025-08-05 07:30:00,1286.509647112007,0.0,394.99999999999994,0.0
2025-08-05 08:00:00,823.868718650276,0.0,289.0,0.0
2025-08-05 08:30:00,1038.251167837634,0.0,340.0,0.0
2025-08-05 09:00:00,1342.8919912393994,0.0,507.0,0.0
2025-08-05 09:30:00,1333.5690974458862,0.0,496.0,0.0
2025-08-05 10:00:00,1503.6909154340126,0.0,507.00000000000006,0.0
2025-08-05 10:30:00,1434.5555984945252,0.0,508.99999999999994,0.0
2025-08-05 11:00:00,1414.0370179954698,0.0,498.0,0.0
2025-08-05 11:30:00,1012.4090544805543,0.0,452.0,0.0
2025-08-05 12:00:00,1056.8838893245545,0.0,437.0,0.0
2025-08-05 12:30:00,810.5358749049599,0.0,416.0,0.0
2025-08-05 13:00:00,833.3490605605012,0.0,357.0,0.0
2025-08-05 13:30:00,440.632580974838,0.0,242.0,0.0
2025-08-05 14:00:00,552.0075281311158,0.0,283.0,0.0
2025-08-05 14:30:00,1064.271396029303,0.0,479.0,0.0
2025-08-05 15:00:00,1232.249567420869,0.0,523.0,0.0
2025-08-05 15:30:00,1193.1876436524203,0.0,491.0,0.0
2025-08-05 16:00:00,1084.8128412718697,0.0,462.0,0.0
2025-08-05 16:30:00,1093.8805750582871,0.0,458.0,0.0
2025-08-05 17:00:00,1106.5652839110871,0.0,471.0,0.0
2025-08-05 17:30:00,918.8609759202826,0.0,318.0,0.0
2025-08-05 18:00:00,1362.2730004564326,0.0,469.0,0.0
2025-08-05 18:30:00,1382.437224499661,0.0,495.0,0.0
2025-08-05 19:00:00,1417.7353349097252,0.0,498.0,0.0
2025-08-05 19:30:00,1456.7088580677714,0.0,471.99999999999994,0.0
2025-08-05 20:00:00,1164.4300199626434,0.0,372.0,0.0
2025-08-05 20:30:00,957.4752372158576,0.0,342.0,0.0
2025-08-05 21:00:00,1278.0577253153278,0.0,415.0,0.0
2025-08-05 21:30:00,1323.7899299131843,0.0,422.00000000000006,0.0
2025-08-05 22:00:00,1323.8724165702288,0.0,429.0,0.0
2025-08-05 22:30:00,1365.2688737787396,0.0,474.0,0.0
2025-08-05 23:00:00,1488.6503903865187,0.0,491.0,0.0
2025-08-05 23:30:00,1235.518665925321,0.0,420.0,0.0
2025-08-06 00:00:00,1471.176924003545,0.0,426.0,0.0
2025-08-06 00:30:00,1132.174139760614,0.0,293.0,0.0
2025-08-06 01:00:00,886.0246333273252,0.0,239.0,0.0
2025-08-06 01:30:00,1085.5916912445402,0.0,304.0,0.0
2025-08-06 02:00:00,1415.2745019042068,0.0,429.00000000000006,0.0
2025-08-06 02:30:00,1481.3401083463436,0.0,472.0,0.0
2025-08-06 03:00:00,1632.5695500728455,0.0,490.99999999999994,0.0
2025-08-06 03:30:00,1435.283175068777,0.0,437.00000000000006,0.0
2025-08-06 04:00:00,1451.6464486723316,0.0,474.99999999999994,0.0
2025-08-06 04:30:00,1473.7469296807367,0.0,489.00000000000006,0.0
2025-08-06 05:00:00,1400.5912596645621,0.0,437.99999999999994,0.0
2025-08-06 05:30:00,1522.5486109916696,0.0,467.00000000000006,0.0
2025-08-06 06:00:00,1368.3662655855812,0.0,414.0,0.0
2025-08-06 06:30:00,812.8465152106418,0.0,184.0,0.0
2025-08-06 07:00:00,1059.330583365583,0.0,330.0,0.0
2025-08-06 07:30:00,1370.8841839056852,0.0,442.99999999999994,0.0
2025-08-06 08:00:00,1178.6648334339282,0.0,316.0,0.0
2025-08-06 08:30:00,1006.7974157661532,0.0,319.0,0.0
2025-08-06 09:00:00,1202.322467651977,0.0,443.0,0.0
2025-08-06 09:30:00,1255.004328036597,0.0,464.99999999999994,0.0
2025-08-06 10:00:00,1044.0658500901386,0.0,435.0,0.0
2025-08-06 10:30:00,984.6961346517948,0.0,390.0,0.0
2025-08-06 11:00:00,942.9561466268649,0.0,440.0,0.0
2025-08-06 11:30:00,1002.3007579899258,0.0,457.0,0.0
2025-08-06 12:00:00,928.7919132446533,0.0,453.0,0.0
2025-08-06 12:30:00,871.8878533941075,0.0,404.0,0.0
2025-08-06 13:00:00,724.3457289412806,0.0,341.0,0.0
2025-08-06 13:30:00,459.57340644014516,0.0,228.0,0.0
2025-08-06 14:00:00,698.0803940390273,0.0,251.0,0.0
2025-08-06 14:30:00,1042.5940731556652,0.0,436.0,0.0
2025-08-06 15:00:00,1274.0141997759047,0.0,503.0,0.0
2025-08-06 15:30:00,1279.8609158884763,0.0,462.99999999999994,0.0
2025-08-06 16:00:00,1131.682457527273,0.0,463.0,0.0
2025-08-06 16:30:00,1255.808882074757,0.0,489.0,0.0
2025-08-06 17:00:00,1317.5059387488232,0.0,445.99999999999994,0.0
2025-08-06 17:30:00,1023.6660130210064,0.0,301.0,0.0
2025-08-06 18:00:00,1483.670752471137,0.0,477.0,0.0
2025-08-06 18:30:00,1476.3392346266037,0.0,518.0,0.0
2025-08-06 19:00:00,1440.390528478544,0.0,451.0,0.0
2025-08-06 19:30:00,1416.3811984368845,0.0,455.0,0.0
2025-08-06 20:00:00,1197.4478596391282,0.0,342.0,0.0
2025-08-06 20:30:00,1207.2671978024614,0.0,287.0,0.0
2025-08-06 21:00:00,1169.035363090987,0.0,345.0,0.0
2025-08-06 21:30:00,1186.8918820114986,0.0,343.0,0.0
2025-08-06 22:00:00,1430.9513367098828,0.0,373.0,0.0
2025-08-06 22:30:00,1275.158029341999,0.0,379.00000000000006,0.0
2025-08-06 23:00:00,1372.6707718834589,0.0,405.0,0.0
2025-08-06 23:30:00,1395.054368069606,0.0,411.00000000000006,0.0
2025-08-07 00:00:00,1373.1369216147177,0.0,357.0,0.0
2025-08-07 00:30:00,1055.6839584313486,0.0,231.0,0.0
2025-08-07 01:00:00,843.085409483847,0.0,169.0,0.0
2025-08-07 01:30:00,1060.5692999150276,0.0,267.0,0.0
2025-08-07 02:00:00,1227.9029872019598,0.0,331.0,0.0
2025-08-07 02:30:00,1402.5554123431868,0.0,380.0,0.0
2025-08-07 03:00:00,1374.9301786777264,0.0,393.0,0.0
2025-08-07 03:30:00,1434.634048289614,0.0,429.0,0.0
2025-08-07 04:00:00,1502.531856470479,0.0,423.0,0.0
2025-08-07 04:30:00,1405.1095370161388,0.0,380.0,0.0
2025-08-07 05:00:00,1311.7010116920221,0.0,331.0,0.0
2025-08-07 05:30:00,1401.208321652529,0.0,376.99999999999994,0.0
2025-08-07 06:00:00,1189.3463154243523,0.0,346.0,0.0
2025-08-07 06:30:00,894.3478048087599,0.0,171.0,0.0
2025-08-07 07:00:00,1089.5750191251257,0.0,296.0,0.0
2025-08-07 07:30:00,1560.6713668863215,0.0,410.0,0.0
2025-08-07 08:00:00,1008.1017762425324,0.0,295.0,0.0
2025-08-07 08:30:00,1036.0552485280352,0.0,319.0,0.0
2025-08-07 09:00:00,1360.0144481451257,0.0,445.0,0.0
2025-08-07 09:30:00,1451.1612166991904,0.0,486.0,0.0
2025-08-07 10:00:00,1316.481535714881,0.0,441.0,0.0
2025-08-07 10:30:00,1205.7714658785583,0.0,459.0,0.0
2025-08-07 11:00:00,1403.0545113006588,0.0,494.0,0.0
2025-08-07 11:30:00,1321.045590604269,0.0,481.00000000000006,0.0
2025-08-07 12:00:00,1206.9360360836383,0.0,489.0,0.0
2025-08-07 12:30:00,1077.7979970836643,0.0,453.0,0.0
2025-08-07 13:00:00,1138.7429141278867,0.0,404.0,0.0
2025-08-07 13:30:00,427.66475074134905,0.0,229.99999999999997,0.0
2025-08-07 14:00:00,489.56972569733813,0.0,269.0,0.0
2025-08-07 14:30:00,1187.0458353189003,0.0,464.0,0.0
2025-08-07 15:00:00,1015.0270043760668,0.0,438.0,0.0
2025-08-07 15:30:00,1384.7868388740642,0.0,497.0,0.0
2025-08-07 16:00:00,1468.4886583764044,0.0,530.0,0.0
2025-08-07 16:30:00,1507.863707190286,0.0,530.0,0.0
2025-08-07 17:00:00,1414.298127620158,0.0,535.0,0.0
2025-08-07 17:30:00,989.7183499405238,0.0,312.0,0.0
2025-08-07 18:00:00,1374.3046114892263,0.0,465.0,0.0
2025-08-07 18:30:00,1669.7212371350658,0.0,535.0,0.0
2025-08-07 19:00:00,1562.571137092328,0.0,523.0,0.0
2025-08-07 19:30:00,1628.9524028632075,0.0,496.0,0.0
2025-08-07 20:00:00,1341.4297057673227,0.0,384.0,0.0
2025-08-07 20:30:00,1090.759322587176,0.0,298.0,0.0
2025-08-07 21:00:00,1521.7006493340016,0.0,441.0,0.0
2025-08-07 21:30:00,1461.2154778354804,0.0,431.0,0.0
2025-08-07 22:00:00,1327.2006476222705,0.0,401.00000000000006,0.0
2025-08-07 22:30:00,1414.3906992327552,0.0,403.0,0.0
2025-08-07 23:00:00,1234.8085269119356,0.0,400.0,0.0
2025-08-07 23:30:00,1281.4250279278835,0.0,406.0,0.0
2025-08-08 00:00:00,1352.8287028024747,0.0,370.0,0.0
2025-08-08 00:30:00,1018.218462376664,0.0,277.0,0.0
2025-08-08 01:00:00,759.7647215551806,0.0,191.00000000000003,0.0
2025-08-08 01:30:00,917.0412504402401,0.0,265.0,0.0
2025-08-08 02:00:00,1177.0481388640578,0.0,324.0,0.0
2025-08-08 02:30:00,1279.6074100372932,0.0,424.00000000000006,0.0
2025-08-08 03:00:00,1284.8240083730884,0.0,388.0,0.0
2025-08-08 03:30:00,1367.910919710009,0.0,408.0,0.0
2025-08-08 04:00:00,1239.9957083388522,0.0,386.0,0.0
2025-08-08 04:30:00,1205.8322257008317,0.0,382.0,0.0
2025-08-08 05:00:00,1283.2125796937,0.0,405.0,0.0
2025-08-08 05:30:00,1247.5035944438262,0.0,376.0,0.0
2025-08-08 06:00:00,1247.073587914969,0.0,335.0,0.0
2025-08-08 06:30:00,826.0543439862124,0.0,173.0,0.0
2025-08-08 07:00:00,1117.9420830883053,0.0,314.0,0.0
2025-08-08 07:30:00,1167.531496339054,0.0,369.0,0.0
2025-08-08 08:00:00,976.9683481304727,0.0,299.0,0.0
2025-08-08 08:30:00,958.1632388293858,0.0,285.0,0.0
2025-08-08 09:00:00,1299.051580112843,0.0,410.0,0.0
2025-08-08 09:30:00,1324.4632921415189,0.0,435.00000000000006,0.0
2025-08-08 10:00:00,1211.4249333120808,0.0,452.00000000000006,0.0
2025-08-08 10:30:00,1261.170516895606,0.0,438.0,0.0
2025-08-08 11:00:00,1445.871756421369,0.0,447.0,0.0
2025-08-08 11:30:00,1309.7471183532161,0.0,439.0,0.0
2025-08-08 12:00:00,1100.3174852462591,0.0,400.0,0.0
2025-08-08 12:30:00,1249.6009807666103,0.0,403.00000000000006,0.0
2025-08-08 13:00:00,841.3008005845082,0.0,303.0,0.0
2025-08-08 13:30:00,658.0674532085147,0.0,182.0,0.0
2025-08-08 14:00:00,722.0207792154615,0.0,222.0,0.0
2025-08-08 14:30:00,947.1849891396357,0.0,331.0,0.0
2025-08-08 15:00:00,1073.3199665120028,0.0,410.0,0.0
2025-08-08 15:30:00,1282.7695673590188,0.0,427.99999999999994,0.0
2025-08-08 16:00:00,1282.182708722555,0.0,440.00000000000006,0.0
2025-08-08 16:30:00,1289.1694198694427,0.0,446.0,0.0
2025-08-08 17:00:00,1323.2817342085898,0.0,440.0,0.0
2025-08-08 17:30:00,822.5373603147294,0.0,246.0,0.0
2025-08-08 18:00:00,1327.1433906494162,0.0,425.00000000000006,0.0
2025-08-08 18:30:00,1311.1343146203599,0.0,432.0,0.0
2025-08-08 19:00:00,1387.1942674123206,0.0,430.0,0.0
2025-08-08 19:30:00,1173.2980668710975,0.0,394.00000000000006,0.0
2025-08-08 20:00:00,1014.83514806761,0.0,348.0,0.0
2025-08-08 20:30:00,1102.5517538207687,0.0,336.0,0.0
2025-08-08 21:00:00,1301.7187967061695,0.0,414.0,0.0
2025-08-08 21:30:00,1258.4168617934597,0.0,432.0,0.0
2025-08-08 22:00:00,1425.7442462090594,0.0,460.0,0.0
2025-08-08 22:30:00,1527.4800575641411,0.0,452.0,0.0
2025-08-08 23:00:00,1451.9447399126734,0.0,443.0,0.0
2025-08-08 23:30:00,1359.2836635994584,0.0,426.0,0.0
2025-08-09 00:00:00,1438.707733584282,0.0,417.99999999999994,0.0
2025-08-09 00:30:00,1020.5000016203151,0.0,286.0,0.0
2025-08-09 01:00:00,888.077232387567,0.0,242.0,0.0
2025-08-09 01:30:00,1028.563073051008,0.0,307.0,0.0
2025-08-09 02:00:00,1098.7736762364837,0.0,326.0,0.0
2025-08-09 02:30:00,1273.2024336565487,0.0,397.0,0.0
2025-08-09 03:00:00,1212.6834492392231,0.0,420.0,0.0
2025-08-09 03:30:00,1147.1859403971425,0.0,367.0,0.0
2025-08-09 04:00:00,1329.6030397749228,0.0,391.0,0.0
2025-08-09 04:30:00,1243.0001640662754,0.0,377.0,0.0
2025-08-09 05:00:00,1152.2345486381428,0.0,360.0,0.0
2025-08-09 05:30:00,1183.035478203662,0.0,349.0,0.0
2025-08-09 06:00:00,1023.5963324858211,0.0,286.0,0.0
2025-08-09 06:30:00,855.4079758727997,0.0,189.0,0.0
2025-08-09 07:00:00,1101.7538825151476,0.0,338.0,0.0
2025-08-09 07:30:00,1297.740430738542,0.0,407.0,0.0
2025-08-09 08:00:00,986.1391226030693,0.0,279.0,0.0
2025-08-09 08:30:00,934.2595234722477,0.0,299.0,0.0
2025-08-09 09:00:00,1160.4488481689407,0.0,399.0,0.0
2025-08-09 09:30:00,1195.3314158136645,0.0,455.0,0.0
2025-08-09 10:00:00,1138.257314986022,0.0,434.0,0.0
2025-08-09 10:30:00,1042.922475378196,0.0,493.0,0.0
2025-08-09 11:00:00,1170.4886408436644,0.0,468.0,0.0
2025-08-09 11:30:00,1127.0626683274852,0.0,489.0,0.0
2025-08-09 12:00:00,990.0977980191085,0.0,450.0,0.0
2025-08-09 12:30:00,927.9393099664151,0.0,451.0,0.0
2025-08-09 13:00:00,702.5059623690089,0.0,414.0,0.0
2025-08-09 13:30:00,268.0015854492179,0.0,198.0,0.0
2025-08-09 14:00:00,206.10950551211363,0.0,159.0,0.0
2025-08-09 14:30:00,689.2603536971459,0.0,364.0,0.0
2025-08-09 15:00:00,776.7637327374134,0.0,427.0,0.0
2025-08-09 15:30:00,946.5125727864719,0.0,407.0,0.0
2025-08-09 16:00:00,1104.6900691680478,0.0,455.99999999999994,0.0
2025-08-09 16:30:00,982.0443769083661,0.0,306.0,0.0
2025-08-09 17:00:00,822.4603461472224,0.0,226.0,0.0
2025-08-09 17:30:00,571.3358238285804,0.0,155.0,0.0
2025-08-09 18:00:00,823.6857535505853,0.0,249.0,0.0
2025-08-09 18:30:00,895.5456193376187,0.0,298.0,0.0
2025-08-09 19:00:00,953.0736050171555,0.0,251.99999999999997,0.0
2025-08-09 19:30:00,1015.152847172005,0.0,240.0,0.0
2025-08-09 20:00:00,780.8368541031924,0.0,189.0,0.0
2025-08-09 20:30:00,847.7574985178827,0.0,222.0,0.0
2025-08-09 21:00:00,1116.7857413214215,0.0,326.0,0.0
2025-08-09 21:30:00,1365.5371642709608,0.0,376.0,0.0
2025-08-09 22:00:00,1218.9576114606975,0.0,350.0,0.0
2025-08-09 22:30:00,1157.0265126831962,0.0,348.0,0.0
2025-08-09 23:00:00,1189.9435611353147,0.0,371.0,0.0
2025-08-09 23:30:00,1251.2165711482558,0.0,377.0,0.0
2025-08-10 00:00:00,1203.7671246199254,0.0,351.00000000000006,0.0
2025-08-10 00:30:00,981.8997974508837,0.0,236.0,0.0
2025-08-10 01:00:00,929.2166963786392,0.0,189.0,0.0
2025-08-10 01:30:00,898.9239634309768,0.0,268.0,0.0
2025-08-10 02:00:00,970.1680816273035,0.0,285.0,0.0
2025-08-10 02:30:00,1211.4307825247663,0.0,353.00000000000006,0.0
2025-08-10 03:00:00,1208.8091257403078,0.0,352.0,0.0
2025-08-10 03:30:00,1150.0933886001421,0.0,338.0,0.0
2025-08-10 04:00:00,1096.465890897929,0.0,290.0,0.0
2025-08-10 04:30:00,1046.6774504522764,0.0,264.0,0.0
2025-08-10 05:00:00,843.5292641169274,0.0,222.0,0.0
2025-08-10 05:30:00,978.5366853513691,0.0,270.0,0.0
2025-08-10 06:00:00,944.1743455595714,0.0,240.99999999999997,0.0
2025-08-10 06:30:00,721.4312677201266,0.0,150.0,0.0
2025-08-10 07:00:00,933.8409419429418,0.0,225.0,0.0
2025-08-10 07:30:00,812.3791551860882,0.0,247.0,0.0
2025-08-10 08:00:00,688.4727512034697,0.0,157.0,0.0
2025-08-10 08:30:00,540.9345887142856,0.0,178.0,0.0
2025-08-10 09:00:00,729.6818922684121,0.0,274.0,0.0
2025-08-10 09:30:00,883.8428060057835,0.0,336.0,0.0
2025-08-10 10:00:00,965.1654202507514,0.0,400.0,0.0
2025-08-10 10:30:00,974.224847603873,0.0,396.0,0.0
2025-08-10 11:00:00,890.477180175998,0.0,360.0,0.0
2025-08-10 11:30:00,975.8440703695638,0.0,400.0,0.0
2025-08-10 12:00:00,804.8833823526516,0.0,400.0,0.0
2025-08-10 12:30:00,731.3329290360929,0.0,361.0,0.0
2025-08-10 13:00:00,722.4655755461955,0.0,367.0,0.0
2025-08-10 13:30:00,185.87096332288016,1.0,146.0,0.0
2025-08-10 14:00:00,187.42673480710587,1.0,156.0,0.0
2025-08-10 14:30:00,672.3102555868298,0.0,341.0,0.0
2025-08-10 15:00:00,812.9178811974167,0.0,369.0,0.0
2025-08-10 15:30:00,1040.670781420695,0.0,415.0,0.0
2025-08-10 16:00:00,903.4344987199506,0.0,391.0,0.0
2025-08-10 16:30:00,900.5275854930976,0.0,414.0,0.0
2025-08-10 17:00:00,1013.3025137426455,0.0,417.0,0.0
2025-08-10 17:30:00,930.7569333438879,0.0,309.0,0.0
2025-08-10 18:00:00,995.1049020213906,0.0,354.0,0.0
2025-08-10 18:30:00,994.6161525628952,0.0,298.0,0.0
2025-08-10 19:00:00,991.6308746527276,0.0,280.0,0.0
2025-08-10 19:30:00,950.532229928767,0.0,277.0,0.0
2025-08-10 20:00:00,837.3017214268409,0.0,228.00000000000003,0.0
2025-08-10 20:30:00,786.6089799981656,0.0,166.0,0.0
2025-08-10 21:00:00,869.2665891037741,0.0,221.00000000000003,0.0
2025-08-10 21:30:00,871.5006431338826,0.0,222.00000000000003,0.0
2025-08-10 22:00:00,1020.7638620520718,0.0,233.0,0.0
2025-08-10 22:30:00,927.9115896185137,0.0,251.0,0.0
2025-08-10 23:00:00,1033.0742831398718,0.0,257.0,0.0
2025-08-10 23:30:00,805.1923030811017,0.0,219.00000000000003,0.0
2025-08-11 00:00:00,972.6121139734743,0.0,245.0,0.0
2025-08-11 00:30:00,622.0265343417997,0.0,83.0,0.0
2025-08-11 01:00:00,607.4506898188257,0.0,82.0,0.0
2025-08-11 01:30:00,894.6693722237524,0.0,221.0,0.0
2025-08-11 02:00:00,1149.9631683657913,0.0,286.0,0.0
2025-08-11 02:30:00,995.7997238267927,0.0,248.0,0.0
2025-08-11 03:00:00,938.1673205041425,0.0,246.00000000000003,0.0
2025-08-11 03:30:00,1103.5263689941883,0.0,256.0,0.0
2025-08-11 04:00:00,1065.0676909306858,0.0,265.0,0.0
2025-08-11 04:30:00,959.4703069022512,0.0,252.00000000000003,0.0
2025-08-11 05:00:00,976.3931349997008,0.0,256.0,0.0
2025-08-11 05:30:00,982.5860630840864,0.0,244.0,0.0
2025-08-11 06:00:00,877.4923288477518,0.0,207.0,0.0
2025-08-11 06:30:00,621.8319685717769,0.0,119.0,0.0
2025-08-11 07:00:00,897.0906206070208,0.0,245.0,0.0
2025-08-11 07:30:00,901.6373757120342,0.0,250.99999999999997,0.0
2025-08-11 08:00:00,704.799594409062,0.0,173.0,0.0
2025-08-11 08:30:00,928.9222417454457,0.0,282.0,0.0
2025-08-11 09:00:00,1276.525104451614,0.0,408.0,0.0
2025-08-11 09:30:00,1110.5003051041274,0.0,425.0,0.0
2025-08-11 10:00:00,1093.8771245965618,0.0,467.0,0.0
2025-08-11 10:30:00,865.6347155834117,0.0,416.0,0.0
2025-08-11 11:00:00,821.0799480644503,0.0,399.0,0.0
2025-08-11 11:30:00,904.0070711848778,0.0,427.0,0.0
2025-08-11 12:00:00,917.9994108707727,0.0,421.0,0.0
2025-08-11 12:30:00,838.5388647523415,0.0,429.0,0.0
2025-08-11 13:00:00,817.454601455759,0.0,405.0,0.0
2025-08-11 13:30:00,455.1207786920948,0.0,216.0,0.0
2025-08-11 14:00:00,471.8444600964866,0.0,236.0,0.0
2025-08-11 14:30:00,985.632113212482,0.0,435.0,0.0
2025-08-11 15:00:00,1046.5279522775184,0.0,440.0,0.0
2025-08-11 15:30:00,985.7623932494815,0.0,434.0,0.0
2025-08-11 16:00:00,1195.5149772626276,0.0,480.0,0.0
2025-08-11 16:30:00,1163.013839523199,0.0,460.00000000000006,0.0
2025-08-11 17:00:00,1205.6934878158258,0.0,485.0,0.0
2025-08-11 17:30:00,781.5792058453463,0.0,257.0,0.0
2025-08-11 18:00:00,1364.6935011218088,0.0,486.0,0.0
2025-08-11 18:30:00,1516.3454289597548,0.0,493.0,0.0
2025-08-11 19:00:00,1419.2900648784246,0.0,458.0,0.0
2025-08-11 19:30:00,1502.3048483656112,0.0,465.0,0.0
2025-08-11 20:00:00,1335.1608437020925,0.0,383.0,0.0
2025-08-11 20:30:00,1175.092175169874,0.0,308.0,0.0
2025-08-11 21:00:00,1332.616484574058,0.0,423.99999999999994,0.0
2025-08-11 21:30:00,1347.2587711939232,0.0,411.0,0.0
2025-08-11 22:00:00,1298.030927091946,0.0,413.0,0.0
2025-08-11 22:30:00,1360.7824158288688,0.0,420.0,0.0
2025-08-11 23:00:00,1359.224216693125,0.0,404.0,0.0
2025-08-11 23:30:00,1447.2530673405524,0.0,414.00000000000006,0.0
2025-08-12 00:00:00,1330.2258283337749,0.0,384.0,0.0
2025-08-12 00:30:00,1056.7907381895357,0.0,234.0,0.0
2025-08-12 01:00:00,883.1333378837041,0.0,206.0,0.0
2025-08-12 01:30:00,1054.6027788899416,0.0,296.0,0.0
2025-08-12 02:00:00,1202.2898619851276,0.0,358.0,0.0
2025-08-12 02:30:00,1330.4451703132013,0.0,404.99999999999994,0.0
2025-08-12 03:00:00,1293.9708721909346,0.0,392.0,0.0
2025-08-12 03:30:00,1267.3892691752098,0.0,395.0,0.0
2025-08-12 04:00:00,1285.0229928301408,0.0,387.00000000000006,0.0
2025-08-12 04:30:00,1199.3642445490966,0.0,360.0,0.0
2025-08-12 05:00:00,1181.8955559655544,0.0,363.0,0.0
2025-08-12 05:30:00,1202.3669991595857,0.0,330.0,0.0
2025-08-12 06:00:00,1241.453142674555,0.0,360.0,0.0
2025-08-12 06:30:00,868.7912380836777,0.0,175.0,0.0
2025-08-12 07:00:00,1032.252736144964,0.0,313.0,0.0
2025-08-12 07:30:00,1040.2766357211406,0.0,278.0,0.0
2025-08-12 08:00:00,840.1541049913851,0.0,259.0,0.0
2025-08-12 08:30:00,900.3065302380425,0.0,294.0,0.0
2025-08-12 09:00:00,1279.0748647487164,0.0,406.0,0.0
2025-08-12 09:30:00,1302.1705902026158,0.0,394.0,0.0
2025-08-12 10:00:00,1187.0191709040605,0.0,435.0,0.0
2025-08-12 10:30:00,1216.4105490514155,0.0,481.0,0.0
2025-08-12 11:00:00,1210.1332850721724,0.0,459.0,0.0
2025-08-12 11:30:00,984.4533550031585,0.0,466.0,0.0
2025-08-12 12:00:00,906.4597269870009,0.0,413.0,0.0
2025-08-12 12:30:00,802.4814244201833,0.0,385.0,0.0
2025-08-12 13:00:00,859.6709540236762,0.0,341.0,0.0
2025-08-12 13:30:00,383.6164930067941,0.0,199.0,0.0
2025-08-12 14:00:00,528.6227024246671,0.0,234.0,0.0
2025-08-12 14:30:00,1186.9266666445292,0.0,455.0,0.0
2025-08-12 15:00:00,1313.7585017931801,0.0,476.0,0.0
2025-08-12 15:30:00,1270.980076095556,0.0,442.0,0.0
2025-08-12 16:00:00,1327.88153739094,0.0,470.0,0.0
2025-08-12 16:30:00,1337.3491540053058,0.0,499.0,0.0
2025-08-12 17:00:00,1377.4633449614753,0.0,455.0,0.0
2025-08-12 17:30:00,941.0396219930167,0.0,281.0,0.0
2025-08-12 18:00:00,1379.1423545744633,0.0,432.0,0.0
2025-08-12 18:30:00,1517.2471702581013,0.0,503.0,0.0
2025-08-12 19:00:00,1464.515392843025,0.0,521.0,0.0
2025-08-12 19:30:00,1535.4667791823572,0.0,523.0,0.0
2025-08-12 20:00:00,1259.1214712005517,0.0,354.0,0.0
2025-08-12 20:30:00,1211.6510294898894,0.0,301.0,0.0
2025-08-12 21:00:00,1384.4448352876466,0.0,387.0,0.0
2025-08-12 21:30:00,1604.865287206797,0.0,449.0,0.0
2025-08-12 22:00:00,1484.1842193831963,0.0,407.0,0.0
2025-08-12 22:30:00,1376.9173511632216,0.0,422.0,0.0
2025-08-12 23:00:00,1286.8467303228263,0.0,348.0,0.0
2025-08-12 23:30:00,1346.7013471749412,0.0,379.0,0.0
2025-08-13 00:00:00,1298.0668889619199,0.0,380.0,0.0
2025-08-13 00:30:00,1098.9465940800033,0.0,278.0,0.0
2025-08-13 01:00:00,800.5723831117054,0.0,197.0,0.0
2025-08-13 01:30:00,930.7472758621835,0.0,307.0,0.0
2025-08-13 02:00:00,1014.6268155127698,0.0,361.0,0.0
2025-08-13 02:30:00,1284.6268305781005,0.0,440.0,0.0
2025-08-13 03:00:00,1255.8355696368767,0.0,402.0,0.0
2025-08-13 03:30:00,1256.1759015883204,0.0,389.0,0.0
2025-08-13 04:00:00,1335.52072864886,0.0,420.0,0.0
2025-08-13 04:30:00,1361.5613638412192,0.0,418.0,0.0
2025-08-13 05:00:00,1266.575194801206,0.0,399.0,0.0
2025-08-13 05:30:00,1201.64152494094,0.0,384.0,0.0
2025-08-13 06:00:00,1166.2189168969724,0.0,368.99999999999994,0.0
2025-08-13 06:30:00,835.788287974597,0.0,201.0,0.0
2025-08-13 07:00:00,1159.4449971658457,0.0,368.0,0.0
2025-08-13 07:30:00,1188.8817568834888,0.0,357.0,0.0
2025-08-13 08:00:00,999.857103400768,0.0,316.0,0.0
2025-08-13 08:30:00,975.9148385129549,0.0,385.0,0.0
2025-08-13 09:00:00,1056.689808840343,0.0,416.0,0.0
2025-08-13 09:30:00,1151.2612875827854,0.0,458.0,0.0
2025-08-13 10:00:00,1018.3015092427434,0.0,463.0,0.0
2025-08-13 10:30:00,1235.2903199507696,0.0,464.0,0.0
2025-08-13 11:00:00,1015.0826240189255,0.0,417.0,0.0
2025-08-13 11:30:00,1139.545828320351,0.0,449.0,0.0
2025-08-13 12:00:00,864.4235078086921,0.0,412.0,0.0
2025-08-13 12:30:00,857.4934190580508,0.0,428.0,0.0
2025-08-13 13:00:00,931.9825206034905,0.0,369.0,0.0
2025-08-13 13:30:00,658.7362955200136,0.0,259.0,0.0
2025-08-13 14:00:00,531.182564401233,0.0,263.0,0.0
2025-08-13 14:30:00,1022.1043967135238,0.0,383.0,0.0
2025-08-13 15:00:00,1122.3064021946268,0.0,472.0,0.0
2025-08-13 15:30:00,1165.1952098130557,0.0,424.0,0.0
2025-08-13 16:00:00,1241.1341875289718,0.0,471.0,0.0
2025-08-13 16:30:00,1274.4161381824586,0.0,479.0,0.0
2025-08-13 17:00:00,1413.4318988123257,0.0,466.0,0.0
2025-08-13 17:30:00,980.7929209959268,0.0,306.0,0.0
2025-08-13 18:00:00,1580.06717516577,0.0,503.0,0.0
2025-08-13 18:30:00,1345.2712684195048,0.0,504.0,0.0
2025-08-13 19:00:00,1527.792160582964,0.0,508.99999999999994,0.0
2025-08-13 19:30:00,1558.4893491679736,0.0,502.0,0.0
2025-08-13 20:00:00,1178.5250211216633,0.0,361.0,0.0
2025-08-13 20:30:00,1374.458603176239,0.0,352.0,0.0
2025-08-13 21:00:00,1421.2405976745567,0.0,413.0,0.0
2025-08-13 21:30:00,1339.9348847992012,0.0,419.0,0.0
2025-08-13 22:00:00,1350.1904176119137,0.0,420.0,0.0
2025-08-13 22:30:00,1250.1205520945189,0.0,434.99999999999994,0.0
2025-08-13 23:00:00,1377.6704170736027,0.0,445.00000000000006,0.0
2025-08-13 23:30:00,1485.3615909571013,0.0,464.0,0.0
2025-08-14 00:00:00,1442.013028605538,0.0,390.0,0.0
2025-08-14 00:30:00,980.7401083430286,0.0,245.0,0.0
2025-08-14 01:00:00,950.3541059323833,0.0,226.0,0.0
2025-08-14 01:30:00,1095.6831848086294,0.0,358.0,0.0
2025-08-14 02:00:00,1141.7072029371682,0.0,368.0,0.0
2025-08-14 02:30:00,1529.6490031923418,0.0,435.0,0.0
2025-08-14 03:00:00,1674.9918580727913,0.0,489.00000000000006,0.0
2025-08-14 03:30:00,1423.5563257128047,0.0,416.0,0.0
2025-08-14 04:00:00,1479.723818794245,0.0,437.0,0.0
2025-08-14 04:30:00,1423.1267684875445,0.0,423.00000000000006,0.0
2025-08-14 05:00:00,1368.262301879937,0.0,421.0,0.0
2025-08-14 05:30:00,1307.4338687310862,0.0,374.0,0.0
2025-08-14 06:00:00,1073.1757167946696,0.0,290.0,0.0
2025-08-14 06:30:00,767.6477764812772,0.0,187.0,0.0
2025-08-14 07:00:00,1216.331868820924,0.0,341.0,0.0
2025-08-14 07:30:00,1201.4719677960654,0.0,356.0,0.0
2025-08-14 08:00:00,1068.422469227521,0.0,263.0,0.0
2025-08-14 08:30:00,930.7204706854426,0.0,276.0,0.0
2025-08-14 09:00:00,1037.1857650940065,0.0,328.0,0.0
2025-08-14 09:30:00,962.2396417464536,0.0,363.0,0.0
2025-08-14 10:00:00,934.5272077370525,0.0,354.0,0.0
2025-08-14 10:30:00,878.9601947960034,0.0,385.0,0.0
2025-08-14 11:00:00,1023.4585565278526,0.0,393.0,0.0
2025-08-14 11:30:00,1088.4413773657077,0.0,411.0,0.0
2025-08-14 12:00:00,1031.0462168352722,0.0,376.0,0.0
2025-08-14 12:30:00,840.9592691295726,0.0,391.0,0.0
2025-08-14 13:00:00,776.150065045767,0.0,319.0,0.0
2025-08-14 13:30:00,560.6944053444934,0.0,208.0,0.0
2025-08-14 14:00:00,442.3415538352302,0.0,258.0,0.0
2025-08-14 14:30:00,939.807176469091,0.0,416.0,0.0
2025-08-14 15:00:00,1207.6381254129926,0.0,474.00000000000006,0.0
2025-08-14 15:30:00,1063.6946312428279,0.0,484.00000000000006,0.0
2025-08-14 16:00:00,974.8214673345756,0.0,451.0,0.0
2025-08-14 16:30:00,1237.1545739467906,0.0,458.0,0.0
2025-08-14 17:00:00,1085.8173971214924,0.0,434.0,0.0
2025-08-14 17:30:00,707.9181724566056,0.0,220.99999999999997,0.0
2025-08-14 18:00:00,1449.1819185812737,0.0,449.0,0.0
2025-08-14 18:30:00,1464.5198942618272,0.0,454.99999999999994,0.0
2025-08-14 19:00:00,1539.014419504099,0.0,436.99999999999994,0.0
2025-08-14 19:30:00,1453.8590389451765,0.0,391.00000000000006,0.0
2025-08-14 20:00:00,1132.8229950652587,0.0,294.0,0.0
2025-08-14 20:30:00,1033.771085740171,0.0,309.0,0.0
2025-08-14 21:00:00,1272.368536882309,0.0,377.99999999999994,0.0
2025-08-14 21:30:00,1169.0256003404388,0.0,392.0,0.0
2025-08-14 22:00:00,1426.3737146623155,0.0,382.99999999999994,0.0
2025-08-14 22:30:00,1125.45497248071,0.0,373.0,0.0
2025-08-14 23:00:00,1202.4008251540233,0.0,371.0,0.0
2025-08-14 23:30:00,1098.4317488739025,0.0,311.0,0.0
2025-08-15 00:00:00,1309.8050676394864,0.0,421.0,0.0
2025-08-15 00:30:00,1017.9587491797703,0.0,282.0,0.0
2025-08-15 01:00:00,861.3949075400835,0.0,234.0,0.0
2025-08-15 01:30:00,1098.0004053180974,0.0,317.99999999999994,0.0
2025-08-15 02:00:00,1204.7504719871372,0.0,383.0,0.0
2025-08-15 02:30:00,1468.2546616807867,0.0,455.0,0.0
2025-08-15 03:00:00,1394.769863698361,0.0,450.99999999999994,0.0
2025-08-15 03:30:00,1498.7246741883632,0.0,439.0,0.0
2025-08-15 04:00:00,1417.6095174290567,0.0,463.0,0.0
2025-08-15 04:30:00,1288.0234630451534,0.0,401.0,0.0
2025-08-15 05:00:00,1418.5085439321363,0.0,450.0,0.0
2025-08-15 05:30:00,1356.3425423356264,0.0,437.00000000000006,0.0
2025-08-15 06:00:00,1195.965198499496,0.0,384.0,0.0
2025-08-15 06:30:00,854.7419598421609,0.0,242.00000000000003,0.0
2025-08-15 07:00:00,1165.044644317748,0.0,371.0,0.0
2025-08-15 07:30:00,1287.9787080290857,0.0,405.00000000000006,0.0
2025-08-15 08:00:00,898.6816941996672,0.0,248.0,0.0
2025-08-15 08:30:00,1040.2557733690048,0.0,346.0,0.0
2025-08-15 09:00:00,1147.435412356989,0.0,434.0,0.0
2025-08-15 09:30:00,1296.799096087961,0.0,458.99999999999994,0.0
2025-08-15 10:00:00,1568.6196296203764,0.0,493.0,0.0
2025-08-15 10:30:00,1438.554653638624,0.0,530.0,0.0
2025-08-15 11:00:00,1282.4765097189588,0.0,482.0,0.0
2025-08-15 11:30:00,1318.1411852787355,0.0,512.0,0.0
2025-08-15 12:00:00,1244.349799887382,0.0,522.0,0.0
2025-08-15 12:30:00,1000.1600634243664,0.0,458.0,0.0
2025-08-15 13:00:00,797.1992045394251,0.0,390.0,0.0
2025-08-15 13:30:00,363.35665740177103,0.0,258.0,0.0
2025-08-15 14:00:00,528.9366226863798,0.0,265.0,0.0
2025-08-15 14:30:00,1004.5502138070268,0.0,417.0,0.0
2025-08-15 15:00:00,1518.19597466878,0.0,521.0,0.0
2025-08-15 15:30:00,1464.6632270047805,0.0,523.0,0.0
2025-08-15 16:00:00,1556.779954021666,0.0,516.0,0.0
2025-08-15 16:30:00,1451.5548944307318,0.0,495.0,0.0
2025-08-15 17:00:00,1187.461287576708,0.0,478.0,0.0
2025-08-15 17:30:00,958.3551653240172,0.0,300.0,0.0
2025-08-15 18:00:00,1417.171376583576,0.0,441.0,0.0
2025-08-15 18:30:00,1504.7571346697111,0.0,495.99999999999994,0.0
2025-08-15 19:00:00,1528.6429649583201,0.0,536.0,0.0
2025-08-15 19:30:00,1568.9187697605219,0.0,508.0,0.0
2025-08-15 20:00:00,1268.9472514071651,0.0,421.0,0.0
2025-08-15 20:30:00,1089.7953657125645,0.0,367.0,0.0
2025-08-15 21:00:00,1383.0817642155862,0.0,453.0,0.0
2025-08-15 21:30:00,1408.918291551625,0.0,449.0,0.0
2025-08-15 22:00:00,1315.5920587219011,0.0,504.0,0.0
2025-08-15 22:30:00,1249.8107390372884,0.0,423.0,0.0
2025-08-15 23:00:00,1444.0458659170545,0.0,470.0,0.0
2025-08-15 23:30:00,1399.8556184024133,0.0,476.0,0.0
2025-08-16 00:00:00,1042.7036506665756,0.0,236.0,0.0
2025-08-16 00:30:00,919.7367631007706,0.0,183.14893617021278,0.0
2025-08-16 01:00:00,1146.4935793470584,0.0,293.06382978723406,0.0
2025-08-16 01:30:00,1369.2118888723346,0.0,399.1063829787234,0.0
2025-08-16 02:00:00,1406.6980748057545,0.0,399.59574468085106,0.0
2025-08-16 02:30:00,1386.9061167943419,0.0,413.29787234042556,0.0
2025-08-16 03:00:00,1507.170678196921,0.0,457.74468085106383,0.0
2025-08-16 03:30:00,1325.9467671459065,0.0,379.7446808510639,0.0
2025-08-16 04:00:00,1253.1607525560173,0.0,379.93617021276594,0.0
2025-08-16 04:30:00,1179.3867118828193,0.0,378.95744680851067,0.0
2025-08-16 05:00:00,1269.5578095320811,0.0,359.10638297872345,0.0
2025-08-16 05:30:00,1176.0227383551805,0.0,325.6595744680851,0.0
2025-08-16 06:00:00,1007.7130726058729,0.0,231.36170212765956,0.0
2025-08-16 06:30:00,1046.9865646087821,0.0,286.63829787234044,0.0
2025-08-16 07:00:00,1172.7737226461793,0.0,363.9361702127659,0.0
2025-08-16 07:30:00,1138.2317013706381,0.0,295.85106382978734,0.0
2025-08-16 08:00:00,980.1271446225184,0.0,282.04255319148933,0.0
2025-08-16 08:30:00,914.6665197850602,0.0,345.1489361702126,0.0
2025-08-16 09:00:00,1114.9649348851979,0.0,404.46808510638294,0.0
2025-08-16 09:30:00,1044.9390330295814,0.0,434.7234042553191,0.0
2025-08-16 10:00:00,1053.9393473797718,0.0,431.6595744680851,0.0
2025-08-16 10:30:00,1092.248894957403,0.0,410.72340425531917,0.0
2025-08-16 11:00:00,1055.1182038063487,0.0,388.29787234042556,0.0
2025-08-16 11:30:00,1125.3664299628729,0.0,417.82978723404256,0.0
2025-08-16 12:00:00,1371.397154888999,0.0,455.5106382978724,0.0
2025-08-16 12:30:00,1163.9731708339102,0.0,423.6382978723404,0.0
2025-08-16 13:00:00,813.3022082990523,0.0,311.14893617021266,0.0
2025-08-16 13:30:00,386.6632959454192,0.0,198.1276595744682,0.0
2025-08-16 14:00:00,441.1704978986571,0.0,255.65957446808468,0.0
2025-08-16 14:30:00,923.8722653736531,0.0,418.5106382978721,0.0
2025-08-16 15:00:00,1051.8670403004755,0.0,467.1063829787235,0.0
2025-08-16 15:30:00,1131.440149471925,0.0,435.06382978723406,0.0
2025-08-16 16:00:00,1058.5682741335663,0.0,445.46808510638294,0.0
2025-08-16 16:30:00,967.5674802399282,0.0,387.38297872340524,0.0
2025-08-16 17:00:00,534.5088075303769,0.0,208.36170212765984,0.0
2025-08-16 17:30:00,560.5036099776916,0.0,174.6170212765955,0.0
2025-08-16 18:00:00,882.3721336180682,0.0,232.5531914893616,0.0
2025-08-16 18:30:00,915.730990524121,0.0,252.72340425531917,0.0
2025-08-16 19:00:00,901.9222036217135,0.0,245.31914893617025,0.0
2025-08-16 19:30:00,905.5456400011196,0.0,233.14893617021278,0.0
2025-08-16 20:00:00,875.5490715650624,0.0,240.02127659574452,0.0
2025-08-16 20:30:00,1091.0457485095383,0.0,314.1063829787232,0.0
2025-08-16 21:00:00,1356.9459939357782,0.0,390.1063829787234,0.0
2025-08-16 21:30:00,1098.8045772619546,0.0,387.68085106382983,0.0
2025-08-16 22:00:00,1183.038414562644,0.0,354.6808510638298,0.0
2025-08-16 22:30:00,1277.7487152050203,0.0,393.1489361702128,0.0
2025-08-16 23:00:00,1279.7540398960425,0.0,374.48936170212767,0.0
2025-08-16 23:30:00,1306.958668591292,0.0,397.0,0.0
2025-08-17 00:00:00,1340.549009019181,0.0,411.0,0.0
2025-08-17 00:30:00,1017.9663305773067,0.0,319.0,0.0
2025-08-17 01:00:00,855.6523536015831,0.0,253.00000000000003,0.0
2025-08-17 01:30:00,956.5830615026371,0.0,282.0,0.0
2025-08-17 02:00:00,1067.7003347811096,0.0,276.0,0.0
2025-08-17 02:30:00,1233.5046894595048,0.0,368.0,0.0
2025-08-17 03:00:00,1238.3024015664244,0.0,344.0,0.0
2025-08-17 03:30:00,1204.986961129527,0.0,352.0,0.0
2025-08-17 04:00:00,1158.3297638864155,0.0,338.0,0.0
2025-08-17 04:30:00,1164.2352580944532,0.0,330.0,0.0
2025-08-17 05:00:00,969.4630165054431,0.0,247.0,0.0
2025-08-17 05:30:00,945.9612212708093,0.0,228.0,0.0
2025-08-17 06:00:00,914.389153984366,0.0,246.99999999999997,0.0
2025-08-17 06:30:00,688.2548130411964,0.0,142.0,0.0
2025-08-17 07:00:00,866.5872556054127,0.0,229.00000000000003,0.0
2025-08-17 07:30:00,769.1956168350455,0.0,194.99999999999997,0.0
2025-08-17 08:00:00,692.0045567473952,0.0,169.0,0.0
2025-08-17 08:30:00,602.0042504336269,0.0,173.00000000000003,0.0
2025-08-17 09:00:00,791.8761786887703,0.0,266.0,0.0
2025-08-17 09:30:00,1156.066937567367,0.0,423.0,0.0
2025-08-17 10:00:00,1267.6396953846352,0.0,425.0,0.0
2025-08-17 10:30:00,1086.9615999876764,0.0,439.0,0.0
2025-08-17 11:00:00,1027.7152134086189,0.0,413.0,0.0
2025-08-17 11:30:00,904.4998830870886,0.0,397.0,0.0
2025-08-17 12:00:00,810.0203418065578,0.0,445.0,0.0
2025-08-17 12:30:00,942.7420202635169,0.0,456.0,0.0
2025-08-17 13:00:00,755.0297142214589,0.0,354.0,0.0
2025-08-17 13:30:00,296.754924965778,0.0,165.0,0.0
2025-08-17 14:00:00,335.2365181583242,0.0,175.0,0.0
2025-08-17 14:30:00,935.2377973520732,0.0,408.0,0.0
2025-08-17 15:00:00,1039.2189684817486,0.0,428.0,0.0
2025-08-17 15:30:00,1221.6297880450375,0.0,454.0,0.0
2025-08-17 16:00:00,1691.8515323464378,0.0,518.0,0.0
2025-08-17 16:30:00,1405.824331659448,0.0,461.99999999999994,0.0
2025-08-17 17:00:00,1204.2740048977373,0.0,444.0,0.0
2025-08-17 17:30:00,1078.6907826805475,0.0,292.00000000000006,0.0
2025-08-17 18:00:00,1140.1951194296919,0.0,364.0,0.0
2025-08-17 18:30:00,1029.7808253984026,0.0,288.0,0.0
2025-08-17 19:00:00,971.4255569315807,0.0,279.0,0.0
2025-08-17 19:30:00,814.916354881842,0.0,217.00000000000003,0.0
2025-08-17 20:00:00,646.9914653804608,0.0,164.99999999999997,0.0
2025-08-17 20:30:00,712.4691717656128,0.0,188.0,0.0
2025-08-17 21:00:00,882.3513543525288,0.0,282.0,0.0
2025-08-17 21:30:00,953.8856915110628,0.0,263.0,0.0
2025-08-17 22:00:00,866.4595267168505,0.0,225.0,0.0
2025-08-17 22:30:00,905.4683455397512,0.0,270.0,0.0
2025-08-17 23:00:00,963.2702144499355,0.0,261.0,0.0
2025-08-17 23:30:00,860.1400498790803,0.0,281.0,0.0
2025-08-18 00:00:00,835.0579616375657,0.0,225.00000000000003,0.0
2025-08-18 00:30:00,578.5145241044592,0.0,155.0,0.0
2025-08-18 01:00:00,530.7160382100269,0.0,154.0,0.0
2025-08-18 01:30:00,815.3692461126802,0.0,235.0,0.0
2025-08-18 02:00:00,895.4363150863645,0.0,279.0,0.0
2025-08-18 02:30:00,860.748805330358,0.0,252.00000000000003,0.0
2025-08-18 03:00:00,949.9569989035217,0.0,272.0,0.0
2025-08-18 03:30:00,1058.465517098757,0.0,302.00000000000006,0.0
2025-08-18 04:00:00,872.0357129227286,0.0,251.99999999999997,0.0
2025-08-18 04:30:00,890.5379244432457,0.0,259.0,0.0
2025-08-18 05:00:00,777.6936381826324,0.0,248.0,0.0
2025-08-18 05:30:00,854.5787348723704,0.0,268.0,0.0
2025-08-18 06:00:00,888.6751274690553,0.0,214.0,0.0
2025-08-18 06:30:00,557.7237878172131,0.0,137.0,0.0
2025-08-18 07:00:00,846.1780785333168,0.0,228.0,0.0
2025-08-18 07:30:00,835.2513217381955,0.0,243.99999999999997,0.0
2025-08-18 08:00:00,800.817508187469,0.0,232.0,0.0
2025-08-18 08:30:00,939.3065379355284,0.0,312.0,0.0
2025-08-18 09:00:00,1216.4207747072983,0.0,416.0,0.0
2025-08-18 09:30:00,1349.4457806978612,0.0,447.99999999999994,0.0
2025-08-18 10:00:00,1285.3098785704017,0.0,450.0,0.0
2025-08-18 10:30:00,1285.3668251220574,0.0,416.00000000000006,0.0
2025-08-18 11:00:00,1452.287360121326,0.0,424.0,0.0
2025-08-18 11:30:00,1349.0770884783497,0.0,421.0,0.0
2025-08-18 12:00:00,1351.2165884931671,0.0,420.0,0.0
2025-08-18 12:30:00,1332.8130935668185,0.0,400.0,0.0
2025-08-18 13:00:00,1035.5045976562587,0.0,303.0,0.0
2025-08-18 13:30:00,611.7920947520978,0.0,183.0,0.0
2025-08-18 14:00:00,620.5523909950881,0.0,214.0,0.0
2025-08-18 14:30:00,1031.6584499455587,0.0,397.0,0.0
2025-08-18 15:00:00,1115.4517341504452,0.0,433.0,0.0
2025-08-18 15:30:00,1276.4567843376162,0.0,428.0,0.0
2025-08-18 16:00:00,1290.2944533662587,0.0,455.99999999999994,0.0
2025-08-18 16:30:00,1233.375693171023,0.0,419.0,0.0
2025-08-18 17:00:00,1380.7682421352567,0.0,439.0,0.0
2025-08-18 17:30:00,831.584486727789,0.0,235.0,0.0
2025-08-18 18:00:00,1232.2185805702343,0.0,429.0,0.0
2025-08-18 18:30:00,1351.1414919986598,0.0,439.0,0.0
2025-08-18 19:00:00,1374.0901169145338,0.0,463.00000000000006,0.0
2025-08-18 19:30:00,1327.9452868870856,0.0,418.0,0.0
2025-08-18 20:00:00,1165.4093573654716,0.0,360.99999999999994,0.0
2025-08-18 20:30:00,1083.2727838872524,0.0,296.0,0.0
2025-08-18 21:00:00,1156.3613434830932,0.0,351.0,0.0
2025-08-18 21:30:00,1315.1715713582748,0.0,422.0,0.0
2025-08-18 22:00:00,1359.2748475470025,0.0,406.0,0.0
2025-08-18 22:30:00,1400.6415203125061,0.0,415.0,0.0
2025-08-18 23:00:00,1435.2895254929922,0.0,441.0,0.0
2025-08-18 23:30:00,1519.0097686350846,0.0,441.0,0.0
2025-08-19 00:00:00,1383.0627572074466,0.0,450.0,0.0
2025-08-19 00:30:00,906.0751505936662,0.0,278.0,0.0
2025-08-19 01:00:00,853.2876459299061,0.0,217.0,0.0
2025-08-19 01:30:00,1076.4481892260178,0.0,319.0,0.0
2025-08-19 02:00:00,1214.5416072787625,0.0,396.0,0.0
2025-08-19 02:30:00,1408.238086124493,0.0,429.0,0.0
2025-08-19 03:00:00,1350.6658788354257,0.0,427.0,0.0
2025-08-19 03:30:00,1318.7357884681207,0.0,423.0,0.0
2025-08-19 04:00:00,1232.0279701907023,0.0,415.0,0.0
2025-08-19 04:30:00,1321.050904588564,0.0,462.0,0.0
2025-08-19 05:00:00,1371.0584811020683,0.0,408.0,0.0
2025-08-19 05:30:00,1221.1078627905397,0.0,396.0,0.0
2025-08-19 06:00:00,1263.5185010552182,0.0,336.0,0.0
2025-08-19 06:30:00,794.3751249748974,0.0,189.0,0.0
2025-08-19 07:00:00,1088.5296523152379,0.0,351.0,0.0
2025-08-19 07:30:00,1358.630350796282,0.0,395.0,0.0
2025-08-19 08:00:00,918.5451157082733,0.0,289.0,0.0
2025-08-19 08:30:00,1069.7553622410999,0.0,340.0,0.0
2025-08-19 09:00:00,1492.4751964133466,0.0,507.0,0.0
2025-08-19 09:30:00,1319.2277791115368,0.0,496.0,0.0
2025-08-19 10:00:00,1419.9276238196921,0.0,507.00000000000006,0.0
2025-08-19 10:30:00,1389.4658245083244,0.0,509.00000000000006,0.0
2025-08-19 11:00:00,1286.223757080125,0.0,498.0,0.0
2025-08-19 11:30:00,1096.1404666503613,0.0,452.0,0.0
2025-08-19 12:00:00,1032.6594293817805,0.0,437.0,0.0
2025-08-19 12:30:00,872.1280855829958,0.0,416.0,0.0
2025-08-19 13:00:00,722.0753120604484,0.0,357.0,0.0
2025-08-19 13:30:00,386.60805009209133,0.0,242.0,0.0
2025-08-19 14:00:00,581.1792825519811,0.0,283.0,0.0
2025-08-19 14:30:00,1106.7791662199172,0.0,479.0,0.0
2025-08-19 15:00:00,1183.3915133315518,0.0,523.0,0.0
2025-08-19 15:30:00,1205.219651148323,0.0,491.0,0.0
2025-08-19 16:00:00,1003.2260574106647,0.0,462.0,0.0
2025-08-19 16:30:00,1186.5395479508506,0.0,458.0,0.0
2025-08-19 17:00:00,1207.9447946212,0.0,471.0,0.0
2025-08-19 17:30:00,929.5460686612046,0.0,318.0,0.0
2025-08-19 18:00:00,1371.3525124027663,0.0,469.0,0.0
2025-08-19 18:30:00,1518.0466155464537,0.0,495.0,0.0
2025-08-19 19:00:00,1477.3207298152124,0.0,498.0,0.0
2025-08-19 19:30:00,1492.111356726271,0.0,472.0,0.0
2025-08-19 20:00:00,1262.725125693854,0.0,372.0,0.0
2025-08-19 20:30:00,1112.791539352824,0.0,342.00000000000006,0.0
2025-08-19 21:00:00,1274.3504404369987,0.0,415.0,0.0
2025-08-19 21:30:00,1275.277636049803,0.0,422.0,0.0
2025-08-19 22:00:00,1465.287878913253,0.0,429.0,0.0
2025-08-19 22:30:00,1382.7196235393549,0.0,474.0,0.0
2025-08-19 23:00:00,1482.3792092205551,0.0,491.00000000000006,0.0
2025-08-19 23:30:00,1334.1322477837127,0.0,420.0,0.0
2025-08-20 00:00:00,1331.2968118859337,0.0,411.0,0.0
2025-08-20 00:30:00,1018.7686159938247,0.0,308.0,0.0
2025-08-20 01:00:00,933.2037101585486,0.0,240.99999999999997,0.0
2025-08-20 01:30:00,1050.633179223657,0.0,292.0,0.0
2025-08-20 02:00:00,1177.5103733642698,0.0,352.0,0.0
2025-08-20 02:30:00,1408.7834167329784,0.0,439.00000000000006,0.0
2025-08-20 03:00:00,1445.6287725219406,0.0,461.0,0.0
2025-08-20 03:30:00,1320.1827549648153,0.0,427.0,0.0
2025-08-20 04:00:00,1213.4701872088142,0.0,407.00000000000006,0.0
2025-08-20 04:30:00,1173.3939217552145,0.0,415.99999999999994,0.0
2025-08-20 05:00:00,1302.8760930085905,0.0,408.00000000000006,0.0
2025-08-20 05:30:00,1330.0993939739299,0.0,413.0,0.0
2025-08-20 06:00:00,1171.1034230382013,0.0,327.0,0.0
2025-08-20 06:30:00,777.6085669315651,0.0,224.0,0.0
2025-08-20 07:00:00,1142.391998503249,0.0,350.0,0.0
2025-08-20 07:30:00,1355.3620687899197,0.0,391.0,0.0
2025-08-20 08:00:00,962.5608992694931,0.0,293.0,0.0
2025-08-20 08:30:00,1002.6190977583799,0.0,353.0,0.0
2025-08-20 09:00:00,1259.4830901150108,0.0,439.0,0.0
2025-08-20 09:30:00,1383.2121507483398,0.0,452.0,0.0
2025-08-20 10:00:00,1144.9002595933605,0.0,451.0,0.0
2025-08-20 10:30:00,1132.369545409795,0.0,447.0,0.0
2025-08-20 11:00:00,1039.928954693515,0.0,486.0,0.0
2025-08-20 11:30:00,981.1896288852993,0.0,485.0,0.0
2025-08-20 12:00:00,1055.117317387048,0.0,456.0,0.0
2025-08-20 12:30:00,1139.8830191324394,0.0,464.0,0.0
2025-08-20 13:00:00,797.1968232953851,0.0,382.0,0.0
2025-08-20 13:30:00,458.85630972542333,0.0,264.0,0.0
2025-08-20 14:00:00,506.40159657765594,0.0,318.0,0.0
2025-08-20 14:30:00,1189.5734804399112,0.0,443.0,0.0
2025-08-20 15:00:00,907.3590018000448,0.0,501.0,0.0
2025-08-20 15:30:00,1230.6631089126254,0.0,483.0,0.0
2025-08-20 16:00:00,1228.7697900484131,0.0,464.0,0.0
2025-08-20 16:30:00,1393.4632556302024,0.0,467.0,0.0
2025-08-20 17:00:00,1406.2353906523808,0.0,481.0,0.0
2025-08-20 17:30:00,1068.9930569897128,0.0,335.0,0.0
2025-08-20 18:00:00,1352.5163903775476,0.0,494.99999999999994,0.0
2025-08-20 18:30:00,1624.040199393249,0.0,511.99999999999994,0.0
2025-08-20 19:00:00,1667.4067887303395,0.0,554.0,0.0
2025-08-20 19:30:00,1557.7111110313926,0.0,469.99999999999994,0.0
2025-08-20 20:00:00,1099.7569548193146,0.0,365.0,0.0
2025-08-20 20:30:00,1268.9568484559231,0.0,357.0,0.0
2025-08-20 21:00:00,1409.9494312428383,0.0,438.0,0.0
2025-08-20 21:30:00,1484.2667276333666,0.0,455.99999999999994,0.0
2025-08-20 22:00:00,1411.9399018218317,0.0,422.00000000000006,0.0
2025-08-20 22:30:00,1308.6002926888916,0.0,430.0,0.0
2025-08-20 23:00:00,1385.6375293338313,0.0,461.0,0.0
2025-08-20 23:30:00,1329.15000915661,0.0,435.0,0.0
2025-08-21 00:00:00,1304.504659616464,0.0,384.0,0.0
2025-08-21 00:30:00,979.3086894360022,0.0,260.0,0.0
2025-08-21 01:00:00,855.2975800335126,0.0,218.00000000000003,0.0
2025-08-21 01:30:00,1070.3537087805305,0.0,322.0,0.0
2025-08-21 02:00:00,1114.6134140867198,0.0,354.0,0.0
2025-08-21 02:30:00,1242.8215025268796,0.0,369.99999999999994,0.0
2025-08-21 03:00:00,1238.02363911855,0.0,405.0,0.0
2025-08-21 03:30:00,1203.9700801618862,0.0,409.0,0.0
2025-08-21 04:00:00,1206.5903779747941,0.0,419.0,0.0
2025-08-21 04:30:00,1292.4747713403,0.0,378.0,0.0
2025-08-21 05:00:00,1265.2186219663618,0.0,370.0,0.0
2025-08-21 05:30:00,1109.6590010722364,0.0,383.0,0.0
2025-08-21 06:00:00,1055.3563999783705,0.0,334.0,0.0
2025-08-21 06:30:00,830.695026056281,0.0,229.00000000000003,0.0
2025-08-21 07:00:00,1206.2837029716247,0.0,363.0,0.0
2025-08-21 07:30:00,1172.1513887449746,0.0,359.0,0.0
2025-08-21 08:00:00,961.6914248428903,0.0,247.0,0.0
2025-08-21 08:30:00,627.9588239336097,0.0,186.0,0.0
2025-08-21 09:00:00,599.2753859029807,0.0,194.0,0.0
2025-08-21 09:30:00,810.0483941756723,0.0,327.0,0.0
2025-08-21 10:00:00,1038.9826999459883,0.0,421.0,0.0
2025-08-21 10:30:00,793.3085066843455,0.0,391.0,0.0
2025-08-21 11:00:00,1102.322352878986,0.0,468.0,0.0
2025-08-21 11:30:00,950.1014883220657,0.0,437.0,0.0
2025-08-21 12:00:00,934.358801184489,0.0,400.0,0.0
2025-08-21 12:30:00,962.1816436533094,0.0,441.0,0.0
2025-08-21 13:00:00,838.0554811076344,0.0,361.0,0.0
2025-08-21 13:30:00,343.40849559964005,0.0,166.0,0.0
2025-08-21 14:00:00,423.7001883985417,0.0,156.0,0.0
2025-08-21 14:30:00,908.9330143398981,0.0,368.0,0.0
2025-08-21 15:00:00,1153.6679961910495,0.0,423.0,0.0
2025-08-21 15:30:00,1058.4676438378515,0.0,387.0,0.0
2025-08-21 16:00:00,1117.5821278248964,0.0,422.0,0.0
2025-08-21 16:30:00,1211.5842118210505,0.0,376.00000000000006,0.0
2025-08-21 17:00:00,1072.4787292239832,0.0,331.0,0.0
2025-08-21 17:30:00,902.9657992660015,0.0,290.0,0.0
2025-08-21 18:00:00,856.0339766460555,0.0,225.0,0.0
2025-08-21 18:30:00,534.6610966397059,0.0,145.0,0.0
2025-08-21 19:00:00,606.2091621044852,0.0,144.0,0.0
2025-08-21 19:30:00,573.0462512114424,0.0,135.0,0.0
2025-08-21 20:00:00,588.3700848506066,0.0,140.0,0.0
2025-08-21 20:30:00,707.8101722965357,0.0,171.0,0.0
2025-08-21 21:00:00,777.7840843040749,0.0,214.0,0.0
2025-08-21 21:30:00,1002.3029104312689,0.0,337.0,0.0
2025-08-21 22:00:00,1326.0380275880477,0.0,407.0,0.0
2025-08-21 22:30:00,1329.4133390813151,0.0,422.0,0.0
2025-08-21 23:00:00,1291.4765687165993,0.0,436.0,0.0
2025-08-21 23:30:00,1380.4741878255963,0.0,418.0,0.0
2025-08-22 00:00:00,1107.0424010574172,0.0,367.0,0.0
2025-08-22 00:30:00,1064.0705261476785,0.0,281.0,0.0
2025-08-22 01:00:00,966.3195612473111,0.0,253.99999999999997,0.0
2025-08-22 01:30:00,993.8963261336033,0.0,309.0,0.0
2025-08-22 02:00:00,1013.5775480056946,0.0,293.0,0.0
2025-08-22 02:30:00,1305.0323029423653,0.0,383.0,0.0
2025-08-22 03:00:00,1318.474713194554,0.0,403.0,0.0
2025-08-22 03:30:00,1154.3689804694657,0.0,402.0,0.0
2025-08-22 04:00:00,1401.1800839774928,0.0,456.0,0.0
2025-08-22 04:30:00,1084.075088823869,0.0,395.0,0.0
2025-08-22 05:00:00,1025.7828822100007,0.0,305.0,0.0
2025-08-22 05:30:00,917.4084617487315,0.0,244.0,0.0
2025-08-22 06:00:00,657.4841396162244,0.0,158.0,0.0
2025-08-22 06:30:00,549.9884642784233,0.0,137.0,0.0
2025-08-22 07:00:00,578.4886658057177,0.0,105.0,0.0
2025-08-22 07:30:00,584.0629390429009,0.0,121.0,0.0
2025-08-22 08:00:00,605.3542975552714,0.0,146.0,0.0
2025-08-22 08:30:00,983.6825125981076,0.0,319.0,0.0
2025-08-22 09:00:00,1408.446649982941,0.0,460.0,0.0
2025-08-22 09:30:00,1180.0342234551147,0.0,418.0,0.0
2025-08-22 10:00:00,1068.6823877825082,0.0,413.0,0.0
2025-08-22 10:30:00,1128.0460198457379,0.0,450.0,0.0
2025-08-22 11:00:00,1039.1446467101396,0.0,477.0,0.0
2025-08-22 11:30:00,986.9142935655725,0.0,479.0,0.0
2025-08-22 12:00:00,926.6002738498811,0.0,423.0,0.0
2025-08-22 12:30:00,933.2128185989704,0.0,435.0,0.0
2025-08-22 13:00:00,715.3936436768287,0.0,355.0,0.0
2025-08-22 13:30:00,332.4183585194581,0.0,225.0,0.0
2025-08-22 14:00:00,487.5589355202291,0.0,267.0,0.0
2025-08-22 14:30:00,937.2801294804158,0.0,383.0,0.0
2025-08-22 15:00:00,1306.1797946508163,0.0,506.00000000000006,0.0
2025-08-22 15:30:00,1040.4584921440437,0.0,459.0,0.0
2025-08-22 16:00:00,1382.2332282263212,0.0,493.0,0.0
2025-08-22 16:30:00,1270.5584681086325,0.0,488.00000000000006,0.0
2025-08-22 17:00:00,1514.7885003230174,0.0,461.0,0.0
2025-08-22 17:30:00,1054.5328662720656,0.0,303.0,0.0
2025-08-22 18:00:00,1352.5923132003604,0.0,502.0,0.0
2025-08-22 18:30:00,1461.1258530662415,0.0,473.0,0.0
2025-08-22 19:00:00,1600.8778943668758,0.0,494.0,0.0
2025-08-22 19:30:00,1417.0816185678418,0.0,493.0,0.0
2025-08-22 20:00:00,1118.9603095918924,0.0,320.0,0.0
2025-08-22 20:30:00,1066.700937497741,0.0,310.0,0.0
2025-08-22 21:00:00,1068.6811165175789,0.0,353.0,0.0
2025-08-22 21:30:00,1311.741816184001,0.0,418.0,0.0
2025-08-22 22:00:00,1192.7854099085164,0.0,387.0,0.0
2025-08-22 22:30:00,1318.1162895450875,0.0,447.0,0.0
2025-08-22 23:00:00,1409.1439133296292,0.0,406.0,0.0
2025-08-22 23:30:00,1364.1876660387243,0.0,453.0,0.0
2025-08-23 00:00:00,1389.6829372935156,0.0,399.0,0.0
2025-08-23 00:30:00,1032.101550015816,0.0,268.0,0.0
2025-08-23 01:00:00,913.7550071905853,0.0,194.0,0.0
2025-08-23 01:30:00,1133.6729497082654,0.0,318.0,0.0
2025-08-23 02:00:00,1232.1532670467634,0.0,352.0,0.0
2025-08-23 02:30:00,1491.1005310400656,0.0,442.0,0.0
2025-08-23 03:00:00,1360.0795201952774,0.0,440.0,0.0
2025-08-23 03:30:00,1583.5736121786576,0.0,443.0,0.0
2025-08-23 04:00:00,1294.7661117075834,0.0,386.00000000000006,0.0
2025-08-23 04:30:00,1359.5643577982955,0.0,413.0,0.0
2025-08-23 05:00:00,1354.5331837063477,0.0,405.0,0.0
2025-08-23 05:30:00,1415.8663955469888,0.0,383.99999999999994,0.0
2025-08-23 06:00:00,1245.9910066444809,0.0,330.0,0.0
2025-08-23 06:30:00,765.5239903777727,0.0,191.0,0.0
2025-08-23 07:00:00,1258.5882690354836,0.0,327.0,0.0
2025-08-23 07:30:00,1259.28352870707,0.0,370.0,0.0
2025-08-23 08:00:00,904.4600494864584,0.0,225.0,0.0
2025-08-23 08:30:00,881.2416777677937,0.0,259.0,0.0
2025-08-23 09:00:00,1189.206040122026,0.0,404.0,0.0
2025-08-23 09:30:00,1013.4229688091318,0.0,405.0,0.0
2025-08-23 10:00:00,1174.7745146621667,0.0,458.0,0.0
2025-08-23 10:30:00,1043.7203668542109,0.0,441.0,0.0
2025-08-23 11:00:00,940.3857240792524,0.0,392.0,0.0
2025-08-23 11:30:00,1399.1269035836665,0.0,461.00000000000006,0.0
2025-08-23 12:00:00,1254.4506546525279,0.0,490.0,0.0
2025-08-23 12:30:00,1115.3565209749945,0.0,469.0,0.0
2025-08-23 13:00:00,928.8856912886102,0.0,466.0,0.0
2025-08-23 13:30:00,510.21659609078836,0.0,198.0,0.0
2025-08-23 14:00:00,571.8382993694087,0.0,176.0,0.0
2025-08-23 14:30:00,966.5594214252911,0.0,360.0,0.0
2025-08-23 15:00:00,1229.3245632179032,0.0,408.0,0.0
2025-08-23 15:30:00,1053.0920976533207,0.0,465.0,0.0
2025-08-23 16:00:00,1064.9059199323087,0.0,451.0,0.0
2025-08-23 16:30:00,803.1469433722132,0.0,350.0,0.0
2025-08-23 17:00:00,654.6664987127945,0.0,243.0,0.0
2025-08-23 17:30:00,511.3757857515118,0.0,118.0,0.0
2025-08-23 18:00:00,977.5238069618301,0.0,237.0,0.0
2025-08-23 18:30:00,991.6638923356908,0.0,254.00000000000003,0.0
2025-08-23 19:00:00,852.7889945909767,0.0,254.0,0.0
2025-08-23 19:30:00,850.4112916279531,0.0,211.0,0.0
2025-08-23 20:00:00,705.598560640299,0.0,170.0,0.0
2025-08-23 20:30:00,887.3778823143093,0.0,246.99999999999997,0.0
2025-08-23 21:00:00,1151.5490876699907,0.0,342.00000000000006,0.0
2025-08-23 21:30:00,1236.3825786295315,0.0,369.00000000000006,0.0
2025-08-23 22:00:00,1139.4422800324999,0.0,353.0,0.0
2025-08-23 22:30:00,1145.4260857723245,0.0,360.0,0.0
2025-08-23 23:00:00,1223.983664307728,0.0,391.99999999999994,0.0
2025-08-23 23:30:00,1276.0232442281283,0.0,359.0,0.0
2025-08-24 00:00:00,1286.0390795965238,0.0,365.0,0.0
2025-08-24 00:30:00,1065.361224484307,0.0,271.0,0.0
2025-08-24 01:00:00,967.7141486180235,0.0,248.0,0.0
2025-08-24 01:30:00,1012.2738703825243,0.0,312.0,0.0
2025-08-24 02:00:00,1027.7926845234742,0.0,298.0,0.0
2025-08-24 02:30:00,1302.1416224297802,0.0,431.00000000000006,0.0
2025-08-24 03:00:00,1265.2959578662123,0.0,399.0,0.0
2025-08-24 03:30:00,1188.7531843407996,0.0,372.0,0.0
2025-08-24 04:00:00,1383.2298381243118,0.0,410.0,0.0
2025-08-24 04:30:00,1163.6640112200762,0.0,363.0,0.0
2025-08-24 05:00:00,898.9463090595629,0.0,261.0,0.0
2025-08-24 05:30:00,878.0783187472994,0.0,273.0,0.0
2025-08-24 06:00:00,876.7910239043225,0.0,246.99999999999997,0.0
2025-08-24 06:30:00,733.890937427318,0.0,184.0,0.0
2025-08-24 07:00:00,977.4384661009251,0.0,263.0,0.0
2025-08-24 07:30:00,834.0592376162124,0.0,239.0,0.0
2025-08-24 08:00:00,667.6779504860905,0.0,138.0,0.0
2025-08-24 08:30:00,597.9543524191919,0.0,141.0,0.0
2025-08-24 09:00:00,601.0952031576475,0.0,217.0,0.0
2025-08-24 09:30:00,707.0670854083055,0.0,342.0,0.0
2025-08-24 10:00:00,848.7710713738121,0.0,393.0,0.0
2025-08-24 10:30:00,885.607166802072,0.0,405.0,0.0
2025-08-24 11:00:00,741.3052238986692,0.0,381.99999999999994,0.0
2025-08-24 11:30:00,742.7586182323619,0.0,402.0,0.0
2025-08-24 12:00:00,844.2603667624777,0.0,414.0,0.0
2025-08-24 12:30:00,692.0843987244922,0.0,359.0,0.0
2025-08-24 13:00:00,805.1759782922243,0.0,342.0,0.0
2025-08-24 13:30:00,261.6132652433241,0.0,163.0,0.0
2025-08-24 14:00:00,394.43037327370706,0.0,194.0,0.0
2025-08-24 14:30:00,1065.1185835520753,0.0,398.0,0.0
2025-08-24 15:00:00,1219.4526447381197,0.0,482.0,0.0
2025-08-24 15:30:00,1167.8818898227614,0.0,439.00000000000006,0.0
2025-08-24 16:00:00,1003.9358942430661,0.0,425.0,0.0
2025-08-24 16:30:00,1343.5208679484538,0.0,465.0,0.0
2025-08-24 17:00:00,1205.9360181701688,0.0,425.0,0.0
2025-08-24 17:30:00,1055.392639722826,0.0,302.0,0.0
2025-08-24 18:00:00,1074.6776716832067,0.0,338.0,0.0
2025-08-24 18:30:00,952.5454983146919,0.0,294.0,0.0
2025-08-24 19:00:00,1036.1250927997287,0.0,272.0,0.0
2025-08-24 19:30:00,983.6521925644859,0.0,225.0,0.0
2025-08-24 20:00:00,772.3769582026553,0.0,176.0,0.0
2025-08-24 20:30:00,844.8923067780153,0.0,206.0,0.0
2025-08-24 21:00:00,740.0571875758044,0.0,175.0,0.0
2025-08-24 21:30:00,818.7516937266118,0.0,247.00000000000003,0.0
2025-08-24 22:00:00,1024.546686608926,0.0,286.0,0.0
2025-08-24 22:30:00,981.7040277748328,0.0,257.0,0.0
2025-08-24 23:00:00,981.9108514187367,0.0,293.0,0.0
2025-08-24 23:30:00,897.4710757427856,0.0,220.0,0.0
2025-08-25 00:00:00,971.1870091941956,0.0,245.0,0.0
2025-08-25 00:30:00,634.6216016856155,0.0,83.0,0.0
2025-08-25 01:00:00,551.591570532958,0.0,82.0,0.0
2025-08-25 01:30:00,851.4167184500947,0.0,221.0,0.0
2025-08-25 02:00:00,1067.5220575282433,0.0,286.0,0.0
2025-08-25 02:30:00,1025.8092654748311,0.0,248.0,0.0
2025-08-25 03:00:00,986.4340380237837,0.0,246.0,0.0
2025-08-25 03:30:00,1040.6860812963089,0.0,256.0,0.0
2025-08-25 04:00:00,1045.6482336029046,0.0,265.0,0.0
2025-08-25 04:30:00,978.2470539367492,0.0,252.0,0.0
2025-08-25 05:00:00,943.2513206549713,0.0,256.0,0.0
2025-08-25 05:30:00,960.3684423182789,0.0,244.0,0.0
2025-08-25 06:00:00,862.7184251882554,0.0,207.0,0.0
2025-08-25 06:30:00,665.92330829488,0.0,118.99999999999999,0.0
2025-08-25 07:00:00,880.415500125334,0.0,245.0,0.0
2025-08-25 07:30:00,924.748723674704,0.0,251.00000000000003,0.0
2025-08-25 08:00:00,742.6010705112789,0.0,173.0,0.0
2025-08-25 08:30:00,946.3167727184535,0.0,282.0,0.0
2025-08-25 09:00:00,1221.9907395382668,0.0,408.0,0.0
2025-08-25 09:30:00,1147.2865407823153,0.0,425.0,0.0
2025-08-25 10:00:00,1024.8015208350719,0.0,467.0,0.0
2025-08-25 10:30:00,847.0207417679934,0.0,416.0,0.0
2025-08-25 11:00:00,825.8485127098796,0.0,399.0,0.0
2025-08-25 11:30:00,911.7730276599891,0.0,427.0,0.0
2025-08-25 12:00:00,966.7009891820775,0.0,421.0,0.0
2025-08-25 12:30:00,904.0849247853386,0.0,429.0,0.0
2025-08-25 13:00:00,751.3692458561176,0.0,405.0,0.0
2025-08-25 13:30:00,405.2760068582975,0.0,215.99999999999997,0.0
2025-08-25 14:00:00,478.31990764047816,0.0,236.0,0.0
2025-08-25 14:30:00,1030.0862041100663,0.0,435.0,0.0
2025-08-25 15:00:00,1084.1671908270896,0.0,440.0,0.0
2025-08-25 15:30:00,936.2477445887422,0.0,434.0,0.0
2025-08-25 16:00:00,1208.531587106269,0.0,480.0,0.0
2025-08-25 16:30:00,1189.3204422518213,0.0,460.0,0.0
2025-08-25 17:00:00,1353.127144519952,0.0,485.00000000000006,0.0
2025-08-25 17:30:00,788.0212406697118,0.0,257.0,0.0
2025-08-25 18:00:00,1351.2311556907853,0.0,486.0,0.0
2025-08-25 18:30:00,1322.2758421760732,0.0,493.0,0.0
2025-08-25 19:00:00,1415.25338958386,0.0,457.99999999999994,0.0
2025-08-25 19:30:00,1475.9766929212965,0.0,465.0,0.0
2025-08-25 20:00:00,1263.241553058916,0.0,382.99999999999994,0.0
2025-08-25 20:30:00,1134.3761802870372,0.0,308.0,0.0
2025-08-25 21:00:00,1335.5137260339527,0.0,424.0,0.0
2025-08-25 21:30:00,1171.6902194553868,0.0,411.0,0.0
2025-08-25 22:00:00,1348.5361056161817,0.0,413.0,0.0
2025-08-25 22:30:00,1261.5341437206982,0.0,419.99999999999994,0.0
2025-08-25 23:00:00,1366.5593390896809,0.0,404.0,0.0
2025-08-25 23:30:00,1298.2907974575398,0.0,414.0,0.0
2025-08-26 00:00:00,1316.7334135849367,0.0,417.0,0.0
2025-08-26 00:30:00,1048.2751246022788,0.0,267.0,0.0
2025-08-26 01:00:00,861.8875905517418,0.0,229.0,0.0
2025-08-26 01:30:00,1033.189518417708,0.0,285.0,0.0
2025-08-26 02:00:00,1280.9768491337693,0.0,400.0,0.0
2025-08-26 02:30:00,1211.826501169535,0.0,429.99999999999994,0.0
2025-08-26 03:00:00,1330.8176004220518,0.0,426.00000000000006,0.0
2025-08-26 03:30:00,1518.002390264826,0.0,413.0,0.0
2025-08-26 04:00:00,1255.452103404551,0.0,391.0,0.0
2025-08-26 04:30:00,1355.628561528386,0.0,407.00000000000006,0.0
2025-08-26 05:00:00,1429.4484162947876,0.0,432.0,0.0
2025-08-26 05:30:00,1417.2057860663297,0.0,386.0,0.0
2025-08-26 06:00:00,1391.7872127409737,0.0,404.0,0.0
2025-08-26 06:30:00,841.8550733491279,0.0,193.0,0.0
2025-08-26 07:00:00,1277.7595134982023,0.0,356.0,0.0
2025-08-26 07:30:00,1255.294659851378,0.0,404.0,0.0
2025-08-26 08:00:00,1269.6849466386648,0.0,351.0,0.0
2025-08-26 08:30:00,1005.837701564486,0.0,302.0,0.0
2025-08-26 09:00:00,1540.096902120647,0.0,485.0,0.0
2025-08-26 09:30:00,1393.006334608886,0.0,450.0,0.0
2025-08-26 10:00:00,1403.909657666105,0.0,464.0,0.0
2025-08-26 10:30:00,1457.8976014343411,0.0,469.99999999999994,0.0
2025-08-26 11:00:00,1335.0806181369585,0.0,472.0,0.0
2025-08-26 11:30:00,1250.4231623642884,0.0,472.00000000000006,0.0
2025-08-26 12:00:00,1190.8138503233452,0.0,425.99999999999994,0.0
2025-08-26 12:30:00,1061.5665583923183,0.0,426.0,0.0
2025-08-26 13:00:00,991.6955695413408,0.0,342.0,0.0
2025-08-26 13:30:00,652.6383815525804,0.0,197.0,0.0
2025-08-26 14:00:00,622.338469616456,0.0,238.0,0.0
2025-08-26 14:30:00,1117.1882423176571,0.0,429.0,0.0
2025-08-26 15:00:00,1199.3592535415612,0.0,412.00000000000006,0.0
2025-08-26 15:30:00,1211.5607596742948,0.0,432.0,0.0
2025-08-26 16:00:00,1336.6802870657027,0.0,411.0,0.0
2025-08-26 16:30:00,1270.8134253989315,0.0,434.0,0.0
2025-08-26 17:00:00,1254.8466467678331,0.0,421.0,0.0
2025-08-26 17:30:00,1073.8928792073416,0.0,274.0,0.0
2025-08-26 18:00:00,1377.9953830090658,0.0,447.99999999999994,0.0
2025-08-26 18:30:00,1511.7052372042697,0.0,491.0,0.0
2025-08-26 19:00:00,1516.2792479830207,0.0,445.00000000000006,0.0
2025-08-26 19:30:00,1290.0989232104748,0.0,424.0,0.0
2025-08-26 20:00:00,1113.05489446159,0.0,294.0,0.0
2025-08-26 20:30:00,1068.7492699535928,0.0,304.0,0.0
2025-08-26 21:00:00,1298.3839097294979,0.0,388.0,0.0
2025-08-26 21:30:00,1266.9297229503786,0.0,368.0,0.0
2025-08-26 22:00:00,1403.976522553792,0.0,424.0,0.0
2025-08-26 22:30:00,1423.909285770905,0.0,372.0,0.0
2025-08-26 23:00:00,1527.9337074997363,0.0,449.0,0.0
2025-08-26 23:30:00,1395.206323577112,0.0,433.99999999999994,0.0
2025-08-27 00:00:00,1349.577850883245,0.0,410.99999999999994,0.0
2025-08-27 00:30:00,1160.52834896252,0.0,308.0,0.0
2025-08-27 01:00:00,914.7480688323267,0.0,241.00000000000003,0.0
2025-08-27 01:30:00,924.040090104216,0.0,292.0,0.0
2025-08-27 02:00:00,1031.5081406873683,0.0,352.0,0.0
2025-08-27 02:30:00,1372.8692058513127,0.0,439.0,0.0
2025-08-27 03:00:00,1377.814240481633,0.0,461.0,0.0
2025-08-27 03:30:00,1264.3902361370913,0.0,427.0,0.0
2025-08-27 04:00:00,1247.613500757292,0.0,407.0,0.0
2025-08-27 04:30:00,1336.3228539444567,0.0,416.0,0.0
2025-08-27 05:00:00,1188.062162584604,0.0,408.0,0.0
2025-08-27 05:30:00,1288.2625558444847,0.0,413.0,0.0
2025-08-27 06:00:00,1225.352803205315,0.0,327.0,0.0
2025-08-27 06:30:00,788.535959061316,0.0,224.0,0.0
2025-08-27 07:00:00,1154.828235291773,0.0,350.0,0.0
2025-08-27 07:30:00,1199.3108710490064,0.0,391.0,0.0
2025-08-27 08:00:00,984.9653528472068,0.0,293.0,0.0
2025-08-27 08:30:00,1060.9002110272033,0.0,353.0,0.0
2025-08-27 09:00:00,1286.291330061343,0.0,439.0,0.0
2025-08-27 09:30:00,1312.6979489865896,0.0,452.00000000000006,0.0
2025-08-27 10:00:00,1137.1809073488978,0.0,451.0,0.0
2025-08-27 10:30:00,1183.399512903143,0.0,447.0,0.0
2025-08-27 11:00:00,1037.0564355251488,0.0,486.0,0.0
2025-08-27 11:30:00,1021.8710271136628,0.0,485.0,0.0
2025-08-27 12:00:00,1071.3978660917223,0.0,456.0,0.0
2025-08-27 12:30:00,1093.844089275959,0.0,464.0,0.0
2025-08-27 13:00:00,743.661494773493,0.0,382.0,0.0
2025-08-27 13:30:00,429.8649040819052,0.0,264.0,0.0
2025-08-27 14:00:00,481.28532155829674,0.0,318.0,0.0
2025-08-27 14:30:00,1103.875904637138,0.0,443.00000000000006,0.0
2025-08-27 15:00:00,935.7951051791995,0.0,500.99999999999994,0.0
2025-08-27 15:30:00,1339.64382785995,0.0,483.00000000000006,0.0
2025-08-27 16:00:00,1345.4240161111857,0.0,464.0,0.0
2025-08-27 16:30:00,1211.0258606821915,0.0,467.0,0.0
2025-08-27 17:00:00,1406.0934870565404,0.0,481.0,0.0
2025-08-27 17:30:00,936.0388774783102,0.0,335.0,0.0
2025-08-27 18:00:00,1478.3551012680728,0.0,495.0,0.0
2025-08-27 18:30:00,1464.6776806149562,0.0,512.0,0.0
2025-08-27 19:00:00,1798.1869417845046,0.0,554.0,0.0
2025-08-27 19:30:00,1431.7333447430526,0.0,470.0,0.0
2025-08-27 20:00:00,1178.2795219851876,0.0,365.0,0.0
2025-08-27 20:30:00,1188.5311853677358,0.0,357.0,0.0
2025-08-27 21:00:00,1282.5172727536917,0.0,438.0,0.0
2025-08-27 21:30:00,1511.7367711067166,0.0,455.99999999999994,0.0
2025-08-27 22:00:00,1478.060169464479,0.0,422.00000000000006,0.0
2025-08-27 22:30:00,1327.3118973593641,0.0,429.99999999999994,0.0
2025-08-27 23:00:00,1455.1730449950946,0.0,460.99999999999994,0.0
2025-08-27 23:30:00,1173.624912946253,0.0,435.0,0.0
2025-08-28 00:00:00,1423.41395620958,0.0,398.0,0.0
2025-08-28 00:30:00,1068.8357463076723,0.0,239.0,0.0
2025-08-28 01:00:00,943.5723616723562,0.0,198.0,0.0
2025-08-28 01:30:00,1142.6015523985734,0.0,312.0,0.0
2025-08-28 02:00:00,1259.8848420514837,0.0,367.0,0.0
2025-08-28 02:30:00,1398.051883265935,0.0,459.0,0.0
2025-08-28 03:00:00,1492.8165011786991,0.0,449.00000000000006,0.0
2025-08-28 03:30:00,1478.7205809815787,0.0,441.0,0.0
2025-08-28 04:00:00,1418.0725307910548,0.0,407.0,0.0
2025-08-28 04:30:00,1426.0309902810295,0.0,433.99999999999994,0.0
2025-08-28 05:00:00,1300.3143109260677,0.0,392.0,0.0
2025-08-28 05:30:00,1303.1115605794332,0.0,418.0,0.0
2025-08-28 06:00:00,1284.6929202072176,0.0,389.0,0.0
2025-08-28 06:30:00,918.7582444581486,0.0,190.0,0.0
2025-08-28 07:00:00,1228.246586770472,0.0,337.0,0.0
2025-08-28 07:30:00,1182.0922701537852,0.0,378.0,0.0
2025-08-28 08:00:00,922.4356995784241,0.0,252.0,0.0
2025-08-28 08:30:00,1005.7266245574086,0.0,291.0,0.0
2025-08-28 09:00:00,1369.4297631133784,0.0,451.0,0.0
2025-08-28 09:30:00,1218.5863925771919,0.0,422.0,0.0
2025-08-28 10:00:00,1133.1805304725165,0.0,418.0,0.0
2025-08-28 10:30:00,1097.412940668967,0.0,404.0,0.0
2025-08-28 11:00:00,1223.1323411030855,0.0,473.0,0.0
2025-08-28 11:30:00,1133.5116223223076,0.0,447.0,0.0
2025-08-28 12:00:00,1206.7718849798134,0.0,442.00000000000006,0.0
2025-08-28 12:30:00,1060.0243731061305,0.0,393.0,0.0
2025-08-28 13:00:00,872.5524485535987,0.0,328.0,0.0
2025-08-28 13:30:00,665.2415645055802,0.0,209.0,0.0
2025-08-28 14:00:00,735.5721390870045,0.0,250.00000000000003,0.0
2025-08-28 14:30:00,1157.4565737139856,0.0,434.0,0.0
2025-08-28 15:00:00,1186.9099292279323,0.0,437.99999999999994,0.0
2025-08-28 15:30:00,1303.8406501277934,0.0,459.0,0.0
2025-08-28 16:00:00,1348.887301005002,0.0,464.0,0.0
2025-08-28 16:30:00,1500.4029693219647,0.0,472.0,0.0
2025-08-28 17:00:00,1480.5075508603793,0.0,473.0,0.0
2025-08-28 17:30:00,955.3967213346233,0.0,261.0,0.0
2025-08-28 18:00:00,1446.5829406287567,0.0,472.0,0.0
2025-08-28 18:30:00,1481.9703830447918,0.0,483.0,0.0
2025-08-28 19:00:00,1616.6740559976583,0.0,494.00000000000006,0.0
2025-08-28 19:30:00,1392.816266106713,0.0,420.0,0.0
2025-08-28 20:00:00,1142.7094875157545,0.0,299.0,0.0
2025-08-28 20:30:00,1119.56583307452,0.0,311.0,0.0
2025-08-28 21:00:00,1325.1690018056543,0.0,373.0,0.0
2025-08-28 21:30:00,1305.4486966014351,0.0,408.0,0.0
2025-08-28 22:00:00,1594.9363542366743,0.0,465.0,0.0
2025-08-28 22:30:00,1383.0121667794158,0.0,417.0,0.0
2025-08-28 23:00:00,1388.2832485535569,0.0,451.0,0.0
2025-08-28 23:30:00,1480.7397022122232,0.0,411.0,0.0
2025-08-29 00:00:00,1292.1157054934345,0.0,377.0,0.0
2025-08-29 00:30:00,1008.8719550631055,0.0,233.0,0.0
2025-08-29 01:00:00,883.0938216062362,0.0,188.0,0.0
2025-08-29 01:30:00,1062.521627222772,0.0,275.0,0.0
2025-08-29 02:00:00,1274.9829494293335,0.0,368.0,0.0
2025-08-29 02:30:00,1359.7585225845733,0.0,404.00000000000006,0.0
2025-08-29 03:00:00,1390.3464394182165,0.0,402.0,0.0
2025-08-29 03:30:00,1338.7998950470565,0.0,362.0,0.0
2025-08-29 04:00:00,1237.5549940479116,0.0,395.00000000000006,0.0
2025-08-29 04:30:00,1413.8816580045377,0.0,408.0,0.0
2025-08-29 05:00:00,1408.2633074046475,0.0,387.0,0.0
2025-08-29 05:30:00,1331.878279924397,0.0,401.00000000000006,0.0
2025-08-29 06:00:00,1285.4628003701346,0.0,386.00000000000006,0.0
2025-08-29 06:30:00,752.017362998775,0.0,179.0,0.0
2025-08-29 07:00:00,1066.6411222050262,0.0,302.0,0.0
2025-08-29 07:30:00,1250.4545551538374,0.0,381.0,0.0
2025-08-29 08:00:00,1001.0438230523653,0.0,256.0,0.0
2025-08-29 08:30:00,996.9967479491505,0.0,285.0,0.0
2025-08-29 09:00:00,1157.3870848549816,0.0,403.0,0.0
2025-08-29 09:30:00,1275.2223086589152,0.0,400.0,0.0
2025-08-29 10:00:00,1121.4868011172634,0.0,462.0,0.0
2025-08-29 10:30:00,1201.6361404835673,0.0,431.0,0.0
2025-08-29 11:00:00,1046.7150478095018,0.0,457.0,0.0
2025-08-29 11:30:00,987.5622070582164,0.0,425.0,0.0
2025-08-29 12:00:00,923.7351135834816,0.0,464.0,0.0
2025-08-29 12:30:00,973.5323215386018,0.0,415.0,0.0
2025-08-29 13:00:00,657.7595276584409,0.0,290.0,0.0
2025-08-29 13:30:00,519.2654151445979,0.0,247.0,0.0
2025-08-29 14:00:00,637.4916968045212,0.0,288.0,0.0
2025-08-29 14:30:00,937.2345250728063,0.0,367.0,0.0
2025-08-29 15:00:00,1088.5858766902759,0.0,428.0,0.0
2025-08-29 15:30:00,1010.6394800478328,0.0,435.0,0.0
2025-08-29 16:00:00,1165.263323685516,0.0,447.0,0.0
2025-08-29 16:30:00,1232.0081678742863,0.0,464.0,0.0
2025-08-29 17:00:00,1216.4451217786718,0.0,414.0,0.0
2025-08-29 17:30:00,824.5162361601085,0.0,237.0,0.0
2025-08-29 18:00:00,1492.73157268656,0.0,422.0,0.0
2025-08-29 18:30:00,1327.6561488577065,0.0,417.0,0.0
2025-08-29 19:00:00,1352.3420532624223,0.0,458.0,0.0
2025-08-29 19:30:00,1332.8650153196268,0.0,385.0,0.0
2025-08-29 20:00:00,1100.7943834820237,0.0,278.0,0.0
2025-08-29 20:30:00,1131.710420156516,0.0,279.0,0.0
2025-08-29 21:00:00,1429.8738652372997,0.0,406.0,0.0
2025-08-29 21:30:00,1439.4025220219228,0.0,450.0,0.0
2025-08-29 22:00:00,1318.7817981469589,0.0,399.0,0.0
2025-08-29 22:30:00,1495.8766710959906,0.0,424.0,0.0
2025-08-29 23:00:00,1406.4128348903798,0.0,452.0,0.0
2025-08-29 23:30:00,1417.3630300802533,0.0,448.0,0.0
2025-08-30 00:00:00,1037.8094474416687,0.0,236.0,0.0
2025-08-30 00:30:00,823.1896560166193,0.0,183.14893617021278,0.0
2025-08-30 01:00:00,1194.5586832689369,0.0,293.06382978723406,0.0
2025-08-30 01:30:00,1375.5423791367564,0.0,399.1063829787234,0.0
2025-08-30 02:00:00,1286.9084924914687,0.0,399.59574468085106,0.0
2025-08-30 02:30:00,1356.0374006078127,0.0,413.2978723404255,0.0
2025-08-30 03:00:00,1316.112768492723,0.0,457.74468085106383,0.0
2025-08-30 03:30:00,1197.557482240586,0.0,379.7446808510639,0.0
2025-08-30 04:00:00,1348.458136785045,0.0,379.93617021276594,0.0
2025-08-30 04:30:00,1234.8587038213225,0.0,378.95744680851067,0.0
2025-08-30 05:00:00,1174.487825768025,0.0,359.10638297872345,0.0
2025-08-30 05:30:00,1157.8994477235258,0.0,325.6595744680851,0.0
2025-08-30 06:00:00,930.6486656116316,0.0,231.36170212765956,0.0
2025-08-30 06:30:00,1072.5520313869224,0.0,286.63829787234044,0.0
2025-08-30 07:00:00,1273.8601496563772,0.0,363.9361702127659,0.0
2025-08-30 07:30:00,1048.0164619885222,0.0,295.8510638297873,0.0
2025-08-30 08:00:00,939.1001400451244,0.0,282.04255319148933,0.0
2025-08-30 08:30:00,1017.6669760869664,0.0,345.1489361702126,0.0
2025-08-30 09:00:00,1147.4862579387025,0.0,404.4680851063829,0.0
2025-08-30 09:30:00,1222.8950776627898,0.0,434.72340425531917,0.0
2025-08-30 10:00:00,1069.4372394750715,0.0,431.6595744680851,0.0
2025-08-30 10:30:00,1071.0550825516202,0.0,410.72340425531917,0.0
2025-08-30 11:00:00,928.9857346457375,0.0,388.29787234042556,0.0
2025-08-30 11:30:00,1307.6040224862902,0.0,417.82978723404256,0.0
2025-08-30 12:00:00,1315.3173572862959,0.0,455.51063829787233,0.0
2025-08-30 12:30:00,1238.6491379496222,0.0,423.6382978723404,0.0
2025-08-30 13:00:00,722.2789890530062,0.0,311.14893617021266,0.0
2025-08-30 13:30:00,436.3386089888598,0.0,198.1276595744682,0.0
2025-08-30 14:00:00,465.30908432119054,0.0,255.65957446808466,0.0
2025-08-30 14:30:00,813.9124407709385,0.0,418.5106382978721,0.0
2025-08-30 15:00:00,1043.9640889279863,0.0,467.1063829787235,0.0
2025-08-30 15:30:00,1134.6604525554649,0.0,435.06382978723406,0.0
2025-08-30 16:00:00,1203.1438468227768,0.0,445.46808510638294,0.0
2025-08-30 16:30:00,972.4723301775101,0.0,387.38297872340524,0.0
2025-08-30 17:00:00,584.1772561194888,0.0,208.36170212765984,0.0
2025-08-30 17:30:00,614.1672328338655,0.0,174.6170212765955,0.0
2025-08-30 18:00:00,852.4193239880816,0.0,232.5531914893616,0.0
2025-08-30 18:30:00,858.6484254936488,0.0,252.7234042553192,0.0
2025-08-30 19:00:00,879.2895546571474,0.0,245.31914893617025,0.0
2025-08-30 19:30:00,951.8251688340378,0.0,233.14893617021278,0.0
2025-08-30 20:00:00,939.1209335027432,0.0,240.02127659574452,0.0
2025-08-30 20:30:00,1161.7109628233782,0.0,314.1063829787233,0.0
2025-08-30 21:00:00,1343.7931565824579,0.0,390.1063829787234,0.0
2025-08-30 21:30:00,1282.9902815966377,0.0,387.6808510638299,0.0
2025-08-30 22:00:00,1280.5894222670738,0.0,354.6808510638298,0.0
2025-08-30 22:30:00,1225.4038556643313,0.0,393.1489361702128,0.0
2025-08-30 23:00:00,1276.2578844360014,0.0,374.4893617021277,0.0
2025-08-30 23:30:00,1228.3294825138787,0.0,397.00000000000006,0.0
2025-08-31 00:00:00,957.1898680622733,0.0,365.0,0.0
2025-08-31 00:30:00,673.72267672797,0.0,209.0,0.0
2025-08-31 01:00:00,550.8052634201,0.0,169.0,0.0
2025-08-31 01:30:00,612.3476645797551,0.0,211.0,0.0
2025-08-31 02:00:00,773.7737708041983,0.0,301.0,0.0
2025-08-31 02:30:00,740.2656809620019,0.0,260.0,0.0
2025-08-31 03:00:00,670.8340767779696,0.0,258.0,0.0
2025-08-31 03:30:00,663.4587722769807,0.0,255.0,0.0
2025-08-31 04:00:00,716.5070752441368,0.0,257.0,0.0
2025-08-31 04:30:00,680.5975974463072,0.0,267.0,0.0
2025-08-31 05:00:00,711.6484962627064,0.0,276.0,0.0
2025-08-31 05:30:00,618.5083787988641,0.0,237.0,0.0
2025-08-31 06:00:00,609.0160757565386,0.0,195.0,0.0
2025-08-31 06:30:00,506.74849719752507,0.0,110.0,0.0
2025-08-31 07:00:00,604.8507821041807,0.0,213.0,0.0
2025-08-31 07:30:00,586.6764919133429,0.0,207.0,0.0
2025-08-31 08:00:00,473.95482924405934,0.0,135.0,0.0
2025-08-31 08:30:00,432.4117543507082,0.0,160.0,0.0
2025-08-31 09:00:00,474.523576716683,0.0,204.0,0.0
2025-08-31 09:30:00,544.1825647455944,0.0,242.0,0.0
2025-08-31 10:00:00,470.5647023744309,0.0,220.0,0.0
2025-08-31 10:30:00,305.6408309159573,0.0,202.0,0.0
2025-08-31 11:00:00,377.463314180643,0.0,257.0,0.0
2025-08-31 11:30:00,399.5283770094639,0.0,253.99999999999997,0.0
2025-08-31 12:00:00,341.9247885467141,0.0,262.0,0.0
2025-08-31 12:30:00,288.8735042461149,0.0,227.0,0.0
2025-08-31 13:00:00,367.06542665162885,0.0,246.00000000000003,0.0
2025-08-31 13:30:00,77.55661675220638,18.0,120.0,0.0
2025-08-31 14:00:00,74.95246516966644,1.0,95.0,0.0
2025-08-31 14:30:00,452.7295025018964,0.0,242.00000000000003,0.0
2025-08-31 15:00:00,302.2075634420035,0.0,257.0,0.0
2025-08-31 15:30:00,305.42123147523773,0.0,220.0,0.0
2025-08-31 16:00:00,440.2915791817478,0.0,239.0,0.0
2025-08-31 16:30:00,484.33776958410766,0.0,270.0,0.0
2025-08-31 17:00:00,492.2274289045183,0.0,240.0,0.0
2025-08-31 17:30:00,416.8442669599704,0.0,140.0,0.0
2025-08-31 18:00:00,615.5038813422336,0.0,260.0,0.0
2025-08-31 18:30:00,628.6036975140681,0.0,221.0,0.0
2025-08-31 19:00:00,628.237325917774,0.0,214.99999999999997,0.0
2025-08-31 19:30:00,647.9525859204042,0.0,207.0,0.0
2025-08-31 20:00:00,475.213333929842,0.0,143.0,0.0
2025-08-31 20:30:00,523.0628167778975,0.0,163.0,0.0
2025-08-31 21:00:00,634.3967723142342,0.0,213.0,0.0
2025-08-31 21:30:00,648.7603690245458,0.0,239.0,0.0
2025-08-31 22:00:00,699.1504454886524,0.0,239.0,0.0
2025-08-31 22:30:00,645.0558331583475,0.0,191.0,0.0
2025-08-31 23:00:00,636.157629788318,0.0,214.0,0.0
2025-08-31 23:30:00,772.3758224465039,0.0,243.0,0.0
2025-09-01 00:00:00,1006.2108797800564,0.0,273.0,0.0
2025-09-01 00:30:00,622.9420028729052,0.0,156.99999999999997,0.0
2025-09-01 01:00:00,605.7465832653598,0.0,136.0,0.0
2025-09-01 01:30:00,846.285281619734,0.0,232.99999999999997,0.0
2025-09-01 02:00:00,1013.2076173419204,0.0,283.0,0.0
2025-09-01 02:30:00,968.387335881643,0.0,274.0,0.0
2025-09-01 03:00:00,954.8362914398834,0.0,259.0,0.0
2025-09-01 03:30:00,1107.401317697073,0.0,254.0,0.0
2025-09-01 04:00:00,983.567299966366,0.0,286.0,0.0
2025-09-01 04:30:00,1066.5751724375866,0.0,300.0,0.0
2025-09-01 05:00:00,911.3974603362302,0.0,263.0,0.0
2025-09-01 05:30:00,948.1346616238337,0.0,269.0,0.0
2025-09-01 06:00:00,843.0789112622192,0.0,252.00000000000003,0.0
2025-09-01 06:30:00,715.7935665569013,0.0,171.0,0.0
2025-09-01 07:00:00,860.7262505595725,0.0,224.0,0.0
2025-09-01 07:30:00,946.2440639339568,0.0,236.0,0.0
2025-09-01 08:00:00,739.2348024207338,0.0,213.0,0.0
2025-09-01 08:30:00,951.8321607174228,0.0,323.0,0.0
2025-09-01 09:00:00,1132.3503989857322,0.0,408.0,0.0
2025-09-01 09:30:00,1219.0933587029456,0.0,455.0,0.0
2025-09-01 10:00:00,1012.0434893873339,0.0,407.0,0.0
2025-09-01 10:30:00,1044.3695481156428,0.0,427.0,0.0
2025-09-01 11:00:00,776.2909390480762,0.0,394.0,0.0
2025-09-01 11:30:00,898.1292981903057,0.0,424.0,0.0
2025-09-01 12:00:00,1023.9769599033465,0.0,465.0,0.0
2025-09-01 12:30:00,906.9075739613163,0.0,407.0,0.0
2025-09-01 13:00:00,633.3275951590364,0.0,332.0,0.0
2025-09-01 13:30:00,471.4304577794072,0.0,276.0,0.0
2025-09-01 14:00:00,582.3082179851212,0.0,295.0,0.0
2025-09-01 14:30:00,984.320394167904,0.0,453.0,0.0
2025-09-01 15:00:00,1129.6740035979037,0.0,405.00000000000006,0.0
2025-09-01 15:30:00,1090.006418904388,0.0,449.00000000000006,0.0
2025-09-01 16:00:00,1499.2800618511494,0.0,514.0,0.0
2025-09-01 16:30:00,1471.093989874641,0.0,472.0,0.0
2025-09-01 17:00:00,1332.0006396748158,0.0,503.0,0.0
2025-09-01 17:30:00,1097.3272886778411,0.0,329.0,0.0
2025-09-01 18:00:00,1374.758767991622,0.0,452.00000000000006,0.0
2025-09-01 18:30:00,1504.4528476097253,0.0,471.0,0.0
2025-09-01 19:00:00,1660.3472247555799,0.0,500.0,0.0
2025-09-01 19:30:00,1362.8561915853027,0.0,480.0,0.0
2025-09-01 20:00:00,1094.457548269465,0.0,341.0,0.0
2025-09-01 20:30:00,1095.3405520564534,0.0,353.0,0.0
2025-09-01 21:00:00,1312.8782454132304,0.0,397.0,0.0
2025-09-01 21:30:00,1374.3220548500663,0.0,463.0,0.0
2025-09-01 22:00:00,1408.0516157348827,0.0,476.0,0.0
2025-09-01 22:30:00,1449.7453668775777,0.0,441.00000000000006,0.0
2025-09-01 23:00:00,1373.357261312093,0.0,428.0,0.0
2025-09-01 23:30:00,1262.3274241977092,0.0,457.0,0.0
2025-09-02 00:00:00,1311.7173200813543,0.0,449.99999999999994,0.0
2025-09-02 00:30:00,985.3520459213507,0.0,278.0,0.0
2025-09-02 01:00:00,805.8778077331478,0.0,217.0,0.0
2025-09-02 01:30:00,1082.3779750691465,0.0,319.0,0.0
2025-09-02 02:00:00,1334.7405445992986,0.0,396.0,0.0
2025-09-02 02:30:00,1430.8135073805,0.0,429.0,0.0
2025-09-02 03:00:00,1301.4421917624231,0.0,427.0,0.0
2025-09-02 03:30:00,1302.2669212808298,0.0,423.0,0.0
2025-09-02 04:00:00,1248.498822780062,0.0,415.0,0.0
2025-09-02 04:30:00,1470.477353816694,0.0,462.0,0.0
2025-09-02 05:00:00,1406.3161869664725,0.0,408.00000000000006,0.0
2025-09-02 05:30:00,1315.0133926188007,0.0,396.0,0.0
2025-09-02 06:00:00,1125.8196639641044,0.0,336.0,0.0
2025-09-02 06:30:00,697.3919037270159,0.0,189.0,0.0
2025-09-02 07:00:00,1060.9440210716084,0.0,351.0,0.0
2025-09-02 07:30:00,1397.975376589645,0.0,395.00000000000006,0.0
2025-09-02 08:00:00,889.7046307746374,0.0,289.0,0.0
2025-09-02 08:30:00,1012.9738676884167,0.0,340.0,0.0
2025-09-02 09:00:00,1554.2027209922428,0.0,507.0,0.0
2025-09-02 09:30:00,1478.4389800501306,0.0,496.0,0.0
2025-09-02 10:00:00,1458.8211382893003,0.0,507.00000000000006,0.0
2025-09-02 10:30:00,1407.9969359496613,0.0,509.00000000000006,0.0
2025-09-02 11:00:00,1392.6602333866513,0.0,497.99999999999994,0.0
2025-09-02 11:30:00,1145.4237749470853,0.0,452.0,0.0
2025-09-02 12:00:00,1065.91913323856,0.0,437.0,0.0
2025-09-02 12:30:00,897.3632186209838,0.0,416.0,0.0
2025-09-02 13:00:00,818.0149138759889,0.0,357.0,0.0
2025-09-02 13:30:00,452.42964077104773,0.0,241.99999999999997,0.0
2025-09-02 14:00:00,515.0470220199801,0.0,283.0,0.0
2025-09-02 14:30:00,1176.385572065429,0.0,479.0,0.0
2025-09-02 15:00:00,1228.5942272843579,0.0,523.0,0.0
2025-09-02 15:30:00,1089.1773336841397,0.0,491.0,0.0
2025-09-02 16:00:00,986.9539652133756,0.0,462.0,0.0
2025-09-02 16:30:00,1071.9448622423167,0.0,458.0,0.0
2025-09-02 17:00:00,1289.6893183272716,0.0,471.0,0.0
2025-09-02 17:30:00,892.1676935202341,0.0,318.0,0.0
2025-09-02 18:00:00,1407.4962592247734,0.0,469.0,0.0
2025-09-02 18:30:00,1585.4727458674943,0.0,495.0,0.0
2025-09-02 19:00:00,1392.8304962390243,0.0,498.0,0.0
2025-09-02 19:30:00,1457.1185722121725,0.0,472.0,0.0
2025-09-02 20:00:00,1261.7176233876505,0.0,372.0,0.0
2025-09-02 20:30:00,1059.8131982205268,0.0,342.0,0.0
2025-09-02 21:00:00,1278.9288326340163,0.0,415.0,0.0
2025-09-02 21:30:00,1210.355332803932,0.0,422.0,0.0
2025-09-02 22:00:00,1459.5561266440732,0.0,429.00000000000006,0.0
2025-09-02 22:30:00,1426.4695814411527,0.0,474.0,0.0
2025-09-02 23:00:00,1664.6044708500046,0.0,491.0,0.0
2025-09-02 23:30:00,1357.0729150492741,0.0,420.0,0.0
2025-09-03 00:00:00,1234.250934317353,0.0,376.0,0.0
2025-09-03 00:30:00,1062.82029972395,0.0,262.0,0.0
2025-09-03 01:00:00,794.1007487615814,0.0,194.0,0.0
2025-09-03 01:30:00,925.5972567045703,0.0,272.0,0.0
2025-09-03 02:00:00,1194.2377887993366,0.0,328.0,0.0
2025-09-03 02:30:00,1346.640507452765,0.0,392.0,0.0
2025-09-03 03:00:00,1464.706887360494,0.0,392.0,0.0
2025-09-03 03:30:00,1427.5635098115122,0.0,388.0,0.0
2025-09-03 04:00:00,1473.263537173401,0.0,400.99999999999994,0.0
2025-09-03 04:30:00,1551.7802459973232,0.0,436.00000000000006,0.0
2025-09-03 05:00:00,1486.2837023432626,0.0,382.0,0.0
2025-09-03 05:30:00,1409.0648295353622,0.0,396.0,0.0
2025-09-03 06:00:00,1238.4302670822137,0.0,306.0,0.0
2025-09-03 06:30:00,881.0105365248332,0.0,175.0,0.0
2025-09-03 07:00:00,1263.123574806786,0.0,356.0,0.0
2025-09-03 07:30:00,1243.6019929788608,0.0,368.00000000000006,0.0
2025-09-03 08:00:00,1015.5539972968317,0.0,263.0,0.0
2025-09-03 08:30:00,1026.4140852221603,0.0,283.0,0.0
2025-09-03 09:00:00,1367.7582088000408,0.0,402.0,0.0
2025-09-03 09:30:00,1333.2232397004725,0.0,424.0,0.0
2025-09-03 10:00:00,1345.3790231256964,0.0,438.0,0.0
2025-09-03 10:30:00,1331.3657686791405,0.0,431.0,0.0
2025-09-03 11:00:00,1259.4293940741752,0.0,430.0,0.0
2025-09-03 11:30:00,1487.987258651272,0.0,461.0,0.0
2025-09-03 12:00:00,1337.4768802028514,0.0,440.0,0.0
2025-09-03 12:30:00,1243.9179987277375,0.0,431.0,0.0
2025-09-03 13:00:00,1119.9160398835807,0.0,369.0,0.0
2025-09-03 13:30:00,685.3608167618896,0.0,200.0,0.0
2025-09-03 14:00:00,814.0977765468965,0.0,253.99999999999997,0.0
2025-09-03 14:30:00,1327.0277206738253,0.0,411.0,0.0
2025-09-03 15:00:00,1301.523250113735,0.0,474.00000000000006,0.0
2025-09-03 15:30:00,1211.2785870505709,0.0,445.0,0.0
2025-09-03 16:00:00,1373.5423138746512,0.0,456.0,0.0
2025-09-03 16:30:00,1505.0986415919826,0.0,464.00000000000006,0.0
2025-09-03 17:00:00,1463.7049664098179,0.0,438.0,0.0
2025-09-03 17:30:00,951.249469885556,0.0,268.0,0.0
2025-09-03 18:00:00,1440.0436024802475,0.0,451.99999999999994,0.0
2025-09-03 18:30:00,1496.8012881491259,0.0,485.0,0.0
2025-09-03 19:00:00,1601.4080694529819,0.0,455.0,0.0
2025-09-03 19:30:00,1517.2750489314642,0.0,459.0,0.0
2025-09-03 20:00:00,1087.28688738661,0.0,316.0,0.0
2025-09-03 20:30:00,1080.8132211016891,0.0,285.0,0.0
2025-09-03 21:00:00,1505.1360733755446,0.0,413.00000000000006,0.0
2025-09-03 21:30:00,1620.0927026262962,0.0,461.0,0.0
2025-09-03 22:00:00,1573.4005374992632,0.0,443.0,0.0
2025-09-03 22:30:00,1364.9829265081066,0.0,416.0,0.0
2025-09-03 23:00:00,1578.9511545058308,0.0,457.99999999999994,0.0
2025-09-03 23:30:00,1399.4289723714328,0.0,426.0,0.0
2025-09-04 00:00:00,1238.8901305060738,0.0,406.0,0.0
2025-09-04 00:30:00,987.4126814512917,0.0,251.00000000000003,0.0
2025-09-04 01:00:00,855.0800691850731,0.0,204.0,0.0
2025-09-04 01:30:00,1139.1992097482864,0.0,290.0,0.0
2025-09-04 02:00:00,1288.283387134859,0.0,338.99999999999994,0.0
2025-09-04 02:30:00,1205.1651829791924,0.0,391.0,0.0
2025-09-04 03:00:00,1478.4808342324893,0.0,391.00000000000006,0.0
2025-09-04 03:30:00,1244.479961175034,0.0,388.00000000000006,0.0
2025-09-04 04:00:00,1359.3797840860627,0.0,384.99999999999994,0.0
2025-09-04 04:30:00,1533.1950483769092,0.0,441.0,0.0
2025-09-04 05:00:00,1172.0337923302122,0.0,360.0,0.0
2025-09-04 05:30:00,1244.6791127266115,0.0,352.99999999999994,0.0
2025-09-04 06:00:00,1134.7458450920867,0.0,318.0,0.0
2025-09-04 06:30:00,828.3394991866853,0.0,186.0,0.0
2025-09-04 07:00:00,1090.918773233573,0.0,306.0,0.0
2025-09-04 07:30:00,1192.5908448048715,0.0,323.00000000000006,0.0
2025-09-04 08:00:00,909.2549961081714,0.0,248.00000000000003,0.0
2025-09-04 08:30:00,930.2060346476284,0.0,293.0,0.0
2025-09-04 09:00:00,1220.9558135524173,0.0,394.0,0.0
2025-09-04 09:30:00,1221.0760533869907,0.0,425.0,0.0
2025-09-04 10:00:00,1219.2794093468,0.0,438.0,0.0
2025-09-04 10:30:00,1099.9529933885528,0.0,440.0,0.0
2025-09-04 11:00:00,813.1582266780055,0.0,403.0,0.0
2025-09-04 11:30:00,793.2255821124247,0.0,397.0,0.0
2025-09-04 12:00:00,1030.8947855673355,0.0,438.0,0.0
2025-09-04 12:30:00,821.4705950971631,0.0,397.0,0.0
2025-09-04 13:00:00,883.5084481983854,0.0,360.0,0.0
2025-09-04 13:30:00,480.8808828240509,0.0,219.0,0.0
2025-09-04 14:00:00,563.8903412233063,0.0,239.0,0.0
2025-09-04 14:30:00,1083.3813982638922,0.0,410.0,0.0
2025-09-04 15:00:00,1158.9750747617636,0.0,447.0,0.0
2025-09-04 15:30:00,1137.8755174108085,0.0,446.0,0.0
2025-09-04 16:00:00,1326.108950380906,0.0,450.00000000000006,0.0
2025-09-04 16:30:00,1262.8554050552648,0.0,442.0,0.0
2025-09-04 17:00:00,1256.9192688475073,0.0,417.0,0.0
2025-09-04 17:30:00,897.6149929509065,0.0,270.0,0.0
2025-09-04 18:00:00,1209.3705089906082,0.0,407.0,0.0
2025-09-04 18:30:00,1208.3929600280005,0.0,408.0,0.0
2025-09-04 19:00:00,1356.1571691707734,0.0,404.0,0.0
2025-09-04 19:30:00,1231.092194883167,0.0,381.0,0.0
2025-09-04 20:00:00,671.4935493883875,0.0,126.0,0.0
2025-09-04 20:30:00,981.5571253567429,0.0,288.0,0.0
2025-09-04 21:00:00,1166.6154852272598,0.0,370.0,0.0
2025-09-04 21:30:00,1356.6226152055356,0.0,398.00000000000006,0.0
2025-09-04 22:00:00,1443.06682386822,0.0,399.00000000000006,0.0
2025-09-04 22:30:00,1340.7158808769461,0.0,396.0,0.0
2025-09-04 23:00:00,1400.3113970573074,0.0,405.00000000000006,0.0
2025-09-04 23:30:00,1216.9907037025775,0.0,399.0,0.0
2025-09-05 00:00:00,1327.1677155657374,0.0,421.0,0.0
2025-09-05 00:30:00,1206.4316822103194,0.0,282.0,0.0
2025-09-05 01:00:00,913.9158489115732,0.0,234.0,0.0
2025-09-05 01:30:00,1034.1682598366206,0.0,318.0,0.0
2025-09-05 02:00:00,1304.7163503466486,0.0,382.99999999999994,0.0
2025-09-05 02:30:00,1425.8558746960048,0.0,455.0,0.0
2025-09-05 03:00:00,1515.207543391797,0.0,450.99999999999994,0.0
2025-09-05 03:30:00,1370.666066765573,0.0,439.0,0.0
2025-09-05 04:00:00,1504.2056403623756,0.0,463.0,0.0
2025-09-05 04:30:00,1319.9941582797048,0.0,401.0,0.0
2025-09-05 05:00:00,1388.6104332312443,0.0,450.0,0.0
2025-09-05 05:30:00,1393.9131943925447,0.0,437.0,0.0
2025-09-05 06:00:00,1233.0656244688278,0.0,384.0,0.0
2025-09-05 06:30:00,883.5794336435137,0.0,242.00000000000003,0.0
2025-09-05 07:00:00,1168.5835121121656,0.0,371.0,0.0
2025-09-05 07:30:00,1231.1351294605422,0.0,405.0,0.0
2025-09-05 08:00:00,972.8536072033982,0.0,248.0,0.0
2025-09-05 08:30:00,1042.6309438611747,0.0,346.0,0.0
2025-09-05 09:00:00,1190.9732040385782,0.0,434.0,0.0
2025-09-05 09:30:00,1353.5717733508372,0.0,459.0,0.0
2025-09-05 10:00:00,1524.037573525399,0.0,493.0,0.0
2025-09-05 10:30:00,1529.9121884276387,0.0,530.0,0.0
2025-09-05 11:00:00,1398.431349386645,0.0,481.99999999999994,0.0
2025-09-05 11:30:00,1238.0903305739691,0.0,512.0,0.0
2025-09-05 12:00:00,1286.9872626841388,0.0,522.0,0.0
2025-09-05 12:30:00,959.2276848919457,0.0,458.0,0.0
2025-09-05 13:00:00,807.8555553812056,0.0,390.0,0.0
2025-09-05 13:30:00,394.7355996706622,0.0,258.0,0.0
2025-09-05 14:00:00,567.696855755883,0.0,265.0,0.0
2025-09-05 14:30:00,1046.2992479151706,0.0,416.99999999999994,0.0
2025-09-05 15:00:00,1488.2913735508873,0.0,521.0,0.0
2025-09-05 15:30:00,1479.5983044040108,0.0,523.0,0.0
2025-09-05 16:00:00,1578.2731602254921,0.0,516.0,0.0
2025-09-05 16:30:00,1332.5334964212666,0.0,495.0,0.0
2025-09-05 17:00:00,1389.795826346404,0.0,478.0,0.0
2025-09-05 17:30:00,914.2127849397373,0.0,300.0,0.0
2025-09-05 18:00:00,1230.572071347413,0.0,441.0,0.0
2025-09-05 18:30:00,1443.7643072765725,0.0,495.99999999999994,0.0
2025-09-05 19:00:00,1590.324630312682,0.0,536.0,0.0
2025-09-05 19:30:00,1512.2904610397554,0.0,508.00000000000006,0.0
2025-09-05 20:00:00,1344.1641991443262,0.0,421.0,0.0
2025-09-05 20:30:00,1159.9430502733508,0.0,367.0,0.0
2025-09-05 21:00:00,1330.254058062866,0.0,453.0,0.0
2025-09-05 21:30:00,1485.7606772953786,0.0,449.0,0.0
2025-09-05 22:00:00,1535.6295288803487,0.0,503.99999999999994,0.0
2025-09-05 22:30:00,1408.9985833575324,0.0,423.0,0.0
2025-09-05 23:00:00,1358.232755764889,0.0,470.0,0.0
2025-09-05 23:30:00,1478.8167852520605,0.0,476.0,0.0
2025-09-06 00:00:00,1326.5622577171857,0.0,418.0,0.0
2025-09-06 00:30:00,1019.7023369473911,0.0,286.0,0.0
2025-09-06 01:00:00,841.028658328424,0.0,242.00000000000003,0.0
2025-09-06 01:30:00,1011.5908788906889,0.0,307.0,0.0
2025-09-06 02:00:00,1264.0845099405715,0.0,326.0,0.0
2025-09-06 02:30:00,1183.7132897808237,0.0,397.0,0.0
2025-09-06 03:00:00,1213.204366760294,0.0,420.0,0.0
2025-09-06 03:30:00,1127.8673067277375,0.0,367.0,0.0
2025-09-06 04:00:00,1394.204976616352,0.0,390.99999999999994,0.0
2025-09-06 04:30:00,1180.5435856335819,0.0,377.0,0.0
2025-09-06 05:00:00,1216.2787863373096,0.0,360.0,0.0
2025-09-06 05:30:00,1226.9425656232206,0.0,349.0,0.0
2025-09-06 06:00:00,1027.5529407049917,0.0,286.0,0.0
2025-09-06 06:30:00,831.467682598224,0.0,189.0,0.0
2025-09-06 07:00:00,1327.8211949455683,0.0,338.0,0.0
2025-09-06 07:30:00,1390.4846098633266,0.0,407.0,0.0
2025-09-06 08:00:00,927.9432215985154,0.0,279.0,0.0
2025-09-06 08:30:00,987.7799450904711,0.0,299.0,0.0
2025-09-06 09:00:00,1079.4919635345202,0.0,399.0,0.0
2025-09-06 09:30:00,1127.678370508196,0.0,455.0,0.0
2025-09-06 10:00:00,1232.9204323865367,0.0,433.99999999999994,0.0
2025-09-06 10:30:00,1182.8491901273744,0.0,493.0,0.0
2025-09-06 11:00:00,1195.079031023504,0.0,468.0,0.0
2025-09-06 11:30:00,1166.886491089629,0.0,489.0,0.0
2025-09-06 12:00:00,983.8865893876296,0.0,450.0,0.0
2025-09-06 12:30:00,985.1158694254731,0.0,451.0,0.0
2025-09-06 13:00:00,770.8801161959079,0.0,414.0,0.0
2025-09-06 13:30:00,276.2928607544821,0.0,198.0,0.0
2025-09-06 14:00:00,180.64776215187868,0.0,159.0,0.0
2025-09-06 14:30:00,699.7214902538124,0.0,364.0,0.0
2025-09-06 15:00:00,879.0790179947029,0.0,427.0,0.0
2025-09-06 15:30:00,893.6410237987847,0.0,407.0,0.0
2025-09-06 16:00:00,1170.8780972412417,0.0,456.0,0.0
2025-09-06 16:30:00,867.9941780486477,0.0,306.0,0.0
2025-09-06 17:00:00,857.8111292020247,0.0,226.0,0.0
2025-09-06 17:30:00,619.7306965376567,0.0,155.0,0.0
2025-09-06 18:00:00,756.9314067945909,0.0,249.00000000000003,0.0
2025-09-06 18:30:00,924.3728135221058,0.0,298.0,0.0
2025-09-06 19:00:00,941.398995737976,0.0,251.99999999999997,0.0
2025-09-06 19:30:00,983.042331562821,0.0,240.0,0.0
2025-09-06 20:00:00,779.0981637028202,0.0,189.0,0.0
2025-09-06 20:30:00,913.5578699150564,0.0,222.0,0.0
2025-09-06 21:00:00,1055.8886867396493,0.0,326.0,0.0
2025-09-06 21:30:00,1411.6598157001379,0.0,376.0,0.0
2025-09-06 22:00:00,1270.2852292723783,0.0,350.0,0.0
2025-09-06 22:30:00,1278.7609557751248,0.0,348.0,0.0
2025-09-06 23:00:00,1317.1086378959394,0.0,371.0,0.0
2025-09-06 23:30:00,1350.3259095179242,0.0,377.0,0.0
2025-09-07 00:00:00,1338.5827522146908,0.0,364.0,0.0
2025-09-07 00:30:00,1039.5568365221218,0.0,232.0,0.0
2025-09-07 01:00:00,938.4762606885082,0.0,210.0,0.0
2025-09-07 01:30:00,973.3725699694078,0.0,275.0,0.0
2025-09-07 02:00:00,1283.7745818121368,0.0,332.0,0.0
2025-09-07 02:30:00,1486.1305991216843,0.0,410.0,0.0
2025-09-07 03:00:00,1403.8711038535348,0.0,420.0,0.0
2025-09-07 03:30:00,1359.2573973480685,0.0,400.00000000000006,0.0
2025-09-07 04:00:00,1230.039640028621,0.0,372.99999999999994,0.0
2025-09-07 04:30:00,1122.5687896798456,0.0,312.0,0.0
2025-09-07 05:00:00,1188.7317954915025,0.0,295.0,0.0
2025-09-07 05:30:00,1026.4535937839294,0.0,282.0,0.0
2025-09-07 06:00:00,1160.0835233750431,0.0,309.0,0.0
2025-09-07 06:30:00,864.5012379705591,0.0,154.0,0.0
2025-09-07 07:00:00,902.1239434162445,0.0,262.0,0.0
2025-09-07 07:30:00,867.3583544517173,0.0,240.00000000000003,0.0
2025-09-07 08:00:00,620.404289325255,0.0,159.0,0.0
2025-09-07 08:30:00,606.4738098675925,0.0,184.0,0.0
2025-09-07 09:00:00,687.1213753695254,0.0,245.99999999999997,0.0
2025-09-07 09:30:00,969.2096849997793,0.0,344.0,0.0
2025-09-07 10:00:00,1150.6451754470834,0.0,403.0,0.0
2025-09-07 10:30:00,1007.137712569811,0.0,392.0,0.0
2025-09-07 11:00:00,819.2019111024797,0.0,407.0,0.0
2025-09-07 11:30:00,727.4672926046028,0.0,380.0,0.0
2025-09-07 12:00:00,764.2958726582051,0.0,394.0,0.0
2025-09-07 12:30:00,800.4163045280885,0.0,419.00000000000006,0.0
2025-09-07 13:00:00,760.2024428505509,0.0,394.0,0.0
2025-09-07 13:30:00,268.6930217133632,0.0,141.0,0.0
2025-09-07 14:00:00,437.36672581374114,1.0,150.0,0.0
2025-09-07 14:30:00,857.5874067958017,0.0,385.0,0.0
2025-09-07 15:00:00,750.4492784399355,0.0,339.0,0.0
2025-09-07 15:30:00,1007.7753094704979,0.0,360.0,0.0
2025-09-07 16:00:00,720.0904441618502,0.0,341.0,0.0
2025-09-07 16:30:00,968.0928808902607,0.0,334.0,0.0
2025-09-07 17:00:00,1158.1982631658095,0.0,343.0,0.0
2025-09-07 17:30:00,995.8726445961951,0.0,251.0,0.0
2025-09-07 18:00:00,1210.2554123138523,0.0,316.0,0.0
2025-09-07 18:30:00,1000.8842075319606,0.0,281.0,0.0
2025-09-07 19:00:00,875.7733544045468,0.0,256.0,0.0
2025-09-07 19:30:00,933.5129432498408,0.0,247.0,0.0
2025-09-07 20:00:00,751.3292773239862,0.0,163.0,0.0
2025-09-07 20:30:00,762.5169147202131,0.0,157.0,0.0
2025-09-07 21:00:00,991.8051375154871,0.0,278.0,0.0
2025-09-07 21:30:00,1241.7435610310931,0.0,349.00000000000006,0.0
2025-09-07 22:00:00,1170.396181858247,0.0,358.0,0.0
2025-09-07 22:30:00,1336.599803820009,0.0,395.0,0.0
2025-09-07 23:00:00,1355.061445457654,0.0,342.99999999999994,0.0
2025-09-07 23:30:00,1134.0614413781634,0.0,370.0,0.0
2025-09-08 00:00:00,1315.7146734027267,0.0,397.0,0.0
2025-09-08 00:30:00,968.2337683000671,0.0,201.0,0.0
2025-09-08 01:00:00,917.5513733220802,0.0,189.0,0.0
2025-09-08 01:30:00,1016.4797630168276,0.0,274.0,0.0
2025-09-08 02:00:00,1053.3603435040247,0.0,281.0,0.0
2025-09-08 02:30:00,1198.257313829405,0.0,341.0,0.0
2025-09-08 03:00:00,1228.9733842166493,0.0,398.0,0.0
2025-09-08 03:30:00,1246.599461469165,0.0,365.0,0.0
2025-09-08 04:00:00,1278.5001733657473,0.0,395.0,0.0
2025-09-08 04:30:00,1287.2696355914159,0.0,380.0,0.0
2025-09-08 05:00:00,1262.6900861856489,0.0,352.0,0.0
2025-09-08 05:30:00,1160.9700613088514,0.0,317.0,0.0
2025-09-08 06:00:00,1042.2498041939878,0.0,270.0,0.0
2025-09-08 06:30:00,708.1239686068425,0.0,135.0,0.0
2025-09-08 07:00:00,898.517478583658,0.0,234.0,0.0
2025-09-08 07:30:00,927.1476433130387,0.0,221.0,0.0
2025-09-08 08:00:00,793.1385087951094,0.0,176.0,0.0
2025-09-08 08:30:00,941.1013015336698,0.0,284.0,0.0
2025-09-08 09:00:00,1162.5470323521233,0.0,428.0,0.0
2025-09-08 09:30:00,1446.4754266951218,0.0,482.0,0.0
2025-09-08 10:00:00,1261.9722196124028,0.0,461.0,0.0
2025-09-08 10:30:00,1369.4881684782608,0.0,472.00000000000006,0.0
2025-09-08 11:00:00,1105.5003876571218,0.0,493.0,0.0
2025-09-08 11:30:00,1028.7641036973666,0.0,466.0,0.0
2025-09-08 12:00:00,1138.8019674258157,0.0,436.00000000000006,0.0
2025-09-08 12:30:00,966.3005873812368,0.0,417.0,0.0
2025-09-08 13:00:00,766.2293078482423,0.0,332.0,0.0
2025-09-08 13:30:00,585.5515213314492,0.0,216.0,0.0
2025-09-08 14:00:00,552.3412832918362,0.0,250.0,0.0
2025-09-08 14:30:00,1108.5311280939297,0.0,429.0,0.0
2025-09-08 15:00:00,1365.8971383854685,0.0,484.0,0.0
2025-09-08 15:30:00,1350.1028591649956,0.0,471.0,0.0
2025-09-08 16:00:00,1008.4024153364156,0.0,405.0,0.0
2025-09-08 16:30:00,1130.6154976267849,0.0,416.0,0.0
2025-09-08 17:00:00,1313.2871402714607,0.0,417.0,0.0
2025-09-08 17:30:00,906.5873670048119,0.0,289.0,0.0
2025-09-08 18:00:00,1324.746232205106,0.0,456.0,0.0
2025-09-08 18:30:00,1438.88601845525,0.0,480.0,0.0
2025-09-08 19:00:00,1412.8214370258017,0.0,493.00000000000006,0.0
2025-09-08 19:30:00,1489.3732506726026,0.0,461.0,0.0
2025-09-08 20:00:00,1215.658162127093,0.0,327.0,0.0
2025-09-08 20:30:00,1142.5494930969276,0.0,346.0,0.0
2025-09-08 21:00:00,1289.5417469160107,0.0,395.00000000000006,0.0
2025-09-08 21:30:00,1312.212937861539,0.0,393.0,0.0
2025-09-08 22:00:00,1428.3799027339978,0.0,452.99999999999994,0.0
2025-09-08 22:30:00,1492.3221965005828,0.0,404.00000000000006,0.0
2025-09-08 23:00:00,1493.6589557361879,0.0,409.0,0.0
2025-09-08 23:30:00,1391.7175408599962,0.0,453.0,0.0
2025-09-09 00:00:00,1382.641741826466,0.0,409.0,0.0
2025-09-09 00:30:00,1009.681364069088,0.0,248.0,0.0
2025-09-09 01:00:00,914.5361611765114,0.0,186.0,0.0
2025-09-09 01:30:00,1216.9411730028196,0.0,323.0,0.0
2025-09-09 02:00:00,1140.6856922142345,0.0,344.99999999999994,0.0
2025-09-09 02:30:00,1379.2749613635533,0.0,401.99999999999994,0.0
2025-09-09 03:00:00,1173.1966660771957,0.0,328.0,0.0
2025-09-09 03:30:00,1397.1821305988967,0.0,383.99999999999994,0.0
2025-09-09 04:00:00,1460.7777699811058,0.0,435.0,0.0
2025-09-09 04:30:00,1388.650317363615,0.0,381.0,0.0
2025-09-09 05:00:00,1410.8511191172927,0.0,414.99999999999994,0.0
2025-09-09 05:30:00,1513.0133278839974,0.0,432.0,0.0
2025-09-09 06:00:00,1341.2336239377453,0.0,389.0,0.0
2025-09-09 06:30:00,887.9948780354482,0.0,168.0,0.0
2025-09-09 07:00:00,1070.4239507878278,0.0,315.0,0.0
2025-09-09 07:30:00,1257.1050429953068,0.0,274.0,0.0
2025-09-09 08:00:00,1032.4979691264587,0.0,268.0,0.0
2025-09-09 08:30:00,988.7556450962737,0.0,325.0,0.0
2025-09-09 09:00:00,1039.5789052070788,0.0,400.0,0.0
2025-09-09 09:30:00,1104.9192002382745,0.0,447.0,0.0
2025-09-09 10:00:00,1266.712334682225,0.0,439.99999999999994,0.0
2025-09-09 10:30:00,1195.222477125327,0.0,434.0,0.0
2025-09-09 11:00:00,987.5076264783406,0.0,483.0,0.0
2025-09-09 11:30:00,1061.171344017944,0.0,470.0,0.0
2025-09-09 12:00:00,988.4536584076643,0.0,475.0,0.0
2025-09-09 12:30:00,900.7312829618616,0.0,386.0,0.0
2025-09-09 13:00:00,684.4209120550337,0.0,331.0,0.0
2025-09-09 13:30:00,469.6382022098612,0.0,225.0,0.0
2025-09-09 14:00:00,648.669020833105,0.0,273.0,0.0
2025-09-09 14:30:00,994.323695881073,0.0,416.0,0.0
2025-09-09 15:00:00,876.6859338354674,0.0,422.0,0.0
2025-09-09 15:30:00,1161.5941886531286,0.0,409.00000000000006,0.0
2025-09-09 16:00:00,1151.2428036718627,0.0,415.0,0.0
2025-09-09 16:30:00,1181.456763945608,0.0,441.0,0.0
2025-09-09 17:00:00,1299.2963796982604,0.0,453.0,0.0
2025-09-09 17:30:00,1024.3604798431384,0.0,300.0,0.0
2025-09-09 18:00:00,1335.446149136387,0.0,445.99999999999994,0.0
2025-09-09 18:30:00,1481.4849713677952,0.0,465.0,0.0
2025-09-09 19:00:00,1365.1661581164142,0.0,457.0,0.0
2025-09-09 19:30:00,1392.504602856024,0.0,423.0,0.0
2025-09-09 20:00:00,1257.923865695968,0.0,364.99999999999994,0.0
2025-09-09 20:30:00,1218.985206427957,0.0,304.0,0.0
2025-09-09 21:00:00,1288.8659844176245,0.0,400.0,0.0
2025-09-09 21:30:00,1467.4171764024732,0.0,399.0,0.0
2025-09-09 22:00:00,1391.098275138571,0.0,433.0,0.0
2025-09-09 22:30:00,1349.0156009444977,0.0,387.99999999999994,0.0
2025-09-09 23:00:00,1581.3589408905443,0.0,434.0,0.0
2025-09-09 23:30:00,1546.0150099746209,0.0,459.0,0.0
2025-09-10 00:00:00,1431.2122365829352,0.0,419.0,0.0
2025-09-10 00:30:00,1027.8310816677986,0.0,283.0,0.0
2025-09-10 01:00:00,884.6998163817804,0.0,210.0,0.0
2025-09-10 01:30:00,1063.4195232108382,0.0,316.0,0.0
2025-09-10 02:00:00,1297.657014208301,0.0,361.99999999999994,0.0
2025-09-10 02:30:00,1448.4712739869888,0.0,451.0,0.0
2025-09-10 03:00:00,1467.496503414727,0.0,458.00000000000006,0.0
2025-09-10 03:30:00,1469.736178138064,0.0,471.0,0.0
2025-09-10 04:00:00,1384.5009321880286,0.0,425.0,0.0
2025-09-10 04:30:00,1439.1008714199097,0.0,428.0,0.0
2025-09-10 05:00:00,1307.4328549681459,0.0,433.0,0.0
2025-09-10 05:30:00,1285.3625566294952,0.0,447.0,0.0
2025-09-10 06:00:00,1331.3630008968876,0.0,380.00000000000006,0.0
2025-09-10 06:30:00,851.8225680892364,0.0,200.0,0.0
2025-09-10 07:00:00,1252.4077069583996,0.0,389.0,0.0
2025-09-10 07:30:00,1315.8903252729713,0.0,397.0,0.0
2025-09-10 08:00:00,1020.2619046254683,0.0,320.0,0.0
2025-09-10 08:30:00,1048.520627609206,0.0,344.0,0.0
2025-09-10 09:00:00,1254.4958516871957,0.0,479.0,0.0
2025-09-10 09:30:00,1306.8950821508427,0.0,519.0,0.0
2025-09-10 10:00:00,1232.633108722314,0.0,496.99999999999994,0.0
2025-09-10 10:30:00,1202.3269275531604,0.0,476.0,0.0
2025-09-10 11:00:00,989.6720559704503,0.0,502.00000000000006,0.0
2025-09-10 11:30:00,1235.4812294696994,0.0,508.0,0.0
2025-09-10 12:00:00,922.2002975151325,0.0,462.0,0.0
2025-09-10 12:30:00,865.7692521828309,0.0,422.0,0.0
2025-09-10 13:00:00,651.1688772940687,0.0,366.0,0.0
2025-09-10 13:30:00,405.23665992910117,0.0,258.0,0.0
2025-09-10 14:00:00,619.1742935462926,0.0,298.0,0.0
2025-09-10 14:30:00,1249.791575438357,0.0,502.0,0.0
2025-09-10 15:00:00,1130.0413020067938,0.0,512.0,0.0
2025-09-10 15:30:00,1249.457144450461,0.0,515.0,0.0
2025-09-10 16:00:00,1357.6075512891073,0.0,484.00000000000006,0.0
2025-09-10 16:30:00,1257.1722740243495,0.0,453.0,0.0
2025-09-10 17:00:00,1202.6442748621637,0.0,455.0,0.0
2025-09-10 17:30:00,903.7564851196107,0.0,319.0,0.0
2025-09-10 18:00:00,1312.0228826910259,0.0,447.00000000000006,0.0
2025-09-10 18:30:00,1562.6927497626316,0.0,513.0,0.0
2025-09-10 19:00:00,1564.8984953105344,0.0,491.99999999999994,0.0
2025-09-10 19:30:00,1389.4381426470388,0.0,487.99999999999994,0.0
2025-09-10 20:00:00,1280.5228475555875,0.0,386.00000000000006,0.0
2025-09-10 20:30:00,1232.911613823659,0.0,367.0,0.0
2025-09-10 21:00:00,1320.4762849923607,0.0,469.0,0.0
2025-09-10 21:30:00,1427.369457516676,0.0,421.00000000000006,0.0
2025-09-10 22:00:00,1550.8238748592928,0.0,452.0,0.0
2025-09-10 22:30:00,1431.7510919492695,0.0,428.0,0.0
2025-09-10 23:00:00,1477.2849263508672,0.0,445.99999999999994,0.0
2025-09-10 23:30:00,1475.6132617491699,0.0,471.0,0.0
2025-09-11 00:00:00,1328.475523605965,0.0,387.0,0.0
2025-09-11 00:30:00,1119.5781357233802,0.0,320.0,0.0
2025-09-11 01:00:00,924.9436611247795,0.0,236.99999999999997,0.0
2025-09-11 01:30:00,1241.0985877564183,0.0,352.0,0.0
2025-09-11 02:00:00,1104.5290924147246,0.0,351.0,0.0
2025-09-11 02:30:00,1472.8809691356732,0.0,456.0,0.0
2025-09-11 03:00:00,1538.5192017229347,0.0,470.99999999999994,0.0
2025-09-11 03:30:00,1469.3940202359786,0.0,466.0,0.0
2025-09-11 04:00:00,1393.9064733115392,0.0,456.0,0.0
2025-09-11 04:30:00,1413.609912029786,0.0,440.0,0.0
2025-09-11 05:00:00,1463.5267037911517,0.0,466.00000000000006,0.0
2025-09-11 05:30:00,1541.8478483050797,0.0,455.99999999999994,0.0
2025-09-11 06:00:00,1333.1299897003748,0.0,409.0,0.0
2025-09-11 06:30:00,904.8834202894453,0.0,209.0,0.0
2025-09-11 07:00:00,1278.4693433437183,0.0,396.99999999999994,0.0
2025-09-11 07:30:00,1397.2996105030427,0.0,412.0,0.0
2025-09-11 08:00:00,1021.3843460169776,0.0,344.0,0.0
2025-09-11 08:30:00,1129.6157461768803,0.0,359.0,0.0
2025-09-11 09:00:00,1588.0608227336165,0.0,517.0,0.0
2025-09-11 09:30:00,1387.1604979618044,0.0,497.0,0.0
2025-09-11 10:00:00,1208.4139987138092,0.0,499.0,0.0
2025-09-11 10:30:00,1294.7202655632245,0.0,480.0,0.0
2025-09-11 11:00:00,1356.8866760821609,0.0,524.0,0.0
2025-09-11 11:30:00,1263.2743116377196,0.0,506.0,0.0
2025-09-11 12:00:00,1418.314904105594,0.0,533.0,0.0
2025-09-11 12:30:00,1365.5634431370645,0.0,494.99999999999994,0.0
2025-09-11 13:00:00,1081.1694525235318,0.0,416.0,0.0
2025-09-11 13:30:00,850.661038215291,0.0,298.0,0.0
2025-09-11 14:00:00,853.9308744807299,0.0,340.0,0.0
2025-09-11 14:30:00,1367.5749335687174,0.0,502.99999999999994,0.0
2025-09-11 15:00:00,1270.3888756357503,0.0,519.0,0.0
2025-09-11 15:30:00,1349.058199697208,0.0,468.0,0.0
2025-09-11 16:00:00,1132.5765077726903,0.0,484.0,0.0
2025-09-11 16:30:00,1263.9312193620615,0.0,475.0,0.0
2025-09-11 17:00:00,1520.4288326055066,0.0,480.0,0.0
2025-09-11 17:30:00,1117.470929688413,0.0,362.0,0.0
2025-09-11 18:00:00,1589.2432166650954,0.0,516.0,0.0
2025-09-11 18:30:00,1558.140941835845,0.0,528.0,0.0
2025-09-11 19:00:00,1646.496434614176,0.0,567.0,0.0
2025-09-11 19:30:00,1653.4674944482986,0.0,541.0,0.0
2025-09-11 20:00:00,1325.344638130542,0.0,381.99999999999994,0.0
2025-09-11 20:30:00,1153.31341008767,0.0,343.0,0.0
2025-09-11 21:00:00,1277.1975604170636,0.0,442.0,0.0
2025-09-11 21:30:00,1508.2314845862866,0.0,494.0,0.0
2025-09-11 22:00:00,1597.0777808811097,0.0,472.0,0.0
2025-09-11 22:30:00,1463.071004847367,0.0,495.99999999999994,0.0
2025-09-11 23:00:00,1413.884411396555,0.0,494.00000000000006,0.0
2025-09-11 23:30:00,1662.1202713812795,0.0,472.0,0.0
2025-09-12 00:00:00,1258.4648337277747,0.0,377.00000000000006,0.0
2025-09-12 00:30:00,1018.3420005585447,0.0,233.0,0.0
2025-09-12 01:00:00,949.7831314537259,0.0,188.0,0.0
2025-09-12 01:30:00,974.2974766177063,0.0,275.0,0.0
2025-09-12 02:00:00,1350.3912563509666,0.0,368.0,0.0
2025-09-12 02:30:00,1280.2007272354274,0.0,404.0,0.0
2025-09-12 03:00:00,1427.9188171800715,0.0,402.0,0.0
2025-09-12 03:30:00,1321.215579062249,0.0,362.0,0.0
2025-09-12 04:00:00,1246.640896525292,0.0,395.0,0.0
2025-09-12 04:30:00,1345.8639103757687,0.0,408.0,0.0
2025-09-12 05:00:00,1408.6430587134369,0.0,387.00000000000006,0.0
2025-09-12 05:30:00,1474.9786288820846,0.0,401.0,0.0
2025-09-12 06:00:00,1298.7999228147867,0.0,386.0,0.0
2025-09-12 06:30:00,794.2145179173909,0.0,179.0,0.0
2025-09-12 07:00:00,1148.8589292542224,0.0,302.0,0.0
2025-09-12 07:30:00,1285.3290951205206,0.0,381.0,0.0
2025-09-12 08:00:00,995.4222816337867,0.0,256.0,0.0
2025-09-12 08:30:00,1004.6582204917152,0.0,285.0,0.0
2025-09-12 09:00:00,1298.8043671261985,0.0,403.0,0.0
2025-09-12 09:30:00,1161.263658419446,0.0,399.99999999999994,0.0
2025-09-12 10:00:00,1127.9595184077157,0.0,462.0,0.0
2025-09-12 10:30:00,1104.825908504237,0.0,431.0,0.0
2025-09-12 11:00:00,1123.7319666212015,0.0,457.00000000000006,0.0
2025-09-12 11:30:00,967.6397474313369,0.0,425.0,0.0
2025-09-12 12:00:00,941.5888396988651,0.0,464.0,0.0
2025-09-12 12:30:00,1000.8460589613359,0.0,415.0,0.0
2025-09-12 13:00:00,617.1217184592327,0.0,290.0,0.0
2025-09-12 13:30:00,521.5499431030883,0.0,247.0,0.0
2025-09-12 14:00:00,599.6341649204131,0.0,288.0,0.0
2025-09-12 14:30:00,991.3442409425678,0.0,367.0,0.0
2025-09-12 15:00:00,1062.0145981724731,0.0,428.0,0.0
2025-09-12 15:30:00,980.0754562774324,0.0,435.0,0.0
2025-09-12 16:00:00,1052.2370265600503,0.0,447.0,0.0
2025-09-12 16:30:00,1185.004792966038,0.0,464.0,0.0
2025-09-12 17:00:00,1195.209792743932,0.0,414.0,0.0
2025-09-12 17:30:00,867.8785623040342,0.0,237.0,0.0
2025-09-12 18:00:00,1262.8280975286857,0.0,422.0,0.0
2025-09-12 18:30:00,1323.5594428157833,0.0,417.0,0.0
2025-09-12 19:00:00,1429.6389735927348,0.0,458.0,0.0
2025-09-12 19:30:00,1377.1447225334146,0.0,384.99999999999994,0.0
2025-09-12 20:00:00,1199.6893837088169,0.0,278.0,0.0
2025-09-12 20:30:00,1160.3749766224178,0.0,279.0,0.0
2025-09-12 21:00:00,1419.7040271666963,0.0,406.0,0.0
2025-09-12 21:30:00,1386.8763546043722,0.0,450.0,0.0
2025-09-12 22:00:00,1359.3424608790856,0.0,398.99999999999994,0.0
2025-09-12 22:30:00,1524.2557413028771,0.0,424.00000000000006,0.0
2025-09-12 23:00:00,1543.4833337962482,0.0,452.0,0.0
2025-09-12 23:30:00,1423.6807778050907,0.0,448.0,0.0
2025-09-13 00:00:00,1049.512330963658,0.0,236.0,0.0
2025-09-13 00:30:00,906.9362053504547,0.0,183.14893617021278,0.0
2025-09-13 01:00:00,1156.7382458493287,0.0,293.06382978723406,0.0
2025-09-13 01:30:00,1371.0389153110302,0.0,399.10638297872345,0.0
2025-09-13 02:00:00,1265.8270264889338,0.0,399.59574468085106,0.0
2025-09-13 02:30:00,1347.486407489829,0.0,413.29787234042556,0.0
2025-09-13 03:00:00,1518.8421065376006,0.0,457.74468085106383,0.0
2025-09-13 03:30:00,1263.044347637768,0.0,379.7446808510639,0.0
2025-09-13 04:00:00,1201.3487455330971,0.0,379.93617021276594,0.0
2025-09-13 04:30:00,1332.2282344388364,0.0,378.95744680851067,0.0
2025-09-13 05:00:00,1338.9974628991424,0.0,359.10638297872345,0.0
2025-09-13 05:30:00,1164.5859677699157,0.0,325.6595744680851,0.0
2025-09-13 06:00:00,878.820009779888,0.0,231.36170212765956,0.0
2025-09-13 06:30:00,1159.4796772992065,0.0,286.63829787234044,0.0
2025-09-13 07:00:00,1148.582689713966,0.0,363.9361702127659,0.0
2025-09-13 07:30:00,1151.9790460954446,0.0,295.85106382978734,0.0
2025-09-13 08:00:00,958.4115459485977,0.0,282.04255319148933,0.0
2025-09-13 08:30:00,969.974851301239,0.0,345.1489361702126,0.0
2025-09-13 09:00:00,1091.2415499491678,0.0,404.4680851063829,0.0
2025-09-13 09:30:00,1163.4208919195464,0.0,434.7234042553191,0.0
2025-09-13 10:00:00,1091.5826423055041,0.0,431.6595744680851,0.0
2025-09-13 10:30:00,1073.8699661603116,0.0,410.72340425531917,0.0
2025-09-13 11:00:00,963.865661511473,0.0,388.29787234042556,0.0
2025-09-13 11:30:00,1281.5646924941575,0.0,417.8297872340425,0.0
2025-09-13 12:00:00,1441.6893520513802,0.0,455.51063829787233,0.0
2025-09-13 12:30:00,1142.9674551437063,0.0,423.6382978723404,0.0
2025-09-13 13:00:00,728.4670514507924,0.0,311.14893617021266,0.0
2025-09-13 13:30:00,370.9095664994819,0.0,198.1276595744682,0.0
2025-09-13 14:00:00,467.50712677259435,0.0,255.65957446808468,0.0
2025-09-13 14:30:00,858.7854117844394,0.0,418.5106382978721,0.0
2025-09-13 15:00:00,963.3362606918128,0.0,467.1063829787235,0.0
2025-09-13 15:30:00,1083.5958031843284,0.0,435.06382978723406,0.0
2025-09-13 16:00:00,1112.8943089494455,0.0,445.468085106383,0.0
2025-09-13 16:30:00,1073.4533100723593,0.0,387.38297872340524,0.0
2025-09-13 17:00:00,543.7062158760007,0.0,208.36170212765984,0.0
2025-09-13 17:30:00,559.8520577215195,0.0,174.6170212765955,0.0
2025-09-13 18:00:00,911.3632026184813,0.0,232.5531914893616,0.0
2025-09-13 18:30:00,999.5201445285516,0.0,252.72340425531914,0.0
2025-09-13 19:00:00,899.7074691178211,0.0,245.31914893617025,0.0
2025-09-13 19:30:00,928.8967022699352,0.0,233.14893617021275,0.0
2025-09-13 20:00:00,930.4887819549738,0.0,240.02127659574455,0.0
2025-09-13 20:30:00,968.4207843693275,0.0,314.1063829787232,0.0
2025-09-13 21:00:00,1196.0204016850034,0.0,390.1063829787234,0.0
2025-09-13 21:30:00,1271.5201273740643,0.0,387.68085106382983,0.0
2025-09-13 22:00:00,1356.10985387777,0.0,354.6808510638298,0.0
2025-09-13 22:30:00,1264.36133984426,0.0,393.1489361702128,0.0
2025-09-13 23:00:00,1317.9474306360437,0.0,374.48936170212767,0.0
2025-09-13 23:30:00,1380.2900449697008,0.0,397.00000000000006,0.0
2025-09-14 00:00:00,1307.8693637036558,0.0,365.0,0.0
2025-09-14 00:30:00,1010.0843203558427,0.0,209.0,0.0
2025-09-14 01:00:00,796.4583570932975,0.0,169.0,0.0
2025-09-14 01:30:00,829.7682138509635,0.0,210.99999999999997,0.0
2025-09-14 02:00:00,1141.0046438972938,0.0,301.0,0.0
2025-09-14 02:30:00,1038.2526211222805,0.0,260.0,0.0
2025-09-14 03:00:00,1022.5553960561459,0.0,258.0,0.0
2025-09-14 03:30:00,1013.0703150001607,0.0,255.00000000000003,0.0
2025-09-14 04:00:00,1172.067599721821,0.0,257.0,0.0
2025-09-14 04:30:00,1037.892724667737,0.0,267.0,0.0
2025-09-14 05:00:00,1060.6421357522408,0.0,276.0,0.0
2025-09-14 05:30:00,1000.4255950469949,0.0,237.0,0.0
2025-09-14 06:00:00,935.9890423805032,0.0,195.0,0.0
2025-09-14 06:30:00,693.2682517351656,0.0,110.0,0.0
2025-09-14 07:00:00,771.7170447247317,0.0,212.99999999999997,0.0
2025-09-14 07:30:00,840.637913204289,0.0,207.0,0.0
2025-09-14 08:00:00,721.8342413655188,0.0,135.0,0.0
2025-09-14 08:30:00,625.4084798149382,0.0,160.0,0.0
2025-09-14 09:00:00,687.5629233732282,0.0,204.0,0.0
2025-09-14 09:30:00,719.8880569019018,0.0,242.0,0.0
2025-09-14 10:00:00,741.3039604865437,0.0,220.00000000000003,0.0
2025-09-14 10:30:00,483.37935063091135,0.0,202.0,0.0
2025-09-14 11:00:00,582.0430208522295,0.0,257.0,0.0
2025-09-14 11:30:00,594.0670906283889,0.0,254.0,0.0
2025-09-14 12:00:00,506.5747629672373,0.0,262.0,0.0
2025-09-14 12:30:00,414.8578060431149,0.0,227.0,0.0
2025-09-14 13:00:00,490.163571307972,0.0,245.99999999999997,0.0
2025-09-14 13:30:00,96.33572177891693,18.0,120.0,0.0
2025-09-14 14:00:00,102.68481344023824,1.0,95.0,0.0
2025-09-14 14:30:00,638.3358859689955,0.0,242.0,0.0
2025-09-14 15:00:00,489.6795003558051,0.0,257.0,0.0
2025-09-14 15:30:00,502.52583917145483,0.0,220.0,0.0
2025-09-14 16:00:00,694.2951112351461,0.0,239.0,0.0
2025-09-14 16:30:00,685.7433245652105,0.0,270.0,0.0
2025-09-14 17:00:00,746.8497014914893,0.0,240.0,0.0
2025-09-14 17:30:00,635.7914978813416,0.0,140.0,0.0
2025-09-14 18:00:00,1034.5749351832098,0.0,260.0,0.0
2025-09-14 18:30:00,1017.5552594783356,0.0,221.0,0.0
2025-09-14 19:00:00,981.7985352669807,0.0,215.0,0.0
2025-09-14 19:30:00,873.9986175489015,0.0,207.0,0.0
2025-09-14 20:00:00,655.0945150395762,0.0,143.0,0.0
2025-09-14 20:30:00,704.8271328782254,0.0,163.0,0.0
2025-09-14 21:00:00,865.8165061628955,0.0,213.0,0.0
2025-09-14 21:30:00,947.4484075886004,0.0,238.99999999999997,0.0
2025-09-14 22:00:00,1012.3168841722102,0.0,239.0,0.0
2025-09-14 22:30:00,1001.5656343418724,0.0,191.0,0.0
2025-09-14 23:00:00,890.7966054945964,0.0,214.0,0.0
2025-09-14 23:30:00,894.8958384183395,0.0,243.0,0.0
2025-09-15 00:00:00,749.4596419178338,0.0,186.0,0.0
2025-09-15 00:30:00,649.2889241449749,0.0,124.99999999999999,0.0
2025-09-15 01:00:00,594.2365542241148,0.0,130.0,0.0
2025-09-15 01:30:00,892.2324641111768,0.0,251.0,0.0
2025-09-15 02:00:00,995.3553474491682,0.0,266.0,0.0
2025-09-15 02:30:00,913.8429194963252,0.0,224.0,0.0
2025-09-15 03:00:00,824.8647786064197,0.0,186.0,0.0
2025-09-15 03:30:00,939.5831794079658,0.0,258.0,0.0
2025-09-15 04:00:00,1019.4152173259271,0.0,229.0,0.0
2025-09-15 04:30:00,895.2942024947697,0.0,205.0,0.0
2025-09-15 05:00:00,817.0224692176434,0.0,227.0,0.0
2025-09-15 05:30:00,814.4314214765893,0.0,177.0,0.0
2025-09-15 06:00:00,935.5528069501037,0.0,213.0,0.0
2025-09-15 06:30:00,650.498860744529,0.0,114.00000000000001,0.0
2025-09-15 07:00:00,808.146333459456,0.0,213.0,0.0
2025-09-15 07:30:00,800.119559805892,0.0,170.0,0.0
2025-09-15 08:00:00,724.7695747812573,0.0,181.0,0.0
2025-09-15 08:30:00,1159.685655841757,0.0,324.0,0.0
2025-09-15 09:00:00,1262.2608861507126,0.0,429.0,0.0
2025-09-15 09:30:00,1205.1884371623144,0.0,399.0,0.0
2025-09-15 10:00:00,1343.595334037868,0.0,466.99999999999994,0.0
2025-09-15 10:30:00,1281.3241700740534,0.0,469.0,0.0
2025-09-15 11:00:00,1108.9903158497186,0.0,419.0,0.0
2025-09-15 11:30:00,1093.5358659200576,0.0,447.0,0.0
2025-09-15 12:00:00,1233.0835003680731,0.0,446.0,0.0
2025-09-15 12:30:00,1182.074586920505,0.0,432.0,0.0
2025-09-15 13:00:00,967.6922506881428,0.0,352.0,0.0
2025-09-15 13:30:00,568.0386311286699,0.0,217.0,0.0
2025-09-15 14:00:00,548.4465507716656,0.0,260.0,0.0
2025-09-15 14:30:00,1050.6697018152267,0.0,458.00000000000006,0.0
2025-09-15 15:00:00,965.0919770991538,0.0,442.0,0.0
2025-09-15 15:30:00,1204.2661762872679,0.0,495.0,0.0
2025-09-15 16:00:00,1455.2383739102725,0.0,487.0,0.0
2025-09-15 16:30:00,1598.9834164360798,0.0,479.00000000000006,0.0
2025-09-15 17:00:00,1459.029475843432,0.0,455.0,0.0
2025-09-15 17:30:00,993.323993996815,0.0,251.0,0.0
2025-09-15 18:00:00,1493.2595306952212,0.0,463.99999999999994,0.0
2025-09-15 18:30:00,1539.563752578424,0.0,516.0,0.0
2025-09-15 19:00:00,1533.2303714440002,0.0,464.0,0.0
2025-09-15 19:30:00,1583.977676179123,0.0,410.99999999999994,0.0
2025-09-15 20:00:00,1158.285536323461,0.0,321.0,0.0
2025-09-15 20:30:00,1127.6445292429278,0.0,278.0,0.0
2025-09-15 21:00:00,1374.0178002683974,0.0,367.0,0.0
2025-09-15 21:30:00,1405.9959652090422,0.0,409.0,0.0
2025-09-15 22:00:00,1380.8884796883071,0.0,407.0,0.0
2025-09-15 22:30:00,1240.350368202178,0.0,421.0,0.0
2025-09-15 23:00:00,1394.3971903666243,0.0,400.99999999999994,0.0
2025-09-15 23:30:00,1202.8881274556331,0.0,408.99999999999994,0.0
2025-09-16 00:00:00,938.8547271266872,0.0,404.0,0.0
2025-09-16 00:30:00,765.0440577054837,0.0,261.0,0.0
2025-09-16 01:00:00,597.1694575345418,0.0,214.0,0.0
2025-09-16 01:30:00,658.6784023820483,0.0,273.0,0.0
2025-09-16 02:00:00,896.3867057151689,0.0,307.0,0.0
2025-09-16 02:30:00,891.5907714373893,0.0,401.0,0.0
2025-09-16 03:00:00,848.0105355964074,0.0,345.0,0.0
2025-09-16 03:30:00,904.5881150883082,0.0,369.0,0.0
2025-09-16 04:00:00,953.002849941278,0.0,393.0,0.0
2025-09-16 04:30:00,906.4739871677652,0.0,388.0,0.0
2025-09-16 05:00:00,886.0871329008102,0.0,396.0,0.0
2025-09-16 05:30:00,954.3453560112429,0.0,387.0,0.0
2025-09-16 06:00:00,886.601865618285,0.0,373.0,0.0
2025-09-16 06:30:00,549.2662307925169,0.0,199.0,0.0
2025-09-16 07:00:00,829.3937236872187,0.0,311.0,0.0
2025-09-16 07:30:00,894.3576095058588,0.0,345.0,0.0
2025-09-16 08:00:00,651.8017249205512,0.0,247.0,0.0
2025-09-16 08:30:00,603.3682085516821,0.0,281.0,0.0
2025-09-16 09:00:00,824.9542504647741,0.0,370.0,0.0
2025-09-16 09:30:00,930.743228395316,0.0,481.0,0.0
2025-09-16 10:00:00,1021.5907953591682,0.0,492.0,0.0
2025-09-16 10:30:00,790.3573364513824,0.0,480.00000000000006,0.0
2025-09-16 11:00:00,940.2257487779382,0.0,424.0,0.0
2025-09-16 11:30:00,817.2967384635092,0.0,469.0,0.0
2025-09-16 12:00:00,583.6029006258015,0.0,467.99999999999994,0.0
2025-09-16 12:30:00,643.8946756874127,0.0,363.0,0.0
2025-09-16 13:00:00,509.6093465837341,0.0,374.0,0.0
2025-09-16 13:30:00,330.81783227493906,0.0,236.99999999999997,0.0
2025-09-16 14:00:00,473.8776684532694,0.0,273.0,0.0
2025-09-16 14:30:00,745.2220552544547,0.0,418.00000000000006,0.0
2025-09-16 15:00:00,762.2666667663508,0.0,442.0,0.0
2025-09-16 15:30:00,705.6132887111315,0.0,457.0,0.0
2025-09-16 16:00:00,826.7310298469629,0.0,460.0,0.0
2025-09-16 16:30:00,996.1886760567963,0.0,469.0,0.0
2025-09-16 17:00:00,1023.6818796462404,0.0,461.0,0.0
2025-09-16 17:30:00,767.0011964494777,0.0,305.0,0.0
2025-09-16 18:00:00,979.2124277585322,0.0,462.0,0.0
2025-09-16 18:30:00,1054.7075863476928,0.0,473.0,0.0
2025-09-16 19:00:00,996.7573426539682,0.0,455.0,0.0
2025-09-16 19:30:00,916.5203525869625,0.0,458.0,0.0
2025-09-16 20:00:00,845.8789537420629,0.0,343.0,0.0
2025-09-16 20:30:00,895.5027397136708,0.0,360.0,0.0
2025-09-16 21:00:00,939.540037809777,0.0,434.0,0.0
2025-09-16 21:30:00,1132.4754274660495,0.0,487.0,0.0
2025-09-16 22:00:00,1096.6954085855837,0.0,434.0,0.0
2025-09-16 22:30:00,991.2320970889892,0.0,398.0,0.0
2025-09-16 23:00:00,887.1124361145031,0.0,465.0,0.0
2025-09-16 23:30:00,1018.808987477949,0.0,477.0,0.0
2025-09-17 00:00:00,1588.563550029929,0.0,418.99999999999994,0.0
2025-09-17 00:30:00,1059.5557509834684,0.0,283.0,0.0
2025-09-17 01:00:00,761.1226898408531,0.0,210.0,0.0
2025-09-17 01:30:00,1038.2581607423847,0.0,316.0,0.0
2025-09-17 02:00:00,1120.4027365932534,0.0,362.0,0.0
2025-09-17 02:30:00,1411.462299370717,0.0,451.0,0.0
2025-09-17 03:00:00,1440.930582918822,0.0,458.0,0.0
2025-09-17 03:30:00,1424.9455347840474,0.0,470.99999999999994,0.0
2025-09-17 04:00:00,1537.1550359856024,0.0,425.00000000000006,0.0
2025-09-17 04:30:00,1405.1394489293793,0.0,428.0,0.0
2025-09-17 05:00:00,1416.172848840905,0.0,433.00000000000006,0.0
2025-09-17 05:30:00,1333.6807202533294,0.0,446.99999999999994,0.0
2025-09-17 06:00:00,1227.1512263382779,0.0,380.0,0.0
2025-09-17 06:30:00,827.279625446715,0.0,200.0,0.0
2025-09-17 07:00:00,1233.6197326040128,0.0,389.0,0.0
2025-09-17 07:30:00,1169.9050301524599,0.0,396.99999999999994,0.0
2025-09-17 08:00:00,1027.5321627073888,0.0,320.0,0.0
2025-09-17 08:30:00,1009.5097958601397,0.0,344.0,0.0
2025-09-17 09:00:00,1243.8340022463008,0.0,479.0,0.0
2025-09-17 09:30:00,1285.042363742669,0.0,519.0,0.0
2025-09-17 10:00:00,1218.3807813302813,0.0,497.0,0.0
2025-09-17 10:30:00,1082.3434880309253,0.0,476.0,0.0
2025-09-17 11:00:00,1088.5999084792868,0.0,502.0,0.0
2025-09-17 11:30:00,1241.8095790971577,0.0,508.0,0.0
2025-09-17 12:00:00,1061.125977932407,0.0,462.0,0.0
2025-09-17 12:30:00,857.6688096812,0.0,422.0,0.0
2025-09-17 13:00:00,650.419121793281,0.0,366.0,0.0
2025-09-17 13:30:00,462.29977133534607,0.0,258.0,0.0
2025-09-17 14:00:00,625.9101384215649,0.0,298.0,0.0
2025-09-17 14:30:00,1246.341432401409,0.0,502.0,0.0
2025-09-17 15:00:00,1312.4559594139205,0.0,512.0,0.0
2025-09-17 15:30:00,1257.8520187143477,0.0,515.0,0.0
2025-09-17 16:00:00,1348.5302539889578,0.0,484.0,0.0
2025-09-17 16:30:00,1274.0317730431095,0.0,453.0,0.0
2025-09-17 17:00:00,1130.2590658571096,0.0,455.0,0.0
2025-09-17 17:30:00,902.306586869547,0.0,319.0,0.0
2025-09-17 18:00:00,1231.0137587851934,0.0,447.0,0.0
2025-09-17 18:30:00,1434.371641768725,0.0,513.0,0.0
2025-09-17 19:00:00,1432.8833793287088,0.0,492.0,0.0
2025-09-17 19:30:00,1349.776587716442,0.0,488.00000000000006,0.0
2025-09-17 20:00:00,1273.6347647248865,0.0,386.0,0.0
2025-09-17 20:30:00,1160.05278661607,0.0,366.99999999999994,0.0
2025-09-17 21:00:00,1458.0824387544317,0.0,468.99999999999994,0.0
2025-09-17 21:30:00,1339.2697557502556,0.0,420.99999999999994,0.0
2025-09-17 22:00:00,1315.9929886955501,0.0,452.00000000000006,0.0
2025-09-17 22:30:00,1403.6128086626247,0.0,428.00000000000006,0.0
2025-09-17 23:00:00,1386.3027973581798,0.0,445.99999999999994,0.0
2025-09-17 23:30:00,1504.592463487216,0.0,471.0,0.0
2025-09-18 00:00:00,1321.0014698099242,0.0,387.00000000000006,0.0
2025-09-18 00:30:00,1204.54596020624,0.0,320.0,0.0
2025-09-18 01:00:00,920.3484450606269,0.0,237.0,0.0
2025-09-18 01:30:00,1156.1967876793428,0.0,352.0,0.0
2025-09-18 02:00:00,1109.2913945060427,0.0,351.0,0.0
2025-09-18 02:30:00,1431.4307199953407,0.0,456.0,0.0
2025-09-18 03:00:00,1560.463842870808,0.0,471.0,0.0
2025-09-18 03:30:00,1539.2910919608028,0.0,466.0,0.0
2025-09-18 04:00:00,1424.2872714857165,0.0,456.0,0.0
2025-09-18 04:30:00,1494.6008103676295,0.0,440.0,0.0
2025-09-18 05:00:00,1397.3334351963945,0.0,465.99999999999994,0.0
2025-09-18 05:30:00,1418.5226769538915,0.0,455.99999999999994,0.0
2025-09-18 06:00:00,1513.5384631916731,0.0,409.0,0.0
2025-09-18 06:30:00,886.578299096544,0.0,209.0,0.0
2025-09-18 07:00:00,1277.2957865420133,0.0,396.99999999999994,0.0
2025-09-18 07:30:00,1299.044379965852,0.0,412.0,0.0
2025-09-18 08:00:00,1011.7912379777022,0.0,344.0,0.0
2025-09-18 08:30:00,1121.3626546996895,0.0,359.0,0.0
2025-09-18 09:00:00,1403.9470235581332,0.0,517.0,0.0
2025-09-18 09:30:00,1404.5678630012123,0.0,497.0,0.0
2025-09-18 10:00:00,1352.8903013526192,0.0,499.0,0.0
2025-09-18 10:30:00,1379.8881346725486,0.0,480.0,0.0
2025-09-18 11:00:00,1224.046278511968,0.0,524.0,0.0
2025-09-18 11:30:00,1163.1710250045057,0.0,506.0,0.0
2025-09-18 12:00:00,1416.5906805842278,0.0,533.0,0.0
2025-09-18 12:30:00,1339.0623535054933,0.0,494.99999999999994,0.0
2025-09-18 13:00:00,1073.1510554852937,0.0,416.0,0.0
2025-09-18 13:30:00,769.38738109303,0.0,298.0,0.0
2025-09-18 14:00:00,844.0549312541707,0.0,340.0,0.0
2025-09-18 14:30:00,1223.612101248635,0.0,503.0,0.0
2025-09-18 15:00:00,1215.4559885653298,0.0,519.0,0.0
2025-09-18 15:30:00,1229.7247911426398,0.0,468.0,0.0
2025-09-18 16:00:00,1225.0722189476755,0.0,484.0,0.0
2025-09-18 16:30:00,1344.3912139271781,0.0,475.0,0.0
2025-09-18 17:00:00,1443.256156006051,0.0,480.0,0.0
2025-09-18 17:30:00,1174.46085851507,0.0,362.0,0.0
2025-09-18 18:00:00,1742.6126507744596,0.0,516.0,0.0
2025-09-18 18:30:00,1416.2180412264445,0.0,528.0,0.0
2025-09-18 19:00:00,1633.6168054226507,0.0,567.0,0.0
2025-09-18 19:30:00,1601.6466851448274,0.0,541.0,0.0
2025-09-18 20:00:00,1183.9555243873228,0.0,382.0,0.0
2025-09-18 20:30:00,1061.698959143451,0.0,343.0,0.0
2025-09-18 21:00:00,1375.7934286186296,0.0,442.0,0.0
2025-09-18 21:30:00,1431.8958655760582,0.0,494.00000000000006,0.0
2025-09-18 22:00:00,1490.9653063878432,0.0,472.0,0.0
2025-09-18 22:30:00,1482.7027806797175,0.0,496.0,0.0
2025-09-18 23:00:00,1591.1301549081588,0.0,494.0,0.0
2025-09-18 23:30:00,1556.9467440483763,0.0,472.00000000000006,0.0
2025-09-19 00:00:00,1382.4056783228666,0.0,421.00000000000006,0.0
2025-09-19 00:30:00,1004.5091269558927,0.0,282.0,0.0
2025-09-19 01:00:00,896.2446003252182,0.0,234.0,0.0
2025-09-19 01:30:00,1112.842148881682,0.0,318.0,0.0
2025-09-19 02:00:00,1324.5799552815877,0.0,383.0,0.0
2025-09-19 02:30:00,1494.6051808246978,0.0,455.0,0.0
2025-09-19 03:00:00,1376.2263889631704,0.0,451.0,0.0
2025-09-19 03:30:00,1372.9145803283077,0.0,439.00000000000006,0.0
2025-09-19 04:00:00,1501.7648731116474,0.0,463.0,0.0
2025-09-19 04:30:00,1265.4252149571334,0.0,401.0,0.0
2025-09-19 05:00:00,1405.275000895682,0.0,450.0,0.0
2025-09-19 05:30:00,1396.5078226685882,0.0,437.0,0.0
2025-09-19 06:00:00,1282.8522346204095,0.0,384.0,0.0
2025-09-19 06:30:00,890.270827580158,0.0,242.0,0.0
2025-09-19 07:00:00,1250.4900119173467,0.0,371.0,0.0
2025-09-19 07:30:00,1314.277451495528,0.0,405.0,0.0
2025-09-19 08:00:00,869.4013798638578,0.0,247.99999999999997,0.0
2025-09-19 08:30:00,953.544321639223,0.0,346.0,0.0
2025-09-19 09:00:00,1335.3518611872062,0.0,434.00000000000006,0.0
2025-09-19 09:30:00,1407.2705953400423,0.0,459.0,0.0
2025-09-19 10:00:00,1320.7261127401061,0.0,493.0,0.0
2025-09-19 10:30:00,1427.1002124838044,0.0,530.0,0.0
2025-09-19 11:00:00,1412.8198018698263,0.0,482.0,0.0
2025-09-19 11:30:00,1236.700906565994,0.0,512.0,0.0
2025-09-19 12:00:00,1219.0874858530728,0.0,522.0,0.0
2025-09-19 12:30:00,1060.5421014696694,0.0,458.0,0.0
2025-09-19 13:00:00,775.620820821389,0.0,390.0,0.0
2025-09-19 13:30:00,361.455561193623,0.0,258.0,0.0
2025-09-19 14:00:00,549.6688665754127,0.0,265.0,0.0
2025-09-19 14:30:00,1121.8012685418764,0.0,417.0,0.0
2025-09-19 15:00:00,1593.3857074896484,0.0,521.0,0.0
2025-09-19 15:30:00,1538.6488953193832,0.0,523.0,0.0
2025-09-19 16:00:00,1467.3055453207883,0.0,516.0,0.0
2025-09-19 16:30:00,1509.739766156738,0.0,495.0,0.0
2025-09-19 17:00:00,1352.9548342035814,0.0,478.0,0.0
2025-09-19 17:30:00,984.8377343092839,0.0,300.0,0.0
2025-09-19 18:00:00,1277.7131519373283,0.0,441.0,0.0
2025-09-19 18:30:00,1486.3757357305021,0.0,496.00000000000006,0.0
2025-09-19 19:00:00,1687.2287733311023,0.0,536.0,0.0
2025-09-19 19:30:00,1596.88815773893,0.0,508.0,0.0
2025-09-19 20:00:00,1346.650675122846,0.0,421.0,0.0
2025-09-19 20:30:00,1143.6225643053938,0.0,367.0,0.0
2025-09-19 21:00:00,1440.0560894785801,0.0,453.0,0.0
2025-09-19 21:30:00,1427.9967283799542,0.0,449.0,0.0
2025-09-19 22:00:00,1494.2146641798574,0.0,504.0,0.0
2025-09-19 22:30:00,1501.1611107626911,0.0,422.99999999999994,0.0
2025-09-19 23:00:00,1433.060798954936,0.0,470.0,0.0
2025-09-19 23:30:00,1487.8045996213207,0.0,476.0,0.0
2025-09-20 00:00:00,1372.40155067677,0.0,411.0,0.0
2025-09-20 00:30:00,1047.4358496625712,0.0,297.0,0.0
2025-09-20 01:00:00,844.0304776516657,0.0,238.0,0.0
2025-09-20 01:30:00,1003.032392918047,0.0,288.0,0.0
2025-09-20 02:00:00,1238.9845090494114,0.0,362.0,0.0
2025-09-20 02:30:00,1321.7471806792096,0.0,443.0,0.0
2025-09-20 03:00:00,1497.9782116796544,0.0,432.0,0.0
2025-09-20 03:30:00,1207.7364620971457,0.0,384.0,0.0
2025-09-20 04:00:00,1372.9697949847593,0.0,414.0,0.0
2025-09-20 04:30:00,1529.6960354124656,0.0,438.0,0.0
2025-09-20 05:00:00,1487.93590015874,0.0,462.0,0.0
2025-09-20 05:30:00,1519.1602930757917,0.0,440.0,0.0
2025-09-20 06:00:00,1262.3800582408053,0.0,407.0,0.0
2025-09-20 06:30:00,886.9483628597641,0.0,269.0,0.0
2025-09-20 07:00:00,1304.5488381528949,0.0,453.0,0.0
2025-09-20 07:30:00,1309.6241334083722,0.0,383.0,0.0
2025-09-20 08:00:00,1048.8377207006956,0.0,323.0,0.0
2025-09-20 08:30:00,1009.776556527409,0.0,345.0,0.0
2025-09-20 09:00:00,1124.920743529608,0.0,414.00000000000006,0.0
2025-09-20 09:30:00,1177.0660381858913,0.0,442.99999999999994,0.0
2025-09-20 10:00:00,1105.1889779683786,0.0,457.0,0.0
2025-09-20 10:30:00,1046.3523747477025,0.0,439.0,0.0
2025-09-20 11:00:00,1347.8574289357116,0.0,504.0,0.0
2025-09-20 11:30:00,1166.0200610435145,0.0,455.0,0.0
2025-09-20 12:00:00,1045.704225723956,0.0,451.0,0.0
2025-09-20 12:30:00,1048.8599159460236,0.0,458.0,0.0
2025-09-20 13:00:00,991.270614854053,0.0,433.0,0.0
2025-09-20 13:30:00,459.9483184638274,0.0,255.0,0.0
2025-09-20 14:00:00,246.77553131317913,0.0,210.0,0.0
2025-09-20 14:30:00,784.3464345274788,0.0,406.99999999999994,0.0
2025-09-20 15:00:00,1192.818229134865,0.0,455.00000000000006,0.0
2025-09-20 15:30:00,1100.5731603785832,0.0,466.0,0.0
2025-09-20 16:00:00,1106.372479376372,0.0,457.0,0.0
2025-09-20 16:30:00,953.2796092561192,0.0,364.0,0.0
2025-09-20 17:00:00,803.1573381923814,0.0,280.0,0.0
2025-09-20 17:30:00,726.0443192273126,0.0,185.0,0.0
2025-09-20 18:00:00,949.0230814226538,0.0,306.0,0.0
2025-09-20 18:30:00,1076.1368534555043,0.0,329.0,0.0
2025-09-20 19:00:00,1016.4202754174024,0.0,308.0,0.0
2025-09-20 19:30:00,893.4098354220099,0.0,261.0,0.0
2025-09-20 20:00:00,752.201880516411,0.0,211.0,0.0
2025-09-20 20:30:00,889.362039270307,0.0,287.0,0.0
2025-09-20 21:00:00,1369.215974046826,0.0,449.0,0.0
2025-09-20 21:30:00,1448.640643069287,0.0,465.0,0.0
2025-09-20 22:00:00,1394.4827341846078,0.0,451.0,0.0
2025-09-20 22:30:00,1356.9369502727861,0.0,410.0,0.0
2025-09-20 23:00:00,1438.014488786923,0.0,448.0,0.0
2025-09-20 23:30:00,1203.4701960393313,0.0,399.0,0.0
2025-09-21 00:00:00,1379.097537659236,0.0,411.0,0.0
2025-09-21 00:30:00,1020.7313771974314,0.0,319.0,0.0
2025-09-21 01:00:00,872.2398059063482,0.0,253.0,0.0
2025-09-21 01:30:00,1004.4279386354007,0.0,282.0,0.0
2025-09-21 02:00:00,1058.7183469153954,0.0,276.0,0.0
2025-09-21 02:30:00,1183.1238748122692,0.0,368.0,0.0
2025-09-21 03:00:00,1184.7130609000585,0.0,344.0,0.0
2025-09-21 03:30:00,1129.1964525506662,0.0,352.0,0.0
2025-09-21 04:00:00,1201.3399556370534,0.0,338.0,0.0
2025-09-21 04:30:00,1178.3975610133828,0.0,329.99999999999994,0.0
2025-09-21 05:00:00,955.2580795350715,0.0,246.99999999999997,0.0
2025-09-21 05:30:00,966.997523806617,0.0,228.0,0.0
2025-09-21 06:00:00,941.1567745325063,0.0,246.99999999999997,0.0
2025-09-21 06:30:00,669.1026628768452,0.0,142.0,0.0
2025-09-21 07:00:00,886.8716187518488,0.0,228.99999999999997,0.0
2025-09-21 07:30:00,756.7603807818751,0.0,195.0,0.0
2025-09-21 08:00:00,677.2937702430258,0.0,169.0,0.0
2025-09-21 08:30:00,673.4442507003477,0.0,173.0,0.0
2025-09-21 09:00:00,819.2978305323797,0.0,266.0,0.0
2025-09-21 09:30:00,1100.8849231288023,0.0,423.0,0.0
2025-09-21 10:00:00,1156.0745397715132,0.0,425.0,0.0
2025-09-21 10:30:00,1143.6627225405396,0.0,439.0,0.0
2025-09-21 11:00:00,970.8186428823601,0.0,413.0,0.0
2025-09-21 11:30:00,996.2299971982443,0.0,397.0,0.0
2025-09-21 12:00:00,842.57293201455,0.0,444.99999999999994,0.0
2025-09-21 12:30:00,842.7546982558555,0.0,455.99999999999994,0.0
2025-09-21 13:00:00,843.9916488429435,0.0,354.0,0.0
2025-09-21 13:30:00,319.615468657454,0.0,165.0,0.0
2025-09-21 14:00:00,347.80504246147893,0.0,175.0,0.0
2025-09-21 14:30:00,1079.190072831812,0.0,408.0,0.0
2025-09-21 15:00:00,1196.7228139547167,0.0,428.0,0.0
2025-09-21 15:30:00,1206.8244401074849,0.0,454.0,0.0
2025-09-21 16:00:00,1633.5159548333438,0.0,518.0,0.0
2025-09-21 16:30:00,1471.7900126018344,0.0,462.0,0.0
2025-09-21 17:00:00,1337.6391079618322,0.0,444.00000000000006,0.0
2025-09-21 17:30:00,1017.7323666944588,0.0,292.0,0.0
2025-09-21 18:00:00,1241.497218499003,0.0,363.99999999999994,0.0
2025-09-21 18:30:00,1009.414619877203,0.0,288.0,0.0
2025-09-21 19:00:00,1005.37741278694,0.0,279.0,0.0
2025-09-21 19:30:00,824.1095854190798,0.0,217.0,0.0
2025-09-21 20:00:00,669.924065546647,0.0,165.0,0.0
2025-09-21 20:30:00,697.4773216934683,0.0,188.0,0.0
2025-09-21 21:00:00,849.3269184975939,0.0,282.0,0.0
2025-09-21 21:30:00,923.9636616641656,0.0,263.0,0.0
2025-09-21 22:00:00,917.5348831489767,0.0,225.0,0.0
2025-09-21 22:30:00,857.657313621212,0.0,270.0,0.0
2025-09-21 23:00:00,972.9309276942387,0.0,261.0,0.0
2025-09-21 23:30:00,940.0193446030379,0.0,281.0,0.0
2025-09-22 00:00:00,1124.4792104806504,0.0,351.99999999999994,0.0
2025-09-22 00:30:00,999.8580540789782,0.0,250.00000000000003,0.0
2025-09-22 01:00:00,812.6880808285231,0.0,212.00000000000003,0.0
2025-09-22 01:30:00,1170.6035498082529,0.0,312.0,0.0
2025-09-22 02:00:00,1128.5980481435447,0.0,326.0,0.0
2025-09-22 02:30:00,1127.495901909339,0.0,363.99999999999994,0.0
2025-09-22 03:00:00,1171.5755116751495,0.0,383.0,0.0
2025-09-22 03:30:00,1206.9638267185692,0.0,393.0,0.0
2025-09-22 04:00:00,1132.4361775197103,0.0,358.0,0.0
2025-09-22 04:30:00,1294.6695049187085,0.0,395.00000000000006,0.0
2025-09-22 05:00:00,1226.0423795532142,0.0,402.0,0.0
2025-09-22 05:30:00,1057.2745121031458,0.0,343.0,0.0
2025-09-22 06:00:00,1139.6268718672547,0.0,345.0,0.0
2025-09-22 06:30:00,734.2911467621457,0.0,226.0,0.0
2025-09-22 07:00:00,1082.960420919049,0.0,332.0,0.0
2025-09-22 07:30:00,896.4321647627409,0.0,264.0,0.0
2025-09-22 08:00:00,811.6725596318006,0.0,239.00000000000003,0.0
2025-09-22 08:30:00,1112.0166790067728,0.0,319.0,0.0
2025-09-22 09:00:00,1301.5808850630365,0.0,409.0,0.0
2025-09-22 09:30:00,1393.8533032273106,0.0,474.00000000000006,0.0
2025-09-22 10:00:00,1285.9302306169022,0.0,468.0,0.0
2025-09-22 10:30:00,1307.7920921661441,0.0,467.99999999999994,0.0
2025-09-22 11:00:00,1442.2405508305474,0.0,499.00000000000006,0.0
2025-09-22 11:30:00,1217.6180287161983,0.0,467.0,0.0
2025-09-22 12:00:00,1386.2045665252424,0.0,455.0,0.0
2025-09-22 12:30:00,1096.7098703921904,0.0,426.0,0.0
2025-09-22 13:00:00,948.2257888648851,0.0,355.0,0.0
2025-09-22 13:30:00,811.6583530359019,0.0,273.0,0.0
2025-09-22 14:00:00,932.1562154419073,0.0,323.0,0.0
2025-09-22 14:30:00,1167.7656388656808,0.0,436.0,0.0
2025-09-22 15:00:00,1344.97263965532,0.0,473.0,0.0
2025-09-22 15:30:00,1287.7347077401137,0.0,473.0,0.0
2025-09-22 16:00:00,1234.2321827104836,0.0,419.0,0.0
2025-09-22 16:30:00,1381.5966708669193,0.0,475.0,0.0
2025-09-22 17:00:00,1395.47735522179,0.0,465.0,0.0
2025-09-22 17:30:00,902.8618892664404,0.0,301.0,0.0
2025-09-22 18:00:00,1238.4388748251936,0.0,447.0,0.0
2025-09-22 18:30:00,1486.9528981821798,0.0,489.00000000000006,0.0
2025-09-22 19:00:00,1456.302789578796,0.0,496.0,0.0
2025-09-22 19:30:00,1517.644680210982,0.0,492.99999999999994,0.0
2025-09-22 20:00:00,1273.3506477329943,0.0,380.0,0.0
2025-09-22 20:30:00,1263.6092084162224,0.0,329.00000000000006,0.0
2025-09-22 21:00:00,1219.668956818902,0.0,401.0,0.0
2025-09-22 21:30:00,1490.4449306456522,0.0,444.0,0.0
2025-09-22 22:00:00,1285.2227109753194,0.0,426.0,0.0
2025-09-22 22:30:00,1411.8934882780543,0.0,448.0,0.0
2025-09-22 23:00:00,1553.8374652443808,0.0,462.99999999999994,0.0
2025-09-22 23:30:00,1403.1459752296191,0.0,406.00000000000006,0.0
2025-09-23 00:00:00,1329.5901388529169,0.0,404.00000000000006,0.0
2025-09-23 00:30:00,959.9148899534691,0.0,261.0,0.0
2025-09-23 01:00:00,913.705533397059,0.0,214.0,0.0
2025-09-23 01:30:00,952.1999625651047,0.0,273.0,0.0
2025-09-23 02:00:00,1198.484744882726,0.0,307.0,0.0
2025-09-23 02:30:00,1231.121603291293,0.0,401.0,0.0
2025-09-23 03:00:00,1312.8529834099143,0.0,345.0,0.0
2025-09-23 03:30:00,1361.126950607124,0.0,369.0,0.0
2025-09-23 04:00:00,1314.0461610559169,0.0,392.99999999999994,0.0
2025-09-23 04:30:00,1279.0675535997214,0.0,388.0,0.0
2025-09-23 05:00:00,1146.8680870092276,0.0,396.00000000000006,0.0
2025-09-23 05:30:00,1267.2909228416922,0.0,387.0,0.0
2025-09-23 06:00:00,1281.3817794646254,0.0,373.0,0.0
2025-09-23 06:30:00,778.0304093424579,0.0,199.00000000000003,0.0
2025-09-23 07:00:00,1157.1499891571175,0.0,311.0,0.0
2025-09-23 07:30:00,1218.905246631503,0.0,345.0,0.0
2025-09-23 08:00:00,909.2730386590139,0.0,246.99999999999997,0.0
2025-09-23 08:30:00,910.0460114160271,0.0,281.0,0.0
2025-09-23 09:00:00,1289.6481230006484,0.0,370.0,0.0
2025-09-23 09:30:00,1373.4741884184982,0.0,480.99999999999994,0.0
2025-09-23 10:00:00,1370.074443007556,0.0,492.00000000000006,0.0
2025-09-23 10:30:00,1227.6615127993973,0.0,480.0,0.0
2025-09-23 11:00:00,1270.5834540134529,0.0,424.00000000000006,0.0
2025-09-23 11:30:00,1131.268004328257,0.0,469.0,0.0
2025-09-23 12:00:00,953.3712926786197,0.0,468.0,0.0
2025-09-23 12:30:00,854.0931098103337,0.0,363.0,0.0
2025-09-23 13:00:00,790.6070121015206,0.0,374.0,0.0
2025-09-23 13:30:00,446.73960478024435,0.0,237.0,0.0
2025-09-23 14:00:00,685.7663651852023,0.0,273.0,0.0
2025-09-23 14:30:00,1037.704453092158,0.0,418.0,0.0
2025-09-23 15:00:00,905.1855322416238,0.0,442.0,0.0
2025-09-23 15:30:00,1212.0854862407787,0.0,457.0,0.0
2025-09-23 16:00:00,1041.9603120031584,0.0,460.0,0.0
2025-09-23 16:30:00,1369.825047462,0.0,468.99999999999994,0.0
2025-09-23 17:00:00,1552.5116988495927,0.0,461.0,0.0
2025-09-23 17:30:00,1053.1826219051925,0.0,305.0,0.0
2025-09-23 18:00:00,1247.1032776115894,0.0,462.0,0.0
2025-09-23 18:30:00,1382.274695943771,0.0,473.00000000000006,0.0
2025-09-23 19:00:00,1513.2643527512025,0.0,455.00000000000006,0.0
2025-09-23 19:30:00,1303.89340723871,0.0,458.0,0.0
2025-09-23 20:00:00,1306.3632617902795,0.0,342.99999999999994,0.0
2025-09-23 20:30:00,1249.7473024740102,0.0,360.00000000000006,0.0
2025-09-23 21:00:00,1334.9637794451962,0.0,434.0,0.0
2025-09-23 21:30:00,1522.5944484903123,0.0,487.0,0.0
2025-09-23 22:00:00,1422.4173456725719,0.0,434.0,0.0
2025-09-23 22:30:00,1468.0641402316028,0.0,397.99999999999994,0.0
2025-09-23 23:00:00,1551.3661081489336,0.0,465.0,0.0
2025-09-23 23:30:00,1421.1524134524761,0.0,476.99999999999994,0.0
2025-09-24 00:00:00,1450.0910239580169,0.0,426.0,0.0
2025-09-24 00:30:00,1104.333297917057,0.0,293.0,0.0
2025-09-24 01:00:00,924.4480524891527,0.0,238.99999999999997,0.0
2025-09-24 01:30:00,1102.9379186078115,0.0,304.0,0.0
2025-09-24 02:00:00,1348.8831431496174,0.0,429.0,0.0
2025-09-24 02:30:00,1660.7864404253087,0.0,472.00000000000006,0.0
2025-09-24 03:00:00,1523.5135858896074,0.0,491.00000000000006,0.0
2025-09-24 03:30:00,1469.7727704096287,0.0,437.00000000000006,0.0
2025-09-24 04:00:00,1517.1528776936032,0.0,475.0,0.0
2025-09-24 04:30:00,1633.9869422078718,0.0,489.0,0.0
2025-09-24 05:00:00,1298.8844034593635,0.0,438.0,0.0
2025-09-24 05:30:00,1371.3009068762103,0.0,467.00000000000006,0.0
2025-09-24 06:00:00,1264.687611227414,0.0,413.99999999999994,0.0
2025-09-24 06:30:00,886.4868291079079,0.0,184.0,0.0
2025-09-24 07:00:00,1078.0692110607752,0.0,330.0,0.0
2025-09-24 07:30:00,1344.3644736598121,0.0,443.00000000000006,0.0
2025-09-24 08:00:00,1136.7063824950822,0.0,316.0,0.0
2025-09-24 08:30:00,974.4273056066746,0.0,319.0,0.0
2025-09-24 09:00:00,1264.5360515495513,0.0,442.99999999999994,0.0
2025-09-24 09:30:00,1213.954798124339,0.0,465.0,0.0
2025-09-24 10:00:00,1113.6481423828752,0.0,435.0,0.0
2025-09-24 10:30:00,1047.671352950063,0.0,390.0,0.0
2025-09-24 11:00:00,974.9028838127516,0.0,440.0,0.0
2025-09-24 11:30:00,946.669239899676,0.0,457.0,0.0
2025-09-24 12:00:00,1141.3284669187688,0.0,453.0,0.0
2025-09-24 12:30:00,871.6945009421411,0.0,404.0,0.0
2025-09-24 13:00:00,703.2692463687763,0.0,341.0,0.0
2025-09-24 13:30:00,494.0823840232195,0.0,228.0,0.0
2025-09-24 14:00:00,620.6517562566222,0.0,251.0,0.0
2025-09-24 14:30:00,1180.2577204162508,0.0,436.0,0.0
2025-09-24 15:00:00,1413.5763095955513,0.0,503.0,0.0
2025-09-24 15:30:00,1332.5585185164168,0.0,463.0,0.0
2025-09-24 16:00:00,1139.3674292423875,0.0,463.0,0.0
2025-09-24 16:30:00,1295.675076262397,0.0,488.99999999999994,0.0
2025-09-24 17:00:00,1507.5471101528678,0.0,446.0,0.0
2025-09-24 17:30:00,1070.7347924121834,0.0,301.0,0.0
2025-09-24 18:00:00,1438.4252486845662,0.0,477.0,0.0
2025-09-24 18:30:00,1565.0611265390946,0.0,518.0,0.0
2025-09-24 19:00:00,1395.8955484963403,0.0,450.99999999999994,0.0
2025-09-24 19:30:00,1418.1968743713207,0.0,454.99999999999994,0.0
2025-09-24 20:00:00,1187.1620959328263,0.0,342.0,0.0
2025-09-24 20:30:00,1075.2349795839714,0.0,287.0,0.0
2025-09-24 21:00:00,1093.2764244824334,0.0,345.0,0.0
2025-09-24 21:30:00,1282.7618054642812,0.0,343.0,0.0
2025-09-24 22:00:00,1508.3045297304445,0.0,373.0,0.0
2025-09-24 22:30:00,1445.0098852634114,0.0,379.0,0.0
2025-09-24 23:00:00,1325.200282342301,0.0,405.00000000000006,0.0
2025-09-24 23:30:00,1473.205569472901,0.0,411.0,0.0
2025-09-25 00:00:00,1351.159055027051,0.0,406.0,0.0
2025-09-25 00:30:00,1046.8133844191543,0.0,251.0,0.0
2025-09-25 01:00:00,907.7787385734076,0.0,204.0,0.0
2025-09-25 01:30:00,960.0869698550947,0.0,290.0,0.0
2025-09-25 02:00:00,1192.9192135483263,0.0,339.0,0.0
2025-09-25 02:30:00,1381.3077841489899,0.0,391.0,0.0
2025-09-25 03:00:00,1205.5609199454102,0.0,391.0,0.0
2025-09-25 03:30:00,1303.644562361542,0.0,388.0,0.0
2025-09-25 04:00:00,1313.5827966712015,0.0,384.99999999999994,0.0
2025-09-25 04:30:00,1440.2504996726855,0.0,441.0,0.0
2025-09-25 05:00:00,1119.2134740536972,0.0,360.00000000000006,0.0
2025-09-25 05:30:00,1194.9383995865621,0.0,353.0,0.0
2025-09-25 06:00:00,1122.2091890365325,0.0,318.00000000000006,0.0
2025-09-25 06:30:00,800.0326820967255,0.0,186.0,0.0
2025-09-25 07:00:00,1048.0953668553786,0.0,306.0,0.0
2025-09-25 07:30:00,1100.3543642100221,0.0,323.0,0.0
2025-09-25 08:00:00,904.0416230599407,0.0,248.00000000000003,0.0
2025-09-25 08:30:00,958.8328907914994,0.0,293.0,0.0
2025-09-25 09:00:00,1139.9009966729075,0.0,394.0,0.0
2025-09-25 09:30:00,1162.33470978207,0.0,425.0,0.0
2025-09-25 10:00:00,1181.6715256978212,0.0,438.0,0.0
2025-09-25 10:30:00,1028.4829348076748,0.0,440.0,0.0
2025-09-25 11:00:00,878.4648069580151,0.0,403.0,0.0
2025-09-25 11:30:00,816.3770143754408,0.0,397.0,0.0
2025-09-25 12:00:00,1066.031536840884,0.0,438.0,0.0
2025-09-25 12:30:00,828.3682198361332,0.0,397.0,0.0
2025-09-25 13:00:00,760.1474098743678,0.0,360.0,0.0
2025-09-25 13:30:00,436.81005766557763,0.0,219.00000000000003,0.0
2025-09-25 14:00:00,533.4443267781525,0.0,239.0,0.0
2025-09-25 14:30:00,1013.6391754449843,0.0,410.0,0.0
2025-09-25 15:00:00,1154.7829703516245,0.0,447.0,0.0
2025-09-25 15:30:00,1159.2210763758685,0.0,446.0,0.0
2025-09-25 16:00:00,1270.1138342334832,0.0,449.99999999999994,0.0
2025-09-25 16:30:00,1325.7896137596856,0.0,442.0,0.0
2025-09-25 17:00:00,1279.2656622218608,0.0,416.99999999999994,0.0
2025-09-25 17:30:00,901.2116159030803,0.0,270.0,0.0
2025-09-25 18:00:00,1132.2969847942102,0.0,407.0,0.0
2025-09-25 18:30:00,1354.3203546536852,0.0,408.0,0.0
2025-09-25 19:00:00,1394.86178177315,0.0,404.00000000000006,0.0
2025-09-25 19:30:00,1322.5729901053417,0.0,381.0,0.0
2025-09-25 20:00:00,556.7848125150582,0.0,126.0,0.0
2025-09-25 20:30:00,1072.887233853782,0.0,288.0,0.0
2025-09-25 21:00:00,1298.4428111423524,0.0,370.0,0.0
2025-09-25 21:30:00,1425.9863418944228,0.0,398.00000000000006,0.0
2025-09-25 22:00:00,1281.8361039988483,0.0,399.00000000000006,0.0
2025-09-25 22:30:00,1321.2683046607608,0.0,395.99999999999994,0.0
2025-09-25 23:00:00,1412.2253139772329,0.0,405.0,0.0
2025-09-25 23:30:00,1344.4080822683568,0.0,399.00000000000006,0.0
2025-09-26 00:00:00,1276.5582161736222,0.0,370.0,0.0
2025-09-26 00:30:00,1061.4589999879406,0.0,277.0,0.0
2025-09-26 01:00:00,773.1395999888189,0.0,191.0,0.0
2025-09-26 01:30:00,992.0278182041591,0.0,265.0,0.0
2025-09-26 02:00:00,1121.0470223712018,0.0,324.0,0.0
2025-09-26 02:30:00,1406.5878490321038,0.0,424.0,0.0
2025-09-26 03:00:00,1299.2138290206854,0.0,388.0,0.0
2025-09-26 03:30:00,1475.3251256344402,0.0,407.99999999999994,0.0
2025-09-26 04:00:00,1374.5152556590642,0.0,386.0,0.0
2025-09-26 04:30:00,1210.845649282963,0.0,382.0,0.0
2025-09-26 05:00:00,1358.678474747345,0.0,405.0,0.0
2025-09-26 05:30:00,1192.6636974449266,0.0,376.0,0.0
2025-09-26 06:00:00,1172.6055750671956,0.0,335.0,0.0
2025-09-26 06:30:00,830.2664109898184,0.0,173.0,0.0
2025-09-26 07:00:00,1107.756614518044,0.0,314.0,0.0
2025-09-26 07:30:00,1291.7634894116156,0.0,369.0,0.0
2025-09-26 08:00:00,1011.7221825229191,0.0,299.0,0.0
2025-09-26 08:30:00,971.5334472117001,0.0,285.0,0.0
2025-09-26 09:00:00,1255.3241544923021,0.0,410.0,0.0
2025-09-26 09:30:00,1290.519324554232,0.0,435.0,0.0
2025-09-26 10:00:00,1455.9286140990214,0.0,452.0,0.0
2025-09-26 10:30:00,1380.561563153576,0.0,438.0,0.0
2025-09-26 11:00:00,1509.3621434587353,0.0,447.0,0.0
2025-09-26 11:30:00,1480.9764807129318,0.0,438.99999999999994,0.0
2025-09-26 12:00:00,1145.2135513481808,0.0,400.0,0.0
2025-09-26 12:30:00,1143.853326904637,0.0,403.0,0.0
2025-09-26 13:00:00,808.5198439995313,0.0,303.0,0.0
2025-09-26 13:30:00,632.7243232822381,0.0,182.0,0.0
2025-09-26 14:00:00,699.0215823698934,0.0,222.0,0.0
2025-09-26 14:30:00,931.8364374313901,0.0,331.0,0.0
2025-09-26 15:00:00,1075.9496330957365,0.0,410.0,0.0
2025-09-26 15:30:00,1173.9493304043685,0.0,428.0,0.0
2025-09-26 16:00:00,1169.1465787659565,0.0,440.0,0.0
2025-09-26 16:30:00,1315.7217906764404,0.0,446.0,0.0
2025-09-26 17:00:00,1251.2610650444587,0.0,440.0,0.0
2025-09-26 17:30:00,1006.9968508918156,0.0,246.0,0.0
2025-09-26 18:00:00,1243.2137544564685,0.0,425.00000000000006,0.0
2025-09-26 18:30:00,1400.7056791235395,0.0,432.0,0.0
2025-09-26 19:00:00,1304.3132685248145,0.0,430.0,0.0
2025-09-26 19:30:00,1414.2821145925645,0.0,394.00000000000006,0.0
2025-09-26 20:00:00,1216.8211512251407,0.0,347.99999999999994,0.0
2025-09-26 20:30:00,1122.9877612960877,0.0,336.0,0.0
2025-09-26 21:00:00,1290.0551357264053,0.0,414.0,0.0
2025-09-26 21:30:00,1439.8079083691018,0.0,432.0,0.0
2025-09-26 22:00:00,1336.074082011267,0.0,460.0,0.0
2025-09-26 22:30:00,1511.1215093906326,0.0,451.99999999999994,0.0
2025-09-26 23:00:00,1440.2459857810218,0.0,443.0,0.0
2025-09-26 23:30:00,1410.699820501839,0.0,426.0,0.0
2025-09-27 00:00:00,1345.9070522975098,0.0,399.0,0.0
2025-09-27 00:30:00,971.52725515315,0.0,236.0,0.0
2025-09-27 01:00:00,835.9972588924522,0.0,169.0,0.0
2025-09-27 01:30:00,932.4806328013357,0.0,247.0,0.0
2025-09-27 02:00:00,1191.7680396388953,0.0,313.0,0.0
2025-09-27 02:30:00,1249.0422260491916,0.0,347.00000000000006,0.0
2025-09-27 03:00:00,1194.9109781568418,0.0,355.0,0.0
2025-09-27 03:30:00,1201.4600651080423,0.0,376.0,0.0
2025-09-27 04:00:00,1236.0700341545867,0.0,365.0,0.0
2025-09-27 04:30:00,1173.9588533557885,0.0,338.0,0.0
2025-09-27 05:00:00,1301.1918364236028,0.0,337.0,0.0
2025-09-27 05:30:00,1258.5514886745236,0.0,376.00000000000006,0.0
2025-09-27 06:00:00,1294.9527286893297,0.0,317.0,0.0
2025-09-27 06:30:00,733.121185292815,0.0,168.0,0.0
2025-09-27 07:00:00,1143.0407507186858,0.0,309.0,0.0
2025-09-27 07:30:00,1214.906896158799,0.0,352.0,0.0
2025-09-27 08:00:00,1051.8738261212045,0.0,281.0,0.0
2025-09-27 08:30:00,1034.7855668623438,0.0,348.0,0.0
2025-09-27 09:00:00,1075.3244055526484,0.0,405.0,0.0
2025-09-27 09:30:00,1299.6089732201272,0.0,459.00000000000006,0.0
2025-09-27 10:00:00,1359.9077185176786,0.0,492.0,0.0
2025-09-27 10:30:00,1016.4212084848332,0.0,386.0,0.0
2025-09-27 11:00:00,1198.8943897343229,0.0,435.0,0.0
2025-09-27 11:30:00,1279.1562358097492,0.0,439.0,0.0
2025-09-27 12:00:00,1132.5589109624586,0.0,405.0,0.0
2025-09-27 12:30:00,926.9872844402612,0.0,413.0,0.0
2025-09-27 13:00:00,1139.1738698599956,0.0,393.0,0.0
2025-09-27 13:30:00,756.6987197730198,0.0,231.0,0.0
2025-09-27 14:00:00,552.217539598648,0.0,182.0,0.0
2025-09-27 14:30:00,888.606395755034,0.0,344.0,0.0
2025-09-27 15:00:00,1166.9400772619008,0.0,412.0,0.0
2025-09-27 15:30:00,1123.7389156694853,0.0,434.0,0.0
2025-09-27 16:00:00,1270.7149106834008,0.0,439.0,0.0
2025-09-27 16:30:00,1067.2410315571824,0.0,332.0,0.0
2025-09-27 17:00:00,738.4775312190928,0.0,236.0,0.0
2025-09-27 17:30:00,768.3111972028365,0.0,141.0,0.0
2025-09-27 18:00:00,846.4052795781126,0.0,232.99999999999997,0.0
2025-09-27 18:30:00,873.8138487592423,0.0,245.0,0.0
2025-09-27 19:00:00,1018.0139294676756,0.0,241.0,0.0
2025-09-27 19:30:00,1004.1409171113411,0.0,231.0,0.0
2025-09-27 20:00:00,787.9868573377613,0.0,167.0,0.0
2025-09-27 20:30:00,961.3596559301187,0.0,251.0,0.0
2025-09-27 21:00:00,1253.4475659838877,0.0,359.99999999999994,0.0
2025-09-27 21:30:00,1301.631464498995,0.0,368.0,0.0
2025-09-27 22:00:00,1398.2985212455867,0.0,390.0,0.0
2025-09-27 22:30:00,1418.3263549734463,0.0,390.0,0.0
2025-09-27 23:00:00,1330.1861845718242,0.0,352.00000000000006,0.0
2025-09-27 23:30:00,1431.1338195648098,0.0,428.00000000000006,0.0
2025-09-28 00:00:00,1497.6752809111774,0.0,425.0,0.0
2025-09-28 00:30:00,1022.1688100053836,0.0,310.0,0.0
2025-09-28 01:00:00,1011.0219745330612,0.0,249.0,0.0
2025-09-28 01:30:00,1072.6840097566644,0.0,312.0,0.0
2025-09-28 02:00:00,1096.3145605309228,0.0,306.0,0.0
2025-09-28 02:30:00,1175.4724495306225,0.0,412.0,0.0
2025-09-28 03:00:00,1332.6981634444962,0.0,408.0,0.0
2025-09-28 03:30:00,1150.3987208169535,0.0,396.0,0.0
2025-09-28 04:00:00,1370.062239433711,0.0,393.99999999999994,0.0
2025-09-28 04:30:00,1092.335913590384,0.0,341.0,0.0
2025-09-28 05:00:00,1135.5872146757022,0.0,332.0,0.0
2025-09-28 05:30:00,1036.904630120325,0.0,287.0,0.0
2025-09-28 06:00:00,1063.3882402148663,0.0,267.0,0.0
2025-09-28 06:30:00,729.7426312975847,0.0,197.0,0.0
2025-09-28 07:00:00,918.5728872606893,0.0,265.0,0.0
2025-09-28 07:30:00,894.0451739519768,0.0,259.0,0.0
2025-09-28 08:00:00,824.1114784615557,0.0,224.0,0.0
2025-09-28 08:30:00,762.4716338717483,0.0,214.0,0.0
2025-09-28 09:00:00,746.6013803833024,0.0,275.0,0.0
2025-09-28 09:30:00,989.679709073857,0.0,376.0,0.0
2025-09-28 10:00:00,1054.3574704185123,0.0,413.0,0.0
2025-09-28 10:30:00,1157.739119021154,0.0,402.0,0.0
2025-09-28 11:00:00,1090.7630206798112,0.0,437.0,0.0
2025-09-28 11:30:00,1043.4833334880702,0.0,423.0,0.0
2025-09-28 12:00:00,1212.065077813454,0.0,429.00000000000006,0.0
2025-09-28 12:30:00,1128.033727276931,0.0,453.99999999999994,0.0
2025-09-28 13:00:00,776.4064314530056,0.0,386.0,0.0
2025-09-28 13:30:00,173.82314397266902,2.0,190.0,0.0
2025-09-28 14:00:00,552.0198377381756,0.0,199.0,0.0
2025-09-28 14:30:00,1180.1908718471095,0.0,407.0,0.0
2025-09-28 15:00:00,1160.3893011554292,0.0,453.0,0.0
2025-09-28 15:30:00,1295.6282493313165,0.0,425.99999999999994,0.0
2025-09-28 16:00:00,1274.127359003641,0.0,458.0,0.0
2025-09-28 16:30:00,1322.5457782010383,0.0,448.0,0.0
2025-09-28 17:00:00,1219.4573700544786,0.0,415.0,0.0
2025-09-28 17:30:00,1010.5068109221324,0.0,324.0,0.0
2025-09-28 18:00:00,1099.4795666819668,0.0,371.0,0.0
2025-09-28 18:30:00,977.922675810329,0.0,264.0,0.0
2025-09-28 19:00:00,1122.9515352189396,0.0,330.0,0.0
2025-09-28 19:30:00,908.905984439586,0.0,252.0,0.0
2025-09-28 20:00:00,632.8834881425092,0.0,174.0,0.0
2025-09-28 20:30:00,738.880275699823,0.0,191.0,0.0
2025-09-28 21:00:00,919.1732021148432,0.0,250.0,0.0
2025-09-28 21:30:00,1204.7011523332983,0.0,377.0,0.0
2025-09-28 22:00:00,1357.641220436093,0.0,404.0,0.0
2025-09-28 22:30:00,1133.1949950631958,0.0,359.0,0.0
2025-09-28 23:00:00,1243.2151284279919,0.0,398.0,0.0
2025-09-28 23:30:00,1247.8376877169655,0.0,390.0,0.0
2025-09-29 00:00:00,734.4753183697749,0.0,186.0,0.0
2025-09-29 00:30:00,640.346007138264,0.0,124.99999999999999,0.0
2025-09-29 01:00:00,564.5935306060059,0.0,130.0,0.0
2025-09-29 01:30:00,826.262104824635,0.0,251.00000000000003,0.0
2025-09-29 02:00:00,913.7023226714728,0.0,266.0,0.0
2025-09-29 02:30:00,830.3794733026494,0.0,224.0,0.0
2025-09-29 03:00:00,803.1181824445673,0.0,186.0,0.0
2025-09-29 03:30:00,874.8001136950182,0.0,258.0,0.0
2025-09-29 04:00:00,932.4959528682374,0.0,229.0,0.0
2025-09-29 04:30:00,873.1597701830767,0.0,205.0,0.0
2025-09-29 05:00:00,901.3516069123743,0.0,227.00000000000003,0.0
2025-09-29 05:30:00,806.1439467042618,0.0,177.0,0.0
2025-09-29 06:00:00,954.8593986046459,0.0,213.0,0.0
2025-09-29 06:30:00,580.8462231657029,0.0,114.0,0.0
2025-09-29 07:00:00,823.4918492442139,0.0,213.0,0.0
2025-09-29 07:30:00,798.9002059749225,0.0,170.0,0.0
2025-09-29 08:00:00,736.4335426769949,0.0,181.0,0.0
2025-09-29 08:30:00,954.4754707512732,0.0,324.0,0.0
2025-09-29 09:00:00,1290.9582289797413,0.0,429.0,0.0
2025-09-29 09:30:00,1320.5299111152808,0.0,399.00000000000006,0.0
2025-09-29 10:00:00,1399.143188873101,0.0,467.0,0.0
2025-09-29 10:30:00,1326.3440948554655,0.0,469.0,0.0
2025-09-29 11:00:00,1148.0073218706002,0.0,419.0,0.0
2025-09-29 11:30:00,1244.4516692731006,0.0,447.0,0.0
2025-09-29 12:00:00,1278.6447182322047,0.0,446.00000000000006,0.0
2025-09-29 12:30:00,1145.9942247789006,0.0,432.0,0.0
2025-09-29 13:00:00,990.0477597672273,0.0,352.0,0.0
2025-09-29 13:30:00,519.9553920935551,0.0,217.0,0.0
2025-09-29 14:00:00,529.4981278331642,0.0,260.0,0.0
2025-09-29 14:30:00,1013.2195203423013,0.0,458.0,0.0
2025-09-29 15:00:00,1091.4513010933233,0.0,442.0,0.0
2025-09-29 15:30:00,1053.727524567609,0.0,495.0,0.0
2025-09-29 16:00:00,1458.451138735873,0.0,486.99999999999994,0.0
2025-09-29 16:30:00,1439.6764960488244,0.0,478.99999999999994,0.0
2025-09-29 17:00:00,1496.9648827093704,0.0,455.0,0.0
2025-09-29 17:30:00,971.5363613873616,0.0,251.0,0.0
2025-09-29 18:00:00,1522.2591920327936,0.0,464.0,0.0
2025-09-29 18:30:00,1653.891765651642,0.0,516.0,0.0
2025-09-29 19:00:00,1517.258522789101,0.0,464.0,0.0
2025-09-29 19:30:00,1505.447405026626,0.0,410.99999999999994,0.0
2025-09-29 20:00:00,1036.5309592514543,0.0,321.0,0.0
2025-09-29 20:30:00,1192.3111377001144,0.0,278.0,0.0
2025-09-29 21:00:00,1316.9625172497133,0.0,367.0,0.0
2025-09-29 21:30:00,1401.8452059039007,0.0,409.00000000000006,0.0
2025-09-29 22:00:00,1295.9036941029558,0.0,407.0,0.0
2025-09-29 22:30:00,1349.6671541759315,0.0,421.0,0.0
2025-09-29 23:00:00,1369.1985502232553,0.0,401.0,0.0
2025-09-29 23:30:00,1351.887352710542,0.0,409.0,0.0
2025-09-30 00:00:00,1320.64654087048,0.0,384.0,0.0
2025-09-30 00:30:00,924.6424402136811,0.0,234.0,0.0
2025-09-30 01:00:00,836.932543405092,0.0,206.0,0.0
2025-09-30 01:30:00,1183.744537468241,0.0,296.0,0.0
2025-09-30 02:00:00,1224.5348185803193,0.0,358.0,0.0
2025-09-30 02:30:00,1472.7156506595247,0.0,405.0,0.0
2025-09-30 03:00:00,1404.8494430848903,0.0,392.0,0.0
2025-09-30 03:30:00,1356.2847925891563,0.0,395.0,0.0
2025-09-30 04:00:00,1444.1962819654498,0.0,387.0,0.0
2025-09-30 04:30:00,1274.3402389864457,0.0,360.0,0.0
2025-09-30 05:00:00,1190.8838343372213,0.0,363.0,0.0
2025-09-30 05:30:00,1163.9379467447843,0.0,330.0,0.0
2025-09-30 06:00:00,1285.6003497806632,0.0,360.0,0.0
2025-09-30 06:30:00,832.5446817217176,0.0,175.0,0.0
2025-09-30 07:00:00,1003.5630806241819,0.0,313.0,0.0
2025-09-30 07:30:00,1007.3458599357275,0.0,278.0,0.0
2025-09-30 08:00:00,818.9076472614429,0.0,259.0,0.0
2025-09-30 08:30:00,912.7700495088179,0.0,294.0,0.0
2025-09-30 09:00:00,1170.859064511798,0.0,406.0,0.0
2025-09-30 09:30:00,1238.0020592223004,0.0,394.0,0.0
2025-09-30 10:00:00,1147.4185317076476,0.0,435.0,0.0
2025-09-30 10:30:00,1304.7846332452048,0.0,481.00000000000006,0.0
2025-09-30 11:00:00,1307.145764271163,0.0,459.0,0.0
2025-09-30 11:30:00,1069.5848990018394,0.0,465.99999999999994,0.0
2025-09-30 12:00:00,944.1624997492327,0.0,413.0,0.0
2025-09-30 12:30:00,850.3881641515395,0.0,385.0,0.0
2025-09-30 13:00:00,890.8015183101929,0.0,341.0,0.0
2025-09-30 13:30:00,360.77422127564387,0.0,198.99999999999997,0.0
2025-09-30 14:00:00,484.6520550994369,0.0,234.0,0.0
2025-09-30 14:30:00,1227.5204631621773,0.0,455.0,0.0
2025-09-30 15:00:00,1243.9641902617184,0.0,476.0,0.0
2025-09-30 15:30:00,1377.633205551648,0.0,442.0,0.0
2025-09-30 16:00:00,1425.0435742785874,0.0,470.0,0.0
2025-09-30 16:30:00,1300.2454663908313,0.0,499.0,0.0
2025-09-30 17:00:00,1365.1530745010195,0.0,455.0,0.0
2025-09-30 17:30:00,982.2779884070738,0.0,281.0,0.0
2025-09-30 18:00:00,1361.335127270865,0.0,432.0,0.0
2025-09-30 18:30:00,1565.226739192272,0.0,502.99999999999994,0.0
2025-09-30 19:00:00,1431.1886507662362,0.0,521.0,0.0
2025-09-30 19:30:00,1564.8153448738403,0.0,523.0,0.0
2025-09-30 20:00:00,1269.6251016091803,0.0,354.0,0.0
2025-09-30 20:30:00,1243.3056430990334,0.0,301.0,0.0
2025-09-30 21:00:00,1238.3905617290177,0.0,387.0,0.0
2025-09-30 21:30:00,1497.0385617418003,0.0,449.0,0.0
2025-09-30 22:00:00,1496.326347525392,0.0,407.0,0.0
2025-09-30 22:30:00,1414.9304792335067,0.0,422.0,0.0
2025-09-30 23:00:00,1369.9586991951066,0.0,348.0,0.0
2025-09-30 23:30:00,1294.4381260533755,0.0,379.00000000000006,0.0
2025-10-01 00:00:00,1192.351330883123,0.0,382.0,0.0
2025-10-01 00:30:00,971.4520486856735,0.0,253.0,0.0
2025-10-01 01:00:00,847.8299803134383,0.0,218.0,0.0
2025-10-01 01:30:00,1051.294728068813,0.0,288.0,0.0
2025-10-01 02:00:00,1260.0891035735594,0.0,360.00000000000006,0.0
2025-10-01 02:30:00,1409.6714489738863,0.0,431.0,0.0
2025-10-01 03:00:00,1255.9304735600695,0.0,405.00000000000006,0.0
2025-10-01 03:30:00,1264.75569739388,0.0,394.0,0.0
2025-10-01 04:00:00,1266.5618497483083,0.0,424.0,0.0
2025-10-01 04:30:00,1348.458257337515,0.0,406.0,0.0
2025-10-01 05:00:00,1114.4823452437356,0.0,350.99999999999994,0.0
2025-10-01 05:30:00,1309.6597311177702,0.0,368.0,0.0
2025-10-01 06:00:00,1180.1470846920479,0.0,333.0,0.0
2025-10-01 06:30:00,803.3893681898812,0.0,212.0,0.0
2025-10-01 07:00:00,1166.7088811709148,0.0,374.0,0.0
2025-10-01 07:30:00,1223.1251157813454,0.0,353.0,0.0
2025-10-01 08:00:00,920.7994922168667,0.0,279.0,0.0
2025-10-01 08:30:00,938.4387361481347,0.0,312.0,0.0
2025-10-01 09:00:00,1139.4828162901838,0.0,398.0,0.0
2025-10-01 09:30:00,916.4696079697735,0.0,398.0,0.0
2025-10-01 10:00:00,1081.3428495788971,0.0,448.0,0.0
2025-10-01 10:30:00,1166.7481519907647,0.0,457.0,0.0
2025-10-01 11:00:00,1111.7887034695812,0.0,486.0,0.0
2025-10-01 11:30:00,1141.6234443677051,0.0,481.0,0.0
2025-10-01 12:00:00,1093.0782372834462,0.0,477.0,0.0
2025-10-01 12:30:00,844.2660342508728,0.0,404.0,0.0
2025-10-01 13:00:00,689.929086461689,0.0,367.0,0.0
2025-10-01 13:30:00,522.9329435978298,0.0,243.0,0.0
2025-10-01 14:00:00,590.6255526907015,0.0,304.0,0.0
2025-10-01 14:30:00,1321.7252199537922,0.0,481.0,0.0
2025-10-01 15:00:00,1467.2903152533167,0.0,494.0,0.0
2025-10-01 15:30:00,1320.4581019264992,0.0,518.0,0.0
2025-10-01 16:00:00,1242.8320235058804,0.0,484.0,0.0
2025-10-01 16:30:00,1368.5589032353776,0.0,527.0,0.0
2025-10-01 17:00:00,1163.4308505320355,0.0,484.0,0.0
2025-10-01 17:30:00,1033.9924248936563,0.0,352.0,0.0
2025-10-01 18:00:00,1417.5607389259787,0.0,486.0,0.0
2025-10-01 18:30:00,1523.8381248197381,0.0,511.00000000000006,0.0
2025-10-01 19:00:00,1569.6176487623104,0.0,468.0,0.0
2025-10-01 19:30:00,1507.9779070904515,0.0,446.99999999999994,0.0
2025-10-01 20:00:00,1214.6826867388982,0.0,373.0,0.0
2025-10-01 20:30:00,985.664680977967,0.0,318.0,0.0
2025-10-01 21:00:00,1260.7880032102626,0.0,367.0,0.0
2025-10-01 21:30:00,1385.26683651965,0.0,430.0,0.0
2025-10-01 22:00:00,1329.615247315035,0.0,398.0,0.0
2025-10-01 22:30:00,1424.8942527350127,0.0,391.0,0.0
2025-10-01 23:00:00,1313.4142071775789,0.0,432.0,0.0
2025-10-01 23:30:00,1451.1692951435034,0.0,383.0,0.0
2025-10-02 00:00:00,1209.810175847987,0.0,390.0,0.0
2025-10-02 00:30:00,996.5925603905732,0.0,245.0,0.0
2025-10-02 01:00:00,945.6222776446226,0.0,226.0,0.0
2025-10-02 01:30:00,1181.3913513961427,0.0,358.0,0.0
2025-10-02 02:00:00,1253.5609084099765,0.0,368.0,0.0
2025-10-02 02:30:00,1421.5283213750502,0.0,435.00000000000006,0.0
2025-10-02 03:00:00,1690.056030585343,0.0,489.00000000000006,0.0
2025-10-02 03:30:00,1418.6695117444135,0.0,416.00000000000006,0.0
2025-10-02 04:00:00,1488.72084397079,0.0,437.00000000000006,0.0
2025-10-02 04:30:00,1618.3511255539195,0.0,422.99999999999994,0.0
2025-10-02 05:00:00,1582.0608077161376,0.0,421.0,0.0
2025-10-02 05:30:00,1345.6129842286978,0.0,374.0,0.0
2025-10-02 06:00:00,1130.2508564331501,0.0,290.0,0.0
2025-10-02 06:30:00,822.5496141583915,0.0,187.0,0.0
2025-10-02 07:00:00,1246.7556947283917,0.0,341.0,0.0
2025-10-02 07:30:00,1291.0913745836556,0.0,356.0,0.0
2025-10-02 08:00:00,1051.050170898074,0.0,263.0,0.0
2025-10-02 08:30:00,1089.5023828359854,0.0,276.0,0.0
2025-10-02 09:00:00,1036.1292077988076,0.0,328.0,0.0
2025-10-02 09:30:00,1121.3125379542887,0.0,363.0,0.0
2025-10-02 10:00:00,894.2791329977367,0.0,354.0,0.0
2025-10-02 10:30:00,960.6453999117336,0.0,385.0,0.0
2025-10-02 11:00:00,1000.3586764320003,0.0,393.0,0.0
2025-10-02 11:30:00,1208.8920103381492,0.0,410.99999999999994,0.0
2025-10-02 12:00:00,1010.3387871236469,0.0,376.0,0.0
2025-10-02 12:30:00,863.1891192088692,0.0,391.0,0.0
2025-10-02 13:00:00,826.6539594064257,0.0,319.0,0.0
2025-10-02 13:30:00,607.9124561147654,0.0,208.0,0.0
2025-10-02 14:00:00,468.9420021468108,0.0,258.0,0.0
2025-10-02 14:30:00,954.6185031907105,0.0,416.0,0.0
2025-10-02 15:00:00,1234.8456037500646,0.0,474.0,0.0
2025-10-02 15:30:00,1140.5966992689387,0.0,483.99999999999994,0.0
2025-10-02 16:00:00,956.6164029782967,0.0,451.0,0.0
2025-10-02 16:30:00,1229.7352487009082,0.0,457.99999999999994,0.0
2025-10-02 17:00:00,1270.9671425056415,0.0,434.0,0.0
2025-10-02 17:30:00,774.280272414533,0.0,221.0,0.0
2025-10-02 18:00:00,1202.885796134435,0.0,449.0,0.0
2025-10-02 18:30:00,1527.6093163408411,0.0,455.0,0.0
2025-10-02 19:00:00,1531.8286614800302,0.0,437.0,0.0
2025-10-02 19:30:00,1586.7578622511892,0.0,391.0,0.0
2025-10-02 20:00:00,1036.5459906677968,0.0,294.0,0.0
2025-10-02 20:30:00,1118.5941868373316,0.0,309.0,0.0
2025-10-02 21:00:00,1424.4248763080566,0.0,378.0,0.0
2025-10-02 21:30:00,1326.0583955662757,0.0,392.0,0.0
2025-10-02 22:00:00,1332.3381806592763,0.0,383.0,0.0
2025-10-02 22:30:00,1254.1041104795647,0.0,373.0,0.0
2025-10-02 23:00:00,1315.103387628661,0.0,371.0,0.0
2025-10-02 23:30:00,1227.3749501726138,0.0,311.0,0.0
2025-10-03 00:00:00,1317.6360896195943,0.0,377.0,0.0
2025-10-03 00:30:00,972.5296355969735,0.0,233.0,0.0
2025-10-03 01:00:00,841.2357010813657,0.0,188.0,0.0
2025-10-03 01:30:00,1132.4600115425176,0.0,275.0,0.0
2025-10-03 02:00:00,1249.5569367924186,0.0,368.00000000000006,0.0
2025-10-03 02:30:00,1380.0534591088326,0.0,404.0,0.0
2025-10-03 03:00:00,1287.723634779956,0.0,402.0,0.0
2025-10-03 03:30:00,1461.9768999655985,0.0,362.0,0.0
2025-10-03 04:00:00,1348.814450354794,0.0,395.0,0.0
2025-10-03 04:30:00,1402.5241211359557,0.0,408.0,0.0
2025-10-03 05:00:00,1429.4243671427128,0.0,387.0,0.0
2025-10-03 05:30:00,1305.9973654775583,0.0,401.0,0.0
2025-10-03 06:00:00,1384.5749394039206,0.0,386.0,0.0
2025-10-03 06:30:00,778.6192744640554,0.0,179.0,0.0
2025-10-03 07:00:00,1105.563125723575,0.0,302.0,0.0
2025-10-03 07:30:00,1317.7496465203114,0.0,381.0,0.0
2025-10-03 08:00:00,932.051055273823,0.0,256.0,0.0
2025-10-03 08:30:00,998.6420250347405,0.0,285.0,0.0
2025-10-03 09:00:00,1163.9044076069888,0.0,403.0,0.0
2025-10-03 09:30:00,1222.0878480156662,0.0,400.0,0.0
2025-10-03 10:00:00,1153.8923705228929,0.0,461.99999999999994,0.0
2025-10-03 10:30:00,1091.2201771500618,0.0,431.0,0.0
2025-10-03 11:00:00,1056.9122201979021,0.0,457.0,0.0
2025-10-03 11:30:00,1105.0844293001514,0.0,425.0,0.0
2025-10-03 12:00:00,885.6240793513474,0.0,464.00000000000006,0.0
2025-10-03 12:30:00,1035.917910153283,0.0,415.0,0.0
2025-10-03 13:00:00,687.7902050238066,0.0,290.0,0.0
2025-10-03 13:30:00,509.79212394997205,0.0,247.0,0.0
2025-10-03 14:00:00,663.4993587278748,0.0,288.0,0.0
2025-10-03 14:30:00,991.3230691995462,0.0,367.0,0.0
2025-10-03 15:00:00,1148.2956874575955,0.0,428.0,0.0
2025-10-03 15:30:00,1081.0325255669086,0.0,435.0,0.0
2025-10-03 16:00:00,1151.1200443055716,0.0,447.0,0.0
2025-10-03 16:30:00,1251.3986610486315,0.0,464.0,0.0
2025-10-03 17:00:00,1304.1783369405964,0.0,413.99999999999994,0.0
2025-10-03 17:30:00,935.9166781797824,0.0,237.00000000000003,0.0
2025-10-03 18:00:00,1354.811986073473,0.0,422.0,0.0
2025-10-03 18:30:00,1309.2459047762595,0.0,416.99999999999994,0.0
2025-10-03 19:00:00,1548.5043963589471,0.0,458.0,0.0
2025-10-03 19:30:00,1473.0163817521645,0.0,385.0,0.0
2025-10-03 20:00:00,1162.1137637085862,0.0,278.0,0.0
2025-10-03 20:30:00,1165.0672185904432,0.0,279.0,0.0
2025-10-03 21:00:00,1399.3436095841669,0.0,406.0,0.0
2025-10-03 21:30:00,1353.6603489170716,0.0,450.0,0.0
2025-10-03 22:00:00,1329.124865986524,0.0,399.00000000000006,0.0
2025-10-03 22:30:00,1377.046423777636,0.0,423.99999999999994,0.0
2025-10-03 23:00:00,1517.4473546881616,0.0,452.0,0.0
2025-10-03 23:30:00,1485.1373911323594,0.0,448.0,0.0
2025-10-04 00:00:00,1536.4273564073742,0.0,399.00000000000006,0.0
2025-10-04 00:30:00,1034.026573794191,0.0,268.0,0.0
2025-10-04 01:00:00,842.7425212703115,0.0,194.0,0.0
2025-10-04 01:30:00,1180.1546535195334,0.0,318.0,0.0
2025-10-04 02:00:00,1291.3354532367905,0.0,352.0,0.0
2025-10-04 02:30:00,1405.5037898708904,0.0,442.0,0.0
2025-10-04 03:00:00,1382.8141276863735,0.0,440.0,0.0
2025-10-04 03:30:00,1578.912309440159,0.0,443.00000000000006,0.0
2025-10-04 04:00:00,1317.016842133381,0.0,386.0,0.0
2025-10-04 04:30:00,1310.5128774985565,0.0,413.0,0.0
2025-10-04 05:00:00,1407.3911181797896,0.0,405.0,0.0
2025-10-04 05:30:00,1312.5577297387706,0.0,384.0,0.0
2025-10-04 06:00:00,1206.5489436299806,0.0,330.0,0.0
2025-10-04 06:30:00,872.4983625010758,0.0,191.0,0.0
2025-10-04 07:00:00,1121.663906725901,0.0,327.0,0.0
2025-10-04 07:30:00,1329.2707879422383,0.0,370.0,0.0
2025-10-04 08:00:00,1005.0157593018092,0.0,225.0,0.0
2025-10-04 08:30:00,982.2946630748222,0.0,259.0,0.0
2025-10-04 09:00:00,1159.2163986053033,0.0,404.0,0.0
2025-10-04 09:30:00,1040.9985496040101,0.0,405.0,0.0
2025-10-04 10:00:00,1167.3870203084184,0.0,458.0,0.0
2025-10-04 10:30:00,1065.812110489693,0.0,441.0,0.0
2025-10-04 11:00:00,858.1177647094153,0.0,392.0,0.0
2025-10-04 11:30:00,1357.3849472799752,0.0,461.0,0.0
2025-10-04 12:00:00,1165.494326378854,0.0,490.0,0.0
2025-10-04 12:30:00,1182.4581628573599,0.0,469.0,0.0
2025-10-04 13:00:00,946.7978470427206,0.0,466.0,0.0
2025-10-04 13:30:00,502.2510090218196,0.0,198.0,0.0
2025-10-04 14:00:00,559.3960783416464,0.0,176.0,0.0
2025-10-04 14:30:00,1073.5979733809331,0.0,360.0,0.0
2025-10-04 15:00:00,1269.3841976003491,0.0,407.99999999999994,0.0
2025-10-04 15:30:00,1156.3825284866832,0.0,465.0,0.0
2025-10-04 16:00:00,1005.4494582350379,0.0,451.0,0.0
2025-10-04 16:30:00,926.0627228195967,0.0,350.0,0.0
2025-10-04 17:00:00,657.8525280253754,0.0,243.0,0.0
2025-10-04 17:30:00,437.1323340831417,0.0,117.99999999999999,0.0
2025-10-04 18:00:00,960.8312958406237,0.0,237.0,0.0
2025-10-04 18:30:00,959.4139488473351,0.0,254.00000000000003,0.0
2025-10-04 19:00:00,933.1635931304759,0.0,253.99999999999997,0.0
2025-10-04 19:30:00,864.5552950510246,0.0,211.0,0.0
2025-10-04 20:00:00,766.0345684488224,0.0,170.0,0.0
2025-10-04 20:30:00,982.6324573095017,0.0,247.00000000000003,0.0
2025-10-04 21:00:00,1199.7803407237914,0.0,342.0,0.0
2025-10-04 21:30:00,1074.4412497383767,0.0,369.0,0.0
2025-10-04 22:00:00,1230.2388205684256,0.0,353.0,0.0
2025-10-04 22:30:00,1239.788652174393,0.0,360.0,0.0
2025-10-04 23:00:00,1223.1203368672566,0.0,392.0,0.0
2025-10-04 23:30:00,1275.819870733286,0.0,359.0,0.0
2025-10-05 00:00:00,1421.7930532411824,0.0,407.99999999999994,0.0
2025-10-05 00:30:00,1013.1646991756137,0.0,253.0,0.0
2025-10-05 01:00:00,942.9158453173017,0.0,230.0,0.0
2025-10-05 01:30:00,933.845705919757,0.0,248.0,0.0
2025-10-05 02:00:00,949.7259073763544,0.0,307.0,0.0
2025-10-05 02:30:00,1274.6107352843594,0.0,395.99999999999994,0.0
2025-10-05 03:00:00,1306.177971577473,0.0,366.0,0.0
2025-10-05 03:30:00,1126.6877269048625,0.0,373.0,0.0
2025-10-05 04:00:00,1162.4809077696527,0.0,349.0,0.0
2025-10-05 04:30:00,1027.8226192409313,0.0,299.0,0.0
2025-10-05 05:00:00,849.2498910924122,0.0,221.0,0.0
2025-10-05 05:30:00,810.2408716501121,0.0,197.0,0.0
2025-10-05 06:00:00,695.9134826916277,0.0,203.0,0.0
2025-10-05 06:30:00,682.8270940001394,0.0,123.0,0.0
2025-10-05 07:00:00,806.1627463365039,0.0,187.0,0.0
2025-10-05 07:30:00,772.2608843974047,0.0,188.0,0.0
2025-10-05 08:00:00,585.7750302601569,0.0,143.0,0.0
2025-10-05 08:30:00,569.1952693139764,0.0,172.0,0.0
2025-10-05 09:00:00,723.1926398755379,0.0,216.0,0.0
2025-10-05 09:30:00,790.765614606067,0.0,326.0,0.0
2025-10-05 10:00:00,952.4376253514533,0.0,377.0,0.0
2025-10-05 10:30:00,768.2323682229664,0.0,392.0,0.0
2025-10-05 11:00:00,804.8872158277142,0.0,358.0,0.0
2025-10-05 11:30:00,720.5090514082832,0.0,379.0,0.0
2025-10-05 12:00:00,729.9718590458372,0.0,349.0,0.0
2025-10-05 12:30:00,813.8163997073594,0.0,365.0,0.0
2025-10-05 13:00:00,887.9482875467816,0.0,360.0,0.0
2025-10-05 13:30:00,310.89299971652196,1.0,164.0,0.0
2025-10-05 14:00:00,222.50640451627893,0.0,166.0,0.0
2025-10-05 14:30:00,683.571751710615,0.0,343.0,0.0
2025-10-05 15:00:00,991.7113547621473,0.0,387.0,0.0
2025-10-05 15:30:00,860.3900443142486,0.0,390.0,0.0
2025-10-05 16:00:00,991.634808581556,0.0,401.0,0.0
2025-10-05 16:30:00,1053.3869182731908,0.0,392.0,0.0
2025-10-05 17:00:00,1026.7998450393331,0.0,367.0,0.0
2025-10-05 17:30:00,949.8621254783873,0.0,263.0,0.0
2025-10-05 18:00:00,1116.475644100711,0.0,293.0,0.0
2025-10-05 18:30:00,832.5784889104469,0.0,201.0,0.0
2025-10-05 19:00:00,820.4723689499394,0.0,259.0,0.0
2025-10-05 19:30:00,856.8228289400371,0.0,205.0,0.0
2025-10-05 20:00:00,834.8251792871185,0.0,171.0,0.0
2025-10-05 20:30:00,718.0665731373668,0.0,174.0,0.0
2025-10-05 21:00:00,865.03459504042,0.0,223.00000000000003,0.0
2025-10-05 21:30:00,1203.9085165601732,0.0,340.0,0.0
2025-10-05 22:00:00,1292.2591241209454,0.0,367.0,0.0
2025-10-05 22:30:00,1260.9699564574623,0.0,368.00000000000006,0.0
2025-10-05 23:00:00,1515.2127420852173,0.0,418.0,0.0
2025-10-05 23:30:00,1423.0556633728652,0.0,438.0,0.0
2025-10-06 00:00:00,896.5582129970956,0.0,186.0,0.0
2025-10-06 00:30:00,650.5649659252873,0.0,125.0,0.0
2025-10-06 01:00:00,564.1096547785927,0.0,130.0,0.0
2025-10-06 01:30:00,916.6952905944295,0.0,251.0,0.0
2025-10-06 02:00:00,955.695425344369,0.0,266.0,0.0
2025-10-06 02:30:00,940.0323787867144,0.0,224.0,0.0
2025-10-06 03:00:00,812.9140022480776,0.0,186.0,0.0
2025-10-06 03:30:00,889.2100668155675,0.0,258.0,0.0
2025-10-06 04:00:00,832.4797916966991,0.0,229.0,0.0
2025-10-06 04:30:00,846.5155679298437,0.0,205.0,0.0
2025-10-06 05:00:00,817.9519972147843,0.0,227.0,0.0
2025-10-06 05:30:00,835.1694631620893,0.0,177.0,0.0
2025-10-06 06:00:00,952.161108663726,0.0,213.0,0.0
2025-10-06 06:30:00,589.1507708483775,0.0,114.0,0.0
2025-10-06 07:00:00,838.2277680171356,0.0,213.0,0.0
2025-10-06 07:30:00,728.6572989020106,0.0,170.0,0.0
2025-10-06 08:00:00,670.8743168259027,0.0,181.0,0.0
2025-10-06 08:30:00,1067.3104399057872,0.0,324.0,0.0
2025-10-06 09:00:00,1308.9129690944037,0.0,429.0,0.0
2025-10-06 09:30:00,1344.1189591365105,0.0,399.0,0.0
2025-10-06 10:00:00,1331.580171372972,0.0,467.0,0.0
2025-10-06 10:30:00,1379.1524129715945,0.0,469.0,0.0
2025-10-06 11:00:00,1166.2930951807662,0.0,418.99999999999994,0.0
2025-10-06 11:30:00,1319.2841569381742,0.0,447.00000000000006,0.0
2025-10-06 12:00:00,1232.2983358044376,0.0,446.0,0.0
2025-10-06 12:30:00,1157.7640015392067,0.0,432.0,0.0
2025-10-06 13:00:00,986.4303315957385,0.0,352.0,0.0
2025-10-06 13:30:00,496.26946495395356,0.0,217.0,0.0
2025-10-06 14:00:00,566.2236823736783,0.0,260.0,0.0
2025-10-06 14:30:00,1019.0484879272811,0.0,458.0,0.0
2025-10-06 15:00:00,980.9121972277419,0.0,442.0,0.0
2025-10-06 15:30:00,1245.353501972134,0.0,495.0,0.0
2025-10-06 16:00:00,1539.2049829367172,0.0,486.99999999999994,0.0
2025-10-06 16:30:00,1468.5036387479688,0.0,479.0,0.0
2025-10-06 17:00:00,1482.0988100614497,0.0,454.99999999999994,0.0
2025-10-06 17:30:00,939.0578161957901,0.0,251.00000000000003,0.0
2025-10-06 18:00:00,1468.1124117775194,0.0,464.0,0.0
2025-10-06 18:30:00,1515.2371690260204,0.0,516.0,0.0
2025-10-06 19:00:00,1624.532083028483,0.0,464.0,0.0
2025-10-06 19:30:00,1450.7098562304327,0.0,411.0,0.0
2025-10-06 20:00:00,1161.3599459472457,0.0,321.0,0.0
2025-10-06 20:30:00,1170.3963920121967,0.0,278.0,0.0
2025-10-06 21:00:00,1152.4201023724638,0.0,367.0,0.0
2025-10-06 21:30:00,1196.2060646206994,0.0,409.0,0.0
2025-10-06 22:00:00,1434.9960505647855,0.0,407.0,0.0
2025-10-06 22:30:00,1412.4174624950476,0.0,421.0,0.0
2025-10-06 23:00:00,1376.3013323509224,0.0,401.0,0.0
2025-10-06 23:30:00,1263.3066508182935,0.0,409.0,0.0
2025-10-07 00:00:00,1591.026205784293,0.0,448.99999999999994,0.0
2025-10-07 00:30:00,1148.1024786559574,0.0,297.0,0.0
2025-10-07 01:00:00,879.8424659567615,0.0,233.0,0.0
2025-10-07 01:30:00,1194.4600119938511,0.0,354.0,0.0
2025-10-07 02:00:00,1341.295339206228,0.0,369.0,0.0
2025-10-07 02:30:00,1630.6977445157445,0.0,459.00000000000006,0.0
2025-10-07 03:00:00,1328.5319924344303,0.0,449.0,0.0
2025-10-07 03:30:00,1337.9655553185482,0.0,452.0,0.0
2025-10-07 04:00:00,1533.93726169765,0.0,452.0,0.0
2025-10-07 04:30:00,1432.1454863082681,0.0,489.0,0.0
2025-10-07 05:00:00,1365.5463726627788,0.0,470.99999999999994,0.0
2025-10-07 05:30:00,1369.869172024927,0.0,452.0,0.0
2025-10-07 06:00:00,1307.139552126887,0.0,372.0,0.0
2025-10-07 06:30:00,854.6418566576402,0.0,223.0,0.0
2025-10-07 07:00:00,1154.077783424529,0.0,362.0,0.0
2025-10-07 07:30:00,1268.235481411791,0.0,401.0,0.0
2025-10-07 08:00:00,936.7632134556036,0.0,300.0,0.0
2025-10-07 08:30:00,906.7701353704783,0.0,343.0,0.0
2025-10-07 09:00:00,1498.1278681365334,0.0,479.0,0.0
2025-10-07 09:30:00,1406.942277410298,0.0,480.0,0.0
2025-10-07 10:00:00,1333.744886178069,0.0,477.0,0.0
2025-10-07 10:30:00,1125.1558805685181,0.0,456.0,0.0
2025-10-07 11:00:00,1435.2500421313514,0.0,528.0,0.0
2025-10-07 11:30:00,1213.5031834921774,0.0,500.0,0.0
2025-10-07 12:00:00,1101.47773439931,0.0,491.0,0.0
2025-10-07 12:30:00,808.5668371992656,0.0,391.0,0.0
2025-10-07 13:00:00,569.4003928418938,0.0,345.0,0.0
2025-10-07 13:30:00,406.12494716046723,0.0,257.0,0.0
2025-10-07 14:00:00,733.381000002374,0.0,294.0,0.0
2025-10-07 14:30:00,915.9494963407999,0.0,433.0,0.0
2025-10-07 15:00:00,1071.9330668155928,0.0,499.0,0.0
2025-10-07 15:30:00,1469.1340618552103,0.0,468.0,0.0
2025-10-07 16:00:00,1531.5584886403342,0.0,515.0,0.0
2025-10-07 16:30:00,1658.863845468584,0.0,556.0,0.0
2025-10-07 17:00:00,1493.7026477912198,0.0,533.0,0.0
2025-10-07 17:30:00,1107.8007767035035,0.0,305.0,0.0
2025-10-07 18:00:00,1502.5830373995811,0.0,491.0,0.0
2025-10-07 18:30:00,1419.0701488294064,0.0,479.0,0.0
2025-10-07 19:00:00,1615.4042060000536,0.0,501.00000000000006,0.0
2025-10-07 19:30:00,1553.8988822868803,0.0,478.0,0.0
2025-10-07 20:00:00,1189.433758112653,0.0,349.0,0.0
2025-10-07 20:30:00,1052.2923965114858,0.0,331.0,0.0
2025-10-07 21:00:00,1157.477161534946,0.0,393.0,0.0
2025-10-07 21:30:00,1353.6697814811714,0.0,414.0,0.0
2025-10-07 22:00:00,1458.6662281843212,0.0,441.99999999999994,0.0
2025-10-07 22:30:00,1393.310176258583,0.0,431.0,0.0
2025-10-07 23:00:00,1381.9144948928663,0.0,395.0,0.0
2025-10-07 23:30:00,1437.6336923816464,0.0,431.0,0.0
2025-10-08 00:00:00,1346.2177894690426,0.0,380.0,0.0
2025-10-08 00:30:00,883.5244127627882,0.0,278.0,0.0
2025-10-08 01:00:00,752.4793755165078,0.0,196.99999999999997,0.0
2025-10-08 01:30:00,988.4847490990252,0.0,307.0,0.0
2025-10-08 02:00:00,1165.6461038440439,0.0,361.0,0.0
2025-10-08 02:30:00,1371.753923361854,0.0,440.00000000000006,0.0
2025-10-08 03:00:00,1331.8152684060833,0.0,402.0,0.0
2025-10-08 03:30:00,1298.4844575509578,0.0,389.00000000000006,0.0
2025-10-08 04:00:00,1415.4224023029003,0.0,420.0,0.0
2025-10-08 04:30:00,1431.4833407018002,0.0,418.0,0.0
2025-10-08 05:00:00,1282.5757708303204,0.0,399.0,0.0
2025-10-08 05:30:00,1304.7996579418711,0.0,384.0,0.0
2025-10-08 06:00:00,1275.5548399751497,0.0,369.0,0.0
2025-10-08 06:30:00,801.566685907581,0.0,201.0,0.0
2025-10-08 07:00:00,1222.6614363134083,0.0,368.0,0.0
2025-10-08 07:30:00,1167.0591007294859,0.0,357.0,0.0
2025-10-08 08:00:00,980.785700725453,0.0,316.0,0.0
2025-10-08 08:30:00,1150.0913933264737,0.0,385.0,0.0
2025-10-08 09:00:00,1018.4109886365618,0.0,416.0,0.0
2025-10-08 09:30:00,1133.446936356947,0.0,458.0,0.0
2025-10-08 10:00:00,1031.0990440712735,0.0,463.0,0.0
2025-10-08 10:30:00,1191.6358908629347,0.0,464.0,0.0
2025-10-08 11:00:00,1004.1716469183788,0.0,417.0,0.0
2025-10-08 11:30:00,1018.354591228434,0.0,449.0,0.0
2025-10-08 12:00:00,821.6693511077846,0.0,412.0,0.0
2025-10-08 12:30:00,828.0365456203563,0.0,428.0,0.0
2025-10-08 13:00:00,1006.6315775032098,0.0,369.0,0.0
2025-10-08 13:30:00,715.3587567894793,0.0,259.0,0.0
2025-10-08 14:00:00,528.6477067155266,0.0,263.0,0.0
2025-10-08 14:30:00,952.6803930874754,0.0,383.0,0.0
2025-10-08 15:00:00,1072.3840830079523,0.0,472.0,0.0
2025-10-08 15:30:00,1091.3015734742519,0.0,424.0,0.0
2025-10-08 16:00:00,1313.081232489581,0.0,470.99999999999994,0.0
2025-10-08 16:30:00,1192.650818123672,0.0,479.0,0.0
2025-10-08 17:00:00,1351.442042921416,0.0,466.0,0.0
2025-10-08 17:30:00,922.3448811991486,0.0,306.0,0.0
2025-10-08 18:00:00,1454.548635156078,0.0,502.99999999999994,0.0
2025-10-08 18:30:00,1532.8269549022582,0.0,504.00000000000006,0.0
2025-10-08 19:00:00,1590.6824344253168,0.0,509.0,0.0
2025-10-08 19:30:00,1625.4757775793694,0.0,502.0,0.0
2025-10-08 20:00:00,1164.6301528157771,0.0,361.0,0.0
2025-10-08 20:30:00,1305.6701641923273,0.0,352.00000000000006,0.0
2025-10-08 21:00:00,1395.747810503832,0.0,413.0,0.0
2025-10-08 21:30:00,1438.7704481013968,0.0,419.0,0.0
2025-10-08 22:00:00,1374.148654814559,0.0,420.0,0.0
2025-10-08 22:30:00,1318.9987317653035,0.0,435.0,0.0
2025-10-08 23:00:00,1437.0750379839367,0.0,444.99999999999994,0.0
2025-10-08 23:30:00,1469.8904934471946,0.0,464.0,0.0
2025-10-09 00:00:00,1367.1411724627396,0.0,375.0,0.0
2025-10-09 00:30:00,1032.67633567979,0.0,244.0,0.0
2025-10-09 01:00:00,854.1944449804214,0.0,172.0,0.0
2025-10-09 01:30:00,995.8262918617231,0.0,265.0,0.0
2025-10-09 02:00:00,1295.8227323564572,0.0,354.0,0.0
2025-10-09 02:30:00,1539.5454105247218,0.0,425.0,0.0
2025-10-09 03:00:00,1393.9577654684392,0.0,392.0,0.0
2025-10-09 03:30:00,1459.2636124652763,0.0,423.0,0.0
2025-10-09 04:00:00,1371.8907444342233,0.0,375.0,0.0
2025-10-09 04:30:00,1375.6539858951996,0.0,394.99999999999994,0.0
2025-10-09 05:00:00,1384.9376391151345,0.0,376.0,0.0
2025-10-09 05:30:00,1394.590488475158,0.0,381.0,0.0
2025-10-09 06:00:00,1272.9576633281238,0.0,341.0,0.0
2025-10-09 06:30:00,880.7128430675042,0.0,239.00000000000003,0.0
2025-10-09 07:00:00,1172.2405509266446,0.0,310.0,0.0
2025-10-09 07:30:00,1134.3122779966604,0.0,349.0,0.0
2025-10-09 08:00:00,980.7045734234943,0.0,302.0,0.0
2025-10-09 08:30:00,1128.833305813015,0.0,335.0,0.0
2025-10-09 09:00:00,1199.6464334453287,0.0,405.0,0.0
2025-10-09 09:30:00,1058.1254413772906,0.0,403.0,0.0
2025-10-09 10:00:00,955.0876997369309,0.0,397.0,0.0
2025-10-09 10:30:00,862.4730930231751,0.0,414.0,0.0
2025-10-09 11:00:00,895.9776157360424,0.0,427.0,0.0
2025-10-09 11:30:00,1092.3443806920527,0.0,443.0,0.0
2025-10-09 12:00:00,1057.6808096219263,0.0,411.0,0.0
2025-10-09 12:30:00,1002.2436630245578,0.0,379.0,0.0
2025-10-09 13:00:00,739.3588910394703,0.0,336.0,0.0
2025-10-09 13:30:00,588.4180206487662,0.0,232.0,0.0
2025-10-09 14:00:00,408.28824333874246,0.0,259.0,0.0
2025-10-09 14:30:00,862.4307802496637,0.0,373.0,0.0
2025-10-09 15:00:00,845.6514170676479,0.0,399.0,0.0
2025-10-09 15:30:00,1464.4772004766671,0.0,489.0,0.0
2025-10-09 16:00:00,1540.5775728771946,0.0,495.0,0.0
2025-10-09 16:30:00,1460.1091942937724,0.0,468.0,0.0
2025-10-09 17:00:00,1407.6060524525742,0.0,444.99999999999994,0.0
2025-10-09 17:30:00,1135.5060738317134,0.0,278.0,0.0
2025-10-09 18:00:00,1372.251951248867,0.0,422.0,0.0
2025-10-09 18:30:00,1439.2716805813607,0.0,434.00000000000006,0.0
2025-10-09 19:00:00,1194.3864619120818,0.0,404.0,0.0
2025-10-09 19:30:00,1334.2721353671614,0.0,434.0,0.0
2025-10-09 20:00:00,1117.6626781198856,0.0,282.0,0.0
2025-10-09 20:30:00,1000.3183181954595,0.0,271.0,0.0
2025-10-09 21:00:00,1407.6005742872471,0.0,428.0,0.0
2025-10-09 21:30:00,1282.05908194949,0.0,365.0,0.0
2025-10-09 22:00:00,1440.2058303548783,0.0,424.0,0.0
2025-10-09 22:30:00,1440.671133180425,0.0,438.0,0.0
2025-10-09 23:00:00,1422.2424318292037,0.0,414.99999999999994,0.0
2025-10-09 23:30:00,1349.103507888792,0.0,396.0,0.0
2025-10-10 00:00:00,1422.1978130461657,0.0,420.99999999999994,0.0
2025-10-10 00:30:00,1103.2335862083012,0.0,282.0,0.0
2025-10-10 01:00:00,893.7316249525884,0.0,234.00000000000003,0.0
2025-10-10 01:30:00,1018.3656454258482,0.0,318.0,0.0
2025-10-10 02:00:00,1220.2638979037702,0.0,383.0,0.0
2025-10-10 02:30:00,1461.387992425506,0.0,455.00000000000006,0.0
2025-10-10 03:00:00,1447.4312058835515,0.0,451.0,0.0
2025-10-10 03:30:00,1349.7891106352586,0.0,438.99999999999994,0.0
2025-10-10 04:00:00,1499.5411487057372,0.0,463.0,0.0
2025-10-10 04:30:00,1175.39159856048,0.0,401.00000000000006,0.0
2025-10-10 05:00:00,1348.4988480280258,0.0,449.99999999999994,0.0
2025-10-10 05:30:00,1394.96604543929,0.0,437.0,0.0
2025-10-10 06:00:00,1383.0689195385305,0.0,383.99999999999994,0.0
2025-10-10 06:30:00,825.0594071978256,0.0,242.0,0.0
2025-10-10 07:00:00,1291.8422843783123,0.0,371.0,0.0
2025-10-10 07:30:00,1268.8758764936072,0.0,405.0,0.0
2025-10-10 08:00:00,924.4627985107791,0.0,247.99999999999997,0.0
2025-10-10 08:30:00,1054.523324228156,0.0,346.0,0.0
2025-10-10 09:00:00,1267.2459470990134,0.0,434.0,0.0
2025-10-10 09:30:00,1378.763188429762,0.0,459.0,0.0
2025-10-10 10:00:00,1549.5831365063093,0.0,492.99999999999994,0.0
2025-10-10 10:30:00,1446.1429612119475,0.0,530.0,0.0
2025-10-10 11:00:00,1437.3300666613436,0.0,482.0,0.0
2025-10-10 11:30:00,1213.830449157201,0.0,512.0,0.0
2025-10-10 12:00:00,1247.3508854965212,0.0,522.0,0.0
2025-10-10 12:30:00,937.9978237587059,0.0,458.0,0.0
2025-10-10 13:00:00,837.101390731502,0.0,390.0,0.0
2025-10-10 13:30:00,403.6830510131851,0.0,258.0,0.0
2025-10-10 14:00:00,541.8162213335921,0.0,265.0,0.0
2025-10-10 14:30:00,1089.4881364001058,0.0,417.0,0.0
2025-10-10 15:00:00,1468.1496772910994,0.0,521.0,0.0
2025-10-10 15:30:00,1454.7286465516213,0.0,523.0,0.0
2025-10-10 16:00:00,1337.1730537967894,0.0,516.0,0.0
2025-10-10 16:30:00,1406.41549842661,0.0,495.00000000000006,0.0
2025-10-10 17:00:00,1386.2630084561358,0.0,478.0,0.0
2025-10-10 17:30:00,1046.5077198507297,0.0,300.0,0.0
2025-10-10 18:00:00,1449.3884949659678,0.0,441.0,0.0
2025-10-10 18:30:00,1427.4295718649068,0.0,496.00000000000006,0.0
2025-10-10 19:00:00,1741.0608199233693,0.0,536.0,0.0
2025-10-10 19:30:00,1572.6966426974432,0.0,508.0,0.0
2025-10-10 20:00:00,1333.5185781009916,0.0,421.00000000000006,0.0
2025-10-10 20:30:00,1217.619168567265,0.0,367.0,0.0
2025-10-10 21:00:00,1439.6431268688739,0.0,453.0,0.0
2025-10-10 21:30:00,1437.8932943812736,0.0,449.0,0.0
2025-10-10 22:00:00,1449.7049792834778,0.0,504.00000000000006,0.0
2025-10-10 22:30:00,1257.4877869975976,0.0,423.0,0.0
2025-10-10 23:00:00,1358.0200575984254,0.0,470.00000000000006,0.0
2025-10-10 23:30:00,1504.6301962368038,0.0,476.0,0.0
2025-10-11 00:00:00,1545.8310792326943,0.0,407.0,0.0
2025-10-11 00:30:00,1174.8722098774056,0.0,282.0,0.0
2025-10-11 01:00:00,939.1387908801493,0.0,211.0,0.0
2025-10-11 01:30:00,1051.9913997865056,0.0,262.0,0.0
2025-10-11 02:00:00,1255.894379994024,0.0,353.00000000000006,0.0
2025-10-11 02:30:00,1340.3119055587358,0.0,378.0,0.0
2025-10-11 03:00:00,1427.8348423201899,0.0,429.0,0.0
2025-10-11 03:30:00,1450.9991182291326,0.0,404.99999999999994,0.0
2025-10-11 04:00:00,1334.5125681973605,0.0,426.0,0.0
2025-10-11 04:30:00,1379.8601382079005,0.0,413.0,0.0
2025-10-11 05:00:00,1371.8486485765932,0.0,381.0,0.0
2025-10-11 05:30:00,1445.2816184979824,0.0,391.0,0.0
2025-10-11 06:00:00,1279.3914509051492,0.0,360.0,0.0
2025-10-11 06:30:00,886.3449899520147,0.0,175.0,0.0
2025-10-11 07:00:00,1251.1185563720142,0.0,324.0,0.0
2025-10-11 07:30:00,1166.4409228112177,0.0,362.99999999999994,0.0
2025-10-11 08:00:00,982.1856631029624,0.0,249.99999999999997,0.0
2025-10-11 08:30:00,981.2820290417287,0.0,302.0,0.0
2025-10-11 09:00:00,1088.0055372208726,0.0,451.0,0.0
2025-10-11 09:30:00,1160.7148429564938,0.0,429.0,0.0
2025-10-11 10:00:00,1015.9891958712896,0.0,433.0,0.0
2025-10-11 10:30:00,958.7047173651423,0.0,461.0,0.0
2025-10-11 11:00:00,893.0059007539701,0.0,426.0,0.0
2025-10-11 11:30:00,880.3198412670968,0.0,407.0,0.0
2025-10-11 12:00:00,1106.3185063369735,0.0,417.0,0.0
2025-10-11 12:30:00,735.4697577512142,0.0,367.0,0.0
2025-10-11 13:00:00,805.7179732939591,0.0,365.0,0.0
2025-10-11 13:30:00,350.61741222106406,0.0,170.0,0.0
2025-10-11 14:00:00,120.57478114115035,4.0,132.0,0.0
2025-10-11 14:30:00,532.4429825938454,0.0,294.0,0.0
2025-10-11 15:00:00,771.573155000854,0.0,286.0,0.0
2025-10-11 15:30:00,701.11350778942,0.0,275.0,0.0
2025-10-11 16:00:00,626.1500648511567,0.0,292.0,0.0
2025-10-11 16:30:00,801.5236305425647,0.0,284.0,0.0
2025-10-11 17:00:00,695.8984365615571,0.0,277.0,0.0
2025-10-11 17:30:00,486.55567926235767,0.0,143.0,0.0
2025-10-11 18:00:00,816.2108820738022,0.0,241.0,0.0
2025-10-11 18:30:00,908.3251729799226,0.0,231.0,0.0
2025-10-11 19:00:00,1013.6164293477785,0.0,265.0,0.0
2025-10-11 19:30:00,947.590960863229,0.0,213.0,0.0
2025-10-11 20:00:00,699.6470445429993,0.0,138.0,0.0
2025-10-11 20:30:00,1011.9669589597595,0.0,256.0,0.0
2025-10-11 21:00:00,1248.4720327653142,0.0,378.0,0.0
2025-10-11 21:30:00,1294.7098397455575,0.0,397.0,0.0
2025-10-11 22:00:00,1408.8413032302103,0.0,400.0,0.0
2025-10-11 22:30:00,1274.8658173007816,0.0,371.99999999999994,0.0
2025-10-11 23:00:00,1438.9207346900114,0.0,377.0,0.0
2025-10-11 23:30:00,1308.5486682163237,0.0,379.0,0.0
2025-10-12 00:00:00,1263.7065644770669,0.0,351.0,0.0
2025-10-12 00:30:00,1048.39754508344,0.0,236.0,0.0
2025-10-12 01:00:00,912.6153748799309,0.0,189.0,0.0
2025-10-12 01:30:00,930.589859394769,0.0,268.0,0.0
2025-10-12 02:00:00,1038.429397944028,0.0,285.0,0.0
2025-10-12 02:30:00,1044.715901820307,0.0,353.0,0.0
2025-10-12 03:00:00,1230.5555776770382,0.0,352.0,0.0
2025-10-12 03:30:00,999.9322589124655,0.0,338.0,0.0
2025-10-12 04:00:00,1025.4599151372968,0.0,290.0,0.0
2025-10-12 04:30:00,1096.460218233648,0.0,264.0,0.0
2025-10-12 05:00:00,990.2933187502223,0.0,222.0,0.0
2025-10-12 05:30:00,950.167092329742,0.0,270.0,0.0
2025-10-12 06:00:00,935.7716573362014,0.0,241.0,0.0
2025-10-12 06:30:00,792.3341776938576,0.0,150.0,0.0
2025-10-12 07:00:00,867.6800203502788,0.0,225.0,0.0
2025-10-12 07:30:00,980.8238140957221,0.0,247.0,0.0
2025-10-12 08:00:00,732.0897180149204,0.0,157.0,0.0
2025-10-12 08:30:00,647.3429075306738,0.0,178.0,0.0
2025-10-12 09:00:00,823.948784573173,0.0,274.0,0.0
2025-10-12 09:30:00,925.3830544771791,0.0,336.0,0.0
2025-10-12 10:00:00,959.2296477269601,0.0,400.0,0.0
2025-10-12 10:30:00,936.0362261232667,0.0,396.0,0.0
2025-10-12 11:00:00,868.9300783180626,0.0,360.0,0.0
2025-10-12 11:30:00,923.4888626834993,0.0,400.0,0.0
2025-10-12 12:00:00,825.4641727613829,0.0,400.0,0.0
2025-10-12 12:30:00,682.9588995784749,0.0,361.0,0.0
2025-10-12 13:00:00,771.4392217919864,0.0,367.0,0.0
2025-10-12 13:30:00,197.94196531695033,1.0,146.0,0.0
2025-10-12 14:00:00,206.08421882990962,1.0,156.0,0.0
2025-10-12 14:30:00,697.23853569554,0.0,341.0,0.0
2025-10-12 15:00:00,807.6306009270687,0.0,369.0,0.0
2025-10-12 15:30:00,982.0200939596236,0.0,415.0,0.0
2025-10-12 16:00:00,872.4172133084168,0.0,391.0,0.0
2025-10-12 16:30:00,904.998772769191,0.0,414.0,0.0
2025-10-12 17:00:00,1158.9001450761837,0.0,417.0,0.0
2025-10-12 17:30:00,904.4799325890743,0.0,309.0,0.0
2025-10-12 18:00:00,1033.96690596791,0.0,354.0,0.0
2025-10-12 18:30:00,1008.8612695826375,0.0,298.0,0.0
2025-10-12 19:00:00,993.8649447393956,0.0,280.0,0.0
2025-10-12 19:30:00,875.887359639858,0.0,277.0,0.0
2025-10-12 20:00:00,873.1044308394092,0.0,228.0,0.0
2025-10-12 20:30:00,808.6877406047066,0.0,166.0,0.0
2025-10-12 21:00:00,895.2505406879733,0.0,221.0,0.0
2025-10-12 21:30:00,953.7752400313218,0.0,222.0,0.0
2025-10-12 22:00:00,885.7518543197414,0.0,233.0,0.0
2025-10-12 22:30:00,978.9802455433769,0.0,250.99999999999997,0.0
2025-10-12 23:00:00,998.6571781948484,0.0,257.0,0.0
2025-10-12 23:30:00,911.375630748194,0.0,219.0,0.0
2025-10-13 00:00:00,1177.4670267863587,0.0,352.0,0.0
2025-10-13 00:30:00,924.4816392899012,0.0,250.0,0.0
2025-10-13 01:00:00,917.2460228690395,0.0,212.0,0.0
2025-10-13 01:30:00,1047.0506783089609,0.0,312.0,0.0
2025-10-13 02:00:00,1081.7383396586044,0.0,326.0,0.0
2025-10-13 02:30:00,1225.7016587315265,0.0,363.99999999999994,0.0
2025-10-13 03:00:00,1119.5309500162396,0.0,383.0,0.0
2025-10-13 03:30:00,1281.859138130058,0.0,393.0,0.0
2025-10-13 04:00:00,1215.7220063390298,0.0,358.0,0.0
2025-10-13 04:30:00,1279.0605752595523,0.0,395.0,0.0
2025-10-13 05:00:00,1409.9734891101327,0.0,402.00000000000006,0.0
2025-10-13 05:30:00,1149.7231878557739,0.0,343.0,0.0
2025-10-13 06:00:00,1281.3503589367206,0.0,345.0,0.0
2025-10-13 06:30:00,797.9433901607479,0.0,226.0,0.0
2025-10-13 07:00:00,1053.429946740195,0.0,332.0,0.0
2025-10-13 07:30:00,942.403143845193,0.0,264.0,0.0
2025-10-13 08:00:00,802.9727636600741,0.0,238.99999999999997,0.0
2025-10-13 08:30:00,972.8832524281145,0.0,319.0,0.0
2025-10-13 09:00:00,1323.6858730378053,0.0,409.0,0.0
2025-10-13 09:30:00,1415.2107156393838,0.0,474.0,0.0
2025-10-13 10:00:00,1367.3773583992586,0.0,468.00000000000006,0.0
2025-10-13 10:30:00,1418.7485878051366,0.0,468.0,0.0
2025-10-13 11:00:00,1509.46123348826,0.0,499.00000000000006,0.0
2025-10-13 11:30:00,1375.5246111151534,0.0,467.0,0.0
2025-10-13 12:00:00,1361.1001088924354,0.0,455.0,0.0
2025-10-13 12:30:00,1246.427884777928,0.0,426.0,0.0
2025-10-13 13:00:00,871.5335956144478,0.0,355.0,0.0
2025-10-13 13:30:00,822.8689630149413,0.0,273.0,0.0
2025-10-13 14:00:00,884.4800810106807,0.0,323.0,0.0
2025-10-13 14:30:00,1213.5917039432045,0.0,436.0,0.0
2025-10-13 15:00:00,1324.4831638289202,0.0,473.00000000000006,0.0
2025-10-13 15:30:00,1292.2938196499233,0.0,473.0,0.0
2025-10-13 16:00:00,1401.859651525392,0.0,419.0,0.0
2025-10-13 16:30:00,1337.4334180502242,0.0,475.0,0.0
2025-10-13 17:00:00,1407.5718078548996,0.0,465.0,0.0
2025-10-13 17:30:00,896.3479795039154,0.0,301.0,0.0
2025-10-13 18:00:00,1270.4714397150603,0.0,447.0,0.0
2025-10-13 18:30:00,1430.4301926511791,0.0,489.0,0.0
2025-10-13 19:00:00,1506.7143104771662,0.0,496.0,0.0
2025-10-13 19:30:00,1631.0832599194077,0.0,493.0,0.0
2025-10-13 20:00:00,1371.0593462322045,0.0,379.99999999999994,0.0
2025-10-13 20:30:00,1182.8322735703898,0.0,329.0,0.0
2025-10-13 21:00:00,1345.815142658831,0.0,401.0,0.0
2025-10-13 21:30:00,1352.6139628208437,0.0,444.00000000000006,0.0
2025-10-13 22:00:00,1413.3625088233393,0.0,426.0,0.0
2025-10-13 22:30:00,1462.3860550696104,0.0,448.0,0.0
2025-10-13 23:00:00,1502.7670613388034,0.0,463.0,0.0
2025-10-13 23:30:00,1384.1718809407362,0.0,405.99999999999994,0.0
2025-10-14 00:00:00,1394.344989383671,0.0,450.0,0.0
2025-10-14 00:30:00,1024.831891808357,0.0,278.0,0.0
2025-10-14 01:00:00,849.3217474070968,0.0,217.0,0.0
2025-10-14 01:30:00,1200.4791897618036,0.0,319.0,0.0
2025-10-14 02:00:00,1337.9852927666407,0.0,396.0,0.0
2025-10-14 02:30:00,1361.3725857085049,0.0,429.0,0.0
2025-10-14 03:00:00,1463.3005473793305,0.0,426.99999999999994,0.0
2025-10-14 03:30:00,1298.9469486670935,0.0,422.99999999999994,0.0
2025-10-14 04:00:00,1265.1226391399541,0.0,415.0,0.0
2025-10-14 04:30:00,1473.2200518179982,0.0,462.0,0.0
2025-10-14 05:00:00,1330.1442073703558,0.0,408.0,0.0
2025-10-14 05:30:00,1266.4376230130913,0.0,396.0,0.0
2025-10-14 06:00:00,1170.8181354791195,0.0,336.0,0.0
2025-10-14 06:30:00,821.679304647366,0.0,189.0,0.0
2025-10-14 07:00:00,1188.4879156400145,0.0,351.0,0.0
2025-10-14 07:30:00,1178.7935379716446,0.0,395.0,0.0
2025-10-14 08:00:00,938.1797328641985,0.0,289.0,0.0
2025-10-14 08:30:00,1000.8022100508502,0.0,340.0,0.0
2025-10-14 09:00:00,1332.6656144772076,0.0,507.0,0.0
2025-10-14 09:30:00,1386.419016681969,0.0,496.0,0.0
2025-10-14 10:00:00,1463.1581840534645,0.0,507.0,0.0
2025-10-14 10:30:00,1379.4103715536398,0.0,509.0,0.0
2025-10-14 11:00:00,1460.1720090950944,0.0,498.0,0.0
2025-10-14 11:30:00,1056.5553046787481,0.0,452.0,0.0
2025-10-14 12:00:00,966.8781398855718,0.0,437.0,0.0
2025-10-14 12:30:00,853.1006305110441,0.0,416.0,0.0
2025-10-14 13:00:00,787.5212936142469,0.0,357.0,0.0
2025-10-14 13:30:00,433.3998874914808,0.0,242.00000000000003,0.0
2025-10-14 14:00:00,519.4721120418968,0.0,283.0,0.0
2025-10-14 14:30:00,1174.6523421582192,0.0,479.0,0.0
2025-10-14 15:00:00,1250.888071660932,0.0,523.0,0.0
2025-10-14 15:30:00,1128.0593162036812,0.0,491.0,0.0
2025-10-14 16:00:00,996.3187462955144,0.0,462.0,0.0
2025-10-14 16:30:00,1128.744304889696,0.0,458.00000000000006,0.0
2025-10-14 17:00:00,1242.4397169659323,0.0,470.99999999999994,0.0
2025-10-14 17:30:00,882.5326974422835,0.0,318.0,0.0
2025-10-14 18:00:00,1392.6887273412349,0.0,469.0,0.0
2025-10-14 18:30:00,1460.8517360881413,0.0,495.0,0.0
2025-10-14 19:00:00,1557.6672249883195,0.0,498.00000000000006,0.0
2025-10-14 19:30:00,1378.0582308486587,0.0,472.0,0.0
2025-10-14 20:00:00,1169.9736852171445,0.0,372.0,0.0
2025-10-14 20:30:00,1040.1696946344678,0.0,342.0,0.0
2025-10-14 21:00:00,1295.569062698725,0.0,415.0,0.0
2025-10-14 21:30:00,1397.4926385673634,0.0,422.00000000000006,0.0
2025-10-14 22:00:00,1334.034727816336,0.0,429.0,0.0
2025-10-14 22:30:00,1292.074483507251,0.0,473.99999999999994,0.0
2025-10-14 23:00:00,1382.3731152726104,0.0,491.0,0.0
2025-10-14 23:30:00,1302.663492171892,0.0,420.0,0.0
2025-10-15 00:00:00,1109.0438062177752,0.0,324.0,0.0
2025-10-15 00:30:00,1013.9816112720986,0.0,249.0,0.0
2025-10-15 01:00:00,962.9468483629142,0.0,205.0,0.0
2025-10-15 01:30:00,1160.7844124879653,0.0,275.0,0.0
2025-10-15 02:00:00,1346.9992115025998,0.0,363.0,0.0
2025-10-15 02:30:00,1419.235988965589,0.0,395.0,0.0
2025-10-15 03:00:00,1404.441276553302,0.0,406.0,0.0
2025-10-15 03:30:00,1352.5155338438988,0.0,393.00000000000006,0.0
2025-10-15 04:00:00,1477.9134787006851,0.0,415.0,0.0
2025-10-15 04:30:00,1477.253251131062,0.0,412.0,0.0
2025-10-15 05:00:00,1388.1042871255431,0.0,341.0,0.0
2025-10-15 05:30:00,1280.431165101359,0.0,328.0,0.0
2025-10-15 06:00:00,1181.8939816802736,0.0,281.0,0.0
2025-10-15 06:30:00,795.8458561481756,0.0,198.0,0.0
2025-10-15 07:00:00,1177.9408319557037,0.0,361.0,0.0
2025-10-15 07:30:00,1288.8889231315604,0.0,355.0,0.0
2025-10-15 08:00:00,956.3977625817288,0.0,266.0,0.0
2025-10-15 08:30:00,908.9545557419657,0.0,294.0,0.0
2025-10-15 09:00:00,1283.789862651312,0.0,411.0,0.0
2025-10-15 09:30:00,1209.4564775538513,0.0,433.0,0.0
2025-10-15 10:00:00,1238.0215527212788,0.0,446.0,0.0
2025-10-15 10:30:00,1212.5124883965782,0.0,440.0,0.0
2025-10-15 11:00:00,989.5425906441162,0.0,420.0,0.0
2025-10-15 11:30:00,941.1079248348257,0.0,389.0,0.0
2025-10-15 12:00:00,1097.429080165031,0.0,417.0,0.0
2025-10-15 12:30:00,794.4072504740228,0.0,380.0,0.0
2025-10-15 13:00:00,773.4113017079569,0.0,342.0,0.0
2025-10-15 13:30:00,579.6774884553412,0.0,186.0,0.0
2025-10-15 14:00:00,594.600122260055,0.0,239.0,0.0
2025-10-15 14:30:00,995.0293464592796,0.0,450.0,0.0
2025-10-15 15:00:00,1311.0258323236314,0.0,513.0,0.0
2025-10-15 15:30:00,1438.3304434835638,0.0,460.99999999999994,0.0
2025-10-15 16:00:00,1286.38550759526,0.0,424.00000000000006,0.0
2025-10-15 16:30:00,1404.0147918332996,0.0,458.0,0.0
2025-10-15 17:00:00,1532.2585029638478,0.0,470.0,0.0
2025-10-15 17:30:00,811.8123611402613,0.0,278.0,0.0
2025-10-15 18:00:00,1468.915157636508,0.0,468.0,0.0
2025-10-15 18:30:00,1616.7628821240392,0.0,434.99999999999994,0.0
2025-10-15 19:00:00,1435.722950530098,0.0,461.0,0.0
2025-10-15 19:30:00,1418.1475853278266,0.0,425.0,0.0
2025-10-15 20:00:00,1124.9549732218215,0.0,313.0,0.0
2025-10-15 20:30:00,1061.0515979850384,0.0,292.0,0.0
2025-10-15 21:00:00,1292.0924165581068,0.0,363.0,0.0
2025-10-15 21:30:00,1582.2055133472638,0.0,432.0,0.0
2025-10-15 22:00:00,1540.9333533691013,0.0,411.0,0.0
2025-10-15 22:30:00,1353.8312562344358,0.0,388.0,0.0
2025-10-15 23:00:00,1521.788343191487,0.0,398.0,0.0
2025-10-15 23:30:00,1390.8697190322728,0.0,420.0,0.0
2025-10-16 00:00:00,1307.4824131761604,0.0,383.99999999999994,0.0
2025-10-16 00:30:00,1048.132655022729,0.0,260.0,0.0
2025-10-16 01:00:00,949.8519789095977,0.0,218.0,0.0
2025-10-16 01:30:00,1083.9170333292639,0.0,322.0,0.0
2025-10-16 02:00:00,1157.440609835735,0.0,354.0,0.0
2025-10-16 02:30:00,1208.165564535946,0.0,370.0,0.0
2025-10-16 03:00:00,1283.0542110167555,0.0,405.0,0.0
2025-10-16 03:30:00,1313.3298177801933,0.0,409.0,0.0
2025-10-16 04:00:00,1224.148421438606,0.0,419.00000000000006,0.0
2025-10-16 04:30:00,1347.1789702677468,0.0,377.99999999999994,0.0
2025-10-16 05:00:00,1378.6525971567328,0.0,370.0,0.0
2025-10-16 05:30:00,1280.421829249788,0.0,383.0,0.0
2025-10-16 06:00:00,1112.1617886109104,0.0,334.0,0.0
2025-10-16 06:30:00,888.1735629831725,0.0,228.99999999999997,0.0
2025-10-16 07:00:00,1177.3668489033985,0.0,363.0,0.0
2025-10-16 07:30:00,1233.0943520519886,0.0,359.0,0.0
2025-10-16 08:00:00,977.9095955893546,0.0,247.00000000000003,0.0
2025-10-16 08:30:00,649.1887761544158,0.0,186.0,0.0
2025-10-16 09:00:00,619.0479449252118,0.0,194.0,0.0
2025-10-16 09:30:00,913.2243768517872,0.0,327.0,0.0
2025-10-16 10:00:00,1029.1626820792746,0.0,421.0,0.0
2025-10-16 10:30:00,749.2765070125962,0.0,391.0,0.0
2025-10-16 11:00:00,1081.9448346822617,0.0,468.0,0.0
2025-10-16 11:30:00,981.75675561379,0.0,437.0,0.0
2025-10-16 12:00:00,883.8910293440688,0.0,400.0,0.0
2025-10-16 12:30:00,1045.150288316777,0.0,441.0,0.0
2025-10-16 13:00:00,935.5636233971749,0.0,361.0,0.0
2025-10-16 13:30:00,366.5242255010727,0.0,166.0,0.0
2025-10-16 14:00:00,443.4271321218088,0.0,156.0,0.0
2025-10-16 14:30:00,1022.5241382926647,0.0,368.0,0.0
2025-10-16 15:00:00,1089.5362233646858,0.0,423.0,0.0
2025-10-16 15:30:00,1035.837821981103,0.0,387.0,0.0
2025-10-16 16:00:00,1119.7958776702776,0.0,422.0,0.0
2025-10-16 16:30:00,1225.0432977482003,0.0,376.0,0.0
2025-10-16 17:00:00,1139.1089545596521,0.0,331.0,0.0
2025-10-16 17:30:00,914.898626619056,0.0,290.0,0.0
2025-10-16 18:00:00,827.7955246480585,0.0,225.0,0.0
2025-10-16 18:30:00,593.5443779153226,0.0,145.0,0.0
2025-10-16 19:00:00,643.8127666180161,0.0,144.0,0.0
2025-10-16 19:30:00,618.2179839640547,0.0,135.0,0.0
2025-10-16 20:00:00,606.6669799314969,0.0,140.0,0.0
2025-10-16 20:30:00,715.9971192745663,0.0,171.0,0.0
2025-10-16 21:00:00,772.3435913531109,0.0,214.0,0.0
2025-10-16 21:30:00,1055.1846846103972,0.0,337.0,0.0
2025-10-16 22:00:00,1234.5608010984404,0.0,407.0,0.0
2025-10-16 22:30:00,1337.660311864314,0.0,422.0,0.0
2025-10-16 23:00:00,1352.6251052736475,0.0,436.0,0.0
2025-10-16 23:30:00,1330.852603047235,0.0,418.0,0.0
2025-10-17 00:00:00,1198.1779064101718,0.0,367.0,0.0
2025-10-17 00:30:00,895.4386086846665,0.0,281.0,0.0
2025-10-17 01:00:00,895.8511748080041,0.0,254.0,0.0
2025-10-17 01:30:00,1047.9869473666686,0.0,309.0,0.0
2025-10-17 02:00:00,1038.808440986706,0.0,293.0,0.0
2025-10-17 02:30:00,1331.7214365823627,0.0,383.0,0.0
2025-10-17 03:00:00,1292.289112441709,0.0,402.99999999999994,0.0
2025-10-17 03:30:00,1194.527598407085,0.0,402.0,0.0
2025-10-17 04:00:00,1382.372139021243,0.0,456.0,0.0
2025-10-17 04:30:00,1302.5228636947909,0.0,395.00000000000006,0.0
2025-10-17 05:00:00,1006.0673939685794,0.0,305.0,0.0
2025-10-17 05:30:00,844.7452402367081,0.0,243.99999999999997,0.0
2025-10-17 06:00:00,688.4646875481752,0.0,158.0,0.0
2025-10-17 06:30:00,568.7495074560451,0.0,137.0,0.0
2025-10-17 07:00:00,583.0023777268727,0.0,105.0,0.0
2025-10-17 07:30:00,567.4525402873479,0.0,121.00000000000001,0.0
2025-10-17 08:00:00,599.6029859032662,0.0,146.0,0.0
2025-10-17 08:30:00,911.2265667765753,0.0,319.0,0.0
2025-10-17 09:00:00,1361.5767935883034,0.0,460.0,0.0
2025-10-17 09:30:00,1148.4132370864775,0.0,418.0,0.0
2025-10-17 10:00:00,1009.9839767927692,0.0,413.0,0.0
2025-10-17 10:30:00,1055.527760528622,0.0,450.0,0.0
2025-10-17 11:00:00,1109.0043772791453,0.0,477.0,0.0
2025-10-17 11:30:00,1052.4029904084052,0.0,479.0,0.0
2025-10-17 12:00:00,941.4467197880393,0.0,423.0,0.0
2025-10-17 12:30:00,960.4787892198277,0.0,435.0,0.0
2025-10-17 13:00:00,761.3692875434396,0.0,355.0,0.0
2025-10-17 13:30:00,280.10609614036065,0.0,225.0,0.0
2025-10-17 14:00:00,460.88172351188797,0.0,267.0,0.0
2025-10-17 14:30:00,868.0086668937653,0.0,383.0,0.0
2025-10-17 15:00:00,1355.9172807993905,0.0,506.0,0.0
2025-10-17 15:30:00,1088.4447478513812,0.0,459.0,0.0
2025-10-17 16:00:00,1421.1490533992428,0.0,493.0,0.0
2025-10-17 16:30:00,1236.677368211055,0.0,488.0,0.0
2025-10-17 17:00:00,1367.6252993389041,0.0,461.0,0.0
2025-10-17 17:30:00,1065.41288589612,0.0,303.0,0.0
2025-10-17 18:00:00,1470.672673944187,0.0,501.99999999999994,0.0
2025-10-17 18:30:00,1518.3874088035082,0.0,473.00000000000006,0.0
2025-10-17 19:00:00,1493.8496072839946,0.0,494.00000000000006,0.0
2025-10-17 19:30:00,1478.3577902334482,0.0,493.0,0.0
2025-10-17 20:00:00,1124.7424124613656,0.0,320.0,0.0
2025-10-17 20:30:00,1099.8918945085995,0.0,310.0,0.0
2025-10-17 21:00:00,1195.5706958805292,0.0,353.0,0.0
2025-10-17 21:30:00,1198.5313869897016,0.0,418.0,0.0
2025-10-17 22:00:00,1160.3895381487002,0.0,387.0,0.0
2025-10-17 22:30:00,1456.84907474429,0.0,447.0,0.0
2025-10-17 23:00:00,1444.4095950578528,0.0,406.00000000000006,0.0
2025-10-17 23:30:00,1296.8228703226926,0.0,453.0,0.0
2025-10-18 00:00:00,1039.8441436807645,0.0,236.0,0.0
2025-10-18 00:30:00,938.9065176646291,0.0,183.14893617021278,0.0
2025-10-18 01:00:00,1071.302533197843,0.0,293.06382978723406,0.0
2025-10-18 01:30:00,1329.7600512393624,0.0,399.10638297872333,0.0
2025-10-18 02:00:00,1344.1327280148728,0.0,399.59574468085106,0.0
2025-10-18 02:30:00,1511.043922019473,0.0,413.2978723404255,0.0
2025-10-18 03:00:00,1455.8231509400632,0.0,457.74468085106383,0.0
2025-10-18 03:30:00,1411.72096624399,0.0,379.7446808510639,0.0
2025-10-18 04:00:00,1234.3406460433432,0.0,379.93617021276594,0.0
2025-10-18 04:30:00,1326.988145819909,0.0,378.95744680851067,0.0
2025-10-18 05:00:00,1288.0511059983778,0.0,359.1063829787234,0.0
2025-10-18 05:30:00,1116.4937997779532,0.0,325.6595744680851,0.0
2025-10-18 06:00:00,982.9895047238731,0.0,231.36170212765956,0.0
2025-10-18 06:30:00,1187.8450899192558,0.0,286.63829787234044,0.0
2025-10-18 07:00:00,1232.2581291510758,0.0,363.9361702127659,0.0
2025-10-18 07:30:00,1038.4895293801108,0.0,295.85106382978734,0.0
2025-10-18 08:00:00,1002.0333422881338,0.0,282.04255319148933,0.0
2025-10-18 08:30:00,983.2277760161724,0.0,345.1489361702126,0.0
2025-10-18 09:00:00,1096.7969960869227,0.0,404.4680851063829,0.0
2025-10-18 09:30:00,1169.3921826095807,0.0,434.7234042553191,0.0
2025-10-18 10:00:00,1031.7218097625137,0.0,431.6595744680851,0.0
2025-10-18 10:30:00,958.8944038997677,0.0,410.72340425531917,0.0
2025-10-18 11:00:00,1009.6159836937187,0.0,388.29787234042556,0.0
2025-10-18 11:30:00,1189.7601970089436,0.0,417.82978723404256,0.0
2025-10-18 12:00:00,1239.3870032761167,0.0,455.51063829787233,0.0
2025-10-18 12:30:00,1230.7457946306786,0.0,423.6382978723404,0.0
2025-10-18 13:00:00,771.8044853986078,0.0,311.14893617021266,0.0
2025-10-18 13:30:00,389.77833460946715,0.0,198.1276595744682,0.0
2025-10-18 14:00:00,430.46818222223374,0.0,255.65957446808463,0.0
2025-10-18 14:30:00,910.8227127903469,0.0,418.5106382978721,0.0
2025-10-18 15:00:00,1112.065167698702,0.0,467.1063829787235,0.0
2025-10-18 15:30:00,1246.0613754537244,0.0,435.06382978723406,0.0
2025-10-18 16:00:00,1189.881782815115,0.0,445.46808510638294,0.0
2025-10-18 16:30:00,1014.3480930444578,0.0,387.38297872340524,0.0
2025-10-18 17:00:00,589.3443783396493,0.0,208.36170212765984,0.0
2025-10-18 17:30:00,627.9721481137228,0.0,174.6170212765955,0.0
2025-10-18 18:00:00,890.4296889610853,0.0,232.55319148936164,0.0
2025-10-18 18:30:00,994.6042429476691,0.0,252.72340425531917,0.0
2025-10-18 19:00:00,910.1581786641267,0.0,245.31914893617028,0.0
2025-10-18 19:30:00,938.3295130995389,0.0,233.14893617021278,0.0
2025-10-18 20:00:00,881.0520041017543,0.0,240.0212765957445,0.0
2025-10-18 20:30:00,1139.272234842994,0.0,314.1063829787232,0.0
2025-10-18 21:00:00,1417.5406025309562,0.0,390.1063829787234,0.0
2025-10-18 21:30:00,1260.0355850079961,0.0,387.68085106382983,0.0
2025-10-18 22:00:00,1231.8464986244765,0.0,354.6808510638298,0.0
2025-10-18 22:30:00,1312.8184190986276,0.0,393.1489361702128,0.0
2025-10-18 23:00:00,1295.215648154984,0.0,374.4893617021276,0.0
2025-10-18 23:30:00,1368.4205281938725,0.0,397.00000000000006,0.0
2025-10-19 00:00:00,1341.1185289517307,0.0,411.0,0.0
2025-10-19 00:30:00,1075.7617353614103,0.0,319.0,0.0
2025-10-19 01:00:00,918.8903846409869,0.0,253.0,0.0
2025-10-19 01:30:00,928.7479334406372,0.0,282.0,0.0
2025-10-19 02:00:00,1075.3357516784488,0.0,276.0,0.0
2025-10-19 02:30:00,1194.7921178054298,0.0,368.0,0.0
2025-10-19 03:00:00,1313.143980018481,0.0,344.0,0.0
2025-10-19 03:30:00,1173.5807470426516,0.0,352.0,0.0
2025-10-19 04:00:00,1140.8131739807486,0.0,338.0,0.0
2025-10-19 04:30:00,1178.157144669305,0.0,330.0,0.0
2025-10-19 05:00:00,980.3423367900209,0.0,247.00000000000003,0.0
2025-10-19 05:30:00,943.1481350621934,0.0,228.0,0.0
2025-10-19 06:00:00,858.066394485887,0.0,247.0,0.0
2025-10-19 06:30:00,673.8939860429258,0.0,142.0,0.0
2025-10-19 07:00:00,828.4214243028623,0.0,229.0,0.0
2025-10-19 07:30:00,769.1833155536931,0.0,195.0,0.0
2025-10-19 08:00:00,646.2311264613375,0.0,169.0,0.0
2025-10-19 08:30:00,619.8507022249156,0.0,173.0,0.0
2025-10-19 09:00:00,804.4338267226694,0.0,266.0,0.0
2025-10-19 09:30:00,1065.7667830141659,0.0,423.0,0.0
2025-10-19 10:00:00,1171.9050880416282,0.0,425.0,0.0
2025-10-19 10:30:00,1143.0861494281296,0.0,439.0,0.0
2025-10-19 11:00:00,1012.1054991528797,0.0,413.0,0.0
2025-10-19 11:30:00,1011.7233992352295,0.0,397.0,0.0
2025-10-19 12:00:00,827.908064299796,0.0,445.0,0.0
2025-10-19 12:30:00,893.7525159818873,0.0,455.99999999999994,0.0
2025-10-19 13:00:00,807.351360447934,0.0,354.0,0.0
2025-10-19 13:30:00,300.31765668474304,0.0,165.0,0.0
2025-10-19 14:00:00,380.0261741506763,0.0,175.0,0.0
2025-10-19 14:30:00,964.6842354839049,0.0,408.0,0.0
2025-10-19 15:00:00,1134.7146152706594,0.0,428.0,0.0
2025-10-19 15:30:00,1289.7054614502074,0.0,454.0,0.0
2025-10-19 16:00:00,1434.4692592669094,0.0,518.0,0.0
2025-10-19 16:30:00,1284.0077335994997,0.0,462.0,0.0
2025-10-19 17:00:00,1447.4141161779166,0.0,443.99999999999994,0.0
2025-10-19 17:30:00,1186.635834177991,0.0,292.0,0.0
2025-10-19 18:00:00,1181.9541579080965,0.0,364.0,0.0
2025-10-19 18:30:00,890.4416319495874,0.0,288.0,0.0
2025-10-19 19:00:00,989.0437689077254,0.0,279.0,0.0
2025-10-19 19:30:00,845.7210354518353,0.0,217.0,0.0
2025-10-19 20:00:00,659.2793345707793,0.0,165.0,0.0
2025-10-19 20:30:00,660.955872084903,0.0,188.0,0.0
2025-10-19 21:00:00,936.3700319826797,0.0,282.0,0.0
2025-10-19 21:30:00,1023.5161337907666,0.0,263.0,0.0
2025-10-19 22:00:00,825.6455988661419,0.0,225.00000000000003,0.0
2025-10-19 22:30:00,1020.3876020856312,0.0,270.0,0.0
2025-10-19 23:00:00,1061.8808872506586,0.0,261.0,0.0
2025-10-19 23:30:00,971.3202339275094,0.0,281.0,0.0
2025-10-20 00:00:00,1018.0083266683577,0.0,273.0,0.0
2025-10-20 00:30:00,609.3221296302974,0.0,157.0,0.0
2025-10-20 01:00:00,623.4418289881886,0.0,136.0,0.0
2025-10-20 01:30:00,860.6413629984962,0.0,233.0,0.0
2025-10-20 02:00:00,1074.862280376731,0.0,283.0,0.0
2025-10-20 02:30:00,1001.5965354646125,0.0,274.0,0.0
2025-10-20 03:00:00,999.4768080318216,0.0,259.0,0.0
2025-10-20 03:30:00,1094.2617402136248,0.0,254.0,0.0
2025-10-20 04:00:00,983.697547950006,0.0,286.0,0.0
2025-10-20 04:30:00,974.8781523595652,0.0,300.0,0.0
2025-10-20 05:00:00,885.7226607519534,0.0,263.0,0.0
2025-10-20 05:30:00,887.6901070169572,0.0,269.0,0.0
2025-10-20 06:00:00,846.5495213948379,0.0,252.0,0.0
2025-10-20 06:30:00,699.6229079572427,0.0,171.0,0.0
2025-10-20 07:00:00,848.7498639062015,0.0,224.0,0.0
2025-10-20 07:30:00,891.3741612528258,0.0,236.0,0.0
2025-10-20 08:00:00,732.9895490924329,0.0,213.0,0.0
2025-10-20 08:30:00,856.1644937310487,0.0,323.0,0.0
2025-10-20 09:00:00,1146.5841251821353,0.0,408.0,0.0
2025-10-20 09:30:00,1169.03921351226,0.0,455.0,0.0
2025-10-20 10:00:00,1006.9375291017179,0.0,407.0,0.0
2025-10-20 10:30:00,902.4253793482592,0.0,427.0,0.0
2025-10-20 11:00:00,817.4164626906095,0.0,394.0,0.0
2025-10-20 11:30:00,942.6976146412512,0.0,424.0,0.0
2025-10-20 12:00:00,1011.0028568709176,0.0,465.0,0.0
2025-10-20 12:30:00,809.4791858439613,0.0,407.00000000000006,0.0
2025-10-20 13:00:00,616.3711294033027,0.0,332.0,0.0
2025-10-20 13:30:00,457.8725165783156,0.0,276.0,0.0
2025-10-20 14:00:00,553.2824683373174,0.0,295.0,0.0
2025-10-20 14:30:00,882.3795461514344,0.0,453.00000000000006,0.0
2025-10-20 15:00:00,1097.2773787514259,0.0,405.0,0.0
2025-10-20 15:30:00,1255.1589015174309,0.0,449.00000000000006,0.0
2025-10-20 16:00:00,1500.2557530783351,0.0,514.0,0.0
2025-10-20 16:30:00,1533.286657821931,0.0,472.00000000000006,0.0
2025-10-20 17:00:00,1299.7660461031157,0.0,503.0,0.0
2025-10-20 17:30:00,981.8296615095351,0.0,329.0,0.0
2025-10-20 18:00:00,1373.1294848437997,0.0,452.0,0.0
2025-10-20 18:30:00,1373.0274706256955,0.0,471.0,0.0
2025-10-20 19:00:00,1538.1682252142223,0.0,500.0,0.0
2025-10-20 19:30:00,1525.908465744927,0.0,480.0,0.0
2025-10-20 20:00:00,1052.227237183902,0.0,341.0,0.0
2025-10-20 20:30:00,1043.2851424279859,0.0,353.0,0.0
2025-10-20 21:00:00,1265.8487081279961,0.0,396.99999999999994,0.0
2025-10-20 21:30:00,1528.3381340218932,0.0,463.0,0.0
2025-10-20 22:00:00,1365.0582769755993,0.0,476.0,0.0
2025-10-20 22:30:00,1394.1056389485884,0.0,441.0,0.0
2025-10-20 23:00:00,1470.5809721539972,0.0,428.0,0.0
2025-10-20 23:30:00,1289.954724846405,0.0,456.99999999999994,0.0
2025-10-21 00:00:00,1376.3501690906398,0.0,417.0,0.0
2025-10-21 00:30:00,913.0658318472133,0.0,267.0,0.0
2025-10-21 01:00:00,826.5786228354112,0.0,228.99999999999997,0.0
2025-10-21 01:30:00,1135.3610943412305,0.0,285.0,0.0
2025-10-21 02:00:00,1390.7835124000355,0.0,400.0,0.0
2025-10-21 02:30:00,1317.3993546201168,0.0,430.0,0.0
2025-10-21 03:00:00,1330.2659614553627,0.0,426.0,0.0
2025-10-21 03:30:00,1257.8991906137724,0.0,413.0,0.0
2025-10-21 04:00:00,1392.1518094164041,0.0,391.0,0.0
2025-10-21 04:30:00,1611.2207044401473,0.0,407.0,0.0
2025-10-21 05:00:00,1519.537994426037,0.0,431.99999999999994,0.0
2025-10-21 05:30:00,1291.9330641582953,0.0,386.0,0.0
2025-10-21 06:00:00,1398.338000554737,0.0,404.0,0.0
2025-10-21 06:30:00,814.0468106320013,0.0,193.0,0.0
2025-10-21 07:00:00,1204.8580817243142,0.0,356.0,0.0
2025-10-21 07:30:00,1335.730874946734,0.0,404.0,0.0
2025-10-21 08:00:00,1227.094477834787,0.0,351.0,0.0
2025-10-21 08:30:00,1143.8269895909013,0.0,302.0,0.0
2025-10-21 09:00:00,1516.0015836782059,0.0,485.0,0.0
2025-10-21 09:30:00,1498.2056164006124,0.0,450.0,0.0
2025-10-21 10:00:00,1457.1009345611246,0.0,464.0,0.0
2025-10-21 10:30:00,1570.2618497879685,0.0,469.99999999999994,0.0
2025-10-21 11:00:00,1451.993795167894,0.0,472.00000000000006,0.0
2025-10-21 11:30:00,1243.867146797505,0.0,472.0,0.0
2025-10-21 12:00:00,1129.0020422256296,0.0,426.0,0.0
2025-10-21 12:30:00,1189.341962043835,0.0,426.0,0.0
2025-10-21 13:00:00,971.337256268421,0.0,342.0,0.0
2025-10-21 13:30:00,696.7371939545507,0.0,197.0,0.0
2025-10-21 14:00:00,622.3967435047432,0.0,238.0,0.0
2025-10-21 14:30:00,1249.5418543620062,0.0,429.0,0.0
2025-10-21 15:00:00,1221.6590853070222,0.0,411.99999999999994,0.0
2025-10-21 15:30:00,1217.7626510275738,0.0,432.0,0.0
2025-10-21 16:00:00,1332.18202050668,0.0,411.0,0.0
2025-10-21 16:30:00,1215.2136428557549,0.0,434.0,0.0
2025-10-21 17:00:00,1162.5153166369614,0.0,421.0,0.0
2025-10-21 17:30:00,927.2072909984633,0.0,274.0,0.0
2025-10-21 18:00:00,1400.6576382758449,0.0,448.0,0.0
2025-10-21 18:30:00,1387.0660243728494,0.0,491.00000000000006,0.0
2025-10-21 19:00:00,1541.0412272427645,0.0,445.0,0.0
2025-10-21 19:30:00,1347.9625434565246,0.0,424.0,0.0
2025-10-21 20:00:00,1227.2498643276904,0.0,294.0,0.0
2025-10-21 20:30:00,984.1608489560637,0.0,304.0,0.0
2025-10-21 21:00:00,1231.888548763421,0.0,388.0,0.0
2025-10-21 21:30:00,1193.236481138191,0.0,368.0,0.0
2025-10-21 22:00:00,1362.9483046129849,0.0,424.00000000000006,0.0
2025-10-21 22:30:00,1394.0113019595485,0.0,372.0,0.0
2025-10-21 23:00:00,1480.056789424416,0.0,449.0,0.0
2025-10-21 23:30:00,1415.990801285876,0.0,434.0,0.0
2025-10-22 00:00:00,1435.9587115315237,0.0,452.0,0.0
2025-10-22 00:30:00,1164.934294352223,0.0,303.0,0.0
2025-10-22 01:00:00,931.6834010893444,0.0,211.0,0.0
2025-10-22 01:30:00,1146.830741756663,0.0,321.0,0.0
2025-10-22 02:00:00,1378.7516594770009,0.0,421.0,0.0
2025-10-22 02:30:00,1623.1456727459793,0.0,444.0,0.0
2025-10-22 03:00:00,1470.5918270013285,0.0,375.0,0.0
2025-10-22 03:30:00,1445.3968293522628,0.0,433.0,0.0
2025-10-22 04:00:00,1568.301546635322,0.0,469.99999999999994,0.0
2025-10-22 04:30:00,1520.1027451171055,0.0,436.00000000000006,0.0
2025-10-22 05:00:00,1407.3842099563865,0.0,483.0,0.0
2025-10-22 05:30:00,1452.7572119828292,0.0,406.0,0.0
2025-10-22 06:00:00,1254.6953993429304,0.0,354.0,0.0
2025-10-22 06:30:00,943.296641707243,0.0,219.0,0.0
2025-10-22 07:00:00,1130.2179082507755,0.0,350.0,0.0
2025-10-22 07:30:00,1144.0242759657806,0.0,390.0,0.0
2025-10-22 08:00:00,943.3913196643942,0.0,303.0,0.0
2025-10-22 08:30:00,1029.0270353785183,0.0,346.0,0.0
2025-10-22 09:00:00,1319.9774018529179,0.0,478.0,0.0
2025-10-22 09:30:00,1347.551559304958,0.0,504.00000000000006,0.0
2025-10-22 10:00:00,1277.624342899895,0.0,464.0,0.0
2025-10-22 10:30:00,1115.0718417189426,0.0,466.0,0.0
2025-10-22 11:00:00,1004.820830879489,0.0,485.0,0.0
2025-10-22 11:30:00,1158.5985192825574,0.0,489.0,0.0
2025-10-22 12:00:00,1041.2462342073984,0.0,440.0,0.0
2025-10-22 12:30:00,1078.5241606038546,0.0,423.0,0.0
2025-10-22 13:00:00,834.461362346832,0.0,406.0,0.0
2025-10-22 13:30:00,506.0769358950441,0.0,242.0,0.0
2025-10-22 14:00:00,699.2932542452133,0.0,267.0,0.0
2025-10-22 14:30:00,1246.4744783010883,0.0,449.0,0.0
2025-10-22 15:00:00,1014.9408846690159,0.0,469.0,0.0
2025-10-22 15:30:00,1019.5230386179812,0.0,479.0,0.0
2025-10-22 16:00:00,1287.88662102615,0.0,452.0,0.0
2025-10-22 16:30:00,1224.0625706616227,0.0,453.0,0.0
2025-10-22 17:00:00,1441.0836105661726,0.0,500.0,0.0
2025-10-22 17:30:00,877.5976013826057,0.0,280.0,0.0
2025-10-22 18:00:00,1373.0671246920226,0.0,461.0,0.0
2025-10-22 18:30:00,1418.6806706836815,0.0,449.00000000000006,0.0
2025-10-22 19:00:00,1545.6770698634127,0.0,451.00000000000006,0.0
2025-10-22 19:30:00,1505.197174547639,0.0,452.99999999999994,0.0
2025-10-22 20:00:00,1214.2953915710011,0.0,311.00000000000006,0.0
2025-10-22 20:30:00,1177.9368382700482,0.0,345.0,0.0
2025-10-22 21:00:00,1466.8432400735273,0.0,405.0,0.0
2025-10-22 21:30:00,1604.084294150227,0.0,428.0,0.0
2025-10-22 22:00:00,1538.8136470052164,0.0,424.0,0.0
2025-10-22 22:30:00,1412.6085607483335,0.0,413.0,0.0
2025-10-22 23:00:00,1611.3634083379393,0.0,490.99999999999994,0.0
2025-10-22 23:30:00,1501.109235629586,0.0,460.0,0.0
2025-10-23 00:00:00,1376.089177087055,0.0,357.0,0.0
2025-10-23 00:30:00,983.2898505241508,0.0,231.0,0.0
2025-10-23 01:00:00,866.7852336503227,0.0,169.0,0.0
2025-10-23 01:30:00,1090.141186593156,0.0,267.0,0.0
2025-10-23 02:00:00,1284.0436321359432,0.0,331.0,0.0
2025-10-23 02:30:00,1364.125064201303,0.0,380.0,0.0
2025-10-23 03:00:00,1448.0556462334807,0.0,393.00000000000006,0.0
2025-10-23 03:30:00,1452.0395816908665,0.0,429.0,0.0
2025-10-23 04:00:00,1424.6973984579356,0.0,423.0,0.0
2025-10-23 04:30:00,1406.9923522506422,0.0,380.0,0.0
2025-10-23 05:00:00,1176.069241045711,0.0,331.0,0.0
2025-10-23 05:30:00,1230.3180502592422,0.0,377.0,0.0
2025-10-23 06:00:00,1144.9194412469053,0.0,346.0,0.0
2025-10-23 06:30:00,745.0267409937574,0.0,171.0,0.0
2025-10-23 07:00:00,1044.9194590764082,0.0,296.0,0.0
2025-10-23 07:30:00,1418.846290063383,0.0,409.99999999999994,0.0
2025-10-23 08:00:00,1077.4705160040594,0.0,295.0,0.0
2025-10-23 08:30:00,1104.899908642547,0.0,319.0,0.0
2025-10-23 09:00:00,1432.2109386366233,0.0,445.0,0.0
2025-10-23 09:30:00,1547.1103520346983,0.0,486.0,0.0
2025-10-23 10:00:00,1218.812077015627,0.0,441.0,0.0
2025-10-23 10:30:00,1358.0026482330554,0.0,458.99999999999994,0.0
2025-10-23 11:00:00,1374.9444114899632,0.0,494.0,0.0
2025-10-23 11:30:00,1219.6612778498297,0.0,481.00000000000006,0.0
2025-10-23 12:00:00,1153.391220666716,0.0,489.0,0.0
2025-10-23 12:30:00,1068.9434324947474,0.0,453.0,0.0
2025-10-23 13:00:00,1036.5511723089016,0.0,404.0,0.0
2025-10-23 13:30:00,403.44633722695124,0.0,230.0,0.0
2025-10-23 14:00:00,504.1124721895823,0.0,269.0,0.0
2025-10-23 14:30:00,1301.160995966167,0.0,464.0,0.0
2025-10-23 15:00:00,952.6365362211876,0.0,438.0,0.0
2025-10-23 15:30:00,1445.36203964039,0.0,497.00000000000006,0.0
2025-10-23 16:00:00,1375.3189426535123,0.0,530.0,0.0
2025-10-23 16:30:00,1571.4739509337276,0.0,530.0,0.0
2025-10-23 17:00:00,1496.049699549817,0.0,535.0,0.0
2025-10-23 17:30:00,967.4679265852708,0.0,312.0,0.0
2025-10-23 18:00:00,1523.5800209861857,0.0,465.0,0.0
2025-10-23 18:30:00,1632.8261999900585,0.0,535.0,0.0
2025-10-23 19:00:00,1552.7718457854185,0.0,523.0,0.0
2025-10-23 19:30:00,1555.3091418884392,0.0,496.00000000000006,0.0
2025-10-23 20:00:00,1290.668836912513,0.0,384.0,0.0
2025-10-23 20:30:00,1172.724334419414,0.0,298.0,0.0
2025-10-23 21:00:00,1431.9214190371167,0.0,441.0,0.0
2025-10-23 21:30:00,1534.8952958203365,0.0,431.0,0.0
2025-10-23 22:00:00,1408.2305154177188,0.0,401.0,0.0
2025-10-23 22:30:00,1501.1451458424272,0.0,403.0,0.0
2025-10-23 23:00:00,1362.5594351666846,0.0,400.00000000000006,0.0
2025-10-23 23:30:00,1259.8700387294207,0.0,406.0,0.0
2025-10-24 00:00:00,1209.647206221463,0.0,367.0,0.0
2025-10-24 00:30:00,1036.3433972628702,0.0,234.0,0.0
2025-10-24 01:00:00,820.8447714918366,0.0,165.0,0.0
2025-10-24 01:30:00,1035.2413607369836,0.0,277.0,0.0
2025-10-24 02:00:00,1134.5791739417734,0.0,344.0,0.0
2025-10-24 02:30:00,1455.7146324762366,0.0,405.99999999999994,0.0
2025-10-24 03:00:00,1445.044327082176,0.0,404.0,0.0
2025-10-24 03:30:00,1263.5836981136065,0.0,380.0,0.0
2025-10-24 04:00:00,1216.330306461904,0.0,338.0,0.0
2025-10-24 04:30:00,1188.977253043309,0.0,319.00000000000006,0.0
2025-10-24 05:00:00,1130.4404685213153,0.0,342.0,0.0
2025-10-24 05:30:00,1154.1432726455469,0.0,318.0,0.0
2025-10-24 06:00:00,1178.6226019328492,0.0,363.0,0.0
2025-10-24 06:30:00,907.3056276901028,0.0,174.0,0.0
2025-10-24 07:00:00,1268.8933802953077,0.0,363.0,0.0
2025-10-24 07:30:00,1114.970332070423,0.0,310.0,0.0
2025-10-24 08:00:00,943.5850712765478,0.0,235.0,0.0
2025-10-24 08:30:00,953.9484779604397,0.0,266.0,0.0
2025-10-24 09:00:00,1020.3587469316799,0.0,364.0,0.0
2025-10-24 09:30:00,1012.201644087417,0.0,373.0,0.0
2025-10-24 10:00:00,1053.6714817411478,0.0,385.0,0.0
2025-10-24 10:30:00,1058.9781452174163,0.0,397.0,0.0
2025-10-24 11:00:00,958.3872166529111,0.0,452.0,0.0
2025-10-24 11:30:00,1192.2888970054278,0.0,419.0,0.0
2025-10-24 12:00:00,1108.4134594095156,0.0,434.0,0.0
2025-10-24 12:30:00,874.6061372869746,0.0,403.0,0.0
2025-10-24 13:00:00,848.6383621066692,0.0,332.0,0.0
2025-10-24 13:30:00,578.1969046865623,0.0,232.0,0.0
2025-10-24 14:00:00,683.4761772068333,0.0,258.0,0.0
2025-10-24 14:30:00,834.7486220047869,0.0,396.0,0.0
2025-10-24 15:00:00,1156.0004423760593,0.0,452.0,0.0
2025-10-24 15:30:00,1058.8800140330354,0.0,383.0,0.0
2025-10-24 16:00:00,1193.040762523761,0.0,460.00000000000006,0.0
2025-10-24 16:30:00,1341.9050257270371,0.0,465.0,0.0
2025-10-24 17:00:00,1223.596922443253,0.0,439.0,0.0
2025-10-24 17:30:00,901.7957690014947,0.0,256.0,0.0
2025-10-24 18:00:00,1254.2776804707335,0.0,398.00000000000006,0.0
2025-10-24 18:30:00,1462.1039925129444,0.0,476.0,0.0
2025-10-24 19:00:00,1451.8682673985993,0.0,431.0,0.0
2025-10-24 19:30:00,1313.7943121941312,0.0,378.0,0.0
2025-10-24 20:00:00,1085.9972450448374,0.0,287.99999999999994,0.0
2025-10-24 20:30:00,995.5322592587249,0.0,323.0,0.0
2025-10-24 21:00:00,1185.7183868493871,0.0,388.0,0.0
2025-10-24 21:30:00,1338.9890801893453,0.0,396.0,0.0
2025-10-24 22:00:00,1235.8241254872316,0.0,369.0,0.0
2025-10-24 22:30:00,1403.268351310499,0.0,413.0,0.0
2025-10-24 23:00:00,1464.0421604463684,0.0,403.0,0.0
2025-10-24 23:30:00,1419.9876798573218,0.0,400.0,0.0
2025-10-25 00:00:00,1064.4551555092055,0.0,236.0,0.0
2025-10-25 00:30:00,989.555985562459,0.0,183.14893617021278,0.0
2025-10-25 01:00:00,1082.8433661118738,0.0,293.06382978723406,0.0
2025-10-25 01:30:00,1375.885114368872,0.0,399.10638297872333,0.0
2025-10-25 02:00:00,1348.3783087869256,0.0,399.595744680851,0.0
2025-10-25 02:30:00,1379.0029278652012,0.0,413.29787234042556,0.0
2025-10-25 03:00:00,1391.2977562535766,0.0,457.74468085106383,0.0
2025-10-25 03:30:00,1281.262900765106,0.0,379.7446808510639,0.0
2025-10-25 04:00:00,1391.3606066300492,0.0,379.93617021276594,0.0
2025-10-25 04:30:00,1326.6913917156176,0.0,378.95744680851067,0.0
2025-10-25 05:00:00,1377.6158565630226,0.0,359.1063829787235,0.0
2025-10-25 05:30:00,1235.9263741712255,0.0,325.6595744680851,0.0
2025-10-25 06:00:00,995.7383785985513,0.0,231.36170212765956,0.0
2025-10-25 06:30:00,1217.6029664891998,0.0,286.63829787234044,0.0
2025-10-25 07:00:00,1280.0289107025496,0.0,363.93617021276583,0.0
2025-10-25 07:30:00,1181.4290753932519,0.0,295.85106382978734,0.0
2025-10-25 08:00:00,988.042283857524,0.0,282.04255319148933,0.0
2025-10-25 08:30:00,1033.1145837393615,0.0,345.1489361702126,0.0
2025-10-25 09:00:00,1076.98518431341,0.0,404.4680851063829,0.0
2025-10-25 09:30:00,1232.2797161505903,0.0,434.7234042553191,0.0
2025-10-25 10:00:00,1061.4619814848136,0.0,431.6595744680851,0.0
2025-10-25 10:30:00,1083.9702509364893,0.0,410.7234042553191,0.0
2025-10-25 11:00:00,976.4559152897571,0.0,388.29787234042556,0.0
2025-10-25 11:30:00,1293.2352683069375,0.0,417.82978723404256,0.0
2025-10-25 12:00:00,1475.0777296032156,0.0,455.51063829787233,0.0
2025-10-25 12:30:00,1292.079384735688,0.0,423.6382978723404,0.0
2025-10-25 13:00:00,789.2567610772793,0.0,311.14893617021266,0.0
2025-10-25 13:30:00,372.43455561274686,0.0,198.1276595744682,0.0
2025-10-25 14:00:00,459.2658810440104,0.0,255.65957446808466,0.0
2025-10-25 14:30:00,823.0524859211927,0.0,418.5106382978721,0.0
2025-10-25 15:00:00,1064.6503073242625,0.0,467.1063829787235,0.0
2025-10-25 15:30:00,1197.5511404232368,0.0,435.06382978723406,0.0
2025-10-25 16:00:00,1202.5464605822244,0.0,445.46808510638294,0.0
2025-10-25 16:30:00,960.2848824037598,0.0,387.38297872340524,0.0
2025-10-25 17:00:00,564.1818320542872,0.0,208.36170212765984,0.0
2025-10-25 17:30:00,604.3216914958911,0.0,174.6170212765955,0.0
2025-10-25 18:00:00,810.9218624121689,0.0,232.55319148936164,0.0
2025-10-25 18:30:00,904.6120201392353,0.0,252.7234042553192,0.0
2025-10-25 19:00:00,949.0963615452175,0.0,245.31914893617025,0.0
2025-10-25 19:30:00,1014.6213684162947,0.0,233.14893617021278,0.0
2025-10-25 20:00:00,930.151455444511,0.0,240.0212765957445,0.0
2025-10-25 20:30:00,970.3830784541265,0.0,314.1063829787232,0.0
2025-10-25 21:00:00,1338.811189051082,0.0,390.10638297872345,0.0
2025-10-25 21:30:00,1294.2669321583305,0.0,387.68085106382983,0.0
2025-10-25 22:00:00,1284.6226614015798,0.0,354.6808510638297,0.0
2025-10-25 22:30:00,1396.9700867251006,0.0,393.1489361702128,0.0
2025-10-25 23:00:00,1176.0501150740397,0.0,374.48936170212767,0.0
2025-10-25 23:30:00,1267.6338530939186,0.0,397.0,0.0
2025-10-26 00:00:00,1161.1871428670836,0.0,351.0,0.0
2025-10-26 00:30:00,970.8293525889184,0.0,236.0,0.0
2025-10-26 01:00:00,914.9631686813042,0.0,189.0,0.0
2025-10-26 01:30:00,1029.3318648107818,0.0,268.0,0.0
2025-10-26 02:00:00,970.8871301471405,0.0,285.0,0.0
2025-10-26 02:30:00,1209.0680147169592,0.0,353.0,0.0
2025-10-26 03:00:00,1254.3694241419996,0.0,352.00000000000006,0.0
2025-10-26 03:30:00,1249.6268149857826,0.0,338.0,0.0
2025-10-26 04:00:00,1101.0546351554217,0.0,290.0,0.0
2025-10-26 04:30:00,1065.065483226366,0.0,264.0,0.0
2025-10-26 05:00:00,900.7100387072277,0.0,222.0,0.0
2025-10-26 05:30:00,996.7865163539179,0.0,270.0,0.0
2025-10-26 06:00:00,957.3959445347256,0.0,241.0,0.0
2025-10-26 06:30:00,750.1279308277831,0.0,150.0,0.0
2025-10-26 07:00:00,864.5101518513065,0.0,225.0,0.0
2025-10-26 07:30:00,902.7129626901506,0.0,246.99999999999997,0.0
2025-10-26 08:00:00,769.2335006587484,0.0,157.0,0.0
2025-10-26 08:30:00,639.3302182736437,0.0,178.0,0.0
2025-10-26 09:00:00,775.7275472625441,0.0,274.0,0.0
2025-10-26 09:30:00,921.8034450174595,0.0,336.0,0.0
2025-10-26 10:00:00,1009.8442611759717,0.0,400.0,0.0
2025-10-26 10:30:00,907.2434789414737,0.0,396.0,0.0
2025-10-26 11:00:00,884.2550962450691,0.0,360.0,0.0
2025-10-26 11:30:00,986.2988653290212,0.0,400.0,0.0
2025-10-26 12:00:00,923.6711806597704,0.0,400.0,0.0
2025-10-26 12:30:00,765.0774582613819,0.0,361.0,0.0
2025-10-26 13:00:00,751.5853906996531,0.0,367.0,0.0
2025-10-26 13:30:00,190.0609947682157,1.0,146.0,0.0
2025-10-26 14:00:00,197.41307529482933,0.9999999999999999,156.0,0.0
2025-10-26 14:30:00,742.7071782198586,0.0,341.0,0.0
2025-10-26 15:00:00,809.2131530554761,0.0,369.0,0.0
2025-10-26 15:30:00,975.5101905903492,0.0,415.0,0.0
2025-10-26 16:00:00,838.215589822093,0.0,391.0,0.0
2025-10-26 16:30:00,998.9922033556613,0.0,414.0,0.0
2025-10-26 17:00:00,1123.1931296120272,0.0,417.0,0.0
2025-10-26 17:30:00,872.244752716477,0.0,309.0,0.0
2025-10-26 18:00:00,1086.5643597134847,0.0,354.0,0.0
2025-10-26 18:30:00,999.9739166005855,0.0,298.0,0.0
2025-10-26 19:00:00,973.9082074625661,0.0,280.0,0.0
2025-10-26 19:30:00,934.6240736844522,0.0,277.0,0.0
2025-10-26 20:00:00,858.7334463502732,0.0,227.99999999999997,0.0
2025-10-26 20:30:00,770.1728822499315,0.0,166.0,0.0
2025-10-26 21:00:00,885.5035967817826,0.0,221.0,0.0
2025-10-26 21:30:00,992.5841309275278,0.0,222.0,0.0
2025-10-26 22:00:00,830.3849251415604,0.0,233.0,0.0
2025-10-26 22:30:00,951.6351860633298,0.0,251.00000000000003,0.0
2025-10-26 23:00:00,1022.9491797635831,0.0,257.0,0.0
2025-10-26 23:30:00,947.7417353424289,0.0,219.0,0.0
2025-10-27 00:00:00,952.8560427603277,0.0,245.0,0.0
2025-10-27 00:30:00,666.8002450161997,0.0,83.0,0.0
2025-10-27 01:00:00,614.2897241134277,0.0,82.0,0.0
2025-10-27 01:30:00,910.3151250283364,0.0,221.0,0.0
2025-10-27 02:00:00,968.8599106747495,0.0,286.0,0.0
2025-10-27 02:30:00,1004.2677105204456,0.0,248.0,0.0
2025-10-27 03:00:00,921.4406239989129,0.0,246.0,0.0
2025-10-27 03:30:00,982.4814511831191,0.0,256.0,0.0
2025-10-27 04:00:00,990.3587326120263,0.0,265.0,0.0
2025-10-27 04:30:00,977.6300555158813,0.0,252.0,0.0
2025-10-27 05:00:00,1040.8589741178048,0.0,256.0,0.0
2025-10-27 05:30:00,926.3603100583758,0.0,244.00000000000003,0.0
2025-10-27 06:00:00,880.1459477845988,0.0,207.0,0.0
2025-10-27 06:30:00,663.6943659111917,0.0,119.0,0.0
2025-10-27 07:00:00,974.8818321357986,0.0,245.0,0.0
2025-10-27 07:30:00,1010.2326513971515,0.0,251.0,0.0
2025-10-27 08:00:00,775.3549339777722,0.0,173.0,0.0
2025-10-27 08:30:00,1044.0815641933884,0.0,282.0,0.0
2025-10-27 09:00:00,1251.7743997756334,0.0,408.0,0.0
2025-10-27 09:30:00,1102.1844606440495,0.0,425.0,0.0
2025-10-27 10:00:00,1092.1176206965913,0.0,467.0,0.0
2025-10-27 10:30:00,951.5592891640777,0.0,416.0,0.0
2025-10-27 11:00:00,864.5258152630247,0.0,399.0,0.0
2025-10-27 11:30:00,846.8897772299678,0.0,427.00000000000006,0.0
2025-10-27 12:00:00,913.0725795954237,0.0,421.0,0.0
2025-10-27 12:30:00,897.2432958116412,0.0,429.0,0.0
2025-10-27 13:00:00,930.8723767116524,0.0,405.0,0.0
2025-10-27 13:30:00,457.3135597542321,0.0,216.0,0.0
2025-10-27 14:00:00,460.97731309194586,0.0,236.0,0.0
2025-10-27 14:30:00,1026.0811212646422,0.0,435.0,0.0
2025-10-27 15:00:00,997.6375514611326,0.0,440.0,0.0
2025-10-27 15:30:00,970.9304723334906,0.0,434.0,0.0
2025-10-27 16:00:00,1247.62193448049,0.0,480.0,0.0
2025-10-27 16:30:00,1259.288411422827,0.0,460.0,0.0
2025-10-27 17:00:00,1276.6596539171614,0.0,485.0,0.0
2025-10-27 17:30:00,809.817430018762,0.0,257.0,0.0
2025-10-27 18:00:00,1251.4036281714393,0.0,486.0,0.0
2025-10-27 18:30:00,1546.2805168253656,0.0,493.00000000000006,0.0
2025-10-27 19:00:00,1410.1683732352894,0.0,458.0,0.0
2025-10-27 19:30:00,1504.5291565685689,0.0,464.99999999999994,0.0
2025-10-27 20:00:00,1297.6962275935475,0.0,383.0,0.0
2025-10-27 20:30:00,1141.7134769382906,0.0,308.0,0.0
2025-10-27 21:00:00,1245.5093363517346,0.0,424.0,0.0
2025-10-27 21:30:00,1248.0091731753707,0.0,411.0,0.0
2025-10-27 22:00:00,1505.1428715717166,0.0,413.0,0.0
2025-10-27 22:30:00,1262.0510714285545,0.0,420.00000000000006,0.0
2025-10-27 23:00:00,1285.721032095829,0.0,404.0,0.0
2025-10-27 23:30:00,1544.3065247228835,0.0,414.00000000000006,0.0
2025-10-28 00:00:00,1388.7368304859883,0.0,417.0,0.0
2025-10-28 00:30:00,961.4923547317313,0.0,267.0,0.0
2025-10-28 01:00:00,818.5552622259459,0.0,229.0,0.0
2025-10-28 01:30:00,1037.035652480207,0.0,285.0,0.0
2025-10-28 02:00:00,1327.6202334175327,0.0,400.0,0.0
2025-10-28 02:30:00,1487.359115135086,0.0,430.0,0.0
2025-10-28 03:00:00,1447.688822486244,0.0,426.0,0.0
2025-10-28 03:30:00,1549.3654854939425,0.0,413.0,0.0
2025-10-28 04:00:00,1395.3144013333265,0.0,391.0,0.0
2025-10-28 04:30:00,1352.125201170207,0.0,407.0,0.0
2025-10-28 05:00:00,1415.433917560401,0.0,432.0,0.0
2025-10-28 05:30:00,1280.9243766552122,0.0,386.0,0.0
2025-10-28 06:00:00,1511.9940798778298,0.0,404.0,0.0
2025-10-28 06:30:00,846.6974208856018,0.0,193.0,0.0
2025-10-28 07:00:00,1274.315291786885,0.0,356.0,0.0
2025-10-28 07:30:00,1269.1150714530486,0.0,404.0,0.0
2025-10-28 08:00:00,1289.803529053311,0.0,351.0,0.0
2025-10-28 08:30:00,1121.49846235128,0.0,302.0,0.0
2025-10-28 09:00:00,1478.64797041811,0.0,484.99999999999994,0.0
2025-10-28 09:30:00,1446.8052060054947,0.0,450.00000000000006,0.0
2025-10-28 10:00:00,1459.6349588044616,0.0,464.0,0.0
2025-10-28 10:30:00,1536.3178652193635,0.0,470.0,0.0
2025-10-28 11:00:00,1312.0960489977629,0.0,472.0,0.0
2025-10-28 11:30:00,1227.1695048571175,0.0,472.00000000000006,0.0
2025-10-28 12:00:00,1105.9496716097915,0.0,426.0,0.0
2025-10-28 12:30:00,1124.500740885502,0.0,426.0,0.0
2025-10-28 13:00:00,1058.152318849342,0.0,342.0,0.0
2025-10-28 13:30:00,656.2480470050426,0.0,197.0,0.0
2025-10-28 14:00:00,632.7044539098791,0.0,238.0,0.0
2025-10-28 14:30:00,1181.446514370452,0.0,429.0,0.0
2025-10-28 15:00:00,1292.933409693737,0.0,412.0,0.0
2025-10-28 15:30:00,1215.427520921984,0.0,432.0,0.0
2025-10-28 16:00:00,1210.134559388015,0.0,411.0,0.0
2025-10-28 16:30:00,1306.057145378506,0.0,434.0,0.0
2025-10-28 17:00:00,1246.0724277204047,0.0,421.0,0.0
2025-10-28 17:30:00,1021.311692164418,0.0,274.0,0.0
2025-10-28 18:00:00,1382.228627198705,0.0,448.0,0.0
2025-10-28 18:30:00,1412.7460521772227,0.0,491.0,0.0
2025-10-28 19:00:00,1391.2768162739278,0.0,445.0,0.0
2025-10-28 19:30:00,1499.6298722980653,0.0,424.0,0.0
2025-10-28 20:00:00,1260.6677691084965,0.0,294.0,0.0
2025-10-28 20:30:00,1107.9648759775025,0.0,304.0,0.0
2025-10-28 21:00:00,1257.751561718045,0.0,388.0,0.0
2025-10-28 21:30:00,1398.341864305333,0.0,368.0,0.0
2025-10-28 22:00:00,1342.9867647376207,0.0,424.0,0.0
2025-10-28 22:30:00,1315.3598341989293,0.0,372.0,0.0
2025-10-28 23:00:00,1541.4784984130204,0.0,449.0,0.0
2025-10-28 23:30:00,1405.8636558499845,0.0,434.0,0.0
2025-10-29 00:00:00,1512.92678444834,0.0,425.99999999999994,0.0
2025-10-29 00:30:00,1054.1614502569596,0.0,293.0,0.0
2025-10-29 01:00:00,954.3404664608553,0.0,239.0,0.0
2025-10-29 01:30:00,1040.0330227908212,0.0,304.0,0.0
2025-10-29 02:00:00,1352.5228625460206,0.0,429.0,0.0
2025-10-29 02:30:00,1473.0204946260942,0.0,472.0,0.0
2025-10-29 03:00:00,1568.316009601564,0.0,491.0,0.0
2025-10-29 03:30:00,1577.8614097031743,0.0,437.0,0.0
2025-10-29 04:00:00,1385.361474795249,0.0,475.0,0.0
2025-10-29 04:30:00,1599.197994343899,0.0,489.0,0.0
2025-10-29 05:00:00,1420.6890392837258,0.0,438.0,0.0
2025-10-29 05:30:00,1423.8460294506149,0.0,467.0,0.0
2025-10-29 06:00:00,1306.3459585882179,0.0,413.99999999999994,0.0
2025-10-29 06:30:00,888.2318749753542,0.0,184.0,0.0
2025-10-29 07:00:00,1111.6880842832932,0.0,330.0,0.0
2025-10-29 07:30:00,1386.666696821406,0.0,443.00000000000006,0.0
2025-10-29 08:00:00,1101.5222176381176,0.0,316.00000000000006,0.0
2025-10-29 08:30:00,1087.3471422735297,0.0,319.0,0.0
2025-10-29 09:00:00,1235.1193158604262,0.0,443.0,0.0
2025-10-29 09:30:00,1169.3320845046408,0.0,465.0,0.0
2025-10-29 10:00:00,1087.0979370063667,0.0,435.0,0.0
2025-10-29 10:30:00,1034.6167903254673,0.0,390.0,0.0
2025-10-29 11:00:00,1078.4680990490401,0.0,440.0,0.0
2025-10-29 11:30:00,994.5848704349784,0.0,457.0,0.0
2025-10-29 12:00:00,1104.075258764033,0.0,453.0,0.0
2025-10-29 12:30:00,917.4274187822889,0.0,404.0,0.0
2025-10-29 13:00:00,711.140001494379,0.0,341.0,0.0
2025-10-29 13:30:00,463.09714333662606,0.0,228.0,0.0
2025-10-29 14:00:00,625.8371902106019,0.0,251.0,0.0
2025-10-29 14:30:00,1080.913683650054,0.0,436.0,0.0
2025-10-29 15:00:00,1252.157130182904,0.0,503.0,0.0
2025-10-29 15:30:00,1355.2341735829827,0.0,463.0,0.0
2025-10-29 16:00:00,1117.919084269189,0.0,463.0,0.0
2025-10-29 16:30:00,1213.0692535115002,0.0,489.0,0.0
2025-10-29 17:00:00,1384.0402226636456,0.0,446.00000000000006,0.0
2025-10-29 17:30:00,1108.0615533507132,0.0,301.0,0.0
2025-10-29 18:00:00,1481.2573889522043,0.0,477.00000000000006,0.0
2025-10-29 18:30:00,1649.402869182617,0.0,518.0,0.0
2025-10-29 19:00:00,1645.4902914089184,0.0,451.0,0.0
2025-10-29 19:30:00,1493.599851776205,0.0,455.0,0.0
2025-10-29 20:00:00,1200.0924375586285,0.0,342.0,0.0
2025-10-29 20:30:00,1014.6138839949534,0.0,287.0,0.0
2025-10-29 21:00:00,1219.3865924204545,0.0,345.0,0.0
2025-10-29 21:30:00,1187.2952050221973,0.0,343.0,0.0
2025-10-29 22:00:00,1354.473891885973,0.0,373.00000000000006,0.0
2025-10-29 22:30:00,1307.5977434842105,0.0,379.0,0.0
2025-10-29 23:00:00,1432.3255981081047,0.0,405.0,0.0
2025-10-29 23:30:00,1497.454138725309,0.0,410.99999999999994,0.0
2025-10-30 00:00:00,1421.4957587602755,0.0,397.99999999999994,0.0
2025-10-30 00:30:00,976.7628600332829,0.0,239.0,0.0
2025-10-30 01:00:00,902.6185993329888,0.0,198.0,0.0
2025-10-30 01:30:00,1135.374415370034,0.0,312.0,0.0
2025-10-30 02:00:00,1197.0594603988106,0.0,367.0,0.0
2025-10-30 02:30:00,1541.6159822131274,0.0,459.0,0.0
2025-10-30 03:00:00,1568.1849383024166,0.0,449.0,0.0
2025-10-30 03:30:00,1429.7816357109382,0.0,441.0,0.0
2025-10-30 04:00:00,1469.7924395434445,0.0,407.0,0.0
2025-10-30 04:30:00,1306.8173390138422,0.0,434.0,0.0
2025-10-30 05:00:00,1371.287797089032,0.0,391.99999999999994,0.0
2025-10-30 05:30:00,1447.9276231113206,0.0,418.00000000000006,0.0
2025-10-30 06:00:00,1398.0515309672712,0.0,389.0,0.0
2025-10-30 06:30:00,943.4377931627242,0.0,190.0,0.0
2025-10-30 07:00:00,1258.579721452181,0.0,337.0,0.0
2025-10-30 07:30:00,1271.2016725263932,0.0,378.0,0.0
2025-10-30 08:00:00,966.1757791491519,0.0,252.0,0.0
2025-10-30 08:30:00,1109.5608849793557,0.0,291.0,0.0
2025-10-30 09:00:00,1408.0813233701153,0.0,450.99999999999994,0.0
2025-10-30 09:30:00,1248.2376469410008,0.0,422.0,0.0
2025-10-30 10:00:00,1173.3586015866956,0.0,418.0,0.0
2025-10-30 10:30:00,1113.2354758255221,0.0,404.0,0.0
2025-10-30 11:00:00,1272.6277162768101,0.0,473.0,0.0
2025-10-30 11:30:00,1236.9866493035656,0.0,447.0,0.0
2025-10-30 12:00:00,1280.3272337097137,0.0,442.0,0.0
2025-10-30 12:30:00,1004.5516851794238,0.0,393.0,0.0
2025-10-30 13:00:00,959.14331850143,0.0,328.0,0.0
2025-10-30 13:30:00,706.7977316204727,0.0,208.99999999999997,0.0
2025-10-30 14:00:00,702.4049902350997,0.0,250.0,0.0
2025-10-30 14:30:00,1232.8889300171102,0.0,434.0,0.0
2025-10-30 15:00:00,1204.684661575312,0.0,437.99999999999994,0.0
2025-10-30 15:30:00,1233.5144095741684,0.0,459.0,0.0
2025-10-30 16:00:00,1370.0609524347328,0.0,464.0,0.0
2025-10-30 16:30:00,1363.0759757705416,0.0,472.00000000000006,0.0
2025-10-30 17:00:00,1513.8233705502084,0.0,473.0,0.0
2025-10-30 17:30:00,967.8582976289138,0.0,261.0,0.0
2025-10-30 18:00:00,1441.2998264307682,0.0,471.99999999999994,0.0
2025-10-30 18:30:00,1522.9483215562434,0.0,483.0,0.0
2025-10-30 19:00:00,1603.3351886995642,0.0,494.0,0.0
2025-10-30 19:30:00,1508.7384360358853,0.0,420.0,0.0
2025-10-30 20:00:00,1156.9944478725602,0.0,299.0,0.0
2025-10-30 20:30:00,1120.805325038848,0.0,311.0,0.0
2025-10-30 21:00:00,1299.9975895562484,0.0,373.0,0.0
2025-10-30 21:30:00,1284.5968641267123,0.0,408.0,0.0
2025-10-30 22:00:00,1435.5482253337912,0.0,464.99999999999994,0.0
2025-10-30 22:30:00,1286.8659967087817,0.0,417.0,0.0
2025-10-30 23:00:00,1439.7245913536012,0.0,450.99999999999994,0.0
2025-10-30 23:30:00,1452.219127651988,0.0,411.0,0.0
2025-10-31 00:00:00,1344.463233878692,0.0,377.0,0.0
2025-10-31 00:30:00,1067.1311779472962,0.0,233.0,0.0
2025-10-31 01:00:00,785.5631444490305,0.0,188.0,0.0
2025-10-31 01:30:00,985.8986789621637,0.0,275.0,0.0
2025-10-31 02:00:00,1292.6099106914032,0.0,368.0,0.0
2025-10-31 02:30:00,1327.5513346019795,0.0,404.0,0.0
2025-10-31 03:00:00,1419.4465801801555,0.0,402.00000000000006,0.0
2025-10-31 03:30:00,1280.3952464752997,0.0,362.00000000000006,0.0
2025-10-31 04:00:00,1366.9324266183198,0.0,394.99999999999994,0.0
2025-10-31 04:30:00,1470.4858908541776,0.0,408.0,0.0
2025-10-31 05:00:00,1394.0272846209728,0.0,387.0,0.0
2025-10-31 05:30:00,1484.2309492719182,0.0,401.0,0.0
2025-10-31 06:00:00,1337.8382806469626,0.0,386.0,0.0
2025-10-31 06:30:00,757.4360786587846,0.0,179.0,0.0
2025-10-31 07:00:00,1137.5539937894393,0.0,302.0,0.0
2025-10-31 07:30:00,1286.1893980792029,0.0,381.0,0.0
2025-10-31 08:00:00,1002.0821006615439,0.0,256.0,0.0
2025-10-31 08:30:00,962.7107752394473,0.0,285.0,0.0
2025-10-31 09:00:00,1138.5778085906893,0.0,403.0,0.0
2025-10-31 09:30:00,1143.2253132803523,0.0,400.0,0.0
2025-10-31 10:00:00,1224.965086068265,0.0,462.0,0.0
2025-10-31 10:30:00,1055.699649671868,0.0,431.0,0.0
2025-10-31 11:00:00,1056.4005774709242,0.0,457.0,0.0
2025-10-31 11:30:00,976.7347369381291,0.0,425.0,0.0
2025-10-31 12:00:00,986.5363917474673,0.0,464.0,0.0
2025-10-31 12:30:00,992.2858965920753,0.0,415.0,0.0
2025-10-31 13:00:00,657.0450373020517,0.0,290.0,0.0
2025-10-31 13:30:00,543.9501783840819,0.0,247.0,0.0
2025-10-31 14:00:00,660.8838975907815,0.0,288.0,0.0
2025-10-31 14:30:00,925.130708586384,0.0,367.0,0.0
2025-10-31 15:00:00,1067.071637126959,0.0,428.0,0.0
2025-10-31 15:30:00,1035.5958032200924,0.0,435.0,0.0
2025-10-31 16:00:00,1199.6026106408228,0.0,447.00000000000006,0.0
2025-10-31 16:30:00,1336.0271760133276,0.0,464.0,0.0
2025-10-31 17:00:00,1271.9119206083942,0.0,414.0,0.0
2025-10-31 17:30:00,837.8982769494747,0.0,237.0,0.0
2025-10-31 18:00:00,1287.2909270282157,0.0,422.0,0.0
2025-10-31 18:30:00,1416.3828581313205,0.0,417.0,0.0
2025-10-31 19:00:00,1542.468380170688,0.0,458.0,0.0
2025-10-31 19:30:00,1446.4024057228323,0.0,385.0,0.0
2025-10-31 20:00:00,1087.8357618291088,0.0,278.0,0.0
2025-10-31 20:30:00,1136.238179903427,0.0,279.0,0.0
2025-10-31 21:00:00,1426.8362910707335,0.0,406.0,0.0
2025-10-31 21:30:00,1435.1225165958256,0.0,450.0,0.0
2025-10-31 22:00:00,1449.9799000616167,0.0,399.00000000000006,0.0
2025-10-31 22:30:00,1516.446088629321,0.0,424.0,0.0
2025-10-31 23:00:00,1550.587654613383,0.0,452.0,0.0
2025-10-31 23:30:00,1496.3992360536479,0.0,448.0,0.0
2025-11-01 00:30:00,1007.0,0.0,236.0,0.0
2025-11-01 01:00:00,873.0,0.0,182.0,0.0
2025-11-01 01:30:00,1139.0,0.0,298.0,0.0
2025-11-01 02:00:00,1277.0,0.0,406.0,0.0
2025-11-01 02:30:00,1322.0,0.0,399.0,0.0
2025-11-01 03:00:00,1331.0,0.0,415.0,0.0
2025-11-01 03:30:00,1424.0,0.0,464.0,0.0
2025-11-01 04:00:00,1223.0,0.0,365.0,0.0
2025-11-01 04:30:00,1263.0,0.0,383.0,0.0
2025-11-01 05:00:00,1234.0,0.0,378.0,0.0
2025-11-01 05:30:00,1215.0,0.0,354.0,0.0
2025-11-01 06:00:00,1094.0,0.0,317.0,0.0
2025-11-01 06:30:00,883.0,0.0,202.0,0.0
2025-11-01 07:00:00,1151.0,0.0,319.0,0.0
2025-11-01 07:30:00,1227.0,0.0,383.0,0.0
2025-11-01 08:00:00,1027.0,0.0,255.0,0.0
2025-11-01 08:30:00,932.0,0.0,296.0,0.0
2025-11-01 09:00:00,1023.0,0.0,373.0,0.0
2025-11-01 09:30:00,1104.0,0.0,424.0,0.0
2025-11-01 10:00:00,1146.0,0.0,442.0,0.0
2025-11-01 10:30:00,1039.0,0.0,424.0,0.0
2025-11-01 11:00:00,974.0,0.0,400.0,0.0
2025-11-01 11:30:00,925.0,0.0,378.0,0.0
2025-11-01 12:00:00,1414.0,0.0,456.0,0.0
2025-11-01 12:30:00,1318.0,0.0,455.0,0.0
2025-11-01 13:00:00,935.0,0.0,388.0,0.0
2025-11-01 13:30:00,481.0,0.0,216.0,0.0
2025-11-01 14:00:00,264.0,0.0,174.0,0.0
2025-11-01 14:30:00,707.0,0.0,376.0,0.0
2025-11-01 15:00:00,1056.0,0.0,487.0,0.0
2025-11-01 15:30:00,1042.0,0.0,432.0,0.0
2025-11-01 16:00:00,1126.0,0.0,441.0,0.0
2025-11-01 16:30:00,1109.0,0.0,455.0,0.0
2025-11-01 17:00:00,598.0,0.0,228.0,0.0
2025-11-01 17:30:00,502.0,0.0,157.0,0.0
2025-11-01 18:00:00,808.0,0.0,226.0,0.0
2025-11-01 18:30:00,903.0,0.0,254.0,0.0
2025-11-01 19:00:00,889.0,0.0,248.0,0.0
2025-11-01 19:30:00,939.0,0.0,234.0,0.0
2025-11-01 20:00:00,841.0,0.0,229.0,0.0
2025-11-01 20:30:00,1022.0,0.0,303.0,0.0
2025-11-01 21:00:00,1271.0,0.0,390.0,0.0
2025-11-01 21:30:00,1243.0,0.0,391.0,0.0
2025-11-01 22:00:00,1208.0,0.0,352.0,0.0
2025-11-01 22:30:00,1242.0,0.0,394.0,0.0
2025-11-01 23:00:00,1261.0,0.0,374.0,0.0
2025-11-01 23:30:00,1256.0,0.0,397.0,0.0
2025-11-02 00:00:00,1242.0,0.0,365.0,0.0
2025-11-02 00:30:00,1038.0,0.0,271.0,0.0
2025-11-02 01:00:00,961.0,0.0,248.0,0.0
2025-11-02 01:30:00,1075.0,0.0,312.0,0.0
2025-11-02 02:00:00,1088.0,0.0,298.0,0.0
2025-11-02 02:30:00,1315.0,0.0,431.0,0.0
2025-11-02 03:00:00,1241.0,0.0,399.0,0.0
2025-11-02 03:30:00,1202.0,0.0,372.0,0.0
2025-11-02 04:00:00,1315.0,0.0,410.0,0.0
2025-11-02 04:30:00,1157.0,0.0,363.0,0.0
2025-11-02 05:00:00,926.0,0.0,261.0,0.0
2025-11-02 05:30:00,873.0,0.0,273.0,0.0
2025-11-02 06:00:00,850.0,0.0,247.0,0.0
2025-11-02 06:30:00,708.0,0.0,184.0,0.0
2025-11-02 07:00:00,876.0,0.0,263.0,0.0
2025-11-02 07:30:00,846.0,0.0,239.0,0.0
2025-11-02 08:00:00,657.0,0.0,138.0,0.0
2025-11-02 08:30:00,574.0,0.0,141.0,0.0
2025-11-02 09:00:00,590.0,0.0,217.0,0.0
2025-11-02 09:30:00,711.0,0.0,342.0,0.0
2025-11-02 10:00:00,902.0,0.0,393.0,0.0
2025-11-02 10:30:00,891.0,0.0,405.0,0.0
2025-11-02 11:00:00,768.0,0.0,382.0,0.0
2025-11-02 11:30:00,797.0,0.0,402.0,0.0
2025-11-02 12:00:00,862.0,0.0,414.0,0.0
2025-11-02 12:30:00,716.0,0.0,359.0,0.0
2025-11-02 13:00:00,767.0,0.0,342.0,0.0
2025-11-02 13:30:00,249.0,0.0,163.0,0.0
2025-11-02 14:00:00,405.0,0.0,194.0,0.0
2025-11-02 14:30:00,1058.0,0.0,398.0,0.0
2025-11-02 15:00:00,1318.0,0.0,482.0,0.0
2025-11-02 15:30:00,1174.0,0.0,439.0,0.0
2025-11-02 16:00:00,965.0,0.0,425.0,0.0
2025-11-02 16:30:00,1265.0,0.0,465.0,0.0
2025-11-02 17:00:00,1226.0,0.0,425.0,0.0
2025-11-02 17:30:00,983.0,0.0,302.0,0.0
2025-11-02 18:00:00,1140.0,0.0,338.0,0.0
2025-11-02 18:30:00,996.0,0.0,294.0,0.0
2025-11-02 19:00:00,981.0,0.0,272.0,0.0
2025-11-02 19:30:00,890.0,0.0,225.0,0.0
2025-11-02 20:00:00,739.0,0.0,176.0,0.0
2025-11-02 20:30:00,830.0,0.0,206.0,0.0
2025-11-02 21:00:00,815.0,0.0,175.0,0.0
2025-11-02 21:30:00,893.0,0.0,247.0,0.0
2025-11-02 22:00:00,998.0,0.0,286.0,0.0
2025-11-02 22:30:00,980.0,0.0,257.0,0.0
2025-11-02 23:00:00,1019.0,0.0,293.0,0.0
2025-11-02 23:30:00,877.0,0.0,220.0,0.0
2025-11-03 00:00:00,897.0,0.0,234.0,0.0
2025-11-03 00:30:00,662.0,0.0,130.0,0.0
2025-11-03 01:00:00,652.0,0.0,132.0,0.0
2025-11-03 01:30:00,901.0,0.0,250.0,0.0
2025-11-03 02:00:00,902.0,0.0,250.0,0.0
2025-11-03 02:30:00,1019.0,0.0,305.0,0.0
2025-11-03 03:00:00,957.0,0.0,278.0,0.0
2025-11-03 03:30:00,983.0,0.0,282.0,0.0
2025-11-03 04:00:00,1011.0,0.0,298.0,0.0
2025-11-03 04:30:00,909.0,0.0,263.0,0.0
2025-11-03 05:00:00,839.0,0.0,220.0,0.0
2025-11-03 05:30:00,1006.0,0.0,302.0,0.0
2025-11-03 06:00:00,846.0,0.0,216.0,0.0
2025-11-03 06:30:00,683.0,0.0,144.0,0.0
2025-11-03 07:00:00,808.0,0.0,199.0,0.0
2025-11-03 07:30:00,792.0,0.0,188.0,0.0
2025-11-03 08:00:00,660.0,0.0,162.0,0.0
2025-11-03 08:30:00,875.0,0.0,288.0,0.0
2025-11-03 09:00:00,1044.0,0.0,375.0,0.0
2025-11-03 09:30:00,1147.0,0.0,445.0,0.0
2025-11-03 10:00:00,939.0,0.0,412.0,0.0
2025-11-03 10:30:00,1121.0,0.0,450.0,0.0
2025-11-03 11:00:00,1096.0,0.0,412.0,0.0
2025-11-03 11:30:00,994.0,0.0,421.0,0.0
2025-11-03 12:00:00,848.0,0.0,385.0,0.0
2025-11-03 12:30:00,730.0,0.0,328.0,0.0
2025-11-03 13:00:00,570.0,0.0,295.0,0.0
2025-11-03 13:30:00,451.0,0.0,210.0,0.0
2025-11-03 14:00:00,550.0,0.0,302.0,0.0
2025-11-03 14:30:00,894.0,0.0,427.0,0.0
2025-11-03 15:00:00,1212.0,0.0,447.0,0.0
2025-11-03 15:30:00,1151.0,0.0,458.0,0.0
2025-11-03 16:00:00,1030.0,0.0,449.0,0.0
2025-11-03 16:30:00,1109.0,0.0,448.0,0.0
2025-11-03 17:00:00,1114.0,0.0,447.0,0.0
2025-11-03 17:30:00,832.0,0.0,270.0,0.0
2025-11-03 18:00:00,1222.0,0.0,401.0,0.0
2025-11-03 18:30:00,1406.0,0.0,444.0,0.0
2025-11-03 19:00:00,1380.0,0.0,431.0,0.0
2025-11-03 19:30:00,1273.0,0.0,373.0,0.0
2025-11-03 20:00:00,1050.0,0.0,275.0,0.0
2025-11-03 20:30:00,1097.0,0.0,320.0,0.0
2025-11-03 21:00:00,1239.0,0.0,377.0,0.0
2025-11-03 21:30:00,1401.0,0.0,445.0,0.0
2025-11-03 22:00:00,1400.0,0.0,444.0,0.0
2025-11-03 22:30:00,1357.0,0.0,387.0,0.0
2025-11-03 23:00:00,1257.0,0.0,369.0,0.0
2025-11-03 23:30:00,1260.0,0.0,387.0,0.0
2025-11-04 00:00:00,1272.0,0.0,404.0,0.0
2025-11-04 00:30:00,1026.0,0.0,261.0,0.0
2025-11-04 01:00:00,867.0,0.0,214.0,0.0
2025-11-04 01:30:00,967.0,0.0,273.0,0.0
2025-11-04 02:00:00,1141.0,0.0,307.0,0.0
2025-11-04 02:30:00,1284.0,0.0,401.0,0.0
2025-11-04 03:00:00,1229.0,0.0,345.0,0.0
2025-11-04 03:30:00,1245.0,0.0,369.0,0.0
2025-11-04 04:00:00,1315.0,0.0,393.0,0.0
2025-11-04 04:30:00,1304.0,0.0,388.0,0.0
2025-11-04 05:00:00,1236.0,0.0,396.0,0.0
2025-11-04 05:30:00,1235.0,0.0,387.0,0.0
2025-11-04 06:00:00,1269.0,0.0,373.0,0.0
2025-11-04 06:30:00,811.0,0.0,199.0,0.0
2025-11-04 07:00:00,1088.0,0.0,311.0,0.0
2025-11-04 07:30:00,1199.0,0.0,345.0,0.0
2025-11-04 08:00:00,924.0,0.0,247.0,0.0
2025-11-04 08:30:00,900.0,0.0,281.0,0.0
2025-11-04 09:00:00,1177.0,0.0,370.0,0.0
2025-11-04 09:30:00,1282.0,0.0,481.0,0.0
2025-11-04 10:00:00,1326.0,0.0,492.0,0.0
2025-11-04 10:30:00,1145.0,0.0,480.0,0.0
2025-11-04 11:00:00,1297.0,0.0,424.0,0.0
2025-11-04 11:30:00,1086.0,0.0,469.0,0.0
2025-11-04 12:00:00,910.0,0.0,468.0,0.0
2025-11-04 12:30:00,841.0,0.0,363.0,0.0
2025-11-04 13:00:00,744.0,0.0,374.0,0.0
2025-11-04 13:30:00,447.0,0.0,237.0,0.0
2025-11-04 14:00:00,643.0,0.0,273.0,0.0
2025-11-04 14:30:00,971.0,0.0,418.0,0.0
2025-11-04 15:00:00,1019.0,0.0,442.0,0.0
2025-11-04 15:30:00,1100.0,0.0,457.0,0.0
2025-11-04 16:00:00,1182.0,0.0,460.0,0.0
2025-11-04 16:30:00,1359.0,0.0,469.0,0.0
2025-11-04 17:00:00,1420.0,0.0,461.0,0.0
2025-11-04 17:30:00,1029.0,0.0,305.0,0.0
2025-11-04 18:00:00,1294.0,0.0,462.0,0.0
2025-11-04 18:30:00,1406.0,0.0,473.0,0.0
2025-11-04 19:00:00,1384.0,0.0,455.0,0.0
2025-11-04 19:30:00,1387.0,0.0,458.0,0.0
2025-11-04 20:00:00,1189.0,0.0,343.0,0.0
2025-11-04 20:30:00,1205.0,0.0,360.0,0.0
2025-11-04 21:00:00,1365.0,0.0,434.0,0.0
2025-11-04 21:30:00,1508.0,0.0,487.0,0.0
2025-11-04 22:00:00,1441.0,0.0,434.0,0.0
2025-11-04 22:30:00,1353.0,0.0,398.0,0.0
2025-11-04 23:00:00,1439.0,0.0,465.0,0.0
2025-11-04 23:30:00,1495.0,0.0,477.0,0.0
2025-11-05 00:00:00,1404.0,0.0,452.0,0.0
2025-11-05 00:30:00,1061.0,0.0,303.0,0.0
2025-11-05 01:00:00,879.0,0.0,211.0,0.0
2025-11-05 01:30:00,1110.0,0.0,321.0,0.0
2025-11-05 02:00:00,1303.0,0.0,421.0,0.0
2025-11-05 02:30:00,1422.0,0.0,444.0,0.0
2025-11-05 03:00:00,1281.0,0.0,375.0,0.0
2025-11-05 03:30:00,1385.0,0.0,433.0,0.0
2025-11-05 04:00:00,1496.0,0.0,470.0,0.0
2025-11-05 04:30:00,1387.0,0.0,436.0,0.0
2025-11-05 05:00:00,1413.0,0.0,483.0,0.0
2025-11-05 05:30:00,1374.0,0.0,406.0,0.0
2025-11-05 06:00:00,1208.0,0.0,354.0,0.0
2025-11-05 06:30:00,893.0,0.0,219.0,0.0
2025-11-05 07:00:00,1134.0,0.0,350.0,0.0
2025-11-05 07:30:00,1195.0,0.0,390.0,0.0
2025-11-05 08:00:00,1012.0,0.0,303.0,0.0
2025-11-05 08:30:00,1048.0,0.0,346.0,0.0
2025-11-05 09:00:00,1299.0,0.0,478.0,0.0
2025-11-05 09:30:00,1315.0,0.0,504.0,0.0
2025-11-05 10:00:00,1120.0,0.0,464.0,0.0
2025-11-05 10:30:00,1016.0,0.0,466.0,0.0
2025-11-05 11:00:00,1015.0,0.0,485.0,0.0
2025-11-05 11:30:00,1095.0,0.0,489.0,0.0
2025-11-05 12:00:00,1022.0,0.0,440.0,0.0
2025-11-05 12:30:00,1052.0,0.0,423.0,0.0
2025-11-05 13:00:00,795.0,0.0,406.0,0.0
2025-11-05 13:30:00,472.0,0.0,242.0,0.0
2025-11-05 14:00:00,684.0,0.0,267.0,0.0
2025-11-05 14:30:00,1138.0,0.0,449.0,0.0
2025-11-05 15:00:00,1035.0,0.0,469.0,0.0
2025-11-05 15:30:00,980.0,0.0,479.0,0.0
2025-11-05 16:00:00,1096.0,0.0,452.0,0.0
2025-11-05 16:30:00,1164.0,0.0,453.0,0.0
2025-11-05 17:00:00,1293.0,0.0,500.0,0.0
2025-11-05 17:30:00,840.0,0.0,280.0,0.0
2025-11-05 18:00:00,1283.0,0.0,461.0,0.0
2025-11-05 18:30:00,1368.0,0.0,449.0,0.0
2025-11-05 19:00:00,1499.0,0.0,451.0,0.0
2025-11-05 19:30:00,1506.0,0.0,453.0,0.0
2025-11-05 20:00:00,1143.0,0.0,311.0,0.0
2025-11-05 20:30:00,1183.0,0.0,345.0,0.0
2025-11-05 21:00:00,1365.0,0.0,405.0,0.0
2025-11-05 21:30:00,1463.0,0.0,428.0,0.0
2025-11-05 22:00:00,1453.0,0.0,424.0,0.0
2025-11-05 22:30:00,1378.0,0.0,413.0,0.0
2025-11-05 23:00:00,1515.0,0.0,491.0,0.0
2025-11-05 23:30:00,1466.0,0.0,460.0,0.0
2025-11-06 00:00:00,1365.0,0.0,390.0,0.0
2025-11-06 00:30:00,1022.0,0.0,245.0,0.0
2025-11-06 01:00:00,861.0,0.0,226.0,0.0
2025-11-06 01:30:00,1175.0,0.0,358.0,0.0
2025-11-06 02:00:00,1184.0,0.0,368.0,0.0
2025-11-06 02:30:00,1469.0,0.0,435.0,0.0
2025-11-06 03:00:00,1516.0,0.0,489.0,0.0
2025-11-06 03:30:00,1374.0,0.0,416.0,0.0
2025-11-06 04:00:00,1411.0,0.0,437.0,0.0
2025-11-06 04:30:00,1394.0,0.0,423.0,0.0
2025-11-06 05:00:00,1414.0,0.0,421.0,0.0
2025-11-06 05:30:00,1314.0,0.0,374.0,0.0
2025-11-06 06:00:00,1120.0,0.0,290.0,0.0
2025-11-06 06:30:00,804.0,0.0,187.0,0.0
2025-11-06 07:00:00,1169.0,0.0,341.0,0.0
2025-11-06 07:30:00,1248.0,0.0,356.0,0.0
2025-11-06 08:00:00,1031.0,0.0,263.0,0.0
2025-11-06 08:30:00,976.0,0.0,276.0,0.0
2025-11-06 09:00:00,1002.0,0.0,328.0,0.0
2025-11-06 09:30:00,967.0,0.0,363.0,0.0
2025-11-06 10:00:00,856.0,0.0,354.0,0.0
2025-11-06 10:30:00,848.0,0.0,385.0,0.0
2025-11-06 11:00:00,945.0,0.0,393.0,0.0
2025-11-06 11:30:00,1109.0,0.0,411.0,0.0
2025-11-06 12:00:00,1008.0,0.0,376.0,0.0
2025-11-06 12:30:00,867.0,0.0,391.0,0.0
2025-11-06 13:00:00,777.0,0.0,319.0,0.0
2025-11-06 13:30:00,557.0,0.0,208.0,0.0
2025-11-06 14:00:00,450.0,0.0,258.0,0.0
2025-11-06 14:30:00,981.0,0.0,416.0,0.0
2025-11-06 15:00:00,1274.0,0.0,474.0,0.0
2025-11-06 15:30:00,1181.0,0.0,484.0,0.0
2025-11-06 16:00:00,1009.0,0.0,451.0,0.0
2025-11-06 16:30:00,1176.0,0.0,458.0,0.0
2025-11-06 17:00:00,1157.0,0.0,434.0,0.0
2025-11-06 17:30:00,745.0,0.0,221.0,0.0
2025-11-06 18:00:00,1304.0,0.0,449.0,0.0
2025-11-06 18:30:00,1483.0,0.0,455.0,0.0
2025-11-06 19:00:00,1485.0,0.0,437.0,0.0
2025-11-06 19:30:00,1381.0,0.0,391.0,0.0
2025-11-06 20:00:00,1075.0,0.0,294.0,0.0
2025-11-06 20:30:00,1097.0,0.0,309.0,0.0
2025-11-06 21:00:00,1262.0,0.0,378.0,0.0
2025-11-06 21:30:00,1247.0,0.0,392.0,0.0
2025-11-06 22:00:00,1246.0,0.0,383.0,0.0
2025-11-06 22:30:00,1199.0,0.0,373.0,0.0
2025-11-06 23:00:00,1244.0,0.0,371.0,0.0
2025-11-06 23:30:00,1136.0,0.0,311.0,0.0
2025-11-07 00:00:00,1246.0,0.0,377.0,0.0
2025-11-07 00:30:00,980.0,0.0,233.0,0.0
2025-11-07 01:00:00,837.0,0.0,188.0,0.0
2025-11-07 01:30:00,1014.0,0.0,275.0,0.0
2025-11-07 02:00:00,1235.0,0.0,368.0,0.0
2025-11-07 02:30:00,1297.0,0.0,404.0,0.0
2025-11-07 03:00:00,1366.0,0.0,402.0,0.0
2025-11-07 03:30:00,1286.0,0.0,362.0,0.0
2025-11-07 04:00:00,1259.0,0.0,395.0,0.0
2025-11-07 04:30:00,1361.0,0.0,408.0,0.0
2025-11-07 05:00:00,1336.0,0.0,387.0,0.0
2025-11-07 05:30:00,1351.0,0.0,401.0,0.0
2025-11-07 06:00:00,1257.0,0.0,386.0,0.0
2025-11-07 06:30:00,761.0,0.0,179.0,0.0
2025-11-07 07:00:00,1074.0,0.0,302.0,0.0
2025-11-07 07:30:00,1299.0,0.0,381.0,0.0
2025-11-07 08:00:00,923.0,0.0,256.0,0.0
2025-11-07 08:30:00,928.0,0.0,285.0,0.0
2025-11-07 09:00:00,1105.0,0.0,403.0,0.0
2025-11-07 09:30:00,1138.0,0.0,400.0,0.0
2025-11-07 10:00:00,1110.0,0.0,462.0,0.0
2025-11-07 10:30:00,1023.0,0.0,431.0,0.0
2025-11-07 11:00:00,1038.0,0.0,457.0,0.0
2025-11-07 11:30:00,956.0,0.0,425.0,0.0
2025-11-07 12:00:00,924.0,0.0,464.0,0.0
2025-11-07 12:30:00,937.0,0.0,415.0,0.0
2025-11-07 13:00:00,619.0,0.0,290.0,0.0
2025-11-07 13:30:00,512.0,0.0,247.0,0.0
2025-11-07 14:00:00,574.0,0.0,288.0,0.0
2025-11-07 14:30:00,908.0,0.0,367.0,0.0
2025-11-07 15:00:00,1053.0,0.0,428.0,0.0
2025-11-07 15:30:00,1038.0,0.0,435.0,0.0
2025-11-07 16:00:00,1119.0,0.0,447.0,0.0
2025-11-07 16:30:00,1216.0,0.0,464.0,0.0
2025-11-07 17:00:00,1230.0,0.0,414.0,0.0
2025-11-07 17:30:00,841.0,0.0,237.0,0.0
2025-11-07 18:00:00,1291.0,0.0,422.0,0.0
2025-11-07 18:30:00,1319.0,0.0,417.0,0.0
2025-11-07 19:00:00,1430.0,0.0,458.0,0.0
2025-11-07 19:30:00,1354.0,0.0,385.0,0.0
2025-11-07 20:00:00,1082.0,0.0,278.0,0.0
2025-11-07 20:30:00,1080.0,0.0,279.0,0.0
2025-11-07 21:00:00,1364.0,0.0,406.0,0.0
2025-11-07 21:30:00,1365.0,0.0,450.0,0.0
2025-11-07 22:00:00,1336.0,0.0,399.0,0.0
2025-11-07 22:30:00,1442.0,0.0,424.0,0.0
2025-11-07 23:00:00,1442.0,0.0,452.0,0.0
2025-11-07 23:30:00,1434.0,0.0,448.0,0.0
2025-11-08 00:00:00,1364.0,0.0,407.0,0.0
2025-11-08 00:30:00,1060.0,0.0,282.0,0.0
2025-11-08 01:00:00,908.0,0.0,211.0,0.0
2025-11-08 01:30:00,994.0,0.0,262.0,0.0
2025-11-08 02:00:00,1163.0,0.0,353.0,0.0
2025-11-08 02:30:00,1281.0,0.0,378.0,0.0
2025-11-08 03:00:00,1364.0,0.0,429.0,0.0
2025-11-08 03:30:00,1340.0,0.0,405.0,0.0
2025-11-08 04:00:00,1287.0,0.0,426.0,0.0
2025-11-08 04:30:00,1377.0,0.0,413.0,0.0
2025-11-08 05:00:00,1347.0,0.0,381.0,0.0
2025-11-08 05:30:00,1347.0,0.0,391.0,0.0
2025-11-08 06:00:00,1230.0,0.0,360.0,0.0
2025-11-08 06:30:00,838.0,0.0,175.0,0.0
2025-11-08 07:00:00,1164.0,0.0,324.0,0.0
2025-11-08 07:30:00,1143.0,0.0,363.0,0.0
2025-11-08 08:00:00,910.0,0.0,250.0,0.0
2025-11-08 08:30:00,926.0,0.0,302.0,0.0
2025-11-08 09:00:00,1115.0,0.0,451.0,0.0
2025-11-08 09:30:00,1041.0,0.0,429.0,0.0
2025-11-08 10:00:00,1002.0,0.0,433.0,0.0
2025-11-08 10:30:00,1005.0,0.0,461.0,0.0
2025-11-08 11:00:00,906.0,0.0,426.0,0.0
2025-11-08 11:30:00,892.0,0.0,407.0,0.0
2025-11-08 12:00:00,1061.0,0.0,417.0,0.0
2025-11-08 12:30:00,717.0,0.0,367.0,0.0
2025-11-08 13:00:00,788.0,0.0,365.0,0.0
2025-11-08 13:30:00,327.0,0.0,170.0,0.0
2025-11-08 14:00:00,114.0,4.0,132.0,0.0
2025-11-08 14:30:00,504.0,0.0,294.0,0.0
2025-11-08 15:00:00,727.0,0.0,286.0,0.0
2025-11-08 15:30:00,654.0,0.0,275.0,0.0
2025-11-08 16:00:00,673.0,0.0,292.0,0.0
2025-11-08 16:30:00,785.0,0.0,284.0,0.0
2025-11-08 17:00:00,751.0,0.0,277.0,0.0
2025-11-08 17:30:00,467.0,0.0,143.0,0.0
2025-11-08 18:00:00,785.0,0.0,241.0,0.0
2025-11-08 18:30:00,830.0,0.0,231.0,0.0
2025-11-08 19:00:00,920.0,0.0,265.0,0.0
2025-11-08 19:30:00,902.0,0.0,213.0,0.0
2025-11-08 20:00:00,690.0,0.0,138.0,0.0
2025-11-08 20:30:00,950.0,0.0,256.0,0.0
2025-11-08 21:00:00,1233.0,0.0,378.0,0.0
2025-11-08 21:30:00,1245.0,0.0,397.0,0.0
2025-11-08 22:00:00,1291.0,0.0,400.0,0.0
2025-11-08 22:30:00,1261.0,0.0,372.0,0.0
2025-11-08 23:00:00,1330.0,0.0,377.0,0.0
2025-11-08 23:30:00,1217.0,0.0,379.0,0.0
2025-11-09 00:00:00,1247.0,0.0,365.0,0.0
2025-11-09 00:30:00,925.0,0.0,209.0,0.0
2025-11-09 01:00:00,802.0,0.0,169.0,0.0
2025-11-09 01:30:00,865.0,0.0,211.0,0.0
2025-11-09 02:00:00,1083.0,0.0,301.0,0.0
2025-11-09 02:30:00,1000.0,0.0,260.0,0.0
2025-11-09 03:00:00,1008.0,0.0,258.0,0.0
2025-11-09 03:30:00,970.0,0.0,255.0,0.0
2025-11-09 04:00:00,990.0,0.0,257.0,0.0
2025-11-09 04:30:00,958.0,0.0,267.0,0.0
2025-11-09 05:00:00,969.0,0.0,276.0,0.0
2025-11-09 05:30:00,923.0,0.0,237.0,0.0
2025-11-09 06:00:00,838.0,0.0,195.0,0.0
2025-11-09 06:30:00,673.0,0.0,110.0,0.0
2025-11-09 07:00:00,827.0,0.0,213.0,0.0
2025-11-09 07:30:00,816.0,0.0,207.0,0.0
2025-11-09 08:00:00,667.0,0.0,135.0,0.0
2025-11-09 08:30:00,632.0,0.0,160.0,0.0
2025-11-09 09:00:00,667.0,0.0,204.0,0.0
2025-11-09 09:30:00,717.0,0.0,242.0,0.0
2025-11-09 10:00:00,663.0,0.0,220.0,0.0
2025-11-09 10:30:00,448.0,0.0,202.0,0.0
2025-11-09 11:00:00,542.0,0.0,257.0,0.0
2025-11-09 11:30:00,554.0,0.0,254.0,0.0
2025-11-09 12:00:00,488.0,0.0,262.0,0.0
2025-11-09 12:30:00,395.0,0.0,227.0,0.0
2025-11-09 13:00:00,501.0,0.0,246.0,0.0
2025-11-09 13:30:00,104.0,18.0,120.0,0.0
2025-11-09 14:00:00,98.0,1.0,95.0,0.0
2025-11-09 14:30:00,604.0,0.0,242.0,0.0
2025-11-09 15:00:00,444.0,0.0,257.0,0.0
2025-11-09 15:30:00,448.0,0.0,220.0,0.0
2025-11-09 16:00:00,619.0,0.0,239.0,0.0
2025-11-09 16:30:00,694.0,0.0,270.0,0.0
2025-11-09 17:00:00,731.0,0.0,240.0,0.0
2025-11-09 17:30:00,597.0,0.0,140.0,0.0
2025-11-09 18:00:00,883.0,0.0,260.0,0.0
2025-11-09 18:30:00,911.0,0.0,221.0,0.0
2025-11-09 19:00:00,894.0,0.0,215.0,0.0
2025-11-09 19:30:00,857.0,0.0,207.0,0.0
2025-11-09 20:00:00,659.0,0.0,143.0,0.0
2025-11-09 20:30:00,652.0,0.0,163.0,0.0
2025-11-09 21:00:00,881.0,0.0,213.0,0.0
2025-11-09 21:30:00,922.0,0.0,239.0,0.0
2025-11-09 22:00:00,979.0,0.0,239.0,0.0
2025-11-09 22:30:00,892.0,0.0,191.0,0.0
2025-11-09 23:00:00,872.0,0.0,214.0,0.0
2025-11-09 23:30:00,980.0,0.0,243.0,0.0
2025-11-10 00:00:00,800.0,0.0,186.0,0.0
2025-11-10 00:30:00,588.0,0.0,125.0,0.0
2025-11-10 01:00:00,571.0,0.0,130.0,0.0
2025-11-10 01:30:00,813.0,0.0,251.0,0.0
2025-11-10 02:00:00,944.0,0.0,266.0,0.0
2025-11-10 02:30:00,859.0,0.0,224.0,0.0
2025-11-10 03:00:00,779.0,0.0,186.0,0.0
2025-11-10 03:30:00,873.0,0.0,258.0,0.0
2025-11-10 04:00:00,880.0,0.0,229.0,0.0
2025-11-10 04:30:00,821.0,0.0,205.0,0.0
2025-11-10 05:00:00,853.0,0.0,227.0,0.0
2025-11-10 05:30:00,766.0,0.0,177.0,0.0
2025-11-10 06:00:00,851.0,0.0,213.0,0.0
2025-11-10 06:30:00,590.0,0.0,114.0,0.0
2025-11-10 07:00:00,794.0,0.0,213.0,0.0
2025-11-10 07:30:00,727.0,0.0,170.0,0.0
2025-11-10 08:00:00,666.0,0.0,181.0,0.0
2025-11-10 08:30:00,988.0,0.0,324.0,0.0
2025-11-10 09:00:00,1261.0,0.0,429.0,0.0
2025-11-10 09:30:00,1189.0,0.0,399.0,0.0
2025-11-10 10:00:00,1312.0,0.0,467.0,0.0
2025-11-10 10:30:00,1263.0,0.0,469.0,0.0
2025-11-10 11:00:00,1116.0,0.0,419.0,0.0
2025-11-10 11:30:00,1220.0,0.0,447.0,0.0
2025-11-10 12:00:00,1212.0,0.0,446.0,0.0
2025-11-10 12:30:00,1116.0,0.0,432.0,0.0
2025-11-10 13:00:00,954.0,0.0,352.0,0.0
2025-11-10 13:30:00,498.0,0.0,217.0,0.0
2025-11-10 14:00:00,527.0,0.0,260.0,0.0
2025-11-10 14:30:00,949.0,0.0,458.0,0.0
2025-11-10 15:00:00,916.0,0.0,442.0,0.0
2025-11-10 15:30:00,1112.0,0.0,495.0,0.0
2025-11-10 16:00:00,1380.0,0.0,487.0,0.0
2025-11-10 16:30:00,1439.0,0.0,479.0,0.0
2025-11-10 17:00:00,1399.0,0.0,455.0,0.0
2025-11-10 17:30:00,932.0,0.0,251.0,0.0
2025-11-10 18:00:00,1410.0,0.0,464.0,0.0
2025-11-10 18:30:00,1502.0,0.0,516.0,0.0
2025-11-10 19:00:00,1445.0,0.0,464.0,0.0
2025-11-10 19:30:00,1370.0,0.0,411.0,0.0
2025-11-10 20:00:00,1129.0,0.0,321.0,0.0
2025-11-10 20:30:00,1062.0,0.0,278.0,0.0
2025-11-10 21:00:00,1243.0,0.0,367.0,0.0
2025-11-10 21:30:00,1279.0,0.0,409.0,0.0
2025-11-10 22:00:00,1327.0,0.0,407.0,0.0
2025-11-10 22:30:00,1354.0,0.0,421.0,0.0
2025-11-10 23:00:00,1307.0,0.0,401.0,0.0
2025-11-10 23:30:00,1301.0,0.0,409.0,0.0
2025-11-11 00:00:00,1224.0,0.0,384.0,0.0
2025-11-11 00:30:00,971.0,0.0,234.0,0.0
2025-11-11 01:00:00,844.0,0.0,206.0,0.0
2025-11-11 01:30:00,1058.0,0.0,296.0,0.0
2025-11-11 02:00:00,1193.0,0.0,358.0,0.0
2025-11-11 02:30:00,1359.0,0.0,405.0,0.0
2025-11-11 03:00:00,1335.0,0.0,392.0,0.0
2025-11-11 03:30:00,1311.0,0.0,395.0,0.0
2025-11-11 04:00:00,1300.0,0.0,387.0,0.0
2025-11-11 04:30:00,1240.0,0.0,360.0,0.0
2025-11-11 05:00:00,1257.0,0.0,363.0,0.0
2025-11-11 05:30:00,1166.0,0.0,330.0,0.0
2025-11-11 06:00:00,1203.0,0.0,360.0,0.0
2025-11-11 06:30:00,785.0,0.0,175.0,0.0
2025-11-11 07:00:00,1047.0,0.0,313.0,0.0
2025-11-11 07:30:00,1005.0,0.0,278.0,0.0
2025-11-11 08:00:00,811.0,0.0,259.0,0.0
2025-11-11 08:30:00,894.0,0.0,294.0,0.0
2025-11-11 09:00:00,1209.0,0.0,406.0,0.0
2025-11-11 09:30:00,1229.0,0.0,394.0,0.0
2025-11-11 10:00:00,1145.0,0.0,435.0,0.0
2025-11-11 10:30:00,1208.0,0.0,481.0,0.0
2025-11-11 11:00:00,1208.0,0.0,459.0,0.0
2025-11-11 11:30:00,1036.0,0.0,466.0,0.0
2025-11-11 12:00:00,926.0,0.0,413.0,0.0
2025-11-11 12:30:00,812.0,0.0,385.0,0.0
2025-11-11 13:00:00,893.0,0.0,341.0,0.0
2025-11-11 13:30:00,368.0,0.0,199.0,0.0
2025-11-11 14:00:00,489.0,0.0,234.0,0.0
2025-11-11 14:30:00,1219.0,0.0,455.0,0.0
2025-11-11 15:00:00,1270.0,0.0,476.0,0.0
2025-11-11 15:30:00,1314.0,0.0,442.0,0.0
2025-11-11 16:00:00,1322.0,0.0,470.0,0.0
2025-11-11 16:30:00,1358.0,0.0,499.0,0.0
2025-11-11 17:00:00,1311.0,0.0,455.0,0.0
2025-11-11 17:30:00,955.0,0.0,281.0,0.0
2025-11-11 18:00:00,1287.0,0.0,432.0,0.0
2025-11-11 18:30:00,1506.0,0.0,503.0,0.0
2025-11-11 19:00:00,1484.0,0.0,521.0,0.0
2025-11-11 19:30:00,1606.0,0.0,523.0,0.0
2025-11-11 20:00:00,1219.0,0.0,354.0,0.0
2025-11-11 20:30:00,1137.0,0.0,301.0,0.0
2025-11-11 21:00:00,1339.0,0.0,387.0,0.0
2025-11-11 21:30:00,1415.0,0.0,449.0,0.0
2025-11-11 22:00:00,1358.0,0.0,407.0,0.0
2025-11-11 22:30:00,1371.0,0.0,422.0,0.0
2025-11-11 23:00:00,1282.0,0.0,348.0,0.0
2025-11-11 23:30:00,1290.0,0.0,379.0,0.0
2025-11-12 00:00:00,1171.0,0.0,324.0,0.0
2025-11-12 00:30:00,981.0,0.0,249.0,0.0
2025-11-12 01:00:00,882.0,0.0,205.0,0.0
2025-11-12 01:30:00,1060.0,0.0,275.0,0.0
2025-11-12 02:00:00,1232.0,0.0,363.0,0.0
2025-11-12 02:30:00,1362.0,0.0,395.0,0.0
2025-11-12 03:00:00,1410.0,0.0,406.0,0.0
2025-11-12 03:30:00,1375.0,0.0,393.0,0.0
2025-11-12 04:00:00,1397.0,0.0,415.0,0.0
2025-11-12 04:30:00,1394.0,0.0,412.0,0.0
2025-11-12 05:00:00,1254.0,0.0,341.0,0.0
2025-11-12 05:30:00,1167.0,0.0,328.0,0.0
2025-11-12 06:00:00,1144.0,0.0,281.0,0.0
2025-11-12 06:30:00,816.0,0.0,198.0,0.0
2025-11-12 07:00:00,1151.0,0.0,361.0,0.0
2025-11-12 07:30:00,1226.0,0.0,355.0,0.0
2025-11-12 08:00:00,929.0,0.0,266.0,0.0
2025-11-12 08:30:00,900.0,0.0,294.0,0.0
2025-11-12 09:00:00,1219.0,0.0,411.0,0.0
2025-11-12 09:30:00,1193.0,0.0,433.0,0.0
2025-11-12 10:00:00,1229.0,0.0,446.0,0.0
2025-11-12 10:30:00,1148.0,0.0,440.0,0.0
2025-11-12 11:00:00,971.0,0.0,420.0,0.0
2025-11-12 11:30:00,894.0,0.0,389.0,0.0
2025-11-12 12:00:00,1041.0,0.0,417.0,0.0
2025-11-12 12:30:00,810.0,0.0,380.0,0.0
2025-11-12 13:00:00,762.0,0.0,342.0,0.0
2025-11-12 13:30:00,520.0,0.0,186.0,0.0
2025-11-12 14:00:00,607.0,0.0,239.0,0.0
2025-11-12 14:30:00,1070.0,0.0,450.0,0.0
2025-11-12 15:00:00,1390.0,0.0,513.0,0.0
2025-11-12 15:30:00,1381.0,0.0,461.0,0.0
2025-11-12 16:00:00,1235.0,0.0,424.0,0.0
2025-11-12 16:30:00,1358.0,0.0,458.0,0.0
2025-11-12 17:00:00,1389.0,0.0,470.0,0.0
2025-11-12 17:30:00,901.0,0.0,278.0,0.0
2025-11-12 18:00:00,1385.0,0.0,468.0,0.0
2025-11-12 18:30:00,1442.0,0.0,435.0,0.0
2025-11-12 19:00:00,1463.0,0.0,461.0,0.0
2025-11-12 19:30:00,1390.0,0.0,425.0,0.0
2025-11-12 20:00:00,1124.0,0.0,313.0,0.0
2025-11-12 20:30:00,1068.0,0.0,292.0,0.0
2025-11-12 21:00:00,1263.0,0.0,363.0,0.0
2025-11-12 21:30:00,1420.0,0.0,432.0,0.0
2025-11-12 22:00:00,1357.0,0.0,411.0,0.0
2025-11-12 22:30:00,1324.0,0.0,388.0,0.0
2025-11-12 23:00:00,1336.0,0.0,398.0,0.0
2025-11-12 23:30:00,1335.0,0.0,420.0,0.0
2025-11-13 00:00:00,1314.0,0.0,375.0,0.0
2025-11-13 00:30:00,955.0,0.0,244.0,0.0
2025-11-13 01:00:00,814.0,0.0,172.0,0.0
2025-11-13 01:30:00,990.0,0.0,265.0,0.0
2025-11-13 02:00:00,1174.0,0.0,354.0,0.0
2025-11-13 02:30:00,1372.0,0.0,425.0,0.0
2025-11-13 03:00:00,1308.0,0.0,392.0,0.0
2025-11-13 03:30:00,1338.0,0.0,423.0,0.0
2025-11-13 04:00:00,1242.0,0.0,375.0,0.0
2025-11-13 04:30:00,1252.0,0.0,395.0,0.0
2025-11-13 05:00:00,1292.0,0.0,376.0,0.0
2025-11-13 05:30:00,1302.0,0.0,381.0,0.0
2025-11-13 06:00:00,1193.0,0.0,341.0,0.0
2025-11-13 06:30:00,896.0,0.0,239.0,0.0
2025-11-13 07:00:00,1089.0,0.0,310.0,0.0
2025-11-13 07:30:00,1170.0,0.0,349.0,0.0
2025-11-13 08:00:00,982.0,0.0,302.0,0.0
2025-11-13 08:30:00,1019.0,0.0,335.0,0.0
2025-11-13 09:00:00,1107.0,0.0,405.0,0.0
2025-11-13 09:30:00,947.0,0.0,403.0,0.0
2025-11-13 10:00:00,931.0,0.0,397.0,0.0
2025-11-13 10:30:00,880.0,0.0,414.0,0.0
2025-11-13 11:00:00,872.0,0.0,427.0,0.0
2025-11-13 11:30:00,1045.0,0.0,443.0,0.0
2025-11-13 12:00:00,1013.0,0.0,411.0,0.0
2025-11-13 12:30:00,912.0,0.0,379.0,0.0
2025-11-13 13:00:00,724.0,0.0,336.0,0.0
2025-11-13 13:30:00,556.0,0.0,232.0,0.0
2025-11-13 14:00:00,413.0,0.0,259.0,0.0
2025-11-13 14:30:00,811.0,0.0,373.0,0.0
2025-11-13 15:00:00,813.0,0.0,399.0,0.0
2025-11-13 15:30:00,1463.0,0.0,489.0,0.0
2025-11-13 16:00:00,1499.0,0.0,495.0,0.0
2025-11-13 16:30:00,1417.0,0.0,468.0,0.0
2025-11-13 17:00:00,1372.0,0.0,445.0,0.0
2025-11-13 17:30:00,1003.0,0.0,278.0,0.0
2025-11-13 18:00:00,1326.0,0.0,422.0,0.0
2025-11-13 18:30:00,1401.0,0.0,434.0,0.0
2025-11-13 19:00:00,1283.0,0.0,404.0,0.0
2025-11-13 19:30:00,1343.0,0.0,434.0,0.0
2025-11-13 20:00:00,1089.0,0.0,282.0,0.0
2025-11-13 20:30:00,996.0,0.0,271.0,0.0
2025-11-13 21:00:00,1266.0,0.0,428.0,0.0
2025-11-13 21:30:00,1243.0,0.0,365.0,0.0
2025-11-13 22:00:00,1301.0,0.0,424.0,0.0
2025-11-13 22:30:00,1381.0,0.0,438.0,0.0
2025-11-13 23:00:00,1365.0,0.0,415.0,0.0
2025-11-13 23:30:00,1303.0,0.0,396.0,0.0
2025-11-14 00:00:00,1263.0,0.0,367.0,0.0
2025-11-14 00:30:00,928.0,0.0,234.0,0.0
2025-11-14 01:00:00,775.0,0.0,165.0,0.0
2025-11-14 01:30:00,955.0,0.0,277.0,0.0
2025-11-14 02:00:00,1123.0,0.0,344.0,0.0
2025-11-14 02:30:00,1345.0,0.0,406.0,0.0
2025-11-14 03:00:00,1319.0,0.0,404.0,0.0
2025-11-14 03:30:00,1201.0,0.0,380.0,0.0
2025-11-14 04:00:00,1156.0,0.0,338.0,0.0
2025-11-14 04:30:00,1128.0,0.0,319.0,0.0
2025-11-14 05:00:00,1136.0,0.0,342.0,0.0
2025-11-14 05:30:00,1118.0,0.0,318.0,0.0
2025-11-14 06:00:00,1142.0,0.0,363.0,0.0
2025-11-14 06:30:00,856.0,0.0,174.0,0.0
2025-11-14 07:00:00,1162.0,0.0,363.0,0.0
2025-11-14 07:30:00,1132.0,0.0,310.0,0.0
2025-11-14 08:00:00,913.0,0.0,235.0,0.0
2025-11-14 08:30:00,854.0,0.0,266.0,0.0
2025-11-14 09:00:00,1019.0,0.0,364.0,0.0
2025-11-14 09:30:00,1015.0,0.0,373.0,0.0
2025-11-14 10:00:00,1003.0,0.0,385.0,0.0
2025-11-14 10:30:00,977.0,0.0,397.0,0.0
2025-11-14 11:00:00,921.0,0.0,452.0,0.0
2025-11-14 11:30:00,1075.0,0.0,419.0,0.0
2025-11-14 12:00:00,1022.0,0.0,434.0,0.0
2025-11-14 12:30:00,807.0,0.0,403.0,0.0
2025-11-14 13:00:00,794.0,0.0,332.0,0.0
2025-11-14 13:30:00,498.0,0.0,232.0,0.0
2025-11-14 14:00:00,664.0,0.0,258.0,0.0
2025-11-14 14:30:00,892.0,0.0,396.0,0.0
2025-11-14 15:00:00,1029.0,0.0,452.0,0.0
2025-11-14 15:30:00,1042.0,0.0,383.0,0.0
2025-11-14 16:00:00,1141.0,0.0,460.0,0.0
2025-11-14 16:30:00,1211.0,0.0,465.0,0.0
2025-11-14 17:00:00,1279.0,0.0,439.0,0.0
2025-11-14 17:30:00,925.0,0.0,256.0,0.0
2025-11-14 18:00:00,1311.0,0.0,398.0,0.0
2025-11-14 18:30:00,1464.0,0.0,476.0,0.0
2025-11-14 19:00:00,1366.0,0.0,431.0,0.0
2025-11-14 19:30:00,1231.0,0.0,378.0,0.0
2025-11-14 20:00:00,1030.0,0.0,288.0,0.0
2025-11-14 20:30:00,1030.0,0.0,323.0,0.0
2025-11-14 21:00:00,1289.0,0.0,388.0,0.0
2025-11-14 21:30:00,1284.0,0.0,396.0,0.0
2025-11-14 22:00:00,1217.0,0.0,369.0,0.0
2025-11-14 22:30:00,1319.0,0.0,413.0,0.0
2025-11-14 23:00:00,1360.0,0.0,403.0,0.0
2025-11-14 23:30:00,1356.0,0.0,400.0,0.0
2025-11-15 00:00:00,1309.0,0.0,431.0,0.0
2025-11-15 00:30:00,1037.0,0.0,326.0,0.0
2025-11-15 01:00:00,853.0,0.0,239.0,0.0
2025-11-15 01:30:00,1000.0,0.0,285.0,0.0
2025-11-15 02:00:00,1184.0,0.0,367.0,0.0
2025-11-15 02:30:00,1283.0,0.0,380.0,0.0
2025-11-15 03:00:00,1164.0,0.0,360.0,0.0
2025-11-15 03:30:00,1278.0,0.0,408.0,0.0
2025-11-15 04:00:00,1232.0,0.0,373.0,0.0
2025-11-15 04:30:00,1187.0,0.0,355.0,0.0
2025-11-15 05:00:00,1258.0,0.0,391.0,0.0
2025-11-15 05:30:00,1228.0,0.0,367.0,0.0
2025-11-15 06:00:00,1119.0,0.0,301.0,0.0
2025-11-15 06:30:00,739.0,0.0,212.0,0.0
2025-11-15 07:00:00,1048.0,0.0,321.0,0.0
2025-11-15 07:30:00,1148.0,0.0,347.0,0.0
2025-11-15 08:00:00,937.0,0.0,298.0,0.0
2025-11-15 08:30:00,1005.0,0.0,337.0,0.0
2025-11-15 09:00:00,1292.0,0.0,496.0,0.0
2025-11-15 09:30:00,1133.0,0.0,433.0,0.0
2025-11-15 10:00:00,1162.0,0.0,471.0,0.0
2025-11-15 10:30:00,1171.0,0.0,460.0,0.0
2025-11-15 11:00:00,1030.0,0.0,458.0,0.0
2025-11-15 11:30:00,965.0,0.0,475.0,0.0
2025-11-15 12:00:00,922.0,0.0,464.0,0.0
2025-11-15 12:30:00,951.0,0.0,426.0,0.0
2025-11-15 13:00:00,936.0,0.0,416.0,0.0
2025-11-15 13:30:00,484.0,0.0,213.0,0.0
2025-11-15 14:00:00,410.0,0.0,182.0,0.0
2025-11-15 14:30:00,909.0,0.0,410.0,0.0
2025-11-15 15:00:00,956.0,0.0,407.0,0.0
2025-11-15 15:30:00,902.0,0.0,433.0,0.0
2025-11-15 16:00:00,936.0,0.0,462.0,0.0
2025-11-15 16:30:00,1263.0,0.0,421.0,0.0
2025-11-15 17:00:00,1012.0,0.0,291.0,0.0
2025-11-15 17:30:00,776.0,0.0,240.0,0.0
2025-11-15 18:00:00,983.0,0.0,312.0,0.0
2025-11-15 18:30:00,955.0,0.0,286.0,0.0
2025-11-15 19:00:00,889.0,0.0,254.0,0.0
2025-11-15 19:30:00,841.0,0.0,232.0,0.0
2025-11-15 20:00:00,746.0,0.0,206.0,0.0
2025-11-15 20:30:00,963.0,0.0,304.0,0.0
2025-11-15 21:00:00,1140.0,0.0,373.0,0.0
2025-11-15 21:30:00,1021.0,0.0,319.0,0.0
2025-11-15 22:00:00,1231.0,0.0,380.0,0.0
2025-11-15 22:30:00,1330.0,0.0,406.0,0.0
2025-11-15 23:00:00,1297.0,0.0,418.0,0.0
2025-11-15 23:30:00,1214.0,0.0,357.0,0.0
2025-11-16 00:00:00,1324.0,0.0,411.0,0.0
2025-11-16 00:30:00,994.0,0.0,319.0,0.0
2025-11-16 01:00:00,873.0,0.0,253.0,0.0
2025-11-16 01:30:00,980.0,0.0,282.0,0.0
2025-11-16 02:00:00,1008.0,0.0,276.0,0.0
2025-11-16 02:30:00,1183.0,0.0,368.0,0.0
2025-11-16 03:00:00,1187.0,0.0,344.0,0.0
2025-11-16 03:30:00,1165.0,0.0,352.0,0.0
2025-11-16 04:00:00,1133.0,0.0,338.0,0.0
2025-11-16 04:30:00,1103.0,0.0,330.0,0.0
2025-11-16 05:00:00,908.0,0.0,247.0,0.0
2025-11-16 05:30:00,887.0,0.0,228.0,0.0
2025-11-16 06:00:00,901.0,0.0,247.0,0.0
2025-11-16 06:30:00,631.0,0.0,142.0,0.0
2025-11-16 07:00:00,840.0,0.0,229.0,0.0
2025-11-16 07:30:00,731.0,0.0,195.0,0.0
2025-11-16 08:00:00,669.0,0.0,169.0,0.0
2025-11-16 08:30:00,583.0,0.0,173.0,0.0
2025-11-16 09:00:00,806.0,0.0,266.0,0.0
2025-11-16 09:30:00,1095.0,0.0,423.0,0.0
2025-11-16 10:00:00,1088.0,0.0,425.0,0.0
2025-11-16 10:30:00,1086.0,0.0,439.0,0.0
2025-11-16 11:00:00,1004.0,0.0,413.0,0.0
2025-11-16 11:30:00,907.0,0.0,397.0,0.0
2025-11-16 12:00:00,814.0,0.0,445.0,0.0
2025-11-16 12:30:00,858.0,0.0,456.0,0.0
2025-11-16 13:00:00,766.0,0.0,354.0,0.0
2025-11-16 13:30:00,298.0,0.0,165.0,0.0
2025-11-16 14:00:00,357.0,0.0,175.0,0.0
2025-11-16 14:30:00,953.0,0.0,408.0,0.0
2025-11-16 15:00:00,1114.0,0.0,428.0,0.0
2025-11-16 15:30:00,1161.0,0.0,454.0,0.0
2025-11-16 16:00:00,1455.0,0.0,518.0,0.0
2025-11-16 16:30:00,1404.0,0.0,462.0,0.0
2025-11-16 17:00:00,1288.0,0.0,444.0,0.0
2025-11-16 17:30:00,1012.0,0.0,292.0,0.0
2025-11-16 18:00:00,1160.0,0.0,364.0,0.0
2025-11-16 18:30:00,948.0,0.0,288.0,0.0
2025-11-16 19:00:00,966.0,0.0,279.0,0.0
2025-11-16 19:30:00,825.0,0.0,217.0,0.0
2025-11-16 20:00:00,640.0,0.0,165.0,0.0
2025-11-16 20:30:00,673.0,0.0,188.0,0.0
2025-11-16 21:00:00,875.0,0.0,282.0,0.0
2025-11-16 21:30:00,959.0,0.0,263.0,0.0
2025-11-16 22:00:00,858.0,0.0,225.0,0.0
2025-11-16 22:30:00,948.0,0.0,270.0,0.0
2025-11-16 23:00:00,926.0,0.0,261.0,0.0
2025-11-16 23:30:00,926.0,0.0,281.0,0.0
2025-11-17 00:00:00,969.0,0.0,273.0,0.0
2025-11-17 00:30:00,617.0,0.0,157.0,0.0
2025-11-17 01:00:00,579.0,0.0,136.0,0.0
2025-11-17 01:30:00,801.0,0.0,233.0,0.0
2025-11-17 02:00:00,1014.0,0.0,283.0,0.0
2025-11-17 02:30:00,937.0,0.0,274.0,0.0
2025-11-17 03:00:00,947.0,0.0,259.0,0.0
2025-11-17 03:30:00,955.0,0.0,254.0,0.0
2025-11-17 04:00:00,950.0,0.0,286.0,0.0
2025-11-17 04:30:00,952.0,0.0,300.0,0.0
2025-11-17 05:00:00,885.0,0.0,263.0,0.0
2025-11-17 05:30:00,900.0,0.0,269.0,0.0
2025-11-17 06:00:00,868.0,0.0,252.0,0.0
2025-11-17 06:30:00,704.0,0.0,171.0,0.0
2025-11-17 07:00:00,819.0,0.0,224.0,0.0
2025-11-17 07:30:00,843.0,0.0,236.0,0.0
2025-11-17 08:00:00,703.0,0.0,213.0,0.0
2025-11-17 08:30:00,856.0,0.0,323.0,0.0
2025-11-17 09:00:00,1055.0,0.0,408.0,0.0
2025-11-17 09:30:00,1084.0,0.0,455.0,0.0
2025-11-17 10:00:00,976.0,0.0,407.0,0.0
2025-11-17 10:30:00,897.0,0.0,427.0,0.0
2025-11-17 11:00:00,765.0,0.0,394.0,0.0
2025-11-17 11:30:00,898.0,0.0,424.0,0.0
2025-11-17 12:00:00,1048.0,0.0,465.0,0.0
2025-11-17 12:30:00,781.0,0.0,407.0,0.0
2025-11-17 13:00:00,585.0,0.0,332.0,0.0
2025-11-17 13:30:00,461.0,0.0,276.0,0.0
2025-11-17 14:00:00,527.0,0.0,295.0,0.0
2025-11-17 14:30:00,915.0,0.0,453.0,0.0
2025-11-17 15:00:00,989.0,0.0,405.0,0.0
2025-11-17 15:30:00,1136.0,0.0,449.0,0.0
2025-11-17 16:00:00,1461.0,0.0,514.0,0.0
2025-11-17 16:30:00,1448.0,0.0,472.0,0.0
2025-11-17 17:00:00,1421.0,0.0,503.0,0.0
2025-11-17 17:30:00,1002.0,0.0,329.0,0.0
2025-11-17 18:00:00,1340.0,0.0,452.0,0.0
2025-11-17 18:30:00,1395.0,0.0,471.0,0.0
2025-11-17 19:00:00,1428.0,0.0,500.0,0.0
2025-11-17 19:30:00,1334.0,0.0,480.0,0.0
2025-11-17 20:00:00,1075.0,0.0,341.0,0.0
2025-11-17 20:30:00,1047.0,0.0,353.0,0.0
2025-11-17 21:00:00,1203.0,0.0,397.0,0.0
2025-11-17 21:30:00,1360.0,0.0,463.0,0.0
2025-11-17 22:00:00,1398.0,0.0,476.0,0.0
2025-11-17 22:30:00,1324.0,0.0,441.0,0.0
2025-11-17 23:00:00,1296.0,0.0,428.0,0.0
2025-11-17 23:30:00,1352.0,0.0,457.0,0.0
2025-11-18 00:00:00,1347.0,0.0,450.0,0.0
2025-11-18 00:30:00,979.0,0.0,278.0,0.0
2025-11-18 01:00:00,802.0,0.0,217.0,0.0
2025-11-18 01:30:00,996.0,0.0,319.0,0.0
2025-11-18 02:00:00,1234.0,0.0,396.0,0.0
2025-11-18 02:30:00,1357.0,0.0,429.0,0.0
2025-11-18 03:00:00,1342.0,0.0,427.0,0.0
2025-11-18 03:30:00,1272.0,0.0,423.0,0.0
2025-11-18 04:00:00,1247.0,0.0,415.0,0.0
2025-11-18 04:30:00,1355.0,0.0,462.0,0.0
2025-11-18 05:00:00,1277.0,0.0,408.0,0.0
2025-11-18 05:30:00,1201.0,0.0,396.0,0.0
2025-11-18 06:00:00,1125.0,0.0,336.0,0.0
2025-11-18 06:30:00,777.0,0.0,189.0,0.0
2025-11-18 07:00:00,1119.0,0.0,351.0,0.0
2025-11-18 07:30:00,1255.0,0.0,395.0,0.0
2025-11-18 08:00:00,873.0,0.0,289.0,0.0
2025-11-18 08:30:00,1012.0,0.0,340.0,0.0
2025-11-18 09:00:00,1381.0,0.0,507.0,0.0
2025-11-18 09:30:00,1337.0,0.0,496.0,0.0
2025-11-18 10:00:00,1401.0,0.0,507.0,0.0
2025-11-18 10:30:00,1374.0,0.0,509.0,0.0
2025-11-18 11:00:00,1348.0,0.0,498.0,0.0
2025-11-18 11:30:00,1089.0,0.0,452.0,0.0
2025-11-18 12:00:00,949.0,0.0,437.0,0.0
2025-11-18 12:30:00,845.0,0.0,416.0,0.0
2025-11-18 13:00:00,759.0,0.0,357.0,0.0
2025-11-18 13:30:00,411.0,0.0,242.0,0.0
2025-11-18 14:00:00,526.0,0.0,283.0,0.0
2025-11-18 14:30:00,1090.0,0.0,479.0,0.0
2025-11-18 15:00:00,1199.0,0.0,523.0,0.0
2025-11-18 15:30:00,1198.0,0.0,491.0,0.0
2025-11-18 16:00:00,1062.0,0.0,462.0,0.0
2025-11-18 16:30:00,1086.0,0.0,458.0,0.0
2025-11-18 17:00:00,1208.0,0.0,471.0,0.0
2025-11-18 17:30:00,853.0,0.0,318.0,0.0
2025-11-18 18:00:00,1341.0,0.0,469.0,0.0
2025-11-18 18:30:00,1389.0,0.0,495.0,0.0
2025-11-18 19:00:00,1430.0,0.0,498.0,0.0
2025-11-18 19:30:00,1403.0,0.0,472.0,0.0
2025-11-18 20:00:00,1195.0,0.0,372.0,0.0
2025-11-18 20:30:00,1058.0,0.0,342.0,0.0
2025-11-18 21:00:00,1228.0,0.0,415.0,0.0
2025-11-18 21:30:00,1265.0,0.0,422.0,0.0
2025-11-18 22:00:00,1311.0,0.0,429.0,0.0
2025-11-18 22:30:00,1420.0,0.0,474.0,0.0
2025-11-18 23:00:00,1453.0,0.0,491.0,0.0
2025-11-18 23:30:00,1307.0,0.0,420.0,0.0
2025-11-19 00:00:00,1260.0,0.0,411.0,0.0
2025-11-19 00:30:00,1062.0,0.0,308.0,0.0
2025-11-19 01:00:00,893.0,0.0,241.0,0.0
2025-11-19 01:30:00,988.0,0.0,292.0,0.0
2025-11-19 02:00:00,1114.0,0.0,352.0,0.0
2025-11-19 02:30:00,1329.0,0.0,439.0,0.0
2025-11-19 03:00:00,1392.0,0.0,461.0,0.0
2025-11-19 03:30:00,1299.0,0.0,427.0,0.0
2025-11-19 04:00:00,1227.0,0.0,407.0,0.0
2025-11-19 04:30:00,1271.0,0.0,416.0,0.0
2025-11-19 05:00:00,1256.0,0.0,408.0,0.0
2025-11-19 05:30:00,1292.0,0.0,413.0,0.0
2025-11-19 06:00:00,1117.0,0.0,327.0,0.0
2025-11-19 06:30:00,817.0,0.0,224.0,0.0
2025-11-19 07:00:00,1085.0,0.0,350.0,0.0
2025-11-19 07:30:00,1205.0,0.0,391.0,0.0
2025-11-19 08:00:00,940.0,0.0,293.0,0.0
2025-11-19 08:30:00,986.0,0.0,353.0,0.0
2025-11-19 09:00:00,1216.0,0.0,439.0,0.0
2025-11-19 09:30:00,1231.0,0.0,452.0,0.0
2025-11-19 10:00:00,1183.0,0.0,451.0,0.0
2025-11-19 10:30:00,1099.0,0.0,447.0,0.0
2025-11-19 11:00:00,1062.0,0.0,486.0,0.0
2025-11-19 11:30:00,989.0,0.0,485.0,0.0
2025-11-19 12:00:00,1037.0,0.0,456.0,0.0
2025-11-19 12:30:00,1047.0,0.0,464.0,0.0
2025-11-19 13:00:00,717.0,0.0,382.0,0.0
2025-11-19 13:30:00,440.0,0.0,264.0,0.0
2025-11-19 14:00:00,506.0,0.0,318.0,0.0
2025-11-19 14:30:00,1037.0,0.0,443.0,0.0
2025-11-19 15:00:00,909.0,0.0,501.0,0.0
2025-11-19 15:30:00,1242.0,0.0,483.0,0.0
2025-11-19 16:00:00,1322.0,0.0,464.0,0.0
2025-11-19 16:30:00,1277.0,0.0,467.0,0.0
2025-11-19 17:00:00,1315.0,0.0,481.0,0.0
2025-11-19 17:30:00,935.0,0.0,335.0,0.0
2025-11-19 18:00:00,1425.0,0.0,495.0,0.0
2025-11-19 18:30:00,1484.0,0.0,512.0,0.0
2025-11-19 19:00:00,1629.0,0.0,554.0,0.0
2025-11-19 19:30:00,1468.0,0.0,470.0,0.0
2025-11-19 20:00:00,1175.0,0.0,365.0,0.0
2025-11-19 20:30:00,1159.0,0.0,357.0,0.0
2025-11-19 21:00:00,1330.0,0.0,438.0,0.0
2025-11-19 21:30:00,1458.0,0.0,456.0,0.0
2025-11-19 22:00:00,1341.0,0.0,422.0,0.0
2025-11-19 22:30:00,1334.0,0.0,430.0,0.0
2025-11-19 23:00:00,1399.0,0.0,461.0,0.0
2025-11-19 23:30:00,1334.0,0.0,435.0,0.0
2025-11-20 00:00:00,1264.0,0.0,387.0,0.0
2025-11-20 00:30:00,1037.0,0.0,320.0,0.0
2025-11-20 01:00:00,902.0,0.0,237.0,0.0
2025-11-20 01:30:00,1094.0,0.0,352.0,0.0
2025-11-20 02:00:00,1111.0,0.0,351.0,0.0
2025-11-20 02:30:00,1401.0,0.0,456.0,0.0
2025-11-20 03:00:00,1482.0,0.0,471.0,0.0
2025-11-20 03:30:00,1420.0,0.0,466.0,0.0
2025-11-20 04:00:00,1348.0,0.0,456.0,0.0
2025-11-20 04:30:00,1352.0,0.0,440.0,0.0
2025-11-20 05:00:00,1350.0,0.0,466.0,0.0
2025-11-20 05:30:00,1387.0,0.0,456.0,0.0
2025-11-20 06:00:00,1282.0,0.0,409.0,0.0
2025-11-20 06:30:00,836.0,0.0,209.0,0.0
2025-11-20 07:00:00,1274.0,0.0,397.0,0.0
2025-11-20 07:30:00,1294.0,0.0,412.0,0.0
2025-11-20 08:00:00,1021.0,0.0,344.0,0.0
2025-11-20 08:30:00,1030.0,0.0,359.0,0.0
2025-11-20 09:00:00,1375.0,0.0,517.0,0.0
2025-11-20 09:30:00,1342.0,0.0,497.0,0.0
2025-11-20 10:00:00,1305.0,0.0,499.0,0.0
2025-11-20 10:30:00,1280.0,0.0,480.0,0.0
2025-11-20 11:00:00,1229.0,0.0,524.0,0.0
2025-11-20 11:30:00,1182.0,0.0,506.0,0.0
2025-11-20 12:00:00,1347.0,0.0,533.0,0.0
2025-11-20 12:30:00,1250.0,0.0,495.0,0.0
2025-11-20 13:00:00,1015.0,0.0,416.0,0.0
2025-11-20 13:30:00,771.0,0.0,298.0,0.0
2025-11-20 14:00:00,785.0,0.0,340.0,0.0
2025-11-20 14:30:00,1222.0,0.0,503.0,0.0
2025-11-20 15:00:00,1200.0,0.0,519.0,0.0
2025-11-20 15:30:00,1241.0,0.0,468.0,0.0
2025-11-20 16:00:00,1106.0,0.0,484.0,0.0
2025-11-20 16:30:00,1253.0,0.0,475.0,0.0
2025-11-20 17:00:00,1347.0,0.0,480.0,0.0
2025-11-20 17:30:00,1063.0,0.0,362.0,0.0
2025-11-20 18:00:00,1469.0,0.0,516.0,0.0
2025-11-20 18:30:00,1489.0,0.0,528.0,0.0
2025-11-20 19:00:00,1631.0,0.0,567.0,0.0
2025-11-20 19:30:00,1589.0,0.0,541.0,0.0
2025-11-20 20:00:00,1189.0,0.0,382.0,0.0
2025-11-20 20:30:00,1079.0,0.0,343.0,0.0
2025-11-20 21:00:00,1343.0,0.0,442.0,0.0
2025-11-20 21:30:00,1466.0,0.0,494.0,0.0
2025-11-20 22:00:00,1410.0,0.0,472.0,0.0
2025-11-20 22:30:00,1422.0,0.0,496.0,0.0
2025-11-20 23:00:00,1494.0,0.0,494.0,0.0
2025-11-20 23:30:00,1460.0,0.0,472.0,0.0
2025-11-21 00:00:00,1304.0,0.0,421.0,0.0
2025-11-21 00:30:00,1025.0,0.0,282.0,0.0
2025-11-21 01:00:00,855.0,0.0,234.0,0.0
2025-11-21 01:30:00,1018.0,0.0,318.0,0.0
2025-11-21 02:00:00,1226.0,0.0,383.0,0.0
2025-11-21 02:30:00,1444.0,0.0,455.0,0.0
2025-11-21 03:00:00,1355.0,0.0,451.0,0.0
2025-11-21 03:30:00,1363.0,0.0,439.0,0.0
2025-11-21 04:00:00,1411.0,0.0,463.0,0.0
2025-11-21 04:30:00,1205.0,0.0,401.0,0.0
2025-11-21 05:00:00,1310.0,0.0,450.0,0.0
2025-11-21 05:30:00,1334.0,0.0,437.0,0.0
2025-11-21 06:00:00,1185.0,0.0,384.0,0.0
2025-11-21 06:30:00,852.0,0.0,242.0,0.0
2025-11-21 07:00:00,1157.0,0.0,371.0,0.0
2025-11-21 07:30:00,1211.0,0.0,405.0,0.0
2025-11-21 08:00:00,871.0,0.0,248.0,0.0
2025-11-21 08:30:00,1008.0,0.0,346.0,0.0
2025-11-21 09:00:00,1192.0,0.0,434.0,0.0
2025-11-21 09:30:00,1336.0,0.0,459.0,0.0
2025-11-21 10:00:00,1389.0,0.0,493.0,0.0
2025-11-21 10:30:00,1423.0,0.0,530.0,0.0
2025-11-21 11:00:00,1308.0,0.0,482.0,0.0
2025-11-21 11:30:00,1206.0,0.0,512.0,0.0
2025-11-21 12:00:00,1203.0,0.0,522.0,0.0
2025-11-21 12:30:00,953.0,0.0,458.0,0.0
2025-11-21 13:00:00,787.0,0.0,390.0,0.0
2025-11-21 13:30:00,362.0,0.0,258.0,0.0
2025-11-21 14:00:00,523.0,0.0,265.0,0.0
2025-11-21 14:30:00,1058.0,0.0,417.0,0.0
2025-11-21 15:00:00,1495.0,0.0,521.0,0.0
2025-11-21 15:30:00,1415.0,0.0,523.0,0.0
2025-11-21 16:00:00,1397.0,0.0,516.0,0.0
2025-11-21 16:30:00,1417.0,0.0,495.0,0.0
2025-11-21 17:00:00,1318.0,0.0,478.0,0.0
2025-11-21 17:30:00,944.0,0.0,300.0,0.0
2025-11-21 18:00:00,1222.0,0.0,441.0,0.0
2025-11-21 18:30:00,1414.0,0.0,496.0,0.0
2025-11-21 19:00:00,1562.0,0.0,536.0,0.0
2025-11-21 19:30:00,1494.0,0.0,508.0,0.0
2025-11-21 20:00:00,1292.0,0.0,421.0,0.0
2025-11-21 20:30:00,1146.0,0.0,367.0,0.0
2025-11-21 21:00:00,1380.0,0.0,453.0,0.0
2025-11-21 21:30:00,1375.0,0.0,449.0,0.0
2025-11-21 22:00:00,1423.0,0.0,504.0,0.0
2025-11-21 22:30:00,1300.0,0.0,423.0,0.0
2025-11-21 23:00:00,1415.0,0.0,470.0,0.0
2025-11-21 23:30:00,1401.0,0.0,476.0,0.0
2025-11-22 00:00:00,1353.0,0.0,411.0,0.0
2025-11-22 00:30:00,975.0,0.0,297.0,0.0
2025-11-22 01:00:00,828.0,0.0,238.0,0.0
2025-11-22 01:30:00,959.0,0.0,288.0,0.0
2025-11-22 02:00:00,1149.0,0.0,362.0,0.0
2025-11-22 02:30:00,1301.0,0.0,443.0,0.0
2025-11-22 03:00:00,1372.0,0.0,432.0,0.0
2025-11-22 03:30:00,1222.0,0.0,384.0,0.0
2025-11-22 04:00:00,1301.0,0.0,414.0,0.0
2025-11-22 04:30:00,1406.0,0.0,438.0,0.0
2025-11-22 05:00:00,1385.0,0.0,462.0,0.0
2025-11-22 05:30:00,1333.0,0.0,440.0,0.0
2025-11-22 06:00:00,1262.0,0.0,407.0,0.0
2025-11-22 06:30:00,916.0,0.0,269.0,0.0
2025-11-22 07:00:00,1320.0,0.0,453.0,0.0
2025-11-22 07:30:00,1219.0,0.0,383.0,0.0
2025-11-22 08:00:00,984.0,0.0,323.0,0.0
2025-11-22 08:30:00,966.0,0.0,345.0,0.0
2025-11-22 09:00:00,1146.0,0.0,414.0,0.0
2025-11-22 09:30:00,1090.0,0.0,443.0,0.0
2025-11-22 10:00:00,1132.0,0.0,457.0,0.0
2025-11-22 10:30:00,951.0,0.0,439.0,0.0
2025-11-22 11:00:00,1134.0,0.0,504.0,0.0
2025-11-22 11:30:00,1101.0,0.0,455.0,0.0
2025-11-22 12:00:00,977.0,0.0,451.0,0.0
2025-11-22 12:30:00,1034.0,0.0,458.0,0.0
2025-11-22 13:00:00,1048.0,0.0,433.0,0.0
2025-11-22 13:30:00,456.0,0.0,255.0,0.0
2025-11-22 14:00:00,251.0,0.0,210.0,0.0
2025-11-22 14:30:00,813.0,0.0,407.0,0.0
2025-11-22 15:00:00,1056.0,0.0,455.0,0.0
2025-11-22 15:30:00,1044.0,0.0,466.0,0.0
2025-11-22 16:00:00,1044.0,0.0,457.0,0.0
2025-11-22 16:30:00,931.0,0.0,364.0,0.0
2025-11-22 17:00:00,779.0,0.0,280.0,0.0
2025-11-22 17:30:00,666.0,0.0,185.0,0.0
2025-11-22 18:00:00,914.0,0.0,306.0,0.0
2025-11-22 18:30:00,1008.0,0.0,329.0,0.0
2025-11-22 19:00:00,987.0,0.0,308.0,0.0
2025-11-22 19:30:00,874.0,0.0,261.0,0.0
2025-11-22 20:00:00,778.0,0.0,211.0,0.0
2025-11-22 20:30:00,949.0,0.0,287.0,0.0
2025-11-22 21:00:00,1334.0,0.0,449.0,0.0
2025-11-22 21:30:00,1389.0,0.0,465.0,0.0
2025-11-22 22:00:00,1433.0,0.0,451.0,0.0
2025-11-22 22:30:00,1307.0,0.0,410.0,0.0
2025-11-22 23:00:00,1379.0,0.0,448.0,0.0
2025-11-22 23:30:00,1297.0,0.0,399.0,0.0
2025-11-23 00:00:00,1366.0,0.0,425.0,0.0
2025-11-23 00:30:00,1078.0,0.0,310.0,0.0
2025-11-23 01:00:00,927.0,0.0,249.0,0.0
2025-11-23 01:30:00,1031.0,0.0,312.0,0.0
2025-11-23 02:00:00,1065.0,0.0,306.0,0.0
2025-11-23 02:30:00,1220.0,0.0,412.0,0.0
2025-11-23 03:00:00,1250.0,0.0,408.0,0.0
2025-11-23 03:30:00,1258.0,0.0,396.0,0.0
2025-11-23 04:00:00,1276.0,0.0,394.0,0.0
2025-11-23 04:30:00,1135.0,0.0,341.0,0.0
2025-11-23 05:00:00,1089.0,0.0,332.0,0.0
2025-11-23 05:30:00,1003.0,0.0,287.0,0.0
2025-11-23 06:00:00,966.0,0.0,267.0,0.0
2025-11-23 06:30:00,708.0,0.0,197.0,0.0
2025-11-23 07:00:00,915.0,0.0,265.0,0.0
2025-11-23 07:30:00,882.0,0.0,259.0,0.0
2025-11-23 08:00:00,745.0,0.0,224.0,0.0
2025-11-23 08:30:00,714.0,0.0,214.0,0.0
2025-11-23 09:00:00,732.0,0.0,275.0,0.0
2025-11-23 09:30:00,963.0,0.0,376.0,0.0
2025-11-23 10:00:00,1100.0,0.0,413.0,0.0
2025-11-23 10:30:00,1092.0,0.0,402.0,0.0
2025-11-23 11:00:00,1150.0,0.0,437.0,0.0
2025-11-23 11:30:00,967.0,0.0,423.0,0.0
2025-11-23 12:00:00,1158.0,0.0,429.0,0.0
2025-11-23 12:30:00,969.0,0.0,454.0,0.0
2025-11-23 13:00:00,790.0,0.0,386.0,0.0
2025-11-23 13:30:00,168.0,2.0,190.0,0.0
2025-11-23 14:00:00,487.0,0.0,199.0,0.0
2025-11-23 14:30:00,1071.0,0.0,407.0,0.0
2025-11-23 15:00:00,1156.0,0.0,453.0,0.0
2025-11-23 15:30:00,1232.0,0.0,426.0,0.0
2025-11-23 16:00:00,1225.0,0.0,458.0,0.0
2025-11-23 16:30:00,1254.0,0.0,448.0,0.0
2025-11-23 17:00:00,1215.0,0.0,415.0,0.0
2025-11-23 17:30:00,976.0,0.0,324.0,0.0
2025-11-23 18:00:00,1149.0,0.0,371.0,0.0
2025-11-23 18:30:00,934.0,0.0,264.0,0.0
2025-11-23 19:00:00,1056.0,0.0,330.0,0.0
2025-11-23 19:30:00,884.0,0.0,252.0,0.0
2025-11-23 20:00:00,662.0,0.0,174.0,0.0
2025-11-23 20:30:00,677.0,0.0,191.0,0.0
2025-11-23 21:00:00,868.0,0.0,250.0,0.0
2025-11-23 21:30:00,1202.0,0.0,377.0,0.0
2025-11-23 22:00:00,1324.0,0.0,404.0,0.0
2025-11-23 22:30:00,1178.0,0.0,359.0,0.0
2025-11-23 23:00:00,1260.0,0.0,398.0,0.0
2025-11-23 23:30:00,1233.0,0.0,390.0,0.0
2025-11-24 00:00:00,1130.0,0.0,352.0,0.0
2025-11-24 00:30:00,903.0,0.0,250.0,0.0
2025-11-24 01:00:00,838.0,0.0,212.0,0.0
2025-11-24 01:30:00,1042.0,0.0,312.0,0.0
2025-11-24 02:00:00,1087.0,0.0,326.0,0.0
2025-11-24 02:30:00,1151.0,0.0,364.0,0.0
2025-11-24 03:00:00,1166.0,0.0,383.0,0.0
2025-11-24 03:30:00,1209.0,0.0,393.0,0.0
2025-11-24 04:00:00,1163.0,0.0,358.0,0.0
2025-11-24 04:30:00,1239.0,0.0,395.0,0.0
2025-11-24 05:00:00,1256.0,0.0,402.0,0.0
2025-11-24 05:30:00,1141.0,0.0,343.0,0.0
2025-11-24 06:00:00,1117.0,0.0,345.0,0.0
2025-11-24 06:30:00,776.0,0.0,226.0,0.0
2025-11-24 07:00:00,1082.0,0.0,332.0,0.0
2025-11-24 07:30:00,903.0,0.0,264.0,0.0
2025-11-24 08:00:00,816.0,0.0,239.0,0.0
2025-11-24 08:30:00,972.0,0.0,319.0,0.0
2025-11-24 09:00:00,1248.0,0.0,409.0,0.0
2025-11-24 09:30:00,1324.0,0.0,474.0,0.0
2025-11-24 10:00:00,1357.0,0.0,468.0,0.0
2025-11-24 10:30:00,1300.0,0.0,468.0,0.0
2025-11-24 11:00:00,1372.0,0.0,499.0,0.0
2025-11-24 11:30:00,1234.0,0.0,467.0,0.0
2025-11-24 12:00:00,1275.0,0.0,455.0,0.0
2025-11-24 12:30:00,1122.0,0.0,426.0,0.0
2025-11-24 13:00:00,925.0,0.0,355.0,0.0
2025-11-24 13:30:00,804.0,0.0,273.0,0.0
2025-11-24 14:00:00,889.0,0.0,323.0,0.0
2025-11-24 14:30:00,1160.0,0.0,436.0,0.0
2025-11-24 15:00:00,1311.0,0.0,473.0,0.0
2025-11-24 15:30:00,1253.0,0.0,473.0,0.0
2025-11-24 16:00:00,1232.0,0.0,419.0,0.0
2025-11-24 16:30:00,1297.0,0.0,475.0,0.0
2025-11-24 17:00:00,1326.0,0.0,465.0,0.0
2025-11-24 17:30:00,872.0,0.0,301.0,0.0
2025-11-24 18:00:00,1217.0,0.0,447.0,0.0
2025-11-24 18:30:00,1375.0,0.0,489.0,0.0
2025-11-24 19:00:00,1417.0,0.0,496.0,0.0
2025-11-24 19:30:00,1482.0,0.0,493.0,0.0
2025-11-24 20:00:00,1218.0,0.0,380.0,0.0
2025-11-24 20:30:00,1120.0,0.0,329.0,0.0
2025-11-24 21:00:00,1257.0,0.0,401.0,0.0
2025-11-24 21:30:00,1380.0,0.0,444.0,0.0
2025-11-24 22:00:00,1365.0,0.0,426.0,0.0
2025-11-24 22:30:00,1343.0,0.0,448.0,0.0
2025-11-24 23:00:00,1385.0,0.0,463.0,0.0
2025-11-24 23:30:00,1317.0,0.0,406.0,0.0
2025-11-25 00:00:00,1277.0,0.0,397.0,0.0
2025-11-25 00:30:00,971.0,0.0,270.0,0.0
2025-11-25 01:00:00,846.0,0.0,248.0,0.0
2025-11-25 01:30:00,1028.0,0.0,302.0,0.0
2025-11-25 02:00:00,1176.0,0.0,391.0,0.0
2025-11-25 02:30:00,1423.0,0.0,459.0,0.0
2025-11-25 03:00:00,1311.0,0.0,413.0,0.0
2025-11-25 03:30:00,1216.0,0.0,392.0,0.0
2025-11-25 04:00:00,1325.0,0.0,404.0,0.0
2025-11-25 04:30:00,1376.0,0.0,443.0,0.0
2025-11-25 05:00:00,1217.0,0.0,382.0,0.0
2025-11-25 05:30:00,1167.0,0.0,395.0,0.0
2025-11-25 06:00:00,1192.0,0.0,393.0,0.0
2025-11-25 06:30:00,869.0,0.0,244.0,0.0
2025-11-25 07:00:00,1128.0,0.0,343.0,0.0
2025-11-25 07:30:00,1177.0,0.0,360.0,0.0
2025-11-25 08:00:00,915.0,0.0,263.0,0.0
2025-11-25 08:30:00,955.0,0.0,321.0,0.0
2025-11-25 09:00:00,1284.0,0.0,452.0,0.0
2025-11-25 09:30:00,1288.0,0.0,503.0,0.0
2025-11-25 10:00:00,1137.0,0.0,459.0,0.0
2025-11-25 10:30:00,1071.0,0.0,472.0,0.0
2025-11-25 11:00:00,1082.0,0.0,456.0,0.0
2025-11-25 11:30:00,930.0,0.0,451.0,0.0
2025-11-25 12:00:00,1065.0,0.0,462.0,0.0
2025-11-25 12:30:00,990.0,0.0,415.0,0.0
2025-11-25 13:00:00,803.0,0.0,329.0,0.0
2025-11-25 13:30:00,693.0,0.0,259.0,0.0
2025-11-25 14:00:00,780.0,0.0,273.0,0.0
2025-11-25 14:30:00,1392.0,0.0,458.0,0.0
2025-11-25 15:00:00,1318.0,0.0,506.0,0.0
2025-11-25 15:30:00,1311.0,0.0,480.0,0.0
2025-11-25 16:00:00,1489.0,0.0,513.0,0.0
2025-11-25 16:30:00,1457.0,0.0,488.0,0.0
2025-11-25 17:00:00,1313.0,0.0,449.0,0.0
2025-11-25 17:30:00,899.0,0.0,318.0,0.0
2025-11-25 18:00:00,1360.0,0.0,480.0,0.0
2025-11-25 18:30:00,1403.0,0.0,475.0,0.0
2025-11-25 19:00:00,1381.0,0.0,465.0,0.0
2025-11-25 19:30:00,1406.0,0.0,489.0,0.0
2025-11-25 20:00:00,1218.0,0.0,388.0,0.0
2025-11-25 20:30:00,1033.0,0.0,329.0,0.0
2025-11-25 21:00:00,1245.0,0.0,408.0,0.0
2025-11-25 21:30:00,1361.0,0.0,459.0,0.0
2025-11-25 22:00:00,1300.0,0.0,403.0,0.0
2025-11-25 22:30:00,1273.0,0.0,399.0,0.0
2025-11-25 23:00:00,1343.0,0.0,434.0,0.0
2025-11-25 23:30:00,1379.0,0.0,452.0,0.0
2025-11-26 00:00:00,1192.0,0.0,380.0,0.0
2025-11-26 00:30:00,961.0,0.0,278.0,0.0
2025-11-26 01:00:00,804.0,0.0,197.0,0.0
2025-11-26 01:30:00,977.0,0.0,307.0,0.0
2025-11-26 02:00:00,1120.0,0.0,361.0,0.0
2025-11-26 02:30:00,1275.0,0.0,440.0,0.0
2025-11-26 03:00:00,1251.0,0.0,402.0,0.0
2025-11-26 03:30:00,1273.0,0.0,389.0,0.0
2025-11-26 04:00:00,1295.0,0.0,420.0,0.0
2025-11-26 04:30:00,1309.0,0.0,418.0,0.0
2025-11-26 05:00:00,1222.0,0.0,399.0,0.0
2025-11-26 05:30:00,1197.0,0.0,384.0,0.0
2025-11-26 06:00:00,1210.0,0.0,369.0,0.0
2025-11-26 06:30:00,793.0,0.0,201.0,0.0
2025-11-26 07:00:00,1136.0,0.0,368.0,0.0
2025-11-26 07:30:00,1116.0,0.0,357.0,0.0
2025-11-26 08:00:00,943.0,0.0,316.0,0.0
2025-11-26 08:30:00,1030.0,0.0,385.0,0.0
2025-11-26 09:00:00,1116.0,0.0,416.0,0.0
2025-11-26 09:30:00,1173.0,0.0,458.0,0.0
2025-11-26 10:00:00,1054.0,0.0,463.0,0.0
2025-11-26 10:30:00,1167.0,0.0,464.0,0.0
2025-11-26 11:00:00,978.0,0.0,417.0,0.0
2025-11-26 11:30:00,1059.0,0.0,449.0,0.0
2025-11-26 12:00:00,831.0,0.0,412.0,0.0
2025-11-26 12:30:00,832.0,0.0,428.0,0.0
2025-11-26 13:00:00,862.0,0.0,369.0,0.0
2025-11-26 13:30:00,631.0,0.0,259.0,0.0
2025-11-26 14:00:00,519.0,0.0,263.0,0.0
2025-11-26 14:30:00,933.0,0.0,383.0,0.0
2025-11-26 15:00:00,1094.0,0.0,472.0,0.0
2025-11-26 15:30:00,1160.0,0.0,424.0,0.0
2025-11-26 16:00:00,1270.0,0.0,471.0,0.0
2025-11-26 16:30:00,1207.0,0.0,479.0,0.0
2025-11-26 17:00:00,1305.0,0.0,466.0,0.0
2025-11-26 17:30:00,964.0,0.0,306.0,0.0
2025-11-26 18:00:00,1454.0,0.0,503.0,0.0
2025-11-26 18:30:00,1463.0,0.0,504.0,0.0
2025-11-26 19:00:00,1502.0,0.0,509.0,0.0
2025-11-26 19:30:00,1531.0,0.0,502.0,0.0
2025-11-26 20:00:00,1199.0,0.0,361.0,0.0
2025-11-26 20:30:00,1204.0,0.0,352.0,0.0
2025-11-26 21:00:00,1398.0,0.0,413.0,0.0
2025-11-26 21:30:00,1341.0,0.0,419.0,0.0
2025-11-26 22:00:00,1322.0,0.0,420.0,0.0
2025-11-26 22:30:00,1362.0,0.0,435.0,0.0
2025-11-26 23:00:00,1404.0,0.0,445.0,0.0
2025-11-26 23:30:00,1388.0,0.0,464.0,0.0
2025-11-27 00:00:00,1297.0,0.0,396.0,0.0
2025-11-27 00:30:00,1045.0,0.0,275.0,0.0
2025-11-27 01:00:00,888.0,0.0,200.0,0.0
2025-11-27 01:30:00,1050.0,0.0,293.0,0.0
2025-11-27 02:00:00,1194.0,0.0,368.0,0.0
2025-11-27 02:30:00,1216.0,0.0,330.0,0.0
2025-11-27 03:00:00,1323.0,0.0,432.0,0.0
2025-11-27 03:30:00,1339.0,0.0,447.0,0.0
2025-11-27 04:00:00,1306.0,0.0,426.0,0.0
2025-11-27 04:30:00,1378.0,0.0,460.0,0.0
2025-11-27 05:00:00,1310.0,0.0,427.0,0.0
2025-11-27 05:30:00,1391.0,0.0,451.0,0.0
2025-11-27 06:00:00,1307.0,0.0,391.0,0.0
2025-11-27 06:30:00,848.0,0.0,177.0,0.0
2025-11-27 07:00:00,1433.0,0.0,462.0,0.0
2025-11-27 07:30:00,1463.0,0.0,465.0,0.0
2025-11-27 08:00:00,1133.0,0.0,312.0,0.0
2025-11-27 08:30:00,1024.0,0.0,310.0,0.0
2025-11-27 09:00:00,1435.0,0.0,520.0,0.0
2025-11-27 09:30:00,1310.0,0.0,436.0,0.0
2025-11-27 10:00:00,1350.0,0.0,490.0,0.0
2025-11-27 10:30:00,1386.0,0.0,501.0,0.0
2025-11-27 11:00:00,1308.0,0.0,482.0,0.0
2025-11-27 11:30:00,1285.0,0.0,455.0,0.0
2025-11-27 12:00:00,1217.0,0.0,461.0,0.0
2025-11-27 12:30:00,1207.0,0.0,463.0,0.0
2025-11-27 13:00:00,1268.0,0.0,417.0,0.0
2025-11-27 13:30:00,888.0,0.0,224.0,0.0
2025-11-27 14:00:00,899.0,0.0,273.0,0.0
2025-11-27 14:30:00,1350.0,0.0,472.0,0.0
2025-11-27 15:00:00,1437.0,0.0,491.0,0.0
2025-11-27 15:30:00,1543.0,0.0,507.0,0.0
2025-11-27 16:00:00,1466.0,0.0,473.0,0.0
2025-11-27 16:30:00,1597.0,0.0,497.0,0.0
2025-11-27 17:00:00,1547.0,0.0,486.0,0.0
2025-11-27 17:30:00,1011.0,0.0,293.0,0.0
2025-11-27 18:00:00,1467.0,0.0,494.0,0.0
2025-11-27 18:30:00,1444.0,0.0,452.0,0.0
2025-11-27 19:00:00,1468.0,0.0,463.0,0.0
2025-11-27 19:30:00,1431.0,0.0,470.0,0.0
2025-11-27 20:00:00,1170.0,0.0,340.0,0.0
2025-11-27 20:30:00,1022.0,0.0,293.0,0.0
2025-11-27 21:00:00,1266.0,0.0,409.0,0.0
2025-11-27 21:30:00,1349.0,0.0,399.0,0.0
2025-11-27 22:00:00,1274.0,0.0,374.0,0.0
2025-11-27 22:30:00,1246.0,0.0,364.0,0.0
2025-11-27 23:00:00,1360.0,0.0,394.0,0.0
2025-11-27 23:30:00,1317.0,0.0,394.0,0.0
2025-11-28 00:00:00,1260.0,0.0,370.0,0.0
2025-11-28 00:30:00,976.0,0.0,277.0,0.0
2025-11-28 01:00:00,798.0,0.0,191.0,0.0
2025-11-28 01:30:00,963.0,0.0,265.0,0.0
2025-11-28 02:00:00,1124.0,0.0,324.0,0.0
2025-11-28 02:30:00,1345.0,0.0,424.0,0.0
2025-11-28 03:00:00,1274.0,0.0,388.0,0.0
2025-11-28 03:30:00,1321.0,0.0,408.0,0.0
2025-11-28 04:00:00,1289.0,0.0,386.0,0.0
2025-11-28 04:30:00,1246.0,0.0,382.0,0.0
2025-11-28 05:00:00,1264.0,0.0,405.0,0.0
2025-11-28 05:30:00,1193.0,0.0,376.0,0.0
2025-11-28 06:00:00,1161.0,0.0,335.0,0.0
2025-11-28 06:30:00,786.0,0.0,173.0,0.0
2025-11-28 07:00:00,1092.0,0.0,314.0,0.0
2025-11-28 07:30:00,1189.0,0.0,369.0,0.0
2025-11-28 08:00:00,1012.0,0.0,299.0,0.0
2025-11-28 08:30:00,964.0,0.0,285.0,0.0
2025-11-28 09:00:00,1248.0,0.0,410.0,0.0
2025-11-28 09:30:00,1277.0,0.0,435.0,0.0
2025-11-28 10:00:00,1327.0,0.0,452.0,0.0
2025-11-28 10:30:00,1287.0,0.0,438.0,0.0
2025-11-28 11:00:00,1337.0,0.0,447.0,0.0
2025-11-28 11:30:00,1279.0,0.0,439.0,0.0
2025-11-28 12:00:00,1161.0,0.0,400.0,0.0
2025-11-28 12:30:00,1096.0,0.0,403.0,0.0
2025-11-28 13:00:00,826.0,0.0,303.0,0.0
2025-11-28 13:30:00,633.0,0.0,182.0,0.0
2025-11-28 14:00:00,694.0,0.0,222.0,0.0
2025-11-28 14:30:00,946.0,0.0,331.0,0.0
2025-11-28 15:00:00,1092.0,0.0,410.0,0.0
2025-11-28 15:30:00,1137.0,0.0,428.0,0.0
2025-11-28 16:00:00,1197.0,0.0,440.0,0.0
2025-11-28 16:30:00,1214.0,0.0,446.0,0.0
2025-11-28 17:00:00,1261.0,0.0,440.0,0.0
2025-11-28 17:30:00,849.0,0.0,246.0,0.0
2025-11-28 18:00:00,1223.0,0.0,425.0,0.0
2025-11-28 18:30:00,1342.0,0.0,432.0,0.0
2025-11-28 19:00:00,1341.0,0.0,430.0,0.0
2025-11-28 19:30:00,1253.0,0.0,394.0,0.0
2025-11-28 20:00:00,1108.0,0.0,348.0,0.0
2025-11-28 20:30:00,1064.0,0.0,336.0,0.0
2025-11-28 21:00:00,1330.0,0.0,414.0,0.0
2025-11-28 21:30:00,1370.0,0.0,432.0,0.0
2025-11-28 22:00:00,1361.0,0.0,460.0,0.0
2025-11-28 22:30:00,1354.0,0.0,452.0,0.0
2025-11-28 23:00:00,1331.0,0.0,443.0,0.0
2025-11-28 23:30:00,1350.0,0.0,426.0,0.0
2025-11-29 00:00:00,1314.0,0.0,418.0,0.0
2025-11-29 00:30:00,999.0,0.0,286.0,0.0
2025-11-29 01:00:00,847.0,0.0,242.0,0.0
2025-11-29 01:30:00,981.0,0.0,307.0,0.0
2025-11-29 02:00:00,1113.0,0.0,326.0,0.0
2025-11-29 02:30:00,1215.0,0.0,397.0,0.0
2025-11-29 03:00:00,1239.0,0.0,420.0,0.0
2025-11-29 03:30:00,1160.0,0.0,367.0,0.0
2025-11-29 04:00:00,1234.0,0.0,391.0,0.0
2025-11-29 04:30:00,1162.0,0.0,377.0,0.0
2025-11-29 05:00:00,1171.0,0.0,360.0,0.0
2025-11-29 05:30:00,1204.0,0.0,349.0,0.0
2025-11-29 06:00:00,1037.0,0.0,286.0,0.0
2025-11-29 06:30:00,809.0,0.0,189.0,0.0
2025-11-29 07:00:00,1137.0,0.0,338.0,0.0
2025-11-29 07:30:00,1250.0,0.0,407.0,0.0
2025-11-29 08:00:00,932.0,0.0,279.0,0.0
2025-11-29 08:30:00,920.0,0.0,299.0,0.0
2025-11-29 09:00:00,1083.0,0.0,399.0,0.0
2025-11-29 09:30:00,1190.0,0.0,455.0,0.0
2025-11-29 10:00:00,1128.0,0.0,434.0,0.0
2025-11-29 10:30:00,1075.0,0.0,493.0,0.0
2025-11-29 11:00:00,1092.0,0.0,468.0,0.0
2025-11-29 11:30:00,1149.0,0.0,489.0,0.0
2025-11-29 12:00:00,954.0,0.0,450.0,0.0
2025-11-29 12:30:00,913.0,0.0,451.0,0.0
2025-11-29 13:00:00,727.0,0.0,414.0,0.0
2025-11-29 13:30:00,271.0,0.0,198.0,0.0
2025-11-29 14:00:00,189.0,0.0,159.0,0.0
2025-11-29 14:30:00,669.0,0.0,364.0,0.0
2025-11-29 15:00:00,802.0,0.0,427.0,0.0
2025-11-29 15:30:00,914.0,0.0,407.0,0.0
2025-11-29 16:00:00,1091.0,0.0,456.0,0.0
2025-11-29 16:30:00,821.0,0.0,306.0,0.0
2025-11-29 17:00:00,795.0,0.0,226.0,0.0
2025-11-29 17:30:00,571.0,0.0,155.0,0.0
2025-11-29 18:00:00,754.0,0.0,249.0,0.0
2025-11-29 18:30:00,967.0,0.0,298.0,0.0
2025-11-29 19:00:00,930.0,0.0,252.0,0.0
2025-11-29 19:30:00,905.0,0.0,240.0,0.0
2025-11-29 20:00:00,770.0,0.0,189.0,0.0
2025-11-29 20:30:00,910.0,0.0,222.0,0.0
2025-11-29 21:00:00,1117.0,0.0,326.0,0.0
2025-11-29 21:30:00,1248.0,0.0,376.0,0.0
2025-11-29 22:00:00,1173.0,0.0,350.0,0.0
2025-11-29 22:30:00,1184.0,0.0,348.0,0.0
2025-11-29 23:00:00,1208.0,0.0,371.0,0.0
2025-11-29 23:30:00,1262.0,0.0,377.0,0.0
2025-11-30 00:00:00,1186.0,0.0,351.0,0.0
2025-11-30 00:30:00,951.0,0.0,236.0,0.0
2025-11-30 01:00:00,865.0,0.0,189.0,0.0
2025-11-30 01:30:00,911.0,0.0,268.0,0.0
2025-11-30 02:00:00,982.0,0.0,285.0,0.0
2025-11-30 02:30:00,1177.0,0.0,353.0,0.0
2025-11-30 03:00:00,1161.0,0.0,352.0,0.0
2025-11-30 03:30:00,1176.0,0.0,338.0,0.0
2025-11-30 04:00:00,1079.0,0.0,290.0,0.0
2025-11-30 04:30:00,1031.0,0.0,264.0,0.0
2025-11-30 05:00:00,930.0,0.0,222.0,0.0
2025-11-30 05:30:00,970.0,0.0,270.0,0.0
2025-11-30 06:00:00,933.0,0.0,241.0,0.0
2025-11-30 06:30:00,713.0,0.0,150.0,0.0
2025-11-30 07:00:00,855.0,0.0,225.0,0.0
2025-11-30 07:30:00,848.0,0.0,247.0,0.0
2025-11-30 08:00:00,704.0,0.0,157.0,0.0
2025-11-30 08:30:00,610.0,0.0,178.0,0.0
2025-11-30 09:00:00,733.0,0.0,274.0,0.0
2025-11-30 09:30:00,884.0,0.0,336.0,0.0
2025-11-30 10:00:00,971.0,0.0,400.0,0.0
2025-11-30 10:30:00,905.0,0.0,396.0,0.0
2025-11-30 11:00:00,837.0,0.0,360.0,0.0
2025-11-30 11:30:00,953.0,0.0,400.0,0.0
2025-11-30 12:00:00,804.0,0.0,400.0,0.0
2025-11-30 12:30:00,682.0,0.0,361.0,0.0
2025-11-30 13:00:00,709.0,0.0,367.0,0.0
2025-11-30 13:30:00,190.0,1.0,146.0,0.0
2025-11-30 14:00:00,201.0,1.0,156.0,0.0
2025-11-30 14:30:00,674.0,0.0,341.0,0.0
2025-11-30 15:00:00,768.0,0.0,369.0,0.0
2025-11-30 15:30:00,916.0,0.0,415.0,0.0
2025-11-30 16:00:00,883.0,0.0,391.0,0.0
2025-11-30 16:30:00,918.0,0.0,414.0,0.0
2025-11-30 17:00:00,1056.0,0.0,417.0,0.0
2025-11-30 17:30:00,888.0,0.0,309.0,0.0
2025-11-30 18:00:00,1070.0,0.0,354.0,0.0
2025-11-30 18:30:00,949.0,0.0,298.0,0.0
2025-11-30 19:00:00,934.0,0.0,280.0,0.0
2025-11-30 19:30:00,912.0,0.0,277.0,0.0
2025-11-30 20:00:00,830.0,0.0,228.0,0.0
2025-11-30 20:30:00,750.0,0.0,166.0,0.0
2025-11-30 21:00:00,845.0,0.0,221.0,0.0
2025-11-30 21:30:00,889.0,0.0,222.0,0.0
2025-11-30 22:00:00,916.0,0.0,233.0,0.0
2025-11-30 22:30:00,926.0,0.0,251.0,0.0
2025-11-30 23:00:00,975.0,0.0,257.0,0.0
2025-11-30 23:30:00,898.0,0.0,219.0,0.0
2025-12-01 00:00:00,901.0,0.0,245.0,0.0
2025-12-01 00:30:00,599.0,0.0,83.0,0.0
2025-12-01 01:00:00,588.0,0.0,82.0,0.0
2025-12-01 01:30:00,848.0,0.0,221.0,0.0
2025-12-01 02:00:00,1038.0,0.0,286.0,0.0
2025-12-01 02:30:00,968.0,0.0,248.0,0.0
2025-12-01 03:00:00,925.0,0.0,246.0,0.0
2025-12-01 03:30:00,1006.0,0.0,256.0,0.0
2025-12-01 04:00:00,996.0,0.0,265.0,0.0
2025-12-01 04:30:00,956.0,0.0,252.0,0.0
2025-12-01 05:00:00,957.0,0.0,256.0,0.0
2025-12-01 05:30:00,954.0,0.0,244.0,0.0
2025-12-01 06:00:00,845.0,0.0,207.0,0.0
2025-12-01 06:30:00,654.0,0.0,119.0,0.0
2025-12-01 07:00:00,953.0,0.0,245.0,0.0
2025-12-01 07:30:00,925.0,0.0,251.0,0.0
2025-12-01 08:00:00,726.0,0.0,173.0,0.0
2025-12-01 08:30:00,941.0,0.0,282.0,0.0
2025-12-01 09:00:00,1213.0,0.0,408.0,0.0
2025-12-01 09:30:00,1098.0,0.0,425.0,0.0
2025-12-01 10:00:00,1062.0,0.0,467.0,0.0
2025-12-01 10:30:00,904.0,0.0,416.0,0.0
2025-12-01 11:00:00,824.0,0.0,399.0,0.0
2025-12-01 11:30:00,861.0,0.0,427.0,0.0
2025-12-01 12:00:00,874.0,0.0,421.0,0.0
2025-12-01 12:30:00,853.0,0.0,429.0,0.0
2025-12-01 13:00:00,795.0,0.0,405.0,0.0
2025-12-01 13:30:00,402.0,0.0,216.0,0.0
2025-12-01 14:00:00,463.0,0.0,236.0,0.0
2025-12-01 14:30:00,1001.0,0.0,435.0,0.0
2025-12-01 15:00:00,1035.0,0.0,440.0,0.0
2025-12-01 15:30:00,962.0,0.0,434.0,0.0
2025-12-01 16:00:00,1181.0,0.0,480.0,0.0
2025-12-01 16:30:00,1142.0,0.0,460.0,0.0
2025-12-01 17:00:00,1274.0,0.0,485.0,0.0
2025-12-01 17:30:00,805.0,0.0,257.0,0.0
2025-12-01 18:00:00,1348.0,0.0,486.0,0.0
2025-12-01 18:30:00,1499.0,0.0,493.0,0.0
2025-12-01 19:00:00,1432.0,0.0,458.0,0.0
2025-12-01 19:30:00,1486.0,0.0,465.0,0.0
2025-12-01 20:00:00,1305.0,0.0,383.0,0.0
2025-12-01 20:30:00,1103.0,0.0,308.0,0.0
2025-12-01 21:00:00,1313.0,0.0,424.0,0.0
2025-12-01 21:30:00,1295.0,0.0,411.0,0.0
2025-12-01 22:00:00,1308.0,0.0,413.0,0.0
2025-12-01 22:30:00,1297.0,0.0,420.0,0.0
2025-12-01 23:00:00,1308.0,0.0,404.0,0.0
2025-12-01 23:30:00,1360.0,0.0,414.0,0.0
2025-12-02 00:00:00,1386.0,0.0,409.0,0.0
2025-12-02 00:30:00,1020.0,0.0,248.0,0.0
2025-12-02 01:00:00,827.0,0.0,186.0,0.0
2025-12-02 01:30:00,1095.0,0.0,323.0,0.0
2025-12-02 02:00:00,1154.0,0.0,345.0,0.0
2025-12-02 02:30:00,1265.0,0.0,402.0,0.0
2025-12-02 03:00:00,1133.0,0.0,328.0,0.0
2025-12-02 03:30:00,1321.0,0.0,384.0,0.0
2025-12-02 04:00:00,1373.0,0.0,435.0,0.0
2025-12-02 04:30:00,1272.0,0.0,381.0,0.0
2025-12-02 05:00:00,1351.0,0.0,415.0,0.0
2025-12-02 05:30:00,1359.0,0.0,432.0,0.0
2025-12-02 06:00:00,1270.0,0.0,389.0,0.0
2025-12-02 06:30:00,828.0,0.0,168.0,0.0
2025-12-02 07:00:00,1074.0,0.0,315.0,0.0
2025-12-02 07:30:00,1091.0,0.0,274.0,0.0
2025-12-02 08:00:00,970.0,0.0,268.0,0.0
2025-12-02 08:30:00,918.0,0.0,325.0,0.0
2025-12-02 09:00:00,1087.0,0.0,400.0,0.0
2025-12-02 09:30:00,1108.0,0.0,447.0,0.0
2025-12-02 10:00:00,1147.0,0.0,440.0,0.0
2025-12-02 10:30:00,1133.0,0.0,434.0,0.0
2025-12-02 11:00:00,1050.0,0.0,483.0,0.0
2025-12-02 11:30:00,970.0,0.0,470.0,0.0
2025-12-02 12:00:00,977.0,0.0,475.0,0.0
2025-12-02 12:30:00,809.0,0.0,386.0,0.0
2025-12-02 13:00:00,661.0,0.0,331.0,0.0
2025-12-02 13:30:00,447.0,0.0,225.0,0.0
2025-12-02 14:00:00,589.0,0.0,273.0,0.0
2025-12-02 14:30:00,1001.0,0.0,416.0,0.0
2025-12-02 15:00:00,887.0,0.0,422.0,0.0
2025-12-02 15:30:00,1128.0,0.0,409.0,0.0
2025-12-02 16:00:00,1063.0,0.0,415.0,0.0
2025-12-02 16:30:00,1217.0,0.0,441.0,0.0
2025-12-02 17:00:00,1363.0,0.0,453.0,0.0
2025-12-02 17:30:00,946.0,0.0,300.0,0.0
2025-12-02 18:00:00,1324.0,0.0,446.0,0.0
2025-12-02 18:30:00,1453.0,0.0,465.0,0.0
2025-12-02 19:00:00,1447.0,0.0,457.0,0.0
2025-12-02 19:30:00,1386.0,0.0,423.0,0.0
2025-12-02 20:00:00,1210.0,0.0,365.0,0.0
2025-12-02 20:30:00,1120.0,0.0,304.0,0.0
2025-12-02 21:00:00,1289.0,0.0,400.0,0.0
2025-12-02 21:30:00,1303.0,0.0,399.0,0.0
2025-12-02 22:00:00,1385.0,0.0,433.0,0.0
2025-12-02 22:30:00,1343.0,0.0,388.0,0.0
2025-12-02 23:00:00,1412.0,0.0,434.0,0.0
2025-12-02 23:30:00,1471.0,0.0,459.0,0.0
2025-12-03 00:00:00,1366.0,0.0,426.0,0.0
2025-12-03 00:30:00,1032.0,0.0,293.0,0.0
2025-12-03 01:00:00,885.0,0.0,239.0,0.0
2025-12-03 01:30:00,1049.0,0.0,304.0,0.0
2025-12-03 02:00:00,1314.0,0.0,429.0,0.0
2025-12-03 02:30:00,1487.0,0.0,472.0,0.0
2025-12-03 03:00:00,1534.0,0.0,491.0,0.0
2025-12-03 03:30:00,1456.0,0.0,437.0,0.0
2025-12-03 04:00:00,1458.0,0.0,475.0,0.0
2025-12-03 04:30:00,1505.0,0.0,489.0,0.0
2025-12-03 05:00:00,1350.0,0.0,438.0,0.0
2025-12-03 05:30:00,1411.0,0.0,467.0,0.0
2025-12-03 06:00:00,1354.0,0.0,414.0,0.0
2025-12-03 06:30:00,851.0,0.0,184.0,0.0
2025-12-03 07:00:00,1098.0,0.0,330.0,0.0
2025-12-03 07:30:00,1318.0,0.0,443.0,0.0
2025-12-03 08:00:00,1058.0,0.0,316.0,0.0
2025-12-03 08:30:00,968.0,0.0,319.0,0.0
2025-12-03 09:00:00,1202.0,0.0,443.0,0.0
2025-12-03 09:30:00,1185.0,0.0,465.0,0.0
2025-12-03 10:00:00,1036.0,0.0,435.0,0.0
2025-12-03 10:30:00,984.0,0.0,390.0,0.0
2025-12-03 11:00:00,971.0,0.0,440.0,0.0
2025-12-03 11:30:00,918.0,0.0,457.0,0.0
2025-12-03 12:00:00,1043.0,0.0,453.0,0.0
2025-12-03 12:30:00,822.0,0.0,404.0,0.0
2025-12-03 13:00:00,727.0,0.0,341.0,0.0
2025-12-03 13:30:00,460.0,0.0,228.0,0.0
2025-12-03 14:00:00,631.0,0.0,251.0,0.0
2025-12-03 14:30:00,1060.0,0.0,436.0,0.0
2025-12-03 15:00:00,1293.0,0.0,503.0,0.0
2025-12-03 15:30:00,1263.0,0.0,463.0,0.0
2025-12-03 16:00:00,1087.0,0.0,463.0,0.0
2025-12-03 16:30:00,1259.0,0.0,489.0,0.0
2025-12-03 17:00:00,1402.0,0.0,446.0,0.0
2025-12-03 17:30:00,1049.0,0.0,301.0,0.0
2025-12-03 18:00:00,1367.0,0.0,477.0,0.0
2025-12-03 18:30:00,1442.0,0.0,518.0,0.0
2025-12-03 19:00:00,1381.0,0.0,451.0,0.0
2025-12-03 19:30:00,1407.0,0.0,455.0,0.0
2025-12-03 20:00:00,1214.0,0.0,342.0,0.0
2025-12-03 20:30:00,1092.0,0.0,287.0,0.0
2025-12-03 21:00:00,1157.0,0.0,345.0,0.0
2025-12-03 21:30:00,1190.0,0.0,343.0,0.0
2025-12-03 22:00:00,1330.0,0.0,373.0,0.0
2025-12-03 22:30:00,1297.0,0.0,379.0,0.0
2025-12-03 23:00:00,1387.0,0.0,405.0,0.0
2025-12-03 23:30:00,1367.0,0.0,411.0,0.0
2025-12-04 00:00:00,1289.0,0.0,357.0,0.0
2025-12-04 00:30:00,980.0,0.0,231.0,0.0
2025-12-04 01:00:00,841.0,0.0,169.0,0.0
2025-12-04 01:30:00,1038.0,0.0,267.0,0.0
2025-12-04 02:00:00,1186.0,0.0,331.0,0.0
2025-12-04 02:30:00,1338.0,0.0,380.0,0.0
2025-12-04 03:00:00,1357.0,0.0,393.0,0.0
2025-12-04 03:30:00,1415.0,0.0,429.0,0.0
2025-12-04 04:00:00,1378.0,0.0,423.0,0.0
2025-12-04 04:30:00,1299.0,0.0,380.0,0.0
2025-12-04 05:00:00,1256.0,0.0,331.0,0.0
2025-12-04 05:30:00,1265.0,0.0,377.0,0.0
2025-12-04 06:00:00,1189.0,0.0,346.0,0.0
2025-12-04 06:30:00,811.0,0.0,171.0,0.0
2025-12-04 07:00:00,1040.0,0.0,296.0,0.0
2025-12-04 07:30:00,1315.0,0.0,410.0,0.0
2025-12-04 08:00:00,1051.0,0.0,295.0,0.0
2025-12-04 08:30:00,1052.0,0.0,319.0,0.0
2025-12-04 09:00:00,1306.0,0.0,445.0,0.0
2025-12-04 09:30:00,1395.0,0.0,486.0,0.0
2025-12-04 10:00:00,1176.0,0.0,441.0,0.0
2025-12-04 10:30:00,1223.0,0.0,459.0,0.0
2025-12-04 11:00:00,1316.0,0.0,494.0,0.0
2025-12-04 11:30:00,1224.0,0.0,481.0,0.0
2025-12-04 12:00:00,1143.0,0.0,489.0,0.0
2025-12-04 12:30:00,1110.0,0.0,453.0,0.0
2025-12-04 13:00:00,1043.0,0.0,404.0,0.0
2025-12-04 13:30:00,395.0,0.0,230.0,0.0
2025-12-04 14:00:00,466.0,0.0,269.0,0.0
2025-12-04 14:30:00,1152.0,0.0,464.0,0.0
2025-12-04 15:00:00,984.0,0.0,438.0,0.0
2025-12-04 15:30:00,1363.0,0.0,497.0,0.0
2025-12-04 16:00:00,1395.0,0.0,530.0,0.0
2025-12-04 16:30:00,1476.0,0.0,530.0,0.0
2025-12-04 17:00:00,1448.0,0.0,535.0,0.0
2025-12-04 17:30:00,1024.0,0.0,312.0,0.0
2025-12-04 18:00:00,1400.0,0.0,465.0,0.0
2025-12-04 18:30:00,1619.0,0.0,535.0,0.0
2025-12-04 19:00:00,1534.0,0.0,523.0,0.0
2025-12-04 19:30:00,1580.0,0.0,496.0,0.0
2025-12-04 20:00:00,1283.0,0.0,384.0,0.0
2025-12-04 20:30:00,1104.0,0.0,298.0,0.0
2025-12-04 21:00:00,1390.0,0.0,441.0,0.0
2025-12-04 21:30:00,1452.0,0.0,431.0,0.0
2025-12-04 22:00:00,1330.0,0.0,401.0,0.0
2025-12-04 22:30:00,1354.0,0.0,403.0,0.0
2025-12-04 23:00:00,1333.0,0.0,400.0,0.0
2025-12-04 23:30:00,1308.0,0.0,406.0,0.0
2025-12-05 00:00:00,1409.0,0.0,433.0,0.0
2025-12-05 00:30:00,1043.0,0.0,274.0,0.0
2025-12-05 01:00:00,820.0,0.0,179.0,0.0
2025-12-05 01:30:00,996.0,0.0,270.0,0.0
2025-12-05 02:00:00,1077.0,0.0,300.0,0.0
2025-12-05 02:30:00,1242.0,0.0,369.0,0.0
2025-12-05 03:00:00,1276.0,0.0,368.0,0.0
2025-12-05 03:30:00,1268.0,0.0,370.0,0.0
2025-12-05 04:00:00,1366.0,0.0,409.0,0.0
2025-12-05 04:30:00,1365.0,0.0,397.0,0.0
2025-12-05 05:00:00,1368.0,0.0,403.0,0.0
2025-12-05 05:30:00,1286.0,0.0,387.0,0.0
2025-12-05 06:00:00,1254.0,0.0,384.0,0.0
2025-12-05 06:30:00,903.0,0.0,247.0,0.0
2025-12-05 07:00:00,1128.0,0.0,323.0,0.0
2025-12-05 07:30:00,1355.0,0.0,423.0,0.0
2025-12-05 08:00:00,1003.0,0.0,260.0,0.0
2025-12-05 08:30:00,1005.0,0.0,304.0,0.0
2025-12-05 09:00:00,1234.0,0.0,400.0,0.0
2025-12-05 09:30:00,1266.0,0.0,453.0,0.0
2025-12-05 10:00:00,1094.0,0.0,436.0,0.0
2025-12-05 10:30:00,1036.0,0.0,425.0,0.0
2025-12-05 11:00:00,1053.0,0.0,436.0,0.0
2025-12-05 11:30:00,948.0,0.0,425.0,0.0
2025-12-05 12:00:00,1057.0,0.0,462.0,0.0
2025-12-05 12:30:00,1048.0,0.0,408.0,0.0
2025-12-05 13:00:00,1027.0,0.0,352.0,0.0
2025-12-05 13:30:00,448.0,0.0,250.0,0.0
2025-12-05 14:00:00,738.0,0.0,270.0,0.0
2025-12-05 14:30:00,846.0,0.0,369.0,0.0
2025-12-05 15:00:00,1325.0,0.0,475.0,0.0
2025-12-05 15:30:00,1346.0,0.0,513.0,0.0
2025-12-05 16:00:00,1514.0,0.0,490.0,0.0
2025-12-05 16:30:00,1532.0,0.0,467.0,0.0
2025-12-05 17:00:00,1463.0,0.0,454.0,0.0
2025-12-05 17:30:00,999.0,0.0,284.0,0.0
2025-12-05 18:00:00,1408.0,0.0,449.0,0.0
2025-12-05 18:30:00,1498.0,0.0,458.0,0.0
2025-12-05 19:00:00,1407.0,0.0,415.0,0.0
2025-12-05 19:30:00,1331.0,0.0,382.0,0.0
2025-12-05 20:00:00,1149.0,0.0,319.0,0.0
2025-12-05 20:30:00,1078.0,0.0,283.0,0.0
2025-12-05 21:00:00,1269.0,0.0,385.0,0.0
2025-12-05 21:30:00,1266.0,0.0,401.0,0.0
2025-12-05 22:00:00,1235.0,0.0,349.0,0.0
2025-12-05 22:30:00,1318.0,0.0,403.0,0.0
2025-12-05 23:00:00,1391.0,0.0,407.0,0.0
2025-12-05 23:30:00,1342.0,0.0,403.0,0.0
2025-12-06 00:00:00,1254.0,0.0,399.0,0.0
2025-12-06 00:30:00,960.0,0.0,236.0,0.0
2025-12-06 01:00:00,794.0,0.0,169.0,0.0
2025-12-06 01:30:00,903.0,0.0,247.0,0.0
2025-12-06 02:00:00,1098.0,0.0,313.0,0.0
2025-12-06 02:30:00,1234.0,0.0,347.0,0.0
2025-12-06 03:00:00,1247.0,0.0,355.0,0.0
2025-12-06 03:30:00,1241.0,0.0,376.0,0.0
2025-12-06 04:00:00,1221.0,0.0,365.0,0.0
2025-12-06 04:30:00,1204.0,0.0,338.0,0.0
2025-12-06 05:00:00,1226.0,0.0,337.0,0.0
2025-12-06 05:30:00,1239.0,0.0,376.0,0.0
2025-12-06 06:00:00,1113.0,0.0,317.0,0.0
2025-12-06 06:30:00,772.0,0.0,168.0,0.0
2025-12-06 07:00:00,1088.0,0.0,309.0,0.0
2025-12-06 07:30:00,1238.0,0.0,352.0,0.0
2025-12-06 08:00:00,1037.0,0.0,281.0,0.0
2025-12-06 08:30:00,988.0,0.0,348.0,0.0
2025-12-06 09:00:00,1170.0,0.0,405.0,0.0
2025-12-06 09:30:00,1235.0,0.0,459.0,0.0
2025-12-06 10:00:00,1194.0,0.0,492.0,0.0
2025-12-06 10:30:00,1000.0,0.0,386.0,0.0
2025-12-06 11:00:00,1138.0,0.0,435.0,0.0
2025-12-06 11:30:00,1170.0,0.0,439.0,0.0
2025-12-06 12:00:00,1098.0,0.0,405.0,0.0
2025-12-06 12:30:00,918.0,0.0,413.0,0.0
2025-12-06 13:00:00,1236.0,0.0,393.0,0.0
2025-12-06 13:30:00,705.0,0.0,231.0,0.0
2025-12-06 14:00:00,534.0,0.0,182.0,0.0
2025-12-06 14:30:00,900.0,0.0,344.0,0.0
2025-12-06 15:00:00,1115.0,0.0,412.0,0.0
2025-12-06 15:30:00,1113.0,0.0,434.0,0.0
2025-12-06 16:00:00,1255.0,0.0,439.0,0.0
2025-12-06 16:30:00,996.0,0.0,332.0,0.0
2025-12-06 17:00:00,761.0,0.0,236.0,0.0
2025-12-06 17:30:00,702.0,0.0,141.0,0.0
2025-12-06 18:00:00,875.0,0.0,233.0,0.0
2025-12-06 18:30:00,869.0,0.0,245.0,0.0
2025-12-06 19:00:00,893.0,0.0,241.0,0.0
2025-12-06 19:30:00,914.0,0.0,231.0,0.0
2025-12-06 20:00:00,754.0,0.0,167.0,0.0
2025-12-06 20:30:00,970.0,0.0,251.0,0.0
2025-12-06 21:00:00,1238.0,0.0,360.0,0.0
2025-12-06 21:30:00,1247.0,0.0,368.0,0.0
2025-12-06 22:00:00,1342.0,0.0,390.0,0.0
2025-12-06 22:30:00,1370.0,0.0,390.0,0.0
2025-12-06 23:00:00,1281.0,0.0,352.0,0.0
2025-12-06 23:30:00,1391.0,0.0,428.0,0.0
2025-12-07 00:00:00,1264.0,0.0,364.0,0.0
2025-12-07 00:30:00,927.0,0.0,232.0,0.0
2025-12-07 01:00:00,880.0,0.0,210.0,0.0
2025-12-07 01:30:00,1027.0,0.0,275.0,0.0
2025-12-07 02:00:00,1207.0,0.0,332.0,0.0
2025-12-07 02:30:00,1346.0,0.0,410.0,0.0
2025-12-07 03:00:00,1365.0,0.0,420.0,0.0
2025-12-07 03:30:00,1245.0,0.0,400.0,0.0
2025-12-07 04:00:00,1225.0,0.0,373.0,0.0
2025-12-07 04:30:00,1166.0,0.0,312.0,0.0
2025-12-07 05:00:00,1135.0,0.0,295.0,0.0
2025-12-07 05:30:00,1082.0,0.0,282.0,0.0
2025-12-07 06:00:00,1129.0,0.0,309.0,0.0
2025-12-07 06:30:00,781.0,0.0,154.0,0.0
2025-12-07 07:00:00,959.0,0.0,262.0,0.0
2025-12-07 07:30:00,891.0,0.0,240.0,0.0
2025-12-07 08:00:00,629.0,0.0,159.0,0.0
2025-12-07 08:30:00,585.0,0.0,184.0,0.0
2025-12-07 09:00:00,673.0,0.0,246.0,0.0
2025-12-07 09:30:00,871.0,0.0,344.0,0.0
2025-12-07 10:00:00,1056.0,0.0,403.0,0.0
2025-12-07 10:30:00,945.0,0.0,392.0,0.0
2025-12-07 11:00:00,782.0,0.0,407.0,0.0
2025-12-07 11:30:00,686.0,0.0,380.0,0.0
2025-12-07 12:00:00,768.0,0.0,394.0,0.0
2025-12-07 12:30:00,738.0,0.0,419.0,0.0
2025-12-07 13:00:00,774.0,0.0,394.0,0.0
2025-12-07 13:30:00,248.0,0.0,141.0,0.0
2025-12-07 14:00:00,397.0,1.0,150.0,0.0
2025-12-07 14:30:00,816.0,0.0,385.0,0.0
2025-12-07 15:00:00,728.0,0.0,339.0,0.0
2025-12-07 15:30:00,950.0,0.0,360.0,0.0
2025-12-07 16:00:00,808.0,0.0,341.0,0.0
2025-12-07 16:30:00,917.0,0.0,334.0,0.0
2025-12-07 17:00:00,1120.0,0.0,343.0,0.0
2025-12-07 17:30:00,960.0,0.0,251.0,0.0
2025-12-07 18:00:00,1124.0,0.0,316.0,0.0
2025-12-07 18:30:00,966.0,0.0,281.0,0.0
2025-12-07 19:00:00,893.0,0.0,256.0,0.0
2025-12-07 19:30:00,904.0,0.0,247.0,0.0
2025-12-07 20:00:00,720.0,0.0,163.0,0.0
2025-12-07 20:30:00,729.0,0.0,157.0,0.0
2025-12-07 21:00:00,946.0,0.0,278.0,0.0
2025-12-07 21:30:00,1135.0,0.0,349.0,0.0
2025-12-07 22:00:00,1190.0,0.0,358.0,0.0
2025-12-07 22:30:00,1274.0,0.0,395.0,0.0
2025-12-07 23:00:00,1224.0,0.0,343.0,0.0
2025-12-07 23:30:00,1194.0,0.0,370.0,0.0
2025-12-08 00:00:00,1275.0,0.0,397.0,0.0
2025-12-08 00:30:00,872.0,0.0,201.0,0.0
2025-12-08 01:00:00,822.0,0.0,189.0,0.0
2025-12-08 01:30:00,1019.0,0.0,274.0,0.0
2025-12-08 02:00:00,1015.0,0.0,281.0,0.0
2025-12-08 02:30:00,1147.0,0.0,341.0,0.0
2025-12-08 03:00:00,1243.0,0.0,398.0,0.0
2025-12-08 03:30:00,1202.0,0.0,365.0,0.0
2025-12-08 04:00:00,1229.0,0.0,395.0,0.0
2025-12-08 04:30:00,1171.0,0.0,380.0,0.0
2025-12-08 05:00:00,1145.0,0.0,352.0,0.0
2025-12-08 05:30:00,1135.0,0.0,317.0,0.0
2025-12-08 06:00:00,1013.0,0.0,270.0,0.0
2025-12-08 06:30:00,659.0,0.0,135.0,0.0
2025-12-08 07:00:00,890.0,0.0,234.0,0.0
2025-12-08 07:30:00,866.0,0.0,221.0,0.0
2025-12-08 08:00:00,766.0,0.0,176.0,0.0
2025-12-08 08:30:00,951.0,0.0,284.0,0.0
2025-12-08 09:00:00,1174.0,0.0,428.0,0.0
2025-12-08 09:30:00,1297.0,0.0,482.0,0.0
2025-12-08 10:00:00,1223.0,0.0,461.0,0.0
2025-12-08 10:30:00,1217.0,0.0,472.0,0.0
2025-12-08 11:00:00,1091.0,0.0,493.0,0.0
2025-12-08 11:30:00,975.0,0.0,466.0,0.0
2025-12-08 12:00:00,978.0,0.0,436.0,0.0
2025-12-08 12:30:00,981.0,0.0,417.0,0.0
2025-12-08 13:00:00,814.0,0.0,332.0,0.0
2025-12-08 13:30:00,529.0,0.0,216.0,0.0
2025-12-08 14:00:00,554.0,0.0,250.0,0.0
2025-12-08 14:30:00,1067.0,0.0,429.0,0.0
2025-12-08 15:00:00,1353.0,0.0,484.0,0.0
2025-12-08 15:30:00,1281.0,0.0,471.0,0.0
2025-12-08 16:00:00,1018.0,0.0,405.0,0.0
2025-12-08 16:30:00,1097.0,0.0,416.0,0.0
2025-12-08 17:00:00,1235.0,0.0,417.0,0.0
2025-12-08 17:30:00,918.0,0.0,289.0,0.0
2025-12-08 18:00:00,1320.0,0.0,456.0,0.0
2025-12-08 18:30:00,1408.0,0.0,480.0,0.0
2025-12-08 19:00:00,1463.0,0.0,493.0,0.0
2025-12-08 19:30:00,1463.0,0.0,461.0,0.0
2025-12-08 20:00:00,1162.0,0.0,327.0,0.0
2025-12-08 20:30:00,1121.0,0.0,346.0,0.0
2025-12-08 21:00:00,1257.0,0.0,395.0,0.0
2025-12-08 21:30:00,1263.0,0.0,393.0,0.0
2025-12-08 22:00:00,1420.0,0.0,453.0,0.0
2025-12-08 22:30:00,1387.0,0.0,404.0,0.0
2025-12-08 23:00:00,1340.0,0.0,409.0,0.0
2025-12-08 23:30:00,1370.0,0.0,453.0,0.0
2025-12-09 00:00:00,1297.0,0.0,432.0,0.0
2025-12-09 00:30:00,938.0,0.0,233.0,0.0
2025-12-09 01:00:00,784.0,0.0,175.0,0.0
2025-12-09 01:30:00,953.0,0.0,271.0,0.0
2025-12-09 02:00:00,1108.0,0.0,342.0,0.0
2025-12-09 02:30:00,1293.0,0.0,420.0,0.0
2025-12-09 03:00:00,1357.0,0.0,421.0,0.0
2025-12-09 03:30:00,1360.0,0.0,432.0,0.0
2025-12-09 04:00:00,1218.0,0.0,353.0,0.0
2025-12-09 04:30:00,1315.0,0.0,430.0,0.0
2025-12-09 05:00:00,1279.0,0.0,410.0,0.0
2025-12-09 05:30:00,1331.0,0.0,419.0,0.0
2025-12-09 06:00:00,1221.0,0.0,366.0,0.0
2025-12-09 06:30:00,765.0,0.0,167.0,0.0
2025-12-09 07:00:00,1072.0,0.0,279.0,0.0
2025-12-09 07:30:00,1133.0,0.0,331.0,0.0
2025-12-09 08:00:00,904.0,0.0,289.0,0.0
2025-12-09 08:30:00,889.0,0.0,323.0,0.0
2025-12-09 09:00:00,1076.0,0.0,409.0,0.0
2025-12-09 09:30:00,1003.0,0.0,432.0,0.0
2025-12-09 10:00:00,1023.0,0.0,432.0,0.0
2025-12-09 10:30:00,1303.0,0.0,479.0,0.0
2025-12-09 11:00:00,1162.0,0.0,479.0,0.0
2025-12-09 11:30:00,1111.0,0.0,465.0,0.0
2025-12-09 12:00:00,1322.0,0.0,515.0,0.0
2025-12-09 12:30:00,1021.0,0.0,479.0,0.0
2025-12-09 13:00:00,585.0,0.0,353.0,0.0
2025-12-09 13:30:00,365.0,0.0,233.0,0.0
2025-12-09 14:00:00,427.0,0.0,273.0,0.0
2025-12-09 14:30:00,914.0,0.0,465.0,0.0
2025-12-09 15:00:00,970.0,0.0,442.0,0.0
2025-12-09 15:30:00,1209.0,0.0,502.0,0.0
2025-12-09 16:00:00,1460.0,0.0,555.0,0.0
2025-12-09 16:30:00,1466.0,0.0,525.0,0.0
2025-12-09 17:00:00,1318.0,0.0,498.0,0.0
2025-12-09 17:30:00,912.0,0.0,320.0,0.0
2025-12-09 18:00:00,1501.0,0.0,535.0,0.0
2025-12-09 18:30:00,1546.0,0.0,557.0,0.0
2025-12-09 19:00:00,1575.0,0.0,535.0,0.0
2025-12-09 19:30:00,1550.0,0.0,512.0,0.0
2025-12-09 20:00:00,1277.0,0.0,401.0,0.0
2025-12-09 20:30:00,1139.0,0.0,369.0,0.0
2025-12-09 21:00:00,1388.0,0.0,441.0,0.0
2025-12-09 21:30:00,1366.0,0.0,444.0,0.0
2025-12-09 22:00:00,1415.0,0.0,438.0,0.0
2025-12-09 22:30:00,1371.0,0.0,448.0,0.0
2025-12-09 23:00:00,1387.0,0.0,444.0,0.0
2025-12-09 23:30:00,1431.0,0.0,430.0,0.0
2025-12-10 00:00:00,1381.0,0.0,419.0,0.0
2025-12-10 00:30:00,1007.0,0.0,283.0,0.0
2025-12-10 01:00:00,807.0,0.0,210.0,0.0
2025-12-10 01:30:00,1051.0,0.0,316.0,0.0
2025-12-10 02:00:00,1180.0,0.0,362.0,0.0
2025-12-10 02:30:00,1356.0,0.0,451.0,0.0
2025-12-10 03:00:00,1394.0,0.0,458.0,0.0
2025-12-10 03:30:00,1403.0,0.0,471.0,0.0
2025-12-10 04:00:00,1343.0,0.0,425.0,0.0
2025-12-10 04:30:00,1315.0,0.0,428.0,0.0
2025-12-10 05:00:00,1314.0,0.0,433.0,0.0
2025-12-10 05:30:00,1345.0,0.0,447.0,0.0
2025-12-10 06:00:00,1242.0,0.0,380.0,0.0
2025-12-10 06:30:00,794.0,0.0,200.0,0.0
2025-12-10 07:00:00,1176.0,0.0,389.0,0.0
2025-12-10 07:30:00,1240.0,0.0,397.0,0.0
2025-12-10 08:00:00,997.0,0.0,320.0,0.0
2025-12-10 08:30:00,970.0,0.0,344.0,0.0
2025-12-10 09:00:00,1209.0,0.0,479.0,0.0
2025-12-10 09:30:00,1288.0,0.0,519.0,0.0
2025-12-10 10:00:00,1204.0,0.0,497.0,0.0
2025-12-10 10:30:00,1050.0,0.0,476.0,0.0
2025-12-10 11:00:00,1042.0,0.0,502.0,0.0
2025-12-10 11:30:00,1159.0,0.0,508.0,0.0
2025-12-10 12:00:00,968.0,0.0,462.0,0.0
2025-12-10 12:30:00,837.0,0.0,422.0,0.0
2025-12-10 13:00:00,640.0,0.0,366.0,0.0
2025-12-10 13:30:00,435.0,0.0,258.0,0.0
2025-12-10 14:00:00,584.0,0.0,298.0,0.0
2025-12-10 14:30:00,1225.0,0.0,502.0,0.0
2025-12-10 15:00:00,1214.0,0.0,512.0,0.0
2025-12-10 15:30:00,1153.0,0.0,515.0,0.0
2025-12-10 16:00:00,1218.0,0.0,484.0,0.0
2025-12-10 16:30:00,1125.0,0.0,453.0,0.0
2025-12-10 17:00:00,1136.0,0.0,455.0,0.0
2025-12-10 17:30:00,867.0,0.0,319.0,0.0
2025-12-10 18:00:00,1183.0,0.0,447.0,0.0
2025-12-10 18:30:00,1386.0,0.0,513.0,0.0
2025-12-10 19:00:00,1424.0,0.0,492.0,0.0
2025-12-10 19:30:00,1402.0,0.0,488.0,0.0
2025-12-10 20:00:00,1219.0,0.0,386.0,0.0
2025-12-10 20:30:00,1160.0,0.0,367.0,0.0
2025-12-10 21:00:00,1396.0,0.0,469.0,0.0
2025-12-10 21:30:00,1341.0,0.0,421.0,0.0
2025-12-10 22:00:00,1339.0,0.0,452.0,0.0
2025-12-10 22:30:00,1334.0,0.0,428.0,0.0
2025-12-10 23:00:00,1323.0,0.0,446.0,0.0
2025-12-10 23:30:00,1406.0,0.0,471.0,0.0
2025-12-11 00:00:00,1256.0,0.0,406.0,0.0
2025-12-11 00:30:00,949.0,0.0,251.0,0.0
2025-12-11 01:00:00,827.0,0.0,204.0,0.0
2025-12-11 01:30:00,1003.0,0.0,290.0,0.0
2025-12-11 02:00:00,1130.0,0.0,339.0,0.0
2025-12-11 02:30:00,1264.0,0.0,391.0,0.0
2025-12-11 03:00:00,1264.0,0.0,391.0,0.0
2025-12-11 03:30:00,1254.0,0.0,388.0,0.0
2025-12-11 04:00:00,1246.0,0.0,385.0,0.0
2025-12-11 04:30:00,1406.0,0.0,441.0,0.0
2025-12-11 05:00:00,1186.0,0.0,360.0,0.0
2025-12-11 05:30:00,1168.0,0.0,353.0,0.0
2025-12-11 06:00:00,1097.0,0.0,318.0,0.0
2025-12-11 06:30:00,775.0,0.0,186.0,0.0
2025-12-11 07:00:00,1037.0,0.0,306.0,0.0
2025-12-11 07:30:00,1082.0,0.0,323.0,0.0
2025-12-11 08:00:00,871.0,0.0,248.0,0.0
2025-12-11 08:30:00,902.0,0.0,293.0,0.0
2025-12-11 09:00:00,1113.0,0.0,394.0,0.0
2025-12-11 09:30:00,1141.0,0.0,425.0,0.0
2025-12-11 10:00:00,1131.0,0.0,438.0,0.0
2025-12-11 10:30:00,1094.0,0.0,440.0,0.0
2025-12-11 11:00:00,825.0,0.0,403.0,0.0
2025-12-11 11:30:00,785.0,0.0,397.0,0.0
2025-12-11 12:00:00,1023.0,0.0,438.0,0.0
2025-12-11 12:30:00,760.0,0.0,397.0,0.0
2025-12-11 13:00:00,810.0,0.0,360.0,0.0
2025-12-11 13:30:00,466.0,0.0,219.0,0.0
2025-12-11 14:00:00,506.0,0.0,239.0,0.0
2025-12-11 14:30:00,975.0,0.0,410.0,0.0
2025-12-11 15:00:00,1101.0,0.0,447.0,0.0
2025-12-11 15:30:00,1141.0,0.0,446.0,0.0
2025-12-11 16:00:00,1182.0,0.0,450.0,0.0
2025-12-11 16:30:00,1218.0,0.0,442.0,0.0
2025-12-11 17:00:00,1201.0,0.0,417.0,0.0
2025-12-11 17:30:00,878.0,0.0,270.0,0.0
2025-12-11 18:00:00,1217.0,0.0,407.0,0.0
2025-12-11 18:30:00,1254.0,0.0,408.0,0.0
2025-12-11 19:00:00,1264.0,0.0,404.0,0.0
2025-12-11 19:30:00,1232.0,0.0,381.0,0.0
2025-12-11 20:00:00,560.0,0.0,126.0,0.0
2025-12-11 20:30:00,998.0,0.0,288.0,0.0
2025-12-11 21:00:00,1197.0,0.0,370.0,0.0
2025-12-11 21:30:00,1272.0,0.0,398.0,0.0
2025-12-11 22:00:00,1289.0,0.0,399.0,0.0
2025-12-11 22:30:00,1285.0,0.0,396.0,0.0
2025-12-11 23:00:00,1309.0,0.0,405.0,0.0
2025-12-11 23:30:00,1289.0,0.0,399.0,0.0
2025-12-12 00:00:00,1247.0,0.0,380.0,0.0
2025-12-12 00:30:00,873.0,0.0,213.0,0.0
2025-12-12 01:00:00,843.0,0.0,206.0,0.0
2025-12-12 01:30:00,1093.0,0.0,334.0,0.0
2025-12-12 02:00:00,1197.0,0.0,377.0,0.0
2025-12-12 02:30:00,1261.0,0.0,407.0,0.0
2025-12-12 03:00:00,1247.0,0.0,372.0,0.0
2025-12-12 03:30:00,1182.0,0.0,362.0,0.0
2025-12-12 04:00:00,1225.0,0.0,370.0,0.0
2025-12-12 04:30:00,1131.0,0.0,334.0,0.0
2025-12-12 05:00:00,859.0,0.0,229.0,0.0
2025-12-12 05:30:00,791.0,0.0,192.0,0.0
2025-12-12 06:00:00,736.0,0.0,182.0,0.0
2025-12-12 06:30:00,588.0,0.0,125.0,0.0
2025-12-12 07:00:00,592.0,0.0,115.0,0.0
2025-12-12 07:30:00,586.0,0.0,120.0,0.0
2025-12-12 08:00:00,598.0,0.0,169.0,0.0
2025-12-12 08:30:00,926.0,0.0,338.0,0.0
2025-12-12 09:00:00,1051.0,0.0,386.0,0.0
2025-12-12 09:30:00,1179.0,0.0,458.0,0.0
2025-12-12 10:00:00,1172.0,0.0,475.0,0.0
2025-12-12 10:30:00,1072.0,0.0,447.0,0.0
2025-12-12 11:00:00,1068.0,0.0,463.0,0.0
2025-12-12 11:30:00,994.0,0.0,461.0,0.0
2025-12-12 12:00:00,954.0,0.0,488.0,0.0
2025-12-12 12:30:00,922.0,0.0,432.0,0.0
2025-12-12 13:00:00,505.0,0.0,289.0,0.0
2025-12-12 13:30:00,603.0,0.0,249.0,0.0
2025-12-12 14:00:00,480.0,0.0,312.0,0.0
2025-12-12 14:30:00,1011.0,0.0,427.0,0.0
2025-12-12 15:00:00,978.0,0.0,455.0,0.0
2025-12-12 15:30:00,1040.0,0.0,467.0,0.0
2025-12-12 16:00:00,1214.0,0.0,464.0,0.0
2025-12-12 16:30:00,1303.0,0.0,463.0,0.0
2025-12-12 17:00:00,1355.0,0.0,439.0,0.0
2025-12-12 17:30:00,1017.0,0.0,326.0,0.0
2025-12-12 18:00:00,1385.0,0.0,457.0,0.0
2025-12-12 18:30:00,1400.0,0.0,462.0,0.0
2025-12-12 19:00:00,1428.0,0.0,480.0,0.0
2025-12-12 19:30:00,1320.0,0.0,427.0,0.0
2025-12-12 20:00:00,1128.0,0.0,350.0,0.0
2025-12-12 20:30:00,1057.0,0.0,346.0,0.0
2025-12-12 21:00:00,1262.0,0.0,429.0,0.0
2025-12-12 21:30:00,1398.0,0.0,462.0,0.0
2025-12-12 22:00:00,1449.0,0.0,449.0,0.0
2025-12-12 22:30:00,1359.0,0.0,416.0,0.0
2025-12-12 23:00:00,1330.0,0.0,423.0,0.0
2025-12-12 23:30:00,1365.0,0.0,442.0,0.0
2025-12-13 00:00:00,1331.0,0.0,416.0,0.0
2025-12-13 00:30:00,952.0,0.0,254.0,0.0
2025-12-13 01:00:00,827.0,0.0,211.0,0.0
2025-12-13 01:30:00,984.0,0.0,313.0,0.0
2025-12-13 02:00:00,1223.0,0.0,407.0,0.0
2025-12-13 02:30:00,1265.0,0.0,426.0,0.0
2025-12-13 03:00:00,1280.0,0.0,422.0,0.0
2025-12-13 03:30:00,1352.0,0.0,453.0,0.0
2025-12-13 04:00:00,1386.0,0.0,461.0,0.0
2025-12-13 04:30:00,1420.0,0.0,466.0,0.0
2025-12-13 05:00:00,1305.0,0.0,427.0,0.0
2025-12-13 05:30:00,1248.0,0.0,429.0,0.0
2025-12-13 06:00:00,1183.0,0.0,373.0,0.0
2025-12-13 06:30:00,800.0,0.0,199.0,0.0
2025-12-13 07:00:00,1053.0,0.0,323.0,0.0
2025-12-13 07:30:00,1279.0,0.0,379.0,0.0
2025-12-13 08:00:00,1008.0,0.0,311.0,0.0
2025-12-13 08:30:00,1052.0,0.0,357.0,0.0
2025-12-13 09:00:00,1404.0,0.0,496.0,0.0
2025-12-13 09:30:00,1379.0,0.0,497.0,0.0
2025-12-13 10:00:00,1210.0,0.0,436.0,0.0
2025-12-13 10:30:00,1208.0,0.0,480.0,0.0
2025-12-13 11:00:00,1138.0,0.0,484.0,0.0
2025-12-13 11:30:00,917.0,0.0,469.0,0.0
2025-12-13 12:00:00,767.0,0.0,412.0,0.0
2025-12-13 12:30:00,883.0,0.0,470.0,0.0
2025-12-13 13:00:00,948.0,0.0,446.0,0.0
2025-12-13 13:30:00,537.0,0.0,238.0,0.0
2025-12-13 14:00:00,208.0,1.0,210.0,0.0
2025-12-13 14:30:00,775.0,0.0,411.0,0.0
2025-12-13 15:00:00,1201.0,0.0,451.0,0.0
2025-12-13 15:30:00,1289.0,0.0,472.0,0.0
2025-12-13 16:00:00,1268.0,0.0,452.0,0.0
2025-12-13 16:30:00,1261.0,0.0,435.0,0.0
2025-12-13 17:00:00,900.0,0.0,300.0,0.0
2025-12-13 17:30:00,708.0,0.0,214.0,0.0
2025-12-13 18:00:00,892.0,0.0,292.0,0.0
2025-12-13 18:30:00,931.0,0.0,275.0,0.0
2025-12-13 19:00:00,848.0,0.0,248.0,0.0
2025-12-13 19:30:00,888.0,0.0,276.0,0.0
2025-12-13 20:00:00,808.0,0.0,219.0,0.0
2025-12-13 20:30:00,992.0,0.0,302.0,0.0
2025-12-13 21:00:00,1207.0,0.0,382.0,0.0
2025-12-13 21:30:00,1308.0,0.0,425.0,0.0
2025-12-13 22:00:00,1305.0,0.0,438.0,0.0
2025-12-13 22:30:00,1291.0,0.0,425.0,0.0
2025-12-13 23:00:00,1388.0,0.0,473.0,0.0
2025-12-13 23:30:00,1364.0,0.0,436.0,0.0
2025-12-14 00:00:00,1271.0,0.0,416.0,0.0
2025-12-14 00:30:00,963.0,0.0,295.0,0.0
2025-12-14 01:00:00,907.0,0.0,273.0,0.0
2025-12-14 01:30:00,1110.0,0.0,367.0,0.0
2025-12-14 02:00:00,1226.0,0.0,373.0,0.0
2025-12-14 02:30:00,1312.0,0.0,437.0,0.0
2025-12-14 03:00:00,1279.0,0.0,414.0,0.0
2025-12-14 03:30:00,1250.0,0.0,401.0,0.0
2025-12-14 04:00:00,1312.0,0.0,434.0,0.0
2025-12-14 04:30:00,1261.0,0.0,392.0,0.0
2025-12-14 05:00:00,1055.0,0.0,312.0,0.0
2025-12-14 05:30:00,952.0,0.0,270.0,0.0
2025-12-14 06:00:00,1004.0,0.0,280.0,0.0
2025-12-14 06:30:00,686.0,0.0,150.0,0.0
2025-12-14 07:00:00,905.0,0.0,252.0,0.0
2025-12-14 07:30:00,923.0,0.0,276.0,0.0
2025-12-14 08:00:00,718.0,0.0,201.0,0.0
2025-12-14 08:30:00,684.0,0.0,226.0,0.0
2025-12-14 09:00:00,835.0,0.0,286.0,0.0
2025-12-14 09:30:00,901.0,0.0,355.0,0.0
2025-12-14 10:00:00,962.0,0.0,390.0,0.0
2025-12-14 10:30:00,974.0,0.0,423.0,0.0
2025-12-14 11:00:00,948.0,0.0,411.0,0.0
2025-12-14 11:30:00,1168.0,0.0,475.0,0.0
2025-12-14 12:00:00,1108.0,0.0,470.0,0.0
2025-12-14 12:30:00,1032.0,0.0,460.0,0.0
2025-12-14 13:00:00,855.0,0.0,407.0,0.0
2025-12-14 13:30:00,369.0,0.0,183.0,0.0
2025-12-14 14:00:00,340.0,0.0,192.0,0.0
2025-12-14 14:30:00,1212.0,0.0,437.0,0.0
2025-12-14 15:00:00,1410.0,0.0,476.0,0.0
2025-12-14 15:30:00,1415.0,0.0,475.0,0.0
2025-12-14 16:00:00,1285.0,0.0,450.0,0.0
2025-12-14 16:30:00,1213.0,0.0,456.0,0.0
2025-12-14 17:00:00,1277.0,0.0,480.0,0.0
2025-12-14 17:30:00,1004.0,0.0,326.0,0.0
2025-12-14 18:00:00,1162.0,0.0,396.0,0.0
2025-12-14 18:30:00,902.0,0.0,268.0,0.0
2025-12-14 19:00:00,916.0,0.0,279.0,0.0
2025-12-14 19:30:00,923.0,0.0,278.0,0.0
2025-12-14 20:00:00,721.0,0.0,193.0,0.0
2025-12-14 20:30:00,639.0,0.0,156.0,0.0
2025-12-14 21:00:00,910.0,0.0,261.0,0.0
2025-12-14 21:30:00,955.0,0.0,288.0,0.0
2025-12-14 22:00:00,925.0,0.0,269.0,0.0
2025-12-14 22:30:00,901.0,0.0,252.0,0.0
2025-12-14 23:00:00,913.0,0.0,274.0,0.0
2025-12-14 23:30:00,868.0,0.0,275.0,0.0
2025-12-15 00:00:00,806.0,0.0,225.0,0.0
2025-12-15 00:30:00,572.0,0.0,155.0,0.0
2025-12-15 01:00:00,565.0,0.0,154.0,0.0
2025-12-15 01:30:00,799.0,0.0,235.0,0.0
2025-12-15 02:00:00,929.0,0.0,279.0,0.0
2025-12-15 02:30:00,924.0,0.0,252.0,0.0
2025-12-15 03:00:00,925.0,0.0,272.0,0.0
2025-12-15 03:30:00,1013.0,0.0,302.0,0.0
2025-12-15 04:00:00,833.0,0.0,252.0,0.0
2025-12-15 04:30:00,849.0,0.0,259.0,0.0
2025-12-15 05:00:00,844.0,0.0,248.0,0.0
2025-12-15 05:30:00,899.0,0.0,268.0,0.0
2025-12-15 06:00:00,793.0,0.0,214.0,0.0
2025-12-15 06:30:00,577.0,0.0,137.0,0.0
2025-12-15 07:00:00,805.0,0.0,228.0,0.0
2025-12-15 07:30:00,848.0,0.0,244.0,0.0
2025-12-15 08:00:00,782.0,0.0,232.0,0.0
2025-12-15 08:30:00,951.0,0.0,312.0,0.0
2025-12-15 09:00:00,1160.0,0.0,416.0,0.0
2025-12-15 09:30:00,1314.0,0.0,448.0,0.0
2025-12-15 10:00:00,1289.0,0.0,450.0,0.0
2025-12-15 10:30:00,1330.0,0.0,416.0,0.0
2025-12-15 11:00:00,1405.0,0.0,424.0,0.0
2025-12-15 11:30:00,1408.0,0.0,421.0,0.0
2025-12-15 12:00:00,1297.0,0.0,420.0,0.0
2025-12-15 12:30:00,1155.0,0.0,400.0,0.0
2025-12-15 13:00:00,951.0,0.0,303.0,0.0
2025-12-15 13:30:00,579.0,0.0,183.0,0.0
2025-12-15 14:00:00,611.0,0.0,214.0,0.0
2025-12-15 14:30:00,1120.0,0.0,397.0,0.0
2025-12-15 15:00:00,1171.0,0.0,433.0,0.0
2025-12-15 15:30:00,1176.0,0.0,428.0,0.0
2025-12-15 16:00:00,1317.0,0.0,456.0,0.0
2025-12-15 16:30:00,1253.0,0.0,419.0,0.0
2025-12-15 17:00:00,1365.0,0.0,439.0,0.0
2025-12-15 17:30:00,861.0,0.0,235.0,0.0
2025-12-15 18:00:00,1287.0,0.0,429.0,0.0
2025-12-15 18:30:00,1328.0,0.0,439.0,0.0
2025-12-15 19:00:00,1410.0,0.0,463.0,0.0
2025-12-15 19:30:00,1352.0,0.0,418.0,0.0
2025-12-15 20:00:00,1189.0,0.0,361.0,0.0
2025-12-15 20:30:00,1035.0,0.0,296.0,0.0
2025-12-15 21:00:00,1147.0,0.0,351.0,0.0
2025-12-15 21:30:00,1301.0,0.0,422.0,0.0
2025-12-15 22:00:00,1294.0,0.0,406.0,0.0
2025-12-15 22:30:00,1383.0,0.0,415.0,0.0
2025-12-15 23:00:00,1427.0,0.0,441.0,0.0
2025-12-15 23:30:00,1455.0,0.0,441.0,0.0
2025-12-16 00:00:00,1346.0,0.0,417.0,0.0
2025-12-16 00:30:00,975.0,0.0,267.0,0.0
2025-12-16 01:00:00,859.0,0.0,229.0,0.0
2025-12-16 01:30:00,1022.0,0.0,285.0,0.0
2025-12-16 02:00:00,1280.0,0.0,400.0,0.0
2025-12-16 02:30:00,1314.0,0.0,430.0,0.0
2025-12-16 03:00:00,1383.0,0.0,426.0,0.0
2025-12-16 03:30:00,1420.0,0.0,413.0,0.0
2025-12-16 04:00:00,1376.0,0.0,391.0,0.0
2025-12-16 04:30:00,1382.0,0.0,407.0,0.0
2025-12-16 05:00:00,1430.0,0.0,432.0,0.0
2025-12-16 05:30:00,1278.0,0.0,386.0,0.0
2025-12-16 06:00:00,1314.0,0.0,404.0,0.0
2025-12-16 06:30:00,849.0,0.0,193.0,0.0
2025-12-16 07:00:00,1176.0,0.0,356.0,0.0
2025-12-16 07:30:00,1278.0,0.0,404.0,0.0
2025-12-16 08:00:00,1185.0,0.0,351.0,0.0
2025-12-16 08:30:00,1058.0,0.0,302.0,0.0
2025-12-16 09:00:00,1433.0,0.0,485.0,0.0
2025-12-16 09:30:00,1394.0,0.0,450.0,0.0
2025-12-16 10:00:00,1451.0,0.0,464.0,0.0
2025-12-16 10:30:00,1445.0,0.0,470.0,0.0
2025-12-16 11:00:00,1291.0,0.0,472.0,0.0
2025-12-16 11:30:00,1257.0,0.0,472.0,0.0
2025-12-16 12:00:00,1136.0,0.0,426.0,0.0
2025-12-16 12:30:00,1072.0,0.0,426.0,0.0
2025-12-16 13:00:00,943.0,0.0,342.0,0.0
2025-12-16 13:30:00,626.0,0.0,197.0,0.0
2025-12-16 14:00:00,612.0,0.0,238.0,0.0
2025-12-16 14:30:00,1120.0,0.0,429.0,0.0
2025-12-16 15:00:00,1167.0,0.0,412.0,0.0
2025-12-16 15:30:00,1156.0,0.0,432.0,0.0
2025-12-16 16:00:00,1188.0,0.0,411.0,0.0
2025-12-16 16:30:00,1190.0,0.0,434.0,0.0
2025-12-16 17:00:00,1173.0,0.0,421.0,0.0
2025-12-16 17:30:00,912.0,0.0,274.0,0.0
2025-12-16 18:00:00,1317.0,0.0,448.0,0.0
2025-12-16 18:30:00,1447.0,0.0,491.0,0.0
2025-12-16 19:00:00,1436.0,0.0,445.0,0.0
2025-12-16 19:30:00,1332.0,0.0,424.0,0.0
2025-12-16 20:00:00,1116.0,0.0,294.0,0.0
2025-12-16 20:30:00,1075.0,0.0,304.0,0.0
2025-12-16 21:00:00,1233.0,0.0,388.0,0.0
2025-12-16 21:30:00,1253.0,0.0,368.0,0.0
2025-12-16 22:00:00,1367.0,0.0,424.0,0.0
2025-12-16 22:30:00,1324.0,0.0,372.0,0.0
2025-12-16 23:00:00,1436.0,0.0,449.0,0.0
2025-12-16 23:30:00,1379.0,0.0,434.0,0.0
2025-12-17 00:00:00,1311.0,0.0,376.0,0.0
2025-12-17 00:30:00,1016.0,0.0,262.0,0.0
2025-12-17 01:00:00,860.0,0.0,194.0,0.0
2025-12-17 01:30:00,953.0,0.0,272.0,0.0
2025-12-17 02:00:00,1180.0,0.0,328.0,0.0
2025-12-17 02:30:00,1351.0,0.0,392.0,0.0
2025-12-17 03:00:00,1381.0,0.0,392.0,0.0
2025-12-17 03:30:00,1352.0,0.0,388.0,0.0
2025-12-17 04:00:00,1356.0,0.0,401.0,0.0
2025-12-17 04:30:00,1438.0,0.0,436.0,0.0
2025-12-17 05:00:00,1352.0,0.0,382.0,0.0
2025-12-17 05:30:00,1355.0,0.0,396.0,0.0
2025-12-17 06:00:00,1173.0,0.0,306.0,0.0
2025-12-17 06:30:00,826.0,0.0,175.0,0.0
2025-12-17 07:00:00,1206.0,0.0,356.0,0.0
2025-12-17 07:30:00,1220.0,0.0,368.0,0.0
2025-12-17 08:00:00,993.0,0.0,263.0,0.0
2025-12-17 08:30:00,1029.0,0.0,283.0,0.0
2025-12-17 09:00:00,1288.0,0.0,402.0,0.0
2025-12-17 09:30:00,1288.0,0.0,424.0,0.0
2025-12-17 10:00:00,1338.0,0.0,438.0,0.0
2025-12-17 10:30:00,1324.0,0.0,431.0,0.0
2025-12-17 11:00:00,1289.0,0.0,430.0,0.0
2025-12-17 11:30:00,1364.0,0.0,461.0,0.0
2025-12-17 12:00:00,1281.0,0.0,440.0,0.0
2025-12-17 12:30:00,1250.0,0.0,431.0,0.0
2025-12-17 13:00:00,1035.0,0.0,369.0,0.0
2025-12-17 13:30:00,678.0,0.0,200.0,0.0
2025-12-17 14:00:00,842.0,0.0,254.0,0.0
2025-12-17 14:30:00,1214.0,0.0,411.0,0.0
2025-12-17 15:00:00,1286.0,0.0,474.0,0.0
2025-12-17 15:30:00,1189.0,0.0,445.0,0.0
2025-12-17 16:00:00,1318.0,0.0,456.0,0.0
2025-12-17 16:30:00,1369.0,0.0,464.0,0.0
2025-12-17 17:00:00,1406.0,0.0,438.0,0.0
2025-12-17 17:30:00,973.0,0.0,268.0,0.0
2025-12-17 18:00:00,1348.0,0.0,452.0,0.0
2025-12-17 18:30:00,1475.0,0.0,485.0,0.0
2025-12-17 19:00:00,1407.0,0.0,455.0,0.0
2025-12-17 19:30:00,1459.0,0.0,459.0,0.0
2025-12-17 20:00:00,1177.0,0.0,316.0,0.0
2025-12-17 20:30:00,1021.0,0.0,285.0,0.0
2025-12-17 21:00:00,1319.0,0.0,413.0,0.0
2025-12-17 21:30:00,1444.0,0.0,461.0,0.0
2025-12-17 22:00:00,1386.0,0.0,443.0,0.0
2025-12-17 22:30:00,1383.0,0.0,416.0,0.0
2025-12-17 23:00:00,1452.0,0.0,458.0,0.0
2025-12-17 23:30:00,1396.0,0.0,426.0,0.0
2025-12-18 00:00:00,1325.0,0.0,398.0,0.0
2025-12-18 00:30:00,1013.0,0.0,239.0,0.0
2025-12-18 01:00:00,882.0,0.0,198.0,0.0
2025-12-18 01:30:00,1118.0,0.0,312.0,0.0
2025-12-18 02:00:00,1189.0,0.0,367.0,0.0
2025-12-18 02:30:00,1503.0,0.0,459.0,0.0
2025-12-18 03:00:00,1403.0,0.0,449.0,0.0
2025-12-18 03:30:00,1437.0,0.0,441.0,0.0
2025-12-18 04:00:00,1348.0,0.0,407.0,0.0
2025-12-18 04:30:00,1372.0,0.0,434.0,0.0
2025-12-18 05:00:00,1341.0,0.0,392.0,0.0
2025-12-18 05:30:00,1381.0,0.0,418.0,0.0
2025-12-18 06:00:00,1306.0,0.0,389.0,0.0
2025-12-18 06:30:00,876.0,0.0,190.0,0.0
2025-12-18 07:00:00,1164.0,0.0,337.0,0.0
2025-12-18 07:30:00,1244.0,0.0,378.0,0.0
2025-12-18 08:00:00,951.0,0.0,252.0,0.0
2025-12-18 08:30:00,1023.0,0.0,291.0,0.0
2025-12-18 09:00:00,1367.0,0.0,451.0,0.0
2025-12-18 09:30:00,1282.0,0.0,422.0,0.0
2025-12-18 10:00:00,1196.0,0.0,418.0,0.0
2025-12-18 10:30:00,1122.0,0.0,404.0,0.0
2025-12-18 11:00:00,1194.0,0.0,473.0,0.0
2025-12-18 11:30:00,1181.0,0.0,447.0,0.0
2025-12-18 12:00:00,1190.0,0.0,442.0,0.0
2025-12-18 12:30:00,987.0,0.0,393.0,0.0
2025-12-18 13:00:00,915.0,0.0,328.0,0.0
2025-12-18 13:30:00,659.0,0.0,209.0,0.0
2025-12-18 14:00:00,686.0,0.0,250.0,0.0
2025-12-18 14:30:00,1159.0,0.0,434.0,0.0
2025-12-18 15:00:00,1198.0,0.0,438.0,0.0
2025-12-18 15:30:00,1208.0,0.0,459.0,0.0
2025-12-18 16:00:00,1343.0,0.0,464.0,0.0
2025-12-18 16:30:00,1394.0,0.0,472.0,0.0
2025-12-18 17:00:00,1421.0,0.0,473.0,0.0
2025-12-18 17:30:00,953.0,0.0,261.0,0.0
2025-12-18 18:00:00,1385.0,0.0,472.0,0.0
2025-12-18 18:30:00,1430.0,0.0,483.0,0.0
2025-12-18 19:00:00,1508.0,0.0,494.0,0.0
2025-12-18 19:30:00,1404.0,0.0,420.0,0.0
2025-12-18 20:00:00,1118.0,0.0,299.0,0.0
2025-12-18 20:30:00,1101.0,0.0,311.0,0.0
2025-12-18 21:00:00,1255.0,0.0,373.0,0.0
2025-12-18 21:30:00,1349.0,0.0,408.0,0.0
2025-12-18 22:00:00,1488.0,0.0,465.0,0.0
2025-12-18 22:30:00,1325.0,0.0,417.0,0.0
2025-12-18 23:00:00,1457.0,0.0,451.0,0.0
2025-12-18 23:30:00,1369.0,0.0,411.0,0.0
2025-12-19 00:00:00,1326.0,0.0,395.0,0.0
2025-12-19 00:30:00,1063.0,0.0,270.0,0.0
2025-12-19 01:00:00,928.0,0.0,203.0,0.0
2025-12-19 01:30:00,1130.0,0.0,339.0,0.0
2025-12-19 02:00:00,1198.0,0.0,365.0,0.0
2025-12-19 02:30:00,1325.0,0.0,399.0,0.0
2025-12-19 03:00:00,1325.0,0.0,388.0,0.0
2025-12-19 03:30:00,1404.0,0.0,442.0,0.0
2025-12-19 04:00:00,1302.0,0.0,390.0,0.0
2025-12-19 04:30:00,1360.0,0.0,422.0,0.0
2025-12-19 05:00:00,1314.0,0.0,414.0,0.0
2025-12-19 05:30:00,1409.0,0.0,399.0,0.0
2025-12-19 06:00:00,1294.0,0.0,385.0,0.0
2025-12-19 06:30:00,892.0,0.0,208.0,0.0
2025-12-19 07:00:00,1218.0,0.0,362.0,0.0
2025-12-19 07:30:00,1284.0,0.0,383.0,0.0
2025-12-19 08:00:00,1055.0,0.0,295.0,0.0
2025-12-19 08:30:00,970.0,0.0,308.0,0.0
2025-12-19 09:00:00,1326.0,0.0,420.0,0.0
2025-12-19 09:30:00,1311.0,0.0,414.0,0.0
2025-12-19 10:00:00,1338.0,0.0,443.0,0.0
2025-12-19 10:30:00,1376.0,0.0,461.0,0.0
2025-12-19 11:00:00,1222.0,0.0,453.0,0.0
2025-12-19 11:30:00,1071.0,0.0,455.0,0.0
2025-12-19 12:00:00,1285.0,0.0,471.0,0.0
2025-12-19 12:30:00,958.0,0.0,425.0,0.0
2025-12-19 13:00:00,660.0,0.0,342.0,0.0
2025-12-19 13:30:00,354.0,0.0,237.0,0.0
2025-12-19 14:00:00,485.0,0.0,235.0,0.0
2025-12-19 14:30:00,737.0,0.0,372.0,0.0
2025-12-19 15:00:00,1142.0,0.0,462.0,0.0
2025-12-19 15:30:00,1021.0,0.0,402.0,0.0
2025-12-19 16:00:00,1131.0,0.0,410.0,0.0
2025-12-19 16:30:00,1214.0,0.0,432.0,0.0
2025-12-19 17:00:00,1176.0,0.0,425.0,0.0
2025-12-19 17:30:00,852.0,0.0,235.0,0.0
2025-12-19 18:00:00,1287.0,0.0,427.0,0.0
2025-12-19 18:30:00,1281.0,0.0,433.0,0.0
2025-12-19 19:00:00,1305.0,0.0,427.0,0.0
2025-12-19 19:30:00,1368.0,0.0,418.0,0.0
2025-12-19 20:00:00,1182.0,0.0,355.0,0.0
2025-12-19 20:30:00,1039.0,0.0,284.0,0.0
2025-12-19 21:00:00,1284.0,0.0,399.0,0.0
2025-12-19 21:30:00,1264.0,0.0,392.0,0.0
2025-12-19 22:00:00,1309.0,0.0,405.0,0.0
2025-12-19 22:30:00,1322.0,0.0,418.0,0.0
2025-12-19 23:00:00,1282.0,0.0,373.0,0.0
2025-12-19 23:30:00,1318.0,0.0,408.0,0.0
2025-12-20 00:00:00,1301.0,0.0,399.0,0.0
2025-12-20 00:30:00,1005.0,0.0,268.0,0.0
2025-12-20 01:00:00,844.0,0.0,194.0,0.0
2025-12-20 01:30:00,1111.0,0.0,318.0,0.0
2025-12-20 02:00:00,1215.0,0.0,352.0,0.0
2025-12-20 02:30:00,1388.0,0.0,442.0,0.0
2025-12-20 03:00:00,1402.0,0.0,440.0,0.0
2025-12-20 03:30:00,1361.0,0.0,443.0,0.0
2025-12-20 04:00:00,1246.0,0.0,386.0,0.0
2025-12-20 04:30:00,1308.0,0.0,413.0,0.0
2025-12-20 05:00:00,1294.0,0.0,405.0,0.0
2025-12-20 05:30:00,1269.0,0.0,384.0,0.0
2025-12-20 06:00:00,1175.0,0.0,330.0,0.0
2025-12-20 06:30:00,816.0,0.0,191.0,0.0
2025-12-20 07:00:00,1153.0,0.0,327.0,0.0
2025-12-20 07:30:00,1256.0,0.0,370.0,0.0
2025-12-20 08:00:00,882.0,0.0,225.0,0.0
2025-12-20 08:30:00,923.0,0.0,259.0,0.0
2025-12-20 09:00:00,1136.0,0.0,404.0,0.0
2025-12-20 09:30:00,1027.0,0.0,405.0,0.0
2025-12-20 10:00:00,1146.0,0.0,458.0,0.0
2025-12-20 10:30:00,1038.0,0.0,441.0,0.0
2025-12-20 11:00:00,841.0,0.0,392.0,0.0
2025-12-20 11:30:00,1248.0,0.0,461.0,0.0
2025-12-20 12:00:00,1227.0,0.0,490.0,0.0
2025-12-20 12:30:00,1090.0,0.0,469.0,0.0
2025-12-20 13:00:00,928.0,0.0,466.0,0.0
2025-12-20 13:30:00,474.0,0.0,198.0,0.0
2025-12-20 14:00:00,570.0,0.0,176.0,0.0
2025-12-20 14:30:00,968.0,0.0,360.0,0.0
2025-12-20 15:00:00,1149.0,0.0,408.0,0.0
2025-12-20 15:30:00,1061.0,0.0,465.0,0.0
2025-12-20 16:00:00,1046.0,0.0,451.0,0.0
2025-12-20 16:30:00,855.0,0.0,350.0,0.0
2025-12-20 17:00:00,620.0,0.0,243.0,0.0
2025-12-20 17:30:00,457.0,0.0,118.0,0.0
2025-12-20 18:00:00,925.0,0.0,237.0,0.0
2025-12-20 18:30:00,906.0,0.0,254.0,0.0
2025-12-20 19:00:00,873.0,0.0,254.0,0.0
2025-12-20 19:30:00,824.0,0.0,211.0,0.0
2025-12-20 20:00:00,726.0,0.0,170.0,0.0
2025-12-20 20:30:00,880.0,0.0,247.0,0.0
2025-12-20 21:00:00,1087.0,0.0,342.0,0.0
2025-12-20 21:30:00,1206.0,0.0,369.0,0.0
2025-12-20 22:00:00,1202.0,0.0,353.0,0.0
2025-12-20 22:30:00,1202.0,0.0,360.0,0.0
2025-12-20 23:00:00,1289.0,0.0,392.0,0.0
2025-12-20 23:30:00,1221.0,0.0,359.0,0.0
2025-12-21 00:00:00,1313.0,0.0,408.0,0.0
2025-12-21 00:30:00,966.0,0.0,253.0,0.0
2025-12-21 01:00:00,927.0,0.0,230.0,0.0
2025-12-21 01:30:00,916.0,0.0,248.0,0.0
2025-12-21 02:00:00,1022.0,0.0,307.0,0.0
2025-12-21 02:30:00,1210.0,0.0,396.0,0.0
2025-12-21 03:00:00,1205.0,0.0,366.0,0.0
2025-12-21 03:30:00,1176.0,0.0,373.0,0.0
2025-12-21 04:00:00,1156.0,0.0,349.0,0.0
2025-12-21 04:30:00,1049.0,0.0,299.0,0.0
2025-12-21 05:00:00,858.0,0.0,221.0,0.0
2025-12-21 05:30:00,777.0,0.0,197.0,0.0
2025-12-21 06:00:00,747.0,0.0,203.0,0.0
2025-12-21 06:30:00,637.0,0.0,123.0,0.0
2025-12-21 07:00:00,747.0,0.0,187.0,0.0
2025-12-21 07:30:00,752.0,0.0,188.0,0.0
2025-12-21 08:00:00,643.0,0.0,143.0,0.0
2025-12-21 08:30:00,576.0,0.0,172.0,0.0
2025-12-21 09:00:00,655.0,0.0,216.0,0.0
2025-12-21 09:30:00,883.0,0.0,326.0,0.0
2025-12-21 10:00:00,932.0,0.0,377.0,0.0
2025-12-21 10:30:00,785.0,0.0,392.0,0.0
2025-12-21 11:00:00,744.0,0.0,358.0,0.0
2025-12-21 11:30:00,717.0,0.0,379.0,0.0
2025-12-21 12:00:00,688.0,0.0,349.0,0.0
2025-12-21 12:30:00,761.0,0.0,365.0,0.0
2025-12-21 13:00:00,782.0,0.0,360.0,0.0
2025-12-21 13:30:00,302.0,1.0,164.0,0.0
2025-12-21 14:00:00,210.0,0.0,166.0,0.0
2025-12-21 14:30:00,710.0,0.0,343.0,0.0
2025-12-21 15:00:00,900.0,0.0,387.0,0.0
2025-12-21 15:30:00,860.0,0.0,390.0,0.0
2025-12-21 16:00:00,981.0,0.0,401.0,0.0
2025-12-21 16:30:00,1014.0,0.0,392.0,0.0
2025-12-21 17:00:00,1071.0,0.0,367.0,0.0
2025-12-21 17:30:00,903.0,0.0,263.0,0.0
2025-12-21 18:00:00,1024.0,0.0,293.0,0.0
2025-12-21 18:30:00,789.0,0.0,201.0,0.0
2025-12-21 19:00:00,857.0,0.0,259.0,0.0
2025-12-21 19:30:00,829.0,0.0,205.0,0.0
2025-12-21 20:00:00,774.0,0.0,171.0,0.0
2025-12-21 20:30:00,762.0,0.0,174.0,0.0
2025-12-21 21:00:00,879.0,0.0,223.0,0.0
2025-12-21 21:30:00,1109.0,0.0,340.0,0.0
2025-12-21 22:00:00,1226.0,0.0,367.0,0.0
2025-12-21 22:30:00,1188.0,0.0,368.0,0.0
2025-12-21 23:00:00,1333.0,0.0,418.0,0.0
2025-12-21 23:30:00,1337.0,0.0,438.0,0.0
2025-12-22 00:00:00,1358.0,0.0,426.0,0.0
2025-12-22 00:30:00,1012.0,0.0,263.0,0.0
2025-12-22 01:00:00,935.0,0.0,266.0,0.0
2025-12-22 01:30:00,1054.0,0.0,296.0,0.0
2025-12-22 02:00:00,1075.0,0.0,318.0,0.0
2025-12-22 02:30:00,1273.0,0.0,420.0,0.0
2025-12-22 03:00:00,1313.0,0.0,444.0,0.0
2025-12-22 03:30:00,1310.0,0.0,428.0,0.0
2025-12-22 04:00:00,1274.0,0.0,403.0,0.0
2025-12-22 04:30:00,1272.0,0.0,382.0,0.0
2025-12-22 05:00:00,1333.0,0.0,438.0,0.0
2025-12-22 05:30:00,1253.0,0.0,410.0,0.0
2025-12-22 06:00:00,1017.0,0.0,283.0,0.0
2025-12-22 06:30:00,667.0,0.0,170.0,0.0
2025-12-22 07:00:00,882.0,0.0,262.0,0.0
2025-12-22 07:30:00,824.0,0.0,243.0,0.0
2025-12-22 08:00:00,650.0,0.0,202.0,0.0
2025-12-22 08:30:00,871.0,0.0,317.0,0.0
2025-12-22 09:00:00,1062.0,0.0,406.0,0.0
2025-12-22 09:30:00,1072.0,0.0,426.0,0.0
2025-12-22 10:00:00,1013.0,0.0,453.0,0.0
2025-12-22 10:30:00,950.0,0.0,430.0,0.0
2025-12-22 11:00:00,864.0,0.0,433.0,0.0
2025-12-22 11:30:00,785.0,0.0,408.0,0.0
2025-12-22 12:00:00,806.0,0.0,418.0,0.0
2025-12-22 12:30:00,766.0,0.0,408.0,0.0
2025-12-22 13:00:00,713.0,0.0,352.0,0.0
2025-12-22 13:30:00,618.0,0.0,258.0,0.0
2025-12-22 14:00:00,496.0,0.0,266.0,0.0
2025-12-22 14:30:00,1020.0,0.0,435.0,0.0
2025-12-22 15:00:00,1048.0,0.0,459.0,0.0
2025-12-22 15:30:00,1360.0,0.0,488.0,0.0
2025-12-22 16:00:00,1201.0,0.0,474.0,0.0
2025-12-22 16:30:00,1382.0,0.0,443.0,0.0
2025-12-22 17:00:00,1383.0,0.0,459.0,0.0
2025-12-22 17:30:00,957.0,0.0,310.0,0.0
2025-12-22 18:00:00,1374.0,0.0,485.0,0.0
2025-12-22 18:30:00,1391.0,0.0,499.0,0.0
2025-12-22 19:00:00,1355.0,0.0,452.0,0.0
2025-12-22 19:30:00,1327.0,0.0,433.0,0.0
2025-12-22 20:00:00,1165.0,0.0,356.0,0.0
2025-12-22 20:30:00,1130.0,0.0,368.0,0.0
2025-12-22 21:00:00,1329.0,0.0,454.0,0.0
2025-12-22 21:30:00,1456.0,0.0,481.0,0.0
2025-12-22 22:00:00,1412.0,0.0,468.0,0.0
2025-12-22 22:30:00,1434.0,0.0,460.0,0.0
2025-12-22 23:00:00,1498.0,0.0,491.0,0.0
2025-12-22 23:30:00,1471.0,0.0,492.0,0.0
2025-12-23 00:00:00,1421.0,0.0,449.0,0.0
2025-12-23 00:30:00,1051.0,0.0,297.0,0.0
2025-12-23 01:00:00,857.0,0.0,233.0,0.0
2025-12-23 01:30:00,1107.0,0.0,354.0,0.0
2025-12-23 02:00:00,1176.0,0.0,369.0,0.0
2025-12-23 02:30:00,1428.0,0.0,459.0,0.0
2025-12-23 03:00:00,1361.0,0.0,449.0,0.0
2025-12-23 03:30:00,1349.0,0.0,452.0,0.0
2025-12-23 04:00:00,1373.0,0.0,452.0,0.0
2025-12-23 04:30:00,1454.0,0.0,489.0,0.0
2025-12-23 05:00:00,1406.0,0.0,471.0,0.0
2025-12-23 05:30:00,1350.0,0.0,452.0,0.0
2025-12-23 06:00:00,1231.0,0.0,372.0,0.0
2025-12-23 06:30:00,826.0,0.0,223.0,0.0
2025-12-23 07:00:00,1147.0,0.0,362.0,0.0
2025-12-23 07:30:00,1262.0,0.0,401.0,0.0
2025-12-23 08:00:00,934.0,0.0,300.0,0.0
2025-12-23 08:30:00,912.0,0.0,343.0,0.0
2025-12-23 09:00:00,1293.0,0.0,479.0,0.0
2025-12-23 09:30:00,1333.0,0.0,480.0,0.0
2025-12-23 10:00:00,1228.0,0.0,477.0,0.0
2025-12-23 10:30:00,1109.0,0.0,456.0,0.0
2025-12-23 11:00:00,1393.0,0.0,528.0,0.0
2025-12-23 11:30:00,1210.0,0.0,500.0,0.0
2025-12-23 12:00:00,1221.0,0.0,491.0,0.0
2025-12-23 12:30:00,835.0,0.0,391.0,0.0
2025-12-23 13:00:00,602.0,0.0,345.0,0.0
2025-12-23 13:30:00,440.0,0.0,257.0,0.0
2025-12-23 14:00:00,750.0,0.0,294.0,0.0
2025-12-23 14:30:00,826.0,0.0,433.0,0.0
2025-12-23 15:00:00,1033.0,0.0,499.0,0.0
2025-12-23 15:30:00,1327.0,0.0,468.0,0.0
2025-12-23 16:00:00,1443.0,0.0,515.0,0.0
2025-12-23 16:30:00,1535.0,0.0,556.0,0.0
2025-12-23 17:00:00,1504.0,0.0,533.0,0.0
2025-12-23 17:30:00,1038.0,0.0,305.0,0.0
2025-12-23 18:00:00,1394.0,0.0,491.0,0.0
2025-12-23 18:30:00,1405.0,0.0,479.0,0.0
2025-12-23 19:00:00,1511.0,0.0,501.0,0.0
2025-12-23 19:30:00,1453.0,0.0,478.0,0.0
2025-12-23 20:00:00,1176.0,0.0,349.0,0.0
2025-12-23 20:30:00,1072.0,0.0,331.0,0.0
2025-12-23 21:00:00,1183.0,0.0,393.0,0.0
2025-12-23 21:30:00,1296.0,0.0,414.0,0.0
2025-12-23 22:00:00,1380.0,0.0,442.0,0.0
2025-12-23 22:30:00,1395.0,0.0,431.0,0.0
2025-12-23 23:00:00,1327.0,0.0,395.0,0.0
2025-12-23 23:30:00,1344.0,0.0,431.0,0.0
2025-12-24 00:00:00,1231.0,0.0,382.0,0.0
2025-12-24 00:30:00,919.0,0.0,253.0,0.0
2025-12-24 01:00:00,808.0,0.0,218.0,0.0
2025-12-24 01:30:00,1043.0,0.0,288.0,0.0
2025-12-24 02:00:00,1213.0,0.0,360.0,0.0
2025-12-24 02:30:00,1399.0,0.0,431.0,0.0
2025-12-24 03:00:00,1276.0,0.0,405.0,0.0
2025-12-24 03:30:00,1238.0,0.0,394.0,0.0
2025-12-24 04:00:00,1289.0,0.0,424.0,0.0
2025-12-24 04:30:00,1276.0,0.0,406.0,0.0
2025-12-24 05:00:00,1137.0,0.0,351.0,0.0
2025-12-24 05:30:00,1216.0,0.0,368.0,0.0
2025-12-24 06:00:00,1206.0,0.0,333.0,0.0
2025-12-24 06:30:00,795.0,0.0,212.0,0.0
2025-12-24 07:00:00,1158.0,0.0,374.0,0.0
2025-12-24 07:30:00,1103.0,0.0,353.0,0.0
2025-12-24 08:00:00,871.0,0.0,279.0,0.0
2025-12-24 08:30:00,912.0,0.0,312.0,0.0
2025-12-24 09:00:00,1069.0,0.0,398.0,0.0
2025-12-24 09:30:00,985.0,0.0,398.0,0.0
2025-12-24 10:00:00,1042.0,0.0,448.0,0.0
2025-12-24 10:30:00,1020.0,0.0,457.0,0.0
2025-12-24 11:00:00,1062.0,0.0,486.0,0.0
2025-12-24 11:30:00,1094.0,0.0,481.0,0.0
2025-12-24 12:00:00,1023.0,0.0,477.0,0.0
2025-12-24 12:30:00,777.0,0.0,404.0,0.0
2025-12-24 13:00:00,737.0,0.0,367.0,0.0
2025-12-24 13:30:00,549.0,0.0,243.0,0.0
2025-12-24 14:00:00,562.0,0.0,304.0,0.0
2025-12-24 14:30:00,1318.0,0.0,481.0,0.0
2025-12-24 15:00:00,1324.0,0.0,494.0,0.0
2025-12-24 15:30:00,1290.0,0.0,518.0,0.0
2025-12-24 16:00:00,1323.0,0.0,484.0,0.0
2025-12-24 16:30:00,1405.0,0.0,527.0,0.0
2025-12-24 17:00:00,1297.0,0.0,484.0,0.0
2025-12-24 17:30:00,1006.0,0.0,352.0,0.0
2025-12-24 18:00:00,1376.0,0.0,486.0,0.0
2025-12-24 18:30:00,1497.0,0.0,511.0,0.0
2025-12-24 19:00:00,1432.0,0.0,468.0,0.0
2025-12-24 19:30:00,1368.0,0.0,447.0,0.0
2025-12-24 20:00:00,1178.0,0.0,373.0,0.0
2025-12-24 20:30:00,1061.0,0.0,318.0,0.0
2025-12-24 21:00:00,1176.0,0.0,367.0,0.0
2025-12-24 21:30:00,1296.0,0.0,430.0,0.0
2025-12-24 22:00:00,1259.0,0.0,398.0,0.0
2025-12-24 22:30:00,1306.0,0.0,391.0,0.0
2025-12-24 23:00:00,1341.0,0.0,432.0,0.0
2025-12-24 23:30:00,1268.0,0.0,383.0,0.0
2025-12-25 00:00:00,1251.0,0.0,384.0,0.0
2025-12-25 00:30:00,963.0,0.0,260.0,0.0
2025-12-25 01:00:00,838.0,0.0,218.0,0.0
2025-12-25 01:30:00,1016.0,0.0,322.0,0.0
2025-12-25 02:00:00,1134.0,0.0,354.0,0.0
2025-12-25 02:30:00,1216.0,0.0,370.0,0.0
2025-12-25 03:00:00,1233.0,0.0,405.0,0.0
2025-12-25 03:30:00,1282.0,0.0,409.0,0.0
2025-12-25 04:00:00,1240.0,0.0,419.0,0.0
2025-12-25 04:30:00,1175.0,0.0,378.0,0.0
2025-12-25 05:00:00,1217.0,0.0,370.0,0.0
2025-12-25 05:30:00,1165.0,0.0,383.0,0.0
2025-12-25 06:00:00,1121.0,0.0,334.0,0.0
2025-12-25 06:30:00,819.0,0.0,229.0,0.0
2025-12-25 07:00:00,1097.0,0.0,363.0,0.0
2025-12-25 07:30:00,1160.0,0.0,359.0,0.0
2025-12-25 08:00:00,885.0,0.0,247.0,0.0
2025-12-25 08:30:00,605.0,0.0,186.0,0.0
2025-12-25 09:00:00,574.0,0.0,194.0,0.0
2025-12-25 09:30:00,851.0,0.0,327.0,0.0
2025-12-25 10:00:00,973.0,0.0,421.0,0.0
2025-12-25 10:30:00,791.0,0.0,391.0,0.0
2025-12-25 11:00:00,1036.0,0.0,468.0,0.0
2025-12-25 11:30:00,971.0,0.0,437.0,0.0
2025-12-25 12:00:00,908.0,0.0,400.0,0.0
2025-12-25 12:30:00,927.0,0.0,441.0,0.0
2025-12-25 13:00:00,828.0,0.0,361.0,0.0
2025-12-25 13:30:00,330.0,0.0,166.0,0.0
2025-12-25 14:00:00,421.0,0.0,156.0,0.0
2025-12-25 14:30:00,921.0,0.0,368.0,0.0
2025-12-25 15:00:00,1047.0,0.0,423.0,0.0
2025-12-25 15:30:00,986.0,0.0,387.0,0.0
2025-12-25 16:00:00,1139.0,0.0,422.0,0.0
2025-12-25 16:30:00,1155.0,0.0,376.0,0.0
2025-12-25 17:00:00,1092.0,0.0,331.0,0.0
2025-12-25 17:30:00,941.0,0.0,290.0,0.0
2025-12-25 18:00:00,798.0,0.0,225.0,0.0
2025-12-25 18:30:00,573.0,0.0,145.0,0.0
2025-12-25 19:00:00,568.0,0.0,144.0,0.0
2025-12-25 19:30:00,569.0,0.0,135.0,0.0
2025-12-25 20:00:00,583.0,0.0,140.0,0.0
2025-12-25 20:30:00,680.0,0.0,171.0,0.0
2025-12-25 21:00:00,741.0,0.0,214.0,0.0
2025-12-25 21:30:00,1025.0,0.0,337.0,0.0
2025-12-25 22:00:00,1255.0,0.0,407.0,0.0
2025-12-25 22:30:00,1296.0,0.0,422.0,0.0
2025-12-25 23:00:00,1351.0,0.0,436.0,0.0
2025-12-25 23:30:00,1365.0,0.0,418.0,0.0
2025-12-26 00:00:00,1199.0,0.0,367.0,0.0
2025-12-26 00:30:00,974.0,0.0,281.0,0.0
2025-12-26 01:00:00,905.0,0.0,254.0,0.0
2025-12-26 01:30:00,1056.0,0.0,309.0,0.0
2025-12-26 02:00:00,1009.0,0.0,293.0,0.0
2025-12-26 02:30:00,1213.0,0.0,383.0,0.0
2025-12-26 03:00:00,1258.0,0.0,403.0,0.0
2025-12-26 03:30:00,1211.0,0.0,402.0,0.0
2025-12-26 04:00:00,1333.0,0.0,456.0,0.0
2025-12-26 04:30:00,1190.0,0.0,395.0,0.0
2025-12-26 05:00:00,1017.0,0.0,305.0,0.0
2025-12-26 05:30:00,851.0,0.0,244.0,0.0
2025-12-26 06:00:00,644.0,0.0,158.0,0.0
2025-12-26 06:30:00,553.0,0.0,137.0,0.0
2025-12-26 07:00:00,543.0,0.0,105.0,0.0
2025-12-26 07:30:00,546.0,0.0,121.0,0.0
2025-12-26 08:00:00,557.0,0.0,146.0,0.0
2025-12-26 08:30:00,924.0,0.0,319.0,0.0
2025-12-26 09:00:00,1310.0,0.0,460.0,0.0
2025-12-26 09:30:00,1116.0,0.0,418.0,0.0
2025-12-26 10:00:00,1034.0,0.0,413.0,0.0
2025-12-26 10:30:00,1101.0,0.0,450.0,0.0
2025-12-26 11:00:00,1031.0,0.0,477.0,0.0
2025-12-26 11:30:00,1030.0,0.0,479.0,0.0
2025-12-26 12:00:00,954.0,0.0,423.0,0.0
2025-12-26 12:30:00,928.0,0.0,435.0,0.0
2025-12-26 13:00:00,693.0,0.0,355.0,0.0
2025-12-26 13:30:00,304.0,0.0,225.0,0.0
2025-12-26 14:00:00,479.0,0.0,267.0,0.0
2025-12-26 14:30:00,875.0,0.0,383.0,0.0
2025-12-26 15:00:00,1215.0,0.0,506.0,0.0
2025-12-26 15:30:00,1032.0,0.0,459.0,0.0
2025-12-26 16:00:00,1316.0,0.0,493.0,0.0
2025-12-26 16:30:00,1261.0,0.0,488.0,0.0
2025-12-26 17:00:00,1393.0,0.0,461.0,0.0
2025-12-26 17:30:00,1002.0,0.0,303.0,0.0
2025-12-26 18:00:00,1410.0,0.0,502.0,0.0
2025-12-26 18:30:00,1421.0,0.0,473.0,0.0
2025-12-26 19:00:00,1450.0,0.0,494.0,0.0
2025-12-26 19:30:00,1402.0,0.0,493.0,0.0
2025-12-26 20:00:00,1073.0,0.0,320.0,0.0
2025-12-26 20:30:00,1018.0,0.0,310.0,0.0
2025-12-26 21:00:00,1105.0,0.0,353.0,0.0
2025-12-26 21:30:00,1254.0,0.0,418.0,0.0
2025-12-26 22:00:00,1257.0,0.0,387.0,0.0
2025-12-26 22:30:00,1334.0,0.0,447.0,0.0
2025-12-26 23:00:00,1311.0,0.0,406.0,0.0
2025-12-26 23:30:00,1314.0,0.0,453.0,0.0
2025-12-27 00:00:00,1284.0,0.0,399.0,0.0
2025-12-27 00:30:00,937.0,0.0,271.0,0.0
2025-12-27 01:00:00,789.0,0.0,217.0,0.0
2025-12-27 01:30:00,911.0,0.0,281.0,0.0
2025-12-27 02:00:00,1036.0,0.0,319.0,0.0
2025-12-27 02:30:00,1120.0,0.0,342.0,0.0
2025-12-27 03:00:00,1240.0,0.0,409.0,0.0
2025-12-27 03:30:00,1184.0,0.0,373.0,0.0
2025-12-27 04:00:00,1128.0,0.0,345.0,0.0
2025-12-27 04:30:00,1199.0,0.0,369.0,0.0
2025-12-27 05:00:00,1182.0,0.0,351.0,0.0
2025-12-27 05:30:00,1155.0,0.0,348.0,0.0
2025-12-27 06:00:00,1178.0,0.0,361.0,0.0
2025-12-27 06:30:00,812.0,0.0,238.0,0.0
2025-12-27 07:00:00,1183.0,0.0,361.0,0.0
2025-12-27 07:30:00,1100.0,0.0,329.0,0.0
2025-12-27 08:00:00,840.0,0.0,249.0,0.0
2025-12-27 08:30:00,988.0,0.0,327.0,0.0
2025-12-27 09:00:00,1232.0,0.0,407.0,0.0
2025-12-27 09:30:00,1217.0,0.0,427.0,0.0
2025-12-27 10:00:00,1263.0,0.0,464.0,0.0
2025-12-27 10:30:00,1233.0,0.0,474.0,0.0
2025-12-27 11:00:00,1174.0,0.0,462.0,0.0
2025-12-27 11:30:00,1157.0,0.0,451.0,0.0
2025-12-27 12:00:00,1067.0,0.0,450.0,0.0
2025-12-27 12:30:00,1005.0,0.0,456.0,0.0
2025-12-27 13:00:00,901.0,0.0,405.0,0.0
2025-12-27 13:30:00,408.0,0.0,210.0,0.0
2025-12-27 14:00:00,367.0,0.0,177.0,0.0
2025-12-27 14:30:00,1102.0,0.0,405.0,0.0
2025-12-27 15:00:00,1162.0,0.0,452.0,0.0
2025-12-27 15:30:00,1114.0,0.0,431.0,0.0
2025-12-27 16:00:00,961.0,0.0,388.0,0.0
2025-12-27 16:30:00,1049.0,0.0,388.0,0.0
2025-12-27 17:00:00,827.0,0.0,280.0,0.0
2025-12-27 17:30:00,643.0,0.0,186.0,0.0
2025-12-27 18:00:00,888.0,0.0,266.0,0.0
2025-12-27 18:30:00,978.0,0.0,298.0,0.0
2025-12-27 19:00:00,937.0,0.0,279.0,0.0
2025-12-27 19:30:00,886.0,0.0,262.0,0.0
2025-12-27 20:00:00,762.0,0.0,214.0,0.0
2025-12-27 20:30:00,810.0,0.0,247.0,0.0
2025-12-27 21:00:00,1203.0,0.0,375.0,0.0
2025-12-27 21:30:00,1326.0,0.0,434.0,0.0
2025-12-27 22:00:00,1335.0,0.0,419.0,0.0
2025-12-27 22:30:00,1305.0,0.0,428.0,0.0
2025-12-27 23:00:00,1263.0,0.0,392.0,0.0
2025-12-27 23:30:00,1232.0,0.0,394.0,0.0
2025-12-28 00:00:00,1251.0,0.0,394.0,0.0
2025-12-28 00:30:00,953.0,0.0,274.0,0.0
2025-12-28 01:00:00,897.0,0.0,245.0,0.0
2025-12-28 01:30:00,1051.0,0.0,322.0,0.0
2025-12-28 02:00:00,1144.0,0.0,338.0,0.0
2025-12-28 02:30:00,1334.0,0.0,439.0,0.0
2025-12-28 03:00:00,1319.0,0.0,415.0,0.0
2025-12-28 03:30:00,1232.0,0.0,375.0,0.0
2025-12-28 04:00:00,1300.0,0.0,413.0,0.0
2025-12-28 04:30:00,1145.0,0.0,361.0,0.0
2025-12-28 05:00:00,1064.0,0.0,296.0,0.0
2025-12-28 05:30:00,981.0,0.0,295.0,0.0
2025-12-28 06:00:00,932.0,0.0,272.0,0.0
2025-12-28 06:30:00,729.0,0.0,200.0,0.0
2025-12-28 07:00:00,933.0,0.0,296.0,0.0
2025-12-28 07:30:00,919.0,0.0,278.0,0.0
2025-12-28 08:00:00,742.0,0.0,200.0,0.0
2025-12-28 08:30:00,672.0,0.0,184.0,0.0
2025-12-28 09:00:00,813.0,0.0,240.0,0.0
2025-12-28 09:30:00,969.0,0.0,322.0,0.0
2025-12-28 10:00:00,1081.0,0.0,365.0,0.0
2025-12-28 10:30:00,1157.0,0.0,421.0,0.0
2025-12-28 11:00:00,1120.0,0.0,415.0,0.0
2025-12-28 11:30:00,1010.0,0.0,389.0,0.0
2025-12-28 12:00:00,1077.0,0.0,411.0,0.0
2025-12-28 12:30:00,1090.0,0.0,409.0,0.0
2025-12-28 13:00:00,967.0,0.0,359.0,0.0
2025-12-28 13:30:00,481.0,0.0,161.0,0.0
2025-12-28 14:00:00,428.0,0.0,165.0,0.0
2025-12-28 14:30:00,996.0,0.0,368.0,0.0
2025-12-28 15:00:00,1052.0,0.0,398.0,0.0
2025-12-28 15:30:00,1030.0,0.0,390.0,0.0
2025-12-28 16:00:00,1080.0,0.0,395.0,0.0
2025-12-28 16:30:00,1064.0,0.0,392.0,0.0
2025-12-28 17:00:00,1031.0,0.0,383.0,0.0
2025-12-28 17:30:00,903.0,0.0,309.0,0.0
2025-12-28 18:00:00,950.0,0.0,316.0,0.0
2025-12-28 18:30:00,756.0,0.0,226.0,0.0
2025-12-28 19:00:00,811.0,0.0,257.0,0.0
2025-12-28 19:30:00,858.0,0.0,253.0,0.0
2025-12-28 20:00:00,671.0,0.0,173.0,0.0
2025-12-28 20:30:00,672.0,0.0,161.0,0.0
2025-12-28 21:00:00,828.0,0.0,224.0,0.0
2025-12-28 21:30:00,934.0,0.0,246.0,0.0
2025-12-28 22:00:00,899.0,0.0,251.0,0.0
2025-12-28 22:30:00,938.0,0.0,287.0,0.0
2025-12-28 23:00:00,906.0,0.0,247.0,0.0
2025-12-28 23:30:00,900.0,0.0,244.0,0.0
2025-12-29 00:00:00,829.0,0.0,204.0,0.0
2025-12-29 00:30:00,638.0,0.0,132.0,0.0
2025-12-29 01:00:00,583.0,0.0,118.0,0.0
2025-12-29 01:30:00,821.0,0.0,225.0,0.0
2025-12-29 02:00:00,883.0,0.0,246.0,0.0
2025-12-29 02:30:00,861.0,0.0,242.0,0.0
2025-12-29 03:00:00,949.0,0.0,285.0,0.0
2025-12-29 03:30:00,865.0,0.0,251.0,0.0
2025-12-29 04:00:00,851.0,0.0,246.0,0.0
2025-12-29 04:30:00,822.0,0.0,216.0,0.0
2025-12-29 05:00:00,834.0,0.0,252.0,0.0
2025-12-29 05:30:00,873.0,0.0,241.0,0.0
2025-12-29 06:00:00,892.0,0.0,241.0,0.0
2025-12-29 06:30:00,681.0,0.0,176.0,0.0
2025-12-29 07:00:00,855.0,0.0,242.0,0.0
2025-12-29 07:30:00,943.0,0.0,268.0,0.0
2025-12-29 08:00:00,693.0,0.0,207.0,0.0
2025-12-29 08:30:00,931.0,0.0,326.0,0.0
2025-12-29 09:00:00,1191.0,0.0,437.0,0.0
2025-12-29 09:30:00,1137.0,0.0,419.0,0.0
2025-12-29 10:00:00,1229.0,0.0,453.0,0.0
2025-12-29 10:30:00,1132.0,0.0,479.0,0.0
2025-12-29 11:00:00,1108.0,0.0,478.0,0.0
2025-12-29 11:30:00,1010.0,0.0,446.0,0.0
2025-12-29 12:00:00,956.0,0.0,441.0,0.0
2025-12-29 12:30:00,881.0,0.0,433.0,0.0
2025-12-29 13:00:00,748.0,0.0,333.0,0.0
2025-12-29 13:30:00,550.0,0.0,236.0,0.0
2025-12-29 14:00:00,356.0,0.0,257.0,0.0
2025-12-29 14:30:00,917.0,0.0,439.0,0.0
2025-12-29 15:00:00,1214.0,0.0,452.0,0.0
2025-12-29 15:30:00,1162.0,0.0,441.0,0.0
2025-12-29 16:00:00,1168.0,0.0,439.0,0.0
2025-12-29 16:30:00,1275.0,0.0,442.0,0.0
2025-12-29 17:00:00,1216.0,0.0,410.0,0.0
2025-12-29 17:30:00,756.0,0.0,274.0,0.0
2025-12-29 18:00:00,1206.0,0.0,431.0,0.0
2025-12-29 18:30:00,1196.0,0.0,406.0,0.0
2025-12-29 19:00:00,1338.0,0.0,457.0,0.0
2025-12-29 19:30:00,1354.0,0.0,423.0,0.0
2025-12-29 20:00:00,1083.0,0.0,350.0,0.0
2025-12-29 20:30:00,1052.0,0.0,311.0,0.0
2025-12-29 21:00:00,1242.0,0.0,403.0,0.0
2025-12-29 21:30:00,1328.0,0.0,413.0,0.0
2025-12-29 22:00:00,1334.0,0.0,435.0,0.0
2025-12-29 22:30:00,1352.0,0.0,446.0,0.0
2025-12-29 23:00:00,1334.0,0.0,418.0,0.0
2025-12-29 23:30:00,1212.0,0.0,357.0,0.0
2025-12-30 00:00:00,1206.0,0.0,382.0,0.0
2025-12-30 00:30:00,921.0,0.0,249.0,0.0
2025-12-30 01:00:00,812.0,0.0,204.0,0.0
2025-12-30 01:30:00,974.0,0.0,280.0,0.0
2025-12-30 02:00:00,1129.0,0.0,332.0,0.0
2025-12-30 02:30:00,1284.0,0.0,395.0,0.0
2025-12-30 03:00:00,1163.0,0.0,360.0,0.0
2025-12-30 03:30:00,1142.0,0.0,370.0,0.0
2025-12-30 04:00:00,1243.0,0.0,402.0,0.0
2025-12-30 04:30:00,1195.0,0.0,369.0,0.0
2025-12-30 05:00:00,1193.0,0.0,379.0,0.0
2025-12-30 05:30:00,1204.0,0.0,373.0,0.0
2025-12-30 06:00:00,1050.0,0.0,320.0,0.0
2025-12-30 06:30:00,866.0,0.0,241.0,0.0
2025-12-30 07:00:00,1025.0,0.0,317.0,0.0
2025-12-30 07:30:00,1234.0,0.0,407.0,0.0
2025-12-30 08:00:00,910.0,0.0,289.0,0.0
2025-12-30 08:30:00,884.0,0.0,302.0,0.0
2025-12-30 09:00:00,1056.0,0.0,371.0,0.0
2025-12-30 09:30:00,1036.0,0.0,406.0,0.0
2025-12-30 10:00:00,979.0,0.0,412.0,0.0
2025-12-30 10:30:00,943.0,0.0,415.0,0.0
2025-12-30 11:00:00,829.0,0.0,413.0,0.0
2025-12-30 11:30:00,838.0,0.0,413.0,0.0
2025-12-30 12:00:00,820.0,0.0,425.0,0.0
2025-12-30 12:30:00,750.0,0.0,367.0,0.0
2025-12-30 13:00:00,759.0,0.0,362.0,0.0
2025-12-30 13:30:00,314.0,0.0,268.0,0.0
2025-12-30 14:00:00,536.0,0.0,302.0,0.0
2025-12-30 14:30:00,820.0,0.0,413.0,0.0
2025-12-30 15:00:00,946.0,0.0,415.0,0.0
2025-12-30 15:30:00,1040.0,0.0,450.0,0.0
2025-12-30 16:00:00,1092.0,0.0,419.0,0.0
2025-12-30 16:30:00,1235.0,0.0,421.0,0.0
2025-12-30 17:00:00,1319.0,0.0,449.0,0.0
2025-12-30 17:30:00,926.0,0.0,292.0,0.0
2025-12-30 18:00:00,1348.0,0.0,468.0,0.0
2025-12-30 18:30:00,1425.0,0.0,487.0,0.0
2025-12-30 19:00:00,1347.0,0.0,458.0,0.0
2025-12-30 19:30:00,1366.0,0.0,432.0,0.0
2025-12-30 20:00:00,1083.0,0.0,337.0,0.0
2025-12-30 20:30:00,1003.0,0.0,319.0,0.0
2025-12-30 21:00:00,1274.0,0.0,400.0,0.0
2025-12-30 21:30:00,1359.0,0.0,444.0,0.0
2025-12-30 22:00:00,1372.0,0.0,435.0,0.0
2025-12-30 22:30:00,1335.0,0.0,424.0,0.0
2025-12-30 23:00:00,1309.0,0.0,407.0,0.0
2025-12-30 23:30:00,1172.0,0.0,337.0,0.0
2025-12-31 00:00:00,1253.0,0.0,391.0,0.0
2025-12-31 00:30:00,989.0,0.0,279.0,0.0
2025-12-31 01:00:00,789.0,0.0,200.0,0.0
2025-12-31 01:30:00,979.0,0.0,294.0,0.0
2025-12-31 02:00:00,1047.0,0.0,316.0,0.0
2025-12-31 02:30:00,1224.0,0.0,391.0,0.0
2025-12-31 03:00:00,1395.0,0.0,471.0,0.0
2025-12-31 03:30:00,1301.0,0.0,383.0,0.0
2025-12-31 04:00:00,1276.0,0.0,391.0,0.0
2025-12-31 04:30:00,1269.0,0.0,386.0,0.0
2025-12-31 05:00:00,1134.0,0.0,353.0,0.0
2025-12-31 05:30:00,1259.0,0.0,429.0,0.0
2025-12-31 06:00:00,1161.0,0.0,362.0,0.0
2025-12-31 06:30:00,815.0,0.0,213.0,0.0
2025-12-31 07:00:00,951.0,0.0,303.0,0.0
2025-12-31 07:30:00,1047.0,0.0,349.0,0.0
2025-12-31 08:00:00,910.0,0.0,288.0,0.0
2025-12-31 08:30:00,900.0,0.0,307.0,0.0
2025-12-31 09:00:00,975.0,0.0,349.0,0.0
2025-12-31 09:30:00,1001.0,0.0,406.0,0.0
2025-12-31 10:00:00,1017.0,0.0,456.0,0.0
2025-12-31 10:30:00,1183.0,0.0,453.0,0.0
2025-12-31 11:00:00,788.0,0.0,317.0,0.0
2025-12-31 11:30:00,680.0,0.0,316.0,0.0
2025-12-31 12:00:00,847.0,0.0,399.0,0.0
2025-12-31 12:30:00,899.0,0.0,401.0,0.0
2025-12-31 13:00:00,687.0,0.0,317.0,0.0
2025-12-31 13:30:00,354.0,0.0,268.0,0.0
2025-12-31 14:00:00,534.0,0.0,278.0,0.0
2025-12-31 14:30:00,805.0,0.0,377.0,0.0
2025-12-31 15:00:00,1064.0,0.0,446.0,0.0
2025-12-31 15:30:00,1038.0,0.0,434.0,0.0
2025-12-31 16:00:00,1082.0,0.0,454.0,0.0
2025-12-31 16:30:00,922.0,0.0,422.0,0.0
2025-12-31 17:00:00,910.0,0.0,371.0,0.0
2025-12-31 17:30:00,832.0,0.0,293.0,0.0
2025-12-31 18:00:00,1128.0,0.0,388.0,0.0
2025-12-31 18:30:00,1144.0,0.0,371.0,0.0
2025-12-31 19:00:00,1193.0,0.0,390.0,0.0
2025-12-31 19:30:00,1146.0,0.0,370.0,0.0
2025-12-31 20:00:00,950.0,0.0,268.0,0.0
2025-12-31 20:30:00,917.0,0.0,281.0,0.0
2025-12-31 21:00:00,1144.0,0.0,363.0,0.0
2025-12-31 21:30:00,1240.0,0.0,388.0,0.0
2025-12-31 22:00:00,1234.0,0.0,396.0,0.0
2025-12-31 22:30:00,1281.0,0.0,418.0,0.0
2025-12-31 23:00:00,1239.0,0.0,415.0,0.0
2025-12-31 23:30:00,1213.0,0.0,373.0,0.0
2026-01-01 00:00:00,1154.0,0.0,346.0,0.0
