timestamp,kw_import,kw_export,kvar_import,kvar_export
2024-11-01 00:00:00,663.8659371613418,0.0,199.0,0.0
2024-11-01 00:30:00,633.8664008728592,0.0,180.0,0.0
2024-11-01 01:00:00,652.3594512721357,0.0,177.99999999999997,0.0
2024-11-01 01:30:00,649.3556489783265,0.0,170.0,0.0
2024-11-01 02:00:00,586.9229253942295,0.0,170.0,0.0
2024-11-01 02:30:00,611.158287051784,0.0,171.0,0.0
2024-11-01 03:00:00,618.8934898445224,0.0,187.0,0.0
2024-11-01 03:30:00,677.9192833558315,0.0,187.0,0.0
2024-11-01 04:00:00,716.2634961762869,0.0,196.0,0.0
2024-11-01 04:30:00,588.9028543325471,0.0,194.0,0.0
2024-11-01 05:00:00,703.5089470830892,0.0,190.99999999999997,0.0
2024-11-01 05:30:00,638.0446610695423,0.0,181.00000000000003,0.0
2024-11-01 06:00:00,670.6419657482692,0.0,181.0,0.0
2024-11-01 06:30:00,621.3459547839224,0.0,172.0,0.0
2024-11-01 07:00:00,652.892189974698,0.0,173.00000000000003,0.0
2024-11-01 07:30:00,585.8198039157337,0.0,160.0,0.0
2024-11-01 08:00:00,354.8118722858903,0.0,92.0,0.0
2024-11-01 08:30:00,125.58292729618161,0.0,8.0,4.0
2024-11-01 09:00:00,76.66700664430113,0.0,0.0,15.0
2024-11-01 09:30:00,107.9021481522316,0.0,12.0,10.0
2024-11-01 10:00:00,152.30945598743165,0.0,25.0,0.0
2024-11-01 10:30:00,148.9889777173013,0.0,26.0,0.0
2024-11-01 11:00:00,144.04923656955077,0.0,26.0,0.0
2024-11-01 11:30:00,139.453081379844,0.0,26.0,0.0
2024-11-01 12:00:00,142.59071853821752,0.0,23.0,0.0
2024-11-01 12:30:00,143.86665243169116,0.0,23.0,0.0
2024-11-01 13:00:00,131.19130279945074,0.0,50.0,0.0
2024-11-01 13:30:00,139.76728434128034,0.0,65.0,0.0
2024-11-01 14:00:00,132.73838955387836,0.0,66.0,0.0
2024-11-01 14:30:00,138.99495622212348,0.0,63.0,0.0
2024-11-01 15:00:00,152.00594395957367,0.0,60.0,0.0
2024-11-01 15:30:00,133.9642583038998,0.0,60.0,0.0
2024-11-01 16:00:00,147.4168489704056,0.0,61.0,0.0
2024-11-01 16:30:00,163.84892498795662,0.0,61.0,0.0
2024-11-01 17:00:00,154.92672561487495,0.0,64.0,0.0
2024-11-01 17:30:00,146.41090930220489,0.0,65.0,0.0
2024-11-01 18:00:00,105.33509400177223,0.0,33.0,0.0
2024-11-01 18:30:00,79.02980555206314,0.0,18.0,0.0
2024-11-01 19:00:00,75.37394736022414,0.0,17.0,0.0
2024-11-01 19:30:00,85.97318663322329,0.0,17.0,0.0
2024-11-01 20:00:00,92.71168501096393,0.0,22.0,0.0
2024-11-01 20:30:00,96.93933488826738,0.0,22.0,0.0
2024-11-01 21:00:00,91.25880860290873,0.0,25.000000000000004,0.0
2024-11-01 21:30:00,93.81851542034421,0.0,22.0,0.0
2024-11-01 22:00:00,97.73137282616882,0.0,24.0,0.0
2024-11-01 22:30:00,81.27253241113947,0.0,26.0,0.0
2024-11-01 23:00:00,80.50720150041863,0.0,28.0,0.0
2024-11-01 23:30:00,77.34699380933617,0.0,26.999999999999996,0.0
2024-11-02 00:00:00,545.2016397292417,0.0,125.0,0.0
2024-11-02 00:30:00,575.1834147370232,0.0,117.17021276595746,0.0
2024-11-02 01:00:00,520.3944883224217,0.0,117.0,0.0
2024-11-02 01:30:00,552.0495195216042,0.0,117.0,0.0
2024-11-02 02:00:00,548.3120139495697,0.0,126.14893617021276,0.0
2024-11-02 02:30:00,530.9274163517952,0.0,130.5744680851064,0.0
2024-11-02 03:00:00,562.8126980079716,0.0,126.63829787234043,0.0
2024-11-02 03:30:00,605.1032027331286,0.0,125.14893617021276,0.0
2024-11-02 04:00:00,532.6128025968679,0.0,123.34042553191489,0.0
2024-11-02 04:30:00,554.5862849726542,0.0,123.80851063829788,0.0
2024-11-02 05:00:00,515.9404581062927,0.0,121.63829787234043,0.0
2024-11-02 05:30:00,509.5712307986085,0.0,121.0,0.0
2024-11-02 06:00:00,520.5873845385287,0.0,120.25531914893617,0.0
2024-11-02 06:30:00,525.0627094550321,0.0,117.1063829787234,0.0
2024-11-02 07:00:00,521.9602479805609,0.0,116.70212765957447,0.0
2024-11-02 07:30:00,410.3549982844123,0.0,90.44680851063833,0.0
2024-11-02 08:00:00,282.5629650971361,0.0,80.6382978723404,0.0
2024-11-02 08:30:00,308.2135774429276,0.0,101.78723404255314,0.0
2024-11-02 09:00:00,401.5352276465257,0.0,132.12765957446803,0.0
2024-11-02 09:30:00,407.7300839671493,0.0,141.0212765957447,0.0
2024-11-02 10:00:00,435.6432441320569,0.0,141.87234042553192,0.0
2024-11-02 10:30:00,446.13190950405715,0.0,148.9787234042553,0.0
2024-11-02 11:00:00,418.0977297409504,0.0,150.87234042553192,0.0
2024-11-02 11:30:00,438.0880533474623,0.0,148.48936170212767,0.0
2024-11-02 12:00:00,402.082796205676,0.0,154.36170212765958,0.0
2024-11-02 12:30:00,459.9892146140617,0.0,161.93617021276594,0.0
2024-11-02 13:00:00,450.14291037156926,0.0,162.1063829787234,0.0
2024-11-02 13:30:00,450.5285474011534,0.0,160.14893617021278,0.0
2024-11-02 14:00:00,481.3552723858581,0.0,159.0,0.0
2024-11-02 14:30:00,448.8543299673212,0.0,159.0,0.0
2024-11-02 15:00:00,458.86895744914284,0.0,163.70212765957444,0.0
2024-11-02 15:30:00,538.5085373369162,0.0,172.68085106382978,0.0
2024-11-02 16:00:00,534.9584236170446,0.0,176.87234042553192,0.0
2024-11-02 16:30:00,452.80625337060656,0.0,191.93617021276583,0.0
2024-11-02 17:00:00,447.1075765863344,0.0,208.02127659574475,0.0
2024-11-02 17:30:00,402.2036738661297,0.0,168.44680851063868,0.5106382978723332
2024-11-02 18:00:00,224.9921319838587,0.0,69.70212765957477,5.744680851063777
2024-11-02 18:30:00,87.29585976983093,0.0,0.0,18.42553191489361
2024-11-02 19:00:00,84.75663423045378,0.0,0.0,19.425531914893625
2024-11-02 19:30:00,86.29757773270033,0.0,0.6808510638297776,14.106382978723444
2024-11-02 20:00:00,110.79628768156705,0.0,4.148936170212764,0.0
2024-11-02 20:30:00,111.3233920761915,0.0,5.255319148936167,0.0
2024-11-02 21:00:00,105.63193497872216,0.0,6.7872340425531945,0.10638297872340274
2024-11-02 21:30:00,101.84409342974158,0.0,5.085106382978722,0.9148936170212778
2024-11-02 22:00:00,104.48230006740819,0.0,5.872340425531917,0.06382978723404165
2024-11-02 22:30:00,111.94041865475353,0.0,5.234042553191472,0.9574468085106389
2024-11-02 23:00:00,110.08905306846961,0.0,33.34042553191489,0.0
2024-11-02 23:30:00,108.97854264702514,0.0,49.0,0.0
2024-11-03 00:00:00,78.91053067664517,0.0,24.000000000000004,0.0
2024-11-03 00:30:00,85.66755372201393,0.0,24.000000000000004,0.0
2024-11-03 01:00:00,73.31182766734791,0.0,22.999999999999996,0.0
2024-11-03 01:30:00,74.92403424080341,0.0,24.000000000000004,0.0
2024-11-03 02:00:00,80.41601579782883,0.0,21.0,0.0
2024-11-03 02:30:00,79.63262429416388,0.0,25.0,0.0
2024-11-03 03:00:00,73.7232177395256,0.0,22.0,0.0
2024-11-03 03:30:00,82.58032055804104,0.0,26.0,0.0
2024-11-03 04:00:00,81.70631195842836,0.0,24.0,0.0
2024-11-03 04:30:00,79.05861261453255,0.0,23.999999999999996,0.0
2024-11-03 05:00:00,76.36776984150853,0.0,26.0,0.0
2024-11-03 05:30:00,75.00102686907574,0.0,23.0,0.0
2024-11-03 06:00:00,79.90133902121039,0.0,26.0,0.0
2024-11-03 06:30:00,72.66856384547177,0.0,25.0,0.0
2024-11-03 07:00:00,82.9330915102861,0.0,26.0,0.0
2024-11-03 07:30:00,81.09368136438161,0.0,25.0,0.0
2024-11-03 08:00:00,67.86973104564852,0.0,25.0,0.0
2024-11-03 08:30:00,70.93084610387514,0.0,24.999999999999996,0.0
2024-11-03 09:00:00,71.6821612119807,0.0,23.0,0.0
2024-11-03 09:30:00,75.39539591964144,0.0,25.0,0.0
2024-11-03 10:00:00,74.02667390607506,0.0,23.0,0.0
2024-11-03 10:30:00,63.642519534701286,0.0,24.0,0.0
2024-11-03 11:00:00,67.5963886342833,0.0,23.0,0.0
2024-11-03 11:30:00,72.46993296899318,0.0,23.0,0.0
2024-11-03 12:00:00,67.96789982894522,0.0,22.999999999999996,0.0
2024-11-03 12:30:00,78.10211016434222,0.0,24.999999999999996,0.0
2024-11-03 13:00:00,77.55212468208383,0.0,26.0,0.0
2024-11-03 13:30:00,68.78448247851682,0.0,24.0,0.0
2024-11-03 14:00:00,72.12951352762279,0.0,26.0,0.0
2024-11-03 14:30:00,69.99462116081448,0.0,26.0,0.0
2024-11-03 15:00:00,71.01036696365732,0.0,23.999999999999996,0.0
2024-11-03 15:30:00,70.90171231146515,0.0,25.0,0.0
2024-11-03 16:00:00,75.13149175332485,0.0,26.0,0.0
2024-11-03 16:30:00,68.52440994818232,0.0,26.0,0.0
2024-11-03 17:00:00,61.44979014648138,0.0,24.0,0.0
2024-11-03 17:30:00,65.95691077864704,0.0,26.0,0.0
2024-11-03 18:00:00,71.85530764187325,0.0,26.0,0.0
2024-11-03 18:30:00,79.12789355520748,0.0,30.0,0.0
2024-11-03 19:00:00,81.55618457848546,0.0,27.0,0.0
2024-11-03 19:30:00,75.48216221389262,0.0,28.0,0.0
2024-11-03 20:00:00,70.21411709419863,0.0,24.0,0.0
2024-11-03 20:30:00,73.19278081105121,0.0,26.0,0.0
2024-11-03 21:00:00,72.47811994354876,0.0,26.0,0.0
2024-11-03 21:30:00,73.64985494348025,0.0,24.999999999999996,0.0
2024-11-03 22:00:00,74.46761097455474,0.0,27.0,0.0
2024-11-03 22:30:00,77.31500532503112,0.0,23.0,0.0
2024-11-03 23:00:00,72.9621862201028,0.0,25.0,0.0
2024-11-03 23:30:00,74.395602770201,0.0,25.0,0.0
2024-11-04 00:00:00,73.83824066381261,0.0,25.0,0.0
2024-11-04 00:30:00,77.42797140863574,0.0,25.000000000000004,0.0
2024-11-04 01:00:00,83.1296870479349,0.0,24.0,0.0
2024-11-04 01:30:00,91.18356700608597,0.0,25.000000000000004,0.0
2024-11-04 02:00:00,94.04799059128487,0.0,24.0,0.0
2024-11-04 02:30:00,100.44834132670266,0.0,27.0,0.0
2024-11-04 03:00:00,97.10759214198626,0.0,27.0,0.0
2024-11-04 03:30:00,91.65099255934845,0.0,25.0,0.0
2024-11-04 04:00:00,89.34184317347619,0.0,25.999999999999996,0.0
2024-11-04 04:30:00,97.5223554578174,0.0,28.0,0.0
2024-11-04 05:00:00,89.40451619801301,0.0,25.0,0.0
2024-11-04 05:30:00,90.206951165747,0.0,26.0,0.0
2024-11-04 06:00:00,129.29620434884202,0.0,56.0,0.0
2024-11-04 06:30:00,196.20716925659409,0.0,83.0,0.0
2024-11-04 07:00:00,176.32259314685083,0.0,84.0,0.0
2024-11-04 07:30:00,373.4126695481799,0.0,139.0,0.0
2024-11-04 08:00:00,552.5011358833609,0.0,278.0,0.0
2024-11-04 08:30:00,812.4064222620813,0.0,395.0,0.0
2024-11-04 09:00:00,950.7958530607667,0.0,426.0,0.0
2024-11-04 09:30:00,930.6621980743257,0.0,411.0,0.0
2024-11-04 10:00:00,905.6273336982031,0.0,352.0,0.0
2024-11-04 10:30:00,912.5885483399098,0.0,349.0,0.0
2024-11-04 11:00:00,955.7705007963915,0.0,337.0,0.0
2024-11-04 11:30:00,889.7094683223553,0.0,323.0,0.0
2024-11-04 12:00:00,877.3279712197397,0.0,303.0,0.0
2024-11-04 12:30:00,894.7627054405795,0.0,323.0,0.0
2024-11-04 13:00:00,943.1098221050473,0.0,329.0,0.0
2024-11-04 13:30:00,944.3795835773217,0.0,321.0,0.0
2024-11-04 14:00:00,836.5942615372824,0.0,313.0,0.0
2024-11-04 14:30:00,960.7513351854285,0.0,312.0,0.0
2024-11-04 15:00:00,903.7617510660951,0.0,344.0,0.0
2024-11-04 15:30:00,942.2220010588597,0.0,346.0,0.0
2024-11-04 16:00:00,874.0272786184644,0.0,338.0,0.0
2024-11-04 16:30:00,896.0345410674912,0.0,327.0,0.0
2024-11-04 17:00:00,1005.5984768653955,0.0,341.0,0.0
2024-11-04 17:30:00,916.8125184820946,0.0,351.0,0.0
2024-11-04 18:00:00,863.4304789765016,0.0,342.0,0.0
2024-11-04 18:30:00,657.8637901906154,0.0,244.0,0.0
2024-11-04 19:00:00,578.3330440645586,0.0,231.0,0.0
2024-11-04 19:30:00,617.408408192244,0.0,187.99999999999997,0.0
2024-11-04 20:00:00,554.9581229410932,0.0,163.0,0.0
2024-11-04 20:30:00,437.3630096695051,0.0,140.0,0.0
2024-11-04 21:00:00,487.9660465113855,0.0,195.0,0.0
2024-11-04 21:30:00,516.504369435125,0.0,198.0,0.0
2024-11-04 22:00:00,600.4133558625211,0.0,207.99999999999997,0.0
2024-11-04 22:30:00,613.0075061880563,0.0,243.00000000000003,0.0
2024-11-04 23:00:00,718.637113769133,0.0,256.0,0.0
2024-11-04 23:30:00,666.5619712301549,0.0,252.00000000000003,0.0
2024-11-05 00:00:00,572.785982351362,0.0,158.0,0.0
2024-11-05 00:30:00,476.79090525882793,0.0,91.0,0.0
2024-11-05 01:00:00,614.7355221863726,0.0,168.0,0.0
2024-11-05 01:30:00,647.7004265733867,0.0,181.00000000000003,0.0
2024-11-05 02:00:00,663.6564425352091,0.0,181.0,0.0
2024-11-05 02:30:00,621.7269017366257,0.0,177.0,0.0
2024-11-05 03:00:00,595.4374614403224,0.0,179.0,0.0
2024-11-05 03:30:00,659.3486720523138,0.0,169.0,0.0
2024-11-05 04:00:00,659.2563566089663,0.0,173.0,0.0
2024-11-05 04:30:00,630.0801678587181,0.0,178.0,0.0
2024-11-05 05:00:00,677.1436627418361,0.0,183.0,0.0
2024-11-05 05:30:00,675.2488972941563,0.0,175.0,0.0
2024-11-05 06:00:00,667.1902440973369,0.0,173.99999999999997,0.0
2024-11-05 06:30:00,607.5421730525541,0.0,166.99999999999997,0.0
2024-11-05 07:00:00,586.1306146378926,0.0,171.0,0.0
2024-11-05 07:30:00,626.4711419390417,0.0,189.0,0.0
2024-11-05 08:00:00,715.8656421689521,0.0,259.0,0.0
2024-11-05 08:30:00,851.9037539715672,0.0,346.0,0.0
2024-11-05 09:00:00,826.258267177145,0.0,375.0,0.0
2024-11-05 09:30:00,861.3193047688412,0.0,348.0,0.0
2024-11-05 10:00:00,854.5325488728067,0.0,321.0,0.0
2024-11-05 10:30:00,859.2709978442072,0.0,321.0,0.0
2024-11-05 11:00:00,903.4425747143947,0.0,327.0,0.0
2024-11-05 11:30:00,818.679565716328,0.0,316.0,0.0
2024-11-05 12:00:00,932.7299157479916,0.0,319.0,0.0
2024-11-05 12:30:00,863.3131071176016,0.0,321.0,0.0
2024-11-05 13:00:00,980.8095997644158,0.0,315.0,0.0
2024-11-05 13:30:00,808.1244648872406,0.0,279.0,0.0
2024-11-05 14:00:00,962.7245174009305,0.0,279.0,0.0
2024-11-05 14:30:00,957.1129671421094,0.0,278.0,0.0
2024-11-05 15:00:00,877.4292323497724,0.0,279.0,0.0
2024-11-05 15:30:00,906.885286140168,0.0,294.0,0.0
2024-11-05 16:00:00,886.3965034626051,0.0,287.0,0.0
2024-11-05 16:30:00,842.5832117542018,0.0,266.0,0.0
2024-11-05 17:00:00,908.9724595827327,0.0,284.0,0.0
2024-11-05 17:30:00,905.8964518951794,0.0,284.0,0.0
2024-11-05 18:00:00,826.8821425273293,0.0,291.0,0.0
2024-11-05 18:30:00,976.0876903238379,0.0,285.0,0.0
2024-11-05 19:00:00,837.3912949191429,0.0,262.0,0.0
2024-11-05 19:30:00,827.8770641395653,0.0,236.99999999999997,0.0
2024-11-05 20:00:00,733.7812572094659,0.0,214.0,0.0
2024-11-05 20:30:00,671.6517963179313,0.0,183.0,0.0
2024-11-05 21:00:00,664.5911941060523,0.0,181.0,0.0
2024-11-05 21:30:00,666.5023289072441,0.0,176.99999999999997,0.0
2024-11-05 22:00:00,658.0396126092439,0.0,177.00000000000003,0.0
2024-11-05 22:30:00,669.2613431330434,0.0,176.0,0.0
2024-11-05 23:00:00,658.85112140115,0.0,175.99999999999997,0.0
2024-11-05 23:30:00,671.2535598043722,0.0,176.00000000000003,0.0
2024-11-06 00:00:00,673.5148047837604,0.0,205.0,0.0
2024-11-06 00:30:00,704.3171663413357,0.0,188.0,0.0
2024-11-06 01:00:00,678.4938591094385,0.0,192.00000000000003,0.0
2024-11-06 01:30:00,692.6538615471575,0.0,189.0,0.0
2024-11-06 02:00:00,615.4616607217375,0.0,197.0,0.0
2024-11-06 02:30:00,616.5962680873062,0.0,177.0,0.0
2024-11-06 03:00:00,685.068265212735,0.0,194.0,0.0
2024-11-06 03:30:00,675.9838856241911,0.0,195.00000000000003,0.0
2024-11-06 04:00:00,628.2319268613124,0.0,196.0,0.0
2024-11-06 04:30:00,691.3894933015632,0.0,199.99999999999997,0.0
2024-11-06 05:00:00,624.3133972377389,0.0,186.0,0.0
2024-11-06 05:30:00,639.7197293585976,0.0,195.0,0.0
2024-11-06 06:00:00,662.1381516192569,0.0,188.0,0.0
2024-11-06 06:30:00,632.4550321463112,0.0,184.0,0.0
2024-11-06 07:00:00,649.1713318734965,0.0,197.0,0.0
2024-11-06 07:30:00,664.7315004245893,0.0,196.0,0.0
2024-11-06 08:00:00,666.314757342004,0.0,218.0,0.0
2024-11-06 08:30:00,823.6922416935907,0.0,254.00000000000003,0.0
2024-11-06 09:00:00,911.0456574007587,0.0,267.0,0.0
2024-11-06 09:30:00,884.3325755994805,0.0,276.0,0.0
2024-11-06 10:00:00,917.6406039357148,0.0,275.0,0.0
2024-11-06 10:30:00,903.4455941250432,0.0,303.0,0.0
2024-11-06 11:00:00,842.0101472312139,0.0,339.0,0.0
2024-11-06 11:30:00,809.0251331892244,0.0,352.0,0.0
2024-11-06 12:00:00,799.4508993034403,0.0,343.0,0.0
2024-11-06 12:30:00,853.1136650055888,0.0,381.0,0.0
2024-11-06 13:00:00,836.0890459432333,0.0,317.0,0.0
2024-11-06 13:30:00,935.5751500685652,0.0,315.0,0.0
2024-11-06 14:00:00,931.9329514668007,0.0,303.0,0.0
2024-11-06 14:30:00,996.0695305885658,0.0,309.0,0.0
2024-11-06 15:00:00,858.7459594756295,0.0,306.0,0.0
2024-11-06 15:30:00,983.7853677895401,0.0,307.0,0.0
2024-11-06 16:00:00,982.4134534913208,0.0,308.0,0.0
2024-11-06 16:30:00,854.5197022674961,0.0,304.0,0.0
2024-11-06 17:00:00,903.6413145547511,0.0,324.0,0.0
2024-11-06 17:30:00,950.3741277663252,0.0,313.0,0.0
2024-11-06 18:00:00,834.8231501345557,0.0,262.0,0.0
2024-11-06 18:30:00,591.8362069978897,0.0,153.0,0.0
2024-11-06 19:00:00,531.2274669068278,0.0,126.0,0.0
2024-11-06 19:30:00,460.55293433548627,0.0,112.0,0.0
2024-11-06 20:00:00,497.6573789666401,0.0,91.0,0.0
2024-11-06 20:30:00,456.8770999139293,0.0,93.0,0.0
2024-11-06 21:00:00,419.5500586887267,0.0,111.00000000000001,0.0
2024-11-06 21:30:00,481.62675678117847,0.0,125.0,0.0
2024-11-06 22:00:00,541.417647002673,0.0,170.0,0.0
2024-11-06 22:30:00,702.9230060869701,0.0,213.99999999999997,0.0
2024-11-06 23:00:00,704.441222251467,0.0,232.0,0.0
2024-11-06 23:30:00,686.9144285096464,0.0,235.99999999999997,0.0
2024-11-07 00:00:00,661.3110815883424,0.0,223.00000000000003,0.0
2024-11-07 00:30:00,618.5218753011843,0.0,237.0,0.0
2024-11-07 01:00:00,678.5912897477377,0.0,263.0,0.0
2024-11-07 01:30:00,693.1234439891288,0.0,262.0,0.0
2024-11-07 02:00:00,617.5452134786365,0.0,239.0,0.0
2024-11-07 02:30:00,610.1216577433066,0.0,225.0,0.0
2024-11-07 03:00:00,565.8798384081626,0.0,239.0,0.0
2024-11-07 03:30:00,668.4503933284348,0.0,237.0,0.0
2024-11-07 04:00:00,620.6332991989495,0.0,239.99999999999997,0.0
2024-11-07 04:30:00,598.460620247244,0.0,244.0,0.0
2024-11-07 05:00:00,540.3286689254174,0.0,240.0,0.0
2024-11-07 05:30:00,652.0503871166223,0.0,243.0,0.0
2024-11-07 06:00:00,624.9865412943515,0.0,230.0,0.0
2024-11-07 06:30:00,607.2805789754614,0.0,233.00000000000003,0.0
2024-11-07 07:00:00,639.5438340067647,0.0,238.0,0.0
2024-11-07 07:30:00,683.7055144894266,0.0,256.0,0.0
2024-11-07 08:00:00,695.5166415707138,0.0,274.0,0.0
2024-11-07 08:30:00,789.7524481665563,0.0,300.0,0.0
2024-11-07 09:00:00,809.9372320520723,0.0,319.0,0.0
2024-11-07 09:30:00,832.2248607712206,0.0,313.0,0.0
2024-11-07 10:00:00,922.7897721044217,0.0,330.0,0.0
2024-11-07 10:30:00,868.1501288291415,0.0,333.0,0.0
2024-11-07 11:00:00,934.8925379569608,0.0,337.0,0.0
2024-11-07 11:30:00,902.2963633204971,0.0,345.0,0.0
2024-11-07 12:00:00,835.7306138549942,0.0,319.0,0.0
2024-11-07 12:30:00,950.4247436038829,0.0,361.0,0.0
2024-11-07 13:00:00,949.1234969297188,0.0,393.0,0.0
2024-11-07 13:30:00,963.3973948206122,0.0,318.0,0.0
2024-11-07 14:00:00,877.5970617784886,0.0,309.0,0.0
2024-11-07 14:30:00,1006.3932842902857,0.0,299.0,0.0
2024-11-07 15:00:00,890.1755259287938,0.0,290.0,0.0
2024-11-07 15:30:00,890.6724323168235,0.0,292.0,0.0
2024-11-07 16:00:00,772.1209675400952,0.0,280.0,0.0
2024-11-07 16:30:00,865.3206898374931,0.0,271.0,0.0
2024-11-07 17:00:00,811.0417407233284,0.0,277.0,0.0
2024-11-07 17:30:00,903.8509496856034,0.0,292.0,0.0
2024-11-07 18:00:00,763.9267914995118,0.0,266.0,0.0
2024-11-07 18:30:00,566.9036785314483,0.0,130.0,0.0
2024-11-07 19:00:00,486.75375352375386,0.0,110.0,0.0
2024-11-07 19:30:00,522.0619507629641,0.0,101.0,0.0
2024-11-07 20:00:00,432.21011617074225,0.0,96.0,0.0
2024-11-07 20:30:00,470.1168944025492,0.0,81.0,0.0
2024-11-07 21:00:00,385.0455066117939,0.0,78.0,0.0
2024-11-07 21:30:00,434.7363277253915,0.0,77.0,0.0
2024-11-07 22:00:00,476.33617679970763,0.0,132.0,0.0
2024-11-07 22:30:00,574.6541094724568,0.0,175.0,0.0
2024-11-07 23:00:00,585.4305738828845,0.0,167.99999999999997,0.0
2024-11-07 23:30:00,576.3564859185752,0.0,183.0,0.0
2024-11-08 00:00:00,641.7893293585649,0.0,230.0,0.0
2024-11-08 00:30:00,723.9029221652488,0.0,209.99999999999997,0.0
2024-11-08 01:00:00,720.8159436750433,0.0,222.0,0.0
2024-11-08 01:30:00,697.3518612732624,0.0,223.0,0.0
2024-11-08 02:00:00,687.5927542855662,0.0,224.0,0.0
2024-11-08 02:30:00,661.0178347515905,0.0,219.99999999999997,0.0
2024-11-08 03:00:00,784.3729716632305,0.0,228.0,0.0
2024-11-08 03:30:00,694.6560624778497,0.0,222.0,0.0
2024-11-08 04:00:00,637.2703049726422,0.0,219.99999999999997,0.0
2024-11-08 04:30:00,706.2669997164625,0.0,216.0,0.0
2024-11-08 05:00:00,728.2199362478764,0.0,215.0,0.0
2024-11-08 05:30:00,678.939267151485,0.0,209.0,0.0
2024-11-08 06:00:00,643.3011762793092,0.0,203.00000000000003,0.0
2024-11-08 06:30:00,623.9679865612407,0.0,203.00000000000003,0.0
2024-11-08 07:00:00,660.1176449928723,0.0,214.00000000000003,0.0
2024-11-08 07:30:00,769.4853600264167,0.0,231.00000000000003,0.0
2024-11-08 08:00:00,739.6900094297472,0.0,250.99999999999997,0.0
2024-11-08 08:30:00,764.2353684905103,0.0,257.0,0.0
2024-11-08 09:00:00,895.5769240319765,0.0,286.0,0.0
2024-11-08 09:30:00,907.2731430429462,0.0,304.0,0.0
2024-11-08 10:00:00,858.9777776624809,0.0,286.0,0.0
2024-11-08 10:30:00,856.8716961828585,0.0,299.0,0.0
2024-11-08 11:00:00,853.9520636523926,0.0,303.0,0.0
2024-11-08 11:30:00,924.3115066671515,0.0,326.0,0.0
2024-11-08 12:00:00,893.6644749166696,0.0,326.0,0.0
2024-11-08 12:30:00,900.7633809119809,0.0,335.0,0.0
2024-11-08 13:00:00,882.296956059716,0.0,344.0,0.0
2024-11-08 13:30:00,896.176648089095,0.0,311.0,0.0
2024-11-08 14:00:00,898.561269311652,0.0,321.0,0.0
2024-11-08 14:30:00,908.6415063972372,0.0,312.0,0.0
2024-11-08 15:00:00,948.0504769563066,0.0,305.0,0.0
2024-11-08 15:30:00,955.9901342717809,0.0,304.0,0.0
2024-11-08 16:00:00,828.8005259362479,0.0,296.0,0.0
2024-11-08 16:30:00,833.5687627259996,0.0,281.0,0.0
2024-11-08 17:00:00,882.950101017882,0.0,289.0,0.0
2024-11-08 17:30:00,933.7630473729758,0.0,293.0,0.0
2024-11-08 18:00:00,928.3906812754793,0.0,293.0,0.0
2024-11-08 18:30:00,811.7345107989339,0.0,288.0,0.0
2024-11-08 19:00:00,887.4459987287196,0.0,285.0,0.0
2024-11-08 19:30:00,808.3429843386107,0.0,254.0,0.0
2024-11-08 20:00:00,795.9945371571554,0.0,227.0,0.0
2024-11-08 20:30:00,713.8694898994029,0.0,200.99999999999997,0.0
2024-11-08 21:00:00,643.3954747783259,0.0,204.0,0.0
2024-11-08 21:30:00,695.3083688224806,0.0,204.0,0.0
2024-11-08 22:00:00,708.6061688065047,0.0,200.0,0.0
2024-11-08 22:30:00,670.9731361480278,0.0,201.00000000000003,0.0
2024-11-08 23:00:00,664.3756396003964,0.0,200.00000000000003,0.0
2024-11-08 23:30:00,619.8002276553357,0.0,196.0,0.0
2024-11-09 00:00:00,667.4011653699451,0.0,316.0,0.0
2024-11-09 00:30:00,601.7601037198866,0.0,305.0,0.0
2024-11-09 01:00:00,635.3895339594737,0.0,317.0,0.0
2024-11-09 01:30:00,683.4711664661842,0.0,318.0,0.0
2024-11-09 02:00:00,612.0664438277271,0.0,321.0,0.0
2024-11-09 02:30:00,603.369677754355,0.0,317.0,0.0
2024-11-09 03:00:00,654.3991661610398,0.0,320.0,0.0
2024-11-09 03:30:00,609.4869443094693,0.0,322.0,0.0
2024-11-09 04:00:00,576.0216450668695,0.0,319.0,0.0
2024-11-09 04:30:00,667.4159161223967,0.0,325.0,0.0
2024-11-09 05:00:00,591.7715149864802,0.0,323.0,0.0
2024-11-09 05:30:00,614.9562023613253,0.0,323.0,0.0
2024-11-09 06:00:00,585.2710960812933,0.0,315.0,0.0
2024-11-09 06:30:00,566.1362138847446,0.0,305.0,0.0
2024-11-09 07:00:00,565.681456389724,0.0,310.0,0.0
2024-11-09 07:30:00,603.583025567531,0.0,309.0,0.0
2024-11-09 08:00:00,502.720311048862,0.0,267.0,0.0
2024-11-09 08:30:00,366.6473792691199,0.0,182.0,0.0
2024-11-09 09:00:00,322.16897474934007,0.0,161.0,0.0
2024-11-09 09:30:00,364.37593739867384,0.0,147.0,0.0
2024-11-09 10:00:00,286.9379842082639,0.0,147.0,0.0
2024-11-09 10:30:00,293.86441713937603,0.0,146.0,0.0
2024-11-09 11:00:00,349.3327895694781,0.0,140.0,0.0
2024-11-09 11:30:00,325.6908178249033,0.0,137.0,0.0
2024-11-09 12:00:00,329.7440390993805,0.0,141.0,0.0
2024-11-09 12:30:00,328.10585016022,0.0,147.0,0.0
2024-11-09 13:00:00,317.8868659456349,0.0,149.0,0.0
2024-11-09 13:30:00,286.01357729705416,0.0,125.0,0.0
2024-11-09 14:00:00,249.9176740249624,0.0,100.0,0.0
2024-11-09 14:30:00,262.829660176544,0.0,100.0,0.0
2024-11-09 15:00:00,260.8410624206702,0.0,102.0,0.0
2024-11-09 15:30:00,275.9446220921422,0.0,108.0,0.0
2024-11-09 16:00:00,279.1699202934113,0.0,104.0,0.0
2024-11-09 16:30:00,257.69894954751817,0.0,104.0,0.0
2024-11-09 17:00:00,238.89821120161284,0.0,107.0,0.0
2024-11-09 17:30:00,275.97761441445266,0.0,107.00000000000001,0.0
2024-11-09 18:00:00,214.72268793524674,0.0,102.0,0.0
2024-11-09 18:30:00,165.35781787665331,0.0,69.0,0.0
2024-11-09 19:00:00,104.68866835515341,0.0,46.0,0.0
2024-11-09 19:30:00,104.7548625004608,0.0,47.0,0.0
2024-11-09 20:00:00,99.61672983304746,0.0,41.0,0.0
2024-11-09 20:30:00,69.5194742638862,0.0,22.0,0.0
2024-11-09 21:00:00,70.44247128101478,0.0,23.0,0.0
2024-11-09 21:30:00,64.91012543723224,0.0,21.0,0.0
2024-11-09 22:00:00,69.083435783152,0.0,23.0,0.0
2024-11-09 22:30:00,67.00855536274508,0.0,22.0,0.0
2024-11-09 23:00:00,65.9964943972711,0.0,20.0,0.0
2024-11-09 23:30:00,66.26416550451692,0.0,23.0,0.0
2024-11-10 00:00:00,67.81251076031383,0.0,23.0,0.0
2024-11-10 00:30:00,69.05370489059935,0.0,23.000000000000004,0.0
2024-11-10 01:00:00,69.13445520321102,0.0,23.0,0.0
2024-11-10 01:30:00,68.01352905238289,0.0,26.0,0.0
2024-11-10 02:00:00,72.39174518639688,0.0,26.0,0.0
2024-11-10 02:30:00,72.46469475026579,0.0,23.0,0.0
2024-11-10 03:00:00,78.08201615912272,0.0,24.0,0.0
2024-11-10 03:30:00,78.13385860568508,0.0,26.0,0.0
2024-11-10 04:00:00,75.88230517691633,0.0,26.0,0.0
2024-11-10 04:30:00,70.43718131583861,0.0,26.0,0.0
2024-11-10 05:00:00,76.99230647023072,0.0,25.0,0.0
2024-11-10 05:30:00,81.01929436786021,0.0,27.000000000000004,0.0
2024-11-10 06:00:00,75.18458559168492,0.0,26.0,0.0
2024-11-10 06:30:00,74.25627376197926,0.0,25.0,0.0
2024-11-10 07:00:00,68.12157879829087,0.0,25.0,0.0
2024-11-10 07:30:00,74.42743057988484,0.0,25.999999999999996,0.0
2024-11-10 08:00:00,73.69544016173427,0.0,23.0,0.0
2024-11-10 08:30:00,69.78901853832684,0.0,25.0,0.0
2024-11-10 09:00:00,62.71903727631629,0.0,22.0,0.0
2024-11-10 09:30:00,66.12007114499252,0.0,22.999999999999996,0.0
2024-11-10 10:00:00,66.24750651075492,0.0,24.0,0.0
2024-11-10 10:30:00,65.45862130601674,0.0,23.0,0.0
2024-11-10 11:00:00,71.94789698544194,0.0,24.999999999999996,0.0
2024-11-10 11:30:00,69.63967975947597,0.0,23.0,0.0
2024-11-10 12:00:00,71.06681950630413,0.0,21.000000000000004,0.0
2024-11-10 12:30:00,69.95367933876842,0.0,24.0,0.0
2024-11-10 13:00:00,66.67908545467301,0.0,24.0,0.0
2024-11-10 13:30:00,66.9606235901012,0.0,22.0,0.0
2024-11-10 14:00:00,66.7472037560465,0.0,24.0,0.0
2024-11-10 14:30:00,69.040245018023,0.0,25.0,0.0
2024-11-10 15:00:00,75.94367985773412,0.0,25.000000000000004,0.0
2024-11-10 15:30:00,77.61057005647437,0.0,26.0,0.0
2024-11-10 16:00:00,71.55288852233359,0.0,26.0,0.0
2024-11-10 16:30:00,69.08783487832665,0.0,24.0,0.0
2024-11-10 17:00:00,65.88655940405197,0.0,25.0,0.0
2024-11-10 17:30:00,71.47772936075584,0.0,27.0,0.0
2024-11-10 18:00:00,66.93721957556508,0.0,25.0,0.0
2024-11-10 18:30:00,75.37155354858395,0.0,26.0,0.0
2024-11-10 19:00:00,64.09352472392504,0.0,23.0,0.0
2024-11-10 19:30:00,74.11798503598831,0.0,24.0,0.0
2024-11-10 20:00:00,70.50711653429192,0.0,26.0,0.0
2024-11-10 20:30:00,74.70444175184826,0.0,25.000000000000004,0.0
2024-11-10 21:00:00,77.22909682719241,0.0,25.0,0.0
2024-11-10 21:30:00,79.62070640876219,0.0,27.0,0.0
2024-11-10 22:00:00,74.51320071911867,0.0,25.0,0.0
2024-11-10 22:30:00,77.58466624802837,0.0,25.0,0.0
2024-11-10 23:00:00,72.26434924148657,0.0,27.0,0.0
2024-11-10 23:30:00,75.65757694389752,0.0,26.0,0.0
2024-11-11 00:00:00,88.888971440241,0.0,32.0,0.0
2024-11-11 00:30:00,102.70064928394007,0.0,31.999999999999996,0.0
2024-11-11 01:00:00,99.09590956843523,0.0,31.0,0.0
2024-11-11 01:30:00,94.14699977893105,0.0,31.0,0.0
2024-11-11 02:00:00,96.93691465134161,0.0,32.0,0.0
2024-11-11 02:30:00,90.52099450925945,0.0,30.999999999999996,0.0
2024-11-11 03:00:00,95.64457547871291,0.0,30.0,0.0
2024-11-11 03:30:00,96.49796540329265,0.0,33.0,0.0
2024-11-11 04:00:00,87.6253246001094,0.0,31.0,0.0
2024-11-11 04:30:00,87.37084643984721,0.0,33.0,0.0
2024-11-11 05:00:00,91.18723518649325,0.0,30.0,0.0
2024-11-11 05:30:00,101.8146241579396,0.0,33.0,0.0
2024-11-11 06:00:00,85.27097896198586,0.0,30.999999999999996,0.0
2024-11-11 06:30:00,91.16909331711508,0.0,32.0,0.0
2024-11-11 07:00:00,96.37563618481049,0.0,31.0,0.0
2024-11-11 07:30:00,314.4127474759553,0.0,111.0,0.0
2024-11-11 08:00:00,593.1031012125014,0.0,263.0,0.0
2024-11-11 08:30:00,822.6152847189409,0.0,350.0,0.0
2024-11-11 09:00:00,852.1838823783817,0.0,385.0,0.0
2024-11-11 09:30:00,860.0666589497362,0.0,332.0,0.0
2024-11-11 10:00:00,845.3278779034757,0.0,309.0,0.0
2024-11-11 10:30:00,849.3912341522179,0.0,297.0,0.0
2024-11-11 11:00:00,878.5500706195434,0.0,299.0,0.0
2024-11-11 11:30:00,839.1526041314696,0.0,289.0,0.0
2024-11-11 12:00:00,826.3861057703822,0.0,263.0,0.0
2024-11-11 12:30:00,841.1084517481846,0.0,294.0,0.0
2024-11-11 13:00:00,771.192420850435,0.0,290.0,0.0
2024-11-11 13:30:00,841.1786172308443,0.0,271.0,0.0
2024-11-11 14:00:00,824.151057512513,0.0,257.0,0.0
2024-11-11 14:30:00,866.7613409952386,0.0,258.0,0.0
2024-11-11 15:00:00,744.8978335535817,0.0,253.0,0.0
2024-11-11 15:30:00,800.4341043295747,0.0,251.0,0.0
2024-11-11 16:00:00,751.2165796437368,0.0,252.99999999999997,0.0
2024-11-11 16:30:00,763.4461599569509,0.0,233.00000000000003,0.0
2024-11-11 17:00:00,757.3597124257874,0.0,249.00000000000003,0.0
2024-11-11 17:30:00,798.412570800186,0.0,257.0,0.0
2024-11-11 18:00:00,716.2875541830036,0.0,258.0,0.0
2024-11-11 18:30:00,758.1418307440097,0.0,247.00000000000003,0.0
2024-11-11 19:00:00,714.2842038618286,0.0,236.0,0.0
2024-11-11 19:30:00,695.0793607816357,0.0,222.00000000000003,0.0
2024-11-11 20:00:00,678.3937558350816,0.0,200.0,0.0
2024-11-11 20:30:00,472.5565486608255,0.0,127.0,0.0
2024-11-11 21:00:00,459.19612856609035,0.0,115.0,0.0
2024-11-11 21:30:00,426.3267415266226,0.0,113.0,0.0
2024-11-11 22:00:00,414.12039690241573,0.0,110.0,0.0
2024-11-11 22:30:00,439.9028300963085,0.0,111.0,0.0
2024-11-11 23:00:00,391.1037916524212,0.0,108.0,0.0
2024-11-11 23:30:00,371.9325482776944,0.0,92.0,0.0
2024-11-12 00:00:00,72.86810960235856,0.0,21.0,0.0
2024-11-12 00:30:00,86.90854398696003,0.0,21.0,0.0
2024-11-12 01:00:00,79.82649806654273,0.0,20.0,0.0
2024-11-12 01:30:00,85.67832580727874,0.0,21.0,0.0
2024-11-12 02:00:00,79.38631893987962,0.0,21.000000000000004,0.0
2024-11-12 02:30:00,86.04873098544797,0.0,22.0,0.0
2024-11-12 03:00:00,85.3907491266582,0.0,21.0,0.0
2024-11-12 03:30:00,96.5165205483673,0.0,22.0,0.0
2024-11-12 04:00:00,89.64209788672082,0.0,22.0,0.0
2024-11-12 04:30:00,94.20093833728188,0.0,21.0,0.0
2024-11-12 05:00:00,83.06539929625217,0.0,20.0,0.0
2024-11-12 05:30:00,84.39467392798886,0.0,21.0,0.0
2024-11-12 06:00:00,78.95699955547576,0.0,19.0,0.0
2024-11-12 06:30:00,135.62312332790248,0.0,43.0,0.0
2024-11-12 07:00:00,229.30988126652787,0.0,83.0,0.0
2024-11-12 07:30:00,368.43946661381955,0.0,168.0,0.0
2024-11-12 08:00:00,555.7329260539,0.0,206.0,0.0
2024-11-12 08:30:00,765.9416933179934,0.0,269.0,0.0
2024-11-12 09:00:00,879.7400090411038,0.0,296.0,0.0
2024-11-12 09:30:00,974.5836107716002,0.0,305.0,0.0
2024-11-12 10:00:00,947.5343273755952,0.0,304.0,0.0
2024-11-12 10:30:00,1252.0418037382994,0.0,300.0,0.0
2024-11-12 11:00:00,1245.1302321381704,0.0,299.0,0.0
2024-11-12 11:30:00,1252.959629662837,0.0,303.0,0.0
2024-11-12 12:00:00,879.3883005948958,0.0,275.0,0.0
2024-11-12 12:30:00,817.6392231665806,0.0,291.0,0.0
2024-11-12 13:00:00,912.5188276995574,0.0,300.0,0.0
2024-11-12 13:30:00,889.1866595147628,0.0,298.0,0.0
2024-11-12 14:00:00,846.8916069229132,0.0,293.0,0.0
2024-11-12 14:30:00,982.2553556052391,0.0,313.0,0.0
2024-11-12 15:00:00,833.1787733753904,0.0,312.0,0.0
2024-11-12 15:30:00,974.5814990924363,0.0,306.0,0.0
2024-11-12 16:00:00,909.1279102239363,0.0,304.0,0.0
2024-11-12 16:30:00,744.148338068741,0.0,274.0,0.0
2024-11-12 17:00:00,936.6449426621238,0.0,290.0,0.0
2024-11-12 17:30:00,918.2368661785158,0.0,300.0,0.0
2024-11-12 18:00:00,854.94464313931,0.0,298.0,0.0
2024-11-12 18:30:00,836.3150019661193,0.0,300.0,0.0
2024-11-12 19:00:00,771.6018053025779,0.0,280.0,0.0
2024-11-12 19:30:00,944.0713459969683,0.0,272.0,0.0
2024-11-12 20:00:00,743.7210342539264,0.0,245.0,0.0
2024-11-12 20:30:00,681.2559198856463,0.0,216.00000000000003,0.0
2024-11-12 21:00:00,723.6356504562357,0.0,214.0,0.0
2024-11-12 21:30:00,639.8276021507089,0.0,208.0,0.0
2024-11-12 22:00:00,662.6979460561994,0.0,214.0,0.0
2024-11-12 22:30:00,720.9672421274704,0.0,204.0,0.0
2024-11-12 23:00:00,712.0419755414429,0.0,211.0,0.0
2024-11-12 23:30:00,684.4274270699143,0.0,214.00000000000003,0.0
2024-11-13 00:00:00,630.3469513790384,0.0,230.0,0.0
2024-11-13 00:30:00,605.1683220477149,0.0,205.0,0.0
2024-11-13 01:00:00,684.1242309951084,0.0,210.00000000000003,0.0
2024-11-13 01:30:00,659.5068337980082,0.0,210.0,0.0
2024-11-13 02:00:00,650.1941407986958,0.0,210.0,0.0
2024-11-13 02:30:00,640.4743171681785,0.0,215.99999999999997,0.0
2024-11-13 03:00:00,602.3838590168268,0.0,213.0,0.0
2024-11-13 03:30:00,656.163802681145,0.0,207.00000000000003,0.0
2024-11-13 04:00:00,628.6832760249226,0.0,209.99999999999997,0.0
2024-11-13 04:30:00,617.9373678252169,0.0,219.0,0.0
2024-11-13 05:00:00,630.5599292832952,0.0,218.0,0.0
2024-11-13 05:30:00,595.9488238510836,0.0,215.0,0.0
2024-11-13 06:00:00,661.4317625692289,0.0,213.0,0.0
2024-11-13 06:30:00,649.6748778179384,0.0,212.0,0.0
2024-11-13 07:00:00,639.021119445603,0.0,214.0,0.0
2024-11-13 07:30:00,668.1974748166655,0.0,233.0,0.0
2024-11-13 08:00:00,684.8896076326158,0.0,251.0,0.0
2024-11-13 08:30:00,757.1398871202733,0.0,304.0,0.0
2024-11-13 09:00:00,780.015816318212,0.0,315.0,0.0
2024-11-13 09:30:00,830.5119344425516,0.0,315.0,0.0
2024-11-13 10:00:00,820.1694180520553,0.0,310.0,0.0
2024-11-13 10:30:00,882.1915446386189,0.0,356.0,0.0
2024-11-13 11:00:00,908.0470949497799,0.0,358.0,0.0
2024-11-13 11:30:00,845.9621497925547,0.0,343.0,0.0
2024-11-13 12:00:00,908.1662563878513,0.0,344.0,0.0
2024-11-13 12:30:00,821.0122607261004,0.0,360.0,0.0
2024-11-13 13:00:00,845.6599812086357,0.0,368.0,0.0
2024-11-13 13:30:00,851.2742495922769,0.0,364.0,0.0
2024-11-13 14:00:00,910.707875213248,0.0,359.0,0.0
2024-11-13 14:30:00,898.5823584159577,0.0,366.0,0.0
2024-11-13 15:00:00,901.8530191742595,0.0,366.0,0.0
2024-11-13 15:30:00,826.3759370413532,0.0,369.0,0.0
2024-11-13 16:00:00,844.9499269979347,0.0,367.0,0.0
2024-11-13 16:30:00,873.583383653817,0.0,341.0,0.0
2024-11-13 17:00:00,778.4678854919744,0.0,365.0,0.0
2024-11-13 17:30:00,904.2919271871594,0.0,359.0,0.0
2024-11-13 18:00:00,868.5605345647463,0.0,357.0,0.0
2024-11-13 18:30:00,798.2173919653745,0.0,358.0,0.0
2024-11-13 19:00:00,755.0255908193169,0.0,342.0,0.0
2024-11-13 19:30:00,905.6057632240761,0.0,346.0,0.0
2024-11-13 20:00:00,805.5506149542721,0.0,311.0,0.0
2024-11-13 20:30:00,644.5476107457882,0.0,267.0,0.0
2024-11-13 21:00:00,655.8339891075876,0.0,273.0,0.0
2024-11-13 21:30:00,631.3796254630242,0.0,264.0,0.0
2024-11-13 22:00:00,632.4536995274958,0.0,262.0,0.0
2024-11-13 22:30:00,600.2202361922591,0.0,261.0,0.0
2024-11-13 23:00:00,617.7046164494312,0.0,261.0,0.0
2024-11-13 23:30:00,678.4757263457216,0.0,262.0,0.0
2024-11-14 00:00:00,695.0535653604308,0.0,190.0,0.0
2024-11-14 00:30:00,696.6925030624449,0.0,179.0,0.0
2024-11-14 01:00:00,670.706529225024,0.0,181.0,0.0
2024-11-14 01:30:00,615.2102767032032,0.0,187.0,0.0
2024-11-14 02:00:00,650.2278268451275,0.0,183.99999999999997,0.0
2024-11-14 02:30:00,611.6905686028886,0.0,188.0,0.0
2024-11-14 03:00:00,620.8649094687731,0.0,187.0,0.0
2024-11-14 03:30:00,599.8093183223446,0.0,189.0,0.0
2024-11-14 04:00:00,628.1928604032319,0.0,189.0,0.0
2024-11-14 04:30:00,645.3400720371635,0.0,190.0,0.0
2024-11-14 05:00:00,620.1061967966996,0.0,185.0,0.0
2024-11-14 05:30:00,601.3235942506428,0.0,188.00000000000003,0.0
2024-11-14 06:00:00,579.4473522241275,0.0,185.0,0.0
2024-11-14 06:30:00,683.3887104819624,0.0,183.00000000000003,0.0
2024-11-14 07:00:00,641.5128862678723,0.0,181.0,0.0
2024-11-14 07:30:00,635.2602365494951,0.0,197.0,0.0
2024-11-14 08:00:00,722.2907252357817,0.0,217.00000000000003,0.0
2024-11-14 08:30:00,893.0814558525783,0.0,248.0,0.0
2024-11-14 09:00:00,858.058679709585,0.0,284.0,0.0
2024-11-14 09:30:00,757.9886793194596,0.0,363.0,0.0
2024-11-14 10:00:00,999.8041982326797,0.0,395.0,0.0
2024-11-14 10:30:00,800.2031950466783,0.0,408.99999999999994,0.0
2024-11-14 11:00:00,857.6537084187673,0.0,407.0,0.0
2024-11-14 11:30:00,835.5732236579951,0.0,338.0,0.0
2024-11-14 12:00:00,817.9817403883826,0.0,298.0,0.0
2024-11-14 12:30:00,889.146814131529,0.0,327.0,0.0
2024-11-14 13:00:00,792.2366487049615,0.0,334.0,0.0
2024-11-14 13:30:00,865.68607682012,0.0,311.0,0.0
2024-11-14 14:00:00,957.9428907365495,0.0,286.0,0.0
2024-11-14 14:30:00,888.0882217924458,0.0,293.0,0.0
2024-11-14 15:00:00,867.4267279285062,0.0,290.0,0.0
2024-11-14 15:30:00,918.7160245844797,0.0,283.0,0.0
2024-11-14 16:00:00,897.5940342961745,0.0,271.0,0.0
2024-11-14 16:30:00,855.4884953117994,0.0,254.0,0.0
2024-11-14 17:00:00,856.8896478867665,0.0,267.0,0.0
2024-11-14 17:30:00,964.7197226767562,0.0,280.0,0.0
2024-11-14 18:00:00,962.0562467782219,0.0,283.0,0.0
2024-11-14 18:30:00,873.9529436776919,0.0,286.0,0.0
2024-11-14 19:00:00,859.150932325179,0.0,275.0,0.0
2024-11-14 19:30:00,905.0346326705873,0.0,267.0,0.0
2024-11-14 20:00:00,742.0996149377943,0.0,205.0,0.0
2024-11-14 20:30:00,748.981486142748,0.0,187.0,0.0
2024-11-14 21:00:00,785.9988535289556,0.0,224.0,0.0
2024-11-14 21:30:00,709.9201629915689,0.0,221.0,0.0
2024-11-14 22:00:00,669.7909356516888,0.0,228.0,0.0
2024-11-14 22:30:00,733.2184733497008,0.0,228.00000000000003,0.0
2024-11-14 23:00:00,719.7394455985076,0.0,233.0,0.0
2024-11-14 23:30:00,718.7330389079957,0.0,236.0,0.0
2024-11-15 00:00:00,696.2452270213078,0.0,231.99999999999997,0.0
2024-11-15 00:30:00,683.603819633527,0.0,228.0,0.0
2024-11-15 01:00:00,640.1725211648624,0.0,223.0,0.0
2024-11-15 01:30:00,680.3102832938935,0.0,219.0,0.0
2024-11-15 02:00:00,659.061621489085,0.0,219.0,0.0
2024-11-15 02:30:00,628.8339042598195,0.0,203.0,0.0
2024-11-15 03:00:00,753.2809815564862,0.0,226.0,0.0
2024-11-15 03:30:00,660.3816619624135,0.0,214.0,0.0
2024-11-15 04:00:00,712.0388260930338,0.0,217.00000000000003,0.0
2024-11-15 04:30:00,599.7224380999322,0.0,203.0,0.0
2024-11-15 05:00:00,751.611782050283,0.0,205.99999999999997,0.0
2024-11-15 05:30:00,604.6014034256259,0.0,196.0,0.0
2024-11-15 06:00:00,633.701952664255,0.0,196.0,0.0
2024-11-15 06:30:00,639.6242967063524,0.0,194.0,0.0
2024-11-15 07:00:00,625.4010130486857,0.0,202.0,0.0
2024-11-15 07:30:00,699.1550779994081,0.0,215.0,0.0
2024-11-15 08:00:00,750.437790217155,0.0,234.0,0.0
2024-11-15 08:30:00,816.2004378602442,0.0,264.0,0.0
2024-11-15 09:00:00,864.4563084081084,0.0,293.0,0.0
2024-11-15 09:30:00,935.3541069974451,0.0,310.0,0.0
2024-11-15 10:00:00,918.8133134123299,0.0,307.0,0.0
2024-11-15 10:30:00,1003.648001881733,0.0,311.0,0.0
2024-11-15 11:00:00,962.8914486158882,0.0,304.0,0.0
2024-11-15 11:30:00,921.9023465237763,0.0,300.0,0.0
2024-11-15 12:00:00,901.1656073681627,0.0,279.0,0.0
2024-11-15 12:30:00,827.7659898685669,0.0,305.0,0.0
2024-11-15 13:00:00,889.8444574109218,0.0,322.0,0.0
2024-11-15 13:30:00,928.2286745936142,0.0,390.0,0.0
2024-11-15 14:00:00,976.754577386541,0.0,388.0,0.0
2024-11-15 14:30:00,950.7223435049096,0.0,393.0,0.0
2024-11-15 15:00:00,998.0334250084609,0.0,386.0,0.0
2024-11-15 15:30:00,981.1166263949868,0.0,388.0,0.0
2024-11-15 16:00:00,904.5415362294766,0.0,382.0,0.0
2024-11-15 16:30:00,894.6121795223664,0.0,377.0,0.0
2024-11-15 17:00:00,961.5734003796597,0.0,401.0,0.0
2024-11-15 17:30:00,889.596858027259,0.0,404.0,0.0
2024-11-15 18:00:00,903.5713579613589,0.0,366.0,0.0
2024-11-15 18:30:00,610.5659713396732,0.0,247.0,0.0
2024-11-15 19:00:00,651.486743598984,0.0,247.0,0.0
2024-11-15 19:30:00,661.7925205030191,0.0,241.0,0.0
2024-11-15 20:00:00,594.5142143652641,0.0,229.0,0.0
2024-11-15 20:30:00,503.18880445502106,0.0,193.0,0.0
2024-11-15 21:00:00,523.2021051552231,0.0,195.0,0.0
2024-11-15 21:30:00,530.757992072304,0.0,191.0,0.0
2024-11-15 22:00:00,621.3820936347762,0.0,264.0,0.0
2024-11-15 22:30:00,637.6649932007408,0.0,302.0,0.0
2024-11-15 23:00:00,702.8127815547014,0.0,310.0,0.0
2024-11-15 23:30:00,699.4816764087248,0.0,348.0,0.0
2024-11-16 00:00:00,629.4389593670708,0.0,316.0,0.0
2024-11-16 00:30:00,614.6522823434749,0.0,305.0,0.0
2024-11-16 01:00:00,685.2083229713162,0.0,317.0,0.0
2024-11-16 01:30:00,639.927605643186,0.0,318.0,0.0
2024-11-16 02:00:00,656.2177457724703,0.0,321.0,0.0
2024-11-16 02:30:00,667.8674005091442,0.0,317.0,0.0
2024-11-16 03:00:00,617.6274307479781,0.0,320.0,0.0
2024-11-16 03:30:00,583.8561025471697,0.0,322.0,0.0
2024-11-16 04:00:00,575.8460956551774,0.0,319.0,0.0
2024-11-16 04:30:00,643.4278160310533,0.0,325.0,0.0
2024-11-16 05:00:00,638.3726512968955,0.0,323.0,0.0
2024-11-16 05:30:00,654.1226039979659,0.0,323.0,0.0
2024-11-16 06:00:00,595.7041235314448,0.0,315.0,0.0
2024-11-16 06:30:00,533.5784802714772,0.0,305.0,0.0
2024-11-16 07:00:00,522.2350010002093,0.0,310.0,0.0
2024-11-16 07:30:00,666.3381263072071,0.0,309.0,0.0
2024-11-16 08:00:00,513.1217581558913,0.0,267.0,0.0
2024-11-16 08:30:00,351.8501623540259,0.0,182.00000000000003,0.0
2024-11-16 09:00:00,336.9194602977339,0.0,161.0,0.0
2024-11-16 09:30:00,305.69586689524937,0.0,147.0,0.0
2024-11-16 10:00:00,304.535714839299,0.0,147.0,0.0
2024-11-16 10:30:00,346.9800621824843,0.0,146.0,0.0
2024-11-16 11:00:00,331.7523990635008,0.0,140.0,0.0
2024-11-16 11:30:00,306.0030702612836,0.0,137.0,0.0
2024-11-16 12:00:00,304.3227101241066,0.0,141.0,0.0
2024-11-16 12:30:00,312.8984683044592,0.0,147.0,0.0
2024-11-16 13:00:00,304.18565020846484,0.0,149.0,0.0
2024-11-16 13:30:00,310.6614430720621,0.0,125.0,0.0
2024-11-16 14:00:00,260.128049353567,0.0,100.0,0.0
2024-11-16 14:30:00,237.48190872532072,0.0,100.0,0.0
2024-11-16 15:00:00,251.76014515942268,0.0,102.0,0.0
2024-11-16 15:30:00,260.95401862653773,0.0,108.0,0.0
2024-11-16 16:00:00,240.1144290492868,0.0,104.0,0.0
2024-11-16 16:30:00,258.6076492319541,0.0,104.0,0.0
2024-11-16 17:00:00,269.904664408608,0.0,107.0,0.0
2024-11-16 17:30:00,255.26772785084503,0.0,107.0,0.0
2024-11-16 18:00:00,217.22359900227644,0.0,102.0,0.0
2024-11-16 18:30:00,158.31001890733592,0.0,69.0,0.0
2024-11-16 19:00:00,97.25402223375048,0.0,46.0,0.0
2024-11-16 19:30:00,106.34357999184913,0.0,47.0,0.0
2024-11-16 20:00:00,97.44096684289151,0.0,41.0,0.0
2024-11-16 20:30:00,65.60096370357195,0.0,22.0,0.0
2024-11-16 21:00:00,75.34093031862888,0.0,23.0,0.0
2024-11-16 21:30:00,70.35067767285896,0.0,21.0,0.0
2024-11-16 22:00:00,63.44306736243415,0.0,23.0,0.0
2024-11-16 22:30:00,63.51455111488041,0.0,22.0,0.0
2024-11-16 23:00:00,63.38024866558817,0.0,20.0,0.0
2024-11-16 23:30:00,71.90342696072865,0.0,23.0,0.0
2024-11-17 00:00:00,81.53505549118015,0.0,24.0,0.0
2024-11-17 00:30:00,74.51830747477688,0.0,24.0,0.0
2024-11-17 01:00:00,73.446616704418,0.0,23.0,0.0
2024-11-17 01:30:00,79.79094870282786,0.0,24.0,0.0
2024-11-17 02:00:00,70.87265379691303,0.0,21.0,0.0
2024-11-17 02:30:00,77.86353850085769,0.0,25.0,0.0
2024-11-17 03:00:00,75.50851576105993,0.0,22.0,0.0
2024-11-17 03:30:00,78.2943830705047,0.0,26.0,0.0
2024-11-17 04:00:00,78.75269246995008,0.0,24.0,0.0
2024-11-17 04:30:00,83.98604184735964,0.0,24.000000000000004,0.0
2024-11-17 05:00:00,72.47960022187245,0.0,26.0,0.0
2024-11-17 05:30:00,80.1243201145283,0.0,23.0,0.0
2024-11-17 06:00:00,68.8846100077485,0.0,26.0,0.0
2024-11-17 06:30:00,83.18944580217614,0.0,25.000000000000004,0.0
2024-11-17 07:00:00,69.82630256932126,0.0,26.0,0.0
2024-11-17 07:30:00,83.844806762336,0.0,25.0,0.0
2024-11-17 08:00:00,67.34153727357545,0.0,25.0,0.0
2024-11-17 08:30:00,74.18633977526363,0.0,25.0,0.0
2024-11-17 09:00:00,71.33824190521067,0.0,23.000000000000004,0.0
2024-11-17 09:30:00,67.18109646046067,0.0,25.0,0.0
2024-11-17 10:00:00,67.44462118474378,0.0,23.000000000000004,0.0
2024-11-17 10:30:00,66.77291959296558,0.0,24.0,0.0
2024-11-17 11:00:00,71.3838291515697,0.0,23.000000000000004,0.0
2024-11-17 11:30:00,69.20304025158772,0.0,23.0,0.0
2024-11-17 12:00:00,66.83625189650722,0.0,23.0,0.0
2024-11-17 12:30:00,73.63640314086878,0.0,25.0,0.0
2024-11-17 13:00:00,68.49317386933969,0.0,26.0,0.0
2024-11-17 13:30:00,70.5304339929232,0.0,24.0,0.0
2024-11-17 14:00:00,73.1094369246753,0.0,26.0,0.0
2024-11-17 14:30:00,70.38412637704603,0.0,26.0,0.0
2024-11-17 15:00:00,69.94755220456156,0.0,24.0,0.0
2024-11-17 15:30:00,77.21368226768551,0.0,25.0,0.0
2024-11-17 16:00:00,70.9777146893776,0.0,26.0,0.0
2024-11-17 16:30:00,70.42055753569585,0.0,26.0,0.0
2024-11-17 17:00:00,70.08093263692707,0.0,24.0,0.0
2024-11-17 17:30:00,73.3394483612634,0.0,26.0,0.0
2024-11-17 18:00:00,71.83424130187274,0.0,26.0,0.0
2024-11-17 18:30:00,83.55752459557503,0.0,30.0,0.0
2024-11-17 19:00:00,81.83351356783933,0.0,27.0,0.0
2024-11-17 19:30:00,72.65415934523631,0.0,28.0,0.0
2024-11-17 20:00:00,81.44513318993853,0.0,24.0,0.0
2024-11-17 20:30:00,82.36660244620919,0.0,26.0,0.0
2024-11-17 21:00:00,73.68743946412532,0.0,26.0,0.0
2024-11-17 21:30:00,71.49880948847154,0.0,25.0,0.0
2024-11-17 22:00:00,77.63526164558289,0.0,26.999999999999996,0.0
2024-11-17 22:30:00,69.41154889337447,0.0,23.0,0.0
2024-11-17 23:00:00,81.99611797630926,0.0,25.0,0.0
2024-11-17 23:30:00,73.97573147583782,0.0,25.0,0.0
2024-11-18 00:00:00,73.93657575480243,0.0,23.0,0.0
2024-11-18 00:30:00,79.2596714376992,0.0,25.0,0.0
2024-11-18 01:00:00,76.50344228146261,0.0,24.0,0.0
2024-11-18 01:30:00,77.86774567289206,0.0,26.0,0.0
2024-11-18 02:00:00,73.21838696756004,0.0,25.000000000000004,0.0
2024-11-18 02:30:00,74.43927993084624,0.0,25.0,0.0
2024-11-18 03:00:00,79.22378472781492,0.0,27.0,0.0
2024-11-18 03:30:00,85.39874284186475,0.0,24.0,0.0
2024-11-18 04:00:00,95.4238660662656,0.0,26.999999999999996,0.0
2024-11-18 04:30:00,77.5266477886937,0.0,24.0,0.0
2024-11-18 05:00:00,83.34526890709571,0.0,23.999999999999996,0.0
2024-11-18 05:30:00,80.63936588728528,0.0,26.0,0.0
2024-11-18 06:00:00,98.03107661135911,0.0,23.0,0.0
2024-11-18 06:30:00,117.03448657807273,0.0,23.0,0.0
2024-11-18 07:00:00,123.12212265800716,0.0,28.0,0.0
2024-11-18 07:30:00,307.55318749034245,0.0,103.0,0.0
2024-11-18 08:00:00,650.3807175189488,0.0,301.0,0.0
2024-11-18 08:30:00,812.6632279261364,0.0,384.0,0.0
2024-11-18 09:00:00,879.8751562327154,0.0,398.0,0.0
2024-11-18 09:30:00,890.0827762142973,0.0,359.0,0.0
2024-11-18 10:00:00,811.146859606028,0.0,297.0,0.0
2024-11-18 10:30:00,828.9049994466477,0.0,301.0,0.0
2024-11-18 11:00:00,886.5018297637338,0.0,299.0,0.0
2024-11-18 11:30:00,890.6959335704412,0.0,296.0,0.0
2024-11-18 12:00:00,795.3915307608755,0.0,273.0,0.0
2024-11-18 12:30:00,924.6264942432229,0.0,300.0,0.0
2024-11-18 13:00:00,859.7846623636698,0.0,296.0,0.0
2024-11-18 13:30:00,791.5323903803869,0.0,289.0,0.0
2024-11-18 14:00:00,831.3912949948036,0.0,293.0,0.0
2024-11-18 14:30:00,838.736163474284,0.0,285.0,0.0
2024-11-18 15:00:00,820.4173569508636,0.0,284.0,0.0
2024-11-18 15:30:00,907.0533806512693,0.0,297.0,0.0
2024-11-18 16:00:00,866.8496594914459,0.0,283.0,0.0
2024-11-18 16:30:00,818.5227474393425,0.0,268.0,0.0
2024-11-18 17:00:00,831.2104477366247,0.0,278.0,0.0
2024-11-18 17:30:00,863.3309643718583,0.0,282.0,0.0
2024-11-18 18:00:00,844.7937670924017,0.0,286.0,0.0
2024-11-18 18:30:00,842.8117750260578,0.0,284.0,0.0
2024-11-18 19:00:00,846.5652677860714,0.0,276.0,0.0
2024-11-18 19:30:00,817.3530303449722,0.0,262.0,0.0
2024-11-18 20:00:00,710.530737676564,0.0,237.0,0.0
2024-11-18 20:30:00,638.1572798441316,0.0,197.0,0.0
2024-11-18 21:00:00,625.1275088992886,0.0,186.0,0.0
2024-11-18 21:30:00,598.2284606995931,0.0,177.0,0.0
2024-11-18 22:00:00,577.2703958075319,0.0,176.0,0.0
2024-11-18 22:30:00,637.9668357310632,0.0,167.0,0.0
2024-11-18 23:00:00,630.8810767898271,0.0,164.0,0.0
2024-11-18 23:30:00,578.610260568897,0.0,169.0,0.0
2024-11-19 00:00:00,702.9536526942596,0.0,250.0,0.0
2024-11-19 00:30:00,743.2681844359337,0.0,250.0,0.0
2024-11-19 01:00:00,651.0676171384322,0.0,241.0,0.0
2024-11-19 01:30:00,660.1882465019528,0.0,238.0,0.0
2024-11-19 02:00:00,672.7931125533596,0.0,239.0,0.0
2024-11-19 02:30:00,595.2262350476685,0.0,228.0,0.0
2024-11-19 03:00:00,642.307226608507,0.0,238.00000000000003,0.0
2024-11-19 03:30:00,644.2066843381837,0.0,241.0,0.0
2024-11-19 04:00:00,664.4483557106411,0.0,241.0,0.0
2024-11-19 04:30:00,600.8627318401726,0.0,237.99999999999997,0.0
2024-11-19 05:00:00,659.6916485922051,0.0,238.0,0.0
2024-11-19 05:30:00,657.4679416970189,0.0,240.0,0.0
2024-11-19 06:00:00,633.8306708427812,0.0,238.0,0.0
2024-11-19 06:30:00,644.4051842937885,0.0,233.0,0.0
2024-11-19 07:00:00,658.4028163701058,0.0,247.0,0.0
2024-11-19 07:30:00,662.811551945258,0.0,256.0,0.0
2024-11-19 08:00:00,751.1197156713837,0.0,276.0,0.0
2024-11-19 08:30:00,877.4597109276897,0.0,315.0,0.0
2024-11-19 09:00:00,850.5067849402842,0.0,327.0,0.0
2024-11-19 09:30:00,881.0657224583113,0.0,329.0,0.0
2024-11-19 10:00:00,881.6694182207555,0.0,360.0,0.0
2024-11-19 10:30:00,905.5180647993266,0.0,378.0,0.0
2024-11-19 11:00:00,993.5349227548359,0.0,372.0,0.0
2024-11-19 11:30:00,957.2412279878314,0.0,392.0,0.0
2024-11-19 12:00:00,909.6635806147209,0.0,328.0,0.0
2024-11-19 12:30:00,874.3108290564633,0.0,318.0,0.0
2024-11-19 13:00:00,965.628087643473,0.0,332.0,0.0
2024-11-19 13:30:00,918.408887494533,0.0,336.0,0.0
2024-11-19 14:00:00,918.414085142983,0.0,328.0,0.0
2024-11-19 14:30:00,982.9289669347894,0.0,324.0,0.0
2024-11-19 15:00:00,969.8453291603055,0.0,323.0,0.0
2024-11-19 15:30:00,834.0956455772897,0.0,323.0,0.0
2024-11-19 16:00:00,925.8781006212298,0.0,312.0,0.0
2024-11-19 16:30:00,894.3780919371362,0.0,294.0,0.0
2024-11-19 17:00:00,898.5296066904115,0.0,310.0,0.0
2024-11-19 17:30:00,925.4514138916577,0.0,313.0,0.0
2024-11-19 18:00:00,810.2146866624298,0.0,306.0,0.0
2024-11-19 18:30:00,604.3223214341056,0.0,213.0,0.0
2024-11-19 19:00:00,648.4987264245534,0.0,212.0,0.0
2024-11-19 19:30:00,679.0800570074468,0.0,208.0,0.0
2024-11-19 20:00:00,520.1437822222528,0.0,185.0,0.0
2024-11-19 20:30:00,452.74363224686147,0.0,119.99999999999999,0.0
2024-11-19 21:00:00,411.71815754599936,0.0,118.0,0.0
2024-11-19 21:30:00,453.97510307566097,0.0,125.00000000000001,0.0
2024-11-19 22:00:00,661.9977257784819,0.0,202.0,0.0
2024-11-19 22:30:00,737.2860678548636,0.0,253.0,0.0
2024-11-19 23:00:00,754.4329008394042,0.0,264.0,0.0
2024-11-19 23:30:00,780.8668225822759,0.0,263.0,0.0
2024-11-20 00:00:00,736.9414664272708,0.0,255.0,0.0
2024-11-20 00:30:00,795.8451151055128,0.0,250.00000000000003,0.0
2024-11-20 01:00:00,709.0163367081193,0.0,243.99999999999997,0.0
2024-11-20 01:30:00,717.9357674310105,0.0,231.99999999999997,0.0
2024-11-20 02:00:00,764.0373735655368,0.0,230.0,0.0
2024-11-20 02:30:00,676.8986553039691,0.0,215.0,0.0
2024-11-20 03:00:00,707.8330565065579,0.0,233.0,0.0
2024-11-20 03:30:00,668.8593866583897,0.0,235.0,0.0
2024-11-20 04:00:00,633.9060154288061,0.0,229.99999999999997,0.0
2024-11-20 04:30:00,800.4602537595349,0.0,239.0,0.0
2024-11-20 05:00:00,726.1105316570016,0.0,235.99999999999997,0.0
2024-11-20 05:30:00,709.8851178887281,0.0,243.0,0.0
2024-11-20 06:00:00,737.8509573429588,0.0,240.0,0.0
2024-11-20 06:30:00,660.029724826757,0.0,228.0,0.0
2024-11-20 07:00:00,718.1373445603463,0.0,235.0,0.0
2024-11-20 07:30:00,723.7868476356991,0.0,244.00000000000003,0.0
2024-11-20 08:00:00,750.9037471835941,0.0,269.0,0.0
2024-11-20 08:30:00,790.7359777057868,0.0,302.0,0.0
2024-11-20 09:00:00,863.3367022722803,0.0,327.0,0.0
2024-11-20 09:30:00,1005.3115553786631,0.0,331.0,0.0
2024-11-20 10:00:00,915.0348252938254,0.0,329.0,0.0
2024-11-20 10:30:00,971.6802923923445,0.0,319.0,0.0
2024-11-20 11:00:00,999.0452943687011,0.0,321.0,0.0
2024-11-20 11:30:00,945.1328512862832,0.0,318.0,0.0
2024-11-20 12:00:00,900.4047319788962,0.0,348.0,0.0
2024-11-20 12:30:00,928.2632212853088,0.0,378.0,0.0
2024-11-20 13:00:00,903.9100537423465,0.0,347.0,0.0
2024-11-20 13:30:00,975.4964475555463,0.0,343.0,0.0
2024-11-20 14:00:00,1024.1171185172632,0.0,342.0,0.0
2024-11-20 14:30:00,994.3918266441672,0.0,337.0,0.0
2024-11-20 15:00:00,846.3639471886548,0.0,340.0,0.0
2024-11-20 15:30:00,927.6664096082328,0.0,343.0,0.0
2024-11-20 16:00:00,937.4749138798401,0.0,337.0,0.0
2024-11-20 16:30:00,896.9776826371618,0.0,315.0,0.0
2024-11-20 17:00:00,826.8024717980577,0.0,328.0,0.0
2024-11-20 17:30:00,803.9457149719923,0.0,327.0,0.0
2024-11-20 18:00:00,914.59395000267,0.0,307.0,0.0
2024-11-20 18:30:00,619.4933833528402,0.0,161.0,0.0
2024-11-20 19:00:00,590.8479393019267,0.0,161.0,0.0
2024-11-20 19:30:00,559.1999575770544,0.0,129.0,0.0
2024-11-20 20:00:00,561.1968383705605,0.0,115.0,0.0
2024-11-20 20:30:00,475.5145188402944,0.0,101.0,0.0
2024-11-20 21:00:00,566.2999605913832,0.0,150.0,0.0
2024-11-20 21:30:00,532.1581445724411,0.0,151.0,0.0
2024-11-20 22:00:00,542.0877214174589,0.0,165.0,0.0
2024-11-20 22:30:00,684.8624484876145,0.0,188.0,0.0
2024-11-20 23:00:00,714.8953618209448,0.0,228.00000000000003,0.0
2024-11-20 23:30:00,666.4006851915159,0.0,223.0,0.0
2024-11-21 00:00:00,526.6346525868602,0.0,143.0,0.0
2024-11-21 00:30:00,557.0437652756718,0.0,133.0,0.0
2024-11-21 01:00:00,554.9286899319645,0.0,135.0,0.0
2024-11-21 01:30:00,566.2980972625438,0.0,141.0,0.0
2024-11-21 02:00:00,572.2842578124563,0.0,146.0,0.0
2024-11-21 02:30:00,537.3989776122374,0.0,144.0,0.0
2024-11-21 03:00:00,522.6645931468918,0.0,146.0,0.0
2024-11-21 03:30:00,536.356759529675,0.0,142.0,0.0
2024-11-21 04:00:00,538.853879573792,0.0,138.0,0.0
2024-11-21 04:30:00,542.0411083444187,0.0,140.0,0.0
2024-11-21 05:00:00,538.2411911682088,0.0,139.0,0.0
2024-11-21 05:30:00,528.8490904955594,0.0,139.0,0.0
2024-11-21 06:00:00,570.4625216170109,0.0,147.0,0.0
2024-11-21 06:30:00,518.2282575589418,0.0,145.0,0.0
2024-11-21 07:00:00,615.2837518889296,0.0,148.0,0.0
2024-11-21 07:30:00,596.6164458385283,0.0,159.0,0.0
2024-11-21 08:00:00,576.6025022196482,0.0,179.0,0.0
2024-11-21 08:30:00,736.993000716485,0.0,220.0,0.0
2024-11-21 09:00:00,814.0399217046431,0.0,252.0,0.0
2024-11-21 09:30:00,786.938990115805,0.0,322.0,0.0
2024-11-21 10:00:00,745.7271900267064,0.0,315.0,0.0
2024-11-21 10:30:00,770.8094531141509,0.0,271.0,0.0
2024-11-21 11:00:00,874.5077097802067,0.0,280.0,0.0
2024-11-21 11:30:00,757.3841156072143,0.0,273.0,0.0
2024-11-21 12:00:00,758.8145602886385,0.0,269.0,0.0
2024-11-21 12:30:00,861.8385385724557,0.0,285.0,0.0
2024-11-21 13:00:00,807.9978630203312,0.0,284.0,0.0
2024-11-21 13:30:00,798.4128709761404,0.0,281.0,0.0
2024-11-21 14:00:00,809.6831738324944,0.0,274.0,0.0
2024-11-21 14:30:00,787.8795258640466,0.0,278.0,0.0
2024-11-21 15:00:00,866.8815847234229,0.0,277.0,0.0
2024-11-21 15:30:00,820.0020396989897,0.0,286.0,0.0
2024-11-21 16:00:00,846.3152271382011,0.0,284.0,0.0
2024-11-21 16:30:00,826.1201701157125,0.0,260.0,0.0
2024-11-21 17:00:00,815.5789731379218,0.0,269.0,0.0
2024-11-21 17:30:00,837.0224917547173,0.0,285.0,0.0
2024-11-21 18:00:00,767.6461554614168,0.0,286.0,0.0
2024-11-21 18:30:00,829.0153342043577,0.0,275.0,0.0
2024-11-21 19:00:00,793.9535004286877,0.0,261.0,0.0
2024-11-21 19:30:00,751.6781571076601,0.0,232.99999999999997,0.0
2024-11-21 20:00:00,690.4377798703994,0.0,220.00000000000003,0.0
2024-11-21 20:30:00,667.025373413522,0.0,195.0,0.0
2024-11-21 21:00:00,667.1001664197256,0.0,191.00000000000003,0.0
2024-11-21 21:30:00,643.4699461033603,0.0,187.0,0.0
2024-11-21 22:00:00,691.6932214608124,0.0,186.00000000000003,0.0
2024-11-21 22:30:00,655.5856274632343,0.0,187.0,0.0
2024-11-21 23:00:00,606.7676511987623,0.0,174.0,0.0
2024-11-21 23:30:00,636.7481109271889,0.0,169.99999999999997,0.0
2024-11-22 00:00:00,759.4100091051255,0.0,232.0,0.0
2024-11-22 00:30:00,714.1329857468048,0.0,228.00000000000003,0.0
2024-11-22 01:00:00,697.2445801347098,0.0,223.0,0.0
2024-11-22 01:30:00,658.3824126518864,0.0,219.0,0.0
2024-11-22 02:00:00,631.0637506956324,0.0,219.0,0.0
2024-11-22 02:30:00,618.1688401474422,0.0,203.0,0.0
2024-11-22 03:00:00,672.5141217960606,0.0,226.0,0.0
2024-11-22 03:30:00,579.4836273469441,0.0,214.0,0.0
2024-11-22 04:00:00,633.9413667817829,0.0,217.0,0.0
2024-11-22 04:30:00,703.6379774520932,0.0,203.0,0.0
2024-11-22 05:00:00,674.7709878549056,0.0,206.0,0.0
2024-11-22 05:30:00,604.5011826360943,0.0,196.0,0.0
2024-11-22 06:00:00,624.2546779969512,0.0,196.00000000000003,0.0
2024-11-22 06:30:00,553.1913143705547,0.0,194.0,0.0
2024-11-22 07:00:00,650.3961685226589,0.0,202.0,0.0
2024-11-22 07:30:00,714.5513839271504,0.0,215.0,0.0
2024-11-22 08:00:00,714.7651550064543,0.0,233.99999999999997,0.0
2024-11-22 08:30:00,771.3911752386869,0.0,264.0,0.0
2024-11-22 09:00:00,877.32815465548,0.0,293.0,0.0
2024-11-22 09:30:00,992.9329232099024,0.0,310.0,0.0
2024-11-22 10:00:00,936.100629871099,0.0,307.0,0.0
2024-11-22 10:30:00,871.7506910578072,0.0,311.0,0.0
2024-11-22 11:00:00,1040.3296169384314,0.0,304.0,0.0
2024-11-22 11:30:00,867.1613256555327,0.0,300.0,0.0
2024-11-22 12:00:00,864.0361792723093,0.0,279.0,0.0
2024-11-22 12:30:00,874.2997623609292,0.0,305.0,0.0
2024-11-22 13:00:00,870.5328455063986,0.0,322.0,0.0
2024-11-22 13:30:00,894.3727300017695,0.0,390.0,0.0
2024-11-22 14:00:00,954.5870340941598,0.0,388.0,0.0
2024-11-22 14:30:00,1002.0601530007058,0.0,393.0,0.0
2024-11-22 15:00:00,912.2491252346844,0.0,386.0,0.0
2024-11-22 15:30:00,892.8175957282187,0.0,388.0,0.0
2024-11-22 16:00:00,949.3692400810321,0.0,382.0,0.0
2024-11-22 16:30:00,923.8017273764441,0.0,377.0,0.0
2024-11-22 17:00:00,953.6556916141042,0.0,401.0,0.0
2024-11-22 17:30:00,922.5562993571627,0.0,404.0,0.0
2024-11-22 18:00:00,834.5860927959643,0.0,366.0,0.0
2024-11-22 18:30:00,649.572235619246,0.0,247.00000000000003,0.0
2024-11-22 19:00:00,635.5249024328637,0.0,247.0,0.0
2024-11-22 19:30:00,672.4778987921169,0.0,241.0,0.0
2024-11-22 20:00:00,671.2772484618168,0.0,229.0,0.0
2024-11-22 20:30:00,521.7651118905412,0.0,193.0,0.0
2024-11-22 21:00:00,525.0274127682721,0.0,195.0,0.0
2024-11-22 21:30:00,516.575104478511,0.0,191.0,0.0
2024-11-22 22:00:00,616.344992850767,0.0,264.0,0.0
2024-11-22 22:30:00,699.4371489631092,0.0,302.0,0.0
2024-11-22 23:00:00,679.2398508973569,0.0,310.0,0.0
2024-11-22 23:30:00,671.3722868013201,0.0,348.0,0.0
2024-11-23 00:00:00,722.1571887905708,0.0,196.0,0.0
2024-11-23 00:30:00,593.8694096145571,0.0,186.0,0.0
2024-11-23 01:00:00,608.2032919051254,0.0,188.0,0.0
2024-11-23 01:30:00,601.4920632667083,0.0,196.0,0.0
2024-11-23 02:00:00,656.615288809141,0.0,191.0,0.0
2024-11-23 02:30:00,649.2122980484897,0.0,196.0,0.0
2024-11-23 03:00:00,592.4597580298497,0.0,193.0,0.0
2024-11-23 03:30:00,572.0935518943519,0.0,186.0,0.0
2024-11-23 04:00:00,630.683190643772,0.0,185.0,0.0
2024-11-23 04:30:00,599.4786288711491,0.0,188.0,0.0
2024-11-23 05:00:00,622.786237871112,0.0,182.0,0.0
2024-11-23 05:30:00,583.0312630578227,0.0,185.0,0.0
2024-11-23 06:00:00,595.6037069251656,0.0,184.0,0.0
2024-11-23 06:30:00,567.9394691107615,0.0,173.0,0.0
2024-11-23 07:00:00,554.7995081072,0.0,176.0,0.0
2024-11-23 07:30:00,572.5535311086628,0.0,184.00000000000003,0.0
2024-11-23 08:00:00,451.34152352864345,0.0,152.0,0.0
2024-11-23 08:30:00,314.62552795786064,0.0,80.0,0.0
2024-11-23 09:00:00,328.16267830913165,0.0,70.0,0.0
2024-11-23 09:30:00,376.3011149148881,0.0,133.0,0.0
2024-11-23 10:00:00,379.89242822626943,0.0,134.0,0.0
2024-11-23 10:30:00,363.2761904945882,0.0,138.0,0.0
2024-11-23 11:00:00,403.7869460208398,0.0,148.0,0.0
2024-11-23 11:30:00,399.86833830089967,0.0,185.0,0.0
2024-11-23 12:00:00,402.8853524111641,0.0,201.0,0.0
2024-11-23 12:30:00,430.06612149457385,0.0,226.99999999999997,0.0
2024-11-23 13:00:00,416.5177452239058,0.0,255.0,0.0
2024-11-23 13:30:00,426.2493958052669,0.0,254.0,0.0
2024-11-23 14:00:00,438.5302964584483,0.0,247.99999999999997,0.0
2024-11-23 14:30:00,389.35505094937025,0.0,247.99999999999997,0.0
2024-11-23 15:00:00,391.7191083206918,0.0,254.0,0.0
2024-11-23 15:30:00,394.7528304646899,0.0,259.0,0.0
2024-11-23 16:00:00,439.98893414202854,0.0,267.0,0.0
2024-11-23 16:30:00,412.16450773157294,0.0,269.0,0.0
2024-11-23 17:00:00,477.93022228290107,0.0,256.0,0.0
2024-11-23 17:30:00,483.00679967975424,0.0,232.0,0.0
2024-11-23 18:00:00,334.6476699108079,0.0,144.0,0.0
2024-11-23 18:30:00,180.84828820104786,0.0,64.0,0.0
2024-11-23 19:00:00,143.4035522110084,0.0,60.0,0.0
2024-11-23 19:30:00,128.0982920316739,0.0,55.0,0.0
2024-11-23 20:00:00,119.90287951653363,0.0,53.0,0.0
2024-11-23 20:30:00,130.33244763200338,0.0,55.0,0.0
2024-11-23 21:00:00,125.29825490583279,0.0,54.0,0.0
2024-11-23 21:30:00,123.73633566082026,0.0,54.0,0.0
2024-11-23 22:00:00,115.01220806226992,0.0,49.0,0.0
2024-11-23 22:30:00,78.92455104154308,0.0,25.0,0.0
2024-11-23 23:00:00,83.08478897624575,0.0,29.000000000000004,0.0
2024-11-23 23:30:00,85.09915629215277,0.0,23.0,0.0
2024-11-24 00:00:00,636.7011770907433,0.0,259.0,0.0
2024-11-24 00:30:00,585.5938104164806,0.0,245.00000000000003,0.0
2024-11-24 01:00:00,631.9523644631739,0.0,244.00000000000003,0.0
2024-11-24 01:30:00,614.0567578575675,0.0,242.0,0.0
2024-11-24 02:00:00,575.0254950025694,0.0,243.0,0.0
2024-11-24 02:30:00,653.9838096410381,0.0,249.0,0.0
2024-11-24 03:00:00,557.4128443150154,0.0,243.0,0.0
2024-11-24 03:30:00,606.3739832352454,0.0,241.99999999999997,0.0
2024-11-24 04:00:00,590.395660659286,0.0,248.00000000000003,0.0
2024-11-24 04:30:00,563.7880699443898,0.0,241.0,0.0
2024-11-24 05:00:00,619.3607425777343,0.0,254.0,0.0
2024-11-24 05:30:00,567.9474917300321,0.0,243.0,0.0
2024-11-24 06:00:00,603.9101133649447,0.0,243.0,0.0
2024-11-24 06:30:00,562.1418676208132,0.0,232.0,0.0
2024-11-24 07:00:00,556.9523669531462,0.0,235.0,0.0
2024-11-24 07:30:00,612.0643427872086,0.0,247.0,0.0
2024-11-24 08:00:00,421.40104851171145,0.0,181.0,0.0
2024-11-24 08:30:00,135.44120812793173,0.0,66.0,0.0
2024-11-24 09:00:00,148.17066912500715,0.0,76.0,0.0
2024-11-24 09:30:00,105.90948357364636,0.0,37.0,0.0
2024-11-24 10:00:00,98.73152071487506,0.0,36.0,0.0
2024-11-24 10:30:00,92.50856575895746,0.0,33.0,0.0
2024-11-24 11:00:00,86.27759620310212,0.0,30.0,0.0
2024-11-24 11:30:00,92.85984711405467,0.0,29.0,0.0
2024-11-24 12:00:00,98.00543873128757,0.0,29.0,0.0
2024-11-24 12:30:00,97.6498253460393,0.0,29.999999999999996,0.0
2024-11-24 13:00:00,79.42460802123851,0.0,31.0,0.0
2024-11-24 13:30:00,99.07018504896124,0.0,30.000000000000004,0.0
2024-11-24 14:00:00,100.41886719503663,0.0,29.999999999999996,0.0
2024-11-24 14:30:00,95.49967480481484,0.0,31.0,0.0
2024-11-24 15:00:00,100.69166513702878,0.0,30.999999999999996,0.0
2024-11-24 15:30:00,98.96266407555223,0.0,31.0,0.0
2024-11-24 16:00:00,95.58742688499623,0.0,31.0,0.0
2024-11-24 16:30:00,109.5684720496373,0.0,32.0,0.0
2024-11-24 17:00:00,98.3832111998467,0.0,33.0,0.0
2024-11-24 17:30:00,101.71802355536592,0.0,33.0,0.0
2024-11-24 18:00:00,99.20506693729595,0.0,31.999999999999996,0.0
2024-11-24 18:30:00,86.18006822498752,0.0,28.0,0.0
2024-11-24 19:00:00,88.17937676719946,0.0,28.0,0.0
2024-11-24 19:30:00,97.93180027798799,0.0,29.0,0.0
2024-11-24 20:00:00,97.643997772139,0.0,30.0,0.0
2024-11-24 20:30:00,95.23559889884648,0.0,29.0,0.0
2024-11-24 21:00:00,85.04074403303414,0.0,29.0,0.0
2024-11-24 21:30:00,86.7131656101249,0.0,31.0,0.0
2024-11-24 22:00:00,91.65523864930361,0.0,28.0,0.0
2024-11-24 22:30:00,90.74440173827531,0.0,27.0,0.0
2024-11-24 23:00:00,88.63622718402016,0.0,26.999999999999996,0.0
2024-11-24 23:30:00,101.77213157537516,0.0,28.0,0.0
2024-11-25 00:00:00,67.68768147418405,0.0,25.0,0.0
2024-11-25 00:30:00,67.5217367905756,0.0,22.0,0.0
2024-11-25 01:00:00,66.99737238890586,0.0,25.0,0.0
2024-11-25 01:30:00,71.44839014810867,0.0,26.0,0.0
2024-11-25 02:00:00,62.63172079268842,0.0,23.0,0.0
2024-11-25 02:30:00,64.77772686029752,0.0,27.0,0.0
2024-11-25 03:00:00,68.70071233660106,0.0,25.0,0.0
2024-11-25 03:30:00,79.34207568551666,0.0,22.000000000000004,0.0
2024-11-25 04:00:00,77.30556364390301,0.0,24.999999999999996,0.0
2024-11-25 04:30:00,80.83886758252763,0.0,24.000000000000004,0.0
2024-11-25 05:00:00,76.39744231364435,0.0,21.0,0.0
2024-11-25 05:30:00,65.54565527085344,0.0,22.0,0.0
2024-11-25 06:00:00,73.78739051015891,0.0,22.0,0.0
2024-11-25 06:30:00,58.72035347072159,0.0,24.0,0.0
2024-11-25 07:00:00,71.31102585444044,0.0,23.0,0.0
2024-11-25 07:30:00,61.86771072371295,0.0,23.0,0.0
2024-11-25 08:00:00,66.73537523769437,0.0,24.0,0.0
2024-11-25 08:30:00,61.53315601338806,0.0,22.0,0.0
2024-11-25 09:00:00,62.4055655290835,0.0,22.0,0.0
2024-11-25 09:30:00,62.02170639197678,0.0,22.0,0.0
2024-11-25 10:00:00,62.94953856000631,0.0,23.0,0.0
2024-11-25 10:30:00,69.45190329804221,0.0,21.0,0.0
2024-11-25 11:00:00,64.29114504141012,0.0,22.0,0.0
2024-11-25 11:30:00,70.34392461652006,0.0,22.0,0.0
2024-11-25 12:00:00,62.40253733688314,0.0,21.0,0.0
2024-11-25 12:30:00,67.2907152876191,0.0,21.0,0.0
2024-11-25 13:00:00,56.60205392563731,0.0,22.0,0.0
2024-11-25 13:30:00,60.72740885490748,0.0,21.0,0.0
2024-11-25 14:00:00,60.9414396359463,0.0,20.0,0.0
2024-11-25 14:30:00,66.3469021032556,0.0,21.0,0.0
2024-11-25 15:00:00,62.180658885384126,0.0,20.0,0.0
2024-11-25 15:30:00,58.7958669956321,0.0,21.0,0.0
2024-11-25 16:00:00,57.574145598624064,0.0,23.0,0.0
2024-11-25 16:30:00,58.490493940786756,0.0,21.0,0.0
2024-11-25 17:00:00,65.5445114708652,0.0,21.0,0.0
2024-11-25 17:30:00,66.19113130925244,0.0,21.0,0.0
2024-11-25 18:00:00,58.694959889492345,0.0,20.0,0.0
2024-11-25 18:30:00,61.884916091605696,0.0,22.0,0.0
2024-11-25 19:00:00,65.90918918826445,0.0,19.0,0.0
2024-11-25 19:30:00,60.03642228142772,0.0,21.0,0.0
2024-11-25 20:00:00,67.15229842012204,0.0,19.0,0.0
2024-11-25 20:30:00,69.95922680125238,0.0,21.0,0.0
2024-11-25 21:00:00,67.73705933740874,0.0,22.0,0.0
2024-11-25 21:30:00,66.95537792026256,0.0,20.0,0.0
2024-11-25 22:00:00,71.060903538119,0.0,22.0,0.0
2024-11-25 22:30:00,69.35301886050875,0.0,22.0,0.0
2024-11-25 23:00:00,62.21343700583584,0.0,22.0,0.0
2024-11-25 23:30:00,71.83123215115226,0.0,21.000000000000004,0.0
2024-11-26 00:00:00,74.73509465312796,0.0,21.0,0.0
2024-11-26 00:30:00,92.28094035503258,0.0,21.0,0.0
2024-11-26 01:00:00,90.24295462486938,0.0,20.0,0.0
2024-11-26 01:30:00,85.06660261132195,0.0,21.0,0.0
2024-11-26 02:00:00,85.89936548708232,0.0,21.0,0.0
2024-11-26 02:30:00,90.81763001241612,0.0,22.0,0.0
2024-11-26 03:00:00,91.29719005866083,0.0,21.0,0.0
2024-11-26 03:30:00,88.37884099404029,0.0,22.0,0.0
2024-11-26 04:00:00,93.28093933237872,0.0,22.0,0.0
2024-11-26 04:30:00,86.59711924038047,0.0,21.0,0.0
2024-11-26 05:00:00,88.54438423766132,0.0,20.0,0.0
2024-11-26 05:30:00,83.103949847714,0.0,21.000000000000004,0.0
2024-11-26 06:00:00,77.29413162359813,0.0,19.0,0.0
2024-11-26 06:30:00,148.85651745587546,0.0,43.0,0.0
2024-11-26 07:00:00,193.42325549245794,0.0,83.0,0.0
2024-11-26 07:30:00,363.72305862692156,0.0,168.0,0.0
2024-11-26 08:00:00,522.513977286575,0.0,206.0,0.0
2024-11-26 08:30:00,851.9936308243059,0.0,269.0,0.0
2024-11-26 09:00:00,897.9891681291277,0.0,296.0,0.0
2024-11-26 09:30:00,885.5308693889606,0.0,305.0,0.0
2024-11-26 10:00:00,875.9604329719288,0.0,304.0,0.0
2024-11-26 10:30:00,857.072885976901,0.0,300.0,0.0
2024-11-26 11:00:00,877.2003875975101,0.0,299.0,0.0
2024-11-26 11:30:00,889.0959493808341,0.0,303.0,0.0
2024-11-26 12:00:00,812.6477015351788,0.0,275.0,0.0
2024-11-26 12:30:00,869.0688508896992,0.0,291.0,0.0
2024-11-26 13:00:00,893.8289199787707,0.0,300.0,0.0
2024-11-26 13:30:00,822.4513538451631,0.0,298.0,0.0
2024-11-26 14:00:00,798.4339024759317,0.0,293.0,0.0
2024-11-26 14:30:00,925.1843773518651,0.0,313.0,0.0
2024-11-26 15:00:00,922.8071691700674,0.0,312.0,0.0
2024-11-26 15:30:00,932.7664683128266,0.0,306.0,0.0
2024-11-26 16:00:00,919.5211953556661,0.0,304.0,0.0
2024-11-26 16:30:00,895.5050460776182,0.0,274.0,0.0
2024-11-26 17:00:00,910.8423064011348,0.0,290.0,0.0
2024-11-26 17:30:00,993.0022578377614,0.0,300.0,0.0
2024-11-26 18:00:00,1009.0940211756551,0.0,298.0,0.0
2024-11-26 18:30:00,801.4577628118295,0.0,300.0,0.0
2024-11-26 19:00:00,745.3078897726269,0.0,280.0,0.0
2024-11-26 19:30:00,842.0287007085899,0.0,272.0,0.0
2024-11-26 20:00:00,799.3780055113143,0.0,245.00000000000003,0.0
2024-11-26 20:30:00,724.440821072552,0.0,216.0,0.0
2024-11-26 21:00:00,739.1902844558233,0.0,213.99999999999997,0.0
2024-11-26 21:30:00,687.4834148827435,0.0,208.0,0.0
2024-11-26 22:00:00,672.7192856488349,0.0,214.0,0.0
2024-11-26 22:30:00,668.1571278727151,0.0,204.0,0.0
2024-11-26 23:00:00,688.9252416825956,0.0,211.0,0.0
2024-11-26 23:30:00,727.344785002151,0.0,214.0,0.0
2024-11-27 00:00:00,638.7428242388519,0.0,230.0,0.0
2024-11-27 00:30:00,665.5566443403115,0.0,205.0,0.0
2024-11-27 01:00:00,596.5278390075124,0.0,210.0,0.0
2024-11-27 01:30:00,606.8046872902726,0.0,210.0,0.0
2024-11-27 02:00:00,637.2744981175039,0.0,210.0,0.0
2024-11-27 02:30:00,656.0144265030885,0.0,216.0,0.0
2024-11-27 03:00:00,655.8535754924569,0.0,213.0,0.0
2024-11-27 03:30:00,594.8643027278931,0.0,207.0,0.0
2024-11-27 04:00:00,607.575309694414,0.0,210.0,0.0
2024-11-27 04:30:00,643.1561706716996,0.0,219.0,0.0
2024-11-27 05:00:00,678.6079278538443,0.0,218.0,0.0
2024-11-27 05:30:00,618.7330633888721,0.0,215.0,0.0
2024-11-27 06:00:00,627.5194750164671,0.0,213.0,0.0
2024-11-27 06:30:00,595.9945618610141,0.0,211.99999999999997,0.0
2024-11-27 07:00:00,692.26628279162,0.0,213.99999999999997,0.0
2024-11-27 07:30:00,674.7949548647251,0.0,233.0,0.0
2024-11-27 08:00:00,747.227484690066,0.0,251.0,0.0
2024-11-27 08:30:00,848.6567297572202,0.0,304.0,0.0
2024-11-27 09:00:00,842.8882750264725,0.0,315.0,0.0
2024-11-27 09:30:00,797.8361784642232,0.0,315.0,0.0
2024-11-27 10:00:00,766.1785467434465,0.0,310.0,0.0
2024-11-27 10:30:00,924.0434645632334,0.0,356.0,0.0
2024-11-27 11:00:00,876.0458360046979,0.0,358.0,0.0
2024-11-27 11:30:00,860.2179548377248,0.0,343.0,0.0
2024-11-27 12:00:00,795.4151398316585,0.0,344.0,0.0
2024-11-27 12:30:00,815.8783891321231,0.0,360.0,0.0
2024-11-27 13:00:00,896.6537896413181,0.0,368.0,0.0
2024-11-27 13:30:00,927.7062850612313,0.0,364.0,0.0
2024-11-27 14:00:00,836.7249412703356,0.0,359.0,0.0
2024-11-27 14:30:00,923.8602668651658,0.0,366.0,0.0
2024-11-27 15:00:00,904.3818818220735,0.0,366.0,0.0
2024-11-27 15:30:00,895.4906533652587,0.0,369.0,0.0
2024-11-27 16:00:00,966.6869631346485,0.0,367.0,0.0
2024-11-27 16:30:00,809.4329198381979,0.0,341.0,0.0
2024-11-27 17:00:00,922.4841498256694,0.0,365.0,0.0
2024-11-27 17:30:00,863.550715231413,0.0,359.0,0.0
2024-11-27 18:00:00,846.6744078560638,0.0,357.0,0.0
2024-11-27 18:30:00,886.0945180025379,0.0,358.0,0.0
2024-11-27 19:00:00,799.228397892883,0.0,342.0,0.0
2024-11-27 19:30:00,823.2018055765931,0.0,346.0,0.0
2024-11-27 20:00:00,804.3480631530166,0.0,311.0,0.0
2024-11-27 20:30:00,688.9223315295385,0.0,267.0,0.0
2024-11-27 21:00:00,690.6009502782847,0.0,273.0,0.0
2024-11-27 21:30:00,525.6281589633418,0.0,264.0,0.0
2024-11-27 22:00:00,642.0463879910692,0.0,262.0,0.0
2024-11-27 22:30:00,627.7378297237706,0.0,261.0,0.0
2024-11-27 23:00:00,619.0589950805713,0.0,261.0,0.0
2024-11-27 23:30:00,641.129024853622,0.0,262.0,0.0
2024-11-28 00:00:00,646.3786967705271,0.0,175.0,0.0
2024-11-28 00:30:00,658.111647699156,0.0,163.0,0.0
2024-11-28 01:00:00,658.2643252376159,0.0,170.0,0.0
2024-11-28 01:30:00,644.9149483870505,0.0,175.99999999999997,0.0
2024-11-28 02:00:00,581.452831858574,0.0,170.0,0.0
2024-11-28 02:30:00,692.4154048361883,0.0,170.0,0.0
2024-11-28 03:00:00,616.3210986001993,0.0,171.0,0.0
2024-11-28 03:30:00,695.4104755811287,0.0,173.0,0.0
2024-11-28 04:00:00,653.3785347249785,0.0,172.00000000000003,0.0
2024-11-28 04:30:00,616.7766894894953,0.0,178.0,0.0
2024-11-28 05:00:00,641.0974482949107,0.0,174.0,0.0
2024-11-28 05:30:00,697.4522933632234,0.0,170.0,0.0
2024-11-28 06:00:00,692.7696400475162,0.0,177.0,0.0
2024-11-28 06:30:00,583.5760384644697,0.0,158.0,0.0
2024-11-28 07:00:00,600.0117025743908,0.0,160.0,0.0
2024-11-28 07:30:00,684.1507809661272,0.0,192.0,0.0
2024-11-28 08:00:00,662.0850689701224,0.0,203.00000000000003,0.0
2024-11-28 08:30:00,798.6577065293186,0.0,217.0,0.0
2024-11-28 09:00:00,826.3585593461586,0.0,248.0,0.0
2024-11-28 09:30:00,753.501566285094,0.0,271.0,0.0
2024-11-28 10:00:00,834.7957851223173,0.0,310.0,0.0
2024-11-28 10:30:00,829.792446468768,0.0,285.0,0.0
2024-11-28 11:00:00,826.701026030314,0.0,269.0,0.0
2024-11-28 11:30:00,820.102441020571,0.0,259.0,0.0
2024-11-28 12:00:00,799.6902536305519,0.0,231.0,0.0
2024-11-28 12:30:00,816.7808579321461,0.0,251.0,0.0
2024-11-28 13:00:00,743.685563570398,0.0,262.0,0.0
2024-11-28 13:30:00,759.3082321062805,0.0,255.0,0.0
2024-11-28 14:00:00,798.7658827555151,0.0,276.0,0.0
2024-11-28 14:30:00,763.1800923204289,0.0,278.0,0.0
2024-11-28 15:00:00,814.6306761759436,0.0,264.0,0.0
2024-11-28 15:30:00,882.5280788733875,0.0,270.0,0.0
2024-11-28 16:00:00,748.9924067872822,0.0,275.0,0.0
2024-11-28 16:30:00,772.7292176358476,0.0,252.00000000000003,0.0
2024-11-28 17:00:00,785.5887184523128,0.0,267.0,0.0
2024-11-28 17:30:00,834.99247267914,0.0,273.0,0.0
2024-11-28 18:00:00,802.7542953590914,0.0,282.0,0.0
2024-11-28 18:30:00,756.9917555378341,0.0,276.0,0.0
2024-11-28 19:00:00,751.3642738471652,0.0,272.0,0.0
2024-11-28 19:30:00,843.4571172050642,0.0,260.0,0.0
2024-11-28 20:00:00,683.7865431058451,0.0,226.0,0.0
2024-11-28 20:30:00,625.3302894191619,0.0,193.0,0.0
2024-11-28 21:00:00,769.1196389524391,0.0,203.99999999999997,0.0
2024-11-28 21:30:00,655.7481402102998,0.0,203.0,0.0
2024-11-28 22:00:00,687.2577992169731,0.0,201.99999999999997,0.0
2024-11-28 22:30:00,706.3117331406065,0.0,202.99999999999997,0.0
2024-11-28 23:00:00,691.9636028764785,0.0,197.0,0.0
2024-11-28 23:30:00,607.1344737162254,0.0,196.0,0.0
2024-11-29 00:00:00,682.1722125234464,0.0,232.0,0.0
2024-11-29 00:30:00,652.8072223968933,0.0,228.0,0.0
2024-11-29 01:00:00,710.5527892427601,0.0,223.0,0.0
2024-11-29 01:30:00,624.824689233454,0.0,219.0,0.0
2024-11-29 02:00:00,648.9068426046666,0.0,219.0,0.0
2024-11-29 02:30:00,621.6006271207989,0.0,203.0,0.0
2024-11-29 03:00:00,738.8792727410537,0.0,226.0,0.0
2024-11-29 03:30:00,644.3688346088263,0.0,213.99999999999997,0.0
2024-11-29 04:00:00,682.7117427065009,0.0,217.00000000000003,0.0
2024-11-29 04:30:00,657.8246378387338,0.0,202.99999999999997,0.0
2024-11-29 05:00:00,692.4841409458976,0.0,206.0,0.0
2024-11-29 05:30:00,642.2908746804482,0.0,196.0,0.0
2024-11-29 06:00:00,611.0366322258534,0.0,196.0,0.0
2024-11-29 06:30:00,561.0726361577958,0.0,194.0,0.0
2024-11-29 07:00:00,633.9186491174913,0.0,202.0,0.0
2024-11-29 07:30:00,670.979839567499,0.0,215.0,0.0
2024-11-29 08:00:00,729.4037479872413,0.0,234.0,0.0
2024-11-29 08:30:00,815.1674038094005,0.0,264.0,0.0
2024-11-29 09:00:00,946.9749542474362,0.0,293.0,0.0
2024-11-29 09:30:00,933.8755092974142,0.0,310.0,0.0
2024-11-29 10:00:00,881.6161188009712,0.0,307.0,0.0
2024-11-29 10:30:00,916.7924700593534,0.0,311.0,0.0
2024-11-29 11:00:00,1019.9074831073243,0.0,304.0,0.0
2024-11-29 11:30:00,955.8927925719191,0.0,300.0,0.0
2024-11-29 12:00:00,920.512150544498,0.0,279.0,0.0
2024-11-29 12:30:00,874.1060703809085,0.0,305.0,0.0
2024-11-29 13:00:00,886.4696173951487,0.0,322.0,0.0
2024-11-29 13:30:00,883.8828852390154,0.0,390.0,0.0
2024-11-29 14:00:00,933.6896855133745,0.0,388.0,0.0
2024-11-29 14:30:00,933.1304298181271,0.0,393.0,0.0
2024-11-29 15:00:00,907.4433701852304,0.0,386.0,0.0
2024-11-29 15:30:00,923.193086073654,0.0,388.0,0.0
2024-11-29 16:00:00,890.3693227809305,0.0,382.0,0.0
2024-11-29 16:30:00,892.818959482239,0.0,377.0,0.0
2024-11-29 17:00:00,994.7808220557029,0.0,401.0,0.0
2024-11-29 17:30:00,841.1614029348104,0.0,404.0,0.0
2024-11-29 18:00:00,853.8501826722193,0.0,366.0,0.0
2024-11-29 18:30:00,691.0045958985094,0.0,246.99999999999997,0.0
2024-11-29 19:00:00,635.4756477167487,0.0,247.0,0.0
2024-11-29 19:30:00,621.4403926537797,0.0,241.0,0.0
2024-11-29 20:00:00,631.8908666442219,0.0,229.0,0.0
2024-11-29 20:30:00,491.6719591516792,0.0,193.0,0.0
2024-11-29 21:00:00,524.6041204238089,0.0,195.0,0.0
2024-11-29 21:30:00,483.53137582991303,0.0,191.0,0.0
2024-11-29 22:00:00,577.7182975396913,0.0,264.0,0.0
2024-11-29 22:30:00,668.5506380167844,0.0,302.0,0.0
2024-11-29 23:00:00,622.5986454427015,0.0,310.0,0.0
2024-11-29 23:30:00,685.3898239331994,0.0,348.0,0.0
2024-11-30 00:00:00,663.4825913631363,0.0,275.0,0.0
2024-11-30 00:30:00,648.911371934035,0.0,250.0,0.0
2024-11-30 01:00:00,652.0431251104686,0.0,256.0,0.0
2024-11-30 01:30:00,664.9444196960085,0.0,265.0,0.0
2024-11-30 02:00:00,664.4062545592852,0.0,261.0,0.0
2024-11-30 02:30:00,698.0169456395498,0.0,257.0,0.0
2024-11-30 03:00:00,666.242903437854,0.0,261.0,0.0
2024-11-30 03:30:00,639.6132278245008,0.0,260.0,0.0
2024-11-30 04:00:00,595.6642960083923,0.0,264.0,0.0
2024-11-30 04:30:00,598.1799717459678,0.0,261.0,0.0
2024-11-30 05:00:00,632.2921382633206,0.0,260.0,0.0
2024-11-30 05:30:00,663.9923267603886,0.0,262.0,0.0
2024-11-30 06:00:00,624.5145499602384,0.0,249.0,0.0
2024-11-30 06:30:00,618.6951280461697,0.0,240.0,0.0
2024-11-30 07:00:00,635.8761427515101,0.0,260.0,0.0
2024-11-30 07:30:00,625.5180714159463,0.0,262.0,0.0
2024-11-30 08:00:00,577.7208750954799,0.0,241.0,0.0
2024-11-30 08:30:00,472.66963687644477,0.0,172.0,0.0
2024-11-30 09:00:00,453.1918172490547,0.0,177.0,0.0
2024-11-30 09:30:00,498.8861337452153,0.0,202.0,0.0
2024-11-30 10:00:00,437.70888982158823,0.0,208.0,0.0
2024-11-30 10:30:00,452.79933900876676,0.0,221.0,0.0
2024-11-30 11:00:00,472.48885098120763,0.0,223.0,0.0
2024-11-30 11:30:00,499.5024731588026,0.0,216.0,0.0
2024-11-30 12:00:00,444.5693082389421,0.0,259.0,0.0
2024-11-30 12:30:00,440.7980513410746,0.0,276.0,0.0
2024-11-30 13:00:00,454.3082610733157,0.0,281.0,0.0
2024-11-30 13:30:00,451.29523417392807,0.0,275.0,0.0
2024-11-30 14:00:00,432.7764838391465,0.0,275.0,0.0
2024-11-30 14:30:00,492.97505998117634,0.0,272.0,0.0
2024-11-30 15:00:00,421.56144030519596,0.0,253.0,0.0
2024-11-30 15:30:00,415.43604101935426,0.0,246.0,0.0
2024-11-30 16:00:00,394.89434320490346,0.0,237.00000000000003,0.0
2024-11-30 16:30:00,405.6618956082334,0.0,228.0,0.0
2024-11-30 17:00:00,422.5119505654328,0.0,227.99999999999997,0.0
2024-11-30 17:30:00,421.1957814280393,0.0,219.99999999999997,0.0
2024-11-30 18:00:00,276.8790912687646,0.0,160.0,0.0
2024-11-30 18:30:00,96.96870423269222,0.0,27.0,0.0
2024-11-30 19:00:00,93.39829932485938,0.0,24.000000000000004,0.0
2024-11-30 19:30:00,98.50691118632926,0.0,24.999999999999996,0.0
2024-11-30 20:00:00,93.49848899579828,0.0,24.0,0.0
2024-11-30 20:30:00,100.055444094925,0.0,28.0,0.0
2024-11-30 21:00:00,101.49634460242144,0.0,25.0,0.0
2024-11-30 21:30:00,97.35550138313751,0.0,25.0,0.0
2024-11-30 22:00:00,94.7489932973272,0.0,28.0,0.0
2024-11-30 22:30:00,86.70226538177123,0.0,26.999999999999996,0.0
2024-11-30 23:00:00,86.39566977218225,0.0,29.999999999999996,0.0
2024-11-30 23:30:00,75.29107850787487,0.0,26.0,0.0
2024-12-01 00:00:00,562.2522215752415,0.0,259.0,0.0
2024-12-01 00:30:00,507.25721248325675,0.0,245.0,0.0
2024-12-01 01:00:00,600.4540712015153,0.0,244.0,0.0
2024-12-01 01:30:00,531.120017471987,0.0,242.0,0.0
2024-12-01 02:00:00,617.1990618545944,0.0,243.00000000000003,0.0
2024-12-01 02:30:00,657.0608087503322,0.0,249.0,0.0
2024-12-01 03:00:00,584.1437731979172,0.0,243.0,0.0
2024-12-01 03:30:00,617.8556913984679,0.0,242.0,0.0
2024-12-01 04:00:00,583.3716155236599,0.0,248.0,0.0
2024-12-01 04:30:00,604.3251683898397,0.0,241.0,0.0
2024-12-01 05:00:00,582.2483577498433,0.0,254.0,0.0
2024-12-01 05:30:00,503.7824213499812,0.0,243.0,0.0
2024-12-01 06:00:00,569.0571612061096,0.0,243.0,0.0
2024-12-01 06:30:00,590.348059044805,0.0,232.0,0.0
2024-12-01 07:00:00,572.5354513379248,0.0,235.0,0.0
2024-12-01 07:30:00,542.2975239033348,0.0,247.0,0.0
2024-12-01 08:00:00,411.3959729628151,0.0,181.0,0.0
2024-12-01 08:30:00,133.58606522094274,0.0,66.0,0.0
2024-12-01 09:00:00,133.68525684556715,0.0,76.0,0.0
2024-12-01 09:30:00,108.6519251898141,0.0,37.0,0.0
2024-12-01 10:00:00,90.69141941240179,0.0,36.0,0.0
2024-12-01 10:30:00,95.70844136035792,0.0,33.0,0.0
2024-12-01 11:00:00,93.59481306205996,0.0,30.0,0.0
2024-12-01 11:30:00,86.05946951327135,0.0,29.0,0.0
2024-12-01 12:00:00,88.24662327479669,0.0,28.999999999999996,0.0
2024-12-01 12:30:00,97.83924920401644,0.0,30.0,0.0
2024-12-01 13:00:00,93.77398761679774,0.0,31.0,0.0
2024-12-01 13:30:00,93.67715837330583,0.0,30.000000000000004,0.0
2024-12-01 14:00:00,85.48457196850622,0.0,30.0,0.0
2024-12-01 14:30:00,97.16581767388253,0.0,30.999999999999996,0.0
2024-12-01 15:00:00,94.43736680920435,0.0,31.000000000000004,0.0
2024-12-01 15:30:00,92.80249884460542,0.0,31.0,0.0
2024-12-01 16:00:00,97.77300272640967,0.0,31.0,0.0
2024-12-01 16:30:00,97.91472989979299,0.0,31.999999999999996,0.0
2024-12-01 17:00:00,98.90366484020981,0.0,33.0,0.0
2024-12-01 17:30:00,97.78290850391805,0.0,33.0,0.0
2024-12-01 18:00:00,94.76815038197793,0.0,31.999999999999996,0.0
2024-12-01 18:30:00,96.72928941570939,0.0,28.0,0.0
2024-12-01 19:00:00,88.1226232513469,0.0,27.999999999999996,0.0
2024-12-01 19:30:00,84.86159706801018,0.0,29.0,0.0
2024-12-01 20:00:00,98.25984387408108,0.0,30.0,0.0
2024-12-01 20:30:00,87.24989236960548,0.0,29.0,0.0
2024-12-01 21:00:00,90.29278479652899,0.0,29.0,0.0
2024-12-01 21:30:00,94.20555671475039,0.0,31.0,0.0
2024-12-01 22:00:00,79.51235052141152,0.0,28.000000000000004,0.0
2024-12-01 22:30:00,87.15471601499033,0.0,26.999999999999996,0.0
2024-12-01 23:00:00,85.67159771723479,0.0,27.0,0.0
2024-12-01 23:30:00,91.08450099858496,0.0,28.0,0.0
2024-12-02 00:00:00,68.98426352808525,0.0,25.0,0.0
2024-12-02 00:30:00,61.860742058366924,0.0,22.0,0.0
2024-12-02 01:00:00,66.08698551814521,0.0,25.0,0.0
2024-12-02 01:30:00,65.08324945652795,0.0,26.0,0.0
2024-12-02 02:00:00,59.046605699750096,0.0,23.0,0.0
2024-12-02 02:30:00,67.0646817421238,0.0,27.0,0.0
2024-12-02 03:00:00,64.21230569440674,0.0,25.0,0.0
2024-12-02 03:30:00,74.54485068515893,0.0,22.0,0.0
2024-12-02 04:00:00,79.82603698694783,0.0,25.0,0.0
2024-12-02 04:30:00,78.17655926740085,0.0,24.0,0.0
2024-12-02 05:00:00,64.75030832385728,0.0,21.0,0.0
2024-12-02 05:30:00,64.55507937973032,0.0,22.0,0.0
2024-12-02 06:00:00,64.09074445572911,0.0,22.0,0.0
2024-12-02 06:30:00,61.99519597905805,0.0,24.0,0.0
2024-12-02 07:00:00,63.7080301579978,0.0,23.0,0.0
2024-12-02 07:30:00,62.10393191309155,0.0,23.0,0.0
2024-12-02 08:00:00,63.548585804780856,0.0,24.0,0.0
2024-12-02 08:30:00,63.72491791836525,0.0,22.0,0.0
2024-12-02 09:00:00,57.549268436785084,0.0,22.0,0.0
2024-12-02 09:30:00,66.7784867758042,0.0,22.0,0.0
2024-12-02 10:00:00,64.65540079009462,0.0,23.0,0.0
2024-12-02 10:30:00,58.95803989656785,0.0,21.0,0.0
2024-12-02 11:00:00,66.55881175705974,0.0,22.0,0.0
2024-12-02 11:30:00,62.74925887968471,0.0,22.0,0.0
2024-12-02 12:00:00,61.25702247986977,0.0,21.0,0.0
2024-12-02 12:30:00,61.84784717512815,0.0,21.0,0.0
2024-12-02 13:00:00,59.70297109187531,0.0,22.0,0.0
2024-12-02 13:30:00,61.40924009824492,0.0,21.0,0.0
2024-12-02 14:00:00,61.32906455927248,0.0,20.0,0.0
2024-12-02 14:30:00,58.77143352975839,0.0,21.0,0.0
2024-12-02 15:00:00,53.724803816866626,0.0,20.0,0.0
2024-12-02 15:30:00,65.37907639191268,0.0,21.0,0.0
2024-12-02 16:00:00,58.66314437290205,0.0,23.0,0.0
2024-12-02 16:30:00,62.10528241622964,0.0,21.0,0.0
2024-12-02 17:00:00,62.223328839193634,0.0,21.0,0.0
2024-12-02 17:30:00,60.6667605801614,0.0,21.0,0.0
2024-12-02 18:00:00,60.77745886040458,0.0,20.0,0.0
2024-12-02 18:30:00,62.372346210089496,0.0,22.0,0.0
2024-12-02 19:00:00,62.245165469856154,0.0,19.0,0.0
2024-12-02 19:30:00,61.31365230996218,0.0,21.0,0.0
2024-12-02 20:00:00,69.06212494348375,0.0,19.0,0.0
2024-12-02 20:30:00,64.26339525865326,0.0,21.0,0.0
2024-12-02 21:00:00,65.56484844118643,0.0,22.0,0.0
2024-12-02 21:30:00,59.75908756292021,0.0,20.0,0.0
2024-12-02 22:00:00,71.09268759522305,0.0,22.0,0.0
2024-12-02 22:30:00,63.74880481212775,0.0,22.0,0.0
2024-12-02 23:00:00,63.15990492869707,0.0,22.0,0.0
2024-12-02 23:30:00,65.87223724667658,0.0,21.0,0.0
2024-12-03 00:00:00,64.05274514272229,0.0,22.0,0.0
2024-12-03 00:30:00,62.19766871419129,0.0,23.0,0.0
2024-12-03 01:00:00,65.8889967491057,0.0,21.0,0.0
2024-12-03 01:30:00,75.83685479034122,0.0,23.0,0.0
2024-12-03 02:00:00,62.14512102241414,0.0,20.0,0.0
2024-12-03 02:30:00,66.63065089949741,0.0,22.0,0.0
2024-12-03 03:00:00,64.09971694109771,0.0,21.0,0.0
2024-12-03 03:30:00,68.70115901200424,0.0,21.0,0.0
2024-12-03 04:00:00,67.5089190021985,0.0,20.0,0.0
2024-12-03 04:30:00,67.28574420703276,0.0,20.0,0.0
2024-12-03 05:00:00,69.07757965375954,0.0,20.0,0.0
2024-12-03 05:30:00,62.338917785297035,0.0,21.0,0.0
2024-12-03 06:00:00,62.73679924379169,0.0,21.0,0.0
2024-12-03 06:30:00,70.20974717212141,0.0,21.0,0.0
2024-12-03 07:00:00,64.70423533083414,0.0,23.0,0.0
2024-12-03 07:30:00,53.1467459760023,0.0,21.0,0.0
2024-12-03 08:00:00,63.14403235179145,0.0,23.0,0.0
2024-12-03 08:30:00,56.1383109063151,0.0,21.0,0.0
2024-12-03 09:00:00,59.39260432567421,0.0,21.0,0.0
2024-12-03 09:30:00,61.0000813130969,0.0,20.0,0.0
2024-12-03 10:00:00,54.57751767833585,0.0,23.0,0.0
2024-12-03 10:30:00,62.56987873631954,0.0,23.0,0.0
2024-12-03 11:00:00,63.38052855266104,0.0,22.0,0.0
2024-12-03 11:30:00,61.86419903388002,0.0,22.0,0.0
2024-12-03 12:00:00,64.52485847960014,0.0,23.0,0.0
2024-12-03 12:30:00,67.41134925000095,0.0,23.0,0.0
2024-12-03 13:00:00,64.01795587143044,0.0,23.0,0.0
2024-12-03 13:30:00,60.82956552292142,0.0,22.0,0.0
2024-12-03 14:00:00,68.39252707024471,0.0,23.0,0.0
2024-12-03 14:30:00,74.1128120910011,0.0,24.0,0.0
2024-12-03 15:00:00,67.6393388189796,0.0,23.0,0.0
2024-12-03 15:30:00,67.32707881452455,0.0,23.0,0.0
2024-12-03 16:00:00,68.08119179183004,0.0,25.0,0.0
2024-12-03 16:30:00,66.50059166210448,0.0,25.0,0.0
2024-12-03 17:00:00,66.70170335969073,0.0,24.0,0.0
2024-12-03 17:30:00,72.76825583983545,0.0,25.0,0.0
2024-12-03 18:00:00,63.20085777211915,0.0,25.0,0.0
2024-12-03 18:30:00,70.48814621970467,0.0,24.0,0.0
2024-12-03 19:00:00,64.27297864730633,0.0,22.0,0.0
2024-12-03 19:30:00,60.799783864434566,0.0,22.0,0.0
2024-12-03 20:00:00,67.95407013949827,0.0,24.0,0.0
2024-12-03 20:30:00,68.6309748585162,0.0,23.0,0.0
2024-12-03 21:00:00,72.59769277937751,0.0,25.0,0.0
2024-12-03 21:30:00,68.9131597637189,0.0,22.0,0.0
2024-12-03 22:00:00,66.02436854136872,0.0,25.0,0.0
2024-12-03 22:30:00,74.69763653103072,0.0,25.0,0.0
2024-12-03 23:00:00,72.33915963535173,0.0,23.0,0.0
2024-12-03 23:30:00,72.98245375401794,0.0,21.999999999999996,0.0
2024-12-04 00:00:00,674.741812181455,0.0,205.0,0.0
2024-12-04 00:30:00,648.935806463275,0.0,188.0,0.0
2024-12-04 01:00:00,693.6692070577859,0.0,192.00000000000003,0.0
2024-12-04 01:30:00,565.8940627502368,0.0,189.0,0.0
2024-12-04 02:00:00,617.6847103044147,0.0,197.0,0.0
2024-12-04 02:30:00,656.6213137001333,0.0,177.0,0.0
2024-12-04 03:00:00,671.1714851661033,0.0,194.0,0.0
2024-12-04 03:30:00,662.2671785946477,0.0,195.00000000000003,0.0
2024-12-04 04:00:00,676.2779106976448,0.0,196.0,0.0
2024-12-04 04:30:00,579.5019862191231,0.0,200.0,0.0
2024-12-04 05:00:00,647.0554257706206,0.0,185.99999999999997,0.0
2024-12-04 05:30:00,680.1895769146855,0.0,195.0,0.0
2024-12-04 06:00:00,606.543162788729,0.0,188.0,0.0
2024-12-04 06:30:00,694.1292193541955,0.0,184.0,0.0
2024-12-04 07:00:00,653.1499254977668,0.0,197.0,0.0
2024-12-04 07:30:00,590.7192725528641,0.0,196.0,0.0
2024-12-04 08:00:00,696.0815825454314,0.0,218.0,0.0
2024-12-04 08:30:00,786.0127462973921,0.0,253.99999999999997,0.0
2024-12-04 09:00:00,886.7074770012771,0.0,267.0,0.0
2024-12-04 09:30:00,870.9246078552901,0.0,276.0,0.0
2024-12-04 10:00:00,824.2584766034905,0.0,275.0,0.0
2024-12-04 10:30:00,918.756765563537,0.0,303.0,0.0
2024-12-04 11:00:00,882.3884780339681,0.0,339.0,0.0
2024-12-04 11:30:00,820.1240666869227,0.0,352.0,0.0
2024-12-04 12:00:00,807.2163265735903,0.0,343.0,0.0
2024-12-04 12:30:00,878.6574784812625,0.0,381.0,0.0
2024-12-04 13:00:00,827.4499461067617,0.0,317.0,0.0
2024-12-04 13:30:00,850.8715409937408,0.0,315.0,0.0
2024-12-04 14:00:00,863.9835832187646,0.0,303.0,0.0
2024-12-04 14:30:00,823.8649720113651,0.0,309.0,0.0
2024-12-04 15:00:00,769.6055365942,0.0,306.0,0.0
2024-12-04 15:30:00,894.5292826453515,0.0,307.0,0.0
2024-12-04 16:00:00,795.1720561385669,0.0,308.0,0.0
2024-12-04 16:30:00,797.2279846352978,0.0,304.0,0.0
2024-12-04 17:00:00,780.6502138956685,0.0,324.0,0.0
2024-12-04 17:30:00,796.7144327448907,0.0,313.0,0.0
2024-12-04 18:00:00,829.7389735278997,0.0,262.0,0.0
2024-12-04 18:30:00,571.7730709481133,0.0,153.0,0.0
2024-12-04 19:00:00,525.2647390813596,0.0,126.0,0.0
2024-12-04 19:30:00,473.32426011545294,0.0,112.0,0.0
2024-12-04 20:00:00,465.40092677163307,0.0,91.0,0.0
2024-12-04 20:30:00,468.2713160138093,0.0,93.0,0.0
2024-12-04 21:00:00,429.09955083599186,0.0,111.00000000000001,0.0
2024-12-04 21:30:00,476.4852505388237,0.0,125.00000000000001,0.0
2024-12-04 22:00:00,593.7733359674301,0.0,170.0,0.0
2024-12-04 22:30:00,647.3519808264376,0.0,214.00000000000003,0.0
2024-12-04 23:00:00,605.5722935781191,0.0,232.0,0.0
2024-12-04 23:30:00,654.3895335623542,0.0,236.0,0.0
2024-12-05 00:00:00,670.0623356678643,0.0,217.0,0.0
2024-12-05 00:30:00,673.9024059747933,0.0,217.0,0.0
2024-12-05 01:00:00,623.1964193214453,0.0,212.0,0.0
2024-12-05 01:30:00,639.885304072453,0.0,205.0,0.0
2024-12-05 02:00:00,650.2209625494504,0.0,210.0,0.0
2024-12-05 02:30:00,673.7582943525183,0.0,189.0,0.0
2024-12-05 03:00:00,677.6974864904805,0.0,210.0,0.0
2024-12-05 03:30:00,701.9517939911168,0.0,216.0,0.0
2024-12-05 04:00:00,663.4486211044515,0.0,213.0,0.0
2024-12-05 04:30:00,574.6512246667772,0.0,202.00000000000003,0.0
2024-12-05 05:00:00,683.7377066497752,0.0,214.00000000000003,0.0
2024-12-05 05:30:00,647.3124647208938,0.0,215.0,0.0
2024-12-05 06:00:00,664.8533596051087,0.0,218.0,0.0
2024-12-05 06:30:00,589.5367995837721,0.0,199.0,0.0
2024-12-05 07:00:00,673.7424533525204,0.0,213.0,0.0
2024-12-05 07:30:00,724.6000052830891,0.0,217.00000000000003,0.0
2024-12-05 08:00:00,757.9953796459747,0.0,238.00000000000003,0.0
2024-12-05 08:30:00,869.4485409945707,0.0,258.0,0.0
2024-12-05 09:00:00,922.0042316388246,0.0,279.0,0.0
2024-12-05 09:30:00,792.6566986083297,0.0,286.0,0.0
2024-12-05 10:00:00,846.8700725208002,0.0,300.0,0.0
2024-12-05 10:30:00,818.303926423715,0.0,299.0,0.0
2024-12-05 11:00:00,935.1422458509081,0.0,302.0,0.0
2024-12-05 11:30:00,877.9241851270849,0.0,299.0,0.0
2024-12-05 12:00:00,834.6143329447121,0.0,282.0,0.0
2024-12-05 12:30:00,878.2643736070125,0.0,304.0,0.0
2024-12-05 13:00:00,890.8813996350706,0.0,334.0,0.0
2024-12-05 13:30:00,810.1468069023815,0.0,303.0,0.0
2024-12-05 14:00:00,854.9519076980956,0.0,307.0,0.0
2024-12-05 14:30:00,920.2796397587027,0.0,308.0,0.0
2024-12-05 15:00:00,997.1890088367061,0.0,313.0,0.0
2024-12-05 15:30:00,932.754017460384,0.0,309.0,0.0
2024-12-05 16:00:00,880.0301105521071,0.0,301.0,0.0
2024-12-05 16:30:00,794.2618993944179,0.0,286.0,0.0
2024-12-05 17:00:00,931.199761026834,0.0,288.0,0.0
2024-12-05 17:30:00,861.8166258012182,0.0,298.0,0.0
2024-12-05 18:00:00,791.675681596838,0.0,276.0,0.0
2024-12-05 18:30:00,602.0777709431652,0.0,179.0,0.0
2024-12-05 19:00:00,585.7077348036041,0.0,201.0,0.0
2024-12-05 19:30:00,603.5866255689515,0.0,200.00000000000003,0.0
2024-12-05 20:00:00,598.4071825705687,0.0,180.0,0.0
2024-12-05 20:30:00,457.62351326396373,0.0,144.0,0.0
2024-12-05 21:00:00,528.1792365104715,0.0,182.0,0.0
2024-12-05 21:30:00,540.1016258951593,0.0,199.0,0.0
2024-12-05 22:00:00,623.926877503434,0.0,206.0,0.0
2024-12-05 22:30:00,610.5044376490932,0.0,230.0,0.0
2024-12-05 23:00:00,676.720057078435,0.0,232.00000000000003,0.0
2024-12-05 23:30:00,670.2207937459186,0.0,225.0,0.0
2024-12-06 00:00:00,693.7555767926062,0.0,232.00000000000003,0.0
2024-12-06 00:30:00,679.9135147527325,0.0,228.0,0.0
2024-12-06 01:00:00,665.9758260448594,0.0,223.0,0.0
2024-12-06 01:30:00,657.5420000409595,0.0,219.0,0.0
2024-12-06 02:00:00,625.8344818072691,0.0,219.0,0.0
2024-12-06 02:30:00,623.0798440845186,0.0,203.0,0.0
2024-12-06 03:00:00,762.026873152118,0.0,226.0,0.0
2024-12-06 03:30:00,682.7103931071294,0.0,213.99999999999997,0.0
2024-12-06 04:00:00,638.4387386818618,0.0,217.0,0.0
2024-12-06 04:30:00,615.5588359328653,0.0,203.0,0.0
2024-12-06 05:00:00,550.9340360070311,0.0,206.0,0.0
2024-12-06 05:30:00,629.7432682327126,0.0,195.99999999999997,0.0
2024-12-06 06:00:00,617.2374593749893,0.0,196.0,0.0
2024-12-06 06:30:00,578.6849247098093,0.0,194.0,0.0
2024-12-06 07:00:00,577.7524154472782,0.0,202.0,0.0
2024-12-06 07:30:00,614.0556103636627,0.0,215.0,0.0
2024-12-06 08:00:00,713.2641526261821,0.0,234.0,0.0
2024-12-06 08:30:00,817.5714907943499,0.0,264.0,0.0
2024-12-06 09:00:00,899.3186638612652,0.0,293.0,0.0
2024-12-06 09:30:00,909.4337995327578,0.0,310.0,0.0
2024-12-06 10:00:00,940.0446322379426,0.0,307.0,0.0
2024-12-06 10:30:00,927.2434299657955,0.0,311.0,0.0
2024-12-06 11:00:00,939.9827067112712,0.0,304.0,0.0
2024-12-06 11:30:00,803.8866497841797,0.0,300.0,0.0
2024-12-06 12:00:00,796.3017800615107,0.0,279.0,0.0
2024-12-06 12:30:00,878.4399993442372,0.0,305.0,0.0
2024-12-06 13:00:00,938.9050732482416,0.0,322.0,0.0
2024-12-06 13:30:00,971.3642366590512,0.0,390.0,0.0
2024-12-06 14:00:00,890.3084411433473,0.0,388.0,0.0
2024-12-06 14:30:00,885.4303616423546,0.0,393.0,0.0
2024-12-06 15:00:00,814.3542245661895,0.0,386.0,0.0
2024-12-06 15:30:00,951.7749153532536,0.0,388.0,0.0
2024-12-06 16:00:00,874.891327546602,0.0,382.0,0.0
2024-12-06 16:30:00,1003.4628917283062,0.0,377.0,0.0
2024-12-06 17:00:00,880.5366709877821,0.0,401.0,0.0
2024-12-06 17:30:00,975.9257902513015,0.0,404.0,0.0
2024-12-06 18:00:00,844.8527714922981,0.0,366.0,0.0
2024-12-06 18:30:00,594.953628437282,0.0,247.0,0.0
2024-12-06 19:00:00,629.5231539836451,0.0,247.0,0.0
2024-12-06 19:30:00,643.2481121462149,0.0,241.0,0.0
2024-12-06 20:00:00,579.4396602548791,0.0,229.0,0.0
2024-12-06 20:30:00,522.783310242336,0.0,193.0,0.0
2024-12-06 21:00:00,530.3905884202038,0.0,195.0,0.0
2024-12-06 21:30:00,509.65639619720173,0.0,191.0,0.0
2024-12-06 22:00:00,617.8706599333392,0.0,264.0,0.0
2024-12-06 22:30:00,615.2594330612078,0.0,302.0,0.0
2024-12-06 23:00:00,642.3642859239276,0.0,310.0,0.0
2024-12-06 23:30:00,671.2778474264898,0.0,348.0,0.0
2024-12-07 00:00:00,638.2791636307159,0.0,193.0,0.0
2024-12-07 00:30:00,606.5895883365789,0.0,167.0,0.0
2024-12-07 01:00:00,629.2077625376381,0.0,179.0,0.0
2024-12-07 01:30:00,595.3808142194786,0.0,183.0,0.0
2024-12-07 02:00:00,669.1462170782628,0.0,167.0,0.0
2024-12-07 02:30:00,647.5257740709231,0.0,207.0,0.0
2024-12-07 03:00:00,614.4537620469818,0.0,214.0,0.0
2024-12-07 03:30:00,655.5849206395583,0.0,213.0,0.0
2024-12-07 04:00:00,597.9405507449153,0.0,212.99999999999997,0.0
2024-12-07 04:30:00,555.3172004925115,0.0,212.0,0.0
2024-12-07 05:00:00,630.9983652676655,0.0,203.0,0.0
2024-12-07 05:30:00,567.8399895693587,0.0,205.0,0.0
2024-12-07 06:00:00,602.6227483565278,0.0,204.0,0.0
2024-12-07 06:30:00,611.8818179210139,0.0,202.99999999999997,0.0
2024-12-07 07:00:00,648.2781834280373,0.0,208.99999999999997,0.0
2024-12-07 07:30:00,678.3235767646468,0.0,224.0,0.0
2024-12-07 08:00:00,704.9147422010885,0.0,240.0,0.0
2024-12-07 08:30:00,776.3543897609868,0.0,251.0,0.0
2024-12-07 09:00:00,788.7701503251964,0.0,269.0,0.0
2024-12-07 09:30:00,825.3668854740756,0.0,265.0,0.0
2024-12-07 10:00:00,757.6066510268674,0.0,271.0,0.0
2024-12-07 10:30:00,899.1195798877845,0.0,284.0,0.0
2024-12-07 11:00:00,753.6238656444142,0.0,272.0,0.0
2024-12-07 11:30:00,807.9775117888879,0.0,274.0,0.0
2024-12-07 12:00:00,726.8078788564239,0.0,256.0,0.0
2024-12-07 12:30:00,785.5925808578291,0.0,276.0,0.0
2024-12-07 13:00:00,806.1008697167721,0.0,278.0,0.0
2024-12-07 13:30:00,794.7576806928723,0.0,301.0,0.0
2024-12-07 14:00:00,862.0086314520807,0.0,317.0,0.0
2024-12-07 14:30:00,841.4593091650682,0.0,341.0,0.0
2024-12-07 15:00:00,813.719809777629,0.0,364.0,0.0
2024-12-07 15:30:00,827.436312616581,0.0,360.0,0.0
2024-12-07 16:00:00,868.2040442004436,0.0,357.0,0.0
2024-12-07 16:30:00,799.1370451591323,0.0,337.0,0.0
2024-12-07 17:00:00,742.1327816331756,0.0,353.0,0.0
2024-12-07 17:30:00,787.6111909179566,0.0,366.0,0.0
2024-12-07 18:00:00,771.5105551578458,0.0,341.0,0.0
2024-12-07 18:30:00,487.68701676779386,0.0,206.0,0.0
2024-12-07 19:00:00,420.6246809255717,0.0,193.0,0.0
2024-12-07 19:30:00,478.86909255460756,0.0,198.0,0.0
2024-12-07 20:00:00,476.6007080696111,0.0,210.0,0.0
2024-12-07 20:30:00,621.1130695917817,0.0,242.0,0.0
2024-12-07 21:00:00,639.7797535053631,0.0,267.0,0.0
2024-12-07 21:30:00,580.6084208047298,0.0,266.0,0.0
2024-12-07 22:00:00,592.4807250511699,0.0,265.0,0.0
2024-12-07 22:30:00,592.9049733903965,0.0,269.0,0.0
2024-12-07 23:00:00,604.5543831184143,0.0,263.0,0.0
2024-12-07 23:30:00,589.7631202544119,0.0,262.0,0.0
2024-12-08 00:00:00,63.37282406410186,0.0,22.0,0.0
2024-12-08 00:30:00,68.70916400009465,0.0,22.0,0.0
2024-12-08 01:00:00,67.94619627074411,0.0,23.0,0.0
2024-12-08 01:30:00,65.61779693212796,0.0,24.0,0.0
2024-12-08 02:00:00,61.26937940803838,0.0,23.0,0.0
2024-12-08 02:30:00,61.075486452305014,0.0,23.0,0.0
2024-12-08 03:00:00,67.83315466591063,0.0,20.0,0.0
2024-12-08 03:30:00,60.48351488611006,0.0,23.0,0.0
2024-12-08 04:00:00,61.10590551994129,0.0,20.0,0.0
2024-12-08 04:30:00,61.856562194191284,0.0,20.0,0.0
2024-12-08 05:00:00,59.814198746793714,0.0,18.0,0.0
2024-12-08 05:30:00,59.5770889942854,0.0,22.0,0.0
2024-12-08 06:00:00,57.43394394600961,0.0,20.0,0.0
2024-12-08 06:30:00,59.09971780300036,0.0,20.0,0.0
2024-12-08 07:00:00,58.60456066368094,0.0,21.0,0.0
2024-12-08 07:30:00,61.65843965668607,0.0,21.0,0.0
2024-12-08 08:00:00,56.81406392655079,0.0,23.0,0.0
2024-12-08 08:30:00,60.12302600075732,0.0,21.0,0.0
2024-12-08 09:00:00,61.08493853726857,0.0,22.0,0.0
2024-12-08 09:30:00,65.8274395583643,0.0,23.0,0.0
2024-12-08 10:00:00,61.63927260180343,0.0,22.0,0.0
2024-12-08 10:30:00,68.62120459206253,0.0,24.0,0.0
2024-12-08 11:00:00,60.56911133173088,0.0,23.0,0.0
2024-12-08 11:30:00,70.54278370221189,0.0,24.0,0.0
2024-12-08 12:00:00,66.61017080387896,0.0,24.999999999999996,0.0
2024-12-08 12:30:00,65.50237544919908,0.0,24.0,0.0
2024-12-08 13:00:00,65.27691856898434,0.0,25.0,0.0
2024-12-08 13:30:00,63.468638708734154,0.0,26.0,0.0
2024-12-08 14:00:00,61.08664910986312,0.0,24.0,0.0
2024-12-08 14:30:00,65.04105208228077,0.0,25.0,0.0
2024-12-08 15:00:00,69.60692315885656,0.0,24.0,0.0
2024-12-08 15:30:00,64.36991765418794,0.0,26.0,0.0
2024-12-08 16:00:00,61.4805706451666,0.0,24.0,0.0
2024-12-08 16:30:00,63.610994384288496,0.0,25.0,0.0
2024-12-08 17:00:00,63.435449051191036,0.0,23.0,0.0
2024-12-08 17:30:00,63.56264904590994,0.0,24.0,0.0
2024-12-08 18:00:00,63.28947608724679,0.0,27.0,0.0
2024-12-08 18:30:00,65.95825350121869,0.0,27.0,0.0
2024-12-08 19:00:00,65.59644845038844,0.0,25.0,0.0
2024-12-08 19:30:00,72.24393340519315,0.0,24.0,0.0
2024-12-08 20:00:00,58.52467019631506,0.0,24.0,0.0
2024-12-08 20:30:00,62.85013308953581,0.0,24.0,0.0
2024-12-08 21:00:00,68.9673525433231,0.0,25.0,0.0
2024-12-08 21:30:00,64.16941551943134,0.0,23.0,0.0
2024-12-08 22:00:00,69.50814051753764,0.0,24.0,0.0
2024-12-08 22:30:00,66.33995339106697,0.0,25.0,0.0
2024-12-08 23:00:00,70.84452742155081,0.0,22.0,0.0
2024-12-08 23:30:00,68.0521439124583,0.0,24.0,0.0
2024-12-09 00:00:00,63.795631386747374,0.0,25.0,0.0
2024-12-09 00:30:00,59.6226250891849,0.0,22.0,0.0
2024-12-09 01:00:00,67.37856105514777,0.0,25.0,0.0
2024-12-09 01:30:00,67.01695130490289,0.0,26.0,0.0
2024-12-09 02:00:00,55.1072143687591,0.0,23.0,0.0
2024-12-09 02:30:00,65.63762903773564,0.0,27.0,0.0
2024-12-09 03:00:00,68.28876320300985,0.0,25.0,0.0
2024-12-09 03:30:00,76.01831341488861,0.0,22.0,0.0
2024-12-09 04:00:00,78.97336632443947,0.0,25.0,0.0
2024-12-09 04:30:00,72.15864820130874,0.0,24.0,0.0
2024-12-09 05:00:00,64.03972067822652,0.0,21.0,0.0
2024-12-09 05:30:00,65.60400573016754,0.0,22.0,0.0
2024-12-09 06:00:00,66.81357537951544,0.0,22.0,0.0
2024-12-09 06:30:00,66.66973311875677,0.0,24.0,0.0
2024-12-09 07:00:00,67.946609251462,0.0,23.0,0.0
2024-12-09 07:30:00,62.98926141049592,0.0,23.0,0.0
2024-12-09 08:00:00,65.11998212147337,0.0,24.0,0.0
2024-12-09 08:30:00,61.54423624072622,0.0,22.0,0.0
2024-12-09 09:00:00,56.37305335670537,0.0,22.0,0.0
2024-12-09 09:30:00,64.21604030729549,0.0,22.0,0.0
2024-12-09 10:00:00,62.13013368439963,0.0,23.0,0.0
2024-12-09 10:30:00,63.27402758890374,0.0,21.0,0.0
2024-12-09 11:00:00,58.75468057178474,0.0,22.0,0.0
2024-12-09 11:30:00,67.2681875255423,0.0,22.0,0.0
2024-12-09 12:00:00,63.93332095097966,0.0,21.0,0.0
2024-12-09 12:30:00,59.885065445144654,0.0,21.0,0.0
2024-12-09 13:00:00,56.983930546711676,0.0,22.0,0.0
2024-12-09 13:30:00,62.999611543781995,0.0,21.0,0.0
2024-12-09 14:00:00,57.412823402090005,0.0,20.0,0.0
2024-12-09 14:30:00,66.5392194613035,0.0,21.0,0.0
2024-12-09 15:00:00,57.947130434640904,0.0,20.0,0.0
2024-12-09 15:30:00,69.17980910851887,0.0,21.0,0.0
2024-12-09 16:00:00,59.22860785641765,0.0,23.0,0.0
2024-12-09 16:30:00,64.5048519126639,0.0,21.0,0.0
2024-12-09 17:00:00,58.52746947626104,0.0,21.0,0.0
2024-12-09 17:30:00,61.79814790057367,0.0,21.0,0.0
2024-12-09 18:00:00,60.14653031352311,0.0,20.0,0.0
2024-12-09 18:30:00,63.78383212098001,0.0,22.0,0.0
2024-12-09 19:00:00,65.13805178050188,0.0,19.0,0.0
2024-12-09 19:30:00,60.23517358160757,0.0,21.0,0.0
2024-12-09 20:00:00,63.970114667526644,0.0,19.0,0.0
2024-12-09 20:30:00,70.79963073522558,0.0,21.0,0.0
2024-12-09 21:00:00,64.29008866827246,0.0,22.0,0.0
2024-12-09 21:30:00,65.5235432796621,0.0,20.0,0.0
2024-12-09 22:00:00,67.8482803775623,0.0,22.0,0.0
2024-12-09 22:30:00,66.33588469191069,0.0,22.0,0.0
2024-12-09 23:00:00,64.95343539988431,0.0,22.0,0.0
2024-12-09 23:30:00,64.95481466719605,0.0,21.0,0.0
2024-12-10 00:00:00,662.1642987400139,0.0,173.00000000000003,0.0
2024-12-10 00:30:00,596.133440640585,0.0,161.0,0.0
2024-12-10 01:00:00,631.1291614204271,0.0,157.0,0.0
2024-12-10 01:30:00,619.6103567349717,0.0,173.0,0.0
2024-12-10 02:00:00,693.4339985065251,0.0,179.0,0.0
2024-12-10 02:30:00,633.4011461016156,0.0,181.0,0.0
2024-12-10 03:00:00,692.0067270271975,0.0,175.0,0.0
2024-12-10 03:30:00,615.6526713904133,0.0,172.0,0.0
2024-12-10 04:00:00,630.5678743762618,0.0,174.0,0.0
2024-12-10 04:30:00,723.5338575215083,0.0,180.99999999999997,0.0
2024-12-10 05:00:00,661.132919262557,0.0,181.0,0.0
2024-12-10 05:30:00,726.807019544885,0.0,182.99999999999997,0.0
2024-12-10 06:00:00,640.9964342256045,0.0,175.0,0.0
2024-12-10 06:30:00,624.3423177711009,0.0,166.0,0.0
2024-12-10 07:00:00,707.3391751437283,0.0,173.0,0.0
2024-12-10 07:30:00,645.8480645766754,0.0,189.99999999999997,0.0
2024-12-10 08:00:00,701.8051937318016,0.0,228.0,0.0
2024-12-10 08:30:00,766.9313809431422,0.0,233.0,0.0
2024-12-10 09:00:00,868.9166830401324,0.0,290.0,0.0
2024-12-10 09:30:00,808.3022109390113,0.0,314.0,0.0
2024-12-10 10:00:00,913.3761404132428,0.0,315.0,0.0
2024-12-10 10:30:00,922.3265119034694,0.0,318.0,0.0
2024-12-10 11:00:00,941.7095710056801,0.0,309.0,0.0
2024-12-10 11:30:00,880.6693621929907,0.0,296.0,0.0
2024-12-10 12:00:00,786.2967077702641,0.0,262.0,0.0
2024-12-10 12:30:00,855.0701687929784,0.0,282.0,0.0
2024-12-10 13:00:00,811.1634722503906,0.0,290.0,0.0
2024-12-10 13:30:00,781.2845589357859,0.0,290.0,0.0
2024-12-10 14:00:00,766.8488830474228,0.0,286.0,0.0
2024-12-10 14:30:00,775.9623846165167,0.0,283.0,0.0
2024-12-10 15:00:00,801.9898317206969,0.0,283.0,0.0
2024-12-10 15:30:00,814.5865431343956,0.0,304.0,0.0
2024-12-10 16:00:00,738.816850845524,0.0,356.0,0.0
2024-12-10 16:30:00,774.4239933273907,0.0,336.0,0.0
2024-12-10 17:00:00,781.1948033395066,0.0,345.0,0.0
2024-12-10 17:30:00,804.4566385044906,0.0,349.0,0.0
2024-12-10 18:00:00,856.2483005401915,0.0,358.0,0.0
2024-12-10 18:30:00,787.3212304965074,0.0,356.0,0.0
2024-12-10 19:00:00,742.7325467367062,0.0,380.0,0.0
2024-12-10 19:30:00,725.2040857056717,0.0,379.99999999999994,0.0
2024-12-10 20:00:00,771.3979516170526,0.0,352.0,0.0
2024-12-10 20:30:00,656.1903035699247,0.0,338.99999999999994,0.0
2024-12-10 21:00:00,705.5077581978251,0.0,338.0,0.0
2024-12-10 21:30:00,726.5921961069844,0.0,343.0,0.0
2024-12-10 22:00:00,639.3686178821835,0.0,342.0,0.0
2024-12-10 22:30:00,687.8771222639863,0.0,320.0,0.0
2024-12-10 23:00:00,683.3867162598413,0.0,312.0,0.0
2024-12-10 23:30:00,666.3666037293607,0.0,312.0,0.0
2024-12-11 00:00:00,539.8104495997247,0.0,264.0,0.0
2024-12-11 00:30:00,490.58139402847956,0.0,245.0,0.0
2024-12-11 01:00:00,547.2520964259389,0.0,256.0,0.0
2024-12-11 01:30:00,516.520869573221,0.0,261.99999999999994,0.0
2024-12-11 02:00:00,588.6476912111181,0.0,257.0,0.0
2024-12-11 02:30:00,532.151003560613,0.0,265.0,0.0
2024-12-11 03:00:00,503.7431964449367,0.0,257.0,0.0
2024-12-11 03:30:00,505.0178513728946,0.0,259.0,0.0
2024-12-11 04:00:00,561.6374419814574,0.0,253.0,0.0
2024-12-11 04:30:00,515.4939926409583,0.0,252.0,0.0
2024-12-11 05:00:00,483.9830539106557,0.0,250.00000000000003,0.0
2024-12-11 05:30:00,539.5272561936895,0.0,247.0,0.0
2024-12-11 06:00:00,507.6479092549043,0.0,247.0,0.0
2024-12-11 06:30:00,525.2371115872762,0.0,238.0,0.0
2024-12-11 07:00:00,546.7741778920611,0.0,245.0,0.0
2024-12-11 07:30:00,565.2723179255211,0.0,266.0,0.0
2024-12-11 08:00:00,659.5370768955374,0.0,287.0,0.0
2024-12-11 08:30:00,663.5563248240875,0.0,336.0,0.0
2024-12-11 09:00:00,729.3782663378647,0.0,384.0,0.0
2024-12-11 09:30:00,789.4460950159154,0.0,289.0,0.0
2024-12-11 10:00:00,900.9987373968852,0.0,283.0,0.0
2024-12-11 10:30:00,886.524760459057,0.0,284.0,0.0
2024-12-11 11:00:00,875.1993702494314,0.0,289.0,0.0
2024-12-11 11:30:00,791.4549465258017,0.0,291.0,0.0
2024-12-11 12:00:00,759.3350257565016,0.0,264.0,0.0
2024-12-11 12:30:00,752.4598471807724,0.0,278.0,0.0
2024-12-11 13:00:00,734.457424339082,0.0,282.0,0.0
2024-12-11 13:30:00,835.1420229249226,0.0,282.0,0.0
2024-12-11 14:00:00,750.2429434890429,0.0,266.0,0.0
2024-12-11 14:30:00,789.3746378452819,0.0,276.0,0.0
2024-12-11 15:00:00,855.0737601497684,0.0,279.0,0.0
2024-12-11 15:30:00,749.3382658131276,0.0,285.0,0.0
2024-12-11 16:00:00,804.7327294533518,0.0,271.0,0.0
2024-12-11 16:30:00,733.5926019536613,0.0,260.0,0.0
2024-12-11 17:00:00,787.9081138163962,0.0,271.0,0.0
2024-12-11 17:30:00,782.8914126747068,0.0,280.0,0.0
2024-12-11 18:00:00,782.7096283416864,0.0,280.0,0.0
2024-12-11 18:30:00,777.9770041949603,0.0,267.0,0.0
2024-12-11 19:00:00,757.9921843886832,0.0,261.0,0.0
2024-12-11 19:30:00,749.2138555415843,0.0,245.0,0.0
2024-12-11 20:00:00,718.677743620728,0.0,220.99999999999997,0.0
2024-12-11 20:30:00,578.3991765863747,0.0,179.0,0.0
2024-12-11 21:00:00,615.1324085028397,0.0,180.0,0.0
2024-12-11 21:30:00,577.088267508995,0.0,176.0,0.0
2024-12-11 22:00:00,571.8676903022354,0.0,174.00000000000003,0.0
2024-12-11 22:30:00,555.2235227536669,0.0,163.0,0.0
2024-12-11 23:00:00,554.762283502477,0.0,151.0,0.0
2024-12-11 23:30:00,596.9153572370958,0.0,144.0,0.0
2024-12-12 00:00:00,598.6092461408005,0.0,256.0,0.0
2024-12-12 00:30:00,532.1751425374072,0.0,221.0,0.0
2024-12-12 01:00:00,581.0470392399507,0.0,231.0,0.0
2024-12-12 01:30:00,529.4628417535981,0.0,248.0,0.0
2024-12-12 02:00:00,550.8400242794144,0.0,248.0,0.0
2024-12-12 02:30:00,632.3019519214,0.0,246.99999999999997,0.0
2024-12-12 03:00:00,607.8329158252117,0.0,249.0,0.0
2024-12-12 03:30:00,578.5604771075713,0.0,245.0,0.0
2024-12-12 04:00:00,565.9603041989669,0.0,248.0,0.0
2024-12-12 04:30:00,572.8066228676277,0.0,255.0,0.0
2024-12-12 05:00:00,618.6297699995861,0.0,248.0,0.0
2024-12-12 05:30:00,598.1236124514146,0.0,236.0,0.0
2024-12-12 06:00:00,627.1367129176326,0.0,238.0,0.0
2024-12-12 06:30:00,559.2652287664279,0.0,223.0,0.0
2024-12-12 07:00:00,573.0174683019496,0.0,208.0,0.0
2024-12-12 07:30:00,602.8077611731545,0.0,264.0,0.0
2024-12-12 08:00:00,634.1726613198049,0.0,241.0,0.0
2024-12-12 08:30:00,787.97204534212,0.0,321.0,0.0
2024-12-12 09:00:00,776.1189346214969,0.0,334.0,0.0
2024-12-12 09:30:00,783.1312413191325,0.0,336.0,0.0
2024-12-12 10:00:00,816.7352287572237,0.0,330.0,0.0
2024-12-12 10:30:00,830.7303565476329,0.0,314.0,0.0
2024-12-12 11:00:00,765.9923153365849,0.0,311.0,0.0
2024-12-12 11:30:00,822.6357115448059,0.0,313.0,0.0
2024-12-12 12:00:00,764.9170969893042,0.0,300.0,0.0
2024-12-12 12:30:00,796.5457861415767,0.0,315.0,0.0
2024-12-12 13:00:00,721.1439063308152,0.0,319.0,0.0
2024-12-12 13:30:00,762.3103944581708,0.0,375.0,0.0
2024-12-12 14:00:00,798.3627502117733,0.0,395.0,0.0
2024-12-12 14:30:00,816.4885111038158,0.0,284.0,0.0
2024-12-12 15:00:00,838.4956318813378,0.0,289.0,0.0
2024-12-12 15:30:00,808.6247577588758,0.0,289.0,0.0
2024-12-12 16:00:00,838.8260702789622,0.0,289.0,0.0
2024-12-12 16:30:00,755.2506287989348,0.0,268.0,0.0
2024-12-12 17:00:00,829.9640185746583,0.0,278.0,0.0
2024-12-12 17:30:00,842.3556740616939,0.0,281.0,0.0
2024-12-12 18:00:00,851.0857495982591,0.0,296.0,0.0
2024-12-12 18:30:00,777.4205636797766,0.0,277.0,0.0
2024-12-12 19:00:00,804.8576047272597,0.0,276.0,0.0
2024-12-12 19:30:00,735.8483120258048,0.0,265.0,0.0
2024-12-12 20:00:00,722.4954181961647,0.0,235.0,0.0
2024-12-12 20:30:00,623.6925833794983,0.0,203.0,0.0
2024-12-12 21:00:00,577.2727052110192,0.0,205.0,0.0
2024-12-12 21:30:00,629.0406520030609,0.0,204.0,0.0
2024-12-12 22:00:00,567.8232713489033,0.0,206.0,0.0
2024-12-12 22:30:00,586.927586082292,0.0,204.0,0.0
2024-12-12 23:00:00,607.8259896558094,0.0,204.0,0.0
2024-12-12 23:30:00,570.2931259604075,0.0,194.0,0.0
2024-12-13 00:00:00,610.392655282226,0.0,198.99999999999997,0.0
2024-12-13 00:30:00,514.777047639578,0.0,180.0,0.0
2024-12-13 01:00:00,588.9569382837335,0.0,178.0,0.0
2024-12-13 01:30:00,647.9734315149572,0.0,170.0,0.0
2024-12-13 02:00:00,594.6577902638029,0.0,170.0,0.0
2024-12-13 02:30:00,603.0595155450221,0.0,171.0,0.0
2024-12-13 03:00:00,559.2688170315496,0.0,187.0,0.0
2024-12-13 03:30:00,572.4565710154401,0.0,187.0,0.0
2024-12-13 04:00:00,680.094628387159,0.0,196.0,0.0
2024-12-13 04:30:00,660.7018061088803,0.0,194.00000000000003,0.0
2024-12-13 05:00:00,592.0108648988163,0.0,191.0,0.0
2024-12-13 05:30:00,596.9851283193217,0.0,181.00000000000003,0.0
2024-12-13 06:00:00,618.4565908820136,0.0,181.0,0.0
2024-12-13 06:30:00,552.8338446745913,0.0,172.0,0.0
2024-12-13 07:00:00,531.7235606738236,0.0,173.0,0.0
2024-12-13 07:30:00,558.0420486428784,0.0,160.0,0.0
2024-12-13 08:00:00,380.03779796902626,0.0,92.0,0.0
2024-12-13 08:30:00,126.12512608334598,0.0,7.999999999999999,3.9999999999999996
2024-12-13 09:00:00,75.69361075997581,0.0,0.0,15.0
2024-12-13 09:30:00,97.61857497066117,0.0,12.0,10.0
2024-12-13 10:00:00,143.4942302629019,0.0,24.999999999999996,0.0
2024-12-13 10:30:00,143.09319070661041,0.0,26.0,0.0
2024-12-13 11:00:00,143.43174940236372,0.0,26.0,0.0
2024-12-13 11:30:00,141.56491419298138,0.0,26.0,0.0
2024-12-13 12:00:00,136.45987763763338,0.0,23.0,0.0
2024-12-13 12:30:00,117.33008575182438,0.0,23.0,0.0
2024-12-13 13:00:00,149.31786556914668,0.0,50.0,0.0
2024-12-13 13:30:00,143.44841060759222,0.0,65.0,0.0
2024-12-13 14:00:00,132.4613908599638,0.0,66.0,0.0
2024-12-13 14:30:00,142.4520500415236,0.0,63.00000000000001,0.0
2024-12-13 15:00:00,136.04765315288375,0.0,60.0,0.0
2024-12-13 15:30:00,135.2853202658699,0.0,60.0,0.0
2024-12-13 16:00:00,132.87102351831228,0.0,61.0,0.0
2024-12-13 16:30:00,142.89596222871447,0.0,61.00000000000001,0.0
2024-12-13 17:00:00,134.53563623438598,0.0,64.0,0.0
2024-12-13 17:30:00,133.38073445494473,0.0,65.0,0.0
2024-12-13 18:00:00,103.54554957196937,0.0,33.0,0.0
2024-12-13 18:30:00,81.58372411740015,0.0,18.0,0.0
2024-12-13 19:00:00,78.79462651812092,0.0,17.0,0.0
2024-12-13 19:30:00,86.18411306095231,0.0,17.0,0.0
2024-12-13 20:00:00,85.25594264926836,0.0,22.0,0.0
2024-12-13 20:30:00,87.09250500316753,0.0,21.999999999999996,0.0
2024-12-13 21:00:00,92.53314448412696,0.0,25.0,0.0
2024-12-13 21:30:00,83.21146976809334,0.0,22.0,0.0
2024-12-13 22:00:00,95.12004991599768,0.0,24.0,0.0
2024-12-13 22:30:00,76.38058121850915,0.0,26.0,0.0
2024-12-13 23:00:00,81.75345256242419,0.0,28.0,0.0
2024-12-13 23:30:00,80.54292024125165,0.0,27.000000000000004,0.0
2024-12-14 00:00:00,83.67192635735258,0.0,25.0,0.0
2024-12-14 00:30:00,83.44961183608879,0.0,25.0,0.0
2024-12-14 01:00:00,76.49470243662796,0.0,22.0,0.0
2024-12-14 01:30:00,69.27864375529907,0.0,21.0,0.0
2024-12-14 02:00:00,67.183120661961,0.0,17.000000000000004,0.0
2024-12-14 02:30:00,68.49027897618517,0.0,18.0,0.0
2024-12-14 03:00:00,76.11196017517636,0.0,19.0,0.0
2024-12-14 03:30:00,76.31670969859171,0.0,18.0,0.0
2024-12-14 04:00:00,73.23030741959246,0.0,19.999999999999996,0.0
2024-12-14 04:30:00,70.45588128213367,0.0,18.0,0.0
2024-12-14 05:00:00,78.13562426089273,0.0,21.0,0.0
2024-12-14 05:30:00,68.03964244432605,0.0,19.0,0.0
2024-12-14 06:00:00,70.7428326997741,0.0,20.0,0.0
2024-12-14 06:30:00,73.1960293803765,0.0,20.0,0.0
2024-12-14 07:00:00,67.51603945788166,0.0,20.0,0.0
2024-12-14 07:30:00,67.36765442377964,0.0,21.0,0.0
2024-12-14 08:00:00,68.04193382062614,0.0,20.0,0.0
2024-12-14 08:30:00,104.94196159434162,0.0,19.0,0.0
2024-12-14 09:00:00,188.98950339734031,0.0,77.0,0.0
2024-12-14 09:30:00,248.37745816336107,0.0,100.0,0.0
2024-12-14 10:00:00,237.84689315178622,0.0,100.0,0.0
2024-12-14 10:30:00,236.70133904400677,0.0,101.0,0.0
2024-12-14 11:00:00,244.04130677040746,0.0,108.0,0.0
2024-12-14 11:30:00,240.16586181325852,0.0,108.0,0.0
2024-12-14 12:00:00,243.81137953114853,0.0,109.0,0.0
2024-12-14 12:30:00,248.06160526514367,0.0,111.0,0.0
2024-12-14 13:00:00,220.83212313475255,0.0,110.99999999999999,0.0
2024-12-14 13:30:00,225.20476290420294,0.0,110.0,0.0
2024-12-14 14:00:00,225.25175341369803,0.0,111.0,0.0
2024-12-14 14:30:00,219.89218130723958,0.0,109.0,0.0
2024-12-14 15:00:00,223.29998958810592,0.0,114.00000000000001,0.0
2024-12-14 15:30:00,236.0246509821856,0.0,113.0,0.0
2024-12-14 16:00:00,207.2302728225958,0.0,110.0,0.0
2024-12-14 16:30:00,244.1992737240353,0.0,109.0,0.0
2024-12-14 17:00:00,227.91405799399473,0.0,108.0,0.0
2024-12-14 17:30:00,225.20566205280463,0.0,110.0,0.0
2024-12-14 18:00:00,173.6554267450044,0.0,70.0,0.0
2024-12-14 18:30:00,119.10844274597126,0.0,46.0,0.0
2024-12-14 19:00:00,69.20453587529407,0.0,24.0,0.0
2024-12-14 19:30:00,69.70641037889719,0.0,24.0,0.0
2024-12-14 20:00:00,76.46359965653353,0.0,27.000000000000004,0.0
2024-12-14 20:30:00,86.21218754031003,0.0,32.0,0.0
2024-12-14 21:00:00,78.9658398434269,0.0,29.0,0.0
2024-12-14 21:30:00,83.81245798060517,0.0,31.0,0.0
2024-12-14 22:00:00,72.5736362631673,0.0,31.0,0.0
2024-12-14 22:30:00,79.77189818956666,0.0,30.0,0.0
2024-12-14 23:00:00,87.12393740508918,0.0,32.0,0.0
2024-12-14 23:30:00,80.64465976750306,0.0,29.999999999999996,0.0
2024-12-15 00:00:00,77.9501849325743,0.0,24.0,0.0
2024-12-15 00:30:00,79.55974424695225,0.0,24.0,0.0
2024-12-15 01:00:00,71.1645606895436,0.0,23.0,0.0
2024-12-15 01:30:00,76.48992805008082,0.0,24.0,0.0
2024-12-15 02:00:00,77.40196663863976,0.0,21.0,0.0
2024-12-15 02:30:00,69.42000353556482,0.0,25.0,0.0
2024-12-15 03:00:00,73.47235598309273,0.0,22.0,0.0
2024-12-15 03:30:00,82.73181538615191,0.0,26.000000000000004,0.0
2024-12-15 04:00:00,77.54247345999856,0.0,23.999999999999996,0.0
2024-12-15 04:30:00,68.40276517658798,0.0,24.0,0.0
2024-12-15 05:00:00,78.95617342533717,0.0,26.0,0.0
2024-12-15 05:30:00,71.69542817829371,0.0,23.0,0.0
2024-12-15 06:00:00,79.08217508681453,0.0,26.0,0.0
2024-12-15 06:30:00,72.85632149461527,0.0,25.0,0.0
2024-12-15 07:00:00,75.25990858723365,0.0,26.0,0.0
2024-12-15 07:30:00,70.57086992119073,0.0,25.0,0.0
2024-12-15 08:00:00,66.6505215321647,0.0,25.0,0.0
2024-12-15 08:30:00,65.70202573200687,0.0,25.0,0.0
2024-12-15 09:00:00,64.92612395297665,0.0,23.0,0.0
2024-12-15 09:30:00,62.722884112308826,0.0,25.0,0.0
2024-12-15 10:00:00,68.27487777191942,0.0,23.0,0.0
2024-12-15 10:30:00,68.21263929042512,0.0,24.0,0.0
2024-12-15 11:00:00,61.25371479588497,0.0,23.0,0.0
2024-12-15 11:30:00,72.0057041444926,0.0,23.0,0.0
2024-12-15 12:00:00,67.02397040840815,0.0,22.999999999999996,0.0
2024-12-15 12:30:00,70.14277137650473,0.0,25.0,0.0
2024-12-15 13:00:00,72.23991005698953,0.0,26.0,0.0
2024-12-15 13:30:00,70.72195476117038,0.0,24.0,0.0
2024-12-15 14:00:00,74.67083674305006,0.0,26.0,0.0
2024-12-15 14:30:00,69.52525339765931,0.0,26.0,0.0
2024-12-15 15:00:00,73.17877983468387,0.0,24.0,0.0
2024-12-15 15:30:00,70.00765474535167,0.0,25.0,0.0
2024-12-15 16:00:00,71.34605668385878,0.0,26.0,0.0
2024-12-15 16:30:00,70.9842258921639,0.0,26.0,0.0
2024-12-15 17:00:00,72.85570501581167,0.0,24.0,0.0
2024-12-15 17:30:00,72.08979364761278,0.0,26.0,0.0
2024-12-15 18:00:00,71.87217535986132,0.0,26.0,0.0
2024-12-15 18:30:00,76.8348111023646,0.0,30.0,0.0
2024-12-15 19:00:00,78.20496374142826,0.0,27.0,0.0
2024-12-15 19:30:00,74.47764732158224,0.0,28.0,0.0
2024-12-15 20:00:00,68.70475107799066,0.0,24.0,0.0
2024-12-15 20:30:00,66.55513260433409,0.0,26.0,0.0
2024-12-15 21:00:00,68.71054548984588,0.0,26.0,0.0
2024-12-15 21:30:00,80.79636837708485,0.0,25.0,0.0
2024-12-15 22:00:00,72.03519307037871,0.0,27.0,0.0
2024-12-15 22:30:00,79.42194704715146,0.0,23.0,0.0
2024-12-15 23:00:00,75.98134773470338,0.0,25.000000000000004,0.0
2024-12-15 23:30:00,73.31713927048732,0.0,25.0,0.0
2024-12-16 00:00:00,79.81524136600903,0.0,23.000000000000004,0.0
2024-12-16 00:30:00,77.85357206478425,0.0,22.02127659574468,0.0
2024-12-16 01:00:00,69.77330715987641,0.0,21.04255319148936,0.0
2024-12-16 01:30:00,76.02337061544023,0.0,23.80851063829787,0.0
2024-12-16 02:00:00,71.31721483202651,0.0,23.085106382978722,0.0
2024-12-16 02:30:00,72.63402628237694,0.0,23.0,0.0
2024-12-16 03:00:00,75.85490930901844,0.0,24.74468085106383,0.0
2024-12-16 03:30:00,76.70981872735175,0.0,24.148936170212767,0.0
2024-12-16 04:00:00,75.76601633554151,0.0,23.170212765957448,0.0
2024-12-16 04:30:00,73.58722369669084,0.0,22.999999999999996,0.0
2024-12-16 05:00:00,81.75929671512085,0.0,24.574468085106382,0.0
2024-12-16 05:30:00,71.19643600593277,0.0,23.46808510638298,0.0
2024-12-16 06:00:00,66.02114900059375,0.0,23.0,0.0
2024-12-16 06:30:00,65.82083102584089,0.0,22.999999999999996,0.0
2024-12-16 07:00:00,74.28270478252662,0.0,22.29787234042554,0.0
2024-12-16 07:30:00,67.67240371425142,0.0,22.0,0.0
2024-12-16 08:00:00,68.80929698261332,0.0,22.659574468085104,0.0
2024-12-16 08:30:00,64.91345224740137,0.0,20.446808510638306,0.0
2024-12-16 09:00:00,64.17377776046075,0.0,19.617021276595743,0.0
2024-12-16 09:30:00,63.075964288503464,0.0,19.404255319148938,0.0
2024-12-16 10:00:00,66.63054700258745,0.0,19.0,0.0
2024-12-16 10:30:00,65.98353747339083,0.0,19.0,0.0
2024-12-16 11:00:00,66.96029517488019,0.0,19.53191489361702,0.0
2024-12-16 11:30:00,65.29002997087731,0.0,18.97872340425532,0.0
2024-12-16 12:00:00,64.24143305488636,0.0,18.97872340425532,0.0
2024-12-16 12:30:00,61.779509556491114,0.0,20.0,0.0
2024-12-16 13:00:00,60.277308157892904,0.0,19.5531914893617,0.0
2024-12-16 13:30:00,74.30014568379819,0.0,19.0,0.0
2024-12-16 14:00:00,70.51284341804173,0.0,19.0,0.0
2024-12-16 14:30:00,70.05981936710386,0.0,19.382978723404253,0.0
2024-12-16 15:00:00,62.760242340756506,0.0,19.276595744680854,0.0
2024-12-16 15:30:00,64.731615457223,0.0,18.340425531914892,0.0
2024-12-16 16:00:00,64.22322624700476,0.0,19.319148936170212,0.0
2024-12-16 16:30:00,62.911086357888465,0.0,20.297872340425528,0.0
2024-12-16 17:00:00,64.94129069962987,0.0,21.276595744680847,0.0
2024-12-16 17:30:00,71.83702717500442,0.0,21.489361702127663,0.0
2024-12-16 18:00:00,69.91937044568733,0.0,20.468085106382972,0.0
2024-12-16 18:30:00,64.8759406106405,0.0,21.361702127659584,0.0
2024-12-16 19:00:00,65.96044424521062,0.0,19.0,0.0
2024-12-16 19:30:00,70.9964359630744,0.0,18.65957446808511,0.0
2024-12-16 20:00:00,66.2567079946972,0.0,17.297872340425528,0.0
2024-12-16 20:30:00,71.69907577742666,0.0,19.0,0.0
2024-12-16 21:00:00,71.87136773740357,0.0,19.0,0.0
2024-12-16 21:30:00,71.28018546545394,0.0,19.085106382978722,0.0
2024-12-16 22:00:00,74.37063637489221,0.0,20.06382978723404,0.0
2024-12-16 22:30:00,70.10935494835462,0.0,20.95744680851064,0.0
2024-12-16 23:00:00,69.54888725693006,0.0,19.95744680851064,0.0
2024-12-16 23:30:00,66.56048332383524,0.0,18.0,0.0
2024-12-17 00:00:00,90.4689805831856,0.0,21.0,0.0
2024-12-17 00:30:00,86.16888483914855,0.0,23.0,0.0
2024-12-17 01:00:00,85.53906184400506,0.0,23.0,0.0
2024-12-17 01:30:00,88.94054451520536,0.0,21.0,0.0
2024-12-17 02:00:00,90.38047093889219,0.0,19.0,0.0
2024-12-17 02:30:00,94.88917907187795,0.0,23.0,0.0
2024-12-17 03:00:00,94.97648142219299,0.0,22.0,0.0
2024-12-17 03:30:00,102.7598089582629,0.0,23.0,0.0
2024-12-17 04:00:00,102.4017705248022,0.0,20.0,0.0
2024-12-17 04:30:00,92.53134777095099,0.0,21.0,0.0
2024-12-17 05:00:00,81.6273960810283,0.0,21.0,0.0
2024-12-17 05:30:00,79.70748467270136,0.0,20.0,0.0
2024-12-17 06:00:00,106.41264887392244,0.0,28.0,0.0
2024-12-17 06:30:00,93.96309427203758,0.0,20.0,0.0
2024-12-17 07:00:00,161.33222289549025,0.0,55.0,0.0
2024-12-17 07:30:00,309.70136653264314,0.0,163.0,0.0
2024-12-17 08:00:00,608.1893130418687,0.0,228.0,0.0
2024-12-17 08:30:00,816.8333742824534,0.0,287.0,0.0
2024-12-17 09:00:00,746.9934134819896,0.0,317.0,0.0
2024-12-17 09:30:00,865.6112877843226,0.0,295.0,0.0
2024-12-17 10:00:00,872.5112579073514,0.0,290.0,0.0
2024-12-17 10:30:00,792.4561653359182,0.0,301.0,0.0
2024-12-17 11:00:00,846.1716561864445,0.0,313.0,0.0
2024-12-17 11:30:00,800.8872952368863,0.0,302.0,0.0
2024-12-17 12:00:00,789.9903896889447,0.0,287.0,0.0
2024-12-17 12:30:00,827.6382477086655,0.0,310.0,0.0
2024-12-17 13:00:00,793.3325576051554,0.0,311.0,0.0
2024-12-17 13:30:00,747.4435558440866,0.0,312.0,0.0
2024-12-17 14:00:00,801.1940812180159,0.0,305.0,0.0
2024-12-17 14:30:00,880.5620600514804,0.0,305.0,0.0
2024-12-17 15:00:00,818.4807505164033,0.0,298.0,0.0
2024-12-17 15:30:00,837.677250637795,0.0,303.0,0.0
2024-12-17 16:00:00,781.1516696093597,0.0,290.0,0.0
2024-12-17 16:30:00,796.1900706780075,0.0,283.0,0.0
2024-12-17 17:00:00,845.5249965213479,0.0,282.0,0.0
2024-12-17 17:30:00,792.9214845695258,0.0,301.0,0.0
2024-12-17 18:00:00,790.9345384235719,0.0,282.0,0.0
2024-12-17 18:30:00,533.39199826258,0.0,170.0,0.0
2024-12-17 19:00:00,495.9978612464744,0.0,149.0,0.0
2024-12-17 19:30:00,458.83966752391785,0.0,137.0,0.0
2024-12-17 20:00:00,464.0517221686803,0.0,131.0,0.0
2024-12-17 20:30:00,451.65078685009564,0.0,112.0,0.0
2024-12-17 21:00:00,434.291730024038,0.0,112.0,0.0
2024-12-17 21:30:00,477.1990429138419,0.0,113.0,0.0
2024-12-17 22:00:00,542.3062508784064,0.0,149.0,0.0
2024-12-17 22:30:00,688.8173039693764,0.0,195.99999999999997,0.0
2024-12-17 23:00:00,631.9495140750489,0.0,197.00000000000003,0.0
2024-12-17 23:30:00,574.3224712019659,0.0,198.0,0.0
2024-12-18 00:00:00,624.7121467354724,0.0,229.99999999999997,0.0
2024-12-18 00:30:00,575.3781174620848,0.0,205.0,0.0
2024-12-18 01:00:00,584.340238890558,0.0,210.0,0.0
2024-12-18 01:30:00,634.635453408983,0.0,210.0,0.0
2024-12-18 02:00:00,554.8921594424369,0.0,210.0,0.0
2024-12-18 02:30:00,582.1197737249613,0.0,216.0,0.0
2024-12-18 03:00:00,607.8298226654442,0.0,212.99999999999997,0.0
2024-12-18 03:30:00,643.4138105552901,0.0,207.0,0.0
2024-12-18 04:00:00,594.2988770245383,0.0,210.0,0.0
2024-12-18 04:30:00,630.2465985730544,0.0,218.99999999999997,0.0
2024-12-18 05:00:00,620.2187017432905,0.0,217.99999999999997,0.0
2024-12-18 05:30:00,646.9803305850203,0.0,215.0,0.0
2024-12-18 06:00:00,561.2608118509065,0.0,213.0,0.0
2024-12-18 06:30:00,631.9906865230628,0.0,211.99999999999997,0.0
2024-12-18 07:00:00,608.3492281815182,0.0,214.0,0.0
2024-12-18 07:30:00,679.7867128078598,0.0,233.0,0.0
2024-12-18 08:00:00,659.7783341143614,0.0,251.00000000000003,0.0
2024-12-18 08:30:00,823.2228234951311,0.0,304.0,0.0
2024-12-18 09:00:00,810.2060292383464,0.0,315.0,0.0
2024-12-18 09:30:00,794.972085267126,0.0,315.0,0.0
2024-12-18 10:00:00,779.670798010759,0.0,310.0,0.0
2024-12-18 10:30:00,819.2930250543559,0.0,356.0,0.0
2024-12-18 11:00:00,852.2207642771323,0.0,358.0,0.0
2024-12-18 11:30:00,794.8742267506543,0.0,343.0,0.0
2024-12-18 12:00:00,809.614172145775,0.0,344.0,0.0
2024-12-18 12:30:00,750.9061564672381,0.0,360.0,0.0
2024-12-18 13:00:00,810.8295637345785,0.0,368.0,0.0
2024-12-18 13:30:00,870.4816051035084,0.0,364.0,0.0
2024-12-18 14:00:00,867.4435297565166,0.0,359.0,0.0
2024-12-18 14:30:00,863.5306302008179,0.0,366.0,0.0
2024-12-18 15:00:00,879.8498783872906,0.0,366.0,0.0
2024-12-18 15:30:00,837.9583946293706,0.0,369.0,0.0
2024-12-18 16:00:00,928.2074060416,0.0,367.0,0.0
2024-12-18 16:30:00,886.6826975117287,0.0,341.0,0.0
2024-12-18 17:00:00,849.7456677979496,0.0,365.0,0.0
2024-12-18 17:30:00,928.725685406324,0.0,359.0,0.0
2024-12-18 18:00:00,794.2570225238105,0.0,357.0,0.0
2024-12-18 18:30:00,754.2503332512662,0.0,358.0,0.0
2024-12-18 19:00:00,737.2781801185228,0.0,342.0,0.0
2024-12-18 19:30:00,793.8116361722756,0.0,346.0,0.0
2024-12-18 20:00:00,814.5019894516643,0.0,311.0,0.0
2024-12-18 20:30:00,620.3152961700633,0.0,267.0,0.0
2024-12-18 21:00:00,604.9305780363289,0.0,273.0,0.0
2024-12-18 21:30:00,604.6401832589358,0.0,264.0,0.0
2024-12-18 22:00:00,644.305593930855,0.0,262.0,0.0
2024-12-18 22:30:00,632.7536881852928,0.0,261.0,0.0
2024-12-18 23:00:00,587.1139032853653,0.0,261.0,0.0
2024-12-18 23:30:00,547.0613322403271,0.0,262.0,0.0
2024-12-19 00:00:00,608.2744747450089,0.0,217.0,0.0
2024-12-19 00:30:00,735.2644454353334,0.0,217.0,0.0
2024-12-19 01:00:00,669.3984157907063,0.0,212.0,0.0
2024-12-19 01:30:00,668.6936861917176,0.0,205.0,0.0
2024-12-19 02:00:00,704.594019449515,0.0,209.99999999999997,0.0
2024-12-19 02:30:00,640.8099341159872,0.0,189.0,0.0
2024-12-19 03:00:00,645.8524188287277,0.0,210.0,0.0
2024-12-19 03:30:00,687.4043883695578,0.0,216.0,0.0
2024-12-19 04:00:00,729.6957389928446,0.0,213.00000000000003,0.0
2024-12-19 04:30:00,605.9301908493654,0.0,202.0,0.0
2024-12-19 05:00:00,731.5670230077408,0.0,214.00000000000003,0.0
2024-12-19 05:30:00,682.2483050979099,0.0,214.99999999999997,0.0
2024-12-19 06:00:00,661.552569031376,0.0,218.0,0.0
2024-12-19 06:30:00,594.5053007979142,0.0,199.0,0.0
2024-12-19 07:00:00,663.8053693474862,0.0,213.00000000000003,0.0
2024-12-19 07:30:00,620.7023359678371,0.0,217.0,0.0
2024-12-19 08:00:00,709.1835825309123,0.0,238.0,0.0
2024-12-19 08:30:00,794.9698164719836,0.0,258.0,0.0
2024-12-19 09:00:00,803.0883312135635,0.0,279.0,0.0
2024-12-19 09:30:00,915.9966175098326,0.0,286.0,0.0
2024-12-19 10:00:00,890.7687352945561,0.0,300.0,0.0
2024-12-19 10:30:00,871.0406897941538,0.0,299.0,0.0
2024-12-19 11:00:00,891.7542393930182,0.0,302.0,0.0
2024-12-19 11:30:00,925.5874470266182,0.0,299.0,0.0
2024-12-19 12:00:00,858.6721837201466,0.0,282.0,0.0
2024-12-19 12:30:00,856.7609119394401,0.0,304.0,0.0
2024-12-19 13:00:00,879.6520620433597,0.0,334.0,0.0
2024-12-19 13:30:00,872.9225721247733,0.0,303.0,0.0
2024-12-19 14:00:00,860.3987816041744,0.0,307.0,0.0
2024-12-19 14:30:00,906.9456105470374,0.0,308.0,0.0
2024-12-19 15:00:00,968.0520722405985,0.0,313.0,0.0
2024-12-19 15:30:00,960.6571403223871,0.0,309.0,0.0
2024-12-19 16:00:00,905.7641841109385,0.0,301.0,0.0
2024-12-19 16:30:00,919.9509751856177,0.0,286.0,0.0
2024-12-19 17:00:00,845.3078378475125,0.0,288.0,0.0
2024-12-19 17:30:00,852.2851310827452,0.0,298.0,0.0
2024-12-19 18:00:00,829.3090503264085,0.0,276.0,0.0
2024-12-19 18:30:00,707.8718577290772,0.0,179.0,0.0
2024-12-19 19:00:00,636.2715683270396,0.0,201.0,0.0
2024-12-19 19:30:00,625.330077736166,0.0,200.0,0.0
2024-12-19 20:00:00,652.3995869525397,0.0,180.0,0.0
2024-12-19 20:30:00,480.07218828748825,0.0,144.0,0.0
2024-12-19 21:00:00,581.7940298868252,0.0,182.0,0.0
2024-12-19 21:30:00,532.8604968339616,0.0,199.0,0.0
2024-12-19 22:00:00,533.1336924688112,0.0,206.0,0.0
2024-12-19 22:30:00,661.8286672611678,0.0,229.99999999999997,0.0
2024-12-19 23:00:00,662.9394867850054,0.0,232.0,0.0
2024-12-19 23:30:00,637.605926945724,0.0,225.0,0.0
2024-12-20 00:00:00,585.3919790701761,0.0,165.0,0.0
2024-12-20 00:30:00,585.0481489720025,0.0,156.0,0.0
2024-12-20 01:00:00,643.9303379675423,0.0,167.0,0.0
2024-12-20 01:30:00,591.6054906018419,0.0,167.0,0.0
2024-12-20 02:00:00,617.2855871008599,0.0,168.99999999999997,0.0
2024-12-20 02:30:00,619.955842872666,0.0,165.00000000000003,0.0
2024-12-20 03:00:00,589.9820676100848,0.0,164.0,0.0
2024-12-20 03:30:00,634.1984515316503,0.0,166.0,0.0
2024-12-20 04:00:00,636.8496953746899,0.0,166.0,0.0
2024-12-20 04:30:00,633.821505441244,0.0,162.00000000000003,0.0
2024-12-20 05:00:00,609.497611178417,0.0,165.0,0.0
2024-12-20 05:30:00,668.3445023922637,0.0,169.0,0.0
2024-12-20 06:00:00,573.7100809946265,0.0,164.0,0.0
2024-12-20 06:30:00,640.6911628181558,0.0,157.0,0.0
2024-12-20 07:00:00,605.4997715918366,0.0,156.0,0.0
2024-12-20 07:30:00,666.0975098257629,0.0,173.0,0.0
2024-12-20 08:00:00,645.1288423683682,0.0,204.0,0.0
2024-12-20 08:30:00,783.397892761487,0.0,233.0,0.0
2024-12-20 09:00:00,850.4366045558385,0.0,269.0,0.0
2024-12-20 09:30:00,742.3022605924817,0.0,272.0,0.0
2024-12-20 10:00:00,786.3455828625549,0.0,274.0,0.0
2024-12-20 10:30:00,716.6893883685942,0.0,355.0,0.0
2024-12-20 11:00:00,811.9747679363511,0.0,371.0,0.0
2024-12-20 11:30:00,773.632837582335,0.0,294.0,0.0
2024-12-20 12:00:00,772.5555184818351,0.0,280.0,0.0
2024-12-20 12:30:00,931.1813168292588,0.0,295.0,0.0
2024-12-20 13:00:00,854.5304145819493,0.0,298.0,0.0
2024-12-20 13:30:00,732.1209919148436,0.0,297.0,0.0
2024-12-20 14:00:00,822.907871427929,0.0,298.0,0.0
2024-12-20 14:30:00,845.8925273106992,0.0,294.0,0.0
2024-12-20 15:00:00,813.145928082245,0.0,297.0,0.0
2024-12-20 15:30:00,826.5841926557868,0.0,295.0,0.0
2024-12-20 16:00:00,839.527043298018,0.0,298.0,0.0
2024-12-20 16:30:00,744.9230748247616,0.0,283.0,0.0
2024-12-20 17:00:00,759.3727919678691,0.0,298.0,0.0
2024-12-20 17:30:00,840.1761583230673,0.0,315.0,0.0
2024-12-20 18:00:00,804.6393814026941,0.0,304.0,0.0
2024-12-20 18:30:00,756.224341555643,0.0,294.0,0.0
2024-12-20 19:00:00,733.0978683656389,0.0,279.0,0.0
2024-12-20 19:30:00,759.0174354440343,0.0,273.0,0.0
2024-12-20 20:00:00,744.0273553981232,0.0,246.0,0.0
2024-12-20 20:30:00,649.2077111536962,0.0,218.0,0.0
2024-12-20 21:00:00,703.5171703055615,0.0,209.99999999999997,0.0
2024-12-20 21:30:00,627.1348778680864,0.0,214.00000000000003,0.0
2024-12-20 22:00:00,641.1716224157936,0.0,211.0,0.0
2024-12-20 22:30:00,608.3881791515072,0.0,201.00000000000003,0.0
2024-12-20 23:00:00,645.6384552795151,0.0,198.0,0.0
2024-12-20 23:30:00,600.8059996258759,0.0,193.0,0.0
2024-12-21 00:00:00,75.39971277237525,0.0,25.0,0.0
2024-12-21 00:30:00,76.97163019767973,0.0,25.0,0.0
2024-12-21 01:00:00,74.55032250877463,0.0,22.0,0.0
2024-12-21 01:30:00,74.43934685006424,0.0,21.0,0.0
2024-12-21 02:00:00,72.174146588695,0.0,17.0,0.0
2024-12-21 02:30:00,75.3257591277911,0.0,18.0,0.0
2024-12-21 03:00:00,76.57623315305081,0.0,19.0,0.0
2024-12-21 03:30:00,71.7306664170282,0.0,18.000000000000004,0.0
2024-12-21 04:00:00,78.73378279122427,0.0,20.0,0.0
2024-12-21 04:30:00,71.872562785676,0.0,18.0,0.0
2024-12-21 05:00:00,76.4267987535291,0.0,21.0,0.0
2024-12-21 05:30:00,73.07353026998528,0.0,19.0,0.0
2024-12-21 06:00:00,68.62240606033131,0.0,20.0,0.0
2024-12-21 06:30:00,72.18827457021669,0.0,20.0,0.0
2024-12-21 07:00:00,72.3351903838522,0.0,20.0,0.0
2024-12-21 07:30:00,69.46798270085033,0.0,21.0,0.0
2024-12-21 08:00:00,72.01655779549539,0.0,20.0,0.0
2024-12-21 08:30:00,102.24027850070179,0.0,19.0,0.0
2024-12-21 09:00:00,172.2784300234274,0.0,77.0,0.0
2024-12-21 09:30:00,210.60887506710873,0.0,100.0,0.0
2024-12-21 10:00:00,261.3098684061011,0.0,100.0,0.0
2024-12-21 10:30:00,240.38908695988175,0.0,101.0,0.0
2024-12-21 11:00:00,233.97515802562512,0.0,108.0,0.0
2024-12-21 11:30:00,233.07948606927903,0.0,108.0,0.0
2024-12-21 12:00:00,240.87853769641285,0.0,109.0,0.0
2024-12-21 12:30:00,236.20148835383603,0.0,111.0,0.0
2024-12-21 13:00:00,217.09390334201953,0.0,110.99999999999999,0.0
2024-12-21 13:30:00,219.60558856440687,0.0,109.99999999999999,0.0
2024-12-21 14:00:00,233.38211642391204,0.0,111.0,0.0
2024-12-21 14:30:00,246.12322036288666,0.0,109.0,0.0
2024-12-21 15:00:00,237.70846593453612,0.0,114.0,0.0
2024-12-21 15:30:00,240.12169616428994,0.0,113.0,0.0
2024-12-21 16:00:00,223.06960276251345,0.0,110.0,0.0
2024-12-21 16:30:00,227.564707272667,0.0,109.0,0.0
2024-12-21 17:00:00,231.2073543334826,0.0,108.0,0.0
2024-12-21 17:30:00,211.33301089616543,0.0,110.0,0.0
2024-12-21 18:00:00,164.01280773886893,0.0,70.0,0.0
2024-12-21 18:30:00,128.75600379074842,0.0,46.0,0.0
2024-12-21 19:00:00,76.473401529993,0.0,24.0,0.0
2024-12-21 19:30:00,73.74773274046858,0.0,24.0,0.0
2024-12-21 20:00:00,72.79354655320554,0.0,27.0,0.0
2024-12-21 20:30:00,82.06885938989845,0.0,32.0,0.0
2024-12-21 21:00:00,75.47810627596462,0.0,29.0,0.0
2024-12-21 21:30:00,81.64584820079784,0.0,31.0,0.0
2024-12-21 22:00:00,83.37123920599315,0.0,31.0,0.0
2024-12-21 22:30:00,80.23902071763936,0.0,30.0,0.0
2024-12-21 23:00:00,83.31488339132926,0.0,32.0,0.0
2024-12-21 23:30:00,83.03553733935398,0.0,30.0,0.0
2024-12-22 00:00:00,63.13582222258972,0.0,22.0,0.0
2024-12-22 00:30:00,60.65869251298565,0.0,22.0,0.0
2024-12-22 01:00:00,64.20933466029912,0.0,23.0,0.0
2024-12-22 01:30:00,67.40319186320593,0.0,24.0,0.0
2024-12-22 02:00:00,62.08158966860032,0.0,23.0,0.0
2024-12-22 02:30:00,65.10057634499611,0.0,23.0,0.0
2024-12-22 03:00:00,58.3975943321919,0.0,20.0,0.0
2024-12-22 03:30:00,66.18448580057519,0.0,23.0,0.0
2024-12-22 04:00:00,61.7107157802565,0.0,20.0,0.0
2024-12-22 04:30:00,57.10798751465471,0.0,20.0,0.0
2024-12-22 05:00:00,60.07944387754134,0.0,18.0,0.0
2024-12-22 05:30:00,65.6409986916224,0.0,22.0,0.0
2024-12-22 06:00:00,56.01675173598751,0.0,20.0,0.0
2024-12-22 06:30:00,57.506453175057445,0.0,20.0,0.0
2024-12-22 07:00:00,60.548868251358634,0.0,21.0,0.0
2024-12-22 07:30:00,63.98745914167947,0.0,21.0,0.0
2024-12-22 08:00:00,54.92853308515974,0.0,23.0,0.0
2024-12-22 08:30:00,63.26891083672043,0.0,21.0,0.0
2024-12-22 09:00:00,61.5502913682929,0.0,22.0,0.0
2024-12-22 09:30:00,61.822379117654236,0.0,23.0,0.0
2024-12-22 10:00:00,63.22531419119737,0.0,22.0,0.0
2024-12-22 10:30:00,64.18975880434226,0.0,24.0,0.0
2024-12-22 11:00:00,63.522859308763195,0.0,23.0,0.0
2024-12-22 11:30:00,61.10464201995992,0.0,24.0,0.0
2024-12-22 12:00:00,66.55857846542541,0.0,25.0,0.0
2024-12-22 12:30:00,68.61172398224183,0.0,24.0,0.0
2024-12-22 13:00:00,67.81415654453012,0.0,25.0,0.0
2024-12-22 13:30:00,71.30700673934064,0.0,26.0,0.0
2024-12-22 14:00:00,68.5736510498888,0.0,24.0,0.0
2024-12-22 14:30:00,67.41869084329753,0.0,25.0,0.0
2024-12-22 15:00:00,65.49698370528395,0.0,24.0,0.0
2024-12-22 15:30:00,65.9759423783631,0.0,26.0,0.0
2024-12-22 16:00:00,61.74025910084151,0.0,24.0,0.0
2024-12-22 16:30:00,65.75009313819238,0.0,25.0,0.0
2024-12-22 17:00:00,65.15215998519646,0.0,23.0,0.0
2024-12-22 17:30:00,70.22767183028272,0.0,24.0,0.0
2024-12-22 18:00:00,65.38270022964322,0.0,27.0,0.0
2024-12-22 18:30:00,60.0078179182873,0.0,27.0,0.0
2024-12-22 19:00:00,57.29667013347345,0.0,25.0,0.0
2024-12-22 19:30:00,64.98188949770739,0.0,24.0,0.0
2024-12-22 20:00:00,66.28546976314638,0.0,24.0,0.0
2024-12-22 20:30:00,64.93571656663232,0.0,24.0,0.0
2024-12-22 21:00:00,68.44589127111864,0.0,25.0,0.0
2024-12-22 21:30:00,65.06536515010507,0.0,23.0,0.0
2024-12-22 22:00:00,69.02904544847237,0.0,24.0,0.0
2024-12-22 22:30:00,60.41620191145731,0.0,25.0,0.0
2024-12-22 23:00:00,70.92652990043965,0.0,22.0,0.0
2024-12-22 23:30:00,61.08222852844451,0.0,24.0,0.0
2024-12-23 00:00:00,85.98522845394439,0.0,24.999999999999996,0.0
2024-12-23 00:30:00,82.56008016181357,0.0,25.0,0.0
2024-12-23 01:00:00,81.99014682008617,0.0,23.085106382978722,0.0
2024-12-23 01:30:00,87.11481455201064,0.0,20.19148936170213,0.0
2024-12-23 02:00:00,79.60903853328388,0.0,20.0,0.0
2024-12-23 02:30:00,81.90053727733762,0.0,19.106382978723403,0.0
2024-12-23 03:00:00,85.47427473901494,0.0,20.74468085106383,0.0
2024-12-23 03:30:00,83.83731990485646,0.0,21.851063829787233,0.0
2024-12-23 04:00:00,71.45942097805441,0.0,20.340425531914896,0.0
2024-12-23 04:30:00,79.27342267115255,0.0,20.0,0.0
2024-12-23 05:00:00,71.81406477262446,0.0,19.21276595744681,0.0
2024-12-23 05:30:00,85.02570926785252,0.0,19.0,0.0
2024-12-23 06:00:00,103.90722025227129,0.0,19.0,0.0
2024-12-23 06:30:00,113.21242454245122,0.0,19.72340425531915,0.0
2024-12-23 07:00:00,240.59065023195166,0.0,91.61702127659564,0.0
2024-12-23 07:30:00,360.62179170064155,0.0,182.595744680851,0.0
2024-12-23 08:00:00,652.6724835936977,0.0,275.6382978723404,0.0
2024-12-23 08:30:00,876.2005270878831,0.0,318.57446808510633,0.0
2024-12-23 09:00:00,870.9762240037966,0.0,306.7234042553192,0.0
2024-12-23 09:30:00,792.137839120938,0.0,293.6170212765958,0.0
2024-12-23 10:00:00,794.0046884649827,0.0,285.10638297872345,0.0
2024-12-23 10:30:00,811.5479231704064,0.0,303.23404255319144,0.0
2024-12-23 11:00:00,849.4542393914475,0.0,327.3191489361702,0.0
2024-12-23 11:30:00,847.2604360633278,0.0,332.0,0.0
2024-12-23 12:00:00,770.1540607339987,0.0,349.6170212765958,0.0
2024-12-23 12:30:00,776.0304843958896,0.0,372.6808510638298,0.0
2024-12-23 13:00:00,773.4752598946133,0.0,373.531914893617,0.0
2024-12-23 13:30:00,807.3301101053916,0.0,371.4042553191489,0.0
2024-12-23 14:00:00,922.1719066894426,0.0,375.1914893617021,0.0
2024-12-23 14:30:00,804.986237722024,0.0,373.2340425531915,0.0
2024-12-23 15:00:00,799.5287483794303,0.0,355.7234042553192,0.0
2024-12-23 15:30:00,791.4302422796812,0.0,320.19148936170217,0.0
2024-12-23 16:00:00,863.9452711852199,0.0,299.3404255319149,0.0
2024-12-23 16:30:00,819.4175835923674,0.0,288.3617021276595,0.0
2024-12-23 17:00:00,794.6763292696364,0.0,302.6595744680851,0.0
2024-12-23 17:30:00,822.2298039244773,0.0,303.1702127659575,0.0
2024-12-23 18:00:00,798.8520695029856,0.0,284.27659574468095,0.0
2024-12-23 18:30:00,821.942573278128,0.0,257.936170212766,0.0
2024-12-23 19:00:00,919.2626429064363,0.0,250.55319148936172,0.0
2024-12-23 19:30:00,806.4937502126445,0.0,233.95744680851067,0.0
2024-12-23 20:00:00,743.869110136906,0.0,219.8297872340426,0.0
2024-12-23 20:30:00,650.1694074617365,0.0,196.51063829787233,0.0
2024-12-23 21:00:00,629.3403063952372,0.0,200.10638297872336,0.0
2024-12-23 21:30:00,702.5191680267943,0.0,200.9148936170213,0.0
2024-12-23 22:00:00,695.0511333715157,0.0,199.4893617021277,0.0
2024-12-23 22:30:00,655.2072872136141,0.0,191.70212765957447,0.0
2024-12-23 23:00:00,700.0386673945118,0.0,184.82978723404256,0.0
2024-12-23 23:30:00,636.6912217634846,0.0,176.99999999999997,0.0
2024-12-24 00:00:00,663.078867943159,0.0,173.0,0.0
2024-12-24 00:30:00,632.582667294699,0.0,161.00000000000003,0.0
2024-12-24 01:00:00,648.7076015046522,0.0,157.0,0.0
2024-12-24 01:30:00,631.561505196487,0.0,173.0,0.0
2024-12-24 02:00:00,645.0333379214658,0.0,179.0,0.0
2024-12-24 02:30:00,631.5305155563344,0.0,181.0,0.0
2024-12-24 03:00:00,652.2243612839346,0.0,175.0,0.0
2024-12-24 03:30:00,632.5901670401652,0.0,172.0,0.0
2024-12-24 04:00:00,626.0831806089544,0.0,174.0,0.0
2024-12-24 04:30:00,696.4826336729618,0.0,181.0,0.0
2024-12-24 05:00:00,694.4503810072069,0.0,181.00000000000003,0.0
2024-12-24 05:30:00,665.6768251378502,0.0,183.0,0.0
2024-12-24 06:00:00,708.0319395141353,0.0,175.0,0.0
2024-12-24 06:30:00,594.6753045543786,0.0,166.0,0.0
2024-12-24 07:00:00,586.4699609252938,0.0,173.0,0.0
2024-12-24 07:30:00,723.7069545785903,0.0,190.0,0.0
2024-12-24 08:00:00,734.900521617842,0.0,228.0,0.0
2024-12-24 08:30:00,787.7701003247008,0.0,233.0,0.0
2024-12-24 09:00:00,761.0745352954633,0.0,290.0,0.0
2024-12-24 09:30:00,839.5370119984088,0.0,314.0,0.0
2024-12-24 10:00:00,820.2837252117938,0.0,315.0,0.0
2024-12-24 10:30:00,879.1454514647355,0.0,318.0,0.0
2024-12-24 11:00:00,838.662270746169,0.0,309.0,0.0
2024-12-24 11:30:00,840.6844833816463,0.0,296.0,0.0
2024-12-24 12:00:00,820.108183099682,0.0,262.0,0.0
2024-12-24 12:30:00,827.7585885026543,0.0,282.0,0.0
2024-12-24 13:00:00,725.8140323875033,0.0,290.0,0.0
2024-12-24 13:30:00,823.9908891775444,0.0,290.0,0.0
2024-12-24 14:00:00,817.9450635449441,0.0,286.0,0.0
2024-12-24 14:30:00,794.7933014366383,0.0,283.0,0.0
2024-12-24 15:00:00,802.6879328871223,0.0,283.0,0.0
2024-12-24 15:30:00,815.7790088364106,0.0,304.0,0.0
2024-12-24 16:00:00,798.506329870843,0.0,356.0,0.0
2024-12-24 16:30:00,775.8807815770527,0.0,336.0,0.0
2024-12-24 17:00:00,826.2583615882771,0.0,345.0,0.0
2024-12-24 17:30:00,755.461384633956,0.0,349.0,0.0
2024-12-24 18:00:00,751.0646752472757,0.0,358.0,0.0
2024-12-24 18:30:00,777.6731666035283,0.0,356.0,0.0
2024-12-24 19:00:00,734.1341814334376,0.0,379.99999999999994,0.0
2024-12-24 19:30:00,729.0050724176723,0.0,380.0,0.0
2024-12-24 20:00:00,732.9351634340571,0.0,352.0,0.0
2024-12-24 20:30:00,735.6877306405426,0.0,339.0,0.0
2024-12-24 21:00:00,674.8947955184021,0.0,338.0,0.0
2024-12-24 21:30:00,685.2039423961779,0.0,343.0,0.0
2024-12-24 22:00:00,619.0652704285706,0.0,342.0,0.0
2024-12-24 22:30:00,684.0027458555212,0.0,320.0,0.0
2024-12-24 23:00:00,644.8965773187377,0.0,312.0,0.0
2024-12-24 23:30:00,612.9802052066683,0.0,312.0,0.0
2024-12-25 00:00:00,450.59381383496645,0.0,314.0,0.0
2024-12-25 00:30:00,463.31936111705653,0.0,301.0,0.0
2024-12-25 01:00:00,439.70098007808963,0.0,303.0,0.0
2024-12-25 01:30:00,456.6740856103133,0.0,301.0,0.0
2024-12-25 02:00:00,452.12936585967907,0.0,306.0,0.0
2024-12-25 02:30:00,439.51156787089093,0.0,307.0,0.0
2024-12-25 03:00:00,447.98035435161927,0.0,311.0,0.0
2024-12-25 03:30:00,457.39762746693145,0.0,313.0,0.0
2024-12-25 04:00:00,462.91738437367377,0.0,317.0,0.0
2024-12-25 04:30:00,429.1855385777524,0.0,321.0,0.0
2024-12-25 05:00:00,468.7756801398056,0.0,322.0,0.0
2024-12-25 05:30:00,444.51472816349997,0.0,311.0,0.0
2024-12-25 06:00:00,434.4806265037342,0.0,315.0,0.0
2024-12-25 06:30:00,463.10630057923106,0.0,308.0,0.0
2024-12-25 07:00:00,424.92853281357645,0.0,311.0,0.0
2024-12-25 07:30:00,429.4812904887099,0.0,321.0,0.0
2024-12-25 08:00:00,506.43807723682164,0.0,346.0,0.0
2024-12-25 08:30:00,490.06869736383504,0.0,342.0,0.0
2024-12-25 09:00:00,525.651076457266,0.0,288.0,0.0
2024-12-25 09:30:00,611.0148516651907,0.0,308.00000000000006,0.0
2024-12-25 10:00:00,580.8131054832063,0.0,305.0,0.0
2024-12-25 10:30:00,617.2463549492803,0.0,322.99999999999994,0.0
2024-12-25 11:00:00,599.0464876272576,0.0,336.0,0.0
2024-12-25 11:30:00,579.1329868050302,0.0,312.0,0.0
2024-12-25 12:00:00,559.4989412627164,0.0,292.0,0.0
2024-12-25 12:30:00,604.2608812293097,0.0,315.0,0.0
2024-12-25 13:00:00,554.3537302430537,0.0,295.0,0.0
2024-12-25 13:30:00,592.7486594196276,0.0,284.0,0.0
2024-12-25 14:00:00,588.3808942129182,0.0,288.0,0.0
2024-12-25 14:30:00,624.4967562550162,0.0,305.0,0.0
2024-12-25 15:00:00,610.436955844781,0.0,299.0,0.0
2024-12-25 15:30:00,616.7536922001834,0.0,301.0,0.0
2024-12-25 16:00:00,608.9125290940868,0.0,292.0,0.0
2024-12-25 16:30:00,560.2636982908418,0.0,272.0,0.0
2024-12-25 17:00:00,566.3096993016519,0.0,263.0,0.0
2024-12-25 17:30:00,572.6284400139698,0.0,257.0,0.0
2024-12-25 18:00:00,499.6292327280229,0.0,261.0,0.0
2024-12-25 18:30:00,587.7859414588738,0.0,278.0,0.0
2024-12-25 19:00:00,570.1929892975425,0.0,271.0,0.0
2024-12-25 19:30:00,581.2058258881519,0.0,272.0,0.0
2024-12-25 20:00:00,503.86109277078464,0.0,249.0,0.0
2024-12-25 20:30:00,471.943117084259,0.0,213.0,0.0
2024-12-25 21:00:00,449.4524539703818,0.0,208.0,0.0
2024-12-25 21:30:00,495.23171973405476,0.0,208.0,0.0
2024-12-25 22:00:00,428.60462575193793,0.0,198.0,0.0
2024-12-25 22:30:00,442.85761444350356,0.0,187.0,0.0
2024-12-25 23:00:00,473.3077269310178,0.0,186.0,0.0
2024-12-25 23:30:00,449.1428185949939,0.0,192.0,0.0
2024-12-26 00:00:00,512.2555760617715,0.0,143.0,0.0
2024-12-26 00:30:00,566.0541983566696,0.0,133.0,0.0
2024-12-26 01:00:00,581.5283542086863,0.0,135.0,0.0
2024-12-26 01:30:00,518.500569568182,0.0,141.0,0.0
2024-12-26 02:00:00,542.0624136616912,0.0,146.0,0.0
2024-12-26 02:30:00,525.7940256623324,0.0,144.0,0.0
2024-12-26 03:00:00,564.3412625660536,0.0,146.0,0.0
2024-12-26 03:30:00,465.3979385077065,0.0,142.0,0.0
2024-12-26 04:00:00,523.2030214780541,0.0,138.0,0.0
2024-12-26 04:30:00,494.85030475804035,0.0,140.0,0.0
2024-12-26 05:00:00,453.89282554765396,0.0,139.0,0.0
2024-12-26 05:30:00,506.18769726885876,0.0,139.0,0.0
2024-12-26 06:00:00,575.9582622259841,0.0,146.99999999999997,0.0
2024-12-26 06:30:00,503.310256114972,0.0,145.0,0.0
2024-12-26 07:00:00,552.1611503233429,0.0,148.0,0.0
2024-12-26 07:30:00,591.0401795263238,0.0,158.99999999999997,0.0
2024-12-26 08:00:00,592.5236032863443,0.0,178.99999999999997,0.0
2024-12-26 08:30:00,712.8073811934568,0.0,219.99999999999997,0.0
2024-12-26 09:00:00,695.2194884016808,0.0,252.0,0.0
2024-12-26 09:30:00,749.3120207687004,0.0,322.0,0.0
2024-12-26 10:00:00,817.5058121265515,0.0,315.0,0.0
2024-12-26 10:30:00,791.2934869826271,0.0,271.0,0.0
2024-12-26 11:00:00,841.3137729217142,0.0,280.0,0.0
2024-12-26 11:30:00,810.9233209944739,0.0,273.0,0.0
2024-12-26 12:00:00,880.8006365491253,0.0,269.0,0.0
2024-12-26 12:30:00,796.8496629938313,0.0,285.0,0.0
2024-12-26 13:00:00,856.4600595140203,0.0,284.0,0.0
2024-12-26 13:30:00,807.9776178103784,0.0,281.0,0.0
2024-12-26 14:00:00,873.7989462981653,0.0,274.0,0.0
2024-12-26 14:30:00,774.6198539933872,0.0,278.0,0.0
2024-12-26 15:00:00,828.8221889497385,0.0,277.0,0.0
2024-12-26 15:30:00,812.7601080592365,0.0,286.0,0.0
2024-12-26 16:00:00,849.6641983771773,0.0,284.0,0.0
2024-12-26 16:30:00,836.0767352439948,0.0,260.0,0.0
2024-12-26 17:00:00,816.8234466019571,0.0,269.0,0.0
2024-12-26 17:30:00,893.1871278059238,0.0,285.0,0.0
2024-12-26 18:00:00,799.4023364665627,0.0,286.0,0.0
2024-12-26 18:30:00,757.3829759345583,0.0,275.0,0.0
2024-12-26 19:00:00,767.9579033410575,0.0,261.0,0.0
2024-12-26 19:30:00,747.2730170497514,0.0,233.00000000000003,0.0
2024-12-26 20:00:00,700.0137743588101,0.0,220.0,0.0
2024-12-26 20:30:00,615.79784999181,0.0,195.0,0.0
2024-12-26 21:00:00,669.983383497269,0.0,191.0,0.0
2024-12-26 21:30:00,610.04809952512,0.0,187.0,0.0
2024-12-26 22:00:00,664.5726651166708,0.0,186.0,0.0
2024-12-26 22:30:00,614.8515144091643,0.0,187.0,0.0
2024-12-26 23:00:00,611.1109026363724,0.0,173.99999999999997,0.0
2024-12-26 23:30:00,612.4552856831741,0.0,170.0,0.0
2024-12-27 00:00:00,682.832054135257,0.0,229.99999999999997,0.0
2024-12-27 00:30:00,625.9544964466462,0.0,210.0,0.0
2024-12-27 01:00:00,658.316732153542,0.0,222.0,0.0
2024-12-27 01:30:00,667.1294640500673,0.0,223.00000000000003,0.0
2024-12-27 02:00:00,715.9267970449254,0.0,223.99999999999997,0.0
2024-12-27 02:30:00,710.0220298100683,0.0,220.0,0.0
2024-12-27 03:00:00,661.6414818952364,0.0,228.0,0.0
2024-12-27 03:30:00,654.8653471757965,0.0,222.0,0.0
2024-12-27 04:00:00,660.501396636166,0.0,220.0,0.0
2024-12-27 04:30:00,701.5313984202259,0.0,216.00000000000003,0.0
2024-12-27 05:00:00,671.2482783336854,0.0,215.0,0.0
2024-12-27 05:30:00,656.6926510806971,0.0,209.0,0.0
2024-12-27 06:00:00,671.1866709944447,0.0,203.00000000000003,0.0
2024-12-27 06:30:00,618.0042329421118,0.0,202.99999999999997,0.0
2024-12-27 07:00:00,717.0788528681938,0.0,213.99999999999997,0.0
2024-12-27 07:30:00,693.7794743447784,0.0,231.0,0.0
2024-12-27 08:00:00,689.4743132503982,0.0,251.0,0.0
2024-12-27 08:30:00,800.1855407725262,0.0,257.0,0.0
2024-12-27 09:00:00,905.1171044609816,0.0,286.0,0.0
2024-12-27 09:30:00,855.5778875204212,0.0,304.0,0.0
2024-12-27 10:00:00,893.0796489732812,0.0,286.0,0.0
2024-12-27 10:30:00,848.7261022018507,0.0,299.0,0.0
2024-12-27 11:00:00,841.6368536201154,0.0,303.0,0.0
2024-12-27 11:30:00,878.6939970673964,0.0,326.0,0.0
2024-12-27 12:00:00,819.0912511177855,0.0,326.0,0.0
2024-12-27 12:30:00,888.6851953366511,0.0,335.0,0.0
2024-12-27 13:00:00,860.6092086207004,0.0,344.0,0.0
2024-12-27 13:30:00,818.1702722652798,0.0,311.0,0.0
2024-12-27 14:00:00,889.5908673508369,0.0,321.0,0.0
2024-12-27 14:30:00,866.3770443241876,0.0,312.0,0.0
2024-12-27 15:00:00,884.4275680825074,0.0,305.0,0.0
2024-12-27 15:30:00,948.0918687784889,0.0,304.0,0.0
2024-12-27 16:00:00,840.6442046767432,0.0,296.0,0.0
2024-12-27 16:30:00,839.1333012075016,0.0,281.0,0.0
2024-12-27 17:00:00,823.2247792195933,0.0,289.0,0.0
2024-12-27 17:30:00,829.096109195331,0.0,293.0,0.0
2024-12-27 18:00:00,820.2877770270271,0.0,293.0,0.0
2024-12-27 18:30:00,785.0947382727837,0.0,288.0,0.0
2024-12-27 19:00:00,823.0444543072581,0.0,285.0,0.0
2024-12-27 19:30:00,770.7496200946521,0.0,254.0,0.0
2024-12-27 20:00:00,700.812932126705,0.0,227.00000000000003,0.0
2024-12-27 20:30:00,700.1922530981133,0.0,201.0,0.0
2024-12-27 21:00:00,669.699000628442,0.0,204.00000000000003,0.0
2024-12-27 21:30:00,649.1115112304215,0.0,204.0,0.0
2024-12-27 22:00:00,698.5027331138758,0.0,200.0,0.0
2024-12-27 22:30:00,591.8712831646571,0.0,201.0,0.0
2024-12-27 23:00:00,694.217234108895,0.0,200.0,0.0
2024-12-27 23:30:00,623.9559464678887,0.0,196.00000000000003,0.0
2024-12-28 00:00:00,694.8517678136004,0.0,193.0,0.0
2024-12-28 00:30:00,637.6024882178054,0.0,167.0,0.0
2024-12-28 01:00:00,577.2266893062373,0.0,179.0,0.0
2024-12-28 01:30:00,596.3937352752295,0.0,183.0,0.0
2024-12-28 02:00:00,641.7744961705754,0.0,167.0,0.0
2024-12-28 02:30:00,615.3682330494014,0.0,207.0,0.0
2024-12-28 03:00:00,672.1509645318247,0.0,213.99999999999997,0.0
2024-12-28 03:30:00,634.4059036559039,0.0,212.99999999999997,0.0
2024-12-28 04:00:00,626.6445007213729,0.0,213.00000000000003,0.0
2024-12-28 04:30:00,580.2755263347455,0.0,212.0,0.0
2024-12-28 05:00:00,615.5013921368442,0.0,203.0,0.0
2024-12-28 05:30:00,567.9248034884636,0.0,205.0,0.0
2024-12-28 06:00:00,648.297285907135,0.0,204.00000000000003,0.0
2024-12-28 06:30:00,618.4232007526504,0.0,203.0,0.0
2024-12-28 07:00:00,609.7895628285318,0.0,209.0,0.0
2024-12-28 07:30:00,676.900984801713,0.0,224.0,0.0
2024-12-28 08:00:00,761.7944689778086,0.0,240.0,0.0
2024-12-28 08:30:00,747.3586435862987,0.0,250.99999999999997,0.0
2024-12-28 09:00:00,843.8410663951039,0.0,269.0,0.0
2024-12-28 09:30:00,795.837501568167,0.0,265.0,0.0
2024-12-28 10:00:00,822.7763682425178,0.0,271.0,0.0
2024-12-28 10:30:00,771.1298260812487,0.0,284.0,0.0
2024-12-28 11:00:00,810.4385425242019,0.0,272.0,0.0
2024-12-28 11:30:00,824.0115076066663,0.0,274.0,0.0
2024-12-28 12:00:00,848.1118075059218,0.0,256.0,0.0
2024-12-28 12:30:00,742.1813131013098,0.0,276.0,0.0
2024-12-28 13:00:00,794.2465760340568,0.0,278.0,0.0
2024-12-28 13:30:00,868.9170804802094,0.0,301.0,0.0
2024-12-28 14:00:00,805.5034596592764,0.0,317.0,0.0
2024-12-28 14:30:00,824.8920208862911,0.0,341.0,0.0
2024-12-28 15:00:00,798.2947616136574,0.0,364.0,0.0
2024-12-28 15:30:00,794.1569859120561,0.0,360.0,0.0
2024-12-28 16:00:00,743.5951931709366,0.0,357.0,0.0
2024-12-28 16:30:00,740.3513932350404,0.0,337.0,0.0
2024-12-28 17:00:00,748.0118466465033,0.0,353.0,0.0
2024-12-28 17:30:00,820.1722071705316,0.0,366.0,0.0
2024-12-28 18:00:00,723.9398744644714,0.0,341.0,0.0
2024-12-28 18:30:00,467.7285204072527,0.0,206.0,0.0
2024-12-28 19:00:00,433.90239689029914,0.0,193.0,0.0
2024-12-28 19:30:00,460.46839575792046,0.0,198.0,0.0
2024-12-28 20:00:00,485.6381264030069,0.0,210.0,0.0
2024-12-28 20:30:00,552.143626547883,0.0,241.99999999999997,0.0
2024-12-28 21:00:00,625.9528254591904,0.0,267.0,0.0
2024-12-28 21:30:00,648.2885935308946,0.0,266.0,0.0
2024-12-28 22:00:00,612.4890978717175,0.0,265.0,0.0
2024-12-28 22:30:00,590.9738926833633,0.0,269.0,0.0
2024-12-28 23:00:00,596.0670856040524,0.0,263.0,0.0
2024-12-28 23:30:00,534.747548505538,0.0,262.0,0.0
2024-12-29 00:00:00,71.69224962681565,0.0,23.0,0.0
2024-12-29 00:30:00,69.93793520064064,0.0,23.0,0.0
2024-12-29 01:00:00,70.76054122998288,0.0,23.0,0.0
2024-12-29 01:30:00,70.94139927554836,0.0,26.0,0.0
2024-12-29 02:00:00,72.28644308165514,0.0,26.0,0.0
2024-12-29 02:30:00,68.77583676748812,0.0,23.0,0.0
2024-12-29 03:00:00,71.01949309726,0.0,24.0,0.0
2024-12-29 03:30:00,70.5948584535159,0.0,26.0,0.0
2024-12-29 04:00:00,71.92635822481924,0.0,26.0,0.0
2024-12-29 04:30:00,73.62966531531764,0.0,26.0,0.0
2024-12-29 05:00:00,70.78198054609865,0.0,25.0,0.0
2024-12-29 05:30:00,66.11920924443176,0.0,27.0,0.0
2024-12-29 06:00:00,73.65175901308642,0.0,26.0,0.0
2024-12-29 06:30:00,70.98400859725643,0.0,25.0,0.0
2024-12-29 07:00:00,67.05587944435251,0.0,25.000000000000004,0.0
2024-12-29 07:30:00,71.25231693116882,0.0,26.0,0.0
2024-12-29 08:00:00,61.06897006604987,0.0,23.0,0.0
2024-12-29 08:30:00,70.12329817426112,0.0,25.0,0.0
2024-12-29 09:00:00,62.54009828078634,0.0,22.0,0.0
2024-12-29 09:30:00,57.34249034622971,0.0,23.0,0.0
2024-12-29 10:00:00,66.24545603498521,0.0,24.0,0.0
2024-12-29 10:30:00,63.36637388159391,0.0,23.0,0.0
2024-12-29 11:00:00,65.73729254434598,0.0,25.0,0.0
2024-12-29 11:30:00,64.18189776282789,0.0,23.0,0.0
2024-12-29 12:00:00,65.24235055860703,0.0,21.0,0.0
2024-12-29 12:30:00,65.02335131435109,0.0,24.0,0.0
2024-12-29 13:00:00,61.34253028778007,0.0,24.0,0.0
2024-12-29 13:30:00,70.87853019840844,0.0,22.000000000000004,0.0
2024-12-29 14:00:00,65.82580029033527,0.0,24.0,0.0
2024-12-29 14:30:00,65.1453277113156,0.0,25.0,0.0
2024-12-29 15:00:00,63.80479952931424,0.0,25.0,0.0
2024-12-29 15:30:00,71.24361099136351,0.0,26.0,0.0
2024-12-29 16:00:00,62.31362467897038,0.0,26.0,0.0
2024-12-29 16:30:00,67.08644568979075,0.0,24.0,0.0
2024-12-29 17:00:00,66.59808392357361,0.0,25.0,0.0
2024-12-29 17:30:00,66.79781056427119,0.0,27.0,0.0
2024-12-29 18:00:00,63.88886522577049,0.0,25.0,0.0
2024-12-29 18:30:00,65.52269999864427,0.0,26.0,0.0
2024-12-29 19:00:00,67.64979469568469,0.0,23.0,0.0
2024-12-29 19:30:00,71.39018153455925,0.0,24.0,0.0
2024-12-29 20:00:00,68.72993569445077,0.0,26.0,0.0
2024-12-29 20:30:00,72.19027185676194,0.0,25.0,0.0
2024-12-29 21:00:00,75.74153576669875,0.0,25.0,0.0
2024-12-29 21:30:00,67.38984005321215,0.0,27.0,0.0
2024-12-29 22:00:00,72.49726870175591,0.0,25.0,0.0
2024-12-29 22:30:00,69.07245741397172,0.0,25.0,0.0
2024-12-29 23:00:00,68.70296719190546,0.0,27.0,0.0
2024-12-29 23:30:00,73.4664277461311,0.0,26.0,0.0
2024-12-30 00:00:00,72.0512594012494,0.0,25.0,0.0
2024-12-30 00:30:00,62.52612509221095,0.0,22.0,0.0
2024-12-30 01:00:00,63.49926979350745,0.0,25.0,0.0
2024-12-30 01:30:00,64.29074670752819,0.0,26.0,0.0
2024-12-30 02:00:00,59.711461959113656,0.0,23.0,0.0
2024-12-30 02:30:00,65.09055305621831,0.0,27.0,0.0
2024-12-30 03:00:00,64.89470535268086,0.0,25.0,0.0
2024-12-30 03:30:00,78.21676737372911,0.0,22.0,0.0
2024-12-30 04:00:00,76.87869372640401,0.0,25.0,0.0
2024-12-30 04:30:00,68.84208728624345,0.0,24.0,0.0
2024-12-30 05:00:00,62.1976463430771,0.0,21.0,0.0
2024-12-30 05:30:00,66.34801748111839,0.0,22.0,0.0
2024-12-30 06:00:00,66.88198934375946,0.0,22.0,0.0
2024-12-30 06:30:00,62.887352691936606,0.0,24.0,0.0
2024-12-30 07:00:00,64.12534044020452,0.0,23.0,0.0
2024-12-30 07:30:00,63.9382950212582,0.0,23.0,0.0
2024-12-30 08:00:00,66.03261628513901,0.0,24.0,0.0
2024-12-30 08:30:00,60.27346658412445,0.0,22.0,0.0
2024-12-30 09:00:00,61.03008681642248,0.0,22.0,0.0
2024-12-30 09:30:00,65.7251359869607,0.0,22.0,0.0
2024-12-30 10:00:00,59.34413518616109,0.0,23.0,0.0
2024-12-30 10:30:00,61.69174366234308,0.0,21.0,0.0
2024-12-30 11:00:00,62.60084578871708,0.0,22.0,0.0
2024-12-30 11:30:00,57.69203160942066,0.0,22.0,0.0
2024-12-30 12:00:00,62.260155779441476,0.0,21.0,0.0
2024-12-30 12:30:00,60.85583273360026,0.0,21.0,0.0
2024-12-30 13:00:00,61.439146822042616,0.0,22.0,0.0
2024-12-30 13:30:00,56.23239632723913,0.0,21.0,0.0
2024-12-30 14:00:00,60.7902900304236,0.0,20.0,0.0
2024-12-30 14:30:00,63.91000311626721,0.0,21.0,0.0
2024-12-30 15:00:00,65.98964699758582,0.0,20.0,0.0
2024-12-30 15:30:00,67.77721172167458,0.0,21.0,0.0
2024-12-30 16:00:00,56.261733269611426,0.0,23.0,0.0
2024-12-30 16:30:00,61.1281964666284,0.0,21.0,0.0
2024-12-30 17:00:00,59.29220070526814,0.0,21.0,0.0
2024-12-30 17:30:00,62.61640113099207,0.0,21.0,0.0
2024-12-30 18:00:00,55.587521503598914,0.0,20.0,0.0
2024-12-30 18:30:00,56.45050748500195,0.0,22.0,0.0
2024-12-30 19:00:00,60.676475284133616,0.0,19.0,0.0
2024-12-30 19:30:00,63.97067452443512,0.0,21.0,0.0
2024-12-30 20:00:00,64.61727922118409,0.0,19.0,0.0
2024-12-30 20:30:00,67.98262226923462,0.0,21.0,0.0
2024-12-30 21:00:00,67.36087927616728,0.0,22.0,0.0
2024-12-30 21:30:00,64.98842000738358,0.0,20.0,0.0
2024-12-30 22:00:00,70.41622533366738,0.0,22.0,0.0
2024-12-30 22:30:00,64.75822086874199,0.0,22.0,0.0
2024-12-30 23:00:00,64.94806807563103,0.0,22.0,0.0
2024-12-30 23:30:00,73.51395656543443,0.0,21.0,0.0
2024-12-31 00:00:00,353.98592771338645,0.0,80.0,0.0
2024-12-31 00:30:00,377.91746453464657,0.0,76.0,0.0
2024-12-31 01:00:00,362.01047044199515,0.0,81.0,0.0
2024-12-31 01:30:00,345.33542930666346,0.0,87.0,0.0
2024-12-31 02:00:00,352.5555337560985,0.0,94.0,0.0
2024-12-31 02:30:00,303.7553720008092,0.0,94.0,0.0
2024-12-31 03:00:00,352.27258679877383,0.0,79.0,0.0
2024-12-31 03:30:00,335.6232326833754,0.0,81.0,0.0
2024-12-31 04:00:00,360.20288996622,0.0,79.0,0.0
2024-12-31 04:30:00,311.64644796122184,0.0,86.0,0.0
2024-12-31 05:00:00,347.4001498347024,0.0,85.0,0.0
2024-12-31 05:30:00,329.5263823593782,0.0,82.0,0.0
2024-12-31 06:00:00,351.80382671219184,0.0,83.0,0.0
2024-12-31 06:30:00,341.4690030946439,0.0,82.0,0.0
2024-12-31 07:00:00,350.2756560691884,0.0,86.0,0.0
2024-12-31 07:30:00,335.9764923341498,0.0,93.0,0.0
2024-12-31 08:00:00,392.83782225811495,0.0,108.0,0.0
2024-12-31 08:30:00,455.4795810715358,0.0,130.0,0.0
2024-12-31 09:00:00,492.0923941013954,0.0,175.0,0.0
2024-12-31 09:30:00,486.4689364631614,0.0,180.0,0.0
2024-12-31 10:00:00,469.98970040492895,0.0,168.0,0.0
2024-12-31 10:30:00,455.0639087030035,0.0,183.0,0.0
2024-12-31 11:00:00,494.60622355772335,0.0,193.0,0.0
2024-12-31 11:30:00,588.3175923869806,0.0,189.0,0.0
2024-12-31 12:00:00,567.4500296469847,0.0,194.0,0.0
2024-12-31 12:30:00,457.1714229408302,0.0,205.0,0.0
2024-12-31 13:00:00,481.7208691202132,0.0,222.0,0.0
2024-12-31 13:30:00,488.2207558070557,0.0,237.0,0.0
2024-12-31 14:00:00,483.5908562393161,0.0,236.0,0.0
2024-12-31 14:30:00,486.3874168157784,0.0,235.0,0.0
2024-12-31 15:00:00,474.7571079493064,0.0,230.0,0.0
2024-12-31 15:30:00,498.4933559692175,0.0,221.0,0.0
2024-12-31 16:00:00,444.3117111739554,0.0,221.0,0.0
2024-12-31 16:30:00,445.4074241454806,0.0,178.0,0.0
2024-12-31 17:00:00,427.06102206876926,0.0,176.0,0.0
2024-12-31 17:30:00,398.896487112764,0.0,167.0,0.0
2024-12-31 18:00:00,424.3881947424998,0.0,184.0,0.0
2024-12-31 18:30:00,302.9366761925924,0.0,156.0,0.0
2024-12-31 19:00:00,306.799895089509,0.0,143.0,0.0
2024-12-31 19:30:00,309.39607458533374,0.0,142.0,0.0
2024-12-31 20:00:00,399.2995610302739,0.0,174.0,0.0
2024-12-31 20:30:00,588.681937013407,0.0,269.0,0.0
2024-12-31 21:00:00,504.53266832080055,0.0,275.0,0.0
2024-12-31 21:30:00,532.8349932367403,0.0,273.0,0.0
2024-12-31 22:00:00,557.2910136646958,0.0,269.0,0.0
2024-12-31 22:30:00,568.2784396726889,0.0,278.0,0.0
2024-12-31 23:00:00,602.5358456282402,0.0,271.0,0.0
2024-12-31 23:30:00,580.0627034810044,0.0,267.0,0.0
2025-01-01 00:00:00,447.00055061042036,0.0,230.0,0.0
2025-01-01 00:30:00,443.62226778341835,0.0,205.0,0.0
2025-01-01 01:00:00,394.5586342224829,0.0,210.0,0.0
2025-01-01 01:30:00,424.698583841574,0.0,210.0,0.0
2025-01-01 02:00:00,415.4786824234528,0.0,210.0,0.0
2025-01-01 02:30:00,426.5437221045707,0.0,216.0,0.0
2025-01-01 03:00:00,437.3892601410166,0.0,213.0,0.0
2025-01-01 03:30:00,394.61754895413276,0.0,207.0,0.0
2025-01-01 04:00:00,400.47786775506233,0.0,210.0,0.0
2025-01-01 04:30:00,425.6702634043452,0.0,219.00000000000003,0.0
2025-01-01 05:00:00,430.40060593908953,0.0,217.99999999999997,0.0
2025-01-01 05:30:00,401.3754387225204,0.0,215.0,0.0
2025-01-01 06:00:00,443.53881728255726,0.0,213.0,0.0
2025-01-01 06:30:00,417.7835036630653,0.0,212.00000000000003,0.0
2025-01-01 07:00:00,421.05034838216585,0.0,213.99999999999997,0.0
2025-01-01 07:30:00,461.24591528273913,0.0,233.00000000000003,0.0
2025-01-01 08:00:00,478.46806918388114,0.0,251.0,0.0
2025-01-01 08:30:00,599.6546564787595,0.0,304.0,0.0
2025-01-01 09:00:00,543.4603773783061,0.0,315.0,0.0
2025-01-01 09:30:00,544.9114723214973,0.0,314.99999999999994,0.0
2025-01-01 10:00:00,574.0681435774515,0.0,310.0,0.0
2025-01-01 10:30:00,592.4249127299686,0.0,356.0,0.0
2025-01-01 11:00:00,555.9339494454811,0.0,358.0,0.0
2025-01-01 11:30:00,538.1712445387932,0.0,343.0,0.0
2025-01-01 12:00:00,581.4923637047219,0.0,344.0,0.0
2025-01-01 12:30:00,558.3668750537679,0.0,360.0,0.0
2025-01-01 13:00:00,536.2987689539166,0.0,368.0,0.0
2025-01-01 13:30:00,607.6489693457846,0.0,364.0,0.0
2025-01-01 14:00:00,568.0016735244036,0.0,359.0,0.0
2025-01-01 14:30:00,642.0131061411348,0.0,366.0,0.0
2025-01-01 15:00:00,609.3481981957923,0.0,366.0,0.0
2025-01-01 15:30:00,620.9303242398992,0.0,369.0,0.0
2025-01-01 16:00:00,594.581109428977,0.0,366.99999999999994,0.0
2025-01-01 16:30:00,487.8409067099077,0.0,341.0,0.0
2025-01-01 17:00:00,556.4270720868977,0.0,365.0,0.0
2025-01-01 17:30:00,571.9363708810524,0.0,359.0,0.0
2025-01-01 18:00:00,586.0500656942683,0.0,357.0,0.0
2025-01-01 18:30:00,512.8082426273438,0.0,358.0,0.0
2025-01-01 19:00:00,533.6459399079012,0.0,342.0,0.0
2025-01-01 19:30:00,530.3076939412095,0.0,346.0,0.0
2025-01-01 20:00:00,517.0653663886185,0.0,311.0,0.0
2025-01-01 20:30:00,439.98478305841843,0.0,267.0,0.0
2025-01-01 21:00:00,458.91885770135065,0.0,273.0,0.0
2025-01-01 21:30:00,466.79444912250904,0.0,264.0,0.0
2025-01-01 22:00:00,436.4843659050517,0.0,262.0,0.0
2025-01-01 22:30:00,440.0395725625398,0.0,261.0,0.0
2025-01-01 23:00:00,413.8257173885488,0.0,261.0,0.0
2025-01-01 23:30:00,482.2250831591812,0.0,262.0,0.0
2025-01-02 00:00:00,622.3559079682486,0.0,255.99999999999997,0.0
2025-01-02 00:30:00,546.0577394731861,0.0,221.0,0.0
2025-01-02 01:00:00,565.5893012334834,0.0,231.0,0.0
2025-01-02 01:30:00,582.6655859489739,0.0,248.0,0.0
2025-01-02 02:00:00,567.4283005435645,0.0,248.0,0.0
2025-01-02 02:30:00,544.5659222735328,0.0,247.0,0.0
2025-01-02 03:00:00,583.0054114241025,0.0,249.0,0.0
2025-01-02 03:30:00,614.6988516240643,0.0,244.99999999999997,0.0
2025-01-02 04:00:00,598.7394663330172,0.0,248.0,0.0
2025-01-02 04:30:00,652.8973403318367,0.0,254.99999999999997,0.0
2025-01-02 05:00:00,635.4980368402937,0.0,247.99999999999997,0.0
2025-01-02 05:30:00,624.523725211829,0.0,236.0,0.0
2025-01-02 06:00:00,636.9163824533299,0.0,238.0,0.0
2025-01-02 06:30:00,561.7381627266294,0.0,223.0,0.0
2025-01-02 07:00:00,573.141882765016,0.0,208.0,0.0
2025-01-02 07:30:00,647.4086788468497,0.0,264.0,0.0
2025-01-02 08:00:00,695.6704173366479,0.0,240.99999999999997,0.0
2025-01-02 08:30:00,781.1582306536768,0.0,321.0,0.0
2025-01-02 09:00:00,765.2251677968691,0.0,334.0,0.0
2025-01-02 09:30:00,826.2040070139872,0.0,336.0,0.0
2025-01-02 10:00:00,770.8026807917287,0.0,330.0,0.0
2025-01-02 10:30:00,792.8384020450488,0.0,314.0,0.0
2025-01-02 11:00:00,776.2158876798092,0.0,311.0,0.0
2025-01-02 11:30:00,770.7510998063204,0.0,313.0,0.0
2025-01-02 12:00:00,762.8476486434167,0.0,300.0,0.0
2025-01-02 12:30:00,699.3727842228808,0.0,315.0,0.0
2025-01-02 13:00:00,749.8807242541975,0.0,319.0,0.0
2025-01-02 13:30:00,752.4570539749454,0.0,375.0,0.0
2025-01-02 14:00:00,921.9665032811529,0.0,395.0,0.0
2025-01-02 14:30:00,800.9723324424322,0.0,284.0,0.0
2025-01-02 15:00:00,782.4892978083833,0.0,289.0,0.0
2025-01-02 15:30:00,748.2198362453872,0.0,289.0,0.0
2025-01-02 16:00:00,856.0512209871936,0.0,289.0,0.0
2025-01-02 16:30:00,763.5387786174646,0.0,268.0,0.0
2025-01-02 17:00:00,763.3324602064899,0.0,278.0,0.0
2025-01-02 17:30:00,815.1195450959111,0.0,281.0,0.0
2025-01-02 18:00:00,849.9424271006567,0.0,296.0,0.0
2025-01-02 18:30:00,796.7181906570863,0.0,277.0,0.0
2025-01-02 19:00:00,777.9074421888176,0.0,276.0,0.0
2025-01-02 19:30:00,776.4110489320551,0.0,265.0,0.0
2025-01-02 20:00:00,723.6999661970987,0.0,235.00000000000003,0.0
2025-01-02 20:30:00,624.795102468916,0.0,203.0,0.0
2025-01-02 21:00:00,631.5170253720779,0.0,204.99999999999997,0.0
2025-01-02 21:30:00,648.0848718783603,0.0,204.0,0.0
2025-01-02 22:00:00,607.3483548518668,0.0,206.0,0.0
2025-01-02 22:30:00,575.265703664279,0.0,204.0,0.0
2025-01-02 23:00:00,602.2434883531515,0.0,204.0,0.0
2025-01-02 23:30:00,614.228897111281,0.0,194.0,0.0
2025-01-03 00:00:00,579.3007800625825,0.0,199.0,0.0
2025-01-03 00:30:00,641.5489280445025,0.0,180.00000000000003,0.0
2025-01-03 01:00:00,687.1567666040321,0.0,178.0,0.0
2025-01-03 01:30:00,654.8585528634999,0.0,170.0,0.0
2025-01-03 02:00:00,645.7441501065857,0.0,170.00000000000003,0.0
2025-01-03 02:30:00,624.3803122108447,0.0,171.00000000000003,0.0
2025-01-03 03:00:00,606.3957612270033,0.0,187.0,0.0
2025-01-03 03:30:00,625.5402642323472,0.0,187.00000000000003,0.0
2025-01-03 04:00:00,709.478848042428,0.0,196.0,0.0
2025-01-03 04:30:00,629.6401889465989,0.0,193.99999999999997,0.0
2025-01-03 05:00:00,618.678783277381,0.0,191.0,0.0
2025-01-03 05:30:00,650.5482060772417,0.0,181.0,0.0
2025-01-03 06:00:00,655.7067096194896,0.0,181.0,0.0
2025-01-03 06:30:00,563.0716869102208,0.0,172.0,0.0
2025-01-03 07:00:00,583.2139141326738,0.0,173.0,0.0
2025-01-03 07:30:00,548.4034060222763,0.0,160.0,0.0
2025-01-03 08:00:00,370.7473718993955,0.0,92.0,0.0
2025-01-03 08:30:00,129.2600808595779,0.0,8.0,4.0
2025-01-03 09:00:00,69.60459620838954,0.0,0.0,15.0
2025-01-03 09:30:00,111.60650618635788,0.0,12.0,10.0
2025-01-03 10:00:00,143.80721303478302,0.0,24.999999999999996,0.0
2025-01-03 10:30:00,161.90954537255112,0.0,26.0,0.0
2025-01-03 11:00:00,146.3565388601234,0.0,26.0,0.0
2025-01-03 11:30:00,142.3866445528722,0.0,26.000000000000004,0.0
2025-01-03 12:00:00,145.17518711453044,0.0,23.0,0.0
2025-01-03 12:30:00,135.8506566424373,0.0,23.0,0.0
2025-01-03 13:00:00,128.4525528416295,0.0,50.0,0.0
2025-01-03 13:30:00,139.42288259434315,0.0,65.0,0.0
2025-01-03 14:00:00,141.24647552071875,0.0,66.0,0.0
2025-01-03 14:30:00,128.08065510949442,0.0,63.0,0.0
2025-01-03 15:00:00,138.65182114940993,0.0,60.0,0.0
2025-01-03 15:30:00,123.89833545817368,0.0,60.0,0.0
2025-01-03 16:00:00,135.7778316559108,0.0,61.0,0.0
2025-01-03 16:30:00,140.85494091264684,0.0,61.0,0.0
2025-01-03 17:00:00,140.81965221320758,0.0,64.0,0.0
2025-01-03 17:30:00,138.2194937993106,0.0,65.0,0.0
2025-01-03 18:00:00,97.58090103045446,0.0,33.0,0.0
2025-01-03 18:30:00,79.09279077534124,0.0,18.0,0.0
2025-01-03 19:00:00,79.42293076558803,0.0,17.0,0.0
2025-01-03 19:30:00,83.54192988345473,0.0,17.0,0.0
2025-01-03 20:00:00,84.22989759745434,0.0,22.0,0.0
2025-01-03 20:30:00,90.37367073507006,0.0,22.0,0.0
2025-01-03 21:00:00,92.33143974920162,0.0,25.0,0.0
2025-01-03 21:30:00,89.41072570957652,0.0,22.0,0.0
2025-01-03 22:00:00,105.46860525869319,0.0,24.0,0.0
2025-01-03 22:30:00,78.82155222724998,0.0,26.0,0.0
2025-01-03 23:00:00,77.30540175813778,0.0,27.999999999999996,0.0
2025-01-03 23:30:00,76.7442190119057,0.0,27.0,0.0
2025-01-04 00:00:00,567.0371577166057,0.0,316.0,0.0
2025-01-04 00:30:00,620.6123567489219,0.0,305.0,0.0
2025-01-04 01:00:00,622.0946125515628,0.0,316.99999999999994,0.0
2025-01-04 01:30:00,620.737170443674,0.0,318.0,0.0
2025-01-04 02:00:00,624.7540649276372,0.0,321.0,0.0
2025-01-04 02:30:00,564.9949624717482,0.0,317.0,0.0
2025-01-04 03:00:00,622.3428997607914,0.0,320.0,0.0
2025-01-04 03:30:00,563.4103555986464,0.0,322.0,0.0
2025-01-04 04:00:00,594.086220352511,0.0,319.0,0.0
2025-01-04 04:30:00,611.3596564729854,0.0,325.0,0.0
2025-01-04 05:00:00,640.2292467330637,0.0,323.0,0.0
2025-01-04 05:30:00,578.0009574276276,0.0,323.0,0.0
2025-01-04 06:00:00,628.5744131698311,0.0,315.0,0.0
2025-01-04 06:30:00,584.0192155612558,0.0,305.0,0.0
2025-01-04 07:00:00,561.9499286541267,0.0,310.0,0.0
2025-01-04 07:30:00,534.1123319909992,0.0,309.0,0.0
2025-01-04 08:00:00,450.0802385000011,0.0,267.0,0.0
2025-01-04 08:30:00,343.6873147988928,0.0,182.0,0.0
2025-01-04 09:00:00,310.53424222525257,0.0,161.0,0.0
2025-01-04 09:30:00,338.63852560757016,0.0,147.0,0.0
2025-01-04 10:00:00,297.2648463542622,0.0,147.0,0.0
2025-01-04 10:30:00,295.7340105448753,0.0,146.0,0.0
2025-01-04 11:00:00,315.2803658050889,0.0,140.0,0.0
2025-01-04 11:30:00,298.1108667597443,0.0,137.0,0.0
2025-01-04 12:00:00,314.7144828456979,0.0,141.0,0.0
2025-01-04 12:30:00,327.0036857409719,0.0,147.0,0.0
2025-01-04 13:00:00,301.63773659904086,0.0,149.0,0.0
2025-01-04 13:30:00,275.07370514226693,0.0,125.0,0.0
2025-01-04 14:00:00,257.4135690714932,0.0,100.0,0.0
2025-01-04 14:30:00,224.25953736900394,0.0,100.0,0.0
2025-01-04 15:00:00,249.8000124366485,0.0,102.0,0.0
2025-01-04 15:30:00,251.8983450511901,0.0,108.0,0.0
2025-01-04 16:00:00,360.37609846812063,0.0,104.0,0.0
2025-01-04 16:30:00,351.2262945479315,0.0,104.0,0.0
2025-01-04 17:00:00,338.8024795223633,0.0,107.0,0.0
2025-01-04 17:30:00,258.67740017268994,0.0,107.0,0.0
2025-01-04 18:00:00,216.30808546300275,0.0,102.0,0.0
2025-01-04 18:30:00,159.729822394069,0.0,69.0,0.0
2025-01-04 19:00:00,101.29913618018371,0.0,46.0,0.0
2025-01-04 19:30:00,106.27837003877116,0.0,47.0,0.0
2025-01-04 20:00:00,91.34744006182122,0.0,41.0,0.0
2025-01-04 20:30:00,72.1296419609933,0.0,22.0,0.0
2025-01-04 21:00:00,73.36185264043583,0.0,23.0,0.0
2025-01-04 21:30:00,68.52913928849264,0.0,21.0,0.0
2025-01-04 22:00:00,72.83112397166883,0.0,23.0,0.0
2025-01-04 22:30:00,62.41591584021557,0.0,22.0,0.0
2025-01-04 23:00:00,60.08326437824866,0.0,20.0,0.0
2025-01-04 23:30:00,63.64007312751465,0.0,23.0,0.0
2025-01-05 00:00:00,83.39659333228596,0.0,24.000000000000004,0.0
2025-01-05 00:30:00,81.53121253449632,0.0,24.0,0.0
2025-01-05 01:00:00,70.14809247545539,0.0,23.0,0.0
2025-01-05 01:30:00,77.90428022158957,0.0,23.999999999999996,0.0
2025-01-05 02:00:00,75.32030915134847,0.0,21.0,0.0
2025-01-05 02:30:00,74.67579920126423,0.0,25.000000000000004,0.0
2025-01-05 03:00:00,75.70029405049206,0.0,22.0,0.0
2025-01-05 03:30:00,69.84176327498615,0.0,26.0,0.0
2025-01-05 04:00:00,80.97854955929535,0.0,24.0,0.0
2025-01-05 04:30:00,77.4028840782523,0.0,24.0,0.0
2025-01-05 05:00:00,73.13321421924958,0.0,26.0,0.0
2025-01-05 05:30:00,72.2999323339441,0.0,23.0,0.0
2025-01-05 06:00:00,69.93057417045767,0.0,26.0,0.0
2025-01-05 06:30:00,74.27543929636781,0.0,25.0,0.0
2025-01-05 07:00:00,73.63865224987127,0.0,26.000000000000004,0.0
2025-01-05 07:30:00,67.71514973628925,0.0,25.0,0.0
2025-01-05 08:00:00,69.22797184272098,0.0,25.0,0.0
2025-01-05 08:30:00,71.93685129835703,0.0,25.0,0.0
2025-01-05 09:00:00,65.57017551118398,0.0,23.0,0.0
2025-01-05 09:30:00,65.62158458635591,0.0,25.0,0.0
2025-01-05 10:00:00,68.08936869430313,0.0,23.0,0.0
2025-01-05 10:30:00,67.55360066780426,0.0,24.0,0.0
2025-01-05 11:00:00,63.03417885151769,0.0,23.0,0.0
2025-01-05 11:30:00,66.36131450600568,0.0,23.0,0.0
2025-01-05 12:00:00,66.61774986118492,0.0,23.0,0.0
2025-01-05 12:30:00,70.44344116218443,0.0,25.0,0.0
2025-01-05 13:00:00,69.61248244149223,0.0,26.0,0.0
2025-01-05 13:30:00,70.31187507297517,0.0,23.999999999999996,0.0
2025-01-05 14:00:00,65.18040687497432,0.0,26.0,0.0
2025-01-05 14:30:00,72.90688820113164,0.0,25.999999999999996,0.0
2025-01-05 15:00:00,69.59188386046561,0.0,24.0,0.0
2025-01-05 15:30:00,78.46087479938838,0.0,25.0,0.0
2025-01-05 16:00:00,68.23142002615626,0.0,26.0,0.0
2025-01-05 16:30:00,70.7053121044855,0.0,26.0,0.0
2025-01-05 17:00:00,78.30422172637516,0.0,24.0,0.0
2025-01-05 17:30:00,70.25524477904156,0.0,26.000000000000004,0.0
2025-01-05 18:00:00,73.25145776816063,0.0,26.0,0.0
2025-01-05 18:30:00,75.46290699973466,0.0,30.0,0.0
2025-01-05 19:00:00,84.39080415945922,0.0,27.0,0.0
2025-01-05 19:30:00,72.9331177599105,0.0,28.0,0.0
2025-01-05 20:00:00,74.06874044449128,0.0,24.0,0.0
2025-01-05 20:30:00,72.71647998344758,0.0,26.0,0.0
2025-01-05 21:00:00,73.77491175815945,0.0,26.0,0.0
2025-01-05 21:30:00,68.26704891285803,0.0,25.0,0.0
2025-01-05 22:00:00,79.48180577373702,0.0,27.0,0.0
2025-01-05 22:30:00,71.51270696874033,0.0,23.0,0.0
2025-01-05 23:00:00,69.95500611028234,0.0,25.0,0.0
2025-01-05 23:30:00,78.10363794412234,0.0,25.0,0.0
2025-01-06 00:00:00,70.36449393298493,0.0,23.000000000000004,0.0
2025-01-06 00:30:00,71.6588821368225,0.0,22.02127659574468,0.0
2025-01-06 01:00:00,69.46209933837788,0.0,21.04255319148936,0.0
2025-01-06 01:30:00,73.0756483465539,0.0,23.80851063829787,0.0
2025-01-06 02:00:00,78.30742954363473,0.0,23.085106382978722,0.0
2025-01-06 02:30:00,81.60430187677036,0.0,23.0,0.0
2025-01-06 03:00:00,76.11045347943208,0.0,24.744680851063826,0.0
2025-01-06 03:30:00,76.61896288546669,0.0,24.148936170212767,0.0
2025-01-06 04:00:00,78.74376604783589,0.0,23.17021276595745,0.0
2025-01-06 04:30:00,74.22460648063047,0.0,23.0,0.0
2025-01-06 05:00:00,78.43861100661174,0.0,24.574468085106382,0.0
2025-01-06 05:30:00,75.3932465060476,0.0,23.46808510638298,0.0
2025-01-06 06:00:00,72.30705692398675,0.0,23.0,0.0
2025-01-06 06:30:00,72.07181523845851,0.0,23.0,0.0
2025-01-06 07:00:00,62.88319972897303,0.0,22.297872340425535,0.0
2025-01-06 07:30:00,68.92498942502434,0.0,22.0,0.0
2025-01-06 08:00:00,62.99708000606134,0.0,22.659574468085104,0.0
2025-01-06 08:30:00,61.30122972398678,0.0,20.446808510638306,0.0
2025-01-06 09:00:00,66.29322073606981,0.0,19.617021276595743,0.0
2025-01-06 09:30:00,62.002479971958216,0.0,19.404255319148938,0.0
2025-01-06 10:00:00,65.07386707559812,0.0,19.0,0.0
2025-01-06 10:30:00,66.76533759159778,0.0,19.0,0.0
2025-01-06 11:00:00,66.13470042283073,0.0,19.53191489361702,0.0
2025-01-06 11:30:00,61.298176578684064,0.0,18.97872340425532,0.0
2025-01-06 12:00:00,68.58858627367,0.0,18.97872340425532,0.0
2025-01-06 12:30:00,66.34266819209502,0.0,20.0,0.0
2025-01-06 13:00:00,66.76707691899651,0.0,19.5531914893617,0.0
2025-01-06 13:30:00,60.67348830525251,0.0,19.0,0.0
2025-01-06 14:00:00,65.07455063103878,0.0,19.0,0.0
2025-01-06 14:30:00,69.2624177885758,0.0,19.382978723404253,0.0
2025-01-06 15:00:00,68.10176729427918,0.0,19.276595744680854,0.0
2025-01-06 15:30:00,62.121575307221164,0.0,18.340425531914892,0.0
2025-01-06 16:00:00,65.12643446496051,0.0,19.319148936170212,0.0
2025-01-06 16:30:00,63.99976589111857,0.0,20.297872340425528,0.0
2025-01-06 17:00:00,64.71499949616468,0.0,21.276595744680847,0.0
2025-01-06 17:30:00,62.657043106869864,0.0,21.489361702127667,0.0
2025-01-06 18:00:00,66.63515217206141,0.0,20.468085106382972,0.0
2025-01-06 18:30:00,70.34144182001782,0.0,21.361702127659584,0.0
2025-01-06 19:00:00,64.38479073811538,0.0,19.0,0.0
2025-01-06 19:30:00,68.12316763478712,0.0,18.65957446808511,0.0
2025-01-06 20:00:00,67.45188799411177,0.0,17.297872340425528,0.0
2025-01-06 20:30:00,75.18245321554194,0.0,19.0,0.0
2025-01-06 21:00:00,68.30123676571182,0.0,19.0,0.0
2025-01-06 21:30:00,67.90284508853804,0.0,19.085106382978722,0.0
2025-01-06 22:00:00,70.33096522811832,0.0,20.06382978723404,0.0
2025-01-06 22:30:00,68.35606018089683,0.0,20.95744680851064,0.0
2025-01-06 23:00:00,73.4114919470743,0.0,19.95744680851064,0.0
2025-01-06 23:30:00,70.08332911054607,0.0,18.0,0.0
2025-01-07 00:00:00,601.9952991331173,0.0,163.0,0.0
2025-01-07 00:30:00,576.9032075813493,0.0,156.0,0.0
2025-01-07 01:00:00,562.5586063242952,0.0,164.0,0.0
2025-01-07 01:30:00,594.7464746507042,0.0,158.0,0.0
2025-01-07 02:00:00,539.4374190624458,0.0,162.0,0.0
2025-01-07 02:30:00,599.444484749725,0.0,166.0,0.0
2025-01-07 03:00:00,593.3503163143095,0.0,165.0,0.0
2025-01-07 03:30:00,603.3960980280051,0.0,157.0,0.0
2025-01-07 04:00:00,644.339703384614,0.0,159.0,0.0
2025-01-07 04:30:00,607.8381498880166,0.0,164.0,0.0
2025-01-07 05:00:00,629.5320492339279,0.0,160.0,0.0
2025-01-07 05:30:00,600.8995455103527,0.0,159.0,0.0
2025-01-07 06:00:00,612.7955516288583,0.0,160.0,0.0
2025-01-07 06:30:00,636.1735487347621,0.0,152.0,0.0
2025-01-07 07:00:00,571.2046971063996,0.0,162.0,0.0
2025-01-07 07:30:00,597.4980955319983,0.0,176.0,0.0
2025-01-07 08:00:00,685.6464640015342,0.0,208.0,0.0
2025-01-07 08:30:00,768.1786885087447,0.0,245.0,0.0
2025-01-07 09:00:00,834.2513584339496,0.0,271.0,0.0
2025-01-07 09:30:00,804.2545328202804,0.0,279.0,0.0
2025-01-07 10:00:00,792.9532912700679,0.0,291.0,0.0
2025-01-07 10:30:00,914.2772755484896,0.0,320.0,0.0
2025-01-07 11:00:00,805.7129207178571,0.0,320.0,0.0
2025-01-07 11:30:00,865.6427704802217,0.0,314.0,0.0
2025-01-07 12:00:00,849.8056721706693,0.0,304.0,0.0
2025-01-07 12:30:00,760.0130693688468,0.0,314.0,0.0
2025-01-07 13:00:00,776.7942886876697,0.0,318.0,0.0
2025-01-07 13:30:00,784.553318561142,0.0,315.0,0.0
2025-01-07 14:00:00,851.4766052118734,0.0,319.0,0.0
2025-01-07 14:30:00,811.9408961591362,0.0,320.0,0.0
2025-01-07 15:00:00,810.8948686646146,0.0,316.0,0.0
2025-01-07 15:30:00,777.7404392586326,0.0,328.0,0.0
2025-01-07 16:00:00,939.7199500682642,0.0,327.0,0.0
2025-01-07 16:30:00,800.5597084490436,0.0,304.0,0.0
2025-01-07 17:00:00,864.8323488560608,0.0,326.0,0.0
2025-01-07 17:30:00,804.7618922948967,0.0,323.0,0.0
2025-01-07 18:00:00,787.8056678691241,0.0,324.0,0.0
2025-01-07 18:30:00,889.0414418207746,0.0,324.0,0.0
2025-01-07 19:00:00,707.0923517228267,0.0,313.0,0.0
2025-01-07 19:30:00,815.7896929159018,0.0,315.0,0.0
2025-01-07 20:00:00,694.1597772391277,0.0,273.0,0.0
2025-01-07 20:30:00,672.1084604041828,0.0,250.0,0.0
2025-01-07 21:00:00,655.5747594190253,0.0,253.0,0.0
2025-01-07 21:30:00,616.7768559052464,0.0,237.0,0.0
2025-01-07 22:00:00,629.293189288346,0.0,227.99999999999997,0.0
2025-01-07 22:30:00,544.9582727969178,0.0,232.0,0.0
2025-01-07 23:00:00,613.4481169494857,0.0,229.0,0.0
2025-01-07 23:30:00,611.6860210873227,0.0,229.0,0.0
2025-01-08 00:00:00,620.8359040363611,0.0,314.0,0.0
2025-01-08 00:30:00,560.1778130657405,0.0,301.0,0.0
2025-01-08 01:00:00,625.8293193086394,0.0,303.0,0.0
2025-01-08 01:30:00,660.5562337954129,0.0,301.0,0.0
2025-01-08 02:00:00,650.5449712702565,0.0,306.0,0.0
2025-01-08 02:30:00,614.4630062899856,0.0,307.0,0.0
2025-01-08 03:00:00,575.7134279851884,0.0,311.0,0.0
2025-01-08 03:30:00,658.7800501352983,0.0,313.0,0.0
2025-01-08 04:00:00,641.6625905847062,0.0,317.0,0.0
2025-01-08 04:30:00,671.5322401199793,0.0,321.0,0.0
2025-01-08 05:00:00,725.5366001200057,0.0,322.0,0.0
2025-01-08 05:30:00,614.4880865200606,0.0,311.0,0.0
2025-01-08 06:00:00,542.0805764529549,0.0,315.0,0.0
2025-01-08 06:30:00,588.5933800857621,0.0,308.0,0.0
2025-01-08 07:00:00,645.4538219659142,0.0,311.0,0.0
2025-01-08 07:30:00,660.4279354619451,0.0,321.0,0.0
2025-01-08 08:00:00,653.5080190512618,0.0,346.0,0.0
2025-01-08 08:30:00,700.1236292845289,0.0,342.0,0.0
2025-01-08 09:00:00,816.3052861747556,0.0,288.0,0.0
2025-01-08 09:30:00,782.9380397217744,0.0,308.0,0.0
2025-01-08 10:00:00,844.6292714953562,0.0,305.0,0.0
2025-01-08 10:30:00,843.699432479978,0.0,323.0,0.0
2025-01-08 11:00:00,847.6992027352973,0.0,336.0,0.0
2025-01-08 11:30:00,855.1599218248929,0.0,312.0,0.0
2025-01-08 12:00:00,860.8382427933234,0.0,292.0,0.0
2025-01-08 12:30:00,877.0044518040679,0.0,315.0,0.0
2025-01-08 13:00:00,854.2801670706796,0.0,295.0,0.0
2025-01-08 13:30:00,841.4912176772585,0.0,284.0,0.0
2025-01-08 14:00:00,857.3340036245364,0.0,288.0,0.0
2025-01-08 14:30:00,838.2976944723193,0.0,305.0,0.0
2025-01-08 15:00:00,833.7386430567185,0.0,299.0,0.0
2025-01-08 15:30:00,847.3029399497054,0.0,301.0,0.0
2025-01-08 16:00:00,936.3144947330399,0.0,292.0,0.0
2025-01-08 16:30:00,759.4567338689478,0.0,272.0,0.0
2025-01-08 17:00:00,784.8465837940524,0.0,263.0,0.0
2025-01-08 17:30:00,812.4724459049665,0.0,257.0,0.0
2025-01-08 18:00:00,800.098320229318,0.0,261.0,0.0
2025-01-08 18:30:00,857.0783412502727,0.0,278.0,0.0
2025-01-08 19:00:00,796.0289711594216,0.0,271.0,0.0
2025-01-08 19:30:00,798.050156467895,0.0,272.0,0.0
2025-01-08 20:00:00,800.6346857762516,0.0,248.99999999999997,0.0
2025-01-08 20:30:00,747.0386851666173,0.0,213.0,0.0
2025-01-08 21:00:00,726.9344222841634,0.0,208.0,0.0
2025-01-08 21:30:00,677.4195559363418,0.0,208.0,0.0
2025-01-08 22:00:00,656.9295960360754,0.0,198.0,0.0
2025-01-08 22:30:00,665.0098175072264,0.0,187.0,0.0
2025-01-08 23:00:00,663.400396521856,0.0,186.0,0.0
2025-01-08 23:30:00,634.412441060343,0.0,192.0,0.0
2025-01-09 00:00:00,653.9735458489918,0.0,212.0,0.0
2025-01-09 00:30:00,551.2023236442225,0.0,191.0,0.0
2025-01-09 01:00:00,676.8355231857929,0.0,195.0,0.0
2025-01-09 01:30:00,649.0110002328306,0.0,197.0,0.0
2025-01-09 02:00:00,641.1749751628597,0.0,194.0,0.0
2025-01-09 02:30:00,561.1051443797136,0.0,191.0,0.0
2025-01-09 03:00:00,588.2288093804012,0.0,189.0,0.0
2025-01-09 03:30:00,654.0006164137353,0.0,191.0,0.0
2025-01-09 04:00:00,739.6317677843377,0.0,192.0,0.0
2025-01-09 04:30:00,643.8947570884326,0.0,189.00000000000003,0.0
2025-01-09 05:00:00,639.1023408034239,0.0,189.0,0.0
2025-01-09 05:30:00,625.5601645244642,0.0,190.0,0.0
2025-01-09 06:00:00,585.6069257439658,0.0,191.0,0.0
2025-01-09 06:30:00,615.2005909859361,0.0,177.0,0.0
2025-01-09 07:00:00,572.2932394180308,0.0,179.0,0.0
2025-01-09 07:30:00,591.0774118750304,0.0,198.0,0.0
2025-01-09 08:00:00,637.7299588221922,0.0,226.0,0.0
2025-01-09 08:30:00,844.8601567557911,0.0,273.0,0.0
2025-01-09 09:00:00,813.9965305200242,0.0,284.0,0.0
2025-01-09 09:30:00,858.8694648927143,0.0,285.0,0.0
2025-01-09 10:00:00,832.358426021839,0.0,287.0,0.0
2025-01-09 10:30:00,812.9342628540512,0.0,329.0,0.0
2025-01-09 11:00:00,828.7424124045039,0.0,357.0,0.0
2025-01-09 11:30:00,839.4456184499254,0.0,333.0,0.0
2025-01-09 12:00:00,757.1587519404305,0.0,277.0,0.0
2025-01-09 12:30:00,831.1055236373461,0.0,301.0,0.0
2025-01-09 13:00:00,790.7446340420064,0.0,302.0,0.0
2025-01-09 13:30:00,856.0518838364958,0.0,295.0,0.0
2025-01-09 14:00:00,873.6904833819651,0.0,324.0,0.0
2025-01-09 14:30:00,785.5362123229831,0.0,289.0,0.0
2025-01-09 15:00:00,823.5416821497263,0.0,279.0,0.0
2025-01-09 15:30:00,913.5177348593942,0.0,283.0,0.0
2025-01-09 16:00:00,794.0151105477266,0.0,292.0,0.0
2025-01-09 16:30:00,809.7323497352141,0.0,285.0,0.0
2025-01-09 17:00:00,829.5136239530909,0.0,298.0,0.0
2025-01-09 17:30:00,900.2233480810921,0.0,310.0,0.0
2025-01-09 18:00:00,854.2564948195745,0.0,306.0,0.0
2025-01-09 18:30:00,817.9131429092209,0.0,308.0,0.0
2025-01-09 19:00:00,781.7007963519762,0.0,274.0,0.0
2025-01-09 19:30:00,772.4298948941804,0.0,266.0,0.0
2025-01-09 20:00:00,750.1648338364009,0.0,258.0,0.0
2025-01-09 20:30:00,625.1932969246711,0.0,220.0,0.0
2025-01-09 21:00:00,703.6560670380726,0.0,211.0,0.0
2025-01-09 21:30:00,679.2239517399216,0.0,194.99999999999997,0.0
2025-01-09 22:00:00,609.3155879202953,0.0,199.0,0.0
2025-01-09 22:30:00,610.0471286225336,0.0,193.99999999999997,0.0
2025-01-09 23:00:00,619.1723426068502,0.0,197.00000000000003,0.0
2025-01-09 23:30:00,582.6215952073534,0.0,196.99999999999997,0.0
2025-01-10 00:00:00,720.2273390304042,0.0,232.0,0.0
2025-01-10 00:30:00,689.7621009602273,0.0,227.99999999999997,0.0
2025-01-10 01:00:00,632.926006827914,0.0,223.0,0.0
2025-01-10 01:30:00,709.8366563171969,0.0,219.00000000000003,0.0
2025-01-10 02:00:00,648.9647970845201,0.0,219.00000000000003,0.0
2025-01-10 02:30:00,583.6250390672209,0.0,203.0,0.0
2025-01-10 03:00:00,648.1291081099146,0.0,226.0,0.0
2025-01-10 03:30:00,692.8091187398051,0.0,213.99999999999997,0.0
2025-01-10 04:00:00,706.8894364513466,0.0,216.99999999999997,0.0
2025-01-10 04:30:00,664.0047751152645,0.0,202.99999999999997,0.0
2025-01-10 05:00:00,685.2878572001849,0.0,206.0,0.0
2025-01-10 05:30:00,634.1646360634904,0.0,196.0,0.0
2025-01-10 06:00:00,610.4170682401761,0.0,196.0,0.0
2025-01-10 06:30:00,604.6466898948604,0.0,194.0,0.0
2025-01-10 07:00:00,639.0978432961396,0.0,202.0,0.0
2025-01-10 07:30:00,675.6830632148242,0.0,215.0,0.0
2025-01-10 08:00:00,671.887128748307,0.0,234.00000000000003,0.0
2025-01-10 08:30:00,851.2956893430139,0.0,264.0,0.0
2025-01-10 09:00:00,932.6558640340703,0.0,293.0,0.0
2025-01-10 09:30:00,896.1762819349748,0.0,310.0,0.0
2025-01-10 10:00:00,882.6555355450971,0.0,307.0,0.0
2025-01-10 10:30:00,932.1128645428532,0.0,311.0,0.0
2025-01-10 11:00:00,873.2616044076311,0.0,304.0,0.0
2025-01-10 11:30:00,838.575913211291,0.0,300.0,0.0
2025-01-10 12:00:00,897.3823097478231,0.0,279.0,0.0
2025-01-10 12:30:00,874.5657934803316,0.0,305.0,0.0
2025-01-10 13:00:00,891.6417181447767,0.0,322.0,0.0
2025-01-10 13:30:00,860.794108929488,0.0,390.0,0.0
2025-01-10 14:00:00,954.985863112555,0.0,388.0,0.0
2025-01-10 14:30:00,952.3228487965143,0.0,393.0,0.0
2025-01-10 15:00:00,891.7156652472746,0.0,386.0,0.0
2025-01-10 15:30:00,858.554262116888,0.0,388.0,0.0
2025-01-10 16:00:00,884.0344035178684,0.0,382.0,0.0
2025-01-10 16:30:00,899.0802342094021,0.0,377.0,0.0
2025-01-10 17:00:00,922.9638584834147,0.0,401.0,0.0
2025-01-10 17:30:00,887.7965695645108,0.0,404.0,0.0
2025-01-10 18:00:00,823.0001617868512,0.0,366.0,0.0
2025-01-10 18:30:00,650.9958498197823,0.0,247.0,0.0
2025-01-10 19:00:00,620.9975508655161,0.0,247.0,0.0
2025-01-10 19:30:00,633.2960165338299,0.0,241.0,0.0
2025-01-10 20:00:00,557.1212933746531,0.0,229.0,0.0
2025-01-10 20:30:00,565.8310082927569,0.0,193.0,0.0
2025-01-10 21:00:00,502.3672645438218,0.0,195.0,0.0
2025-01-10 21:30:00,499.937908980089,0.0,191.0,0.0
2025-01-10 22:00:00,635.8945475608648,0.0,264.0,0.0
2025-01-10 22:30:00,640.2341336832131,0.0,302.0,0.0
2025-01-10 23:00:00,645.0922870161912,0.0,310.0,0.0
2025-01-10 23:30:00,665.2761120631055,0.0,348.0,0.0
2025-01-11 00:00:00,663.7636899369738,0.0,193.0,0.0
2025-01-11 00:30:00,585.429445606625,0.0,167.0,0.0
2025-01-11 01:00:00,653.2168194101843,0.0,179.0,0.0
2025-01-11 01:30:00,599.5885914810335,0.0,183.0,0.0
2025-01-11 02:00:00,588.7571612799109,0.0,167.0,0.0
2025-01-11 02:30:00,634.9943867480043,0.0,207.0,0.0
2025-01-11 03:00:00,656.4291318293015,0.0,214.0,0.0
2025-01-11 03:30:00,630.9073718998277,0.0,213.0,0.0
2025-01-11 04:00:00,643.7666021171021,0.0,213.0,0.0
2025-01-11 04:30:00,622.9498762527634,0.0,212.0,0.0
2025-01-11 05:00:00,605.9212653266342,0.0,203.0,0.0
2025-01-11 05:30:00,591.3424792984673,0.0,205.0,0.0
2025-01-11 06:00:00,633.3188320374435,0.0,204.0,0.0
2025-01-11 06:30:00,636.6753929284563,0.0,203.0,0.0
2025-01-11 07:00:00,634.0128579000218,0.0,209.0,0.0
2025-01-11 07:30:00,646.9156943046896,0.0,224.0,0.0
2025-01-11 08:00:00,739.5272404572984,0.0,240.0,0.0
2025-01-11 08:30:00,754.808485580323,0.0,251.0,0.0
2025-01-11 09:00:00,824.3478132089674,0.0,269.0,0.0
2025-01-11 09:30:00,833.0934676683103,0.0,265.0,0.0
2025-01-11 10:00:00,815.2734645310941,0.0,271.0,0.0
2025-01-11 10:30:00,799.7726288819357,0.0,284.0,0.0
2025-01-11 11:00:00,825.7762990169397,0.0,272.0,0.0
2025-01-11 11:30:00,820.6267427829723,0.0,274.0,0.0
2025-01-11 12:00:00,849.7945690253968,0.0,255.99999999999997,0.0
2025-01-11 12:30:00,847.5034704983196,0.0,276.0,0.0
2025-01-11 13:00:00,781.5751644666487,0.0,278.0,0.0
2025-01-11 13:30:00,846.0980509666936,0.0,301.0,0.0
2025-01-11 14:00:00,827.9110743503126,0.0,317.0,0.0
2025-01-11 14:30:00,886.4934435872352,0.0,341.0,0.0
2025-01-11 15:00:00,811.1564820356705,0.0,364.0,0.0
2025-01-11 15:30:00,840.8583615791742,0.0,360.0,0.0
2025-01-11 16:00:00,814.2455833473806,0.0,357.0,0.0
2025-01-11 16:30:00,766.6350835492882,0.0,337.0,0.0
2025-01-11 17:00:00,752.1100769535416,0.0,353.0,0.0
2025-01-11 17:30:00,838.8387668774844,0.0,366.0,0.0
2025-01-11 18:00:00,769.3693118782849,0.0,341.0,0.0
2025-01-11 18:30:00,510.0152430850631,0.0,206.0,0.0
2025-01-11 19:00:00,443.7174561634494,0.0,193.0,0.0
2025-01-11 19:30:00,452.07515598914125,0.0,198.0,0.0
2025-01-11 20:00:00,518.5057910803022,0.0,210.0,0.0
2025-01-11 20:30:00,559.9449712544613,0.0,242.0,0.0
2025-01-11 21:00:00,657.0924580513565,0.0,267.0,0.0
2025-01-11 21:30:00,648.7612139444144,0.0,266.0,0.0
2025-01-11 22:00:00,646.8377396826189,0.0,265.0,0.0
2025-01-11 22:30:00,621.0387153270616,0.0,269.0,0.0
2025-01-11 23:00:00,585.1709464786582,0.0,263.0,0.0
2025-01-11 23:30:00,599.0929207420894,0.0,262.0,0.0
2025-01-12 00:00:00,75.65249043167589,0.0,23.0,0.0
2025-01-12 00:30:00,69.42699104112687,0.0,23.0,0.0
2025-01-12 01:00:00,76.00849404211687,0.0,23.0,0.0
2025-01-12 01:30:00,74.36060388600984,0.0,26.0,0.0
2025-01-12 02:00:00,71.08390224198473,0.0,26.0,0.0
2025-01-12 02:30:00,73.33889732431923,0.0,23.0,0.0
2025-01-12 03:00:00,74.3803471276135,0.0,24.0,0.0
2025-01-12 03:30:00,75.23426926650521,0.0,26.000000000000004,0.0
2025-01-12 04:00:00,63.34043798296571,0.0,26.0,0.0
2025-01-12 04:30:00,68.02538112453574,0.0,26.0,0.0
2025-01-12 05:00:00,76.49094661295167,0.0,25.0,0.0
2025-01-12 05:30:00,68.8843989812754,0.0,27.0,0.0
2025-01-12 06:00:00,74.69656353378538,0.0,26.0,0.0
2025-01-12 06:30:00,73.05236497311867,0.0,25.0,0.0
2025-01-12 07:00:00,67.9995456683386,0.0,24.999999999999996,0.0
2025-01-12 07:30:00,61.75635551898963,0.0,26.0,0.0
2025-01-12 08:00:00,63.79225994093695,0.0,23.0,0.0
2025-01-12 08:30:00,73.5639461253852,0.0,25.0,0.0
2025-01-12 09:00:00,60.01276241163146,0.0,22.0,0.0
2025-01-12 09:30:00,62.111371747565954,0.0,23.0,0.0
2025-01-12 10:00:00,62.384936946952834,0.0,24.0,0.0
2025-01-12 10:30:00,68.60861299716115,0.0,23.0,0.0
2025-01-12 11:00:00,66.79870197899552,0.0,25.0,0.0
2025-01-12 11:30:00,64.55448044514146,0.0,23.0,0.0
2025-01-12 12:00:00,70.30043519845233,0.0,21.0,0.0
2025-01-12 12:30:00,68.57087430100121,0.0,24.0,0.0
2025-01-12 13:00:00,64.51187969277761,0.0,24.0,0.0
2025-01-12 13:30:00,62.563018408342145,0.0,22.0,0.0
2025-01-12 14:00:00,70.49902232298007,0.0,24.0,0.0
2025-01-12 14:30:00,67.67676078161075,0.0,25.0,0.0
2025-01-12 15:00:00,62.382614548866485,0.0,25.0,0.0
2025-01-12 15:30:00,62.48391319395512,0.0,26.0,0.0
2025-01-12 16:00:00,62.9213590009544,0.0,26.0,0.0
2025-01-12 16:30:00,62.510037352440705,0.0,24.0,0.0
2025-01-12 17:00:00,61.581955989808066,0.0,25.0,0.0
2025-01-12 17:30:00,64.82869103579566,0.0,27.0,0.0
2025-01-12 18:00:00,64.51258862108213,0.0,25.0,0.0
2025-01-12 18:30:00,66.05567456397178,0.0,26.0,0.0
2025-01-12 19:00:00,73.3437288625768,0.0,23.000000000000004,0.0
2025-01-12 19:30:00,69.61857693603729,0.0,24.0,0.0
2025-01-12 20:00:00,70.94058480538894,0.0,26.000000000000004,0.0
2025-01-12 20:30:00,74.36655994913497,0.0,25.0,0.0
2025-01-12 21:00:00,71.65948467431265,0.0,25.0,0.0
2025-01-12 21:30:00,74.97056214228365,0.0,27.0,0.0
2025-01-12 22:00:00,73.53750954382699,0.0,25.0,0.0
2025-01-12 22:30:00,72.96450613886286,0.0,25.0,0.0
2025-01-12 23:00:00,82.55120602210314,0.0,27.000000000000004,0.0
2025-01-12 23:30:00,75.82374231050481,0.0,26.0,0.0
2025-01-13 00:00:00,85.17505789467711,0.0,22.0,0.0
2025-01-13 00:30:00,76.6625828003775,0.0,22.0,0.0
2025-01-13 01:00:00,79.37461837712168,0.0,23.0,0.0
2025-01-13 01:30:00,88.1733456749601,0.0,23.0,0.0
2025-01-13 02:00:00,77.12707116845812,0.0,21.0,0.0
2025-01-13 02:30:00,88.39150082958389,0.0,25.000000000000004,0.0
2025-01-13 03:00:00,80.54894808500968,0.0,24.0,0.0
2025-01-13 03:30:00,81.9152255772643,0.0,21.000000000000004,0.0
2025-01-13 04:00:00,75.70270170435579,0.0,21.0,0.0
2025-01-13 04:30:00,79.81637066248335,0.0,22.0,0.0
2025-01-13 05:00:00,77.78012895075166,0.0,21.0,0.0
2025-01-13 05:30:00,82.2575137788201,0.0,21.0,0.0
2025-01-13 06:00:00,82.70360123811056,0.0,20.0,0.0
2025-01-13 06:30:00,83.221597128031,0.0,22.0,0.0
2025-01-13 07:00:00,78.38908058257364,0.0,21.0,0.0
2025-01-13 07:30:00,75.68791684703181,0.0,23.0,0.0
2025-01-13 08:00:00,78.12734429014202,0.0,21.999999999999996,0.0
2025-01-13 08:30:00,75.29356164396508,0.0,22.0,0.0
2025-01-13 09:00:00,81.59457359978184,0.0,20.0,0.0
2025-01-13 09:30:00,76.97668384151355,0.0,21.0,0.0
2025-01-13 10:00:00,81.94164726807885,0.0,24.0,0.0
2025-01-13 10:30:00,85.22496146875463,0.0,23.0,0.0
2025-01-13 11:00:00,78.10065116222768,0.0,19.0,0.0
2025-01-13 11:30:00,71.90043727000604,0.0,19.0,0.0
2025-01-13 12:00:00,77.02316459918318,0.0,20.0,0.0
2025-01-13 12:30:00,81.51439039265992,0.0,20.0,0.0
2025-01-13 13:00:00,78.72882664355078,0.0,20.0,0.0
2025-01-13 13:30:00,70.91065103705112,0.0,20.0,0.0
2025-01-13 14:00:00,77.78577231898537,0.0,19.0,0.0
2025-01-13 14:30:00,76.20770542611059,0.0,22.0,0.0
2025-01-13 15:00:00,73.09766118151143,0.0,19.999999999999996,0.0
2025-01-13 15:30:00,72.98819767907139,0.0,21.0,0.0
2025-01-13 16:00:00,81.29072698347464,0.0,20.0,0.0
2025-01-13 16:30:00,71.57893696151076,0.0,22.0,0.0
2025-01-13 17:00:00,76.05583519654967,0.0,22.0,0.0
2025-01-13 17:30:00,79.85678313390171,0.0,23.0,0.0
2025-01-13 18:00:00,84.58718323010172,0.0,22.000000000000004,0.0
2025-01-13 18:30:00,82.58540223293558,0.0,24.0,0.0
2025-01-13 19:00:00,74.14503871327253,0.0,20.0,0.0
2025-01-13 19:30:00,88.61481881710364,0.0,21.0,0.0
2025-01-13 20:00:00,80.39670790047215,0.0,23.0,0.0
2025-01-13 20:30:00,84.40512512870421,0.0,21.0,0.0
2025-01-13 21:00:00,86.33552449719983,0.0,21.0,0.0
2025-01-13 21:30:00,82.44062960523969,0.0,24.0,0.0
2025-01-13 22:00:00,86.20547506111457,0.0,22.0,0.0
2025-01-13 22:30:00,82.1144669966428,0.0,20.999999999999996,0.0
2025-01-13 23:00:00,87.2093301895607,0.0,23.0,0.0
2025-01-13 23:30:00,77.417804415105,0.0,24.0,0.0
2025-01-14 00:00:00,626.2832256253083,0.0,173.0,0.0
2025-01-14 00:30:00,560.384610331189,0.0,161.0,0.0
2025-01-14 01:00:00,591.8138754707862,0.0,157.0,0.0
2025-01-14 01:30:00,677.2545172636588,0.0,173.0,0.0
2025-01-14 02:00:00,644.9028016490827,0.0,179.0,0.0
2025-01-14 02:30:00,661.7652555352936,0.0,181.0,0.0
2025-01-14 03:00:00,618.3559346893817,0.0,175.00000000000003,0.0
2025-01-14 03:30:00,648.7961020329437,0.0,172.0,0.0
2025-01-14 04:00:00,596.0352509163049,0.0,174.00000000000003,0.0
2025-01-14 04:30:00,679.5770190174734,0.0,181.0,0.0
2025-01-14 05:00:00,667.7699792534146,0.0,181.0,0.0
2025-01-14 05:30:00,663.1429410069558,0.0,183.0,0.0
2025-01-14 06:00:00,620.3852396118662,0.0,175.0,0.0
2025-01-14 06:30:00,605.8776466190384,0.0,166.0,0.0
2025-01-14 07:00:00,663.1665361678928,0.0,172.99999999999997,0.0
2025-01-14 07:30:00,691.3530047337691,0.0,190.0,0.0
2025-01-14 08:00:00,753.419188286961,0.0,228.00000000000003,0.0
2025-01-14 08:30:00,874.7149789504615,0.0,233.0,0.0
2025-01-14 09:00:00,795.2581062655771,0.0,290.0,0.0
2025-01-14 09:30:00,926.547632927915,0.0,314.0,0.0
2025-01-14 10:00:00,835.6956859768738,0.0,315.0,0.0
2025-01-14 10:30:00,928.0812785269669,0.0,318.0,0.0
2025-01-14 11:00:00,885.8326419788692,0.0,309.0,0.0
2025-01-14 11:30:00,815.5632597214828,0.0,296.0,0.0
2025-01-14 12:00:00,725.2307837572883,0.0,262.0,0.0
2025-01-14 12:30:00,721.7776475521378,0.0,282.0,0.0
2025-01-14 13:00:00,765.5867070785027,0.0,290.0,0.0
2025-01-14 13:30:00,820.7203264197257,0.0,290.0,0.0
2025-01-14 14:00:00,769.5728628507601,0.0,286.0,0.0
2025-01-14 14:30:00,802.571641579189,0.0,283.0,0.0
2025-01-14 15:00:00,744.2770507199423,0.0,283.0,0.0
2025-01-14 15:30:00,798.0765303556103,0.0,304.0,0.0
2025-01-14 16:00:00,779.6828522979573,0.0,356.0,0.0
2025-01-14 16:30:00,779.9669853703313,0.0,336.0,0.0
2025-01-14 17:00:00,760.5358963674279,0.0,345.0,0.0
2025-01-14 17:30:00,736.4159754001618,0.0,349.0,0.0
2025-01-14 18:00:00,765.7538812634211,0.0,358.0,0.0
2025-01-14 18:30:00,743.6441457451133,0.0,356.0,0.0
2025-01-14 19:00:00,727.0004456125632,0.0,380.0,0.0
2025-01-14 19:30:00,840.9063999874937,0.0,380.0,0.0
2025-01-14 20:00:00,732.3494394794894,0.0,352.0,0.0
2025-01-14 20:30:00,610.4636670967733,0.0,339.0,0.0
2025-01-14 21:00:00,655.1268758952236,0.0,338.0,0.0
2025-01-14 21:30:00,710.2008656661268,0.0,343.0,0.0
2025-01-14 22:00:00,666.4842528680647,0.0,342.00000000000006,0.0
2025-01-14 22:30:00,719.4649943694982,0.0,320.0,0.0
2025-01-14 23:00:00,614.4054313460077,0.0,312.0,0.0
2025-01-14 23:30:00,650.019545593549,0.0,312.0,0.0
2025-01-15 00:00:00,533.3120730890392,0.0,264.0,0.0
2025-01-15 00:30:00,482.97893705609437,0.0,245.00000000000003,0.0
2025-01-15 01:00:00,559.412383037461,0.0,256.0,0.0
2025-01-15 01:30:00,551.6390938240186,0.0,262.0,0.0
2025-01-15 02:00:00,565.9761724816357,0.0,257.0,0.0
2025-01-15 02:30:00,491.4901678908338,0.0,265.0,0.0
2025-01-15 03:00:00,585.9580001179531,0.0,257.0,0.0
2025-01-15 03:30:00,489.3981979604738,0.0,259.0,0.0
2025-01-15 04:00:00,499.33533414194017,0.0,253.0,0.0
2025-01-15 04:30:00,509.9243226373915,0.0,252.0,0.0
2025-01-15 05:00:00,553.3615063704574,0.0,250.0,0.0
2025-01-15 05:30:00,523.2760375202976,0.0,247.0,0.0
2025-01-15 06:00:00,512.0997019972303,0.0,247.0,0.0
2025-01-15 06:30:00,488.46269170953894,0.0,238.0,0.0
2025-01-15 07:00:00,486.4047016701945,0.0,245.0,0.0
2025-01-15 07:30:00,589.1987824118848,0.0,266.0,0.0
2025-01-15 08:00:00,612.4991275986214,0.0,287.0,0.0
2025-01-15 08:30:00,775.286120741846,0.0,336.0,0.0
2025-01-15 09:00:00,775.5686124603303,0.0,384.0,0.0
2025-01-15 09:30:00,694.0381752971155,0.0,289.0,0.0
2025-01-15 10:00:00,759.106750382651,0.0,283.0,0.0
2025-01-15 10:30:00,832.3063160087856,0.0,284.0,0.0
2025-01-15 11:00:00,807.020563375522,0.0,289.0,0.0
2025-01-15 11:30:00,801.1506813848588,0.0,291.0,0.0
2025-01-15 12:00:00,742.6053945933713,0.0,264.0,0.0
2025-01-15 12:30:00,822.1719429314533,0.0,278.0,0.0
2025-01-15 13:00:00,781.8356826019748,0.0,282.0,0.0
2025-01-15 13:30:00,796.6147873485409,0.0,282.0,0.0
2025-01-15 14:00:00,735.4389546023874,0.0,266.0,0.0
2025-01-15 14:30:00,800.7968611507334,0.0,276.0,0.0
2025-01-15 15:00:00,768.1375956377527,0.0,279.0,0.0
2025-01-15 15:30:00,812.0144497347394,0.0,285.0,0.0
2025-01-15 16:00:00,701.1716580814799,0.0,271.0,0.0
2025-01-15 16:30:00,715.3045488724662,0.0,260.0,0.0
2025-01-15 17:00:00,786.7926832194275,0.0,271.0,0.0
2025-01-15 17:30:00,902.3213894848292,0.0,280.0,0.0
2025-01-15 18:00:00,735.7049612567998,0.0,280.0,0.0
2025-01-15 18:30:00,721.4656725079541,0.0,267.0,0.0
2025-01-15 19:00:00,757.8258032540299,0.0,261.0,0.0
2025-01-15 19:30:00,824.5604314111151,0.0,245.00000000000003,0.0
2025-01-15 20:00:00,712.7326456937393,0.0,221.0,0.0
2025-01-15 20:30:00,625.8878546207116,0.0,179.0,0.0
2025-01-15 21:00:00,584.8186516436296,0.0,180.0,0.0
2025-01-15 21:30:00,568.2128275744725,0.0,176.0,0.0
2025-01-15 22:00:00,588.4481658842893,0.0,174.0,0.0
2025-01-15 22:30:00,559.1688537169994,0.0,163.0,0.0
2025-01-15 23:00:00,581.8753102231781,0.0,151.0,0.0
2025-01-15 23:30:00,502.0200210620782,0.0,144.0,0.0
2025-01-16 00:00:00,614.8121297901333,0.0,175.00000000000003,0.0
2025-01-16 00:30:00,590.8581346783986,0.0,163.0,0.0
2025-01-16 01:00:00,595.0376279089436,0.0,170.0,0.0
2025-01-16 01:30:00,579.859006008208,0.0,176.0,0.0
2025-01-16 02:00:00,628.7779895832364,0.0,170.00000000000003,0.0
2025-01-16 02:30:00,611.9963482261878,0.0,170.0,0.0
2025-01-16 03:00:00,587.7216155164788,0.0,171.0,0.0
2025-01-16 03:30:00,633.0933043753824,0.0,173.0,0.0
2025-01-16 04:00:00,608.2948874781056,0.0,172.00000000000003,0.0
2025-01-16 04:30:00,614.6571085286132,0.0,178.0,0.0
2025-01-16 05:00:00,546.4450940915218,0.0,174.0,0.0
2025-01-16 05:30:00,632.3962994563261,0.0,170.0,0.0
2025-01-16 06:00:00,585.7727778850738,0.0,176.99999999999997,0.0
2025-01-16 06:30:00,582.978443794922,0.0,158.0,0.0
2025-01-16 07:00:00,579.2832253034276,0.0,160.0,0.0
2025-01-16 07:30:00,647.6819180314602,0.0,192.0,0.0
2025-01-16 08:00:00,685.1016015152878,0.0,203.0,0.0
2025-01-16 08:30:00,750.5127717121666,0.0,217.00000000000003,0.0
2025-01-16 09:00:00,816.9084743634972,0.0,248.0,0.0
2025-01-16 09:30:00,811.8939447277124,0.0,271.0,0.0
2025-01-16 10:00:00,807.5241167912202,0.0,310.0,0.0
2025-01-16 10:30:00,740.0683526718124,0.0,285.0,0.0
2025-01-16 11:00:00,787.9485219205402,0.0,269.0,0.0
2025-01-16 11:30:00,777.1215287962134,0.0,259.0,0.0
2025-01-16 12:00:00,776.8498034193433,0.0,231.00000000000003,0.0
2025-01-16 12:30:00,736.4551622210042,0.0,251.0,0.0
2025-01-16 13:00:00,759.6282586969687,0.0,262.0,0.0
2025-01-16 13:30:00,747.2608307976092,0.0,254.99999999999997,0.0
2025-01-16 14:00:00,838.7114010286882,0.0,276.0,0.0
2025-01-16 14:30:00,803.0933954727745,0.0,278.0,0.0
2025-01-16 15:00:00,827.6754255541169,0.0,264.0,0.0
2025-01-16 15:30:00,717.1692867418091,0.0,270.0,0.0
2025-01-16 16:00:00,730.6404817542407,0.0,275.0,0.0
2025-01-16 16:30:00,664.976953368863,0.0,252.0,0.0
2025-01-16 17:00:00,794.440345749596,0.0,267.0,0.0
2025-01-16 17:30:00,1138.321484624591,0.0,273.0,0.0
2025-01-16 18:00:00,1178.8448307515393,0.0,282.0,0.0
2025-01-16 18:30:00,764.07508093067,0.0,276.0,0.0
2025-01-16 19:00:00,760.9565456598602,0.0,272.0,0.0
2025-01-16 19:30:00,762.6957650939752,0.0,260.0,0.0
2025-01-16 20:00:00,748.1277812812378,0.0,226.0,0.0
2025-01-16 20:30:00,675.0034621909601,0.0,193.0,0.0
2025-01-16 21:00:00,702.0197684255343,0.0,204.0,0.0
2025-01-16 21:30:00,671.4522574313604,0.0,203.0,0.0
2025-01-16 22:00:00,699.3951802133079,0.0,202.0,0.0
2025-01-16 22:30:00,642.395909814182,0.0,203.0,0.0
2025-01-16 23:00:00,626.4701999841517,0.0,197.0,0.0
2025-01-16 23:30:00,627.0485779619106,0.0,196.0,0.0
2025-01-17 00:00:00,648.7765125332692,0.0,256.0,0.0
2025-01-17 00:30:00,636.0046517819732,0.0,247.99999999999997,0.0
2025-01-17 01:00:00,650.5914419620459,0.0,247.99999999999997,0.0
2025-01-17 01:30:00,662.6255919779168,0.0,240.00000000000003,0.0
2025-01-17 02:00:00,619.9975590841348,0.0,230.0,0.0
2025-01-17 02:30:00,598.2743010635994,0.0,234.0,0.0
2025-01-17 03:00:00,663.7654236349387,0.0,246.0,0.0
2025-01-17 03:30:00,543.1258803144628,0.0,245.0,0.0
2025-01-17 04:00:00,616.8224303993848,0.0,244.0,0.0
2025-01-17 04:30:00,604.9487216165206,0.0,246.0,0.0
2025-01-17 05:00:00,672.2068954443012,0.0,252.0,0.0
2025-01-17 05:30:00,633.4986287539981,0.0,257.0,0.0
2025-01-17 06:00:00,624.8563411908501,0.0,248.00000000000003,0.0
2025-01-17 06:30:00,615.8990238802314,0.0,233.0,0.0
2025-01-17 07:00:00,629.4473091654552,0.0,239.0,0.0
2025-01-17 07:30:00,655.8645740910757,0.0,254.0,0.0
2025-01-17 08:00:00,669.6357188752997,0.0,252.0,0.0
2025-01-17 08:30:00,719.4900140318947,0.0,260.0,0.0
2025-01-17 09:00:00,777.7233276641615,0.0,282.0,0.0
2025-01-17 09:30:00,755.5678464783745,0.0,282.0,0.0
2025-01-17 10:00:00,749.8532525321691,0.0,282.0,0.0
2025-01-17 10:30:00,814.8831314170147,0.0,293.0,0.0
2025-01-17 11:00:00,806.9639976583787,0.0,290.0,0.0
2025-01-17 11:30:00,718.9160563191233,0.0,275.0,0.0
2025-01-17 12:00:00,775.1346925674901,0.0,263.0,0.0
2025-01-17 12:30:00,812.9332291467787,0.0,289.0,0.0
2025-01-17 13:00:00,835.5686912016055,0.0,319.0,0.0
2025-01-17 13:30:00,818.633627120334,0.0,330.0,0.0
2025-01-17 14:00:00,850.4335162708092,0.0,366.0,0.0
2025-01-17 14:30:00,924.0063264266871,0.0,368.0,0.0
2025-01-17 15:00:00,832.0243306221449,0.0,367.0,0.0
2025-01-17 15:30:00,803.378365734796,0.0,362.0,0.0
2025-01-17 16:00:00,783.5837029153804,0.0,362.0,0.0
2025-01-17 16:30:00,873.0769504941532,0.0,352.0,0.0
2025-01-17 17:00:00,906.6699893247991,0.0,363.0,0.0
2025-01-17 17:30:00,791.6863369105035,0.0,374.0,0.0
2025-01-17 18:00:00,729.9912695781743,0.0,347.0,0.0
2025-01-17 18:30:00,465.67210411474974,0.0,181.0,0.0
2025-01-17 19:00:00,439.9151721889698,0.0,140.0,0.0
2025-01-17 19:30:00,371.3534878711582,0.0,128.0,0.0
2025-01-17 20:00:00,353.454257312178,0.0,127.0,0.0
2025-01-17 20:30:00,414.93153597229053,0.0,122.0,0.0
2025-01-17 21:00:00,374.23516543821546,0.0,120.0,0.0
2025-01-17 21:30:00,378.8566432522236,0.0,119.0,0.0
2025-01-17 22:00:00,485.9448526783454,0.0,193.0,0.0
2025-01-17 22:30:00,581.6376075320662,0.0,246.0,0.0
2025-01-17 23:00:00,537.141719647761,0.0,250.0,0.0
2025-01-17 23:30:00,564.2157302265331,0.0,251.0,0.0
2025-01-18 00:00:00,595.0083778996814,0.0,316.0,0.0
2025-01-18 00:30:00,589.3325158074547,0.0,305.0,0.0
2025-01-18 01:00:00,677.2894434133603,0.0,317.0,0.0
2025-01-18 01:30:00,587.616949278096,0.0,318.00000000000006,0.0
2025-01-18 02:00:00,619.3036642199369,0.0,321.0,0.0
2025-01-18 02:30:00,679.9707928208798,0.0,317.0,0.0
2025-01-18 03:00:00,628.9989772873943,0.0,320.0,0.0
2025-01-18 03:30:00,593.5426218497502,0.0,322.0,0.0
2025-01-18 04:00:00,597.9723418087628,0.0,319.0,0.0
2025-01-18 04:30:00,619.6429942420765,0.0,325.0,0.0
2025-01-18 05:00:00,659.1175512524617,0.0,323.0,0.0
2025-01-18 05:30:00,586.7027265386733,0.0,323.00000000000006,0.0
2025-01-18 06:00:00,563.8405034908075,0.0,315.0,0.0
2025-01-18 06:30:00,519.1774337213544,0.0,305.0,0.0
2025-01-18 07:00:00,577.2402994774865,0.0,310.0,0.0
2025-01-18 07:30:00,525.7170009931382,0.0,309.0,0.0
2025-01-18 08:00:00,473.8509524349473,0.0,267.0,0.0
2025-01-18 08:30:00,323.67418093941507,0.0,182.0,0.0
2025-01-18 09:00:00,339.73594510848403,0.0,161.0,0.0
2025-01-18 09:30:00,311.35887610820265,0.0,147.0,0.0
2025-01-18 10:00:00,313.8271700266944,0.0,147.0,0.0
2025-01-18 10:30:00,284.8422394458543,0.0,146.0,0.0
2025-01-18 11:00:00,313.68914136428424,0.0,140.0,0.0
2025-01-18 11:30:00,290.12922067903935,0.0,137.0,0.0
2025-01-18 12:00:00,307.88497474460326,0.0,141.0,0.0
2025-01-18 12:30:00,346.0949585120605,0.0,147.0,0.0
2025-01-18 13:00:00,313.8570226123498,0.0,149.0,0.0
2025-01-18 13:30:00,271.66447158011323,0.0,125.0,0.0
2025-01-18 14:00:00,295.5545199306379,0.0,100.0,0.0
2025-01-18 14:30:00,233.78911004292686,0.0,100.0,0.0
2025-01-18 15:00:00,259.2739006804232,0.0,102.0,0.0
2025-01-18 15:30:00,230.74923266169532,0.0,108.0,0.0
2025-01-18 16:00:00,245.88413735831364,0.0,104.0,0.0
2025-01-18 16:30:00,229.4035338625293,0.0,104.0,0.0
2025-01-18 17:00:00,250.13684299954213,0.0,107.0,0.0
2025-01-18 17:30:00,246.66837814876513,0.0,107.0,0.0
2025-01-18 18:00:00,216.143071164161,0.0,102.0,0.0
2025-01-18 18:30:00,166.39523787122144,0.0,69.0,0.0
2025-01-18 19:00:00,99.98227578390063,0.0,46.0,0.0
2025-01-18 19:30:00,105.57766797811124,0.0,47.0,0.0
2025-01-18 20:00:00,96.91968324696307,0.0,41.0,0.0
2025-01-18 20:30:00,61.69790693195792,0.0,22.0,0.0
2025-01-18 21:00:00,64.14628341354096,0.0,23.0,0.0
2025-01-18 21:30:00,65.83682555569789,0.0,20.999999999999996,0.0
2025-01-18 22:00:00,69.75054871108715,0.0,23.0,0.0
2025-01-18 22:30:00,72.42520488658072,0.0,22.0,0.0
2025-01-18 23:00:00,63.9818447309139,0.0,20.0,0.0
2025-01-18 23:30:00,63.65653264807027,0.0,23.0,0.0
2025-01-19 00:00:00,608.1636206508182,0.0,259.0,0.0
2025-01-19 00:30:00,612.2369357715282,0.0,245.0,0.0
2025-01-19 01:00:00,568.0063471088971,0.0,243.99999999999997,0.0
2025-01-19 01:30:00,572.2620554978215,0.0,241.99999999999997,0.0
2025-01-19 02:00:00,628.0572860302046,0.0,243.0,0.0
2025-01-19 02:30:00,595.6240806377098,0.0,249.0,0.0
2025-01-19 03:00:00,576.8894210974908,0.0,243.0,0.0
2025-01-19 03:30:00,569.3358309303754,0.0,242.0,0.0
2025-01-19 04:00:00,582.1822954311541,0.0,248.0,0.0
2025-01-19 04:30:00,515.5511797147569,0.0,241.0,0.0
2025-01-19 05:00:00,579.7719793671599,0.0,254.0,0.0
2025-01-19 05:30:00,577.9209232027645,0.0,243.0,0.0
2025-01-19 06:00:00,577.7172381227064,0.0,243.0,0.0
2025-01-19 06:30:00,575.3916210649019,0.0,231.99999999999997,0.0
2025-01-19 07:00:00,608.9040945470133,0.0,235.0,0.0
2025-01-19 07:30:00,598.7354392875636,0.0,247.0,0.0
2025-01-19 08:00:00,423.2498202965042,0.0,181.0,0.0
2025-01-19 08:30:00,126.45256065681288,0.0,66.0,0.0
2025-01-19 09:00:00,130.07733733337946,0.0,76.0,0.0
2025-01-19 09:30:00,96.12585223290534,0.0,37.0,0.0
2025-01-19 10:00:00,95.82586917329283,0.0,36.0,0.0
2025-01-19 10:30:00,94.8855705466055,0.0,33.0,0.0
2025-01-19 11:00:00,92.96887048668945,0.0,30.000000000000004,0.0
2025-01-19 11:30:00,88.63967857313418,0.0,29.0,0.0
2025-01-19 12:00:00,93.70717497720891,0.0,29.0,0.0
2025-01-19 12:30:00,98.9693615111637,0.0,30.0,0.0
2025-01-19 13:00:00,97.1971465878344,0.0,31.0,0.0
2025-01-19 13:30:00,91.97254786791738,0.0,30.0,0.0
2025-01-19 14:00:00,89.21843433638453,0.0,30.0,0.0
2025-01-19 14:30:00,90.04600281215833,0.0,31.0,0.0
2025-01-19 15:00:00,89.9289319621784,0.0,31.0,0.0
2025-01-19 15:30:00,94.2966850498318,0.0,31.0,0.0
2025-01-19 16:00:00,98.53609762457414,0.0,31.0,0.0
2025-01-19 16:30:00,92.89016747491573,0.0,32.0,0.0
2025-01-19 17:00:00,99.35164092777934,0.0,33.0,0.0
2025-01-19 17:30:00,100.1840197677964,0.0,33.0,0.0
2025-01-19 18:00:00,92.65565275611652,0.0,31.999999999999996,0.0
2025-01-19 18:30:00,89.11225601149293,0.0,28.0,0.0
2025-01-19 19:00:00,82.98449718207759,0.0,28.000000000000004,0.0
2025-01-19 19:30:00,85.95426900862678,0.0,29.0,0.0
2025-01-19 20:00:00,89.41724302328963,0.0,30.000000000000004,0.0
2025-01-19 20:30:00,90.9291779895932,0.0,29.0,0.0
2025-01-19 21:00:00,86.33483165447116,0.0,28.999999999999996,0.0
2025-01-19 21:30:00,89.06630339179827,0.0,31.0,0.0
2025-01-19 22:00:00,90.26246164392435,0.0,28.000000000000004,0.0
2025-01-19 22:30:00,84.83918229157305,0.0,27.000000000000004,0.0
2025-01-19 23:00:00,80.8892923337306,0.0,27.0,0.0
2025-01-19 23:30:00,83.23312510363058,0.0,27.999999999999996,0.0
2025-01-20 00:00:00,80.20831584505498,0.0,22.0,0.0
2025-01-20 00:30:00,88.21634812810659,0.0,22.0,0.0
2025-01-20 01:00:00,83.37224616510974,0.0,23.0,0.0
2025-01-20 01:30:00,78.12971817538693,0.0,23.0,0.0
2025-01-20 02:00:00,79.87789155160583,0.0,21.0,0.0
2025-01-20 02:30:00,84.29038650327416,0.0,25.000000000000004,0.0
2025-01-20 03:00:00,77.96160796513746,0.0,23.999999999999996,0.0
2025-01-20 03:30:00,82.60961010786917,0.0,21.0,0.0
2025-01-20 04:00:00,85.23541024211274,0.0,21.0,0.0
2025-01-20 04:30:00,83.30043389211923,0.0,22.0,0.0
2025-01-20 05:00:00,79.13632008849204,0.0,21.000000000000004,0.0
2025-01-20 05:30:00,80.73616409778887,0.0,21.0,0.0
2025-01-20 06:00:00,82.30129954343815,0.0,20.0,0.0
2025-01-20 06:30:00,82.22384705896543,0.0,22.0,0.0
2025-01-20 07:00:00,84.81930000268045,0.0,21.0,0.0
2025-01-20 07:30:00,80.45932888118938,0.0,23.0,0.0
2025-01-20 08:00:00,71.9901613505744,0.0,22.0,0.0
2025-01-20 08:30:00,77.14814766527688,0.0,22.0,0.0
2025-01-20 09:00:00,78.06266748802088,0.0,20.0,0.0
2025-01-20 09:30:00,81.77148588125738,0.0,21.0,0.0
2025-01-20 10:00:00,88.70553042899974,0.0,24.000000000000004,0.0
2025-01-20 10:30:00,90.69156444771176,0.0,23.0,0.0
2025-01-20 11:00:00,78.91200843851088,0.0,19.0,0.0
2025-01-20 11:30:00,81.39217196796979,0.0,19.0,0.0
2025-01-20 12:00:00,75.42470493958312,0.0,20.0,0.0
2025-01-20 12:30:00,79.0840715697081,0.0,20.000000000000004,0.0
2025-01-20 13:00:00,74.18496472227343,0.0,20.0,0.0
2025-01-20 13:30:00,77.17791077323336,0.0,20.0,0.0
2025-01-20 14:00:00,88.02004232226932,0.0,19.0,0.0
2025-01-20 14:30:00,79.5899326058665,0.0,21.999999999999996,0.0
2025-01-20 15:00:00,73.13850587629278,0.0,20.0,0.0
2025-01-20 15:30:00,78.99855124206306,0.0,21.0,0.0
2025-01-20 16:00:00,75.41840195271261,0.0,20.0,0.0
2025-01-20 16:30:00,75.56680661487768,0.0,22.0,0.0
2025-01-20 17:00:00,87.72736080802689,0.0,22.0,0.0
2025-01-20 17:30:00,83.61417693225273,0.0,23.000000000000004,0.0
2025-01-20 18:00:00,79.75450356998333,0.0,22.0,0.0
2025-01-20 18:30:00,78.78565401978538,0.0,24.0,0.0
2025-01-20 19:00:00,76.21693391141461,0.0,20.0,0.0
2025-01-20 19:30:00,88.66885536393052,0.0,21.0,0.0
2025-01-20 20:00:00,87.56196234240961,0.0,23.0,0.0
2025-01-20 20:30:00,70.46011657961819,0.0,21.0,0.0
2025-01-20 21:00:00,94.48183490498634,0.0,21.0,0.0
2025-01-20 21:30:00,87.02936488326449,0.0,24.0,0.0
2025-01-20 22:00:00,84.73013190888551,0.0,22.0,0.0
2025-01-20 22:30:00,88.85933194381423,0.0,21.0,0.0
2025-01-20 23:00:00,86.24120751429103,0.0,23.000000000000004,0.0
2025-01-20 23:30:00,88.44407143732677,0.0,24.0,0.0
2025-01-21 00:00:00,723.3668314031113,0.0,249.99999999999997,0.0
2025-01-21 00:30:00,746.0027085983924,0.0,250.00000000000003,0.0
2025-01-21 01:00:00,650.6338729377768,0.0,241.00000000000003,0.0
2025-01-21 01:30:00,647.9541161355089,0.0,238.0,0.0
2025-01-21 02:00:00,608.5554847489865,0.0,239.0,0.0
2025-01-21 02:30:00,612.9606175941021,0.0,228.0,0.0
2025-01-21 03:00:00,681.3163752124123,0.0,238.0,0.0
2025-01-21 03:30:00,594.6294735012405,0.0,241.0,0.0
2025-01-21 04:00:00,646.7610316870941,0.0,241.0,0.0
2025-01-21 04:30:00,641.0845012596797,0.0,238.0,0.0
2025-01-21 05:00:00,638.7164767107791,0.0,238.0,0.0
2025-01-21 05:30:00,679.7792601294525,0.0,240.0,0.0
2025-01-21 06:00:00,684.5709417793089,0.0,238.0,0.0
2025-01-21 06:30:00,604.3810030653655,0.0,233.0,0.0
2025-01-21 07:00:00,672.6223785972793,0.0,247.0,0.0
2025-01-21 07:30:00,668.2225396232117,0.0,256.0,0.0
2025-01-21 08:00:00,687.0950778676713,0.0,276.0,0.0
2025-01-21 08:30:00,838.3197902719712,0.0,315.0,0.0
2025-01-21 09:00:00,875.1486040385865,0.0,327.0,0.0
2025-01-21 09:30:00,890.5759255213036,0.0,329.0,0.0
2025-01-21 10:00:00,825.3402883676938,0.0,360.0,0.0
2025-01-21 10:30:00,882.6172574126001,0.0,378.0,0.0
2025-01-21 11:00:00,875.3017302800578,0.0,372.0,0.0
2025-01-21 11:30:00,875.825989712433,0.0,392.0,0.0
2025-01-21 12:00:00,895.82709554881,0.0,328.0,0.0
2025-01-21 12:30:00,908.4426433882717,0.0,318.0,0.0
2025-01-21 13:00:00,947.8126461728817,0.0,332.0,0.0
2025-01-21 13:30:00,879.821961633841,0.0,336.0,0.0
2025-01-21 14:00:00,894.6013317123018,0.0,328.0,0.0
2025-01-21 14:30:00,989.6349472465189,0.0,324.0,0.0
2025-01-21 15:00:00,915.5671999061221,0.0,323.0,0.0
2025-01-21 15:30:00,926.5137408890636,0.0,323.0,0.0
2025-01-21 16:00:00,897.5920039100905,0.0,312.0,0.0
2025-01-21 16:30:00,911.2562889032772,0.0,294.0,0.0
2025-01-21 17:00:00,938.8638559463079,0.0,310.0,0.0
2025-01-21 17:30:00,940.4034020083278,0.0,313.0,0.0
2025-01-21 18:00:00,865.5081990276506,0.0,306.0,0.0
2025-01-21 18:30:00,653.2636940608181,0.0,213.0,0.0
2025-01-21 19:00:00,725.1764225468874,0.0,212.00000000000003,0.0
2025-01-21 19:30:00,677.5589097343538,0.0,207.99999999999997,0.0
2025-01-21 20:00:00,587.9809578858286,0.0,185.0,0.0
2025-01-21 20:30:00,491.2910137981292,0.0,120.0,0.0
2025-01-21 21:00:00,430.14357858168927,0.0,117.99999999999999,0.0
2025-01-21 21:30:00,477.3516323740911,0.0,125.0,0.0
2025-01-21 22:00:00,628.3042590932645,0.0,202.00000000000003,0.0
2025-01-21 22:30:00,689.9173400104696,0.0,253.0,0.0
2025-01-21 23:00:00,757.3881237928683,0.0,264.0,0.0
2025-01-21 23:30:00,755.5988896146259,0.0,263.0,0.0
2025-01-22 00:00:00,618.9153545259919,0.0,223.0,0.0
2025-01-22 00:30:00,642.4868924298546,0.0,198.29787234042553,0.0
2025-01-22 01:00:00,637.3229518776672,0.0,196.82978723404256,0.0
2025-01-22 01:30:00,704.3837883533826,0.0,208.91489361702128,0.0
2025-01-22 02:00:00,747.402686628568,0.0,209.70212765957447,0.0
2025-01-22 02:30:00,600.0626949887003,0.0,208.0,0.0
2025-01-22 03:00:00,736.6954478550899,0.0,205.06382978723406,0.0
2025-01-22 03:30:00,651.6271917013653,0.0,200.38297872340425,0.0
2025-01-22 04:00:00,668.5701145306425,0.0,199.91489361702128,0.0
2025-01-22 04:30:00,613.4837367455441,0.0,204.23404255319153,0.0
2025-01-22 05:00:00,682.6069545222128,0.0,203.8085106382979,0.0
2025-01-22 05:30:00,637.2135023215916,0.0,197.0,0.0
2025-01-22 06:00:00,632.1528726246659,0.0,197.0,0.0
2025-01-22 06:30:00,552.0753691219812,0.0,190.74468085106383,0.0
2025-01-22 07:00:00,624.3450518516596,0.0,188.38297872340425,0.0
2025-01-22 07:30:00,680.5000903679123,0.0,205.36170212765958,0.0
2025-01-22 08:00:00,686.5290250015414,0.0,233.70212765957447,0.0
2025-01-22 08:30:00,816.8497025735456,0.0,301.87234042553183,0.0
2025-01-22 09:00:00,879.7444405631379,0.0,355.8936170212766,0.0
2025-01-22 09:30:00,824.5233443854365,0.0,349.14893617021283,0.0
2025-01-22 10:00:00,929.7854381891515,0.0,324.0851063829787,0.0
2025-01-22 10:30:00,870.3091304399272,0.0,328.1489361702128,0.0
2025-01-22 11:00:00,870.8576988356981,0.0,323.97872340425533,0.0
2025-01-22 11:30:00,848.7731348241397,0.0,317.1276595744681,0.0
2025-01-22 12:00:00,843.921559434564,0.0,319.8723404255319,0.0
2025-01-22 12:30:00,748.8256685717422,0.0,320.8723404255319,0.0
2025-01-22 13:00:00,859.6066953227221,0.0,304.468085106383,0.0
2025-01-22 13:30:00,796.2424370046411,0.0,290.17021276595744,0.0
2025-01-22 14:00:00,934.6920695889702,0.0,288.468085106383,0.0
2025-01-22 14:30:00,945.7349793736275,0.0,287.3404255319149,0.0
2025-01-22 15:00:00,905.8964891560869,0.0,281.4255319148936,0.0
2025-01-22 15:30:00,840.2708760178414,0.0,273.3829787234043,0.0
2025-01-22 16:00:00,804.1634805717893,0.0,272.531914893617,0.0
2025-01-22 16:30:00,837.8160558480877,0.0,284.8936170212766,0.0
2025-01-22 17:00:00,933.7906021051449,0.0,276.9574468085106,0.0
2025-01-22 17:30:00,833.5790486662611,0.0,284.93617021276594,0.0
2025-01-22 18:00:00,764.9288646925456,0.0,282.1914893617021,0.0
2025-01-22 18:30:00,907.5881140417848,0.0,275.1914893617021,0.0
2025-01-22 19:00:00,900.4721775092053,0.0,265.57446808510645,0.0
2025-01-22 19:30:00,854.1219539358855,0.0,253.46808510638303,0.0
2025-01-22 20:00:00,785.9027089292049,0.0,244.23404255319153,0.0
2025-01-22 20:30:00,735.7220540506644,0.0,218.53191489361703,0.0
2025-01-22 21:00:00,659.3204194208064,0.0,197.0,0.0
2025-01-22 21:30:00,588.4165282655676,0.0,194.61702127659572,0.0
2025-01-22 22:00:00,650.040247587552,0.0,188.21276595744683,0.0
2025-01-22 22:30:00,653.2712426143422,0.0,183.17021276595744,0.0
2025-01-22 23:00:00,630.7241951263079,0.0,183.91489361702128,0.0
2025-01-22 23:30:00,618.6155622257804,0.0,183.0,0.0
2025-01-23 00:00:00,607.4679701076858,0.0,175.0,0.0
2025-01-23 00:30:00,555.643754690947,0.0,163.0,0.0
2025-01-23 01:00:00,605.0029864694247,0.0,170.0,0.0
2025-01-23 01:30:00,682.2940686577996,0.0,176.0,0.0
2025-01-23 02:00:00,612.3633371253595,0.0,170.0,0.0
2025-01-23 02:30:00,618.1123227161011,0.0,170.0,0.0
2025-01-23 03:00:00,635.5544273121114,0.0,171.0,0.0
2025-01-23 03:30:00,701.1156698515358,0.0,173.0,0.0
2025-01-23 04:00:00,617.6739641936416,0.0,172.0,0.0
2025-01-23 04:30:00,663.5733329330301,0.0,178.0,0.0
2025-01-23 05:00:00,594.1807322309321,0.0,174.0,0.0
2025-01-23 05:30:00,603.5886082108758,0.0,170.0,0.0
2025-01-23 06:00:00,624.6518081464413,0.0,177.0,0.0
2025-01-23 06:30:00,558.6460191086824,0.0,158.0,0.0
2025-01-23 07:00:00,597.5309825102803,0.0,160.0,0.0
2025-01-23 07:30:00,689.848770206169,0.0,192.0,0.0
2025-01-23 08:00:00,621.856992230795,0.0,203.0,0.0
2025-01-23 08:30:00,731.0832544378449,0.0,217.0,0.0
2025-01-23 09:00:00,800.62034784057,0.0,248.00000000000003,0.0
2025-01-23 09:30:00,765.774948340663,0.0,271.0,0.0
2025-01-23 10:00:00,835.2096228772114,0.0,310.0,0.0
2025-01-23 10:30:00,815.3805998293536,0.0,285.0,0.0
2025-01-23 11:00:00,794.0496484218381,0.0,269.0,0.0
2025-01-23 11:30:00,707.0438075276631,0.0,259.0,0.0
2025-01-23 12:00:00,718.3846637849807,0.0,231.0,0.0
2025-01-23 12:30:00,769.6183898895534,0.0,251.00000000000003,0.0
2025-01-23 13:00:00,815.1242580298104,0.0,262.0,0.0
2025-01-23 13:30:00,759.9012326878076,0.0,255.0,0.0
2025-01-23 14:00:00,837.4643376439254,0.0,276.0,0.0
2025-01-23 14:30:00,759.6219476113331,0.0,278.0,0.0
2025-01-23 15:00:00,789.7402008452473,0.0,264.0,0.0
2025-01-23 15:30:00,831.8532605392915,0.0,270.0,0.0
2025-01-23 16:00:00,759.5023564406574,0.0,275.0,0.0
2025-01-23 16:30:00,786.9086661558764,0.0,251.99999999999997,0.0
2025-01-23 17:00:00,792.4274087850247,0.0,267.0,0.0
2025-01-23 17:30:00,809.6710889008435,0.0,273.0,0.0
2025-01-23 18:00:00,804.8511320925616,0.0,282.0,0.0
2025-01-23 18:30:00,751.8589307027422,0.0,276.0,0.0
2025-01-23 19:00:00,852.5278747434388,0.0,272.0,0.0
2025-01-23 19:30:00,791.582669217518,0.0,260.0,0.0
2025-01-23 20:00:00,709.6434153576771,0.0,226.0,0.0
2025-01-23 20:30:00,609.4541800846869,0.0,193.0,0.0
2025-01-23 21:00:00,676.4985840865872,0.0,204.0,0.0
2025-01-23 21:30:00,665.9599525580303,0.0,203.00000000000003,0.0
2025-01-23 22:00:00,668.7283248212512,0.0,202.0,0.0
2025-01-23 22:30:00,674.6124956257229,0.0,203.0,0.0
2025-01-23 23:00:00,613.9615996919815,0.0,197.0,0.0
2025-01-23 23:30:00,584.8400661570921,0.0,196.0,0.0
2025-01-24 00:00:00,641.8334243161113,0.0,256.0,0.0
2025-01-24 00:30:00,670.3115378414427,0.0,248.0,0.0
2025-01-24 01:00:00,667.4842794717161,0.0,247.99999999999997,0.0
2025-01-24 01:30:00,622.0243539464965,0.0,240.0,0.0
2025-01-24 02:00:00,623.352689325073,0.0,230.0,0.0
2025-01-24 02:30:00,614.9998597314222,0.0,234.0,0.0
2025-01-24 03:00:00,698.0142705852569,0.0,246.0,0.0
2025-01-24 03:30:00,613.6287171394351,0.0,245.0,0.0
2025-01-24 04:00:00,613.1308910939042,0.0,244.0,0.0
2025-01-24 04:30:00,605.6780916538476,0.0,246.0,0.0
2025-01-24 05:00:00,587.0749023834346,0.0,252.0,0.0
2025-01-24 05:30:00,657.7235403656061,0.0,257.0,0.0
2025-01-24 06:00:00,649.4021246740173,0.0,248.00000000000003,0.0
2025-01-24 06:30:00,656.9988583970273,0.0,233.0,0.0
2025-01-24 07:00:00,682.5412253926461,0.0,239.0,0.0
2025-01-24 07:30:00,749.564305085236,0.0,254.0,0.0
2025-01-24 08:00:00,663.9385593855307,0.0,252.0,0.0
2025-01-24 08:30:00,725.4255385304893,0.0,260.0,0.0
2025-01-24 09:00:00,743.1103052707454,0.0,282.0,0.0
2025-01-24 09:30:00,823.475452127548,0.0,282.0,0.0
2025-01-24 10:00:00,800.476240398667,0.0,282.0,0.0
2025-01-24 10:30:00,838.875088575839,0.0,293.0,0.0
2025-01-24 11:00:00,749.5123426516852,0.0,290.0,0.0
2025-01-24 11:30:00,787.8105981572235,0.0,275.0,0.0
2025-01-24 12:00:00,754.4217433351643,0.0,263.0,0.0
2025-01-24 12:30:00,788.4633608468777,0.0,289.0,0.0
2025-01-24 13:00:00,769.5207360154141,0.0,319.0,0.0
2025-01-24 13:30:00,854.5018951022129,0.0,330.0,0.0
2025-01-24 14:00:00,908.6711250221048,0.0,366.0,0.0
2025-01-24 14:30:00,786.7541713047043,0.0,368.0,0.0
2025-01-24 15:00:00,875.1901128100474,0.0,367.0,0.0
2025-01-24 15:30:00,725.7223213354375,0.0,362.0,0.0
2025-01-24 16:00:00,877.0517945963386,0.0,362.0,0.0
2025-01-24 16:30:00,727.5688250835628,0.0,352.0,0.0
2025-01-24 17:00:00,811.1351099599959,0.0,363.0,0.0
2025-01-24 17:30:00,775.5655374632133,0.0,374.0,0.0
2025-01-24 18:00:00,749.3732834058017,0.0,347.0,0.0
2025-01-24 18:30:00,493.19173045927135,0.0,181.0,0.0
2025-01-24 19:00:00,376.04346798273,0.0,140.0,0.0
2025-01-24 19:30:00,389.76612556156215,0.0,128.0,0.0
2025-01-24 20:00:00,381.9379721312053,0.0,126.99999999999999,0.0
2025-01-24 20:30:00,403.9540692647138,0.0,122.0,0.0
2025-01-24 21:00:00,376.43476480863364,0.0,120.00000000000001,0.0
2025-01-24 21:30:00,348.63558462794964,0.0,119.0,0.0
2025-01-24 22:00:00,479.41019428918275,0.0,193.0,0.0
2025-01-24 22:30:00,612.6244824549168,0.0,246.0,0.0
2025-01-24 23:00:00,601.8973130095028,0.0,250.00000000000003,0.0
2025-01-24 23:30:00,561.9389427656228,0.0,251.0,0.0
2025-01-25 00:00:00,83.47445181659114,0.0,25.0,0.0
2025-01-25 00:30:00,76.14905760820669,0.0,25.0,0.0
2025-01-25 01:00:00,75.7993375674326,0.0,22.0,0.0
2025-01-25 01:30:00,76.30353328784281,0.0,21.0,0.0
2025-01-25 02:00:00,64.50428144239402,0.0,17.0,0.0
2025-01-25 02:30:00,71.79788310260379,0.0,18.0,0.0
2025-01-25 03:00:00,71.7696901584056,0.0,19.0,0.0
2025-01-25 03:30:00,77.13026839362156,0.0,18.0,0.0
2025-01-25 04:00:00,68.03920374680189,0.0,20.0,0.0
2025-01-25 04:30:00,70.1752338650579,0.0,18.0,0.0
2025-01-25 05:00:00,69.15378190247357,0.0,21.0,0.0
2025-01-25 05:30:00,67.83990897819592,0.0,18.999999999999996,0.0
2025-01-25 06:00:00,74.53747682108383,0.0,20.0,0.0
2025-01-25 06:30:00,71.63533242265692,0.0,19.999999999999996,0.0
2025-01-25 07:00:00,68.59995893100724,0.0,20.0,0.0
2025-01-25 07:30:00,67.77841410992512,0.0,21.0,0.0
2025-01-25 08:00:00,68.57293487253665,0.0,20.0,0.0
2025-01-25 08:30:00,95.6783644307023,0.0,19.0,0.0
2025-01-25 09:00:00,161.57542335084938,0.0,77.0,0.0
2025-01-25 09:30:00,243.76520760840492,0.0,100.0,0.0
2025-01-25 10:00:00,236.75012253882502,0.0,100.0,0.0
2025-01-25 10:30:00,234.7741223851728,0.0,101.0,0.0
2025-01-25 11:00:00,245.91171937317696,0.0,108.0,0.0
2025-01-25 11:30:00,249.922155300499,0.0,108.0,0.0
2025-01-25 12:00:00,238.18107162492657,0.0,109.0,0.0
2025-01-25 12:30:00,241.28848179988847,0.0,111.0,0.0
2025-01-25 13:00:00,249.72768940217267,0.0,111.0,0.0
2025-01-25 13:30:00,251.46508528378908,0.0,110.0,0.0
2025-01-25 14:00:00,215.37710271860516,0.0,111.00000000000001,0.0
2025-01-25 14:30:00,213.2237917860726,0.0,109.0,0.0
2025-01-25 15:00:00,216.24479278658237,0.0,114.00000000000001,0.0
2025-01-25 15:30:00,239.3765891896044,0.0,113.0,0.0
2025-01-25 16:00:00,222.8295189224235,0.0,110.0,0.0
2025-01-25 16:30:00,229.0928727632665,0.0,109.0,0.0
2025-01-25 17:00:00,248.98367324540632,0.0,108.0,0.0
2025-01-25 17:30:00,218.42565119256957,0.0,109.99999999999999,0.0
2025-01-25 18:00:00,173.49765803960457,0.0,70.0,0.0
2025-01-25 18:30:00,126.69307770618063,0.0,46.0,0.0
2025-01-25 19:00:00,70.38712388275049,0.0,24.0,0.0
2025-01-25 19:30:00,77.39241936415134,0.0,24.0,0.0
2025-01-25 20:00:00,74.13080816797319,0.0,27.0,0.0
2025-01-25 20:30:00,88.88059931053999,0.0,31.999999999999996,0.0
2025-01-25 21:00:00,78.95083692449451,0.0,28.999999999999996,0.0
2025-01-25 21:30:00,79.3961052805797,0.0,31.0,0.0
2025-01-25 22:00:00,77.83978411795212,0.0,30.999999999999996,0.0
2025-01-25 22:30:00,77.5810369762087,0.0,30.000000000000004,0.0
2025-01-25 23:00:00,80.56343804929574,0.0,32.0,0.0
2025-01-25 23:30:00,71.45170541497754,0.0,30.0,0.0
2025-01-26 00:00:00,72.65884832060335,0.0,24.0,0.0
2025-01-26 00:30:00,71.42511737306026,0.0,24.0,0.0
2025-01-26 01:00:00,71.86325973185669,0.0,23.0,0.0
2025-01-26 01:30:00,74.60919346360096,0.0,24.0,0.0
2025-01-26 02:00:00,73.8005204115706,0.0,21.0,0.0
2025-01-26 02:30:00,77.4058269324238,0.0,25.0,0.0
2025-01-26 03:00:00,76.94981783525876,0.0,22.0,0.0
2025-01-26 03:30:00,75.1524411107837,0.0,26.000000000000004,0.0
2025-01-26 04:00:00,75.59659003531009,0.0,24.0,0.0
2025-01-26 04:30:00,71.33304541225783,0.0,24.0,0.0
2025-01-26 05:00:00,71.30133237328906,0.0,25.999999999999996,0.0
2025-01-26 05:30:00,68.8978269833161,0.0,23.0,0.0
2025-01-26 06:00:00,78.92142509591208,0.0,26.0,0.0
2025-01-26 06:30:00,74.18507368916305,0.0,25.0,0.0
2025-01-26 07:00:00,68.40026324836352,0.0,26.0,0.0
2025-01-26 07:30:00,72.29123945756923,0.0,25.0,0.0
2025-01-26 08:00:00,62.47892732248877,0.0,25.0,0.0
2025-01-26 08:30:00,73.23374078694762,0.0,25.0,0.0
2025-01-26 09:00:00,63.759728288030445,0.0,23.0,0.0
2025-01-26 09:30:00,68.91077794474931,0.0,25.0,0.0
2025-01-26 10:00:00,70.26842480724677,0.0,23.0,0.0
2025-01-26 10:30:00,64.39138690190465,0.0,24.0,0.0
2025-01-26 11:00:00,66.89338899569229,0.0,23.0,0.0
2025-01-26 11:30:00,70.49839490176133,0.0,22.999999999999996,0.0
2025-01-26 12:00:00,68.01066160891858,0.0,23.0,0.0
2025-01-26 12:30:00,70.83626954163886,0.0,25.0,0.0
2025-01-26 13:00:00,64.95421933980771,0.0,26.0,0.0
2025-01-26 13:30:00,71.50749200838683,0.0,24.0,0.0
2025-01-26 14:00:00,68.84481272295868,0.0,26.0,0.0
2025-01-26 14:30:00,71.79286391574645,0.0,26.0,0.0
2025-01-26 15:00:00,72.78064119367355,0.0,24.0,0.0
2025-01-26 15:30:00,71.90678479765607,0.0,25.0,0.0
2025-01-26 16:00:00,70.79319592497788,0.0,26.0,0.0
2025-01-26 16:30:00,71.81396434242593,0.0,26.0,0.0
2025-01-26 17:00:00,70.96124991483853,0.0,24.0,0.0
2025-01-26 17:30:00,74.78284854045468,0.0,26.0,0.0
2025-01-26 18:00:00,73.37486367947432,0.0,26.0,0.0
2025-01-26 18:30:00,80.03074530697283,0.0,30.0,0.0
2025-01-26 19:00:00,82.05370189118636,0.0,27.0,0.0
2025-01-26 19:30:00,75.52170956260544,0.0,28.0,0.0
2025-01-26 20:00:00,67.67832014406962,0.0,24.0,0.0
2025-01-26 20:30:00,76.31678917014624,0.0,26.0,0.0
2025-01-26 21:00:00,73.71276779849022,0.0,26.0,0.0
2025-01-26 21:30:00,69.0623367618762,0.0,25.0,0.0
2025-01-26 22:00:00,76.34401814501052,0.0,27.0,0.0
2025-01-26 22:30:00,77.70928831249606,0.0,23.000000000000004,0.0
2025-01-26 23:00:00,68.41083875761944,0.0,25.0,0.0
2025-01-26 23:30:00,77.25704435742057,0.0,25.0,0.0
2025-01-27 00:00:00,68.13879760784113,0.0,25.0,0.0
2025-01-27 00:30:00,69.37601042767291,0.0,25.0,0.0
2025-01-27 01:00:00,84.34311558967711,0.0,24.0,0.0
2025-01-27 01:30:00,86.4496388595948,0.0,25.0,0.0
2025-01-27 02:00:00,95.42828771393364,0.0,24.0,0.0
2025-01-27 02:30:00,105.43459939207949,0.0,27.0,0.0
2025-01-27 03:00:00,93.95027631680999,0.0,27.0,0.0
2025-01-27 03:30:00,93.61120752144595,0.0,25.0,0.0
2025-01-27 04:00:00,91.54811228734035,0.0,26.0,0.0
2025-01-27 04:30:00,91.67060309266915,0.0,28.0,0.0
2025-01-27 05:00:00,86.42506442950501,0.0,25.0,0.0
2025-01-27 05:30:00,87.75287124558727,0.0,26.000000000000004,0.0
2025-01-27 06:00:00,125.23814467389467,0.0,56.0,0.0
2025-01-27 06:30:00,175.403841307578,0.0,83.0,0.0
2025-01-27 07:00:00,179.5135821417374,0.0,84.0,0.0
2025-01-27 07:30:00,365.19807453356736,0.0,139.0,0.0
2025-01-27 08:00:00,610.8500179846408,0.0,278.0,0.0
2025-01-27 08:30:00,806.8176709655751,0.0,395.0,0.0
2025-01-27 09:00:00,810.560521207739,0.0,426.0,0.0
2025-01-27 09:30:00,900.5370106763241,0.0,411.0,0.0
2025-01-27 10:00:00,938.3794045920899,0.0,352.0,0.0
2025-01-27 10:30:00,904.4525042917929,0.0,349.0,0.0
2025-01-27 11:00:00,902.8082171465949,0.0,337.0,0.0
2025-01-27 11:30:00,881.8250581181541,0.0,323.0,0.0
2025-01-27 12:00:00,896.8603097534881,0.0,303.0,0.0
2025-01-27 12:30:00,900.1252076522373,0.0,323.0,0.0
2025-01-27 13:00:00,904.8368290008061,0.0,329.0,0.0
2025-01-27 13:30:00,886.0514139660717,0.0,321.0,0.0
2025-01-27 14:00:00,917.1929644954414,0.0,313.0,0.0
2025-01-27 14:30:00,906.2328914996639,0.0,312.0,0.0
2025-01-27 15:00:00,862.565968793303,0.0,344.0,0.0
2025-01-27 15:30:00,920.4142445228575,0.0,346.0,0.0
2025-01-27 16:00:00,925.0557815862446,0.0,338.0,0.0
2025-01-27 16:30:00,902.8802826357298,0.0,327.0,0.0
2025-01-27 17:00:00,883.3437079847914,0.0,341.0,0.0
2025-01-27 17:30:00,841.2978575731036,0.0,351.0,0.0
2025-01-27 18:00:00,822.7147694945146,0.0,342.0,0.0
2025-01-27 18:30:00,631.7686333082615,0.0,244.0,0.0
2025-01-27 19:00:00,611.3773460661903,0.0,231.0,0.0
2025-01-27 19:30:00,555.185945690479,0.0,188.0,0.0
2025-01-27 20:00:00,500.3909866721901,0.0,163.0,0.0
2025-01-27 20:30:00,422.5621792715831,0.0,140.0,0.0
2025-01-27 21:00:00,446.4807684120524,0.0,195.0,0.0
2025-01-27 21:30:00,422.6714673812688,0.0,198.0,0.0
2025-01-27 22:00:00,552.9722483035185,0.0,208.0,0.0
2025-01-27 22:30:00,704.337189718008,0.0,243.0,0.0
2025-01-27 23:00:00,719.8604405527357,0.0,256.0,0.0
2025-01-27 23:30:00,617.960196114361,0.0,252.0,0.0
2025-01-28 00:00:00,702.819667912643,0.0,210.0,0.0
2025-01-28 00:30:00,694.414509977247,0.0,195.0,0.0
2025-01-28 01:00:00,651.8498288507789,0.0,192.0,0.0
2025-01-28 01:30:00,690.4793228982562,0.0,200.00000000000003,0.0
2025-01-28 02:00:00,606.2272663892504,0.0,198.0,0.0
2025-01-28 02:30:00,629.3349522873017,0.0,191.0,0.0
2025-01-28 03:00:00,648.130785696349,0.0,202.0,0.0
2025-01-28 03:30:00,685.2218943788732,0.0,204.0,0.0
2025-01-28 04:00:00,656.1157606091754,0.0,208.0,0.0
2025-01-28 04:30:00,623.7229004982861,0.0,207.0,0.0
2025-01-28 05:00:00,638.0576121515068,0.0,205.0,0.0
2025-01-28 05:30:00,572.831970464688,0.0,202.0,0.0
2025-01-28 06:00:00,534.49015228704,0.0,192.0,0.0
2025-01-28 06:30:00,614.4829077354543,0.0,182.00000000000003,0.0
2025-01-28 07:00:00,597.1769182835843,0.0,180.0,0.0
2025-01-28 07:30:00,620.9363346086787,0.0,199.0,0.0
2025-01-28 08:00:00,696.1285761310736,0.0,215.00000000000003,0.0
2025-01-28 08:30:00,830.3751790228108,0.0,272.0,0.0
2025-01-28 09:00:00,852.2428535892092,0.0,345.0,0.0
2025-01-28 09:30:00,925.1234646340592,0.0,359.0,0.0
2025-01-28 10:00:00,852.9323706659168,0.0,363.0,0.0
2025-01-28 10:30:00,874.4366360898539,0.0,317.0,0.0
2025-01-28 11:00:00,847.9710897188302,0.0,311.0,0.0
2025-01-28 11:30:00,795.965302751333,0.0,314.0,0.0
2025-01-28 12:00:00,842.0120239746201,0.0,302.0,0.0
2025-01-28 12:30:00,713.082724800959,0.0,285.0,0.0
2025-01-28 13:00:00,780.0443601946592,0.0,276.0,0.0
2025-01-28 13:30:00,838.8606670370301,0.0,280.0,0.0
2025-01-28 14:00:00,806.6955107529027,0.0,275.0,0.0
2025-01-28 14:30:00,814.184365804017,0.0,278.0,0.0
2025-01-28 15:00:00,892.4879218894418,0.0,272.0,0.0
2025-01-28 15:30:00,859.3347486051441,0.0,269.0,0.0
2025-01-28 16:00:00,787.4001771088708,0.0,269.0,0.0
2025-01-28 16:30:00,769.4209577337322,0.0,251.0,0.0
2025-01-28 17:00:00,757.7945421863127,0.0,263.0,0.0
2025-01-28 17:30:00,860.333901796127,0.0,277.0,0.0
2025-01-28 18:00:00,779.0489090435588,0.0,269.0,0.0
2025-01-28 18:30:00,497.4910894674321,0.0,166.0,0.0
2025-01-28 19:00:00,500.34870516733594,0.0,156.0,0.0
2025-01-28 19:30:00,487.73535309939035,0.0,150.0,0.0
2025-01-28 20:00:00,483.80833051990703,0.0,134.0,0.0
2025-01-28 20:30:00,447.193771700108,0.0,128.0,0.0
2025-01-28 21:00:00,499.14259965917955,0.0,163.0,0.0
2025-01-28 21:30:00,592.5298331391928,0.0,171.00000000000003,0.0
2025-01-28 22:00:00,577.4100830511892,0.0,172.0,0.0
2025-01-28 22:30:00,675.1469222826187,0.0,199.0,0.0
2025-01-28 23:00:00,634.1191007205846,0.0,211.0,0.0
2025-01-28 23:30:00,687.3601784466456,0.0,216.0,0.0
2025-01-29 00:00:00,715.6076125631714,0.0,255.0,0.0
2025-01-29 00:30:00,661.0744849548287,0.0,250.0,0.0
2025-01-29 01:00:00,738.1163732046324,0.0,244.0,0.0
2025-01-29 01:30:00,740.5908121592882,0.0,232.00000000000003,0.0
2025-01-29 02:00:00,719.8885242561231,0.0,230.0,0.0
2025-01-29 02:30:00,624.9364523573109,0.0,215.0,0.0
2025-01-29 03:00:00,671.9270027385464,0.0,233.0,0.0
2025-01-29 03:30:00,720.1575617619196,0.0,235.0,0.0
2025-01-29 04:00:00,688.5215875074879,0.0,230.00000000000003,0.0
2025-01-29 04:30:00,719.2270745926713,0.0,238.99999999999997,0.0
2025-01-29 05:00:00,714.7149178584347,0.0,236.0,0.0
2025-01-29 05:30:00,748.255908403067,0.0,243.0,0.0
2025-01-29 06:00:00,663.8096335234015,0.0,240.0,0.0
2025-01-29 06:30:00,679.7294993130067,0.0,228.0,0.0
2025-01-29 07:00:00,695.6631710346621,0.0,234.99999999999997,0.0
2025-01-29 07:30:00,733.3254959010699,0.0,244.0,0.0
2025-01-29 08:00:00,817.8848270246148,0.0,269.0,0.0
2025-01-29 08:30:00,899.222771807072,0.0,302.0,0.0
2025-01-29 09:00:00,974.0785534091143,0.0,327.0,0.0
2025-01-29 09:30:00,947.8086643878387,0.0,331.0,0.0
2025-01-29 10:00:00,928.8025459220767,0.0,329.0,0.0
2025-01-29 10:30:00,906.6495908321245,0.0,319.0,0.0
2025-01-29 11:00:00,844.8771726092322,0.0,321.0,0.0
2025-01-29 11:30:00,977.6799610820295,0.0,318.0,0.0
2025-01-29 12:00:00,872.6254148406745,0.0,348.0,0.0
2025-01-29 12:30:00,917.3723167733502,0.0,378.0,0.0
2025-01-29 13:00:00,926.1295384019006,0.0,347.0,0.0
2025-01-29 13:30:00,837.1903609915108,0.0,343.0,0.0
2025-01-29 14:00:00,866.518836815306,0.0,342.0,0.0
2025-01-29 14:30:00,969.2280494591703,0.0,337.0,0.0
2025-01-29 15:00:00,933.5832285121156,0.0,340.0,0.0
2025-01-29 15:30:00,893.506672999961,0.0,343.0,0.0
2025-01-29 16:00:00,903.6947487100083,0.0,337.0,0.0
2025-01-29 16:30:00,896.8398280363502,0.0,315.0,0.0
2025-01-29 17:00:00,919.1001429182548,0.0,328.0,0.0
2025-01-29 17:30:00,791.9172584630245,0.0,327.0,0.0
2025-01-29 18:00:00,901.0679220889343,0.0,307.0,0.0
2025-01-29 18:30:00,648.2523309704482,0.0,161.0,0.0
2025-01-29 19:00:00,614.6381464783898,0.0,161.00000000000003,0.0
2025-01-29 19:30:00,540.0608817692079,0.0,129.0,0.0
2025-01-29 20:00:00,562.2473007328271,0.0,115.0,0.0
2025-01-29 20:30:00,492.64236922958827,0.0,101.0,0.0
2025-01-29 21:00:00,503.3466052287009,0.0,150.0,0.0
2025-01-29 21:30:00,536.6200085663214,0.0,151.0,0.0
2025-01-29 22:00:00,666.3112948277372,0.0,165.0,0.0
2025-01-29 22:30:00,620.8518350097231,0.0,188.0,0.0
2025-01-29 23:00:00,654.8885479690216,0.0,228.0,0.0
2025-01-29 23:30:00,624.4216394565431,0.0,223.0,0.0
2025-01-30 00:00:00,618.0614867540534,0.0,212.0,0.0
2025-01-30 00:30:00,608.0877302711497,0.0,191.0,0.0
2025-01-30 01:00:00,581.9929568849128,0.0,195.0,0.0
2025-01-30 01:30:00,620.7963314283396,0.0,197.0,0.0
2025-01-30 02:00:00,637.3498769879089,0.0,193.99999999999997,0.0
2025-01-30 02:30:00,607.8516759050682,0.0,190.99999999999997,0.0
2025-01-30 03:00:00,581.8687463754356,0.0,189.0,0.0
2025-01-30 03:30:00,643.0189487476395,0.0,191.0,0.0
2025-01-30 04:00:00,634.864119449516,0.0,191.99999999999997,0.0
2025-01-30 04:30:00,575.9687337357924,0.0,189.0,0.0
2025-01-30 05:00:00,568.2850121746152,0.0,189.0,0.0
2025-01-30 05:30:00,580.5472476493402,0.0,190.0,0.0
2025-01-30 06:00:00,628.1922723079371,0.0,191.0,0.0
2025-01-30 06:30:00,594.1148370854005,0.0,177.0,0.0
2025-01-30 07:00:00,629.5652846982811,0.0,179.0,0.0
2025-01-30 07:30:00,618.8999664405637,0.0,198.0,0.0
2025-01-30 08:00:00,649.6081755419339,0.0,226.0,0.0
2025-01-30 08:30:00,842.5692988603591,0.0,273.0,0.0
2025-01-30 09:00:00,793.7498920264638,0.0,284.0,0.0
2025-01-30 09:30:00,862.5308253305287,0.0,285.0,0.0
2025-01-30 10:00:00,768.4456304508446,0.0,287.0,0.0
2025-01-30 10:30:00,836.8776952139926,0.0,329.0,0.0
2025-01-30 11:00:00,900.7778672603674,0.0,357.0,0.0
2025-01-30 11:30:00,835.2938508701284,0.0,333.0,0.0
2025-01-30 12:00:00,847.5457811056835,0.0,277.0,0.0
2025-01-30 12:30:00,753.2286303514973,0.0,301.0,0.0
2025-01-30 13:00:00,812.5591068018937,0.0,302.0,0.0
2025-01-30 13:30:00,824.8914753768238,0.0,295.0,0.0
2025-01-30 14:00:00,919.4268018074404,0.0,324.0,0.0
2025-01-30 14:30:00,790.7675424795532,0.0,289.0,0.0
2025-01-30 15:00:00,863.985506769802,0.0,279.0,0.0
2025-01-30 15:30:00,880.1165776608558,0.0,283.0,0.0
2025-01-30 16:00:00,804.839250206846,0.0,292.0,0.0
2025-01-30 16:30:00,778.0131371467018,0.0,285.0,0.0
2025-01-30 17:00:00,831.0033199499314,0.0,298.0,0.0
2025-01-30 17:30:00,790.35170308519,0.0,310.0,0.0
2025-01-30 18:00:00,822.6642507095436,0.0,306.0,0.0
2025-01-30 18:30:00,889.2776549754373,0.0,308.0,0.0
2025-01-30 19:00:00,799.4600181572235,0.0,274.0,0.0
2025-01-30 19:30:00,763.270561650027,0.0,266.0,0.0
2025-01-30 20:00:00,757.8806796663605,0.0,258.0,0.0
2025-01-30 20:30:00,688.7811598681849,0.0,220.0,0.0
2025-01-30 21:00:00,688.0653137393746,0.0,211.0,0.0
2025-01-30 21:30:00,626.9000950602031,0.0,195.0,0.0
2025-01-30 22:00:00,692.2120700007818,0.0,199.0,0.0
2025-01-30 22:30:00,660.1246710949059,0.0,194.0,0.0
2025-01-30 23:00:00,647.4256136639895,0.0,197.00000000000003,0.0
2025-01-30 23:30:00,592.3165239079109,0.0,197.0,0.0
2025-01-31 00:00:00,632.4751265592535,0.0,194.0,0.0
2025-01-31 00:30:00,592.2699333834428,0.0,173.0,0.0
2025-01-31 01:00:00,579.8302168535643,0.0,184.0,0.0
2025-01-31 01:30:00,603.90694129439,0.0,183.0,0.0
2025-01-31 02:00:00,622.4220867427025,0.0,180.0,0.0
2025-01-31 02:30:00,591.4839436662656,0.0,182.0,0.0
2025-01-31 03:00:00,607.3720905588706,0.0,188.0,0.0
2025-01-31 03:30:00,610.1051551260729,0.0,190.99999999999997,0.0
2025-01-31 04:00:00,679.3325156458403,0.0,188.0,0.0
2025-01-31 04:30:00,554.5519880970128,0.0,186.0,0.0
2025-01-31 05:00:00,626.8582455110575,0.0,188.0,0.0
2025-01-31 05:30:00,614.4173546112988,0.0,192.0,0.0
2025-01-31 06:00:00,600.46880670298,0.0,191.0,0.0
2025-01-31 06:30:00,590.4606792034485,0.0,184.0,0.0
2025-01-31 07:00:00,635.976501775242,0.0,193.0,0.0
2025-01-31 07:30:00,667.1845880623039,0.0,209.0,0.0
2025-01-31 08:00:00,678.5327795535218,0.0,222.0,0.0
2025-01-31 08:30:00,827.8690039296062,0.0,254.99999999999997,0.0
2025-01-31 09:00:00,869.1721291777801,0.0,273.0,0.0
2025-01-31 09:30:00,841.5019974533536,0.0,272.0,0.0
2025-01-31 10:00:00,811.2043209796121,0.0,274.0,0.0
2025-01-31 10:30:00,884.7245472379707,0.0,282.0,0.0
2025-01-31 11:00:00,875.8898457636727,0.0,285.0,0.0
2025-01-31 11:30:00,820.6497341629014,0.0,311.0,0.0
2025-01-31 12:00:00,764.0204800858749,0.0,311.0,0.0
2025-01-31 12:30:00,751.3940473534076,0.0,313.0,0.0
2025-01-31 13:00:00,830.9923665680936,0.0,313.0,0.0
2025-01-31 13:30:00,851.380977800378,0.0,322.0,0.0
2025-01-31 14:00:00,811.4415783716279,0.0,323.0,0.0
2025-01-31 14:30:00,913.6924476853849,0.0,325.0,0.0
2025-01-31 15:00:00,884.7629856267096,0.0,357.0,0.0
2025-01-31 15:30:00,971.8484324835617,0.0,380.0,0.0
2025-01-31 16:00:00,886.362756774726,0.0,372.0,0.0
2025-01-31 16:30:00,802.5034515559021,0.0,370.0,0.0
2025-01-31 17:00:00,848.0775894157299,0.0,369.0,0.0
2025-01-31 17:30:00,878.1283126502515,0.0,382.0,0.0
2025-01-31 18:00:00,820.676308535013,0.0,373.0,0.0
2025-01-31 18:30:00,761.1154399013301,0.0,364.0,0.0
2025-01-31 19:00:00,807.6298958638395,0.0,348.0,0.0
2025-01-31 19:30:00,742.9049730698665,0.0,330.0,0.0
2025-01-31 20:00:00,765.8433866625966,0.0,290.0,0.0
2025-01-31 20:30:00,666.2735498054133,0.0,280.0,0.0
2025-01-31 21:00:00,720.6701925057023,0.0,282.0,0.0
2025-01-31 21:30:00,575.4769600165662,0.0,274.0,0.0
2025-01-31 22:00:00,669.9047845455132,0.0,277.0,0.0
2025-01-31 22:30:00,683.5761958265921,0.0,276.0,0.0
2025-01-31 23:00:00,621.7530587782909,0.0,274.0,0.0
2025-01-31 23:30:00,637.7626451252046,0.0,275.0,0.0
2025-02-01 00:00:00,56.29264699447546,0.0,25.0,0.0
2025-02-01 00:30:00,60.04268588886201,0.0,25.0,0.0
2025-02-01 01:00:00,49.25019125187193,0.0,22.0,0.0
2025-02-01 01:30:00,49.119696604385545,0.0,21.0,0.0
2025-02-01 02:00:00,48.405555428005016,0.0,17.0,0.0
2025-02-01 02:30:00,53.05647049685049,0.0,18.0,0.0
2025-02-01 03:00:00,50.57635928320385,0.0,19.0,0.0
2025-02-01 03:30:00,48.57524475777887,0.0,18.0,0.0
2025-02-01 04:00:00,53.65633848995704,0.0,20.0,0.0
2025-02-01 04:30:00,53.54357713050373,0.0,18.0,0.0
2025-02-01 05:00:00,51.75141170509279,0.0,21.0,0.0
2025-02-01 05:30:00,49.0145598759845,0.0,19.0,0.0
2025-02-01 06:00:00,51.08110450943319,0.0,20.0,0.0
2025-02-01 06:30:00,50.50399972740369,0.0,20.0,0.0
2025-02-01 07:00:00,49.79264662566064,0.0,20.0,0.0
2025-02-01 07:30:00,48.426685456774436,0.0,21.0,0.0
2025-02-01 08:00:00,52.73095778325166,0.0,20.0,0.0
2025-02-01 08:30:00,70.87458079214377,0.0,19.0,0.0
2025-02-01 09:00:00,129.5799174324401,0.0,77.0,0.0
2025-02-01 09:30:00,188.18639660311703,0.0,100.0,0.0
2025-02-01 10:00:00,176.15182441994176,0.0,100.0,0.0
2025-02-01 10:30:00,169.8860519437759,0.0,101.0,0.0
2025-02-01 11:00:00,183.3664431137954,0.0,108.0,0.0
2025-02-01 11:30:00,180.50716267409507,0.0,108.0,0.0
2025-02-01 12:00:00,197.77946804706684,0.0,108.99999999999999,0.0
2025-02-01 12:30:00,176.29169307213388,0.0,111.0,0.0
2025-02-01 13:00:00,166.61638871406336,0.0,111.00000000000001,0.0
2025-02-01 13:30:00,164.75824199732375,0.0,110.0,0.0
2025-02-01 14:00:00,161.59531943403087,0.0,111.00000000000001,0.0
2025-02-01 14:30:00,157.53484343429122,0.0,109.0,0.0
2025-02-01 15:00:00,165.4995585531906,0.0,114.0,0.0
2025-02-01 15:30:00,166.63194710472848,0.0,113.0,0.0
2025-02-01 16:00:00,171.77362974511271,0.0,109.99999999999999,0.0
2025-02-01 16:30:00,164.1970567638859,0.0,109.0,0.0
2025-02-01 17:00:00,157.957541016687,0.0,108.0,0.0
2025-02-01 17:30:00,153.54890455654493,0.0,110.0,0.0
2025-02-01 18:00:00,111.78222239672445,0.0,70.0,0.0
2025-02-01 18:30:00,95.52595305015387,0.0,46.0,0.0
2025-02-01 19:00:00,50.398360340981,0.0,24.0,0.0
2025-02-01 19:30:00,55.039531207862005,0.0,24.0,0.0
2025-02-01 20:00:00,56.064663120828605,0.0,27.0,0.0
2025-02-01 20:30:00,60.40360219674723,0.0,31.999999999999996,0.0
2025-02-01 21:00:00,57.75881392233386,0.0,29.000000000000004,0.0
2025-02-01 21:30:00,55.81144422853951,0.0,31.0,0.0
2025-02-01 22:00:00,55.95250592255359,0.0,31.0,0.0
2025-02-01 22:30:00,63.121191954478334,0.0,30.0,0.0
2025-02-01 23:00:00,59.135045571781504,0.0,32.0,0.0
2025-02-01 23:30:00,61.36890280267512,0.0,30.0,0.0
2025-02-02 00:00:00,79.21031232934146,0.0,24.0,0.0
2025-02-02 00:30:00,80.16850871156238,0.0,24.0,0.0
2025-02-02 01:00:00,75.26750841539851,0.0,23.0,0.0
2025-02-02 01:30:00,79.06761375343864,0.0,24.0,0.0
2025-02-02 02:00:00,74.07251810289867,0.0,20.999999999999996,0.0
2025-02-02 02:30:00,79.79188821227106,0.0,25.0,0.0
2025-02-02 03:00:00,77.43830503608439,0.0,22.0,0.0
2025-02-02 03:30:00,78.26833414021075,0.0,26.0,0.0
2025-02-02 04:00:00,80.05897791491351,0.0,24.0,0.0
2025-02-02 04:30:00,70.95396357526135,0.0,24.0,0.0
2025-02-02 05:00:00,73.84682674893833,0.0,26.0,0.0
2025-02-02 05:30:00,74.97377324049847,0.0,23.0,0.0
2025-02-02 06:00:00,72.37127278807404,0.0,26.0,0.0
2025-02-02 06:30:00,75.43357161896438,0.0,25.0,0.0
2025-02-02 07:00:00,75.55767336395144,0.0,26.0,0.0
2025-02-02 07:30:00,78.84583001066677,0.0,25.0,0.0
2025-02-02 08:00:00,68.48461458779097,0.0,25.0,0.0
2025-02-02 08:30:00,72.55153203742037,0.0,25.0,0.0
2025-02-02 09:00:00,68.01061030801256,0.0,23.0,0.0
2025-02-02 09:30:00,66.17873127781098,0.0,25.0,0.0
2025-02-02 10:00:00,68.45463714633814,0.0,23.0,0.0
2025-02-02 10:30:00,71.516520852066,0.0,24.0,0.0
2025-02-02 11:00:00,72.05756450990478,0.0,23.0,0.0
2025-02-02 11:30:00,69.53691477972949,0.0,23.0,0.0
2025-02-02 12:00:00,63.31608827870734,0.0,23.0,0.0
2025-02-02 12:30:00,64.90180198615225,0.0,25.0,0.0
2025-02-02 13:00:00,69.84123523408505,0.0,26.0,0.0
2025-02-02 13:30:00,62.7004496709247,0.0,24.0,0.0
2025-02-02 14:00:00,78.46237607665259,0.0,26.000000000000004,0.0
2025-02-02 14:30:00,74.14895963303904,0.0,25.999999999999996,0.0
2025-02-02 15:00:00,68.74338211628478,0.0,24.0,0.0
2025-02-02 15:30:00,67.06075104126877,0.0,25.0,0.0
2025-02-02 16:00:00,74.64982279071519,0.0,26.000000000000004,0.0
2025-02-02 16:30:00,67.04658809743893,0.0,26.0,0.0
2025-02-02 17:00:00,66.43620632739632,0.0,24.0,0.0
2025-02-02 17:30:00,68.28089191290525,0.0,26.0,0.0
2025-02-02 18:00:00,75.42782780465372,0.0,26.0,0.0
2025-02-02 18:30:00,83.51422962854696,0.0,30.0,0.0
2025-02-02 19:00:00,84.77068893366265,0.0,26.999999999999996,0.0
2025-02-02 19:30:00,83.12763663083948,0.0,28.0,0.0
2025-02-02 20:00:00,74.00286272416854,0.0,24.0,0.0
2025-02-02 20:30:00,79.87798350027407,0.0,26.0,0.0
2025-02-02 21:00:00,73.45020146688984,0.0,26.0,0.0
2025-02-02 21:30:00,68.17175244576762,0.0,25.0,0.0
2025-02-02 22:00:00,73.44970192750007,0.0,27.0,0.0
2025-02-02 22:30:00,71.01683609717773,0.0,23.0,0.0
2025-02-02 23:00:00,73.59844912716312,0.0,25.0,0.0
2025-02-02 23:30:00,71.40234476534292,0.0,25.0,0.0
2025-02-03 00:00:00,84.91080362548377,0.0,25.0,0.0
2025-02-03 00:30:00,96.03899175344803,0.0,25.0,0.0
2025-02-03 01:00:00,76.52471780576764,0.0,23.085106382978722,0.0
2025-02-03 01:30:00,83.11451777981976,0.0,20.19148936170213,0.0
2025-02-03 02:00:00,79.29434700286777,0.0,20.0,0.0
2025-02-03 02:30:00,83.10097354396876,0.0,19.106382978723403,0.0
2025-02-03 03:00:00,85.85812084626315,0.0,20.74468085106383,0.0
2025-02-03 03:30:00,89.3056475536666,0.0,21.851063829787233,0.0
2025-02-03 04:00:00,78.23770690527688,0.0,20.340425531914896,0.0
2025-02-03 04:30:00,75.50493489004629,0.0,20.0,0.0
2025-02-03 05:00:00,68.915893316114,0.0,19.21276595744681,0.0
2025-02-03 05:30:00,78.34535138379273,0.0,19.0,0.0
2025-02-03 06:00:00,106.17980531591397,0.0,19.0,0.0
2025-02-03 06:30:00,115.12654419641827,0.0,19.72340425531915,0.0
2025-02-03 07:00:00,225.57205141250392,0.0,91.61702127659564,0.0
2025-02-03 07:30:00,350.89760447775575,0.0,182.595744680851,0.0
2025-02-03 08:00:00,647.2321387823168,0.0,275.6382978723404,0.0
2025-02-03 08:30:00,865.1344907702543,0.0,318.57446808510633,0.0
2025-02-03 09:00:00,929.0230738907424,0.0,306.7234042553192,0.0
2025-02-03 09:30:00,783.9126981126811,0.0,293.6170212765958,0.0
2025-02-03 10:00:00,830.9933327711026,0.0,285.10638297872345,0.0
2025-02-03 10:30:00,823.6956685407754,0.0,303.23404255319144,0.0
2025-02-03 11:00:00,866.266021383603,0.0,327.3191489361702,0.0
2025-02-03 11:30:00,802.754832170983,0.0,332.0,0.0
2025-02-03 12:00:00,909.8246718965693,0.0,349.6170212765958,0.0
2025-02-03 12:30:00,829.8018303277896,0.0,372.6808510638298,0.0
2025-02-03 13:00:00,817.5730551814205,0.0,373.531914893617,0.0
2025-02-03 13:30:00,897.5218202195325,0.0,371.4042553191489,0.0
2025-02-03 14:00:00,855.355680736841,0.0,375.1914893617021,0.0
2025-02-03 14:30:00,878.8624327123096,0.0,373.2340425531915,0.0
2025-02-03 15:00:00,825.545019585643,0.0,355.7234042553192,0.0
2025-02-03 15:30:00,797.42178607497,0.0,320.19148936170217,0.0
2025-02-03 16:00:00,828.3501038319714,0.0,299.3404255319149,0.0
2025-02-03 16:30:00,929.4926686570715,0.0,288.3617021276595,0.0
2025-02-03 17:00:00,875.805889187925,0.0,302.6595744680851,0.0
2025-02-03 17:30:00,866.2402852426106,0.0,303.1702127659575,0.0
2025-02-03 18:00:00,807.3100947788535,0.0,284.27659574468095,0.0
2025-02-03 18:30:00,864.1463163449123,0.0,257.936170212766,0.0
2025-02-03 19:00:00,770.8792153483223,0.0,250.55319148936175,0.0
2025-02-03 19:30:00,738.1413416181446,0.0,233.95744680851067,0.0
2025-02-03 20:00:00,741.2854975975279,0.0,219.8297872340426,0.0
2025-02-03 20:30:00,753.3193083770261,0.0,196.51063829787236,0.0
2025-02-03 21:00:00,753.7534742375482,0.0,200.10638297872342,0.0
2025-02-03 21:30:00,675.8880849275077,0.0,200.91489361702128,0.0
2025-02-03 22:00:00,662.8132955875694,0.0,199.48936170212767,0.0
2025-02-03 22:30:00,628.3879064564576,0.0,191.70212765957447,0.0
2025-02-03 23:00:00,676.0956452711566,0.0,184.82978723404256,0.0
2025-02-03 23:30:00,654.2573138020144,0.0,177.0,0.0
2025-02-04 00:00:00,71.38909513138296,0.0,22.0,0.0
2025-02-04 00:30:00,66.12384598689125,0.0,23.0,0.0
2025-02-04 01:00:00,67.58693961895499,0.0,21.0,0.0
2025-02-04 01:30:00,71.01493941193088,0.0,23.0,0.0
2025-02-04 02:00:00,63.752113665705195,0.0,20.0,0.0
2025-02-04 02:30:00,64.1412038850706,0.0,22.0,0.0
2025-02-04 03:00:00,67.17805126654257,0.0,21.0,0.0
2025-02-04 03:30:00,65.20458303959165,0.0,21.0,0.0
2025-02-04 04:00:00,68.18528355942699,0.0,20.0,0.0
2025-02-04 04:30:00,70.15462573538794,0.0,20.0,0.0
2025-02-04 05:00:00,61.525044211175754,0.0,20.0,0.0
2025-02-04 05:30:00,63.05862870472755,0.0,21.0,0.0
2025-02-04 06:00:00,63.83694688454443,0.0,21.0,0.0
2025-02-04 06:30:00,68.62256620661192,0.0,21.0,0.0
2025-02-04 07:00:00,62.3100462867568,0.0,23.0,0.0
2025-02-04 07:30:00,59.68931637841021,0.0,21.0,0.0
2025-02-04 08:00:00,58.552223381976795,0.0,23.0,0.0
2025-02-04 08:30:00,60.42605158212111,0.0,21.0,0.0
2025-02-04 09:00:00,57.53194268366999,0.0,21.0,0.0
2025-02-04 09:30:00,59.00516264331223,0.0,20.0,0.0
2025-02-04 10:00:00,60.20848466532961,0.0,23.0,0.0
2025-02-04 10:30:00,66.55003583108348,0.0,23.0,0.0
2025-02-04 11:00:00,60.7843618933765,0.0,22.0,0.0
2025-02-04 11:30:00,59.390855143578854,0.0,22.0,0.0
2025-02-04 12:00:00,68.00720783188999,0.0,23.0,0.0
2025-02-04 12:30:00,64.24247944966035,0.0,23.0,0.0
2025-02-04 13:00:00,66.14321310947814,0.0,23.0,0.0
2025-02-04 13:30:00,63.24543092101763,0.0,22.0,0.0
2025-02-04 14:00:00,65.88339597742997,0.0,23.0,0.0
2025-02-04 14:30:00,66.8157829948949,0.0,24.0,0.0
2025-02-04 15:00:00,68.7441414741966,0.0,23.0,0.0
2025-02-04 15:30:00,71.95194433055792,0.0,23.0,0.0
2025-02-04 16:00:00,71.68624037985472,0.0,24.999999999999996,0.0
2025-02-04 16:30:00,63.028670027280256,0.0,25.0,0.0
2025-02-04 17:00:00,72.43669746067071,0.0,24.0,0.0
2025-02-04 17:30:00,65.80091689843789,0.0,25.0,0.0
2025-02-04 18:00:00,64.4706510492248,0.0,25.0,0.0
2025-02-04 18:30:00,67.42428583098719,0.0,24.0,0.0
2025-02-04 19:00:00,68.74272383632082,0.0,22.0,0.0
2025-02-04 19:30:00,68.810555016494,0.0,22.0,0.0
2025-02-04 20:00:00,69.10614755851006,0.0,23.999999999999996,0.0
2025-02-04 20:30:00,75.0155971207607,0.0,23.0,0.0
2025-02-04 21:00:00,72.50349809073397,0.0,25.0,0.0
2025-02-04 21:30:00,67.99459987061219,0.0,22.0,0.0
2025-02-04 22:00:00,68.48647474549735,0.0,25.0,0.0
2025-02-04 22:30:00,72.45633369769675,0.0,25.0,0.0
2025-02-04 23:00:00,69.7111879246454,0.0,23.0,0.0
2025-02-04 23:30:00,64.25450722072296,0.0,22.0,0.0
2025-02-05 00:00:00,66.60226350848377,0.0,22.0,0.0
2025-02-05 00:30:00,89.76897898858442,0.0,24.0,0.0
2025-02-05 01:00:00,99.48940408525809,0.0,23.0,0.0
2025-02-05 01:30:00,79.43771822247825,0.0,24.0,0.0
2025-02-05 02:00:00,93.14200311630555,0.0,25.0,0.0
2025-02-05 02:30:00,85.65816558451213,0.0,23.0,0.0
2025-02-05 03:00:00,71.71972060544003,0.0,25.0,0.0
2025-02-05 03:30:00,79.58630378386174,0.0,25.0,0.0
2025-02-05 04:00:00,74.21067426101204,0.0,21.0,0.0
2025-02-05 04:30:00,73.66112756492565,0.0,24.0,0.0
2025-02-05 05:00:00,83.02537124946537,0.0,23.0,0.0
2025-02-05 05:30:00,76.68640382081756,0.0,21.000000000000004,0.0
2025-02-05 06:00:00,93.61391557311028,0.0,22.0,0.0
2025-02-05 06:30:00,127.37985584152753,0.0,20.0,0.0
2025-02-05 07:00:00,116.03662186869475,0.0,24.0,0.0
2025-02-05 07:30:00,353.09000510919014,0.0,112.0,0.0
2025-02-05 08:00:00,609.503511601199,0.0,264.0,0.0
2025-02-05 08:30:00,740.179805808036,0.0,324.0,0.0
2025-02-05 09:00:00,760.735816820898,0.0,325.0,0.0
2025-02-05 09:30:00,904.9408720875279,0.0,310.0,0.0
2025-02-05 10:00:00,879.5361713723606,0.0,307.0,0.0
2025-02-05 10:30:00,839.4119948540332,0.0,314.0,0.0
2025-02-05 11:00:00,864.1291948095999,0.0,290.0,0.0
2025-02-05 11:30:00,850.4049293905734,0.0,294.0,0.0
2025-02-05 12:00:00,849.9695279168373,0.0,275.0,0.0
2025-02-05 12:30:00,861.6193500445852,0.0,287.0,0.0
2025-02-05 13:00:00,797.969935513471,0.0,294.0,0.0
2025-02-05 13:30:00,850.0732042942773,0.0,292.0,0.0
2025-02-05 14:00:00,816.1626722917295,0.0,288.0,0.0
2025-02-05 14:30:00,829.6458085771268,0.0,290.0,0.0
2025-02-05 15:00:00,814.7244416328954,0.0,288.0,0.0
2025-02-05 15:30:00,903.3491567887181,0.0,291.0,0.0
2025-02-05 16:00:00,830.1879024629114,0.0,285.0,0.0
2025-02-05 16:30:00,857.0349715406265,0.0,265.0,0.0
2025-02-05 17:00:00,898.5687508952079,0.0,276.0,0.0
2025-02-05 17:30:00,801.269283906855,0.0,287.0,0.0
2025-02-05 18:00:00,711.3405451428728,0.0,286.0,0.0
2025-02-05 18:30:00,875.4515970000849,0.0,289.0,0.0
2025-02-05 19:00:00,808.9278564236301,0.0,283.0,0.0
2025-02-05 19:30:00,768.2226155127505,0.0,258.0,0.0
2025-02-05 20:00:00,743.4520965343413,0.0,240.0,0.0
2025-02-05 20:30:00,679.6059603985988,0.0,215.0,0.0
2025-02-05 21:00:00,748.5963371378849,0.0,222.0,0.0
2025-02-05 21:30:00,682.4129954508978,0.0,211.00000000000003,0.0
2025-02-05 22:00:00,741.7334122592686,0.0,210.00000000000003,0.0
2025-02-05 22:30:00,691.6799290256492,0.0,196.0,0.0
2025-02-05 23:00:00,664.5634630666711,0.0,194.99999999999997,0.0
2025-02-05 23:30:00,631.4304980566619,0.0,186.0,0.0
2025-02-06 00:00:00,615.0550447349998,0.0,231.0,0.0
2025-02-06 00:30:00,646.2522823606321,0.0,227.0,0.0
2025-02-06 01:00:00,695.8906569287798,0.0,225.0,0.0
2025-02-06 01:30:00,691.8666088356416,0.0,220.99999999999997,0.0
2025-02-06 02:00:00,652.2444083653311,0.0,227.0,0.0
2025-02-06 02:30:00,634.2604822760507,0.0,207.0,0.0
2025-02-06 03:00:00,628.5452955705903,0.0,207.99999999999997,0.0
2025-02-06 03:30:00,614.6924357271736,0.0,209.0,0.0
2025-02-06 04:00:00,662.6590561237565,0.0,202.0,0.0
2025-02-06 04:30:00,628.1057694479582,0.0,213.0,0.0
2025-02-06 05:00:00,572.4369187070623,0.0,218.0,0.0
2025-02-06 05:30:00,698.6679326234453,0.0,216.0,0.0
2025-02-06 06:00:00,630.6511686373934,0.0,220.0,0.0
2025-02-06 06:30:00,622.2392491219371,0.0,210.0,0.0
2025-02-06 07:00:00,692.509008175818,0.0,206.0,0.0
2025-02-06 07:30:00,660.287075368261,0.0,226.0,0.0
2025-02-06 08:00:00,689.3240530734853,0.0,245.99999999999997,0.0
2025-02-06 08:30:00,771.5220878689731,0.0,279.0,0.0
2025-02-06 09:00:00,759.3996265204001,0.0,288.0,0.0
2025-02-06 09:30:00,854.8287519959068,0.0,299.0,0.0
2025-02-06 10:00:00,894.9454895705916,0.0,312.0,0.0
2025-02-06 10:30:00,892.4278416908635,0.0,309.0,0.0
2025-02-06 11:00:00,847.113269107636,0.0,299.0,0.0
2025-02-06 11:30:00,862.8731111518532,0.0,295.0,0.0
2025-02-06 12:00:00,744.6743901915534,0.0,278.0,0.0
2025-02-06 12:30:00,879.7871818899056,0.0,310.0,0.0
2025-02-06 13:00:00,839.7225534346724,0.0,293.0,0.0
2025-02-06 13:30:00,916.3016592874252,0.0,283.0,0.0
2025-02-06 14:00:00,846.3163890439487,0.0,275.0,0.0
2025-02-06 14:30:00,822.3238174548967,0.0,274.0,0.0
2025-02-06 15:00:00,835.8747006816785,0.0,265.0,0.0
2025-02-06 15:30:00,849.8390486393158,0.0,278.0,0.0
2025-02-06 16:00:00,896.061940045582,0.0,282.0,0.0
2025-02-06 16:30:00,825.1079529430776,0.0,259.0,0.0
2025-02-06 17:00:00,805.8222918547364,0.0,280.0,0.0
2025-02-06 17:30:00,785.990187265296,0.0,301.0,0.0
2025-02-06 18:00:00,797.3454377736092,0.0,301.0,0.0
2025-02-06 18:30:00,576.274936881816,0.0,175.0,0.0
2025-02-06 19:00:00,519.051142802737,0.0,168.0,0.0
2025-02-06 19:30:00,530.7390825249653,0.0,164.0,0.0
2025-02-06 20:00:00,519.0163861088289,0.0,153.0,0.0
2025-02-06 20:30:00,487.41634389136175,0.0,146.0,0.0
2025-02-06 21:00:00,447.9816237584361,0.0,133.0,0.0
2025-02-06 21:30:00,492.7655172751118,0.0,145.0,0.0
2025-02-06 22:00:00,630.9104184061143,0.0,236.00000000000003,0.0
2025-02-06 22:30:00,689.8043224665571,0.0,258.0,0.0
2025-02-06 23:00:00,713.7396397933057,0.0,265.0,0.0
2025-02-06 23:30:00,649.6203374637468,0.0,249.00000000000003,0.0
2025-02-07 00:00:00,620.3244604356645,0.0,183.0,0.0
2025-02-07 00:30:00,598.6069086455786,0.0,200.0,0.0
2025-02-07 01:00:00,623.8124889568056,0.0,208.00000000000003,0.0
2025-02-07 01:30:00,704.5561021445299,0.0,209.0,0.0
2025-02-07 02:00:00,626.6569902124339,0.0,195.0,0.0
2025-02-07 02:30:00,581.8094707347183,0.0,175.0,0.0
2025-02-07 03:00:00,565.3294169834104,0.0,179.0,0.0
2025-02-07 03:30:00,674.7443566673987,0.0,212.0,0.0
2025-02-07 04:00:00,603.0859138783725,0.0,179.0,0.0
2025-02-07 04:30:00,616.790370873256,0.0,211.00000000000003,0.0
2025-02-07 05:00:00,642.8335416467602,0.0,215.0,0.0
2025-02-07 05:30:00,646.8013454448283,0.0,213.0,0.0
2025-02-07 06:00:00,656.2314883161815,0.0,210.00000000000003,0.0
2025-02-07 06:30:00,604.436347796609,0.0,208.0,0.0
2025-02-07 07:00:00,594.5730904658903,0.0,205.0,0.0
2025-02-07 07:30:00,696.8339425203272,0.0,238.0,0.0
2025-02-07 08:00:00,644.4857709036087,0.0,246.99999999999997,0.0
2025-02-07 08:30:00,801.1687503404332,0.0,294.0,0.0
2025-02-07 09:00:00,877.6547849130643,0.0,313.0,0.0
2025-02-07 09:30:00,815.2484068942368,0.0,301.0,0.0
2025-02-07 10:00:00,937.2417873103541,0.0,300.0,0.0
2025-02-07 10:30:00,869.9948353428118,0.0,307.0,0.0
2025-02-07 11:00:00,897.3349875619942,0.0,313.0,0.0
2025-02-07 11:30:00,908.2104665582985,0.0,313.0,0.0
2025-02-07 12:00:00,847.6618325524342,0.0,306.0,0.0
2025-02-07 12:30:00,846.205726449988,0.0,317.0,0.0
2025-02-07 13:00:00,855.109782073818,0.0,320.0,0.0
2025-02-07 13:30:00,865.412160754256,0.0,327.0,0.0
2025-02-07 14:00:00,856.4200440559318,0.0,326.0,0.0
2025-02-07 14:30:00,852.7088258037207,0.0,328.0,0.0
2025-02-07 15:00:00,944.450031811131,0.0,334.0,0.0
2025-02-07 15:30:00,804.4069636831117,0.0,331.0,0.0
2025-02-07 16:00:00,875.8971042138304,0.0,326.0,0.0
2025-02-07 16:30:00,831.0483274713266,0.0,309.0,0.0
2025-02-07 17:00:00,893.3221275442838,0.0,324.0,0.0
2025-02-07 17:30:00,828.9931119956003,0.0,335.0,0.0
2025-02-07 18:00:00,813.1589512701418,0.0,319.0,0.0
2025-02-07 18:30:00,534.2516411423751,0.0,184.0,0.0
2025-02-07 19:00:00,520.4308181761503,0.0,173.0,0.0
2025-02-07 19:30:00,499.15514093482767,0.0,167.0,0.0
2025-02-07 20:00:00,448.7738061707776,0.0,155.0,0.0
2025-02-07 20:30:00,440.98302615691307,0.0,129.0,0.0
2025-02-07 21:00:00,455.3159194880031,0.0,128.0,0.0
2025-02-07 21:30:00,458.70109327147713,0.0,166.0,0.0
2025-02-07 22:00:00,573.7350450708757,0.0,208.0,0.0
2025-02-07 22:30:00,682.6885365462277,0.0,261.0,0.0
2025-02-07 23:00:00,630.5970746235474,0.0,242.0,0.0
2025-02-07 23:30:00,750.0945964215041,0.0,243.0,0.0
2025-02-08 00:00:00,78.30732873784252,0.0,25.0,0.0
2025-02-08 00:30:00,83.19613392182491,0.0,25.0,0.0
2025-02-08 01:00:00,75.62480279938923,0.0,22.0,0.0
2025-02-08 01:30:00,86.41997097004179,0.0,21.0,0.0
2025-02-08 02:00:00,69.96784059549375,0.0,17.0,0.0
2025-02-08 02:30:00,69.70284553009107,0.0,18.0,0.0
2025-02-08 03:00:00,69.25400299215049,0.0,19.0,0.0
2025-02-08 03:30:00,71.2406133844045,0.0,18.0,0.0
2025-02-08 04:00:00,67.6377164637966,0.0,20.0,0.0
2025-02-08 04:30:00,74.07515437997151,0.0,18.0,0.0
2025-02-08 05:00:00,66.95037605261021,0.0,21.0,0.0
2025-02-08 05:30:00,73.5900988728089,0.0,19.0,0.0
2025-02-08 06:00:00,67.13549372125313,0.0,20.0,0.0
2025-02-08 06:30:00,71.60827906306267,0.0,20.0,0.0
2025-02-08 07:00:00,74.17634543687649,0.0,20.0,0.0
2025-02-08 07:30:00,79.17933377776106,0.0,21.0,0.0
2025-02-08 08:00:00,68.11919812518784,0.0,20.0,0.0
2025-02-08 08:30:00,99.24841275286803,0.0,19.0,0.0
2025-02-08 09:00:00,169.63092366197523,0.0,77.0,0.0
2025-02-08 09:30:00,241.03963393573397,0.0,100.0,0.0
2025-02-08 10:00:00,237.20582804137462,0.0,100.0,0.0
2025-02-08 10:30:00,259.2596276216799,0.0,101.0,0.0
2025-02-08 11:00:00,242.92370449033177,0.0,108.0,0.0
2025-02-08 11:30:00,280.3413399982128,0.0,108.0,0.0
2025-02-08 12:00:00,255.19974069868417,0.0,109.0,0.0
2025-02-08 12:30:00,235.47586780144147,0.0,111.0,0.0
2025-02-08 13:00:00,225.7828904053316,0.0,111.0,0.0
2025-02-08 13:30:00,222.6985749155361,0.0,110.0,0.0
2025-02-08 14:00:00,241.28079637418188,0.0,111.0,0.0
2025-02-08 14:30:00,209.31791191515612,0.0,109.0,0.0
2025-02-08 15:00:00,217.37791641792282,0.0,114.00000000000001,0.0
2025-02-08 15:30:00,225.13806502250995,0.0,113.0,0.0
2025-02-08 16:00:00,239.92218280040458,0.0,110.0,0.0
2025-02-08 16:30:00,245.24184617420303,0.0,109.0,0.0
2025-02-08 17:00:00,246.94526230342635,0.0,108.0,0.0
2025-02-08 17:30:00,228.90728694741497,0.0,110.0,0.0
2025-02-08 18:00:00,170.29129446413893,0.0,70.0,0.0
2025-02-08 18:30:00,131.00614261757815,0.0,46.0,0.0
2025-02-08 19:00:00,69.76534771550267,0.0,24.0,0.0
2025-02-08 19:30:00,68.08253541743915,0.0,24.0,0.0
2025-02-08 20:00:00,80.72471843186163,0.0,27.0,0.0
2025-02-08 20:30:00,80.72586672711739,0.0,32.0,0.0
2025-02-08 21:00:00,82.72897706151325,0.0,29.0,0.0
2025-02-08 21:30:00,83.49645211587217,0.0,31.0,0.0
2025-02-08 22:00:00,85.04210214854885,0.0,31.000000000000004,0.0
2025-02-08 22:30:00,86.89183488487896,0.0,30.0,0.0
2025-02-08 23:00:00,87.49471579082527,0.0,32.0,0.0
2025-02-08 23:30:00,83.80925027874592,0.0,30.0,0.0
2025-02-09 00:00:00,59.694313113492115,0.0,22.0,0.0
2025-02-09 00:30:00,68.42282872063655,0.0,22.0,0.0
2025-02-09 01:00:00,59.93263850722809,0.0,23.0,0.0
2025-02-09 01:30:00,63.508490025090644,0.0,24.0,0.0
2025-02-09 02:00:00,66.69036475537409,0.0,23.0,0.0
2025-02-09 02:30:00,64.66726018984146,0.0,23.0,0.0
2025-02-09 03:00:00,62.398498796954755,0.0,20.0,0.0
2025-02-09 03:30:00,61.16243239333498,0.0,23.0,0.0
2025-02-09 04:00:00,61.96651259275666,0.0,20.0,0.0
2025-02-09 04:30:00,65.11135371508715,0.0,20.0,0.0
2025-02-09 05:00:00,62.06190054126166,0.0,18.0,0.0
2025-02-09 05:30:00,61.34327718514861,0.0,22.0,0.0
2025-02-09 06:00:00,57.19500769517814,0.0,20.0,0.0
2025-02-09 06:30:00,59.490256792837705,0.0,20.0,0.0
2025-02-09 07:00:00,63.216234632484515,0.0,21.0,0.0
2025-02-09 07:30:00,60.01362667396114,0.0,21.0,0.0
2025-02-09 08:00:00,55.67852940827256,0.0,23.0,0.0
2025-02-09 08:30:00,56.03610782075652,0.0,21.0,0.0
2025-02-09 09:00:00,63.30203956738371,0.0,22.0,0.0
2025-02-09 09:30:00,62.08245095333044,0.0,23.0,0.0
2025-02-09 10:00:00,66.2049999328489,0.0,22.0,0.0
2025-02-09 10:30:00,64.46703269887203,0.0,24.0,0.0
2025-02-09 11:00:00,62.73992850288963,0.0,23.0,0.0
2025-02-09 11:30:00,68.5207844846826,0.0,24.0,0.0
2025-02-09 12:00:00,76.01617738208965,0.0,25.0,0.0
2025-02-09 12:30:00,69.50925047024052,0.0,24.0,0.0
2025-02-09 13:00:00,69.4699565822602,0.0,25.000000000000004,0.0
2025-02-09 13:30:00,70.23803780051433,0.0,25.999999999999996,0.0
2025-02-09 14:00:00,62.04620607094897,0.0,24.0,0.0
2025-02-09 14:30:00,65.12792572090368,0.0,25.0,0.0
2025-02-09 15:00:00,60.33729541558737,0.0,24.0,0.0
2025-02-09 15:30:00,74.96806493628935,0.0,26.0,0.0
2025-02-09 16:00:00,73.19311249912954,0.0,24.0,0.0
2025-02-09 16:30:00,69.3355829891307,0.0,25.0,0.0
2025-02-09 17:00:00,66.44587984017788,0.0,23.0,0.0
2025-02-09 17:30:00,60.87975299175798,0.0,24.0,0.0
2025-02-09 18:00:00,64.28727512918526,0.0,27.0,0.0
2025-02-09 18:30:00,69.73565401089246,0.0,27.000000000000004,0.0
2025-02-09 19:00:00,63.4139603943165,0.0,25.0,0.0
2025-02-09 19:30:00,65.10843433819015,0.0,24.0,0.0
2025-02-09 20:00:00,59.286270354988254,0.0,24.0,0.0
2025-02-09 20:30:00,71.6240241878982,0.0,24.0,0.0
2025-02-09 21:00:00,67.76171507650596,0.0,25.0,0.0
2025-02-09 21:30:00,61.11494159123452,0.0,23.0,0.0
2025-02-09 22:00:00,64.85749668095676,0.0,24.0,0.0
2025-02-09 22:30:00,62.720247641850264,0.0,25.0,0.0
2025-02-09 23:00:00,66.5586591888649,0.0,22.0,0.0
2025-02-09 23:30:00,66.6842185997223,0.0,24.0,0.0
2025-02-10 00:00:00,88.71884976465938,0.0,27.000000000000004,0.0
2025-02-10 00:30:00,90.38361947111747,0.0,27.0,0.0
2025-02-10 01:00:00,95.0613488950578,0.0,25.000000000000004,0.0
2025-02-10 01:30:00,87.19546045183911,0.0,25.0,0.0
2025-02-10 02:00:00,90.79324666077683,0.0,26.999999999999996,0.0
2025-02-10 02:30:00,93.00109950379606,0.0,24.999999999999996,0.0
2025-02-10 03:00:00,81.52200929033178,0.0,25.0,0.0
2025-02-10 03:30:00,86.74468808549479,0.0,26.0,0.0
2025-02-10 04:00:00,93.73118982920604,0.0,28.0,0.0
2025-02-10 04:30:00,87.28536064529028,0.0,25.0,0.0
2025-02-10 05:00:00,94.45626877314092,0.0,27.0,0.0
2025-02-10 05:30:00,80.1447333918869,0.0,27.000000000000004,0.0
2025-02-10 06:00:00,79.64849230943432,0.0,26.0,0.0
2025-02-10 06:30:00,152.657195897177,0.0,55.00000000000001,0.0
2025-02-10 07:00:00,196.1385878203681,0.0,87.0,0.0
2025-02-10 07:30:00,347.60846238010134,0.0,169.0,0.0
2025-02-10 08:00:00,557.9507868412505,0.0,194.0,0.0
2025-02-10 08:30:00,808.0258117787433,0.0,274.0,0.0
2025-02-10 09:00:00,848.0272463013528,0.0,281.0,0.0
2025-02-10 09:30:00,862.4038776352963,0.0,283.0,0.0
2025-02-10 10:00:00,915.6040822266582,0.0,296.0,0.0
2025-02-10 10:30:00,959.4976832591218,0.0,298.0,0.0
2025-02-10 11:00:00,868.2493856948969,0.0,304.0,0.0
2025-02-10 11:30:00,911.8845115493924,0.0,300.0,0.0
2025-02-10 12:00:00,879.1314698891525,0.0,293.0,0.0
2025-02-10 12:30:00,937.1843229214629,0.0,312.0,0.0
2025-02-10 13:00:00,902.6072685941011,0.0,316.0,0.0
2025-02-10 13:30:00,885.1622969369699,0.0,315.0,0.0
2025-02-10 14:00:00,964.6848864463863,0.0,308.0,0.0
2025-02-10 14:30:00,868.9221534456303,0.0,305.0,0.0
2025-02-10 15:00:00,881.92868775479,0.0,303.0,0.0
2025-02-10 15:30:00,823.7804807925968,0.0,305.0,0.0
2025-02-10 16:00:00,848.6004614187806,0.0,298.0,0.0
2025-02-10 16:30:00,881.1654674787621,0.0,281.0,0.0
2025-02-10 17:00:00,897.154576373067,0.0,297.0,0.0
2025-02-10 17:30:00,903.2888200143836,0.0,301.0,0.0
2025-02-10 18:00:00,909.3809661530959,0.0,309.0,0.0
2025-02-10 18:30:00,934.3103037352851,0.0,296.0,0.0
2025-02-10 19:00:00,793.1882163091873,0.0,287.0,0.0
2025-02-10 19:30:00,734.3040214497802,0.0,264.0,0.0
2025-02-10 20:00:00,722.9214031998714,0.0,232.99999999999997,0.0
2025-02-10 20:30:00,658.9702898063512,0.0,206.0,0.0
2025-02-10 21:00:00,632.6036293574878,0.0,198.0,0.0
2025-02-10 21:30:00,657.0627097179868,0.0,191.00000000000003,0.0
2025-02-10 22:00:00,688.5860189400474,0.0,189.0,0.0
2025-02-10 22:30:00,695.7309880569283,0.0,201.0,0.0
2025-02-10 23:00:00,664.33959545983,0.0,202.00000000000003,0.0
2025-02-10 23:30:00,719.5913470022555,0.0,194.0,0.0
2025-02-11 00:00:00,577.114338141567,0.0,173.0,0.0
2025-02-11 00:30:00,611.0491173739093,0.0,161.0,0.0
2025-02-11 01:00:00,672.1230913929488,0.0,157.0,0.0
2025-02-11 01:30:00,637.2877611275718,0.0,173.0,0.0
2025-02-11 02:00:00,659.4979045985325,0.0,178.99999999999997,0.0
2025-02-11 02:30:00,700.7316148629942,0.0,181.0,0.0
2025-02-11 03:00:00,686.2511455207497,0.0,175.00000000000003,0.0
2025-02-11 03:30:00,696.8710485556542,0.0,172.0,0.0
2025-02-11 04:00:00,562.4761246317466,0.0,174.0,0.0
2025-02-11 04:30:00,749.8065448262528,0.0,181.0,0.0
2025-02-11 05:00:00,690.2875945650642,0.0,181.0,0.0
2025-02-11 05:30:00,747.9671645870042,0.0,183.0,0.0
2025-02-11 06:00:00,637.0658920798325,0.0,175.0,0.0
2025-02-11 06:30:00,573.5394784523418,0.0,166.0,0.0
2025-02-11 07:00:00,659.2378481490946,0.0,173.0,0.0
2025-02-11 07:30:00,703.1829764441572,0.0,190.0,0.0
2025-02-11 08:00:00,805.4928953609781,0.0,227.99999999999997,0.0
2025-02-11 08:30:00,858.803330041894,0.0,233.00000000000003,0.0
2025-02-11 09:00:00,848.2812694281334,0.0,290.0,0.0
2025-02-11 09:30:00,886.2042441452993,0.0,314.0,0.0
2025-02-11 10:00:00,928.6530718331047,0.0,315.0,0.0
2025-02-11 10:30:00,905.247330677999,0.0,318.0,0.0
2025-02-11 11:00:00,858.1597812958553,0.0,309.0,0.0
2025-02-11 11:30:00,898.2856618814347,0.0,296.0,0.0
2025-02-11 12:00:00,837.6352475620008,0.0,262.0,0.0
2025-02-11 12:30:00,861.2800210618074,0.0,282.0,0.0
2025-02-11 13:00:00,799.2203425771613,0.0,290.0,0.0
2025-02-11 13:30:00,728.6966092996702,0.0,290.0,0.0
2025-02-11 14:00:00,823.8494474146968,0.0,286.0,0.0
2025-02-11 14:30:00,784.1123144834103,0.0,283.0,0.0
2025-02-11 15:00:00,814.6812742205659,0.0,283.0,0.0
2025-02-11 15:30:00,796.3510552200345,0.0,304.0,0.0
2025-02-11 16:00:00,843.1247780993516,0.0,356.0,0.0
2025-02-11 16:30:00,757.480938612199,0.0,336.0,0.0
2025-02-11 17:00:00,745.0274460186085,0.0,345.0,0.0
2025-02-11 17:30:00,847.8465247287071,0.0,349.0,0.0
2025-02-11 18:00:00,768.8258324199468,0.0,358.0,0.0
2025-02-11 18:30:00,796.0131986852028,0.0,356.0,0.0
2025-02-11 19:00:00,831.8942394101325,0.0,380.0,0.0
2025-02-11 19:30:00,851.2121779375436,0.0,380.0,0.0
2025-02-11 20:00:00,791.2439741970292,0.0,352.0,0.0
2025-02-11 20:30:00,710.6003280075537,0.0,339.0,0.0
2025-02-11 21:00:00,714.9781141445213,0.0,338.0,0.0
2025-02-11 21:30:00,740.5775037948033,0.0,343.0,0.0
2025-02-11 22:00:00,722.0245486977365,0.0,342.0,0.0
2025-02-11 22:30:00,620.2595398562956,0.0,320.0,0.0
2025-02-11 23:00:00,637.6905374985844,0.0,312.0,0.0
2025-02-11 23:30:00,669.5275718202096,0.0,312.0,0.0
2025-02-12 00:00:00,661.6309939964603,0.0,205.0,0.0
2025-02-12 00:30:00,709.3295548000249,0.0,188.0,0.0
2025-02-12 01:00:00,643.822610090333,0.0,192.0,0.0
2025-02-12 01:30:00,605.0909617385054,0.0,189.0,0.0
2025-02-12 02:00:00,666.2331912991799,0.0,197.0,0.0
2025-02-12 02:30:00,657.5766607827429,0.0,177.00000000000003,0.0
2025-02-12 03:00:00,666.8242936777897,0.0,194.0,0.0
2025-02-12 03:30:00,654.8081848666956,0.0,195.0,0.0
2025-02-12 04:00:00,602.9272153731177,0.0,196.0,0.0
2025-02-12 04:30:00,652.0913256797242,0.0,200.0,0.0
2025-02-12 05:00:00,674.1526689105436,0.0,186.0,0.0
2025-02-12 05:30:00,618.3358421632827,0.0,195.0,0.0
2025-02-12 06:00:00,632.1680904382953,0.0,188.0,0.0
2025-02-12 06:30:00,613.8717278834433,0.0,184.0,0.0
2025-02-12 07:00:00,636.9757491689544,0.0,197.0,0.0
2025-02-12 07:30:00,685.3921937029684,0.0,196.00000000000003,0.0
2025-02-12 08:00:00,712.4491876577719,0.0,218.0,0.0
2025-02-12 08:30:00,850.0055992394069,0.0,254.0,0.0
2025-02-12 09:00:00,813.2413826054534,0.0,267.0,0.0
2025-02-12 09:30:00,793.8112052200682,0.0,276.0,0.0
2025-02-12 10:00:00,878.3745387236071,0.0,275.0,0.0
2025-02-12 10:30:00,849.9419297913564,0.0,303.0,0.0
2025-02-12 11:00:00,939.0474323265317,0.0,339.0,0.0
2025-02-12 11:30:00,955.2588482310524,0.0,352.0,0.0
2025-02-12 12:00:00,912.6136264674357,0.0,343.0,0.0
2025-02-12 12:30:00,832.917153624783,0.0,381.0,0.0
2025-02-12 13:00:00,884.48287072991,0.0,317.0,0.0
2025-02-12 13:30:00,921.452553636653,0.0,315.0,0.0
2025-02-12 14:00:00,913.3675862759537,0.0,303.0,0.0
2025-02-12 14:30:00,872.2647312777926,0.0,309.0,0.0
2025-02-12 15:00:00,940.5390887110674,0.0,306.0,0.0
2025-02-12 15:30:00,902.0214218851302,0.0,307.0,0.0
2025-02-12 16:00:00,906.7711809283416,0.0,308.0,0.0
2025-02-12 16:30:00,790.1807282639382,0.0,304.0,0.0
2025-02-12 17:00:00,902.1762291703396,0.0,324.0,0.0
2025-02-12 17:30:00,874.4637610887422,0.0,313.0,0.0
2025-02-12 18:00:00,848.2650838340668,0.0,262.0,0.0
2025-02-12 18:30:00,596.9358541442363,0.0,153.0,0.0
2025-02-12 19:00:00,547.9124280564214,0.0,126.0,0.0
2025-02-12 19:30:00,515.8183041517362,0.0,112.0,0.0
2025-02-12 20:00:00,510.3110234859141,0.0,91.0,0.0
2025-02-12 20:30:00,464.3359700100452,0.0,93.0,0.0
2025-02-12 21:00:00,407.05841664300704,0.0,110.99999999999999,0.0
2025-02-12 21:30:00,480.28511340883136,0.0,125.00000000000001,0.0
2025-02-12 22:00:00,554.6197403300537,0.0,170.0,0.0
2025-02-12 22:30:00,624.7034413622824,0.0,214.0,0.0
2025-02-12 23:00:00,646.1926144724446,0.0,231.99999999999997,0.0
2025-02-12 23:30:00,703.8316335636852,0.0,236.0,0.0
2025-02-13 00:00:00,662.714242357119,0.0,189.0,0.0
2025-02-13 00:30:00,600.6121979637595,0.0,179.0,0.0
2025-02-13 01:00:00,633.4706539651644,0.0,171.0,0.0
2025-02-13 01:30:00,666.4199904351104,0.0,180.0,0.0
2025-02-13 02:00:00,631.8718079599803,0.0,180.0,0.0
2025-02-13 02:30:00,631.668751695172,0.0,184.0,0.0
2025-02-13 03:00:00,685.7937992267588,0.0,192.99999999999997,0.0
2025-02-13 03:30:00,693.8430245983985,0.0,193.99999999999997,0.0
2025-02-13 04:00:00,644.6416997972692,0.0,188.0,0.0
2025-02-13 04:30:00,601.7466297794493,0.0,187.0,0.0
2025-02-13 05:00:00,691.4255826658255,0.0,193.0,0.0
2025-02-13 05:30:00,642.371271739058,0.0,186.99999999999997,0.0
2025-02-13 06:00:00,662.0196702183777,0.0,185.0,0.0
2025-02-13 06:30:00,679.0939987075835,0.0,191.0,0.0
2025-02-13 07:00:00,594.9480770216485,0.0,183.0,0.0
2025-02-13 07:30:00,691.7932640279787,0.0,202.99999999999997,0.0
2025-02-13 08:00:00,752.8833436812425,0.0,230.0,0.0
2025-02-13 08:30:00,798.6577984725159,0.0,236.0,0.0
2025-02-13 09:00:00,822.8002592198392,0.0,296.0,0.0
2025-02-13 09:30:00,759.6616082475248,0.0,346.0,0.0
2025-02-13 10:00:00,860.6579289654495,0.0,335.0,0.0
2025-02-13 10:30:00,839.9135827693772,0.0,339.0,0.0
2025-02-13 11:00:00,777.2427457305307,0.0,341.0,0.0
2025-02-13 11:30:00,780.0168205695741,0.0,348.0,0.0
2025-02-13 12:00:00,794.0755502148099,0.0,368.0,0.0
2025-02-13 12:30:00,866.482957699197,0.0,365.0,0.0
2025-02-13 13:00:00,780.481485746092,0.0,274.0,0.0
2025-02-13 13:30:00,873.6307908395522,0.0,279.0,0.0
2025-02-13 14:00:00,771.9866864461525,0.0,275.0,0.0
2025-02-13 14:30:00,827.4966641657562,0.0,277.0,0.0
2025-02-13 15:00:00,761.3677477822037,0.0,278.0,0.0
2025-02-13 15:30:00,815.6808003994641,0.0,276.0,0.0
2025-02-13 16:00:00,919.47029963926,0.0,276.0,0.0
2025-02-13 16:30:00,892.2381003889795,0.0,252.99999999999997,0.0
2025-02-13 17:00:00,825.5712911038021,0.0,255.0,0.0
2025-02-13 17:30:00,802.5371093587185,0.0,262.0,0.0
2025-02-13 18:00:00,818.824108104771,0.0,268.0,0.0
2025-02-13 18:30:00,833.264933556904,0.0,258.0,0.0
2025-02-13 19:00:00,743.933722636363,0.0,253.99999999999997,0.0
2025-02-13 19:30:00,768.3576575899433,0.0,246.0,0.0
2025-02-13 20:00:00,813.454192175387,0.0,228.0,0.0
2025-02-13 20:30:00,652.975288111638,0.0,187.0,0.0
2025-02-13 21:00:00,648.757860894886,0.0,191.0,0.0
2025-02-13 21:30:00,667.4400084269811,0.0,187.0,0.0
2025-02-13 22:00:00,672.3861659025811,0.0,181.0,0.0
2025-02-13 22:30:00,619.9998705216169,0.0,169.0,0.0
2025-02-13 23:00:00,635.4359227299244,0.0,167.00000000000003,0.0
2025-02-13 23:30:00,657.3932711262881,0.0,169.00000000000003,0.0
2025-02-14 00:00:00,650.386931928753,0.0,167.0,0.0
2025-02-14 00:30:00,559.8189812035956,0.0,161.0,0.0
2025-02-14 01:00:00,640.6556365184014,0.0,177.0,0.0
2025-02-14 01:30:00,602.6838673639636,0.0,178.0,0.0
2025-02-14 02:00:00,655.4374825900405,0.0,176.0,0.0
2025-02-14 02:30:00,597.1105078541286,0.0,183.0,0.0
2025-02-14 03:00:00,658.2678316877974,0.0,179.0,0.0
2025-02-14 03:30:00,605.9637202446644,0.0,187.0,0.0
2025-02-14 04:00:00,647.3435828236808,0.0,187.0,0.0
2025-02-14 04:30:00,699.9800776635499,0.0,187.0,0.0
2025-02-14 05:00:00,713.0151445980943,0.0,191.99999999999997,0.0
2025-02-14 05:30:00,623.12983540456,0.0,180.0,0.0
2025-02-14 06:00:00,634.9118622018013,0.0,181.0,0.0
2025-02-14 06:30:00,599.3553357745516,0.0,180.0,0.0
2025-02-14 07:00:00,594.9203487628312,0.0,173.0,0.0
2025-02-14 07:30:00,688.024080623782,0.0,198.0,0.0
2025-02-14 08:00:00,745.3108149540537,0.0,221.99999999999997,0.0
2025-02-14 08:30:00,803.3158126841266,0.0,227.0,0.0
2025-02-14 09:00:00,859.1295381804856,0.0,239.0,0.0
2025-02-14 09:30:00,845.4961710075298,0.0,250.99999999999997,0.0
2025-02-14 10:00:00,836.4082547250014,0.0,252.0,0.0
2025-02-14 10:30:00,821.4287912054956,0.0,261.0,0.0
2025-02-14 11:00:00,844.0105621639659,0.0,260.0,0.0
2025-02-14 11:30:00,791.9748284621703,0.0,251.0,0.0
2025-02-14 12:00:00,775.7707961513597,0.0,242.00000000000003,0.0
2025-02-14 12:30:00,829.6726797490911,0.0,255.99999999999997,0.0
2025-02-14 13:00:00,816.1640601064452,0.0,326.0,0.0
2025-02-14 13:30:00,935.2747219366331,0.0,377.0,0.0
2025-02-14 14:00:00,776.9476133639164,0.0,383.0,0.0
2025-02-14 14:30:00,830.7708734692316,0.0,372.0,0.0
2025-02-14 15:00:00,797.8507058238,0.0,379.0,0.0
2025-02-14 15:30:00,849.2088715705012,0.0,374.0,0.0
2025-02-14 16:00:00,860.797318623355,0.0,381.0,0.0
2025-02-14 16:30:00,864.0202770873636,0.0,365.0,0.0
2025-02-14 17:00:00,826.9791053910819,0.0,379.0,0.0
2025-02-14 17:30:00,829.9837087576469,0.0,384.0,0.0
2025-02-14 18:00:00,826.8190660855487,0.0,389.0,0.0
2025-02-14 18:30:00,764.4167733192487,0.0,379.0,0.0
2025-02-14 19:00:00,778.7528795353275,0.0,372.0,0.0
2025-02-14 19:30:00,791.588853546368,0.0,376.0,0.0
2025-02-14 20:00:00,749.7573967452284,0.0,351.0,0.0
2025-02-14 20:30:00,696.9483130369216,0.0,321.0,0.0
2025-02-14 21:00:00,663.1292870991949,0.0,325.0,0.0
2025-02-14 21:30:00,650.6907921018146,0.0,320.0,0.0
2025-02-14 22:00:00,614.180677874835,0.0,332.0,0.0
2025-02-14 22:30:00,678.8382257953224,0.0,330.0,0.0
2025-02-14 23:00:00,639.9309850409761,0.0,324.00000000000006,0.0
2025-02-14 23:30:00,688.8044915092286,0.0,322.0,0.0
2025-02-15 00:00:00,543.9129190903484,0.0,125.0,0.0
2025-02-15 00:30:00,553.1026774998041,0.0,117.17021276595744,0.0
2025-02-15 01:00:00,539.6114499815004,0.0,117.0,0.0
2025-02-15 01:30:00,589.5542148158531,0.0,117.0,0.0
2025-02-15 02:00:00,579.1925003227187,0.0,126.14893617021276,0.0
2025-02-15 02:30:00,578.0522931137979,0.0,130.5744680851064,0.0
2025-02-15 03:00:00,524.7580571241969,0.0,126.63829787234044,0.0
2025-02-15 03:30:00,598.1869365203128,0.0,125.14893617021276,0.0
2025-02-15 04:00:00,528.7121771061421,0.0,123.34042553191489,0.0
2025-02-15 04:30:00,600.6267974595467,0.0,123.80851063829788,0.0
2025-02-15 05:00:00,601.9790446677687,0.0,121.63829787234043,0.0
2025-02-15 05:30:00,558.1842994056734,0.0,121.0,0.0
2025-02-15 06:00:00,564.2396875502975,0.0,120.25531914893617,0.0
2025-02-15 06:30:00,449.85035915173455,0.0,117.1063829787234,0.0
2025-02-15 07:00:00,522.3462767182581,0.0,116.70212765957447,0.0
2025-02-15 07:30:00,433.58215656319805,0.0,90.44680851063833,0.0
2025-02-15 08:00:00,318.9874810052562,0.0,80.63829787234042,0.0
2025-02-15 08:30:00,295.80933644265224,0.0,101.78723404255314,0.0
2025-02-15 09:00:00,382.1340794226471,0.0,132.12765957446803,0.0
2025-02-15 09:30:00,378.18057848523983,0.0,141.0212765957447,0.0
2025-02-15 10:00:00,448.1954885407718,0.0,141.87234042553192,0.0
2025-02-15 10:30:00,394.34597615159356,0.0,148.9787234042553,0.0
2025-02-15 11:00:00,455.1594844263434,0.0,150.87234042553192,0.0
2025-02-15 11:30:00,451.68780543427636,0.0,148.48936170212767,0.0
2025-02-15 12:00:00,420.6527634483553,0.0,154.36170212765958,0.0
2025-02-15 12:30:00,447.4293087177197,0.0,161.93617021276594,0.0
2025-02-15 13:00:00,432.929853348246,0.0,162.1063829787234,0.0
2025-02-15 13:30:00,450.21019022827215,0.0,160.14893617021278,0.0
2025-02-15 14:00:00,425.32986107583247,0.0,159.0,0.0
2025-02-15 14:30:00,465.9147615316446,0.0,159.0,0.0
2025-02-15 15:00:00,430.33843046514374,0.0,163.70212765957444,0.0
2025-02-15 15:30:00,453.2852528652936,0.0,172.68085106382978,0.0
2025-02-15 16:00:00,482.064385205595,0.0,176.87234042553192,0.0
2025-02-15 16:30:00,459.5201932900479,0.0,191.93617021276583,0.0
2025-02-15 17:00:00,451.2743762891442,0.0,208.02127659574475,0.0
2025-02-15 17:30:00,366.15660667145414,0.0,168.44680851063868,0.5106382978723332
2025-02-15 18:00:00,244.72394159475843,0.0,69.70212765957477,5.744680851063777
2025-02-15 18:30:00,84.6101985990446,0.0,0.0,18.42553191489361
2025-02-15 19:00:00,81.70640343749743,0.0,0.0,19.425531914893625
2025-02-15 19:30:00,88.78188338451687,0.0,0.6808510638297776,14.106382978723445
2025-02-15 20:00:00,112.83478174275297,0.0,4.148936170212764,0.0
2025-02-15 20:30:00,113.43076834240264,0.0,5.255319148936167,0.0
2025-02-15 21:00:00,113.82289541177994,0.0,6.7872340425531945,0.10638297872340274
2025-02-15 21:30:00,109.9889539860211,0.0,5.085106382978722,0.9148936170212777
2025-02-15 22:00:00,97.18030514276683,0.0,5.872340425531917,0.06382978723404165
2025-02-15 22:30:00,96.45220467594042,0.0,5.234042553191472,0.9574468085106389
2025-02-15 23:00:00,103.6044945244325,0.0,33.34042553191489,0.0
2025-02-15 23:30:00,102.97209581005411,0.0,49.0,0.0
2025-02-16 00:00:00,664.5966533109878,0.0,259.0,0.0
2025-02-16 00:30:00,567.5267149000324,0.0,245.0,0.0
2025-02-16 01:00:00,641.1434394452236,0.0,244.0,0.0
2025-02-16 01:30:00,623.9721277754824,0.0,242.0,0.0
2025-02-16 02:00:00,603.0196757135732,0.0,243.0,0.0
2025-02-16 02:30:00,638.8699567074436,0.0,249.00000000000003,0.0
2025-02-16 03:00:00,608.8509948452522,0.0,243.0,0.0
2025-02-16 03:30:00,602.5362585354536,0.0,242.0,0.0
2025-02-16 04:00:00,589.8352420217872,0.0,248.0,0.0
2025-02-16 04:30:00,550.969648109305,0.0,241.0,0.0
2025-02-16 05:00:00,597.8138379531391,0.0,254.0,0.0
2025-02-16 05:30:00,533.9363238928094,0.0,243.0,0.0
2025-02-16 06:00:00,607.542793893326,0.0,243.0,0.0
2025-02-16 06:30:00,520.7241997721304,0.0,232.0,0.0
2025-02-16 07:00:00,562.8079412785444,0.0,235.0,0.0
2025-02-16 07:30:00,586.4044791780614,0.0,247.0,0.0
2025-02-16 08:00:00,430.33354220811316,0.0,181.0,0.0
2025-02-16 08:30:00,118.46476241055795,0.0,66.0,0.0
2025-02-16 09:00:00,136.3708406847082,0.0,76.0,0.0
2025-02-16 09:30:00,100.25274902729923,0.0,37.0,0.0
2025-02-16 10:00:00,95.24707651899605,0.0,36.0,0.0
2025-02-16 10:30:00,99.24994855318198,0.0,33.0,0.0
2025-02-16 11:00:00,88.21968826039283,0.0,30.0,0.0
2025-02-16 11:30:00,81.6768628576346,0.0,29.0,0.0
2025-02-16 12:00:00,95.7274996771352,0.0,28.999999999999996,0.0
2025-02-16 12:30:00,92.44884093181219,0.0,30.0,0.0
2025-02-16 13:00:00,86.64693216146651,0.0,31.0,0.0
2025-02-16 13:30:00,93.25499176433757,0.0,30.000000000000004,0.0
2025-02-16 14:00:00,100.84515038567558,0.0,29.999999999999996,0.0
2025-02-16 14:30:00,89.93638743449905,0.0,31.000000000000004,0.0
2025-02-16 15:00:00,106.09598078124952,0.0,31.0,0.0
2025-02-16 15:30:00,91.02006242595085,0.0,31.0,0.0
2025-02-16 16:00:00,98.42635318521617,0.0,31.0,0.0
2025-02-16 16:30:00,95.7824246689772,0.0,32.0,0.0
2025-02-16 17:00:00,104.21637381321928,0.0,33.0,0.0
2025-02-16 17:30:00,100.32457350011867,0.0,33.0,0.0
2025-02-16 18:00:00,91.62700518346112,0.0,32.0,0.0
2025-02-16 18:30:00,101.57493001183155,0.0,28.0,0.0
2025-02-16 19:00:00,83.87005017321961,0.0,28.000000000000004,0.0
2025-02-16 19:30:00,88.75019536425756,0.0,29.0,0.0
2025-02-16 20:00:00,95.40911325105913,0.0,30.000000000000004,0.0
2025-02-16 20:30:00,99.25485971923553,0.0,28.999999999999996,0.0
2025-02-16 21:00:00,97.1816095928198,0.0,29.0,0.0
2025-02-16 21:30:00,86.4745714340777,0.0,31.0,0.0
2025-02-16 22:00:00,90.96259054272598,0.0,28.0,0.0
2025-02-16 22:30:00,81.53382382926752,0.0,27.0,0.0
2025-02-16 23:00:00,94.05767286595061,0.0,27.0,0.0
2025-02-16 23:30:00,84.47813456275988,0.0,28.0,0.0
2025-02-17 00:00:00,92.46369075220117,0.0,32.0,0.0
2025-02-17 00:30:00,110.24623691364548,0.0,32.0,0.0
2025-02-17 01:00:00,110.25809749730499,0.0,30.999999999999996,0.0
2025-02-17 01:30:00,99.54178843503404,0.0,31.0,0.0
2025-02-17 02:00:00,102.5086071008445,0.0,32.0,0.0
2025-02-17 02:30:00,103.47136964341351,0.0,31.0,0.0
2025-02-17 03:00:00,79.49521951697803,0.0,30.0,0.0
2025-02-17 03:30:00,89.86405589002908,0.0,33.0,0.0
2025-02-17 04:00:00,94.86063791329853,0.0,31.0,0.0
2025-02-17 04:30:00,90.448479763927,0.0,33.0,0.0
2025-02-17 05:00:00,96.64099130416201,0.0,29.999999999999996,0.0
2025-02-17 05:30:00,90.82093902558863,0.0,33.0,0.0
2025-02-17 06:00:00,89.58626017850231,0.0,31.0,0.0
2025-02-17 06:30:00,89.75023027768098,0.0,32.0,0.0
2025-02-17 07:00:00,92.51807294566171,0.0,31.0,0.0
2025-02-17 07:30:00,304.43772907673923,0.0,111.0,0.0
2025-02-17 08:00:00,609.1485472199452,0.0,263.0,0.0
2025-02-17 08:30:00,740.1792488158196,0.0,350.0,0.0
2025-02-17 09:00:00,864.3197014440157,0.0,385.0,0.0
2025-02-17 09:30:00,843.6842790200253,0.0,332.0,0.0
2025-02-17 10:00:00,857.691278325424,0.0,309.0,0.0
2025-02-17 10:30:00,759.5607946712818,0.0,297.0,0.0
2025-02-17 11:00:00,737.5110951645063,0.0,299.0,0.0
2025-02-17 11:30:00,778.8369648181429,0.0,289.0,0.0
2025-02-17 12:00:00,839.2410424869564,0.0,263.0,0.0
2025-02-17 12:30:00,834.6986945402119,0.0,294.0,0.0
2025-02-17 13:00:00,768.0993708139848,0.0,290.0,0.0
2025-02-17 13:30:00,815.9592597705321,0.0,271.0,0.0
2025-02-17 14:00:00,816.6669241532811,0.0,257.0,0.0
2025-02-17 14:30:00,729.4276003753084,0.0,258.0,0.0
2025-02-17 15:00:00,828.073002425091,0.0,253.00000000000003,0.0
2025-02-17 15:30:00,764.5457999110528,0.0,251.0,0.0
2025-02-17 16:00:00,766.5087874825974,0.0,253.0,0.0
2025-02-17 16:30:00,737.8764647001376,0.0,233.0,0.0
2025-02-17 17:00:00,801.3780712797692,0.0,249.0,0.0
2025-02-17 17:30:00,742.8499686934257,0.0,257.0,0.0
2025-02-17 18:00:00,697.8790943174731,0.0,258.0,0.0
2025-02-17 18:30:00,733.6586860736916,0.0,247.0,0.0
2025-02-17 19:00:00,628.4719669839405,0.0,236.0,0.0
2025-02-17 19:30:00,672.7173122261213,0.0,221.99999999999997,0.0
2025-02-17 20:00:00,648.3183532696798,0.0,200.0,0.0
2025-02-17 20:30:00,490.81138959868343,0.0,127.0,0.0
2025-02-17 21:00:00,470.2966580689599,0.0,115.0,0.0
2025-02-17 21:30:00,433.0273786692594,0.0,113.0,0.0
2025-02-17 22:00:00,454.9297901223032,0.0,110.0,0.0
2025-02-17 22:30:00,380.4705032979264,0.0,111.0,0.0
2025-02-17 23:00:00,393.6839413662606,0.0,108.0,0.0
2025-02-17 23:30:00,370.69761707052027,0.0,92.0,0.0
2025-02-18 00:00:00,686.5430589273952,0.0,210.0,0.0
2025-02-18 00:30:00,683.742844222057,0.0,195.0,0.0
2025-02-18 01:00:00,684.4691081001165,0.0,192.0,0.0
2025-02-18 01:30:00,666.5874134940522,0.0,200.0,0.0
2025-02-18 02:00:00,676.8734244105125,0.0,198.0,0.0
2025-02-18 02:30:00,660.2896882998857,0.0,191.0,0.0
2025-02-18 03:00:00,688.2821774879677,0.0,202.0,0.0
2025-02-18 03:30:00,686.1866968341162,0.0,204.0,0.0
2025-02-18 04:00:00,710.7307815617339,0.0,208.0,0.0
2025-02-18 04:30:00,651.4255794782987,0.0,207.0,0.0
2025-02-18 05:00:00,605.936966525369,0.0,205.0,0.0
2025-02-18 05:30:00,659.172627923565,0.0,201.99999999999997,0.0
2025-02-18 06:00:00,641.0800658906077,0.0,192.0,0.0
2025-02-18 06:30:00,649.2568613407723,0.0,182.0,0.0
2025-02-18 07:00:00,660.7840655590694,0.0,180.0,0.0
2025-02-18 07:30:00,704.4496658332525,0.0,199.0,0.0
2025-02-18 08:00:00,703.1370207291347,0.0,215.0,0.0
2025-02-18 08:30:00,801.0608994407697,0.0,272.0,0.0
2025-02-18 09:00:00,788.3459648118546,0.0,345.0,0.0
2025-02-18 09:30:00,874.2635558108311,0.0,359.0,0.0
2025-02-18 10:00:00,825.5462325008126,0.0,363.0,0.0
2025-02-18 10:30:00,888.2958650903571,0.0,317.0,0.0
2025-02-18 11:00:00,857.3304387147379,0.0,311.0,0.0
2025-02-18 11:30:00,888.4732377560958,0.0,314.0,0.0
2025-02-18 12:00:00,816.0094409089211,0.0,302.0,0.0
2025-02-18 12:30:00,867.7565869058657,0.0,285.0,0.0
2025-02-18 13:00:00,708.3506731721226,0.0,276.0,0.0
2025-02-18 13:30:00,863.1222253379979,0.0,280.0,0.0
2025-02-18 14:00:00,908.5266870366872,0.0,275.0,0.0
2025-02-18 14:30:00,929.4770616093891,0.0,278.0,0.0
2025-02-18 15:00:00,864.5227878106571,0.0,272.0,0.0
2025-02-18 15:30:00,901.0068895883045,0.0,269.0,0.0
2025-02-18 16:00:00,839.0277374235637,0.0,269.0,0.0
2025-02-18 16:30:00,804.115075552268,0.0,251.0,0.0
2025-02-18 17:00:00,847.8648660653062,0.0,263.0,0.0
2025-02-18 17:30:00,847.8645624054188,0.0,277.0,0.0
2025-02-18 18:00:00,773.5101119123012,0.0,269.0,0.0
2025-02-18 18:30:00,548.495987127687,0.0,166.0,0.0
2025-02-18 19:00:00,479.7513161856656,0.0,156.0,0.0
2025-02-18 19:30:00,499.8659822599687,0.0,150.0,0.0
2025-02-18 20:00:00,471.26827718438625,0.0,134.0,0.0
2025-02-18 20:30:00,449.74944792623955,0.0,127.99999999999999,0.0
2025-02-18 21:00:00,504.2945565100723,0.0,163.0,0.0
2025-02-18 21:30:00,563.8890495204897,0.0,171.0,0.0
2025-02-18 22:00:00,611.9841989189665,0.0,172.0,0.0
2025-02-18 22:30:00,627.4104096162026,0.0,199.00000000000003,0.0
2025-02-18 23:00:00,622.1844847299607,0.0,211.0,0.0
2025-02-18 23:30:00,710.3578874955524,0.0,215.99999999999997,0.0
2025-02-19 00:00:00,565.4449915722362,0.0,264.0,0.0
2025-02-19 00:30:00,551.8342728599977,0.0,245.0,0.0
2025-02-19 01:00:00,616.358429415536,0.0,256.0,0.0
2025-02-19 01:30:00,535.2405516818551,0.0,262.0,0.0
2025-02-19 02:00:00,527.7961111484823,0.0,257.0,0.0
2025-02-19 02:30:00,562.0679614269096,0.0,265.0,0.0
2025-02-19 03:00:00,527.3754835725323,0.0,257.0,0.0
2025-02-19 03:30:00,538.179933553607,0.0,259.0,0.0
2025-02-19 04:00:00,530.7524672519659,0.0,253.0,0.0
2025-02-19 04:30:00,466.6085921968728,0.0,251.99999999999997,0.0
2025-02-19 05:00:00,533.2656805990159,0.0,250.0,0.0
2025-02-19 05:30:00,523.1856706744063,0.0,247.0,0.0
2025-02-19 06:00:00,562.624061279295,0.0,247.0,0.0
2025-02-19 06:30:00,519.1424760755684,0.0,238.0,0.0
2025-02-19 07:00:00,499.5609797029273,0.0,245.0,0.0
2025-02-19 07:30:00,561.6570870637325,0.0,266.0,0.0
2025-02-19 08:00:00,538.1629605637443,0.0,287.0,0.0
2025-02-19 08:30:00,696.1354942058532,0.0,336.0,0.0
2025-02-19 09:00:00,800.6576315643363,0.0,384.0,0.0
2025-02-19 09:30:00,805.9085100498905,0.0,289.0,0.0
2025-02-19 10:00:00,864.0995902912701,0.0,283.0,0.0
2025-02-19 10:30:00,748.3739715885611,0.0,284.0,0.0
2025-02-19 11:00:00,828.8287443822686,0.0,289.0,0.0
2025-02-19 11:30:00,821.0046994427936,0.0,291.0,0.0
2025-02-19 12:00:00,840.3295281627895,0.0,264.0,0.0
2025-02-19 12:30:00,827.9441488650732,0.0,278.0,0.0
2025-02-19 13:00:00,805.0478338534436,0.0,282.0,0.0
2025-02-19 13:30:00,854.1169080100346,0.0,282.0,0.0
2025-02-19 14:00:00,760.7366245151455,0.0,266.0,0.0
2025-02-19 14:30:00,864.0707738296791,0.0,276.0,0.0
2025-02-19 15:00:00,796.143341663051,0.0,279.0,0.0
2025-02-19 15:30:00,788.9273978347705,0.0,285.0,0.0
2025-02-19 16:00:00,849.824972102857,0.0,271.0,0.0
2025-02-19 16:30:00,732.4122667590115,0.0,260.0,0.0
2025-02-19 17:00:00,839.3688376394934,0.0,271.0,0.0
2025-02-19 17:30:00,827.1690379216326,0.0,280.0,0.0
2025-02-19 18:00:00,869.2139250570135,0.0,280.0,0.0
2025-02-19 18:30:00,782.6668243755206,0.0,267.0,0.0
2025-02-19 19:00:00,767.143872195804,0.0,261.0,0.0
2025-02-19 19:30:00,792.6830919765476,0.0,244.99999999999997,0.0
2025-02-19 20:00:00,696.144616197848,0.0,221.0,0.0
2025-02-19 20:30:00,595.2135354139267,0.0,179.0,0.0
2025-02-19 21:00:00,621.3989334992477,0.0,180.0,0.0
2025-02-19 21:30:00,594.1286876783636,0.0,176.00000000000003,0.0
2025-02-19 22:00:00,585.821313872602,0.0,174.0,0.0
2025-02-19 22:30:00,587.5578690589188,0.0,163.0,0.0
2025-02-19 23:00:00,618.6841298995681,0.0,151.0,0.0
2025-02-19 23:30:00,544.661937372294,0.0,144.0,0.0
2025-02-20 00:00:00,612.9500249711947,0.0,175.0,0.0
2025-02-20 00:30:00,582.1409833122585,0.0,163.0,0.0
2025-02-20 01:00:00,697.3323318757232,0.0,170.0,0.0
2025-02-20 01:30:00,650.6642578404311,0.0,176.0,0.0
2025-02-20 02:00:00,666.7293889132338,0.0,169.99999999999997,0.0
2025-02-20 02:30:00,624.9645200721465,0.0,170.0,0.0
2025-02-20 03:00:00,638.2147068773633,0.0,171.00000000000003,0.0
2025-02-20 03:30:00,642.9494098752132,0.0,173.0,0.0
2025-02-20 04:00:00,664.855988535662,0.0,172.0,0.0
2025-02-20 04:30:00,652.0031546571546,0.0,178.0,0.0
2025-02-20 05:00:00,591.9583173913542,0.0,174.0,0.0
2025-02-20 05:30:00,674.6224411082962,0.0,170.0,0.0
2025-02-20 06:00:00,627.673826357286,0.0,177.0,0.0
2025-02-20 06:30:00,579.4938283270574,0.0,158.0,0.0
2025-02-20 07:00:00,528.8512366907297,0.0,160.0,0.0
2025-02-20 07:30:00,695.3792662221371,0.0,192.0,0.0
2025-02-20 08:00:00,664.3384677408252,0.0,203.0,0.0
2025-02-20 08:30:00,749.727226991251,0.0,217.0,0.0
2025-02-20 09:00:00,773.1085667246782,0.0,247.99999999999997,0.0
2025-02-20 09:30:00,791.5598730145891,0.0,271.0,0.0
2025-02-20 10:00:00,793.0689507560506,0.0,310.0,0.0
2025-02-20 10:30:00,848.1980181082257,0.0,285.0,0.0
2025-02-20 11:00:00,843.1079610284123,0.0,269.0,0.0
2025-02-20 11:30:00,792.7356333061786,0.0,259.0,0.0
2025-02-20 12:00:00,782.442815412731,0.0,231.0,0.0
2025-02-20 12:30:00,767.9555453217762,0.0,251.00000000000003,0.0
2025-02-20 13:00:00,745.7133395067701,0.0,262.0,0.0
2025-02-20 13:30:00,761.4802671740076,0.0,255.0,0.0
2025-02-20 14:00:00,754.0128193719233,0.0,276.0,0.0
2025-02-20 14:30:00,834.599630249519,0.0,278.0,0.0
2025-02-20 15:00:00,748.4645156209057,0.0,264.0,0.0
2025-02-20 15:30:00,758.8909216006494,0.0,270.0,0.0
2025-02-20 16:00:00,729.1420634576409,0.0,275.0,0.0
2025-02-20 16:30:00,759.2930207126815,0.0,252.0,0.0
2025-02-20 17:00:00,842.7757143900546,0.0,267.0,0.0
2025-02-20 17:30:00,810.2291260609315,0.0,273.0,0.0
2025-02-20 18:00:00,861.8696895913331,0.0,282.0,0.0
2025-02-20 18:30:00,901.9158657565549,0.0,276.0,0.0
2025-02-20 19:00:00,815.1420311323978,0.0,272.0,0.0
2025-02-20 19:30:00,753.0419484543789,0.0,260.0,0.0
2025-02-20 20:00:00,689.6585577426042,0.0,226.0,0.0
2025-02-20 20:30:00,635.0208981110804,0.0,193.0,0.0
2025-02-20 21:00:00,667.1967794707612,0.0,204.0,0.0
2025-02-20 21:30:00,655.1924681062874,0.0,203.0,0.0
2025-02-20 22:00:00,701.95674326473,0.0,202.00000000000003,0.0
2025-02-20 22:30:00,698.0683885216374,0.0,203.0,0.0
2025-02-20 23:00:00,598.3113050852136,0.0,197.0,0.0
2025-02-20 23:30:00,617.6549415236129,0.0,196.00000000000003,0.0
2025-02-21 00:00:00,596.3020293212745,0.0,165.0,0.0
2025-02-21 00:30:00,645.8741565207008,0.0,156.0,0.0
2025-02-21 01:00:00,647.0734566565426,0.0,167.0,0.0
2025-02-21 01:30:00,652.0700984182818,0.0,167.0,0.0
2025-02-21 02:00:00,633.57709128216,0.0,169.0,0.0
2025-02-21 02:30:00,593.1934301636321,0.0,165.0,0.0
2025-02-21 03:00:00,626.1728428896994,0.0,164.00000000000003,0.0
2025-02-21 03:30:00,601.3257195474231,0.0,166.00000000000003,0.0
2025-02-21 04:00:00,662.9679609548243,0.0,166.0,0.0
2025-02-21 04:30:00,617.2294513372601,0.0,162.0,0.0
2025-02-21 05:00:00,615.9757549015317,0.0,165.0,0.0
2025-02-21 05:30:00,613.8757162041001,0.0,169.0,0.0
2025-02-21 06:00:00,656.5560461062979,0.0,164.0,0.0
2025-02-21 06:30:00,548.632677635123,0.0,157.0,0.0
2025-02-21 07:00:00,649.6890628731446,0.0,156.0,0.0
2025-02-21 07:30:00,631.0710012325857,0.0,173.0,0.0
2025-02-21 08:00:00,621.9643167589664,0.0,204.0,0.0
2025-02-21 08:30:00,738.1527567914889,0.0,233.0,0.0
2025-02-21 09:00:00,743.1423058596949,0.0,269.0,0.0
2025-02-21 09:30:00,827.1789526607049,0.0,272.0,0.0
2025-02-21 10:00:00,767.0010501584833,0.0,274.0,0.0
2025-02-21 10:30:00,825.9069409310824,0.0,355.0,0.0
2025-02-21 11:00:00,883.4102718609324,0.0,371.0,0.0
2025-02-21 11:30:00,795.3465033895035,0.0,294.0,0.0
2025-02-21 12:00:00,786.316067832978,0.0,280.0,0.0
2025-02-21 12:30:00,774.9754540189812,0.0,295.0,0.0
2025-02-21 13:00:00,787.4074620756094,0.0,298.0,0.0
2025-02-21 13:30:00,908.6044509172532,0.0,297.0,0.0
2025-02-21 14:00:00,848.7785697539116,0.0,298.0,0.0
2025-02-21 14:30:00,819.0136876159154,0.0,294.0,0.0
2025-02-21 15:00:00,818.1867648731317,0.0,297.0,0.0
2025-02-21 15:30:00,834.2179240615611,0.0,295.0,0.0
2025-02-21 16:00:00,850.4946442801813,0.0,298.0,0.0
2025-02-21 16:30:00,797.9229094338103,0.0,283.0,0.0
2025-02-21 17:00:00,838.6529181472506,0.0,298.0,0.0
2025-02-21 17:30:00,809.4784816724326,0.0,315.0,0.0
2025-02-21 18:00:00,777.8498634768927,0.0,304.0,0.0
2025-02-21 18:30:00,814.8078182820082,0.0,294.0,0.0
2025-02-21 19:00:00,733.4814036986667,0.0,279.0,0.0
2025-02-21 19:30:00,806.3587711363527,0.0,273.0,0.0
2025-02-21 20:00:00,726.4808997393715,0.0,246.0,0.0
2025-02-21 20:30:00,604.2220184776527,0.0,218.0,0.0
2025-02-21 21:00:00,667.6353709686234,0.0,210.0,0.0
2025-02-21 21:30:00,607.1373893948748,0.0,213.99999999999997,0.0
2025-02-21 22:00:00,670.4649291128434,0.0,211.0,0.0
2025-02-21 22:30:00,624.1406271956812,0.0,201.0,0.0
2025-02-21 23:00:00,699.2346949282182,0.0,198.0,0.0
2025-02-21 23:30:00,672.1748797354861,0.0,193.0,0.0
2025-02-22 00:00:00,75.91533519935315,0.0,25.0,0.0
2025-02-22 00:30:00,81.58333807858988,0.0,25.0,0.0
2025-02-22 01:00:00,71.88262184256973,0.0,22.0,0.0
2025-02-22 01:30:00,68.22438186692165,0.0,21.0,0.0
2025-02-22 02:00:00,71.17565407576902,0.0,17.0,0.0
2025-02-22 02:30:00,67.27494639116279,0.0,18.0,0.0
2025-02-22 03:00:00,78.5416815315939,0.0,19.0,0.0
2025-02-22 03:30:00,66.492707434218,0.0,18.0,0.0
2025-02-22 04:00:00,70.16055925561842,0.0,20.0,0.0
2025-02-22 04:30:00,74.50971258198233,0.0,18.0,0.0
2025-02-22 05:00:00,71.83045338477058,0.0,21.0,0.0
2025-02-22 05:30:00,67.45788390998325,0.0,19.0,0.0
2025-02-22 06:00:00,79.34387097625905,0.0,20.0,0.0
2025-02-22 06:30:00,69.34403661846756,0.0,20.0,0.0
2025-02-22 07:00:00,71.29347189301242,0.0,20.0,0.0
2025-02-22 07:30:00,70.2573665536236,0.0,21.0,0.0
2025-02-22 08:00:00,74.55711294707967,0.0,20.0,0.0
2025-02-22 08:30:00,102.3117623033553,0.0,19.0,0.0
2025-02-22 09:00:00,168.72415086796715,0.0,77.0,0.0
2025-02-22 09:30:00,247.89457706021435,0.0,100.0,0.0
2025-02-22 10:00:00,243.20885406743565,0.0,100.0,0.0
2025-02-22 10:30:00,258.3245457525721,0.0,101.0,0.0
2025-02-22 11:00:00,234.4543921600104,0.0,108.0,0.0
2025-02-22 11:30:00,277.4281930151229,0.0,108.0,0.0
2025-02-22 12:00:00,240.51020765675696,0.0,109.0,0.0
2025-02-22 12:30:00,247.89150748021825,0.0,111.0,0.0
2025-02-22 13:00:00,216.66012144352771,0.0,111.0,0.0
2025-02-22 13:30:00,216.94135546496884,0.0,110.0,0.0
2025-02-22 14:00:00,221.85663045469957,0.0,111.0,0.0
2025-02-22 14:30:00,216.9360353186275,0.0,109.0,0.0
2025-02-22 15:00:00,228.17390566859623,0.0,114.0,0.0
2025-02-22 15:30:00,220.6440056663406,0.0,113.0,0.0
2025-02-22 16:00:00,240.06840808701284,0.0,110.0,0.0
2025-02-22 16:30:00,221.95653600907278,0.0,109.0,0.0
2025-02-22 17:00:00,220.67643105063038,0.0,108.0,0.0
2025-02-22 17:30:00,218.61839716509246,0.0,110.0,0.0
2025-02-22 18:00:00,179.4887724128533,0.0,70.0,0.0
2025-02-22 18:30:00,127.35371989374552,0.0,46.0,0.0
2025-02-22 19:00:00,73.63114873941636,0.0,24.0,0.0
2025-02-22 19:30:00,69.62608211261745,0.0,24.0,0.0
2025-02-22 20:00:00,74.48630158353835,0.0,27.0,0.0
2025-02-22 20:30:00,79.5667577548316,0.0,31.999999999999996,0.0
2025-02-22 21:00:00,88.42343257824024,0.0,29.0,0.0
2025-02-22 21:30:00,85.20183696099633,0.0,31.0,0.0
2025-02-22 22:00:00,80.38119386251839,0.0,31.0,0.0
2025-02-22 22:30:00,80.65785767812353,0.0,30.0,0.0
2025-02-22 23:00:00,80.53378125980319,0.0,32.0,0.0
2025-02-22 23:30:00,79.32367595202005,0.0,30.0,0.0
2025-02-23 00:00:00,81.41174423461474,0.0,25.0,0.0
2025-02-23 00:30:00,85.61990683100501,0.0,28.0,0.0
2025-02-23 01:00:00,81.58467341187392,0.0,24.0,0.0
2025-02-23 01:30:00,83.14372067119102,0.0,27.0,0.0
2025-02-23 02:00:00,81.67167858068127,0.0,25.0,0.0
2025-02-23 02:30:00,79.701125882883,0.0,28.0,0.0
2025-02-23 03:00:00,86.64625470397628,0.0,28.0,0.0
2025-02-23 03:30:00,82.85114601389549,0.0,28.0,0.0
2025-02-23 04:00:00,83.48926666334853,0.0,28.0,0.0
2025-02-23 04:30:00,82.58294059872574,0.0,28.0,0.0
2025-02-23 05:00:00,97.57613501023317,0.0,28.000000000000004,0.0
2025-02-23 05:30:00,81.21701636926915,0.0,27.999999999999996,0.0
2025-02-23 06:00:00,75.31155679367953,0.0,29.0,0.0
2025-02-23 06:30:00,78.20028912342495,0.0,30.0,0.0
2025-02-23 07:00:00,88.2270361464556,0.0,30.0,0.0
2025-02-23 07:30:00,88.546278670485,0.0,29.0,0.0
2025-02-23 08:00:00,80.17054165580265,0.0,31.0,0.0
2025-02-23 08:30:00,90.43553609595072,0.0,33.0,0.0
2025-02-23 09:00:00,88.15175749933081,0.0,31.0,0.0
2025-02-23 09:30:00,85.18523543675981,0.0,31.0,0.0
2025-02-23 10:00:00,84.8800809797867,0.0,31.0,0.0
2025-02-23 10:30:00,87.7867854849081,0.0,33.0,0.0
2025-02-23 11:00:00,93.94855119969138,0.0,33.0,0.0
2025-02-23 11:30:00,92.80769027345735,0.0,34.0,0.0
2025-02-23 12:00:00,86.95436264190587,0.0,33.0,0.0
2025-02-23 12:30:00,89.2160682883816,0.0,33.0,0.0
2025-02-23 13:00:00,98.91568554624865,0.0,34.0,0.0
2025-02-23 13:30:00,92.14302277769767,0.0,34.0,0.0
2025-02-23 14:00:00,97.04236323500416,0.0,35.0,0.0
2025-02-23 14:30:00,95.51046519070893,0.0,35.0,0.0
2025-02-23 15:00:00,96.29844928398909,0.0,35.0,0.0
2025-02-23 15:30:00,96.52175472007234,0.0,36.0,0.0
2025-02-23 16:00:00,98.2177359390274,0.0,34.0,0.0
2025-02-23 16:30:00,97.37761850596021,0.0,35.0,0.0
2025-02-23 17:00:00,92.20071532495254,0.0,35.0,0.0
2025-02-23 17:30:00,86.87806863503451,0.0,36.0,0.0
2025-02-23 18:00:00,89.69645874441328,0.0,34.0,0.0
2025-02-23 18:30:00,87.70516507954044,0.0,35.0,0.0
2025-02-23 19:00:00,85.65908678564892,0.0,33.0,0.0
2025-02-23 19:30:00,99.7866142898507,0.0,31.000000000000004,0.0
2025-02-23 20:00:00,82.15122168070016,0.0,33.0,0.0
2025-02-23 20:30:00,92.21745657985292,0.0,31.0,0.0
2025-02-23 21:00:00,85.16111429807046,0.0,32.0,0.0
2025-02-23 21:30:00,91.59693947651245,0.0,31.999999999999996,0.0
2025-02-23 22:00:00,102.68707321186034,0.0,34.0,0.0
2025-02-23 22:30:00,86.62122107355052,0.0,33.0,0.0
2025-02-23 23:00:00,85.77876668601867,0.0,35.0,0.0
2025-02-23 23:30:00,89.9211881828178,0.0,33.0,0.0
2025-02-24 00:00:00,88.70624723080871,0.0,27.0,0.0
2025-02-24 00:30:00,87.1689636263457,0.0,27.0,0.0
2025-02-24 01:00:00,90.18899589214841,0.0,24.999999999999996,0.0
2025-02-24 01:30:00,87.43006630187547,0.0,25.0,0.0
2025-02-24 02:00:00,89.30840369167124,0.0,27.0,0.0
2025-02-24 02:30:00,87.16396048289694,0.0,24.999999999999996,0.0
2025-02-24 03:00:00,82.258226428868,0.0,24.999999999999996,0.0
2025-02-24 03:30:00,88.32896782993744,0.0,26.0,0.0
2025-02-24 04:00:00,86.38778531825363,0.0,27.999999999999996,0.0
2025-02-24 04:30:00,82.5615694257483,0.0,25.0,0.0
2025-02-24 05:00:00,86.94092068594853,0.0,27.0,0.0
2025-02-24 05:30:00,90.19301546714898,0.0,27.0,0.0
2025-02-24 06:00:00,87.80741875845577,0.0,26.0,0.0
2025-02-24 06:30:00,143.09610476857173,0.0,55.0,0.0
2025-02-24 07:00:00,182.62934705604215,0.0,87.0,0.0
2025-02-24 07:30:00,362.1585227514129,0.0,169.0,0.0
2025-02-24 08:00:00,481.449276705618,0.0,194.0,0.0
2025-02-24 08:30:00,810.0573663293197,0.0,274.0,0.0
2025-02-24 09:00:00,801.168502748079,0.0,281.0,0.0
2025-02-24 09:30:00,830.7312664979628,0.0,283.0,0.0
2025-02-24 10:00:00,883.6780445522127,0.0,296.0,0.0
2025-02-24 10:30:00,1017.6086981605258,0.0,298.0,0.0
2025-02-24 11:00:00,999.3290324966576,0.0,304.0,0.0
2025-02-24 11:30:00,953.5337611544581,0.0,300.0,0.0
2025-02-24 12:00:00,905.8661358341475,0.0,293.0,0.0
2025-02-24 12:30:00,832.5214871682274,0.0,312.0,0.0
2025-02-24 13:00:00,910.0776310540635,0.0,316.0,0.0
2025-02-24 13:30:00,885.0104209055213,0.0,315.0,0.0
2025-02-24 14:00:00,870.9232122535284,0.0,308.0,0.0
2025-02-24 14:30:00,899.9119579673685,0.0,305.0,0.0
2025-02-24 15:00:00,873.9178270772602,0.0,303.0,0.0
2025-02-24 15:30:00,933.901154682106,0.0,305.0,0.0
2025-02-24 16:00:00,794.8179902250426,0.0,298.0,0.0
2025-02-24 16:30:00,862.22174058976,0.0,281.0,0.0
2025-02-24 17:00:00,844.187857581855,0.0,297.0,0.0
2025-02-24 17:30:00,859.0374689020468,0.0,301.0,0.0
2025-02-24 18:00:00,898.4797190619564,0.0,309.0,0.0
2025-02-24 18:30:00,798.7378774115941,0.0,296.0,0.0
2025-02-24 19:00:00,830.7663641396736,0.0,287.0,0.0
2025-02-24 19:30:00,790.5170887018899,0.0,264.0,0.0
2025-02-24 20:00:00,737.7986110935017,0.0,233.0,0.0
2025-02-24 20:30:00,666.9299496027271,0.0,206.00000000000003,0.0
2025-02-24 21:00:00,659.8611496180347,0.0,197.99999999999997,0.0
2025-02-24 21:30:00,628.891746039183,0.0,191.0,0.0
2025-02-24 22:00:00,648.2298610005498,0.0,189.0,0.0
2025-02-24 22:30:00,637.0148951201858,0.0,201.0,0.0
2025-02-24 23:00:00,628.1944457990305,0.0,202.0,0.0
2025-02-24 23:30:00,701.6698726018469,0.0,193.99999999999997,0.0
2025-02-25 00:00:00,383.4902560303663,0.0,80.0,0.0
2025-02-25 00:30:00,351.93078467084877,0.0,76.0,0.0
2025-02-25 01:00:00,333.5577725094719,0.0,81.0,0.0
2025-02-25 01:30:00,342.91156802263123,0.0,87.0,0.0
2025-02-25 02:00:00,362.05411228700495,0.0,94.0,0.0
2025-02-25 02:30:00,318.11571697049527,0.0,94.0,0.0
2025-02-25 03:00:00,320.99705050355414,0.0,79.0,0.0
2025-02-25 03:30:00,355.90687456553405,0.0,81.0,0.0
2025-02-25 04:00:00,346.72181850958106,0.0,79.0,0.0
2025-02-25 04:30:00,379.0680430846022,0.0,86.0,0.0
2025-02-25 05:00:00,325.301069553664,0.0,85.0,0.0
2025-02-25 05:30:00,386.6924533486756,0.0,82.0,0.0
2025-02-25 06:00:00,322.16203185971085,0.0,83.0,0.0
2025-02-25 06:30:00,308.1998422220953,0.0,82.0,0.0
2025-02-25 07:00:00,349.9660807198223,0.0,86.0,0.0
2025-02-25 07:30:00,341.4662933987472,0.0,93.00000000000001,0.0
2025-02-25 08:00:00,401.22101115269794,0.0,108.00000000000001,0.0
2025-02-25 08:30:00,467.27110468851305,0.0,130.0,0.0
2025-02-25 09:00:00,485.2035318033679,0.0,175.0,0.0
2025-02-25 09:30:00,453.0769790885462,0.0,180.0,0.0
2025-02-25 10:00:00,486.29721643139663,0.0,168.0,0.0
2025-02-25 10:30:00,488.13003955377417,0.0,183.0,0.0
2025-02-25 11:00:00,529.7019882559446,0.0,193.0,0.0
2025-02-25 11:30:00,526.2111166953734,0.0,189.0,0.0
2025-02-25 12:00:00,509.19568143831873,0.0,194.0,0.0
2025-02-25 12:30:00,501.7567308794912,0.0,205.0,0.0
2025-02-25 13:00:00,485.7833189295149,0.0,222.0,0.0
2025-02-25 13:30:00,445.79293120156956,0.0,237.0,0.0
2025-02-25 14:00:00,464.38594983528105,0.0,236.0,0.0
2025-02-25 14:30:00,521.3974156523335,0.0,235.0,0.0
2025-02-25 15:00:00,447.35819999843875,0.0,230.0,0.0
2025-02-25 15:30:00,529.9517861137396,0.0,221.0,0.0
2025-02-25 16:00:00,484.84117904471276,0.0,221.0,0.0
2025-02-25 16:30:00,428.0595755645146,0.0,178.0,0.0
2025-02-25 17:00:00,414.3903641989697,0.0,176.0,0.0
2025-02-25 17:30:00,443.3193485269217,0.0,167.0,0.0
2025-02-25 18:00:00,409.9404488612534,0.0,184.0,0.0
2025-02-25 18:30:00,323.50788123409154,0.0,156.0,0.0
2025-02-25 19:00:00,325.21717761609057,0.0,143.0,0.0
2025-02-25 19:30:00,297.65473634911007,0.0,142.0,0.0
2025-02-25 20:00:00,337.90998077949587,0.0,174.0,0.0
2025-02-25 20:30:00,587.1622127471364,0.0,269.0,0.0
2025-02-25 21:00:00,587.0838616705403,0.0,275.0,0.0
2025-02-25 21:30:00,559.9087669894283,0.0,273.0,0.0
2025-02-25 22:00:00,585.1616235824499,0.0,269.0,0.0
2025-02-25 22:30:00,532.3322831244967,0.0,278.0,0.0
2025-02-25 23:00:00,567.860832397285,0.0,271.0,0.0
2025-02-25 23:30:00,549.8514792262705,0.0,267.0,0.0
2025-02-26 00:00:00,608.46265173832,0.0,229.99999999999997,0.0
2025-02-26 00:30:00,592.4045742597748,0.0,205.0,0.0
2025-02-26 01:00:00,585.0643514961097,0.0,210.0,0.0
2025-02-26 01:30:00,651.3026328320777,0.0,209.99999999999997,0.0
2025-02-26 02:00:00,517.1650588920076,0.0,210.0,0.0
2025-02-26 02:30:00,616.0518843717539,0.0,216.0,0.0
2025-02-26 03:00:00,626.5591766441466,0.0,213.0,0.0
2025-02-26 03:30:00,594.6718721070844,0.0,207.0,0.0
2025-02-26 04:00:00,644.683556188893,0.0,210.0,0.0
2025-02-26 04:30:00,667.8638594450699,0.0,219.0,0.0
2025-02-26 05:00:00,587.3795513930073,0.0,218.0,0.0
2025-02-26 05:30:00,684.898086266895,0.0,215.0,0.0
2025-02-26 06:00:00,577.7366505626056,0.0,213.0,0.0
2025-02-26 06:30:00,662.0764142001187,0.0,212.0,0.0
2025-02-26 07:00:00,631.6970983490941,0.0,214.0,0.0
2025-02-26 07:30:00,646.3023086306771,0.0,233.0,0.0
2025-02-26 08:00:00,687.6312207683782,0.0,251.00000000000003,0.0
2025-02-26 08:30:00,837.5941384317998,0.0,304.0,0.0
2025-02-26 09:00:00,839.6597621604401,0.0,315.0,0.0
2025-02-26 09:30:00,814.7094091964359,0.0,315.0,0.0
2025-02-26 10:00:00,840.0575517986684,0.0,310.0,0.0
2025-02-26 10:30:00,827.8225349729671,0.0,356.0,0.0
2025-02-26 11:00:00,811.5098604304087,0.0,358.0,0.0
2025-02-26 11:30:00,808.5503117413996,0.0,343.0,0.0
2025-02-26 12:00:00,791.7010654267915,0.0,344.0,0.0
2025-02-26 12:30:00,828.227447190653,0.0,360.0,0.0
2025-02-26 13:00:00,861.2288172654937,0.0,368.0,0.0
2025-02-26 13:30:00,850.100012464019,0.0,364.0,0.0
2025-02-26 14:00:00,939.4032392022428,0.0,359.0,0.0
2025-02-26 14:30:00,787.1874541428937,0.0,366.0,0.0
2025-02-26 15:00:00,907.8152718515993,0.0,366.0,0.0
2025-02-26 15:30:00,892.286342638186,0.0,369.0,0.0
2025-02-26 16:00:00,911.7263609958922,0.0,367.0,0.0
2025-02-26 16:30:00,849.3750733767267,0.0,341.0,0.0
2025-02-26 17:00:00,852.9053547441874,0.0,365.0,0.0
2025-02-26 17:30:00,846.2427213997408,0.0,359.0,0.0
2025-02-26 18:00:00,807.7862965180695,0.0,357.0,0.0
2025-02-26 18:30:00,846.1915631525003,0.0,358.0,0.0
2025-02-26 19:00:00,706.7238339672147,0.0,342.0,0.0
2025-02-26 19:30:00,850.8110426626895,0.0,346.0,0.0
2025-02-26 20:00:00,744.1367892022049,0.0,311.0,0.0
2025-02-26 20:30:00,626.3653085856221,0.0,267.0,0.0
2025-02-26 21:00:00,637.5008043178431,0.0,273.0,0.0
2025-02-26 21:30:00,640.8579616227953,0.0,264.0,0.0
2025-02-26 22:00:00,662.3461469509436,0.0,262.0,0.0
2025-02-26 22:30:00,714.4299301448917,0.0,261.0,0.0
2025-02-26 23:00:00,651.4500343014167,0.0,261.0,0.0
2025-02-26 23:30:00,598.5879657945956,0.0,262.0,0.0
2025-02-27 00:00:00,663.2556856189982,0.0,223.0,0.0
2025-02-27 00:30:00,648.4463902273196,0.0,237.00000000000003,0.0
2025-02-27 01:00:00,686.7904329791835,0.0,263.0,0.0
2025-02-27 01:30:00,738.1784450577549,0.0,262.0,0.0
2025-02-27 02:00:00,609.3632872251667,0.0,239.0,0.0
2025-02-27 02:30:00,642.699339943191,0.0,224.99999999999997,0.0
2025-02-27 03:00:00,591.4654487948895,0.0,239.0,0.0
2025-02-27 03:30:00,654.3774677616493,0.0,237.0,0.0
2025-02-27 04:00:00,651.8643837874727,0.0,240.0,0.0
2025-02-27 04:30:00,617.812844773351,0.0,244.0,0.0
2025-02-27 05:00:00,660.6593731488554,0.0,239.99999999999997,0.0
2025-02-27 05:30:00,628.3994017231049,0.0,243.0,0.0
2025-02-27 06:00:00,575.5940995216689,0.0,230.0,0.0
2025-02-27 06:30:00,583.868841316921,0.0,233.0,0.0
2025-02-27 07:00:00,641.3793359903368,0.0,238.0,0.0
2025-02-27 07:30:00,678.9534495758973,0.0,256.0,0.0
2025-02-27 08:00:00,645.9208223129662,0.0,274.0,0.0
2025-02-27 08:30:00,786.4854104372563,0.0,300.0,0.0
2025-02-27 09:00:00,827.3342661446982,0.0,319.0,0.0
2025-02-27 09:30:00,786.5181548307992,0.0,313.0,0.0
2025-02-27 10:00:00,954.6780481881005,0.0,330.0,0.0
2025-02-27 10:30:00,874.09427371511,0.0,333.0,0.0
2025-02-27 11:00:00,859.3358945720786,0.0,337.0,0.0
2025-02-27 11:30:00,929.2188182907172,0.0,345.0,0.0
2025-02-27 12:00:00,797.1723304855433,0.0,319.0,0.0
2025-02-27 12:30:00,882.3119596459276,0.0,361.0,0.0
2025-02-27 13:00:00,795.6204140316985,0.0,393.0,0.0
2025-02-27 13:30:00,860.0392219651951,0.0,318.0,0.0
2025-02-27 14:00:00,952.4704364315704,0.0,309.0,0.0
2025-02-27 14:30:00,968.5018776544762,0.0,299.0,0.0
2025-02-27 15:00:00,850.7816646994848,0.0,290.0,0.0
2025-02-27 15:30:00,852.3139550246483,0.0,292.0,0.0
2025-02-27 16:00:00,881.3150795413742,0.0,280.0,0.0
2025-02-27 16:30:00,816.7391213292184,0.0,271.0,0.0
2025-02-27 17:00:00,837.5988673912835,0.0,277.0,0.0
2025-02-27 17:30:00,915.4303603347244,0.0,292.0,0.0
2025-02-27 18:00:00,781.1542974081974,0.0,266.0,0.0
2025-02-27 18:30:00,464.3902868979561,0.0,130.0,0.0
2025-02-27 19:00:00,438.48956998504207,0.0,110.0,0.0
2025-02-27 19:30:00,464.23096958871054,0.0,101.0,0.0
2025-02-27 20:00:00,408.9798080019365,0.0,96.0,0.0
2025-02-27 20:30:00,425.5813349863779,0.0,81.0,0.0
2025-02-27 21:00:00,389.83557798468837,0.0,78.0,0.0
2025-02-27 21:30:00,460.93070084623724,0.0,77.0,0.0
2025-02-27 22:00:00,539.7212221825441,0.0,132.0,0.0
2025-02-27 22:30:00,551.2064643218458,0.0,175.0,0.0
2025-02-27 23:00:00,602.6385707311281,0.0,168.0,0.0
2025-02-27 23:30:00,569.2839284132941,0.0,183.0,0.0
2025-02-28 00:00:00,645.2872316024576,0.0,194.00000000000003,0.0
2025-02-28 00:30:00,618.5375056452937,0.0,173.0,0.0
2025-02-28 01:00:00,585.0711854043486,0.0,184.0,0.0
2025-02-28 01:30:00,627.4471468806976,0.0,183.0,0.0
2025-02-28 02:00:00,613.3728649908259,0.0,180.00000000000003,0.0
2025-02-28 02:30:00,635.8577654424769,0.0,182.0,0.0
2025-02-28 03:00:00,656.1874321071027,0.0,188.0,0.0
2025-02-28 03:30:00,642.9919175695126,0.0,191.0,0.0
2025-02-28 04:00:00,617.4948883715448,0.0,188.0,0.0
2025-02-28 04:30:00,652.0732301499136,0.0,186.0,0.0
2025-02-28 05:00:00,596.7604413791202,0.0,188.0,0.0
2025-02-28 05:30:00,593.0734267105183,0.0,192.0,0.0
2025-02-28 06:00:00,531.8691764336506,0.0,191.0,0.0
2025-02-28 06:30:00,608.8571939244299,0.0,184.0,0.0
2025-02-28 07:00:00,602.2034417999062,0.0,193.0,0.0
2025-02-28 07:30:00,670.0662345390753,0.0,209.0,0.0
2025-02-28 08:00:00,618.3869003842782,0.0,222.00000000000003,0.0
2025-02-28 08:30:00,775.080499036475,0.0,255.0,0.0
2025-02-28 09:00:00,853.6102550745491,0.0,273.0,0.0
2025-02-28 09:30:00,782.5192589631046,0.0,272.0,0.0
2025-02-28 10:00:00,868.4138746534773,0.0,274.0,0.0
2025-02-28 10:30:00,856.4631546872528,0.0,282.0,0.0
2025-02-28 11:00:00,870.5695576935921,0.0,285.0,0.0
2025-02-28 11:30:00,898.9786469800957,0.0,311.0,0.0
2025-02-28 12:00:00,886.3033140777777,0.0,311.0,0.0
2025-02-28 12:30:00,856.9448013428239,0.0,313.0,0.0
2025-02-28 13:00:00,810.608065041373,0.0,313.0,0.0
2025-02-28 13:30:00,836.395936690151,0.0,322.0,0.0
2025-02-28 14:00:00,908.0260359758262,0.0,323.0,0.0
2025-02-28 14:30:00,840.7584662517205,0.0,325.0,0.0
2025-02-28 15:00:00,888.0226164705188,0.0,357.0,0.0
2025-02-28 15:30:00,911.0756836311095,0.0,380.0,0.0
2025-02-28 16:00:00,883.410736820638,0.0,372.0,0.0
2025-02-28 16:30:00,821.3485306099644,0.0,370.0,0.0
2025-02-28 17:00:00,767.6627539014277,0.0,369.0,0.0
2025-02-28 17:30:00,889.5741924018505,0.0,382.0,0.0
2025-02-28 18:00:00,902.5058577811864,0.0,373.0,0.0
2025-02-28 18:30:00,761.9974780287022,0.0,364.0,0.0
2025-02-28 19:00:00,835.1259725979749,0.0,348.0,0.0
2025-02-28 19:30:00,841.2189983023226,0.0,330.0,0.0
2025-02-28 20:00:00,762.0487087302059,0.0,290.0,0.0
2025-02-28 20:30:00,679.5415447999405,0.0,280.0,0.0
2025-02-28 21:00:00,645.0626478839368,0.0,282.0,0.0
2025-02-28 21:30:00,659.6601299066472,0.0,274.0,0.0
2025-02-28 22:00:00,687.4123027478516,0.0,277.0,0.0
2025-02-28 22:30:00,654.1185344881245,0.0,276.0,0.0
2025-02-28 23:00:00,658.0195302800968,0.0,274.0,0.0
2025-02-28 23:30:00,620.4890234487735,0.0,275.0,0.0
2025-03-01 00:00:00,632.8663607667208,0.0,234.99999999999997,0.0
2025-03-01 00:30:00,706.5085143229556,0.0,229.0,0.0
2025-03-01 01:00:00,611.1486692444336,0.0,226.0,0.0
2025-03-01 01:30:00,628.6434702019919,0.0,225.0,0.0
2025-03-01 02:00:00,649.442212026222,0.0,225.0,0.0
2025-03-01 02:30:00,634.8050879471963,0.0,205.0,0.0
2025-03-01 03:00:00,679.3930183328744,0.0,232.0,0.0
2025-03-01 03:30:00,645.9694871622453,0.0,234.0,0.0
2025-03-01 04:00:00,665.6509105116173,0.0,234.0,0.0
2025-03-01 04:30:00,616.3673491380074,0.0,234.99999999999997,0.0
2025-03-01 05:00:00,675.455325540694,0.0,234.0,0.0
2025-03-01 05:30:00,671.7943759694261,0.0,233.0,0.0
2025-03-01 06:00:00,697.9856081623784,0.0,235.00000000000003,0.0
2025-03-01 06:30:00,587.2149898609431,0.0,232.99999999999997,0.0
2025-03-01 07:00:00,632.2490847184284,0.0,241.0,0.0
2025-03-01 07:30:00,656.3037570725187,0.0,239.0,0.0
2025-03-01 08:00:00,421.71063222304304,0.0,179.0,0.0
2025-03-01 08:30:00,222.67638508747112,0.0,15.000000000000002,3.0
2025-03-01 09:00:00,235.3538443508205,0.0,22.0,0.0
2025-03-01 09:30:00,351.1111528376545,0.0,94.99999999999999,0.0
2025-03-01 10:00:00,361.8164321829309,0.0,142.0,0.0
2025-03-01 10:30:00,346.9867658757036,0.0,143.0,0.0
2025-03-01 11:00:00,377.1807615735211,0.0,145.0,0.0
2025-03-01 11:30:00,370.70947447296976,0.0,143.0,0.0
2025-03-01 12:00:00,363.11429114323437,0.0,152.0,0.0
2025-03-01 12:30:00,364.0675136007841,0.0,156.0,0.0
2025-03-01 13:00:00,400.3210419098296,0.0,174.0,0.0
2025-03-01 13:30:00,444.75401595174486,0.0,215.0,0.0
2025-03-01 14:00:00,497.9208644365372,0.0,214.0,0.0
2025-03-01 14:30:00,407.9185839123075,0.0,209.00000000000003,0.0
2025-03-01 15:00:00,421.18494192582006,0.0,210.99999999999997,0.0
2025-03-01 15:30:00,383.1112719277382,0.0,215.0,0.0
2025-03-01 16:00:00,369.86525249134104,0.0,215.99999999999997,0.0
2025-03-01 16:30:00,345.79654465158455,0.0,219.0,0.0
2025-03-01 17:00:00,341.66686976558236,0.0,217.0,0.0
2025-03-01 17:30:00,270.99508480740377,0.0,159.0,0.0
2025-03-01 18:00:00,211.01045855899918,0.0,114.99999999999999,0.0
2025-03-01 18:30:00,115.05483198419856,0.0,60.00000000000001,0.0
2025-03-01 19:00:00,105.99250578573154,0.0,65.0,0.0
2025-03-01 19:30:00,116.19981518874216,0.0,65.0,0.0
2025-03-01 20:00:00,110.35458977387256,0.0,64.0,0.0
2025-03-01 20:30:00,115.86842918034193,0.0,60.00000000000001,0.0
2025-03-01 21:00:00,122.65044056862877,0.0,59.0,0.0
2025-03-01 21:30:00,78.54487339274077,0.0,29.0,0.0
2025-03-01 22:00:00,78.09401857081039,0.0,26.0,0.0
2025-03-01 22:30:00,81.7658754186511,0.0,23.0,0.0
2025-03-01 23:00:00,76.91147854824449,0.0,24.0,0.0
2025-03-01 23:30:00,73.32328993748217,0.0,25.0,0.0
2025-03-02 00:00:00,77.0093763912548,0.0,22.999999999999996,0.0
2025-03-02 00:30:00,70.80831854155986,0.0,23.0,0.0
2025-03-02 01:00:00,65.66471150650533,0.0,23.0,0.0
2025-03-02 01:30:00,69.80050725947913,0.0,26.0,0.0
2025-03-02 02:00:00,81.03550305374651,0.0,26.0,0.0
2025-03-02 02:30:00,70.34375664515086,0.0,23.0,0.0
2025-03-02 03:00:00,73.79584626229955,0.0,24.0,0.0
2025-03-02 03:30:00,79.78119657681208,0.0,26.0,0.0
2025-03-02 04:00:00,80.76266850070066,0.0,26.0,0.0
2025-03-02 04:30:00,74.43965296988455,0.0,26.0,0.0
2025-03-02 05:00:00,73.66865490349053,0.0,24.999999999999996,0.0
2025-03-02 05:30:00,77.52663622262251,0.0,27.0,0.0
2025-03-02 06:00:00,72.83039562834486,0.0,26.0,0.0
2025-03-02 06:30:00,72.03227839418972,0.0,25.0,0.0
2025-03-02 07:00:00,75.6872514758156,0.0,25.0,0.0
2025-03-02 07:30:00,72.76797592179334,0.0,26.0,0.0
2025-03-02 08:00:00,76.3651041102804,0.0,22.999999999999996,0.0
2025-03-02 08:30:00,71.57684855585728,0.0,25.0,0.0
2025-03-02 09:00:00,69.71417572651725,0.0,22.0,0.0
2025-03-02 09:30:00,64.33870168431808,0.0,23.0,0.0
2025-03-02 10:00:00,70.82205522924946,0.0,24.0,0.0
2025-03-02 10:30:00,65.522586402903,0.0,23.0,0.0
2025-03-02 11:00:00,72.47524317112433,0.0,25.0,0.0
2025-03-02 11:30:00,72.45117812259818,0.0,23.0,0.0
2025-03-02 12:00:00,69.1820724462271,0.0,21.0,0.0
2025-03-02 12:30:00,78.47045467660473,0.0,24.0,0.0
2025-03-02 13:00:00,76.1443261095269,0.0,24.0,0.0
2025-03-02 13:30:00,74.1627131555675,0.0,22.0,0.0
2025-03-02 14:00:00,72.71653024567979,0.0,24.0,0.0
2025-03-02 14:30:00,77.33610266580372,0.0,24.999999999999996,0.0
2025-03-02 15:00:00,65.96372960144315,0.0,25.0,0.0
2025-03-02 15:30:00,77.03987064035604,0.0,26.0,0.0
2025-03-02 16:00:00,66.56866241937767,0.0,26.0,0.0
2025-03-02 16:30:00,68.06368440502833,0.0,24.0,0.0
2025-03-02 17:00:00,74.12381976084232,0.0,25.000000000000004,0.0
2025-03-02 17:30:00,76.54575869666617,0.0,27.0,0.0
2025-03-02 18:00:00,66.97076543931816,0.0,25.0,0.0
2025-03-02 18:30:00,69.24867177717219,0.0,26.0,0.0
2025-03-02 19:00:00,71.41658021963342,0.0,23.0,0.0
2025-03-02 19:30:00,73.46895485458829,0.0,24.0,0.0
2025-03-02 20:00:00,78.40073353421369,0.0,26.0,0.0
2025-03-02 20:30:00,89.31432014451701,0.0,25.0,0.0
2025-03-02 21:00:00,77.81803122019213,0.0,25.0,0.0
2025-03-02 21:30:00,74.41030375759806,0.0,27.0,0.0
2025-03-02 22:00:00,71.27900675193479,0.0,25.0,0.0
2025-03-02 22:30:00,74.98045733532526,0.0,25.0,0.0
2025-03-02 23:00:00,72.63670768434427,0.0,27.0,0.0
2025-03-02 23:30:00,78.00183225721834,0.0,25.999999999999996,0.0
2025-03-03 00:00:00,80.34874454005404,0.0,24.999999999999996,0.0
2025-03-03 00:30:00,96.38151938108955,0.0,24.999999999999996,0.0
2025-03-03 01:00:00,84.00348636268792,0.0,23.085106382978722,0.0
2025-03-03 01:30:00,80.83726229498848,0.0,20.19148936170213,0.0
2025-03-03 02:00:00,83.75438426773036,0.0,20.0,0.0
2025-03-03 02:30:00,91.62042048874716,0.0,19.106382978723403,0.0
2025-03-03 03:00:00,90.26451869394268,0.0,20.74468085106383,0.0
2025-03-03 03:30:00,77.9463911014385,0.0,21.85106382978723,0.0
2025-03-03 04:00:00,87.55456734314889,0.0,20.340425531914896,0.0
2025-03-03 04:30:00,85.04138612475806,0.0,20.0,0.0
2025-03-03 05:00:00,76.81650081524215,0.0,19.212765957446805,0.0
2025-03-03 05:30:00,86.99233568118167,0.0,19.0,0.0
2025-03-03 06:00:00,114.39952649031048,0.0,19.0,0.0
2025-03-03 06:30:00,115.54372969129906,0.0,19.72340425531915,0.0
2025-03-03 07:00:00,238.7624775054529,0.0,91.61702127659564,0.0
2025-03-03 07:30:00,380.61830217889525,0.0,182.595744680851,0.0
2025-03-03 08:00:00,667.3572431523489,0.0,275.6382978723404,0.0
2025-03-03 08:30:00,798.0162402010337,0.0,318.57446808510633,0.0
2025-03-03 09:00:00,835.5972983744086,0.0,306.7234042553192,0.0
2025-03-03 09:30:00,965.3064282885073,0.0,293.6170212765958,0.0
2025-03-03 10:00:00,894.291718808062,0.0,285.10638297872345,0.0
2025-03-03 10:30:00,895.4510185599914,0.0,303.23404255319144,0.0
2025-03-03 11:00:00,796.7159859527083,0.0,327.3191489361702,0.0
2025-03-03 11:30:00,854.2562164073436,0.0,332.0,0.0
2025-03-03 12:00:00,884.3449067388079,0.0,349.6170212765958,0.0
2025-03-03 12:30:00,861.1183586525335,0.0,372.6808510638298,0.0
2025-03-03 13:00:00,756.0600943795699,0.0,373.531914893617,0.0
2025-03-03 13:30:00,865.1269058085256,0.0,371.4042553191489,0.0
2025-03-03 14:00:00,897.884011392637,0.0,375.1914893617021,0.0
2025-03-03 14:30:00,944.4302581440704,0.0,373.2340425531915,0.0
2025-03-03 15:00:00,854.5329394162269,0.0,355.7234042553192,0.0
2025-03-03 15:30:00,782.9184751765104,0.0,320.19148936170217,0.0
2025-03-03 16:00:00,836.1974793122116,0.0,299.3404255319149,0.0
2025-03-03 16:30:00,815.6696873749328,0.0,288.3617021276595,0.0
2025-03-03 17:00:00,906.6133242022592,0.0,302.6595744680851,0.0
2025-03-03 17:30:00,760.5897211606099,0.0,303.1702127659575,0.0
2025-03-03 18:00:00,854.6092030050855,0.0,284.27659574468095,0.0
2025-03-03 18:30:00,911.9718892832359,0.0,257.936170212766,0.0
2025-03-03 19:00:00,852.1391051949508,0.0,250.55319148936178,0.0
2025-03-03 19:30:00,861.8899280024984,0.0,233.95744680851067,0.0
2025-03-03 20:00:00,720.994153247583,0.0,219.8297872340426,0.0
2025-03-03 20:30:00,650.2252267534836,0.0,196.51063829787233,0.0
2025-03-03 21:00:00,760.0341696542782,0.0,200.10638297872336,0.0
2025-03-03 21:30:00,715.838494009281,0.0,200.91489361702128,0.0
2025-03-03 22:00:00,710.1624957746367,0.0,199.48936170212767,0.0
2025-03-03 22:30:00,665.6491905671841,0.0,191.70212765957447,0.0
2025-03-03 23:00:00,697.1676014770803,0.0,184.82978723404256,0.0
2025-03-03 23:30:00,630.1687556845848,0.0,177.0,0.0
2025-03-04 00:00:00,598.9816390597354,0.0,173.00000000000003,0.0
2025-03-04 00:30:00,625.6623496608994,0.0,161.0,0.0
2025-03-04 01:00:00,592.7672218368976,0.0,157.0,0.0
2025-03-04 01:30:00,697.764639155402,0.0,173.0,0.0
2025-03-04 02:00:00,631.9611951426427,0.0,179.0,0.0
2025-03-04 02:30:00,642.1520913999262,0.0,181.0,0.0
2025-03-04 03:00:00,697.2717167166381,0.0,175.0,0.0
2025-03-04 03:30:00,719.1454615874693,0.0,172.0,0.0
2025-03-04 04:00:00,667.2439820043056,0.0,174.00000000000003,0.0
2025-03-04 04:30:00,730.961079933496,0.0,181.0,0.0
2025-03-04 05:00:00,707.5986846073621,0.0,181.0,0.0
2025-03-04 05:30:00,678.5910741479827,0.0,183.0,0.0
2025-03-04 06:00:00,645.5118286395905,0.0,175.0,0.0
2025-03-04 06:30:00,666.1688097889177,0.0,166.0,0.0
2025-03-04 07:00:00,699.5775481013701,0.0,173.0,0.0
2025-03-04 07:30:00,767.2181290692728,0.0,190.0,0.0
2025-03-04 08:00:00,815.9357082552493,0.0,228.0,0.0
2025-03-04 08:30:00,790.405137381489,0.0,232.99999999999997,0.0
2025-03-04 09:00:00,907.8507456005569,0.0,290.0,0.0
2025-03-04 09:30:00,923.8462003083116,0.0,314.0,0.0
2025-03-04 10:00:00,909.6508145636998,0.0,315.0,0.0
2025-03-04 10:30:00,930.5956752706084,0.0,318.0,0.0
2025-03-04 11:00:00,868.1563823881578,0.0,309.0,0.0
2025-03-04 11:30:00,918.7122382377967,0.0,296.0,0.0
2025-03-04 12:00:00,754.0900678818556,0.0,262.0,0.0
2025-03-04 12:30:00,799.7085825500525,0.0,282.0,0.0
2025-03-04 13:00:00,816.5329663301627,0.0,290.0,0.0
2025-03-04 13:30:00,908.2962656463958,0.0,290.0,0.0
2025-03-04 14:00:00,899.9652220709738,0.0,286.0,0.0
2025-03-04 14:30:00,770.5798093857059,0.0,283.0,0.0
2025-03-04 15:00:00,901.6673875580175,0.0,283.0,0.0
2025-03-04 15:30:00,905.9839963279196,0.0,304.0,0.0
2025-03-04 16:00:00,818.2905541010998,0.0,356.0,0.0
2025-03-04 16:30:00,719.2157743523621,0.0,336.0,0.0
2025-03-04 17:00:00,816.9193468134971,0.0,345.0,0.0
2025-03-04 17:30:00,869.1560808060738,0.0,349.0,0.0
2025-03-04 18:00:00,898.4555930873261,0.0,358.0,0.0
2025-03-04 18:30:00,784.1813071247749,0.0,356.0,0.0
2025-03-04 19:00:00,889.4601775687734,0.0,380.0,0.0
2025-03-04 19:30:00,745.0228460349681,0.0,380.0,0.0
2025-03-04 20:00:00,769.4055443681095,0.0,352.0,0.0
2025-03-04 20:30:00,705.9595553747723,0.0,339.0,0.0
2025-03-04 21:00:00,751.6482961806852,0.0,338.0,0.0
2025-03-04 21:30:00,760.1257658581577,0.0,343.0,0.0
2025-03-04 22:00:00,762.9537604061577,0.0,342.0,0.0
2025-03-04 22:30:00,655.9850773103875,0.0,320.0,0.0
2025-03-04 23:00:00,703.7482964901571,0.0,312.0,0.0
2025-03-04 23:30:00,683.3715329145194,0.0,312.0,0.0
2025-03-05 00:00:00,671.9312952433626,0.0,230.0,0.0
2025-03-05 00:30:00,605.6849746344017,0.0,205.0,0.0
2025-03-05 01:00:00,595.0517212807678,0.0,210.0,0.0
2025-03-05 01:30:00,682.953357673809,0.0,210.0,0.0
2025-03-05 02:00:00,651.2140286164254,0.0,209.99999999999997,0.0
2025-03-05 02:30:00,636.5124612217825,0.0,216.0,0.0
2025-03-05 03:00:00,609.7833502573379,0.0,213.0,0.0
2025-03-05 03:30:00,698.2964843938539,0.0,207.0,0.0
2025-03-05 04:00:00,635.7617719647517,0.0,210.00000000000003,0.0
2025-03-05 04:30:00,694.2363089868227,0.0,219.0,0.0
2025-03-05 05:00:00,680.045984609948,0.0,218.0,0.0
2025-03-05 05:30:00,621.967613136093,0.0,214.99999999999997,0.0
2025-03-05 06:00:00,624.2289572635323,0.0,213.0,0.0
2025-03-05 06:30:00,686.9898051255173,0.0,212.0,0.0
2025-03-05 07:00:00,693.0354159289654,0.0,214.0,0.0
2025-03-05 07:30:00,618.8036424533456,0.0,233.0,0.0
2025-03-05 08:00:00,742.9362057752893,0.0,251.0,0.0
2025-03-05 08:30:00,858.9324901100996,0.0,304.0,0.0
2025-03-05 09:00:00,811.7073852573022,0.0,315.0,0.0
2025-03-05 09:30:00,891.1318549917571,0.0,315.0,0.0
2025-03-05 10:00:00,816.4214004745705,0.0,310.0,0.0
2025-03-05 10:30:00,866.14666989196,0.0,356.0,0.0
2025-03-05 11:00:00,854.3911127866676,0.0,358.0,0.0
2025-03-05 11:30:00,846.5918121622994,0.0,343.0,0.0
2025-03-05 12:00:00,862.1078403641823,0.0,344.0,0.0
2025-03-05 12:30:00,827.1327761074399,0.0,360.0,0.0
2025-03-05 13:00:00,936.5887809490199,0.0,368.0,0.0
2025-03-05 13:30:00,891.8164531092289,0.0,364.0,0.0
2025-03-05 14:00:00,959.6690965472328,0.0,359.0,0.0
2025-03-05 14:30:00,904.2539552093466,0.0,366.0,0.0
2025-03-05 15:00:00,888.5410001272869,0.0,366.0,0.0
2025-03-05 15:30:00,999.5380964985807,0.0,369.0,0.0
2025-03-05 16:00:00,876.201412895325,0.0,367.0,0.0
2025-03-05 16:30:00,837.0707279113993,0.0,341.0,0.0
2025-03-05 17:00:00,917.6908998109261,0.0,365.0,0.0
2025-03-05 17:30:00,810.6897244121872,0.0,359.0,0.0
2025-03-05 18:00:00,894.9039763879065,0.0,357.0,0.0
2025-03-05 18:30:00,870.2947889780387,0.0,358.0,0.0
2025-03-05 19:00:00,854.3887980255797,0.0,342.0,0.0
2025-03-05 19:30:00,881.1107420702133,0.0,346.0,0.0
2025-03-05 20:00:00,817.2269194540303,0.0,311.0,0.0
2025-03-05 20:30:00,657.6091207034905,0.0,267.0,0.0
2025-03-05 21:00:00,635.6942486883482,0.0,273.0,0.0
2025-03-05 21:30:00,735.5771047411394,0.0,264.0,0.0
2025-03-05 22:00:00,591.7553593479848,0.0,262.0,0.0
2025-03-05 22:30:00,588.2687645093694,0.0,261.0,0.0
2025-03-05 23:00:00,650.2899137689299,0.0,261.0,0.0
2025-03-05 23:30:00,686.0310573923782,0.0,262.0,0.0
2025-03-06 00:00:00,701.160872749632,0.0,189.0,0.0
2025-03-06 00:30:00,667.8528840271058,0.0,179.0,0.0
2025-03-06 01:00:00,635.9642160044125,0.0,171.0,0.0
2025-03-06 01:30:00,738.1858596630805,0.0,180.0,0.0
2025-03-06 02:00:00,675.21573576472,0.0,180.00000000000003,0.0
2025-03-06 02:30:00,687.2880595985517,0.0,184.0,0.0
2025-03-06 03:00:00,747.4285476419695,0.0,193.0,0.0
2025-03-06 03:30:00,681.6532419050347,0.0,194.0,0.0
2025-03-06 04:00:00,672.6924174862742,0.0,188.0,0.0
2025-03-06 04:30:00,633.3377618147333,0.0,187.0,0.0
2025-03-06 05:00:00,690.2797906589639,0.0,193.0,0.0
2025-03-06 05:30:00,636.8179153215756,0.0,186.99999999999997,0.0
2025-03-06 06:00:00,699.8768283403211,0.0,185.0,0.0
2025-03-06 06:30:00,708.7985071916795,0.0,191.0,0.0
2025-03-06 07:00:00,667.3352214616975,0.0,183.0,0.0
2025-03-06 07:30:00,706.1066153636455,0.0,203.0,0.0
2025-03-06 08:00:00,784.804191960559,0.0,230.00000000000003,0.0
2025-03-06 08:30:00,751.9460321804818,0.0,236.00000000000003,0.0
2025-03-06 09:00:00,851.1409797521725,0.0,296.0,0.0
2025-03-06 09:30:00,898.6588684925032,0.0,346.0,0.0
2025-03-06 10:00:00,759.0142239759434,0.0,335.0,0.0
2025-03-06 10:30:00,876.7207549026773,0.0,339.0,0.0
2025-03-06 11:00:00,780.5108426584583,0.0,341.0,0.0
2025-03-06 11:30:00,831.4424338742966,0.0,348.0,0.0
2025-03-06 12:00:00,761.5170061391902,0.0,368.0,0.0
2025-03-06 12:30:00,924.9083086224192,0.0,365.0,0.0
2025-03-06 13:00:00,776.3266125689233,0.0,274.0,0.0
2025-03-06 13:30:00,792.8677700530138,0.0,279.0,0.0
2025-03-06 14:00:00,879.2637547277943,0.0,275.0,0.0
2025-03-06 14:30:00,880.5901208697538,0.0,277.0,0.0
2025-03-06 15:00:00,808.6833932845125,0.0,278.0,0.0
2025-03-06 15:30:00,902.7458782740295,0.0,276.0,0.0
2025-03-06 16:00:00,792.9593175326845,0.0,276.0,0.0
2025-03-06 16:30:00,790.096574238783,0.0,253.0,0.0
2025-03-06 17:00:00,816.307027403837,0.0,255.00000000000003,0.0
2025-03-06 17:30:00,888.1196816994754,0.0,262.0,0.0
2025-03-06 18:00:00,908.0813621061749,0.0,268.0,0.0
2025-03-06 18:30:00,884.6497345902193,0.0,258.0,0.0
2025-03-06 19:00:00,824.8398646314944,0.0,254.0,0.0
2025-03-06 19:30:00,715.8499576859022,0.0,246.0,0.0
2025-03-06 20:00:00,797.0478583199016,0.0,228.0,0.0
2025-03-06 20:30:00,761.8511032757766,0.0,187.0,0.0
2025-03-06 21:00:00,737.0460988456168,0.0,191.0,0.0
2025-03-06 21:30:00,702.9125299592016,0.0,187.0,0.0
2025-03-06 22:00:00,642.2750228630457,0.0,181.0,0.0
2025-03-06 22:30:00,641.8858811604075,0.0,169.0,0.0
2025-03-06 23:00:00,715.0313824919097,0.0,167.0,0.0
2025-03-06 23:30:00,610.5905176795405,0.0,169.0,0.0
2025-03-07 00:00:00,612.3710120830859,0.0,165.0,0.0
2025-03-07 00:30:00,581.7588643826595,0.0,156.0,0.0
2025-03-07 01:00:00,671.745655824292,0.0,167.0,0.0
2025-03-07 01:30:00,631.7958914058584,0.0,167.0,0.0
2025-03-07 02:00:00,665.8387991072599,0.0,169.0,0.0
2025-03-07 02:30:00,602.7940672863574,0.0,165.0,0.0
2025-03-07 03:00:00,670.2857828309861,0.0,164.0,0.0
2025-03-07 03:30:00,638.9841844387819,0.0,166.00000000000003,0.0
2025-03-07 04:00:00,645.1160279657837,0.0,166.00000000000003,0.0
2025-03-07 04:30:00,627.2512402708545,0.0,162.0,0.0
2025-03-07 05:00:00,610.4125673637255,0.0,165.0,0.0
2025-03-07 05:30:00,628.2471345083005,0.0,169.0,0.0
2025-03-07 06:00:00,608.3527880571028,0.0,164.0,0.0
2025-03-07 06:30:00,637.935223735688,0.0,157.0,0.0
2025-03-07 07:00:00,606.6278207580986,0.0,156.0,0.0
2025-03-07 07:30:00,607.0163321386073,0.0,173.0,0.0
2025-03-07 08:00:00,631.2079743465467,0.0,204.0,0.0
2025-03-07 08:30:00,721.803769624267,0.0,233.0,0.0
2025-03-07 09:00:00,860.0786501513627,0.0,269.0,0.0
2025-03-07 09:30:00,777.5287198993783,0.0,272.0,0.0
2025-03-07 10:00:00,845.7726237216501,0.0,274.0,0.0
2025-03-07 10:30:00,849.3305082860116,0.0,355.0,0.0
2025-03-07 11:00:00,858.2940361547545,0.0,371.0,0.0
2025-03-07 11:30:00,866.2715853427601,0.0,294.0,0.0
2025-03-07 12:00:00,827.4076478316491,0.0,280.0,0.0
2025-03-07 12:30:00,738.1821532265815,0.0,295.0,0.0
2025-03-07 13:00:00,813.7066399773312,0.0,298.0,0.0
2025-03-07 13:30:00,846.7737131804347,0.0,297.0,0.0
2025-03-07 14:00:00,910.5257194039219,0.0,298.0,0.0
2025-03-07 14:30:00,926.9876308208188,0.0,294.0,0.0
2025-03-07 15:00:00,810.0692997765033,0.0,297.0,0.0
2025-03-07 15:30:00,846.0229269633879,0.0,295.0,0.0
2025-03-07 16:00:00,802.1965985944622,0.0,298.0,0.0
2025-03-07 16:30:00,903.243376315058,0.0,283.0,0.0
2025-03-07 17:00:00,884.1264313859543,0.0,298.0,0.0
2025-03-07 17:30:00,890.8469847474355,0.0,315.0,0.0
2025-03-07 18:00:00,848.4985243349539,0.0,304.0,0.0
2025-03-07 18:30:00,880.8820013343983,0.0,294.0,0.0
2025-03-07 19:00:00,850.9665498259847,0.0,279.0,0.0
2025-03-07 19:30:00,847.7393768609209,0.0,273.0,0.0
2025-03-07 20:00:00,765.9083222901778,0.0,246.00000000000003,0.0
2025-03-07 20:30:00,672.9898038123888,0.0,217.99999999999997,0.0
2025-03-07 21:00:00,710.1526007556724,0.0,210.0,0.0
2025-03-07 21:30:00,710.7533428339832,0.0,214.0,0.0
2025-03-07 22:00:00,661.0780463647772,0.0,211.0,0.0
2025-03-07 22:30:00,639.5275501897831,0.0,201.0,0.0
2025-03-07 23:00:00,696.5540053646387,0.0,198.0,0.0
2025-03-07 23:30:00,711.8178629858429,0.0,193.0,0.0
2025-03-08 00:00:00,634.600873880401,0.0,196.0,0.0
2025-03-08 00:30:00,592.7593928091777,0.0,186.0,0.0
2025-03-08 01:00:00,621.3455012828889,0.0,188.00000000000003,0.0
2025-03-08 01:30:00,681.649550172606,0.0,196.0,0.0
2025-03-08 02:00:00,623.9136617302948,0.0,191.0,0.0
2025-03-08 02:30:00,612.9926505023395,0.0,196.0,0.0
2025-03-08 03:00:00,659.4778330011108,0.0,193.0,0.0
2025-03-08 03:30:00,591.918010749189,0.0,186.0,0.0
2025-03-08 04:00:00,644.2265840085146,0.0,185.0,0.0
2025-03-08 04:30:00,642.6325977079616,0.0,188.0,0.0
2025-03-08 05:00:00,594.9415288847781,0.0,182.0,0.0
2025-03-08 05:30:00,551.6855009180673,0.0,185.0,0.0
2025-03-08 06:00:00,660.0478369719261,0.0,184.00000000000003,0.0
2025-03-08 06:30:00,581.6693731612838,0.0,173.0,0.0
2025-03-08 07:00:00,574.5523369346464,0.0,176.0,0.0
2025-03-08 07:30:00,616.2463755258327,0.0,184.0,0.0
2025-03-08 08:00:00,506.4300819275097,0.0,152.0,0.0
2025-03-08 08:30:00,333.64405080582213,0.0,80.0,0.0
2025-03-08 09:00:00,311.7132848203744,0.0,70.0,0.0
2025-03-08 09:30:00,371.4724901690479,0.0,133.0,0.0
2025-03-08 10:00:00,352.68967666382844,0.0,134.0,0.0
2025-03-08 10:30:00,385.2824721398039,0.0,138.0,0.0
2025-03-08 11:00:00,381.6915942952181,0.0,148.0,0.0
2025-03-08 11:30:00,395.8548791532194,0.0,185.0,0.0
2025-03-08 12:00:00,381.37869497988646,0.0,201.0,0.0
2025-03-08 12:30:00,403.77840806866067,0.0,227.00000000000003,0.0
2025-03-08 13:00:00,408.8937292333705,0.0,255.00000000000003,0.0
2025-03-08 13:30:00,443.2727626072826,0.0,254.00000000000003,0.0
2025-03-08 14:00:00,462.60885879893294,0.0,248.00000000000003,0.0
2025-03-08 14:30:00,409.54461602209744,0.0,248.0,0.0
2025-03-08 15:00:00,435.04651509847065,0.0,253.99999999999997,0.0
2025-03-08 15:30:00,439.84361688806104,0.0,259.0,0.0
2025-03-08 16:00:00,451.3226623305962,0.0,267.0,0.0
2025-03-08 16:30:00,394.8228326886626,0.0,269.0,0.0
2025-03-08 17:00:00,377.4833526757794,0.0,255.99999999999997,0.0
2025-03-08 17:30:00,361.26949177322837,0.0,232.00000000000003,0.0
2025-03-08 18:00:00,235.47936172442766,0.0,144.0,0.0
2025-03-08 18:30:00,143.3267657367181,0.0,64.0,0.0
2025-03-08 19:00:00,135.31283640305543,0.0,60.0,0.0
2025-03-08 19:30:00,127.52866874492321,0.0,55.0,0.0
2025-03-08 20:00:00,112.81595120284794,0.0,53.0,0.0
2025-03-08 20:30:00,117.00883137080618,0.0,55.0,0.0
2025-03-08 21:00:00,127.70504789503808,0.0,54.0,0.0
2025-03-08 21:30:00,140.30354891958066,0.0,54.0,0.0
2025-03-08 22:00:00,118.28835904559182,0.0,49.0,0.0
2025-03-08 22:30:00,85.95884781937924,0.0,25.0,0.0
2025-03-08 23:00:00,83.43865715839338,0.0,29.0,0.0
2025-03-08 23:30:00,83.66043057012351,0.0,23.0,0.0
2025-03-09 00:00:00,77.76337174558466,0.0,23.0,0.0
2025-03-09 00:30:00,71.78390876381712,0.0,23.0,0.0
2025-03-09 01:00:00,76.29401210508485,0.0,23.000000000000004,0.0
2025-03-09 01:30:00,76.93693158602905,0.0,26.0,0.0
2025-03-09 02:00:00,77.45479568155078,0.0,26.0,0.0
2025-03-09 02:30:00,76.40241264380877,0.0,23.0,0.0
2025-03-09 03:00:00,65.39353780519139,0.0,24.0,0.0
2025-03-09 03:30:00,76.32107277286175,0.0,26.0,0.0
2025-03-09 04:00:00,77.1370607954557,0.0,26.0,0.0
2025-03-09 04:30:00,73.64688844598882,0.0,26.0,0.0
2025-03-09 05:00:00,75.32610382229731,0.0,25.0,0.0
2025-03-09 05:30:00,80.14957867923158,0.0,27.0,0.0
2025-03-09 06:00:00,75.4942384144115,0.0,26.0,0.0
2025-03-09 06:30:00,79.75136519910689,0.0,25.0,0.0
2025-03-09 07:00:00,78.3388650234584,0.0,25.0,0.0
2025-03-09 07:30:00,71.67257622853799,0.0,26.0,0.0
2025-03-09 08:00:00,68.32664168791416,0.0,23.0,0.0
2025-03-09 08:30:00,60.05816498358483,0.0,25.0,0.0
2025-03-09 09:00:00,64.84384875904883,0.0,22.0,0.0
2025-03-09 09:30:00,63.38023903367692,0.0,23.0,0.0
2025-03-09 10:00:00,69.77335253467315,0.0,24.0,0.0
2025-03-09 10:30:00,68.49960754709689,0.0,23.0,0.0
2025-03-09 11:00:00,73.54272342904116,0.0,25.000000000000004,0.0
2025-03-09 11:30:00,74.93113999276257,0.0,23.0,0.0
2025-03-09 12:00:00,68.91935733291687,0.0,21.000000000000004,0.0
2025-03-09 12:30:00,78.02601792435505,0.0,24.0,0.0
2025-03-09 13:00:00,71.89601621058894,0.0,24.0,0.0
2025-03-09 13:30:00,65.45162218920436,0.0,22.0,0.0
2025-03-09 14:00:00,68.07162429336437,0.0,24.0,0.0
2025-03-09 14:30:00,69.74544460045617,0.0,25.0,0.0
2025-03-09 15:00:00,73.17412383162353,0.0,25.0,0.0
2025-03-09 15:30:00,68.68516410967338,0.0,26.0,0.0
2025-03-09 16:00:00,68.9964884584015,0.0,26.0,0.0
2025-03-09 16:30:00,69.47603693665211,0.0,24.0,0.0
2025-03-09 17:00:00,70.48452448840177,0.0,25.0,0.0
2025-03-09 17:30:00,75.02515245095539,0.0,27.000000000000004,0.0
2025-03-09 18:00:00,73.34893555391164,0.0,25.0,0.0
2025-03-09 18:30:00,75.21539631459193,0.0,26.000000000000004,0.0
2025-03-09 19:00:00,69.89370201892136,0.0,23.0,0.0
2025-03-09 19:30:00,78.61897222083842,0.0,24.0,0.0
2025-03-09 20:00:00,70.0620529552693,0.0,26.0,0.0
2025-03-09 20:30:00,70.92886742892765,0.0,25.0,0.0
2025-03-09 21:00:00,71.59420177430638,0.0,25.0,0.0
2025-03-09 21:30:00,77.28558016279145,0.0,27.0,0.0
2025-03-09 22:00:00,80.80226300227783,0.0,25.000000000000004,0.0
2025-03-09 22:30:00,73.92523653068237,0.0,25.000000000000004,0.0
2025-03-09 23:00:00,74.40332143368053,0.0,27.0,0.0
2025-03-09 23:30:00,75.39675557231611,0.0,26.0,0.0
2025-03-10 00:00:00,84.55818978506919,0.0,23.0,0.0
2025-03-10 00:30:00,75.30581051357788,0.0,25.0,0.0
2025-03-10 01:00:00,74.31129435246976,0.0,24.0,0.0
2025-03-10 01:30:00,76.82888943187515,0.0,26.0,0.0
2025-03-10 02:00:00,75.5494187562773,0.0,25.0,0.0
2025-03-10 02:30:00,75.98139362898132,0.0,25.0,0.0
2025-03-10 03:00:00,76.73672471714599,0.0,27.0,0.0
2025-03-10 03:30:00,72.94912911805787,0.0,24.000000000000004,0.0
2025-03-10 04:00:00,91.93199210831438,0.0,26.999999999999996,0.0
2025-03-10 04:30:00,83.50428032153154,0.0,23.999999999999996,0.0
2025-03-10 05:00:00,83.42844456613885,0.0,24.0,0.0
2025-03-10 05:30:00,85.59849782923837,0.0,26.0,0.0
2025-03-10 06:00:00,104.07396955350889,0.0,23.0,0.0
2025-03-10 06:30:00,121.14004514080159,0.0,23.0,0.0
2025-03-10 07:00:00,122.63192018369365,0.0,28.0,0.0
2025-03-10 07:30:00,325.1335117172502,0.0,103.0,0.0
2025-03-10 08:00:00,660.3415475874158,0.0,301.0,0.0
2025-03-10 08:30:00,784.8803451169548,0.0,384.0,0.0
2025-03-10 09:00:00,849.0078963163129,0.0,398.0,0.0
2025-03-10 09:30:00,946.724800355359,0.0,359.0,0.0
2025-03-10 10:00:00,884.4628391555344,0.0,297.0,0.0
2025-03-10 10:30:00,959.8289440379135,0.0,301.0,0.0
2025-03-10 11:00:00,858.587269696529,0.0,299.0,0.0
2025-03-10 11:30:00,939.79707574362,0.0,296.0,0.0
2025-03-10 12:00:00,812.0772128370724,0.0,273.0,0.0
2025-03-10 12:30:00,883.2805537412765,0.0,300.0,0.0
2025-03-10 13:00:00,851.6681975229352,0.0,296.0,0.0
2025-03-10 13:30:00,860.8300608563497,0.0,289.0,0.0
2025-03-10 14:00:00,890.64782320432,0.0,293.0,0.0
2025-03-10 14:30:00,833.2228768938282,0.0,285.0,0.0
2025-03-10 15:00:00,888.2273774350656,0.0,284.0,0.0
2025-03-10 15:30:00,945.7073658435554,0.0,297.0,0.0
2025-03-10 16:00:00,817.9461132306166,0.0,283.0,0.0
2025-03-10 16:30:00,756.8078083830324,0.0,268.0,0.0
2025-03-10 17:00:00,840.3491063850952,0.0,278.0,0.0
2025-03-10 17:30:00,831.6271961688841,0.0,282.0,0.0
2025-03-10 18:00:00,853.3890012338641,0.0,286.0,0.0
2025-03-10 18:30:00,865.9701003156804,0.0,284.0,0.0
2025-03-10 19:00:00,819.2875729492812,0.0,276.0,0.0
2025-03-10 19:30:00,802.7617575458828,0.0,262.0,0.0
2025-03-10 20:00:00,750.1856944505246,0.0,237.0,0.0
2025-03-10 20:30:00,723.1227823852734,0.0,197.0,0.0
2025-03-10 21:00:00,647.8125111362415,0.0,186.00000000000003,0.0
2025-03-10 21:30:00,593.3467657010502,0.0,177.00000000000003,0.0
2025-03-10 22:00:00,597.5103633225004,0.0,176.0,0.0
2025-03-10 22:30:00,633.7110783299019,0.0,167.00000000000003,0.0
2025-03-10 23:00:00,596.7063571901506,0.0,164.0,0.0
2025-03-10 23:30:00,583.0184014399712,0.0,169.0,0.0
2025-03-11 00:00:00,81.14935656932056,0.0,21.0,0.0
2025-03-11 00:30:00,92.38036640362901,0.0,21.0,0.0
2025-03-11 01:00:00,86.58853518041309,0.0,20.0,0.0
2025-03-11 01:30:00,85.35682384769311,0.0,21.0,0.0
2025-03-11 02:00:00,80.32437448490737,0.0,21.0,0.0
2025-03-11 02:30:00,83.63003231437949,0.0,22.0,0.0
2025-03-11 03:00:00,89.12992781311874,0.0,21.0,0.0
2025-03-11 03:30:00,90.78233556131185,0.0,22.0,0.0
2025-03-11 04:00:00,86.25811755227676,0.0,22.0,0.0
2025-03-11 04:30:00,84.41582414451379,0.0,21.0,0.0
2025-03-11 05:00:00,78.0120171957831,0.0,20.000000000000004,0.0
2025-03-11 05:30:00,82.16797544522036,0.0,21.0,0.0
2025-03-11 06:00:00,73.36465992825902,0.0,19.0,0.0
2025-03-11 06:30:00,129.0832979934498,0.0,43.0,0.0
2025-03-11 07:00:00,199.88852120134,0.0,83.0,0.0
2025-03-11 07:30:00,367.0012668234414,0.0,168.0,0.0
2025-03-11 08:00:00,502.3173430842901,0.0,206.0,0.0
2025-03-11 08:30:00,795.3898554216514,0.0,269.0,0.0
2025-03-11 09:00:00,978.4743574200513,0.0,296.0,0.0
2025-03-11 09:30:00,1019.0740290823671,0.0,305.0,0.0
2025-03-11 10:00:00,823.6192732046286,0.0,304.0,0.0
2025-03-11 10:30:00,919.9239231459148,0.0,300.0,0.0
2025-03-11 11:00:00,863.5379568045106,0.0,299.0,0.0
2025-03-11 11:30:00,866.8553772740249,0.0,303.0,0.0
2025-03-11 12:00:00,856.1946645836898,0.0,275.0,0.0
2025-03-11 12:30:00,928.1751884001656,0.0,291.0,0.0
2025-03-11 13:00:00,920.8459509953985,0.0,300.0,0.0
2025-03-11 13:30:00,851.1468975509439,0.0,298.0,0.0
2025-03-11 14:00:00,919.1585742470222,0.0,293.0,0.0
2025-03-11 14:30:00,824.8330168591004,0.0,313.0,0.0
2025-03-11 15:00:00,882.1887293288124,0.0,312.0,0.0
2025-03-11 15:30:00,879.9245006340661,0.0,306.0,0.0
2025-03-11 16:00:00,916.1536948433558,0.0,304.0,0.0
2025-03-11 16:30:00,838.0736838143812,0.0,274.0,0.0
2025-03-11 17:00:00,878.5115310248967,0.0,290.0,0.0
2025-03-11 17:30:00,885.2086856209959,0.0,300.0,0.0
2025-03-11 18:00:00,891.9481865679614,0.0,298.0,0.0
2025-03-11 18:30:00,920.3005679745633,0.0,300.0,0.0
2025-03-11 19:00:00,860.2454641629021,0.0,280.0,0.0
2025-03-11 19:30:00,846.8068051250176,0.0,272.0,0.0
2025-03-11 20:00:00,811.1327081084785,0.0,245.0,0.0
2025-03-11 20:30:00,772.2326609986445,0.0,216.0,0.0
2025-03-11 21:00:00,707.9648193058438,0.0,214.0,0.0
2025-03-11 21:30:00,708.5891239655465,0.0,207.99999999999997,0.0
2025-03-11 22:00:00,751.9883497178605,0.0,213.99999999999997,0.0
2025-03-11 22:30:00,661.7813210820972,0.0,204.0,0.0
2025-03-11 23:00:00,773.7071503808479,0.0,211.00000000000003,0.0
2025-03-11 23:30:00,664.0741614914301,0.0,214.0,0.0
2025-03-12 00:00:00,670.250422771883,0.0,205.0,0.0
2025-03-12 00:30:00,667.8773365851883,0.0,188.0,0.0
2025-03-12 01:00:00,660.8369899885552,0.0,192.0,0.0
2025-03-12 01:30:00,698.3648367389027,0.0,189.0,0.0
2025-03-12 02:00:00,613.2563747653439,0.0,197.0,0.0
2025-03-12 02:30:00,578.9043636345123,0.0,177.0,0.0
2025-03-12 03:00:00,674.760837723929,0.0,194.0,0.0
2025-03-12 03:30:00,680.997462066937,0.0,195.0,0.0
2025-03-12 04:00:00,683.0311016782351,0.0,195.99999999999997,0.0
2025-03-12 04:30:00,655.4668332676519,0.0,200.0,0.0
2025-03-12 05:00:00,624.0315967639681,0.0,186.0,0.0
2025-03-12 05:30:00,678.5217014305325,0.0,195.0,0.0
2025-03-12 06:00:00,644.6455846589301,0.0,188.0,0.0
2025-03-12 06:30:00,694.7849910146949,0.0,184.0,0.0
2025-03-12 07:00:00,668.7795157750428,0.0,197.0,0.0
2025-03-12 07:30:00,695.4556730928083,0.0,196.00000000000003,0.0
2025-03-12 08:00:00,806.766371829938,0.0,217.99999999999997,0.0
2025-03-12 08:30:00,848.6149138050436,0.0,254.00000000000003,0.0
2025-03-12 09:00:00,905.1389771668789,0.0,267.0,0.0
2025-03-12 09:30:00,919.7414694837786,0.0,276.0,0.0
2025-03-12 10:00:00,925.6674490928401,0.0,275.0,0.0
2025-03-12 10:30:00,911.1602941150885,0.0,303.0,0.0
2025-03-12 11:00:00,894.3852087844415,0.0,339.0,0.0
2025-03-12 11:30:00,903.7009795039319,0.0,352.0,0.0
2025-03-12 12:00:00,830.2791406490173,0.0,343.0,0.0
2025-03-12 12:30:00,914.8719268345983,0.0,381.0,0.0
2025-03-12 13:00:00,975.6487241395353,0.0,317.0,0.0
2025-03-12 13:30:00,964.5451544691633,0.0,315.0,0.0
2025-03-12 14:00:00,920.1735647672206,0.0,303.0,0.0
2025-03-12 14:30:00,953.7788083269832,0.0,309.0,0.0
2025-03-12 15:00:00,870.9498975791283,0.0,306.0,0.0
2025-03-12 15:30:00,916.9584289009605,0.0,307.0,0.0
2025-03-12 16:00:00,972.0116545449064,0.0,308.0,0.0
2025-03-12 16:30:00,947.240278556411,0.0,304.0,0.0
2025-03-12 17:00:00,865.522542727815,0.0,324.0,0.0
2025-03-12 17:30:00,890.5143490293308,0.0,313.0,0.0
2025-03-12 18:00:00,947.0005674559533,0.0,262.0,0.0
2025-03-12 18:30:00,610.6248980742303,0.0,153.0,0.0
2025-03-12 19:00:00,610.2794058855798,0.0,126.0,0.0
2025-03-12 19:30:00,538.0176795011266,0.0,112.0,0.0
2025-03-12 20:00:00,511.9550377090221,0.0,91.0,0.0
2025-03-12 20:30:00,475.69132584490666,0.0,93.0,0.0
2025-03-12 21:00:00,473.47975791683405,0.0,111.0,0.0
2025-03-12 21:30:00,513.6652289735863,0.0,125.0,0.0
2025-03-12 22:00:00,564.5310886153968,0.0,170.00000000000003,0.0
2025-03-12 22:30:00,676.9268448990732,0.0,214.0,0.0
2025-03-12 23:00:00,733.5231764675906,0.0,232.0,0.0
2025-03-12 23:30:00,710.1898021369503,0.0,236.0,0.0
2025-03-13 00:00:00,637.0396948406442,0.0,256.0,0.0
2025-03-13 00:30:00,554.3923832624479,0.0,221.0,0.0
2025-03-13 01:00:00,604.1054782755964,0.0,231.0,0.0
2025-03-13 01:30:00,651.8270336794101,0.0,248.00000000000003,0.0
2025-03-13 02:00:00,646.2741642035803,0.0,248.0,0.0
2025-03-13 02:30:00,602.5443347805162,0.0,247.0,0.0
2025-03-13 03:00:00,590.6291404528932,0.0,249.00000000000003,0.0
2025-03-13 03:30:00,619.5179098433525,0.0,245.0,0.0
2025-03-13 04:00:00,640.6303793731322,0.0,248.0,0.0
2025-03-13 04:30:00,649.4355091869082,0.0,255.0,0.0
2025-03-13 05:00:00,627.2648550096203,0.0,248.0,0.0
2025-03-13 05:30:00,649.1548724073853,0.0,236.0,0.0
2025-03-13 06:00:00,657.778556221804,0.0,238.0,0.0
2025-03-13 06:30:00,599.365412004335,0.0,223.0,0.0
2025-03-13 07:00:00,551.4555498010138,0.0,208.0,0.0
2025-03-13 07:30:00,687.7472443094531,0.0,264.0,0.0
2025-03-13 08:00:00,748.1388336674992,0.0,241.0,0.0
2025-03-13 08:30:00,768.0684003802638,0.0,321.0,0.0
2025-03-13 09:00:00,832.4453718079451,0.0,334.0,0.0
2025-03-13 09:30:00,834.0235109378542,0.0,336.0,0.0
2025-03-13 10:00:00,848.6491373701859,0.0,330.0,0.0
2025-03-13 10:30:00,819.5231408792863,0.0,314.0,0.0
2025-03-13 11:00:00,844.8378404510187,0.0,311.0,0.0
2025-03-13 11:30:00,821.2868733642156,0.0,313.0,0.0
2025-03-13 12:00:00,829.5046024676903,0.0,300.0,0.0
2025-03-13 12:30:00,789.4583055843946,0.0,315.0,0.0
2025-03-13 13:00:00,768.0836787104926,0.0,319.0,0.0
2025-03-13 13:30:00,782.4921420295804,0.0,375.0,0.0
2025-03-13 14:00:00,770.673674814257,0.0,394.99999999999994,0.0
2025-03-13 14:30:00,846.8484243412006,0.0,284.0,0.0
2025-03-13 15:00:00,934.7477752267349,0.0,289.0,0.0
2025-03-13 15:30:00,863.9512842057819,0.0,289.0,0.0
2025-03-13 16:00:00,873.6013407662477,0.0,289.0,0.0
2025-03-13 16:30:00,799.9220072020722,0.0,268.0,0.0
2025-03-13 17:00:00,825.1250494133683,0.0,278.0,0.0
2025-03-13 17:30:00,884.0199919790155,0.0,281.0,0.0
2025-03-13 18:00:00,952.0960868789377,0.0,296.0,0.0
2025-03-13 18:30:00,872.0239031305065,0.0,277.0,0.0
2025-03-13 19:00:00,849.6757880557776,0.0,276.0,0.0
2025-03-13 19:30:00,811.0028603031485,0.0,265.0,0.0
2025-03-13 20:00:00,759.78438258188,0.0,235.0,0.0
2025-03-13 20:30:00,621.478871902002,0.0,203.00000000000003,0.0
2025-03-13 21:00:00,602.8696241439883,0.0,205.0,0.0
2025-03-13 21:30:00,609.4251176287527,0.0,204.0,0.0
2025-03-13 22:00:00,638.1249856987297,0.0,205.99999999999997,0.0
2025-03-13 22:30:00,621.156987904354,0.0,204.0,0.0
2025-03-13 23:00:00,590.7264026160935,0.0,204.0,0.0
2025-03-13 23:30:00,620.959018971279,0.0,194.0,0.0
2025-03-14 00:00:00,610.938117667624,0.0,183.0,0.0
2025-03-14 00:30:00,606.4419186028523,0.0,200.0,0.0
2025-03-14 01:00:00,670.1629962665129,0.0,208.0,0.0
2025-03-14 01:30:00,631.9604065158784,0.0,209.0,0.0
2025-03-14 02:00:00,669.5784130012578,0.0,195.0,0.0
2025-03-14 02:30:00,580.8480886708135,0.0,175.0,0.0
2025-03-14 03:00:00,634.465483673612,0.0,179.00000000000003,0.0
2025-03-14 03:30:00,675.2557161614055,0.0,211.99999999999997,0.0
2025-03-14 04:00:00,607.0466437744179,0.0,179.0,0.0
2025-03-14 04:30:00,600.3786234193363,0.0,211.0,0.0
2025-03-14 05:00:00,662.692934070971,0.0,214.99999999999997,0.0
2025-03-14 05:30:00,671.2306276143397,0.0,212.99999999999997,0.0
2025-03-14 06:00:00,633.7872766932437,0.0,210.00000000000003,0.0
2025-03-14 06:30:00,630.1838683744322,0.0,208.0,0.0
2025-03-14 07:00:00,617.3677512682623,0.0,205.0,0.0
2025-03-14 07:30:00,691.2902111703266,0.0,238.0,0.0
2025-03-14 08:00:00,755.1600664380676,0.0,247.00000000000003,0.0
2025-03-14 08:30:00,907.3598392733842,0.0,294.0,0.0
2025-03-14 09:00:00,909.9985809046699,0.0,313.0,0.0
2025-03-14 09:30:00,929.6526362771343,0.0,301.0,0.0
2025-03-14 10:00:00,894.4683021604126,0.0,300.0,0.0
2025-03-14 10:30:00,933.2780563457625,0.0,307.0,0.0
2025-03-14 11:00:00,961.2133331879946,0.0,313.0,0.0
2025-03-14 11:30:00,985.7544586740597,0.0,313.0,0.0
2025-03-14 12:00:00,904.0228052575118,0.0,306.0,0.0
2025-03-14 12:30:00,837.6437895726102,0.0,317.0,0.0
2025-03-14 13:00:00,926.9099359204967,0.0,320.0,0.0
2025-03-14 13:30:00,890.0716389844647,0.0,327.0,0.0
2025-03-14 14:00:00,857.7528719799635,0.0,326.0,0.0
2025-03-14 14:30:00,974.6567229982589,0.0,328.0,0.0
2025-03-14 15:00:00,990.4015460254761,0.0,334.0,0.0
2025-03-14 15:30:00,938.1810896618991,0.0,331.0,0.0
2025-03-14 16:00:00,943.8550403908359,0.0,326.0,0.0
2025-03-14 16:30:00,910.1646127470378,0.0,309.0,0.0
2025-03-14 17:00:00,964.146982636102,0.0,324.0,0.0
2025-03-14 17:30:00,954.3410029794021,0.0,335.0,0.0
2025-03-14 18:00:00,801.994460795736,0.0,319.0,0.0
2025-03-14 18:30:00,608.692238201671,0.0,184.0,0.0
2025-03-14 19:00:00,535.9313769252618,0.0,173.0,0.0
2025-03-14 19:30:00,492.84591618337026,0.0,167.0,0.0
2025-03-14 20:00:00,466.01674528500405,0.0,155.0,0.0
2025-03-14 20:30:00,477.31104703294625,0.0,129.0,0.0
2025-03-14 21:00:00,442.83194909849436,0.0,128.0,0.0
2025-03-14 21:30:00,510.9334432367018,0.0,166.0,0.0
2025-03-14 22:00:00,615.3324205396784,0.0,208.00000000000003,0.0
2025-03-14 22:30:00,683.5656898106567,0.0,261.0,0.0
2025-03-14 23:00:00,625.3306418762545,0.0,242.0,0.0
2025-03-14 23:30:00,693.963839374064,0.0,243.0,0.0
2025-03-15 00:00:00,714.8677324996518,0.0,193.0,0.0
2025-03-15 00:30:00,624.1825765280404,0.0,167.0,0.0
2025-03-15 01:00:00,679.5392699875259,0.0,179.0,0.0
2025-03-15 01:30:00,676.2783926539418,0.0,183.0,0.0
2025-03-15 02:00:00,636.4491098041061,0.0,166.99999999999997,0.0
2025-03-15 02:30:00,638.8479838713637,0.0,207.0,0.0
2025-03-15 03:00:00,666.7776438809707,0.0,214.0,0.0
2025-03-15 03:30:00,615.2454838929574,0.0,213.0,0.0
2025-03-15 04:00:00,663.556358618755,0.0,212.99999999999997,0.0
2025-03-15 04:30:00,627.5653385527139,0.0,212.0,0.0
2025-03-15 05:00:00,635.4109221240923,0.0,203.0,0.0
2025-03-15 05:30:00,681.6886506656044,0.0,205.0,0.0
2025-03-15 06:00:00,634.2509661055742,0.0,204.0,0.0
2025-03-15 06:30:00,665.8146127352906,0.0,203.0,0.0
2025-03-15 07:00:00,608.5739898413669,0.0,209.0,0.0
2025-03-15 07:30:00,667.8354663855463,0.0,224.0,0.0
2025-03-15 08:00:00,720.966748825807,0.0,240.0,0.0
2025-03-15 08:30:00,870.4987296139112,0.0,251.00000000000003,0.0
2025-03-15 09:00:00,778.5543479427529,0.0,269.0,0.0
2025-03-15 09:30:00,850.7875094533932,0.0,265.0,0.0
2025-03-15 10:00:00,923.7962817873488,0.0,271.0,0.0
2025-03-15 10:30:00,842.1253032085714,0.0,284.0,0.0
2025-03-15 11:00:00,842.7450886445655,0.0,272.0,0.0
2025-03-15 11:30:00,878.5039439357723,0.0,274.0,0.0
2025-03-15 12:00:00,825.3647392702783,0.0,256.0,0.0
2025-03-15 12:30:00,924.0501333322708,0.0,276.0,0.0
2025-03-15 13:00:00,865.6452418018301,0.0,278.0,0.0
2025-03-15 13:30:00,914.9507933311122,0.0,301.0,0.0
2025-03-15 14:00:00,841.534361905985,0.0,317.0,0.0
2025-03-15 14:30:00,842.0916371811977,0.0,341.0,0.0
2025-03-15 15:00:00,865.6189672255655,0.0,364.0,0.0
2025-03-15 15:30:00,824.7602620878332,0.0,360.0,0.0
2025-03-15 16:00:00,880.8422117162747,0.0,357.0,0.0
2025-03-15 16:30:00,787.8992762106218,0.0,337.0,0.0
2025-03-15 17:00:00,799.3085059358815,0.0,353.0,0.0
2025-03-15 17:30:00,878.3265155354408,0.0,366.0,0.0
2025-03-15 18:00:00,746.7748521869953,0.0,341.0,0.0
2025-03-15 18:30:00,523.0739425026375,0.0,206.0,0.0
2025-03-15 19:00:00,455.4306278951908,0.0,193.0,0.0
2025-03-15 19:30:00,513.2456228961705,0.0,198.0,0.0
2025-03-15 20:00:00,513.9749734930792,0.0,210.0,0.0
2025-03-15 20:30:00,632.2132919575013,0.0,242.0,0.0
2025-03-15 21:00:00,660.9613859905578,0.0,267.0,0.0
2025-03-15 21:30:00,670.8992743996739,0.0,266.0,0.0
2025-03-15 22:00:00,643.1462665312193,0.0,265.0,0.0
2025-03-15 22:30:00,587.3763906904088,0.0,269.0,0.0
2025-03-15 23:00:00,662.1551547698335,0.0,263.0,0.0
2025-03-15 23:30:00,623.494472331998,0.0,262.0,0.0
2025-03-16 00:00:00,102.79789316751085,0.0,48.0,0.0
2025-03-16 00:30:00,101.87055129648552,0.0,46.0,0.0
2025-03-16 01:00:00,109.55495020222747,0.0,47.0,0.0
2025-03-16 01:30:00,107.57943505411737,0.0,46.0,0.0
2025-03-16 02:00:00,93.17789591159207,0.0,47.00000000000001,0.0
2025-03-16 02:30:00,117.91451648442055,0.0,49.0,0.0
2025-03-16 03:00:00,106.77927094467665,0.0,47.0,0.0
2025-03-16 03:30:00,111.9185876672144,0.0,50.0,0.0
2025-03-16 04:00:00,105.32858970068133,0.0,47.0,0.0
2025-03-16 04:30:00,95.31382801957506,0.0,47.0,0.0
2025-03-16 05:00:00,109.6690631739019,0.0,50.0,0.0
2025-03-16 05:30:00,104.09285292079538,0.0,51.0,0.0
2025-03-16 06:00:00,107.91727318954509,0.0,49.0,0.0
2025-03-16 06:30:00,105.94810146767283,0.0,51.0,0.0
2025-03-16 07:00:00,106.31042085849833,0.0,49.0,0.0
2025-03-16 07:30:00,99.99885632209981,0.0,49.0,0.0
2025-03-16 08:00:00,106.37708702424854,0.0,49.0,0.0
2025-03-16 08:30:00,93.9734525083892,0.0,47.0,0.0
2025-03-16 09:00:00,107.69080158806703,0.0,44.0,0.0
2025-03-16 09:30:00,108.79916369667397,0.0,45.0,0.0
2025-03-16 10:00:00,105.83798272189492,0.0,44.0,0.0
2025-03-16 10:30:00,104.0902809379018,0.0,44.0,0.0
2025-03-16 11:00:00,98.46199291689287,0.0,44.0,0.0
2025-03-16 11:30:00,103.55732975786823,0.0,44.0,0.0
2025-03-16 12:00:00,99.4295503028616,0.0,46.0,0.0
2025-03-16 12:30:00,90.24941542456484,0.0,45.0,0.0
2025-03-16 13:00:00,105.20441291814515,0.0,45.0,0.0
2025-03-16 13:30:00,101.19650476516735,0.0,43.0,0.0
2025-03-16 14:00:00,98.72505945175152,0.0,44.0,0.0
2025-03-16 14:30:00,90.8888830102599,0.0,43.0,0.0
2025-03-16 15:00:00,95.98182385499355,0.0,45.0,0.0
2025-03-16 15:30:00,88.94004522593787,0.0,44.0,0.0
2025-03-16 16:00:00,103.55247973534327,0.0,46.0,0.0
2025-03-16 16:30:00,90.95324046782349,0.0,46.0,0.0
2025-03-16 17:00:00,100.29809182200516,0.0,47.0,0.0
2025-03-16 17:30:00,93.72223029598788,0.0,46.0,0.0
2025-03-16 18:00:00,90.86985339534007,0.0,47.0,0.0
2025-03-16 18:30:00,100.05842758116925,0.0,47.0,0.0
2025-03-16 19:00:00,98.24250517067374,0.0,45.0,0.0
2025-03-16 19:30:00,105.17034041508182,0.0,44.0,0.0
2025-03-16 20:00:00,95.50711453738668,0.0,44.0,0.0
2025-03-16 20:30:00,100.09082787156791,0.0,44.0,0.0
2025-03-16 21:00:00,91.61067905253464,0.0,44.0,0.0
2025-03-16 21:30:00,93.58562687773143,0.0,46.0,0.0
2025-03-16 22:00:00,111.13808400227545,0.0,43.0,0.0
2025-03-16 22:30:00,116.00514157625557,0.0,46.0,0.0
2025-03-16 23:00:00,104.51231535647239,0.0,46.0,0.0
2025-03-16 23:30:00,98.75728185558147,0.0,45.0,0.0
2025-03-17 00:00:00,70.49514195499023,0.0,25.0,0.0
2025-03-17 00:30:00,67.06927046590967,0.0,22.0,0.0
2025-03-17 01:00:00,69.90426564661426,0.0,25.0,0.0
2025-03-17 01:30:00,73.62450280019559,0.0,25.999999999999996,0.0
2025-03-17 02:00:00,63.0015989380451,0.0,23.0,0.0
2025-03-17 02:30:00,68.84178252107753,0.0,27.0,0.0
2025-03-17 03:00:00,71.31016757923628,0.0,25.0,0.0
2025-03-17 03:30:00,81.21711152847503,0.0,22.0,0.0
2025-03-17 04:00:00,84.29275087976939,0.0,25.0,0.0
2025-03-17 04:30:00,87.88569199553827,0.0,24.0,0.0
2025-03-17 05:00:00,73.25233058494872,0.0,21.0,0.0
2025-03-17 05:30:00,72.91230086597797,0.0,22.0,0.0
2025-03-17 06:00:00,68.96463364989852,0.0,22.0,0.0
2025-03-17 06:30:00,64.60509084112314,0.0,24.0,0.0
2025-03-17 07:00:00,67.92544771042935,0.0,23.0,0.0
2025-03-17 07:30:00,68.26662072474787,0.0,23.0,0.0
2025-03-17 08:00:00,66.20995297499326,0.0,24.0,0.0
2025-03-17 08:30:00,67.2491165174939,0.0,22.0,0.0
2025-03-17 09:00:00,63.17559837295677,0.0,22.0,0.0
2025-03-17 09:30:00,64.68794656839243,0.0,22.0,0.0
2025-03-17 10:00:00,64.30645317089046,0.0,23.0,0.0
2025-03-17 10:30:00,67.24056059806104,0.0,21.0,0.0
2025-03-17 11:00:00,68.6910376032497,0.0,22.0,0.0
2025-03-17 11:30:00,61.6252489676417,0.0,22.0,0.0
2025-03-17 12:00:00,67.36342043407534,0.0,21.0,0.0
2025-03-17 12:30:00,61.78224711019536,0.0,21.0,0.0
2025-03-17 13:00:00,64.30311736925867,0.0,22.0,0.0
2025-03-17 13:30:00,62.22693962005409,0.0,21.0,0.0
2025-03-17 14:00:00,68.85956283772008,0.0,20.0,0.0
2025-03-17 14:30:00,61.51661855305573,0.0,21.0,0.0
2025-03-17 15:00:00,63.39110909817096,0.0,20.0,0.0
2025-03-17 15:30:00,68.98057059493019,0.0,21.0,0.0
2025-03-17 16:00:00,60.08445827233896,0.0,23.0,0.0
2025-03-17 16:30:00,62.60111956037625,0.0,21.0,0.0
2025-03-17 17:00:00,63.008794463398324,0.0,21.0,0.0
2025-03-17 17:30:00,63.22293215308932,0.0,21.0,0.0
2025-03-17 18:00:00,59.43390165999318,0.0,20.0,0.0
2025-03-17 18:30:00,68.49793136365483,0.0,22.0,0.0
2025-03-17 19:00:00,62.9480021410701,0.0,19.0,0.0
2025-03-17 19:30:00,66.72771037532803,0.0,21.0,0.0
2025-03-17 20:00:00,68.00310676929927,0.0,19.0,0.0
2025-03-17 20:30:00,65.14777563455534,0.0,21.0,0.0
2025-03-17 21:00:00,71.8581313733694,0.0,22.0,0.0
2025-03-17 21:30:00,62.21826453033612,0.0,20.0,0.0
2025-03-17 22:00:00,74.36427104053541,0.0,22.0,0.0
2025-03-17 22:30:00,67.25993523537701,0.0,22.0,0.0
2025-03-17 23:00:00,68.00844029381868,0.0,22.0,0.0
2025-03-17 23:30:00,66.47077619900281,0.0,21.0,0.0
2025-03-18 00:00:00,585.8740207443536,0.0,163.0,0.0
2025-03-18 00:30:00,620.1077627413342,0.0,156.0,0.0
2025-03-18 01:00:00,596.6739455835159,0.0,164.0,0.0
2025-03-18 01:30:00,588.8764336345513,0.0,158.00000000000003,0.0
2025-03-18 02:00:00,652.4405048495885,0.0,162.0,0.0
2025-03-18 02:30:00,665.9357050484289,0.0,166.0,0.0
2025-03-18 03:00:00,601.4615060451696,0.0,165.0,0.0
2025-03-18 03:30:00,605.8554977296324,0.0,157.0,0.0
2025-03-18 04:00:00,591.0581527461275,0.0,159.0,0.0
2025-03-18 04:30:00,676.2527076410013,0.0,164.0,0.0
2025-03-18 05:00:00,644.919062674912,0.0,160.0,0.0
2025-03-18 05:30:00,598.9459353158527,0.0,159.00000000000003,0.0
2025-03-18 06:00:00,627.3270236887043,0.0,160.0,0.0
2025-03-18 06:30:00,570.3329083861901,0.0,152.0,0.0
2025-03-18 07:00:00,602.1920275443133,0.0,162.0,0.0
2025-03-18 07:30:00,657.4792909544647,0.0,176.0,0.0
2025-03-18 08:00:00,713.0772511843469,0.0,208.0,0.0
2025-03-18 08:30:00,803.5849903482691,0.0,245.0,0.0
2025-03-18 09:00:00,878.014609865101,0.0,271.0,0.0
2025-03-18 09:30:00,859.282526308384,0.0,279.0,0.0
2025-03-18 10:00:00,851.9941870057394,0.0,291.0,0.0
2025-03-18 10:30:00,875.7279572278718,0.0,320.0,0.0
2025-03-18 11:00:00,877.0012023796719,0.0,320.0,0.0
2025-03-18 11:30:00,889.820843566994,0.0,314.0,0.0
2025-03-18 12:00:00,888.2276674029873,0.0,304.0,0.0
2025-03-18 12:30:00,875.8614485724465,0.0,314.0,0.0
2025-03-18 13:00:00,801.6129623419299,0.0,318.0,0.0
2025-03-18 13:30:00,810.2437185715522,0.0,315.0,0.0
2025-03-18 14:00:00,887.708338990345,0.0,319.0,0.0
2025-03-18 14:30:00,933.2877516869604,0.0,320.0,0.0
2025-03-18 15:00:00,862.4528483005994,0.0,316.0,0.0
2025-03-18 15:30:00,863.5320097043642,0.0,328.0,0.0
2025-03-18 16:00:00,894.6944852381052,0.0,327.0,0.0
2025-03-18 16:30:00,790.7633091468147,0.0,304.0,0.0
2025-03-18 17:00:00,944.8705029755616,0.0,326.0,0.0
2025-03-18 17:30:00,877.430501085186,0.0,323.0,0.0
2025-03-18 18:00:00,827.2795743748349,0.0,324.0,0.0
2025-03-18 18:30:00,845.7275077348677,0.0,324.0,0.0
2025-03-18 19:00:00,800.2803919708816,0.0,313.0,0.0
2025-03-18 19:30:00,901.089374124781,0.0,315.0,0.0
2025-03-18 20:00:00,768.7668150866813,0.0,273.0,0.0
2025-03-18 20:30:00,726.6009351474671,0.0,250.0,0.0
2025-03-18 21:00:00,732.1469165496212,0.0,253.0,0.0
2025-03-18 21:30:00,656.6050441778555,0.0,237.0,0.0
2025-03-18 22:00:00,666.6246400413207,0.0,227.99999999999997,0.0
2025-03-18 22:30:00,666.1571295035856,0.0,232.0,0.0
2025-03-18 23:00:00,604.1777022962906,0.0,229.0,0.0
2025-03-18 23:30:00,653.9696959708734,0.0,229.0,0.0
2025-03-19 00:00:00,76.55523650929544,0.0,22.0,0.0
2025-03-19 00:30:00,97.69313673372685,0.0,24.0,0.0
2025-03-19 01:00:00,96.66732075586472,0.0,23.0,0.0
2025-03-19 01:30:00,87.44359185627287,0.0,24.0,0.0
2025-03-19 02:00:00,89.26640320524876,0.0,25.0,0.0
2025-03-19 02:30:00,86.75723754303313,0.0,23.0,0.0
2025-03-19 03:00:00,76.5856985896644,0.0,25.0,0.0
2025-03-19 03:30:00,76.45663673252653,0.0,25.0,0.0
2025-03-19 04:00:00,78.01600399232878,0.0,21.0,0.0
2025-03-19 04:30:00,76.85507060372903,0.0,24.0,0.0
2025-03-19 05:00:00,80.17911956308369,0.0,23.0,0.0
2025-03-19 05:30:00,70.536505112931,0.0,21.0,0.0
2025-03-19 06:00:00,90.53266444942247,0.0,22.0,0.0
2025-03-19 06:30:00,127.72211096683027,0.0,20.0,0.0
2025-03-19 07:00:00,119.3321039670281,0.0,24.0,0.0
2025-03-19 07:30:00,360.988838519105,0.0,112.0,0.0
2025-03-19 08:00:00,610.5889699218134,0.0,264.0,0.0
2025-03-19 08:30:00,728.1661958820649,0.0,324.0,0.0
2025-03-19 09:00:00,860.1567262195657,0.0,325.0,0.0
2025-03-19 09:30:00,931.1294799147571,0.0,310.0,0.0
2025-03-19 10:00:00,902.7763095730393,0.0,307.0,0.0
2025-03-19 10:30:00,874.6291044262052,0.0,314.0,0.0
2025-03-19 11:00:00,947.9766850201122,0.0,290.0,0.0
2025-03-19 11:30:00,840.3646434243873,0.0,294.0,0.0
2025-03-19 12:00:00,881.0166484259883,0.0,275.0,0.0
2025-03-19 12:30:00,876.9750936940463,0.0,287.0,0.0
2025-03-19 13:00:00,873.1550547153523,0.0,294.0,0.0
2025-03-19 13:30:00,921.1522228699648,0.0,292.0,0.0
2025-03-19 14:00:00,886.3197244030754,0.0,288.0,0.0
2025-03-19 14:30:00,849.0420158765548,0.0,290.0,0.0
2025-03-19 15:00:00,909.7843500155284,0.0,288.0,0.0
2025-03-19 15:30:00,852.8611134659322,0.0,291.0,0.0
2025-03-19 16:00:00,874.352366048133,0.0,285.0,0.0
2025-03-19 16:30:00,772.6517677381239,0.0,265.0,0.0
2025-03-19 17:00:00,805.8484638535298,0.0,276.0,0.0
2025-03-19 17:30:00,859.1618160548497,0.0,287.0,0.0
2025-03-19 18:00:00,873.7807357547651,0.0,286.0,0.0
2025-03-19 18:30:00,784.0159665989347,0.0,289.0,0.0
2025-03-19 19:00:00,868.7672764490242,0.0,283.0,0.0
2025-03-19 19:30:00,793.2029243872657,0.0,258.0,0.0
2025-03-19 20:00:00,839.4624125302119,0.0,240.0,0.0
2025-03-19 20:30:00,702.2404393493833,0.0,215.0,0.0
2025-03-19 21:00:00,683.4098175420776,0.0,221.99999999999997,0.0
2025-03-19 21:30:00,699.9529638155284,0.0,211.0,0.0
2025-03-19 22:00:00,685.0212865187785,0.0,210.0,0.0
2025-03-19 22:30:00,739.3617054790691,0.0,196.0,0.0
2025-03-19 23:00:00,695.2684313393694,0.0,194.99999999999997,0.0
2025-03-19 23:30:00,658.289493118488,0.0,186.0,0.0
2025-03-20 00:00:00,672.9346551110207,0.0,189.0,0.0
2025-03-20 00:30:00,669.6607105805623,0.0,179.0,0.0
2025-03-20 01:00:00,616.7279023494247,0.0,171.00000000000003,0.0
2025-03-20 01:30:00,629.0324264286081,0.0,180.0,0.0
2025-03-20 02:00:00,686.23146415675,0.0,180.00000000000003,0.0
2025-03-20 02:30:00,677.9531039978688,0.0,184.0,0.0
2025-03-20 03:00:00,718.6968156645303,0.0,193.0,0.0
2025-03-20 03:30:00,678.7408787263736,0.0,194.0,0.0
2025-03-20 04:00:00,648.8181624610244,0.0,188.0,0.0
2025-03-20 04:30:00,721.6505268966822,0.0,187.0,0.0
2025-03-20 05:00:00,643.2597135902965,0.0,193.0,0.0
2025-03-20 05:30:00,731.0927513172318,0.0,187.0,0.0
2025-03-20 06:00:00,719.1939250451495,0.0,185.00000000000003,0.0
2025-03-20 06:30:00,724.0745671296897,0.0,191.0,0.0
2025-03-20 07:00:00,653.437688758193,0.0,183.0,0.0
2025-03-20 07:30:00,680.6968764395558,0.0,203.0,0.0
2025-03-20 08:00:00,748.0796817248951,0.0,230.0,0.0
2025-03-20 08:30:00,745.5984234418236,0.0,236.0,0.0
2025-03-20 09:00:00,802.0267169145073,0.0,296.0,0.0
2025-03-20 09:30:00,896.2808168987195,0.0,346.0,0.0
2025-03-20 10:00:00,860.3241568204782,0.0,335.0,0.0
2025-03-20 10:30:00,803.2042957647292,0.0,339.0,0.0
2025-03-20 11:00:00,880.6063712853979,0.0,341.0,0.0
2025-03-20 11:30:00,855.3580556394272,0.0,348.0,0.0
2025-03-20 12:00:00,869.590926556916,0.0,368.0,0.0
2025-03-20 12:30:00,887.7022214216767,0.0,365.0,0.0
2025-03-20 13:00:00,867.6135394138564,0.0,274.0,0.0
2025-03-20 13:30:00,884.783807087708,0.0,279.0,0.0
2025-03-20 14:00:00,916.2354640786956,0.0,275.0,0.0
2025-03-20 14:30:00,841.3218561992911,0.0,277.0,0.0
2025-03-20 15:00:00,869.146906229511,0.0,278.0,0.0
2025-03-20 15:30:00,877.905498870585,0.0,276.0,0.0
2025-03-20 16:00:00,869.9170804615721,0.0,276.0,0.0
2025-03-20 16:30:00,851.7638706222009,0.0,252.99999999999997,0.0
2025-03-20 17:00:00,867.1391706005295,0.0,254.99999999999997,0.0
2025-03-20 17:30:00,870.616827519937,0.0,262.0,0.0
2025-03-20 18:00:00,845.2947590169597,0.0,268.0,0.0
2025-03-20 18:30:00,807.5774593228126,0.0,258.0,0.0
2025-03-20 19:00:00,876.8096018349702,0.0,254.0,0.0
2025-03-20 19:30:00,828.9768908839895,0.0,246.00000000000003,0.0
2025-03-20 20:00:00,741.9539121959547,0.0,227.99999999999997,0.0
2025-03-20 20:30:00,702.7972881158756,0.0,187.00000000000003,0.0
2025-03-20 21:00:00,633.7083248870998,0.0,191.00000000000003,0.0
2025-03-20 21:30:00,688.2249982881418,0.0,186.99999999999997,0.0
2025-03-20 22:00:00,676.1164160499422,0.0,181.0,0.0
2025-03-20 22:30:00,640.2655693162881,0.0,169.0,0.0
2025-03-20 23:00:00,703.6471738875001,0.0,167.0,0.0
2025-03-20 23:30:00,619.1522440942048,0.0,168.99999999999997,0.0
2025-03-21 00:00:00,630.3365428992055,0.0,194.0,0.0
2025-03-21 00:30:00,634.3087768695284,0.0,172.99999999999997,0.0
2025-03-21 01:00:00,611.7399369944137,0.0,184.0,0.0
2025-03-21 01:30:00,660.9709194522796,0.0,183.0,0.0
2025-03-21 02:00:00,679.3248143233371,0.0,180.0,0.0
2025-03-21 02:30:00,689.5652853714697,0.0,182.0,0.0
2025-03-21 03:00:00,671.888062935593,0.0,187.99999999999997,0.0
2025-03-21 03:30:00,602.1426590421537,0.0,191.0,0.0
2025-03-21 04:00:00,652.1818885933126,0.0,188.0,0.0
2025-03-21 04:30:00,710.3406189172198,0.0,185.99999999999997,0.0
2025-03-21 05:00:00,614.8062979295468,0.0,188.0,0.0
2025-03-21 05:30:00,652.1146146119037,0.0,192.0,0.0
2025-03-21 06:00:00,698.070187106536,0.0,191.00000000000003,0.0
2025-03-21 06:30:00,648.7490445589285,0.0,184.0,0.0
2025-03-21 07:00:00,727.0532158464973,0.0,192.99999999999997,0.0
2025-03-21 07:30:00,651.9129979837692,0.0,209.00000000000003,0.0
2025-03-21 08:00:00,671.6129178455625,0.0,222.0,0.0
2025-03-21 08:30:00,875.5270104163546,0.0,255.00000000000003,0.0
2025-03-21 09:00:00,807.6558170371093,0.0,273.0,0.0
2025-03-21 09:30:00,841.3898200751149,0.0,272.0,0.0
2025-03-21 10:00:00,873.6529417017117,0.0,274.0,0.0
2025-03-21 10:30:00,954.4343963917295,0.0,282.0,0.0
2025-03-21 11:00:00,925.7455459080777,0.0,285.0,0.0
2025-03-21 11:30:00,919.7394100089347,0.0,311.0,0.0
2025-03-21 12:00:00,853.8464890807023,0.0,311.0,0.0
2025-03-21 12:30:00,931.9645190562603,0.0,313.0,0.0
2025-03-21 13:00:00,1045.5437977793838,0.0,313.0,0.0
2025-03-21 13:30:00,912.1544800489179,0.0,322.0,0.0
2025-03-21 14:00:00,910.9171444460226,0.0,323.0,0.0
2025-03-21 14:30:00,853.3598104965987,0.0,325.0,0.0
2025-03-21 15:00:00,893.4640560027093,0.0,357.0,0.0
2025-03-21 15:30:00,946.6453544221422,0.0,380.0,0.0
2025-03-21 16:00:00,890.1916618121035,0.0,372.0,0.0
2025-03-21 16:30:00,890.2337726664152,0.0,370.0,0.0
2025-03-21 17:00:00,948.8463824504167,0.0,369.0,0.0
2025-03-21 17:30:00,948.696626443995,0.0,382.0,0.0
2025-03-21 18:00:00,879.787119102723,0.0,373.0,0.0
2025-03-21 18:30:00,810.0264888452058,0.0,364.0,0.0
2025-03-21 19:00:00,901.0770355597689,0.0,348.0,0.0
2025-03-21 19:30:00,819.9240165235584,0.0,330.0,0.0
2025-03-21 20:00:00,696.4030687802942,0.0,290.0,0.0
2025-03-21 20:30:00,740.2829648650596,0.0,280.0,0.0
2025-03-21 21:00:00,733.0710790891419,0.0,282.0,0.0
2025-03-21 21:30:00,594.628176164833,0.0,274.0,0.0
2025-03-21 22:00:00,670.5365609965755,0.0,277.0,0.0
2025-03-21 22:30:00,666.8268635898919,0.0,276.0,0.0
2025-03-21 23:00:00,709.0373351231095,0.0,274.0,0.0
2025-03-21 23:30:00,658.256017385057,0.0,275.0,0.0
2025-03-22 00:00:00,671.1558310778112,0.0,196.0,0.0
2025-03-22 00:30:00,672.0265043010503,0.0,186.0,0.0
2025-03-22 01:00:00,689.51241328809,0.0,188.0,0.0
2025-03-22 01:30:00,618.8742541139388,0.0,196.0,0.0
2025-03-22 02:00:00,667.63981549127,0.0,191.0,0.0
2025-03-22 02:30:00,589.8973514807941,0.0,196.0,0.0
2025-03-22 03:00:00,644.2597728391247,0.0,193.0,0.0
2025-03-22 03:30:00,594.7191197572761,0.0,186.0,0.0
2025-03-22 04:00:00,573.5402929099799,0.0,185.0,0.0
2025-03-22 04:30:00,618.9391505308822,0.0,188.0,0.0
2025-03-22 05:00:00,621.3110420426195,0.0,182.0,0.0
2025-03-22 05:30:00,623.66193038722,0.0,185.0,0.0
2025-03-22 06:00:00,598.612538459897,0.0,184.0,0.0
2025-03-22 06:30:00,574.3848737642245,0.0,173.0,0.0
2025-03-22 07:00:00,599.3947677357299,0.0,176.0,0.0
2025-03-22 07:30:00,597.0626382866963,0.0,184.0,0.0
2025-03-22 08:00:00,502.492917225872,0.0,152.0,0.0
2025-03-22 08:30:00,316.3138155631493,0.0,80.00000000000001,0.0
2025-03-22 09:00:00,335.9752538591303,0.0,70.0,0.0
2025-03-22 09:30:00,335.90057327674185,0.0,133.0,0.0
2025-03-22 10:00:00,372.4591474360306,0.0,134.0,0.0
2025-03-22 10:30:00,347.06094981523677,0.0,138.0,0.0
2025-03-22 11:00:00,387.4168070993677,0.0,148.0,0.0
2025-03-22 11:30:00,422.4180141374004,0.0,185.0,0.0
2025-03-22 12:00:00,375.0830683811897,0.0,201.0,0.0
2025-03-22 12:30:00,411.51173138544175,0.0,227.0,0.0
2025-03-22 13:00:00,443.61801231466274,0.0,255.0,0.0
2025-03-22 13:30:00,382.33407937180596,0.0,254.00000000000003,0.0
2025-03-22 14:00:00,419.3005276508821,0.0,248.0,0.0
2025-03-22 14:30:00,428.94797558909374,0.0,248.0,0.0
2025-03-22 15:00:00,362.0107611393753,0.0,254.00000000000003,0.0
2025-03-22 15:30:00,409.5122435695751,0.0,259.0,0.0
2025-03-22 16:00:00,475.97205330556176,0.0,267.0,0.0
2025-03-22 16:30:00,448.8865512548831,0.0,269.0,0.0
2025-03-22 17:00:00,411.3167363741476,0.0,255.99999999999997,0.0
2025-03-22 17:30:00,392.53311013683185,0.0,231.99999999999997,0.0
2025-03-22 18:00:00,266.51593422661256,0.0,144.0,0.0
2025-03-22 18:30:00,137.6183689053263,0.0,64.0,0.0
2025-03-22 19:00:00,130.7729545853174,0.0,60.0,0.0
2025-03-22 19:30:00,128.45957979314048,0.0,55.0,0.0
2025-03-22 20:00:00,122.68424978724897,0.0,53.0,0.0
2025-03-22 20:30:00,136.88367402817363,0.0,55.0,0.0
2025-03-22 21:00:00,137.43667838908107,0.0,54.0,0.0
2025-03-22 21:30:00,136.53212314525152,0.0,54.0,0.0
2025-03-22 22:00:00,120.06890545405723,0.0,49.0,0.0
2025-03-22 22:30:00,78.47045095781584,0.0,25.0,0.0
2025-03-22 23:00:00,90.94842391287658,0.0,29.0,0.0
2025-03-22 23:30:00,85.69890889561009,0.0,23.0,0.0
2025-03-23 00:00:00,106.14276614749754,0.0,48.0,0.0
2025-03-23 00:30:00,108.3442189876783,0.0,46.0,0.0
2025-03-23 01:00:00,102.72703854411284,0.0,47.0,0.0
2025-03-23 01:30:00,113.42390610814232,0.0,46.0,0.0
2025-03-23 02:00:00,106.4917010753739,0.0,47.0,0.0
2025-03-23 02:30:00,109.58831713278104,0.0,49.0,0.0
2025-03-23 03:00:00,102.63804214778852,0.0,47.0,0.0
2025-03-23 03:30:00,111.71202995204493,0.0,50.0,0.0
2025-03-23 04:00:00,114.4647060885336,0.0,47.0,0.0
2025-03-23 04:30:00,104.37035496966526,0.0,47.0,0.0
2025-03-23 05:00:00,115.26526149852933,0.0,50.0,0.0
2025-03-23 05:30:00,103.84429285032145,0.0,51.0,0.0
2025-03-23 06:00:00,109.07379649471453,0.0,49.0,0.0
2025-03-23 06:30:00,109.73969638491778,0.0,51.0,0.0
2025-03-23 07:00:00,99.44673837219952,0.0,49.0,0.0
2025-03-23 07:30:00,105.14213117867108,0.0,49.0,0.0
2025-03-23 08:00:00,102.00755523413012,0.0,49.0,0.0
2025-03-23 08:30:00,95.64787848340902,0.0,47.0,0.0
2025-03-23 09:00:00,98.55308978393377,0.0,44.0,0.0
2025-03-23 09:30:00,98.56572160433593,0.0,45.0,0.0
2025-03-23 10:00:00,97.49486836029945,0.0,44.0,0.0
2025-03-23 10:30:00,97.5144847326304,0.0,44.0,0.0
2025-03-23 11:00:00,98.43498927988162,0.0,44.0,0.0
2025-03-23 11:30:00,96.05102960305236,0.0,44.0,0.0
2025-03-23 12:00:00,100.60854122164734,0.0,46.0,0.0
2025-03-23 12:30:00,94.69964971601021,0.0,45.0,0.0
2025-03-23 13:00:00,110.84844043701699,0.0,45.0,0.0
2025-03-23 13:30:00,89.03999842084387,0.0,43.0,0.0
2025-03-23 14:00:00,95.98906483415283,0.0,44.0,0.0
2025-03-23 14:30:00,94.37170247174303,0.0,43.0,0.0
2025-03-23 15:00:00,108.9681994404205,0.0,45.0,0.0
2025-03-23 15:30:00,91.3912412249851,0.0,44.0,0.0
2025-03-23 16:00:00,100.98575984124332,0.0,46.0,0.0
2025-03-23 16:30:00,100.10806025759008,0.0,46.0,0.0
2025-03-23 17:00:00,100.52932979431097,0.0,47.0,0.0
2025-03-23 17:30:00,103.89880892307403,0.0,46.0,0.0
2025-03-23 18:00:00,103.79844514256264,0.0,47.0,0.0
2025-03-23 18:30:00,96.65046944968454,0.0,47.0,0.0
2025-03-23 19:00:00,100.87921416894723,0.0,45.0,0.0
2025-03-23 19:30:00,91.53187704372813,0.0,44.0,0.0
2025-03-23 20:00:00,102.47522570394905,0.0,44.0,0.0
2025-03-23 20:30:00,99.90006399113227,0.0,44.0,0.0
2025-03-23 21:00:00,103.06053181136637,0.0,44.0,0.0
2025-03-23 21:30:00,96.2067415941179,0.0,46.0,0.0
2025-03-23 22:00:00,104.0342413538372,0.0,43.0,0.0
2025-03-23 22:30:00,96.14792464214133,0.0,46.0,0.0
2025-03-23 23:00:00,104.80130238222644,0.0,46.0,0.0
2025-03-23 23:30:00,96.68349619593387,0.0,45.0,0.0
2025-03-24 00:00:00,92.21010165213507,0.0,26.999999999999996,0.0
2025-03-24 00:30:00,95.40437476693846,0.0,26.999999999999996,0.0
2025-03-24 01:00:00,103.2196542586369,0.0,25.0,0.0
2025-03-24 01:30:00,90.54928281989984,0.0,25.000000000000004,0.0
2025-03-24 02:00:00,97.86989134345434,0.0,27.0,0.0
2025-03-24 02:30:00,87.86581977671321,0.0,25.0,0.0
2025-03-24 03:00:00,83.04914330053168,0.0,25.0,0.0
2025-03-24 03:30:00,89.04336893710972,0.0,26.000000000000004,0.0
2025-03-24 04:00:00,85.2945598376529,0.0,28.0,0.0
2025-03-24 04:30:00,89.67574312550117,0.0,25.000000000000004,0.0
2025-03-24 05:00:00,87.10298190772673,0.0,27.0,0.0
2025-03-24 05:30:00,80.85388705164608,0.0,27.0,0.0
2025-03-24 06:00:00,97.38826066602653,0.0,26.000000000000004,0.0
2025-03-24 06:30:00,147.34038905093573,0.0,55.0,0.0
2025-03-24 07:00:00,177.7845699088943,0.0,87.0,0.0
2025-03-24 07:30:00,377.76580237110505,0.0,169.0,0.0
2025-03-24 08:00:00,542.884569100087,0.0,194.0,0.0
2025-03-24 08:30:00,846.1058260226189,0.0,274.0,0.0
2025-03-24 09:00:00,877.1314895194471,0.0,281.0,0.0
2025-03-24 09:30:00,895.9165294426106,0.0,283.0,0.0
2025-03-24 10:00:00,950.3172615655276,0.0,296.0,0.0
2025-03-24 10:30:00,973.5856326615483,0.0,298.0,0.0
2025-03-24 11:00:00,986.1499133001436,0.0,304.0,0.0
2025-03-24 11:30:00,944.3734431783598,0.0,300.0,0.0
2025-03-24 12:00:00,940.9291474324543,0.0,293.0,0.0
2025-03-24 12:30:00,980.7910836495187,0.0,312.0,0.0
2025-03-24 13:00:00,939.4173675044821,0.0,316.0,0.0
2025-03-24 13:30:00,930.6143275218689,0.0,315.0,0.0
2025-03-24 14:00:00,867.6551176308159,0.0,308.0,0.0
2025-03-24 14:30:00,947.3457198832334,0.0,305.0,0.0
2025-03-24 15:00:00,923.7938912276635,0.0,303.0,0.0
2025-03-24 15:30:00,902.785411325525,0.0,305.0,0.0
2025-03-24 16:00:00,964.308371597974,0.0,298.0,0.0
2025-03-24 16:30:00,821.6047818303642,0.0,281.0,0.0
2025-03-24 17:00:00,984.2517294230605,0.0,297.0,0.0
2025-03-24 17:30:00,902.3040162338351,0.0,301.0,0.0
2025-03-24 18:00:00,926.0216847807159,0.0,309.0,0.0
2025-03-24 18:30:00,854.1683229740306,0.0,296.0,0.0
2025-03-24 19:00:00,777.97609388416,0.0,287.0,0.0
2025-03-24 19:30:00,817.2252620929809,0.0,264.0,0.0
2025-03-24 20:00:00,799.0436337438988,0.0,233.0,0.0
2025-03-24 20:30:00,727.2758919644881,0.0,206.00000000000003,0.0
2025-03-24 21:00:00,678.1678580364637,0.0,198.0,0.0
2025-03-24 21:30:00,599.773065608394,0.0,191.0,0.0
2025-03-24 22:00:00,615.9916776085887,0.0,189.0,0.0
2025-03-24 22:30:00,733.648640862981,0.0,201.0,0.0
2025-03-24 23:00:00,630.979889149557,0.0,202.0,0.0
2025-03-24 23:30:00,717.2704806145575,0.0,194.0,0.0
2025-03-25 00:00:00,668.898262821236,0.0,250.0,0.0
2025-03-25 00:30:00,748.1992776103903,0.0,250.0,0.0
2025-03-25 01:00:00,681.8853199347068,0.0,241.0,0.0
2025-03-25 01:30:00,707.2415731894599,0.0,238.0,0.0
2025-03-25 02:00:00,666.0305710289206,0.0,238.99999999999997,0.0
2025-03-25 02:30:00,623.4249017331878,0.0,227.99999999999997,0.0
2025-03-25 03:00:00,639.649675235532,0.0,238.00000000000003,0.0
2025-03-25 03:30:00,676.4715767777117,0.0,241.0,0.0
2025-03-25 04:00:00,688.0085434114412,0.0,241.0,0.0
2025-03-25 04:30:00,642.6159748432567,0.0,238.0,0.0
2025-03-25 05:00:00,671.0033672047899,0.0,238.0,0.0
2025-03-25 05:30:00,633.4000036954385,0.0,240.0,0.0
2025-03-25 06:00:00,677.8037600148657,0.0,238.0,0.0
2025-03-25 06:30:00,624.0841463335039,0.0,233.0,0.0
2025-03-25 07:00:00,713.0440449449407,0.0,247.0,0.0
2025-03-25 07:30:00,701.5022582240916,0.0,256.0,0.0
2025-03-25 08:00:00,802.4302809032192,0.0,276.0,0.0
2025-03-25 08:30:00,819.1572922106346,0.0,315.0,0.0
2025-03-25 09:00:00,824.2360382947152,0.0,327.0,0.0
2025-03-25 09:30:00,897.4400658372002,0.0,329.0,0.0
2025-03-25 10:00:00,844.6081243712612,0.0,360.0,0.0
2025-03-25 10:30:00,884.003599007862,0.0,378.0,0.0
2025-03-25 11:00:00,970.6770158456069,0.0,372.0,0.0
2025-03-25 11:30:00,960.7892110659185,0.0,392.0,0.0
2025-03-25 12:00:00,904.7667867297577,0.0,328.0,0.0
2025-03-25 12:30:00,917.1448550248034,0.0,318.0,0.0
2025-03-25 13:00:00,921.3013639847924,0.0,332.0,0.0
2025-03-25 13:30:00,1045.8643833898345,0.0,336.0,0.0
2025-03-25 14:00:00,932.5941686930006,0.0,328.0,0.0
2025-03-25 14:30:00,901.3097676810413,0.0,324.0,0.0
2025-03-25 15:00:00,1008.8788036061142,0.0,323.0,0.0
2025-03-25 15:30:00,961.8308246153224,0.0,323.0,0.0
2025-03-25 16:00:00,1048.7370847560878,0.0,312.0,0.0
2025-03-25 16:30:00,882.5523604498497,0.0,294.0,0.0
2025-03-25 17:00:00,971.5792076580146,0.0,310.0,0.0
2025-03-25 17:30:00,986.9314447360106,0.0,313.0,0.0
2025-03-25 18:00:00,884.7793624938885,0.0,306.0,0.0
2025-03-25 18:30:00,691.2424875755212,0.0,213.0,0.0
2025-03-25 19:00:00,721.0217540314856,0.0,212.0,0.0
2025-03-25 19:30:00,702.5193970912122,0.0,207.99999999999997,0.0
2025-03-25 20:00:00,587.8150980054198,0.0,185.0,0.0
2025-03-25 20:30:00,454.8424442937836,0.0,120.00000000000001,0.0
2025-03-25 21:00:00,405.61760849007516,0.0,117.99999999999999,0.0
2025-03-25 21:30:00,482.6014024558583,0.0,125.0,0.0
2025-03-25 22:00:00,606.8599920334449,0.0,202.0,0.0
2025-03-25 22:30:00,753.9771489499924,0.0,252.99999999999997,0.0
2025-03-25 23:00:00,708.1108623552343,0.0,264.0,0.0
2025-03-25 23:30:00,722.2982147813975,0.0,263.0,0.0
2025-03-26 00:00:00,70.62185234671207,0.0,22.0,0.0
2025-03-26 00:30:00,99.15572927158415,0.0,24.0,0.0
2025-03-26 01:00:00,96.9011470556051,0.0,23.0,0.0
2025-03-26 01:30:00,97.31537462976047,0.0,24.0,0.0
2025-03-26 02:00:00,96.52661399092814,0.0,25.0,0.0
2025-03-26 02:30:00,95.61072449433713,0.0,23.0,0.0
2025-03-26 03:00:00,75.0982142602237,0.0,25.0,0.0
2025-03-26 03:30:00,79.27742349515842,0.0,25.0,0.0
2025-03-26 04:00:00,81.97942234479194,0.0,21.0,0.0
2025-03-26 04:30:00,76.5145345885487,0.0,24.0,0.0
2025-03-26 05:00:00,82.78978515289855,0.0,23.0,0.0
2025-03-26 05:30:00,73.56574735120923,0.0,21.0,0.0
2025-03-26 06:00:00,103.42810790210879,0.0,22.0,0.0
2025-03-26 06:30:00,142.41164643375257,0.0,20.0,0.0
2025-03-26 07:00:00,122.2096248132676,0.0,24.0,0.0
2025-03-26 07:30:00,339.76532641303237,0.0,111.99999999999999,0.0
2025-03-26 08:00:00,639.543452255716,0.0,264.0,0.0
2025-03-26 08:30:00,745.052827809996,0.0,324.0,0.0
2025-03-26 09:00:00,787.2693753858815,0.0,325.0,0.0
2025-03-26 09:30:00,963.340905176028,0.0,310.0,0.0
2025-03-26 10:00:00,920.9053784033102,0.0,307.0,0.0
2025-03-26 10:30:00,920.574821768165,0.0,314.0,0.0
2025-03-26 11:00:00,871.8646311832293,0.0,290.0,0.0
2025-03-26 11:30:00,781.9364609173418,0.0,294.0,0.0
2025-03-26 12:00:00,844.7140417869246,0.0,275.0,0.0
2025-03-26 12:30:00,835.5968523412959,0.0,287.0,0.0
2025-03-26 13:00:00,886.6020071549585,0.0,294.0,0.0
2025-03-26 13:30:00,890.9451261115037,0.0,292.0,0.0
2025-03-26 14:00:00,886.9680898322869,0.0,288.0,0.0
2025-03-26 14:30:00,890.7104701103561,0.0,290.0,0.0
2025-03-26 15:00:00,797.5661197230385,0.0,288.0,0.0
2025-03-26 15:30:00,906.6574914199623,0.0,291.0,0.0
2025-03-26 16:00:00,894.5525831117305,0.0,285.0,0.0
2025-03-26 16:30:00,877.49019217861,0.0,265.0,0.0
2025-03-26 17:00:00,939.747439405628,0.0,276.0,0.0
2025-03-26 17:30:00,784.4371602588037,0.0,287.0,0.0
2025-03-26 18:00:00,841.3245384193915,0.0,286.0,0.0
2025-03-26 18:30:00,825.1553591310693,0.0,289.0,0.0
2025-03-26 19:00:00,855.0016309261073,0.0,283.0,0.0
2025-03-26 19:30:00,827.6442271456779,0.0,258.0,0.0
2025-03-26 20:00:00,779.7456962990614,0.0,240.0,0.0
2025-03-26 20:30:00,751.5476074808394,0.0,215.0,0.0
2025-03-26 21:00:00,684.2138491913054,0.0,222.0,0.0
2025-03-26 21:30:00,661.0107794786231,0.0,210.99999999999997,0.0
2025-03-26 22:00:00,681.1449217813002,0.0,210.0,0.0
2025-03-26 22:30:00,682.7241122421042,0.0,196.0,0.0
2025-03-26 23:00:00,652.5411326193645,0.0,195.0,0.0
2025-03-26 23:30:00,661.7090780024835,0.0,186.0,0.0
2025-03-27 00:00:00,675.6336129449663,0.0,223.0,0.0
2025-03-27 00:30:00,659.27932998258,0.0,237.0,0.0
2025-03-27 01:00:00,746.7274655347356,0.0,263.0,0.0
2025-03-27 01:30:00,682.4753105579575,0.0,262.0,0.0
2025-03-27 02:00:00,640.0425118484508,0.0,238.99999999999997,0.0
2025-03-27 02:30:00,655.0554828146327,0.0,225.0,0.0
2025-03-27 03:00:00,629.5097994506889,0.0,239.0,0.0
2025-03-27 03:30:00,603.1946946954976,0.0,237.0,0.0
2025-03-27 04:00:00,713.1051957347071,0.0,240.0,0.0
2025-03-27 04:30:00,610.9817003754753,0.0,244.0,0.0
2025-03-27 05:00:00,626.2674469381218,0.0,240.0,0.0
2025-03-27 05:30:00,643.382626181686,0.0,243.0,0.0
2025-03-27 06:00:00,628.3569456324917,0.0,230.0,0.0
2025-03-27 06:30:00,607.035778549984,0.0,233.0,0.0
2025-03-27 07:00:00,619.4342984371624,0.0,238.0,0.0
2025-03-27 07:30:00,660.6177547671246,0.0,256.0,0.0
2025-03-27 08:00:00,663.2650550846953,0.0,274.0,0.0
2025-03-27 08:30:00,903.4631413178743,0.0,300.0,0.0
2025-03-27 09:00:00,834.2911130772263,0.0,319.0,0.0
2025-03-27 09:30:00,856.0187505272243,0.0,313.0,0.0
2025-03-27 10:00:00,864.9016326663053,0.0,330.0,0.0
2025-03-27 10:30:00,874.1344356348704,0.0,333.0,0.0
2025-03-27 11:00:00,867.6414894831062,0.0,337.0,0.0
2025-03-27 11:30:00,833.3104400625715,0.0,345.0,0.0
2025-03-27 12:00:00,829.6431451624297,0.0,319.0,0.0
2025-03-27 12:30:00,847.5928488741415,0.0,361.0,0.0
2025-03-27 13:00:00,946.409488609578,0.0,393.0,0.0
2025-03-27 13:30:00,852.1655506710697,0.0,318.0,0.0
2025-03-27 14:00:00,905.250612922112,0.0,309.0,0.0
2025-03-27 14:30:00,883.389823734024,0.0,299.0,0.0
2025-03-27 15:00:00,977.2969290330733,0.0,290.0,0.0
2025-03-27 15:30:00,878.8211148602661,0.0,292.0,0.0
2025-03-27 16:00:00,907.5273847969105,0.0,280.0,0.0
2025-03-27 16:30:00,910.409075287184,0.0,271.0,0.0
2025-03-27 17:00:00,868.0809948827284,0.0,277.0,0.0
2025-03-27 17:30:00,841.1256427370233,0.0,292.0,0.0
2025-03-27 18:00:00,770.676099247757,0.0,266.0,0.0
2025-03-27 18:30:00,553.253092408554,0.0,130.0,0.0
2025-03-27 19:00:00,452.62224236691765,0.0,110.0,0.0
2025-03-27 19:30:00,487.2878678978877,0.0,101.0,0.0
2025-03-27 20:00:00,467.1859295992481,0.0,96.0,0.0
2025-03-27 20:30:00,453.3504435109518,0.0,81.0,0.0
2025-03-27 21:00:00,441.7460927761025,0.0,78.0,0.0
2025-03-27 21:30:00,418.2961966606557,0.0,77.0,0.0
2025-03-27 22:00:00,477.1432655062208,0.0,132.0,0.0
2025-03-27 22:30:00,620.8885109903914,0.0,175.0,0.0
2025-03-27 23:00:00,593.5653077707805,0.0,168.0,0.0
2025-03-27 23:30:00,531.2436768917175,0.0,183.0,0.0
2025-03-28 00:00:00,660.1315141678449,0.0,232.0,0.0
2025-03-28 00:30:00,658.4915044692381,0.0,228.0,0.0
2025-03-28 01:00:00,702.2202936856892,0.0,223.0,0.0
2025-03-28 01:30:00,700.5885776535965,0.0,219.0,0.0
2025-03-28 02:00:00,608.6481445347897,0.0,219.00000000000003,0.0
2025-03-28 02:30:00,638.4750999525984,0.0,203.0,0.0
2025-03-28 03:00:00,768.2061444354217,0.0,226.0,0.0
2025-03-28 03:30:00,670.3692655149196,0.0,214.0,0.0
2025-03-28 04:00:00,731.5395150676491,0.0,216.99999999999997,0.0
2025-03-28 04:30:00,685.9096897885854,0.0,203.00000000000003,0.0
2025-03-28 05:00:00,639.0486979653783,0.0,206.0,0.0
2025-03-28 05:30:00,619.1057313193515,0.0,196.0,0.0
2025-03-28 06:00:00,620.1635815092584,0.0,196.0,0.0
2025-03-28 06:30:00,595.434012125613,0.0,194.0,0.0
2025-03-28 07:00:00,622.3328909840252,0.0,202.0,0.0
2025-03-28 07:30:00,736.5530573585804,0.0,215.0,0.0
2025-03-28 08:00:00,697.5221407970988,0.0,234.00000000000003,0.0
2025-03-28 08:30:00,909.6820657495693,0.0,264.0,0.0
2025-03-28 09:00:00,893.6711707860469,0.0,293.0,0.0
2025-03-28 09:30:00,950.4999268481794,0.0,310.0,0.0
2025-03-28 10:00:00,968.9255135984472,0.0,307.0,0.0
2025-03-28 10:30:00,928.232858132885,0.0,311.0,0.0
2025-03-28 11:00:00,975.566553445516,0.0,304.0,0.0
2025-03-28 11:30:00,846.9417253535046,0.0,300.0,0.0
2025-03-28 12:00:00,911.5905098159044,0.0,279.0,0.0
2025-03-28 12:30:00,824.320947807704,0.0,305.0,0.0
2025-03-28 13:00:00,925.6505107597018,0.0,322.0,0.0
2025-03-28 13:30:00,973.0381234519756,0.0,390.0,0.0
2025-03-28 14:00:00,972.8361587679979,0.0,388.0,0.0
2025-03-28 14:30:00,897.6388938307848,0.0,393.0,0.0
2025-03-28 15:00:00,893.1510631966903,0.0,386.0,0.0
2025-03-28 15:30:00,925.9105860186709,0.0,388.0,0.0
2025-03-28 16:00:00,954.3437273247056,0.0,382.0,0.0
2025-03-28 16:30:00,825.4170531157723,0.0,377.0,0.0
2025-03-28 17:00:00,960.3546137922647,0.0,401.0,0.0
2025-03-28 17:30:00,942.4807900883836,0.0,404.0,0.0
2025-03-28 18:00:00,843.816999288855,0.0,366.0,0.0
2025-03-28 18:30:00,676.5145791070287,0.0,247.0,0.0
2025-03-28 19:00:00,661.3663392876628,0.0,247.0,0.0
2025-03-28 19:30:00,633.3302371650848,0.0,241.0,0.0
2025-03-28 20:00:00,556.3111762720886,0.0,229.0,0.0
2025-03-28 20:30:00,530.8778361348594,0.0,193.0,0.0
2025-03-28 21:00:00,510.0766417191412,0.0,195.0,0.0
2025-03-28 21:30:00,505.10875418391333,0.0,191.0,0.0
2025-03-28 22:00:00,665.4998601490374,0.0,264.0,0.0
2025-03-28 22:30:00,735.6961103876616,0.0,302.0,0.0
2025-03-28 23:00:00,676.4502565969207,0.0,310.0,0.0
2025-03-28 23:30:00,718.7448162332574,0.0,348.0,0.0
2025-03-29 00:00:00,620.3512430952042,0.0,124.99999999999999,0.0
2025-03-29 00:30:00,563.1385066725434,0.0,117.17021276595744,0.0
2025-03-29 01:00:00,597.8887566046434,0.0,117.0,0.0
2025-03-29 01:30:00,593.6110414095609,0.0,117.0,0.0
2025-03-29 02:00:00,558.3132887423035,0.0,126.14893617021276,0.0
2025-03-29 02:30:00,577.5681297649346,0.0,130.5744680851064,0.0
2025-03-29 03:00:00,538.9705212407332,0.0,126.63829787234043,0.0
2025-03-29 03:30:00,562.0615010460895,0.0,125.14893617021276,0.0
2025-03-29 04:00:00,549.5910789996971,0.0,123.34042553191489,0.0
2025-03-29 04:30:00,557.7294875801123,0.0,123.80851063829788,0.0
2025-03-29 05:00:00,541.9897772167476,0.0,121.63829787234044,0.0
2025-03-29 05:30:00,552.5142992185749,0.0,121.0,0.0
2025-03-29 06:00:00,567.3567012752079,0.0,120.25531914893617,0.0
2025-03-29 06:30:00,544.511888949831,0.0,117.1063829787234,0.0
2025-03-29 07:00:00,492.66703560817655,0.0,116.70212765957447,0.0
2025-03-29 07:30:00,407.4739470551461,0.0,90.44680851063833,0.0
2025-03-29 08:00:00,290.18278457039946,0.0,80.63829787234042,0.0
2025-03-29 08:30:00,328.43144933730053,0.0,101.78723404255312,0.0
2025-03-29 09:00:00,409.517556360999,0.0,132.12765957446803,0.0
2025-03-29 09:30:00,451.8218770980695,0.0,141.0212765957447,0.0
2025-03-29 10:00:00,434.49428037073915,0.0,141.87234042553192,0.0
2025-03-29 10:30:00,453.9351112673111,0.0,148.9787234042553,0.0
2025-03-29 11:00:00,433.30251100602936,0.0,150.87234042553192,0.0
2025-03-29 11:30:00,414.2631610188959,0.0,148.48936170212767,0.0
2025-03-29 12:00:00,460.2618803065386,0.0,154.36170212765958,0.0
2025-03-29 12:30:00,467.5164289116444,0.0,161.93617021276594,0.0
2025-03-29 13:00:00,472.1999157549041,0.0,162.1063829787234,0.0
2025-03-29 13:30:00,444.23818456776075,0.0,160.14893617021278,0.0
2025-03-29 14:00:00,492.1545304917453,0.0,159.0,0.0
2025-03-29 14:30:00,453.92077397915125,0.0,159.0,0.0
2025-03-29 15:00:00,498.65066549185417,0.0,163.70212765957444,0.0
2025-03-29 15:30:00,500.7762457702325,0.0,172.68085106382978,0.0
2025-03-29 16:00:00,493.97715497139257,0.0,176.87234042553192,0.0
2025-03-29 16:30:00,420.4487719369958,0.0,191.93617021276583,0.0
2025-03-29 17:00:00,451.64674464678296,0.0,208.02127659574475,0.0
2025-03-29 17:30:00,391.5755571876404,0.0,168.44680851063868,0.5106382978723332
2025-03-29 18:00:00,225.6247526872829,0.0,69.70212765957477,5.744680851063777
2025-03-29 18:30:00,94.04575190048274,0.0,0.0,18.42553191489361
2025-03-29 19:00:00,78.35372032160468,0.0,0.0,19.425531914893625
2025-03-29 19:30:00,88.00066042354801,0.0,0.6808510638297776,14.106382978723445
2025-03-29 20:00:00,105.66309055229637,0.0,4.148936170212764,0.0
2025-03-29 20:30:00,110.36176906988386,0.0,5.255319148936167,0.0
2025-03-29 21:00:00,120.61783877720703,0.0,6.7872340425531945,0.10638297872340274
2025-03-29 21:30:00,117.34271332160603,0.0,5.085106382978722,0.9148936170212778
2025-03-29 22:00:00,106.2848413060075,0.0,5.872340425531917,0.06382978723404165
2025-03-29 22:30:00,105.14861117648256,0.0,5.234042553191472,0.9574468085106389
2025-03-29 23:00:00,100.92241895813099,0.0,33.34042553191489,0.0
2025-03-29 23:30:00,114.11646453019739,0.0,49.0,0.0
2025-03-30 00:00:00,85.48152198274616,0.0,24.0,0.0
2025-03-30 00:30:00,79.26911052627979,0.0,24.0,0.0
2025-03-30 01:00:00,79.67354011205897,0.0,23.0,0.0
2025-03-30 01:30:00,80.61590946602962,0.0,24.0,0.0
2025-03-30 02:00:00,75.02399447901583,0.0,21.0,0.0
2025-03-30 02:30:00,80.35809684815106,0.0,25.0,0.0
2025-03-30 03:00:00,79.48752130909642,0.0,22.0,0.0
2025-03-30 03:30:00,73.5634566195095,0.0,26.0,0.0
2025-03-30 04:00:00,78.559250260857,0.0,24.0,0.0
2025-03-30 04:30:00,78.10823069693237,0.0,24.0,0.0
2025-03-30 05:00:00,84.46974923618062,0.0,26.0,0.0
2025-03-30 05:30:00,71.06063876622362,0.0,22.999999999999996,0.0
2025-03-30 06:00:00,78.8074903188502,0.0,26.0,0.0
2025-03-30 06:30:00,77.39960194587573,0.0,25.0,0.0
2025-03-30 07:00:00,83.11716140743111,0.0,26.0,0.0
2025-03-30 07:30:00,76.05404402415039,0.0,25.0,0.0
2025-03-30 08:00:00,76.3299234490746,0.0,25.000000000000004,0.0
2025-03-30 08:30:00,73.42317525260435,0.0,25.0,0.0
2025-03-30 09:00:00,67.59452555854907,0.0,23.0,0.0
2025-03-30 09:30:00,70.87928475534947,0.0,24.999999999999996,0.0
2025-03-30 10:00:00,68.80005102958816,0.0,23.0,0.0
2025-03-30 10:30:00,74.12386400755771,0.0,24.0,0.0
2025-03-30 11:00:00,65.37464360805488,0.0,23.0,0.0
2025-03-30 11:30:00,69.13057600446035,0.0,23.0,0.0
2025-03-30 12:00:00,72.68929412558492,0.0,23.0,0.0
2025-03-30 12:30:00,77.61197845475792,0.0,25.0,0.0
2025-03-30 13:00:00,65.07850182821701,0.0,26.0,0.0
2025-03-30 13:30:00,78.15575400126895,0.0,24.0,0.0
2025-03-30 14:00:00,73.64037894378895,0.0,26.0,0.0
2025-03-30 14:30:00,67.174591641137,0.0,26.000000000000004,0.0
2025-03-30 15:00:00,62.15418214613163,0.0,24.0,0.0
2025-03-30 15:30:00,67.53779985037202,0.0,25.0,0.0
2025-03-30 16:00:00,73.05794919460128,0.0,26.0,0.0
2025-03-30 16:30:00,72.88904382475181,0.0,26.0,0.0
2025-03-30 17:00:00,74.38268756712708,0.0,24.000000000000004,0.0
2025-03-30 17:30:00,71.12080013524833,0.0,26.0,0.0
2025-03-30 18:00:00,72.97019338935166,0.0,26.0,0.0
2025-03-30 18:30:00,81.7068101338726,0.0,30.0,0.0
2025-03-30 19:00:00,82.5384743820757,0.0,27.0,0.0
2025-03-30 19:30:00,82.30889911627555,0.0,27.999999999999996,0.0
2025-03-30 20:00:00,73.21249333107286,0.0,24.0,0.0
2025-03-30 20:30:00,81.8082623851126,0.0,26.0,0.0
2025-03-30 21:00:00,75.84785303547213,0.0,26.0,0.0
2025-03-30 21:30:00,73.89071668802006,0.0,25.0,0.0
2025-03-30 22:00:00,76.15707963194112,0.0,27.0,0.0
2025-03-30 22:30:00,80.31621590960263,0.0,23.0,0.0
2025-03-30 23:00:00,77.76023468319026,0.0,25.0,0.0
2025-03-30 23:30:00,74.567441594393,0.0,25.0,0.0
2025-03-31 00:00:00,80.65115760005395,0.0,32.0,0.0
2025-03-31 00:30:00,108.42876841362025,0.0,32.0,0.0
2025-03-31 01:00:00,102.1280286686898,0.0,31.000000000000004,0.0
2025-03-31 01:30:00,101.12002788925629,0.0,31.0,0.0
2025-03-31 02:00:00,101.89793138091461,0.0,32.0,0.0
2025-03-31 02:30:00,94.86712261485714,0.0,31.000000000000004,0.0
2025-03-31 03:00:00,92.22613740089548,0.0,29.999999999999996,0.0
2025-03-31 03:30:00,94.65375362741779,0.0,33.0,0.0
2025-03-31 04:00:00,100.03055390170093,0.0,31.0,0.0
2025-03-31 04:30:00,94.66685003359086,0.0,33.0,0.0
2025-03-31 05:00:00,98.81736508815371,0.0,29.999999999999996,0.0
2025-03-31 05:30:00,98.13486884028568,0.0,33.0,0.0
2025-03-31 06:00:00,94.72740326734967,0.0,30.999999999999996,0.0
2025-03-31 06:30:00,85.35701089946227,0.0,32.0,0.0
2025-03-31 07:00:00,103.31312527027067,0.0,31.0,0.0
2025-03-31 07:30:00,315.0088600891814,0.0,111.0,0.0
2025-03-31 08:00:00,641.1828329401858,0.0,263.0,0.0
2025-03-31 08:30:00,754.5342104978514,0.0,350.0,0.0
2025-03-31 09:00:00,799.3991665851529,0.0,385.0,0.0
2025-03-31 09:30:00,924.6675442965411,0.0,332.0,0.0
2025-03-31 10:00:00,797.3215974830216,0.0,309.0,0.0
2025-03-31 10:30:00,876.6647159884878,0.0,297.0,0.0
2025-03-31 11:00:00,835.0955091225086,0.0,299.0,0.0
2025-03-31 11:30:00,785.5154134386775,0.0,289.0,0.0
2025-03-31 12:00:00,753.2977320309769,0.0,263.0,0.0
2025-03-31 12:30:00,755.9500022414804,0.0,294.0,0.0
2025-03-31 13:00:00,813.1404030655985,0.0,290.0,0.0
2025-03-31 13:30:00,778.4168601936522,0.0,271.0,0.0
2025-03-31 14:00:00,795.5920999391499,0.0,257.0,0.0
2025-03-31 14:30:00,843.8022422672911,0.0,258.0,0.0
2025-03-31 15:00:00,808.3953853781074,0.0,253.0,0.0
2025-03-31 15:30:00,735.2781970862005,0.0,250.99999999999997,0.0
2025-03-31 16:00:00,826.8657616727695,0.0,253.00000000000003,0.0
2025-03-31 16:30:00,758.8405249868575,0.0,233.0,0.0
2025-03-31 17:00:00,759.5747136771047,0.0,249.0,0.0
2025-03-31 17:30:00,824.8463564908112,0.0,257.0,0.0
2025-03-31 18:00:00,779.3196909444072,0.0,258.0,0.0
2025-03-31 18:30:00,700.3172143982858,0.0,247.00000000000003,0.0
2025-03-31 19:00:00,787.6135400977582,0.0,235.99999999999997,0.0
2025-03-31 19:30:00,702.8819228400309,0.0,221.99999999999997,0.0
2025-03-31 20:00:00,627.7949011251295,0.0,200.0,0.0
2025-03-31 20:30:00,481.3583889038522,0.0,127.0,0.0
2025-03-31 21:00:00,487.57340130518344,0.0,115.0,0.0
2025-03-31 21:30:00,421.2468778688877,0.0,113.00000000000001,0.0
2025-03-31 22:00:00,385.87601613210813,0.0,110.0,0.0
2025-03-31 22:30:00,390.05885536164396,0.0,111.0,0.0
2025-03-31 23:00:00,423.9549522824408,0.0,108.0,0.0
2025-03-31 23:30:00,406.61197159340077,0.0,92.0,0.0
2025-04-01 00:00:00,650.451295565822,0.0,163.0,0.0
2025-04-01 00:30:00,632.8558973290651,0.0,156.0,0.0
2025-04-01 01:00:00,658.9528538366604,0.0,164.0,0.0
2025-04-01 01:30:00,618.5768310001044,0.0,158.0,0.0
2025-04-01 02:00:00,685.9519342905551,0.0,162.0,0.0
2025-04-01 02:30:00,646.289541244498,0.0,166.0,0.0
2025-04-01 03:00:00,667.915900535934,0.0,165.0,0.0
2025-04-01 03:30:00,656.2995699003175,0.0,157.0,0.0
2025-04-01 04:00:00,685.2805488904839,0.0,159.0,0.0
2025-04-01 04:30:00,623.1136348115033,0.0,164.0,0.0
2025-04-01 05:00:00,608.4087160813588,0.0,160.0,0.0
2025-04-01 05:30:00,576.9803361870082,0.0,159.00000000000003,0.0
2025-04-01 06:00:00,669.8475665670696,0.0,160.0,0.0
2025-04-01 06:30:00,636.8416991363088,0.0,152.0,0.0
2025-04-01 07:00:00,649.6403533759677,0.0,162.0,0.0
2025-04-01 07:30:00,770.6531276451362,0.0,176.0,0.0
2025-04-01 08:00:00,722.402902713614,0.0,207.99999999999997,0.0
2025-04-01 08:30:00,769.5964509660827,0.0,245.0,0.0
2025-04-01 09:00:00,875.4400824674356,0.0,271.0,0.0
2025-04-01 09:30:00,830.0226804579554,0.0,279.0,0.0
2025-04-01 10:00:00,858.3669023431934,0.0,291.0,0.0
2025-04-01 10:30:00,887.9096715731957,0.0,320.0,0.0
2025-04-01 11:00:00,886.6876609380125,0.0,320.0,0.0
2025-04-01 11:30:00,834.2321788723908,0.0,314.0,0.0
2025-04-01 12:00:00,957.8973537237872,0.0,304.0,0.0
2025-04-01 12:30:00,897.3105778043993,0.0,314.0,0.0
2025-04-01 13:00:00,858.5605679334025,0.0,318.0,0.0
2025-04-01 13:30:00,902.3345164490495,0.0,315.0,0.0
2025-04-01 14:00:00,908.1477219805062,0.0,319.0,0.0
2025-04-01 14:30:00,898.4158563678002,0.0,320.0,0.0
2025-04-01 15:00:00,902.4347534196348,0.0,316.0,0.0
2025-04-01 15:30:00,904.8190273845141,0.0,328.0,0.0
2025-04-01 16:00:00,932.1753121566784,0.0,327.0,0.0
2025-04-01 16:30:00,886.8842541780118,0.0,304.0,0.0
2025-04-01 17:00:00,911.4052936203203,0.0,326.0,0.0
2025-04-01 17:30:00,876.4343199931872,0.0,323.0,0.0
2025-04-01 18:00:00,939.3174300829305,0.0,324.0,0.0
2025-04-01 18:30:00,848.6256200660489,0.0,324.0,0.0
2025-04-01 19:00:00,854.2940832899037,0.0,313.0,0.0
2025-04-01 19:30:00,879.8904872738807,0.0,315.0,0.0
2025-04-01 20:00:00,767.570652418144,0.0,273.0,0.0
2025-04-01 20:30:00,705.3125273398026,0.0,250.0,0.0
2025-04-01 21:00:00,712.713133312894,0.0,253.0,0.0
2025-04-01 21:30:00,677.9930032678818,0.0,237.0,0.0
2025-04-01 22:00:00,623.9802612744481,0.0,228.0,0.0
2025-04-01 22:30:00,648.0781722110169,0.0,232.00000000000003,0.0
2025-04-01 23:00:00,676.689185456948,0.0,229.00000000000003,0.0
2025-04-01 23:30:00,700.0216979312115,0.0,229.0,0.0
2025-04-02 00:00:00,694.2750447619986,0.0,196.0,0.0
2025-04-02 00:30:00,648.7180381043308,0.0,200.0,0.0
2025-04-02 01:00:00,669.1099914441692,0.0,209.0,0.0
2025-04-02 01:30:00,714.2540025408032,0.0,208.0,0.0
2025-04-02 02:00:00,687.9363294441965,0.0,203.0,0.0
2025-04-02 02:30:00,594.7877142776744,0.0,183.00000000000003,0.0
2025-04-02 03:00:00,661.1250857916923,0.0,197.0,0.0
2025-04-02 03:30:00,591.3157478440204,0.0,204.0,0.0
2025-04-02 04:00:00,646.596401651265,0.0,201.0,0.0
2025-04-02 04:30:00,696.587352263271,0.0,193.0,0.0
2025-04-02 05:00:00,663.6213887929345,0.0,197.0,0.0
2025-04-02 05:30:00,640.0513915854249,0.0,185.0,0.0
2025-04-02 06:00:00,562.6248302559018,0.0,196.0,0.0
2025-04-02 06:30:00,632.0557046193812,0.0,185.0,0.0
2025-04-02 07:00:00,663.0785201773267,0.0,180.00000000000003,0.0
2025-04-02 07:30:00,688.7081675318427,0.0,200.0,0.0
2025-04-02 08:00:00,776.9697144406083,0.0,272.0,0.0
2025-04-02 08:30:00,770.9094092796661,0.0,312.0,0.0
2025-04-02 09:00:00,823.6707282412507,0.0,335.0,0.0
2025-04-02 09:30:00,786.9912594696539,0.0,339.0,0.0
2025-04-02 10:00:00,830.3708327355323,0.0,346.0,0.0
2025-04-02 10:30:00,780.1274762147237,0.0,289.0,0.0
2025-04-02 11:00:00,801.4619145352914,0.0,301.0,0.0
2025-04-02 11:30:00,819.2481685320856,0.0,306.0,0.0
2025-04-02 12:00:00,893.2019125088295,0.0,289.0,0.0
2025-04-02 12:30:00,845.2091581271713,0.0,296.0,0.0
2025-04-02 13:00:00,881.0811560937432,0.0,306.0,0.0
2025-04-02 13:30:00,849.1244008540447,0.0,263.0,0.0
2025-04-02 14:00:00,808.7726764710441,0.0,257.0,0.0
2025-04-02 14:30:00,940.8689238343411,0.0,257.0,0.0
2025-04-02 15:00:00,777.7824256534503,0.0,245.0,0.0
2025-04-02 15:30:00,878.9719840273251,0.0,257.0,0.0
2025-04-02 16:00:00,878.544351035757,0.0,246.0,0.0
2025-04-02 16:30:00,870.9225791496552,0.0,238.0,0.0
2025-04-02 17:00:00,837.8203662911301,0.0,245.0,0.0
2025-04-02 17:30:00,812.387982862951,0.0,253.00000000000003,0.0
2025-04-02 18:00:00,788.2111148831686,0.0,223.0,0.0
2025-04-02 18:30:00,498.27027138543406,0.0,100.0,0.0
2025-04-02 19:00:00,427.99093879784795,0.0,109.00000000000001,0.0
2025-04-02 19:30:00,470.096288445979,0.0,118.0,0.0
2025-04-02 20:00:00,418.18520215862276,0.0,114.00000000000001,0.0
2025-04-02 20:30:00,439.1101817060974,0.0,106.0,0.0
2025-04-02 21:00:00,434.96565432056957,0.0,110.00000000000001,0.0
2025-04-02 21:30:00,529.3038918438533,0.0,160.0,0.0
2025-04-02 22:00:00,529.849372980776,0.0,165.0,0.0
2025-04-02 22:30:00,697.4904661220602,0.0,215.0,0.0
2025-04-02 23:00:00,679.745863115789,0.0,230.0,0.0
2025-04-02 23:30:00,695.1780337544149,0.0,222.0,0.0
2025-04-03 00:00:00,737.9214306479082,0.0,230.99999999999997,0.0
2025-04-03 00:30:00,712.6700943769447,0.0,227.00000000000003,0.0
2025-04-03 01:00:00,719.257133130496,0.0,224.99999999999997,0.0
2025-04-03 01:30:00,645.8076567571931,0.0,221.0,0.0
2025-04-03 02:00:00,722.9786299420311,0.0,227.0,0.0
2025-04-03 02:30:00,656.7523708437498,0.0,207.0,0.0
2025-04-03 03:00:00,685.144861462244,0.0,208.00000000000003,0.0
2025-04-03 03:30:00,720.4820896038574,0.0,209.00000000000003,0.0
2025-04-03 04:00:00,637.7046689682037,0.0,202.0,0.0
2025-04-03 04:30:00,724.125416499687,0.0,213.0,0.0
2025-04-03 05:00:00,732.918554544324,0.0,217.99999999999997,0.0
2025-04-03 05:30:00,699.4725994613661,0.0,216.0,0.0
2025-04-03 06:00:00,656.0259366846047,0.0,220.0,0.0
2025-04-03 06:30:00,589.1883509008892,0.0,210.0,0.0
2025-04-03 07:00:00,708.248853119134,0.0,206.0,0.0
2025-04-03 07:30:00,702.1387309537213,0.0,226.0,0.0
2025-04-03 08:00:00,702.5596072834019,0.0,246.0,0.0
2025-04-03 08:30:00,913.745082944773,0.0,279.0,0.0
2025-04-03 09:00:00,830.9432672894877,0.0,288.0,0.0
2025-04-03 09:30:00,885.9048537887587,0.0,299.0,0.0
2025-04-03 10:00:00,947.1723780873185,0.0,312.0,0.0
2025-04-03 10:30:00,871.5600133280525,0.0,309.0,0.0
2025-04-03 11:00:00,906.410954949206,0.0,299.0,0.0
2025-04-03 11:30:00,954.3889032579992,0.0,295.0,0.0
2025-04-03 12:00:00,870.0883175128896,0.0,278.0,0.0
2025-04-03 12:30:00,959.3212991075892,0.0,310.0,0.0
2025-04-03 13:00:00,924.2252651214974,0.0,293.0,0.0
2025-04-03 13:30:00,876.0388229726507,0.0,283.0,0.0
2025-04-03 14:00:00,784.5136317690866,0.0,275.0,0.0
2025-04-03 14:30:00,856.0502217345326,0.0,274.0,0.0
2025-04-03 15:00:00,913.4828842743557,0.0,265.0,0.0
2025-04-03 15:30:00,836.8805955758594,0.0,278.0,0.0
2025-04-03 16:00:00,905.8082564899854,0.0,282.0,0.0
2025-04-03 16:30:00,879.8426713481875,0.0,259.0,0.0
2025-04-03 17:00:00,969.3511169136322,0.0,280.0,0.0
2025-04-03 17:30:00,872.9586148413387,0.0,301.0,0.0
2025-04-03 18:00:00,799.7626965799578,0.0,301.0,0.0
2025-04-03 18:30:00,564.4659159225936,0.0,175.0,0.0
2025-04-03 19:00:00,552.3746552830708,0.0,168.0,0.0
2025-04-03 19:30:00,531.3700411964696,0.0,164.0,0.0
2025-04-03 20:00:00,545.9127746283535,0.0,153.0,0.0
2025-04-03 20:30:00,484.86962035644854,0.0,146.0,0.0
2025-04-03 21:00:00,493.2960456841207,0.0,133.0,0.0
2025-04-03 21:30:00,523.8063496365286,0.0,145.0,0.0
2025-04-03 22:00:00,612.2477276005658,0.0,235.99999999999997,0.0
2025-04-03 22:30:00,735.2249665618357,0.0,258.0,0.0
2025-04-03 23:00:00,727.7803825096736,0.0,265.0,0.0
2025-04-03 23:30:00,725.7905759604288,0.0,248.99999999999997,0.0
2025-04-04 00:00:00,673.5231729848269,0.0,232.0,0.0
2025-04-04 00:30:00,686.738572753684,0.0,228.0,0.0
2025-04-04 01:00:00,702.5249974011671,0.0,223.0,0.0
2025-04-04 01:30:00,669.872595203148,0.0,219.0,0.0
2025-04-04 02:00:00,655.1196802860044,0.0,219.0,0.0
2025-04-04 02:30:00,599.5777873707058,0.0,203.0,0.0
2025-04-04 03:00:00,675.7219792542157,0.0,226.0,0.0
2025-04-04 03:30:00,682.0383246215998,0.0,214.00000000000003,0.0
2025-04-04 04:00:00,691.6407315054678,0.0,217.0,0.0
2025-04-04 04:30:00,650.3952165057784,0.0,203.0,0.0
2025-04-04 05:00:00,691.5181843248104,0.0,206.0,0.0
2025-04-04 05:30:00,626.6064776499093,0.0,196.0,0.0
2025-04-04 06:00:00,670.996598682299,0.0,196.0,0.0
2025-04-04 06:30:00,632.1993909649385,0.0,194.0,0.0
2025-04-04 07:00:00,689.9639307587297,0.0,201.99999999999997,0.0
2025-04-04 07:30:00,705.3447004761134,0.0,215.0,0.0
2025-04-04 08:00:00,695.1905845530573,0.0,234.0,0.0
2025-04-04 08:30:00,875.9114935584431,0.0,264.0,0.0
2025-04-04 09:00:00,873.8100747545116,0.0,293.0,0.0
2025-04-04 09:30:00,964.9550581380972,0.0,310.0,0.0
2025-04-04 10:00:00,924.9557783672808,0.0,307.0,0.0
2025-04-04 10:30:00,994.0792920506378,0.0,311.0,0.0
2025-04-04 11:00:00,902.1438118976655,0.0,304.0,0.0
2025-04-04 11:30:00,962.5070107776882,0.0,300.0,0.0
2025-04-04 12:00:00,935.3248744612357,0.0,279.0,0.0
2025-04-04 12:30:00,1002.1533246259036,0.0,305.0,0.0
2025-04-04 13:00:00,917.9820041743702,0.0,322.0,0.0
2025-04-04 13:30:00,952.1443249930344,0.0,390.0,0.0
2025-04-04 14:00:00,970.6556279273176,0.0,388.0,0.0
2025-04-04 14:30:00,1054.3008888580277,0.0,393.0,0.0
2025-04-04 15:00:00,895.4239882375791,0.0,386.0,0.0
2025-04-04 15:30:00,933.0175853532899,0.0,388.0,0.0
2025-04-04 16:00:00,1099.0610698374155,0.0,382.0,0.0
2025-04-04 16:30:00,923.8108541923417,0.0,377.0,0.0
2025-04-04 17:00:00,887.024395706413,0.0,401.0,0.0
2025-04-04 17:30:00,918.4939218442735,0.0,404.0,0.0
2025-04-04 18:00:00,751.7509835305636,0.0,366.0,0.0
2025-04-04 18:30:00,680.0949359385268,0.0,247.0,0.0
2025-04-04 19:00:00,693.7461994457751,0.0,247.0,0.0
2025-04-04 19:30:00,633.3510423587207,0.0,241.00000000000003,0.0
2025-04-04 20:00:00,613.121622460914,0.0,229.0,0.0
2025-04-04 20:30:00,562.4278236963164,0.0,193.0,0.0
2025-04-04 21:00:00,498.21911780970225,0.0,195.0,0.0
2025-04-04 21:30:00,495.21184323655956,0.0,191.0,0.0
2025-04-04 22:00:00,654.9931143177153,0.0,264.0,0.0
2025-04-04 22:30:00,674.0051148290057,0.0,302.0,0.0
2025-04-04 23:00:00,680.7483680267749,0.0,310.0,0.0
2025-04-04 23:30:00,667.900460488956,0.0,348.0,0.0
2025-04-05 00:00:00,727.2412614157171,0.0,193.00000000000003,0.0
2025-04-05 00:30:00,696.1732295143119,0.0,167.0,0.0
2025-04-05 01:00:00,732.1016990608357,0.0,179.0,0.0
2025-04-05 01:30:00,713.0630187279933,0.0,183.0,0.0
2025-04-05 02:00:00,652.6787145951907,0.0,167.0,0.0
2025-04-05 02:30:00,634.1617352295119,0.0,207.0,0.0
2025-04-05 03:00:00,708.3102105595376,0.0,214.0,0.0
2025-04-05 03:30:00,661.5288061155522,0.0,213.0,0.0
2025-04-05 04:00:00,743.9898046518316,0.0,212.99999999999997,0.0
2025-04-05 04:30:00,643.2393903058877,0.0,212.0,0.0
2025-04-05 05:00:00,707.1427208464728,0.0,203.0,0.0
2025-04-05 05:30:00,644.8546587818647,0.0,205.0,0.0
2025-04-05 06:00:00,695.6085243921268,0.0,204.0,0.0
2025-04-05 06:30:00,703.949163414507,0.0,203.0,0.0
2025-04-05 07:00:00,646.5955385720628,0.0,209.0,0.0
2025-04-05 07:30:00,680.2929669907803,0.0,224.0,0.0
2025-04-05 08:00:00,696.0422448649282,0.0,240.0,0.0
2025-04-05 08:30:00,759.7649219765278,0.0,251.0,0.0
2025-04-05 09:00:00,909.2476060888453,0.0,269.0,0.0
2025-04-05 09:30:00,862.9319187663989,0.0,265.0,0.0
2025-04-05 10:00:00,880.0983579248151,0.0,271.0,0.0
2025-04-05 10:30:00,918.4013739527688,0.0,284.0,0.0
2025-04-05 11:00:00,787.7069071471827,0.0,272.0,0.0
2025-04-05 11:30:00,937.6288255592984,0.0,274.0,0.0
2025-04-05 12:00:00,819.1480098011756,0.0,256.0,0.0
2025-04-05 12:30:00,896.8552890564696,0.0,276.0,0.0
2025-04-05 13:00:00,889.886862576908,0.0,278.0,0.0
2025-04-05 13:30:00,934.5983605936048,0.0,301.0,0.0
2025-04-05 14:00:00,869.0198293016372,0.0,317.0,0.0
2025-04-05 14:30:00,796.794169356809,0.0,341.0,0.0
2025-04-05 15:00:00,895.0493197503652,0.0,364.0,0.0
2025-04-05 15:30:00,901.4565435454615,0.0,360.0,0.0
2025-04-05 16:00:00,831.4105895874451,0.0,357.0,0.0
2025-04-05 16:30:00,825.0397422990288,0.0,337.0,0.0
2025-04-05 17:00:00,827.9303653380265,0.0,353.0,0.0
2025-04-05 17:30:00,814.94850749534,0.0,366.0,0.0
2025-04-05 18:00:00,834.5595239237624,0.0,341.0,0.0
2025-04-05 18:30:00,498.9777660635764,0.0,206.0,0.0
2025-04-05 19:00:00,465.9852863255157,0.0,193.0,0.0
2025-04-05 19:30:00,483.1115815537086,0.0,198.0,0.0
2025-04-05 20:00:00,567.4650768207357,0.0,210.0,0.0
2025-04-05 20:30:00,623.4718813966036,0.0,242.0,0.0
2025-04-05 21:00:00,670.441143008025,0.0,267.0,0.0
2025-04-05 21:30:00,644.8722259898805,0.0,266.0,0.0
2025-04-05 22:00:00,667.1406155725656,0.0,265.0,0.0
2025-04-05 22:30:00,697.1619808721567,0.0,269.0,0.0
2025-04-05 23:00:00,663.4157680658415,0.0,263.0,0.0
2025-04-05 23:30:00,660.3247934058086,0.0,262.0,0.0
2025-04-06 00:00:00,89.15542901349642,0.0,24.999999999999996,0.0
2025-04-06 00:30:00,84.71271039728308,0.0,28.0,0.0
2025-04-06 01:00:00,87.63666046274943,0.0,24.0,0.0
2025-04-06 01:30:00,98.8976651985537,0.0,26.999999999999996,0.0
2025-04-06 02:00:00,86.04641253591174,0.0,25.0,0.0
2025-04-06 02:30:00,85.94697305958701,0.0,28.0,0.0
2025-04-06 03:00:00,94.39339975834746,0.0,28.0,0.0
2025-04-06 03:30:00,85.02099137481589,0.0,28.0,0.0
2025-04-06 04:00:00,87.25339206905356,0.0,28.0,0.0
2025-04-06 04:30:00,94.82389529963827,0.0,28.0,0.0
2025-04-06 05:00:00,89.44085026018676,0.0,28.0,0.0
2025-04-06 05:30:00,81.31335703099201,0.0,28.0,0.0
2025-04-06 06:00:00,90.59899419916275,0.0,29.0,0.0
2025-04-06 06:30:00,87.48077100136746,0.0,30.0,0.0
2025-04-06 07:00:00,96.12158725864121,0.0,30.0,0.0
2025-04-06 07:30:00,84.50854037568426,0.0,29.0,0.0
2025-04-06 08:00:00,91.73071718051072,0.0,31.0,0.0
2025-04-06 08:30:00,97.174052469432,0.0,33.0,0.0
2025-04-06 09:00:00,85.45266586374086,0.0,30.999999999999996,0.0
2025-04-06 09:30:00,89.42764321127676,0.0,31.0,0.0
2025-04-06 10:00:00,92.0546431127622,0.0,31.0,0.0
2025-04-06 10:30:00,87.43407327520882,0.0,33.0,0.0
2025-04-06 11:00:00,95.7771436231945,0.0,33.0,0.0
2025-04-06 11:30:00,94.47544332644011,0.0,34.0,0.0
2025-04-06 12:00:00,93.34205572422135,0.0,33.0,0.0
2025-04-06 12:30:00,94.73123390554582,0.0,33.0,0.0
2025-04-06 13:00:00,94.83672578110871,0.0,34.0,0.0
2025-04-06 13:30:00,96.33294037426079,0.0,34.0,0.0
2025-04-06 14:00:00,94.72623036830726,0.0,35.0,0.0
2025-04-06 14:30:00,94.93937405586233,0.0,35.0,0.0
2025-04-06 15:00:00,99.15854440073616,0.0,35.0,0.0
2025-04-06 15:30:00,100.57442148817161,0.0,36.0,0.0
2025-04-06 16:00:00,96.53427850736345,0.0,34.0,0.0
2025-04-06 16:30:00,100.2986421336945,0.0,35.0,0.0
2025-04-06 17:00:00,86.87997574570424,0.0,35.0,0.0
2025-04-06 17:30:00,91.0485469266552,0.0,36.0,0.0
2025-04-06 18:00:00,91.10673344294281,0.0,34.0,0.0
2025-04-06 18:30:00,88.4447478359186,0.0,35.0,0.0
2025-04-06 19:00:00,98.79136193263962,0.0,33.0,0.0
2025-04-06 19:30:00,92.48714173186929,0.0,31.0,0.0
2025-04-06 20:00:00,94.27595632151053,0.0,33.0,0.0
2025-04-06 20:30:00,90.16747412919958,0.0,30.999999999999996,0.0
2025-04-06 21:00:00,93.37627299455734,0.0,32.0,0.0
2025-04-06 21:30:00,89.74412657429369,0.0,32.0,0.0
2025-04-06 22:00:00,94.73869911005579,0.0,34.0,0.0
2025-04-06 22:30:00,91.07344223238377,0.0,33.0,0.0
2025-04-06 23:00:00,92.15383175022683,0.0,35.0,0.0
2025-04-06 23:30:00,82.4043942242207,0.0,33.0,0.0
2025-04-07 00:00:00,87.75484020119156,0.0,24.999999999999996,0.0
2025-04-07 00:30:00,93.93827855657136,0.0,25.0,0.0
2025-04-07 01:00:00,80.95720610307318,0.0,23.085106382978722,0.0
2025-04-07 01:30:00,90.44126593698633,0.0,20.19148936170213,0.0
2025-04-07 02:00:00,82.23592154539212,0.0,20.0,0.0
2025-04-07 02:30:00,95.94125094855708,0.0,19.106382978723403,0.0
2025-04-07 03:00:00,90.83633445236237,0.0,20.74468085106383,0.0
2025-04-07 03:30:00,90.72126138386766,0.0,21.851063829787233,0.0
2025-04-07 04:00:00,76.98656156956092,0.0,20.340425531914896,0.0
2025-04-07 04:30:00,79.75045000382698,0.0,20.0,0.0
2025-04-07 05:00:00,81.16056887211799,0.0,19.21276595744681,0.0
2025-04-07 05:30:00,95.27737173285874,0.0,19.0,0.0
2025-04-07 06:00:00,124.10817979354347,0.0,19.0,0.0
2025-04-07 06:30:00,125.09650194551187,0.0,19.72340425531915,0.0
2025-04-07 07:00:00,261.5441745595321,0.0,91.61702127659564,0.0
2025-04-07 07:30:00,409.645772824729,0.0,182.595744680851,0.0
2025-04-07 08:00:00,720.2311228365776,0.0,275.6382978723404,0.0
2025-04-07 08:30:00,823.2916986486972,0.0,318.57446808510633,0.0
2025-04-07 09:00:00,921.2193295364049,0.0,306.7234042553192,0.0
2025-04-07 09:30:00,802.7757517837156,0.0,293.6170212765958,0.0
2025-04-07 10:00:00,857.9905508875669,0.0,285.10638297872345,0.0
2025-04-07 10:30:00,924.5505534156846,0.0,303.23404255319144,0.0
2025-04-07 11:00:00,843.7433858231464,0.0,327.3191489361702,0.0
2025-04-07 11:30:00,916.8006139676436,0.0,332.0,0.0
2025-04-07 12:00:00,921.1340966204137,0.0,349.6170212765958,0.0
2025-04-07 12:30:00,847.6076112225365,0.0,372.6808510638298,0.0
2025-04-07 13:00:00,821.9225777318122,0.0,373.531914893617,0.0
2025-04-07 13:30:00,852.1895846516912,0.0,371.4042553191489,0.0
2025-04-07 14:00:00,855.438917561107,0.0,375.1914893617021,0.0
2025-04-07 14:30:00,900.1194878109754,0.0,373.2340425531915,0.0
2025-04-07 15:00:00,905.2292186428991,0.0,355.7234042553192,0.0
2025-04-07 15:30:00,885.1358994908836,0.0,320.19148936170217,0.0
2025-04-07 16:00:00,972.2541109423336,0.0,299.3404255319149,0.0
2025-04-07 16:30:00,848.1206079359184,0.0,288.3617021276595,0.0
2025-04-07 17:00:00,953.3979713243631,0.0,302.6595744680851,0.0
2025-04-07 17:30:00,850.5242949795686,0.0,303.1702127659575,0.0
2025-04-07 18:00:00,894.4248176007078,0.0,284.27659574468095,0.0
2025-04-07 18:30:00,919.1495915689386,0.0,257.936170212766,0.0
2025-04-07 19:00:00,917.494303333501,0.0,250.55319148936178,0.0
2025-04-07 19:30:00,823.2677498143684,0.0,233.95744680851067,0.0
2025-04-07 20:00:00,822.9484567575928,0.0,219.8297872340426,0.0
2025-04-07 20:30:00,735.7424953965226,0.0,196.51063829787233,0.0
2025-04-07 21:00:00,703.3321429088575,0.0,200.1063829787234,0.0
2025-04-07 21:30:00,748.424778303381,0.0,200.91489361702128,0.0
2025-04-07 22:00:00,787.3043929697195,0.0,199.4893617021277,0.0
2025-04-07 22:30:00,735.7104540126735,0.0,191.70212765957447,0.0
2025-04-07 23:00:00,727.1661940319789,0.0,184.82978723404258,0.0
2025-04-07 23:30:00,704.3520004947436,0.0,177.0,0.0
2025-04-08 00:00:00,687.6863328921767,0.0,163.0,0.0
2025-04-08 00:30:00,662.4327228239588,0.0,156.0,0.0
2025-04-08 01:00:00,657.9516907106383,0.0,164.0,0.0
2025-04-08 01:30:00,631.8355263448941,0.0,158.00000000000003,0.0
2025-04-08 02:00:00,658.162246081639,0.0,162.0,0.0
2025-04-08 02:30:00,663.940835172022,0.0,166.00000000000003,0.0
2025-04-08 03:00:00,647.9282838989473,0.0,164.99999999999997,0.0
2025-04-08 03:30:00,648.124590453603,0.0,157.0,0.0
2025-04-08 04:00:00,617.1303701895039,0.0,159.0,0.0
2025-04-08 04:30:00,641.1360559376886,0.0,164.0,0.0
2025-04-08 05:00:00,635.3722375584864,0.0,160.00000000000003,0.0
2025-04-08 05:30:00,642.5025598229284,0.0,159.0,0.0
2025-04-08 06:00:00,602.357223361658,0.0,160.0,0.0
2025-04-08 06:30:00,645.8456021644549,0.0,152.0,0.0
2025-04-08 07:00:00,606.4632812051595,0.0,162.0,0.0
2025-04-08 07:30:00,647.6620592515769,0.0,176.0,0.0
2025-04-08 08:00:00,692.0506810853124,0.0,208.0,0.0
2025-04-08 08:30:00,779.0743490490994,0.0,245.0,0.0
2025-04-08 09:00:00,928.9973512370633,0.0,271.0,0.0
2025-04-08 09:30:00,830.2726630950297,0.0,279.0,0.0
2025-04-08 10:00:00,845.097948166649,0.0,291.0,0.0
2025-04-08 10:30:00,963.0293848428736,0.0,320.0,0.0
2025-04-08 11:00:00,887.4386350928345,0.0,320.0,0.0
2025-04-08 11:30:00,888.2646227118335,0.0,314.0,0.0
2025-04-08 12:00:00,842.3538634468401,0.0,304.0,0.0
2025-04-08 12:30:00,920.9206081329608,0.0,314.0,0.0
2025-04-08 13:00:00,905.1131708821656,0.0,318.0,0.0
2025-04-08 13:30:00,901.5219784522463,0.0,315.0,0.0
2025-04-08 14:00:00,911.0961670032539,0.0,319.0,0.0
2025-04-08 14:30:00,889.460733509273,0.0,320.0,0.0
2025-04-08 15:00:00,849.6727569631631,0.0,316.0,0.0
2025-04-08 15:30:00,862.1752793584291,0.0,328.0,0.0
2025-04-08 16:00:00,960.1215144931344,0.0,327.0,0.0
2025-04-08 16:30:00,887.3839105522359,0.0,304.0,0.0
2025-04-08 17:00:00,872.7109156699729,0.0,326.0,0.0
2025-04-08 17:30:00,887.9649456499671,0.0,323.0,0.0
2025-04-08 18:00:00,859.4567287807964,0.0,324.0,0.0
2025-04-08 18:30:00,820.3566806229711,0.0,324.0,0.0
2025-04-08 19:00:00,845.3427044235495,0.0,313.0,0.0
2025-04-08 19:30:00,844.1412274396301,0.0,315.0,0.0
2025-04-08 20:00:00,753.9938360646853,0.0,273.0,0.0
2025-04-08 20:30:00,680.6418786352903,0.0,250.00000000000003,0.0
2025-04-08 21:00:00,668.8191185212888,0.0,253.0,0.0
2025-04-08 21:30:00,682.1910849319728,0.0,237.0,0.0
2025-04-08 22:00:00,670.1863415077756,0.0,228.0,0.0
2025-04-08 22:30:00,640.5817993636132,0.0,232.0,0.0
2025-04-08 23:00:00,689.5281894894749,0.0,229.0,0.0
2025-04-08 23:30:00,656.1923717108593,0.0,229.0,0.0
2025-04-09 00:00:00,714.1250901469739,0.0,205.0,0.0
2025-04-09 00:30:00,678.4039566231467,0.0,188.0,0.0
2025-04-09 01:00:00,667.2445834271762,0.0,192.0,0.0
2025-04-09 01:30:00,654.1758658079054,0.0,189.0,0.0
2025-04-09 02:00:00,672.3089098693354,0.0,197.0,0.0
2025-04-09 02:30:00,655.8167101639951,0.0,177.0,0.0
2025-04-09 03:00:00,692.8379217297951,0.0,193.99999999999997,0.0
2025-04-09 03:30:00,684.311581821119,0.0,195.0,0.0
2025-04-09 04:00:00,668.0542203904938,0.0,196.0,0.0
2025-04-09 04:30:00,674.6345687930318,0.0,200.0,0.0
2025-04-09 05:00:00,750.3512750368374,0.0,186.0,0.0
2025-04-09 05:30:00,665.2848365710407,0.0,195.00000000000003,0.0
2025-04-09 06:00:00,653.252140512848,0.0,188.0,0.0
2025-04-09 06:30:00,765.5525152715193,0.0,184.0,0.0
2025-04-09 07:00:00,707.5881109302582,0.0,197.0,0.0
2025-04-09 07:30:00,661.8020371821179,0.0,196.0,0.0
2025-04-09 08:00:00,762.686031511538,0.0,218.0,0.0
2025-04-09 08:30:00,833.8495013196939,0.0,254.0,0.0
2025-04-09 09:00:00,938.5554984316013,0.0,267.0,0.0
2025-04-09 09:30:00,898.669675488079,0.0,276.0,0.0
2025-04-09 10:00:00,890.331592420866,0.0,275.0,0.0
2025-04-09 10:30:00,989.2675722729268,0.0,303.0,0.0
2025-04-09 11:00:00,928.5730210725649,0.0,339.0,0.0
2025-04-09 11:30:00,961.244538391891,0.0,352.0,0.0
2025-04-09 12:00:00,890.4516250350816,0.0,343.0,0.0
2025-04-09 12:30:00,897.3066630257537,0.0,381.0,0.0
2025-04-09 13:00:00,930.6026520746581,0.0,317.0,0.0
2025-04-09 13:30:00,983.2062025663699,0.0,315.0,0.0
2025-04-09 14:00:00,930.224897610511,0.0,303.0,0.0
2025-04-09 14:30:00,1016.3925782146342,0.0,309.0,0.0
2025-04-09 15:00:00,967.6711111006007,0.0,306.0,0.0
2025-04-09 15:30:00,957.1384336444347,0.0,307.0,0.0
2025-04-09 16:00:00,957.9459416334704,0.0,308.0,0.0
2025-04-09 16:30:00,904.9674365758051,0.0,304.0,0.0
2025-04-09 17:00:00,860.2869083229739,0.0,324.0,0.0
2025-04-09 17:30:00,926.1102918119628,0.0,313.0,0.0
2025-04-09 18:00:00,880.076588808261,0.0,262.0,0.0
2025-04-09 18:30:00,606.6117633687693,0.0,152.99999999999997,0.0
2025-04-09 19:00:00,579.776327610724,0.0,126.0,0.0
2025-04-09 19:30:00,543.4283385569636,0.0,112.0,0.0
2025-04-09 20:00:00,535.4938427227986,0.0,91.0,0.0
2025-04-09 20:30:00,508.777484602791,0.0,93.0,0.0
2025-04-09 21:00:00,464.80246539561165,0.0,111.0,0.0
2025-04-09 21:30:00,456.8293579375033,0.0,124.99999999999999,0.0
2025-04-09 22:00:00,661.2394815052801,0.0,170.0,0.0
2025-04-09 22:30:00,697.4664334026851,0.0,213.99999999999997,0.0
2025-04-09 23:00:00,712.1581070642649,0.0,232.0,0.0
2025-04-09 23:30:00,716.2202528776379,0.0,236.0,0.0
2025-04-10 00:00:00,592.6449430022786,0.0,175.00000000000003,0.0
2025-04-10 00:30:00,670.183358828328,0.0,163.0,0.0
2025-04-10 01:00:00,659.7489987999813,0.0,170.0,0.0
2025-04-10 01:30:00,652.3692472980687,0.0,176.0,0.0
2025-04-10 02:00:00,680.1048802203495,0.0,170.0,0.0
2025-04-10 02:30:00,706.5557164142762,0.0,170.0,0.0
2025-04-10 03:00:00,711.3334529424802,0.0,171.0,0.0
2025-04-10 03:30:00,671.6318284250469,0.0,173.0,0.0
2025-04-10 04:00:00,690.4651323763934,0.0,172.0,0.0
2025-04-10 04:30:00,703.3582285171173,0.0,177.99999999999997,0.0
2025-04-10 05:00:00,653.3831301869429,0.0,174.0,0.0
2025-04-10 05:30:00,632.4946811168663,0.0,170.0,0.0
2025-04-10 06:00:00,647.6061859141915,0.0,177.0,0.0
2025-04-10 06:30:00,648.7344693836372,0.0,158.0,0.0
2025-04-10 07:00:00,645.4369720445317,0.0,160.0,0.0
2025-04-10 07:30:00,670.6808421548332,0.0,192.00000000000003,0.0
2025-04-10 08:00:00,635.5810474507447,0.0,203.0,0.0
2025-04-10 08:30:00,815.8786788213548,0.0,217.0,0.0
2025-04-10 09:00:00,805.8010708037602,0.0,248.0,0.0
2025-04-10 09:30:00,869.8864660951303,0.0,271.0,0.0
2025-04-10 10:00:00,900.9883669978723,0.0,310.0,0.0
2025-04-10 10:30:00,813.4823344561443,0.0,285.0,0.0
2025-04-10 11:00:00,855.9139449063529,0.0,269.0,0.0
2025-04-10 11:30:00,834.9129229734546,0.0,259.0,0.0
2025-04-10 12:00:00,799.2425662249395,0.0,231.00000000000003,0.0
2025-04-10 12:30:00,859.7080988360632,0.0,251.00000000000003,0.0
2025-04-10 13:00:00,749.855891493621,0.0,262.0,0.0
2025-04-10 13:30:00,814.2554517995178,0.0,255.0,0.0
2025-04-10 14:00:00,893.26139353342,0.0,276.0,0.0
2025-04-10 14:30:00,858.1775434173718,0.0,278.0,0.0
2025-04-10 15:00:00,845.6978506600931,0.0,264.0,0.0
2025-04-10 15:30:00,857.5748734973668,0.0,270.0,0.0
2025-04-10 16:00:00,866.2314491338525,0.0,275.0,0.0
2025-04-10 16:30:00,827.719310105269,0.0,252.0,0.0
2025-04-10 17:00:00,841.9844375561298,0.0,267.0,0.0
2025-04-10 17:30:00,813.7338599734703,0.0,273.0,0.0
2025-04-10 18:00:00,920.1608075931405,0.0,282.0,0.0
2025-04-10 18:30:00,896.7836856240949,0.0,276.0,0.0
2025-04-10 19:00:00,846.7557121830738,0.0,272.0,0.0
2025-04-10 19:30:00,760.7290107360096,0.0,260.0,0.0
2025-04-10 20:00:00,743.3108055097166,0.0,226.0,0.0
2025-04-10 20:30:00,673.2310059225061,0.0,193.0,0.0
2025-04-10 21:00:00,682.0469478986564,0.0,204.0,0.0
2025-04-10 21:30:00,694.9565146203274,0.0,202.99999999999997,0.0
2025-04-10 22:00:00,652.9494236854752,0.0,201.99999999999997,0.0
2025-04-10 22:30:00,718.3702069630275,0.0,203.0,0.0
2025-04-10 23:00:00,690.2806504290972,0.0,197.0,0.0
2025-04-10 23:30:00,620.5560711976304,0.0,196.0,0.0
2025-04-11 00:00:00,770.1447710705991,0.0,232.00000000000003,0.0
2025-04-11 00:30:00,725.2735268279204,0.0,228.0,0.0
2025-04-11 01:00:00,700.4915897801401,0.0,223.0,0.0
2025-04-11 01:30:00,712.7070883909095,0.0,218.99999999999997,0.0
2025-04-11 02:00:00,685.706880186468,0.0,219.0,0.0
2025-04-11 02:30:00,717.0761575302334,0.0,202.99999999999997,0.0
2025-04-11 03:00:00,727.3425785819622,0.0,225.99999999999997,0.0
2025-04-11 03:30:00,676.887075259844,0.0,214.0,0.0
2025-04-11 04:00:00,678.1002074755197,0.0,217.00000000000003,0.0
2025-04-11 04:30:00,636.1735824962087,0.0,203.0,0.0
2025-04-11 05:00:00,707.9678963715342,0.0,206.0,0.0
2025-04-11 05:30:00,614.2391412354699,0.0,196.00000000000003,0.0
2025-04-11 06:00:00,671.2375866433532,0.0,196.00000000000003,0.0
2025-04-11 06:30:00,596.1473921666048,0.0,194.0,0.0
2025-04-11 07:00:00,670.9919118051457,0.0,201.99999999999997,0.0
2025-04-11 07:30:00,738.4071869685423,0.0,215.0,0.0
2025-04-11 08:00:00,667.1490047243685,0.0,234.0,0.0
2025-04-11 08:30:00,968.6935925991373,0.0,264.0,0.0
2025-04-11 09:00:00,911.545531579477,0.0,293.0,0.0
2025-04-11 09:30:00,977.0445369886854,0.0,310.0,0.0
2025-04-11 10:00:00,988.2009921707414,0.0,307.0,0.0
2025-04-11 10:30:00,1010.8651293893959,0.0,311.0,0.0
2025-04-11 11:00:00,980.2929731247013,0.0,304.0,0.0
2025-04-11 11:30:00,1009.7642246304393,0.0,300.0,0.0
2025-04-11 12:00:00,932.8995499629902,0.0,279.0,0.0
2025-04-11 12:30:00,1043.0534352445984,0.0,305.0,0.0
2025-04-11 13:00:00,979.3767761638786,0.0,322.0,0.0
2025-04-11 13:30:00,1044.7478885032392,0.0,390.0,0.0
2025-04-11 14:00:00,1005.1328814270289,0.0,388.0,0.0
2025-04-11 14:30:00,890.2446463461589,0.0,393.0,0.0
2025-04-11 15:00:00,1093.3033422567482,0.0,386.0,0.0
2025-04-11 15:30:00,949.4774958379048,0.0,388.0,0.0
2025-04-11 16:00:00,1035.9777438126478,0.0,382.0,0.0
2025-04-11 16:30:00,937.8547369412834,0.0,377.0,0.0
2025-04-11 17:00:00,1031.6248535430184,0.0,401.0,0.0
2025-04-11 17:30:00,913.4832263187709,0.0,404.0,0.0
2025-04-11 18:00:00,899.849670053641,0.0,366.0,0.0
2025-04-11 18:30:00,663.492797674748,0.0,247.00000000000003,0.0
2025-04-11 19:00:00,719.3900162326279,0.0,247.00000000000003,0.0
2025-04-11 19:30:00,678.1550097948964,0.0,240.99999999999997,0.0
2025-04-11 20:00:00,657.2839192236627,0.0,229.0,0.0
2025-04-11 20:30:00,479.4296136948039,0.0,193.0,0.0
2025-04-11 21:00:00,543.6638658417705,0.0,195.0,0.0
2025-04-11 21:30:00,541.134750224483,0.0,191.0,0.0
2025-04-11 22:00:00,669.9578028130815,0.0,264.0,0.0
2025-04-11 22:30:00,734.0073227313649,0.0,302.0,0.0
2025-04-11 23:00:00,678.2598378517266,0.0,310.0,0.0
2025-04-11 23:30:00,714.6891383267221,0.0,348.0,0.0
2025-04-12 00:00:00,683.2754130063184,0.0,196.0,0.0
2025-04-12 00:30:00,665.0885162577841,0.0,186.00000000000003,0.0
2025-04-12 01:00:00,716.2516846929447,0.0,188.0,0.0
2025-04-12 01:30:00,604.3092752903641,0.0,196.0,0.0
2025-04-12 02:00:00,684.1068951879789,0.0,191.0,0.0
2025-04-12 02:30:00,630.7479717385338,0.0,196.00000000000003,0.0
2025-04-12 03:00:00,618.9987980228404,0.0,193.0,0.0
2025-04-12 03:30:00,583.6201036532897,0.0,186.0,0.0
2025-04-12 04:00:00,579.8464565312642,0.0,185.0,0.0
2025-04-12 04:30:00,624.5008102496959,0.0,188.0,0.0
2025-04-12 05:00:00,571.1630828970119,0.0,182.0,0.0
2025-04-12 05:30:00,630.4527930322146,0.0,185.0,0.0
2025-04-12 06:00:00,583.7367124571006,0.0,184.0,0.0
2025-04-12 06:30:00,546.4189117568922,0.0,173.0,0.0
2025-04-12 07:00:00,579.6384412357319,0.0,176.0,0.0
2025-04-12 07:30:00,609.6436398408747,0.0,184.0,0.0
2025-04-12 08:00:00,491.8335030305952,0.0,152.0,0.0
2025-04-12 08:30:00,319.74599348859147,0.0,80.0,0.0
2025-04-12 09:00:00,340.09042911662146,0.0,70.0,0.0
2025-04-12 09:30:00,392.9236298045109,0.0,133.0,0.0
2025-04-12 10:00:00,376.27407865285596,0.0,134.0,0.0
2025-04-12 10:30:00,360.25456059397516,0.0,138.0,0.0
2025-04-12 11:00:00,391.0321302132133,0.0,148.0,0.0
2025-04-12 11:30:00,407.31475013950575,0.0,185.0,0.0
2025-04-12 12:00:00,363.0453466958043,0.0,200.99999999999997,0.0
2025-04-12 12:30:00,398.2874965696194,0.0,227.0,0.0
2025-04-12 13:00:00,420.08071550420743,0.0,255.0,0.0
2025-04-12 13:30:00,430.18298472816264,0.0,253.99999999999997,0.0
2025-04-12 14:00:00,422.1991109849102,0.0,248.0,0.0
2025-04-12 14:30:00,444.63193196964323,0.0,248.0,0.0
2025-04-12 15:00:00,396.915238345531,0.0,254.0,0.0
2025-04-12 15:30:00,404.23307319006835,0.0,259.0,0.0
2025-04-12 16:00:00,452.222226779294,0.0,267.0,0.0
2025-04-12 16:30:00,431.92296452980287,0.0,269.0,0.0
2025-04-12 17:00:00,381.6634290965802,0.0,256.0,0.0
2025-04-12 17:30:00,371.623175302766,0.0,232.0,0.0
2025-04-12 18:00:00,263.40997109388746,0.0,144.0,0.0
2025-04-12 18:30:00,133.81574151157386,0.0,64.0,0.0
2025-04-12 19:00:00,136.47861734557674,0.0,60.0,0.0
2025-04-12 19:30:00,125.89312146240263,0.0,55.0,0.0
2025-04-12 20:00:00,138.69312790730342,0.0,53.0,0.0
2025-04-12 20:30:00,134.45384294825158,0.0,55.0,0.0
2025-04-12 21:00:00,124.94569098062502,0.0,54.0,0.0
2025-04-12 21:30:00,130.8152698218229,0.0,54.0,0.0
2025-04-12 22:00:00,125.72478570298853,0.0,49.0,0.0
2025-04-12 22:30:00,89.10183019289067,0.0,25.0,0.0
2025-04-12 23:00:00,84.533833565997,0.0,29.0,0.0
2025-04-12 23:30:00,88.31310781205674,0.0,22.999999999999996,0.0
2025-04-13 00:00:00,87.18570354551748,0.0,21.0,0.0
2025-04-13 00:30:00,84.86149961459944,0.0,21.0,0.0
2025-04-13 01:00:00,88.08943382815167,0.0,20.04255319148936,0.0
2025-04-13 01:30:00,79.21497884299372,0.0,20.000000000000004,0.0
2025-04-13 02:00:00,91.5065043546906,0.0,20.0,0.0
2025-04-13 02:30:00,87.7658545312281,0.0,21.78723404255319,0.0
2025-04-13 03:00:00,88.90186363815356,0.0,21.127659574468083,0.0
2025-04-13 03:30:00,93.5971430338618,0.0,21.851063829787233,0.0
2025-04-13 04:00:00,85.2423061158446,0.0,22.0,0.0
2025-04-13 04:30:00,83.98725375269998,0.0,22.808510638297868,0.0
2025-04-13 05:00:00,85.56707677994524,0.0,23.0,0.0
2025-04-13 05:30:00,86.55444453513432,0.0,22.234042553191486,0.0
2025-04-13 06:00:00,87.53197902426214,0.0,22.744680851063826,0.0
2025-04-13 06:30:00,85.26464861010035,0.0,23.0,0.0
2025-04-13 07:00:00,77.57134335203189,0.0,21.595744680851066,0.0
2025-04-13 07:30:00,81.2749626459524,0.0,21.0,0.0
2025-04-13 08:00:00,83.73736383875718,0.0,20.340425531914896,0.0
2025-04-13 08:30:00,81.10842002656129,0.0,20.0,0.0
2025-04-13 09:00:00,83.89949208608782,0.0,19.382978723404257,0.0
2025-04-13 09:30:00,87.82311402088408,0.0,19.0,0.0
2025-04-13 10:00:00,83.29351409833271,0.0,19.0,0.0
2025-04-13 10:30:00,86.55826334945934,0.0,20.106382978723403,0.0
2025-04-13 11:00:00,85.03994072681748,0.0,20.46808510638298,0.0
2025-04-13 11:30:00,89.48404751818154,0.0,20.0,0.0
2025-04-13 12:00:00,90.06503447453353,0.0,20.48936170212766,0.0
2025-04-13 12:30:00,85.79502137433971,0.0,20.53191489361702,0.0
2025-04-13 13:00:00,85.27834551049024,0.0,20.4468085106383,0.0
2025-04-13 13:30:00,82.09879956688977,0.0,20.14893617021277,0.0
2025-04-13 14:00:00,82.35496285992052,0.0,19.404255319148934,0.0
2025-04-13 14:30:00,80.51655612812068,0.0,19.617021276595747,0.0
2025-04-13 15:00:00,84.83560975220512,0.0,19.361702127659573,0.0
2025-04-13 15:30:00,79.27321150872794,0.0,19.659574468085108,0.0
2025-04-13 16:00:00,81.07316615929227,0.0,19.957446808510635,0.0
2025-04-13 16:30:00,73.83235137300872,0.0,21.999999999999996,0.0
2025-04-13 17:00:00,90.4119623354452,0.0,22.276595744680847,0.0
2025-04-13 17:30:00,83.07400675313747,0.0,22.744680851063833,0.0
2025-04-13 18:00:00,85.91343783681363,0.0,22.234042553191486,0.0
2025-04-13 18:30:00,90.36239216065435,0.0,22.787234042553195,0.0
2025-04-13 19:00:00,86.32699784271861,0.0,21.617021276595747,0.0
2025-04-13 19:30:00,91.76696250942119,0.0,20.34042553191489,0.0
2025-04-13 20:00:00,82.87060989424299,0.0,22.0,0.0
2025-04-13 20:30:00,99.79818295393672,0.0,21.744680851063833,0.0
2025-04-13 21:00:00,92.99415597533546,0.0,20.106382978723403,0.0
2025-04-13 21:30:00,89.21287942853465,0.0,21.085106382978722,0.0
2025-04-13 22:00:00,95.53761971343917,0.0,21.93617021276596,0.0
2025-04-13 22:30:00,83.04632015278688,0.0,21.04255319148936,0.0
2025-04-13 23:00:00,86.92720838462654,0.0,22.0,0.0
2025-04-13 23:30:00,94.56914424813449,0.0,22.0,0.0
2025-04-14 00:00:00,103.4707453661111,0.0,46.0,0.0
2025-04-14 00:30:00,118.65621243143465,0.0,47.0,0.0
2025-04-14 01:00:00,122.53825527866819,0.0,48.0,0.0
2025-04-14 01:30:00,105.64729017024244,0.0,48.0,0.0
2025-04-14 02:00:00,114.16709612680671,0.0,47.0,0.0
2025-04-14 02:30:00,123.36770327210384,0.0,48.0,0.0
2025-04-14 03:00:00,122.58633312931192,0.0,48.0,0.0
2025-04-14 03:30:00,122.50778678264848,0.0,47.0,0.0
2025-04-14 04:00:00,116.43789494361674,0.0,47.0,0.0
2025-04-14 04:30:00,111.64241727016724,0.0,47.0,0.0
2025-04-14 05:00:00,107.5569771014623,0.0,48.0,0.0
2025-04-14 05:30:00,107.95345833627123,0.0,43.0,0.0
2025-04-14 06:00:00,159.81738200666987,0.0,69.0,0.0
2025-04-14 06:30:00,218.8589178090651,0.0,126.0,0.0
2025-04-14 07:00:00,227.7050738772408,0.0,116.0,0.0
2025-04-14 07:30:00,351.88716797762703,0.0,176.00000000000003,0.0
2025-04-14 08:00:00,686.0396726980638,0.0,266.0,0.0
2025-04-14 08:30:00,915.552446067526,0.0,351.0,0.0
2025-04-14 09:00:00,862.602757504224,0.0,320.0,0.0
2025-04-14 09:30:00,921.9336070625698,0.0,321.0,0.0
2025-04-14 10:00:00,841.7497733764445,0.0,292.0,0.0
2025-04-14 10:30:00,871.2737990235375,0.0,294.0,0.0
2025-04-14 11:00:00,866.2752608176755,0.0,298.0,0.0
2025-04-14 11:30:00,895.5886751154411,0.0,296.0,0.0
2025-04-14 12:00:00,917.1908625448718,0.0,261.0,0.0
2025-04-14 12:30:00,867.8766847673755,0.0,287.0,0.0
2025-04-14 13:00:00,934.7948324771063,0.0,307.0,0.0
2025-04-14 13:30:00,849.1434840817532,0.0,296.0,0.0
2025-04-14 14:00:00,942.7423262294722,0.0,297.0,0.0
2025-04-14 14:30:00,870.6182273872666,0.0,298.0,0.0
2025-04-14 15:00:00,918.4479139991408,0.0,301.0,0.0
2025-04-14 15:30:00,943.2861256162354,0.0,305.0,0.0
2025-04-14 16:00:00,1057.3332217064813,0.0,305.0,0.0
2025-04-14 16:30:00,918.4665338208771,0.0,285.0,0.0
2025-04-14 17:00:00,847.7019526540973,0.0,277.0,0.0
2025-04-14 17:30:00,952.3913669088788,0.0,297.0,0.0
2025-04-14 18:00:00,935.6145985588811,0.0,280.0,0.0
2025-04-14 18:30:00,515.9775963085224,0.0,137.0,0.0
2025-04-14 19:00:00,519.9829311595784,0.0,129.0,0.0
2025-04-14 19:30:00,523.9692534640088,0.0,120.0,0.0
2025-04-14 20:00:00,505.82661109292343,0.0,108.0,0.0
2025-04-14 20:30:00,497.67959174876256,0.0,102.0,0.0
2025-04-14 21:00:00,500.57918108874094,0.0,124.0,0.0
2025-04-14 21:30:00,653.9978772162207,0.0,171.00000000000003,0.0
2025-04-14 22:00:00,561.7803159820671,0.0,168.0,0.0
2025-04-14 22:30:00,643.4435842192929,0.0,182.0,0.0
2025-04-14 23:00:00,748.0214338076546,0.0,213.0,0.0
2025-04-14 23:30:00,696.1477558798956,0.0,197.99999999999997,0.0
2025-04-15 00:00:00,381.7728083447662,0.0,80.0,0.0
2025-04-15 00:30:00,360.74376612806816,0.0,76.0,0.0
2025-04-15 01:00:00,369.37784274806074,0.0,81.0,0.0
2025-04-15 01:30:00,364.91415892914387,0.0,87.0,0.0
2025-04-15 02:00:00,382.215972884683,0.0,94.0,0.0
2025-04-15 02:30:00,342.6234347256408,0.0,94.0,0.0
2025-04-15 03:00:00,356.63654347079347,0.0,79.0,0.0
2025-04-15 03:30:00,363.56138877611033,0.0,81.0,0.0
2025-04-15 04:00:00,369.6125066149345,0.0,79.0,0.0
2025-04-15 04:30:00,362.04003829524436,0.0,86.0,0.0
2025-04-15 05:00:00,392.9151081949665,0.0,85.0,0.0
2025-04-15 05:30:00,361.41976540127405,0.0,82.0,0.0
2025-04-15 06:00:00,398.9574537901478,0.0,83.0,0.0
2025-04-15 06:30:00,345.9170763188174,0.0,82.0,0.0
2025-04-15 07:00:00,382.238450807031,0.0,86.0,0.0
2025-04-15 07:30:00,378.9660005269472,0.0,93.0,0.0
2025-04-15 08:00:00,415.18299629624795,0.0,108.00000000000001,0.0
2025-04-15 08:30:00,508.0191844706622,0.0,130.0,0.0
2025-04-15 09:00:00,506.8037622478478,0.0,175.0,0.0
2025-04-15 09:30:00,430.54674576504067,0.0,180.0,0.0
2025-04-15 10:00:00,423.25892560187407,0.0,168.0,0.0
2025-04-15 10:30:00,553.9338730537967,0.0,183.0,0.0
2025-04-15 11:00:00,559.5234616574194,0.0,193.0,0.0
2025-04-15 11:30:00,610.1643472292502,0.0,189.0,0.0
2025-04-15 12:00:00,561.2576753263744,0.0,194.00000000000003,0.0
2025-04-15 12:30:00,538.2108967465207,0.0,205.0,0.0
2025-04-15 13:00:00,503.70620564780296,0.0,222.0,0.0
2025-04-15 13:30:00,500.08549863887924,0.0,237.0,0.0
2025-04-15 14:00:00,496.5709856260658,0.0,236.0,0.0
2025-04-15 14:30:00,577.367487861713,0.0,235.0,0.0
2025-04-15 15:00:00,573.2787854800165,0.0,230.0,0.0
2025-04-15 15:30:00,532.1793197102255,0.0,221.0,0.0
2025-04-15 16:00:00,504.7756632365038,0.0,221.0,0.0
2025-04-15 16:30:00,421.2841062273096,0.0,178.0,0.0
2025-04-15 17:00:00,494.3290596625602,0.0,176.0,0.0
2025-04-15 17:30:00,450.06060793220854,0.0,167.0,0.0
2025-04-15 18:00:00,424.27573632421155,0.0,184.0,0.0
2025-04-15 18:30:00,360.21264928456344,0.0,156.0,0.0
2025-04-15 19:00:00,328.19854660243783,0.0,143.0,0.0
2025-04-15 19:30:00,343.756057641391,0.0,142.0,0.0
2025-04-15 20:00:00,358.5315404416619,0.0,174.0,0.0
2025-04-15 20:30:00,688.5988321650383,0.0,269.0,0.0
2025-04-15 21:00:00,602.6871285363976,0.0,275.0,0.0
2025-04-15 21:30:00,622.06874530264,0.0,273.0,0.0
2025-04-15 22:00:00,577.9288349688032,0.0,269.0,0.0
2025-04-15 22:30:00,581.9100295311733,0.0,278.0,0.0
2025-04-15 23:00:00,544.4670409280991,0.0,271.0,0.0
2025-04-15 23:30:00,602.7076443191493,0.0,267.0,0.0
2025-04-16 00:00:00,681.7505321751345,0.0,223.0,0.0
2025-04-16 00:30:00,754.1702508710682,0.0,198.29787234042553,0.0
2025-04-16 01:00:00,741.145653223277,0.0,196.82978723404256,0.0
2025-04-16 01:30:00,735.4229257397644,0.0,208.91489361702128,0.0
2025-04-16 02:00:00,686.5222762322032,0.0,209.70212765957447,0.0
2025-04-16 02:30:00,766.8592842144091,0.0,208.0,0.0
2025-04-16 03:00:00,695.7603627507598,0.0,205.06382978723406,0.0
2025-04-16 03:30:00,667.3681851915081,0.0,200.38297872340425,0.0
2025-04-16 04:00:00,642.0471735690011,0.0,199.9148936170213,0.0
2025-04-16 04:30:00,684.4966219081684,0.0,204.2340425531915,0.0
2025-04-16 05:00:00,645.9734259536237,0.0,203.80851063829786,0.0
2025-04-16 05:30:00,660.09906871914,0.0,196.99999999999997,0.0
2025-04-16 06:00:00,704.682047553729,0.0,197.0,0.0
2025-04-16 06:30:00,642.6607585769947,0.0,190.74468085106383,0.0
2025-04-16 07:00:00,678.3350752149237,0.0,188.38297872340425,0.0
2025-04-16 07:30:00,674.2239280827267,0.0,205.36170212765958,0.0
2025-04-16 08:00:00,746.7861026896801,0.0,233.70212765957447,0.0
2025-04-16 08:30:00,906.0596252932248,0.0,301.87234042553183,0.0
2025-04-16 09:00:00,876.5097855846866,0.0,355.8936170212766,0.0
2025-04-16 09:30:00,930.2163304317337,0.0,349.14893617021283,0.0
2025-04-16 10:00:00,850.395956795754,0.0,324.0851063829787,0.0
2025-04-16 10:30:00,1001.0798515334608,0.0,328.1489361702128,0.0
2025-04-16 11:00:00,908.5388811661107,0.0,323.97872340425533,0.0
2025-04-16 11:30:00,952.4537891747536,0.0,317.1276595744681,0.0
2025-04-16 12:00:00,895.5289662217057,0.0,319.8723404255319,0.0
2025-04-16 12:30:00,952.0477545097065,0.0,320.8723404255319,0.0
2025-04-16 13:00:00,960.8194442310207,0.0,304.468085106383,0.0
2025-04-16 13:30:00,894.8436111770153,0.0,290.17021276595744,0.0
2025-04-16 14:00:00,976.707847724458,0.0,288.468085106383,0.0
2025-04-16 14:30:00,903.2060011482253,0.0,287.3404255319149,0.0
2025-04-16 15:00:00,967.1586826881982,0.0,281.4255319148936,0.0
2025-04-16 15:30:00,893.3773946077542,0.0,273.3829787234043,0.0
2025-04-16 16:00:00,923.1923338851379,0.0,272.531914893617,0.0
2025-04-16 16:30:00,906.7370803912202,0.0,284.8936170212766,0.0
2025-04-16 17:00:00,914.1925189118363,0.0,276.9574468085106,0.0
2025-04-16 17:30:00,875.4272894417068,0.0,284.93617021276594,0.0
2025-04-16 18:00:00,940.4807129776914,0.0,282.1914893617021,0.0
2025-04-16 18:30:00,926.8251204250635,0.0,275.1914893617021,0.0
2025-04-16 19:00:00,873.2212755288199,0.0,265.57446808510645,0.0
2025-04-16 19:30:00,842.7015909892037,0.0,253.46808510638297,0.0
2025-04-16 20:00:00,805.8431809626076,0.0,244.23404255319147,0.0
2025-04-16 20:30:00,720.6848758044407,0.0,218.53191489361703,0.0
2025-04-16 21:00:00,700.0141572734832,0.0,196.99999999999997,0.0
2025-04-16 21:30:00,668.108493276402,0.0,194.61702127659572,0.0
2025-04-16 22:00:00,777.0752436355117,0.0,188.21276595744683,0.0
2025-04-16 22:30:00,714.784572967596,0.0,183.17021276595744,0.0
2025-04-16 23:00:00,689.668015996127,0.0,183.91489361702128,0.0
2025-04-16 23:30:00,708.0483865771394,0.0,183.0,0.0
2025-04-17 00:00:00,589.0312675724426,0.0,256.0,0.0
2025-04-17 00:30:00,633.6629445271083,0.0,221.0,0.0
2025-04-17 01:00:00,620.5656319239492,0.0,231.0,0.0
2025-04-17 01:30:00,630.9307265767044,0.0,248.0,0.0
2025-04-17 02:00:00,595.6526798085048,0.0,248.0,0.0
2025-04-17 02:30:00,658.4975499473404,0.0,247.0,0.0
2025-04-17 03:00:00,661.0678025347781,0.0,249.0,0.0
2025-04-17 03:30:00,687.3752449715288,0.0,245.0,0.0
2025-04-17 04:00:00,667.2681964741096,0.0,248.0,0.0
2025-04-17 04:30:00,629.6310660520312,0.0,255.0,0.0
2025-04-17 05:00:00,623.3107589750502,0.0,248.0,0.0
2025-04-17 05:30:00,607.4337580385865,0.0,236.0,0.0
2025-04-17 06:00:00,669.6425012187669,0.0,238.0,0.0
2025-04-17 06:30:00,581.2680096434374,0.0,223.0,0.0
2025-04-17 07:00:00,657.4561357145393,0.0,208.0,0.0
2025-04-17 07:30:00,712.271312498016,0.0,264.0,0.0
2025-04-17 08:00:00,703.3638149459471,0.0,241.0,0.0
2025-04-17 08:30:00,824.0098626316958,0.0,321.0,0.0
2025-04-17 09:00:00,875.3410596416229,0.0,334.0,0.0
2025-04-17 09:30:00,859.2847958749246,0.0,336.0,0.0
2025-04-17 10:00:00,845.1053678022677,0.0,330.0,0.0
2025-04-17 10:30:00,856.1937180236362,0.0,314.0,0.0
2025-04-17 11:00:00,808.9345762703313,0.0,311.0,0.0
2025-04-17 11:30:00,800.421414748272,0.0,313.0,0.0
2025-04-17 12:00:00,818.6886156237449,0.0,300.0,0.0
2025-04-17 12:30:00,806.9600206242948,0.0,315.0,0.0
2025-04-17 13:00:00,816.4318416935191,0.0,319.0,0.0
2025-04-17 13:30:00,806.5714729450145,0.0,375.0,0.0
2025-04-17 14:00:00,811.9068912279977,0.0,395.0,0.0
2025-04-17 14:30:00,925.4251116389516,0.0,284.0,0.0
2025-04-17 15:00:00,930.9752125305672,0.0,289.0,0.0
2025-04-17 15:30:00,899.0469425823275,0.0,289.0,0.0
2025-04-17 16:00:00,844.3047499946375,0.0,289.0,0.0
2025-04-17 16:30:00,820.1470119823717,0.0,268.0,0.0
2025-04-17 17:00:00,910.4060468276568,0.0,278.0,0.0
2025-04-17 17:30:00,843.7047690366675,0.0,281.0,0.0
2025-04-17 18:00:00,854.1042787970841,0.0,296.0,0.0
2025-04-17 18:30:00,904.8543485310802,0.0,277.0,0.0
2025-04-17 19:00:00,830.6650589202105,0.0,276.0,0.0
2025-04-17 19:30:00,898.2740711811239,0.0,265.0,0.0
2025-04-17 20:00:00,712.9066300228056,0.0,234.99999999999997,0.0
2025-04-17 20:30:00,675.4073508790589,0.0,203.0,0.0
2025-04-17 21:00:00,731.1597888055485,0.0,205.0,0.0
2025-04-17 21:30:00,659.3293201373081,0.0,204.0,0.0
2025-04-17 22:00:00,640.3343742483713,0.0,206.0,0.0
2025-04-17 22:30:00,605.0801308875627,0.0,204.0,0.0
2025-04-17 23:00:00,685.1234434115095,0.0,204.0,0.0
2025-04-17 23:30:00,609.7792384994639,0.0,194.0,0.0
2025-04-18 00:00:00,722.4211696481609,0.0,167.0,0.0
2025-04-18 00:30:00,645.0265764344001,0.0,161.0,0.0
2025-04-18 01:00:00,621.9532168724105,0.0,177.0,0.0
2025-04-18 01:30:00,631.3574539730058,0.0,178.0,0.0
2025-04-18 02:00:00,661.6819465969016,0.0,176.0,0.0
2025-04-18 02:30:00,682.6698018791478,0.0,183.0,0.0
2025-04-18 03:00:00,620.8596202516759,0.0,179.0,0.0
2025-04-18 03:30:00,714.8320704941895,0.0,187.0,0.0
2025-04-18 04:00:00,655.3589926694068,0.0,187.0,0.0
2025-04-18 04:30:00,756.0268824477735,0.0,187.0,0.0
2025-04-18 05:00:00,807.6361640040767,0.0,192.0,0.0
2025-04-18 05:30:00,704.1003821954945,0.0,180.00000000000003,0.0
2025-04-18 06:00:00,704.9912637996242,0.0,181.0,0.0
2025-04-18 06:30:00,638.4891555046954,0.0,180.0,0.0
2025-04-18 07:00:00,703.7829546410998,0.0,173.0,0.0
2025-04-18 07:30:00,700.3099100744719,0.0,197.99999999999997,0.0
2025-04-18 08:00:00,719.8671055720433,0.0,222.0,0.0
2025-04-18 08:30:00,813.3605917097407,0.0,226.99999999999997,0.0
2025-04-18 09:00:00,855.3072234519713,0.0,238.99999999999997,0.0
2025-04-18 09:30:00,873.8580451155883,0.0,251.0,0.0
2025-04-18 10:00:00,932.6797492733843,0.0,252.0,0.0
2025-04-18 10:30:00,875.6135330035897,0.0,261.0,0.0
2025-04-18 11:00:00,984.759554562255,0.0,260.0,0.0
2025-04-18 11:30:00,831.4083451466154,0.0,251.0,0.0
2025-04-18 12:00:00,919.1961723669198,0.0,242.0,0.0
2025-04-18 12:30:00,823.2190168810163,0.0,256.0,0.0
2025-04-18 13:00:00,862.0063271445906,0.0,326.0,0.0
2025-04-18 13:30:00,830.6786749783897,0.0,377.0,0.0
2025-04-18 14:00:00,859.6178858719709,0.0,383.0,0.0
2025-04-18 14:30:00,912.9715691036452,0.0,372.0,0.0
2025-04-18 15:00:00,969.5884389880264,0.0,379.0,0.0
2025-04-18 15:30:00,963.4272057108084,0.0,374.0,0.0
2025-04-18 16:00:00,901.1806572755985,0.0,381.0,0.0
2025-04-18 16:30:00,878.4692479171022,0.0,365.0,0.0
2025-04-18 17:00:00,853.5640112410198,0.0,379.0,0.0
2025-04-18 17:30:00,836.2767439982764,0.0,384.0,0.0
2025-04-18 18:00:00,836.397226069612,0.0,389.0,0.0
2025-04-18 18:30:00,844.2165239371,0.0,379.0,0.0
2025-04-18 19:00:00,855.7989579807689,0.0,372.0,0.0
2025-04-18 19:30:00,766.3511712192281,0.0,376.0,0.0
2025-04-18 20:00:00,782.5321236690388,0.0,351.0,0.0
2025-04-18 20:30:00,765.8629143083404,0.0,321.0,0.0
2025-04-18 21:00:00,744.0721221858088,0.0,325.0,0.0
2025-04-18 21:30:00,671.7040939123688,0.0,320.0,0.0
2025-04-18 22:00:00,656.3183237605033,0.0,331.99999999999994,0.0
2025-04-18 22:30:00,710.0072612100957,0.0,330.0,0.0
2025-04-18 23:00:00,615.4861161809024,0.0,323.99999999999994,0.0
2025-04-18 23:30:00,735.8999724796702,0.0,322.0,0.0
2025-04-19 00:00:00,671.6433693176898,0.0,235.0,0.0
2025-04-19 00:30:00,643.470141813058,0.0,229.0,0.0
2025-04-19 01:00:00,632.1254748577728,0.0,225.99999999999997,0.0
2025-04-19 01:30:00,601.632049325789,0.0,225.0,0.0
2025-04-19 02:00:00,644.0405155935504,0.0,224.99999999999997,0.0
2025-04-19 02:30:00,613.8866039834206,0.0,205.00000000000003,0.0
2025-04-19 03:00:00,640.530346251704,0.0,232.0,0.0
2025-04-19 03:30:00,651.1073727888489,0.0,234.0,0.0
2025-04-19 04:00:00,668.8118529392917,0.0,234.0,0.0
2025-04-19 04:30:00,672.7491239243855,0.0,235.0,0.0
2025-04-19 05:00:00,676.5444404283679,0.0,234.0,0.0
2025-04-19 05:30:00,647.3156416718938,0.0,233.0,0.0
2025-04-19 06:00:00,642.7465300387435,0.0,235.0,0.0
2025-04-19 06:30:00,619.0109347326159,0.0,233.0,0.0
2025-04-19 07:00:00,655.1265192035347,0.0,241.00000000000003,0.0
2025-04-19 07:30:00,643.231357556738,0.0,239.0,0.0
2025-04-19 08:00:00,476.1158299054515,0.0,179.0,0.0
2025-04-19 08:30:00,222.61407295857347,0.0,14.999999999999998,3.0
2025-04-19 09:00:00,216.8510347968891,0.0,22.0,0.0
2025-04-19 09:30:00,337.9420719653231,0.0,95.0,0.0
2025-04-19 10:00:00,392.3937568629992,0.0,142.0,0.0
2025-04-19 10:30:00,364.93319121261237,0.0,143.0,0.0
2025-04-19 11:00:00,378.2769556853604,0.0,145.0,0.0
2025-04-19 11:30:00,366.2594462552154,0.0,143.0,0.0
2025-04-19 12:00:00,391.3564268657713,0.0,152.0,0.0
2025-04-19 12:30:00,411.8410343307091,0.0,156.0,0.0
2025-04-19 13:00:00,405.36241718508796,0.0,174.0,0.0
2025-04-19 13:30:00,454.94312019963394,0.0,215.0,0.0
2025-04-19 14:00:00,488.96721684462597,0.0,214.0,0.0
2025-04-19 14:30:00,385.80044661056024,0.0,209.0,0.0
2025-04-19 15:00:00,463.61076270867187,0.0,211.0,0.0
2025-04-19 15:30:00,451.29474682902753,0.0,215.0,0.0
2025-04-19 16:00:00,335.9293934910149,0.0,215.99999999999997,0.0
2025-04-19 16:30:00,383.47135653684643,0.0,219.0,0.0
2025-04-19 17:00:00,364.41190109766524,0.0,217.0,0.0
2025-04-19 17:30:00,290.1078549677004,0.0,159.0,0.0
2025-04-19 18:00:00,208.6910611205683,0.0,115.0,0.0
2025-04-19 18:30:00,115.81743938303764,0.0,60.0,0.0
2025-04-19 19:00:00,117.9821790269124,0.0,65.0,0.0
2025-04-19 19:30:00,116.25257506552228,0.0,65.0,0.0
2025-04-19 20:00:00,119.71043208868069,0.0,63.99999999999999,0.0
2025-04-19 20:30:00,122.78098365822002,0.0,60.0,0.0
2025-04-19 21:00:00,111.62757322303247,0.0,59.00000000000001,0.0
2025-04-19 21:30:00,75.15867304366793,0.0,29.0,0.0
2025-04-19 22:00:00,87.75104377533293,0.0,26.000000000000004,0.0
2025-04-19 22:30:00,75.20417234933272,0.0,23.0,0.0
2025-04-19 23:00:00,76.12359467763093,0.0,24.0,0.0
2025-04-19 23:30:00,76.15456484836766,0.0,25.0,0.0
2025-04-20 00:00:00,61.59890588356758,0.0,22.0,0.0
2025-04-20 00:30:00,66.7253038515511,0.0,22.0,0.0
2025-04-20 01:00:00,69.86164811665638,0.0,23.0,0.0
2025-04-20 01:30:00,70.74028258581825,0.0,24.0,0.0
2025-04-20 02:00:00,67.76638699895668,0.0,22.999999999999996,0.0
2025-04-20 02:30:00,67.0018551962503,0.0,23.0,0.0
2025-04-20 03:00:00,68.94341811851226,0.0,20.0,0.0
2025-04-20 03:30:00,69.22326522372315,0.0,23.0,0.0
2025-04-20 04:00:00,62.99396089554801,0.0,20.0,0.0
2025-04-20 04:30:00,65.22278802870069,0.0,20.0,0.0
2025-04-20 05:00:00,66.34721516874592,0.0,18.0,0.0
2025-04-20 05:30:00,72.97327713127665,0.0,22.0,0.0
2025-04-20 06:00:00,66.56820154770378,0.0,20.0,0.0
2025-04-20 06:30:00,69.0533825661301,0.0,20.000000000000004,0.0
2025-04-20 07:00:00,63.11247292504471,0.0,21.0,0.0
2025-04-20 07:30:00,60.32634344787513,0.0,21.0,0.0
2025-04-20 08:00:00,60.18326792188445,0.0,23.0,0.0
2025-04-20 08:30:00,65.67513347124428,0.0,21.0,0.0
2025-04-20 09:00:00,61.8188787623516,0.0,22.0,0.0
2025-04-20 09:30:00,72.56999850062515,0.0,23.0,0.0
2025-04-20 10:00:00,70.16806150286955,0.0,22.0,0.0
2025-04-20 10:30:00,69.27477812287195,0.0,24.0,0.0
2025-04-20 11:00:00,71.523527398833,0.0,23.0,0.0
2025-04-20 11:30:00,72.1957500119237,0.0,24.0,0.0
2025-04-20 12:00:00,73.96978589192501,0.0,25.0,0.0
2025-04-20 12:30:00,65.62139969299861,0.0,24.0,0.0
2025-04-20 13:00:00,71.9223427623423,0.0,25.0,0.0
2025-04-20 13:30:00,72.23975543266125,0.0,25.999999999999996,0.0
2025-04-20 14:00:00,73.6264022956136,0.0,24.0,0.0
2025-04-20 14:30:00,70.17348478971772,0.0,25.0,0.0
2025-04-20 15:00:00,63.394000952011524,0.0,24.0,0.0
2025-04-20 15:30:00,68.53154277269363,0.0,26.0,0.0
2025-04-20 16:00:00,71.18205869101206,0.0,24.0,0.0
2025-04-20 16:30:00,71.6280666850469,0.0,25.0,0.0
2025-04-20 17:00:00,75.13418724489557,0.0,22.999999999999996,0.0
2025-04-20 17:30:00,71.31921641688031,0.0,24.0,0.0
2025-04-20 18:00:00,68.52822207787746,0.0,27.0,0.0
2025-04-20 18:30:00,67.09116531001438,0.0,27.0,0.0
2025-04-20 19:00:00,69.80208653652626,0.0,25.0,0.0
2025-04-20 19:30:00,68.27428648453622,0.0,24.0,0.0
2025-04-20 20:00:00,67.7712815743352,0.0,24.0,0.0
2025-04-20 20:30:00,66.51853456241354,0.0,24.0,0.0
2025-04-20 21:00:00,76.46549459384224,0.0,25.0,0.0
2025-04-20 21:30:00,71.73061501090318,0.0,23.0,0.0
2025-04-20 22:00:00,68.87414183326592,0.0,24.0,0.0
2025-04-20 22:30:00,69.94740450120536,0.0,25.0,0.0
2025-04-20 23:00:00,72.1426965595781,0.0,22.000000000000004,0.0
2025-04-20 23:30:00,68.4312589674173,0.0,24.0,0.0
2025-04-21 00:00:00,93.05514004979557,0.0,32.0,0.0
2025-04-21 00:30:00,113.27261680891382,0.0,31.999999999999996,0.0
2025-04-21 01:00:00,115.51482020867138,0.0,31.0,0.0
2025-04-21 01:30:00,93.4910959741403,0.0,30.999999999999996,0.0
2025-04-21 02:00:00,111.28454138764087,0.0,31.999999999999996,0.0
2025-04-21 02:30:00,91.93041887922675,0.0,31.0,0.0
2025-04-21 03:00:00,89.10775796472511,0.0,29.999999999999996,0.0
2025-04-21 03:30:00,95.46840005775884,0.0,33.0,0.0
2025-04-21 04:00:00,94.02976857938657,0.0,30.999999999999996,0.0
2025-04-21 04:30:00,89.07284453896749,0.0,33.0,0.0
2025-04-21 05:00:00,98.65479201836074,0.0,30.0,0.0
2025-04-21 05:30:00,98.79584508413134,0.0,33.0,0.0
2025-04-21 06:00:00,98.37500935807475,0.0,31.0,0.0
2025-04-21 06:30:00,93.47916716198624,0.0,32.0,0.0
2025-04-21 07:00:00,99.55258120907492,0.0,31.0,0.0
2025-04-21 07:30:00,328.15000561273735,0.0,111.00000000000001,0.0
2025-04-21 08:00:00,684.3104761669338,0.0,263.0,0.0
2025-04-21 08:30:00,693.9256546620521,0.0,350.0,0.0
2025-04-21 09:00:00,824.8023478844094,0.0,385.0,0.0
2025-04-21 09:30:00,858.0876605994472,0.0,332.0,0.0
2025-04-21 10:00:00,807.3151484482191,0.0,309.0,0.0
2025-04-21 10:30:00,834.3327359008294,0.0,297.0,0.0
2025-04-21 11:00:00,840.9651136785074,0.0,299.0,0.0
2025-04-21 11:30:00,791.0522823656601,0.0,289.0,0.0
2025-04-21 12:00:00,772.1309254487461,0.0,263.0,0.0
2025-04-21 12:30:00,850.1376021095939,0.0,294.0,0.0
2025-04-21 13:00:00,819.7008491923392,0.0,290.0,0.0
2025-04-21 13:30:00,819.9396138968465,0.0,271.0,0.0
2025-04-21 14:00:00,820.5423053980294,0.0,257.0,0.0
2025-04-21 14:30:00,821.8443103802665,0.0,258.0,0.0
2025-04-21 15:00:00,742.9407476854557,0.0,253.00000000000003,0.0
2025-04-21 15:30:00,828.2325487142778,0.0,250.99999999999997,0.0
2025-04-21 16:00:00,790.2682752996134,0.0,252.99999999999997,0.0
2025-04-21 16:30:00,822.6619458821266,0.0,233.0,0.0
2025-04-21 17:00:00,819.4209730631923,0.0,249.0,0.0
2025-04-21 17:30:00,858.0227913630226,0.0,257.0,0.0
2025-04-21 18:00:00,760.651715533265,0.0,258.0,0.0
2025-04-21 18:30:00,744.0225893657906,0.0,247.0,0.0
2025-04-21 19:00:00,689.3396505859403,0.0,236.0,0.0
2025-04-21 19:30:00,691.8636062258166,0.0,222.0,0.0
2025-04-21 20:00:00,682.830147289461,0.0,200.0,0.0
2025-04-21 20:30:00,538.1004827976241,0.0,127.0,0.0
2025-04-21 21:00:00,442.4061819041764,0.0,115.0,0.0
2025-04-21 21:30:00,430.8949774136039,0.0,112.99999999999999,0.0
2025-04-21 22:00:00,424.6758892508095,0.0,110.0,0.0
2025-04-21 22:30:00,423.6517641084453,0.0,111.00000000000001,0.0
2025-04-21 23:00:00,369.637445009433,0.0,107.99999999999999,0.0
2025-04-21 23:30:00,366.0543058777879,0.0,92.00000000000001,0.0
2025-04-22 00:00:00,76.14446333213418,0.0,21.0,0.0
2025-04-22 00:30:00,87.725994603323,0.0,21.0,0.0
2025-04-22 01:00:00,98.08338063397923,0.0,20.0,0.0
2025-04-22 01:30:00,88.95053543681705,0.0,21.0,0.0
2025-04-22 02:00:00,84.70848936466632,0.0,21.0,0.0
2025-04-22 02:30:00,88.94499799443474,0.0,22.0,0.0
2025-04-22 03:00:00,90.17216528953001,0.0,21.0,0.0
2025-04-22 03:30:00,88.8520458961205,0.0,22.0,0.0
2025-04-22 04:00:00,88.8466183940234,0.0,22.0,0.0
2025-04-22 04:30:00,93.75946344070796,0.0,21.0,0.0
2025-04-22 05:00:00,82.23690561442938,0.0,20.0,0.0
2025-04-22 05:30:00,77.41721829510858,0.0,21.0,0.0
2025-04-22 06:00:00,82.77107542297199,0.0,19.0,0.0
2025-04-22 06:30:00,139.41780758918483,0.0,43.0,0.0
2025-04-22 07:00:00,202.53666804118228,0.0,83.0,0.0
2025-04-22 07:30:00,365.7034248588945,0.0,168.0,0.0
2025-04-22 08:00:00,587.2249553525601,0.0,206.0,0.0
2025-04-22 08:30:00,827.81463745246,0.0,269.0,0.0
2025-04-22 09:00:00,1024.6824058349123,0.0,296.0,0.0
2025-04-22 09:30:00,1018.6188052609286,0.0,305.0,0.0
2025-04-22 10:00:00,989.8146829071901,0.0,304.0,0.0
2025-04-22 10:30:00,1053.363970239242,0.0,300.0,0.0
2025-04-22 11:00:00,961.2064257014728,0.0,299.0,0.0
2025-04-22 11:30:00,947.4122613952378,0.0,303.0,0.0
2025-04-22 12:00:00,920.5374614787013,0.0,275.0,0.0
2025-04-22 12:30:00,866.5234340725017,0.0,291.0,0.0
2025-04-22 13:00:00,916.3072655793859,0.0,300.0,0.0
2025-04-22 13:30:00,870.707114018799,0.0,298.0,0.0
2025-04-22 14:00:00,923.1107911525082,0.0,293.0,0.0
2025-04-22 14:30:00,916.2288451368214,0.0,313.0,0.0
2025-04-22 15:00:00,902.4032658439612,0.0,312.0,0.0
2025-04-22 15:30:00,954.8912469682429,0.0,306.0,0.0
2025-04-22 16:00:00,923.894352332092,0.0,304.0,0.0
2025-04-22 16:30:00,779.9178253881438,0.0,274.0,0.0
2025-04-22 17:00:00,836.3080217411281,0.0,290.0,0.0
2025-04-22 17:30:00,858.1292974749028,0.0,300.0,0.0
2025-04-22 18:00:00,868.1520383135992,0.0,298.0,0.0
2025-04-22 18:30:00,932.4287855739368,0.0,300.0,0.0
2025-04-22 19:00:00,879.9787659716753,0.0,280.0,0.0
2025-04-22 19:30:00,922.3432572898495,0.0,272.0,0.0
2025-04-22 20:00:00,841.11105788383,0.0,245.0,0.0
2025-04-22 20:30:00,796.5179317437045,0.0,216.0,0.0
2025-04-22 21:00:00,764.932145636484,0.0,213.99999999999997,0.0
2025-04-22 21:30:00,732.0956329718392,0.0,208.0,0.0
2025-04-22 22:00:00,764.3240168643704,0.0,214.0,0.0
2025-04-22 22:30:00,746.8230366651215,0.0,204.0,0.0
2025-04-22 23:00:00,737.0543096828468,0.0,210.99999999999997,0.0
2025-04-22 23:30:00,771.6613097951289,0.0,214.00000000000003,0.0
2025-04-23 00:00:00,666.2263042585234,0.0,178.0,0.0
2025-04-23 00:30:00,697.684737684669,0.0,156.0,0.0
2025-04-23 01:00:00,675.9697215618341,0.0,164.0,0.0
2025-04-23 01:30:00,667.2413717149582,0.0,164.0,0.0
2025-04-23 02:00:00,684.7051984343443,0.0,165.0,0.0
2025-04-23 02:30:00,693.2172257286171,0.0,160.0,0.0
2025-04-23 03:00:00,667.7772316797723,0.0,146.0,0.0
2025-04-23 03:30:00,694.9544923754811,0.0,155.0,0.0
2025-04-23 04:00:00,676.2223916737337,0.0,168.0,0.0
2025-04-23 04:30:00,663.8686670901412,0.0,167.0,0.0
2025-04-23 05:00:00,708.0608986198597,0.0,168.0,0.0
2025-04-23 05:30:00,638.6342790665153,0.0,156.0,0.0
2025-04-23 06:00:00,642.616465128046,0.0,154.0,0.0
2025-04-23 06:30:00,678.5277589540624,0.0,149.0,0.0
2025-04-23 07:00:00,685.6312140974604,0.0,147.0,0.0
2025-04-23 07:30:00,672.7748636575129,0.0,164.0,0.0
2025-04-23 08:00:00,712.1748482808699,0.0,193.0,0.0
2025-04-23 08:30:00,921.7359859664541,0.0,242.0,0.0
2025-04-23 09:00:00,924.9426033305948,0.0,255.0,0.0
2025-04-23 09:30:00,936.4467179122275,0.0,297.0,0.0
2025-04-23 10:00:00,914.2949892027997,0.0,333.0,0.0
2025-04-23 10:30:00,955.335592992352,0.0,307.0,0.0
2025-04-23 11:00:00,909.3618851770615,0.0,299.0,0.0
2025-04-23 11:30:00,898.3831873315896,0.0,302.0,0.0
2025-04-23 12:00:00,895.0881897464529,0.0,289.0,0.0
2025-04-23 12:30:00,923.495373759797,0.0,304.0,0.0
2025-04-23 13:00:00,901.5052891133519,0.0,313.0,0.0
2025-04-23 13:30:00,944.9051806893718,0.0,315.0,0.0
2025-04-23 14:00:00,998.0736846325201,0.0,321.0,0.0
2025-04-23 14:30:00,972.1120323336309,0.0,321.0,0.0
2025-04-23 15:00:00,876.0304279707204,0.0,301.0,0.0
2025-04-23 15:30:00,929.4975765113159,0.0,298.0,0.0
2025-04-23 16:00:00,778.9747073179559,0.0,223.0,0.0
2025-04-23 16:30:00,812.7267523033622,0.0,284.0,0.0
2025-04-23 17:00:00,930.1177765620598,0.0,299.0,0.0
2025-04-23 17:30:00,920.1745627007086,0.0,307.0,0.0
2025-04-23 18:00:00,1008.2370795923429,0.0,296.0,0.0
2025-04-23 18:30:00,951.8981786721952,0.0,295.0,0.0
2025-04-23 19:00:00,887.2656727230751,0.0,292.0,0.0
2025-04-23 19:30:00,869.600627177821,0.0,274.0,0.0
2025-04-23 20:00:00,828.8802125997976,0.0,259.0,0.0
2025-04-23 20:30:00,685.1494324344629,0.0,210.00000000000003,0.0
2025-04-23 21:00:00,652.8768591595352,0.0,212.00000000000003,0.0
2025-04-23 21:30:00,670.7993520445095,0.0,210.0,0.0
2025-04-23 22:00:00,697.631574459671,0.0,211.0,0.0
2025-04-23 22:30:00,616.2852272584827,0.0,215.0,0.0
2025-04-23 23:00:00,674.1392498977492,0.0,216.0,0.0
2025-04-23 23:30:00,678.1982065076729,0.0,214.0,0.0
2025-04-24 00:00:00,693.1865390606556,0.0,175.0,0.0
2025-04-24 00:30:00,612.8810209653541,0.0,163.0,0.0
2025-04-24 01:00:00,688.122828109472,0.0,170.0,0.0
2025-04-24 01:30:00,754.4495625461003,0.0,176.0,0.0
2025-04-24 02:00:00,718.5295523839869,0.0,170.0,0.0
2025-04-24 02:30:00,615.6018164282074,0.0,170.0,0.0
2025-04-24 03:00:00,658.052886179793,0.0,171.0,0.0
2025-04-24 03:30:00,690.449249538176,0.0,173.0,0.0
2025-04-24 04:00:00,659.1754254293754,0.0,172.0,0.0
2025-04-24 04:30:00,626.933030265291,0.0,177.99999999999997,0.0
2025-04-24 05:00:00,668.893179657724,0.0,174.00000000000003,0.0
2025-04-24 05:30:00,654.8718465159901,0.0,170.0,0.0
2025-04-24 06:00:00,732.869827477232,0.0,177.0,0.0
2025-04-24 06:30:00,614.7663574157623,0.0,158.0,0.0
2025-04-24 07:00:00,684.573229481462,0.0,160.0,0.0
2025-04-24 07:30:00,662.8640768552459,0.0,191.99999999999997,0.0
2025-04-24 08:00:00,658.3755073397465,0.0,203.0,0.0
2025-04-24 08:30:00,811.5638906559387,0.0,217.0,0.0
2025-04-24 09:00:00,873.340838259709,0.0,248.0,0.0
2025-04-24 09:30:00,814.785558733092,0.0,271.0,0.0
2025-04-24 10:00:00,849.4213635830477,0.0,310.0,0.0
2025-04-24 10:30:00,810.3202204200808,0.0,285.0,0.0
2025-04-24 11:00:00,850.0770286001922,0.0,269.0,0.0
2025-04-24 11:30:00,877.3386338887038,0.0,259.0,0.0
2025-04-24 12:00:00,767.2920150601283,0.0,230.99999999999997,0.0
2025-04-24 12:30:00,799.4696976901598,0.0,251.0,0.0
2025-04-24 13:00:00,757.8745923159348,0.0,262.0,0.0
2025-04-24 13:30:00,766.0347321966574,0.0,255.0,0.0
2025-04-24 14:00:00,924.1213658889135,0.0,276.0,0.0
2025-04-24 14:30:00,869.4085593724983,0.0,278.0,0.0
2025-04-24 15:00:00,808.8742410654343,0.0,264.0,0.0
2025-04-24 15:30:00,826.7795781034444,0.0,270.0,0.0
2025-04-24 16:00:00,783.5355254597807,0.0,275.0,0.0
2025-04-24 16:30:00,763.5155679805814,0.0,252.0,0.0
2025-04-24 17:00:00,874.7059123139522,0.0,267.0,0.0
2025-04-24 17:30:00,849.6535332665582,0.0,273.0,0.0
2025-04-24 18:00:00,959.6348840948366,0.0,282.0,0.0
2025-04-24 18:30:00,843.3103504525184,0.0,276.0,0.0
2025-04-24 19:00:00,837.4407836415073,0.0,272.0,0.0
2025-04-24 19:30:00,848.4955566222704,0.0,260.0,0.0
2025-04-24 20:00:00,647.6986761766389,0.0,226.0,0.0
2025-04-24 20:30:00,673.582164702301,0.0,193.0,0.0
2025-04-24 21:00:00,721.6780362606153,0.0,204.00000000000003,0.0
2025-04-24 21:30:00,760.2834862470336,0.0,203.00000000000003,0.0
2025-04-24 22:00:00,736.3319520215117,0.0,202.00000000000003,0.0
2025-04-24 22:30:00,657.6795078418386,0.0,203.00000000000003,0.0
2025-04-24 23:00:00,727.1184049156221,0.0,197.00000000000003,0.0
2025-04-24 23:30:00,667.3311458901067,0.0,196.0,0.0
2025-04-25 00:00:00,615.8922615335231,0.0,199.0,0.0
2025-04-25 00:30:00,597.312671787853,0.0,180.0,0.0
2025-04-25 01:00:00,603.6451432703813,0.0,178.00000000000003,0.0
2025-04-25 01:30:00,671.9068123123914,0.0,170.0,0.0
2025-04-25 02:00:00,611.551188941849,0.0,170.0,0.0
2025-04-25 02:30:00,703.0282213777836,0.0,171.0,0.0
2025-04-25 03:00:00,679.3258122470897,0.0,187.0,0.0
2025-04-25 03:30:00,659.6465987711954,0.0,187.00000000000003,0.0
2025-04-25 04:00:00,658.7319336014108,0.0,196.0,0.0
2025-04-25 04:30:00,708.0652541218576,0.0,194.0,0.0
2025-04-25 05:00:00,651.0154564502192,0.0,191.0,0.0
2025-04-25 05:30:00,627.9103548606024,0.0,181.00000000000003,0.0
2025-04-25 06:00:00,703.0294503656855,0.0,180.99999999999997,0.0
2025-04-25 06:30:00,641.1705665644132,0.0,172.0,0.0
2025-04-25 07:00:00,625.7127216252303,0.0,173.00000000000003,0.0
2025-04-25 07:30:00,622.0295829949506,0.0,160.0,0.0
2025-04-25 08:00:00,396.02678409854354,0.0,92.0,0.0
2025-04-25 08:30:00,133.76352379983916,0.0,8.0,4.0
2025-04-25 09:00:00,74.52654589927135,0.0,0.0,14.999999999999998
2025-04-25 09:30:00,125.13916011252323,0.0,12.0,10.0
2025-04-25 10:00:00,148.85721294776175,0.0,25.000000000000004,0.0
2025-04-25 10:30:00,167.49024686040133,0.0,26.0,0.0
2025-04-25 11:00:00,152.8924046554927,0.0,26.0,0.0
2025-04-25 11:30:00,159.4863993914953,0.0,26.0,0.0
2025-04-25 12:00:00,156.7507296526376,0.0,23.0,0.0
2025-04-25 12:30:00,156.53957011749822,0.0,23.0,0.0
2025-04-25 13:00:00,144.84488477383908,0.0,50.0,0.0
2025-04-25 13:30:00,159.33180363366822,0.0,65.0,0.0
2025-04-25 14:00:00,167.4529614572362,0.0,66.0,0.0
2025-04-25 14:30:00,147.17144383975196,0.0,63.0,0.0
2025-04-25 15:00:00,149.35873373054451,0.0,60.0,0.0
2025-04-25 15:30:00,144.17518622904066,0.0,60.0,0.0
2025-04-25 16:00:00,145.48550564319982,0.0,61.0,0.0
2025-04-25 16:30:00,161.8586569660417,0.0,61.0,0.0
2025-04-25 17:00:00,142.6107092950775,0.0,64.0,0.0
2025-04-25 17:30:00,144.0775817068082,0.0,65.0,0.0
2025-04-25 18:00:00,113.45722991617548,0.0,33.0,0.0
2025-04-25 18:30:00,90.95425855816768,0.0,18.0,0.0
2025-04-25 19:00:00,94.06687448405333,0.0,17.0,0.0
2025-04-25 19:30:00,87.23991757870213,0.0,17.0,0.0
2025-04-25 20:00:00,95.09667837344752,0.0,22.0,0.0
2025-04-25 20:30:00,92.3936159011302,0.0,22.0,0.0
2025-04-25 21:00:00,98.34966795592238,0.0,25.0,0.0
2025-04-25 21:30:00,88.03111295211681,0.0,22.0,0.0
2025-04-25 22:00:00,104.25217096554125,0.0,24.0,0.0
2025-04-25 22:30:00,86.42557354005116,0.0,26.0,0.0
2025-04-25 23:00:00,83.75827041764315,0.0,28.0,0.0
2025-04-25 23:30:00,82.3604698366814,0.0,27.0,0.0
2025-04-26 00:00:00,77.1719051651522,0.0,25.0,0.0
2025-04-26 00:30:00,84.1188883672762,0.0,25.0,0.0
2025-04-26 01:00:00,75.67282178645374,0.0,22.0,0.0
2025-04-26 01:30:00,83.60416452649613,0.0,21.0,0.0
2025-04-26 02:00:00,71.98676381725446,0.0,17.0,0.0
2025-04-26 02:30:00,76.93453872995718,0.0,18.0,0.0
2025-04-26 03:00:00,73.36255814236625,0.0,19.0,0.0
2025-04-26 03:30:00,73.5344263424686,0.0,18.0,0.0
2025-04-26 04:00:00,83.47369525916803,0.0,20.0,0.0
2025-04-26 04:30:00,77.0464995844551,0.0,18.0,0.0
2025-04-26 05:00:00,75.52749838957558,0.0,21.0,0.0
2025-04-26 05:30:00,72.26091380157663,0.0,19.0,0.0
2025-04-26 06:00:00,68.52496838141013,0.0,20.0,0.0
2025-04-26 06:30:00,71.85446697202431,0.0,20.0,0.0
2025-04-26 07:00:00,76.02320593265976,0.0,20.0,0.0
2025-04-26 07:30:00,78.20382137291372,0.0,21.0,0.0
2025-04-26 08:00:00,73.48187135864409,0.0,20.0,0.0
2025-04-26 08:30:00,113.24535390377483,0.0,19.0,0.0
2025-04-26 09:00:00,178.1702960986112,0.0,77.0,0.0
2025-04-26 09:30:00,261.45110490629924,0.0,100.0,0.0
2025-04-26 10:00:00,244.3572666568444,0.0,100.0,0.0
2025-04-26 10:30:00,274.40173277513827,0.0,101.0,0.0
2025-04-26 11:00:00,288.8697075020976,0.0,108.0,0.0
2025-04-26 11:30:00,241.29116160681411,0.0,108.0,0.0
2025-04-26 12:00:00,257.9566228491696,0.0,109.0,0.0
2025-04-26 12:30:00,276.8674336085915,0.0,111.0,0.0
2025-04-26 13:00:00,224.02813282878586,0.0,111.0,0.0
2025-04-26 13:30:00,250.50220998690784,0.0,110.0,0.0
2025-04-26 14:00:00,258.47753139852824,0.0,110.99999999999999,0.0
2025-04-26 14:30:00,240.33639890785133,0.0,109.0,0.0
2025-04-26 15:00:00,251.38109301527518,0.0,114.0,0.0
2025-04-26 15:30:00,265.0477910630343,0.0,113.0,0.0
2025-04-26 16:00:00,267.331835428952,0.0,110.0,0.0
2025-04-26 16:30:00,241.79849262392432,0.0,109.0,0.0
2025-04-26 17:00:00,236.09358763262355,0.0,108.0,0.0
2025-04-26 17:30:00,223.3793328496047,0.0,110.0,0.0
2025-04-26 18:00:00,188.32069566047377,0.0,70.0,0.0
2025-04-26 18:30:00,123.22570468521276,0.0,46.0,0.0
2025-04-26 19:00:00,76.71874986240418,0.0,24.0,0.0
2025-04-26 19:30:00,79.15434097313322,0.0,24.0,0.0
2025-04-26 20:00:00,80.86379707849896,0.0,26.999999999999996,0.0
2025-04-26 20:30:00,90.49869793264784,0.0,32.0,0.0
2025-04-26 21:00:00,98.3248667844607,0.0,29.000000000000004,0.0
2025-04-26 21:30:00,86.62013414256495,0.0,31.0,0.0
2025-04-26 22:00:00,86.27986118304521,0.0,31.0,0.0
2025-04-26 22:30:00,91.57430842474393,0.0,30.0,0.0
2025-04-26 23:00:00,89.25656387068176,0.0,32.0,0.0
2025-04-26 23:30:00,93.42190562305358,0.0,29.999999999999996,0.0
2025-04-27 00:00:00,637.570415498014,0.0,259.0,0.0
2025-04-27 00:30:00,604.8750980375104,0.0,245.0,0.0
2025-04-27 01:00:00,623.5714673554264,0.0,244.0,0.0
2025-04-27 01:30:00,594.4110529472455,0.0,242.0,0.0
2025-04-27 02:00:00,601.3253916892821,0.0,243.00000000000003,0.0
2025-04-27 02:30:00,635.77107271557,0.0,249.0,0.0
2025-04-27 03:00:00,666.8882713058438,0.0,243.0,0.0
2025-04-27 03:30:00,620.5704420750287,0.0,242.0,0.0
2025-04-27 04:00:00,610.6354833069246,0.0,248.0,0.0
2025-04-27 04:30:00,636.3184453364217,0.0,241.0,0.0
2025-04-27 05:00:00,687.913574081921,0.0,254.0,0.0
2025-04-27 05:30:00,650.5741186722342,0.0,243.0,0.0
2025-04-27 06:00:00,586.0390479096249,0.0,243.0,0.0
2025-04-27 06:30:00,568.3196933291074,0.0,232.0,0.0
2025-04-27 07:00:00,651.6308307604764,0.0,235.0,0.0
2025-04-27 07:30:00,603.5907856154406,0.0,247.0,0.0
2025-04-27 08:00:00,427.8471761653908,0.0,181.0,0.0
2025-04-27 08:30:00,141.40272483608297,0.0,66.0,0.0
2025-04-27 09:00:00,151.0949985419732,0.0,76.0,0.0
2025-04-27 09:30:00,99.95989195757409,0.0,37.0,0.0
2025-04-27 10:00:00,100.84445679361691,0.0,36.0,0.0
2025-04-27 10:30:00,102.17392953795229,0.0,33.0,0.0
2025-04-27 11:00:00,90.99581308501392,0.0,30.0,0.0
2025-04-27 11:30:00,95.60898042285338,0.0,29.000000000000004,0.0
2025-04-27 12:00:00,91.21749797576506,0.0,29.0,0.0
2025-04-27 12:30:00,94.84439227157753,0.0,30.0,0.0
2025-04-27 13:00:00,96.94153836356698,0.0,31.000000000000004,0.0
2025-04-27 13:30:00,101.05458491943519,0.0,30.000000000000004,0.0
2025-04-27 14:00:00,98.14391213966731,0.0,30.000000000000004,0.0
2025-04-27 14:30:00,97.53197265015925,0.0,30.999999999999996,0.0
2025-04-27 15:00:00,100.00712838458324,0.0,31.0,0.0
2025-04-27 15:30:00,94.02952339277118,0.0,31.0,0.0
2025-04-27 16:00:00,105.10619255575547,0.0,31.0,0.0
2025-04-27 16:30:00,113.15857611028676,0.0,32.0,0.0
2025-04-27 17:00:00,108.76754593620547,0.0,33.0,0.0
2025-04-27 17:30:00,104.97545371302566,0.0,33.0,0.0
2025-04-27 18:00:00,105.89095623583792,0.0,32.0,0.0
2025-04-27 18:30:00,83.97197664050961,0.0,28.0,0.0
2025-04-27 19:00:00,92.72373081653937,0.0,28.0,0.0
2025-04-27 19:30:00,110.36925942739109,0.0,29.0,0.0
2025-04-27 20:00:00,94.96391435362442,0.0,30.0,0.0
2025-04-27 20:30:00,94.98088015142022,0.0,29.0,0.0
2025-04-27 21:00:00,100.19162181048148,0.0,29.0,0.0
2025-04-27 21:30:00,104.54695678739617,0.0,30.999999999999996,0.0
2025-04-27 22:00:00,99.10672306495128,0.0,28.0,0.0
2025-04-27 22:30:00,84.31475749869273,0.0,27.0,0.0
2025-04-27 23:00:00,97.16205950795649,0.0,27.000000000000004,0.0
2025-04-27 23:30:00,109.02242260151729,0.0,27.999999999999996,0.0
2025-04-28 00:00:00,93.75572260814025,0.0,22.0,0.0
2025-04-28 00:30:00,81.79909083951387,0.0,22.0,0.0
2025-04-28 01:00:00,90.27272840022437,0.0,23.0,0.0
2025-04-28 01:30:00,89.54441122011055,0.0,23.0,0.0
2025-04-28 02:00:00,93.48040727913518,0.0,21.0,0.0
2025-04-28 02:30:00,89.26093508810095,0.0,25.0,0.0
2025-04-28 03:00:00,87.44324136116595,0.0,24.0,0.0
2025-04-28 03:30:00,90.87548712441513,0.0,21.0,0.0
2025-04-28 04:00:00,81.37043567897499,0.0,21.000000000000004,0.0
2025-04-28 04:30:00,87.22590505911072,0.0,21.999999999999996,0.0
2025-04-28 05:00:00,85.16417826526248,0.0,21.0,0.0
2025-04-28 05:30:00,86.54469177613753,0.0,21.0,0.0
2025-04-28 06:00:00,91.94147243992612,0.0,20.0,0.0
2025-04-28 06:30:00,89.56475867124557,0.0,22.0,0.0
2025-04-28 07:00:00,82.87692266178405,0.0,21.0,0.0
2025-04-28 07:30:00,85.63131336214897,0.0,23.0,0.0
2025-04-28 08:00:00,89.13160659448192,0.0,22.0,0.0
2025-04-28 08:30:00,81.51461736586445,0.0,22.0,0.0
2025-04-28 09:00:00,83.55207922169662,0.0,20.0,0.0
2025-04-28 09:30:00,82.14886609239704,0.0,21.0,0.0
2025-04-28 10:00:00,88.96884011682839,0.0,24.000000000000004,0.0
2025-04-28 10:30:00,81.97319036071205,0.0,23.0,0.0
2025-04-28 11:00:00,89.92520398811126,0.0,19.0,0.0
2025-04-28 11:30:00,80.74772201626963,0.0,19.0,0.0
2025-04-28 12:00:00,91.62110860994403,0.0,20.0,0.0
2025-04-28 12:30:00,80.37284051812296,0.0,20.0,0.0
2025-04-28 13:00:00,81.37288046203781,0.0,20.0,0.0
2025-04-28 13:30:00,87.98142868130553,0.0,20.0,0.0
2025-04-28 14:00:00,85.96995745124211,0.0,19.0,0.0
2025-04-28 14:30:00,84.87639677564873,0.0,22.0,0.0
2025-04-28 15:00:00,85.01691150145689,0.0,20.0,0.0
2025-04-28 15:30:00,81.75322734388658,0.0,21.0,0.0
2025-04-28 16:00:00,82.9152952640359,0.0,20.0,0.0
2025-04-28 16:30:00,82.23644227104761,0.0,22.0,0.0
2025-04-28 17:00:00,88.89453619689935,0.0,22.0,0.0
2025-04-28 17:30:00,82.10125980921083,0.0,23.0,0.0
2025-04-28 18:00:00,90.23765664873898,0.0,22.0,0.0
2025-04-28 18:30:00,84.74033390538317,0.0,23.999999999999996,0.0
2025-04-28 19:00:00,83.03505926925774,0.0,20.0,0.0
2025-04-28 19:30:00,91.54599057108561,0.0,21.0,0.0
2025-04-28 20:00:00,92.51025362589587,0.0,23.0,0.0
2025-04-28 20:30:00,87.9205841475018,0.0,21.0,0.0
2025-04-28 21:00:00,90.16444413314476,0.0,21.0,0.0
2025-04-28 21:30:00,96.52944079343604,0.0,24.0,0.0
2025-04-28 22:00:00,86.29202195871495,0.0,21.999999999999996,0.0
2025-04-28 22:30:00,89.7300399121612,0.0,21.0,0.0
2025-04-28 23:00:00,90.3464445739287,0.0,23.0,0.0
2025-04-28 23:30:00,95.29899288057258,0.0,24.000000000000004,0.0
2025-04-29 00:00:00,709.0726124984864,0.0,250.0,0.0
2025-04-29 00:30:00,692.117394228972,0.0,250.00000000000003,0.0
2025-04-29 01:00:00,624.5306434624792,0.0,241.0,0.0
2025-04-29 01:30:00,679.928504842404,0.0,238.0,0.0
2025-04-29 02:00:00,735.2812203490932,0.0,238.99999999999997,0.0
2025-04-29 02:30:00,689.5800926723775,0.0,228.0,0.0
2025-04-29 03:00:00,682.8719834274551,0.0,238.00000000000003,0.0
2025-04-29 03:30:00,757.5244803600788,0.0,241.0,0.0
2025-04-29 04:00:00,675.7959075783772,0.0,241.00000000000003,0.0
2025-04-29 04:30:00,700.7308540258138,0.0,238.0,0.0
2025-04-29 05:00:00,651.707090241082,0.0,238.0,0.0
2025-04-29 05:30:00,655.7324625609903,0.0,239.99999999999997,0.0
2025-04-29 06:00:00,643.1491090446281,0.0,237.99999999999997,0.0
2025-04-29 06:30:00,587.6970716922076,0.0,233.0,0.0
2025-04-29 07:00:00,742.0680361817494,0.0,247.00000000000003,0.0
2025-04-29 07:30:00,690.0774076258276,0.0,256.0,0.0
2025-04-29 08:00:00,729.7373119815051,0.0,276.0,0.0
2025-04-29 08:30:00,833.9154547877424,0.0,315.0,0.0
2025-04-29 09:00:00,897.9302559587143,0.0,327.0,0.0
2025-04-29 09:30:00,1027.1824283276435,0.0,329.0,0.0
2025-04-29 10:00:00,1021.8925062976779,0.0,360.0,0.0
2025-04-29 10:30:00,887.7057388768002,0.0,378.0,0.0
2025-04-29 11:00:00,942.6918129130781,0.0,372.0,0.0
2025-04-29 11:30:00,928.9845705263855,0.0,392.0,0.0
2025-04-29 12:00:00,991.6989582722443,0.0,328.0,0.0
2025-04-29 12:30:00,967.0619143995016,0.0,318.0,0.0
2025-04-29 13:00:00,937.2868617081791,0.0,332.0,0.0
2025-04-29 13:30:00,988.4738613537048,0.0,336.0,0.0
2025-04-29 14:00:00,963.4393910335295,0.0,328.0,0.0
2025-04-29 14:30:00,1063.258800997537,0.0,324.0,0.0
2025-04-29 15:00:00,1016.1498828151182,0.0,323.0,0.0
2025-04-29 15:30:00,1024.3964487406188,0.0,323.0,0.0
2025-04-29 16:00:00,840.8278331406242,0.0,312.0,0.0
2025-04-29 16:30:00,920.914363038109,0.0,294.0,0.0
2025-04-29 17:00:00,1049.2285606922924,0.0,310.0,0.0
2025-04-29 17:30:00,1017.7361945448257,0.0,313.0,0.0
2025-04-29 18:00:00,840.5705167239604,0.0,306.0,0.0
2025-04-29 18:30:00,720.3809652175256,0.0,213.00000000000003,0.0
2025-04-29 19:00:00,666.1711539265053,0.0,212.0,0.0
2025-04-29 19:30:00,755.7091675623305,0.0,207.99999999999997,0.0
2025-04-29 20:00:00,652.5743104291639,0.0,185.0,0.0
2025-04-29 20:30:00,472.5352630973986,0.0,120.0,0.0
2025-04-29 21:00:00,474.35877470818707,0.0,118.0,0.0
2025-04-29 21:30:00,415.4665559243766,0.0,125.00000000000001,0.0
2025-04-29 22:00:00,592.8446003464122,0.0,202.0,0.0
2025-04-29 22:30:00,776.3120121571403,0.0,253.0,0.0
2025-04-29 23:00:00,821.8928655896934,0.0,264.0,0.0
2025-04-29 23:30:00,703.4761084321306,0.0,263.0,0.0
2025-04-30 00:00:00,676.7365584900542,0.0,223.0,0.0
2025-04-30 00:30:00,726.8979772268057,0.0,198.29787234042553,0.0
2025-04-30 01:00:00,725.6107056022903,0.0,196.82978723404253,0.0
2025-04-30 01:30:00,803.3221254190389,0.0,208.91489361702125,0.0
2025-04-30 02:00:00,703.5868324013262,0.0,209.70212765957447,0.0
2025-04-30 02:30:00,719.9598937295121,0.0,208.0,0.0
2025-04-30 03:00:00,663.0382837313846,0.0,205.06382978723408,0.0
2025-04-30 03:30:00,694.5706057512391,0.0,200.38297872340425,0.0
2025-04-30 04:00:00,685.8153985765553,0.0,199.91489361702125,0.0
2025-04-30 04:30:00,723.7688141297139,0.0,204.2340425531915,0.0
2025-04-30 05:00:00,732.066468658527,0.0,203.8085106382979,0.0
2025-04-30 05:30:00,715.0774350146837,0.0,197.0,0.0
2025-04-30 06:00:00,650.7645721160317,0.0,197.00000000000003,0.0
2025-04-30 06:30:00,687.6517954657703,0.0,190.74468085106386,0.0
2025-04-30 07:00:00,665.0128175637194,0.0,188.38297872340422,0.0
2025-04-30 07:30:00,688.1702479738897,0.0,205.36170212765958,0.0
2025-04-30 08:00:00,717.9912351693771,0.0,233.70212765957444,0.0
2025-04-30 08:30:00,803.5188623311717,0.0,301.87234042553183,0.0
2025-04-30 09:00:00,969.7650228431345,0.0,355.8936170212766,0.0
2025-04-30 09:30:00,926.701685793361,0.0,349.14893617021283,0.0
2025-04-30 10:00:00,930.669868172351,0.0,324.0851063829787,0.0
2025-04-30 10:30:00,918.1677298457876,0.0,328.1489361702128,0.0
2025-04-30 11:00:00,1044.5761478246998,0.0,323.97872340425533,0.0
2025-04-30 11:30:00,963.967864472632,0.0,317.1276595744681,0.0
2025-04-30 12:00:00,868.5920369093519,0.0,319.8723404255319,0.0
2025-04-30 12:30:00,911.1606713473984,0.0,320.8723404255319,0.0
2025-04-30 13:00:00,919.6713817705449,0.0,304.468085106383,0.0
2025-04-30 13:30:00,922.2330124305068,0.0,290.17021276595744,0.0
2025-04-30 14:00:00,893.6728446935583,0.0,288.468085106383,0.0
2025-04-30 14:30:00,959.4328370815315,0.0,287.3404255319149,0.0
2025-04-30 15:00:00,998.5387901890648,0.0,281.4255319148936,0.0
2025-04-30 15:30:00,851.3083632478495,0.0,273.3829787234043,0.0
2025-04-30 16:00:00,856.1537455752447,0.0,272.531914893617,0.0
2025-04-30 16:30:00,905.7548107215064,0.0,284.8936170212766,0.0
2025-04-30 17:00:00,891.9978341846346,0.0,276.9574468085106,0.0
2025-04-30 17:30:00,1017.5823338894244,0.0,284.93617021276594,0.0
2025-04-30 18:00:00,975.5104023624159,0.0,282.1914893617021,0.0
2025-04-30 18:30:00,968.4465265470557,0.0,275.1914893617021,0.0
2025-04-30 19:00:00,885.5966983278604,0.0,265.57446808510645,0.0
2025-04-30 19:30:00,832.9294735720248,0.0,253.468085106383,0.0
2025-04-30 20:00:00,742.376745197171,0.0,244.2340425531915,0.0
2025-04-30 20:30:00,772.6662070905321,0.0,218.53191489361703,0.0
2025-04-30 21:00:00,721.8486260909016,0.0,197.0,0.0
2025-04-30 21:30:00,748.7111803906088,0.0,194.61702127659572,0.0
2025-04-30 22:00:00,688.170501948921,0.0,188.21276595744683,0.0
2025-04-30 22:30:00,674.0239295816303,0.0,183.17021276595744,0.0
2025-04-30 23:00:00,686.1624185116275,0.0,183.91489361702128,0.0
2025-04-30 23:30:00,698.677284668896,0.0,183.0,0.0
2025-05-01 00:00:00,461.1035828961174,0.0,175.0,0.0
2025-05-01 00:30:00,468.09064814380946,0.0,163.0,0.0
2025-05-01 01:00:00,450.7082919054452,0.0,170.0,0.0
2025-05-01 01:30:00,496.6057967789918,0.0,176.0,0.0
2025-05-01 02:00:00,518.1317544363283,0.0,170.0,0.0
2025-05-01 02:30:00,464.54815156314925,0.0,170.0,0.0
2025-05-01 03:00:00,441.522208190694,0.0,171.0,0.0
2025-05-01 03:30:00,441.51392608892945,0.0,173.0,0.0
2025-05-01 04:00:00,481.0294339360022,0.0,172.0,0.0
2025-05-01 04:30:00,470.4603785266968,0.0,178.0,0.0
2025-05-01 05:00:00,479.5147096439712,0.0,174.0,0.0
2025-05-01 05:30:00,446.4026993982778,0.0,170.0,0.0
2025-05-01 06:00:00,487.63968959202055,0.0,177.0,0.0
2025-05-01 06:30:00,432.40522568780347,0.0,158.0,0.0
2025-05-01 07:00:00,436.17757319557643,0.0,160.0,0.0
2025-05-01 07:30:00,485.4574681793043,0.0,192.0,0.0
2025-05-01 08:00:00,456.7564548616476,0.0,203.0,0.0
2025-05-01 08:30:00,602.8492869782942,0.0,217.0,0.0
2025-05-01 09:00:00,577.1203370295115,0.0,248.0,0.0
2025-05-01 09:30:00,618.3290025986425,0.0,271.0,0.0
2025-05-01 10:00:00,577.9382079685345,0.0,310.0,0.0
2025-05-01 10:30:00,577.2672299575181,0.0,285.0,0.0
2025-05-01 11:00:00,593.4727961298167,0.0,269.0,0.0
2025-05-01 11:30:00,621.9259981325519,0.0,259.0,0.0
2025-05-01 12:00:00,534.7497406795865,0.0,231.0,0.0
2025-05-01 12:30:00,542.0191294516916,0.0,251.0,0.0
2025-05-01 13:00:00,566.645682900133,0.0,262.0,0.0
2025-05-01 13:30:00,568.0176667545883,0.0,255.0,0.0
2025-05-01 14:00:00,643.4581081961318,0.0,276.0,0.0
2025-05-01 14:30:00,617.1002723161561,0.0,278.0,0.0
2025-05-01 15:00:00,615.2787187891146,0.0,264.0,0.0
2025-05-01 15:30:00,609.1466919654574,0.0,270.0,0.0
2025-05-01 16:00:00,561.7202413030344,0.0,275.0,0.0
2025-05-01 16:30:00,535.8917205502471,0.0,252.0,0.0
2025-05-01 17:00:00,542.2301128584539,0.0,267.0,0.0
2025-05-01 17:30:00,559.1255694348406,0.0,273.0,0.0
2025-05-01 18:00:00,638.1346805852419,0.0,282.0,0.0
2025-05-01 18:30:00,601.7470880809949,0.0,276.0,0.0
2025-05-01 19:00:00,589.59926277457,0.0,272.0,0.0
2025-05-01 19:30:00,500.8989340901709,0.0,260.0,0.0
2025-05-01 20:00:00,577.1036074826147,0.0,226.0,0.0
2025-05-01 20:30:00,445.85604494307154,0.0,193.0,0.0
2025-05-01 21:00:00,558.3684378399414,0.0,204.0,0.0
2025-05-01 21:30:00,459.49301314500724,0.0,203.0,0.0
2025-05-01 22:00:00,471.7415082160186,0.0,202.0,0.0
2025-05-01 22:30:00,434.286069368,0.0,203.0,0.0
2025-05-01 23:00:00,487.89687654856294,0.0,197.0,0.0
2025-05-01 23:30:00,447.27655482186054,0.0,196.0,0.0
2025-05-02 00:00:00,670.7446650652803,0.0,198.99999999999997,0.0
2025-05-02 00:30:00,634.3044028561158,0.0,180.00000000000003,0.0
2025-05-02 01:00:00,670.6637517849978,0.0,178.0,0.0
2025-05-02 01:30:00,643.0526413818175,0.0,170.0,0.0
2025-05-02 02:00:00,586.5603541911634,0.0,170.0,0.0
2025-05-02 02:30:00,692.0033506542618,0.0,171.0,0.0
2025-05-02 03:00:00,686.5419405931241,0.0,187.0,0.0
2025-05-02 03:30:00,657.3174614359693,0.0,187.0,0.0
2025-05-02 04:00:00,654.525300517859,0.0,196.0,0.0
2025-05-02 04:30:00,636.2324421844615,0.0,194.0,0.0
2025-05-02 05:00:00,685.8933211602132,0.0,191.0,0.0
2025-05-02 05:30:00,713.729854109042,0.0,181.00000000000003,0.0
2025-05-02 06:00:00,670.3410636982677,0.0,181.0,0.0
2025-05-02 06:30:00,586.443009408076,0.0,172.0,0.0
2025-05-02 07:00:00,640.2766327862182,0.0,173.0,0.0
2025-05-02 07:30:00,601.0925098326949,0.0,160.0,0.0
2025-05-02 08:00:00,412.95158346907425,0.0,92.0,0.0
2025-05-02 08:30:00,135.23168647676445,0.0,8.0,4.0
2025-05-02 09:00:00,66.10007945498295,0.0,0.0,15.0
2025-05-02 09:30:00,116.49152329910936,0.0,12.0,10.0
2025-05-02 10:00:00,145.60833032615122,0.0,25.0,0.0
2025-05-02 10:30:00,144.3531676789436,0.0,26.0,0.0
2025-05-02 11:00:00,152.89545645544203,0.0,25.999999999999996,0.0
2025-05-02 11:30:00,156.45009355071505,0.0,26.000000000000004,0.0
2025-05-02 12:00:00,138.79604634623163,0.0,23.0,0.0
2025-05-02 12:30:00,153.26562692726853,0.0,23.0,0.0
2025-05-02 13:00:00,156.97084168733892,0.0,50.0,0.0
2025-05-02 13:30:00,151.55514004402423,0.0,65.0,0.0
2025-05-02 14:00:00,146.64966487430968,0.0,66.0,0.0
2025-05-02 14:30:00,141.79873697876883,0.0,63.0,0.0
2025-05-02 15:00:00,156.74832404093058,0.0,60.0,0.0
2025-05-02 15:30:00,136.86317406321407,0.0,60.0,0.0
2025-05-02 16:00:00,155.929742586214,0.0,61.0,0.0
2025-05-02 16:30:00,147.86844026868258,0.0,61.0,0.0
2025-05-02 17:00:00,149.43052249393125,0.0,64.0,0.0
2025-05-02 17:30:00,138.28685694707528,0.0,65.0,0.0
2025-05-02 18:00:00,104.22973769182492,0.0,33.0,0.0
2025-05-02 18:30:00,90.90591212561017,0.0,18.0,0.0
2025-05-02 19:00:00,79.36691610140944,0.0,17.0,0.0
2025-05-02 19:30:00,91.47516255761136,0.0,17.0,0.0
2025-05-02 20:00:00,94.92058289863338,0.0,22.0,0.0
2025-05-02 20:30:00,92.47445755491616,0.0,22.0,0.0
2025-05-02 21:00:00,101.8229413447938,0.0,25.0,0.0
2025-05-02 21:30:00,85.96309980583358,0.0,22.0,0.0
2025-05-02 22:00:00,102.5472709736683,0.0,24.0,0.0
2025-05-02 22:30:00,91.93664800970667,0.0,26.000000000000004,0.0
2025-05-02 23:00:00,90.04776118422278,0.0,28.0,0.0
2025-05-02 23:30:00,85.6371882262618,0.0,27.0,0.0
2025-05-03 00:00:00,685.6827638165975,0.0,235.0,0.0
2025-05-03 00:30:00,663.2378281152324,0.0,229.0,0.0
2025-05-03 01:00:00,666.5617192103914,0.0,226.0,0.0
2025-05-03 01:30:00,585.3987214037176,0.0,225.0,0.0
2025-05-03 02:00:00,593.9608896281798,0.0,225.0,0.0
2025-05-03 02:30:00,640.0430982619449,0.0,205.0,0.0
2025-05-03 03:00:00,560.55430316377,0.0,232.0,0.0
2025-05-03 03:30:00,684.1759273422298,0.0,234.00000000000003,0.0
2025-05-03 04:00:00,585.9253718785429,0.0,234.0,0.0
2025-05-03 04:30:00,677.356600625332,0.0,235.0,0.0
2025-05-03 05:00:00,629.1000156145627,0.0,234.0,0.0
2025-05-03 05:30:00,689.5620857090211,0.0,232.99999999999997,0.0
2025-05-03 06:00:00,767.609922227788,0.0,235.0,0.0
2025-05-03 06:30:00,578.8693844883946,0.0,233.0,0.0
2025-05-03 07:00:00,698.6241940689058,0.0,241.0,0.0
2025-05-03 07:30:00,584.5037320122332,0.0,239.0,0.0
2025-05-03 08:00:00,506.17533389254976,0.0,179.0,0.0
2025-05-03 08:30:00,219.2594813582539,0.0,14.999999999999998,3.0
2025-05-03 09:00:00,229.32854510864658,0.0,22.0,0.0
2025-05-03 09:30:00,351.74990114296145,0.0,95.0,0.0
2025-05-03 10:00:00,391.66124856123525,0.0,142.0,0.0
2025-05-03 10:30:00,346.7301920083336,0.0,143.0,0.0
2025-05-03 11:00:00,419.3099195696211,0.0,145.0,0.0
2025-05-03 11:30:00,379.5217984351942,0.0,143.0,0.0
2025-05-03 12:00:00,356.3709398942633,0.0,152.0,0.0
2025-05-03 12:30:00,416.08044524371695,0.0,156.0,0.0
2025-05-03 13:00:00,412.3070172266427,0.0,174.0,0.0
2025-05-03 13:30:00,503.7660891403144,0.0,215.0,0.0
2025-05-03 14:00:00,492.4415689807161,0.0,214.0,0.0
2025-05-03 14:30:00,407.27132960147975,0.0,209.0,0.0
2025-05-03 15:00:00,420.30629025122994,0.0,211.0,0.0
2025-05-03 15:30:00,404.58377037178536,0.0,215.0,0.0
2025-05-03 16:00:00,418.1484396597366,0.0,216.0,0.0
2025-05-03 16:30:00,393.7798725423009,0.0,219.00000000000003,0.0
2025-05-03 17:00:00,381.3319305387231,0.0,217.0,0.0
2025-05-03 17:30:00,291.06177006965487,0.0,159.0,0.0
2025-05-03 18:00:00,212.6111883903792,0.0,115.0,0.0
2025-05-03 18:30:00,118.56005495679989,0.0,60.0,0.0
2025-05-03 19:00:00,118.67198199360602,0.0,65.0,0.0
2025-05-03 19:30:00,119.39446661779412,0.0,65.0,0.0
2025-05-03 20:00:00,117.34178798760736,0.0,64.0,0.0
2025-05-03 20:30:00,116.38571555429057,0.0,60.00000000000001,0.0
2025-05-03 21:00:00,110.3320655034763,0.0,59.0,0.0
2025-05-03 21:30:00,78.82721311240307,0.0,29.0,0.0
2025-05-03 22:00:00,85.77869689984479,0.0,26.0,0.0
2025-05-03 22:30:00,76.89736187269529,0.0,22.999999999999996,0.0
2025-05-03 23:00:00,79.34965771974126,0.0,24.0,0.0
2025-05-03 23:30:00,68.07003092795526,0.0,25.0,0.0
2025-05-04 00:00:00,84.21877008463208,0.0,23.0,0.0
2025-05-04 00:30:00,77.89429219321823,0.0,23.0,0.0
2025-05-04 01:00:00,75.7501313220565,0.0,23.000000000000004,0.0
2025-05-04 01:30:00,80.91954381281107,0.0,25.999999999999996,0.0
2025-05-04 02:00:00,83.18801611815138,0.0,26.0,0.0
2025-05-04 02:30:00,83.15353235703026,0.0,23.0,0.0
2025-05-04 03:00:00,81.19876107817598,0.0,24.0,0.0
2025-05-04 03:30:00,78.85109316127837,0.0,26.0,0.0
2025-05-04 04:00:00,75.81952310383069,0.0,26.0,0.0
2025-05-04 04:30:00,78.85778637239903,0.0,26.0,0.0
2025-05-04 05:00:00,83.0655072531263,0.0,25.0,0.0
2025-05-04 05:30:00,80.45796591871941,0.0,27.0,0.0
2025-05-04 06:00:00,78.39199339893722,0.0,25.999999999999996,0.0
2025-05-04 06:30:00,75.79428388931862,0.0,25.0,0.0
2025-05-04 07:00:00,74.36057178325403,0.0,25.0,0.0
2025-05-04 07:30:00,72.9041556880836,0.0,26.0,0.0
2025-05-04 08:00:00,70.82636090310116,0.0,23.0,0.0
2025-05-04 08:30:00,77.53361698657618,0.0,25.0,0.0
2025-05-04 09:00:00,66.3945617041365,0.0,22.0,0.0
2025-05-04 09:30:00,69.48230084303293,0.0,23.0,0.0
2025-05-04 10:00:00,67.30603407952012,0.0,24.0,0.0
2025-05-04 10:30:00,71.78312664532947,0.0,23.0,0.0
2025-05-04 11:00:00,77.40079532490698,0.0,25.0,0.0
2025-05-04 11:30:00,77.19945731006563,0.0,23.0,0.0
2025-05-04 12:00:00,71.06533471561717,0.0,21.0,0.0
2025-05-04 12:30:00,73.45044479130688,0.0,24.000000000000004,0.0
2025-05-04 13:00:00,71.89376395793904,0.0,24.0,0.0
2025-05-04 13:30:00,73.28502668650945,0.0,22.0,0.0
2025-05-04 14:00:00,72.5208555944222,0.0,24.0,0.0
2025-05-04 14:30:00,72.66106274281852,0.0,25.0,0.0
2025-05-04 15:00:00,72.94901275027391,0.0,24.999999999999996,0.0
2025-05-04 15:30:00,75.16081439147166,0.0,25.999999999999996,0.0
2025-05-04 16:00:00,70.34987580760134,0.0,26.0,0.0
2025-05-04 16:30:00,70.53428645228142,0.0,24.0,0.0
2025-05-04 17:00:00,79.77455540024296,0.0,25.0,0.0
2025-05-04 17:30:00,83.46125937551045,0.0,27.0,0.0
2025-05-04 18:00:00,68.08718072893542,0.0,25.0,0.0
2025-05-04 18:30:00,67.88756556214773,0.0,26.000000000000004,0.0
2025-05-04 19:00:00,68.98271388126498,0.0,23.0,0.0
2025-05-04 19:30:00,75.20956979115427,0.0,24.0,0.0
2025-05-04 20:00:00,80.0830788085503,0.0,26.0,0.0
2025-05-04 20:30:00,79.99701767985754,0.0,25.0,0.0
2025-05-04 21:00:00,78.36834096639213,0.0,25.0,0.0
2025-05-04 21:30:00,80.83268371614673,0.0,27.0,0.0
2025-05-04 22:00:00,75.01124528149879,0.0,25.0,0.0
2025-05-04 22:30:00,76.75158303174108,0.0,25.0,0.0
2025-05-04 23:00:00,77.62193267956003,0.0,27.0,0.0
2025-05-04 23:30:00,71.54531952348286,0.0,26.0,0.0
2025-05-05 00:00:00,91.19170711492123,0.0,25.0,0.0
2025-05-05 00:30:00,86.74228143173583,0.0,25.0,0.0
2025-05-05 01:00:00,83.89662669270932,0.0,23.085106382978722,0.0
2025-05-05 01:30:00,86.83483431539958,0.0,20.19148936170213,0.0
2025-05-05 02:00:00,86.23001541115866,0.0,20.0,0.0
2025-05-05 02:30:00,93.93007531294914,0.0,19.106382978723403,0.0
2025-05-05 03:00:00,99.04852688570634,0.0,20.74468085106383,0.0
2025-05-05 03:30:00,89.30063836711125,0.0,21.851063829787233,0.0
2025-05-05 04:00:00,85.48883604721095,0.0,20.340425531914896,0.0
2025-05-05 04:30:00,88.51651321335308,0.0,20.0,0.0
2025-05-05 05:00:00,81.91229683777642,0.0,19.21276595744681,0.0
2025-05-05 05:30:00,89.84437451520598,0.0,19.0,0.0
2025-05-05 06:00:00,120.34198100855289,0.0,19.0,0.0
2025-05-05 06:30:00,131.53593051537388,0.0,19.72340425531915,0.0
2025-05-05 07:00:00,247.30172240468644,0.0,91.61702127659564,0.0
2025-05-05 07:30:00,385.4339988042803,0.0,182.595744680851,0.0
2025-05-05 08:00:00,653.99917724202,0.0,275.6382978723404,0.0
2025-05-05 08:30:00,852.1200074465544,0.0,318.57446808510633,0.0
2025-05-05 09:00:00,937.4339168858339,0.0,306.7234042553192,0.0
2025-05-05 09:30:00,908.2625353135741,0.0,293.6170212765958,0.0
2025-05-05 10:00:00,960.6335774400673,0.0,285.10638297872345,0.0
2025-05-05 10:30:00,962.882934817234,0.0,303.23404255319144,0.0
2025-05-05 11:00:00,957.1425466607759,0.0,327.3191489361702,0.0
2025-05-05 11:30:00,951.7452668881477,0.0,332.0,0.0
2025-05-05 12:00:00,835.5060138785889,0.0,349.6170212765958,0.0
2025-05-05 12:30:00,890.3801651613427,0.0,372.6808510638298,0.0
2025-05-05 13:00:00,837.5319383175796,0.0,373.531914893617,0.0
2025-05-05 13:30:00,800.9128343789255,0.0,371.4042553191489,0.0
2025-05-05 14:00:00,885.9250859537327,0.0,375.1914893617021,0.0
2025-05-05 14:30:00,964.62220805111,0.0,373.2340425531915,0.0
2025-05-05 15:00:00,921.3798628358635,0.0,355.7234042553192,0.0
2025-05-05 15:30:00,989.5787306060972,0.0,320.19148936170217,0.0
2025-05-05 16:00:00,905.0968814705965,0.0,299.3404255319149,0.0
2025-05-05 16:30:00,987.4406341045885,0.0,288.3617021276595,0.0
2025-05-05 17:00:00,899.2949486628052,0.0,302.6595744680851,0.0
2025-05-05 17:30:00,898.2446769540774,0.0,303.1702127659575,0.0
2025-05-05 18:00:00,834.1734494711275,0.0,284.27659574468095,0.0
2025-05-05 18:30:00,916.0019150308577,0.0,257.936170212766,0.0
2025-05-05 19:00:00,846.5707617553062,0.0,250.55319148936175,0.0
2025-05-05 19:30:00,813.731940846006,0.0,233.95744680851064,0.0
2025-05-05 20:00:00,852.0212331486141,0.0,219.82978723404264,0.0
2025-05-05 20:30:00,762.2969996354384,0.0,196.51063829787236,0.0
2025-05-05 21:00:00,763.7617944035555,0.0,200.1063829787234,0.0
2025-05-05 21:30:00,712.915135691887,0.0,200.91489361702128,0.0
2025-05-05 22:00:00,718.3972537578142,0.0,199.48936170212767,0.0
2025-05-05 22:30:00,716.6074677511468,0.0,191.7021276595745,0.0
2025-05-05 23:00:00,734.8090429483666,0.0,184.82978723404256,0.0
2025-05-05 23:30:00,734.3838321672697,0.0,177.0,0.0
2025-05-06 00:00:00,653.6105418388761,0.0,172.99999999999997,0.0
2025-05-06 00:30:00,699.1145925567666,0.0,161.0,0.0
2025-05-06 01:00:00,704.3083724974257,0.0,157.0,0.0
2025-05-06 01:30:00,685.5635714269745,0.0,173.0,0.0
2025-05-06 02:00:00,682.8002947718755,0.0,179.00000000000003,0.0
2025-05-06 02:30:00,738.633276600413,0.0,181.0,0.0
2025-05-06 03:00:00,658.5812150589896,0.0,175.0,0.0
2025-05-06 03:30:00,709.7955980803872,0.0,172.0,0.0
2025-05-06 04:00:00,763.5624318553006,0.0,174.0,0.0
2025-05-06 04:30:00,731.9390095895591,0.0,181.0,0.0
2025-05-06 05:00:00,675.2086560646344,0.0,181.0,0.0
2025-05-06 05:30:00,713.6485416889104,0.0,183.0,0.0
2025-05-06 06:00:00,679.7901715128733,0.0,175.0,0.0
2025-05-06 06:30:00,614.4128095496529,0.0,166.0,0.0
2025-05-06 07:00:00,716.2040939397077,0.0,173.0,0.0
2025-05-06 07:30:00,790.4933361985775,0.0,190.0,0.0
2025-05-06 08:00:00,806.2683717786282,0.0,227.99999999999997,0.0
2025-05-06 08:30:00,839.6090285946057,0.0,233.0,0.0
2025-05-06 09:00:00,851.5891800551206,0.0,290.0,0.0
2025-05-06 09:30:00,934.7891577349811,0.0,314.0,0.0
2025-05-06 10:00:00,923.5304722063619,0.0,315.0,0.0
2025-05-06 10:30:00,914.1763588803885,0.0,318.0,0.0
2025-05-06 11:00:00,1003.3728279192901,0.0,309.0,0.0
2025-05-06 11:30:00,917.6152054389643,0.0,296.0,0.0
2025-05-06 12:00:00,851.0799856191744,0.0,262.0,0.0
2025-05-06 12:30:00,895.7412160104342,0.0,282.0,0.0
2025-05-06 13:00:00,878.9263975121912,0.0,290.0,0.0
2025-05-06 13:30:00,839.1023696221888,0.0,290.0,0.0
2025-05-06 14:00:00,883.3764805459817,0.0,286.0,0.0
2025-05-06 14:30:00,844.238858154697,0.0,283.0,0.0
2025-05-06 15:00:00,879.8758590466352,0.0,283.0,0.0
2025-05-06 15:30:00,879.9815477265503,0.0,304.0,0.0
2025-05-06 16:00:00,869.2443238411073,0.0,356.0,0.0
2025-05-06 16:30:00,783.1892418202378,0.0,336.0,0.0
2025-05-06 17:00:00,841.9112466105886,0.0,345.0,0.0
2025-05-06 17:30:00,830.3814056602034,0.0,349.0,0.0
2025-05-06 18:00:00,768.2104092521945,0.0,358.0,0.0
2025-05-06 18:30:00,857.0151853218596,0.0,356.0,0.0
2025-05-06 19:00:00,873.9402859488401,0.0,380.0,0.0
2025-05-06 19:30:00,962.7493139680546,0.0,380.0,0.0
2025-05-06 20:00:00,783.4206817485814,0.0,352.0,0.0
2025-05-06 20:30:00,715.2023378018217,0.0,339.0,0.0
2025-05-06 21:00:00,684.3112231723385,0.0,338.0,0.0
2025-05-06 21:30:00,735.2409141627635,0.0,343.0,0.0
2025-05-06 22:00:00,749.8595450668747,0.0,342.0,0.0
2025-05-06 22:30:00,688.0589416753842,0.0,320.0,0.0
2025-05-06 23:00:00,681.734598682593,0.0,312.0,0.0
2025-05-06 23:30:00,612.1396739599357,0.0,312.00000000000006,0.0
2025-05-07 00:00:00,767.81756386117,0.0,223.00000000000003,0.0
2025-05-07 00:30:00,726.4900670898808,0.0,198.29787234042553,0.0
2025-05-07 01:00:00,740.3549522161253,0.0,196.82978723404258,0.0
2025-05-07 01:30:00,758.0769958435947,0.0,208.91489361702128,0.0
2025-05-07 02:00:00,752.3785058773856,0.0,209.70212765957447,0.0
2025-05-07 02:30:00,730.7101253715476,0.0,208.0,0.0
2025-05-07 03:00:00,739.5031773656056,0.0,205.06382978723408,0.0
2025-05-07 03:30:00,642.1653439439541,0.0,200.38297872340425,0.0
2025-05-07 04:00:00,651.2374908877484,0.0,199.91489361702128,0.0
2025-05-07 04:30:00,681.3120678270224,0.0,204.2340425531915,0.0
2025-05-07 05:00:00,692.1195834745442,0.0,203.80851063829786,0.0
2025-05-07 05:30:00,694.5381514230171,0.0,197.0,0.0
2025-05-07 06:00:00,690.4240302597444,0.0,197.0,0.0
2025-05-07 06:30:00,691.5369155618929,0.0,190.74468085106383,0.0
2025-05-07 07:00:00,704.7544821858245,0.0,188.38297872340425,0.0
2025-05-07 07:30:00,669.0107142165532,0.0,205.36170212765956,0.0
2025-05-07 08:00:00,753.239971575862,0.0,233.7021276595745,0.0
2025-05-07 08:30:00,791.6192273421608,0.0,301.87234042553183,0.0
2025-05-07 09:00:00,883.6568729217759,0.0,355.8936170212766,0.0
2025-05-07 09:30:00,927.3579254677926,0.0,349.14893617021283,0.0
2025-05-07 10:00:00,765.368467126772,0.0,324.0851063829787,0.0
2025-05-07 10:30:00,1042.5341180131218,0.0,328.1489361702128,0.0
2025-05-07 11:00:00,957.10596195066,0.0,323.97872340425533,0.0
2025-05-07 11:30:00,877.9680481727764,0.0,317.1276595744681,0.0
2025-05-07 12:00:00,987.9143173327967,0.0,319.8723404255319,0.0
2025-05-07 12:30:00,907.7511088858369,0.0,320.8723404255319,0.0
2025-05-07 13:00:00,935.7894856566288,0.0,304.468085106383,0.0
2025-05-07 13:30:00,893.2562455863816,0.0,290.17021276595744,0.0
2025-05-07 14:00:00,1002.6438535039401,0.0,288.468085106383,0.0
2025-05-07 14:30:00,933.9058817418211,0.0,287.3404255319149,0.0
2025-05-07 15:00:00,937.9059676170341,0.0,281.4255319148936,0.0
2025-05-07 15:30:00,965.9958168794681,0.0,273.3829787234043,0.0
2025-05-07 16:00:00,933.8798900229685,0.0,272.531914893617,0.0
2025-05-07 16:30:00,925.655426579541,0.0,284.8936170212766,0.0
2025-05-07 17:00:00,962.5428739954174,0.0,276.9574468085106,0.0
2025-05-07 17:30:00,1042.5618994303543,0.0,284.93617021276594,0.0
2025-05-07 18:00:00,943.7253432202635,0.0,282.1914893617021,0.0
2025-05-07 18:30:00,930.1807957759139,0.0,275.1914893617021,0.0
2025-05-07 19:00:00,905.1161199609608,0.0,265.57446808510645,0.0
2025-05-07 19:30:00,900.393984747234,0.0,253.46808510638297,0.0
2025-05-07 20:00:00,776.4975034615289,0.0,244.2340425531915,0.0
2025-05-07 20:30:00,733.2532021555821,0.0,218.53191489361703,0.0
2025-05-07 21:00:00,650.3897285096413,0.0,196.99999999999997,0.0
2025-05-07 21:30:00,661.8364299116984,0.0,194.61702127659572,0.0
2025-05-07 22:00:00,677.495577480646,0.0,188.21276595744683,0.0
2025-05-07 22:30:00,676.9375674717064,0.0,183.17021276595744,0.0
2025-05-07 23:00:00,740.5598982134526,0.0,183.91489361702128,0.0
2025-05-07 23:30:00,686.7749393787118,0.0,183.00000000000003,0.0
2025-05-08 00:00:00,638.8825500459585,0.0,175.0,0.0
2025-05-08 00:30:00,709.9567630347493,0.0,163.0,0.0
2025-05-08 01:00:00,659.1507014288522,0.0,170.0,0.0
2025-05-08 01:30:00,674.3553696532512,0.0,176.0,0.0
2025-05-08 02:00:00,716.9155367974835,0.0,170.0,0.0
2025-05-08 02:30:00,687.6318388044459,0.0,170.0,0.0
2025-05-08 03:00:00,750.6192971212929,0.0,171.0,0.0
2025-05-08 03:30:00,684.6092996213861,0.0,173.0,0.0
2025-05-08 04:00:00,648.3682063039337,0.0,172.0,0.0
2025-05-08 04:30:00,653.4791164029876,0.0,178.0,0.0
2025-05-08 05:00:00,595.6454379359326,0.0,174.0,0.0
2025-05-08 05:30:00,646.0732024828687,0.0,170.0,0.0
2025-05-08 06:00:00,707.1280627337347,0.0,177.0,0.0
2025-05-08 06:30:00,641.2932048802151,0.0,158.0,0.0
2025-05-08 07:00:00,647.4567609321635,0.0,160.0,0.0
2025-05-08 07:30:00,672.4942447055593,0.0,192.0,0.0
2025-05-08 08:00:00,701.9230609075871,0.0,202.99999999999997,0.0
2025-05-08 08:30:00,822.9668487639768,0.0,217.0,0.0
2025-05-08 09:00:00,846.291468401128,0.0,247.99999999999997,0.0
2025-05-08 09:30:00,862.8841810706873,0.0,271.0,0.0
2025-05-08 10:00:00,814.5930563478113,0.0,310.0,0.0
2025-05-08 10:30:00,908.1919205046901,0.0,285.0,0.0
2025-05-08 11:00:00,723.5147725620152,0.0,269.0,0.0
2025-05-08 11:30:00,858.219718571767,0.0,259.0,0.0
2025-05-08 12:00:00,885.1516022876948,0.0,230.99999999999997,0.0
2025-05-08 12:30:00,748.4948162142753,0.0,251.0,0.0
2025-05-08 13:00:00,793.5559992755564,0.0,262.0,0.0
2025-05-08 13:30:00,791.3868434559128,0.0,255.0,0.0
2025-05-08 14:00:00,829.802951429982,0.0,276.0,0.0
2025-05-08 14:30:00,911.1379593808358,0.0,278.0,0.0
2025-05-08 15:00:00,871.6657830637129,0.0,264.0,0.0
2025-05-08 15:30:00,846.3966156469874,0.0,270.0,0.0
2025-05-08 16:00:00,885.495872473185,0.0,275.0,0.0
2025-05-08 16:30:00,804.9736297653202,0.0,252.0,0.0
2025-05-08 17:00:00,949.2154508173229,0.0,267.0,0.0
2025-05-08 17:30:00,862.2257569238378,0.0,273.0,0.0
2025-05-08 18:00:00,885.3106789925424,0.0,282.0,0.0
2025-05-08 18:30:00,774.8817449097043,0.0,276.0,0.0
2025-05-08 19:00:00,816.1536173954397,0.0,272.0,0.0
2025-05-08 19:30:00,869.3158280545857,0.0,260.0,0.0
2025-05-08 20:00:00,697.680622933548,0.0,226.0,0.0
2025-05-08 20:30:00,594.8224377017086,0.0,192.99999999999997,0.0
2025-05-08 21:00:00,724.6189313815325,0.0,204.0,0.0
2025-05-08 21:30:00,756.2037943970022,0.0,203.0,0.0
2025-05-08 22:00:00,703.9385347048798,0.0,202.0,0.0
2025-05-08 22:30:00,685.4826963524457,0.0,203.0,0.0
2025-05-08 23:00:00,620.9839578911262,0.0,197.0,0.0
2025-05-08 23:30:00,691.4907118885612,0.0,196.00000000000003,0.0
2025-05-09 00:00:00,731.1831599166637,0.0,230.0,0.0
2025-05-09 00:30:00,638.0256153601006,0.0,210.0,0.0
2025-05-09 01:00:00,758.2533570985416,0.0,222.0,0.0
2025-05-09 01:30:00,793.5941461357967,0.0,223.00000000000003,0.0
2025-05-09 02:00:00,772.0748844134714,0.0,224.00000000000003,0.0
2025-05-09 02:30:00,649.6522885158535,0.0,220.0,0.0
2025-05-09 03:00:00,687.0913748839696,0.0,228.0,0.0
2025-05-09 03:30:00,689.8324717791688,0.0,222.0,0.0
2025-05-09 04:00:00,667.7608330661847,0.0,220.00000000000003,0.0
2025-05-09 04:30:00,723.9961398943641,0.0,216.0,0.0
2025-05-09 05:00:00,728.0449442449446,0.0,215.0,0.0
2025-05-09 05:30:00,650.2661056540604,0.0,208.99999999999997,0.0
2025-05-09 06:00:00,727.5630958226808,0.0,202.99999999999997,0.0
2025-05-09 06:30:00,703.012672089683,0.0,202.99999999999997,0.0
2025-05-09 07:00:00,699.5368274728083,0.0,214.0,0.0
2025-05-09 07:30:00,736.9873577809753,0.0,231.0,0.0
2025-05-09 08:00:00,696.5120471344886,0.0,251.00000000000003,0.0
2025-05-09 08:30:00,852.8914515926111,0.0,257.0,0.0
2025-05-09 09:00:00,913.8373086934026,0.0,286.0,0.0
2025-05-09 09:30:00,944.5024498845362,0.0,304.0,0.0
2025-05-09 10:00:00,930.8052029565215,0.0,286.0,0.0
2025-05-09 10:30:00,950.1634862185269,0.0,299.0,0.0
2025-05-09 11:00:00,925.2569066129423,0.0,303.0,0.0
2025-05-09 11:30:00,924.4419035322003,0.0,326.0,0.0
2025-05-09 12:00:00,963.6782380130408,0.0,326.0,0.0
2025-05-09 12:30:00,910.1831118527333,0.0,335.0,0.0
2025-05-09 13:00:00,920.5394305163563,0.0,344.0,0.0
2025-05-09 13:30:00,908.1173147704469,0.0,311.0,0.0
2025-05-09 14:00:00,925.6171379220734,0.0,321.0,0.0
2025-05-09 14:30:00,979.4031249044754,0.0,312.0,0.0
2025-05-09 15:00:00,905.4945158448539,0.0,305.0,0.0
2025-05-09 15:30:00,946.1210776750476,0.0,304.0,0.0
2025-05-09 16:00:00,918.9964977217385,0.0,296.0,0.0
2025-05-09 16:30:00,862.3922201885656,0.0,281.0,0.0
2025-05-09 17:00:00,866.49612860102,0.0,289.0,0.0
2025-05-09 17:30:00,864.7084824739591,0.0,293.0,0.0
2025-05-09 18:00:00,813.2745500647359,0.0,293.0,0.0
2025-05-09 18:30:00,895.6753677191426,0.0,288.0,0.0
2025-05-09 19:00:00,877.3410280781944,0.0,285.0,0.0
2025-05-09 19:30:00,873.4969352263297,0.0,253.99999999999997,0.0
2025-05-09 20:00:00,765.5517859590411,0.0,226.99999999999997,0.0
2025-05-09 20:30:00,781.665195429517,0.0,201.00000000000003,0.0
2025-05-09 21:00:00,700.4434266617681,0.0,203.99999999999997,0.0
2025-05-09 21:30:00,672.7180183358016,0.0,204.0,0.0
2025-05-09 22:00:00,666.5514698611178,0.0,200.0,0.0
2025-05-09 22:30:00,637.7144340972444,0.0,201.0,0.0
2025-05-09 23:00:00,752.8883342575258,0.0,200.0,0.0
2025-05-09 23:30:00,747.2393713182263,0.0,196.0,0.0
2025-05-10 00:00:00,696.3324415581999,0.0,275.0,0.0
2025-05-10 00:30:00,645.9550991350874,0.0,250.0,0.0
2025-05-10 01:00:00,699.0090340801086,0.0,256.0,0.0
2025-05-10 01:30:00,703.4104126018126,0.0,265.0,0.0
2025-05-10 02:00:00,701.4592511617935,0.0,261.0,0.0
2025-05-10 02:30:00,675.2940933887701,0.0,257.0,0.0
2025-05-10 03:00:00,680.2373797314416,0.0,261.0,0.0
2025-05-10 03:30:00,658.059022696828,0.0,260.0,0.0
2025-05-10 04:00:00,694.4869367773005,0.0,264.0,0.0
2025-05-10 04:30:00,658.7419859667274,0.0,261.0,0.0
2025-05-10 05:00:00,729.9167557343914,0.0,260.0,0.0
2025-05-10 05:30:00,740.6270810843677,0.0,262.0,0.0
2025-05-10 06:00:00,688.9304986292203,0.0,249.0,0.0
2025-05-10 06:30:00,644.0614476163548,0.0,240.00000000000003,0.0
2025-05-10 07:00:00,677.4076330856203,0.0,260.0,0.0
2025-05-10 07:30:00,638.4803616636748,0.0,262.0,0.0
2025-05-10 08:00:00,576.4512818429562,0.0,241.0,0.0
2025-05-10 08:30:00,462.2316937681539,0.0,172.0,0.0
2025-05-10 09:00:00,504.4720708314638,0.0,177.0,0.0
2025-05-10 09:30:00,524.4295217229454,0.0,202.0,0.0
2025-05-10 10:00:00,526.1191511511291,0.0,208.0,0.0
2025-05-10 10:30:00,490.6123650382843,0.0,221.0,0.0
2025-05-10 11:00:00,488.814771759576,0.0,223.0,0.0
2025-05-10 11:30:00,527.0475486212895,0.0,216.0,0.0
2025-05-10 12:00:00,499.4382523121493,0.0,259.0,0.0
2025-05-10 12:30:00,468.4154591197903,0.0,276.0,0.0
2025-05-10 13:00:00,468.92276471987344,0.0,281.0,0.0
2025-05-10 13:30:00,465.8949529386073,0.0,275.0,0.0
2025-05-10 14:00:00,469.0393080732186,0.0,275.0,0.0
2025-05-10 14:30:00,477.21824288008213,0.0,272.0,0.0
2025-05-10 15:00:00,500.44585140901205,0.0,252.99999999999997,0.0
2025-05-10 15:30:00,433.5245477595651,0.0,246.0,0.0
2025-05-10 16:00:00,432.829774756033,0.0,237.00000000000003,0.0
2025-05-10 16:30:00,377.8537693595319,0.0,228.0,0.0
2025-05-10 17:00:00,403.66984364936985,0.0,227.99999999999997,0.0
2025-05-10 17:30:00,429.0874232424094,0.0,220.0,0.0
2025-05-10 18:00:00,305.26964404317334,0.0,160.0,0.0
2025-05-10 18:30:00,74.58100507080823,0.0,27.0,0.0
2025-05-10 19:00:00,97.68475963094403,0.0,24.0,0.0
2025-05-10 19:30:00,107.01543765677496,0.0,25.0,0.0
2025-05-10 20:00:00,87.90498121077012,0.0,24.0,0.0
2025-05-10 20:30:00,112.97678529713895,0.0,28.0,0.0
2025-05-10 21:00:00,86.82934362164534,0.0,25.0,0.0
2025-05-10 21:30:00,101.130534904608,0.0,25.0,0.0
2025-05-10 22:00:00,91.3104974006891,0.0,28.0,0.0
2025-05-10 22:30:00,78.7632534519709,0.0,27.0,0.0
2025-05-10 23:00:00,92.31431228998764,0.0,30.0,0.0
2025-05-10 23:30:00,94.38562238059106,0.0,26.0,0.0
2025-05-11 00:00:00,111.22559570816996,0.0,48.0,0.0
2025-05-11 00:30:00,110.32559945226946,0.0,46.0,0.0
2025-05-11 01:00:00,102.62606765045511,0.0,47.0,0.0
2025-05-11 01:30:00,106.75105953485661,0.0,46.0,0.0
2025-05-11 02:00:00,117.18204137540977,0.0,47.0,0.0
2025-05-11 02:30:00,118.56015815271437,0.0,49.0,0.0
2025-05-11 03:00:00,111.28528070607791,0.0,47.0,0.0
2025-05-11 03:30:00,112.11043092773885,0.0,50.0,0.0
2025-05-11 04:00:00,102.71488720231862,0.0,47.0,0.0
2025-05-11 04:30:00,110.9482188039691,0.0,47.0,0.0
2025-05-11 05:00:00,107.29550020555146,0.0,50.0,0.0
2025-05-11 05:30:00,112.26048438298973,0.0,51.0,0.0
2025-05-11 06:00:00,103.71112329926693,0.0,49.0,0.0
2025-05-11 06:30:00,108.25578520389399,0.0,51.0,0.0
2025-05-11 07:00:00,107.97900911320926,0.0,49.0,0.0
2025-05-11 07:30:00,107.3558895801462,0.0,49.0,0.0
2025-05-11 08:00:00,106.51612380840714,0.0,49.0,0.0
2025-05-11 08:30:00,98.90044954130695,0.0,47.0,0.0
2025-05-11 09:00:00,92.07089122883615,0.0,44.0,0.0
2025-05-11 09:30:00,107.85361538650022,0.0,45.0,0.0
2025-05-11 10:00:00,112.16515516800399,0.0,44.0,0.0
2025-05-11 10:30:00,101.98151079712187,0.0,44.0,0.0
2025-05-11 11:00:00,94.12707984256025,0.0,44.0,0.0
2025-05-11 11:30:00,95.89368935474616,0.0,44.0,0.0
2025-05-11 12:00:00,104.44268122039207,0.0,46.0,0.0
2025-05-11 12:30:00,106.4388141132604,0.0,45.0,0.0
2025-05-11 13:00:00,93.70070796022249,0.0,45.0,0.0
2025-05-11 13:30:00,97.04294500220524,0.0,43.0,0.0
2025-05-11 14:00:00,101.78749760479762,0.0,44.0,0.0
2025-05-11 14:30:00,102.9666946570958,0.0,43.0,0.0
2025-05-11 15:00:00,99.0682504842221,0.0,45.0,0.0
2025-05-11 15:30:00,91.9504742270319,0.0,44.0,0.0
2025-05-11 16:00:00,103.93083569964264,0.0,46.0,0.0
2025-05-11 16:30:00,106.46897166446306,0.0,46.0,0.0
2025-05-11 17:00:00,100.3837390328044,0.0,47.0,0.0
2025-05-11 17:30:00,101.77113495539082,0.0,46.0,0.0
2025-05-11 18:00:00,97.38347499323248,0.0,47.0,0.0
2025-05-11 18:30:00,96.5373051145815,0.0,47.0,0.0
2025-05-11 19:00:00,107.07707277818672,0.0,45.0,0.0
2025-05-11 19:30:00,104.89366613700541,0.0,44.0,0.0
2025-05-11 20:00:00,106.49869079539128,0.0,44.0,0.0
2025-05-11 20:30:00,114.01496557224145,0.0,44.0,0.0
2025-05-11 21:00:00,100.45669852227577,0.0,44.0,0.0
2025-05-11 21:30:00,104.1438993340063,0.0,46.0,0.0
2025-05-11 22:00:00,104.77085858056833,0.0,43.0,0.0
2025-05-11 22:30:00,104.07810261178855,0.0,46.0,0.0
2025-05-11 23:00:00,110.20258147828218,0.0,46.0,0.0
2025-05-11 23:30:00,104.01615409025409,0.0,45.0,0.0
2025-05-12 00:00:00,83.3747483474708,0.0,32.0,0.0
2025-05-12 00:30:00,105.98922179248859,0.0,32.0,0.0
2025-05-12 01:00:00,104.18382373070276,0.0,31.000000000000004,0.0
2025-05-12 01:30:00,104.75014922768491,0.0,31.000000000000004,0.0
2025-05-12 02:00:00,105.78169972240468,0.0,31.999999999999996,0.0
2025-05-12 02:30:00,94.71709871491622,0.0,31.0,0.0
2025-05-12 03:00:00,97.28756499433972,0.0,30.000000000000004,0.0
2025-05-12 03:30:00,100.09336057894882,0.0,33.0,0.0
2025-05-12 04:00:00,91.87827248927154,0.0,31.0,0.0
2025-05-12 04:30:00,94.21869284650293,0.0,33.0,0.0
2025-05-12 05:00:00,84.91832737363939,0.0,30.0,0.0
2025-05-12 05:30:00,90.33937197245073,0.0,33.0,0.0
2025-05-12 06:00:00,89.98081097892083,0.0,31.0,0.0
2025-05-12 06:30:00,95.90432890873527,0.0,32.0,0.0
2025-05-12 07:00:00,95.03490388669292,0.0,31.0,0.0
2025-05-12 07:30:00,320.21270022281556,0.0,111.0,0.0
2025-05-12 08:00:00,592.3877536693651,0.0,263.0,0.0
2025-05-12 08:30:00,815.4172793481266,0.0,350.0,0.0
2025-05-12 09:00:00,884.6887633779588,0.0,385.0,0.0
2025-05-12 09:30:00,875.1084557070973,0.0,332.0,0.0
2025-05-12 10:00:00,854.1776040125463,0.0,309.0,0.0
2025-05-12 10:30:00,780.1204024853598,0.0,297.0,0.0
2025-05-12 11:00:00,820.0666607123741,0.0,299.0,0.0
2025-05-12 11:30:00,801.2921753688548,0.0,289.0,0.0
2025-05-12 12:00:00,754.130188120532,0.0,263.0,0.0
2025-05-12 12:30:00,827.3401634464061,0.0,294.0,0.0
2025-05-12 13:00:00,888.624328419088,0.0,290.0,0.0
2025-05-12 13:30:00,873.0154058815873,0.0,271.0,0.0
2025-05-12 14:00:00,786.5463894476596,0.0,257.0,0.0
2025-05-12 14:30:00,850.0374461962565,0.0,258.0,0.0
2025-05-12 15:00:00,839.8023025843996,0.0,253.0,0.0
2025-05-12 15:30:00,776.9224038636031,0.0,251.0,0.0
2025-05-12 16:00:00,842.8154049225376,0.0,253.0,0.0
2025-05-12 16:30:00,767.6446270136879,0.0,233.0,0.0
2025-05-12 17:00:00,739.7909008648752,0.0,249.0,0.0
2025-05-12 17:30:00,829.0493664295434,0.0,257.0,0.0
2025-05-12 18:00:00,809.8409482494388,0.0,258.0,0.0
2025-05-12 18:30:00,749.4698794657112,0.0,247.00000000000003,0.0
2025-05-12 19:00:00,733.6235991268637,0.0,236.0,0.0
2025-05-12 19:30:00,691.365392440757,0.0,221.99999999999997,0.0
2025-05-12 20:00:00,662.2034930870011,0.0,200.00000000000003,0.0
2025-05-12 20:30:00,499.76188748531024,0.0,127.0,0.0
2025-05-12 21:00:00,473.2561382453551,0.0,115.0,0.0
2025-05-12 21:30:00,448.8749794336566,0.0,113.0,0.0
2025-05-12 22:00:00,401.6900076285029,0.0,110.0,0.0
2025-05-12 22:30:00,393.1956554096674,0.0,111.0,0.0
2025-05-12 23:00:00,360.51547552587755,0.0,108.0,0.0
2025-05-12 23:30:00,409.18695908831285,0.0,92.0,0.0
2025-05-13 00:00:00,748.687635749204,0.0,210.0,0.0
2025-05-13 00:30:00,693.2594216443915,0.0,195.0,0.0
2025-05-13 01:00:00,729.921137244582,0.0,192.0,0.0
2025-05-13 01:30:00,671.5153824332521,0.0,199.99999999999997,0.0
2025-05-13 02:00:00,623.9588526218911,0.0,198.0,0.0
2025-05-13 02:30:00,667.7120854052713,0.0,191.0,0.0
2025-05-13 03:00:00,728.9604605199704,0.0,202.00000000000003,0.0
2025-05-13 03:30:00,692.2259482607121,0.0,204.0,0.0
2025-05-13 04:00:00,685.0419241231172,0.0,208.0,0.0
2025-05-13 04:30:00,659.829555493451,0.0,207.0,0.0
2025-05-13 05:00:00,741.3414979359824,0.0,205.0,0.0
2025-05-13 05:30:00,635.4134610843342,0.0,202.0,0.0
2025-05-13 06:00:00,624.3526665097772,0.0,192.0,0.0
2025-05-13 06:30:00,650.1159307672356,0.0,181.99999999999997,0.0
2025-05-13 07:00:00,591.5390854579659,0.0,179.99999999999997,0.0
2025-05-13 07:30:00,717.0600783766781,0.0,199.00000000000003,0.0
2025-05-13 08:00:00,738.4492344545524,0.0,215.0,0.0
2025-05-13 08:30:00,868.9900279659059,0.0,272.0,0.0
2025-05-13 09:00:00,914.1680682288712,0.0,345.0,0.0
2025-05-13 09:30:00,896.7668142021785,0.0,359.0,0.0
2025-05-13 10:00:00,844.0628041165975,0.0,363.0,0.0
2025-05-13 10:30:00,916.4858685760712,0.0,317.0,0.0
2025-05-13 11:00:00,853.9740800562035,0.0,311.0,0.0
2025-05-13 11:30:00,933.5540974801809,0.0,314.0,0.0
2025-05-13 12:00:00,895.7318717050957,0.0,302.0,0.0
2025-05-13 12:30:00,934.724403651324,0.0,285.0,0.0
2025-05-13 13:00:00,877.0045969258008,0.0,276.0,0.0
2025-05-13 13:30:00,939.2518763191664,0.0,280.0,0.0
2025-05-13 14:00:00,886.4807154101728,0.0,275.0,0.0
2025-05-13 14:30:00,871.1568827163843,0.0,278.0,0.0
2025-05-13 15:00:00,896.4397237394137,0.0,272.0,0.0
2025-05-13 15:30:00,855.6891547455431,0.0,269.0,0.0
2025-05-13 16:00:00,885.3580352559921,0.0,269.0,0.0
2025-05-13 16:30:00,799.407077688152,0.0,251.0,0.0
2025-05-13 17:00:00,829.0682155494153,0.0,263.0,0.0
2025-05-13 17:30:00,918.6884220813344,0.0,277.0,0.0
2025-05-13 18:00:00,882.7237393118502,0.0,269.0,0.0
2025-05-13 18:30:00,562.0164677857673,0.0,166.0,0.0
2025-05-13 19:00:00,551.2852836612062,0.0,156.0,0.0
2025-05-13 19:30:00,497.72928067967064,0.0,150.0,0.0
2025-05-13 20:00:00,494.9581317444932,0.0,134.0,0.0
2025-05-13 20:30:00,514.9704284776861,0.0,128.0,0.0
2025-05-13 21:00:00,566.9520084090403,0.0,163.0,0.0
2025-05-13 21:30:00,600.4808036541408,0.0,171.0,0.0
2025-05-13 22:00:00,677.4745698593856,0.0,172.0,0.0
2025-05-13 22:30:00,673.675812505599,0.0,199.0,0.0
2025-05-13 23:00:00,663.8306399355728,0.0,211.0,0.0
2025-05-13 23:30:00,686.1960577912133,0.0,216.0,0.0
2025-05-14 00:00:00,558.0284210329595,0.0,264.0,0.0
2025-05-14 00:30:00,525.3934734251521,0.0,245.0,0.0
2025-05-14 01:00:00,578.340507002935,0.0,256.0,0.0
2025-05-14 01:30:00,593.2591161898346,0.0,262.0,0.0
2025-05-14 02:00:00,578.3286970854942,0.0,257.0,0.0
2025-05-14 02:30:00,607.0010220836172,0.0,265.0,0.0
2025-05-14 03:00:00,522.7611514412845,0.0,257.0,0.0
2025-05-14 03:30:00,602.9141161990036,0.0,259.0,0.0
2025-05-14 04:00:00,560.2193276680828,0.0,253.0,0.0
2025-05-14 04:30:00,584.4726533291738,0.0,252.0,0.0
2025-05-14 05:00:00,519.6756875003139,0.0,250.0,0.0
2025-05-14 05:30:00,554.5373996410914,0.0,246.99999999999997,0.0
2025-05-14 06:00:00,562.0118299761834,0.0,247.0,0.0
2025-05-14 06:30:00,576.4413263942382,0.0,238.00000000000003,0.0
2025-05-14 07:00:00,515.2906125228782,0.0,245.0,0.0
2025-05-14 07:30:00,598.368655506109,0.0,266.0,0.0
2025-05-14 08:00:00,596.8081134762376,0.0,287.0,0.0
2025-05-14 08:30:00,797.7150598598125,0.0,336.0,0.0
2025-05-14 09:00:00,846.4638016952226,0.0,384.0,0.0
2025-05-14 09:30:00,911.9423731890465,0.0,289.0,0.0
2025-05-14 10:00:00,844.0984477139174,0.0,283.0,0.0
2025-05-14 10:30:00,911.903894113889,0.0,284.0,0.0
2025-05-14 11:00:00,940.8943126743956,0.0,289.0,0.0
2025-05-14 11:30:00,810.4965381634565,0.0,291.0,0.0
2025-05-14 12:00:00,867.8827828607452,0.0,264.0,0.0
2025-05-14 12:30:00,881.357794499588,0.0,278.0,0.0
2025-05-14 13:00:00,808.4051544774344,0.0,282.0,0.0
2025-05-14 13:30:00,782.242469033686,0.0,282.0,0.0
2025-05-14 14:00:00,852.1165123267119,0.0,266.0,0.0
2025-05-14 14:30:00,799.4908871081063,0.0,276.0,0.0
2025-05-14 15:00:00,874.1347017380692,0.0,279.0,0.0
2025-05-14 15:30:00,873.9431681290813,0.0,285.0,0.0
2025-05-14 16:00:00,890.7163473781428,0.0,271.0,0.0
2025-05-14 16:30:00,805.544659755469,0.0,260.0,0.0
2025-05-14 17:00:00,827.4724347706148,0.0,271.0,0.0
2025-05-14 17:30:00,868.4238905486573,0.0,280.0,0.0
2025-05-14 18:00:00,909.8392875619054,0.0,280.0,0.0
2025-05-14 18:30:00,918.5215331519179,0.0,267.0,0.0
2025-05-14 19:00:00,742.7057863138849,0.0,261.0,0.0
2025-05-14 19:30:00,824.4473674368239,0.0,245.00000000000003,0.0
2025-05-14 20:00:00,714.9289760083437,0.0,221.0,0.0
2025-05-14 20:30:00,680.8518431955745,0.0,179.00000000000003,0.0
2025-05-14 21:00:00,607.440931638623,0.0,180.0,0.0
2025-05-14 21:30:00,603.6756762845297,0.0,176.00000000000003,0.0
2025-05-14 22:00:00,609.3998413796858,0.0,173.99999999999997,0.0
2025-05-14 22:30:00,617.1397378731541,0.0,163.0,0.0
2025-05-14 23:00:00,611.372591707502,0.0,151.0,0.0
2025-05-14 23:30:00,598.994638002597,0.0,144.0,0.0
2025-05-15 00:00:00,709.0382191689204,0.0,217.00000000000003,0.0
2025-05-15 00:30:00,701.3075397852244,0.0,217.00000000000003,0.0
2025-05-15 01:00:00,671.6438071785257,0.0,211.99999999999997,0.0
2025-05-15 01:30:00,747.1898774060198,0.0,205.0,0.0
2025-05-15 02:00:00,725.5413830433419,0.0,209.99999999999997,0.0
2025-05-15 02:30:00,657.3680353930079,0.0,189.0,0.0
2025-05-15 03:00:00,697.917911661912,0.0,209.99999999999997,0.0
2025-05-15 03:30:00,725.6388030744391,0.0,216.0,0.0
2025-05-15 04:00:00,750.4963189263344,0.0,213.0,0.0
2025-05-15 04:30:00,651.2600377093194,0.0,202.0,0.0
2025-05-15 05:00:00,708.5788945574476,0.0,214.0,0.0
2025-05-15 05:30:00,748.2766944825559,0.0,215.0,0.0
2025-05-15 06:00:00,654.3683590989274,0.0,218.0,0.0
2025-05-15 06:30:00,664.8307680458098,0.0,199.0,0.0
2025-05-15 07:00:00,703.8116090866841,0.0,213.00000000000003,0.0
2025-05-15 07:30:00,732.1677005924382,0.0,217.0,0.0
2025-05-15 08:00:00,756.4880660841611,0.0,238.0,0.0
2025-05-15 08:30:00,869.0391898377209,0.0,258.0,0.0
2025-05-15 09:00:00,996.757711576519,0.0,279.0,0.0
2025-05-15 09:30:00,930.7276571769947,0.0,286.0,0.0
2025-05-15 10:00:00,979.024326911268,0.0,300.0,0.0
2025-05-15 10:30:00,1060.0368036352272,0.0,299.0,0.0
2025-05-15 11:00:00,944.5398684752828,0.0,302.0,0.0
2025-05-15 11:30:00,1062.8109829998195,0.0,299.0,0.0
2025-05-15 12:00:00,916.893966701237,0.0,282.0,0.0
2025-05-15 12:30:00,1036.0558939832654,0.0,304.0,0.0
2025-05-15 13:00:00,971.7319186812362,0.0,334.0,0.0
2025-05-15 13:30:00,952.0480078087704,0.0,303.0,0.0
2025-05-15 14:00:00,974.3421363460884,0.0,307.0,0.0
2025-05-15 14:30:00,955.1863171175546,0.0,308.0,0.0
2025-05-15 15:00:00,1011.8198941182034,0.0,313.0,0.0
2025-05-15 15:30:00,1045.5472371984195,0.0,309.0,0.0
2025-05-15 16:00:00,981.106392630951,0.0,301.0,0.0
2025-05-15 16:30:00,938.3065908827014,0.0,286.0,0.0
2025-05-15 17:00:00,940.4083626787899,0.0,288.0,0.0
2025-05-15 17:30:00,1006.2218852805698,0.0,298.0,0.0
2025-05-15 18:00:00,954.9730767685803,0.0,276.0,0.0
2025-05-15 18:30:00,682.062929874252,0.0,179.0,0.0
2025-05-15 19:00:00,653.5950445397004,0.0,201.0,0.0
2025-05-15 19:30:00,692.2358741037926,0.0,200.0,0.0
2025-05-15 20:00:00,698.4607778410491,0.0,180.0,0.0
2025-05-15 20:30:00,551.7517521196455,0.0,144.00000000000003,0.0
2025-05-15 21:00:00,525.6043232315362,0.0,182.0,0.0
2025-05-15 21:30:00,578.1638944590884,0.0,199.0,0.0
2025-05-15 22:00:00,573.6551185660527,0.0,206.00000000000003,0.0
2025-05-15 22:30:00,705.4857585602248,0.0,230.0,0.0
2025-05-15 23:00:00,776.9485944824214,0.0,232.0,0.0
2025-05-15 23:30:00,661.2625299065685,0.0,225.0,0.0
2025-05-16 00:00:00,651.1677308962123,0.0,183.0,0.0
2025-05-16 00:30:00,695.2026800379072,0.0,200.0,0.0
2025-05-16 01:00:00,637.0136062248846,0.0,208.0,0.0
2025-05-16 01:30:00,652.7734704661028,0.0,209.0,0.0
2025-05-16 02:00:00,672.249374632708,0.0,195.0,0.0
2025-05-16 02:30:00,609.3191898885824,0.0,175.0,0.0
2025-05-16 03:00:00,591.7220522563802,0.0,179.0,0.0
2025-05-16 03:30:00,646.8152141074131,0.0,212.0,0.0
2025-05-16 04:00:00,640.1951450056389,0.0,179.0,0.0
2025-05-16 04:30:00,660.8585120924948,0.0,211.0,0.0
2025-05-16 05:00:00,718.2904734056909,0.0,215.0,0.0
2025-05-16 05:30:00,703.9944054780269,0.0,213.0,0.0
2025-05-16 06:00:00,652.2106600910797,0.0,210.0,0.0
2025-05-16 06:30:00,616.0625756479935,0.0,208.0,0.0
2025-05-16 07:00:00,670.31436052295,0.0,205.0,0.0
2025-05-16 07:30:00,725.3199035772379,0.0,237.99999999999997,0.0
2025-05-16 08:00:00,673.9342417709672,0.0,247.0,0.0
2025-05-16 08:30:00,827.4550600025738,0.0,294.0,0.0
2025-05-16 09:00:00,946.7271753026615,0.0,313.0,0.0
2025-05-16 09:30:00,929.3389206829764,0.0,301.0,0.0
2025-05-16 10:00:00,943.7511846385021,0.0,300.0,0.0
2025-05-16 10:30:00,1011.1655135056187,0.0,307.0,0.0
2025-05-16 11:00:00,1001.5716446526656,0.0,313.0,0.0
2025-05-16 11:30:00,1027.9932412075264,0.0,313.0,0.0
2025-05-16 12:00:00,802.510823835427,0.0,306.0,0.0
2025-05-16 12:30:00,915.5042193531914,0.0,317.0,0.0
2025-05-16 13:00:00,932.1922444913823,0.0,320.0,0.0
2025-05-16 13:30:00,841.8334825107423,0.0,327.0,0.0
2025-05-16 14:00:00,889.6813494561544,0.0,326.0,0.0
2025-05-16 14:30:00,892.210707203248,0.0,328.0,0.0
2025-05-16 15:00:00,941.8206819666585,0.0,334.0,0.0
2025-05-16 15:30:00,1020.7806376874381,0.0,331.0,0.0
2025-05-16 16:00:00,1023.224560214243,0.0,326.0,0.0
2025-05-16 16:30:00,857.1696678475685,0.0,309.0,0.0
2025-05-16 17:00:00,942.9387236945486,0.0,324.0,0.0
2025-05-16 17:30:00,964.9271771902996,0.0,335.0,0.0
2025-05-16 18:00:00,892.6721944057733,0.0,319.0,0.0
2025-05-16 18:30:00,575.0982333523859,0.0,184.0,0.0
2025-05-16 19:00:00,526.5775618010753,0.0,173.0,0.0
2025-05-16 19:30:00,559.0513387890876,0.0,167.0,0.0
2025-05-16 20:00:00,528.4585176860621,0.0,155.0,0.0
2025-05-16 20:30:00,449.4425480099931,0.0,129.0,0.0
2025-05-16 21:00:00,476.0140555413558,0.0,128.0,0.0
2025-05-16 21:30:00,535.2626058549833,0.0,166.0,0.0
2025-05-16 22:00:00,614.3246107634702,0.0,208.0,0.0
2025-05-16 22:30:00,757.7200493653016,0.0,261.0,0.0
2025-05-16 23:00:00,681.4989092128498,0.0,242.00000000000003,0.0
2025-05-16 23:30:00,701.0067310906487,0.0,242.99999999999997,0.0
2025-05-17 00:00:00,82.47551537418938,0.0,25.0,0.0
2025-05-17 00:30:00,96.39312202176123,0.0,25.0,0.0
2025-05-17 01:00:00,85.11295246827137,0.0,22.0,0.0
2025-05-17 01:30:00,80.02920564610189,0.0,21.0,0.0
2025-05-17 02:00:00,72.28900571477105,0.0,17.0,0.0
2025-05-17 02:30:00,76.27802090008736,0.0,18.0,0.0
2025-05-17 03:00:00,82.11639813896939,0.0,19.0,0.0
2025-05-17 03:30:00,82.06204084706731,0.0,18.0,0.0
2025-05-17 04:00:00,83.4433085552103,0.0,20.0,0.0
2025-05-17 04:30:00,79.65924951554128,0.0,18.0,0.0
2025-05-17 05:00:00,72.8217600985417,0.0,21.0,0.0
2025-05-17 05:30:00,78.5170476668169,0.0,19.0,0.0
2025-05-17 06:00:00,70.90749901095968,0.0,20.0,0.0
2025-05-17 06:30:00,70.94926665136825,0.0,20.0,0.0
2025-05-17 07:00:00,76.50401982770197,0.0,20.0,0.0
2025-05-17 07:30:00,76.500225939698,0.0,21.0,0.0
2025-05-17 08:00:00,79.01476543225745,0.0,20.0,0.0
2025-05-17 08:30:00,107.60996526202699,0.0,19.0,0.0
2025-05-17 09:00:00,189.711854508263,0.0,77.0,0.0
2025-05-17 09:30:00,251.57304630055089,0.0,100.0,0.0
2025-05-17 10:00:00,256.94422611729755,0.0,100.0,0.0
2025-05-17 10:30:00,241.74821581979313,0.0,101.0,0.0
2025-05-17 11:00:00,235.26095705591592,0.0,108.0,0.0
2025-05-17 11:30:00,274.3987030512239,0.0,108.0,0.0
2025-05-17 12:00:00,252.61524233149368,0.0,109.0,0.0
2025-05-17 12:30:00,271.7599304979026,0.0,111.0,0.0
2025-05-17 13:00:00,254.88329700290146,0.0,111.0,0.0
2025-05-17 13:30:00,236.05671498608947,0.0,110.0,0.0
2025-05-17 14:00:00,250.78998913168357,0.0,111.0,0.0
2025-05-17 14:30:00,231.48595395849472,0.0,109.0,0.0
2025-05-17 15:00:00,222.07028666612737,0.0,114.0,0.0
2025-05-17 15:30:00,245.10190854610917,0.0,113.0,0.0
2025-05-17 16:00:00,237.86475614506205,0.0,110.0,0.0
2025-05-17 16:30:00,237.21282052410456,0.0,109.0,0.0
2025-05-17 17:00:00,266.50597366167165,0.0,107.99999999999999,0.0
2025-05-17 17:30:00,216.28602937465726,0.0,110.00000000000001,0.0
2025-05-17 18:00:00,182.9872256177974,0.0,70.0,0.0
2025-05-17 18:30:00,125.71935012628748,0.0,46.0,0.0
2025-05-17 19:00:00,81.22859557500355,0.0,24.0,0.0
2025-05-17 19:30:00,79.92507299243933,0.0,24.0,0.0
2025-05-17 20:00:00,84.5233306882266,0.0,27.000000000000004,0.0
2025-05-17 20:30:00,85.03343008144992,0.0,32.0,0.0
2025-05-17 21:00:00,83.81395066784614,0.0,29.0,0.0
2025-05-17 21:30:00,91.19049408575971,0.0,31.000000000000004,0.0
2025-05-17 22:00:00,96.00921795281856,0.0,31.0,0.0
2025-05-17 22:30:00,89.2429413135544,0.0,30.000000000000004,0.0
2025-05-17 23:00:00,84.24237462139799,0.0,32.0,0.0
2025-05-17 23:30:00,88.62692461162847,0.0,30.0,0.0
2025-05-18 00:00:00,80.24092427188673,0.0,23.0,0.0
2025-05-18 00:30:00,74.8157506718117,0.0,23.0,0.0
2025-05-18 01:00:00,72.15923611640734,0.0,23.0,0.0
2025-05-18 01:30:00,75.3689795077473,0.0,26.0,0.0
2025-05-18 02:00:00,75.80826361027651,0.0,26.0,0.0
2025-05-18 02:30:00,76.55386724247067,0.0,23.0,0.0
2025-05-18 03:00:00,74.81678969155358,0.0,24.0,0.0
2025-05-18 03:30:00,75.06555052821162,0.0,26.0,0.0
2025-05-18 04:00:00,72.09622852394631,0.0,26.0,0.0
2025-05-18 04:30:00,70.32186123841969,0.0,26.0,0.0
2025-05-18 05:00:00,75.74955142778397,0.0,24.999999999999996,0.0
2025-05-18 05:30:00,72.96319232184817,0.0,27.0,0.0
2025-05-18 06:00:00,72.8154853154668,0.0,26.0,0.0
2025-05-18 06:30:00,74.11105092064855,0.0,25.0,0.0
2025-05-18 07:00:00,70.55023257050038,0.0,25.000000000000004,0.0
2025-05-18 07:30:00,74.89558929273271,0.0,26.0,0.0
2025-05-18 08:00:00,72.95373462623301,0.0,23.0,0.0
2025-05-18 08:30:00,69.43854553940183,0.0,25.0,0.0
2025-05-18 09:00:00,65.73158824643039,0.0,22.0,0.0
2025-05-18 09:30:00,71.1621941535319,0.0,23.0,0.0
2025-05-18 10:00:00,67.83852224547702,0.0,24.0,0.0
2025-05-18 10:30:00,66.58782699631537,0.0,23.0,0.0
2025-05-18 11:00:00,76.78431573722985,0.0,24.999999999999996,0.0
2025-05-18 11:30:00,74.55655022720465,0.0,23.0,0.0
2025-05-18 12:00:00,72.46595213324474,0.0,20.999999999999996,0.0
2025-05-18 12:30:00,74.70455129837691,0.0,24.0,0.0
2025-05-18 13:00:00,65.28730781735673,0.0,24.0,0.0
2025-05-18 13:30:00,76.2331929020514,0.0,22.0,0.0
2025-05-18 14:00:00,72.79966175620396,0.0,24.0,0.0
2025-05-18 14:30:00,76.11155556356078,0.0,25.0,0.0
2025-05-18 15:00:00,73.85249354484903,0.0,25.0,0.0
2025-05-18 15:30:00,73.67979873069957,0.0,25.999999999999996,0.0
2025-05-18 16:00:00,70.41714611186747,0.0,26.0,0.0
2025-05-18 16:30:00,72.71070542548375,0.0,24.0,0.0
2025-05-18 17:00:00,72.35432643477577,0.0,25.0,0.0
2025-05-18 17:30:00,76.6894446677393,0.0,27.0,0.0
2025-05-18 18:00:00,66.70306080510966,0.0,25.0,0.0
2025-05-18 18:30:00,70.48814144065022,0.0,26.0,0.0
2025-05-18 19:00:00,79.85737221760665,0.0,23.0,0.0
2025-05-18 19:30:00,73.23341584769636,0.0,24.0,0.0
2025-05-18 20:00:00,75.73524463135922,0.0,26.0,0.0
2025-05-18 20:30:00,74.27117307393496,0.0,25.0,0.0
2025-05-18 21:00:00,79.00476043916143,0.0,25.0,0.0
2025-05-18 21:30:00,75.8509569950651,0.0,27.0,0.0
2025-05-18 22:00:00,76.97890151827461,0.0,25.0,0.0
2025-05-18 22:30:00,80.99784649249625,0.0,25.0,0.0
2025-05-18 23:00:00,74.98530411790445,0.0,27.0,0.0
2025-05-18 23:30:00,80.76375419834538,0.0,26.0,0.0
2025-05-19 00:00:00,83.85873981710985,0.0,25.0,0.0
2025-05-19 00:30:00,73.73495085758734,0.0,25.0,0.0
2025-05-19 01:00:00,85.05913896451874,0.0,24.0,0.0
2025-05-19 01:30:00,89.32006233109361,0.0,24.999999999999996,0.0
2025-05-19 02:00:00,106.73038568410973,0.0,24.0,0.0
2025-05-19 02:30:00,104.56250370826777,0.0,27.0,0.0
2025-05-19 03:00:00,101.03499928768186,0.0,27.0,0.0
2025-05-19 03:30:00,102.0201704739531,0.0,25.0,0.0
2025-05-19 04:00:00,98.71021303041879,0.0,25.999999999999996,0.0
2025-05-19 04:30:00,93.37474271358467,0.0,27.999999999999996,0.0
2025-05-19 05:00:00,86.36152226376035,0.0,25.000000000000004,0.0
2025-05-19 05:30:00,88.23067926597281,0.0,26.0,0.0
2025-05-19 06:00:00,134.2748410884138,0.0,56.0,0.0
2025-05-19 06:30:00,176.5028085093704,0.0,83.0,0.0
2025-05-19 07:00:00,202.11053760778955,0.0,84.0,0.0
2025-05-19 07:30:00,345.16253652828635,0.0,139.0,0.0
2025-05-19 08:00:00,669.5643273166364,0.0,278.0,0.0
2025-05-19 08:30:00,896.1520229312505,0.0,395.0,0.0
2025-05-19 09:00:00,928.2949146164111,0.0,426.0,0.0
2025-05-19 09:30:00,963.6690301169403,0.0,411.0,0.0
2025-05-19 10:00:00,886.1517760253291,0.0,352.0,0.0
2025-05-19 10:30:00,918.8496603741659,0.0,349.0,0.0
2025-05-19 11:00:00,1007.3649119057822,0.0,337.0,0.0
2025-05-19 11:30:00,1078.4639459178359,0.0,323.0,0.0
2025-05-19 12:00:00,947.7662965573054,0.0,303.0,0.0
2025-05-19 12:30:00,943.7864933503237,0.0,323.0,0.0
2025-05-19 13:00:00,921.507953102018,0.0,329.0,0.0
2025-05-19 13:30:00,896.8062208991552,0.0,321.0,0.0
2025-05-19 14:00:00,1056.2215912603867,0.0,313.0,0.0
2025-05-19 14:30:00,940.2419866095169,0.0,312.0,0.0
2025-05-19 15:00:00,1071.6681324902538,0.0,344.0,0.0
2025-05-19 15:30:00,1035.553311862675,0.0,346.0,0.0
2025-05-19 16:00:00,870.4162341177232,0.0,338.0,0.0
2025-05-19 16:30:00,884.0976618229171,0.0,327.0,0.0
2025-05-19 17:00:00,896.1347406561122,0.0,341.0,0.0
2025-05-19 17:30:00,943.3188754277727,0.0,351.0,0.0
2025-05-19 18:00:00,915.9793139975869,0.0,342.0,0.0
2025-05-19 18:30:00,795.6123821030372,0.0,243.99999999999997,0.0
2025-05-19 19:00:00,613.9493416126664,0.0,231.00000000000003,0.0
2025-05-19 19:30:00,605.3519253247568,0.0,188.0,0.0
2025-05-19 20:00:00,585.5603611554418,0.0,163.00000000000003,0.0
2025-05-19 20:30:00,479.81228368277283,0.0,140.0,0.0
2025-05-19 21:00:00,537.3943004897624,0.0,195.0,0.0
2025-05-19 21:30:00,508.5203893879901,0.0,198.0,0.0
2025-05-19 22:00:00,599.575418323052,0.0,207.99999999999997,0.0
2025-05-19 22:30:00,693.4904000606556,0.0,242.99999999999997,0.0
2025-05-19 23:00:00,719.292146674434,0.0,255.99999999999997,0.0
2025-05-19 23:30:00,715.9972679629201,0.0,252.0,0.0
2025-05-20 00:00:00,714.7825562659873,0.0,173.0,0.0
2025-05-20 00:30:00,729.7642165419628,0.0,161.0,0.0
2025-05-20 01:00:00,635.1772930017554,0.0,157.0,0.0
2025-05-20 01:30:00,649.6139535702177,0.0,173.0,0.0
2025-05-20 02:00:00,667.6053413622336,0.0,179.0,0.0
2025-05-20 02:30:00,755.4607536299767,0.0,181.0,0.0
2025-05-20 03:00:00,729.1176117350785,0.0,175.0,0.0
2025-05-20 03:30:00,691.4326154821475,0.0,172.0,0.0
2025-05-20 04:00:00,686.903356694823,0.0,174.0,0.0
2025-05-20 04:30:00,694.9207071410237,0.0,181.0,0.0
2025-05-20 05:00:00,733.709978847835,0.0,181.0,0.0
2025-05-20 05:30:00,686.0167327200445,0.0,183.00000000000003,0.0
2025-05-20 06:00:00,687.0973858529201,0.0,174.99999999999997,0.0
2025-05-20 06:30:00,680.5537602303249,0.0,166.0,0.0
2025-05-20 07:00:00,685.4458451296658,0.0,173.0,0.0
2025-05-20 07:30:00,739.8546354483918,0.0,190.0,0.0
2025-05-20 08:00:00,819.4330546664156,0.0,228.0,0.0
2025-05-20 08:30:00,889.7812697676712,0.0,232.99999999999997,0.0
2025-05-20 09:00:00,968.2476352663919,0.0,290.0,0.0
2025-05-20 09:30:00,969.4220103920486,0.0,314.0,0.0
2025-05-20 10:00:00,988.417467049948,0.0,315.0,0.0
2025-05-20 10:30:00,953.2285258152966,0.0,318.0,0.0
2025-05-20 11:00:00,884.2098544363199,0.0,309.0,0.0
2025-05-20 11:30:00,926.0214727222615,0.0,296.0,0.0
2025-05-20 12:00:00,834.4842329137257,0.0,262.0,0.0
2025-05-20 12:30:00,796.8299006835014,0.0,282.0,0.0
2025-05-20 13:00:00,832.4177338847459,0.0,290.0,0.0
2025-05-20 13:30:00,853.2486915140503,0.0,290.0,0.0
2025-05-20 14:00:00,849.256798444234,0.0,286.0,0.0
2025-05-20 14:30:00,919.1497617514713,0.0,283.0,0.0
2025-05-20 15:00:00,881.6570705386405,0.0,283.0,0.0
2025-05-20 15:30:00,924.6035469478629,0.0,304.0,0.0
2025-05-20 16:00:00,897.8723733438072,0.0,356.0,0.0
2025-05-20 16:30:00,842.364016268441,0.0,336.0,0.0
2025-05-20 17:00:00,796.6595772020678,0.0,345.0,0.0
2025-05-20 17:30:00,839.450414093763,0.0,349.0,0.0
2025-05-20 18:00:00,848.9537475271522,0.0,358.0,0.0
2025-05-20 18:30:00,778.6683107862094,0.0,356.0,0.0
2025-05-20 19:00:00,811.2097974226211,0.0,380.0,0.0
2025-05-20 19:30:00,840.8845181524033,0.0,380.0,0.0
2025-05-20 20:00:00,815.5695414838863,0.0,352.0,0.0
2025-05-20 20:30:00,751.9546166154747,0.0,339.0,0.0
2025-05-20 21:00:00,703.4417379908105,0.0,338.0,0.0
2025-05-20 21:30:00,744.7086483144801,0.0,343.0,0.0
2025-05-20 22:00:00,735.5916853399065,0.0,342.0,0.0
2025-05-20 22:30:00,614.2525999587633,0.0,320.0,0.0
2025-05-20 23:00:00,671.0823088762663,0.0,312.0,0.0
2025-05-20 23:30:00,716.0005466340363,0.0,312.0,0.0
2025-05-21 00:00:00,66.6590983796732,0.0,22.0,0.0
2025-05-21 00:30:00,94.4858266846017,0.0,24.0,0.0
2025-05-21 01:00:00,103.73126734209353,0.0,23.0,0.0
2025-05-21 01:30:00,96.48072287417311,0.0,24.0,0.0
2025-05-21 02:00:00,98.37369926711584,0.0,25.0,0.0
2025-05-21 02:30:00,95.24462067712638,0.0,23.0,0.0
2025-05-21 03:00:00,77.89609481899907,0.0,24.999999999999996,0.0
2025-05-21 03:30:00,80.97603887872677,0.0,24.999999999999996,0.0
2025-05-21 04:00:00,80.77784687970302,0.0,21.0,0.0
2025-05-21 04:30:00,77.67599943729527,0.0,24.0,0.0
2025-05-21 05:00:00,78.2446760094312,0.0,23.0,0.0
2025-05-21 05:30:00,76.9292675214777,0.0,21.0,0.0
2025-05-21 06:00:00,95.71438181207085,0.0,22.0,0.0
2025-05-21 06:30:00,124.36969359586718,0.0,20.0,0.0
2025-05-21 07:00:00,127.7750313765635,0.0,24.0,0.0
2025-05-21 07:30:00,320.59546828611917,0.0,112.0,0.0
2025-05-21 08:00:00,608.5860480785062,0.0,264.0,0.0
2025-05-21 08:30:00,795.5287891151098,0.0,324.0,0.0
2025-05-21 09:00:00,874.2787596456501,0.0,325.0,0.0
2025-05-21 09:30:00,826.0973979619592,0.0,310.0,0.0
2025-05-21 10:00:00,967.3535789803086,0.0,307.0,0.0
2025-05-21 10:30:00,917.0700381023267,0.0,314.0,0.0
2025-05-21 11:00:00,942.484669737523,0.0,290.0,0.0
2025-05-21 11:30:00,883.4606463410214,0.0,294.0,0.0
2025-05-21 12:00:00,867.2767693281427,0.0,275.0,0.0
2025-05-21 12:30:00,969.8493856683284,0.0,287.0,0.0
2025-05-21 13:00:00,852.1669093435477,0.0,294.0,0.0
2025-05-21 13:30:00,918.7926460109738,0.0,292.0,0.0
2025-05-21 14:00:00,880.5657386724207,0.0,288.0,0.0
2025-05-21 14:30:00,908.8944463246662,0.0,290.0,0.0
2025-05-21 15:00:00,881.9241553152093,0.0,288.0,0.0
2025-05-21 15:30:00,935.8079398755468,0.0,291.0,0.0
2025-05-21 16:00:00,853.7960750538309,0.0,285.0,0.0
2025-05-21 16:30:00,800.6666369382772,0.0,265.0,0.0
2025-05-21 17:00:00,838.5916687542953,0.0,276.0,0.0
2025-05-21 17:30:00,877.9553492378363,0.0,287.0,0.0
2025-05-21 18:00:00,864.9930424609203,0.0,286.0,0.0
2025-05-21 18:30:00,904.624806604261,0.0,289.0,0.0
2025-05-21 19:00:00,920.5241949200384,0.0,283.0,0.0
2025-05-21 19:30:00,802.0110952980152,0.0,258.0,0.0
2025-05-21 20:00:00,774.7842493452458,0.0,240.0,0.0
2025-05-21 20:30:00,676.3706167937712,0.0,215.0,0.0
2025-05-21 21:00:00,813.0859911564417,0.0,222.0,0.0
2025-05-21 21:30:00,721.6787156725376,0.0,211.0,0.0
2025-05-21 22:00:00,749.4071663964874,0.0,209.99999999999997,0.0
2025-05-21 22:30:00,661.2563653554622,0.0,196.00000000000003,0.0
2025-05-21 23:00:00,708.7085385145689,0.0,195.0,0.0
2025-05-21 23:30:00,693.4176743530064,0.0,186.0,0.0
2025-05-22 00:00:00,697.8813482124629,0.0,190.0,0.0
2025-05-22 00:30:00,623.9478297073329,0.0,179.0,0.0
2025-05-22 01:00:00,651.931777000947,0.0,181.0,0.0
2025-05-22 01:30:00,653.6630581435343,0.0,187.0,0.0
2025-05-22 02:00:00,637.444548039289,0.0,184.0,0.0
2025-05-22 02:30:00,668.1646053890106,0.0,188.0,0.0
2025-05-22 03:00:00,668.1986037334805,0.0,187.0,0.0
2025-05-22 03:30:00,617.5876792473067,0.0,189.0,0.0
2025-05-22 04:00:00,607.8390725927082,0.0,188.99999999999997,0.0
2025-05-22 04:30:00,666.9680708194339,0.0,190.0,0.0
2025-05-22 05:00:00,620.4336368927848,0.0,185.0,0.0
2025-05-22 05:30:00,671.4900112049432,0.0,187.99999999999997,0.0
2025-05-22 06:00:00,677.5103217753049,0.0,185.0,0.0
2025-05-22 06:30:00,601.7642853341594,0.0,182.99999999999997,0.0
2025-05-22 07:00:00,609.9339338342189,0.0,181.0,0.0
2025-05-22 07:30:00,746.4674271416941,0.0,197.00000000000003,0.0
2025-05-22 08:00:00,746.8517688077649,0.0,217.0,0.0
2025-05-22 08:30:00,819.3079228231487,0.0,247.99999999999997,0.0
2025-05-22 09:00:00,824.7977360185226,0.0,284.0,0.0
2025-05-22 09:30:00,892.2320179370248,0.0,363.0,0.0
2025-05-22 10:00:00,863.0705883574408,0.0,395.0,0.0
2025-05-22 10:30:00,957.138988469007,0.0,409.0,0.0
2025-05-22 11:00:00,865.9112442858034,0.0,407.0,0.0
2025-05-22 11:30:00,971.1990662779475,0.0,338.0,0.0
2025-05-22 12:00:00,865.3612316198546,0.0,298.0,0.0
2025-05-22 12:30:00,863.854532132559,0.0,327.0,0.0
2025-05-22 13:00:00,899.166770800616,0.0,334.0,0.0
2025-05-22 13:30:00,785.4311012399922,0.0,311.0,0.0
2025-05-22 14:00:00,936.1627058029793,0.0,286.0,0.0
2025-05-22 14:30:00,955.7011055834821,0.0,293.0,0.0
2025-05-22 15:00:00,1009.1149716408482,0.0,290.0,0.0
2025-05-22 15:30:00,871.0875960132794,0.0,283.0,0.0
2025-05-22 16:00:00,1004.342177486584,0.0,271.0,0.0
2025-05-22 16:30:00,954.2601171879802,0.0,254.00000000000003,0.0
2025-05-22 17:00:00,1006.3905229589502,0.0,267.0,0.0
2025-05-22 17:30:00,974.9731109443578,0.0,280.0,0.0
2025-05-22 18:00:00,1020.487365006115,0.0,283.0,0.0
2025-05-22 18:30:00,889.1023549849922,0.0,286.0,0.0
2025-05-22 19:00:00,969.9920174785283,0.0,275.0,0.0
2025-05-22 19:30:00,898.4674199408801,0.0,267.0,0.0
2025-05-22 20:00:00,743.6686837318985,0.0,205.0,0.0
2025-05-22 20:30:00,728.3722277553327,0.0,186.99999999999997,0.0
2025-05-22 21:00:00,761.4605289640766,0.0,224.0,0.0
2025-05-22 21:30:00,709.740625555846,0.0,221.0,0.0
2025-05-22 22:00:00,755.2391654523049,0.0,228.0,0.0
2025-05-22 22:30:00,680.0080801939498,0.0,228.0,0.0
2025-05-22 23:00:00,674.6573854723603,0.0,233.0,0.0
2025-05-22 23:30:00,804.5100939897496,0.0,235.99999999999997,0.0
2025-05-23 00:00:00,691.6105955071899,0.0,194.0,0.0
2025-05-23 00:30:00,668.9220377514599,0.0,173.00000000000003,0.0
2025-05-23 01:00:00,632.0408879386177,0.0,184.0,0.0
2025-05-23 01:30:00,650.5712337774704,0.0,183.00000000000003,0.0
2025-05-23 02:00:00,588.832218048716,0.0,180.0,0.0
2025-05-23 02:30:00,686.4480108282035,0.0,182.0,0.0
2025-05-23 03:00:00,729.8006773234558,0.0,188.0,0.0
2025-05-23 03:30:00,662.0403241338231,0.0,191.0,0.0
2025-05-23 04:00:00,588.3999792135049,0.0,188.0,0.0
2025-05-23 04:30:00,674.0652865709433,0.0,186.0,0.0
2025-05-23 05:00:00,625.5820389169562,0.0,188.0,0.0
2025-05-23 05:30:00,644.635587988511,0.0,192.0,0.0
2025-05-23 06:00:00,685.4726998737295,0.0,191.0,0.0
2025-05-23 06:30:00,649.7154599611345,0.0,184.0,0.0
2025-05-23 07:00:00,643.3070536770863,0.0,193.0,0.0
2025-05-23 07:30:00,667.4434777174871,0.0,209.0,0.0
2025-05-23 08:00:00,724.8319855287783,0.0,222.0,0.0
2025-05-23 08:30:00,823.8309498529737,0.0,255.0,0.0
2025-05-23 09:00:00,827.1320521051923,0.0,273.0,0.0
2025-05-23 09:30:00,851.8458572022186,0.0,272.0,0.0
2025-05-23 10:00:00,908.7221494254835,0.0,274.0,0.0
2025-05-23 10:30:00,916.812269400925,0.0,282.0,0.0
2025-05-23 11:00:00,850.8895763721981,0.0,285.0,0.0
2025-05-23 11:30:00,961.9813042591945,0.0,311.0,0.0
2025-05-23 12:00:00,766.6556900281619,0.0,311.0,0.0
2025-05-23 12:30:00,875.6606524449392,0.0,313.0,0.0
2025-05-23 13:00:00,859.7364460598519,0.0,313.0,0.0
2025-05-23 13:30:00,905.4591587715414,0.0,322.0,0.0
2025-05-23 14:00:00,949.9487755204864,0.0,323.0,0.0
2025-05-23 14:30:00,982.7114650562621,0.0,325.0,0.0
2025-05-23 15:00:00,907.2884747575145,0.0,357.0,0.0
2025-05-23 15:30:00,1004.0590870475972,0.0,380.0,0.0
2025-05-23 16:00:00,941.5290532430338,0.0,372.0,0.0
2025-05-23 16:30:00,830.5247181244919,0.0,370.0,0.0
2025-05-23 17:00:00,972.712495445106,0.0,369.0,0.0
2025-05-23 17:30:00,844.8605531458443,0.0,382.0,0.0
2025-05-23 18:00:00,923.01232545158,0.0,373.0,0.0
2025-05-23 18:30:00,895.9858148479095,0.0,364.0,0.0
2025-05-23 19:00:00,872.8661634792668,0.0,348.0,0.0
2025-05-23 19:30:00,817.1797015218395,0.0,330.0,0.0
2025-05-23 20:00:00,809.1387654968086,0.0,290.0,0.0
2025-05-23 20:30:00,671.8480110868834,0.0,280.0,0.0
2025-05-23 21:00:00,708.5102802785572,0.0,282.0,0.0
2025-05-23 21:30:00,670.4005527190144,0.0,274.0,0.0
2025-05-23 22:00:00,688.8060216101655,0.0,277.0,0.0
2025-05-23 22:30:00,698.2035275056936,0.0,276.0,0.0
2025-05-23 23:00:00,734.7609019992082,0.0,274.0,0.0
2025-05-23 23:30:00,676.9782715623384,0.0,275.0,0.0
2025-05-24 00:00:00,649.8389541534617,0.0,195.99999999999997,0.0
2025-05-24 00:30:00,580.4010005157193,0.0,185.99999999999997,0.0
2025-05-24 01:00:00,654.3513966325438,0.0,188.0,0.0
2025-05-24 01:30:00,657.0955844806169,0.0,196.0,0.0
2025-05-24 02:00:00,638.9410670151595,0.0,191.0,0.0
2025-05-24 02:30:00,717.2369664589846,0.0,195.99999999999997,0.0
2025-05-24 03:00:00,672.4241851611072,0.0,193.0,0.0
2025-05-24 03:30:00,645.9996933392096,0.0,185.99999999999997,0.0
2025-05-24 04:00:00,583.7027151920048,0.0,185.0,0.0
2025-05-24 04:30:00,596.4485132139606,0.0,188.0,0.0
2025-05-24 05:00:00,601.9318990864822,0.0,182.0,0.0
2025-05-24 05:30:00,584.3795619478954,0.0,185.0,0.0
2025-05-24 06:00:00,618.8577728479883,0.0,184.0,0.0
2025-05-24 06:30:00,592.0806938794389,0.0,173.0,0.0
2025-05-24 07:00:00,562.9537977702445,0.0,176.00000000000003,0.0
2025-05-24 07:30:00,635.4275728969292,0.0,184.0,0.0
2025-05-24 08:00:00,501.30136394935846,0.0,152.0,0.0
2025-05-24 08:30:00,291.60402449799363,0.0,80.0,0.0
2025-05-24 09:00:00,327.80630848024634,0.0,70.0,0.0
2025-05-24 09:30:00,377.99098532226316,0.0,133.0,0.0
2025-05-24 10:00:00,400.790062027037,0.0,134.0,0.0
2025-05-24 10:30:00,373.68626095857866,0.0,138.0,0.0
2025-05-24 11:00:00,405.676167604203,0.0,148.0,0.0
2025-05-24 11:30:00,401.67365768176035,0.0,185.0,0.0
2025-05-24 12:00:00,365.89794311852165,0.0,201.0,0.0
2025-05-24 12:30:00,387.3543865236907,0.0,227.0,0.0
2025-05-24 13:00:00,460.2077731708789,0.0,255.0,0.0
2025-05-24 13:30:00,460.6947161171278,0.0,254.0,0.0
2025-05-24 14:00:00,445.9862430612317,0.0,247.99999999999997,0.0
2025-05-24 14:30:00,461.5665625705382,0.0,247.99999999999997,0.0
2025-05-24 15:00:00,454.3489990176953,0.0,253.99999999999997,0.0
2025-05-24 15:30:00,453.9022324684325,0.0,259.0,0.0
2025-05-24 16:00:00,438.94439231656924,0.0,267.0,0.0
2025-05-24 16:30:00,473.47350391311716,0.0,269.0,0.0
2025-05-24 17:00:00,422.6370834748463,0.0,255.99999999999997,0.0
2025-05-24 17:30:00,375.8563644815048,0.0,232.0,0.0
2025-05-24 18:00:00,259.8184511286968,0.0,144.0,0.0
2025-05-24 18:30:00,138.25254930883207,0.0,64.0,0.0
2025-05-24 19:00:00,124.13275234793159,0.0,60.0,0.0
2025-05-24 19:30:00,134.75487302254714,0.0,55.0,0.0
2025-05-24 20:00:00,122.99231646411333,0.0,53.0,0.0
2025-05-24 20:30:00,133.68211571415938,0.0,55.0,0.0
2025-05-24 21:00:00,126.80425160379839,0.0,54.0,0.0
2025-05-24 21:30:00,128.4786341801622,0.0,54.0,0.0
2025-05-24 22:00:00,120.22120556990026,0.0,49.0,0.0
2025-05-24 22:30:00,83.32283638904063,0.0,25.0,0.0
2025-05-24 23:00:00,95.38297137177062,0.0,29.0,0.0
2025-05-24 23:30:00,90.93996606402435,0.0,23.0,0.0
2025-05-25 00:00:00,107.44546978599664,0.0,48.0,0.0
2025-05-25 00:30:00,106.02262881648562,0.0,46.0,0.0
2025-05-25 01:00:00,120.32271831740059,0.0,47.0,0.0
2025-05-25 01:30:00,97.66448873084566,0.0,46.0,0.0
2025-05-25 02:00:00,106.88098511790038,0.0,47.0,0.0
2025-05-25 02:30:00,115.81614903329103,0.0,49.0,0.0
2025-05-25 03:00:00,98.27711034758467,0.0,47.0,0.0
2025-05-25 03:30:00,106.7013423182198,0.0,50.0,0.0
2025-05-25 04:00:00,105.289224324403,0.0,47.0,0.0
2025-05-25 04:30:00,105.90428353840092,0.0,47.0,0.0
2025-05-25 05:00:00,99.51986165942938,0.0,49.99999999999999,0.0
2025-05-25 05:30:00,112.4502618894457,0.0,51.0,0.0
2025-05-25 06:00:00,110.66796839785789,0.0,49.0,0.0
2025-05-25 06:30:00,111.975729274598,0.0,51.0,0.0
2025-05-25 07:00:00,102.43914897417127,0.0,49.0,0.0
2025-05-25 07:30:00,106.50872346814964,0.0,49.0,0.0
2025-05-25 08:00:00,99.27515935483967,0.0,49.0,0.0
2025-05-25 08:30:00,100.15625150502107,0.0,47.0,0.0
2025-05-25 09:00:00,109.32736422058828,0.0,44.0,0.0
2025-05-25 09:30:00,100.22728069576132,0.0,45.0,0.0
2025-05-25 10:00:00,93.82721120226397,0.0,44.0,0.0
2025-05-25 10:30:00,100.64942251156127,0.0,44.0,0.0
2025-05-25 11:00:00,93.98694853264092,0.0,44.0,0.0
2025-05-25 11:30:00,93.76993566733138,0.0,44.0,0.0
2025-05-25 12:00:00,96.54808043018079,0.0,46.0,0.0
2025-05-25 12:30:00,97.53400660717404,0.0,45.0,0.0
2025-05-25 13:00:00,104.42313286550115,0.0,45.0,0.0
2025-05-25 13:30:00,100.47402920181722,0.0,43.0,0.0
2025-05-25 14:00:00,103.43589645436654,0.0,44.0,0.0
2025-05-25 14:30:00,93.27680726881067,0.0,43.0,0.0
2025-05-25 15:00:00,98.07177564860434,0.0,45.0,0.0
2025-05-25 15:30:00,101.1066055205799,0.0,44.0,0.0
2025-05-25 16:00:00,97.63326727364242,0.0,46.0,0.0
2025-05-25 16:30:00,99.39703314088247,0.0,46.0,0.0
2025-05-25 17:00:00,103.02444781035096,0.0,47.0,0.0
2025-05-25 17:30:00,98.0104962525085,0.0,46.0,0.0
2025-05-25 18:00:00,100.87747220064635,0.0,47.0,0.0
2025-05-25 18:30:00,108.82735141833864,0.0,47.0,0.0
2025-05-25 19:00:00,100.97480906615873,0.0,45.0,0.0
2025-05-25 19:30:00,108.96769303100533,0.0,44.0,0.0
2025-05-25 20:00:00,106.85732592483,0.0,44.0,0.0
2025-05-25 20:30:00,98.26994932953643,0.0,44.0,0.0
2025-05-25 21:00:00,100.20591840233017,0.0,44.0,0.0
2025-05-25 21:30:00,102.63609404616071,0.0,46.0,0.0
2025-05-25 22:00:00,99.50699551924185,0.0,43.0,0.0
2025-05-25 22:30:00,106.61649840959802,0.0,46.0,0.0
2025-05-25 23:00:00,109.30915006495387,0.0,46.0,0.0
2025-05-25 23:30:00,111.58958168769979,0.0,45.0,0.0
2025-05-26 00:00:00,95.3596126100523,0.0,27.0,0.0
2025-05-26 00:30:00,97.06414573749755,0.0,26.999999999999996,0.0
2025-05-26 01:00:00,94.43227182868122,0.0,25.0,0.0
2025-05-26 01:30:00,96.89986308044884,0.0,25.0,0.0
2025-05-26 02:00:00,92.31735623071329,0.0,27.0,0.0
2025-05-26 02:30:00,87.24307340247363,0.0,25.0,0.0
2025-05-26 03:00:00,101.5336262006829,0.0,25.0,0.0
2025-05-26 03:30:00,89.6065921371739,0.0,26.0,0.0
2025-05-26 04:00:00,91.81411115443365,0.0,28.0,0.0
2025-05-26 04:30:00,91.0494433310028,0.0,25.0,0.0
2025-05-26 05:00:00,92.7103767266014,0.0,26.999999999999996,0.0
2025-05-26 05:30:00,89.58382246293478,0.0,27.0,0.0
2025-05-26 06:00:00,91.27037067568541,0.0,26.0,0.0
2025-05-26 06:30:00,154.04313497895305,0.0,55.0,0.0
2025-05-26 07:00:00,199.12546675769536,0.0,87.0,0.0
2025-05-26 07:30:00,325.10739984951124,0.0,168.99999999999997,0.0
2025-05-26 08:00:00,628.3640653464979,0.0,194.0,0.0
2025-05-26 08:30:00,811.9262761972204,0.0,274.0,0.0
2025-05-26 09:00:00,955.1466957685346,0.0,281.0,0.0
2025-05-26 09:30:00,874.0188135351007,0.0,283.0,0.0
2025-05-26 10:00:00,929.9221450599639,0.0,296.0,0.0
2025-05-26 10:30:00,931.4977368226877,0.0,298.0,0.0
2025-05-26 11:00:00,1039.2419788210361,0.0,304.00000000000006,0.0
2025-05-26 11:30:00,938.724447575468,0.0,300.0,0.0
2025-05-26 12:00:00,969.9212873897758,0.0,293.0,0.0
2025-05-26 12:30:00,932.5529862834154,0.0,312.0,0.0
2025-05-26 13:00:00,926.6924676183557,0.0,316.0,0.0
2025-05-26 13:30:00,943.7688408575373,0.0,315.0,0.0
2025-05-26 14:00:00,1014.6008971959528,0.0,308.0,0.0
2025-05-26 14:30:00,849.0489827130206,0.0,305.0,0.0
2025-05-26 15:00:00,877.9302586965426,0.0,303.0,0.0
2025-05-26 15:30:00,848.2509985271497,0.0,305.0,0.0
2025-05-26 16:00:00,873.757402067021,0.0,298.0,0.0
2025-05-26 16:30:00,865.348866691364,0.0,281.0,0.0
2025-05-26 17:00:00,852.3066852635048,0.0,297.0,0.0
2025-05-26 17:30:00,887.0480023764941,0.0,301.0,0.0
2025-05-26 18:00:00,835.6413284296312,0.0,309.0,0.0
2025-05-26 18:30:00,843.0860308338586,0.0,296.0,0.0
2025-05-26 19:00:00,917.1301865001153,0.0,287.0,0.0
2025-05-26 19:30:00,855.8795105781167,0.0,264.0,0.0
2025-05-26 20:00:00,808.659486278051,0.0,232.99999999999997,0.0
2025-05-26 20:30:00,681.1928679182216,0.0,206.0,0.0
2025-05-26 21:00:00,644.621433867351,0.0,198.0,0.0
2025-05-26 21:30:00,647.5870761465305,0.0,191.0,0.0
2025-05-26 22:00:00,678.9300016889975,0.0,189.0,0.0
2025-05-26 22:30:00,707.74421548443,0.0,200.99999999999997,0.0
2025-05-26 23:00:00,711.0985395309435,0.0,201.99999999999997,0.0
2025-05-26 23:30:00,704.0196468697437,0.0,194.0,0.0
2025-05-27 00:00:00,695.43614780286,0.0,173.0,0.0
2025-05-27 00:30:00,607.3946863687269,0.0,161.0,0.0
2025-05-27 01:00:00,726.2557080465166,0.0,157.0,0.0
2025-05-27 01:30:00,663.7590334141844,0.0,172.99999999999997,0.0
2025-05-27 02:00:00,704.1224852407718,0.0,179.0,0.0
2025-05-27 02:30:00,729.1735596606194,0.0,181.0,0.0
2025-05-27 03:00:00,658.8011514616661,0.0,175.0,0.0
2025-05-27 03:30:00,677.1338148910703,0.0,172.0,0.0
2025-05-27 04:00:00,691.7924563627545,0.0,174.0,0.0
2025-05-27 04:30:00,828.011962158709,0.0,181.0,0.0
2025-05-27 05:00:00,713.0262537808203,0.0,181.0,0.0
2025-05-27 05:30:00,755.4664176318031,0.0,183.0,0.0
2025-05-27 06:00:00,738.1164680012689,0.0,175.0,0.0
2025-05-27 06:30:00,672.6026114301403,0.0,166.0,0.0
2025-05-27 07:00:00,657.7262992910076,0.0,173.0,0.0
2025-05-27 07:30:00,788.3192270369535,0.0,190.0,0.0
2025-05-27 08:00:00,757.6523815095125,0.0,228.0,0.0
2025-05-27 08:30:00,924.2474443543335,0.0,233.0,0.0
2025-05-27 09:00:00,903.5462374366026,0.0,290.0,0.0
2025-05-27 09:30:00,817.0443475988607,0.0,314.0,0.0
2025-05-27 10:00:00,934.0717041597998,0.0,315.0,0.0
2025-05-27 10:30:00,994.3326829687827,0.0,318.0,0.0
2025-05-27 11:00:00,905.786603338905,0.0,309.0,0.0
2025-05-27 11:30:00,928.7572855358969,0.0,296.0,0.0
2025-05-27 12:00:00,792.2345001817424,0.0,262.0,0.0
2025-05-27 12:30:00,801.8331510752075,0.0,282.0,0.0
2025-05-27 13:00:00,843.2767877700406,0.0,290.0,0.0
2025-05-27 13:30:00,858.1522731867,0.0,290.0,0.0
2025-05-27 14:00:00,856.3191519024593,0.0,286.0,0.0
2025-05-27 14:30:00,908.2627199369529,0.0,283.0,0.0
2025-05-27 15:00:00,824.3985725002635,0.0,283.0,0.0
2025-05-27 15:30:00,878.7475441731975,0.0,304.0,0.0
2025-05-27 16:00:00,889.2117494222603,0.0,356.0,0.0
2025-05-27 16:30:00,773.6496575977717,0.0,336.0,0.0
2025-05-27 17:00:00,780.6777286244929,0.0,345.0,0.0
2025-05-27 17:30:00,839.4496373540895,0.0,349.0,0.0
2025-05-27 18:00:00,932.4425039443012,0.0,358.0,0.0
2025-05-27 18:30:00,860.0076854392514,0.0,356.0,0.0
2025-05-27 19:00:00,761.766912313846,0.0,380.0,0.0
2025-05-27 19:30:00,721.7732925371251,0.0,380.0,0.0
2025-05-27 20:00:00,828.3373236745075,0.0,352.0,0.0
2025-05-27 20:30:00,731.4641545023887,0.0,339.0,0.0
2025-05-27 21:00:00,765.8423597455131,0.0,338.0,0.0
2025-05-27 21:30:00,695.6072802497159,0.0,343.0,0.0
2025-05-27 22:00:00,755.3490123892639,0.0,342.0,0.0
2025-05-27 22:30:00,747.4916649505216,0.0,320.0,0.0
2025-05-27 23:00:00,672.3628441411746,0.0,312.0,0.0
2025-05-27 23:30:00,664.8769383931763,0.0,312.0,0.0
2025-05-28 00:00:00,615.8712264370694,0.0,314.0,0.0
2025-05-28 00:30:00,655.4787296725191,0.0,301.0,0.0
2025-05-28 01:00:00,688.7543319285202,0.0,303.0,0.0
2025-05-28 01:30:00,688.0910531439747,0.0,301.0,0.0
2025-05-28 02:00:00,682.9689774251216,0.0,306.0,0.0
2025-05-28 02:30:00,651.0021852853263,0.0,307.0,0.0
2025-05-28 03:00:00,651.9468467040218,0.0,311.0,0.0
2025-05-28 03:30:00,700.2487614469943,0.0,313.0,0.0
2025-05-28 04:00:00,697.0525180777661,0.0,317.0,0.0
2025-05-28 04:30:00,684.7909272772991,0.0,321.0,0.0
2025-05-28 05:00:00,748.0652197044935,0.0,322.0,0.0
2025-05-28 05:30:00,656.3868125580082,0.0,311.0,0.0
2025-05-28 06:00:00,658.5098046083019,0.0,315.0,0.0
2025-05-28 06:30:00,720.1684131927924,0.0,308.0,0.0
2025-05-28 07:00:00,704.4711547630525,0.0,311.0,0.0
2025-05-28 07:30:00,694.0006361996054,0.0,321.0,0.0
2025-05-28 08:00:00,756.2121159519634,0.0,346.0,0.0
2025-05-28 08:30:00,813.6993498920388,0.0,342.0,0.0
2025-05-28 09:00:00,768.1652707312072,0.0,288.0,0.0
2025-05-28 09:30:00,854.0534202400556,0.0,308.0,0.0
2025-05-28 10:00:00,879.7576641854807,0.0,305.0,0.0
2025-05-28 10:30:00,906.4932718854794,0.0,323.0,0.0
2025-05-28 11:00:00,949.2347859956623,0.0,336.0,0.0
2025-05-28 11:30:00,1006.1331240367977,0.0,312.0,0.0
2025-05-28 12:00:00,895.7144949220149,0.0,292.0,0.0
2025-05-28 12:30:00,888.0644990207699,0.0,315.0,0.0
2025-05-28 13:00:00,920.8682165179893,0.0,295.0,0.0
2025-05-28 13:30:00,878.9572860145245,0.0,284.0,0.0
2025-05-28 14:00:00,914.7062529296145,0.0,288.0,0.0
2025-05-28 14:30:00,933.283055529506,0.0,305.0,0.0
2025-05-28 15:00:00,1031.0759958140093,0.0,299.0,0.0
2025-05-28 15:30:00,822.3441891944901,0.0,301.0,0.0
2025-05-28 16:00:00,891.6443990940743,0.0,292.0,0.0
2025-05-28 16:30:00,872.3890570335249,0.0,272.0,0.0
2025-05-28 17:00:00,825.3538356689162,0.0,263.0,0.0
2025-05-28 17:30:00,905.2237063540563,0.0,257.0,0.0
2025-05-28 18:00:00,905.8450073220755,0.0,261.0,0.0
2025-05-28 18:30:00,869.4190924993618,0.0,278.0,0.0
2025-05-28 19:00:00,854.5264429716763,0.0,271.0,0.0
2025-05-28 19:30:00,860.356747351139,0.0,272.0,0.0
2025-05-28 20:00:00,819.9314800365396,0.0,249.00000000000003,0.0
2025-05-28 20:30:00,731.0739058003549,0.0,212.99999999999997,0.0
2025-05-28 21:00:00,720.810122689065,0.0,208.0,0.0
2025-05-28 21:30:00,740.0244979552061,0.0,208.00000000000003,0.0
2025-05-28 22:00:00,732.1733216471271,0.0,198.0,0.0
2025-05-28 22:30:00,667.1234787039776,0.0,187.0,0.0
2025-05-28 23:00:00,668.5325776350545,0.0,186.00000000000003,0.0
2025-05-28 23:30:00,647.7450951336298,0.0,192.00000000000003,0.0
2025-05-29 00:00:00,702.110067216952,0.0,231.0,0.0
2025-05-29 00:30:00,710.7329946994057,0.0,227.00000000000003,0.0
2025-05-29 01:00:00,708.9163373471375,0.0,225.00000000000003,0.0
2025-05-29 01:30:00,665.9513284512086,0.0,221.0,0.0
2025-05-29 02:00:00,708.0871069598667,0.0,227.0,0.0
2025-05-29 02:30:00,647.0644175069818,0.0,207.0,0.0
2025-05-29 03:00:00,658.2572606485037,0.0,208.0,0.0
2025-05-29 03:30:00,629.0526742849769,0.0,209.00000000000003,0.0
2025-05-29 04:00:00,649.6390617817098,0.0,202.0,0.0
2025-05-29 04:30:00,697.528809919782,0.0,213.0,0.0
2025-05-29 05:00:00,659.8082799498941,0.0,218.0,0.0
2025-05-29 05:30:00,759.0604864691844,0.0,216.0,0.0
2025-05-29 06:00:00,720.3995124086169,0.0,220.00000000000003,0.0
2025-05-29 06:30:00,704.6407191377454,0.0,210.0,0.0
2025-05-29 07:00:00,698.7201652056783,0.0,206.00000000000003,0.0
2025-05-29 07:30:00,762.938148437543,0.0,226.00000000000003,0.0
2025-05-29 08:00:00,701.0342651280456,0.0,246.0,0.0
2025-05-29 08:30:00,752.5913781219022,0.0,279.0,0.0
2025-05-29 09:00:00,848.9803413993387,0.0,288.0,0.0
2025-05-29 09:30:00,930.3621816364039,0.0,299.0,0.0
2025-05-29 10:00:00,929.9421294537399,0.0,312.0,0.0
2025-05-29 10:30:00,935.6623723146358,0.0,309.0,0.0
2025-05-29 11:00:00,971.5938688216662,0.0,299.0,0.0
2025-05-29 11:30:00,922.3900155323005,0.0,295.0,0.0
2025-05-29 12:00:00,895.3932015327935,0.0,278.0,0.0
2025-05-29 12:30:00,860.5787422053479,0.0,310.0,0.0
2025-05-29 13:00:00,826.7456954863598,0.0,293.0,0.0
2025-05-29 13:30:00,946.3739781196273,0.0,283.0,0.0
2025-05-29 14:00:00,892.7815416835571,0.0,275.0,0.0
2025-05-29 14:30:00,877.9130437710144,0.0,274.0,0.0
2025-05-29 15:00:00,852.5617492563946,0.0,265.0,0.0
2025-05-29 15:30:00,877.7557752024887,0.0,278.0,0.0
2025-05-29 16:00:00,888.2077542734969,0.0,282.0,0.0
2025-05-29 16:30:00,809.6910260593658,0.0,259.0,0.0
2025-05-29 17:00:00,835.256018839744,0.0,280.0,0.0
2025-05-29 17:30:00,890.0365032682105,0.0,301.0,0.0
2025-05-29 18:00:00,801.8517853530369,0.0,301.0,0.0
2025-05-29 18:30:00,597.2798398798317,0.0,175.0,0.0
2025-05-29 19:00:00,550.8048330612974,0.0,168.0,0.0
2025-05-29 19:30:00,542.603880884088,0.0,164.0,0.0
2025-05-29 20:00:00,499.42717223007537,0.0,153.0,0.0
2025-05-29 20:30:00,501.99372993051617,0.0,146.0,0.0
2025-05-29 21:00:00,499.20084455828385,0.0,133.0,0.0
2025-05-29 21:30:00,530.7489348514388,0.0,145.0,0.0
2025-05-29 22:00:00,621.8170540691326,0.0,236.0,0.0
2025-05-29 22:30:00,743.6714869345581,0.0,258.0,0.0
2025-05-29 23:00:00,722.6885738377549,0.0,265.0,0.0
2025-05-29 23:30:00,725.9302750252485,0.0,248.99999999999997,0.0
2025-05-30 00:00:00,725.264950537791,0.0,256.0,0.0
2025-05-30 00:30:00,686.9040816565474,0.0,247.99999999999997,0.0
2025-05-30 01:00:00,706.9907361745165,0.0,248.0,0.0
2025-05-30 01:30:00,654.355664441781,0.0,240.0,0.0
2025-05-30 02:00:00,727.8801723330766,0.0,230.00000000000003,0.0
2025-05-30 02:30:00,628.7390916586809,0.0,234.00000000000003,0.0
2025-05-30 03:00:00,681.1092698980317,0.0,246.0,0.0
2025-05-30 03:30:00,688.9957409651523,0.0,245.0,0.0
2025-05-30 04:00:00,749.2879004650057,0.0,244.0,0.0
2025-05-30 04:30:00,673.2149888583906,0.0,246.0,0.0
2025-05-30 05:00:00,656.7271078393003,0.0,252.0,0.0
2025-05-30 05:30:00,674.9352759262241,0.0,257.0,0.0
2025-05-30 06:00:00,745.9324184525337,0.0,248.0,0.0
2025-05-30 06:30:00,568.4816231897884,0.0,233.0,0.0
2025-05-30 07:00:00,660.2498403877759,0.0,239.00000000000003,0.0
2025-05-30 07:30:00,815.0871848886886,0.0,254.0,0.0
2025-05-30 08:00:00,735.0944900236515,0.0,252.0,0.0
2025-05-30 08:30:00,743.9518426197682,0.0,260.0,0.0
2025-05-30 09:00:00,849.7652371139537,0.0,282.0,0.0
2025-05-30 09:30:00,855.475588151473,0.0,282.0,0.0
2025-05-30 10:00:00,888.670319232956,0.0,282.0,0.0
2025-05-30 10:30:00,950.5097259178451,0.0,293.0,0.0
2025-05-30 11:00:00,868.0935592096658,0.0,290.0,0.0
2025-05-30 11:30:00,807.1122801325374,0.0,275.0,0.0
2025-05-30 12:00:00,831.5873131061387,0.0,263.0,0.0
2025-05-30 12:30:00,809.6600449983451,0.0,289.0,0.0
2025-05-30 13:00:00,809.5445723274483,0.0,319.0,0.0
2025-05-30 13:30:00,788.108737414942,0.0,330.0,0.0
2025-05-30 14:00:00,813.9456685618211,0.0,366.0,0.0
2025-05-30 14:30:00,852.4961349079543,0.0,368.0,0.0
2025-05-30 15:00:00,851.799124062697,0.0,367.0,0.0
2025-05-30 15:30:00,922.4748537994044,0.0,362.0,0.0
2025-05-30 16:00:00,854.7691959889103,0.0,362.0,0.0
2025-05-30 16:30:00,724.780208178691,0.0,352.0,0.0
2025-05-30 17:00:00,845.9154370589451,0.0,363.0,0.0
2025-05-30 17:30:00,868.3675811149478,0.0,374.0,0.0
2025-05-30 18:00:00,787.079346158436,0.0,347.0,0.0
2025-05-30 18:30:00,545.6813470555827,0.0,181.0,0.0
2025-05-30 19:00:00,430.52475361458625,0.0,140.0,0.0
2025-05-30 19:30:00,443.98063513627295,0.0,128.0,0.0
2025-05-30 20:00:00,419.6013654067019,0.0,127.0,0.0
2025-05-30 20:30:00,400.25157872663607,0.0,122.0,0.0
2025-05-30 21:00:00,378.30959309813977,0.0,120.0,0.0
2025-05-30 21:30:00,395.7334582793797,0.0,119.0,0.0
2025-05-30 22:00:00,505.9260591222808,0.0,193.0,0.0
2025-05-30 22:30:00,614.1772403690517,0.0,246.0,0.0
2025-05-30 23:00:00,615.294958312343,0.0,250.0,0.0
2025-05-30 23:30:00,601.2446271379721,0.0,251.00000000000003,0.0
2025-05-31 00:00:00,760.4305052082966,0.0,192.99999999999997,0.0
2025-05-31 00:30:00,706.1182392967046,0.0,167.0,0.0
2025-05-31 01:00:00,696.9129246074876,0.0,179.0,0.0
2025-05-31 01:30:00,705.7988373378947,0.0,183.0,0.0
2025-05-31 02:00:00,694.2281493423123,0.0,167.0,0.0
2025-05-31 02:30:00,626.8133234364606,0.0,206.99999999999997,0.0
2025-05-31 03:00:00,691.4757485529057,0.0,214.00000000000003,0.0
2025-05-31 03:30:00,635.1975977553078,0.0,213.0,0.0
2025-05-31 04:00:00,672.033662059297,0.0,213.0,0.0
2025-05-31 04:30:00,647.7481605195836,0.0,212.0,0.0
2025-05-31 05:00:00,659.7801369873532,0.0,203.0,0.0
2025-05-31 05:30:00,653.7880673540475,0.0,205.0,0.0
2025-05-31 06:00:00,551.8615305955486,0.0,204.0,0.0
2025-05-31 06:30:00,654.7041415862745,0.0,203.0,0.0
2025-05-31 07:00:00,703.3297564672167,0.0,209.0,0.0
2025-05-31 07:30:00,712.7450622230785,0.0,224.0,0.0
2025-05-31 08:00:00,730.1853522390107,0.0,240.0,0.0
2025-05-31 08:30:00,876.0205998851131,0.0,251.0,0.0
2025-05-31 09:00:00,893.5988608157076,0.0,269.0,0.0
2025-05-31 09:30:00,890.5716140559146,0.0,265.0,0.0
2025-05-31 10:00:00,923.6427492298795,0.0,271.0,0.0
2025-05-31 10:30:00,909.7497487439449,0.0,284.0,0.0
2025-05-31 11:00:00,829.3603141911389,0.0,272.0,0.0
2025-05-31 11:30:00,773.5473327665421,0.0,274.0,0.0
2025-05-31 12:00:00,813.8112151993763,0.0,256.0,0.0
2025-05-31 12:30:00,906.8381005704872,0.0,276.0,0.0
2025-05-31 13:00:00,847.8621278176646,0.0,278.0,0.0
2025-05-31 13:30:00,909.6875331658108,0.0,301.0,0.0
2025-05-31 14:00:00,880.0964467241976,0.0,317.0,0.0
2025-05-31 14:30:00,948.8623249167613,0.0,341.0,0.0
2025-05-31 15:00:00,879.3259544447405,0.0,364.0,0.0
2025-05-31 15:30:00,913.3673116355831,0.0,360.0,0.0
2025-05-31 16:00:00,898.9267365165688,0.0,357.0,0.0
2025-05-31 16:30:00,880.4905966842474,0.0,337.0,0.0
2025-05-31 17:00:00,771.2024377582128,0.0,353.0,0.0
2025-05-31 17:30:00,853.5767265675181,0.0,366.0,0.0
2025-05-31 18:00:00,841.7067164647974,0.0,341.0,0.0
2025-05-31 18:30:00,553.1370273771174,0.0,205.99999999999997,0.0
2025-05-31 19:00:00,481.3595007494103,0.0,193.0,0.0
2025-05-31 19:30:00,487.3121577742677,0.0,198.0,0.0
2025-05-31 20:00:00,554.6820956069029,0.0,210.0,0.0
2025-05-31 20:30:00,651.8860998175497,0.0,242.00000000000003,0.0
2025-05-31 21:00:00,655.7908965492986,0.0,267.0,0.0
2025-05-31 21:30:00,670.2902320824937,0.0,266.0,0.0
2025-05-31 22:00:00,690.5381400727863,0.0,265.0,0.0
2025-05-31 22:30:00,714.8329384253773,0.0,269.0,0.0
2025-05-31 23:00:00,666.45989734023,0.0,263.0,0.0
2025-05-31 23:30:00,639.8089135815657,0.0,262.0,0.0
2025-06-01 00:00:00,63.97604966848043,0.0,22.0,0.0
2025-06-01 00:30:00,71.60920911772334,0.0,22.0,0.0
2025-06-01 01:00:00,69.84298711402542,0.0,23.0,0.0
2025-06-01 01:30:00,63.926910866638025,0.0,24.0,0.0
2025-06-01 02:00:00,63.25987133942283,0.0,23.0,0.0
2025-06-01 02:30:00,68.30731605531858,0.0,23.0,0.0
2025-06-01 03:00:00,63.41697906602824,0.0,20.0,0.0
2025-06-01 03:30:00,65.73862958922417,0.0,23.0,0.0
2025-06-01 04:00:00,67.26281928092338,0.0,20.0,0.0
2025-06-01 04:30:00,60.8726457824042,0.0,20.0,0.0
2025-06-01 05:00:00,63.52867090761879,0.0,18.0,0.0
2025-06-01 05:30:00,68.39590511848112,0.0,22.0,0.0
2025-06-01 06:00:00,64.7371645063676,0.0,20.0,0.0
2025-06-01 06:30:00,62.735304745299636,0.0,20.0,0.0
2025-06-01 07:00:00,62.326479604743895,0.0,21.0,0.0
2025-06-01 07:30:00,54.94790427327452,0.0,21.0,0.0
2025-06-01 08:00:00,56.03562731169635,0.0,23.0,0.0
2025-06-01 08:30:00,65.28288819498462,0.0,21.0,0.0
2025-06-01 09:00:00,62.80401651856465,0.0,22.0,0.0
2025-06-01 09:30:00,66.54838326544704,0.0,23.0,0.0
2025-06-01 10:00:00,68.67212378184557,0.0,22.0,0.0
2025-06-01 10:30:00,64.28291693633422,0.0,24.0,0.0
2025-06-01 11:00:00,66.52501710268491,0.0,23.0,0.0
2025-06-01 11:30:00,70.0144496211101,0.0,24.0,0.0
2025-06-01 12:00:00,66.91797333649158,0.0,25.0,0.0
2025-06-01 12:30:00,73.23135729828999,0.0,24.0,0.0
2025-06-01 13:00:00,73.57731695487666,0.0,25.0,0.0
2025-06-01 13:30:00,71.40097917802532,0.0,26.0,0.0
2025-06-01 14:00:00,75.58239581071153,0.0,23.999999999999996,0.0
2025-06-01 14:30:00,65.1053875110519,0.0,25.0,0.0
2025-06-01 15:00:00,70.3528112167891,0.0,24.0,0.0
2025-06-01 15:30:00,71.66913979367895,0.0,26.0,0.0
2025-06-01 16:00:00,66.18832309771868,0.0,24.0,0.0
2025-06-01 16:30:00,70.40287803102387,0.0,25.0,0.0
2025-06-01 17:00:00,63.59524332591001,0.0,23.0,0.0
2025-06-01 17:30:00,69.64441593331114,0.0,24.0,0.0
2025-06-01 18:00:00,69.80672225634733,0.0,27.0,0.0
2025-06-01 18:30:00,66.16889622128286,0.0,27.0,0.0
2025-06-01 19:00:00,58.306960620196335,0.0,25.0,0.0
2025-06-01 19:30:00,65.03646653817566,0.0,24.0,0.0
2025-06-01 20:00:00,68.17201366065163,0.0,24.0,0.0
2025-06-01 20:30:00,68.41243576488176,0.0,24.0,0.0
2025-06-01 21:00:00,60.01719892184245,0.0,25.0,0.0
2025-06-01 21:30:00,72.58675142167777,0.0,23.0,0.0
2025-06-01 22:00:00,69.83392476368829,0.0,24.0,0.0
2025-06-01 22:30:00,65.54122187311185,0.0,25.0,0.0
2025-06-01 23:00:00,71.7397632768853,0.0,22.0,0.0
2025-06-01 23:30:00,65.03940031655539,0.0,24.0,0.0
2025-06-02 00:00:00,101.9876808105487,0.0,26.999999999999996,0.0
2025-06-02 00:30:00,88.94577280312578,0.0,27.0,0.0
2025-06-02 01:00:00,90.57082290683091,0.0,25.0,0.0
2025-06-02 01:30:00,87.17599574232129,0.0,25.0,0.0
2025-06-02 02:00:00,92.77360188819232,0.0,27.0,0.0
2025-06-02 02:30:00,92.51249333600296,0.0,25.0,0.0
2025-06-02 03:00:00,89.52045369820485,0.0,25.0,0.0
2025-06-02 03:30:00,94.63543071492617,0.0,25.999999999999996,0.0
2025-06-02 04:00:00,88.96806407776558,0.0,28.0,0.0
2025-06-02 04:30:00,93.11565425049109,0.0,25.000000000000004,0.0
2025-06-02 05:00:00,92.17677836714118,0.0,27.000000000000004,0.0
2025-06-02 05:30:00,88.68662324540837,0.0,26.999999999999996,0.0
2025-06-02 06:00:00,87.34262612496055,0.0,26.0,0.0
2025-06-02 06:30:00,168.13272818720907,0.0,55.0,0.0
2025-06-02 07:00:00,183.92652105668492,0.0,87.0,0.0
2025-06-02 07:30:00,363.3533018009116,0.0,169.0,0.0
2025-06-02 08:00:00,537.0111385974553,0.0,194.0,0.0
2025-06-02 08:30:00,865.5209267219759,0.0,274.0,0.0
2025-06-02 09:00:00,941.6616782075833,0.0,281.0,0.0
2025-06-02 09:30:00,880.9513156241169,0.0,283.0,0.0
2025-06-02 10:00:00,948.8511066111483,0.0,296.0,0.0
2025-06-02 10:30:00,948.4247982787258,0.0,298.0,0.0
2025-06-02 11:00:00,916.1472704424239,0.0,304.0,0.0
2025-06-02 11:30:00,975.0317314474246,0.0,300.0,0.0
2025-06-02 12:00:00,925.4705717022292,0.0,293.0,0.0
2025-06-02 12:30:00,946.4585823867126,0.0,312.0,0.0
2025-06-02 13:00:00,919.1294715381571,0.0,316.0,0.0
2025-06-02 13:30:00,948.2052390015499,0.0,315.0,0.0
2025-06-02 14:00:00,936.7824838283927,0.0,308.0,0.0
2025-06-02 14:30:00,913.5512876659584,0.0,305.0,0.0
2025-06-02 15:00:00,883.6408285147477,0.0,303.0,0.0
2025-06-02 15:30:00,990.2119600596039,0.0,305.0,0.0
2025-06-02 16:00:00,850.4571529425173,0.0,298.0,0.0
2025-06-02 16:30:00,894.9143151129028,0.0,281.0,0.0
2025-06-02 17:00:00,886.2385986519396,0.0,297.0,0.0
2025-06-02 17:30:00,973.2392707206589,0.0,301.0,0.0
2025-06-02 18:00:00,861.921315682402,0.0,309.0,0.0
2025-06-02 18:30:00,831.1963313080887,0.0,296.0,0.0
2025-06-02 19:00:00,799.724365709485,0.0,287.0,0.0
2025-06-02 19:30:00,828.1608773611864,0.0,264.0,0.0
2025-06-02 20:00:00,724.8304796842054,0.0,233.00000000000003,0.0
2025-06-02 20:30:00,679.9914169421027,0.0,205.99999999999997,0.0
2025-06-02 21:00:00,605.302513117897,0.0,198.0,0.0
2025-06-02 21:30:00,675.0990138455884,0.0,191.0,0.0
2025-06-02 22:00:00,644.4288993478231,0.0,188.99999999999997,0.0
2025-06-02 22:30:00,609.8944825144212,0.0,201.0,0.0
2025-06-02 23:00:00,696.8372195494867,0.0,202.0,0.0
2025-06-02 23:30:00,619.6508423185393,0.0,194.0,0.0
2025-06-03 00:00:00,81.3579142222705,0.0,21.0,0.0
2025-06-03 00:30:00,84.38835178807051,0.0,21.0,0.0
2025-06-03 01:00:00,88.7935887807409,0.0,20.0,0.0
2025-06-03 01:30:00,83.407999300016,0.0,21.0,0.0
2025-06-03 02:00:00,77.47396476380979,0.0,21.0,0.0
2025-06-03 02:30:00,92.89184655765406,0.0,22.0,0.0
2025-06-03 03:00:00,87.12721627955582,0.0,21.0,0.0
2025-06-03 03:30:00,93.10992496971274,0.0,22.0,0.0
2025-06-03 04:00:00,86.38489509359252,0.0,22.0,0.0
2025-06-03 04:30:00,85.98539960585173,0.0,21.0,0.0
2025-06-03 05:00:00,78.0632423715127,0.0,20.0,0.0
2025-06-03 05:30:00,84.47680196443278,0.0,21.0,0.0
2025-06-03 06:00:00,81.83466826087877,0.0,19.0,0.0
2025-06-03 06:30:00,137.11100434161577,0.0,43.0,0.0
2025-06-03 07:00:00,233.10322178150375,0.0,83.0,0.0
2025-06-03 07:30:00,376.5617187435057,0.0,168.0,0.0
2025-06-03 08:00:00,567.6414035678215,0.0,206.0,0.0
2025-06-03 08:30:00,730.5162589871398,0.0,269.0,0.0
2025-06-03 09:00:00,864.408880386282,0.0,296.0,0.0
2025-06-03 09:30:00,884.5159567229034,0.0,305.0,0.0
2025-06-03 10:00:00,929.194607951551,0.0,304.0,0.0
2025-06-03 10:30:00,905.2588591457423,0.0,300.0,0.0
2025-06-03 11:00:00,837.0919697104285,0.0,299.0,0.0
2025-06-03 11:30:00,904.2847703971025,0.0,303.0,0.0
2025-06-03 12:00:00,789.0170264542942,0.0,275.0,0.0
2025-06-03 12:30:00,863.6783772230675,0.0,291.0,0.0
2025-06-03 13:00:00,812.0799699934953,0.0,300.0,0.0
2025-06-03 13:30:00,897.2534632533612,0.0,298.0,0.0
2025-06-03 14:00:00,895.8559929657099,0.0,293.0,0.0
2025-06-03 14:30:00,1007.8094465909433,0.0,313.0,0.0
2025-06-03 15:00:00,946.2849686102844,0.0,312.0,0.0
2025-06-03 15:30:00,889.6023533011697,0.0,306.0,0.0
2025-06-03 16:00:00,940.685315234701,0.0,304.0,0.0
2025-06-03 16:30:00,779.8471347830163,0.0,274.0,0.0
2025-06-03 17:00:00,834.0150377053354,0.0,290.0,0.0
2025-06-03 17:30:00,899.0705633407651,0.0,300.0,0.0
2025-06-03 18:00:00,787.0888161278752,0.0,298.0,0.0
2025-06-03 18:30:00,885.7511759724836,0.0,300.0,0.0
2025-06-03 19:00:00,802.4442882725253,0.0,280.0,0.0
2025-06-03 19:30:00,854.9889942838889,0.0,272.0,0.0
2025-06-03 20:00:00,745.0073641109632,0.0,245.0,0.0
2025-06-03 20:30:00,749.9783916073545,0.0,215.99999999999997,0.0
2025-06-03 21:00:00,721.8368889151751,0.0,214.0,0.0
2025-06-03 21:30:00,753.0788766150541,0.0,208.0,0.0
2025-06-03 22:00:00,704.0369882550361,0.0,213.99999999999997,0.0
2025-06-03 22:30:00,666.9434675239364,0.0,204.0,0.0
2025-06-03 23:00:00,694.1046779120851,0.0,210.99999999999997,0.0
2025-06-03 23:30:00,657.4477651327334,0.0,214.0,0.0
2025-06-04 00:00:00,71.22373980523645,0.0,22.0,0.0
2025-06-04 00:30:00,90.13561573749455,0.0,24.0,0.0
2025-06-04 01:00:00,93.73292842194364,0.0,23.0,0.0
2025-06-04 01:30:00,100.77203864573761,0.0,24.0,0.0
2025-06-04 02:00:00,96.53172962416608,0.0,25.0,0.0
2025-06-04 02:30:00,89.20682992294259,0.0,23.0,0.0
2025-06-04 03:00:00,77.08818517356515,0.0,25.0,0.0
2025-06-04 03:30:00,76.19804846119038,0.0,25.0,0.0
2025-06-04 04:00:00,69.95398191005265,0.0,21.0,0.0
2025-06-04 04:30:00,80.20543253460761,0.0,24.0,0.0
2025-06-04 05:00:00,79.25764841951172,0.0,23.0,0.0
2025-06-04 05:30:00,73.79296500726647,0.0,20.999999999999996,0.0
2025-06-04 06:00:00,92.18313087677794,0.0,22.0,0.0
2025-06-04 06:30:00,132.19291967191424,0.0,20.0,0.0
2025-06-04 07:00:00,110.06304499393252,0.0,24.0,0.0
2025-06-04 07:30:00,317.7630527211327,0.0,112.0,0.0
2025-06-04 08:00:00,563.7604526395938,0.0,264.0,0.0
2025-06-04 08:30:00,853.8568225498477,0.0,324.0,0.0
2025-06-04 09:00:00,870.890597477856,0.0,325.0,0.0
2025-06-04 09:30:00,798.7431542658449,0.0,310.0,0.0
2025-06-04 10:00:00,831.5479745104806,0.0,307.0,0.0
2025-06-04 10:30:00,915.9783350755265,0.0,314.0,0.0
2025-06-04 11:00:00,842.5360946099231,0.0,290.0,0.0
2025-06-04 11:30:00,821.0175093685239,0.0,294.0,0.0
2025-06-04 12:00:00,926.683419771505,0.0,275.0,0.0
2025-06-04 12:30:00,873.297028521853,0.0,287.0,0.0
2025-06-04 13:00:00,859.3894655195326,0.0,294.0,0.0
2025-06-04 13:30:00,811.3987637734655,0.0,292.0,0.0
2025-06-04 14:00:00,884.5717165205874,0.0,288.0,0.0
2025-06-04 14:30:00,848.50704395305,0.0,290.0,0.0
2025-06-04 15:00:00,841.644929943948,0.0,288.0,0.0
2025-06-04 15:30:00,898.7427404581805,0.0,291.0,0.0
2025-06-04 16:00:00,788.8875865611807,0.0,285.0,0.0
2025-06-04 16:30:00,883.3616335236248,0.0,265.0,0.0
2025-06-04 17:00:00,849.174026209507,0.0,276.0,0.0
2025-06-04 17:30:00,902.993024666971,0.0,287.0,0.0
2025-06-04 18:00:00,803.9729424795627,0.0,286.0,0.0
2025-06-04 18:30:00,809.4682574572357,0.0,289.0,0.0
2025-06-04 19:00:00,790.6915619987911,0.0,283.0,0.0
2025-06-04 19:30:00,829.3104405886432,0.0,258.0,0.0
2025-06-04 20:00:00,783.8977036727382,0.0,240.0,0.0
2025-06-04 20:30:00,691.4426080701315,0.0,215.0,0.0
2025-06-04 21:00:00,680.7025772274841,0.0,222.0,0.0
2025-06-04 21:30:00,646.8082305950031,0.0,211.0,0.0
2025-06-04 22:00:00,709.2165427899696,0.0,210.0,0.0
2025-06-04 22:30:00,672.4721751126624,0.0,196.00000000000003,0.0
2025-06-04 23:00:00,664.8979792880668,0.0,195.0,0.0
2025-06-04 23:30:00,707.6926070825066,0.0,186.00000000000003,0.0
2025-06-05 00:00:00,685.0382385066514,0.0,190.00000000000003,0.0
2025-06-05 00:30:00,700.7919268538037,0.0,179.0,0.0
2025-06-05 01:00:00,652.3665074947378,0.0,181.0,0.0
2025-06-05 01:30:00,567.9905646726162,0.0,187.0,0.0
2025-06-05 02:00:00,652.0473438063411,0.0,184.0,0.0
2025-06-05 02:30:00,636.6635610649181,0.0,188.0,0.0
2025-06-05 03:00:00,642.9738333311705,0.0,187.0,0.0
2025-06-05 03:30:00,659.7951768659118,0.0,189.0,0.0
2025-06-05 04:00:00,642.6971040243372,0.0,189.0,0.0
2025-06-05 04:30:00,632.771039184097,0.0,190.0,0.0
2025-06-05 05:00:00,647.5793968941591,0.0,185.0,0.0
2025-06-05 05:30:00,625.1829439861407,0.0,188.0,0.0
2025-06-05 06:00:00,603.4058260639716,0.0,185.0,0.0
2025-06-05 06:30:00,718.6182666992501,0.0,183.00000000000003,0.0
2025-06-05 07:00:00,614.6820439794732,0.0,181.0,0.0
2025-06-05 07:30:00,672.4703812792643,0.0,197.0,0.0
2025-06-05 08:00:00,659.661207716544,0.0,217.0,0.0
2025-06-05 08:30:00,817.6740916665952,0.0,248.00000000000003,0.0
2025-06-05 09:00:00,801.2621294578314,0.0,284.0,0.0
2025-06-05 09:30:00,869.7623432855744,0.0,363.0,0.0
2025-06-05 10:00:00,938.0627124120821,0.0,395.0,0.0
2025-06-05 10:30:00,911.475282012897,0.0,409.0,0.0
2025-06-05 11:00:00,900.032463976345,0.0,407.0,0.0
2025-06-05 11:30:00,815.3193211932471,0.0,338.0,0.0
2025-06-05 12:00:00,936.6062707291362,0.0,298.0,0.0
2025-06-05 12:30:00,832.5977981272251,0.0,327.0,0.0
2025-06-05 13:00:00,960.7120263378638,0.0,334.0,0.0
2025-06-05 13:30:00,923.0770126991131,0.0,311.0,0.0
2025-06-05 14:00:00,941.3512409384239,0.0,286.0,0.0
2025-06-05 14:30:00,896.3313225274314,0.0,293.0,0.0
2025-06-05 15:00:00,948.5957887651895,0.0,290.0,0.0
2025-06-05 15:30:00,912.3204353803147,0.0,283.0,0.0
2025-06-05 16:00:00,923.41884040468,0.0,271.0,0.0
2025-06-05 16:30:00,879.3349374087337,0.0,254.00000000000003,0.0
2025-06-05 17:00:00,826.259839476656,0.0,267.0,0.0
2025-06-05 17:30:00,1002.8834332728992,0.0,280.0,0.0
2025-06-05 18:00:00,939.6737698897839,0.0,283.0,0.0
2025-06-05 18:30:00,909.6815141776027,0.0,286.0,0.0
2025-06-05 19:00:00,884.3495935241083,0.0,275.0,0.0
2025-06-05 19:30:00,924.0704801712877,0.0,267.0,0.0
2025-06-05 20:00:00,752.2510254486701,0.0,204.99999999999997,0.0
2025-06-05 20:30:00,665.1647441906005,0.0,186.99999999999997,0.0
2025-06-05 21:00:00,754.553624473626,0.0,224.0,0.0
2025-06-05 21:30:00,737.7643482915375,0.0,221.0,0.0
2025-06-05 22:00:00,712.9320565206572,0.0,228.0,0.0
2025-06-05 22:30:00,684.5573507961004,0.0,228.0,0.0
2025-06-05 23:00:00,736.6411773488692,0.0,233.0,0.0
2025-06-05 23:30:00,677.786444887877,0.0,236.0,0.0
2025-06-06 00:00:00,651.5827518463725,0.0,165.0,0.0
2025-06-06 00:30:00,641.7847594573249,0.0,156.0,0.0
2025-06-06 01:00:00,609.7050866625323,0.0,167.0,0.0
2025-06-06 01:30:00,633.34806009691,0.0,167.0,0.0
2025-06-06 02:00:00,660.2460195336977,0.0,169.0,0.0
2025-06-06 02:30:00,603.6934133543269,0.0,165.0,0.0
2025-06-06 03:00:00,647.0679833404758,0.0,164.0,0.0
2025-06-06 03:30:00,603.2921038063815,0.0,166.0,0.0
2025-06-06 04:00:00,610.3287195035248,0.0,166.0,0.0
2025-06-06 04:30:00,592.436473393253,0.0,162.0,0.0
2025-06-06 05:00:00,630.7848043526325,0.0,165.0,0.0
2025-06-06 05:30:00,658.2244172253143,0.0,169.0,0.0
2025-06-06 06:00:00,610.4085852390629,0.0,164.0,0.0
2025-06-06 06:30:00,564.5032790710803,0.0,157.0,0.0
2025-06-06 07:00:00,574.0452614777065,0.0,156.0,0.0
2025-06-06 07:30:00,662.5593514020647,0.0,172.99999999999997,0.0
2025-06-06 08:00:00,745.299407908599,0.0,204.0,0.0
2025-06-06 08:30:00,797.7413407981813,0.0,233.0,0.0
2025-06-06 09:00:00,810.2173034925968,0.0,269.0,0.0
2025-06-06 09:30:00,848.3193812298009,0.0,272.0,0.0
2025-06-06 10:00:00,815.2985257943265,0.0,274.0,0.0
2025-06-06 10:30:00,819.5794047559144,0.0,355.0,0.0
2025-06-06 11:00:00,811.8551375695768,0.0,371.0,0.0
2025-06-06 11:30:00,898.5768233395523,0.0,294.0,0.0
2025-06-06 12:00:00,709.7288157775538,0.0,280.0,0.0
2025-06-06 12:30:00,879.3126891286073,0.0,295.0,0.0
2025-06-06 13:00:00,800.0682535623775,0.0,298.0,0.0
2025-06-06 13:30:00,804.2534612702541,0.0,297.0,0.0
2025-06-06 14:00:00,903.8536956099609,0.0,298.0,0.0
2025-06-06 14:30:00,816.3708308671719,0.0,294.0,0.0
2025-06-06 15:00:00,831.6071033340011,0.0,297.0,0.0
2025-06-06 15:30:00,847.1605112294269,0.0,295.0,0.0
2025-06-06 16:00:00,879.7347530915783,0.0,298.0,0.0
2025-06-06 16:30:00,812.9342644089969,0.0,283.0,0.0
2025-06-06 17:00:00,767.7620199413612,0.0,298.0,0.0
2025-06-06 17:30:00,829.4719838587755,0.0,315.0,0.0
2025-06-06 18:00:00,886.7293377973072,0.0,304.0,0.0
2025-06-06 18:30:00,819.0508929967289,0.0,294.0,0.0
2025-06-06 19:00:00,812.5012466942692,0.0,279.0,0.0
2025-06-06 19:30:00,783.1873293417883,0.0,273.0,0.0
2025-06-06 20:00:00,717.0878039189837,0.0,246.0,0.0
2025-06-06 20:30:00,735.1947678925246,0.0,218.0,0.0
2025-06-06 21:00:00,670.9070709528222,0.0,210.0,0.0
2025-06-06 21:30:00,661.2683342635493,0.0,214.0,0.0
2025-06-06 22:00:00,697.1853129233114,0.0,211.0,0.0
2025-06-06 22:30:00,621.3568809129864,0.0,201.0,0.0
2025-06-06 23:00:00,633.3880994992167,0.0,198.0,0.0
2025-06-06 23:30:00,651.0934066045418,0.0,193.0,0.0
2025-06-07 00:00:00,704.1454656224425,0.0,275.0,0.0
2025-06-07 00:30:00,657.109402697064,0.0,250.0,0.0
2025-06-07 01:00:00,637.5770754241696,0.0,256.0,0.0
2025-06-07 01:30:00,671.2851927207832,0.0,265.0,0.0
2025-06-07 02:00:00,676.0713749096794,0.0,261.0,0.0
2025-06-07 02:30:00,663.5407892475615,0.0,257.0,0.0
2025-06-07 03:00:00,662.6413683531563,0.0,261.0,0.0
2025-06-07 03:30:00,659.0191741259712,0.0,260.0,0.0
2025-06-07 04:00:00,710.9221846289929,0.0,264.0,0.0
2025-06-07 04:30:00,690.1153846160867,0.0,261.0,0.0
2025-06-07 05:00:00,669.4270290561992,0.0,260.0,0.0
2025-06-07 05:30:00,732.1728858595429,0.0,262.0,0.0
2025-06-07 06:00:00,636.185245256424,0.0,249.00000000000003,0.0
2025-06-07 06:30:00,663.8685308198192,0.0,240.0,0.0
2025-06-07 07:00:00,678.8890503779629,0.0,260.0,0.0
2025-06-07 07:30:00,770.2476936191807,0.0,262.0,0.0
2025-06-07 08:00:00,532.346799062422,0.0,241.0,0.0
2025-06-07 08:30:00,431.36140575596903,0.0,172.0,0.0
2025-06-07 09:00:00,494.6453773881583,0.0,177.0,0.0
2025-06-07 09:30:00,507.64636111054114,0.0,202.0,0.0
2025-06-07 10:00:00,536.2199452444115,0.0,208.0,0.0
2025-06-07 10:30:00,477.1818393174343,0.0,221.0,0.0
2025-06-07 11:00:00,513.8847070265331,0.0,223.0,0.0
2025-06-07 11:30:00,505.1056669957499,0.0,216.0,0.0
2025-06-07 12:00:00,483.6191640650099,0.0,259.0,0.0
2025-06-07 12:30:00,441.8000798856462,0.0,276.0,0.0
2025-06-07 13:00:00,490.21626888151593,0.0,281.0,0.0
2025-06-07 13:30:00,482.88222488770043,0.0,275.0,0.0
2025-06-07 14:00:00,468.5581494871519,0.0,275.0,0.0
2025-06-07 14:30:00,457.50724902915954,0.0,272.0,0.0
2025-06-07 15:00:00,436.3378281006872,0.0,252.99999999999997,0.0
2025-06-07 15:30:00,415.53765010967885,0.0,246.0,0.0
2025-06-07 16:00:00,420.01933669690703,0.0,237.00000000000003,0.0
2025-06-07 16:30:00,401.4840358575762,0.0,228.0,0.0
2025-06-07 17:00:00,384.829739145264,0.0,228.00000000000003,0.0
2025-06-07 17:30:00,372.1109030538102,0.0,220.0,0.0
2025-06-07 18:00:00,279.7691530531639,0.0,160.0,0.0
2025-06-07 18:30:00,93.85091573767201,0.0,27.0,0.0
2025-06-07 19:00:00,91.67627271076239,0.0,24.0,0.0
2025-06-07 19:30:00,95.88137561156854,0.0,25.0,0.0
2025-06-07 20:00:00,97.2353566924092,0.0,24.0,0.0
2025-06-07 20:30:00,98.80066327782392,0.0,28.0,0.0
2025-06-07 21:00:00,105.09587218421882,0.0,25.0,0.0
2025-06-07 21:30:00,92.58390079949325,0.0,25.000000000000004,0.0
2025-06-07 22:00:00,86.81688446852444,0.0,28.0,0.0
2025-06-07 22:30:00,88.79114433883619,0.0,27.0,0.0
2025-06-07 23:00:00,79.66506625238293,0.0,30.000000000000004,0.0
2025-06-07 23:30:00,83.27303316045115,0.0,26.0,0.0
2025-06-08 00:00:00,85.89388589222061,0.0,23.999999999999996,0.0
2025-06-08 00:30:00,81.37401646043011,0.0,24.0,0.0
2025-06-08 01:00:00,74.26271714449133,0.0,23.0,0.0
2025-06-08 01:30:00,73.32520901754776,0.0,24.0,0.0
2025-06-08 02:00:00,79.58688483422455,0.0,21.0,0.0
2025-06-08 02:30:00,74.20771597242295,0.0,25.0,0.0
2025-06-08 03:00:00,76.64570222633809,0.0,21.999999999999996,0.0
2025-06-08 03:30:00,80.76991047492861,0.0,26.0,0.0
2025-06-08 04:00:00,74.07266838021073,0.0,24.0,0.0
2025-06-08 04:30:00,74.51772181297275,0.0,24.0,0.0
2025-06-08 05:00:00,79.18558640514922,0.0,26.0,0.0
2025-06-08 05:30:00,79.47214851444323,0.0,23.0,0.0
2025-06-08 06:00:00,83.78272166870593,0.0,26.0,0.0
2025-06-08 06:30:00,80.92389883834396,0.0,25.0,0.0
2025-06-08 07:00:00,78.82924944853436,0.0,26.0,0.0
2025-06-08 07:30:00,72.6638610000757,0.0,25.0,0.0
2025-06-08 08:00:00,65.6460945384112,0.0,25.0,0.0
2025-06-08 08:30:00,68.58222352616973,0.0,25.0,0.0
2025-06-08 09:00:00,69.7407498938786,0.0,23.0,0.0
2025-06-08 09:30:00,70.52741101458362,0.0,25.0,0.0
2025-06-08 10:00:00,62.07753991350528,0.0,23.0,0.0
2025-06-08 10:30:00,67.61520253752666,0.0,24.0,0.0
2025-06-08 11:00:00,73.53723218897015,0.0,23.0,0.0
2025-06-08 11:30:00,71.68279772066079,0.0,23.0,0.0
2025-06-08 12:00:00,65.39354563479058,0.0,23.0,0.0
2025-06-08 12:30:00,80.95042849856691,0.0,25.0,0.0
2025-06-08 13:00:00,72.31520198728823,0.0,26.0,0.0
2025-06-08 13:30:00,73.81167326667385,0.0,24.0,0.0
2025-06-08 14:00:00,74.90705490419774,0.0,26.0,0.0
2025-06-08 14:30:00,72.09018944825979,0.0,26.0,0.0
2025-06-08 15:00:00,69.78545569812474,0.0,23.999999999999996,0.0
2025-06-08 15:30:00,80.10258512092378,0.0,24.999999999999996,0.0
2025-06-08 16:00:00,76.05260845388588,0.0,26.0,0.0
2025-06-08 16:30:00,75.39623460521452,0.0,25.999999999999996,0.0
2025-06-08 17:00:00,73.45735241443401,0.0,24.0,0.0
2025-06-08 17:30:00,68.78698772950034,0.0,26.0,0.0
2025-06-08 18:00:00,81.38655298340655,0.0,26.0,0.0
2025-06-08 18:30:00,79.13701898975347,0.0,30.000000000000004,0.0
2025-06-08 19:00:00,82.75581013645463,0.0,27.0,0.0
2025-06-08 19:30:00,73.97489807088326,0.0,28.0,0.0
2025-06-08 20:00:00,67.77779869765627,0.0,24.0,0.0
2025-06-08 20:30:00,78.75369670148346,0.0,26.0,0.0
2025-06-08 21:00:00,74.38393124035254,0.0,26.0,0.0
2025-06-08 21:30:00,68.89143403978792,0.0,25.0,0.0
2025-06-08 22:00:00,79.61540243342286,0.0,27.0,0.0
2025-06-08 22:30:00,83.48118482994568,0.0,23.0,0.0
2025-06-08 23:00:00,82.90593556225632,0.0,25.0,0.0
2025-06-08 23:30:00,75.5157590888588,0.0,25.0,0.0
2025-06-09 00:00:00,98.54162558796453,0.0,32.0,0.0
2025-06-09 00:30:00,104.19519536063278,0.0,32.0,0.0
2025-06-09 01:00:00,106.94672692270582,0.0,31.0,0.0
2025-06-09 01:30:00,100.65449032915063,0.0,31.0,0.0
2025-06-09 02:00:00,97.73458575688399,0.0,32.0,0.0
2025-06-09 02:30:00,97.45500109469879,0.0,31.000000000000004,0.0
2025-06-09 03:00:00,88.08838614328496,0.0,29.999999999999996,0.0
2025-06-09 03:30:00,90.98371251425613,0.0,33.0,0.0
2025-06-09 04:00:00,98.05014312764828,0.0,31.0,0.0
2025-06-09 04:30:00,98.41309388476536,0.0,33.0,0.0
2025-06-09 05:00:00,89.54171129468061,0.0,30.0,0.0
2025-06-09 05:30:00,89.41547218981168,0.0,33.0,0.0
2025-06-09 06:00:00,87.84963702144462,0.0,31.0,0.0
2025-06-09 06:30:00,96.22018022796635,0.0,32.0,0.0
2025-06-09 07:00:00,92.05507373697363,0.0,31.000000000000004,0.0
2025-06-09 07:30:00,324.9542038569309,0.0,111.0,0.0
2025-06-09 08:00:00,635.9116015927517,0.0,263.0,0.0
2025-06-09 08:30:00,781.93460116699,0.0,350.0,0.0
2025-06-09 09:00:00,883.9984300455918,0.0,385.0,0.0
2025-06-09 09:30:00,820.6603081678688,0.0,332.0,0.0
2025-06-09 10:00:00,820.3929052159893,0.0,309.0,0.0
2025-06-09 10:30:00,780.9791559808816,0.0,297.0,0.0
2025-06-09 11:00:00,863.9320920512762,0.0,299.0,0.0
2025-06-09 11:30:00,764.1269091619765,0.0,289.0,0.0
2025-06-09 12:00:00,760.735519861642,0.0,263.0,0.0
2025-06-09 12:30:00,797.8448612526132,0.0,294.0,0.0
2025-06-09 13:00:00,763.3833703872311,0.0,290.0,0.0
2025-06-09 13:30:00,790.1596559923436,0.0,271.0,0.0
2025-06-09 14:00:00,859.334869542569,0.0,257.0,0.0
2025-06-09 14:30:00,806.7127906500227,0.0,258.0,0.0
2025-06-09 15:00:00,750.6133327574755,0.0,252.99999999999997,0.0
2025-06-09 15:30:00,798.4258135868379,0.0,251.00000000000003,0.0
2025-06-09 16:00:00,779.6621019792822,0.0,253.0,0.0
2025-06-09 16:30:00,881.567242121152,0.0,233.00000000000003,0.0
2025-06-09 17:00:00,784.1823174586095,0.0,248.99999999999997,0.0
2025-06-09 17:30:00,772.4540385213031,0.0,257.0,0.0
2025-06-09 18:00:00,833.5175463648495,0.0,258.0,0.0
2025-06-09 18:30:00,668.6493662479429,0.0,247.0,0.0
2025-06-09 19:00:00,717.3672295828052,0.0,236.0,0.0
2025-06-09 19:30:00,766.1319277552258,0.0,222.0,0.0
2025-06-09 20:00:00,620.6131879365633,0.0,200.0,0.0
2025-06-09 20:30:00,444.3739854868462,0.0,127.00000000000001,0.0
2025-06-09 21:00:00,446.9142581653316,0.0,115.0,0.0
2025-06-09 21:30:00,459.5557764373426,0.0,113.0,0.0
2025-06-09 22:00:00,421.9068970614179,0.0,110.0,0.0
2025-06-09 22:30:00,383.0695886586258,0.0,111.0,0.0
2025-06-09 23:00:00,380.23031009787377,0.0,108.00000000000001,0.0
2025-06-09 23:30:00,375.76155345894523,0.0,92.0,0.0
2025-06-10 00:00:00,376.55784421078613,0.0,80.0,0.0
2025-06-10 00:30:00,380.98951131374986,0.0,76.0,0.0
2025-06-10 01:00:00,382.4290681049659,0.0,81.0,0.0
2025-06-10 01:30:00,339.44000375439737,0.0,87.0,0.0
2025-06-10 02:00:00,343.807018743688,0.0,94.0,0.0
2025-06-10 02:30:00,356.1215384482321,0.0,94.0,0.0
2025-06-10 03:00:00,346.71269497977823,0.0,79.0,0.0
2025-06-10 03:30:00,338.3778167139874,0.0,81.0,0.0
2025-06-10 04:00:00,351.6007398060088,0.0,79.0,0.0
2025-06-10 04:30:00,359.3829461300735,0.0,86.0,0.0
2025-06-10 05:00:00,317.45724993647804,0.0,85.0,0.0
2025-06-10 05:30:00,349.04504446553995,0.0,82.0,0.0
2025-06-10 06:00:00,353.17989989313014,0.0,83.0,0.0
2025-06-10 06:30:00,347.05599555119693,0.0,82.0,0.0
2025-06-10 07:00:00,383.3662814292077,0.0,86.0,0.0
2025-06-10 07:30:00,346.79393181292915,0.0,93.0,0.0
2025-06-10 08:00:00,393.13358804516304,0.0,108.0,0.0
2025-06-10 08:30:00,415.8988886999999,0.0,130.0,0.0
2025-06-10 09:00:00,487.7818925123082,0.0,175.0,0.0
2025-06-10 09:30:00,472.91589054381853,0.0,180.0,0.0
2025-06-10 10:00:00,473.1397940673096,0.0,168.0,0.0
2025-06-10 10:30:00,533.9398059795813,0.0,183.0,0.0
2025-06-10 11:00:00,534.0735298068709,0.0,193.0,0.0
2025-06-10 11:30:00,543.7284379498828,0.0,189.0,0.0
2025-06-10 12:00:00,535.5878228341649,0.0,194.00000000000003,0.0
2025-06-10 12:30:00,587.6399488442506,0.0,205.0,0.0
2025-06-10 13:00:00,499.3062510827021,0.0,222.0,0.0
2025-06-10 13:30:00,465.6556765352155,0.0,237.0,0.0
2025-06-10 14:00:00,464.37071608924737,0.0,236.0,0.0
2025-06-10 14:30:00,506.72642409215064,0.0,235.0,0.0
2025-06-10 15:00:00,519.7170308176193,0.0,230.0,0.0
2025-06-10 15:30:00,562.3712192175153,0.0,221.0,0.0
2025-06-10 16:00:00,492.13136340237406,0.0,221.0,0.0
2025-06-10 16:30:00,420.83478668468285,0.0,178.0,0.0
2025-06-10 17:00:00,419.33068040296973,0.0,176.0,0.0
2025-06-10 17:30:00,447.55992177684703,0.0,167.0,0.0
2025-06-10 18:00:00,381.30187834464493,0.0,184.0,0.0
2025-06-10 18:30:00,351.1026460575025,0.0,156.0,0.0
2025-06-10 19:00:00,341.86845999804956,0.0,143.0,0.0
2025-06-10 19:30:00,338.73133193733474,0.0,142.0,0.0
2025-06-10 20:00:00,371.23738974105714,0.0,174.0,0.0
2025-06-10 20:30:00,652.3610474118121,0.0,269.0,0.0
2025-06-10 21:00:00,593.5702034471924,0.0,275.0,0.0
2025-06-10 21:30:00,548.9767830764615,0.0,273.0,0.0
2025-06-10 22:00:00,619.5902918132663,0.0,269.0,0.0
2025-06-10 22:30:00,559.1519082150439,0.0,278.0,0.0
2025-06-10 23:00:00,584.8789787622658,0.0,271.0,0.0
2025-06-10 23:30:00,495.8478213851328,0.0,267.0,0.0
2025-06-11 00:00:00,592.6349062946031,0.0,264.0,0.0
2025-06-11 00:30:00,542.0665290925199,0.0,245.0,0.0
2025-06-11 01:00:00,560.9621166184054,0.0,256.0,0.0
2025-06-11 01:30:00,578.1589811068588,0.0,262.0,0.0
2025-06-11 02:00:00,597.138870663932,0.0,257.0,0.0
2025-06-11 02:30:00,561.6804227370133,0.0,265.0,0.0
2025-06-11 03:00:00,553.7722778327154,0.0,257.0,0.0
2025-06-11 03:30:00,594.5440278278827,0.0,259.0,0.0
2025-06-11 04:00:00,579.585028598827,0.0,253.0,0.0
2025-06-11 04:30:00,538.949325111411,0.0,252.0,0.0
2025-06-11 05:00:00,540.7401897072533,0.0,250.0,0.0
2025-06-11 05:30:00,543.8212173044001,0.0,247.0,0.0
2025-06-11 06:00:00,549.3413514324978,0.0,247.0,0.0
2025-06-11 06:30:00,493.47215854549256,0.0,238.0,0.0
2025-06-11 07:00:00,501.73064090613013,0.0,245.0,0.0
2025-06-11 07:30:00,554.6288289515107,0.0,266.0,0.0
2025-06-11 08:00:00,583.4498019832594,0.0,287.0,0.0
2025-06-11 08:30:00,731.4892466879652,0.0,336.0,0.0
2025-06-11 09:00:00,816.639308371354,0.0,384.0,0.0
2025-06-11 09:30:00,825.2898442303897,0.0,289.0,0.0
2025-06-11 10:00:00,850.7933191306591,0.0,283.0,0.0
2025-06-11 10:30:00,794.7752366529111,0.0,284.0,0.0
2025-06-11 11:00:00,836.0267917792156,0.0,289.0,0.0
2025-06-11 11:30:00,883.008068369898,0.0,291.0,0.0
2025-06-11 12:00:00,842.3747454443475,0.0,264.0,0.0
2025-06-11 12:30:00,787.4204345446958,0.0,278.0,0.0
2025-06-11 13:00:00,802.0309297301786,0.0,282.0,0.0
2025-06-11 13:30:00,897.788003738386,0.0,282.0,0.0
2025-06-11 14:00:00,789.8044418461709,0.0,266.0,0.0
2025-06-11 14:30:00,797.5644472548556,0.0,276.0,0.0
2025-06-11 15:00:00,849.3560192397251,0.0,279.0,0.0
2025-06-11 15:30:00,854.6006610915464,0.0,285.0,0.0
2025-06-11 16:00:00,829.0658479069365,0.0,271.0,0.0
2025-06-11 16:30:00,806.5735209302748,0.0,260.0,0.0
2025-06-11 17:00:00,772.2495180986765,0.0,271.0,0.0
2025-06-11 17:30:00,799.0555110692173,0.0,280.0,0.0
2025-06-11 18:00:00,835.2167199002167,0.0,280.0,0.0
2025-06-11 18:30:00,794.0834968201518,0.0,267.0,0.0
2025-06-11 19:00:00,758.2101254413371,0.0,261.0,0.0
2025-06-11 19:30:00,781.4815933961087,0.0,245.0,0.0
2025-06-11 20:00:00,736.6404654908096,0.0,221.0,0.0
2025-06-11 20:30:00,657.3271732364573,0.0,179.0,0.0
2025-06-11 21:00:00,616.0687023126071,0.0,180.0,0.0
2025-06-11 21:30:00,619.0107867647755,0.0,175.99999999999997,0.0
2025-06-11 22:00:00,593.4422740068683,0.0,174.0,0.0
2025-06-11 22:30:00,619.0143603230782,0.0,163.0,0.0
2025-06-11 23:00:00,595.439966487126,0.0,151.0,0.0
2025-06-11 23:30:00,592.7352636093291,0.0,144.0,0.0
2025-06-12 00:00:00,727.0597051922348,0.0,188.99999999999997,0.0
2025-06-12 00:30:00,688.9274328259279,0.0,179.0,0.0
2025-06-12 01:00:00,663.3963699268584,0.0,171.0,0.0
2025-06-12 01:30:00,652.8968054564383,0.0,180.0,0.0
2025-06-12 02:00:00,646.9992383859613,0.0,180.0,0.0
2025-06-12 02:30:00,636.3424287737901,0.0,184.00000000000003,0.0
2025-06-12 03:00:00,646.5008028100026,0.0,193.00000000000003,0.0
2025-06-12 03:30:00,654.4794319081748,0.0,194.0,0.0
2025-06-12 04:00:00,648.4423717665941,0.0,188.0,0.0
2025-06-12 04:30:00,634.5023745356511,0.0,187.0,0.0
2025-06-12 05:00:00,635.6097023331064,0.0,193.00000000000003,0.0
2025-06-12 05:30:00,688.8346101531761,0.0,187.00000000000003,0.0
2025-06-12 06:00:00,675.9366653797452,0.0,185.00000000000003,0.0
2025-06-12 06:30:00,745.943050278215,0.0,191.00000000000003,0.0
2025-06-12 07:00:00,647.745986291539,0.0,183.0,0.0
2025-06-12 07:30:00,713.1846786187721,0.0,203.0,0.0
2025-06-12 08:00:00,760.386082692573,0.0,230.0,0.0
2025-06-12 08:30:00,779.4600161121307,0.0,236.0,0.0
2025-06-12 09:00:00,865.412108655459,0.0,296.0,0.0
2025-06-12 09:30:00,893.1894284302728,0.0,346.0,0.0
2025-06-12 10:00:00,838.6886543767554,0.0,335.0,0.0
2025-06-12 10:30:00,828.7300346600289,0.0,339.0,0.0
2025-06-12 11:00:00,828.4604526114954,0.0,341.0,0.0
2025-06-12 11:30:00,771.5985755430162,0.0,348.0,0.0
2025-06-12 12:00:00,768.4350817330408,0.0,368.0,0.0
2025-06-12 12:30:00,828.1766424434896,0.0,365.0,0.0
2025-06-12 13:00:00,770.1419520928791,0.0,274.0,0.0
2025-06-12 13:30:00,874.6039066105984,0.0,279.0,0.0
2025-06-12 14:00:00,916.7117620779502,0.0,275.0,0.0
2025-06-12 14:30:00,850.0303363254093,0.0,277.0,0.0
2025-06-12 15:00:00,878.252730726307,0.0,278.0,0.0
2025-06-12 15:30:00,826.040323428923,0.0,276.0,0.0
2025-06-12 16:00:00,858.8038687361978,0.0,276.0,0.0
2025-06-12 16:30:00,796.6976918927043,0.0,253.0,0.0
2025-06-12 17:00:00,857.3684893124057,0.0,255.00000000000003,0.0
2025-06-12 17:30:00,816.8815147981265,0.0,262.0,0.0
2025-06-12 18:00:00,887.2803959500044,0.0,268.0,0.0
2025-06-12 18:30:00,820.0791478021874,0.0,258.0,0.0
2025-06-12 19:00:00,796.4042601242055,0.0,254.0,0.0
2025-06-12 19:30:00,756.2604124117338,0.0,246.0,0.0
2025-06-12 20:00:00,783.9812933890228,0.0,227.99999999999997,0.0
2025-06-12 20:30:00,734.2370794358258,0.0,187.00000000000003,0.0
2025-06-12 21:00:00,696.8751448721986,0.0,191.0,0.0
2025-06-12 21:30:00,756.4983367964195,0.0,187.0,0.0
2025-06-12 22:00:00,724.6054031303822,0.0,181.0,0.0
2025-06-12 22:30:00,642.7622937596366,0.0,169.0,0.0
2025-06-12 23:00:00,635.3931203544064,0.0,167.0,0.0
2025-06-12 23:30:00,666.0429918586144,0.0,168.99999999999997,0.0
2025-06-13 00:00:00,688.236806899273,0.0,194.0,0.0
2025-06-13 00:30:00,689.5575403020208,0.0,173.0,0.0
2025-06-13 01:00:00,625.3227072066555,0.0,184.00000000000003,0.0
2025-06-13 01:30:00,592.5535369358016,0.0,183.0,0.0
2025-06-13 02:00:00,558.9506653315883,0.0,180.0,0.0
2025-06-13 02:30:00,623.6737318649758,0.0,182.0,0.0
2025-06-13 03:00:00,632.4351789538229,0.0,188.0,0.0
2025-06-13 03:30:00,619.7002876649374,0.0,191.0,0.0
2025-06-13 04:00:00,646.6189164963978,0.0,188.0,0.0
2025-06-13 04:30:00,648.0158362666765,0.0,186.0,0.0
2025-06-13 05:00:00,646.7618016006157,0.0,187.99999999999997,0.0
2025-06-13 05:30:00,637.4622960213006,0.0,192.0,0.0
2025-06-13 06:00:00,610.096342475854,0.0,191.0,0.0
2025-06-13 06:30:00,643.9680251607551,0.0,184.0,0.0
2025-06-13 07:00:00,640.9607906867528,0.0,193.0,0.0
2025-06-13 07:30:00,699.9061955846346,0.0,209.0,0.0
2025-06-13 08:00:00,727.3615831738355,0.0,221.99999999999997,0.0
2025-06-13 08:30:00,758.9395977173563,0.0,255.00000000000003,0.0
2025-06-13 09:00:00,789.6767926279983,0.0,273.0,0.0
2025-06-13 09:30:00,809.7106242589923,0.0,272.0,0.0
2025-06-13 10:00:00,822.1770250147767,0.0,274.0,0.0
2025-06-13 10:30:00,932.5542175463822,0.0,282.0,0.0
2025-06-13 11:00:00,905.0634439105347,0.0,285.0,0.0
2025-06-13 11:30:00,939.3989689553034,0.0,311.0,0.0
2025-06-13 12:00:00,880.0268202240114,0.0,311.0,0.0
2025-06-13 12:30:00,879.1368827602372,0.0,313.0,0.0
2025-06-13 13:00:00,913.602354883932,0.0,313.0,0.0
2025-06-13 13:30:00,893.6264167434733,0.0,322.0,0.0
2025-06-13 14:00:00,900.6563712390848,0.0,323.0,0.0
2025-06-13 14:30:00,970.615750791192,0.0,325.0,0.0
2025-06-13 15:00:00,919.18330563655,0.0,357.0,0.0
2025-06-13 15:30:00,933.1606464795939,0.0,380.0,0.0
2025-06-13 16:00:00,867.8166602564778,0.0,372.0,0.0
2025-06-13 16:30:00,913.3139681257884,0.0,370.0,0.0
2025-06-13 17:00:00,916.2937826783351,0.0,369.0,0.0
2025-06-13 17:30:00,882.1031768708181,0.0,382.0,0.0
2025-06-13 18:00:00,935.6518829557965,0.0,373.0,0.0
2025-06-13 18:30:00,769.6459683302294,0.0,364.0,0.0
2025-06-13 19:00:00,834.080939865533,0.0,348.0,0.0
2025-06-13 19:30:00,812.3282172671737,0.0,330.0,0.0
2025-06-13 20:00:00,727.3632323853468,0.0,290.0,0.0
2025-06-13 20:30:00,792.2543775783304,0.0,280.0,0.0
2025-06-13 21:00:00,688.2545669711551,0.0,282.0,0.0
2025-06-13 21:30:00,656.4781650358502,0.0,274.0,0.0
2025-06-13 22:00:00,693.4790420260889,0.0,277.0,0.0
2025-06-13 22:30:00,597.5245810672039,0.0,276.0,0.0
2025-06-13 23:00:00,651.5478325761197,0.0,274.0,0.0
2025-06-13 23:30:00,702.0152764177654,0.0,275.0,0.0
2025-06-14 00:00:00,82.40074449174503,0.0,25.0,0.0
2025-06-14 00:30:00,75.81063459794447,0.0,25.0,0.0
2025-06-14 01:00:00,84.99101760370908,0.0,22.000000000000004,0.0
2025-06-14 01:30:00,69.93722456225294,0.0,21.0,0.0
2025-06-14 02:00:00,69.42814071915211,0.0,17.0,0.0
2025-06-14 02:30:00,76.01387149968751,0.0,18.0,0.0
2025-06-14 03:00:00,80.65594039532571,0.0,19.0,0.0
2025-06-14 03:30:00,74.59683802861858,0.0,18.0,0.0
2025-06-14 04:00:00,77.60422579076835,0.0,20.0,0.0
2025-06-14 04:30:00,74.52528988492881,0.0,18.0,0.0
2025-06-14 05:00:00,71.60637223416927,0.0,21.0,0.0
2025-06-14 05:30:00,72.6352149295048,0.0,19.0,0.0
2025-06-14 06:00:00,68.98986750822876,0.0,20.0,0.0
2025-06-14 06:30:00,69.69936278996671,0.0,20.0,0.0
2025-06-14 07:00:00,74.9152220317421,0.0,20.000000000000004,0.0
2025-06-14 07:30:00,68.35297252685949,0.0,21.0,0.0
2025-06-14 08:00:00,74.61340231268818,0.0,20.0,0.0
2025-06-14 08:30:00,95.3607039636724,0.0,19.0,0.0
2025-06-14 09:00:00,182.180333988568,0.0,77.0,0.0
2025-06-14 09:30:00,250.75945162368802,0.0,100.0,0.0
2025-06-14 10:00:00,268.567398485181,0.0,100.0,0.0
2025-06-14 10:30:00,258.09090625495855,0.0,101.0,0.0
2025-06-14 11:00:00,269.6732069581326,0.0,108.0,0.0
2025-06-14 11:30:00,247.32842840050344,0.0,108.0,0.0
2025-06-14 12:00:00,255.71582758811314,0.0,109.0,0.0
2025-06-14 12:30:00,240.55120962414532,0.0,111.0,0.0
2025-06-14 13:00:00,229.74841050260798,0.0,111.0,0.0
2025-06-14 13:30:00,233.53878283648555,0.0,110.0,0.0
2025-06-14 14:00:00,228.05164553282978,0.0,111.0,0.0
2025-06-14 14:30:00,218.42613275734226,0.0,109.0,0.0
2025-06-14 15:00:00,220.8631736430355,0.0,113.99999999999999,0.0
2025-06-14 15:30:00,208.9561002949501,0.0,113.00000000000001,0.0
2025-06-14 16:00:00,224.1413086438271,0.0,110.0,0.0
2025-06-14 16:30:00,243.012505596691,0.0,109.0,0.0
2025-06-14 17:00:00,216.78808879435152,0.0,108.0,0.0
2025-06-14 17:30:00,211.90033886956115,0.0,110.00000000000001,0.0
2025-06-14 18:00:00,190.03842643972226,0.0,70.0,0.0
2025-06-14 18:30:00,124.42987638367514,0.0,46.0,0.0
2025-06-14 19:00:00,76.69162763858809,0.0,24.0,0.0
2025-06-14 19:30:00,78.95686308536439,0.0,24.0,0.0
2025-06-14 20:00:00,83.24931777688877,0.0,27.0,0.0
2025-06-14 20:30:00,80.10076781031407,0.0,32.0,0.0
2025-06-14 21:00:00,83.68192437498546,0.0,29.0,0.0
2025-06-14 21:30:00,77.81004396812864,0.0,31.0,0.0
2025-06-14 22:00:00,96.16002570757183,0.0,31.0,0.0
2025-06-14 22:30:00,77.90889300742197,0.0,30.0,0.0
2025-06-14 23:00:00,81.1910525023617,0.0,32.0,0.0
2025-06-14 23:30:00,80.2551365814559,0.0,30.0,0.0
2025-06-15 00:00:00,614.7244642602498,0.0,259.0,0.0
2025-06-15 00:30:00,578.9950739237132,0.0,245.0,0.0
2025-06-15 01:00:00,603.4801749900702,0.0,244.0,0.0
2025-06-15 01:30:00,653.6230310636217,0.0,242.0,0.0
2025-06-15 02:00:00,593.5312276347724,0.0,243.0,0.0
2025-06-15 02:30:00,632.4476451284276,0.0,249.0,0.0
2025-06-15 03:00:00,618.6396222012656,0.0,243.0,0.0
2025-06-15 03:30:00,650.9501152747697,0.0,242.0,0.0
2025-06-15 04:00:00,598.7918301826489,0.0,248.0,0.0
2025-06-15 04:30:00,610.3414086296951,0.0,241.0,0.0
2025-06-15 05:00:00,658.3612173364418,0.0,254.0,0.0
2025-06-15 05:30:00,592.764394439033,0.0,243.0,0.0
2025-06-15 06:00:00,588.3946925951105,0.0,243.0,0.0
2025-06-15 06:30:00,556.7861358126753,0.0,232.0,0.0
2025-06-15 07:00:00,572.9562684674145,0.0,235.0,0.0
2025-06-15 07:30:00,604.1056202811897,0.0,247.0,0.0
2025-06-15 08:00:00,426.12576315093287,0.0,181.0,0.0
2025-06-15 08:30:00,134.15997077179622,0.0,66.0,0.0
2025-06-15 09:00:00,131.8780633329761,0.0,76.0,0.0
2025-06-15 09:30:00,95.12448459327858,0.0,37.0,0.0
2025-06-15 10:00:00,107.28499986604447,0.0,36.0,0.0
2025-06-15 10:30:00,94.01657258495574,0.0,33.0,0.0
2025-06-15 11:00:00,90.20476979674633,0.0,30.0,0.0
2025-06-15 11:30:00,99.46173122749994,0.0,28.999999999999996,0.0
2025-06-15 12:00:00,95.16224571042324,0.0,28.999999999999996,0.0
2025-06-15 12:30:00,99.70116057220861,0.0,30.0,0.0
2025-06-15 13:00:00,96.23116192026097,0.0,31.000000000000004,0.0
2025-06-15 13:30:00,94.3522812037748,0.0,30.000000000000004,0.0
2025-06-15 14:00:00,96.07835402525063,0.0,30.0,0.0
2025-06-15 14:30:00,91.15011391821793,0.0,31.0,0.0
2025-06-15 15:00:00,96.4739917013606,0.0,31.000000000000004,0.0
2025-06-15 15:30:00,98.33428025827149,0.0,31.000000000000004,0.0
2025-06-15 16:00:00,109.2086152427511,0.0,31.0,0.0
2025-06-15 16:30:00,104.48736713615713,0.0,32.0,0.0
2025-06-15 17:00:00,93.69952496811653,0.0,33.0,0.0
2025-06-15 17:30:00,102.5358810357264,0.0,33.0,0.0
2025-06-15 18:00:00,114.81175636806384,0.0,32.0,0.0
2025-06-15 18:30:00,94.7124363405971,0.0,28.0,0.0
2025-06-15 19:00:00,84.16344109245553,0.0,27.999999999999996,0.0
2025-06-15 19:30:00,95.56332533347222,0.0,28.999999999999996,0.0
2025-06-15 20:00:00,89.37631569508672,0.0,30.000000000000004,0.0
2025-06-15 20:30:00,86.53697930178303,0.0,29.0,0.0
2025-06-15 21:00:00,92.20545094770574,0.0,29.0,0.0
2025-06-15 21:30:00,94.26944205290874,0.0,30.999999999999996,0.0
2025-06-15 22:00:00,83.20680624383071,0.0,27.999999999999996,0.0
2025-06-15 22:30:00,86.52535885642766,0.0,27.0,0.0
2025-06-15 23:00:00,91.847440235007,0.0,27.000000000000004,0.0
2025-06-15 23:30:00,91.92485145825984,0.0,28.000000000000004,0.0
2025-06-16 00:00:00,76.62370421978808,0.0,23.0,0.0
2025-06-16 00:30:00,77.70786984245063,0.0,22.02127659574468,0.0
2025-06-16 01:00:00,74.26109805283772,0.0,21.042553191489358,0.0
2025-06-16 01:30:00,80.83645058202745,0.0,23.808510638297875,0.0
2025-06-16 02:00:00,80.03697442764445,0.0,23.085106382978722,0.0
2025-06-16 02:30:00,77.2746673405857,0.0,23.0,0.0
2025-06-16 03:00:00,79.91161091720606,0.0,24.74468085106383,0.0
2025-06-16 03:30:00,78.46971341365787,0.0,24.148936170212767,0.0
2025-06-16 04:00:00,73.82146470062884,0.0,23.170212765957448,0.0
2025-06-16 04:30:00,71.17739197342887,0.0,23.0,0.0
2025-06-16 05:00:00,77.28802931578495,0.0,24.57446808510638,0.0
2025-06-16 05:30:00,77.54094075715781,0.0,23.46808510638298,0.0
2025-06-16 06:00:00,78.7944520923403,0.0,23.0,0.0
2025-06-16 06:30:00,70.27074783111124,0.0,23.0,0.0
2025-06-16 07:00:00,68.74416061726036,0.0,22.297872340425535,0.0
2025-06-16 07:30:00,72.33140656274821,0.0,22.0,0.0
2025-06-16 08:00:00,70.79993538730308,0.0,22.659574468085104,0.0
2025-06-16 08:30:00,62.89880223733599,0.0,20.446808510638306,0.0
2025-06-16 09:00:00,69.62174459554808,0.0,19.617021276595743,0.0
2025-06-16 09:30:00,62.01027089948275,0.0,19.404255319148938,0.0
2025-06-16 10:00:00,64.55179492122589,0.0,19.0,0.0
2025-06-16 10:30:00,73.67692946915857,0.0,19.0,0.0
2025-06-16 11:00:00,74.43351771066715,0.0,19.53191489361702,0.0
2025-06-16 11:30:00,62.75929140670672,0.0,18.97872340425532,0.0
2025-06-16 12:00:00,67.193124413861,0.0,18.97872340425532,0.0
2025-06-16 12:30:00,69.50781491003696,0.0,20.0,0.0
2025-06-16 13:00:00,74.0482932376546,0.0,19.5531914893617,0.0
2025-06-16 13:30:00,65.51283193469482,0.0,19.0,0.0
2025-06-16 14:00:00,66.71048729329529,0.0,19.0,0.0
2025-06-16 14:30:00,73.6319952332676,0.0,19.382978723404253,0.0
2025-06-16 15:00:00,66.3353004522003,0.0,19.276595744680854,0.0
2025-06-16 15:30:00,69.77341674572487,0.0,18.340425531914896,0.0
2025-06-16 16:00:00,64.53875725298349,0.0,19.319148936170212,0.0
2025-06-16 16:30:00,69.47620346671532,0.0,20.297872340425528,0.0
2025-06-16 17:00:00,63.86323491566679,0.0,21.276595744680847,0.0
2025-06-16 17:30:00,66.4192460880923,0.0,21.489361702127667,0.0
2025-06-16 18:00:00,72.76783080861445,0.0,20.468085106382972,0.0
2025-06-16 18:30:00,70.78887825379722,0.0,21.361702127659584,0.0
2025-06-16 19:00:00,68.63774684346808,0.0,19.0,0.0
2025-06-16 19:30:00,68.5598466050814,0.0,18.65957446808511,0.0
2025-06-16 20:00:00,70.20446666395353,0.0,17.297872340425528,0.0
2025-06-16 20:30:00,75.44887111624072,0.0,19.0,0.0
2025-06-16 21:00:00,76.93542482858189,0.0,19.0,0.0
2025-06-16 21:30:00,63.21600088466796,0.0,19.085106382978722,0.0
2025-06-16 22:00:00,73.25611477354394,0.0,20.06382978723404,0.0
2025-06-16 22:30:00,76.03667969000635,0.0,20.95744680851064,0.0
2025-06-16 23:00:00,74.07033776861101,0.0,19.95744680851064,0.0
2025-06-16 23:30:00,74.92119756255813,0.0,18.0,0.0
2025-06-17 00:00:00,68.84994910370416,0.0,22.0,0.0
2025-06-17 00:30:00,68.61543676929533,0.0,23.0,0.0
2025-06-17 01:00:00,65.66862278500122,0.0,21.0,0.0
2025-06-17 01:30:00,67.35125637110403,0.0,23.0,0.0
2025-06-17 02:00:00,68.84972396901996,0.0,20.0,0.0
2025-06-17 02:30:00,70.90305907290475,0.0,22.0,0.0
2025-06-17 03:00:00,73.02541542514719,0.0,20.999999999999996,0.0
2025-06-17 03:30:00,68.26535573781011,0.0,21.0,0.0
2025-06-17 04:00:00,67.47552022639314,0.0,20.0,0.0
2025-06-17 04:30:00,69.66412242450944,0.0,20.0,0.0
2025-06-17 05:00:00,70.4675760896027,0.0,20.0,0.0
2025-06-17 05:30:00,69.32072083720699,0.0,21.0,0.0
2025-06-17 06:00:00,65.96592120863905,0.0,21.0,0.0
2025-06-17 06:30:00,71.98861752887316,0.0,21.000000000000004,0.0
2025-06-17 07:00:00,66.0256956651743,0.0,23.0,0.0
2025-06-17 07:30:00,64.1873223350722,0.0,21.0,0.0
2025-06-17 08:00:00,65.16634839325248,0.0,23.0,0.0
2025-06-17 08:30:00,60.92324318281988,0.0,21.0,0.0
2025-06-17 09:00:00,56.98364561283956,0.0,21.0,0.0
2025-06-17 09:30:00,64.40190245809075,0.0,20.0,0.0
2025-06-17 10:00:00,71.07171086255767,0.0,23.0,0.0
2025-06-17 10:30:00,63.05578342469947,0.0,23.0,0.0
2025-06-17 11:00:00,65.51172675114704,0.0,22.0,0.0
2025-06-17 11:30:00,61.82909895413396,0.0,22.0,0.0
2025-06-17 12:00:00,63.687103041301846,0.0,23.0,0.0
2025-06-17 12:30:00,70.32108309657934,0.0,23.0,0.0
2025-06-17 13:00:00,63.08342259813756,0.0,23.0,0.0
2025-06-17 13:30:00,61.740957543215565,0.0,22.0,0.0
2025-06-17 14:00:00,61.97649915532045,0.0,23.0,0.0
2025-06-17 14:30:00,66.73260253928748,0.0,24.0,0.0
2025-06-17 15:00:00,61.56952596031904,0.0,23.0,0.0
2025-06-17 15:30:00,71.55109869686697,0.0,23.0,0.0
2025-06-17 16:00:00,79.06934996533178,0.0,25.0,0.0
2025-06-17 16:30:00,67.08705856209617,0.0,25.0,0.0
2025-06-17 17:00:00,63.579683488389854,0.0,24.0,0.0
2025-06-17 17:30:00,71.4152988533564,0.0,25.0,0.0
2025-06-17 18:00:00,65.85609741533565,0.0,25.0,0.0
2025-06-17 18:30:00,73.86613515515968,0.0,24.0,0.0
2025-06-17 19:00:00,66.37069022513906,0.0,22.0,0.0
2025-06-17 19:30:00,66.18108579040414,0.0,22.0,0.0
2025-06-17 20:00:00,70.7646915259879,0.0,24.0,0.0
2025-06-17 20:30:00,76.22255626615768,0.0,23.0,0.0
2025-06-17 21:00:00,72.60491144386523,0.0,25.0,0.0
2025-06-17 21:30:00,69.62669281102647,0.0,22.0,0.0
2025-06-17 22:00:00,71.7000307656135,0.0,25.0,0.0
2025-06-17 22:30:00,67.8146123769223,0.0,25.0,0.0
2025-06-17 23:00:00,72.81740282018951,0.0,23.000000000000004,0.0
2025-06-17 23:30:00,64.09250911625976,0.0,22.0,0.0
2025-06-18 00:00:00,686.9025168309007,0.0,205.0,0.0
2025-06-18 00:30:00,666.5053695539136,0.0,187.99999999999997,0.0
2025-06-18 01:00:00,621.8301191062617,0.0,192.0,0.0
2025-06-18 01:30:00,661.2756839562163,0.0,188.99999999999997,0.0
2025-06-18 02:00:00,634.2272285541742,0.0,197.0,0.0
2025-06-18 02:30:00,581.2849074958261,0.0,176.99999999999997,0.0
2025-06-18 03:00:00,672.6722532776289,0.0,194.0,0.0
2025-06-18 03:30:00,687.5323891914926,0.0,195.0,0.0
2025-06-18 04:00:00,680.4600400957667,0.0,196.0,0.0
2025-06-18 04:30:00,685.9974117619349,0.0,200.0,0.0
2025-06-18 05:00:00,585.1131045568384,0.0,185.99999999999997,0.0
2025-06-18 05:30:00,626.4375820699579,0.0,195.0,0.0
2025-06-18 06:00:00,717.2157396975982,0.0,188.0,0.0
2025-06-18 06:30:00,605.0868131257805,0.0,184.0,0.0
2025-06-18 07:00:00,693.760909108061,0.0,197.0,0.0
2025-06-18 07:30:00,666.8221047367433,0.0,195.99999999999997,0.0
2025-06-18 08:00:00,713.7721268627441,0.0,218.0,0.0
2025-06-18 08:30:00,821.7697576891269,0.0,253.99999999999997,0.0
2025-06-18 09:00:00,896.5860020471896,0.0,267.0,0.0
2025-06-18 09:30:00,888.3337901854262,0.0,276.0,0.0
2025-06-18 10:00:00,864.5179710787729,0.0,275.0,0.0
2025-06-18 10:30:00,842.7367454935595,0.0,303.0,0.0
2025-06-18 11:00:00,888.9445763020216,0.0,339.0,0.0
2025-06-18 11:30:00,836.4661209102268,0.0,352.0,0.0
2025-06-18 12:00:00,864.6952725129751,0.0,343.0,0.0
2025-06-18 12:30:00,1008.5529383354108,0.0,381.0,0.0
2025-06-18 13:00:00,936.4184584483519,0.0,317.0,0.0
2025-06-18 13:30:00,933.0093603905048,0.0,315.0,0.0
2025-06-18 14:00:00,893.7579444773774,0.0,303.0,0.0
2025-06-18 14:30:00,817.9577710282643,0.0,309.0,0.0
2025-06-18 15:00:00,842.0660401272362,0.0,306.0,0.0
2025-06-18 15:30:00,979.051036966437,0.0,307.0,0.0
2025-06-18 16:00:00,882.7299183621863,0.0,308.0,0.0
2025-06-18 16:30:00,842.5934504025504,0.0,304.0,0.0
2025-06-18 17:00:00,884.0962956968605,0.0,324.0,0.0
2025-06-18 17:30:00,855.7303777477596,0.0,313.0,0.0
2025-06-18 18:00:00,793.7134446718914,0.0,262.0,0.0
2025-06-18 18:30:00,600.281235150007,0.0,153.0,0.0
2025-06-18 19:00:00,529.1708748117674,0.0,126.0,0.0
2025-06-18 19:30:00,507.8015631069699,0.0,112.0,0.0
2025-06-18 20:00:00,481.2581955142528,0.0,91.0,0.0
2025-06-18 20:30:00,490.87433395470663,0.0,93.0,0.0
2025-06-18 21:00:00,442.5829379154995,0.0,110.99999999999999,0.0
2025-06-18 21:30:00,472.0869514406721,0.0,125.0,0.0
2025-06-18 22:00:00,607.1567711608714,0.0,170.0,0.0
2025-06-18 22:30:00,677.5337506067003,0.0,214.0,0.0
2025-06-18 23:00:00,684.9559683677139,0.0,232.0,0.0
2025-06-18 23:30:00,724.5311198850507,0.0,236.00000000000003,0.0
2025-06-19 00:00:00,680.7502657969837,0.0,190.0,0.0
2025-06-19 00:30:00,575.6677667714611,0.0,179.0,0.0
2025-06-19 01:00:00,669.2243507355498,0.0,181.00000000000003,0.0
2025-06-19 01:30:00,683.0474453723325,0.0,187.0,0.0
2025-06-19 02:00:00,619.0815810197257,0.0,184.00000000000003,0.0
2025-06-19 02:30:00,646.5234544256148,0.0,188.00000000000003,0.0
2025-06-19 03:00:00,633.0617271143688,0.0,187.0,0.0
2025-06-19 03:30:00,662.4781201502586,0.0,189.0,0.0
2025-06-19 04:00:00,623.4239368005879,0.0,189.0,0.0
2025-06-19 04:30:00,606.415987198588,0.0,190.0,0.0
2025-06-19 05:00:00,661.3719846193219,0.0,185.00000000000003,0.0
2025-06-19 05:30:00,640.5478380999501,0.0,188.00000000000003,0.0
2025-06-19 06:00:00,697.4622125824803,0.0,185.0,0.0
2025-06-19 06:30:00,625.6854266211548,0.0,183.0,0.0
2025-06-19 07:00:00,607.9812624638281,0.0,181.0,0.0
2025-06-19 07:30:00,710.1685339620408,0.0,197.0,0.0
2025-06-19 08:00:00,735.4673950516415,0.0,217.0,0.0
2025-06-19 08:30:00,842.4852012906686,0.0,247.99999999999997,0.0
2025-06-19 09:00:00,890.5138029287455,0.0,284.0,0.0
2025-06-19 09:30:00,860.4088432200899,0.0,363.0,0.0
2025-06-19 10:00:00,885.8078110052899,0.0,395.0,0.0
2025-06-19 10:30:00,882.826539152669,0.0,409.0,0.0
2025-06-19 11:00:00,818.6795130376463,0.0,407.0,0.0
2025-06-19 11:30:00,882.7504033538722,0.0,338.0,0.0
2025-06-19 12:00:00,915.138651327795,0.0,298.0,0.0
2025-06-19 12:30:00,895.8664831787461,0.0,327.0,0.0
2025-06-19 13:00:00,832.4320132449175,0.0,334.0,0.0
2025-06-19 13:30:00,809.901535594381,0.0,311.0,0.0
2025-06-19 14:00:00,991.0985103595573,0.0,286.0,0.0
2025-06-19 14:30:00,932.1314445778753,0.0,293.0,0.0
2025-06-19 15:00:00,910.9844593870077,0.0,290.0,0.0
2025-06-19 15:30:00,921.5202007110717,0.0,283.0,0.0
2025-06-19 16:00:00,853.9702032949538,0.0,271.0,0.0
2025-06-19 16:30:00,953.8204653417059,0.0,254.0,0.0
2025-06-19 17:00:00,901.9587787651674,0.0,267.0,0.0
2025-06-19 17:30:00,1014.545591938548,0.0,280.0,0.0
2025-06-19 18:00:00,945.9366696290521,0.0,283.0,0.0
2025-06-19 18:30:00,998.9162034625332,0.0,286.0,0.0
2025-06-19 19:00:00,921.5175461504681,0.0,275.0,0.0
2025-06-19 19:30:00,946.5282305676275,0.0,267.0,0.0
2025-06-19 20:00:00,815.7521314105901,0.0,205.0,0.0
2025-06-19 20:30:00,773.0640656184552,0.0,187.0,0.0
2025-06-19 21:00:00,752.3648772938308,0.0,223.99999999999997,0.0
2025-06-19 21:30:00,710.7278525020641,0.0,221.0,0.0
2025-06-19 22:00:00,789.0871415047724,0.0,228.0,0.0
2025-06-19 22:30:00,693.3073041971977,0.0,228.0,0.0
2025-06-19 23:00:00,733.5379569370813,0.0,233.0,0.0
2025-06-19 23:30:00,731.8843317987162,0.0,236.00000000000003,0.0
2025-06-20 00:00:00,751.2317724213483,0.0,230.00000000000003,0.0
2025-06-20 00:30:00,642.7259630092867,0.0,210.0,0.0
2025-06-20 01:00:00,729.4246245136247,0.0,222.0,0.0
2025-06-20 01:30:00,739.058764737289,0.0,223.0,0.0
2025-06-20 02:00:00,735.6797305758813,0.0,224.00000000000003,0.0
2025-06-20 02:30:00,728.2424434127586,0.0,220.0,0.0
2025-06-20 03:00:00,735.2767032654698,0.0,228.0,0.0
2025-06-20 03:30:00,697.1865819136747,0.0,222.0,0.0
2025-06-20 04:00:00,683.3805210768465,0.0,220.0,0.0
2025-06-20 04:30:00,635.1652385268195,0.0,216.0,0.0
2025-06-20 05:00:00,705.3787764696191,0.0,214.99999999999997,0.0
2025-06-20 05:30:00,686.6689595825165,0.0,209.0,0.0
2025-06-20 06:00:00,699.3070574453718,0.0,202.99999999999997,0.0
2025-06-20 06:30:00,618.6604265673406,0.0,202.99999999999997,0.0
2025-06-20 07:00:00,721.2336580412217,0.0,214.0,0.0
2025-06-20 07:30:00,796.345514276567,0.0,231.0,0.0
2025-06-20 08:00:00,752.6407031522101,0.0,250.99999999999997,0.0
2025-06-20 08:30:00,839.9222867631053,0.0,257.0,0.0
2025-06-20 09:00:00,901.1104345395225,0.0,286.0,0.0
2025-06-20 09:30:00,1002.2950759281227,0.0,304.0,0.0
2025-06-20 10:00:00,841.9807488133758,0.0,286.0,0.0
2025-06-20 10:30:00,921.1450169211616,0.0,299.0,0.0
2025-06-20 11:00:00,874.4412020162983,0.0,303.0,0.0
2025-06-20 11:30:00,861.1451950176338,0.0,326.0,0.0
2025-06-20 12:00:00,889.2695616164705,0.0,326.0,0.0
2025-06-20 12:30:00,948.2694457157158,0.0,335.0,0.0
2025-06-20 13:00:00,959.5269993081133,0.0,344.0,0.0
2025-06-20 13:30:00,910.4126327052148,0.0,311.0,0.0
2025-06-20 14:00:00,911.7230325736059,0.0,321.0,0.0
2025-06-20 14:30:00,1042.740881118495,0.0,312.0,0.0
2025-06-20 15:00:00,885.3987179280965,0.0,305.0,0.0
2025-06-20 15:30:00,875.9309084370057,0.0,304.0,0.0
2025-06-20 16:00:00,812.3636887309478,0.0,296.0,0.0
2025-06-20 16:30:00,910.061358806256,0.0,281.0,0.0
2025-06-20 17:00:00,897.2102606519753,0.0,289.0,0.0
2025-06-20 17:30:00,966.0953295789382,0.0,293.0,0.0
2025-06-20 18:00:00,801.069356827123,0.0,293.0,0.0
2025-06-20 18:30:00,915.9849372588608,0.0,288.0,0.0
2025-06-20 19:00:00,845.4745288466914,0.0,285.0,0.0
2025-06-20 19:30:00,846.766666623332,0.0,254.00000000000003,0.0
2025-06-20 20:00:00,701.0365609869503,0.0,227.00000000000003,0.0
2025-06-20 20:30:00,744.5130776100325,0.0,200.99999999999997,0.0
2025-06-20 21:00:00,720.8764009361879,0.0,203.99999999999997,0.0
2025-06-20 21:30:00,682.070444111355,0.0,204.0,0.0
2025-06-20 22:00:00,703.3376990432391,0.0,200.00000000000003,0.0
2025-06-20 22:30:00,652.3382268651521,0.0,201.0,0.0
2025-06-20 23:00:00,659.6387380531321,0.0,200.0,0.0
2025-06-20 23:30:00,663.5786402535998,0.0,196.0,0.0
2025-06-21 00:00:00,655.9020231005244,0.0,235.0,0.0
2025-06-21 00:30:00,634.5676243074407,0.0,229.0,0.0
2025-06-21 01:00:00,628.7151662298852,0.0,226.0,0.0
2025-06-21 01:30:00,646.8476153457144,0.0,224.99999999999997,0.0
2025-06-21 02:00:00,600.5544938333209,0.0,225.0,0.0
2025-06-21 02:30:00,603.0137224431406,0.0,205.0,0.0
2025-06-21 03:00:00,622.5260796865376,0.0,232.0,0.0
2025-06-21 03:30:00,576.6284159277676,0.0,234.0,0.0
2025-06-21 04:00:00,597.4568484488094,0.0,234.0,0.0
2025-06-21 04:30:00,680.8867093273582,0.0,235.0,0.0
2025-06-21 05:00:00,651.842297430492,0.0,234.0,0.0
2025-06-21 05:30:00,594.3581258962022,0.0,233.0,0.0
2025-06-21 06:00:00,593.1084139039906,0.0,234.99999999999997,0.0
2025-06-21 06:30:00,630.8819367606922,0.0,233.0,0.0
2025-06-21 07:00:00,707.0559899824564,0.0,241.0,0.0
2025-06-21 07:30:00,618.4109050964865,0.0,239.0,0.0
2025-06-21 08:00:00,512.9020932495415,0.0,179.0,0.0
2025-06-21 08:30:00,219.00712702477958,0.0,15.0,3.0
2025-06-21 09:00:00,226.5553288169805,0.0,22.0,0.0
2025-06-21 09:30:00,334.10926716293886,0.0,95.0,0.0
2025-06-21 10:00:00,383.3451071743163,0.0,142.0,0.0
2025-06-21 10:30:00,357.0389739312604,0.0,143.0,0.0
2025-06-21 11:00:00,400.07066089044275,0.0,145.0,0.0
2025-06-21 11:30:00,361.05813510900333,0.0,143.0,0.0
2025-06-21 12:00:00,375.59577360389704,0.0,152.0,0.0
2025-06-21 12:30:00,380.92843928885065,0.0,156.0,0.0
2025-06-21 13:00:00,398.78485453672454,0.0,174.0,0.0
2025-06-21 13:30:00,455.79673052315854,0.0,215.0,0.0
2025-06-21 14:00:00,444.8348771310105,0.0,214.0,0.0
2025-06-21 14:30:00,398.70677284833744,0.0,208.99999999999997,0.0
2025-06-21 15:00:00,442.9556203140419,0.0,211.0,0.0
2025-06-21 15:30:00,411.1491963386381,0.0,215.0,0.0
2025-06-21 16:00:00,363.0424822609409,0.0,216.0,0.0
2025-06-21 16:30:00,384.9795720678144,0.0,218.99999999999997,0.0
2025-06-21 17:00:00,353.5644162276868,0.0,216.99999999999997,0.0
2025-06-21 17:30:00,268.682703288502,0.0,159.0,0.0
2025-06-21 18:00:00,217.7630291468036,0.0,115.0,0.0
2025-06-21 18:30:00,98.90763742375013,0.0,59.99999999999999,0.0
2025-06-21 19:00:00,120.60147062994162,0.0,65.0,0.0
2025-06-21 19:30:00,116.8248947988178,0.0,65.0,0.0
2025-06-21 20:00:00,116.05927917293269,0.0,64.0,0.0
2025-06-21 20:30:00,118.6622935908898,0.0,60.0,0.0
2025-06-21 21:00:00,118.60944875352288,0.0,59.0,0.0
2025-06-21 21:30:00,76.27280684257461,0.0,29.0,0.0
2025-06-21 22:00:00,80.30190445951524,0.0,26.0,0.0
2025-06-21 22:30:00,75.9078604105072,0.0,23.0,0.0
2025-06-21 23:00:00,69.7837080061523,0.0,24.0,0.0
2025-06-21 23:30:00,74.83889369897007,0.0,25.0,0.0
2025-06-22 00:00:00,67.40124710357921,0.0,23.0,0.0
2025-06-22 00:30:00,77.56571597175069,0.0,23.0,0.0
2025-06-22 01:00:00,77.94621875254553,0.0,23.0,0.0
2025-06-22 01:30:00,69.64803800557448,0.0,26.0,0.0
2025-06-22 02:00:00,73.33118038098682,0.0,26.0,0.0
2025-06-22 02:30:00,77.4627582950126,0.0,23.0,0.0
2025-06-22 03:00:00,76.50926396121021,0.0,24.0,0.0
2025-06-22 03:30:00,71.49271142461595,0.0,26.0,0.0
2025-06-22 04:00:00,76.73379304602923,0.0,26.0,0.0
2025-06-22 04:30:00,66.50208528079197,0.0,26.0,0.0
2025-06-22 05:00:00,73.63043303965591,0.0,25.0,0.0
2025-06-22 05:30:00,80.85268464295518,0.0,27.000000000000004,0.0
2025-06-22 06:00:00,74.52848166457203,0.0,26.0,0.0
2025-06-22 06:30:00,71.60790131653974,0.0,25.0,0.0
2025-06-22 07:00:00,76.70567944385206,0.0,25.0,0.0
2025-06-22 07:30:00,74.8798639798591,0.0,26.0,0.0
2025-06-22 08:00:00,72.81640563052638,0.0,23.0,0.0
2025-06-22 08:30:00,72.39221954185207,0.0,25.0,0.0
2025-06-22 09:00:00,68.80960732741084,0.0,22.0,0.0
2025-06-22 09:30:00,69.78697020433475,0.0,23.0,0.0
2025-06-22 10:00:00,69.24731139403099,0.0,24.0,0.0
2025-06-22 10:30:00,67.621287293205,0.0,23.0,0.0
2025-06-22 11:00:00,69.54508304849624,0.0,25.0,0.0
2025-06-22 11:30:00,65.15550675966887,0.0,23.0,0.0
2025-06-22 12:00:00,65.07570057436271,0.0,21.0,0.0
2025-06-22 12:30:00,68.38197377664869,0.0,24.0,0.0
2025-06-22 13:00:00,71.22967014964094,0.0,24.0,0.0
2025-06-22 13:30:00,74.35673808987879,0.0,22.0,0.0
2025-06-22 14:00:00,69.21504721372773,0.0,24.0,0.0
2025-06-22 14:30:00,73.91123306759849,0.0,25.0,0.0
2025-06-22 15:00:00,74.17811179498463,0.0,24.999999999999996,0.0
2025-06-22 15:30:00,70.57373493225103,0.0,26.0,0.0
2025-06-22 16:00:00,71.4223856530318,0.0,26.0,0.0
2025-06-22 16:30:00,68.51544475129818,0.0,23.999999999999996,0.0
2025-06-22 17:00:00,76.12002514186017,0.0,25.0,0.0
2025-06-22 17:30:00,73.66996071760938,0.0,27.0,0.0
2025-06-22 18:00:00,66.19068766725167,0.0,25.0,0.0
2025-06-22 18:30:00,70.94840525092938,0.0,26.0,0.0
2025-06-22 19:00:00,76.17970669745823,0.0,23.0,0.0
2025-06-22 19:30:00,72.77451964114451,0.0,24.0,0.0
2025-06-22 20:00:00,76.12684305704394,0.0,26.0,0.0
2025-06-22 20:30:00,77.54014673362754,0.0,25.0,0.0
2025-06-22 21:00:00,71.5677851785528,0.0,25.0,0.0
2025-06-22 21:30:00,78.45345790574169,0.0,27.0,0.0
2025-06-22 22:00:00,70.21966613622132,0.0,25.0,0.0
2025-06-22 22:30:00,73.11889462244113,0.0,25.0,0.0
2025-06-22 23:00:00,79.53977847932309,0.0,26.999999999999996,0.0
2025-06-22 23:30:00,76.82639823962374,0.0,26.0,0.0
2025-06-23 00:00:00,90.79404279012209,0.0,22.0,0.0
2025-06-23 00:30:00,86.26520418042642,0.0,22.0,0.0
2025-06-23 01:00:00,92.02508958672956,0.0,23.0,0.0
2025-06-23 01:30:00,86.73465411809411,0.0,23.0,0.0
2025-06-23 02:00:00,83.15766905171571,0.0,21.0,0.0
2025-06-23 02:30:00,92.38807324888015,0.0,25.0,0.0
2025-06-23 03:00:00,81.4883592699025,0.0,23.999999999999996,0.0
2025-06-23 03:30:00,96.57355606967566,0.0,21.0,0.0
2025-06-23 04:00:00,86.24846490507979,0.0,21.0,0.0
2025-06-23 04:30:00,87.3114725191566,0.0,21.999999999999996,0.0
2025-06-23 05:00:00,86.88273125782601,0.0,21.0,0.0
2025-06-23 05:30:00,92.60591870007883,0.0,21.0,0.0
2025-06-23 06:00:00,89.07510175160546,0.0,20.0,0.0
2025-06-23 06:30:00,77.86579804087638,0.0,22.0,0.0
2025-06-23 07:00:00,89.50931314909771,0.0,21.0,0.0
2025-06-23 07:30:00,81.21175623031264,0.0,23.0,0.0
2025-06-23 08:00:00,81.01172778846963,0.0,22.000000000000004,0.0
2025-06-23 08:30:00,77.33540184094397,0.0,22.0,0.0
2025-06-23 09:00:00,82.70006793102118,0.0,20.0,0.0
2025-06-23 09:30:00,77.95561298531783,0.0,21.0,0.0
2025-06-23 10:00:00,87.13423538070171,0.0,23.999999999999996,0.0
2025-06-23 10:30:00,85.46843081176101,0.0,22.999999999999996,0.0
2025-06-23 11:00:00,89.45405223108227,0.0,19.0,0.0
2025-06-23 11:30:00,89.68762202459399,0.0,19.0,0.0
2025-06-23 12:00:00,84.856890249519,0.0,20.0,0.0
2025-06-23 12:30:00,80.83776619910512,0.0,20.0,0.0
2025-06-23 13:00:00,80.07635269729397,0.0,20.0,0.0
2025-06-23 13:30:00,85.03609934846472,0.0,20.0,0.0
2025-06-23 14:00:00,78.25155675581382,0.0,19.0,0.0
2025-06-23 14:30:00,79.88094391944554,0.0,22.0,0.0
2025-06-23 15:00:00,83.45284241165923,0.0,20.0,0.0
2025-06-23 15:30:00,78.41119294496922,0.0,21.0,0.0
2025-06-23 16:00:00,80.42788496620688,0.0,20.0,0.0
2025-06-23 16:30:00,76.0876051615781,0.0,22.0,0.0
2025-06-23 17:00:00,85.5290103157038,0.0,22.0,0.0
2025-06-23 17:30:00,90.63772132576031,0.0,23.0,0.0
2025-06-23 18:00:00,84.54259952102315,0.0,22.0,0.0
2025-06-23 18:30:00,89.75324411868283,0.0,24.0,0.0
2025-06-23 19:00:00,77.17105449334153,0.0,19.999999999999996,0.0
2025-06-23 19:30:00,86.69241322420882,0.0,21.0,0.0
2025-06-23 20:00:00,85.52709825943019,0.0,23.0,0.0
2025-06-23 20:30:00,85.71263635990488,0.0,21.0,0.0
2025-06-23 21:00:00,91.10691953966808,0.0,21.0,0.0
2025-06-23 21:30:00,90.2169709116076,0.0,24.0,0.0
2025-06-23 22:00:00,80.57620116702371,0.0,22.0,0.0
2025-06-23 22:30:00,81.9522823431114,0.0,21.0,0.0
2025-06-23 23:00:00,81.66221499648147,0.0,23.0,0.0
2025-06-23 23:30:00,90.92057514156195,0.0,24.0,0.0
2025-06-24 00:00:00,77.65936470993502,0.0,21.0,0.0
2025-06-24 00:30:00,87.24056269861859,0.0,21.0,0.0
2025-06-24 01:00:00,86.6008499283559,0.0,20.0,0.0
2025-06-24 01:30:00,77.21530918266697,0.0,21.0,0.0
2025-06-24 02:00:00,78.40697869066945,0.0,21.000000000000004,0.0
2025-06-24 02:30:00,84.16885011903523,0.0,22.0,0.0
2025-06-24 03:00:00,87.68368442908483,0.0,21.0,0.0
2025-06-24 03:30:00,87.03018321297037,0.0,22.0,0.0
2025-06-24 04:00:00,92.56595114444065,0.0,22.0,0.0
2025-06-24 04:30:00,85.48957731521736,0.0,21.0,0.0
2025-06-24 05:00:00,77.6627480828996,0.0,20.0,0.0
2025-06-24 05:30:00,78.4537329464941,0.0,21.0,0.0
2025-06-24 06:00:00,81.48998928051938,0.0,19.0,0.0
2025-06-24 06:30:00,136.8271239271271,0.0,43.0,0.0
2025-06-24 07:00:00,238.78062984657302,0.0,83.0,0.0
2025-06-24 07:30:00,344.0740826572792,0.0,168.0,0.0
2025-06-24 08:00:00,544.7113873067649,0.0,206.0,0.0
2025-06-24 08:30:00,803.1756197128866,0.0,269.0,0.0
2025-06-24 09:00:00,894.511166732906,0.0,296.0,0.0
2025-06-24 09:30:00,907.9497172683303,0.0,305.0,0.0
2025-06-24 10:00:00,827.1283500416639,0.0,304.0,0.0
2025-06-24 10:30:00,874.6737449897007,0.0,300.0,0.0
2025-06-24 11:00:00,851.3427180711278,0.0,299.0,0.0
2025-06-24 11:30:00,834.0890380401052,0.0,303.0,0.0
2025-06-24 12:00:00,818.7954369065329,0.0,275.0,0.0
2025-06-24 12:30:00,820.6419755825333,0.0,291.0,0.0
2025-06-24 13:00:00,911.2030627870282,0.0,300.0,0.0
2025-06-24 13:30:00,900.4119209378665,0.0,298.0,0.0
2025-06-24 14:00:00,839.5036586714456,0.0,293.0,0.0
2025-06-24 14:30:00,908.0689625368352,0.0,313.0,0.0
2025-06-24 15:00:00,823.4543655667121,0.0,312.0,0.0
2025-06-24 15:30:00,886.3566983237482,0.0,306.0,0.0
2025-06-24 16:00:00,921.7483961651362,0.0,304.0,0.0
2025-06-24 16:30:00,873.0230462084024,0.0,274.0,0.0
2025-06-24 17:00:00,844.9421203981852,0.0,290.0,0.0
2025-06-24 17:30:00,930.8498663679454,0.0,300.0,0.0
2025-06-24 18:00:00,815.4352508824333,0.0,298.0,0.0
2025-06-24 18:30:00,832.0427545519899,0.0,300.0,0.0
2025-06-24 19:00:00,875.5837940173038,0.0,280.0,0.0
2025-06-24 19:30:00,921.7594703357092,0.0,272.0,0.0
2025-06-24 20:00:00,806.8674042387685,0.0,245.00000000000003,0.0
2025-06-24 20:30:00,732.9186275664711,0.0,216.0,0.0
2025-06-24 21:00:00,641.9882596516487,0.0,214.0,0.0
2025-06-24 21:30:00,632.63008809783,0.0,207.99999999999997,0.0
2025-06-24 22:00:00,708.3539216033657,0.0,214.0,0.0
2025-06-24 22:30:00,681.1823866192717,0.0,204.0,0.0
2025-06-24 23:00:00,663.9220575343567,0.0,211.0,0.0
2025-06-24 23:30:00,707.1294336810319,0.0,214.0,0.0
2025-06-25 00:00:00,591.7665572115576,0.0,264.0,0.0
2025-06-25 00:30:00,553.0425310181826,0.0,245.0,0.0
2025-06-25 01:00:00,509.377929930946,0.0,256.0,0.0
2025-06-25 01:30:00,550.2079737153914,0.0,262.0,0.0
2025-06-25 02:00:00,554.3298545353788,0.0,257.0,0.0
2025-06-25 02:30:00,578.6072923029521,0.0,265.0,0.0
2025-06-25 03:00:00,582.2626862280928,0.0,257.0,0.0
2025-06-25 03:30:00,560.6877296844925,0.0,259.0,0.0
2025-06-25 04:00:00,569.0174122618215,0.0,253.0,0.0
2025-06-25 04:30:00,549.4965146067306,0.0,252.0,0.0
2025-06-25 05:00:00,522.3857888684795,0.0,250.0,0.0
2025-06-25 05:30:00,531.5246724780412,0.0,247.0,0.0
2025-06-25 06:00:00,540.0923632243636,0.0,247.0,0.0
2025-06-25 06:30:00,528.4620749312579,0.0,238.0,0.0
2025-06-25 07:00:00,492.4044717385131,0.0,245.0,0.0
2025-06-25 07:30:00,568.8454311036828,0.0,266.0,0.0
2025-06-25 08:00:00,614.7427594728356,0.0,287.0,0.0
2025-06-25 08:30:00,745.1867466358917,0.0,336.0,0.0
2025-06-25 09:00:00,781.7517014688335,0.0,384.0,0.0
2025-06-25 09:30:00,852.6282488874037,0.0,289.0,0.0
2025-06-25 10:00:00,797.0678495383893,0.0,283.0,0.0
2025-06-25 10:30:00,777.6849730834452,0.0,284.0,0.0
2025-06-25 11:00:00,840.8821628198895,0.0,289.0,0.0
2025-06-25 11:30:00,890.5936309663773,0.0,291.0,0.0
2025-06-25 12:00:00,887.0642944210824,0.0,264.0,0.0
2025-06-25 12:30:00,848.9707206952592,0.0,278.0,0.0
2025-06-25 13:00:00,737.1924676324172,0.0,282.0,0.0
2025-06-25 13:30:00,799.4623717378853,0.0,282.0,0.0
2025-06-25 14:00:00,800.6434739122475,0.0,266.0,0.0
2025-06-25 14:30:00,833.5362890401136,0.0,276.0,0.0
2025-06-25 15:00:00,879.9038070480728,0.0,279.0,0.0
2025-06-25 15:30:00,811.6742401112381,0.0,285.0,0.0
2025-06-25 16:00:00,838.092607823907,0.0,271.0,0.0
2025-06-25 16:30:00,824.8176797403174,0.0,260.0,0.0
2025-06-25 17:00:00,866.6811223926851,0.0,271.0,0.0
2025-06-25 17:30:00,805.6415913927613,0.0,280.0,0.0
2025-06-25 18:00:00,826.9775248107551,0.0,280.0,0.0
2025-06-25 18:30:00,692.4526591782638,0.0,267.0,0.0
2025-06-25 19:00:00,756.0536613349532,0.0,261.0,0.0
2025-06-25 19:30:00,767.7859916744026,0.0,245.00000000000003,0.0
2025-06-25 20:00:00,696.9608568600914,0.0,221.0,0.0
2025-06-25 20:30:00,634.5513175313708,0.0,179.0,0.0
2025-06-25 21:00:00,617.4080972601746,0.0,180.0,0.0
2025-06-25 21:30:00,538.3441548849073,0.0,176.0,0.0
2025-06-25 22:00:00,616.532562047765,0.0,174.0,0.0
2025-06-25 22:30:00,573.8667269045582,0.0,163.0,0.0
2025-06-25 23:00:00,598.6532884544245,0.0,151.0,0.0
2025-06-25 23:30:00,531.7264516057718,0.0,144.0,0.0
2025-06-26 00:00:00,669.1275296375162,0.0,231.00000000000003,0.0
2025-06-26 00:30:00,722.5034704951091,0.0,227.00000000000003,0.0
2025-06-26 01:00:00,680.2791459768114,0.0,225.00000000000003,0.0
2025-06-26 01:30:00,670.2589537289045,0.0,220.99999999999997,0.0
2025-06-26 02:00:00,672.512845795229,0.0,227.0,0.0
2025-06-26 02:30:00,586.5461603834281,0.0,207.0,0.0
2025-06-26 03:00:00,633.1727990438973,0.0,208.0,0.0
2025-06-26 03:30:00,696.9982806004693,0.0,209.0,0.0
2025-06-26 04:00:00,574.8072857157465,0.0,202.00000000000003,0.0
2025-06-26 04:30:00,633.6729744915609,0.0,213.0,0.0
2025-06-26 05:00:00,650.7488944111235,0.0,218.0,0.0
2025-06-26 05:30:00,711.9296671788604,0.0,215.99999999999997,0.0
2025-06-26 06:00:00,695.8936063704869,0.0,220.0,0.0
2025-06-26 06:30:00,624.6981109657839,0.0,210.0,0.0
2025-06-26 07:00:00,695.3793270738515,0.0,206.0,0.0
2025-06-26 07:30:00,653.1854059477046,0.0,226.0,0.0
2025-06-26 08:00:00,744.6675425433518,0.0,246.0,0.0
2025-06-26 08:30:00,781.4731480964153,0.0,279.0,0.0
2025-06-26 09:00:00,888.8067955713713,0.0,288.0,0.0
2025-06-26 09:30:00,861.3855526778045,0.0,299.0,0.0
2025-06-26 10:00:00,850.4731833828439,0.0,312.0,0.0
2025-06-26 10:30:00,886.8456689694019,0.0,309.0,0.0
2025-06-26 11:00:00,897.6374721478545,0.0,299.0,0.0
2025-06-26 11:30:00,857.4898694972286,0.0,295.0,0.0
2025-06-26 12:00:00,859.5663356207244,0.0,278.0,0.0
2025-06-26 12:30:00,851.6298882624941,0.0,310.0,0.0
2025-06-26 13:00:00,876.0152804113859,0.0,293.0,0.0
2025-06-26 13:30:00,869.4894731866648,0.0,283.0,0.0
2025-06-26 14:00:00,860.2914138815714,0.0,275.0,0.0
2025-06-26 14:30:00,860.8334402858375,0.0,274.0,0.0
2025-06-26 15:00:00,861.2365505294159,0.0,265.0,0.0
2025-06-26 15:30:00,905.5263809330369,0.0,278.0,0.0
2025-06-26 16:00:00,986.7580907042266,0.0,282.0,0.0
2025-06-26 16:30:00,879.9582038056468,0.0,259.0,0.0
2025-06-26 17:00:00,920.0069191989229,0.0,280.0,0.0
2025-06-26 17:30:00,1007.9520883788206,0.0,301.0,0.0
2025-06-26 18:00:00,823.449025382031,0.0,301.0,0.0
2025-06-26 18:30:00,563.1023654824473,0.0,175.0,0.0
2025-06-26 19:00:00,545.9027654646391,0.0,168.0,0.0
2025-06-26 19:30:00,493.9567949229296,0.0,164.0,0.0
2025-06-26 20:00:00,492.69634217206584,0.0,153.0,0.0
2025-06-26 20:30:00,478.2031617187704,0.0,146.0,0.0
2025-06-26 21:00:00,491.76422209543836,0.0,133.0,0.0
2025-06-26 21:30:00,493.4251434954388,0.0,145.0,0.0
2025-06-26 22:00:00,611.0943898460177,0.0,236.0,0.0
2025-06-26 22:30:00,722.7092447417282,0.0,258.0,0.0
2025-06-26 23:00:00,732.0462331196508,0.0,265.0,0.0
2025-06-26 23:30:00,672.8152321818561,0.0,249.0,0.0
2025-06-27 00:00:00,761.5475015698311,0.0,230.0,0.0
2025-06-27 00:30:00,732.1600694961285,0.0,210.0,0.0
2025-06-27 01:00:00,714.999050442289,0.0,221.99999999999997,0.0
2025-06-27 01:30:00,650.0079581198685,0.0,223.0,0.0
2025-06-27 02:00:00,644.4611004653575,0.0,223.99999999999997,0.0
2025-06-27 02:30:00,709.6773095709947,0.0,220.0,0.0
2025-06-27 03:00:00,700.7848292104859,0.0,228.0,0.0
2025-06-27 03:30:00,667.7226343264393,0.0,222.0,0.0
2025-06-27 04:00:00,702.60874411026,0.0,220.0,0.0
2025-06-27 04:30:00,723.3596565804769,0.0,216.0,0.0
2025-06-27 05:00:00,643.2183682782887,0.0,215.00000000000003,0.0
2025-06-27 05:30:00,665.0705299909222,0.0,209.0,0.0
2025-06-27 06:00:00,731.7012710277038,0.0,203.0,0.0
2025-06-27 06:30:00,627.3541901956614,0.0,202.99999999999997,0.0
2025-06-27 07:00:00,729.0851070736078,0.0,214.0,0.0
2025-06-27 07:30:00,704.6573416619889,0.0,231.0,0.0
2025-06-27 08:00:00,770.1590790879756,0.0,251.00000000000003,0.0
2025-06-27 08:30:00,888.746018568428,0.0,257.0,0.0
2025-06-27 09:00:00,920.2906720011254,0.0,286.0,0.0
2025-06-27 09:30:00,951.1994886239137,0.0,304.0,0.0
2025-06-27 10:00:00,836.303794922689,0.0,286.0,0.0
2025-06-27 10:30:00,962.6562006691628,0.0,299.0,0.0
2025-06-27 11:00:00,872.0257974801864,0.0,303.0,0.0
2025-06-27 11:30:00,896.8493948783208,0.0,326.0,0.0
2025-06-27 12:00:00,902.9910655392144,0.0,326.0,0.0
2025-06-27 12:30:00,909.9696291875456,0.0,335.0,0.0
2025-06-27 13:00:00,895.0904741834372,0.0,344.0,0.0
2025-06-27 13:30:00,852.8910483261437,0.0,311.0,0.0
2025-06-27 14:00:00,866.5038101573288,0.0,321.0,0.0
2025-06-27 14:30:00,967.6212124543476,0.0,312.0,0.0
2025-06-27 15:00:00,913.1465987832232,0.0,305.0,0.0
2025-06-27 15:30:00,953.4985054977424,0.0,304.0,0.0
2025-06-27 16:00:00,889.4860741915099,0.0,296.0,0.0
2025-06-27 16:30:00,790.9127390829663,0.0,281.0,0.0
2025-06-27 17:00:00,897.1197229204847,0.0,289.0,0.0
2025-06-27 17:30:00,845.9388785766546,0.0,293.0,0.0
2025-06-27 18:00:00,875.6011968212305,0.0,293.0,0.0
2025-06-27 18:30:00,826.1018993764948,0.0,288.0,0.0
2025-06-27 19:00:00,911.7878538453044,0.0,285.0,0.0
2025-06-27 19:30:00,778.2855647853922,0.0,254.0,0.0
2025-06-27 20:00:00,751.0905208228983,0.0,227.00000000000003,0.0
2025-06-27 20:30:00,697.326321009543,0.0,201.0,0.0
2025-06-27 21:00:00,655.7231168966243,0.0,204.0,0.0
2025-06-27 21:30:00,694.6938522918381,0.0,204.0,0.0
2025-06-27 22:00:00,736.2745661463625,0.0,200.0,0.0
2025-06-27 22:30:00,661.6659758200728,0.0,201.0,0.0
2025-06-27 23:00:00,692.7414209912316,0.0,200.0,0.0
2025-06-27 23:30:00,585.9326776778145,0.0,196.0,0.0
2025-06-28 00:00:00,584.4054280588766,0.0,125.0,0.0
2025-06-28 00:30:00,570.8868334755437,0.0,117.17021276595743,0.0
2025-06-28 01:00:00,584.912890864441,0.0,117.0,0.0
2025-06-28 01:30:00,559.9934872096918,0.0,117.0,0.0
2025-06-28 02:00:00,592.3034656402945,0.0,126.14893617021276,0.0
2025-06-28 02:30:00,520.897574603409,0.0,130.5744680851064,0.0
2025-06-28 03:00:00,594.9215940685618,0.0,126.63829787234043,0.0
2025-06-28 03:30:00,567.347553487254,0.0,125.14893617021276,0.0
2025-06-28 04:00:00,579.4633460074756,0.0,123.34042553191489,0.0
2025-06-28 04:30:00,574.3797362224611,0.0,123.80851063829788,0.0
2025-06-28 05:00:00,530.11528740453,0.0,121.63829787234043,0.0
2025-06-28 05:30:00,513.5392270180615,0.0,121.0,0.0
2025-06-28 06:00:00,527.7994536148318,0.0,120.25531914893617,0.0
2025-06-28 06:30:00,557.788814691438,0.0,117.1063829787234,0.0
2025-06-28 07:00:00,556.6039588216266,0.0,116.70212765957447,0.0
2025-06-28 07:30:00,390.4859086295104,0.0,90.44680851063833,0.0
2025-06-28 08:00:00,295.7358116866639,0.0,80.63829787234042,0.0
2025-06-28 08:30:00,309.70213604536065,0.0,101.78723404255314,0.0
2025-06-28 09:00:00,388.5191321581761,0.0,132.12765957446803,0.0
2025-06-28 09:30:00,411.6829522903262,0.0,141.0212765957447,0.0
2025-06-28 10:00:00,416.06263730915583,0.0,141.87234042553192,0.0
2025-06-28 10:30:00,425.8005495321374,0.0,148.9787234042553,0.0
2025-06-28 11:00:00,441.3197840738315,0.0,150.87234042553192,0.0
2025-06-28 11:30:00,409.3196706330433,0.0,148.48936170212767,0.0
2025-06-28 12:00:00,436.9450642361202,0.0,154.36170212765958,0.0
2025-06-28 12:30:00,468.3265327299607,0.0,161.93617021276594,0.0
2025-06-28 13:00:00,417.3765008532979,0.0,162.1063829787234,0.0
2025-06-28 13:30:00,449.04288861647774,0.0,160.14893617021278,0.0
2025-06-28 14:00:00,483.8185706103252,0.0,159.0,0.0
2025-06-28 14:30:00,451.2493392316177,0.0,159.0,0.0
2025-06-28 15:00:00,464.46867794921064,0.0,163.70212765957444,0.0
2025-06-28 15:30:00,538.5209110451027,0.0,172.68085106382978,0.0
2025-06-28 16:00:00,487.147461442468,0.0,176.87234042553192,0.0
2025-06-28 16:30:00,499.8747827216925,0.0,191.93617021276583,0.0
2025-06-28 17:00:00,463.85704555906756,0.0,208.02127659574475,0.0
2025-06-28 17:30:00,379.39857298070973,0.0,168.44680851063868,0.5106382978723332
2025-06-28 18:00:00,233.58219969197174,0.0,69.70212765957477,5.744680851063777
2025-06-28 18:30:00,86.98665616889903,0.0,0.0,18.42553191489361
2025-06-28 19:00:00,86.5863580981871,0.0,0.0,19.425531914893625
2025-06-28 19:30:00,87.2145967683963,0.0,0.6808510638297776,14.106382978723447
2025-06-28 20:00:00,109.82154515956609,0.0,4.148936170212764,0.0
2025-06-28 20:30:00,112.11452155665377,0.0,5.255319148936167,0.0
2025-06-28 21:00:00,117.58810808596755,0.0,6.7872340425531945,0.10638297872340274
2025-06-28 21:30:00,102.66024007152274,0.0,5.085106382978722,0.9148936170212778
2025-06-28 22:00:00,114.6212267843961,0.0,5.872340425531917,0.06382978723404165
2025-06-28 22:30:00,110.55214076640597,0.0,5.234042553191472,0.957446808510639
2025-06-28 23:00:00,99.09502940945085,0.0,33.34042553191489,0.0
2025-06-28 23:30:00,112.48862602634857,0.0,49.0,0.0
2025-06-29 00:00:00,67.40571497357402,0.0,22.0,0.0
2025-06-29 00:30:00,66.91497661132843,0.0,22.0,0.0
2025-06-29 01:00:00,69.63463826285735,0.0,23.0,0.0
2025-06-29 01:30:00,69.15821242278399,0.0,24.0,0.0
2025-06-29 02:00:00,67.1043657594386,0.0,23.0,0.0
2025-06-29 02:30:00,68.14518424672109,0.0,23.0,0.0
2025-06-29 03:00:00,64.12285921182112,0.0,20.0,0.0
2025-06-29 03:30:00,67.66873497516225,0.0,23.0,0.0
2025-06-29 04:00:00,60.943931398705736,0.0,20.0,0.0
2025-06-29 04:30:00,64.40901013687093,0.0,20.0,0.0
2025-06-29 05:00:00,65.35353672087436,0.0,18.0,0.0
2025-06-29 05:30:00,63.09415981877233,0.0,22.0,0.0
2025-06-29 06:00:00,62.38124965996675,0.0,20.0,0.0
2025-06-29 06:30:00,61.26816886455197,0.0,20.0,0.0
2025-06-29 07:00:00,61.575185825616046,0.0,21.0,0.0
2025-06-29 07:30:00,56.795087570497614,0.0,21.0,0.0
2025-06-29 08:00:00,62.904162228642676,0.0,23.0,0.0
2025-06-29 08:30:00,67.68404646637552,0.0,21.0,0.0
2025-06-29 09:00:00,64.93936584706684,0.0,22.0,0.0
2025-06-29 09:30:00,72.83782958069374,0.0,22.999999999999996,0.0
2025-06-29 10:00:00,64.66230204640077,0.0,22.0,0.0
2025-06-29 10:30:00,78.69953217243304,0.0,24.0,0.0
2025-06-29 11:00:00,66.5541359878874,0.0,23.0,0.0
2025-06-29 11:30:00,70.24501054388986,0.0,24.0,0.0
2025-06-29 12:00:00,67.98050619445536,0.0,25.0,0.0
2025-06-29 12:30:00,69.61223643872607,0.0,24.0,0.0
2025-06-29 13:00:00,73.32052893123169,0.0,24.999999999999996,0.0
2025-06-29 13:30:00,69.97912821284619,0.0,26.0,0.0
2025-06-29 14:00:00,75.5216644298039,0.0,24.0,0.0
2025-06-29 14:30:00,71.22156633262514,0.0,25.0,0.0
2025-06-29 15:00:00,71.33183807372178,0.0,24.0,0.0
2025-06-29 15:30:00,67.18123711300622,0.0,26.0,0.0
2025-06-29 16:00:00,70.81135479054073,0.0,24.0,0.0
2025-06-29 16:30:00,68.89519359823312,0.0,25.0,0.0
2025-06-29 17:00:00,65.2726650710507,0.0,23.0,0.0
2025-06-29 17:30:00,64.70638714217262,0.0,24.0,0.0
2025-06-29 18:00:00,75.1568956038934,0.0,27.0,0.0
2025-06-29 18:30:00,64.42001025541563,0.0,27.0,0.0
2025-06-29 19:00:00,59.578705843029795,0.0,25.0,0.0
2025-06-29 19:30:00,65.9541772720938,0.0,24.0,0.0
2025-06-29 20:00:00,66.12905261213635,0.0,24.0,0.0
2025-06-29 20:30:00,70.20796125045054,0.0,24.0,0.0
2025-06-29 21:00:00,71.28403433734339,0.0,25.0,0.0
2025-06-29 21:30:00,70.6519919234204,0.0,23.0,0.0
2025-06-29 22:00:00,67.12362445658174,0.0,24.0,0.0
2025-06-29 22:30:00,69.50328499544479,0.0,25.0,0.0
2025-06-29 23:00:00,65.34650481113415,0.0,22.0,0.0
2025-06-29 23:30:00,65.23428171917485,0.0,24.0,0.0
2025-06-30 00:00:00,76.2640507553957,0.0,23.0,0.0
2025-06-30 00:30:00,69.55067711953849,0.0,22.02127659574468,0.0
2025-06-30 01:00:00,77.37438840139357,0.0,21.042553191489365,0.0
2025-06-30 01:30:00,81.21019431561524,0.0,23.80851063829787,0.0
2025-06-30 02:00:00,73.22130025555133,0.0,23.085106382978722,0.0
2025-06-30 02:30:00,75.55474574988821,0.0,23.0,0.0
2025-06-30 03:00:00,69.78154033939872,0.0,24.74468085106383,0.0
2025-06-30 03:30:00,70.87161774229797,0.0,24.148936170212767,0.0
2025-06-30 04:00:00,79.43526362592752,0.0,23.170212765957448,0.0
2025-06-30 04:30:00,74.52519271933555,0.0,23.0,0.0
2025-06-30 05:00:00,71.50036715732388,0.0,24.574468085106382,0.0
2025-06-30 05:30:00,76.34598341546612,0.0,23.46808510638298,0.0
2025-06-30 06:00:00,72.76868157293046,0.0,23.0,0.0
2025-06-30 06:30:00,71.98662894160344,0.0,23.0,0.0
2025-06-30 07:00:00,74.66951641303524,0.0,22.297872340425535,0.0
2025-06-30 07:30:00,66.59848316055717,0.0,22.0,0.0
2025-06-30 08:00:00,67.83633082931199,0.0,22.659574468085104,0.0
2025-06-30 08:30:00,69.98182669614245,0.0,20.446808510638306,0.0
2025-06-30 09:00:00,71.65247325498662,0.0,19.617021276595743,0.0
2025-06-30 09:30:00,72.57079375019082,0.0,19.404255319148938,0.0
2025-06-30 10:00:00,65.50101154809748,0.0,19.0,0.0
2025-06-30 10:30:00,72.24731481904317,0.0,19.0,0.0
2025-06-30 11:00:00,65.53547828410102,0.0,19.53191489361702,0.0
2025-06-30 11:30:00,72.92229420288143,0.0,18.978723404255323,0.0
2025-06-30 12:00:00,64.44543254065773,0.0,18.97872340425532,0.0
2025-06-30 12:30:00,73.96716451582571,0.0,20.0,0.0
2025-06-30 13:00:00,65.76095064668478,0.0,19.5531914893617,0.0
2025-06-30 13:30:00,73.92938056717134,0.0,19.0,0.0
2025-06-30 14:00:00,70.36054293048895,0.0,19.0,0.0
2025-06-30 14:30:00,64.86827151901211,0.0,19.382978723404253,0.0
2025-06-30 15:00:00,65.83690604143575,0.0,19.276595744680854,0.0
2025-06-30 15:30:00,69.97200572915474,0.0,18.340425531914892,0.0
2025-06-30 16:00:00,73.3532362228328,0.0,19.319148936170212,0.0
2025-06-30 16:30:00,69.82839632064696,0.0,20.297872340425528,0.0
2025-06-30 17:00:00,69.79763254477021,0.0,21.276595744680847,0.0
2025-06-30 17:30:00,72.7783440653643,0.0,21.489361702127667,0.0
2025-06-30 18:00:00,70.29767009030131,0.0,20.468085106382972,0.0
2025-06-30 18:30:00,66.37621690655615,0.0,21.361702127659584,0.0
2025-06-30 19:00:00,66.9153654409602,0.0,19.0,0.0
2025-06-30 19:30:00,72.06372013456621,0.0,18.65957446808511,0.0
2025-06-30 20:00:00,75.30187217452259,0.0,17.297872340425528,0.0
2025-06-30 20:30:00,80.33556872213842,0.0,19.0,0.0
2025-06-30 21:00:00,76.1896920330239,0.0,19.0,0.0
2025-06-30 21:30:00,73.812501744883,0.0,19.085106382978722,0.0
2025-06-30 22:00:00,79.29666910272222,0.0,20.063829787234045,0.0
2025-06-30 22:30:00,72.92172502720702,0.0,20.95744680851064,0.0
2025-06-30 23:00:00,73.86798527919214,0.0,19.95744680851064,0.0
2025-06-30 23:30:00,70.41379199124144,0.0,18.0,0.0
2025-07-01 00:00:00,701.4348175856351,0.0,173.0,0.0
2025-07-01 00:30:00,641.8752666780841,0.0,160.99999999999997,0.0
2025-07-01 01:00:00,616.908281981463,0.0,157.0,0.0
2025-07-01 01:30:00,652.9090916258809,0.0,173.0,0.0
2025-07-01 02:00:00,672.094520564362,0.0,179.0,0.0
2025-07-01 02:30:00,697.4049201063027,0.0,181.0,0.0
2025-07-01 03:00:00,621.3290810493565,0.0,175.0,0.0
2025-07-01 03:30:00,641.4737614136051,0.0,172.00000000000003,0.0
2025-07-01 04:00:00,668.5311254502525,0.0,173.99999999999997,0.0
2025-07-01 04:30:00,693.421264042636,0.0,181.0,0.0
2025-07-01 05:00:00,695.00997655579,0.0,180.99999999999997,0.0
2025-07-01 05:30:00,631.3079777046046,0.0,183.0,0.0
2025-07-01 06:00:00,681.5872037745783,0.0,175.00000000000003,0.0
2025-07-01 06:30:00,669.9636078777157,0.0,166.0,0.0
2025-07-01 07:00:00,681.7910778398546,0.0,172.99999999999997,0.0
2025-07-01 07:30:00,725.1389268577258,0.0,190.0,0.0
2025-07-01 08:00:00,784.0231448949264,0.0,227.99999999999997,0.0
2025-07-01 08:30:00,788.7896136798068,0.0,233.0,0.0
2025-07-01 09:00:00,857.4221885616856,0.0,290.0,0.0
2025-07-01 09:30:00,963.0327855767031,0.0,314.0,0.0
2025-07-01 10:00:00,908.6100996771078,0.0,315.0,0.0
2025-07-01 10:30:00,884.9645119592591,0.0,318.0,0.0
2025-07-01 11:00:00,860.0285487211448,0.0,309.0,0.0
2025-07-01 11:30:00,871.202070770619,0.0,296.0,0.0
2025-07-01 12:00:00,781.0163839961854,0.0,262.0,0.0
2025-07-01 12:30:00,845.1928855042605,0.0,282.0,0.0
2025-07-01 13:00:00,835.3413095937678,0.0,290.0,0.0
2025-07-01 13:30:00,860.7932188981147,0.0,290.0,0.0
2025-07-01 14:00:00,897.9684952799888,0.0,286.0,0.0
2025-07-01 14:30:00,864.1370554483555,0.0,283.0,0.0
2025-07-01 15:00:00,789.513160353633,0.0,283.0,0.0
2025-07-01 15:30:00,794.6421246090681,0.0,304.0,0.0
2025-07-01 16:00:00,849.2104681303294,0.0,356.0,0.0
2025-07-01 16:30:00,788.7852999230682,0.0,336.0,0.0
2025-07-01 17:00:00,758.201542229624,0.0,345.0,0.0
2025-07-01 17:30:00,789.1679569510168,0.0,349.0,0.0
2025-07-01 18:00:00,796.7179742566087,0.0,358.0,0.0
2025-07-01 18:30:00,776.9530645570791,0.0,356.0,0.0
2025-07-01 19:00:00,789.2777889736428,0.0,380.0,0.0
2025-07-01 19:30:00,870.5825791040356,0.0,380.0,0.0
2025-07-01 20:00:00,776.266817544229,0.0,352.0,0.0
2025-07-01 20:30:00,794.3784508385609,0.0,339.0,0.0
2025-07-01 21:00:00,702.8413577418546,0.0,338.0,0.0
2025-07-01 21:30:00,689.778713142405,0.0,343.0,0.0
2025-07-01 22:00:00,714.2175583758681,0.0,342.0,0.0
2025-07-01 22:30:00,698.6767930744854,0.0,320.0,0.0
2025-07-01 23:00:00,675.9471127683258,0.0,312.0,0.0
2025-07-01 23:30:00,721.3234275054549,0.0,312.0,0.0
2025-07-02 00:00:00,67.5659782435465,0.0,22.0,0.0
2025-07-02 00:30:00,88.24558668050598,0.0,24.0,0.0
2025-07-02 01:00:00,95.50548129270172,0.0,23.0,0.0
2025-07-02 01:30:00,92.34530406611185,0.0,24.000000000000004,0.0
2025-07-02 02:00:00,90.24672991287986,0.0,25.0,0.0
2025-07-02 02:30:00,86.31693210192053,0.0,23.000000000000004,0.0
2025-07-02 03:00:00,75.3976305593369,0.0,25.0,0.0
2025-07-02 03:30:00,86.7122437346973,0.0,25.0,0.0
2025-07-02 04:00:00,77.42108190119866,0.0,21.000000000000004,0.0
2025-07-02 04:30:00,81.60256677455072,0.0,24.0,0.0
2025-07-02 05:00:00,76.0092014943601,0.0,23.0,0.0
2025-07-02 05:30:00,74.68586389051845,0.0,21.0,0.0
2025-07-02 06:00:00,85.83767140875416,0.0,22.0,0.0
2025-07-02 06:30:00,123.4278542638341,0.0,20.0,0.0
2025-07-02 07:00:00,119.41394410235827,0.0,24.0,0.0
2025-07-02 07:30:00,349.9199151017749,0.0,112.0,0.0
2025-07-02 08:00:00,598.4291363397739,0.0,264.0,0.0
2025-07-02 08:30:00,830.4260883667496,0.0,324.0,0.0
2025-07-02 09:00:00,852.6478788133725,0.0,325.0,0.0
2025-07-02 09:30:00,961.1217155258106,0.0,310.0,0.0
2025-07-02 10:00:00,888.1902005990156,0.0,307.0,0.0
2025-07-02 10:30:00,1022.1584471866761,0.0,314.0,0.0
2025-07-02 11:00:00,833.7224180229,0.0,290.0,0.0
2025-07-02 11:30:00,837.2551498955413,0.0,294.0,0.0
2025-07-02 12:00:00,785.6828501431027,0.0,275.0,0.0
2025-07-02 12:30:00,950.6652168052344,0.0,287.0,0.0
2025-07-02 13:00:00,865.2874702893588,0.0,294.0,0.0
2025-07-02 13:30:00,818.3365680425786,0.0,292.0,0.0
2025-07-02 14:00:00,898.1643158627974,0.0,288.0,0.0
2025-07-02 14:30:00,885.929730135484,0.0,290.0,0.0
2025-07-02 15:00:00,928.4752590238392,0.0,288.0,0.0
2025-07-02 15:30:00,796.7184478643724,0.0,291.0,0.0
2025-07-02 16:00:00,839.1366228343695,0.0,285.0,0.0
2025-07-02 16:30:00,791.2874214289316,0.0,265.0,0.0
2025-07-02 17:00:00,751.0214454941266,0.0,276.0,0.0
2025-07-02 17:30:00,884.8707078360237,0.0,287.0,0.0
2025-07-02 18:00:00,829.9553632852981,0.0,286.0,0.0
2025-07-02 18:30:00,871.3963447087154,0.0,289.0,0.0
2025-07-02 19:00:00,929.3056612486401,0.0,283.0,0.0
2025-07-02 19:30:00,796.7054384308527,0.0,258.0,0.0
2025-07-02 20:00:00,757.3685391718732,0.0,240.0,0.0
2025-07-02 20:30:00,705.0988231563169,0.0,215.0,0.0
2025-07-02 21:00:00,745.0787619019405,0.0,222.0,0.0
2025-07-02 21:30:00,664.394931734184,0.0,211.0,0.0
2025-07-02 22:00:00,681.7610982233447,0.0,210.0,0.0
2025-07-02 22:30:00,717.7869392493526,0.0,196.00000000000003,0.0
2025-07-02 23:00:00,694.656867951329,0.0,195.0,0.0
2025-07-02 23:30:00,583.9413474305572,0.0,186.0,0.0
2025-07-03 00:00:00,627.0096432571506,0.0,190.0,0.0
2025-07-03 00:30:00,607.9769999692691,0.0,179.0,0.0
2025-07-03 01:00:00,613.8093617815935,0.0,181.00000000000003,0.0
2025-07-03 01:30:00,666.9982903210318,0.0,187.0,0.0
2025-07-03 02:00:00,660.7244425402757,0.0,184.0,0.0
2025-07-03 02:30:00,637.9391639143416,0.0,187.99999999999997,0.0
2025-07-03 03:00:00,592.3945388661797,0.0,187.0,0.0
2025-07-03 03:30:00,635.3335512861595,0.0,189.0,0.0
2025-07-03 04:00:00,613.5346252127886,0.0,189.0,0.0
2025-07-03 04:30:00,655.5373851935307,0.0,190.0,0.0
2025-07-03 05:00:00,658.810974401437,0.0,185.0,0.0
2025-07-03 05:30:00,669.9089074195725,0.0,188.0,0.0
2025-07-03 06:00:00,603.5259413973725,0.0,185.0,0.0
2025-07-03 06:30:00,533.4519893225214,0.0,183.0,0.0
2025-07-03 07:00:00,575.4802650902701,0.0,181.0,0.0
2025-07-03 07:30:00,709.6556585299074,0.0,197.00000000000003,0.0
2025-07-03 08:00:00,691.8259012694799,0.0,217.0,0.0
2025-07-03 08:30:00,774.7544602017566,0.0,248.0,0.0
2025-07-03 09:00:00,900.5943801304686,0.0,284.0,0.0
2025-07-03 09:30:00,936.432583359524,0.0,363.0,0.0
2025-07-03 10:00:00,883.8190932393736,0.0,395.0,0.0
2025-07-03 10:30:00,868.7948846258081,0.0,409.0,0.0
2025-07-03 11:00:00,860.8561865500201,0.0,407.0,0.0
2025-07-03 11:30:00,895.8306995963833,0.0,338.0,0.0
2025-07-03 12:00:00,917.3648080612844,0.0,298.0,0.0
2025-07-03 12:30:00,895.1984370740147,0.0,327.0,0.0
2025-07-03 13:00:00,915.8314078974171,0.0,334.0,0.0
2025-07-03 13:30:00,920.4504489774256,0.0,311.0,0.0
2025-07-03 14:00:00,852.9854316675954,0.0,286.0,0.0
2025-07-03 14:30:00,962.1746424732042,0.0,293.0,0.0
2025-07-03 15:00:00,918.4997084920903,0.0,290.0,0.0
2025-07-03 15:30:00,808.7704684339434,0.0,283.0,0.0
2025-07-03 16:00:00,815.8848040692637,0.0,271.0,0.0
2025-07-03 16:30:00,836.8447579197815,0.0,253.99999999999997,0.0
2025-07-03 17:00:00,935.2177492856207,0.0,267.0,0.0
2025-07-03 17:30:00,945.6603434642568,0.0,280.0,0.0
2025-07-03 18:00:00,942.8622298089432,0.0,283.0,0.0
2025-07-03 18:30:00,1013.1896983303697,0.0,286.0,0.0
2025-07-03 19:00:00,843.7525892090249,0.0,275.0,0.0
2025-07-03 19:30:00,897.6670078962126,0.0,267.0,0.0
2025-07-03 20:00:00,791.5887232924194,0.0,205.0,0.0
2025-07-03 20:30:00,715.0213825968883,0.0,186.99999999999997,0.0
2025-07-03 21:00:00,733.2871129543491,0.0,223.99999999999997,0.0
2025-07-03 21:30:00,655.0878038332621,0.0,221.0,0.0
2025-07-03 22:00:00,763.3273863645067,0.0,228.0,0.0
2025-07-03 22:30:00,694.6118671492158,0.0,228.0,0.0
2025-07-03 23:00:00,799.9491242830251,0.0,232.99999999999997,0.0
2025-07-03 23:30:00,722.9941534424348,0.0,236.0,0.0
2025-07-04 00:00:00,614.4097240361688,0.0,256.0,0.0
2025-07-04 00:30:00,668.4671361963798,0.0,247.99999999999997,0.0
2025-07-04 01:00:00,598.1237158074849,0.0,248.0,0.0
2025-07-04 01:30:00,620.6447502428801,0.0,239.99999999999997,0.0
2025-07-04 02:00:00,639.8494854249119,0.0,230.0,0.0
2025-07-04 02:30:00,614.6927414556388,0.0,234.0,0.0
2025-07-04 03:00:00,682.902351266646,0.0,246.0,0.0
2025-07-04 03:30:00,669.6069651982721,0.0,244.99999999999997,0.0
2025-07-04 04:00:00,684.7838069986616,0.0,244.0,0.0
2025-07-04 04:30:00,686.4369729188036,0.0,246.0,0.0
2025-07-04 05:00:00,690.7443466731991,0.0,252.0,0.0
2025-07-04 05:30:00,667.5459628484978,0.0,257.0,0.0
2025-07-04 06:00:00,672.6132514902547,0.0,247.99999999999997,0.0
2025-07-04 06:30:00,652.573808426559,0.0,233.0,0.0
2025-07-04 07:00:00,673.3557250504794,0.0,239.00000000000003,0.0
2025-07-04 07:30:00,676.1301724594953,0.0,253.99999999999997,0.0
2025-07-04 08:00:00,675.3839233707722,0.0,252.0,0.0
2025-07-04 08:30:00,726.5349756632526,0.0,260.0,0.0
2025-07-04 09:00:00,836.3775280773721,0.0,282.0,0.0
2025-07-04 09:30:00,816.2648137714641,0.0,282.0,0.0
2025-07-04 10:00:00,792.9258971813888,0.0,282.0,0.0
2025-07-04 10:30:00,809.5654517613856,0.0,293.0,0.0
2025-07-04 11:00:00,769.537514904292,0.0,290.0,0.0
2025-07-04 11:30:00,836.950875308658,0.0,275.0,0.0
2025-07-04 12:00:00,772.6452865412527,0.0,263.0,0.0
2025-07-04 12:30:00,772.1764506102284,0.0,289.0,0.0
2025-07-04 13:00:00,854.3261406815352,0.0,319.0,0.0
2025-07-04 13:30:00,807.9369067917312,0.0,330.0,0.0
2025-07-04 14:00:00,789.675215120477,0.0,366.0,0.0
2025-07-04 14:30:00,902.3359667647313,0.0,368.0,0.0
2025-07-04 15:00:00,847.2396309471975,0.0,367.0,0.0
2025-07-04 15:30:00,855.7882654919546,0.0,362.0,0.0
2025-07-04 16:00:00,876.4609258299306,0.0,362.0,0.0
2025-07-04 16:30:00,874.4469189599878,0.0,352.0,0.0
2025-07-04 17:00:00,859.3601007104364,0.0,363.0,0.0
2025-07-04 17:30:00,804.179563604827,0.0,374.0,0.0
2025-07-04 18:00:00,801.9610546710252,0.0,347.0,0.0
2025-07-04 18:30:00,476.00037314067015,0.0,181.0,0.0
2025-07-04 19:00:00,467.5588879178267,0.0,140.0,0.0
2025-07-04 19:30:00,409.02709888583814,0.0,128.0,0.0
2025-07-04 20:00:00,358.85228294244695,0.0,127.0,0.0
2025-07-04 20:30:00,392.7139276778551,0.0,122.0,0.0
2025-07-04 21:00:00,416.68402287943724,0.0,120.0,0.0
2025-07-04 21:30:00,411.862742388043,0.0,119.0,0.0
2025-07-04 22:00:00,552.3340589826855,0.0,193.0,0.0
2025-07-04 22:30:00,555.9312241701768,0.0,246.0,0.0
2025-07-04 23:00:00,626.2457717261185,0.0,250.0,0.0
2025-07-04 23:30:00,585.0971047217209,0.0,251.0,0.0
2025-07-05 00:00:00,606.366079079226,0.0,196.0,0.0
2025-07-05 00:30:00,623.4558246534829,0.0,186.0,0.0
2025-07-05 01:00:00,623.5638198697443,0.0,188.0,0.0
2025-07-05 01:30:00,689.3928801610608,0.0,196.0,0.0
2025-07-05 02:00:00,667.6337910710884,0.0,191.00000000000003,0.0
2025-07-05 02:30:00,572.2371013205577,0.0,196.0,0.0
2025-07-05 03:00:00,684.9738182149258,0.0,193.0,0.0
2025-07-05 03:30:00,570.5584118404001,0.0,186.0,0.0
2025-07-05 04:00:00,618.7620167963045,0.0,185.0,0.0
2025-07-05 04:30:00,617.4029163035996,0.0,188.0,0.0
2025-07-05 05:00:00,552.7973626816255,0.0,182.0,0.0
2025-07-05 05:30:00,599.2129036579583,0.0,185.0,0.0
2025-07-05 06:00:00,577.6274889008741,0.0,184.0,0.0
2025-07-05 06:30:00,575.0484905396004,0.0,173.0,0.0
2025-07-05 07:00:00,579.2749553702156,0.0,176.0,0.0
2025-07-05 07:30:00,611.2070472303938,0.0,183.99999999999997,0.0
2025-07-05 08:00:00,481.55864654121615,0.0,152.0,0.0
2025-07-05 08:30:00,304.4627972861673,0.0,80.0,0.0
2025-07-05 09:00:00,333.4549392998183,0.0,70.0,0.0
2025-07-05 09:30:00,368.9550486600026,0.0,133.0,0.0
2025-07-05 10:00:00,381.0921938144065,0.0,134.0,0.0
2025-07-05 10:30:00,353.47069104444057,0.0,138.0,0.0
2025-07-05 11:00:00,355.12647915910884,0.0,148.0,0.0
2025-07-05 11:30:00,371.9240820392149,0.0,185.0,0.0
2025-07-05 12:00:00,365.03589796862764,0.0,201.0,0.0
2025-07-05 12:30:00,416.73211603758796,0.0,227.00000000000003,0.0
2025-07-05 13:00:00,439.60418573403757,0.0,255.0,0.0
2025-07-05 13:30:00,414.8966910367461,0.0,254.0,0.0
2025-07-05 14:00:00,452.38526956836324,0.0,247.99999999999997,0.0
2025-07-05 14:30:00,441.3550510935219,0.0,248.0,0.0
2025-07-05 15:00:00,420.1618662093514,0.0,253.99999999999997,0.0
2025-07-05 15:30:00,404.830686594498,0.0,259.0,0.0
2025-07-05 16:00:00,477.22575610886474,0.0,267.0,0.0
2025-07-05 16:30:00,417.8712288658221,0.0,269.0,0.0
2025-07-05 17:00:00,398.41756622854757,0.0,256.0,0.0
2025-07-05 17:30:00,362.3902303655069,0.0,232.00000000000003,0.0
2025-07-05 18:00:00,247.05679066162983,0.0,144.0,0.0
2025-07-05 18:30:00,121.65838213998012,0.0,64.0,0.0
2025-07-05 19:00:00,134.41282069381396,0.0,60.0,0.0
2025-07-05 19:30:00,120.33434260049935,0.0,55.0,0.0
2025-07-05 20:00:00,143.23427822891378,0.0,53.0,0.0
2025-07-05 20:30:00,119.39416050975872,0.0,55.0,0.0
2025-07-05 21:00:00,117.36627094166666,0.0,54.0,0.0
2025-07-05 21:30:00,128.43448863717137,0.0,54.0,0.0
2025-07-05 22:00:00,129.38040935185396,0.0,49.0,0.0
2025-07-05 22:30:00,81.06094221405061,0.0,24.999999999999996,0.0
2025-07-05 23:00:00,86.22855410421496,0.0,28.999999999999996,0.0
2025-07-05 23:30:00,74.26896928888515,0.0,23.0,0.0
2025-07-06 00:00:00,82.03786396581211,0.0,25.0,0.0
2025-07-06 00:30:00,97.15962468832637,0.0,28.000000000000004,0.0
2025-07-06 01:00:00,89.27432595193348,0.0,24.0,0.0
2025-07-06 01:30:00,83.85913660549896,0.0,27.0,0.0
2025-07-06 02:00:00,85.78112972891796,0.0,25.0,0.0
2025-07-06 02:30:00,81.51084517010175,0.0,28.000000000000004,0.0
2025-07-06 03:00:00,92.30809508954425,0.0,28.0,0.0
2025-07-06 03:30:00,83.01236090624785,0.0,28.0,0.0
2025-07-06 04:00:00,88.00090921953193,0.0,28.0,0.0
2025-07-06 04:30:00,90.42570897567239,0.0,28.0,0.0
2025-07-06 05:00:00,87.50161897599993,0.0,28.0,0.0
2025-07-06 05:30:00,85.2407417052989,0.0,28.0,0.0
2025-07-06 06:00:00,84.88582244395921,0.0,29.000000000000004,0.0
2025-07-06 06:30:00,85.60772659161209,0.0,30.0,0.0
2025-07-06 07:00:00,83.3745217362787,0.0,30.0,0.0
2025-07-06 07:30:00,81.94599020412028,0.0,29.0,0.0
2025-07-06 08:00:00,90.03170305115789,0.0,31.0,0.0
2025-07-06 08:30:00,85.38410650419895,0.0,33.0,0.0
2025-07-06 09:00:00,82.47696951367445,0.0,31.0,0.0
2025-07-06 09:30:00,84.61771953683046,0.0,31.0,0.0
2025-07-06 10:00:00,91.63890986626804,0.0,31.0,0.0
2025-07-06 10:30:00,90.83827774280815,0.0,33.0,0.0
2025-07-06 11:00:00,93.44669611506562,0.0,33.0,0.0
2025-07-06 11:30:00,90.72656133041005,0.0,34.0,0.0
2025-07-06 12:00:00,93.50593242693604,0.0,33.0,0.0
2025-07-06 12:30:00,87.9750146870993,0.0,33.0,0.0
2025-07-06 13:00:00,89.72005422753347,0.0,34.0,0.0
2025-07-06 13:30:00,96.36673652180876,0.0,34.0,0.0
2025-07-06 14:00:00,98.0360451190434,0.0,35.0,0.0
2025-07-06 14:30:00,89.31846040849206,0.0,35.0,0.0
2025-07-06 15:00:00,91.84561184217111,0.0,35.0,0.0
2025-07-06 15:30:00,97.48698803683942,0.0,36.0,0.0
2025-07-06 16:00:00,103.13395038255616,0.0,34.0,0.0
2025-07-06 16:30:00,85.84681216426569,0.0,35.0,0.0
2025-07-06 17:00:00,93.18907902379625,0.0,35.0,0.0
2025-07-06 17:30:00,84.64588305800005,0.0,36.0,0.0
2025-07-06 18:00:00,86.06103306477247,0.0,34.0,0.0
2025-07-06 18:30:00,87.2604801101225,0.0,35.0,0.0
2025-07-06 19:00:00,86.02249659311002,0.0,33.0,0.0
2025-07-06 19:30:00,86.50781084415448,0.0,30.999999999999996,0.0
2025-07-06 20:00:00,89.9223921328616,0.0,33.0,0.0
2025-07-06 20:30:00,86.5013242618937,0.0,31.0,0.0
2025-07-06 21:00:00,83.31698528377301,0.0,32.0,0.0
2025-07-06 21:30:00,95.49389080434841,0.0,32.0,0.0
2025-07-06 22:00:00,95.36982404413267,0.0,34.0,0.0
2025-07-06 22:30:00,95.78480754170917,0.0,33.0,0.0
2025-07-06 23:00:00,82.96516880654109,0.0,35.0,0.0
2025-07-06 23:30:00,92.25858300349498,0.0,33.0,0.0
2025-07-07 00:00:00,88.23945470853252,0.0,32.0,0.0
2025-07-07 00:30:00,101.11047080957903,0.0,32.0,0.0
2025-07-07 01:00:00,98.35933655094252,0.0,31.0,0.0
2025-07-07 01:30:00,96.13801813028425,0.0,31.0,0.0
2025-07-07 02:00:00,109.1953574443273,0.0,32.0,0.0
2025-07-07 02:30:00,87.99160280873122,0.0,30.999999999999996,0.0
2025-07-07 03:00:00,85.58412253873374,0.0,30.0,0.0
2025-07-07 03:30:00,86.87121198702036,0.0,33.0,0.0
2025-07-07 04:00:00,99.84835073619944,0.0,30.999999999999996,0.0
2025-07-07 04:30:00,90.77196972814811,0.0,33.0,0.0
2025-07-07 05:00:00,91.79217569817226,0.0,30.0,0.0
2025-07-07 05:30:00,90.05901099414628,0.0,33.0,0.0
2025-07-07 06:00:00,85.6452913730173,0.0,31.0,0.0
2025-07-07 06:30:00,90.82936520348336,0.0,32.0,0.0
2025-07-07 07:00:00,107.74342369852116,0.0,30.999999999999996,0.0
2025-07-07 07:30:00,338.13376901237956,0.0,111.0,0.0
2025-07-07 08:00:00,581.1229107610957,0.0,263.0,0.0
2025-07-07 08:30:00,802.8809189975537,0.0,350.0,0.0
2025-07-07 09:00:00,798.606682483787,0.0,385.0,0.0
2025-07-07 09:30:00,751.8797357726631,0.0,332.0,0.0
2025-07-07 10:00:00,862.9875499910978,0.0,309.0,0.0
2025-07-07 10:30:00,860.2106744481769,0.0,297.0,0.0
2025-07-07 11:00:00,856.6374647744027,0.0,299.0,0.0
2025-07-07 11:30:00,768.3057360283266,0.0,289.0,0.0
2025-07-07 12:00:00,734.1565460423155,0.0,263.0,0.0
2025-07-07 12:30:00,822.5725809608922,0.0,294.0,0.0
2025-07-07 13:00:00,813.5187344100027,0.0,290.0,0.0
2025-07-07 13:30:00,791.1069248519,0.0,271.0,0.0
2025-07-07 14:00:00,731.4506559902178,0.0,257.0,0.0
2025-07-07 14:30:00,795.3327959891665,0.0,258.0,0.0
2025-07-07 15:00:00,824.9797397556034,0.0,253.00000000000003,0.0
2025-07-07 15:30:00,732.0813011723106,0.0,251.0,0.0
2025-07-07 16:00:00,802.5381585564704,0.0,253.0,0.0
2025-07-07 16:30:00,756.7094845803333,0.0,233.0,0.0
2025-07-07 17:00:00,794.2949253682706,0.0,249.00000000000003,0.0
2025-07-07 17:30:00,813.7148368320452,0.0,257.0,0.0
2025-07-07 18:00:00,743.8712125307533,0.0,258.0,0.0
2025-07-07 18:30:00,670.264043310586,0.0,247.0,0.0
2025-07-07 19:00:00,688.1400847671102,0.0,236.0,0.0
2025-07-07 19:30:00,720.4973348724828,0.0,222.0,0.0
2025-07-07 20:00:00,601.3688273576263,0.0,200.0,0.0
2025-07-07 20:30:00,465.05153739325516,0.0,127.0,0.0
2025-07-07 21:00:00,410.3557480565642,0.0,115.0,0.0
2025-07-07 21:30:00,461.3736546320254,0.0,113.0,0.0
2025-07-07 22:00:00,426.9896067901431,0.0,110.0,0.0
2025-07-07 22:30:00,411.16086084531526,0.0,111.00000000000001,0.0
2025-07-07 23:00:00,408.7238709644923,0.0,108.0,0.0
2025-07-07 23:30:00,393.82790968575995,0.0,92.0,0.0
2025-07-08 00:00:00,625.3019234420623,0.0,163.0,0.0
2025-07-08 00:30:00,642.5524011322009,0.0,156.0,0.0
2025-07-08 01:00:00,634.8763191434398,0.0,164.0,0.0
2025-07-08 01:30:00,556.8677523030171,0.0,158.0,0.0
2025-07-08 02:00:00,628.0194818679474,0.0,162.0,0.0
2025-07-08 02:30:00,675.5235599933761,0.0,166.0,0.0
2025-07-08 03:00:00,622.2582520976047,0.0,165.00000000000003,0.0
2025-07-08 03:30:00,643.589691529333,0.0,157.0,0.0
2025-07-08 04:00:00,586.0646482682679,0.0,159.0,0.0
2025-07-08 04:30:00,563.7931042838075,0.0,164.0,0.0
2025-07-08 05:00:00,609.260292235178,0.0,160.0,0.0
2025-07-08 05:30:00,547.2509678077729,0.0,159.0,0.0
2025-07-08 06:00:00,590.7518057985332,0.0,159.99999999999997,0.0
2025-07-08 06:30:00,638.5414073525773,0.0,152.0,0.0
2025-07-08 07:00:00,552.7019688221867,0.0,161.99999999999997,0.0
2025-07-08 07:30:00,600.319736497031,0.0,176.0,0.0
2025-07-08 08:00:00,648.4863655862933,0.0,208.0,0.0
2025-07-08 08:30:00,789.3330401143237,0.0,244.99999999999997,0.0
2025-07-08 09:00:00,834.8693565575375,0.0,271.0,0.0
2025-07-08 09:30:00,898.0254578260672,0.0,279.0,0.0
2025-07-08 10:00:00,882.534288576355,0.0,291.0,0.0
2025-07-08 10:30:00,893.2147378990886,0.0,320.0,0.0
2025-07-08 11:00:00,885.0982678606986,0.0,320.0,0.0
2025-07-08 11:30:00,879.4988205920246,0.0,314.0,0.0
2025-07-08 12:00:00,816.6670579428901,0.0,304.0,0.0
2025-07-08 12:30:00,886.8694414435806,0.0,314.0,0.0
2025-07-08 13:00:00,788.8271397830695,0.0,318.0,0.0
2025-07-08 13:30:00,871.2104536230279,0.0,315.0,0.0
2025-07-08 14:00:00,904.0656659216659,0.0,319.0,0.0
2025-07-08 14:30:00,861.4274710701985,0.0,320.0,0.0
2025-07-08 15:00:00,831.9151308741313,0.0,316.0,0.0
2025-07-08 15:30:00,881.8645967164106,0.0,328.0,0.0
2025-07-08 16:00:00,743.4587638642179,0.0,327.0,0.0
2025-07-08 16:30:00,834.5649285872819,0.0,304.0,0.0
2025-07-08 17:00:00,864.6813114969262,0.0,326.0,0.0
2025-07-08 17:30:00,850.282128565285,0.0,323.0,0.0
2025-07-08 18:00:00,868.9599901700138,0.0,324.0,0.0
2025-07-08 18:30:00,833.1536123136924,0.0,324.0,0.0
2025-07-08 19:00:00,760.030803883815,0.0,313.0,0.0
2025-07-08 19:30:00,823.3473745662444,0.0,315.0,0.0
2025-07-08 20:00:00,764.1123101673455,0.0,273.0,0.0
2025-07-08 20:30:00,711.0629137743888,0.0,250.00000000000003,0.0
2025-07-08 21:00:00,703.560257281096,0.0,253.0,0.0
2025-07-08 21:30:00,703.3671465406721,0.0,237.0,0.0
2025-07-08 22:00:00,612.2545185010081,0.0,228.0,0.0
2025-07-08 22:30:00,650.0408929971753,0.0,232.0,0.0
2025-07-08 23:00:00,683.7899620602207,0.0,229.0,0.0
2025-07-08 23:30:00,578.3461288667291,0.0,229.0,0.0
2025-07-09 00:00:00,624.3492789933617,0.0,229.99999999999997,0.0
2025-07-09 00:30:00,648.0764596151903,0.0,204.99999999999997,0.0
2025-07-09 01:00:00,665.6025508281335,0.0,210.0,0.0
2025-07-09 01:30:00,596.7511977792608,0.0,209.99999999999997,0.0
2025-07-09 02:00:00,622.8556832212411,0.0,210.0,0.0
2025-07-09 02:30:00,639.1683394722438,0.0,216.0,0.0
2025-07-09 03:00:00,603.0023811350766,0.0,213.0,0.0
2025-07-09 03:30:00,619.4205614773227,0.0,207.0,0.0
2025-07-09 04:00:00,624.3461211518371,0.0,210.0,0.0
2025-07-09 04:30:00,672.5757645723722,0.0,218.99999999999997,0.0
2025-07-09 05:00:00,676.8561772035804,0.0,218.00000000000003,0.0
2025-07-09 05:30:00,615.8924537373795,0.0,215.0,0.0
2025-07-09 06:00:00,621.4995177981881,0.0,213.0,0.0
2025-07-09 06:30:00,649.0860854998696,0.0,212.0,0.0
2025-07-09 07:00:00,614.7408855473996,0.0,214.0,0.0
2025-07-09 07:30:00,689.3385552403959,0.0,233.0,0.0
2025-07-09 08:00:00,705.9036271162739,0.0,251.0,0.0
2025-07-09 08:30:00,806.3170669605036,0.0,304.0,0.0
2025-07-09 09:00:00,799.1558689256492,0.0,315.0,0.0
2025-07-09 09:30:00,924.9473003837334,0.0,315.0,0.0
2025-07-09 10:00:00,851.7856080077739,0.0,310.0,0.0
2025-07-09 10:30:00,940.9334161797456,0.0,356.0,0.0
2025-07-09 11:00:00,850.2290226724871,0.0,358.0,0.0
2025-07-09 11:30:00,863.8270422199695,0.0,343.0,0.0
2025-07-09 12:00:00,949.8973465904338,0.0,344.0,0.0
2025-07-09 12:30:00,809.2852661077508,0.0,360.0,0.0
2025-07-09 13:00:00,770.6371900175167,0.0,368.0,0.0
2025-07-09 13:30:00,908.3520173773545,0.0,364.0,0.0
2025-07-09 14:00:00,827.8504498518905,0.0,359.0,0.0
2025-07-09 14:30:00,892.9245808221822,0.0,366.0,0.0
2025-07-09 15:00:00,869.624672640137,0.0,366.0,0.0
2025-07-09 15:30:00,912.9996606309131,0.0,369.0,0.0
2025-07-09 16:00:00,842.7101792665171,0.0,367.0,0.0
2025-07-09 16:30:00,820.7486809607524,0.0,341.0,0.0
2025-07-09 17:00:00,888.1354796323503,0.0,365.0,0.0
2025-07-09 17:30:00,804.6684566430026,0.0,359.0,0.0
2025-07-09 18:00:00,817.7277897059184,0.0,357.0,0.0
2025-07-09 18:30:00,814.8073340275881,0.0,358.0,0.0
2025-07-09 19:00:00,731.5189600458268,0.0,342.0,0.0
2025-07-09 19:30:00,809.7130890319353,0.0,346.0,0.0
2025-07-09 20:00:00,756.9194228224969,0.0,311.0,0.0
2025-07-09 20:30:00,635.4662237647615,0.0,267.0,0.0
2025-07-09 21:00:00,642.6105891839815,0.0,273.0,0.0
2025-07-09 21:30:00,651.8107477900145,0.0,264.0,0.0
2025-07-09 22:00:00,607.6224421015386,0.0,262.0,0.0
2025-07-09 22:30:00,642.6126756394106,0.0,261.0,0.0
2025-07-09 23:00:00,664.6653737157286,0.0,261.0,0.0
2025-07-09 23:30:00,607.714054759584,0.0,262.0,0.0
2025-07-10 00:00:00,530.9028133436789,0.0,143.0,0.0
2025-07-10 00:30:00,521.0405093502075,0.0,133.0,0.0
2025-07-10 01:00:00,583.1539704144197,0.0,135.0,0.0
2025-07-10 01:30:00,577.4272592483962,0.0,141.0,0.0
2025-07-10 02:00:00,522.2123272981844,0.0,146.0,0.0
2025-07-10 02:30:00,566.502907702034,0.0,144.0,0.0
2025-07-10 03:00:00,532.9725162529048,0.0,146.0,0.0
2025-07-10 03:30:00,545.4221368292482,0.0,142.0,0.0
2025-07-10 04:00:00,541.4183056367307,0.0,138.00000000000003,0.0
2025-07-10 04:30:00,555.5525020875057,0.0,140.0,0.0
2025-07-10 05:00:00,532.4430663268978,0.0,138.99999999999997,0.0
2025-07-10 05:30:00,568.7181330812053,0.0,139.0,0.0
2025-07-10 06:00:00,551.7864374434374,0.0,146.99999999999997,0.0
2025-07-10 06:30:00,553.0478133584068,0.0,145.0,0.0
2025-07-10 07:00:00,524.612769607034,0.0,148.0,0.0
2025-07-10 07:30:00,636.7179873430981,0.0,159.0,0.0
2025-07-10 08:00:00,625.4043259662197,0.0,178.99999999999997,0.0
2025-07-10 08:30:00,756.2626054954876,0.0,220.0,0.0
2025-07-10 09:00:00,720.7384144302421,0.0,252.0,0.0
2025-07-10 09:30:00,767.9836634327628,0.0,322.0,0.0
2025-07-10 10:00:00,855.865474739437,0.0,315.0,0.0
2025-07-10 10:30:00,824.71284118639,0.0,271.0,0.0
2025-07-10 11:00:00,769.9575260187304,0.0,280.0,0.0
2025-07-10 11:30:00,873.3204532420474,0.0,273.0,0.0
2025-07-10 12:00:00,795.8565643879518,0.0,269.0,0.0
2025-07-10 12:30:00,898.5366229708093,0.0,285.0,0.0
2025-07-10 13:00:00,813.5015172684851,0.0,284.0,0.0
2025-07-10 13:30:00,835.6565661804661,0.0,281.0,0.0
2025-07-10 14:00:00,879.159583511918,0.0,274.0,0.0
2025-07-10 14:30:00,812.2577013862889,0.0,278.0,0.0
2025-07-10 15:00:00,804.3637159392755,0.0,277.0,0.0
2025-07-10 15:30:00,846.0649979853317,0.0,286.0,0.0
2025-07-10 16:00:00,905.5758869139306,0.0,284.0,0.0
2025-07-10 16:30:00,758.003721789387,0.0,260.0,0.0
2025-07-10 17:00:00,757.2751587131813,0.0,269.0,0.0
2025-07-10 17:30:00,903.3226019546962,0.0,285.0,0.0
2025-07-10 18:00:00,826.7398583617692,0.0,286.0,0.0
2025-07-10 18:30:00,798.0952245961058,0.0,275.0,0.0
2025-07-10 19:00:00,717.408931491683,0.0,261.0,0.0
2025-07-10 19:30:00,745.4436200936718,0.0,232.99999999999997,0.0
2025-07-10 20:00:00,727.9344709460115,0.0,220.0,0.0
2025-07-10 20:30:00,697.609493994571,0.0,195.0,0.0
2025-07-10 21:00:00,626.3291054103223,0.0,191.0,0.0
2025-07-10 21:30:00,693.4042112414838,0.0,187.0,0.0
2025-07-10 22:00:00,617.4471398530565,0.0,186.0,0.0
2025-07-10 22:30:00,611.6409227405078,0.0,187.0,0.0
2025-07-10 23:00:00,656.9324800479867,0.0,174.0,0.0
2025-07-10 23:30:00,620.5726725181818,0.0,170.0,0.0
2025-07-11 00:00:00,676.3440436233288,0.0,255.99999999999997,0.0
2025-07-11 00:30:00,652.238160047729,0.0,248.0,0.0
2025-07-11 01:00:00,710.1274012271399,0.0,248.0,0.0
2025-07-11 01:30:00,646.5704335938839,0.0,240.0,0.0
2025-07-11 02:00:00,695.2595040841753,0.0,230.0,0.0
2025-07-11 02:30:00,658.7368473249626,0.0,234.0,0.0
2025-07-11 03:00:00,677.8223178882047,0.0,246.0,0.0
2025-07-11 03:30:00,664.3285689781492,0.0,244.99999999999997,0.0
2025-07-11 04:00:00,649.7555100807111,0.0,244.0,0.0
2025-07-11 04:30:00,696.1371610762219,0.0,246.0,0.0
2025-07-11 05:00:00,625.1962209753208,0.0,252.0,0.0
2025-07-11 05:30:00,613.4693283038442,0.0,257.0,0.0
2025-07-11 06:00:00,682.915172391182,0.0,248.0,0.0
2025-07-11 06:30:00,656.3828474074562,0.0,233.0,0.0
2025-07-11 07:00:00,684.6749419696209,0.0,239.0,0.0
2025-07-11 07:30:00,703.8931630606806,0.0,254.0,0.0
2025-07-11 08:00:00,675.7926434078886,0.0,252.0,0.0
2025-07-11 08:30:00,787.3259074286018,0.0,260.0,0.0
2025-07-11 09:00:00,817.2441441397044,0.0,282.0,0.0
2025-07-11 09:30:00,800.1454213252129,0.0,282.0,0.0
2025-07-11 10:00:00,807.3305848496551,0.0,282.0,0.0
2025-07-11 10:30:00,921.8830706694008,0.0,293.0,0.0
2025-07-11 11:00:00,748.0531870717883,0.0,290.0,0.0
2025-07-11 11:30:00,817.8390464208809,0.0,275.0,0.0
2025-07-11 12:00:00,705.0061516346118,0.0,263.0,0.0
2025-07-11 12:30:00,802.6228389153372,0.0,289.0,0.0
2025-07-11 13:00:00,803.3267731557671,0.0,319.0,0.0
2025-07-11 13:30:00,744.5730964475392,0.0,330.0,0.0
2025-07-11 14:00:00,865.9326209845171,0.0,366.0,0.0
2025-07-11 14:30:00,842.1868661804,0.0,368.0,0.0
2025-07-11 15:00:00,779.2394487019665,0.0,367.0,0.0
2025-07-11 15:30:00,910.3244331252463,0.0,362.0,0.0
2025-07-11 16:00:00,937.4171251819901,0.0,362.0,0.0
2025-07-11 16:30:00,888.8207977352151,0.0,352.0,0.0
2025-07-11 17:00:00,873.9082052149644,0.0,363.0,0.0
2025-07-11 17:30:00,857.4400677904283,0.0,374.0,0.0
2025-07-11 18:00:00,832.5765859315989,0.0,347.0,0.0
2025-07-11 18:30:00,528.865859221823,0.0,181.0,0.0
2025-07-11 19:00:00,451.4447278464777,0.0,140.0,0.0
2025-07-11 19:30:00,389.793202190395,0.0,128.0,0.0
2025-07-11 20:00:00,408.0671660349414,0.0,127.00000000000001,0.0
2025-07-11 20:30:00,394.2987059395259,0.0,122.0,0.0
2025-07-11 21:00:00,345.39899299419966,0.0,120.00000000000001,0.0
2025-07-11 21:30:00,390.739625631501,0.0,119.0,0.0
2025-07-11 22:00:00,563.5178296931915,0.0,193.0,0.0
2025-07-11 22:30:00,604.5437302963052,0.0,246.0,0.0
2025-07-11 23:00:00,643.0535648433955,0.0,250.0,0.0
2025-07-11 23:30:00,612.5615535167713,0.0,251.0,0.0
2025-07-12 00:00:00,663.4495049653998,0.0,316.0,0.0
2025-07-12 00:30:00,641.6749844719751,0.0,305.0,0.0
2025-07-12 01:00:00,635.3564689105251,0.0,317.0,0.0
2025-07-12 01:30:00,709.5170909684686,0.0,318.0,0.0
2025-07-12 02:00:00,618.8838708372713,0.0,321.0,0.0
2025-07-12 02:30:00,640.1549245899548,0.0,317.0,0.0
2025-07-12 03:00:00,634.1520448345292,0.0,320.00000000000006,0.0
2025-07-12 03:30:00,620.0448751289646,0.0,322.0,0.0
2025-07-12 04:00:00,617.5994392671926,0.0,319.0,0.0
2025-07-12 04:30:00,628.5380496855811,0.0,324.99999999999994,0.0
2025-07-12 05:00:00,652.7495882578485,0.0,323.0,0.0
2025-07-12 05:30:00,663.9390431581029,0.0,323.0,0.0
2025-07-12 06:00:00,603.9120448662189,0.0,315.0,0.0
2025-07-12 06:30:00,598.1176996758159,0.0,305.0,0.0
2025-07-12 07:00:00,571.0926107591271,0.0,310.0,0.0
2025-07-12 07:30:00,605.0887929592633,0.0,309.0,0.0
2025-07-12 08:00:00,480.9021168831348,0.0,267.0,0.0
2025-07-12 08:30:00,368.5171010632679,0.0,182.0,0.0
2025-07-12 09:00:00,369.01869285745,0.0,161.0,0.0
2025-07-12 09:30:00,327.25013295232696,0.0,147.0,0.0
2025-07-12 10:00:00,282.3728378662669,0.0,147.0,0.0
2025-07-12 10:30:00,310.41385213127916,0.0,146.0,0.0
2025-07-12 11:00:00,340.9626827815519,0.0,140.0,0.0
2025-07-12 11:30:00,326.94806898960405,0.0,137.0,0.0
2025-07-12 12:00:00,328.24501389132155,0.0,141.0,0.0
2025-07-12 12:30:00,337.37820512827875,0.0,147.0,0.0
2025-07-12 13:00:00,316.5462589967059,0.0,149.0,0.0
2025-07-12 13:30:00,298.9471390285928,0.0,125.0,0.0
2025-07-12 14:00:00,274.67203287437496,0.0,100.0,0.0
2025-07-12 14:30:00,271.71146821580413,0.0,100.0,0.0
2025-07-12 15:00:00,257.02980055931647,0.0,102.0,0.0
2025-07-12 15:30:00,269.2074779427384,0.0,108.0,0.0
2025-07-12 16:00:00,252.60048103352864,0.0,104.0,0.0
2025-07-12 16:30:00,245.8861834830838,0.0,104.0,0.0
2025-07-12 17:00:00,276.2403249919719,0.0,107.0,0.0
2025-07-12 17:30:00,256.2505023747282,0.0,107.0,0.0
2025-07-12 18:00:00,235.34480896103526,0.0,102.0,0.0
2025-07-12 18:30:00,163.61606818717183,0.0,69.0,0.0
2025-07-12 19:00:00,102.94000076099688,0.0,46.0,0.0
2025-07-12 19:30:00,107.1187914239936,0.0,47.0,0.0
2025-07-12 20:00:00,102.83918130024061,0.0,41.0,0.0
2025-07-12 20:30:00,70.58669441507556,0.0,22.0,0.0
2025-07-12 21:00:00,62.80280116948561,0.0,23.0,0.0
2025-07-12 21:30:00,66.94172038117458,0.0,21.0,0.0
2025-07-12 22:00:00,75.90040272067957,0.0,23.0,0.0
2025-07-12 22:30:00,68.94502483488382,0.0,22.0,0.0
2025-07-12 23:00:00,60.65900452044997,0.0,20.0,0.0
2025-07-12 23:30:00,72.96953193511334,0.0,23.0,0.0
2025-07-13 00:00:00,63.75649488689067,0.0,22.0,0.0
2025-07-13 00:30:00,65.59473345434503,0.0,22.0,0.0
2025-07-13 01:00:00,72.73291005273569,0.0,23.0,0.0
2025-07-13 01:30:00,61.58650981578697,0.0,24.0,0.0
2025-07-13 02:00:00,69.02303486409292,0.0,23.0,0.0
2025-07-13 02:30:00,62.307379265024174,0.0,23.0,0.0
2025-07-13 03:00:00,63.95601583593869,0.0,20.0,0.0
2025-07-13 03:30:00,64.8536029769086,0.0,23.0,0.0
2025-07-13 04:00:00,59.62046567820445,0.0,20.0,0.0
2025-07-13 04:30:00,59.54190786450194,0.0,20.0,0.0
2025-07-13 05:00:00,63.4854533744785,0.0,18.0,0.0
2025-07-13 05:30:00,67.8575831086218,0.0,22.0,0.0
2025-07-13 06:00:00,61.21034762607781,0.0,20.0,0.0
2025-07-13 06:30:00,62.8395242999937,0.0,20.0,0.0
2025-07-13 07:00:00,64.40834600155726,0.0,21.0,0.0
2025-07-13 07:30:00,56.69506186580789,0.0,21.0,0.0
2025-07-13 08:00:00,60.74655935714145,0.0,23.0,0.0
2025-07-13 08:30:00,66.23674006329558,0.0,21.0,0.0
2025-07-13 09:00:00,70.77195394138754,0.0,22.0,0.0
2025-07-13 09:30:00,64.41543799448817,0.0,23.0,0.0
2025-07-13 10:00:00,63.159479617008614,0.0,22.0,0.0
2025-07-13 10:30:00,70.27179602646977,0.0,24.0,0.0
2025-07-13 11:00:00,69.39007419498415,0.0,23.0,0.0
2025-07-13 11:30:00,66.84251071530437,0.0,24.0,0.0
2025-07-13 12:00:00,67.29553936742222,0.0,25.0,0.0
2025-07-13 12:30:00,69.50091619111075,0.0,24.0,0.0
2025-07-13 13:00:00,66.80628271316007,0.0,25.0,0.0
2025-07-13 13:30:00,68.25949431876168,0.0,26.0,0.0
2025-07-13 14:00:00,68.9876615631432,0.0,24.0,0.0
2025-07-13 14:30:00,73.16034834726315,0.0,24.999999999999996,0.0
2025-07-13 15:00:00,67.58327612192238,0.0,24.0,0.0
2025-07-13 15:30:00,63.270211342054125,0.0,26.0,0.0
2025-07-13 16:00:00,62.09840429654247,0.0,24.0,0.0
2025-07-13 16:30:00,64.35517552893114,0.0,25.0,0.0
2025-07-13 17:00:00,62.283211995239604,0.0,23.0,0.0
2025-07-13 17:30:00,66.14468234151984,0.0,24.0,0.0
2025-07-13 18:00:00,61.74750089581587,0.0,27.0,0.0
2025-07-13 18:30:00,62.36869596985787,0.0,27.0,0.0
2025-07-13 19:00:00,61.16724575692961,0.0,25.0,0.0
2025-07-13 19:30:00,66.17954165282082,0.0,24.000000000000004,0.0
2025-07-13 20:00:00,69.99112046822465,0.0,24.0,0.0
2025-07-13 20:30:00,69.90969966883816,0.0,23.999999999999996,0.0
2025-07-13 21:00:00,68.7353884120578,0.0,25.0,0.0
2025-07-13 21:30:00,66.11011757965474,0.0,23.0,0.0
2025-07-13 22:00:00,67.19227905715655,0.0,24.0,0.0
2025-07-13 22:30:00,68.77893018108243,0.0,25.0,0.0
2025-07-13 23:00:00,69.64653605968748,0.0,22.0,0.0
2025-07-13 23:30:00,63.6349108521667,0.0,24.0,0.0
2025-07-14 00:00:00,74.89931213832385,0.0,23.0,0.0
2025-07-14 00:30:00,74.41598453295298,0.0,22.02127659574468,0.0
2025-07-14 01:00:00,72.7633807704055,0.0,21.042553191489365,0.0
2025-07-14 01:30:00,78.60938360890785,0.0,23.808510638297868,0.0
2025-07-14 02:00:00,69.94427427323912,0.0,23.085106382978722,0.0
2025-07-14 02:30:00,72.91258707343489,0.0,23.0,0.0
2025-07-14 03:00:00,78.20744756427943,0.0,24.74468085106383,0.0
2025-07-14 03:30:00,72.59097202500438,0.0,24.148936170212767,0.0
2025-07-14 04:00:00,68.72788932745812,0.0,23.170212765957448,0.0
2025-07-14 04:30:00,78.08228403485063,0.0,23.0,0.0
2025-07-14 05:00:00,79.16396554435094,0.0,24.574468085106382,0.0
2025-07-14 05:30:00,74.57185290903809,0.0,23.46808510638298,0.0
2025-07-14 06:00:00,66.73393264948307,0.0,23.0,0.0
2025-07-14 06:30:00,75.57612874662897,0.0,23.0,0.0
2025-07-14 07:00:00,65.38406056334466,0.0,22.297872340425535,0.0
2025-07-14 07:30:00,71.09332843022452,0.0,22.0,0.0
2025-07-14 08:00:00,67.23424241720437,0.0,22.659574468085104,0.0
2025-07-14 08:30:00,64.77808449829912,0.0,20.446808510638306,0.0
2025-07-14 09:00:00,66.17479745721087,0.0,19.617021276595743,0.0
2025-07-14 09:30:00,67.04981271782837,0.0,19.404255319148938,0.0
2025-07-14 10:00:00,64.92879751140046,0.0,19.0,0.0
2025-07-14 10:30:00,70.34765658401216,0.0,19.0,0.0
2025-07-14 11:00:00,66.03466381163716,0.0,19.53191489361702,0.0
2025-07-14 11:30:00,69.408497628528,0.0,18.97872340425532,0.0
2025-07-14 12:00:00,68.59955793265972,0.0,18.97872340425532,0.0
2025-07-14 12:30:00,66.28458855254829,0.0,20.0,0.0
2025-07-14 13:00:00,64.4111494121202,0.0,19.5531914893617,0.0
2025-07-14 13:30:00,61.03086057871558,0.0,19.0,0.0
2025-07-14 14:00:00,68.6536957073124,0.0,19.0,0.0
2025-07-14 14:30:00,66.47025303387503,0.0,19.382978723404253,0.0
2025-07-14 15:00:00,58.999698978067,0.0,19.276595744680854,0.0
2025-07-14 15:30:00,64.89537608222821,0.0,18.340425531914892,0.0
2025-07-14 16:00:00,65.89366758444997,0.0,19.319148936170212,0.0
2025-07-14 16:30:00,74.85589529209602,0.0,20.297872340425528,0.0
2025-07-14 17:00:00,63.08823539231777,0.0,21.276595744680847,0.0
2025-07-14 17:30:00,64.42832502310625,0.0,21.489361702127667,0.0
2025-07-14 18:00:00,72.99063950492476,0.0,20.468085106382972,0.0
2025-07-14 18:30:00,75.0372145533577,0.0,21.361702127659587,0.0
2025-07-14 19:00:00,66.49412881200547,0.0,19.0,0.0
2025-07-14 19:30:00,68.29909497110273,0.0,18.65957446808511,0.0
2025-07-14 20:00:00,72.45751387441184,0.0,17.297872340425528,0.0
2025-07-14 20:30:00,65.0372127951244,0.0,19.0,0.0
2025-07-14 21:00:00,65.85525192069818,0.0,19.0,0.0
2025-07-14 21:30:00,71.04243395320961,0.0,19.085106382978722,0.0
2025-07-14 22:00:00,81.55074651026155,0.0,20.06382978723404,0.0
2025-07-14 22:30:00,73.06963429326355,0.0,20.95744680851064,0.0
2025-07-14 23:00:00,74.08050566766818,0.0,19.95744680851064,0.0
2025-07-14 23:30:00,76.84245779504275,0.0,18.0,0.0
2025-07-15 00:00:00,657.9887460999378,0.0,172.99999999999997,0.0
2025-07-15 00:30:00,660.6812441762027,0.0,161.0,0.0
2025-07-15 01:00:00,612.4215510763792,0.0,157.0,0.0
2025-07-15 01:30:00,607.4021389341224,0.0,173.0,0.0
2025-07-15 02:00:00,680.4067841054207,0.0,179.00000000000003,0.0
2025-07-15 02:30:00,671.5298155039551,0.0,181.0,0.0
2025-07-15 03:00:00,650.2169442641817,0.0,175.0,0.0
2025-07-15 03:30:00,672.464586670854,0.0,172.0,0.0
2025-07-15 04:00:00,750.7903496936018,0.0,174.0,0.0
2025-07-15 04:30:00,725.9790426980747,0.0,181.0,0.0
2025-07-15 05:00:00,711.1467856497893,0.0,181.0,0.0
2025-07-15 05:30:00,701.044129473614,0.0,182.99999999999997,0.0
2025-07-15 06:00:00,719.1646117693872,0.0,175.0,0.0
2025-07-15 06:30:00,629.2524683461443,0.0,166.0,0.0
2025-07-15 07:00:00,597.20857106122,0.0,173.0,0.0
2025-07-15 07:30:00,713.3396734019191,0.0,190.0,0.0
2025-07-15 08:00:00,819.7742696167621,0.0,227.99999999999997,0.0
2025-07-15 08:30:00,783.2354402380513,0.0,232.99999999999997,0.0
2025-07-15 09:00:00,852.931678614246,0.0,290.0,0.0
2025-07-15 09:30:00,874.6338682966098,0.0,314.0,0.0
2025-07-15 10:00:00,982.6964918823606,0.0,315.0,0.0
2025-07-15 10:30:00,960.8762301979548,0.0,318.0,0.0
2025-07-15 11:00:00,910.4541455720199,0.0,309.0,0.0
2025-07-15 11:30:00,889.3477998309681,0.0,296.0,0.0
2025-07-15 12:00:00,794.3977032439407,0.0,262.0,0.0
2025-07-15 12:30:00,833.320875882661,0.0,282.0,0.0
2025-07-15 13:00:00,765.8194320185931,0.0,290.0,0.0
2025-07-15 13:30:00,734.0610989396466,0.0,290.0,0.0
2025-07-15 14:00:00,844.5906505784117,0.0,286.0,0.0
2025-07-15 14:30:00,836.4846289725208,0.0,283.0,0.0
2025-07-15 15:00:00,878.2756457784949,0.0,283.0,0.0
2025-07-15 15:30:00,897.6264259788195,0.0,304.0,0.0
2025-07-15 16:00:00,919.3564754276251,0.0,356.0,0.0
2025-07-15 16:30:00,766.7202470223887,0.0,336.0,0.0
2025-07-15 17:00:00,789.7996501250892,0.0,345.0,0.0
2025-07-15 17:30:00,826.3712486716657,0.0,349.0,0.0
2025-07-15 18:00:00,919.3918384705919,0.0,358.0,0.0
2025-07-15 18:30:00,863.4570277908921,0.0,356.0,0.0
2025-07-15 19:00:00,846.8244680046491,0.0,380.0,0.0
2025-07-15 19:30:00,806.1992005112353,0.0,380.0,0.0
2025-07-15 20:00:00,734.668196574893,0.0,352.0,0.0
2025-07-15 20:30:00,734.8878936775975,0.0,339.0,0.0
2025-07-15 21:00:00,658.5474582477538,0.0,338.00000000000006,0.0
2025-07-15 21:30:00,691.5855622429178,0.0,343.0,0.0
2025-07-15 22:00:00,709.9720254978099,0.0,342.0,0.0
2025-07-15 22:30:00,744.7719273219793,0.0,320.0,0.0
2025-07-15 23:00:00,649.8174999613512,0.0,312.0,0.0
2025-07-15 23:30:00,573.7711769340976,0.0,312.0,0.0
2025-07-16 00:00:00,586.8214948646308,0.0,314.0,0.0
2025-07-16 00:30:00,660.586075755556,0.0,301.0,0.0
2025-07-16 01:00:00,639.7569315170808,0.0,303.0,0.0
2025-07-16 01:30:00,678.9142781190366,0.0,301.0,0.0
2025-07-16 02:00:00,652.2793451437941,0.0,306.0,0.0
2025-07-16 02:30:00,651.922216154969,0.0,307.0,0.0
2025-07-16 03:00:00,665.3307826552003,0.0,311.0,0.0
2025-07-16 03:30:00,678.3498306790548,0.0,313.0,0.0
2025-07-16 04:00:00,731.2566544738539,0.0,317.0,0.0
2025-07-16 04:30:00,710.6130351971451,0.0,321.0,0.0
2025-07-16 05:00:00,627.8801835029403,0.0,322.0,0.0
2025-07-16 05:30:00,675.2918898651163,0.0,311.0,0.0
2025-07-16 06:00:00,689.6985270978313,0.0,315.0,0.0
2025-07-16 06:30:00,678.8468717228678,0.0,308.0,0.0
2025-07-16 07:00:00,635.5774962925964,0.0,311.0,0.0
2025-07-16 07:30:00,719.3223843863864,0.0,321.0,0.0
2025-07-16 08:00:00,750.3642037359085,0.0,346.0,0.0
2025-07-16 08:30:00,876.5924284060011,0.0,342.0,0.0
2025-07-16 09:00:00,824.3619256468937,0.0,288.0,0.0
2025-07-16 09:30:00,838.6885827997953,0.0,308.0,0.0
2025-07-16 10:00:00,835.4144299643287,0.0,305.0,0.0
2025-07-16 10:30:00,866.0292838708538,0.0,323.0,0.0
2025-07-16 11:00:00,861.7931792582857,0.0,336.0,0.0
2025-07-16 11:30:00,789.5297924758727,0.0,312.0,0.0
2025-07-16 12:00:00,856.6373355922431,0.0,292.0,0.0
2025-07-16 12:30:00,918.5867557392568,0.0,315.0,0.0
2025-07-16 13:00:00,850.1346521400842,0.0,295.0,0.0
2025-07-16 13:30:00,942.6839740527553,0.0,284.0,0.0
2025-07-16 14:00:00,887.3730701600086,0.0,288.0,0.0
2025-07-16 14:30:00,969.8276644926925,0.0,305.0,0.0
2025-07-16 15:00:00,903.4871283342484,0.0,299.0,0.0
2025-07-16 15:30:00,927.6290079899557,0.0,301.0,0.0
2025-07-16 16:00:00,886.8720708781765,0.0,292.0,0.0
2025-07-16 16:30:00,896.751731470149,0.0,272.0,0.0
2025-07-16 17:00:00,828.4907986146194,0.0,263.0,0.0
2025-07-16 17:30:00,853.9196290007491,0.0,257.0,0.0
2025-07-16 18:00:00,852.6263451007923,0.0,261.0,0.0
2025-07-16 18:30:00,826.2165150225934,0.0,278.0,0.0
2025-07-16 19:00:00,850.1225758621994,0.0,271.0,0.0
2025-07-16 19:30:00,925.217280476778,0.0,272.0,0.0
2025-07-16 20:00:00,782.1307892229814,0.0,249.00000000000003,0.0
2025-07-16 20:30:00,720.7969009852733,0.0,213.00000000000003,0.0
2025-07-16 21:00:00,743.9478610541024,0.0,208.00000000000003,0.0
2025-07-16 21:30:00,743.0376223186296,0.0,208.00000000000003,0.0
2025-07-16 22:00:00,679.1176083517244,0.0,198.0,0.0
2025-07-16 22:30:00,602.2855153289422,0.0,187.0,0.0
2025-07-16 23:00:00,696.2548268536543,0.0,185.99999999999997,0.0
2025-07-16 23:30:00,606.9915877591262,0.0,192.0,0.0
2025-07-17 00:00:00,652.2899882847561,0.0,175.0,0.0
2025-07-17 00:30:00,641.3879101267779,0.0,163.0,0.0
2025-07-17 01:00:00,610.6176346981158,0.0,169.99999999999997,0.0
2025-07-17 01:30:00,615.2022744386464,0.0,176.0,0.0
2025-07-17 02:00:00,694.287249058528,0.0,170.0,0.0
2025-07-17 02:30:00,610.7729478858754,0.0,170.00000000000003,0.0
2025-07-17 03:00:00,616.4888509076968,0.0,171.0,0.0
2025-07-17 03:30:00,649.1684248841954,0.0,173.0,0.0
2025-07-17 04:00:00,633.4305283683983,0.0,171.99999999999997,0.0
2025-07-17 04:30:00,619.159836554602,0.0,178.0,0.0
2025-07-17 05:00:00,621.6242827843678,0.0,174.0,0.0
2025-07-17 05:30:00,668.98008761459,0.0,170.0,0.0
2025-07-17 06:00:00,617.4423945942943,0.0,177.0,0.0
2025-07-17 06:30:00,557.1943869469284,0.0,158.0,0.0
2025-07-17 07:00:00,651.4822023589508,0.0,160.0,0.0
2025-07-17 07:30:00,697.4963099916349,0.0,192.0,0.0
2025-07-17 08:00:00,646.8967781834374,0.0,203.0,0.0
2025-07-17 08:30:00,693.8550220014506,0.0,216.99999999999997,0.0
2025-07-17 09:00:00,767.2208546743836,0.0,248.0,0.0
2025-07-17 09:30:00,820.8985021403761,0.0,271.0,0.0
2025-07-17 10:00:00,863.6440839556194,0.0,310.0,0.0
2025-07-17 10:30:00,793.8940139130692,0.0,285.0,0.0
2025-07-17 11:00:00,821.6828364686588,0.0,269.0,0.0
2025-07-17 11:30:00,837.3640338704032,0.0,259.0,0.0
2025-07-17 12:00:00,664.6402614949108,0.0,231.0,0.0
2025-07-17 12:30:00,818.9609813417851,0.0,250.99999999999997,0.0
2025-07-17 13:00:00,726.9689782692348,0.0,262.0,0.0
2025-07-17 13:30:00,774.1813924043597,0.0,255.00000000000003,0.0
2025-07-17 14:00:00,827.1681167357722,0.0,276.0,0.0
2025-07-17 14:30:00,878.4365805343624,0.0,278.0,0.0
2025-07-17 15:00:00,841.6733834816854,0.0,264.0,0.0
2025-07-17 15:30:00,711.9574641341087,0.0,270.0,0.0
2025-07-17 16:00:00,786.9689735431028,0.0,275.0,0.0
2025-07-17 16:30:00,779.006189018773,0.0,252.0,0.0
2025-07-17 17:00:00,780.1197422857415,0.0,267.0,0.0
2025-07-17 17:30:00,842.8072636099643,0.0,273.0,0.0
2025-07-17 18:00:00,876.6356142362023,0.0,282.0,0.0
2025-07-17 18:30:00,839.866537840587,0.0,276.0,0.0
2025-07-17 19:00:00,798.3441132053986,0.0,272.0,0.0
2025-07-17 19:30:00,717.8230650747796,0.0,260.0,0.0
2025-07-17 20:00:00,702.7427162161762,0.0,226.0,0.0
2025-07-17 20:30:00,654.701885590446,0.0,193.0,0.0
2025-07-17 21:00:00,657.9484330711324,0.0,204.0,0.0
2025-07-17 21:30:00,702.2266979891481,0.0,203.0,0.0
2025-07-17 22:00:00,706.3796133515273,0.0,202.0,0.0
2025-07-17 22:30:00,674.8941034491522,0.0,203.0,0.0
2025-07-17 23:00:00,557.641984121798,0.0,197.0,0.0
2025-07-17 23:30:00,608.8740102678868,0.0,196.0,0.0
2025-07-18 00:00:00,675.856233808965,0.0,165.0,0.0
2025-07-18 00:30:00,597.7756812586724,0.0,156.0,0.0
2025-07-18 01:00:00,557.8102126754007,0.0,167.0,0.0
2025-07-18 01:30:00,587.1405752013493,0.0,166.99999999999997,0.0
2025-07-18 02:00:00,565.2501192201604,0.0,169.0,0.0
2025-07-18 02:30:00,612.5904916559175,0.0,165.0,0.0
2025-07-18 03:00:00,610.3400924006664,0.0,163.99999999999997,0.0
2025-07-18 03:30:00,603.6428353807194,0.0,166.0,0.0
2025-07-18 04:00:00,681.3812341985265,0.0,166.0,0.0
2025-07-18 04:30:00,627.8227992602348,0.0,162.0,0.0
2025-07-18 05:00:00,636.3741240898482,0.0,165.0,0.0
2025-07-18 05:30:00,587.4182812039435,0.0,169.0,0.0
2025-07-18 06:00:00,579.5640825246214,0.0,164.0,0.0
2025-07-18 06:30:00,598.0084785232981,0.0,157.0,0.0
2025-07-18 07:00:00,606.1484320287003,0.0,156.0,0.0
2025-07-18 07:30:00,583.6552413532786,0.0,172.99999999999997,0.0
2025-07-18 08:00:00,669.59841738654,0.0,204.00000000000003,0.0
2025-07-18 08:30:00,775.2150610219809,0.0,233.0,0.0
2025-07-18 09:00:00,809.299323374132,0.0,269.0,0.0
2025-07-18 09:30:00,776.1079511253707,0.0,272.0,0.0
2025-07-18 10:00:00,795.0475599102028,0.0,274.0,0.0
2025-07-18 10:30:00,819.875192183426,0.0,355.0,0.0
2025-07-18 11:00:00,848.193395396769,0.0,371.0,0.0
2025-07-18 11:30:00,856.3660453581755,0.0,294.0,0.0
2025-07-18 12:00:00,848.4728409649651,0.0,280.0,0.0
2025-07-18 12:30:00,824.9672797283935,0.0,295.0,0.0
2025-07-18 13:00:00,792.5321820132281,0.0,298.0,0.0
2025-07-18 13:30:00,830.8417972683534,0.0,297.0,0.0
2025-07-18 14:00:00,850.3725449837372,0.0,298.0,0.0
2025-07-18 14:30:00,820.1004888399538,0.0,294.0,0.0
2025-07-18 15:00:00,886.1281507752523,0.0,297.0,0.0
2025-07-18 15:30:00,885.7161339329228,0.0,295.0,0.0
2025-07-18 16:00:00,908.5694907058198,0.0,298.0,0.0
2025-07-18 16:30:00,896.341242718321,0.0,283.0,0.0
2025-07-18 17:00:00,789.4229697431196,0.0,298.0,0.0
2025-07-18 17:30:00,859.096580635598,0.0,315.0,0.0
2025-07-18 18:00:00,825.635300845941,0.0,304.0,0.0
2025-07-18 18:30:00,804.0378278312867,0.0,294.0,0.0
2025-07-18 19:00:00,761.248321373997,0.0,279.0,0.0
2025-07-18 19:30:00,727.4137544550545,0.0,273.0,0.0
2025-07-18 20:00:00,737.6725868417858,0.0,246.0,0.0
2025-07-18 20:30:00,645.8466960632322,0.0,218.0,0.0
2025-07-18 21:00:00,673.5235333964293,0.0,209.99999999999997,0.0
2025-07-18 21:30:00,643.0442311586098,0.0,214.0,0.0
2025-07-18 22:00:00,618.4947802905898,0.0,210.99999999999997,0.0
2025-07-18 22:30:00,645.7978664697891,0.0,201.0,0.0
2025-07-18 23:00:00,651.2777837463859,0.0,198.0,0.0
2025-07-18 23:30:00,663.0438858339892,0.0,193.0,0.0
2025-07-19 00:00:00,674.9411492802425,0.0,193.0,0.0
2025-07-19 00:30:00,701.6540530383169,0.0,167.0,0.0
2025-07-19 01:00:00,646.0726782804494,0.0,178.99999999999997,0.0
2025-07-19 01:30:00,674.3227942627458,0.0,183.0,0.0
2025-07-19 02:00:00,616.7039570855272,0.0,167.0,0.0
2025-07-19 02:30:00,632.061976557543,0.0,207.0,0.0
2025-07-19 03:00:00,652.4004016590699,0.0,214.0,0.0
2025-07-19 03:30:00,661.1196870320273,0.0,213.0,0.0
2025-07-19 04:00:00,646.4520021444599,0.0,213.0,0.0
2025-07-19 04:30:00,669.9172271322362,0.0,212.00000000000003,0.0
2025-07-19 05:00:00,616.1902063626379,0.0,203.0,0.0
2025-07-19 05:30:00,614.8065778414976,0.0,205.0,0.0
2025-07-19 06:00:00,712.0083249568353,0.0,204.0,0.0
2025-07-19 06:30:00,636.4837628014363,0.0,203.0,0.0
2025-07-19 07:00:00,631.9093520713261,0.0,209.0,0.0
2025-07-19 07:30:00,647.3599475242977,0.0,224.00000000000003,0.0
2025-07-19 08:00:00,672.7138703570009,0.0,240.0,0.0
2025-07-19 08:30:00,815.175796154962,0.0,251.00000000000003,0.0
2025-07-19 09:00:00,830.9599173420509,0.0,269.0,0.0
2025-07-19 09:30:00,843.6383981671415,0.0,265.0,0.0
2025-07-19 10:00:00,841.6787907825652,0.0,271.0,0.0
2025-07-19 10:30:00,890.9462519774656,0.0,284.0,0.0
2025-07-19 11:00:00,799.9070030768382,0.0,272.0,0.0
2025-07-19 11:30:00,801.8185400222635,0.0,274.0,0.0
2025-07-19 12:00:00,810.9336491260605,0.0,255.99999999999997,0.0
2025-07-19 12:30:00,865.5699053059509,0.0,276.0,0.0
2025-07-19 13:00:00,844.0237488489962,0.0,278.0,0.0
2025-07-19 13:30:00,807.2791147049273,0.0,301.0,0.0
2025-07-19 14:00:00,868.785203125312,0.0,317.0,0.0
2025-07-19 14:30:00,825.5973346812382,0.0,341.0,0.0
2025-07-19 15:00:00,836.1129536725444,0.0,364.0,0.0
2025-07-19 15:30:00,817.9807949513081,0.0,360.0,0.0
2025-07-19 16:00:00,898.2165946667845,0.0,357.0,0.0
2025-07-19 16:30:00,812.7504745010673,0.0,337.0,0.0
2025-07-19 17:00:00,835.5633888738419,0.0,353.0,0.0
2025-07-19 17:30:00,892.7228350707212,0.0,366.0,0.0
2025-07-19 18:00:00,885.9178272307267,0.0,341.0,0.0
2025-07-19 18:30:00,451.6815159769907,0.0,206.0,0.0
2025-07-19 19:00:00,440.63852814756484,0.0,193.0,0.0
2025-07-19 19:30:00,461.05396753536684,0.0,198.0,0.0
2025-07-19 20:00:00,492.2201070164641,0.0,210.0,0.0
2025-07-19 20:30:00,568.5713173676274,0.0,242.0,0.0
2025-07-19 21:00:00,632.7357428886697,0.0,267.0,0.0
2025-07-19 21:30:00,595.6966297733118,0.0,266.0,0.0
2025-07-19 22:00:00,637.7170961671571,0.0,265.0,0.0
2025-07-19 22:30:00,629.8438959743943,0.0,269.0,0.0
2025-07-19 23:00:00,632.9866719131855,0.0,263.0,0.0
2025-07-19 23:30:00,629.669294379101,0.0,262.0,0.0
2025-07-20 00:00:00,85.45235666426225,0.0,25.0,0.0
2025-07-20 00:30:00,80.89785042135402,0.0,28.000000000000004,0.0
2025-07-20 01:00:00,87.54813988332035,0.0,23.999999999999996,0.0
2025-07-20 01:30:00,90.23868301485982,0.0,27.0,0.0
2025-07-20 02:00:00,87.08710130761035,0.0,25.0,0.0
2025-07-20 02:30:00,85.44098575924268,0.0,28.0,0.0
2025-07-20 03:00:00,83.84121167505548,0.0,28.0,0.0
2025-07-20 03:30:00,83.14853880099413,0.0,28.0,0.0
2025-07-20 04:00:00,87.8581164181397,0.0,28.0,0.0
2025-07-20 04:30:00,86.68748380471584,0.0,27.999999999999996,0.0
2025-07-20 05:00:00,88.5517166961937,0.0,28.0,0.0
2025-07-20 05:30:00,85.39940871525992,0.0,28.0,0.0
2025-07-20 06:00:00,88.31319667737385,0.0,29.0,0.0
2025-07-20 06:30:00,86.25603844772093,0.0,30.0,0.0
2025-07-20 07:00:00,89.21827631399526,0.0,30.0,0.0
2025-07-20 07:30:00,87.48005364199176,0.0,29.0,0.0
2025-07-20 08:00:00,80.4578266294127,0.0,30.999999999999996,0.0
2025-07-20 08:30:00,78.08854167880732,0.0,33.0,0.0
2025-07-20 09:00:00,92.47544308444246,0.0,31.0,0.0
2025-07-20 09:30:00,87.97466886748335,0.0,31.000000000000004,0.0
2025-07-20 10:00:00,79.41398775586035,0.0,31.0,0.0
2025-07-20 10:30:00,84.7338340389696,0.0,33.0,0.0
2025-07-20 11:00:00,94.40816865882087,0.0,33.0,0.0
2025-07-20 11:30:00,90.6247451225288,0.0,34.0,0.0
2025-07-20 12:00:00,88.57268084919457,0.0,33.0,0.0
2025-07-20 12:30:00,97.26700805512245,0.0,33.0,0.0
2025-07-20 13:00:00,86.14007991968559,0.0,34.0,0.0
2025-07-20 13:30:00,88.24208624443766,0.0,34.0,0.0
2025-07-20 14:00:00,94.9227765800642,0.0,35.0,0.0
2025-07-20 14:30:00,95.76377158839107,0.0,35.0,0.0
2025-07-20 15:00:00,98.33120570724967,0.0,35.0,0.0
2025-07-20 15:30:00,101.37768204007027,0.0,36.0,0.0
2025-07-20 16:00:00,95.88265271237516,0.0,34.0,0.0
2025-07-20 16:30:00,97.26310555814062,0.0,35.0,0.0
2025-07-20 17:00:00,90.71880384881753,0.0,35.0,0.0
2025-07-20 17:30:00,91.18496378821087,0.0,36.0,0.0
2025-07-20 18:00:00,89.35788189615835,0.0,34.0,0.0
2025-07-20 18:30:00,89.83589611557979,0.0,35.0,0.0
2025-07-20 19:00:00,91.26415364461486,0.0,33.0,0.0
2025-07-20 19:30:00,91.34706741056283,0.0,31.0,0.0
2025-07-20 20:00:00,90.08873331953487,0.0,33.0,0.0
2025-07-20 20:30:00,85.28424412292202,0.0,31.000000000000004,0.0
2025-07-20 21:00:00,90.19414846936284,0.0,32.0,0.0
2025-07-20 21:30:00,91.7812442695116,0.0,32.0,0.0
2025-07-20 22:00:00,92.79776595003155,0.0,34.0,0.0
2025-07-20 22:30:00,102.05008704896372,0.0,33.0,0.0
2025-07-20 23:00:00,87.53590324684642,0.0,35.0,0.0
2025-07-20 23:30:00,92.81930359192476,0.0,33.0,0.0
2025-07-21 00:00:00,87.67210713395791,0.0,27.0,0.0
2025-07-21 00:30:00,93.89735575377487,0.0,27.0,0.0
2025-07-21 01:00:00,89.09602659157424,0.0,25.0,0.0
2025-07-21 01:30:00,89.38549679409242,0.0,25.0,0.0
2025-07-21 02:00:00,94.24892203303163,0.0,27.0,0.0
2025-07-21 02:30:00,87.81104333297918,0.0,25.0,0.0
2025-07-21 03:00:00,93.3086899067109,0.0,25.0,0.0
2025-07-21 03:30:00,84.46400663413878,0.0,26.0,0.0
2025-07-21 04:00:00,92.23892446942784,0.0,27.999999999999996,0.0
2025-07-21 04:30:00,91.92361762206843,0.0,25.0,0.0
2025-07-21 05:00:00,91.81320661351624,0.0,27.0,0.0
2025-07-21 05:30:00,96.28990056593703,0.0,26.999999999999996,0.0
2025-07-21 06:00:00,84.51582935939561,0.0,26.000000000000004,0.0
2025-07-21 06:30:00,138.23188553261375,0.0,55.0,0.0
2025-07-21 07:00:00,180.43978247994733,0.0,87.0,0.0
2025-07-21 07:30:00,366.21667471335434,0.0,169.0,0.0
2025-07-21 08:00:00,566.2243741747902,0.0,194.0,0.0
2025-07-21 08:30:00,790.8127258621995,0.0,274.0,0.0
2025-07-21 09:00:00,842.7089514137596,0.0,281.0,0.0
2025-07-21 09:30:00,937.5617576919271,0.0,283.0,0.0
2025-07-21 10:00:00,859.9742347168835,0.0,296.0,0.0
2025-07-21 10:30:00,980.9077436894107,0.0,298.0,0.0
2025-07-21 11:00:00,1064.2651904198153,0.0,304.0,0.0
2025-07-21 11:30:00,947.2538260526161,0.0,300.0,0.0
2025-07-21 12:00:00,925.1077951571373,0.0,293.0,0.0
2025-07-21 12:30:00,904.3315139737708,0.0,312.0,0.0
2025-07-21 13:00:00,829.4815572384596,0.0,316.0,0.0
2025-07-21 13:30:00,891.4020316719461,0.0,315.0,0.0
2025-07-21 14:00:00,866.966381614658,0.0,308.0,0.0
2025-07-21 14:30:00,836.6751581197003,0.0,305.0,0.0
2025-07-21 15:00:00,981.7963634783484,0.0,303.0,0.0
2025-07-21 15:30:00,916.2827036584699,0.0,305.0,0.0
2025-07-21 16:00:00,905.6733160824854,0.0,298.0,0.0
2025-07-21 16:30:00,854.1847643089693,0.0,281.0,0.0
2025-07-21 17:00:00,884.1214191272236,0.0,297.0,0.0
2025-07-21 17:30:00,928.4885028903567,0.0,301.0,0.0
2025-07-21 18:00:00,892.4047733227142,0.0,309.0,0.0
2025-07-21 18:30:00,877.1328371142307,0.0,296.0,0.0
2025-07-21 19:00:00,824.0838691580732,0.0,287.0,0.0
2025-07-21 19:30:00,793.1843019354072,0.0,264.0,0.0
2025-07-21 20:00:00,716.4194868281119,0.0,233.0,0.0
2025-07-21 20:30:00,621.6144682153642,0.0,206.00000000000003,0.0
2025-07-21 21:00:00,662.8660974574375,0.0,198.0,0.0
2025-07-21 21:30:00,662.4059162464605,0.0,191.0,0.0
2025-07-21 22:00:00,612.3926806787415,0.0,189.0,0.0
2025-07-21 22:30:00,651.3353264779752,0.0,201.00000000000003,0.0
2025-07-21 23:00:00,656.2389988713012,0.0,202.0,0.0
2025-07-21 23:30:00,585.7290372011009,0.0,194.0,0.0
2025-07-22 00:00:00,68.78661608647771,0.0,22.0,0.0
2025-07-22 00:30:00,66.81714546408274,0.0,23.0,0.0
2025-07-22 01:00:00,65.01064814706426,0.0,21.0,0.0
2025-07-22 01:30:00,68.67992841787782,0.0,23.0,0.0
2025-07-22 02:00:00,66.3011861597563,0.0,20.0,0.0
2025-07-22 02:30:00,66.04537658666578,0.0,22.0,0.0
2025-07-22 03:00:00,67.84979376387965,0.0,21.0,0.0
2025-07-22 03:30:00,62.12630862250528,0.0,21.0,0.0
2025-07-22 04:00:00,67.96228651195429,0.0,20.0,0.0
2025-07-22 04:30:00,68.47756243213621,0.0,20.0,0.0
2025-07-22 05:00:00,67.43212426064031,0.0,20.0,0.0
2025-07-22 05:30:00,68.81817214238185,0.0,21.0,0.0
2025-07-22 06:00:00,65.9384255187175,0.0,21.0,0.0
2025-07-22 06:30:00,67.96657245424007,0.0,21.0,0.0
2025-07-22 07:00:00,65.6220025596606,0.0,23.0,0.0
2025-07-22 07:30:00,61.32801097018221,0.0,21.0,0.0
2025-07-22 08:00:00,61.94119035380553,0.0,23.0,0.0
2025-07-22 08:30:00,66.187067718752,0.0,20.999999999999996,0.0
2025-07-22 09:00:00,57.25623558000907,0.0,21.0,0.0
2025-07-22 09:30:00,59.558763710893494,0.0,20.0,0.0
2025-07-22 10:00:00,62.946967261138056,0.0,23.0,0.0
2025-07-22 10:30:00,64.43127482226106,0.0,23.0,0.0
2025-07-22 11:00:00,60.099713718123425,0.0,22.0,0.0
2025-07-22 11:30:00,66.13510561503907,0.0,22.0,0.0
2025-07-22 12:00:00,64.3355631324661,0.0,23.0,0.0
2025-07-22 12:30:00,61.049470700262795,0.0,23.0,0.0
2025-07-22 13:00:00,68.48215025759173,0.0,23.0,0.0
2025-07-22 13:30:00,64.57899021466756,0.0,22.0,0.0
2025-07-22 14:00:00,62.4452815408376,0.0,23.0,0.0
2025-07-22 14:30:00,74.78284587344503,0.0,24.0,0.0
2025-07-22 15:00:00,68.85577162876451,0.0,23.0,0.0
2025-07-22 15:30:00,68.6449865389436,0.0,23.0,0.0
2025-07-22 16:00:00,74.14081137850519,0.0,25.0,0.0
2025-07-22 16:30:00,68.20898405158759,0.0,25.0,0.0
2025-07-22 17:00:00,68.58356272009276,0.0,24.0,0.0
2025-07-22 17:30:00,65.4358745574396,0.0,25.0,0.0
2025-07-22 18:00:00,69.6386909613955,0.0,25.0,0.0
2025-07-22 18:30:00,70.31665458979056,0.0,24.0,0.0
2025-07-22 19:00:00,66.70892890625241,0.0,22.0,0.0
2025-07-22 19:30:00,64.99708117168896,0.0,22.0,0.0
2025-07-22 20:00:00,71.15930203447708,0.0,24.000000000000004,0.0
2025-07-22 20:30:00,72.46621161496887,0.0,23.0,0.0
2025-07-22 21:00:00,67.87148737708245,0.0,25.0,0.0
2025-07-22 21:30:00,65.49714333806901,0.0,22.0,0.0
2025-07-22 22:00:00,73.73635743972243,0.0,24.999999999999996,0.0
2025-07-22 22:30:00,62.38092944638216,0.0,25.0,0.0
2025-07-22 23:00:00,71.42612621280806,0.0,23.0,0.0
2025-07-22 23:30:00,68.0241195852568,0.0,22.0,0.0
2025-07-23 00:00:00,619.4682485170846,0.0,178.0,0.0
2025-07-23 00:30:00,663.4738303522413,0.0,156.0,0.0
2025-07-23 01:00:00,596.1720565404119,0.0,164.0,0.0
2025-07-23 01:30:00,686.247535395767,0.0,164.0,0.0
2025-07-23 02:00:00,629.1908161683423,0.0,165.0,0.0
2025-07-23 02:30:00,595.5277676111062,0.0,159.99999999999997,0.0
2025-07-23 03:00:00,597.1881640690093,0.0,146.0,0.0
2025-07-23 03:30:00,599.1622775984574,0.0,155.0,0.0
2025-07-23 04:00:00,591.0198566863855,0.0,168.0,0.0
2025-07-23 04:30:00,636.2725502730727,0.0,167.0,0.0
2025-07-23 05:00:00,601.9738180781893,0.0,168.0,0.0
2025-07-23 05:30:00,549.8337104462788,0.0,156.0,0.0
2025-07-23 06:00:00,605.3948926537443,0.0,154.0,0.0
2025-07-23 06:30:00,546.7786784381337,0.0,149.0,0.0
2025-07-23 07:00:00,587.0975892022044,0.0,147.0,0.0
2025-07-23 07:30:00,617.981884944465,0.0,164.0,0.0
2025-07-23 08:00:00,670.4064903237113,0.0,193.0,0.0
2025-07-23 08:30:00,908.8377847635877,0.0,242.0,0.0
2025-07-23 09:00:00,857.8829201683277,0.0,255.0,0.0
2025-07-23 09:30:00,897.659505167844,0.0,297.0,0.0
2025-07-23 10:00:00,814.458319140722,0.0,333.0,0.0
2025-07-23 10:30:00,874.3925012674453,0.0,307.0,0.0
2025-07-23 11:00:00,885.0967026980442,0.0,299.0,0.0
2025-07-23 11:30:00,848.0612415596355,0.0,302.0,0.0
2025-07-23 12:00:00,894.3110260372166,0.0,289.0,0.0
2025-07-23 12:30:00,823.9609978536143,0.0,304.0,0.0
2025-07-23 13:00:00,871.0961963714576,0.0,313.0,0.0
2025-07-23 13:30:00,844.1281816680428,0.0,315.0,0.0
2025-07-23 14:00:00,909.3402866158167,0.0,321.0,0.0
2025-07-23 14:30:00,863.2695869608588,0.0,321.0,0.0
2025-07-23 15:00:00,842.8866115706484,0.0,301.0,0.0
2025-07-23 15:30:00,851.3583421015255,0.0,298.0,0.0
2025-07-23 16:00:00,718.9830160880354,0.0,223.0,0.0
2025-07-23 16:30:00,853.460223296261,0.0,284.0,0.0
2025-07-23 17:00:00,875.8870912804016,0.0,299.0,0.0
2025-07-23 17:30:00,874.8067463153021,0.0,307.0,0.0
2025-07-23 18:00:00,840.0225760361454,0.0,296.0,0.0
2025-07-23 18:30:00,887.4405251423647,0.0,295.0,0.0
2025-07-23 19:00:00,814.4417424809052,0.0,292.0,0.0
2025-07-23 19:30:00,813.5106417371984,0.0,274.0,0.0
2025-07-23 20:00:00,794.9696008168214,0.0,259.0,0.0
2025-07-23 20:30:00,752.7305300856492,0.0,210.0,0.0
2025-07-23 21:00:00,641.7144798280468,0.0,212.0,0.0
2025-07-23 21:30:00,700.6503524303292,0.0,210.0,0.0
2025-07-23 22:00:00,608.9869743340788,0.0,211.0,0.0
2025-07-23 22:30:00,669.757825185798,0.0,215.0,0.0
2025-07-23 23:00:00,719.097510644199,0.0,216.0,0.0
2025-07-23 23:30:00,676.6792553575817,0.0,214.0,0.0
2025-07-24 00:00:00,646.6334116728661,0.0,174.99999999999997,0.0
2025-07-24 00:30:00,563.3328685793058,0.0,163.0,0.0
2025-07-24 01:00:00,653.9974427725222,0.0,170.0,0.0
2025-07-24 01:30:00,622.544942114969,0.0,176.0,0.0
2025-07-24 02:00:00,649.7919590736866,0.0,170.0,0.0
2025-07-24 02:30:00,590.3549660402787,0.0,170.0,0.0
2025-07-24 03:00:00,668.0948351764604,0.0,170.99999999999997,0.0
2025-07-24 03:30:00,683.7592012302268,0.0,173.0,0.0
2025-07-24 04:00:00,611.3831326995319,0.0,172.00000000000003,0.0
2025-07-24 04:30:00,611.5598329880922,0.0,178.0,0.0
2025-07-24 05:00:00,563.2005227195162,0.0,174.0,0.0
2025-07-24 05:30:00,621.844776714223,0.0,170.00000000000003,0.0
2025-07-24 06:00:00,624.6609955250622,0.0,177.0,0.0
2025-07-24 06:30:00,552.482397168119,0.0,158.0,0.0
2025-07-24 07:00:00,636.252507471359,0.0,160.0,0.0
2025-07-24 07:30:00,665.424358112473,0.0,192.0,0.0
2025-07-24 08:00:00,631.7013958324428,0.0,203.00000000000003,0.0
2025-07-24 08:30:00,732.5675937623075,0.0,217.0,0.0
2025-07-24 09:00:00,839.5755937013811,0.0,248.0,0.0
2025-07-24 09:30:00,847.9653772626056,0.0,271.0,0.0
2025-07-24 10:00:00,810.7744165866156,0.0,310.0,0.0
2025-07-24 10:30:00,863.2085220455218,0.0,285.0,0.0
2025-07-24 11:00:00,777.2725140474176,0.0,269.0,0.0
2025-07-24 11:30:00,811.3310214495455,0.0,259.0,0.0
2025-07-24 12:00:00,760.0275139341064,0.0,231.0,0.0
2025-07-24 12:30:00,760.4166806233478,0.0,251.00000000000003,0.0
2025-07-24 13:00:00,789.4728441638749,0.0,262.0,0.0
2025-07-24 13:30:00,731.8234353475032,0.0,255.0,0.0
2025-07-24 14:00:00,837.9184701058394,0.0,276.0,0.0
2025-07-24 14:30:00,856.2418160689225,0.0,278.0,0.0
2025-07-24 15:00:00,699.6362585061113,0.0,264.0,0.0
2025-07-24 15:30:00,856.0883504218087,0.0,270.0,0.0
2025-07-24 16:00:00,694.2926844696952,0.0,275.0,0.0
2025-07-24 16:30:00,749.8293755444124,0.0,252.0,0.0
2025-07-24 17:00:00,828.1884590694129,0.0,267.0,0.0
2025-07-24 17:30:00,810.0912716054227,0.0,273.0,0.0
2025-07-24 18:00:00,781.5246025842156,0.0,282.0,0.0
2025-07-24 18:30:00,770.4963866553297,0.0,276.0,0.0
2025-07-24 19:00:00,848.4251334111639,0.0,272.0,0.0
2025-07-24 19:30:00,714.8508286053111,0.0,260.0,0.0
2025-07-24 20:00:00,759.7140040261903,0.0,226.0,0.0
2025-07-24 20:30:00,639.5830134389614,0.0,193.0,0.0
2025-07-24 21:00:00,654.4012006749207,0.0,204.0,0.0
2025-07-24 21:30:00,660.8925122840333,0.0,202.99999999999997,0.0
2025-07-24 22:00:00,641.3235842480517,0.0,202.0,0.0
2025-07-24 22:30:00,699.6862634351882,0.0,203.0,0.0
2025-07-24 23:00:00,682.6359180642512,0.0,197.0,0.0
2025-07-24 23:30:00,594.5294416040832,0.0,195.99999999999997,0.0
2025-07-25 00:00:00,651.5528933529123,0.0,194.0,0.0
2025-07-25 00:30:00,626.6511147421226,0.0,173.0,0.0
2025-07-25 01:00:00,637.0696552942413,0.0,184.0,0.0
2025-07-25 01:30:00,635.1173821476492,0.0,183.0,0.0
2025-07-25 02:00:00,615.1091121623251,0.0,180.0,0.0
2025-07-25 02:30:00,671.4002603910162,0.0,182.0,0.0
2025-07-25 03:00:00,607.6444781751811,0.0,188.0,0.0
2025-07-25 03:30:00,615.6537093297095,0.0,191.0,0.0
2025-07-25 04:00:00,633.6178398075788,0.0,188.00000000000003,0.0
2025-07-25 04:30:00,656.8832121425116,0.0,186.0,0.0
2025-07-25 05:00:00,583.054776663981,0.0,188.0,0.0
2025-07-25 05:30:00,599.3320589768969,0.0,192.0,0.0
2025-07-25 06:00:00,574.1909516574982,0.0,191.0,0.0
2025-07-25 06:30:00,618.1188275228023,0.0,184.0,0.0
2025-07-25 07:00:00,598.8140493131116,0.0,193.0,0.0
2025-07-25 07:30:00,650.8112041747706,0.0,209.0,0.0
2025-07-25 08:00:00,715.7721246324185,0.0,222.0,0.0
2025-07-25 08:30:00,783.0592761729735,0.0,255.0,0.0
2025-07-25 09:00:00,852.0809049518823,0.0,273.0,0.0
2025-07-25 09:30:00,820.7788344182939,0.0,272.0,0.0
2025-07-25 10:00:00,888.394448748427,0.0,274.0,0.0
2025-07-25 10:30:00,910.9486852803467,0.0,282.0,0.0
2025-07-25 11:00:00,850.250007755255,0.0,285.0,0.0
2025-07-25 11:30:00,874.294734473711,0.0,311.0,0.0
2025-07-25 12:00:00,899.0518491808127,0.0,311.0,0.0
2025-07-25 12:30:00,878.4752987515005,0.0,313.0,0.0
2025-07-25 13:00:00,793.8381365906149,0.0,313.0,0.0
2025-07-25 13:30:00,892.9010575483165,0.0,322.0,0.0
2025-07-25 14:00:00,840.5999039389335,0.0,323.0,0.0
2025-07-25 14:30:00,958.0600722892653,0.0,325.0,0.0
2025-07-25 15:00:00,951.2984243051268,0.0,357.0,0.0
2025-07-25 15:30:00,951.8898321599738,0.0,380.0,0.0
2025-07-25 16:00:00,903.9309496310526,0.0,372.0,0.0
2025-07-25 16:30:00,864.5189484760822,0.0,370.0,0.0
2025-07-25 17:00:00,883.4485787756635,0.0,369.0,0.0
2025-07-25 17:30:00,859.4360340173578,0.0,382.0,0.0
2025-07-25 18:00:00,879.852695760358,0.0,373.0,0.0
2025-07-25 18:30:00,882.2253577712274,0.0,364.0,0.0
2025-07-25 19:00:00,804.9355910326053,0.0,348.0,0.0
2025-07-25 19:30:00,781.148048771115,0.0,330.0,0.0
2025-07-25 20:00:00,702.7665619853269,0.0,290.0,0.0
2025-07-25 20:30:00,663.6334236665161,0.0,280.0,0.0
2025-07-25 21:00:00,621.2599068947821,0.0,282.0,0.0
2025-07-25 21:30:00,687.7846244763518,0.0,274.0,0.0
2025-07-25 22:00:00,747.8167751907472,0.0,277.0,0.0
2025-07-25 22:30:00,704.368401681058,0.0,276.0,0.0
2025-07-25 23:00:00,616.1141349273756,0.0,274.0,0.0
2025-07-25 23:30:00,686.5729855593139,0.0,275.0,0.0
2025-07-26 00:00:00,661.3153162132874,0.0,195.99999999999997,0.0
2025-07-26 00:30:00,660.9616365085559,0.0,186.0,0.0
2025-07-26 01:00:00,661.994119873299,0.0,188.0,0.0
2025-07-26 01:30:00,581.0020896167541,0.0,196.0,0.0
2025-07-26 02:00:00,618.2127200709131,0.0,191.0,0.0
2025-07-26 02:30:00,655.8732143912157,0.0,196.00000000000003,0.0
2025-07-26 03:00:00,558.5311945246723,0.0,193.0,0.0
2025-07-26 03:30:00,597.6836866084017,0.0,186.0,0.0
2025-07-26 04:00:00,597.916160010913,0.0,185.0,0.0
2025-07-26 04:30:00,579.9750394752349,0.0,188.0,0.0
2025-07-26 05:00:00,527.8843159500898,0.0,182.0,0.0
2025-07-26 05:30:00,575.2667501104992,0.0,185.0,0.0
2025-07-26 06:00:00,571.2458685689697,0.0,184.00000000000003,0.0
2025-07-26 06:30:00,555.3973783379674,0.0,173.0,0.0
2025-07-26 07:00:00,556.5358409400912,0.0,176.00000000000003,0.0
2025-07-26 07:30:00,563.9355230552057,0.0,184.0,0.0
2025-07-26 08:00:00,478.7975455522019,0.0,152.0,0.0
2025-07-26 08:30:00,313.832563095495,0.0,80.0,0.0
2025-07-26 09:00:00,311.3180783729061,0.0,70.0,0.0
2025-07-26 09:30:00,351.20601883668263,0.0,133.0,0.0
2025-07-26 10:00:00,369.3376519311934,0.0,134.0,0.0
2025-07-26 10:30:00,330.5037359587102,0.0,138.0,0.0
2025-07-26 11:00:00,383.6474916261513,0.0,148.0,0.0
2025-07-26 11:30:00,382.77922260261516,0.0,185.0,0.0
2025-07-26 12:00:00,377.477687113755,0.0,201.00000000000003,0.0
2025-07-26 12:30:00,420.23128176580764,0.0,227.0,0.0
2025-07-26 13:00:00,378.2238685290138,0.0,255.0,0.0
2025-07-26 13:30:00,376.8730552828586,0.0,253.99999999999997,0.0
2025-07-26 14:00:00,427.95972537093417,0.0,248.0,0.0
2025-07-26 14:30:00,412.9430049157481,0.0,248.00000000000003,0.0
2025-07-26 15:00:00,418.6421075444202,0.0,254.0,0.0
2025-07-26 15:30:00,412.42495957018485,0.0,259.0,0.0
2025-07-26 16:00:00,457.07483892051306,0.0,267.0,0.0
2025-07-26 16:30:00,438.6957785519864,0.0,269.0,0.0
2025-07-26 17:00:00,405.50091349106447,0.0,255.99999999999997,0.0
2025-07-26 17:30:00,363.8422794404575,0.0,232.0,0.0
2025-07-26 18:00:00,231.311791596921,0.0,144.0,0.0
2025-07-26 18:30:00,136.35003570576376,0.0,64.0,0.0
2025-07-26 19:00:00,138.2489513960745,0.0,60.00000000000001,0.0
2025-07-26 19:30:00,129.27622477584367,0.0,55.0,0.0
2025-07-26 20:00:00,118.76610106240673,0.0,53.0,0.0
2025-07-26 20:30:00,130.50332711002773,0.0,55.0,0.0
2025-07-26 21:00:00,130.62863703125456,0.0,54.0,0.0
2025-07-26 21:30:00,135.00130734371788,0.0,54.0,0.0
2025-07-26 22:00:00,114.92501741035208,0.0,49.0,0.0
2025-07-26 22:30:00,79.88512347844168,0.0,25.0,0.0
2025-07-26 23:00:00,86.96219080236779,0.0,28.999999999999996,0.0
2025-07-26 23:30:00,82.04483589721778,0.0,23.0,0.0
2025-07-27 00:00:00,78.71329660167024,0.0,23.999999999999996,0.0
2025-07-27 00:30:00,82.38270414865418,0.0,24.0,0.0
2025-07-27 01:00:00,73.39013120194615,0.0,23.0,0.0
2025-07-27 01:30:00,77.03291339337952,0.0,24.0,0.0
2025-07-27 02:00:00,73.6137844213775,0.0,21.0,0.0
2025-07-27 02:30:00,79.21860934139916,0.0,25.0,0.0
2025-07-27 03:00:00,75.26842585106556,0.0,22.0,0.0
2025-07-27 03:30:00,84.59945364633522,0.0,26.0,0.0
2025-07-27 04:00:00,79.73984859506879,0.0,24.0,0.0
2025-07-27 04:30:00,72.66905338987532,0.0,24.0,0.0
2025-07-27 05:00:00,81.42396713774636,0.0,26.0,0.0
2025-07-27 05:30:00,73.78688617566621,0.0,23.0,0.0
2025-07-27 06:00:00,76.5072112931439,0.0,26.0,0.0
2025-07-27 06:30:00,78.99028525968654,0.0,24.999999999999996,0.0
2025-07-27 07:00:00,75.85784015837936,0.0,26.0,0.0
2025-07-27 07:30:00,78.07660218559887,0.0,25.0,0.0
2025-07-27 08:00:00,66.020332448763,0.0,25.0,0.0
2025-07-27 08:30:00,67.53328073749539,0.0,25.0,0.0
2025-07-27 09:00:00,65.44916908167997,0.0,23.0,0.0
2025-07-27 09:30:00,66.73759653814881,0.0,25.0,0.0
2025-07-27 10:00:00,72.4546238017512,0.0,23.0,0.0
2025-07-27 10:30:00,71.8810406850851,0.0,23.999999999999996,0.0
2025-07-27 11:00:00,74.55194753807746,0.0,23.0,0.0
2025-07-27 11:30:00,78.71612226078386,0.0,23.0,0.0
2025-07-27 12:00:00,66.09846650223176,0.0,23.0,0.0
2025-07-27 12:30:00,71.96248778103198,0.0,25.0,0.0
2025-07-27 13:00:00,67.49273376467497,0.0,26.0,0.0
2025-07-27 13:30:00,68.92189394605859,0.0,24.0,0.0
2025-07-27 14:00:00,70.42901999271038,0.0,26.0,0.0
2025-07-27 14:30:00,68.87618487763324,0.0,26.0,0.0
2025-07-27 15:00:00,67.93845818302273,0.0,24.0,0.0
2025-07-27 15:30:00,71.19266836081562,0.0,25.000000000000004,0.0
2025-07-27 16:00:00,67.34745611087553,0.0,26.0,0.0
2025-07-27 16:30:00,74.72944621198798,0.0,26.0,0.0
2025-07-27 17:00:00,67.45574124522909,0.0,24.0,0.0
2025-07-27 17:30:00,81.7837095422806,0.0,26.0,0.0
2025-07-27 18:00:00,74.04038139197235,0.0,26.0,0.0
2025-07-27 18:30:00,82.1045881642617,0.0,29.999999999999996,0.0
2025-07-27 19:00:00,75.56682161475722,0.0,27.0,0.0
2025-07-27 19:30:00,86.59645306905023,0.0,28.0,0.0
2025-07-27 20:00:00,78.92357404416049,0.0,24.0,0.0
2025-07-27 20:30:00,77.8995631118852,0.0,26.0,0.0
2025-07-27 21:00:00,71.59097181778404,0.0,26.0,0.0
2025-07-27 21:30:00,76.547900799382,0.0,24.999999999999996,0.0
2025-07-27 22:00:00,72.45594764538578,0.0,27.0,0.0
2025-07-27 22:30:00,80.20482161959994,0.0,23.0,0.0
2025-07-27 23:00:00,79.86568938085249,0.0,25.0,0.0
2025-07-27 23:30:00,76.1114753582723,0.0,25.0,0.0
2025-07-28 00:00:00,77.13247844491157,0.0,23.0,0.0
2025-07-28 00:30:00,73.71112738166177,0.0,25.0,0.0
2025-07-28 01:00:00,75.66658003490345,0.0,24.0,0.0
2025-07-28 01:30:00,76.2173240627721,0.0,26.0,0.0
2025-07-28 02:00:00,76.9485231562419,0.0,25.0,0.0
2025-07-28 02:30:00,73.72440205649721,0.0,25.0,0.0
2025-07-28 03:00:00,69.79404925311576,0.0,27.0,0.0
2025-07-28 03:30:00,80.85819535678775,0.0,24.0,0.0
2025-07-28 04:00:00,87.49947660347428,0.0,27.0,0.0
2025-07-28 04:30:00,76.70072018994142,0.0,23.999999999999996,0.0
2025-07-28 05:00:00,79.36510942296994,0.0,24.000000000000004,0.0
2025-07-28 05:30:00,76.94533919862403,0.0,26.0,0.0
2025-07-28 06:00:00,115.25159833918615,0.0,23.0,0.0
2025-07-28 06:30:00,104.21373166284995,0.0,23.0,0.0
2025-07-28 07:00:00,128.55571791613048,0.0,28.0,0.0
2025-07-28 07:30:00,289.723665183141,0.0,103.0,0.0
2025-07-28 08:00:00,650.1549333250454,0.0,301.0,0.0
2025-07-28 08:30:00,823.884763556995,0.0,384.0,0.0
2025-07-28 09:00:00,742.617196313282,0.0,398.00000000000006,0.0
2025-07-28 09:30:00,877.8633985332062,0.0,359.0,0.0
2025-07-28 10:00:00,941.2883996449635,0.0,297.0,0.0
2025-07-28 10:30:00,855.8168842633787,0.0,301.0,0.0
2025-07-28 11:00:00,886.0221770016753,0.0,299.0,0.0
2025-07-28 11:30:00,920.5446589509559,0.0,296.0,0.0
2025-07-28 12:00:00,816.4020838226388,0.0,273.0,0.0
2025-07-28 12:30:00,831.6009608863278,0.0,300.0,0.0
2025-07-28 13:00:00,732.1716048986582,0.0,296.0,0.0
2025-07-28 13:30:00,843.277355345522,0.0,289.0,0.0
2025-07-28 14:00:00,857.6593859936219,0.0,293.0,0.0
2025-07-28 14:30:00,805.4419510241141,0.0,285.0,0.0
2025-07-28 15:00:00,839.5407285758134,0.0,284.0,0.0
2025-07-28 15:30:00,828.5428999741882,0.0,297.0,0.0
2025-07-28 16:00:00,804.3512449497488,0.0,283.0,0.0
2025-07-28 16:30:00,841.8597220372433,0.0,268.0,0.0
2025-07-28 17:00:00,750.1597038296042,0.0,278.0,0.0
2025-07-28 17:30:00,872.6322154182611,0.0,282.0,0.0
2025-07-28 18:00:00,783.4736518679422,0.0,286.0,0.0
2025-07-28 18:30:00,798.8044675222525,0.0,284.0,0.0
2025-07-28 19:00:00,901.1865491994947,0.0,276.0,0.0
2025-07-28 19:30:00,842.8758182157244,0.0,262.0,0.0
2025-07-28 20:00:00,742.9280291865865,0.0,237.0,0.0
2025-07-28 20:30:00,629.4771085726413,0.0,197.0,0.0
2025-07-28 21:00:00,617.4946580653195,0.0,186.0,0.0
2025-07-28 21:30:00,622.4120476793587,0.0,176.99999999999997,0.0
2025-07-28 22:00:00,624.3391676348533,0.0,175.99999999999997,0.0
2025-07-28 22:30:00,614.3061320309262,0.0,167.0,0.0
2025-07-28 23:00:00,619.1839762357916,0.0,164.0,0.0
2025-07-28 23:30:00,613.4928709733736,0.0,168.99999999999997,0.0
2025-07-29 00:00:00,642.0551134230589,0.0,158.0,0.0
2025-07-29 00:30:00,418.9896502051288,0.0,91.0,0.0
2025-07-29 01:00:00,638.6842514623996,0.0,168.0,0.0
2025-07-29 01:30:00,639.5947436746701,0.0,181.0,0.0
2025-07-29 02:00:00,640.8134792644678,0.0,181.0,0.0
2025-07-29 02:30:00,595.1107209020261,0.0,177.0,0.0
2025-07-29 03:00:00,660.5877250464342,0.0,179.0,0.0
2025-07-29 03:30:00,553.278545844787,0.0,169.0,0.0
2025-07-29 04:00:00,657.9713993651272,0.0,173.0,0.0
2025-07-29 04:30:00,599.1097880528215,0.0,178.0,0.0
2025-07-29 05:00:00,665.3436533537789,0.0,183.00000000000003,0.0
2025-07-29 05:30:00,631.5046614666973,0.0,175.0,0.0
2025-07-29 06:00:00,668.1635477739632,0.0,174.00000000000003,0.0
2025-07-29 06:30:00,619.6053287442104,0.0,166.99999999999997,0.0
2025-07-29 07:00:00,611.2911436691642,0.0,171.0,0.0
2025-07-29 07:30:00,653.6525983986936,0.0,189.0,0.0
2025-07-29 08:00:00,773.4820174719196,0.0,259.0,0.0
2025-07-29 08:30:00,815.1472355976972,0.0,346.0,0.0
2025-07-29 09:00:00,840.9563073571852,0.0,375.0,0.0
2025-07-29 09:30:00,877.2942616409852,0.0,348.0,0.0
2025-07-29 10:00:00,812.6386471959047,0.0,321.0,0.0
2025-07-29 10:30:00,899.8860858029844,0.0,321.0,0.0
2025-07-29 11:00:00,824.4107295514342,0.0,327.0,0.0
2025-07-29 11:30:00,907.538314840382,0.0,316.0,0.0
2025-07-29 12:00:00,890.4499620086286,0.0,319.0,0.0
2025-07-29 12:30:00,973.395857721374,0.0,321.0,0.0
2025-07-29 13:00:00,824.6388855199011,0.0,315.0,0.0
2025-07-29 13:30:00,854.0932297420808,0.0,279.0,0.0
2025-07-29 14:00:00,972.0183460157108,0.0,279.0,0.0
2025-07-29 14:30:00,948.1663466755588,0.0,278.0,0.0
2025-07-29 15:00:00,864.6842254675557,0.0,279.0,0.0
2025-07-29 15:30:00,935.5202853016989,0.0,294.0,0.0
2025-07-29 16:00:00,929.292890099045,0.0,287.0,0.0
2025-07-29 16:30:00,895.1846861191759,0.0,266.0,0.0
2025-07-29 17:00:00,877.2449741844895,0.0,284.0,0.0
2025-07-29 17:30:00,900.9184304185972,0.0,284.0,0.0
2025-07-29 18:00:00,827.075535993188,0.0,291.0,0.0
2025-07-29 18:30:00,881.5861776548661,0.0,285.0,0.0
2025-07-29 19:00:00,867.4898769665541,0.0,262.0,0.0
2025-07-29 19:30:00,815.7870161634323,0.0,237.0,0.0
2025-07-29 20:00:00,696.3299475191011,0.0,214.0,0.0
2025-07-29 20:30:00,714.3866590158752,0.0,183.0,0.0
2025-07-29 21:00:00,689.0337046604865,0.0,181.0,0.0
2025-07-29 21:30:00,642.4019167936265,0.0,177.0,0.0
2025-07-29 22:00:00,649.2809496874099,0.0,177.0,0.0
2025-07-29 22:30:00,595.0957163166124,0.0,176.0,0.0
2025-07-29 23:00:00,618.0498286129542,0.0,176.0,0.0
2025-07-29 23:30:00,630.9836183397551,0.0,176.0,0.0
2025-07-30 00:00:00,575.0888775865262,0.0,314.0,0.0
2025-07-30 00:30:00,651.4875585445159,0.0,301.0,0.0
2025-07-30 01:00:00,607.8431596428967,0.0,303.0,0.0
2025-07-30 01:30:00,628.7163525180072,0.0,301.0,0.0
2025-07-30 02:00:00,598.7702323756778,0.0,306.0,0.0
2025-07-30 02:30:00,592.3806104263808,0.0,307.0,0.0
2025-07-30 03:00:00,647.7901139059586,0.0,311.0,0.0
2025-07-30 03:30:00,631.5784722508013,0.0,313.0,0.0
2025-07-30 04:00:00,668.906898009176,0.0,317.0,0.0
2025-07-30 04:30:00,693.044490596333,0.0,321.0,0.0
2025-07-30 05:00:00,692.6869623190901,0.0,322.0,0.0
2025-07-30 05:30:00,668.4202683219937,0.0,311.0,0.0
2025-07-30 06:00:00,703.931532149493,0.0,315.0,0.0
2025-07-30 06:30:00,606.15885029649,0.0,308.0,0.0
2025-07-30 07:00:00,647.646182492092,0.0,311.0,0.0
2025-07-30 07:30:00,718.226162585089,0.0,321.0,0.0
2025-07-30 08:00:00,762.4400748638153,0.0,346.0,0.0
2025-07-30 08:30:00,721.4765195595282,0.0,342.0,0.0
2025-07-30 09:00:00,843.103690566529,0.0,288.0,0.0
2025-07-30 09:30:00,918.9545182707848,0.0,308.0,0.0
2025-07-30 10:00:00,869.9527156425444,0.0,305.0,0.0
2025-07-30 10:30:00,896.4576283358714,0.0,323.0,0.0
2025-07-30 11:00:00,892.1131822225241,0.0,336.0,0.0
2025-07-30 11:30:00,898.4905742993453,0.0,312.0,0.0
2025-07-30 12:00:00,888.2892393488152,0.0,292.0,0.0
2025-07-30 12:30:00,890.5488102726373,0.0,315.0,0.0
2025-07-30 13:00:00,869.7743598269516,0.0,295.0,0.0
2025-07-30 13:30:00,862.8878186946467,0.0,284.0,0.0
2025-07-30 14:00:00,856.7149864981267,0.0,288.0,0.0
2025-07-30 14:30:00,935.2590251096734,0.0,305.0,0.0
2025-07-30 15:00:00,1021.7805402398162,0.0,299.0,0.0
2025-07-30 15:30:00,811.6712380977773,0.0,301.0,0.0
2025-07-30 16:00:00,888.8300397204004,0.0,292.0,0.0
2025-07-30 16:30:00,807.4082428360633,0.0,272.0,0.0
2025-07-30 17:00:00,850.0319230747427,0.0,263.0,0.0
2025-07-30 17:30:00,835.189700732522,0.0,257.0,0.0
2025-07-30 18:00:00,869.1846691879007,0.0,261.0,0.0
2025-07-30 18:30:00,887.5713581543655,0.0,278.0,0.0
2025-07-30 19:00:00,841.2667448190168,0.0,271.0,0.0
2025-07-30 19:30:00,879.3469598254908,0.0,272.0,0.0
2025-07-30 20:00:00,699.9161707454824,0.0,248.99999999999997,0.0
2025-07-30 20:30:00,762.1321708902867,0.0,213.0,0.0
2025-07-30 21:00:00,713.0558625987003,0.0,208.0,0.0
2025-07-30 21:30:00,740.8440382677317,0.0,208.00000000000003,0.0
2025-07-30 22:00:00,637.3222967230581,0.0,198.0,0.0
2025-07-30 22:30:00,655.367223902736,0.0,186.99999999999997,0.0
2025-07-30 23:00:00,683.6725619500971,0.0,185.99999999999997,0.0
2025-07-30 23:30:00,682.1783605337977,0.0,192.0,0.0
2025-07-31 00:00:00,701.0021219840173,0.0,189.0,0.0
2025-07-31 00:30:00,585.3913999265357,0.0,179.0,0.0
2025-07-31 01:00:00,610.5557155076748,0.0,171.0,0.0
2025-07-31 01:30:00,711.7076839120573,0.0,180.0,0.0
2025-07-31 02:00:00,639.9613668384894,0.0,180.0,0.0
2025-07-31 02:30:00,684.0704595134841,0.0,184.00000000000003,0.0
2025-07-31 03:00:00,681.6514868359246,0.0,193.0,0.0
2025-07-31 03:30:00,680.181638083588,0.0,194.0,0.0
2025-07-31 04:00:00,707.7416335643702,0.0,188.0,0.0
2025-07-31 04:30:00,654.719966456932,0.0,187.0,0.0
2025-07-31 05:00:00,621.9691624839983,0.0,193.0,0.0
2025-07-31 05:30:00,647.5834987381011,0.0,187.0,0.0
2025-07-31 06:00:00,679.7820444061302,0.0,185.0,0.0
2025-07-31 06:30:00,694.2019434532607,0.0,191.0,0.0
2025-07-31 07:00:00,611.5773578445636,0.0,183.0,0.0
2025-07-31 07:30:00,670.6868642084513,0.0,203.0,0.0
2025-07-31 08:00:00,719.7773347491203,0.0,230.0,0.0
2025-07-31 08:30:00,767.4548899748573,0.0,236.0,0.0
2025-07-31 09:00:00,769.3423855684586,0.0,296.0,0.0
2025-07-31 09:30:00,824.6792993706916,0.0,346.0,0.0
2025-07-31 10:00:00,787.3229829299646,0.0,335.0,0.0
2025-07-31 10:30:00,863.2960795755951,0.0,339.0,0.0
2025-07-31 11:00:00,869.061737871541,0.0,341.0,0.0
2025-07-31 11:30:00,814.14089635561,0.0,348.0,0.0
2025-07-31 12:00:00,777.3085623921945,0.0,368.0,0.0
2025-07-31 12:30:00,852.3014569611832,0.0,365.0,0.0
2025-07-31 13:00:00,775.0103656587947,0.0,274.0,0.0
2025-07-31 13:30:00,798.7992980946066,0.0,279.0,0.0
2025-07-31 14:00:00,816.2159669489652,0.0,275.0,0.0
2025-07-31 14:30:00,853.7433094465724,0.0,277.0,0.0
2025-07-31 15:00:00,807.6066425708062,0.0,278.0,0.0
2025-07-31 15:30:00,869.5291426037046,0.0,276.0,0.0
2025-07-31 16:00:00,895.057298504796,0.0,276.0,0.0
2025-07-31 16:30:00,752.2498924700383,0.0,253.0,0.0
2025-07-31 17:00:00,825.1955039317903,0.0,254.99999999999997,0.0
2025-07-31 17:30:00,828.0824978990725,0.0,262.0,0.0
2025-07-31 18:00:00,850.5598441770359,0.0,268.0,0.0
2025-07-31 18:30:00,821.6081260595658,0.0,258.0,0.0
2025-07-31 19:00:00,755.8307417453063,0.0,254.00000000000003,0.0
2025-07-31 19:30:00,748.483228262501,0.0,246.0,0.0
2025-07-31 20:00:00,767.7177909403842,0.0,228.0,0.0
2025-07-31 20:30:00,731.6859177120851,0.0,187.00000000000003,0.0
2025-07-31 21:00:00,605.3757044518093,0.0,191.00000000000003,0.0
2025-07-31 21:30:00,685.3152812507465,0.0,187.0,0.0
2025-07-31 22:00:00,709.4603291700382,0.0,181.0,0.0
2025-07-31 22:30:00,641.4542036810152,0.0,169.0,0.0
2025-07-31 23:00:00,656.9180480892293,0.0,167.0,0.0
2025-07-31 23:30:00,621.7278172825537,0.0,169.0,0.0
2025-08-01 00:00:00,586.1357140676628,0.0,183.0,0.0
2025-08-01 00:30:00,639.6727550010901,0.0,200.0,0.0
2025-08-01 01:00:00,648.3429471503897,0.0,208.0,0.0
2025-08-01 01:30:00,615.8785197088722,0.0,209.0,0.0
2025-08-01 02:00:00,632.7015346451614,0.0,195.0,0.0
2025-08-01 02:30:00,562.3145073097983,0.0,175.0,0.0
2025-08-01 03:00:00,565.6911341454099,0.0,179.0,0.0
2025-08-01 03:30:00,643.2619461300861,0.0,211.99999999999997,0.0
2025-08-01 04:00:00,559.9077127453023,0.0,179.0,0.0
2025-08-01 04:30:00,615.6588263772409,0.0,211.0,0.0
2025-08-01 05:00:00,611.415826911674,0.0,215.0,0.0
2025-08-01 05:30:00,649.6311593261142,0.0,213.0,0.0
2025-08-01 06:00:00,592.1623981694838,0.0,210.0,0.0
2025-08-01 06:30:00,590.7068997459996,0.0,208.0,0.0
2025-08-01 07:00:00,590.9108452562535,0.0,205.0,0.0
2025-08-01 07:30:00,725.4175162761354,0.0,238.0,0.0
2025-08-01 08:00:00,699.8702313778512,0.0,247.0,0.0
2025-08-01 08:30:00,838.6465097143661,0.0,294.0,0.0
2025-08-01 09:00:00,919.9825285152092,0.0,313.0,0.0
2025-08-01 09:30:00,814.892138925564,0.0,301.0,0.0
2025-08-01 10:00:00,916.0201682354824,0.0,300.0,0.0
2025-08-01 10:30:00,1025.3921258841913,0.0,307.0,0.0
2025-08-01 11:00:00,943.5829484085868,0.0,313.0,0.0
2025-08-01 11:30:00,939.53955875417,0.0,313.0,0.0
2025-08-01 12:00:00,886.5695470680422,0.0,306.0,0.0
2025-08-01 12:30:00,917.5469218391762,0.0,317.0,0.0
2025-08-01 13:00:00,787.7548524525255,0.0,320.0,0.0
2025-08-01 13:30:00,810.8867713040748,0.0,327.0,0.0
2025-08-01 14:00:00,902.9149737205647,0.0,326.0,0.0
2025-08-01 14:30:00,872.4011289694423,0.0,328.0,0.0
2025-08-01 15:00:00,973.8743063824013,0.0,334.0,0.0
2025-08-01 15:30:00,902.5295693981524,0.0,331.0,0.0
2025-08-01 16:00:00,815.3849552435885,0.0,326.0,0.0
2025-08-01 16:30:00,812.9869279950536,0.0,309.0,0.0
2025-08-01 17:00:00,769.7957076239855,0.0,324.0,0.0
2025-08-01 17:30:00,901.2052802531229,0.0,335.0,0.0
2025-08-01 18:00:00,842.6672695309368,0.0,319.0,0.0
2025-08-01 18:30:00,536.1152397672032,0.0,184.0,0.0
2025-08-01 19:00:00,531.0612785093152,0.0,173.0,0.0
2025-08-01 19:30:00,530.8321352262145,0.0,167.0,0.0
2025-08-01 20:00:00,482.3949608250159,0.0,155.0,0.0
2025-08-01 20:30:00,411.8310415773235,0.0,129.0,0.0
2025-08-01 21:00:00,458.4458732238259,0.0,128.0,0.0
2025-08-01 21:30:00,511.58180536712143,0.0,166.0,0.0
2025-08-01 22:00:00,596.6086867649304,0.0,207.99999999999997,0.0
2025-08-01 22:30:00,730.8478841076495,0.0,261.0,0.0
2025-08-01 23:00:00,617.6617922327531,0.0,242.0,0.0
2025-08-01 23:30:00,741.9371528236873,0.0,242.99999999999997,0.0
2025-08-02 00:00:00,67.80254831675532,0.0,25.0,0.0
2025-08-02 00:30:00,75.55455791460219,0.0,25.0,0.0
2025-08-02 01:00:00,82.94154123806024,0.0,22.000000000000004,0.0
2025-08-02 01:30:00,73.95780554975852,0.0,21.0,0.0
2025-08-02 02:00:00,74.76409264035593,0.0,17.0,0.0
2025-08-02 02:30:00,69.28247814420213,0.0,18.0,0.0
2025-08-02 03:00:00,79.81630051082342,0.0,19.0,0.0
2025-08-02 03:30:00,72.91113043227922,0.0,18.0,0.0
2025-08-02 04:00:00,76.57461245632886,0.0,20.0,0.0
2025-08-02 04:30:00,83.11887816517552,0.0,18.0,0.0
2025-08-02 05:00:00,81.20304493962442,0.0,21.0,0.0
2025-08-02 05:30:00,73.31865619194829,0.0,19.0,0.0
2025-08-02 06:00:00,71.26169548115604,0.0,20.0,0.0
2025-08-02 06:30:00,73.24799592211279,0.0,20.0,0.0
2025-08-02 07:00:00,75.31234636840584,0.0,20.0,0.0
2025-08-02 07:30:00,72.0389834098776,0.0,21.0,0.0
2025-08-02 08:00:00,71.98866349954724,0.0,20.0,0.0
2025-08-02 08:30:00,109.48262437861612,0.0,19.0,0.0
2025-08-02 09:00:00,178.49485201140214,0.0,77.0,0.0
2025-08-02 09:30:00,286.5943190237156,0.0,100.0,0.0
2025-08-02 10:00:00,252.05845620483478,0.0,100.0,0.0
2025-08-02 10:30:00,276.6517582882598,0.0,101.0,0.0
2025-08-02 11:00:00,258.5175993490023,0.0,108.0,0.0
2025-08-02 11:30:00,269.41596928740194,0.0,108.0,0.0
2025-08-02 12:00:00,245.761209093149,0.0,109.0,0.0
2025-08-02 12:30:00,242.1616533527144,0.0,111.0,0.0
2025-08-02 13:00:00,239.99235085232579,0.0,111.0,0.0
2025-08-02 13:30:00,248.33656196484964,0.0,110.0,0.0
2025-08-02 14:00:00,237.11631493166948,0.0,111.0,0.0
2025-08-02 14:30:00,217.60181829964677,0.0,109.00000000000001,0.0
2025-08-02 15:00:00,221.49604983338392,0.0,114.00000000000001,0.0
2025-08-02 15:30:00,219.7541220893324,0.0,112.99999999999999,0.0
2025-08-02 16:00:00,215.72549515970127,0.0,110.0,0.0
2025-08-02 16:30:00,236.90984701964615,0.0,109.0,0.0
2025-08-02 17:00:00,248.87414244164225,0.0,108.0,0.0
2025-08-02 17:30:00,227.30742225530415,0.0,110.0,0.0
2025-08-02 18:00:00,154.7069229012566,0.0,70.0,0.0
2025-08-02 18:30:00,127.2941732818902,0.0,46.0,0.0
2025-08-02 19:00:00,74.86559658670855,0.0,24.0,0.0
2025-08-02 19:30:00,84.5171952196123,0.0,24.000000000000004,0.0
2025-08-02 20:00:00,74.7091913488471,0.0,26.999999999999996,0.0
2025-08-02 20:30:00,85.00641259273249,0.0,32.0,0.0
2025-08-02 21:00:00,91.88087439674514,0.0,29.0,0.0
2025-08-02 21:30:00,86.56475831891993,0.0,30.999999999999996,0.0
2025-08-02 22:00:00,88.09323320694438,0.0,30.999999999999996,0.0
2025-08-02 22:30:00,85.14503592192207,0.0,30.0,0.0
2025-08-02 23:00:00,87.09347811960772,0.0,32.0,0.0
2025-08-02 23:30:00,87.95162114166904,0.0,30.0,0.0
2025-08-03 00:00:00,67.41516911175692,0.0,22.0,0.0
2025-08-03 00:30:00,63.26404517276231,0.0,22.0,0.0
2025-08-03 01:00:00,65.05834412829421,0.0,23.0,0.0
2025-08-03 01:30:00,72.29290697261635,0.0,23.999999999999996,0.0
2025-08-03 02:00:00,64.5014208263293,0.0,23.0,0.0
2025-08-03 02:30:00,67.83223440107022,0.0,23.0,0.0
2025-08-03 03:00:00,58.24777619309605,0.0,20.0,0.0
2025-08-03 03:30:00,72.47358271602403,0.0,22.999999999999996,0.0
2025-08-03 04:00:00,65.14558703522115,0.0,20.0,0.0
2025-08-03 04:30:00,62.66293549753988,0.0,20.0,0.0
2025-08-03 05:00:00,65.05987806461967,0.0,18.0,0.0
2025-08-03 05:30:00,60.67834938391435,0.0,22.0,0.0
2025-08-03 06:00:00,65.89885313759251,0.0,20.0,0.0
2025-08-03 06:30:00,62.21556013988029,0.0,20.0,0.0
2025-08-03 07:00:00,62.59473219341685,0.0,21.0,0.0
2025-08-03 07:30:00,58.700608254568856,0.0,21.0,0.0
2025-08-03 08:00:00,57.44243315067856,0.0,23.0,0.0
2025-08-03 08:30:00,66.49197667516208,0.0,21.0,0.0
2025-08-03 09:00:00,64.04917746002955,0.0,22.0,0.0
2025-08-03 09:30:00,68.46054508875108,0.0,23.0,0.0
2025-08-03 10:00:00,65.2512941335191,0.0,22.0,0.0
2025-08-03 10:30:00,70.09360375445073,0.0,24.0,0.0
2025-08-03 11:00:00,65.91015512794833,0.0,23.0,0.0
2025-08-03 11:30:00,77.09271002600832,0.0,24.0,0.0
2025-08-03 12:00:00,63.92241731581903,0.0,25.0,0.0
2025-08-03 12:30:00,72.64862283461473,0.0,24.0,0.0
2025-08-03 13:00:00,75.19366631908709,0.0,25.0,0.0
2025-08-03 13:30:00,67.38125316180707,0.0,26.0,0.0
2025-08-03 14:00:00,77.09112088140812,0.0,24.0,0.0
2025-08-03 14:30:00,73.88313030568457,0.0,25.0,0.0
2025-08-03 15:00:00,73.79743816500982,0.0,23.999999999999996,0.0
2025-08-03 15:30:00,70.47861007614405,0.0,26.0,0.0
2025-08-03 16:00:00,68.60665968329764,0.0,24.0,0.0
2025-08-03 16:30:00,68.63377018782664,0.0,25.0,0.0
2025-08-03 17:00:00,68.6345259872115,0.0,23.0,0.0
2025-08-03 17:30:00,72.0363930017641,0.0,24.0,0.0
2025-08-03 18:00:00,66.9010566322106,0.0,27.0,0.0
2025-08-03 18:30:00,62.30504801407989,0.0,27.0,0.0
2025-08-03 19:00:00,66.90888415144295,0.0,25.0,0.0
2025-08-03 19:30:00,71.48757210043101,0.0,24.000000000000004,0.0
2025-08-03 20:00:00,68.4701963368044,0.0,24.0,0.0
2025-08-03 20:30:00,70.88736976359587,0.0,24.0,0.0
2025-08-03 21:00:00,68.42042124461273,0.0,25.0,0.0
2025-08-03 21:30:00,65.16564401591481,0.0,23.0,0.0
2025-08-03 22:00:00,66.34910518253777,0.0,24.0,0.0
2025-08-03 22:30:00,62.7516220800195,0.0,25.0,0.0
2025-08-03 23:00:00,69.14965340565251,0.0,21.999999999999996,0.0
2025-08-03 23:30:00,67.03911139565929,0.0,24.0,0.0
2025-08-04 00:00:00,98.45108186049144,0.0,22.0,0.0
2025-08-04 00:30:00,84.76406127314034,0.0,22.0,0.0
2025-08-04 01:00:00,83.24117821971383,0.0,22.999999999999996,0.0
2025-08-04 01:30:00,88.55449738640132,0.0,22.999999999999996,0.0
2025-08-04 02:00:00,85.47586048490436,0.0,21.0,0.0
2025-08-04 02:30:00,85.40982629092393,0.0,25.0,0.0
2025-08-04 03:00:00,81.25721116822704,0.0,24.0,0.0
2025-08-04 03:30:00,94.4375714387073,0.0,21.0,0.0
2025-08-04 04:00:00,86.0435284101525,0.0,21.0,0.0
2025-08-04 04:30:00,82.54288942607351,0.0,21.999999999999996,0.0
2025-08-04 05:00:00,88.53713296954953,0.0,21.0,0.0
2025-08-04 05:30:00,84.19798857344087,0.0,21.0,0.0
2025-08-04 06:00:00,84.59665588397442,0.0,20.0,0.0
2025-08-04 06:30:00,87.04010106681405,0.0,22.0,0.0
2025-08-04 07:00:00,78.23734835425508,0.0,20.999999999999996,0.0
2025-08-04 07:30:00,84.07670297938185,0.0,23.0,0.0
2025-08-04 08:00:00,88.28729492035123,0.0,22.0,0.0
2025-08-04 08:30:00,84.5457799225371,0.0,21.999999999999996,0.0
2025-08-04 09:00:00,79.06424143385642,0.0,20.0,0.0
2025-08-04 09:30:00,78.53687282515462,0.0,20.999999999999996,0.0
2025-08-04 10:00:00,84.92117621554895,0.0,24.0,0.0
2025-08-04 10:30:00,85.59907179066288,0.0,22.999999999999996,0.0
2025-08-04 11:00:00,80.05854934634624,0.0,19.0,0.0
2025-08-04 11:30:00,85.33855067958423,0.0,19.0,0.0
2025-08-04 12:00:00,77.32332586611636,0.0,20.0,0.0
2025-08-04 12:30:00,84.05299820311049,0.0,20.0,0.0
2025-08-04 13:00:00,80.05087897741835,0.0,20.0,0.0
2025-08-04 13:30:00,82.09872262856665,0.0,20.0,0.0
2025-08-04 14:00:00,75.07684209322096,0.0,19.0,0.0
2025-08-04 14:30:00,87.0208147527457,0.0,22.0,0.0
2025-08-04 15:00:00,84.51513587156371,0.0,20.0,0.0
2025-08-04 15:30:00,84.44619022824705,0.0,21.0,0.0
2025-08-04 16:00:00,74.47705300832783,0.0,20.0,0.0
2025-08-04 16:30:00,86.04509914457387,0.0,22.0,0.0
2025-08-04 17:00:00,84.29245636702312,0.0,22.0,0.0
2025-08-04 17:30:00,75.98862447809536,0.0,23.0,0.0
2025-08-04 18:00:00,81.50086667421506,0.0,22.0,0.0
2025-08-04 18:30:00,85.1644832331371,0.0,24.0,0.0
2025-08-04 19:00:00,82.82042727823347,0.0,20.0,0.0
2025-08-04 19:30:00,86.43938769600891,0.0,21.0,0.0
2025-08-04 20:00:00,91.06704659881105,0.0,23.0,0.0
2025-08-04 20:30:00,93.08810538541718,0.0,21.0,0.0
2025-08-04 21:00:00,93.09738472886824,0.0,21.0,0.0
2025-08-04 21:30:00,76.89265736742306,0.0,24.0,0.0
2025-08-04 22:00:00,85.32390386477866,0.0,22.0,0.0
2025-08-04 22:30:00,86.99784059319222,0.0,21.0,0.0
2025-08-04 23:00:00,80.0352956600195,0.0,23.0,0.0
2025-08-04 23:30:00,89.15789022937676,0.0,24.0,0.0
2025-08-05 00:00:00,90.27290535181507,0.0,21.0,0.0
2025-08-05 00:30:00,87.4356778731941,0.0,23.0,0.0
2025-08-05 01:00:00,86.79191780086438,0.0,23.0,0.0
2025-08-05 01:30:00,82.98977311803685,0.0,21.0,0.0
2025-08-05 02:00:00,76.55851624266712,0.0,19.0,0.0
2025-08-05 02:30:00,100.21454716229698,0.0,23.0,0.0
2025-08-05 03:00:00,103.12260493765973,0.0,22.0,0.0
2025-08-05 03:30:00,101.48148874594425,0.0,23.0,0.0
2025-08-05 04:00:00,104.54438028018936,0.0,20.0,0.0
2025-08-05 04:30:00,98.01886898312175,0.0,21.0,0.0
2025-08-05 05:00:00,87.36903801582777,0.0,21.0,0.0
2025-08-05 05:30:00,91.02275310414461,0.0,20.0,0.0
2025-08-05 06:00:00,94.11063547984554,0.0,28.0,0.0
2025-08-05 06:30:00,109.33809040504586,0.0,20.0,0.0
2025-08-05 07:00:00,158.76699128499266,0.0,54.99999999999999,0.0
2025-08-05 07:30:00,330.3595559073185,0.0,163.0,0.0
2025-08-05 08:00:00,510.17928748074013,0.0,228.0,0.0
2025-08-05 08:30:00,822.8360699127226,0.0,287.0,0.0
2025-08-05 09:00:00,895.5401048746494,0.0,317.0,0.0
2025-08-05 09:30:00,729.0075020967596,0.0,295.0,0.0
2025-08-05 10:00:00,833.8938865738046,0.0,290.0,0.0
2025-08-05 10:30:00,812.9675063725499,0.0,301.0,0.0
2025-08-05 11:00:00,931.5870489643659,0.0,313.0,0.0
2025-08-05 11:30:00,843.6472253052251,0.0,302.0,0.0
2025-08-05 12:00:00,843.9279422516456,0.0,287.0,0.0
2025-08-05 12:30:00,881.024324357204,0.0,310.0,0.0
2025-08-05 13:00:00,917.6455546888144,0.0,311.0,0.0
2025-08-05 13:30:00,847.0963171720746,0.0,312.0,0.0
2025-08-05 14:00:00,874.9880973203342,0.0,305.0,0.0
2025-08-05 14:30:00,819.6195640499867,0.0,305.0,0.0
2025-08-05 15:00:00,912.1201614184159,0.0,298.0,0.0
2025-08-05 15:30:00,852.6750083623252,0.0,303.0,0.0
2025-08-05 16:00:00,828.8116854599549,0.0,290.0,0.0
2025-08-05 16:30:00,853.8091737437344,0.0,283.0,0.0
2025-08-05 17:00:00,757.8760761004602,0.0,282.0,0.0
2025-08-05 17:30:00,885.1705189258724,0.0,301.0,0.0
2025-08-05 18:00:00,833.0164675570378,0.0,282.0,0.0
2025-08-05 18:30:00,561.9722163741105,0.0,170.0,0.0
2025-08-05 19:00:00,469.48311211344253,0.0,149.0,0.0
2025-08-05 19:30:00,492.6512628307451,0.0,137.0,0.0
2025-08-05 20:00:00,509.8805544930418,0.0,131.0,0.0
2025-08-05 20:30:00,426.06660612337555,0.0,112.0,0.0
2025-08-05 21:00:00,439.16005464935995,0.0,112.0,0.0
2025-08-05 21:30:00,509.99308370410745,0.0,113.0,0.0
2025-08-05 22:00:00,559.2722031249374,0.0,148.99999999999997,0.0
2025-08-05 22:30:00,660.0006891364865,0.0,196.0,0.0
2025-08-05 23:00:00,709.0345735800697,0.0,197.0,0.0
2025-08-05 23:30:00,676.444732224073,0.0,198.0,0.0
2025-08-06 00:00:00,708.9490965514292,0.0,314.0,0.0
2025-08-06 00:30:00,668.4376298243337,0.0,301.0,0.0
2025-08-06 01:00:00,613.3353086763204,0.0,303.0,0.0
2025-08-06 01:30:00,704.4346651892618,0.0,301.0,0.0
2025-08-06 02:00:00,632.4901662964985,0.0,306.0,0.0
2025-08-06 02:30:00,677.245051977596,0.0,307.0,0.0
2025-08-06 03:00:00,662.1833546998079,0.0,311.0,0.0
2025-08-06 03:30:00,648.3382677224529,0.0,313.0,0.0
2025-08-06 04:00:00,603.074849098461,0.0,317.0,0.0
2025-08-06 04:30:00,678.5488908958863,0.0,321.0,0.0
2025-08-06 05:00:00,634.8182321246044,0.0,322.0,0.0
2025-08-06 05:30:00,699.3432987122999,0.0,311.0,0.0
2025-08-06 06:00:00,708.8922508821096,0.0,315.0,0.0
2025-08-06 06:30:00,620.9126800720809,0.0,308.0,0.0
2025-08-06 07:00:00,665.7625265594345,0.0,311.0,0.0
2025-08-06 07:30:00,661.5623867901203,0.0,321.0,0.0
2025-08-06 08:00:00,701.4425679217469,0.0,346.0,0.0
2025-08-06 08:30:00,814.754907790896,0.0,342.0,0.0
2025-08-06 09:00:00,863.2932972517962,0.0,288.0,0.0
2025-08-06 09:30:00,944.6311867179863,0.0,308.0,0.0
2025-08-06 10:00:00,836.1411606123669,0.0,305.0,0.0
2025-08-06 10:30:00,941.379248448499,0.0,323.0,0.0
2025-08-06 11:00:00,915.2964990663363,0.0,336.0,0.0
2025-08-06 11:30:00,961.950303396739,0.0,312.0,0.0
2025-08-06 12:00:00,864.5680298658418,0.0,292.0,0.0
2025-08-06 12:30:00,908.6029418613883,0.0,315.0,0.0
2025-08-06 13:00:00,875.1765478254159,0.0,295.0,0.0
2025-08-06 13:30:00,831.734285158578,0.0,284.0,0.0
2025-08-06 14:00:00,925.2066869555018,0.0,288.0,0.0
2025-08-06 14:30:00,949.9527547546159,0.0,305.0,0.0
2025-08-06 15:00:00,927.3895485756824,0.0,299.0,0.0
2025-08-06 15:30:00,968.7757890445234,0.0,301.0,0.0
2025-08-06 16:00:00,947.3317624914026,0.0,292.0,0.0
2025-08-06 16:30:00,831.7294690995038,0.0,272.0,0.0
2025-08-06 17:00:00,849.9229966204371,0.0,263.0,0.0
2025-08-06 17:30:00,815.2620009994607,0.0,257.0,0.0
2025-08-06 18:00:00,846.5674394100073,0.0,261.0,0.0
2025-08-06 18:30:00,821.2126058187985,0.0,278.0,0.0
2025-08-06 19:00:00,909.6644582568994,0.0,271.0,0.0
2025-08-06 19:30:00,855.7640510700127,0.0,272.0,0.0
2025-08-06 20:00:00,791.9712038563395,0.0,249.0,0.0
2025-08-06 20:30:00,755.531308468108,0.0,213.0,0.0
2025-08-06 21:00:00,630.1439395716008,0.0,207.99999999999997,0.0
2025-08-06 21:30:00,638.4274142926616,0.0,208.0,0.0
2025-08-06 22:00:00,712.7149823916922,0.0,197.99999999999997,0.0
2025-08-06 22:30:00,692.6277941081484,0.0,187.0,0.0
2025-08-06 23:00:00,694.0232956025368,0.0,186.00000000000003,0.0
2025-08-06 23:30:00,643.7911679419897,0.0,192.0,0.0
2025-08-07 00:00:00,711.5822287765836,0.0,223.0,0.0
2025-08-07 00:30:00,687.827917663642,0.0,237.0,0.0
2025-08-07 01:00:00,687.7199671634473,0.0,263.0,0.0
2025-08-07 01:30:00,720.6724806573283,0.0,262.0,0.0
2025-08-07 02:00:00,703.6141612113519,0.0,239.0,0.0
2025-08-07 02:30:00,676.4707676425204,0.0,224.99999999999997,0.0
2025-08-07 03:00:00,587.8264117319243,0.0,239.0,0.0
2025-08-07 03:30:00,603.1030230252109,0.0,237.0,0.0
2025-08-07 04:00:00,672.7787468877838,0.0,240.0,0.0
2025-08-07 04:30:00,605.6993468373648,0.0,244.0,0.0
2025-08-07 05:00:00,581.0557453432959,0.0,240.0,0.0
2025-08-07 05:30:00,611.05531699129,0.0,243.0,0.0
2025-08-07 06:00:00,626.9418004342887,0.0,230.00000000000003,0.0
2025-08-07 06:30:00,603.7927719378863,0.0,233.0,0.0
2025-08-07 07:00:00,599.0005020031041,0.0,238.0,0.0
2025-08-07 07:30:00,639.6642417293805,0.0,256.0,0.0
2025-08-07 08:00:00,670.8634922255972,0.0,274.0,0.0
2025-08-07 08:30:00,772.314847079208,0.0,300.0,0.0
2025-08-07 09:00:00,930.6815236509439,0.0,319.0,0.0
2025-08-07 09:30:00,835.3846631567839,0.0,313.0,0.0
2025-08-07 10:00:00,909.7019038555441,0.0,330.0,0.0
2025-08-07 10:30:00,859.7292904448077,0.0,333.0,0.0
2025-08-07 11:00:00,871.064972557547,0.0,337.0,0.0
2025-08-07 11:30:00,862.624871075248,0.0,345.0,0.0
2025-08-07 12:00:00,718.427454434326,0.0,319.0,0.0
2025-08-07 12:30:00,797.7660825798375,0.0,361.0,0.0
2025-08-07 13:00:00,805.2075322746279,0.0,393.0,0.0
2025-08-07 13:30:00,796.6297040455319,0.0,318.0,0.0
2025-08-07 14:00:00,867.928206541271,0.0,309.0,0.0
2025-08-07 14:30:00,976.64032020432,0.0,299.0,0.0
2025-08-07 15:00:00,900.694373570664,0.0,290.0,0.0
2025-08-07 15:30:00,968.5503266755148,0.0,292.0,0.0
2025-08-07 16:00:00,892.1028154886066,0.0,280.0,0.0
2025-08-07 16:30:00,893.5045515939719,0.0,271.0,0.0
2025-08-07 17:00:00,826.9720610003072,0.0,277.0,0.0
2025-08-07 17:30:00,917.9747543281755,0.0,292.0,0.0
2025-08-07 18:00:00,848.9030340280467,0.0,266.0,0.0
2025-08-07 18:30:00,510.154358869482,0.0,130.0,0.0
2025-08-07 19:00:00,491.76364612476806,0.0,110.0,0.0
2025-08-07 19:30:00,486.6782671189149,0.0,101.0,0.0
2025-08-07 20:00:00,447.37974016138696,0.0,96.0,0.0
2025-08-07 20:30:00,415.9031659002054,0.0,81.0,0.0
2025-08-07 21:00:00,402.0763616756658,0.0,78.0,0.0
2025-08-07 21:30:00,436.39941940378566,0.0,77.0,0.0
2025-08-07 22:00:00,504.86194411112024,0.0,132.0,0.0
2025-08-07 22:30:00,570.1162483003482,0.0,175.0,0.0
2025-08-07 23:00:00,607.7067321825405,0.0,168.0,0.0
2025-08-07 23:30:00,627.3602385281515,0.0,183.0,0.0
2025-08-08 00:00:00,700.040200538303,0.0,194.0,0.0
2025-08-08 00:30:00,543.7250113202199,0.0,173.0,0.0
2025-08-08 01:00:00,576.454492897118,0.0,184.0,0.0
2025-08-08 01:30:00,617.209534897238,0.0,183.0,0.0
2025-08-08 02:00:00,629.7971488609295,0.0,180.0,0.0
2025-08-08 02:30:00,653.1659065853751,0.0,182.0,0.0
2025-08-08 03:00:00,657.8002916726228,0.0,188.0,0.0
2025-08-08 03:30:00,628.2533719022612,0.0,191.0,0.0
2025-08-08 04:00:00,672.1259601787918,0.0,188.0,0.0
2025-08-08 04:30:00,668.1923985443717,0.0,186.00000000000003,0.0
2025-08-08 05:00:00,642.3374564223864,0.0,188.0,0.0
2025-08-08 05:30:00,678.8756654849864,0.0,191.99999999999997,0.0
2025-08-08 06:00:00,654.4618070393794,0.0,191.0,0.0
2025-08-08 06:30:00,605.7236274024186,0.0,184.0,0.0
2025-08-08 07:00:00,662.9096777194923,0.0,192.99999999999997,0.0
2025-08-08 07:30:00,673.8463138982437,0.0,209.0,0.0
2025-08-08 08:00:00,699.7668758785525,0.0,222.00000000000003,0.0
2025-08-08 08:30:00,877.1916263775163,0.0,255.0,0.0
2025-08-08 09:00:00,746.434604884676,0.0,273.0,0.0
2025-08-08 09:30:00,781.8509385405362,0.0,272.0,0.0
2025-08-08 10:00:00,816.4999564249259,0.0,274.0,0.0
2025-08-08 10:30:00,882.298335844086,0.0,282.0,0.0
2025-08-08 11:00:00,878.1170654741652,0.0,285.0,0.0
2025-08-08 11:30:00,823.3493401842006,0.0,311.0,0.0
2025-08-08 12:00:00,820.4143715379171,0.0,311.0,0.0
2025-08-08 12:30:00,832.6108044591892,0.0,313.0,0.0
2025-08-08 13:00:00,967.8026912480105,0.0,313.0,0.0
2025-08-08 13:30:00,951.7768464708495,0.0,322.0,0.0
2025-08-08 14:00:00,879.120686134313,0.0,323.0,0.0
2025-08-08 14:30:00,887.2911254441971,0.0,325.0,0.0
2025-08-08 15:00:00,861.4059741444838,0.0,357.0,0.0
2025-08-08 15:30:00,857.1746891518001,0.0,380.0,0.0
2025-08-08 16:00:00,900.4667301179308,0.0,372.0,0.0
2025-08-08 16:30:00,838.2797597591899,0.0,370.0,0.0
2025-08-08 17:00:00,859.2590389609109,0.0,369.0,0.0
2025-08-08 17:30:00,813.5836979728446,0.0,382.0,0.0
2025-08-08 18:00:00,844.7609395611383,0.0,373.0,0.0
2025-08-08 18:30:00,860.084444817192,0.0,364.0,0.0
2025-08-08 19:00:00,851.7148853793242,0.0,348.0,0.0
2025-08-08 19:30:00,830.9502737768826,0.0,330.0,0.0
2025-08-08 20:00:00,704.9647457379135,0.0,290.0,0.0
2025-08-08 20:30:00,738.1307467324181,0.0,280.0,0.0
2025-08-08 21:00:00,662.9110907514279,0.0,282.0,0.0
2025-08-08 21:30:00,691.345170144747,0.0,274.0,0.0
2025-08-08 22:00:00,692.2115932673886,0.0,277.0,0.0
2025-08-08 22:30:00,618.322558643113,0.0,276.0,0.0
2025-08-08 23:00:00,666.5722809320627,0.0,274.0,0.0
2025-08-08 23:30:00,681.3436093544855,0.0,275.0,0.0
2025-08-09 00:00:00,663.2819615258726,0.0,316.0,0.0
2025-08-09 00:30:00,649.0514254780026,0.0,305.0,0.0
2025-08-09 01:00:00,656.628681978193,0.0,317.0,0.0
2025-08-09 01:30:00,635.332531660964,0.0,318.0,0.0
2025-08-09 02:00:00,693.9087430131199,0.0,321.0,0.0
2025-08-09 02:30:00,690.0376148288436,0.0,317.0,0.0
2025-08-09 03:00:00,657.4448829461019,0.0,320.0,0.0
2025-08-09 03:30:00,659.9782697114645,0.0,322.0,0.0
2025-08-09 04:00:00,666.2540753000651,0.0,319.0,0.0
2025-08-09 04:30:00,667.056105319574,0.0,325.0,0.0
2025-08-09 05:00:00,651.8178159803011,0.0,323.0,0.0
2025-08-09 05:30:00,646.0671551315037,0.0,323.0,0.0
2025-08-09 06:00:00,625.8086081659217,0.0,314.99999999999994,0.0
2025-08-09 06:30:00,548.5363580223193,0.0,305.0,0.0
2025-08-09 07:00:00,618.6618122659056,0.0,310.0,0.0
2025-08-09 07:30:00,548.6424622716588,0.0,309.0,0.0
2025-08-09 08:00:00,484.840336755368,0.0,267.0,0.0
2025-08-09 08:30:00,375.9227091865415,0.0,182.0,0.0
2025-08-09 09:00:00,349.6780541098459,0.0,161.0,0.0
2025-08-09 09:30:00,357.2494839643171,0.0,147.0,0.0
2025-08-09 10:00:00,315.92940641963173,0.0,147.0,0.0
2025-08-09 10:30:00,303.7503576739836,0.0,146.0,0.0
2025-08-09 11:00:00,320.46058953791317,0.0,140.0,0.0
2025-08-09 11:30:00,322.9391327901698,0.0,137.0,0.0
2025-08-09 12:00:00,328.7131242752023,0.0,141.0,0.0
2025-08-09 12:30:00,342.7460300044762,0.0,147.0,0.0
2025-08-09 13:00:00,306.48201374739625,0.0,149.0,0.0
2025-08-09 13:30:00,289.5890984992838,0.0,125.0,0.0
2025-08-09 14:00:00,252.0908039984971,0.0,100.0,0.0
2025-08-09 14:30:00,260.74154529505864,0.0,100.0,0.0
2025-08-09 15:00:00,255.03963401486686,0.0,102.0,0.0
2025-08-09 15:30:00,250.34867753560988,0.0,108.0,0.0
2025-08-09 16:00:00,256.02506644238696,0.0,104.0,0.0
2025-08-09 16:30:00,253.66236626885862,0.0,104.0,0.0
2025-08-09 17:00:00,253.56796627775967,0.0,107.0,0.0
2025-08-09 17:30:00,278.6949392422686,0.0,107.0,0.0
2025-08-09 18:00:00,227.3553528696348,0.0,102.0,0.0
2025-08-09 18:30:00,162.21736903933387,0.0,69.0,0.0
2025-08-09 19:00:00,95.8681501219977,0.0,46.0,0.0
2025-08-09 19:30:00,103.28591505519896,0.0,47.0,0.0
2025-08-09 20:00:00,95.62540925850898,0.0,41.0,0.0
2025-08-09 20:30:00,66.9814629190194,0.0,22.0,0.0
2025-08-09 21:00:00,74.1517619338342,0.0,23.0,0.0
2025-08-09 21:30:00,67.77640762147112,0.0,21.0,0.0
2025-08-09 22:00:00,74.91403531335092,0.0,23.0,0.0
2025-08-09 22:30:00,70.59713860722324,0.0,22.0,0.0
2025-08-09 23:00:00,67.44530889739504,0.0,20.0,0.0
2025-08-09 23:30:00,67.02111115699972,0.0,23.0,0.0
2025-08-10 00:00:00,88.78249384474425,0.0,25.000000000000004,0.0
2025-08-10 00:30:00,89.72828510718547,0.0,28.0,0.0
2025-08-10 01:00:00,88.16704694201647,0.0,24.0,0.0
2025-08-10 01:30:00,83.39532780945014,0.0,27.000000000000004,0.0
2025-08-10 02:00:00,81.0229809233696,0.0,25.0,0.0
2025-08-10 02:30:00,84.3692327291254,0.0,28.0,0.0
2025-08-10 03:00:00,89.05214699837065,0.0,27.999999999999996,0.0
2025-08-10 03:30:00,82.55736489931495,0.0,28.0,0.0
2025-08-10 04:00:00,88.59661559776714,0.0,28.000000000000004,0.0
2025-08-10 04:30:00,81.31698978231216,0.0,28.0,0.0
2025-08-10 05:00:00,85.81536268645759,0.0,28.0,0.0
2025-08-10 05:30:00,86.14973098059507,0.0,28.0,0.0
2025-08-10 06:00:00,96.1549375414324,0.0,29.0,0.0
2025-08-10 06:30:00,80.7293366333192,0.0,30.0,0.0
2025-08-10 07:00:00,93.08118314573473,0.0,29.999999999999996,0.0
2025-08-10 07:30:00,85.29428293840816,0.0,29.0,0.0
2025-08-10 08:00:00,86.40049072896157,0.0,30.999999999999996,0.0
2025-08-10 08:30:00,87.21303820453787,0.0,33.0,0.0
2025-08-10 09:00:00,88.62789075687634,0.0,31.0,0.0
2025-08-10 09:30:00,87.0459371322682,0.0,31.0,0.0
2025-08-10 10:00:00,94.09746409587241,0.0,30.999999999999996,0.0
2025-08-10 10:30:00,86.7146375330749,0.0,33.0,0.0
2025-08-10 11:00:00,96.99695668630274,0.0,33.0,0.0
2025-08-10 11:30:00,89.82949219509136,0.0,34.0,0.0
2025-08-10 12:00:00,91.5234440250181,0.0,33.0,0.0
2025-08-10 12:30:00,86.87969188498789,0.0,33.0,0.0
2025-08-10 13:00:00,93.88855887639511,0.0,34.0,0.0
2025-08-10 13:30:00,99.52682956609605,0.0,34.0,0.0
2025-08-10 14:00:00,94.49309963910969,0.0,35.0,0.0
2025-08-10 14:30:00,93.92617113104735,0.0,35.0,0.0
2025-08-10 15:00:00,91.4996808139359,0.0,35.0,0.0
2025-08-10 15:30:00,96.7973831682079,0.0,36.0,0.0
2025-08-10 16:00:00,88.244144318895,0.0,34.0,0.0
2025-08-10 16:30:00,91.50366293166994,0.0,35.0,0.0
2025-08-10 17:00:00,93.87251403999251,0.0,35.0,0.0
2025-08-10 17:30:00,97.854270577633,0.0,36.0,0.0
2025-08-10 18:00:00,102.36773834519802,0.0,34.0,0.0
2025-08-10 18:30:00,87.1274061382018,0.0,35.0,0.0
2025-08-10 19:00:00,95.10842679503581,0.0,33.0,0.0
2025-08-10 19:30:00,90.8539611320426,0.0,30.999999999999996,0.0
2025-08-10 20:00:00,90.0934869314182,0.0,33.0,0.0
2025-08-10 20:30:00,91.70148389934698,0.0,31.0,0.0
2025-08-10 21:00:00,91.06103891942334,0.0,31.999999999999996,0.0
2025-08-10 21:30:00,93.33234656256631,0.0,32.0,0.0
2025-08-10 22:00:00,90.92492579132144,0.0,34.0,0.0
2025-08-10 22:30:00,86.33137306887355,0.0,33.0,0.0
2025-08-10 23:00:00,83.77348520575227,0.0,35.0,0.0
2025-08-10 23:30:00,94.79839401426082,0.0,33.0,0.0
2025-08-11 00:00:00,96.70161993226179,0.0,25.0,0.0
2025-08-11 00:30:00,96.70165526061864,0.0,25.0,0.0
2025-08-11 01:00:00,83.48325441400375,0.0,23.08510638297872,0.0
2025-08-11 01:30:00,87.05854397904558,0.0,20.19148936170213,0.0
2025-08-11 02:00:00,87.0271269462206,0.0,20.0,0.0
2025-08-11 02:30:00,89.6488380776809,0.0,19.106382978723403,0.0
2025-08-11 03:00:00,90.34686967534702,0.0,20.74468085106383,0.0
2025-08-11 03:30:00,87.13012757238813,0.0,21.851063829787233,0.0
2025-08-11 04:00:00,78.99960663887927,0.0,20.340425531914896,0.0
2025-08-11 04:30:00,77.26530900585246,0.0,20.0,0.0
2025-08-11 05:00:00,75.76473573478837,0.0,19.21276595744681,0.0
2025-08-11 05:30:00,90.20926107460322,0.0,19.0,0.0
2025-08-11 06:00:00,111.30516658427537,0.0,19.0,0.0
2025-08-11 06:30:00,123.33437789122881,0.0,19.72340425531915,0.0
2025-08-11 07:00:00,240.48625683786122,0.0,91.61702127659564,0.0
2025-08-11 07:30:00,396.22192950654625,0.0,182.595744680851,0.0
2025-08-11 08:00:00,688.2948539980183,0.0,275.6382978723404,0.0
2025-08-11 08:30:00,855.2063681096519,0.0,318.57446808510633,0.0
2025-08-11 09:00:00,822.3691446128556,0.0,306.7234042553192,0.0
2025-08-11 09:30:00,946.9510318621476,0.0,293.6170212765958,0.0
2025-08-11 10:00:00,860.8867261521038,0.0,285.10638297872345,0.0
2025-08-11 10:30:00,805.0255478838011,0.0,303.23404255319144,0.0
2025-08-11 11:00:00,831.3643828975448,0.0,327.3191489361702,0.0
2025-08-11 11:30:00,827.4743548434296,0.0,332.0,0.0
2025-08-11 12:00:00,858.2517902859046,0.0,349.6170212765958,0.0
2025-08-11 12:30:00,832.9958408517936,0.0,372.6808510638298,0.0
2025-08-11 13:00:00,824.959429126816,0.0,373.531914893617,0.0
2025-08-11 13:30:00,874.2192075523808,0.0,371.4042553191489,0.0
2025-08-11 14:00:00,888.0017406253955,0.0,375.1914893617021,0.0
2025-08-11 14:30:00,892.7372851712801,0.0,373.2340425531915,0.0
2025-08-11 15:00:00,892.8275116141745,0.0,355.7234042553192,0.0
2025-08-11 15:30:00,900.107457863588,0.0,320.19148936170217,0.0
2025-08-11 16:00:00,779.658495632893,0.0,299.3404255319149,0.0
2025-08-11 16:30:00,839.0567979344064,0.0,288.3617021276595,0.0
2025-08-11 17:00:00,771.5210753142632,0.0,302.6595744680851,0.0
2025-08-11 17:30:00,873.1723442081427,0.0,303.1702127659575,0.0
2025-08-11 18:00:00,865.519031730956,0.0,284.27659574468095,0.0
2025-08-11 18:30:00,887.089335360095,0.0,257.936170212766,0.0
2025-08-11 19:00:00,893.6538466191187,0.0,250.55319148936175,0.0
2025-08-11 19:30:00,825.1939526953639,0.0,233.9574468085107,0.0
2025-08-11 20:00:00,758.3874249247013,0.0,219.8297872340426,0.0
2025-08-11 20:30:00,716.9605896324802,0.0,196.51063829787233,0.0
2025-08-11 21:00:00,683.659011558797,0.0,200.1063829787234,0.0
2025-08-11 21:30:00,705.2700357496309,0.0,200.91489361702128,0.0
2025-08-11 22:00:00,734.1526486137747,0.0,199.48936170212767,0.0
2025-08-11 22:30:00,678.7501265267999,0.0,191.70212765957447,0.0
2025-08-11 23:00:00,714.6099881779807,0.0,184.82978723404258,0.0
2025-08-11 23:30:00,684.4013079023465,0.0,177.0,0.0
2025-08-12 00:00:00,387.7057969008721,0.0,80.0,0.0
2025-08-12 00:30:00,398.9685634741822,0.0,76.0,0.0
2025-08-12 01:00:00,368.3736048537133,0.0,81.0,0.0
2025-08-12 01:30:00,344.6396287516218,0.0,86.99999999999999,0.0
2025-08-12 02:00:00,360.9205106280473,0.0,94.0,0.0
2025-08-12 02:30:00,301.2067316437019,0.0,94.0,0.0
2025-08-12 03:00:00,346.1625484610273,0.0,79.0,0.0
2025-08-12 03:30:00,288.54010728625997,0.0,81.0,0.0
2025-08-12 04:00:00,322.50776471292403,0.0,79.0,0.0
2025-08-12 04:30:00,369.2362303213885,0.0,86.0,0.0
2025-08-12 05:00:00,365.5238986702123,0.0,85.0,0.0
2025-08-12 05:30:00,332.4077817456508,0.0,82.0,0.0
2025-08-12 06:00:00,343.30529575659676,0.0,83.0,0.0
2025-08-12 06:30:00,373.834873513827,0.0,82.0,0.0
2025-08-12 07:00:00,349.3553766147175,0.0,86.0,0.0
2025-08-12 07:30:00,410.6487948075839,0.0,93.0,0.0
2025-08-12 08:00:00,410.00063917017854,0.0,108.0,0.0
2025-08-12 08:30:00,488.139817314823,0.0,130.0,0.0
2025-08-12 09:00:00,540.2056912184802,0.0,175.0,0.0
2025-08-12 09:30:00,485.6207671239339,0.0,180.0,0.0
2025-08-12 10:00:00,461.1870975247501,0.0,168.0,0.0
2025-08-12 10:30:00,503.14433438194123,0.0,183.0,0.0
2025-08-12 11:00:00,511.12829393206124,0.0,193.0,0.0
2025-08-12 11:30:00,504.6614313167294,0.0,189.0,0.0
2025-08-12 12:00:00,538.7196219334656,0.0,194.0,0.0
2025-08-12 12:30:00,538.2172153569596,0.0,205.0,0.0
2025-08-12 13:00:00,522.899700352114,0.0,222.0,0.0
2025-08-12 13:30:00,486.36023785772124,0.0,237.0,0.0
2025-08-12 14:00:00,500.77755356315004,0.0,236.0,0.0
2025-08-12 14:30:00,515.4090385414303,0.0,235.0,0.0
2025-08-12 15:00:00,506.4071984629088,0.0,230.0,0.0
2025-08-12 15:30:00,520.4714744711686,0.0,221.0,0.0
2025-08-12 16:00:00,466.0960593185114,0.0,221.0,0.0
2025-08-12 16:30:00,414.7911041858792,0.0,178.0,0.0
2025-08-12 17:00:00,470.3599856736762,0.0,176.0,0.0
2025-08-12 17:30:00,426.5605399339976,0.0,167.0,0.0
2025-08-12 18:00:00,388.5738318437993,0.0,184.0,0.0
2025-08-12 18:30:00,349.28254013981035,0.0,156.0,0.0
2025-08-12 19:00:00,336.0494589546688,0.0,143.0,0.0
2025-08-12 19:30:00,306.1283946109701,0.0,142.0,0.0
2025-08-12 20:00:00,379.666912835821,0.0,174.0,0.0
2025-08-12 20:30:00,657.7741668580129,0.0,269.0,0.0
2025-08-12 21:00:00,599.5570701143602,0.0,275.0,0.0
2025-08-12 21:30:00,589.2493911762255,0.0,273.0,0.0
2025-08-12 22:00:00,527.3005454545387,0.0,269.0,0.0
2025-08-12 22:30:00,578.5807407308818,0.0,278.0,0.0
2025-08-12 23:00:00,554.5206485313879,0.0,271.0,0.0
2025-08-12 23:30:00,550.4438691534889,0.0,267.0,0.0
2025-08-13 00:00:00,655.0812554913692,0.0,178.0,0.0
2025-08-13 00:30:00,619.53027820801,0.0,156.0,0.0
2025-08-13 01:00:00,679.5358306471728,0.0,164.0,0.0
2025-08-13 01:30:00,619.8940408510474,0.0,164.00000000000003,0.0
2025-08-13 02:00:00,609.0375932576503,0.0,165.0,0.0
2025-08-13 02:30:00,653.8085804428042,0.0,160.0,0.0
2025-08-13 03:00:00,576.3095397134659,0.0,146.0,0.0
2025-08-13 03:30:00,642.6423031682758,0.0,155.0,0.0
2025-08-13 04:00:00,640.7688827312747,0.0,168.0,0.0
2025-08-13 04:30:00,634.8252314998867,0.0,167.0,0.0
2025-08-13 05:00:00,699.136321730029,0.0,168.0,0.0
2025-08-13 05:30:00,603.8313937971714,0.0,156.0,0.0
2025-08-13 06:00:00,687.4209512917008,0.0,154.0,0.0
2025-08-13 06:30:00,600.0592826731734,0.0,149.0,0.0
2025-08-13 07:00:00,576.7427854291371,0.0,147.0,0.0
2025-08-13 07:30:00,656.1057410223019,0.0,164.0,0.0
2025-08-13 08:00:00,669.7873773799175,0.0,193.0,0.0
2025-08-13 08:30:00,802.9982495409164,0.0,242.0,0.0
2025-08-13 09:00:00,881.0906474607692,0.0,254.99999999999997,0.0
2025-08-13 09:30:00,920.4378547655754,0.0,297.0,0.0
2025-08-13 10:00:00,874.6184608490241,0.0,333.0,0.0
2025-08-13 10:30:00,957.9701078456429,0.0,307.0,0.0
2025-08-13 11:00:00,935.5215205364206,0.0,299.0,0.0
2025-08-13 11:30:00,967.5274797824842,0.0,302.0,0.0
2025-08-13 12:00:00,886.8090709476098,0.0,289.0,0.0
2025-08-13 12:30:00,945.7162622266097,0.0,304.0,0.0
2025-08-13 13:00:00,808.5693701516577,0.0,313.0,0.0
2025-08-13 13:30:00,864.2604055431756,0.0,315.0,0.0
2025-08-13 14:00:00,871.3739796112623,0.0,321.0,0.0
2025-08-13 14:30:00,906.0290982041498,0.0,321.0,0.0
2025-08-13 15:00:00,838.2642519885376,0.0,301.0,0.0
2025-08-13 15:30:00,862.8316354016608,0.0,298.0,0.0
2025-08-13 16:00:00,824.7172890600104,0.0,222.99999999999997,0.0
2025-08-13 16:30:00,834.3590395656125,0.0,284.0,0.0
2025-08-13 17:00:00,892.2256208074326,0.0,299.0,0.0
2025-08-13 17:30:00,877.0942098312617,0.0,307.0,0.0
2025-08-13 18:00:00,870.2821710329288,0.0,296.0,0.0
2025-08-13 18:30:00,862.1592888433925,0.0,295.0,0.0
2025-08-13 19:00:00,850.9774543295391,0.0,292.0,0.0
2025-08-13 19:30:00,882.9742997679572,0.0,274.0,0.0
2025-08-13 20:00:00,864.4453845062937,0.0,259.0,0.0
2025-08-13 20:30:00,711.5881588098515,0.0,210.0,0.0
2025-08-13 21:00:00,715.0955528989025,0.0,211.99999999999997,0.0
2025-08-13 21:30:00,642.1523479010662,0.0,210.0,0.0
2025-08-13 22:00:00,676.335178567111,0.0,211.0,0.0
2025-08-13 22:30:00,700.5783243371453,0.0,215.0,0.0
2025-08-13 23:00:00,702.3485043691214,0.0,216.0,0.0
2025-08-13 23:30:00,674.1380310276461,0.0,214.0,0.0
2025-08-14 00:00:00,673.1052927592665,0.0,190.0,0.0
2025-08-14 00:30:00,638.5974163578359,0.0,179.0,0.0
2025-08-14 01:00:00,653.3040556079095,0.0,181.0,0.0
2025-08-14 01:30:00,747.1008117933744,0.0,186.99999999999997,0.0
2025-08-14 02:00:00,668.8883899554461,0.0,184.0,0.0
2025-08-14 02:30:00,612.9880840898522,0.0,188.0,0.0
2025-08-14 03:00:00,672.6644826805793,0.0,187.0,0.0
2025-08-14 03:30:00,639.9882394489583,0.0,189.0,0.0
2025-08-14 04:00:00,627.8593493640562,0.0,189.0,0.0
2025-08-14 04:30:00,663.2626523384976,0.0,190.0,0.0
2025-08-14 05:00:00,629.2965848254186,0.0,185.0,0.0
2025-08-14 05:30:00,651.5506441332643,0.0,188.0,0.0
2025-08-14 06:00:00,633.8629259616956,0.0,185.0,0.0
2025-08-14 06:30:00,634.7454325476089,0.0,183.0,0.0
2025-08-14 07:00:00,651.0457879807773,0.0,181.0,0.0
2025-08-14 07:30:00,604.3168342994077,0.0,196.99999999999997,0.0
2025-08-14 08:00:00,736.7426490632613,0.0,217.00000000000003,0.0
2025-08-14 08:30:00,773.0238566421579,0.0,248.0,0.0
2025-08-14 09:00:00,779.8688211272513,0.0,284.0,0.0
2025-08-14 09:30:00,886.8423351631167,0.0,363.0,0.0
2025-08-14 10:00:00,895.2233692417385,0.0,395.0,0.0
2025-08-14 10:30:00,859.5830250347484,0.0,409.0,0.0
2025-08-14 11:00:00,911.5242920278351,0.0,407.0,0.0
2025-08-14 11:30:00,834.5085313337285,0.0,338.0,0.0
2025-08-14 12:00:00,840.3657756713962,0.0,298.0,0.0
2025-08-14 12:30:00,859.468791794786,0.0,327.0,0.0
2025-08-14 13:00:00,890.421043061107,0.0,334.0,0.0
2025-08-14 13:30:00,890.4652096031449,0.0,311.0,0.0
2025-08-14 14:00:00,868.8319212335717,0.0,286.0,0.0
2025-08-14 14:30:00,970.2694663931456,0.0,293.0,0.0
2025-08-14 15:00:00,944.4257104846193,0.0,290.0,0.0
2025-08-14 15:30:00,845.9358388302808,0.0,283.0,0.0
2025-08-14 16:00:00,831.7811002319353,0.0,271.0,0.0
2025-08-14 16:30:00,889.9115081209084,0.0,254.00000000000003,0.0
2025-08-14 17:00:00,909.8750614471921,0.0,267.0,0.0
2025-08-14 17:30:00,944.7095095873628,0.0,280.0,0.0
2025-08-14 18:00:00,942.1799276131869,0.0,283.0,0.0
2025-08-14 18:30:00,942.7942463589276,0.0,286.0,0.0
2025-08-14 19:00:00,952.9504760512189,0.0,275.0,0.0
2025-08-14 19:30:00,857.3669485473521,0.0,267.0,0.0
2025-08-14 20:00:00,741.2971344443099,0.0,204.99999999999997,0.0
2025-08-14 20:30:00,708.7167551870915,0.0,187.00000000000003,0.0
2025-08-14 21:00:00,750.1826937685629,0.0,224.0,0.0
2025-08-14 21:30:00,763.8620829992329,0.0,221.0,0.0
2025-08-14 22:00:00,704.5891921867482,0.0,228.0,0.0
2025-08-14 22:30:00,635.3982752588746,0.0,228.0,0.0
2025-08-14 23:00:00,670.8962857209401,0.0,233.00000000000003,0.0
2025-08-14 23:30:00,700.8783461575183,0.0,236.0,0.0
2025-08-15 00:00:00,587.0508434935841,0.0,167.0,0.0
2025-08-15 00:30:00,605.2046208421859,0.0,161.0,0.0
2025-08-15 01:00:00,686.3704740064545,0.0,177.0,0.0
2025-08-15 01:30:00,693.8171853016781,0.0,178.00000000000003,0.0
2025-08-15 02:00:00,689.5002675887356,0.0,176.00000000000003,0.0
2025-08-15 02:30:00,673.4878339707512,0.0,182.99999999999997,0.0
2025-08-15 03:00:00,632.056039313002,0.0,179.0,0.0
2025-08-15 03:30:00,630.9343093122993,0.0,187.0,0.0
2025-08-15 04:00:00,684.7994010938971,0.0,187.0,0.0
2025-08-15 04:30:00,696.3599987742576,0.0,187.00000000000003,0.0
2025-08-15 05:00:00,765.3859901177601,0.0,192.00000000000003,0.0
2025-08-15 05:30:00,730.671195311696,0.0,180.0,0.0
2025-08-15 06:00:00,665.70941440561,0.0,181.0,0.0
2025-08-15 06:30:00,619.841484115406,0.0,180.0,0.0
2025-08-15 07:00:00,652.4216163090888,0.0,173.0,0.0
2025-08-15 07:30:00,705.2578929997704,0.0,198.0,0.0
2025-08-15 08:00:00,732.0279720017268,0.0,222.0,0.0
2025-08-15 08:30:00,778.5545367835991,0.0,227.0,0.0
2025-08-15 09:00:00,861.4362027199297,0.0,239.0,0.0
2025-08-15 09:30:00,841.1762392890978,0.0,251.00000000000003,0.0
2025-08-15 10:00:00,837.7973980110451,0.0,252.0,0.0
2025-08-15 10:30:00,899.1473940689447,0.0,261.0,0.0
2025-08-15 11:00:00,862.5671005707733,0.0,260.0,0.0
2025-08-15 11:30:00,875.5170266145358,0.0,251.00000000000003,0.0
2025-08-15 12:00:00,837.4860581840212,0.0,242.0,0.0
2025-08-15 12:30:00,794.5204139000164,0.0,256.0,0.0
2025-08-15 13:00:00,817.2699529026313,0.0,326.0,0.0
2025-08-15 13:30:00,886.6878920118849,0.0,377.0,0.0
2025-08-15 14:00:00,800.2913760605093,0.0,383.0,0.0
2025-08-15 14:30:00,762.4743209136925,0.0,372.0,0.0
2025-08-15 15:00:00,794.6144256815988,0.0,379.0,0.0
2025-08-15 15:30:00,884.6056699005052,0.0,374.0,0.0
2025-08-15 16:00:00,894.9012603133889,0.0,381.0,0.0
2025-08-15 16:30:00,840.6075306434814,0.0,365.0,0.0
2025-08-15 17:00:00,915.3074343589491,0.0,379.0,0.0
2025-08-15 17:30:00,740.5284019980467,0.0,384.0,0.0
2025-08-15 18:00:00,878.9627703185963,0.0,389.0,0.0
2025-08-15 18:30:00,903.8986122960094,0.0,379.0,0.0
2025-08-15 19:00:00,774.7989606973707,0.0,372.0,0.0
2025-08-15 19:30:00,807.5083033942633,0.0,376.0,0.0
2025-08-15 20:00:00,733.2570766293413,0.0,351.0,0.0
2025-08-15 20:30:00,660.6353024187313,0.0,321.0,0.0
2025-08-15 21:00:00,673.2549879261065,0.0,325.0,0.0
2025-08-15 21:30:00,720.1563528993526,0.0,320.0,0.0
2025-08-15 22:00:00,748.4109161423083,0.0,332.0,0.0
2025-08-15 22:30:00,662.8951527846716,0.0,330.0,0.0
2025-08-15 23:00:00,740.6758010181619,0.0,324.0,0.0
2025-08-15 23:30:00,678.4847618166073,0.0,322.0,0.0
2025-08-16 00:00:00,644.75693802309,0.0,235.00000000000003,0.0
2025-08-16 00:30:00,666.1029957153793,0.0,229.00000000000003,0.0
2025-08-16 01:00:00,684.7932295167965,0.0,226.0,0.0
2025-08-16 01:30:00,642.4473421727848,0.0,225.0,0.0
2025-08-16 02:00:00,611.6369360176932,0.0,225.0,0.0
2025-08-16 02:30:00,574.9256995965114,0.0,205.0,0.0
2025-08-16 03:00:00,632.7620898426261,0.0,232.0,0.0
2025-08-16 03:30:00,616.9088250625371,0.0,234.0,0.0
2025-08-16 04:00:00,594.4941636000078,0.0,234.0,0.0
2025-08-16 04:30:00,696.0571671421031,0.0,235.0,0.0
2025-08-16 05:00:00,696.6243299930605,0.0,234.0,0.0
2025-08-16 05:30:00,672.633613305468,0.0,233.0,0.0
2025-08-16 06:00:00,613.0130767183928,0.0,235.0,0.0
2025-08-16 06:30:00,661.5629230053584,0.0,233.0,0.0
2025-08-16 07:00:00,676.8352688466647,0.0,240.99999999999997,0.0
2025-08-16 07:30:00,638.0527340226569,0.0,239.0,0.0
2025-08-16 08:00:00,511.5219423082778,0.0,179.0,0.0
2025-08-16 08:30:00,222.0572288683302,0.0,14.999999999999998,3.0
2025-08-16 09:00:00,229.5297375531801,0.0,22.0,0.0
2025-08-16 09:30:00,369.4212593786459,0.0,95.00000000000001,0.0
2025-08-16 10:00:00,372.41954988911056,0.0,142.0,0.0
2025-08-16 10:30:00,330.7367563289093,0.0,143.0,0.0
2025-08-16 11:00:00,385.12351778042483,0.0,145.0,0.0
2025-08-16 11:30:00,365.9130235264183,0.0,143.0,0.0
2025-08-16 12:00:00,348.47576057353103,0.0,152.0,0.0
2025-08-16 12:30:00,405.8185616634536,0.0,156.0,0.0
2025-08-16 13:00:00,436.62243237975736,0.0,174.0,0.0
2025-08-16 13:30:00,477.1222697694034,0.0,215.0,0.0
2025-08-16 14:00:00,456.59302084276516,0.0,214.0,0.0
2025-08-16 14:30:00,439.90827999210853,0.0,209.0,0.0
2025-08-16 15:00:00,410.2871143086986,0.0,211.0,0.0
2025-08-16 15:30:00,394.62123920964433,0.0,215.00000000000003,0.0
2025-08-16 16:00:00,356.7661952393824,0.0,216.0,0.0
2025-08-16 16:30:00,381.7704862463048,0.0,219.0,0.0
2025-08-16 17:00:00,368.3086856458723,0.0,216.99999999999997,0.0
2025-08-16 17:30:00,266.9981277716039,0.0,159.0,0.0
2025-08-16 18:00:00,206.52995630136277,0.0,115.00000000000001,0.0
2025-08-16 18:30:00,107.68898197779009,0.0,60.0,0.0
2025-08-16 19:00:00,125.61934500337307,0.0,65.0,0.0
2025-08-16 19:30:00,123.61016605148534,0.0,65.0,0.0
2025-08-16 20:00:00,117.36712750027145,0.0,64.0,0.0
2025-08-16 20:30:00,117.7264494191835,0.0,60.0,0.0
2025-08-16 21:00:00,115.5147959350145,0.0,59.00000000000001,0.0
2025-08-16 21:30:00,78.75280816848331,0.0,29.0,0.0
2025-08-16 22:00:00,73.324512182923,0.0,26.0,0.0
2025-08-16 22:30:00,74.90993021391145,0.0,23.0,0.0
2025-08-16 23:00:00,71.6822761904827,0.0,24.0,0.0
2025-08-16 23:30:00,70.76130915610405,0.0,25.0,0.0
2025-08-17 00:00:00,71.54706398866155,0.0,23.0,0.0
2025-08-17 00:30:00,64.01799087914978,0.0,23.0,0.0
2025-08-17 01:00:00,70.87237407161496,0.0,23.0,0.0
2025-08-17 01:30:00,72.02620081879748,0.0,26.0,0.0
2025-08-17 02:00:00,73.7112873712264,0.0,26.0,0.0
2025-08-17 02:30:00,77.52681075417648,0.0,23.0,0.0
2025-08-17 03:00:00,73.54763919561702,0.0,24.0,0.0
2025-08-17 03:30:00,72.55713751996284,0.0,26.0,0.0
2025-08-17 04:00:00,74.24795824306204,0.0,26.0,0.0
2025-08-17 04:30:00,78.36607339262615,0.0,25.999999999999996,0.0
2025-08-17 05:00:00,70.82650532760422,0.0,25.0,0.0
2025-08-17 05:30:00,73.01705106900046,0.0,27.0,0.0
2025-08-17 06:00:00,76.53947777537795,0.0,26.0,0.0
2025-08-17 06:30:00,72.6265193830365,0.0,25.0,0.0
2025-08-17 07:00:00,75.81756378428518,0.0,25.0,0.0
2025-08-17 07:30:00,71.3512809532908,0.0,26.0,0.0
2025-08-17 08:00:00,70.73758468552205,0.0,22.999999999999996,0.0
2025-08-17 08:30:00,65.77034910050706,0.0,25.0,0.0
2025-08-17 09:00:00,65.2405556998271,0.0,22.0,0.0
2025-08-17 09:30:00,66.61081741165363,0.0,23.0,0.0
2025-08-17 10:00:00,64.18530071233619,0.0,24.0,0.0
2025-08-17 10:30:00,62.057333227474004,0.0,23.0,0.0
2025-08-17 11:00:00,72.79315085513153,0.0,25.000000000000004,0.0
2025-08-17 11:30:00,68.14289713846806,0.0,23.0,0.0
2025-08-17 12:00:00,64.84686827761108,0.0,21.0,0.0
2025-08-17 12:30:00,69.02645144674989,0.0,24.0,0.0
2025-08-17 13:00:00,74.34949835901219,0.0,24.0,0.0
2025-08-17 13:30:00,61.45040115225017,0.0,22.0,0.0
2025-08-17 14:00:00,64.16965702341527,0.0,24.0,0.0
2025-08-17 14:30:00,67.13236261097055,0.0,25.0,0.0
2025-08-17 15:00:00,75.52188843198883,0.0,25.0,0.0
2025-08-17 15:30:00,72.4088355290219,0.0,26.0,0.0
2025-08-17 16:00:00,72.02105618991953,0.0,25.999999999999996,0.0
2025-08-17 16:30:00,65.40592193247024,0.0,24.0,0.0
2025-08-17 17:00:00,67.40325692528423,0.0,25.0,0.0
2025-08-17 17:30:00,72.99869496870008,0.0,27.0,0.0
2025-08-17 18:00:00,70.58506737056183,0.0,25.0,0.0
2025-08-17 18:30:00,72.31101190358285,0.0,26.0,0.0
2025-08-17 19:00:00,69.71958578292278,0.0,23.0,0.0
2025-08-17 19:30:00,74.4613437635414,0.0,24.0,0.0
2025-08-17 20:00:00,75.04867735310172,0.0,26.0,0.0
2025-08-17 20:30:00,78.41529412640651,0.0,25.0,0.0
2025-08-17 21:00:00,78.52564925605844,0.0,25.0,0.0
2025-08-17 21:30:00,70.30398962145148,0.0,27.0,0.0
2025-08-17 22:00:00,66.99880847214362,0.0,25.0,0.0
2025-08-17 22:30:00,79.2605871307368,0.0,25.0,0.0
2025-08-17 23:00:00,79.96247450197055,0.0,26.999999999999996,0.0
2025-08-17 23:30:00,71.62816872435667,0.0,26.0,0.0
2025-08-18 00:00:00,74.94407986882602,0.0,23.0,0.0
2025-08-18 00:30:00,77.80197903853936,0.0,22.021276595744684,0.0
2025-08-18 01:00:00,68.05635794240382,0.0,21.04255319148936,0.0
2025-08-18 01:30:00,76.99751138452413,0.0,23.80851063829787,0.0
2025-08-18 02:00:00,75.00647539330475,0.0,23.085106382978722,0.0
2025-08-18 02:30:00,82.57222767077492,0.0,23.0,0.0
2025-08-18 03:00:00,75.70471050290975,0.0,24.74468085106383,0.0
2025-08-18 03:30:00,81.93919158643251,0.0,24.148936170212767,0.0
2025-08-18 04:00:00,71.3144826065707,0.0,23.170212765957448,0.0
2025-08-18 04:30:00,78.54521201605127,0.0,23.0,0.0
2025-08-18 05:00:00,76.9059037047935,0.0,24.574468085106382,0.0
2025-08-18 05:30:00,72.20021568655831,0.0,23.46808510638298,0.0
2025-08-18 06:00:00,75.38318119058391,0.0,23.0,0.0
2025-08-18 06:30:00,78.19160108350137,0.0,23.0,0.0
2025-08-18 07:00:00,70.84188543370277,0.0,22.297872340425535,0.0
2025-08-18 07:30:00,64.72397596040958,0.0,22.0,0.0
2025-08-18 08:00:00,70.99037158748415,0.0,22.659574468085104,0.0
2025-08-18 08:30:00,66.31328831765663,0.0,20.446808510638306,0.0
2025-08-18 09:00:00,67.17022101258551,0.0,19.617021276595743,0.0
2025-08-18 09:30:00,68.06121459098594,0.0,19.404255319148934,0.0
2025-08-18 10:00:00,61.97580091194845,0.0,19.0,0.0
2025-08-18 10:30:00,63.43771341551006,0.0,19.0,0.0
2025-08-18 11:00:00,69.85387104823177,0.0,19.53191489361702,0.0
2025-08-18 11:30:00,65.0744256565781,0.0,18.97872340425532,0.0
2025-08-18 12:00:00,59.557349476795565,0.0,18.97872340425532,0.0
2025-08-18 12:30:00,72.081839118957,0.0,20.0,0.0
2025-08-18 13:00:00,68.91872460865925,0.0,19.5531914893617,0.0
2025-08-18 13:30:00,64.77060485957362,0.0,19.0,0.0
2025-08-18 14:00:00,63.840391168813994,0.0,19.0,0.0
2025-08-18 14:30:00,71.19595558170609,0.0,19.382978723404253,0.0
2025-08-18 15:00:00,68.78296992878857,0.0,19.276595744680854,0.0
2025-08-18 15:30:00,75.36412678811921,0.0,18.340425531914892,0.0
2025-08-18 16:00:00,71.14958521522966,0.0,19.319148936170212,0.0
2025-08-18 16:30:00,71.434607778721,0.0,20.297872340425528,0.0
2025-08-18 17:00:00,69.06086684864601,0.0,21.276595744680847,0.0
2025-08-18 17:30:00,72.98317328028114,0.0,21.489361702127667,0.0
2025-08-18 18:00:00,72.0201645331584,0.0,20.468085106382972,0.0
2025-08-18 18:30:00,75.4074506314557,0.0,21.361702127659584,0.0
2025-08-18 19:00:00,67.93250798115932,0.0,19.0,0.0
2025-08-18 19:30:00,69.67575800773817,0.0,18.65957446808511,0.0
2025-08-18 20:00:00,69.2871389345807,0.0,17.297872340425528,0.0
2025-08-18 20:30:00,77.26879341802,0.0,19.0,0.0
2025-08-18 21:00:00,78.82539082812544,0.0,19.0,0.0
2025-08-18 21:30:00,71.0978063648934,0.0,19.085106382978722,0.0
2025-08-18 22:00:00,74.81151688226275,0.0,20.06382978723404,0.0
2025-08-18 22:30:00,76.62124157316474,0.0,20.95744680851064,0.0
2025-08-18 23:00:00,73.52359448516475,0.0,19.95744680851064,0.0
2025-08-18 23:30:00,76.93594101432967,0.0,18.0,0.0
2025-08-19 00:00:00,67.55459938421744,0.0,22.0,0.0
2025-08-19 00:30:00,71.11665860025421,0.0,23.0,0.0
2025-08-19 01:00:00,69.16575126262781,0.0,21.0,0.0
2025-08-19 01:30:00,64.13390851211935,0.0,23.0,0.0
2025-08-19 02:00:00,68.00858548561618,0.0,20.0,0.0
2025-08-19 02:30:00,67.3570951386506,0.0,22.0,0.0
2025-08-19 03:00:00,75.94977656448023,0.0,21.0,0.0
2025-08-19 03:30:00,65.20754035235333,0.0,21.0,0.0
2025-08-19 04:00:00,65.17715295707788,0.0,20.0,0.0
2025-08-19 04:30:00,69.14144900196806,0.0,20.0,0.0
2025-08-19 05:00:00,69.88801053954613,0.0,20.0,0.0
2025-08-19 05:30:00,67.78544939144851,0.0,21.0,0.0
2025-08-19 06:00:00,60.71224489286936,0.0,21.0,0.0
2025-08-19 06:30:00,69.1310239247985,0.0,21.0,0.0
2025-08-19 07:00:00,61.90401851933476,0.0,23.0,0.0
2025-08-19 07:30:00,62.95194398315109,0.0,21.0,0.0
2025-08-19 08:00:00,59.68554125906282,0.0,23.0,0.0
2025-08-19 08:30:00,61.52298334195708,0.0,21.0,0.0
2025-08-19 09:00:00,56.77408044105879,0.0,21.0,0.0
2025-08-19 09:30:00,58.22972360303952,0.0,20.0,0.0
2025-08-19 10:00:00,64.44069444459674,0.0,23.0,0.0
2025-08-19 10:30:00,65.0364038481474,0.0,23.0,0.0
2025-08-19 11:00:00,63.27597972025359,0.0,22.0,0.0
2025-08-19 11:30:00,67.82862752060461,0.0,22.0,0.0
2025-08-19 12:00:00,63.84171049599636,0.0,23.0,0.0
2025-08-19 12:30:00,65.38479944784113,0.0,23.0,0.0
2025-08-19 13:00:00,66.15773349322295,0.0,23.0,0.0
2025-08-19 13:30:00,61.280616316285325,0.0,22.0,0.0
2025-08-19 14:00:00,68.90584476358417,0.0,23.0,0.0
2025-08-19 14:30:00,67.50998726003273,0.0,24.0,0.0
2025-08-19 15:00:00,65.93442540742025,0.0,23.0,0.0
2025-08-19 15:30:00,74.085644674838,0.0,23.0,0.0
2025-08-19 16:00:00,65.75124756988689,0.0,25.0,0.0
2025-08-19 16:30:00,60.09552960921393,0.0,25.0,0.0
2025-08-19 17:00:00,74.94672949870125,0.0,24.0,0.0
2025-08-19 17:30:00,77.05105361405813,0.0,25.0,0.0
2025-08-19 18:00:00,66.95519491995964,0.0,25.0,0.0
2025-08-19 18:30:00,62.643045675129194,0.0,24.0,0.0
2025-08-19 19:00:00,66.27491093612446,0.0,22.0,0.0
2025-08-19 19:30:00,67.36197618039444,0.0,22.0,0.0
2025-08-19 20:00:00,70.72197188755055,0.0,24.0,0.0
2025-08-19 20:30:00,69.35163911006298,0.0,23.0,0.0
2025-08-19 21:00:00,75.56814851517362,0.0,25.0,0.0
2025-08-19 21:30:00,73.27249132977133,0.0,22.0,0.0
2025-08-19 22:00:00,67.00875725063429,0.0,25.0,0.0
2025-08-19 22:30:00,74.95179136546719,0.0,25.0,0.0
2025-08-19 23:00:00,78.72808538554683,0.0,22.999999999999996,0.0
2025-08-19 23:30:00,70.98512840984601,0.0,22.0,0.0
2025-08-20 00:00:00,69.03497761819835,0.0,22.0,0.0
2025-08-20 00:30:00,87.17081956748113,0.0,24.000000000000004,0.0
2025-08-20 01:00:00,99.26863717847004,0.0,23.0,0.0
2025-08-20 01:30:00,94.84163680406937,0.0,24.000000000000004,0.0
2025-08-20 02:00:00,96.68623493830289,0.0,24.999999999999996,0.0
2025-08-20 02:30:00,90.16095567990703,0.0,23.0,0.0
2025-08-20 03:00:00,79.70403348917561,0.0,25.0,0.0
2025-08-20 03:30:00,86.53173285982491,0.0,25.000000000000004,0.0
2025-08-20 04:00:00,78.1979811902768,0.0,21.0,0.0
2025-08-20 04:30:00,75.32540668987025,0.0,24.0,0.0
2025-08-20 05:00:00,74.5993270985348,0.0,23.0,0.0
2025-08-20 05:30:00,70.61688607743872,0.0,21.0,0.0
2025-08-20 06:00:00,87.04440643374342,0.0,22.000000000000004,0.0
2025-08-20 06:30:00,121.83391712815289,0.0,20.0,0.0
2025-08-20 07:00:00,118.9182501626821,0.0,24.0,0.0
2025-08-20 07:30:00,332.89274554863607,0.0,112.0,0.0
2025-08-20 08:00:00,599.2484315618899,0.0,264.0,0.0
2025-08-20 08:30:00,754.356471954484,0.0,324.0,0.0
2025-08-20 09:00:00,871.9138996417848,0.0,325.0,0.0
2025-08-20 09:30:00,930.7848407328665,0.0,310.0,0.0
2025-08-20 10:00:00,892.4586998355428,0.0,307.0,0.0
2025-08-20 10:30:00,891.9779540663782,0.0,314.0,0.0
2025-08-20 11:00:00,886.5824710721225,0.0,290.0,0.0
2025-08-20 11:30:00,887.5036948530642,0.0,294.0,0.0
2025-08-20 12:00:00,783.4084820894215,0.0,275.0,0.0
2025-08-20 12:30:00,856.9373248544625,0.0,287.0,0.0
2025-08-20 13:00:00,850.4584291401981,0.0,294.0,0.0
2025-08-20 13:30:00,802.6712262926386,0.0,292.0,0.0
2025-08-20 14:00:00,861.843844910052,0.0,288.0,0.0
2025-08-20 14:30:00,802.0418371575712,0.0,290.0,0.0
2025-08-20 15:00:00,910.7777760512196,0.0,288.0,0.0
2025-08-20 15:30:00,926.5168590985165,0.0,291.0,0.0
2025-08-20 16:00:00,847.9964006303621,0.0,285.0,0.0
2025-08-20 16:30:00,832.9060093262938,0.0,265.0,0.0
2025-08-20 17:00:00,740.1025332889702,0.0,276.0,0.0
2025-08-20 17:30:00,799.5738560796214,0.0,287.0,0.0
2025-08-20 18:00:00,837.1793901351771,0.0,286.0,0.0
2025-08-20 18:30:00,803.1472516348155,0.0,289.0,0.0
2025-08-20 19:00:00,869.4453635654567,0.0,283.0,0.0
2025-08-20 19:30:00,900.8552848237226,0.0,258.0,0.0
2025-08-20 20:00:00,735.354369370775,0.0,240.0,0.0
2025-08-20 20:30:00,678.2388202758087,0.0,215.00000000000003,0.0
2025-08-20 21:00:00,725.501530349016,0.0,222.00000000000003,0.0
2025-08-20 21:30:00,746.1670072592464,0.0,211.0,0.0
2025-08-20 22:00:00,667.4882603121441,0.0,210.0,0.0
2025-08-20 22:30:00,697.0730685104165,0.0,195.99999999999997,0.0
2025-08-20 23:00:00,751.1982129392413,0.0,195.0,0.0
2025-08-20 23:30:00,602.6296225372001,0.0,186.0,0.0
2025-08-21 00:00:00,685.9726725705492,0.0,231.00000000000003,0.0
2025-08-21 00:30:00,617.2108913031104,0.0,227.0,0.0
2025-08-21 01:00:00,639.8637866124037,0.0,225.0,0.0
2025-08-21 01:30:00,722.3762735766977,0.0,221.0,0.0
2025-08-21 02:00:00,716.1197797021337,0.0,227.00000000000003,0.0
2025-08-21 02:30:00,625.3829391531746,0.0,207.0,0.0
2025-08-21 03:00:00,620.7389890221796,0.0,208.0,0.0
2025-08-21 03:30:00,566.4634870840894,0.0,209.00000000000003,0.0
2025-08-21 04:00:00,625.1374893301245,0.0,202.0,0.0
2025-08-21 04:30:00,738.6629929935029,0.0,213.0,0.0
2025-08-21 05:00:00,678.4585926968646,0.0,217.99999999999997,0.0
2025-08-21 05:30:00,636.5184842101677,0.0,216.00000000000003,0.0
2025-08-21 06:00:00,685.7234425797268,0.0,220.0,0.0
2025-08-21 06:30:00,592.4464081182886,0.0,210.0,0.0
2025-08-21 07:00:00,643.0953654415491,0.0,206.0,0.0
2025-08-21 07:30:00,681.6737784973288,0.0,226.00000000000003,0.0
2025-08-21 08:00:00,705.848162396203,0.0,246.0,0.0
2025-08-21 08:30:00,871.5921742334916,0.0,279.0,0.0
2025-08-21 09:00:00,858.076101706958,0.0,288.0,0.0
2025-08-21 09:30:00,908.6209484080638,0.0,299.0,0.0
2025-08-21 10:00:00,865.7209589598773,0.0,312.0,0.0
2025-08-21 10:30:00,936.8281669436365,0.0,309.0,0.0
2025-08-21 11:00:00,957.4697807974188,0.0,299.0,0.0
2025-08-21 11:30:00,836.5902868170846,0.0,295.0,0.0
2025-08-21 12:00:00,799.276567678017,0.0,278.0,0.0
2025-08-21 12:30:00,935.7875009910055,0.0,310.0,0.0
2025-08-21 13:00:00,841.5311334132338,0.0,293.0,0.0
2025-08-21 13:30:00,910.390139090159,0.0,283.0,0.0
2025-08-21 14:00:00,843.8263541746998,0.0,275.0,0.0
2025-08-21 14:30:00,944.3009209484028,0.0,274.0,0.0
2025-08-21 15:00:00,860.3794408386314,0.0,265.0,0.0
2025-08-21 15:30:00,892.6585948708912,0.0,278.0,0.0
2025-08-21 16:00:00,964.5251429552297,0.0,282.0,0.0
2025-08-21 16:30:00,825.2769574558862,0.0,259.0,0.0
2025-08-21 17:00:00,835.9223848727314,0.0,280.0,0.0
2025-08-21 17:30:00,853.5374809343142,0.0,301.0,0.0
2025-08-21 18:00:00,820.8953277769637,0.0,301.0,0.0
2025-08-21 18:30:00,506.73884886482983,0.0,175.0,0.0
2025-08-21 19:00:00,544.1481952902021,0.0,168.0,0.0
2025-08-21 19:30:00,506.18655802876253,0.0,164.0,0.0
2025-08-21 20:00:00,532.7979921745214,0.0,153.0,0.0
2025-08-21 20:30:00,431.8864004604865,0.0,146.0,0.0
2025-08-21 21:00:00,457.606362934344,0.0,133.0,0.0
2025-08-21 21:30:00,455.7871806520857,0.0,145.0,0.0
2025-08-21 22:00:00,581.8280668431859,0.0,236.0,0.0
2025-08-21 22:30:00,693.9280057628057,0.0,258.0,0.0
2025-08-21 23:00:00,695.471296166219,0.0,265.0,0.0
2025-08-21 23:30:00,669.7066997491281,0.0,249.0,0.0
2025-08-22 00:00:00,645.9926024756378,0.0,199.0,0.0
2025-08-22 00:30:00,666.5665688828632,0.0,180.0,0.0
2025-08-22 01:00:00,658.0365633448697,0.0,178.0,0.0
2025-08-22 01:30:00,636.3599271826473,0.0,170.00000000000003,0.0
2025-08-22 02:00:00,648.6172316227256,0.0,170.0,0.0
2025-08-22 02:30:00,705.286033556858,0.0,171.0,0.0
2025-08-22 03:00:00,727.348200510205,0.0,187.0,0.0
2025-08-22 03:30:00,650.9704464991669,0.0,187.0,0.0
2025-08-22 04:00:00,673.4511667697569,0.0,196.0,0.0
2025-08-22 04:30:00,702.9769142121339,0.0,194.0,0.0
2025-08-22 05:00:00,631.0588516144469,0.0,191.0,0.0
2025-08-22 05:30:00,652.2645644832211,0.0,181.0,0.0
2025-08-22 06:00:00,643.8063886847513,0.0,181.0,0.0
2025-08-22 06:30:00,621.6055912706012,0.0,171.99999999999997,0.0
2025-08-22 07:00:00,589.431409110638,0.0,173.00000000000003,0.0
2025-08-22 07:30:00,538.9470012008733,0.0,160.0,0.0
2025-08-22 08:00:00,344.68274747619546,0.0,92.0,0.0
2025-08-22 08:30:00,120.37667627969125,0.0,8.0,4.0
2025-08-22 09:00:00,73.74895947463897,0.0,0.0,15.0
2025-08-22 09:30:00,108.54510074073862,0.0,12.0,10.0
2025-08-22 10:00:00,163.3446232354502,0.0,25.0,0.0
2025-08-22 10:30:00,159.3080379560603,0.0,26.0,0.0
2025-08-22 11:00:00,142.7272029007868,0.0,26.0,0.0
2025-08-22 11:30:00,151.50903713694984,0.0,26.0,0.0
2025-08-22 12:00:00,143.8904174322432,0.0,23.000000000000004,0.0
2025-08-22 12:30:00,141.77513964065366,0.0,23.0,0.0
2025-08-22 13:00:00,148.24103156930656,0.0,50.0,0.0
2025-08-22 13:30:00,151.4271926830673,0.0,65.0,0.0
2025-08-22 14:00:00,146.39388132899964,0.0,66.0,0.0
2025-08-22 14:30:00,152.54441280006222,0.0,63.0,0.0
2025-08-22 15:00:00,136.57008336627672,0.0,60.0,0.0
2025-08-22 15:30:00,143.86558419744708,0.0,60.00000000000001,0.0
2025-08-22 16:00:00,162.49987176795062,0.0,60.99999999999999,0.0
2025-08-22 16:30:00,146.45554349609225,0.0,61.0,0.0
2025-08-22 17:00:00,156.31243339667884,0.0,64.0,0.0
2025-08-22 17:30:00,147.55212418850402,0.0,65.0,0.0
2025-08-22 18:00:00,104.96196318618196,0.0,33.0,0.0
2025-08-22 18:30:00,85.43674079522171,0.0,18.0,0.0
2025-08-22 19:00:00,81.91604628221067,0.0,17.0,0.0
2025-08-22 19:30:00,83.3209438101953,0.0,17.0,0.0
2025-08-22 20:00:00,93.77508323761516,0.0,22.0,0.0
2025-08-22 20:30:00,88.86801590498885,0.0,22.0,0.0
2025-08-22 21:00:00,98.01687077583459,0.0,25.000000000000004,0.0
2025-08-22 21:30:00,98.93216662486022,0.0,22.0,0.0
2025-08-22 22:00:00,99.71453776983348,0.0,24.0,0.0
2025-08-22 22:30:00,81.43750648168144,0.0,26.0,0.0
2025-08-22 23:00:00,83.45217956357948,0.0,28.0,0.0
2025-08-22 23:30:00,80.34061393337063,0.0,27.000000000000004,0.0
2025-08-23 00:00:00,662.7720788909321,0.0,196.0,0.0
2025-08-23 00:30:00,607.1660464372734,0.0,186.00000000000003,0.0
2025-08-23 01:00:00,627.7315269125438,0.0,187.99999999999997,0.0
2025-08-23 01:30:00,643.7722380809405,0.0,196.0,0.0
2025-08-23 02:00:00,640.293712204512,0.0,191.0,0.0
2025-08-23 02:30:00,617.9500657338259,0.0,196.0,0.0
2025-08-23 03:00:00,631.0874566155297,0.0,193.0,0.0
2025-08-23 03:30:00,595.8137951944909,0.0,186.0,0.0
2025-08-23 04:00:00,592.179124088299,0.0,185.0,0.0
2025-08-23 04:30:00,619.3240896765018,0.0,188.0,0.0
2025-08-23 05:00:00,528.9718585399131,0.0,182.0,0.0
2025-08-23 05:30:00,552.2964686242805,0.0,184.99999999999997,0.0
2025-08-23 06:00:00,543.0349132199892,0.0,184.0,0.0
2025-08-23 06:30:00,499.14601014980605,0.0,173.0,0.0
2025-08-23 07:00:00,558.7266271840327,0.0,176.0,0.0
2025-08-23 07:30:00,604.2442645939715,0.0,184.0,0.0
2025-08-23 08:00:00,477.5986834918821,0.0,152.0,0.0
2025-08-23 08:30:00,313.14653743042646,0.0,80.0,0.0
2025-08-23 09:00:00,336.6471788999944,0.0,70.0,0.0
2025-08-23 09:30:00,386.1377574247066,0.0,133.0,0.0
2025-08-23 10:00:00,369.99652337974396,0.0,134.0,0.0
2025-08-23 10:30:00,394.2299026932302,0.0,138.0,0.0
2025-08-23 11:00:00,380.1631285042318,0.0,148.0,0.0
2025-08-23 11:30:00,370.393929731639,0.0,185.0,0.0
2025-08-23 12:00:00,369.1527221001234,0.0,201.0,0.0
2025-08-23 12:30:00,374.9635772300961,0.0,227.00000000000003,0.0
2025-08-23 13:00:00,404.50264698572727,0.0,255.0,0.0
2025-08-23 13:30:00,414.7208356479965,0.0,253.99999999999997,0.0
2025-08-23 14:00:00,443.49082544311307,0.0,248.0,0.0
2025-08-23 14:30:00,453.07353790829126,0.0,248.00000000000003,0.0
2025-08-23 15:00:00,390.2480932561819,0.0,254.0,0.0
2025-08-23 15:30:00,434.73429596836496,0.0,259.0,0.0
2025-08-23 16:00:00,423.516329487099,0.0,267.0,0.0
2025-08-23 16:30:00,433.3469638773237,0.0,269.0,0.0
2025-08-23 17:00:00,397.21931567945103,0.0,256.0,0.0
2025-08-23 17:30:00,338.2176880518482,0.0,232.00000000000003,0.0
2025-08-23 18:00:00,273.23984552191814,0.0,144.0,0.0
2025-08-23 18:30:00,128.5888452740781,0.0,64.0,0.0
2025-08-23 19:00:00,128.0674703317404,0.0,60.0,0.0
2025-08-23 19:30:00,119.714885751004,0.0,55.0,0.0
2025-08-23 20:00:00,121.35568100533897,0.0,53.0,0.0
2025-08-23 20:30:00,130.2278015594301,0.0,55.0,0.0
2025-08-23 21:00:00,125.28321878791817,0.0,54.0,0.0
2025-08-23 21:30:00,128.5584585024344,0.0,54.0,0.0
2025-08-23 22:00:00,123.57650373149414,0.0,49.0,0.0
2025-08-23 22:30:00,86.98829955455491,0.0,25.000000000000004,0.0
2025-08-23 23:00:00,83.20898622339108,0.0,29.0,0.0
2025-08-23 23:30:00,76.51910035861029,0.0,23.0,0.0
2025-08-24 00:00:00,61.05701456581018,0.0,22.0,0.0
2025-08-24 00:30:00,71.19277109429738,0.0,22.0,0.0
2025-08-24 01:00:00,68.55988835835042,0.0,23.0,0.0
2025-08-24 01:30:00,70.1696016963489,0.0,24.0,0.0
2025-08-24 02:00:00,64.40732176205525,0.0,23.0,0.0
2025-08-24 02:30:00,68.99762663223798,0.0,23.0,0.0
2025-08-24 03:00:00,67.69299910939279,0.0,20.0,0.0
2025-08-24 03:30:00,67.0719906367547,0.0,22.999999999999996,0.0
2025-08-24 04:00:00,63.98117562271328,0.0,20.0,0.0
2025-08-24 04:30:00,64.09482532260881,0.0,20.0,0.0
2025-08-24 05:00:00,60.51010227289407,0.0,18.0,0.0
2025-08-24 05:30:00,64.79846638769548,0.0,22.0,0.0
2025-08-24 06:00:00,61.74550240154071,0.0,20.0,0.0
2025-08-24 06:30:00,64.45229139908575,0.0,20.0,0.0
2025-08-24 07:00:00,66.40144426873036,0.0,21.0,0.0
2025-08-24 07:30:00,56.994864929326965,0.0,21.0,0.0
2025-08-24 08:00:00,58.79022328831469,0.0,23.0,0.0
2025-08-24 08:30:00,69.01991667462829,0.0,21.0,0.0
2025-08-24 09:00:00,60.88877402049467,0.0,22.0,0.0
2025-08-24 09:30:00,63.574241192682585,0.0,23.0,0.0
2025-08-24 10:00:00,65.94032741013702,0.0,22.0,0.0
2025-08-24 10:30:00,71.22526419588834,0.0,24.0,0.0
2025-08-24 11:00:00,67.35846010301718,0.0,23.0,0.0
2025-08-24 11:30:00,73.96883532763547,0.0,24.0,0.0
2025-08-24 12:00:00,72.33136153154072,0.0,25.0,0.0
2025-08-24 12:30:00,71.21649916856335,0.0,24.0,0.0
2025-08-24 13:00:00,72.32993596815948,0.0,25.000000000000004,0.0
2025-08-24 13:30:00,78.57101126011787,0.0,26.000000000000004,0.0
2025-08-24 14:00:00,68.64849926301255,0.0,24.0,0.0
2025-08-24 14:30:00,63.329605054217936,0.0,25.0,0.0
2025-08-24 15:00:00,76.02537109817881,0.0,24.0,0.0
2025-08-24 15:30:00,68.76935570246293,0.0,26.0,0.0
2025-08-24 16:00:00,69.73412938098164,0.0,24.0,0.0
2025-08-24 16:30:00,73.90152177509631,0.0,25.0,0.0
2025-08-24 17:00:00,61.92679438479566,0.0,23.0,0.0
2025-08-24 17:30:00,63.10695547731874,0.0,24.0,0.0
2025-08-24 18:00:00,60.991763638451,0.0,27.0,0.0
2025-08-24 18:30:00,62.687939149357014,0.0,27.0,0.0
2025-08-24 19:00:00,65.6725524151326,0.0,25.0,0.0
2025-08-24 19:30:00,70.13114985889125,0.0,24.0,0.0
2025-08-24 20:00:00,67.21584890447416,0.0,24.0,0.0
2025-08-24 20:30:00,63.51257897473979,0.0,24.0,0.0
2025-08-24 21:00:00,61.34856128175799,0.0,25.0,0.0
2025-08-24 21:30:00,68.52572620127894,0.0,22.999999999999996,0.0
2025-08-24 22:00:00,67.72388071534225,0.0,24.0,0.0
2025-08-24 22:30:00,69.90972118195566,0.0,25.0,0.0
2025-08-24 23:00:00,70.73857554079808,0.0,22.0,0.0
2025-08-24 23:30:00,67.78532066030954,0.0,24.0,0.0
2025-08-25 00:00:00,76.71785495553705,0.0,23.0,0.0
2025-08-25 00:30:00,81.99901970825564,0.0,22.02127659574468,0.0
2025-08-25 01:00:00,68.78950943921421,0.0,21.042553191489358,0.0
2025-08-25 01:30:00,79.66830531468938,0.0,23.80851063829787,0.0
2025-08-25 02:00:00,75.24339102155493,0.0,23.085106382978722,0.0
2025-08-25 02:30:00,75.35673983994435,0.0,23.0,0.0
2025-08-25 03:00:00,72.34930547196751,0.0,24.74468085106383,0.0
2025-08-25 03:30:00,74.3671368554538,0.0,24.148936170212767,0.0
2025-08-25 04:00:00,80.38636830039387,0.0,23.170212765957448,0.0
2025-08-25 04:30:00,78.52764696536741,0.0,23.0,0.0
2025-08-25 05:00:00,82.25356269921626,0.0,24.574468085106382,0.0
2025-08-25 05:30:00,79.92355246900182,0.0,23.46808510638298,0.0
2025-08-25 06:00:00,76.36086270666554,0.0,23.0,0.0
2025-08-25 06:30:00,80.15045584797855,0.0,23.0,0.0
2025-08-25 07:00:00,73.58820307096549,0.0,22.29787234042554,0.0
2025-08-25 07:30:00,73.63269913787757,0.0,22.0,0.0
2025-08-25 08:00:00,69.99915662988289,0.0,22.659574468085104,0.0
2025-08-25 08:30:00,69.67787823719621,0.0,20.446808510638306,0.0
2025-08-25 09:00:00,65.95690279578295,0.0,19.617021276595743,0.0
2025-08-25 09:30:00,71.72140830451062,0.0,19.404255319148938,0.0
2025-08-25 10:00:00,63.762300862136264,0.0,19.0,0.0
2025-08-25 10:30:00,71.71237401134674,0.0,19.0,0.0
2025-08-25 11:00:00,67.55957383062395,0.0,19.53191489361702,0.0
2025-08-25 11:30:00,70.73403744340594,0.0,18.97872340425532,0.0
2025-08-25 12:00:00,70.88320243410269,0.0,18.97872340425532,0.0
2025-08-25 12:30:00,75.67400087471911,0.0,20.0,0.0
2025-08-25 13:00:00,70.47713558455759,0.0,19.5531914893617,0.0
2025-08-25 13:30:00,61.88853842226411,0.0,19.0,0.0
2025-08-25 14:00:00,68.11122100820685,0.0,19.0,0.0
2025-08-25 14:30:00,64.33525142290351,0.0,19.382978723404253,0.0
2025-08-25 15:00:00,65.85028665622302,0.0,19.276595744680854,0.0
2025-08-25 15:30:00,72.43013687768811,0.0,18.340425531914892,0.0
2025-08-25 16:00:00,71.90687605120037,0.0,19.319148936170212,0.0
2025-08-25 16:30:00,67.62725182876767,0.0,20.297872340425528,0.0
2025-08-25 17:00:00,66.11225594735598,0.0,21.276595744680847,0.0
2025-08-25 17:30:00,70.23450778821794,0.0,21.489361702127667,0.0
2025-08-25 18:00:00,65.58937407242271,0.0,20.468085106382972,0.0
2025-08-25 18:30:00,68.58455182848026,0.0,21.361702127659584,0.0
2025-08-25 19:00:00,70.8387812876564,0.0,19.000000000000004,0.0
2025-08-25 19:30:00,75.34081785590662,0.0,18.65957446808511,0.0
2025-08-25 20:00:00,73.14838718208411,0.0,17.297872340425528,0.0
2025-08-25 20:30:00,65.81423415075803,0.0,19.0,0.0
2025-08-25 21:00:00,74.44747263929905,0.0,19.000000000000004,0.0
2025-08-25 21:30:00,73.02931823667001,0.0,19.085106382978722,0.0
2025-08-25 22:00:00,78.0166766136003,0.0,20.06382978723404,0.0
2025-08-25 22:30:00,81.53266356434894,0.0,20.95744680851064,0.0
2025-08-25 23:00:00,66.75910060082013,0.0,19.95744680851064,0.0
2025-08-25 23:30:00,71.26946822269826,0.0,18.0,0.0
2025-08-26 00:00:00,356.2527878159957,0.0,80.0,0.0
2025-08-26 00:30:00,369.44992288220607,0.0,76.0,0.0
2025-08-26 01:00:00,369.3212825828759,0.0,81.0,0.0
2025-08-26 01:30:00,381.2082714734517,0.0,87.0,0.0
2025-08-26 02:00:00,337.44526057205564,0.0,94.0,0.0
2025-08-26 02:30:00,348.5918271305055,0.0,93.99999999999999,0.0
2025-08-26 03:00:00,352.8615240542566,0.0,79.0,0.0
2025-08-26 03:30:00,360.591882150038,0.0,81.0,0.0
2025-08-26 04:00:00,346.2823499670737,0.0,79.0,0.0
2025-08-26 04:30:00,358.66396019862736,0.0,86.0,0.0
2025-08-26 05:00:00,332.45810982059584,0.0,85.0,0.0
2025-08-26 05:30:00,348.71718611382306,0.0,82.0,0.0
2025-08-26 06:00:00,351.23856906533064,0.0,83.0,0.0
2025-08-26 06:30:00,353.9213478792321,0.0,82.0,0.0
2025-08-26 07:00:00,348.0790874559208,0.0,86.0,0.0
2025-08-26 07:30:00,377.9455442032284,0.0,93.0,0.0
2025-08-26 08:00:00,430.80269969694217,0.0,108.0,0.0
2025-08-26 08:30:00,482.097714088502,0.0,130.0,0.0
2025-08-26 09:00:00,508.5903926458961,0.0,175.0,0.0
2025-08-26 09:30:00,483.74226644962096,0.0,180.0,0.0
2025-08-26 10:00:00,485.52204872668716,0.0,168.0,0.0
2025-08-26 10:30:00,487.66746798350016,0.0,183.0,0.0
2025-08-26 11:00:00,520.14288608736,0.0,193.0,0.0
2025-08-26 11:30:00,538.9853816283643,0.0,189.0,0.0
2025-08-26 12:00:00,602.8120973091713,0.0,194.0,0.0
2025-08-26 12:30:00,602.9321228143781,0.0,205.0,0.0
2025-08-26 13:00:00,509.442305348387,0.0,222.0,0.0
2025-08-26 13:30:00,466.9960231774498,0.0,237.0,0.0
2025-08-26 14:00:00,479.70697343456516,0.0,236.0,0.0
2025-08-26 14:30:00,549.0201316286262,0.0,235.0,0.0
2025-08-26 15:00:00,507.3995033469095,0.0,230.0,0.0
2025-08-26 15:30:00,517.0212202186212,0.0,221.0,0.0
2025-08-26 16:00:00,447.8235611535361,0.0,221.0,0.0
2025-08-26 16:30:00,457.8714265380114,0.0,178.0,0.0
2025-08-26 17:00:00,455.8676660777835,0.0,176.0,0.0
2025-08-26 17:30:00,411.3581509855059,0.0,167.0,0.0
2025-08-26 18:00:00,408.34041627622156,0.0,184.0,0.0
2025-08-26 18:30:00,346.20560843643113,0.0,156.0,0.0
2025-08-26 19:00:00,329.30160976260623,0.0,143.0,0.0
2025-08-26 19:30:00,326.65726259530607,0.0,142.0,0.0
2025-08-26 20:00:00,373.4177321849381,0.0,174.0,0.0
2025-08-26 20:30:00,626.4467736085212,0.0,269.0,0.0
2025-08-26 21:00:00,593.0294570436394,0.0,275.0,0.0
2025-08-26 21:30:00,613.2258107486846,0.0,273.0,0.0
2025-08-26 22:00:00,494.3398332489521,0.0,269.0,0.0
2025-08-26 22:30:00,562.4197151725833,0.0,278.0,0.0
2025-08-26 23:00:00,568.0091776864771,0.0,271.0,0.0
2025-08-26 23:30:00,572.4079184911453,0.0,267.0,0.0
2025-08-27 00:00:00,569.4317497918214,0.0,264.0,0.0
2025-08-27 00:30:00,569.9099821118938,0.0,245.0,0.0
2025-08-27 01:00:00,556.36856782683,0.0,256.0,0.0
2025-08-27 01:30:00,576.9568013945017,0.0,262.0,0.0
2025-08-27 02:00:00,493.4228191147582,0.0,257.0,0.0
2025-08-27 02:30:00,555.5633873798539,0.0,265.0,0.0
2025-08-27 03:00:00,533.4394098934247,0.0,257.0,0.0
2025-08-27 03:30:00,519.1495693837701,0.0,259.0,0.0
2025-08-27 04:00:00,528.5661122733555,0.0,253.0,0.0
2025-08-27 04:30:00,538.5893613295269,0.0,252.00000000000003,0.0
2025-08-27 05:00:00,565.356845719883,0.0,250.0,0.0
2025-08-27 05:30:00,502.8428968967091,0.0,247.0,0.0
2025-08-27 06:00:00,540.4064070387049,0.0,247.0,0.0
2025-08-27 06:30:00,516.5645192690935,0.0,238.0,0.0
2025-08-27 07:00:00,534.7528622759588,0.0,245.0,0.0
2025-08-27 07:30:00,609.4790293325143,0.0,266.0,0.0
2025-08-27 08:00:00,629.5137762596073,0.0,287.0,0.0
2025-08-27 08:30:00,806.3616118783688,0.0,336.0,0.0
2025-08-27 09:00:00,785.405283238006,0.0,384.0,0.0
2025-08-27 09:30:00,803.357652272712,0.0,289.0,0.0
2025-08-27 10:00:00,833.0897234800921,0.0,283.0,0.0
2025-08-27 10:30:00,856.8648891745108,0.0,284.0,0.0
2025-08-27 11:00:00,863.3353974348759,0.0,289.0,0.0
2025-08-27 11:30:00,811.3095111938387,0.0,291.0,0.0
2025-08-27 12:00:00,821.7412130481433,0.0,264.0,0.0
2025-08-27 12:30:00,826.3433555145044,0.0,278.0,0.0
2025-08-27 13:00:00,895.7451172130993,0.0,282.0,0.0
2025-08-27 13:30:00,884.7652266140647,0.0,282.0,0.0
2025-08-27 14:00:00,756.7755565691626,0.0,266.0,0.0
2025-08-27 14:30:00,814.3281933344036,0.0,276.0,0.0
2025-08-27 15:00:00,794.1061446413029,0.0,279.0,0.0
2025-08-27 15:30:00,825.5548678680772,0.0,285.0,0.0
2025-08-27 16:00:00,848.5625053949649,0.0,271.0,0.0
2025-08-27 16:30:00,856.5468394549175,0.0,260.0,0.0
2025-08-27 17:00:00,801.978447008462,0.0,271.0,0.0
2025-08-27 17:30:00,812.0035114710344,0.0,280.0,0.0
2025-08-27 18:00:00,751.1528140737461,0.0,280.0,0.0
2025-08-27 18:30:00,794.1876698709847,0.0,267.0,0.0
2025-08-27 19:00:00,738.8499017212993,0.0,261.0,0.0
2025-08-27 19:30:00,767.5879094549473,0.0,245.0,0.0
2025-08-27 20:00:00,702.2016722256861,0.0,221.0,0.0
2025-08-27 20:30:00,626.3738402053348,0.0,179.0,0.0
2025-08-27 21:00:00,564.7260021887728,0.0,180.0,0.0
2025-08-27 21:30:00,562.3825120286103,0.0,176.0,0.0
2025-08-27 22:00:00,674.897778422639,0.0,174.0,0.0
2025-08-27 22:30:00,563.0614545294644,0.0,163.0,0.0
2025-08-27 23:00:00,552.4086350408201,0.0,151.0,0.0
2025-08-27 23:30:00,620.3212025990235,0.0,144.0,0.0
2025-08-28 00:00:00,692.1461823447424,0.0,230.99999999999997,0.0
2025-08-28 00:30:00,649.9460745831539,0.0,227.0,0.0
2025-08-28 01:00:00,633.6528131380128,0.0,225.0,0.0
2025-08-28 01:30:00,659.8164706705035,0.0,221.0,0.0
2025-08-28 02:00:00,683.5967644183546,0.0,227.0,0.0
2025-08-28 02:30:00,706.0645746768771,0.0,207.0,0.0
2025-08-28 03:00:00,675.531752391587,0.0,208.0,0.0
2025-08-28 03:30:00,697.7180542205386,0.0,208.99999999999997,0.0
2025-08-28 04:00:00,626.557632418937,0.0,202.00000000000003,0.0
2025-08-28 04:30:00,619.8808426716247,0.0,213.0,0.0
2025-08-28 05:00:00,631.977158377123,0.0,218.0,0.0
2025-08-28 05:30:00,631.0946481949704,0.0,215.99999999999997,0.0
2025-08-28 06:00:00,741.458635324705,0.0,219.99999999999997,0.0
2025-08-28 06:30:00,616.2088459965205,0.0,210.0,0.0
2025-08-28 07:00:00,680.1682876099543,0.0,206.0,0.0
2025-08-28 07:30:00,647.6772247551786,0.0,226.0,0.0
2025-08-28 08:00:00,741.9196054413276,0.0,246.00000000000003,0.0
2025-08-28 08:30:00,854.5779144010901,0.0,279.0,0.0
2025-08-28 09:00:00,836.9334833904746,0.0,288.0,0.0
2025-08-28 09:30:00,877.4479978260341,0.0,299.0,0.0
2025-08-28 10:00:00,867.2265224015958,0.0,312.0,0.0
2025-08-28 10:30:00,916.5769707202402,0.0,309.0,0.0
2025-08-28 11:00:00,865.2187912922743,0.0,299.0,0.0
2025-08-28 11:30:00,825.3599194132643,0.0,295.0,0.0
2025-08-28 12:00:00,782.9566506419535,0.0,278.0,0.0
2025-08-28 12:30:00,884.7697060712923,0.0,310.0,0.0
2025-08-28 13:00:00,916.7445338460844,0.0,293.0,0.0
2025-08-28 13:30:00,857.4850832917327,0.0,283.0,0.0
2025-08-28 14:00:00,857.801230781663,0.0,275.0,0.0
2025-08-28 14:30:00,892.8400658823267,0.0,274.0,0.0
2025-08-28 15:00:00,910.5759024370662,0.0,265.0,0.0
2025-08-28 15:30:00,890.9468705400969,0.0,278.0,0.0
2025-08-28 16:00:00,876.1604577464994,0.0,282.0,0.0
2025-08-28 16:30:00,886.9706767515568,0.0,259.0,0.0
2025-08-28 17:00:00,896.0052573909264,0.0,280.0,0.0
2025-08-28 17:30:00,940.1649635865771,0.0,301.0,0.0
2025-08-28 18:00:00,810.0944806067756,0.0,301.0,0.0
2025-08-28 18:30:00,516.1205707870351,0.0,175.0,0.0
2025-08-28 19:00:00,491.26574639348956,0.0,168.0,0.0
2025-08-28 19:30:00,563.1406355173349,0.0,164.0,0.0
2025-08-28 20:00:00,547.3060341694144,0.0,153.0,0.0
2025-08-28 20:30:00,486.21621417896455,0.0,146.0,0.0
2025-08-28 21:00:00,467.2136275725042,0.0,133.0,0.0
2025-08-28 21:30:00,534.1324255453239,0.0,145.0,0.0
2025-08-28 22:00:00,573.3066987783903,0.0,236.0,0.0
2025-08-28 22:30:00,654.775915606346,0.0,258.0,0.0
2025-08-28 23:00:00,724.3330505720492,0.0,265.0,0.0
2025-08-28 23:30:00,664.916967258217,0.0,249.0,0.0
2025-08-29 00:00:00,686.5167264942404,0.0,194.0,0.0
2025-08-29 00:30:00,604.103814097948,0.0,173.0,0.0
2025-08-29 01:00:00,664.1811486268639,0.0,184.0,0.0
2025-08-29 01:30:00,604.8237799547268,0.0,183.0,0.0
2025-08-29 02:00:00,622.8754963665793,0.0,180.0,0.0
2025-08-29 02:30:00,601.3887537485278,0.0,182.0,0.0
2025-08-29 03:00:00,631.706867271315,0.0,188.0,0.0
2025-08-29 03:30:00,667.4733890264855,0.0,191.0,0.0
2025-08-29 04:00:00,584.3054748275782,0.0,188.0,0.0
2025-08-29 04:30:00,649.2629424263826,0.0,185.99999999999997,0.0
2025-08-29 05:00:00,644.0456978086224,0.0,188.0,0.0
2025-08-29 05:30:00,628.4584536847593,0.0,192.00000000000003,0.0
2025-08-29 06:00:00,598.9769142867775,0.0,191.0,0.0
2025-08-29 06:30:00,625.4676275898719,0.0,184.0,0.0
2025-08-29 07:00:00,623.6014075141046,0.0,193.0,0.0
2025-08-29 07:30:00,677.936281813862,0.0,209.00000000000003,0.0
2025-08-29 08:00:00,700.4845191632832,0.0,221.99999999999997,0.0
2025-08-29 08:30:00,882.4542694893507,0.0,255.0,0.0
2025-08-29 09:00:00,840.4992477410624,0.0,273.0,0.0
2025-08-29 09:30:00,798.4363429979351,0.0,272.0,0.0
2025-08-29 10:00:00,875.800741832739,0.0,274.0,0.0
2025-08-29 10:30:00,908.5046710075354,0.0,282.0,0.0
2025-08-29 11:00:00,949.8857898460927,0.0,285.0,0.0
2025-08-29 11:30:00,927.6416580018548,0.0,311.0,0.0
2025-08-29 12:00:00,878.3175587180647,0.0,311.0,0.0
2025-08-29 12:30:00,933.7180656767247,0.0,313.0,0.0
2025-08-29 13:00:00,810.6702561739567,0.0,313.0,0.0
2025-08-29 13:30:00,845.1910070862771,0.0,322.0,0.0
2025-08-29 14:00:00,856.0152717497201,0.0,323.0,0.0
2025-08-29 14:30:00,886.1060542346034,0.0,325.0,0.0
2025-08-29 15:00:00,851.010949801267,0.0,357.0,0.0
2025-08-29 15:30:00,977.6728167091197,0.0,380.0,0.0
2025-08-29 16:00:00,895.6959784937908,0.0,372.0,0.0
2025-08-29 16:30:00,817.4153803180153,0.0,370.0,0.0
2025-08-29 17:00:00,819.1018249622193,0.0,369.0,0.0
2025-08-29 17:30:00,898.2026417927053,0.0,382.0,0.0
2025-08-29 18:00:00,915.0229757228102,0.0,373.0,0.0
2025-08-29 18:30:00,938.9744515736473,0.0,364.0,0.0
2025-08-29 19:00:00,958.2577283284265,0.0,348.0,0.0
2025-08-29 19:30:00,830.8256351154665,0.0,330.0,0.0
2025-08-29 20:00:00,717.4548313499974,0.0,290.0,0.0
2025-08-29 20:30:00,632.418353939796,0.0,280.0,0.0
2025-08-29 21:00:00,699.7832736603456,0.0,282.0,0.0
2025-08-29 21:30:00,642.9007827194368,0.0,274.0,0.0
2025-08-29 22:00:00,678.1965934372378,0.0,277.0,0.0
2025-08-29 22:30:00,643.6977741744153,0.0,276.0,0.0
2025-08-29 23:00:00,672.5122574223955,0.0,274.0,0.0
2025-08-29 23:30:00,704.7834346012314,0.0,275.0,0.0
2025-08-30 00:00:00,572.3944605376645,0.0,125.0,0.0
2025-08-30 00:30:00,511.6759766500977,0.0,117.17021276595744,0.0
2025-08-30 01:00:00,548.7658690726934,0.0,117.0,0.0
2025-08-30 01:30:00,545.7504498879549,0.0,117.0,0.0
2025-08-30 02:00:00,551.9452225472021,0.0,126.14893617021276,0.0
2025-08-30 02:30:00,563.341937304966,0.0,130.5744680851064,0.0
2025-08-30 03:00:00,612.9392276300928,0.0,126.63829787234043,0.0
2025-08-30 03:30:00,538.0214815585338,0.0,125.14893617021276,0.0
2025-08-30 04:00:00,589.0475675409141,0.0,123.34042553191489,0.0
2025-08-30 04:30:00,516.2402552024034,0.0,123.80851063829788,0.0
2025-08-30 05:00:00,548.2989699336232,0.0,121.63829787234043,0.0
2025-08-30 05:30:00,559.6360870908163,0.0,121.0,0.0
2025-08-30 06:00:00,563.3257679226198,0.0,120.25531914893617,0.0
2025-08-30 06:30:00,561.7572084896514,0.0,117.1063829787234,0.0
2025-08-30 07:00:00,559.3817424980618,0.0,116.70212765957447,0.0
2025-08-30 07:30:00,411.8464025890274,0.0,90.44680851063833,0.0
2025-08-30 08:00:00,303.8021157312118,0.0,80.63829787234043,0.0
2025-08-30 08:30:00,335.1060156551608,0.0,101.78723404255314,0.0
2025-08-30 09:00:00,391.8025136823181,0.0,132.12765957446803,0.0
2025-08-30 09:30:00,413.59060828316586,0.0,141.0212765957447,0.0
2025-08-30 10:00:00,422.5296669084955,0.0,141.87234042553192,0.0
2025-08-30 10:30:00,423.6332218208973,0.0,148.9787234042553,0.0
2025-08-30 11:00:00,450.347915915439,0.0,150.87234042553192,0.0
2025-08-30 11:30:00,438.0951883860366,0.0,148.48936170212767,0.0
2025-08-30 12:00:00,454.6628503014158,0.0,154.36170212765958,0.0
2025-08-30 12:30:00,435.2833256953185,0.0,161.93617021276594,0.0
2025-08-30 13:00:00,449.9733472179169,0.0,162.1063829787234,0.0
2025-08-30 13:30:00,467.9187263127751,0.0,160.14893617021278,0.0
2025-08-30 14:00:00,453.1183847774425,0.0,159.0,0.0
2025-08-30 14:30:00,471.4141983344754,0.0,159.0,0.0
2025-08-30 15:00:00,462.3585386072639,0.0,163.70212765957444,0.0
2025-08-30 15:30:00,499.6767181319256,0.0,172.68085106382978,0.0
2025-08-30 16:00:00,485.27900109338555,0.0,176.87234042553192,0.0
2025-08-30 16:30:00,445.38974091532356,0.0,191.93617021276583,0.0
2025-08-30 17:00:00,465.17414589749706,0.0,208.02127659574475,0.0
2025-08-30 17:30:00,376.9559099854372,0.0,168.44680851063868,0.5106382978723332
2025-08-30 18:00:00,228.25356616551727,0.0,69.70212765957477,5.744680851063777
2025-08-30 18:30:00,87.67284731996969,0.0,0.0,18.42553191489361
2025-08-30 19:00:00,84.22056701180196,0.0,0.0,19.425531914893625
2025-08-30 19:30:00,92.65655180391596,0.0,0.6808510638297776,14.106382978723447
2025-08-30 20:00:00,109.05606518009782,0.0,4.148936170212764,0.0
2025-08-30 20:30:00,110.08021011694355,0.0,5.255319148936167,0.0
2025-08-30 21:00:00,113.13618083170024,0.0,6.7872340425531945,0.10638297872340274
2025-08-30 21:30:00,99.07775481120316,0.0,5.085106382978722,0.9148936170212777
2025-08-30 22:00:00,101.18271166795063,0.0,5.872340425531917,0.06382978723404165
2025-08-30 22:30:00,100.88841846414232,0.0,5.234042553191472,0.9574468085106389
2025-08-30 23:00:00,100.79060282640174,0.0,33.34042553191489,0.0
2025-08-30 23:30:00,108.20040249854111,0.0,49.0,0.0
2025-08-31 00:00:00,48.15142199986888,0.0,22.0,0.0
2025-08-31 00:30:00,48.59258042438581,0.0,22.0,0.0
2025-08-31 01:00:00,42.526970888493835,0.0,23.0,0.0
2025-08-31 01:30:00,44.055804645931005,0.0,24.0,0.0
2025-08-31 02:00:00,46.70665365554968,0.0,23.0,0.0
2025-08-31 02:30:00,45.67615906446672,0.0,23.0,0.0
2025-08-31 03:00:00,44.9442125166571,0.0,20.0,0.0
2025-08-31 03:30:00,44.430511566065505,0.0,23.0,0.0
2025-08-31 04:00:00,46.214459477561384,0.0,20.0,0.0
2025-08-31 04:30:00,45.98956466987843,0.0,20.0,0.0
2025-08-31 05:00:00,44.414152345982,0.0,18.0,0.0
2025-08-31 05:30:00,48.27152070968056,0.0,22.0,0.0
2025-08-31 06:00:00,44.57209509462228,0.0,20.0,0.0
2025-08-31 06:30:00,42.366042062654245,0.0,20.0,0.0
2025-08-31 07:00:00,45.0841929854882,0.0,21.0,0.0
2025-08-31 07:30:00,40.106305577873876,0.0,21.0,0.0
2025-08-31 08:00:00,43.23091919388684,0.0,23.0,0.0
2025-08-31 08:30:00,44.869711633600815,0.0,21.0,0.0
2025-08-31 09:00:00,43.85882564452892,0.0,22.0,0.0
2025-08-31 09:30:00,44.82990299221065,0.0,23.0,0.0
2025-08-31 10:00:00,48.489262450602425,0.0,22.0,0.0
2025-08-31 10:30:00,47.46838093183963,0.0,24.0,0.0
2025-08-31 11:00:00,46.11477398541929,0.0,23.0,0.0
2025-08-31 11:30:00,47.69716059283477,0.0,24.0,0.0
2025-08-31 12:00:00,49.84423377884931,0.0,25.0,0.0
2025-08-31 12:30:00,48.71210565755244,0.0,24.0,0.0
2025-08-31 13:00:00,50.28268424214439,0.0,25.0,0.0
2025-08-31 13:30:00,50.32724137670931,0.0,26.0,0.0
2025-08-31 14:00:00,53.75106371587313,0.0,24.0,0.0
2025-08-31 14:30:00,48.264877890139765,0.0,24.999999999999996,0.0
2025-08-31 15:00:00,48.00419248547807,0.0,24.0,0.0
2025-08-31 15:30:00,47.26143363850699,0.0,25.999999999999996,0.0
2025-08-31 16:00:00,50.04735164624427,0.0,24.0,0.0
2025-08-31 16:30:00,51.29269313780924,0.0,25.0,0.0
2025-08-31 17:00:00,46.855517000273586,0.0,23.0,0.0
2025-08-31 17:30:00,45.14442330898089,0.0,24.0,0.0
2025-08-31 18:00:00,44.49679133898847,0.0,27.0,0.0
2025-08-31 18:30:00,47.182474401621874,0.0,27.0,0.0
2025-08-31 19:00:00,46.65365295645366,0.0,24.999999999999996,0.0
2025-08-31 19:30:00,49.1371706943592,0.0,24.0,0.0
2025-08-31 20:00:00,44.86568472423658,0.0,24.0,0.0
2025-08-31 20:30:00,48.39330666864329,0.0,24.0,0.0
2025-08-31 21:00:00,48.83526647027003,0.0,25.0,0.0
2025-08-31 21:30:00,48.36108125451613,0.0,23.0,0.0
2025-08-31 22:00:00,50.66748050134703,0.0,24.0,0.0
2025-08-31 22:30:00,48.37281819311416,0.0,25.0,0.0
2025-08-31 23:00:00,49.46189335151167,0.0,22.0,0.0
2025-08-31 23:30:00,47.28322980352973,0.0,23.999999999999996,0.0
2025-09-01 00:30:00,74.0,0.0,23.0,0.0
2025-09-01 01:00:00,74.0,0.0,22.0,0.0
2025-09-01 01:30:00,73.0,0.0,21.0,0.0
2025-09-01 02:00:00,75.0,0.0,24.0,0.0
2025-09-01 02:30:00,75.0,0.0,23.0,0.0
2025-09-01 03:00:00,74.0,0.0,23.0,0.0
2025-09-01 03:30:00,75.0,0.0,25.0,0.0
2025-09-01 04:00:00,74.0,0.0,24.0,0.0
2025-09-01 04:30:00,74.0,0.0,23.0,0.0
2025-09-01 05:00:00,75.0,0.0,23.0,0.0
2025-09-01 05:30:00,74.0,0.0,25.0,0.0
2025-09-01 06:00:00,74.0,0.0,23.0,0.0
2025-09-01 06:30:00,73.0,0.0,23.0,0.0
2025-09-01 07:00:00,72.0,0.0,23.0,0.0
2025-09-01 07:30:00,70.0,0.0,22.0,0.0
2025-09-01 08:00:00,69.0,0.0,22.0,0.0
2025-09-01 08:30:00,70.0,0.0,23.0,0.0
2025-09-01 09:00:00,67.0,0.0,19.0,0.0
2025-09-01 09:30:00,67.0,0.0,20.0,0.0
2025-09-01 10:00:00,67.0,0.0,19.0,0.0
2025-09-01 10:30:00,66.0,0.0,19.0,0.0
2025-09-01 11:00:00,69.0,0.0,19.0,0.0
2025-09-01 11:30:00,65.0,0.0,20.0,0.0
2025-09-01 12:00:00,66.0,0.0,18.0,0.0
2025-09-01 12:30:00,68.0,0.0,20.0,0.0
2025-09-01 13:00:00,68.0,0.0,20.0,0.0
2025-09-01 13:30:00,65.0,0.0,19.0,0.0
2025-09-01 14:00:00,67.0,0.0,19.0,0.0
2025-09-01 14:30:00,67.0,0.0,19.0,0.0
2025-09-01 15:00:00,67.0,0.0,20.0,0.0
2025-09-01 15:30:00,65.0,0.0,18.0,0.0
2025-09-01 16:00:00,68.0,0.0,19.0,0.0
2025-09-01 16:30:00,69.0,0.0,20.0,0.0
2025-09-01 17:00:00,68.0,0.0,21.0,0.0
2025-09-01 17:30:00,69.0,0.0,22.0,0.0
2025-09-01 18:00:00,68.0,0.0,20.0,0.0
2025-09-01 18:30:00,70.0,0.0,22.0,0.0
2025-09-01 19:00:00,68.0,0.0,19.0,0.0
2025-09-01 19:30:00,70.0,0.0,19.0,0.0
2025-09-01 20:00:00,69.0,0.0,17.0,0.0
2025-09-01 20:30:00,73.0,0.0,19.0,0.0
2025-09-01 21:00:00,72.0,0.0,19.0,0.0
2025-09-01 21:30:00,71.0,0.0,19.0,0.0
2025-09-01 22:00:00,75.0,0.0,20.0,0.0
2025-09-01 22:30:00,74.0,0.0,21.0,0.0
2025-09-01 23:00:00,73.0,0.0,20.0,0.0
2025-09-01 23:30:00,72.0,0.0,18.0,0.0
2025-09-02 00:00:00,75.0,0.0,21.0,0.0
2025-09-02 00:30:00,85.0,0.0,21.0,0.0
2025-09-02 01:00:00,86.0,0.0,20.0,0.0
2025-09-02 01:30:00,82.0,0.0,21.0,0.0
2025-09-02 02:00:00,83.0,0.0,21.0,0.0
2025-09-02 02:30:00,85.0,0.0,22.0,0.0
2025-09-02 03:00:00,86.0,0.0,21.0,0.0
2025-09-02 03:30:00,88.0,0.0,22.0,0.0
2025-09-02 04:00:00,88.0,0.0,22.0,0.0
2025-09-02 04:30:00,85.0,0.0,21.0,0.0
2025-09-02 05:00:00,80.0,0.0,20.0,0.0
2025-09-02 05:30:00,78.0,0.0,21.0,0.0
2025-09-02 06:00:00,79.0,0.0,19.0,0.0
2025-09-02 06:30:00,132.0,0.0,43.0,0.0
2025-09-02 07:00:00,214.0,0.0,83.0,0.0
2025-09-02 07:30:00,349.0,0.0,168.0,0.0
2025-09-02 08:00:00,536.0,0.0,206.0,0.0
2025-09-02 08:30:00,771.0,0.0,269.0,0.0
2025-09-02 09:00:00,878.0,0.0,296.0,0.0
2025-09-02 09:30:00,913.0,0.0,305.0,0.0
2025-09-02 10:00:00,879.0,0.0,304.0,0.0
2025-09-02 10:30:00,880.0,0.0,300.0,0.0
2025-09-02 11:00:00,882.0,0.0,299.0,0.0
2025-09-02 11:30:00,895.0,0.0,303.0,0.0
2025-09-02 12:00:00,836.0,0.0,275.0,0.0
2025-09-02 12:30:00,849.0,0.0,291.0,0.0
2025-09-02 13:00:00,868.0,0.0,300.0,0.0
2025-09-02 13:30:00,857.0,0.0,298.0,0.0
2025-09-02 14:00:00,862.0,0.0,293.0,0.0
2025-09-02 14:30:00,902.0,0.0,313.0,0.0
2025-09-02 15:00:00,890.0,0.0,312.0,0.0
2025-09-02 15:30:00,891.0,0.0,306.0,0.0
2025-09-02 16:00:00,886.0,0.0,304.0,0.0
2025-09-02 16:30:00,822.0,0.0,274.0,0.0
2025-09-02 17:00:00,859.0,0.0,290.0,0.0
2025-09-02 17:30:00,867.0,0.0,300.0,0.0
2025-09-02 18:00:00,865.0,0.0,298.0,0.0
2025-09-02 18:30:00,870.0,0.0,300.0,0.0
2025-09-02 19:00:00,829.0,0.0,280.0,0.0
2025-09-02 19:30:00,834.0,0.0,272.0,0.0
2025-09-02 20:00:00,772.0,0.0,245.0,0.0
2025-09-02 20:30:00,720.0,0.0,216.0,0.0
2025-09-02 21:00:00,707.0,0.0,214.0,0.0
2025-09-02 21:30:00,690.0,0.0,208.0,0.0
2025-09-02 22:00:00,690.0,0.0,214.0,0.0
2025-09-02 22:30:00,680.0,0.0,204.0,0.0
2025-09-02 23:00:00,689.0,0.0,211.0,0.0
2025-09-02 23:30:00,691.0,0.0,214.0,0.0
2025-09-03 00:00:00,692.0,0.0,223.0,0.0
2025-09-03 00:30:00,664.0,0.0,196.0,0.0
2025-09-03 01:00:00,668.0,0.0,197.0,0.0
2025-09-03 01:30:00,713.0,0.0,213.0,0.0
2025-09-03 02:00:00,684.0,0.0,208.0,0.0
2025-09-03 02:30:00,674.0,0.0,208.0,0.0
2025-09-03 03:00:00,676.0,0.0,202.0,0.0
2025-09-03 03:30:00,668.0,0.0,198.0,0.0
2025-09-03 04:00:00,676.0,0.0,204.0,0.0
2025-09-03 04:30:00,666.0,0.0,205.0,0.0
2025-09-03 05:30:00,649.0,0.0,197.0,0.0
2025-09-03 06:00:00,647.0,0.0,197.0,0.0
2025-09-03 06:30:00,621.0,0.0,190.0,0.0
2025-09-03 07:00:00,638.0,0.0,188.0,0.0
2025-09-03 07:30:00,677.0,0.0,212.0,0.0
2025-09-03 08:00:00,727.0,0.0,246.0,0.0
2025-09-03 09:00:00,836.0,0.0,347.0,0.0
2025-09-03 09:30:00,865.0,0.0,366.0,0.0
2025-09-03 10:00:00,876.0,0.0,322.0,0.0
2025-09-03 10:30:00,885.0,0.0,329.0,0.0
2025-09-03 11:00:00,890.0,0.0,325.0,0.0
2025-09-03 11:30:00,862.0,0.0,317.0,0.0
2025-09-03 12:00:00,858.0,0.0,320.0,0.0
2025-09-03 12:30:00,883.0,0.0,321.0,0.0
2025-09-03 13:00:00,886.0,0.0,300.0,0.0
2025-09-03 13:30:00,866.0,0.0,286.0,0.0
2025-09-03 14:00:00,892.0,0.0,290.0,0.0
2025-09-03 14:30:00,896.0,0.0,285.0,0.0
2025-09-03 15:00:00,875.0,0.0,277.0,0.0
2025-09-03 15:30:00,855.0,0.0,267.0,0.0
2025-09-03 16:00:00,888.0,0.0,287.0,0.0
2025-09-03 16:30:00,867.0,0.0,276.0,0.0
2025-09-03 17:00:00,881.0,0.0,285.0,0.0
2025-09-03 17:30:00,885.0,0.0,282.0,0.0
2025-09-03 18:00:00,880.0,0.0,274.0,0.0
2025-09-03 18:30:00,847.0,0.0,263.0,0.0
2025-09-03 19:30:00,785.0,0.0,249.0,0.0
2025-09-03 20:00:00,747.0,0.0,241.0,0.0
2025-09-03 20:30:00,671.0,0.0,197.0,0.0
2025-09-03 21:00:00,671.0,0.0,197.0,0.0
2025-09-03 21:30:00,668.0,0.0,190.0,0.0
2025-09-03 22:00:00,646.0,0.0,183.0,0.0
2025-09-03 23:00:00,649.0,0.0,184.0,0.0
2025-09-03 23:30:00,637.0,0.0,183.0,0.0
2025-09-04 00:00:00,637.0,0.0,175.0,0.0
2025-09-04 00:30:00,620.0,0.0,163.0,0.0
2025-09-04 01:00:00,639.0,0.0,170.0,0.0
2025-09-04 01:30:00,651.0,0.0,176.0,0.0
2025-09-04 02:00:00,637.0,0.0,170.0,0.0
2025-09-04 02:30:00,634.0,0.0,170.0,0.0
2025-09-04 03:00:00,644.0,0.0,171.0,0.0
2025-09-04 03:30:00,644.0,0.0,173.0,0.0
2025-09-04 04:00:00,630.0,0.0,172.0,0.0
2025-09-04 04:30:00,642.0,0.0,178.0,0.0
2025-09-04 05:00:00,625.0,0.0,174.0,0.0
2025-09-04 05:30:00,624.0,0.0,170.0,0.0
2025-09-04 06:00:00,637.0,0.0,177.0,0.0
2025-09-04 06:30:00,593.0,0.0,158.0,0.0
2025-09-04 07:00:00,616.0,0.0,160.0,0.0
2025-09-04 07:30:00,674.0,0.0,192.0,0.0
2025-09-04 08:00:00,661.0,0.0,203.0,0.0
2025-09-04 08:30:00,746.0,0.0,217.0,0.0
2025-09-04 09:00:00,789.0,0.0,248.0,0.0
2025-09-04 09:30:00,815.0,0.0,271.0,0.0
2025-09-04 10:00:00,808.0,0.0,310.0,0.0
2025-09-04 10:30:00,829.0,0.0,285.0,0.0
2025-09-04 11:00:00,817.0,0.0,269.0,0.0
2025-09-04 11:30:00,802.0,0.0,259.0,0.0
2025-09-04 12:00:00,747.0,0.0,231.0,0.0
2025-09-04 12:30:00,771.0,0.0,251.0,0.0
2025-09-04 13:00:00,765.0,0.0,262.0,0.0
2025-09-04 13:30:00,754.0,0.0,255.0,0.0
2025-09-04 14:00:00,809.0,0.0,276.0,0.0
2025-09-04 14:30:00,825.0,0.0,278.0,0.0
2025-09-04 15:00:00,811.0,0.0,264.0,0.0
2025-09-04 15:30:00,800.0,0.0,270.0,0.0
2025-09-04 16:00:00,811.0,0.0,275.0,0.0
2025-09-04 16:30:00,766.0,0.0,252.0,0.0
2025-09-04 17:00:00,780.0,0.0,267.0,0.0
2025-09-04 17:30:00,815.0,0.0,273.0,0.0
2025-09-04 18:00:00,835.0,0.0,282.0,0.0
2025-09-04 18:30:00,807.0,0.0,276.0,0.0
2025-09-04 19:00:00,799.0,0.0,272.0,0.0
2025-09-04 19:30:00,783.0,0.0,260.0,0.0
2025-09-04 20:00:00,712.0,0.0,226.0,0.0
2025-09-04 20:30:00,635.0,0.0,193.0,0.0
2025-09-04 21:00:00,689.0,0.0,204.0,0.0
2025-09-04 21:30:00,674.0,0.0,203.0,0.0
2025-09-04 22:00:00,669.0,0.0,202.0,0.0
2025-09-04 22:30:00,664.0,0.0,203.0,0.0
2025-09-04 23:00:00,652.0,0.0,197.0,0.0
2025-09-04 23:30:00,644.0,0.0,196.0,0.0
2025-09-05 00:00:00,644.0,0.0,199.0,0.0
2025-09-05 00:30:00,619.0,0.0,180.0,0.0
2025-09-05 01:00:00,633.0,0.0,178.0,0.0
2025-09-05 01:30:00,628.0,0.0,170.0,0.0
2025-09-05 02:00:00,625.0,0.0,170.0,0.0
2025-09-05 02:30:00,630.0,0.0,171.0,0.0
2025-09-05 03:00:00,646.0,0.0,187.0,0.0
2025-09-05 03:30:00,636.0,0.0,187.0,0.0
2025-09-05 04:00:00,655.0,0.0,196.0,0.0
2025-09-05 04:30:00,654.0,0.0,194.0,0.0
2025-09-05 05:00:00,646.0,0.0,191.0,0.0
2025-09-05 05:30:00,629.0,0.0,181.0,0.0
2025-09-05 06:00:00,632.0,0.0,181.0,0.0
2025-09-05 06:30:00,600.0,0.0,172.0,0.0
2025-09-05 07:00:00,603.0,0.0,173.0,0.0
2025-09-05 07:30:00,574.0,0.0,160.0,0.0
2025-09-05 08:00:00,377.0,0.0,92.0,0.0
2025-09-05 08:30:00,125.0,0.0,8.0,4.0
2025-09-05 09:00:00,74.0,0.0,0.0,15.0
2025-09-05 09:30:00,108.0,0.0,12.0,10.0
2025-09-05 10:00:00,146.0,0.0,25.0,0.0
2025-09-05 10:30:00,148.0,0.0,26.0,0.0
2025-09-05 11:00:00,147.0,0.0,26.0,0.0
2025-09-05 11:30:00,146.0,0.0,26.0,0.0
2025-09-05 12:00:00,144.0,0.0,23.0,0.0
2025-09-05 12:30:00,141.0,0.0,23.0,0.0
2025-09-05 13:00:00,144.0,0.0,50.0,0.0
2025-09-05 13:30:00,144.0,0.0,65.0,0.0
2025-09-05 14:00:00,146.0,0.0,66.0,0.0
2025-09-05 14:30:00,142.0,0.0,63.0,0.0
2025-09-05 15:00:00,142.0,0.0,60.0,0.0
2025-09-05 15:30:00,141.0,0.0,60.0,0.0
2025-09-05 16:00:00,141.0,0.0,61.0,0.0
2025-09-05 16:30:00,142.0,0.0,61.0,0.0
2025-09-05 17:00:00,143.0,0.0,64.0,0.0
2025-09-05 17:30:00,144.0,0.0,65.0,0.0
2025-09-05 18:00:00,100.0,0.0,33.0,0.0
2025-09-05 18:30:00,84.0,0.0,18.0,0.0
2025-09-05 19:00:00,81.0,0.0,17.0,0.0
2025-09-05 19:30:00,85.0,0.0,17.0,0.0
2025-09-05 20:00:00,90.0,0.0,22.0,0.0
2025-09-05 20:30:00,91.0,0.0,22.0,0.0
2025-09-05 21:00:00,93.0,0.0,25.0,0.0
2025-09-05 21:30:00,92.0,0.0,22.0,0.0
2025-09-05 22:00:00,96.0,0.0,24.0,0.0
2025-09-05 22:30:00,81.0,0.0,26.0,0.0
2025-09-05 23:00:00,80.0,0.0,28.0,0.0
2025-09-05 23:30:00,80.0,0.0,27.0,0.0
2025-09-06 00:00:00,78.0,0.0,25.0,0.0
2025-09-06 00:30:00,79.0,0.0,25.0,0.0
2025-09-06 01:00:00,77.0,0.0,22.0,0.0
2025-09-06 01:30:00,75.0,0.0,21.0,0.0
2025-09-06 02:00:00,72.0,0.0,17.0,0.0
2025-09-06 02:30:00,73.0,0.0,18.0,0.0
2025-09-06 03:00:00,73.0,0.0,19.0,0.0
2025-09-06 03:30:00,72.0,0.0,18.0,0.0
2025-09-06 04:00:00,74.0,0.0,20.0,0.0
2025-09-06 04:30:00,73.0,0.0,18.0,0.0
2025-09-06 05:00:00,74.0,0.0,21.0,0.0
2025-09-06 05:30:00,73.0,0.0,19.0,0.0
2025-09-06 06:00:00,72.0,0.0,20.0,0.0
2025-09-06 06:30:00,73.0,0.0,20.0,0.0
2025-09-06 07:00:00,72.0,0.0,20.0,0.0
2025-09-06 07:30:00,71.0,0.0,21.0,0.0
2025-09-06 08:00:00,72.0,0.0,20.0,0.0
2025-09-06 08:30:00,100.0,0.0,19.0,0.0
2025-09-06 09:00:00,176.0,0.0,77.0,0.0
2025-09-06 09:30:00,252.0,0.0,100.0,0.0
2025-09-06 10:00:00,246.0,0.0,100.0,0.0
2025-09-06 10:30:00,249.0,0.0,101.0,0.0
2025-09-06 11:00:00,249.0,0.0,108.0,0.0
2025-09-06 11:30:00,252.0,0.0,108.0,0.0
2025-09-06 12:00:00,250.0,0.0,109.0,0.0
2025-09-06 12:30:00,248.0,0.0,111.0,0.0
2025-09-06 13:00:00,230.0,0.0,111.0,0.0
2025-09-06 13:30:00,232.0,0.0,110.0,0.0
2025-09-06 14:00:00,232.0,0.0,111.0,0.0
2025-09-06 14:30:00,228.0,0.0,109.0,0.0
2025-09-06 15:00:00,233.0,0.0,114.0,0.0
2025-09-06 15:30:00,232.0,0.0,113.0,0.0
2025-09-06 16:00:00,232.0,0.0,110.0,0.0
2025-09-06 16:30:00,231.0,0.0,109.0,0.0
2025-09-06 17:00:00,231.0,0.0,108.0,0.0
2025-09-06 17:30:00,223.0,0.0,110.0,0.0
2025-09-06 18:00:00,171.0,0.0,70.0,0.0
2025-09-06 18:30:00,126.0,0.0,46.0,0.0
2025-09-06 19:00:00,74.0,0.0,24.0,0.0
2025-09-06 19:30:00,75.0,0.0,24.0,0.0
2025-09-06 20:00:00,79.0,0.0,27.0,0.0
2025-09-06 20:30:00,85.0,0.0,32.0,0.0
2025-09-06 21:00:00,83.0,0.0,29.0,0.0
2025-09-06 21:30:00,83.0,0.0,31.0,0.0
2025-09-06 22:00:00,84.0,0.0,31.0,0.0
2025-09-06 22:30:00,83.0,0.0,30.0,0.0
2025-09-06 23:00:00,84.0,0.0,32.0,0.0
2025-09-06 23:30:00,83.0,0.0,30.0,0.0
2025-09-07 00:00:00,83.0,0.0,30.0,0.0
2025-09-07 10:00:00,77.0,0.0,22.0,0.0
2025-09-08 00:30:00,87.0,0.0,25.0,0.0
2025-09-08 01:00:00,89.0,0.0,25.0,0.0
2025-09-08 01:30:00,82.0,0.0,23.0,0.0
2025-09-08 02:00:00,84.0,0.0,20.0,0.0
2025-09-08 02:30:00,82.0,0.0,20.0,0.0
2025-09-08 03:00:00,88.0,0.0,19.0,0.0
2025-09-08 03:30:00,88.0,0.0,21.0,0.0
2025-09-08 04:00:00,81.0,0.0,22.0,0.0
2025-09-08 04:30:00,77.0,0.0,20.0,0.0
2025-09-08 05:00:00,79.0,0.0,20.0,0.0
2025-09-08 05:30:00,75.0,0.0,19.0,0.0
2025-09-08 06:00:00,89.0,0.0,19.0,0.0
2025-09-08 06:30:00,116.0,0.0,19.0,0.0
2025-09-08 07:00:00,120.0,0.0,20.0,0.0
2025-09-08 07:30:00,274.0,0.0,122.0,0.0
2025-09-08 08:00:00,453.0,0.0,211.0,0.0
2025-09-08 08:30:00,752.0,0.0,309.0,0.0
2025-09-08 09:00:00,863.0,0.0,324.0,0.0
2025-09-08 09:30:00,857.0,0.0,296.0,0.0
2025-09-08 10:00:00,872.0,0.0,292.0,0.0
2025-09-08 10:30:00,861.0,0.0,280.0,0.0
2025-09-08 11:00:00,860.0,0.0,322.0,0.0
2025-09-08 11:30:00,860.0,0.0,332.0,0.0
2025-09-08 12:00:00,850.0,0.0,332.0,0.0
2025-09-08 12:30:00,828.0,0.0,368.0,0.0
2025-09-08 13:00:00,828.0,0.0,378.0,0.0
2025-09-08 13:30:00,816.0,0.0,368.0,0.0
2025-09-08 14:00:00,852.0,0.0,376.0,0.0
2025-09-08 14:30:00,862.0,0.0,374.0,0.0
2025-09-08 15:00:00,861.0,0.0,372.0,0.0
2025-09-08 15:30:00,852.0,0.0,327.0,0.0
2025-09-08 16:00:00,864.0,0.0,307.0,0.0
2025-09-08 16:30:00,834.0,0.0,283.0,0.0
2025-09-08 17:00:00,847.0,0.0,301.0,0.0
2025-09-08 17:30:00,854.0,0.0,307.0,0.0
2025-09-08 18:00:00,856.0,0.0,292.0,0.0
2025-09-08 18:30:00,825.0,0.0,259.0,0.0
2025-09-08 19:00:00,832.0,0.0,254.0,0.0
2025-09-08 19:30:00,806.0,0.0,236.0,0.0
2025-09-08 20:00:00,776.0,0.0,224.0,0.0
2025-09-08 20:30:00,686.0,0.0,196.0,0.0
2025-09-08 21:00:00,688.0,0.0,200.0,0.0
2025-09-08 21:30:00,692.0,0.0,201.0,0.0
2025-09-08 22:00:00,686.0,0.0,200.0,0.0
2025-09-08 22:30:00,685.0,0.0,192.0,0.0
2025-09-08 23:00:00,674.0,0.0,185.0,0.0
2025-09-08 23:30:00,649.0,0.0,177.0,0.0
2025-09-09 00:00:00,646.0,0.0,173.0,0.0
2025-09-09 00:30:00,623.0,0.0,161.0,0.0
2025-09-09 01:00:00,635.0,0.0,157.0,0.0
2025-09-09 01:30:00,652.0,0.0,173.0,0.0
2025-09-09 02:00:00,665.0,0.0,179.0,0.0
2025-09-09 02:30:00,666.0,0.0,181.0,0.0
2025-09-09 03:00:00,660.0,0.0,175.0,0.0
2025-09-09 03:30:00,663.0,0.0,172.0,0.0
2025-09-09 04:00:00,653.0,0.0,174.0,0.0
2025-09-09 04:30:00,690.0,0.0,181.0,0.0
2025-09-09 05:00:00,669.0,0.0,181.0,0.0
2025-09-09 05:30:00,666.0,0.0,183.0,0.0
2025-09-09 06:00:00,663.0,0.0,175.0,0.0
2025-09-09 06:30:00,629.0,0.0,166.0,0.0
2025-09-09 07:00:00,659.0,0.0,173.0,0.0
2025-09-09 07:30:00,713.0,0.0,190.0,0.0
2025-09-09 08:00:00,780.0,0.0,228.0,0.0
2025-09-09 08:30:00,815.0,0.0,233.0,0.0
2025-09-09 09:00:00,852.0,0.0,290.0,0.0
2025-09-09 09:30:00,897.0,0.0,314.0,0.0
2025-09-09 10:00:00,905.0,0.0,315.0,0.0
2025-09-09 10:30:00,917.0,0.0,318.0,0.0
2025-09-09 11:00:00,873.0,0.0,309.0,0.0
2025-09-09 11:30:00,854.0,0.0,296.0,0.0
2025-09-09 12:00:00,788.0,0.0,262.0,0.0
2025-09-09 12:30:00,817.0,0.0,282.0,0.0
2025-09-09 13:00:00,806.0,0.0,290.0,0.0
2025-09-09 13:30:00,816.0,0.0,290.0,0.0
2025-09-09 14:00:00,830.0,0.0,286.0,0.0
2025-09-09 14:30:00,815.0,0.0,283.0,0.0
2025-09-09 15:00:00,820.0,0.0,283.0,0.0
2025-09-09 15:30:00,824.0,0.0,304.0,0.0
2025-09-09 16:00:00,844.0,0.0,356.0,0.0
2025-09-09 16:30:00,799.0,0.0,336.0,0.0
2025-09-09 17:00:00,796.0,0.0,345.0,0.0
2025-09-09 17:30:00,799.0,0.0,349.0,0.0
2025-09-09 18:00:00,808.0,0.0,358.0,0.0
2025-09-09 18:30:00,796.0,0.0,356.0,0.0
2025-09-09 19:00:00,794.0,0.0,380.0,0.0
2025-09-09 19:30:00,814.0,0.0,380.0,0.0
2025-09-09 20:00:00,761.0,0.0,352.0,0.0
2025-09-09 20:30:00,700.0,0.0,339.0,0.0
2025-09-09 21:00:00,690.0,0.0,338.0,0.0
2025-09-09 21:30:00,693.0,0.0,343.0,0.0
2025-09-09 22:00:00,707.0,0.0,342.0,0.0
2025-09-09 22:30:00,683.0,0.0,320.0,0.0
2025-09-09 23:00:00,655.0,0.0,312.0,0.0
2025-09-09 23:30:00,647.0,0.0,312.0,0.0
2025-09-10 00:00:00,645.0,0.0,314.0,0.0
2025-09-10 00:30:00,616.0,0.0,301.0,0.0
2025-09-10 01:00:00,633.0,0.0,303.0,0.0
2025-09-10 01:30:00,637.0,0.0,301.0,0.0
2025-09-10 02:00:00,637.0,0.0,306.0,0.0
2025-09-10 02:30:00,631.0,0.0,307.0,0.0
2025-09-10 03:00:00,647.0,0.0,311.0,0.0
2025-09-10 03:30:00,649.0,0.0,313.0,0.0
2025-09-10 04:00:00,650.0,0.0,317.0,0.0
2025-09-10 04:30:00,671.0,0.0,321.0,0.0
2025-09-10 05:00:00,675.0,0.0,322.0,0.0
2025-09-10 05:30:00,654.0,0.0,311.0,0.0
2025-09-10 06:00:00,646.0,0.0,315.0,0.0
2025-09-10 06:30:00,634.0,0.0,308.0,0.0
2025-09-10 07:00:00,643.0,0.0,311.0,0.0
2025-09-10 07:30:00,673.0,0.0,321.0,0.0
2025-09-10 08:00:00,710.0,0.0,346.0,0.0
2025-09-10 08:30:00,769.0,0.0,342.0,0.0
2025-09-10 09:00:00,848.0,0.0,288.0,0.0
2025-09-10 09:30:00,852.0,0.0,308.0,0.0
2025-09-10 10:00:00,840.0,0.0,305.0,0.0
2025-09-10 10:30:00,879.0,0.0,323.0,0.0
2025-09-10 11:00:00,893.0,0.0,336.0,0.0
2025-09-10 11:30:00,907.0,0.0,312.0,0.0
2025-09-10 12:00:00,867.0,0.0,292.0,0.0
2025-09-10 12:30:00,893.0,0.0,315.0,0.0
2025-09-10 13:00:00,863.0,0.0,295.0,0.0
2025-09-10 13:30:00,851.0,0.0,284.0,0.0
2025-09-10 14:00:00,878.0,0.0,288.0,0.0
2025-09-10 14:30:00,902.0,0.0,305.0,0.0
2025-09-10 15:00:00,883.0,0.0,299.0,0.0
2025-09-10 15:30:00,882.0,0.0,301.0,0.0
2025-09-10 16:00:00,866.0,0.0,292.0,0.0
2025-09-10 16:30:00,831.0,0.0,272.0,0.0
2025-09-10 17:00:00,818.0,0.0,263.0,0.0
2025-09-10 17:30:00,825.0,0.0,257.0,0.0
2025-09-10 18:00:00,829.0,0.0,261.0,0.0
2025-09-10 18:30:00,830.0,0.0,278.0,0.0
2025-09-10 19:00:00,825.0,0.0,271.0,0.0
2025-09-10 19:30:00,824.0,0.0,272.0,0.0
2025-09-10 20:00:00,785.0,0.0,249.0,0.0
2025-09-10 20:30:00,699.0,0.0,213.0,0.0
2025-09-10 21:00:00,693.0,0.0,208.0,0.0
2025-09-10 21:30:00,696.0,0.0,208.0,0.0
2025-09-10 22:00:00,672.0,0.0,198.0,0.0
2025-09-10 22:30:00,677.0,0.0,187.0,0.0
2025-09-10 23:00:00,672.0,0.0,186.0,0.0
2025-09-10 23:30:00,676.0,0.0,192.0,0.0
2025-09-11 00:00:00,669.0,0.0,189.0,0.0
2025-09-11 00:30:00,633.0,0.0,179.0,0.0
2025-09-11 01:00:00,634.0,0.0,171.0,0.0
2025-09-11 01:30:00,655.0,0.0,180.0,0.0
2025-09-11 02:00:00,642.0,0.0,180.0,0.0
2025-09-11 02:30:00,650.0,0.0,184.0,0.0
2025-09-11 03:00:00,667.0,0.0,193.0,0.0
2025-09-11 03:30:00,677.0,0.0,194.0,0.0
2025-09-11 04:00:00,656.0,0.0,188.0,0.0
2025-09-11 04:30:00,656.0,0.0,187.0,0.0
2025-09-11 05:00:00,676.0,0.0,193.0,0.0
2025-09-11 05:30:00,668.0,0.0,187.0,0.0
2025-09-11 06:00:00,655.0,0.0,185.0,0.0
2025-09-11 06:30:00,674.0,0.0,191.0,0.0
2025-09-11 07:00:00,657.0,0.0,183.0,0.0
2025-09-11 07:30:00,689.0,0.0,203.0,0.0
2025-09-11 08:00:00,734.0,0.0,230.0,0.0
2025-09-11 08:30:00,774.0,0.0,236.0,0.0
2025-09-11 09:00:00,818.0,0.0,296.0,0.0
2025-09-11 09:30:00,843.0,0.0,346.0,0.0
2025-09-11 10:00:00,809.0,0.0,335.0,0.0
2025-09-11 10:30:00,823.0,0.0,339.0,0.0
2025-09-11 11:00:00,827.0,0.0,341.0,0.0
2025-09-11 11:30:00,812.0,0.0,348.0,0.0
2025-09-11 12:00:00,785.0,0.0,368.0,0.0
2025-09-11 12:30:00,838.0,0.0,365.0,0.0
2025-09-11 13:00:00,800.0,0.0,274.0,0.0
2025-09-11 13:30:00,839.0,0.0,279.0,0.0
2025-09-11 14:00:00,848.0,0.0,275.0,0.0
2025-09-11 14:30:00,873.0,0.0,277.0,0.0
2025-09-11 15:00:00,849.0,0.0,278.0,0.0
2025-09-11 15:30:00,854.0,0.0,276.0,0.0
2025-09-11 16:00:00,855.0,0.0,276.0,0.0
2025-09-11 16:30:00,809.0,0.0,253.0,0.0
2025-09-11 17:00:00,816.0,0.0,255.0,0.0
2025-09-11 17:30:00,829.0,0.0,262.0,0.0
2025-09-11 18:00:00,828.0,0.0,268.0,0.0
2025-09-11 18:30:00,814.0,0.0,258.0,0.0
2025-09-11 19:00:00,807.0,0.0,254.0,0.0
2025-09-11 19:30:00,791.0,0.0,246.0,0.0
2025-09-11 20:00:00,759.0,0.0,228.0,0.0
2025-09-11 20:30:00,689.0,0.0,187.0,0.0
2025-09-11 21:00:00,674.0,0.0,191.0,0.0
2025-09-11 21:30:00,667.0,0.0,187.0,0.0
2025-09-11 22:00:00,663.0,0.0,181.0,0.0
2025-09-11 22:30:00,640.0,0.0,169.0,0.0
2025-09-11 23:00:00,633.0,0.0,167.0,0.0
2025-09-11 23:30:00,638.0,0.0,169.0,0.0
2025-09-12 00:00:00,632.0,0.0,167.0,0.0
2025-09-12 00:30:00,597.0,0.0,161.0,0.0
2025-09-12 01:00:00,641.0,0.0,177.0,0.0
2025-09-12 01:30:00,646.0,0.0,178.0,0.0
2025-09-12 02:00:00,643.0,0.0,176.0,0.0
2025-09-12 02:30:00,659.0,0.0,183.0,0.0
2025-09-12 03:00:00,647.0,0.0,179.0,0.0
2025-09-12 03:30:00,654.0,0.0,187.0,0.0
2025-09-12 04:00:00,660.0,0.0,187.0,0.0
2025-09-12 04:30:00,670.0,0.0,187.0,0.0
2025-09-12 05:00:00,705.0,0.0,192.0,0.0
2025-09-12 05:30:00,679.0,0.0,180.0,0.0
2025-09-12 06:00:00,657.0,0.0,181.0,0.0
2025-09-12 06:30:00,648.0,0.0,180.0,0.0
2025-09-12 07:00:00,650.0,0.0,173.0,0.0
2025-09-12 07:30:00,684.0,0.0,198.0,0.0
2025-09-12 08:00:00,725.0,0.0,222.0,0.0
2025-09-12 08:30:00,786.0,0.0,227.0,0.0
2025-09-12 09:00:00,834.0,0.0,239.0,0.0
2025-09-12 09:30:00,846.0,0.0,251.0,0.0
2025-09-12 10:00:00,848.0,0.0,252.0,0.0
2025-09-12 10:30:00,868.0,0.0,261.0,0.0
2025-09-12 11:00:00,863.0,0.0,260.0,0.0
2025-09-12 11:30:00,848.0,0.0,251.0,0.0
2025-09-12 12:00:00,810.0,0.0,242.0,0.0
2025-09-12 12:30:00,826.0,0.0,256.0,0.0
2025-09-12 13:00:00,821.0,0.0,326.0,0.0
2025-09-12 13:30:00,811.0,0.0,377.0,0.0
2025-09-12 14:00:00,833.0,0.0,383.0,0.0
2025-09-12 14:30:00,836.0,0.0,372.0,0.0
2025-09-12 15:00:00,859.0,0.0,379.0,0.0
2025-09-12 15:30:00,866.0,0.0,374.0,0.0
2025-09-12 16:00:00,876.0,0.0,381.0,0.0
2025-09-12 16:30:00,829.0,0.0,365.0,0.0
2025-09-12 17:00:00,846.0,0.0,379.0,0.0
2025-09-12 17:30:00,838.0,0.0,384.0,0.0
2025-09-12 18:00:00,845.0,0.0,389.0,0.0
2025-09-12 18:30:00,822.0,0.0,379.0,0.0
2025-09-12 19:00:00,805.0,0.0,372.0,0.0
2025-09-12 19:30:00,807.0,0.0,376.0,0.0
2025-09-12 20:00:00,747.0,0.0,351.0,0.0
2025-09-12 20:30:00,678.0,0.0,321.0,0.0
2025-09-12 21:00:00,671.0,0.0,325.0,0.0
2025-09-12 21:30:00,659.0,0.0,320.0,0.0
2025-09-12 22:00:00,672.0,0.0,332.0,0.0
2025-09-12 22:30:00,661.0,0.0,330.0,0.0
2025-09-12 23:00:00,663.0,0.0,324.0,0.0
2025-09-12 23:30:00,664.0,0.0,322.0,0.0
2025-09-13 00:00:00,650.0,0.0,316.0,0.0
2025-09-13 00:30:00,612.0,0.0,305.0,0.0
2025-09-13 01:00:00,638.0,0.0,317.0,0.0
2025-09-13 01:30:00,644.0,0.0,318.0,0.0
2025-09-13 02:00:00,641.0,0.0,321.0,0.0
2025-09-13 02:30:00,627.0,0.0,317.0,0.0
2025-09-13 03:00:00,629.0,0.0,320.0,0.0
2025-09-13 03:30:00,617.0,0.0,322.0,0.0
2025-09-13 04:00:00,615.0,0.0,319.0,0.0
2025-09-13 04:30:00,619.0,0.0,325.0,0.0
2025-09-13 05:00:00,620.0,0.0,323.0,0.0
2025-09-13 05:30:00,615.0,0.0,323.0,0.0
2025-09-13 06:00:00,598.0,0.0,315.0,0.0
2025-09-13 06:30:00,569.0,0.0,305.0,0.0
2025-09-13 07:00:00,586.0,0.0,310.0,0.0
2025-09-13 07:30:00,577.0,0.0,309.0,0.0
2025-09-13 08:00:00,495.0,0.0,267.0,0.0
2025-09-13 08:30:00,346.0,0.0,182.0,0.0
2025-09-13 09:00:00,329.0,0.0,161.0,0.0
2025-09-13 09:30:00,326.0,0.0,147.0,0.0
2025-09-13 10:00:00,314.0,0.0,147.0,0.0
2025-09-13 10:30:00,316.0,0.0,146.0,0.0
2025-09-13 11:00:00,318.0,0.0,140.0,0.0
2025-09-13 11:30:00,315.0,0.0,137.0,0.0
2025-09-13 12:00:00,321.0,0.0,141.0,0.0
2025-09-13 12:30:00,318.0,0.0,147.0,0.0
2025-09-13 13:00:00,306.0,0.0,149.0,0.0
2025-09-13 13:30:00,279.0,0.0,125.0,0.0
2025-09-13 14:00:00,260.0,0.0,100.0,0.0
2025-09-13 14:30:00,250.0,0.0,100.0,0.0
2025-09-13 15:00:00,250.0,0.0,102.0,0.0
2025-09-13 15:30:00,255.0,0.0,108.0,0.0
2025-09-13 16:00:00,254.0,0.0,104.0,0.0
2025-09-13 16:30:00,251.0,0.0,104.0,0.0
2025-09-13 17:00:00,252.0,0.0,107.0,0.0
2025-09-13 17:30:00,251.0,0.0,107.0,0.0
2025-09-13 18:00:00,224.0,0.0,102.0,0.0
2025-09-13 18:30:00,161.0,0.0,69.0,0.0
2025-09-13 19:00:00,105.0,0.0,46.0,0.0
2025-09-13 19:30:00,106.0,0.0,47.0,0.0
2025-09-13 20:00:00,95.0,0.0,41.0,0.0
2025-09-13 20:30:00,68.0,0.0,22.0,0.0
2025-09-13 21:00:00,68.0,0.0,23.0,0.0
2025-09-13 21:30:00,67.0,0.0,21.0,0.0
2025-09-13 22:00:00,69.0,0.0,23.0,0.0
2025-09-13 22:30:00,69.0,0.0,22.0,0.0
2025-09-13 23:00:00,66.0,0.0,20.0,0.0
2025-09-13 23:30:00,66.0,0.0,23.0,0.0
2025-09-14 00:00:00,65.0,0.0,22.0,0.0
2025-09-14 00:30:00,65.0,0.0,22.0,0.0
2025-09-14 01:00:00,66.0,0.0,23.0,0.0
2025-09-14 01:30:00,66.0,0.0,24.0,0.0
2025-09-14 02:00:00,65.0,0.0,23.0,0.0
2025-09-14 02:30:00,65.0,0.0,23.0,0.0
2025-09-14 03:00:00,63.0,0.0,20.0,0.0
2025-09-14 03:30:00,65.0,0.0,23.0,0.0
2025-09-14 04:00:00,62.0,0.0,20.0,0.0
2025-09-14 04:30:00,62.0,0.0,20.0,0.0
2025-09-14 05:00:00,62.0,0.0,18.0,0.0
2025-09-14 05:30:00,64.0,0.0,22.0,0.0
2025-09-14 06:00:00,61.0,0.0,20.0,0.0
2025-09-14 06:30:00,62.0,0.0,20.0,0.0
2025-09-14 07:00:00,62.0,0.0,21.0,0.0
2025-09-14 07:30:00,59.0,0.0,21.0,0.0
2025-09-14 08:00:00,58.0,0.0,23.0,0.0
2025-09-14 08:30:00,63.0,0.0,21.0,0.0
2025-09-14 09:00:00,62.0,0.0,22.0,0.0
2025-09-14 09:30:00,65.0,0.0,23.0,0.0
2025-09-14 10:00:00,64.0,0.0,22.0,0.0
2025-09-14 10:30:00,67.0,0.0,24.0,0.0
2025-09-14 11:00:00,66.0,0.0,23.0,0.0
2025-09-14 11:30:00,68.0,0.0,24.0,0.0
2025-09-14 12:00:00,68.0,0.0,25.0,0.0
2025-09-14 12:30:00,67.0,0.0,24.0,0.0
2025-09-14 13:00:00,69.0,0.0,25.0,0.0
2025-09-14 13:30:00,69.0,0.0,26.0,0.0
2025-09-14 14:00:00,68.0,0.0,24.0,0.0
2025-09-14 14:30:00,69.0,0.0,25.0,0.0
2025-09-14 15:00:00,69.0,0.0,24.0,0.0
2025-09-14 15:30:00,69.0,0.0,26.0,0.0
2025-09-14 16:00:00,68.0,0.0,24.0,0.0
2025-09-14 16:30:00,68.0,0.0,25.0,0.0
2025-09-14 17:00:00,66.0,0.0,23.0,0.0
2025-09-14 17:30:00,66.0,0.0,24.0,0.0
2025-09-14 18:00:00,65.0,0.0,27.0,0.0
2025-09-14 18:30:00,64.0,0.0,27.0,0.0
2025-09-14 19:00:00,63.0,0.0,25.0,0.0
2025-09-14 19:30:00,67.0,0.0,24.0,0.0
2025-09-14 20:00:00,65.0,0.0,24.0,0.0
2025-09-14 20:30:00,67.0,0.0,24.0,0.0
2025-09-14 21:00:00,68.0,0.0,25.0,0.0
2025-09-14 21:30:00,67.0,0.0,23.0,0.0
2025-09-14 22:00:00,68.0,0.0,24.0,0.0
2025-09-14 22:30:00,67.0,0.0,25.0,0.0
2025-09-14 23:00:00,67.0,0.0,22.0,0.0
2025-09-14 23:30:00,66.0,0.0,24.0,0.0
2025-09-15 00:00:00,68.0,0.0,25.0,0.0
2025-09-15 00:30:00,65.0,0.0,22.0,0.0
2025-09-15 01:00:00,67.0,0.0,25.0,0.0
2025-09-15 01:30:00,67.0,0.0,26.0,0.0
2025-09-15 02:00:00,65.0,0.0,23.0,0.0
2025-09-15 02:30:00,68.0,0.0,27.0,0.0
2025-09-15 03:00:00,67.0,0.0,25.0,0.0
2025-09-15 03:30:00,77.0,0.0,22.0,0.0
2025-09-15 04:00:00,80.0,0.0,25.0,0.0
2025-09-15 04:30:00,75.0,0.0,24.0,0.0
2025-09-15 05:00:00,69.0,0.0,21.0,0.0
2025-09-15 05:30:00,67.0,0.0,22.0,0.0
2025-09-15 06:00:00,68.0,0.0,22.0,0.0
2025-09-15 06:30:00,66.0,0.0,24.0,0.0
2025-09-15 07:00:00,67.0,0.0,23.0,0.0
2025-09-15 07:30:00,64.0,0.0,23.0,0.0
2025-09-15 08:00:00,63.0,0.0,24.0,0.0
2025-09-15 08:30:00,64.0,0.0,22.0,0.0
2025-09-15 09:00:00,62.0,0.0,22.0,0.0
2025-09-15 09:30:00,64.0,0.0,22.0,0.0
2025-09-15 10:00:00,63.0,0.0,23.0,0.0
2025-09-15 10:30:00,63.0,0.0,21.0,0.0
2025-09-15 11:00:00,64.0,0.0,22.0,0.0
2025-09-15 11:30:00,63.0,0.0,22.0,0.0
2025-09-15 12:00:00,63.0,0.0,21.0,0.0
2025-09-15 12:30:00,62.0,0.0,21.0,0.0
2025-09-15 13:00:00,61.0,0.0,22.0,0.0
2025-09-15 13:30:00,61.0,0.0,21.0,0.0
2025-09-15 14:00:00,62.0,0.0,20.0,0.0
2025-09-15 14:30:00,61.0,0.0,21.0,0.0
2025-09-15 15:00:00,61.0,0.0,20.0,0.0
2025-09-15 15:30:00,65.0,0.0,21.0,0.0
2025-09-15 16:00:00,61.0,0.0,23.0,0.0
2025-09-15 16:30:00,61.0,0.0,21.0,0.0
2025-09-15 17:00:00,62.0,0.0,21.0,0.0
2025-09-15 17:30:00,63.0,0.0,21.0,0.0
2025-09-15 18:00:00,59.0,0.0,20.0,0.0
2025-09-15 18:30:00,63.0,0.0,22.0,0.0
2025-09-15 19:00:00,63.0,0.0,19.0,0.0
2025-09-15 19:30:00,63.0,0.0,21.0,0.0
2025-09-15 20:00:00,65.0,0.0,19.0,0.0
2025-09-15 20:30:00,68.0,0.0,21.0,0.0
2025-09-15 21:00:00,68.0,0.0,22.0,0.0
2025-09-15 21:30:00,65.0,0.0,20.0,0.0
2025-09-15 22:00:00,70.0,0.0,22.0,0.0
2025-09-15 22:30:00,67.0,0.0,22.0,0.0
2025-09-15 23:00:00,66.0,0.0,22.0,0.0
2025-09-15 23:30:00,69.0,0.0,21.0,0.0
2025-09-16 00:00:00,68.0,0.0,22.0,0.0
2025-09-16 00:30:00,67.0,0.0,23.0,0.0
2025-09-16 01:00:00,67.0,0.0,21.0,0.0
2025-09-16 01:30:00,69.0,0.0,23.0,0.0
2025-09-16 02:00:00,65.0,0.0,20.0,0.0
2025-09-16 02:30:00,68.0,0.0,22.0,0.0
2025-09-16 03:00:00,70.0,0.0,21.0,0.0
2025-09-16 03:30:00,66.0,0.0,21.0,0.0
2025-09-16 04:00:00,66.0,0.0,20.0,0.0
2025-09-16 04:30:00,66.0,0.0,20.0,0.0
2025-09-16 05:00:00,66.0,0.0,20.0,0.0
2025-09-16 05:30:00,65.0,0.0,21.0,0.0
2025-09-16 06:00:00,65.0,0.0,21.0,0.0
2025-09-16 06:30:00,66.0,0.0,21.0,0.0
2025-09-16 07:00:00,64.0,0.0,23.0,0.0
2025-09-16 07:30:00,61.0,0.0,21.0,0.0
2025-09-16 08:00:00,63.0,0.0,23.0,0.0
2025-09-16 08:30:00,59.0,0.0,21.0,0.0
2025-09-16 09:00:00,58.0,0.0,21.0,0.0
2025-09-16 09:30:00,61.0,0.0,20.0,0.0
2025-09-16 10:00:00,61.0,0.0,23.0,0.0
2025-09-16 10:30:00,63.0,0.0,23.0,0.0
2025-09-16 11:00:00,64.0,0.0,22.0,0.0
2025-09-16 11:30:00,62.0,0.0,22.0,0.0
2025-09-16 12:00:00,64.0,0.0,23.0,0.0
2025-09-16 12:30:00,64.0,0.0,23.0,0.0
2025-09-16 13:00:00,64.0,0.0,23.0,0.0
2025-09-16 13:30:00,62.0,0.0,22.0,0.0
2025-09-16 14:00:00,66.0,0.0,23.0,0.0
2025-09-16 14:30:00,68.0,0.0,24.0,0.0
2025-09-16 15:00:00,66.0,0.0,23.0,0.0
2025-09-16 15:30:00,68.0,0.0,23.0,0.0
2025-09-16 16:00:00,68.0,0.0,25.0,0.0
2025-09-16 16:30:00,67.0,0.0,25.0,0.0
2025-09-16 17:00:00,68.0,0.0,24.0,0.0
2025-09-16 17:30:00,67.0,0.0,25.0,0.0
2025-09-16 18:00:00,67.0,0.0,25.0,0.0
2025-09-16 18:30:00,68.0,0.0,24.0,0.0
2025-09-16 19:00:00,66.0,0.0,22.0,0.0
2025-09-16 19:30:00,67.0,0.0,22.0,0.0
2025-09-16 20:00:00,70.0,0.0,24.0,0.0
2025-09-16 20:30:00,72.0,0.0,23.0,0.0
2025-09-16 21:00:00,72.0,0.0,25.0,0.0
2025-09-16 21:30:00,70.0,0.0,22.0,0.0
2025-09-16 22:00:00,71.0,0.0,25.0,0.0
2025-09-16 22:30:00,71.0,0.0,25.0,0.0
2025-09-16 23:00:00,70.0,0.0,23.0,0.0
2025-09-16 23:30:00,69.0,0.0,22.0,0.0
2025-09-17 00:00:00,67.0,0.0,22.0,0.0
2025-09-17 00:30:00,90.0,0.0,24.0,0.0
2025-09-17 01:00:00,94.0,0.0,23.0,0.0
2025-09-17 01:30:00,90.0,0.0,24.0,0.0
2025-09-17 02:00:00,93.0,0.0,25.0,0.0
2025-09-17 02:30:00,86.0,0.0,23.0,0.0
2025-09-17 03:00:00,77.0,0.0,25.0,0.0
2025-09-17 03:30:00,77.0,0.0,25.0,0.0
2025-09-17 04:00:00,77.0,0.0,21.0,0.0
2025-09-17 04:30:00,75.0,0.0,24.0,0.0
2025-09-17 05:00:00,76.0,0.0,23.0,0.0
2025-09-17 05:30:00,73.0,0.0,21.0,0.0
2025-09-17 06:00:00,91.0,0.0,22.0,0.0
2025-09-17 06:30:00,125.0,0.0,20.0,0.0
2025-09-17 07:00:00,117.0,0.0,24.0,0.0
2025-09-17 07:30:00,321.0,0.0,112.0,0.0
2025-09-17 08:00:00,586.0,0.0,264.0,0.0
2025-09-17 08:30:00,769.0,0.0,324.0,0.0
2025-09-17 09:00:00,818.0,0.0,325.0,0.0
2025-09-17 09:30:00,880.0,0.0,310.0,0.0
2025-09-17 10:00:00,882.0,0.0,307.0,0.0
2025-09-17 10:30:00,904.0,0.0,314.0,0.0
2025-09-17 11:00:00,846.0,0.0,290.0,0.0
2025-09-17 11:30:00,862.0,0.0,294.0,0.0
2025-09-17 12:00:00,828.0,0.0,275.0,0.0
2025-09-17 12:30:00,843.0,0.0,287.0,0.0
2025-09-17 13:00:00,823.0,0.0,294.0,0.0
2025-09-17 13:30:00,824.0,0.0,292.0,0.0
2025-09-17 14:00:00,837.0,0.0,288.0,0.0
2025-09-17 14:30:00,848.0,0.0,290.0,0.0
2025-09-17 15:00:00,837.0,0.0,288.0,0.0
2025-09-17 15:30:00,855.0,0.0,291.0,0.0
2025-09-17 16:00:00,842.0,0.0,285.0,0.0
2025-09-17 16:30:00,802.0,0.0,265.0,0.0
2025-09-17 17:00:00,825.0,0.0,276.0,0.0
2025-09-17 17:30:00,832.0,0.0,287.0,0.0
2025-09-17 18:00:00,833.0,0.0,286.0,0.0
2025-09-17 18:30:00,832.0,0.0,289.0,0.0
2025-09-17 19:00:00,823.0,0.0,283.0,0.0
2025-09-17 19:30:00,803.0,0.0,258.0,0.0
2025-09-17 20:00:00,766.0,0.0,240.0,0.0
2025-09-17 20:30:00,694.0,0.0,215.0,0.0
2025-09-17 21:00:00,703.0,0.0,222.0,0.0
2025-09-17 21:30:00,677.0,0.0,211.0,0.0
2025-09-17 22:00:00,697.0,0.0,210.0,0.0
2025-09-17 22:30:00,675.0,0.0,196.0,0.0
2025-09-17 23:00:00,675.0,0.0,195.0,0.0
2025-09-17 23:30:00,644.0,0.0,186.0,0.0
2025-09-18 00:00:00,663.0,0.0,190.0,0.0
2025-09-18 00:30:00,622.0,0.0,179.0,0.0
2025-09-18 01:00:00,629.0,0.0,181.0,0.0
2025-09-18 01:30:00,632.0,0.0,187.0,0.0
2025-09-18 02:00:00,629.0,0.0,184.0,0.0
2025-09-18 02:30:00,623.0,0.0,188.0,0.0
2025-09-18 03:00:00,629.0,0.0,187.0,0.0
2025-09-18 03:30:00,639.0,0.0,189.0,0.0
2025-09-18 04:00:00,631.0,0.0,189.0,0.0
2025-09-18 04:30:00,622.0,0.0,190.0,0.0
2025-09-18 05:00:00,616.0,0.0,185.0,0.0
2025-09-18 05:30:00,630.0,0.0,188.0,0.0
2025-09-18 06:00:00,621.0,0.0,185.0,0.0
2025-09-18 06:30:00,612.0,0.0,183.0,0.0
2025-09-18 07:00:00,625.0,0.0,181.0,0.0
2025-09-18 07:30:00,656.0,0.0,197.0,0.0
2025-09-18 08:00:00,699.0,0.0,217.0,0.0
2025-09-18 08:30:00,797.0,0.0,248.0,0.0
2025-09-18 09:00:00,824.0,0.0,284.0,0.0
2025-09-18 09:30:00,872.0,0.0,363.0,0.0
2025-09-18 10:00:00,874.0,0.0,395.0,0.0
2025-09-18 10:30:00,873.0,0.0,409.0,0.0
2025-09-18 11:00:00,858.0,0.0,407.0,0.0
2025-09-18 11:30:00,877.0,0.0,338.0,0.0
2025-09-18 12:00:00,841.0,0.0,298.0,0.0
2025-09-18 12:30:00,868.0,0.0,327.0,0.0
2025-09-18 13:00:00,875.0,0.0,334.0,0.0
2025-09-18 13:30:00,861.0,0.0,311.0,0.0
2025-09-18 14:00:00,897.0,0.0,286.0,0.0
2025-09-18 14:30:00,918.0,0.0,293.0,0.0
2025-09-18 15:00:00,923.0,0.0,290.0,0.0
2025-09-18 15:30:00,916.0,0.0,283.0,0.0
2025-09-18 16:00:00,904.0,0.0,271.0,0.0
2025-09-18 16:30:00,873.0,0.0,254.0,0.0
2025-09-18 17:00:00,902.0,0.0,267.0,0.0
2025-09-18 17:30:00,931.0,0.0,280.0,0.0
2025-09-18 18:00:00,925.0,0.0,283.0,0.0
2025-09-18 18:30:00,914.0,0.0,286.0,0.0
2025-09-18 19:00:00,892.0,0.0,275.0,0.0
2025-09-18 19:30:00,890.0,0.0,267.0,0.0
2025-09-18 20:00:00,772.0,0.0,205.0,0.0
2025-09-18 20:30:00,735.0,0.0,187.0,0.0
2025-09-18 21:00:00,725.0,0.0,224.0,0.0
2025-09-18 21:30:00,705.0,0.0,221.0,0.0
2025-09-18 22:00:00,706.0,0.0,228.0,0.0
2025-09-18 22:30:00,712.0,0.0,228.0,0.0
2025-09-18 23:00:00,719.0,0.0,233.0,0.0
2025-09-18 23:30:00,717.0,0.0,236.0,0.0
2025-09-19 00:00:00,711.0,0.0,230.0,0.0
2025-09-19 00:30:00,670.0,0.0,210.0,0.0
2025-09-19 01:00:00,698.0,0.0,222.0,0.0
2025-09-19 01:30:00,695.0,0.0,223.0,0.0
2025-09-19 02:00:00,696.0,0.0,224.0,0.0
2025-09-19 02:30:00,687.0,0.0,220.0,0.0
2025-09-19 03:00:00,708.0,0.0,228.0,0.0
2025-09-19 03:30:00,686.0,0.0,222.0,0.0
2025-09-19 04:00:00,691.0,0.0,220.0,0.0
2025-09-19 04:30:00,688.0,0.0,216.0,0.0
2025-09-19 05:00:00,680.0,0.0,215.0,0.0
2025-09-19 05:30:00,667.0,0.0,209.0,0.0
2025-09-19 06:00:00,667.0,0.0,203.0,0.0
2025-09-19 06:30:00,650.0,0.0,203.0,0.0
2025-09-19 07:00:00,685.0,0.0,214.0,0.0
2025-09-19 07:30:00,708.0,0.0,231.0,0.0
2025-09-19 08:00:00,735.0,0.0,251.0,0.0
2025-09-19 08:30:00,826.0,0.0,257.0,0.0
2025-09-19 09:00:00,870.0,0.0,286.0,0.0
2025-09-19 09:30:00,892.0,0.0,304.0,0.0
2025-09-19 10:00:00,870.0,0.0,286.0,0.0
2025-09-19 10:30:00,894.0,0.0,299.0,0.0
2025-09-19 11:00:00,893.0,0.0,303.0,0.0
2025-09-19 11:30:00,868.0,0.0,326.0,0.0
2025-09-19 12:00:00,874.0,0.0,326.0,0.0
2025-09-19 12:30:00,871.0,0.0,335.0,0.0
2025-09-19 13:00:00,863.0,0.0,344.0,0.0
2025-09-19 13:30:00,873.0,0.0,311.0,0.0
2025-09-19 14:00:00,911.0,0.0,321.0,0.0
2025-09-19 14:30:00,909.0,0.0,312.0,0.0
2025-09-19 15:00:00,887.0,0.0,305.0,0.0
2025-09-19 15:30:00,884.0,0.0,304.0,0.0
2025-09-19 16:00:00,874.0,0.0,296.0,0.0
2025-09-19 16:30:00,834.0,0.0,281.0,0.0
2025-09-19 17:00:00,839.0,0.0,289.0,0.0
2025-09-19 17:30:00,845.0,0.0,293.0,0.0
2025-09-19 18:00:00,844.0,0.0,293.0,0.0
2025-09-19 18:30:00,837.0,0.0,288.0,0.0
2025-09-19 19:00:00,826.0,0.0,285.0,0.0
2025-09-19 19:30:00,798.0,0.0,254.0,0.0
2025-09-19 20:00:00,749.0,0.0,227.0,0.0
2025-09-19 20:30:00,680.0,0.0,201.0,0.0
2025-09-19 21:00:00,680.0,0.0,204.0,0.0
2025-09-19 21:30:00,670.0,0.0,204.0,0.0
2025-09-19 22:00:00,668.0,0.0,200.0,0.0
2025-09-19 22:30:00,665.0,0.0,201.0,0.0
2025-09-19 23:00:00,666.0,0.0,200.0,0.0
2025-09-19 23:30:00,666.0,0.0,196.0,0.0
2025-09-20 00:00:00,665.0,0.0,193.0,0.0
2025-09-20 00:30:00,622.0,0.0,167.0,0.0
2025-09-20 01:00:00,652.0,0.0,179.0,0.0
2025-09-20 01:30:00,657.0,0.0,183.0,0.0
2025-09-20 02:00:00,636.0,0.0,167.0,0.0
2025-09-20 02:30:00,637.0,0.0,207.0,0.0
2025-09-20 03:00:00,638.0,0.0,214.0,0.0
2025-09-20 03:30:00,628.0,0.0,213.0,0.0
2025-09-20 04:00:00,630.0,0.0,213.0,0.0
2025-09-20 04:30:00,624.0,0.0,212.0,0.0
2025-09-20 05:00:00,613.0,0.0,203.0,0.0
2025-09-20 05:30:00,619.0,0.0,205.0,0.0
2025-09-20 06:00:00,621.0,0.0,204.0,0.0
2025-09-20 06:30:00,618.0,0.0,203.0,0.0
2025-09-20 07:00:00,649.0,0.0,209.0,0.0
2025-09-20 07:30:00,664.0,0.0,224.0,0.0
2025-09-20 08:00:00,699.0,0.0,240.0,0.0
2025-09-20 08:30:00,771.0,0.0,251.0,0.0
2025-09-20 09:00:00,838.0,0.0,269.0,0.0
2025-09-20 09:30:00,830.0,0.0,265.0,0.0
2025-09-20 10:00:00,836.0,0.0,271.0,0.0
2025-09-20 10:30:00,851.0,0.0,284.0,0.0
2025-09-20 11:00:00,827.0,0.0,272.0,0.0
2025-09-20 11:30:00,839.0,0.0,274.0,0.0
2025-09-20 12:00:00,794.0,0.0,256.0,0.0
2025-09-20 12:30:00,832.0,0.0,276.0,0.0
2025-09-20 13:00:00,822.0,0.0,278.0,0.0
2025-09-20 13:30:00,833.0,0.0,301.0,0.0
2025-09-20 14:00:00,832.0,0.0,317.0,0.0
2025-09-20 14:30:00,849.0,0.0,341.0,0.0
2025-09-20 15:00:00,850.0,0.0,364.0,0.0
2025-09-20 15:30:00,850.0,0.0,360.0,0.0
2025-09-20 16:00:00,835.0,0.0,357.0,0.0
2025-09-20 16:30:00,780.0,0.0,337.0,0.0
2025-09-20 17:00:00,803.0,0.0,353.0,0.0
2025-09-20 17:30:00,832.0,0.0,366.0,0.0
2025-09-20 18:00:00,769.0,0.0,341.0,0.0
2025-09-20 18:30:00,489.0,0.0,206.0,0.0
2025-09-20 19:00:00,453.0,0.0,193.0,0.0
2025-09-20 19:30:00,471.0,0.0,198.0,0.0
2025-09-20 20:00:00,509.0,0.0,210.0,0.0
2025-09-20 20:30:00,595.0,0.0,242.0,0.0
2025-09-20 21:00:00,636.0,0.0,267.0,0.0
2025-09-20 21:30:00,628.0,0.0,266.0,0.0
2025-09-20 22:00:00,621.0,0.0,265.0,0.0
2025-09-20 22:30:00,622.0,0.0,269.0,0.0
2025-09-20 23:00:00,612.0,0.0,263.0,0.0
2025-09-20 23:30:00,608.0,0.0,262.0,0.0
2025-09-21 00:00:00,612.0,0.0,259.0,0.0
2025-09-21 00:30:00,583.0,0.0,245.0,0.0
2025-09-21 01:00:00,599.0,0.0,244.0,0.0
2025-09-21 01:30:00,606.0,0.0,242.0,0.0
2025-09-21 02:00:00,604.0,0.0,243.0,0.0
2025-09-21 02:30:00,622.0,0.0,249.0,0.0
2025-09-21 03:00:00,601.0,0.0,243.0,0.0
2025-09-21 03:30:00,592.0,0.0,242.0,0.0
2025-09-21 04:00:00,596.0,0.0,248.0,0.0
2025-09-21 04:30:00,571.0,0.0,241.0,0.0
2025-09-21 05:00:00,608.0,0.0,254.0,0.0
2025-09-21 05:30:00,583.0,0.0,243.0,0.0
2025-09-21 06:00:00,583.0,0.0,243.0,0.0
2025-09-21 06:30:00,555.0,0.0,232.0,0.0
2025-09-21 07:00:00,569.0,0.0,235.0,0.0
2025-09-21 07:30:00,568.0,0.0,247.0,0.0
2025-09-21 08:00:00,413.0,0.0,181.0,0.0
2025-09-21 08:30:00,130.0,0.0,66.0,0.0
2025-09-21 09:00:00,137.0,0.0,76.0,0.0
2025-09-21 09:30:00,98.0,0.0,37.0,0.0
2025-09-21 10:00:00,95.0,0.0,36.0,0.0
2025-09-21 10:30:00,93.0,0.0,33.0,0.0
2025-09-21 11:00:00,92.0,0.0,30.0,0.0
2025-09-21 11:30:00,91.0,0.0,29.0,0.0
2025-09-21 12:00:00,92.0,0.0,29.0,0.0
2025-09-21 12:30:00,95.0,0.0,30.0,0.0
2025-09-21 13:00:00,95.0,0.0,31.0,0.0
2025-09-21 13:30:00,94.0,0.0,30.0,0.0
2025-09-21 14:00:00,95.0,0.0,30.0,0.0
2025-09-21 14:30:00,96.0,0.0,31.0,0.0
2025-09-21 15:00:00,95.0,0.0,31.0,0.0
2025-09-21 15:30:00,95.0,0.0,31.0,0.0
2025-09-21 16:00:00,98.0,0.0,31.0,0.0
2025-09-21 16:30:00,102.0,0.0,32.0,0.0
2025-09-21 17:00:00,104.0,0.0,33.0,0.0
2025-09-21 17:30:00,101.0,0.0,33.0,0.0
2025-09-21 18:00:00,99.0,0.0,32.0,0.0
2025-09-21 18:30:00,89.0,0.0,28.0,0.0
2025-09-21 19:00:00,86.0,0.0,28.0,0.0
2025-09-21 19:30:00,91.0,0.0,29.0,0.0
2025-09-21 20:00:00,91.0,0.0,30.0,0.0
2025-09-21 20:30:00,91.0,0.0,29.0,0.0
2025-09-21 21:00:00,92.0,0.0,29.0,0.0
2025-09-21 21:30:00,92.0,0.0,31.0,0.0
2025-09-21 22:00:00,90.0,0.0,28.0,0.0
2025-09-21 22:30:00,90.0,0.0,27.0,0.0
2025-09-21 23:00:00,90.0,0.0,27.0,0.0
2025-09-21 23:30:00,92.0,0.0,28.0,0.0
2025-09-22 00:00:00,89.0,0.0,27.0,0.0
2025-09-22 00:30:00,90.0,0.0,27.0,0.0
2025-09-22 01:00:00,90.0,0.0,25.0,0.0
2025-09-22 01:30:00,88.0,0.0,25.0,0.0
2025-09-22 02:00:00,90.0,0.0,27.0,0.0
2025-09-22 02:30:00,89.0,0.0,25.0,0.0
2025-09-22 03:00:00,88.0,0.0,25.0,0.0
2025-09-22 03:30:00,88.0,0.0,26.0,0.0
2025-09-22 04:00:00,90.0,0.0,28.0,0.0
2025-09-22 04:30:00,87.0,0.0,25.0,0.0
2025-09-22 05:00:00,88.0,0.0,27.0,0.0
2025-09-22 05:30:00,87.0,0.0,27.0,0.0
2025-09-22 06:00:00,87.0,0.0,26.0,0.0
2025-09-22 06:30:00,147.0,0.0,55.0,0.0
2025-09-22 07:00:00,188.0,0.0,87.0,0.0
2025-09-22 07:30:00,351.0,0.0,169.0,0.0
2025-09-22 08:00:00,547.0,0.0,194.0,0.0
2025-09-22 08:30:00,779.0,0.0,274.0,0.0
2025-09-22 09:00:00,884.0,0.0,281.0,0.0
2025-09-22 09:30:00,894.0,0.0,283.0,0.0
2025-09-22 10:00:00,907.0,0.0,296.0,0.0
2025-09-22 10:30:00,918.0,0.0,298.0,0.0
2025-09-22 11:00:00,922.0,0.0,304.0,0.0
2025-09-22 11:30:00,921.0,0.0,300.0,0.0
2025-09-22 12:00:00,890.0,0.0,293.0,0.0
2025-09-22 12:30:00,918.0,0.0,312.0,0.0
2025-09-22 13:00:00,903.0,0.0,316.0,0.0
2025-09-22 13:30:00,910.0,0.0,315.0,0.0
2025-09-22 14:00:00,908.0,0.0,308.0,0.0
2025-09-22 14:30:00,893.0,0.0,305.0,0.0
2025-09-22 15:00:00,895.0,0.0,303.0,0.0
2025-09-22 15:30:00,895.0,0.0,305.0,0.0
2025-09-22 16:00:00,880.0,0.0,298.0,0.0
2025-09-22 16:30:00,859.0,0.0,281.0,0.0
2025-09-22 17:00:00,883.0,0.0,297.0,0.0
2025-09-22 17:30:00,877.0,0.0,301.0,0.0
2025-09-22 18:00:00,885.0,0.0,309.0,0.0
2025-09-22 18:30:00,846.0,0.0,296.0,0.0
2025-09-22 19:00:00,824.0,0.0,287.0,0.0
2025-09-22 19:30:00,799.0,0.0,264.0,0.0
2025-09-22 20:00:00,763.0,0.0,233.0,0.0
2025-09-22 20:30:00,683.0,0.0,206.0,0.0
2025-09-22 21:00:00,665.0,0.0,198.0,0.0
2025-09-22 21:30:00,654.0,0.0,191.0,0.0
2025-09-22 22:00:00,648.0,0.0,189.0,0.0
2025-09-22 22:30:00,646.0,0.0,201.0,0.0
2025-09-22 23:00:00,648.0,0.0,202.0,0.0
2025-09-22 23:30:00,650.0,0.0,194.0,0.0
2025-09-23 00:00:00,603.0,0.0,158.0,0.0
2025-09-23 00:30:00,455.0,0.0,91.0,0.0
2025-09-23 01:00:00,603.0,0.0,168.0,0.0
2025-09-23 01:30:00,633.0,0.0,181.0,0.0
2025-09-23 02:00:00,641.0,0.0,181.0,0.0
2025-09-23 02:30:00,636.0,0.0,177.0,0.0
2025-09-23 03:00:00,638.0,0.0,179.0,0.0
2025-09-23 03:30:00,623.0,0.0,169.0,0.0
2025-09-23 04:00:00,631.0,0.0,173.0,0.0
2025-09-23 04:30:00,641.0,0.0,178.0,0.0
2025-09-23 05:00:00,657.0,0.0,183.0,0.0
2025-09-23 05:30:00,629.0,0.0,175.0,0.0
2025-09-23 06:00:00,625.0,0.0,174.0,0.0
2025-09-23 06:30:00,619.0,0.0,167.0,0.0
2025-09-23 07:00:00,627.0,0.0,171.0,0.0
2025-09-23 07:30:00,664.0,0.0,189.0,0.0
2025-09-23 08:00:00,720.0,0.0,259.0,0.0
2025-09-23 08:30:00,786.0,0.0,346.0,0.0
2025-09-23 09:00:00,849.0,0.0,375.0,0.0
2025-09-23 09:30:00,879.0,0.0,348.0,0.0
2025-09-23 10:00:00,873.0,0.0,321.0,0.0
2025-09-23 10:30:00,874.0,0.0,321.0,0.0
2025-09-23 11:00:00,895.0,0.0,327.0,0.0
2025-09-23 11:30:00,866.0,0.0,316.0,0.0
2025-09-23 12:00:00,876.0,0.0,319.0,0.0
2025-09-23 12:30:00,861.0,0.0,321.0,0.0
2025-09-23 13:00:00,864.0,0.0,315.0,0.0
2025-09-23 13:30:00,850.0,0.0,279.0,0.0
2025-09-23 14:00:00,883.0,0.0,279.0,0.0
2025-09-23 14:30:00,886.0,0.0,278.0,0.0
2025-09-23 15:00:00,887.0,0.0,279.0,0.0
2025-09-23 15:30:00,916.0,0.0,294.0,0.0
2025-09-23 16:00:00,920.0,0.0,287.0,0.0
2025-09-23 16:30:00,874.0,0.0,266.0,0.0
2025-09-23 17:00:00,900.0,0.0,284.0,0.0
2025-09-23 17:30:00,896.0,0.0,284.0,0.0
2025-09-23 18:00:00,890.0,0.0,291.0,0.0
2025-09-23 18:30:00,867.0,0.0,285.0,0.0
2025-09-23 19:00:00,840.0,0.0,262.0,0.0
2025-09-23 19:30:00,817.0,0.0,237.0,0.0
2025-09-23 20:00:00,750.0,0.0,214.0,0.0
2025-09-23 20:30:00,674.0,0.0,183.0,0.0
2025-09-23 21:00:00,670.0,0.0,181.0,0.0
2025-09-23 21:30:00,660.0,0.0,177.0,0.0
2025-09-23 22:00:00,652.0,0.0,177.0,0.0
2025-09-23 22:30:00,637.0,0.0,176.0,0.0
2025-09-23 23:00:00,645.0,0.0,176.0,0.0
2025-09-23 23:30:00,642.0,0.0,176.0,0.0
2025-09-24 00:00:00,641.0,0.0,178.0,0.0
2025-09-24 00:30:00,617.0,0.0,156.0,0.0
2025-09-24 01:00:00,633.0,0.0,164.0,0.0
2025-09-24 01:30:00,629.0,0.0,164.0,0.0
2025-09-24 02:00:00,624.0,0.0,165.0,0.0
2025-09-24 02:30:00,626.0,0.0,160.0,0.0
2025-09-24 03:00:00,612.0,0.0,146.0,0.0
2025-09-24 03:30:00,618.0,0.0,155.0,0.0
2025-09-24 04:00:00,625.0,0.0,168.0,0.0
2025-09-24 04:30:00,627.0,0.0,167.0,0.0
2025-09-24 05:00:00,635.0,0.0,168.0,0.0
2025-09-24 05:30:00,611.0,0.0,156.0,0.0
2025-09-24 06:00:00,611.0,0.0,154.0,0.0
2025-09-24 06:30:00,595.0,0.0,149.0,0.0
2025-09-24 07:00:00,604.0,0.0,147.0,0.0
2025-09-24 07:30:00,641.0,0.0,164.0,0.0
2025-09-24 08:00:00,694.0,0.0,193.0,0.0
2025-09-24 08:30:00,818.0,0.0,242.0,0.0
2025-09-24 09:00:00,847.0,0.0,255.0,0.0
2025-09-24 09:30:00,878.0,0.0,297.0,0.0
2025-09-24 10:00:00,885.0,0.0,333.0,0.0
2025-09-24 10:30:00,895.0,0.0,307.0,0.0
2025-09-24 11:00:00,867.0,0.0,299.0,0.0
2025-09-24 11:30:00,885.0,0.0,302.0,0.0
2025-09-24 12:00:00,847.0,0.0,289.0,0.0
2025-09-24 12:30:00,868.0,0.0,304.0,0.0
2025-09-24 13:00:00,875.0,0.0,313.0,0.0
2025-09-24 13:30:00,861.0,0.0,315.0,0.0
2025-09-24 14:00:00,893.0,0.0,321.0,0.0
2025-09-24 14:30:00,883.0,0.0,321.0,0.0
2025-09-24 15:00:00,846.0,0.0,301.0,0.0
2025-09-24 15:30:00,853.0,0.0,298.0,0.0
2025-09-24 16:00:00,739.0,0.0,223.0,0.0
2025-09-24 16:30:00,825.0,0.0,284.0,0.0
2025-09-24 17:00:00,857.0,0.0,299.0,0.0
2025-09-24 17:30:00,870.0,0.0,307.0,0.0
2025-09-24 18:00:00,850.0,0.0,296.0,0.0
2025-09-24 18:30:00,845.0,0.0,295.0,0.0
2025-09-24 19:00:00,816.0,0.0,292.0,0.0
2025-09-24 19:30:00,818.0,0.0,274.0,0.0
2025-09-24 20:00:00,783.0,0.0,259.0,0.0
2025-09-24 20:30:00,687.0,0.0,210.0,0.0
2025-09-24 21:00:00,681.0,0.0,212.0,0.0
2025-09-24 21:30:00,668.0,0.0,210.0,0.0
2025-09-24 22:00:00,666.0,0.0,211.0,0.0
2025-09-24 22:30:00,656.0,0.0,215.0,0.0
2025-09-24 23:00:00,660.0,0.0,216.0,0.0
2025-09-24 23:30:00,654.0,0.0,214.0,0.0
2025-09-25 00:00:00,653.0,0.0,212.0,0.0
2025-09-25 00:30:00,613.0,0.0,191.0,0.0
2025-09-25 01:00:00,635.0,0.0,195.0,0.0
2025-09-25 01:30:00,637.0,0.0,197.0,0.0
2025-09-25 02:00:00,634.0,0.0,194.0,0.0
2025-09-25 02:30:00,627.0,0.0,191.0,0.0
2025-09-25 03:00:00,625.0,0.0,189.0,0.0
2025-09-25 03:30:00,624.0,0.0,191.0,0.0
2025-09-25 04:00:00,625.0,0.0,192.0,0.0
2025-09-25 04:30:00,620.0,0.0,189.0,0.0
2025-09-25 05:00:00,620.0,0.0,189.0,0.0
2025-09-25 05:30:00,622.0,0.0,190.0,0.0
2025-09-25 06:00:00,624.0,0.0,191.0,0.0
2025-09-25 06:30:00,598.0,0.0,177.0,0.0
2025-09-25 07:00:00,618.0,0.0,179.0,0.0
2025-09-25 07:30:00,642.0,0.0,198.0,0.0
2025-09-25 08:00:00,695.0,0.0,226.0,0.0
2025-09-25 08:30:00,822.0,0.0,273.0,0.0
2025-09-25 09:00:00,833.0,0.0,284.0,0.0
2025-09-25 09:30:00,872.0,0.0,285.0,0.0
2025-09-25 10:00:00,850.0,0.0,287.0,0.0
2025-09-25 10:30:00,879.0,0.0,329.0,0.0
2025-09-25 11:00:00,875.0,0.0,357.0,0.0
2025-09-25 11:30:00,884.0,0.0,333.0,0.0
2025-09-25 12:00:00,831.0,0.0,277.0,0.0
2025-09-25 12:30:00,870.0,0.0,301.0,0.0
2025-09-25 13:00:00,853.0,0.0,302.0,0.0
2025-09-25 13:30:00,849.0,0.0,295.0,0.0
2025-09-25 14:00:00,863.0,0.0,324.0,0.0
2025-09-25 14:30:00,857.0,0.0,289.0,0.0
2025-09-25 15:00:00,853.0,0.0,279.0,0.0
2025-09-25 15:30:00,853.0,0.0,283.0,0.0
2025-09-25 16:00:00,852.0,0.0,292.0,0.0
2025-09-25 16:30:00,809.0,0.0,285.0,0.0
2025-09-25 17:00:00,842.0,0.0,298.0,0.0
2025-09-25 17:30:00,871.0,0.0,310.0,0.0
2025-09-25 18:00:00,859.0,0.0,306.0,0.0
2025-09-25 18:30:00,853.0,0.0,308.0,0.0
2025-09-25 19:00:00,795.0,0.0,274.0,0.0
2025-09-25 19:30:00,785.0,0.0,266.0,0.0
2025-09-25 20:00:00,769.0,0.0,258.0,0.0
2025-09-25 20:30:00,683.0,0.0,220.0,0.0
2025-09-25 21:00:00,676.0,0.0,211.0,0.0
2025-09-25 21:30:00,658.0,0.0,195.0,0.0
2025-09-25 22:00:00,656.0,0.0,199.0,0.0
2025-09-25 22:30:00,632.0,0.0,194.0,0.0
2025-09-25 23:00:00,639.0,0.0,197.0,0.0
2025-09-25 23:30:00,631.0,0.0,197.0,0.0
2025-09-26 00:00:00,632.0,0.0,194.0,0.0
2025-09-26 00:30:00,603.0,0.0,173.0,0.0
2025-09-26 01:00:00,628.0,0.0,184.0,0.0
2025-09-26 01:30:00,622.0,0.0,183.0,0.0
2025-09-26 02:00:00,617.0,0.0,180.0,0.0
2025-09-26 02:30:00,619.0,0.0,182.0,0.0
2025-09-26 03:00:00,630.0,0.0,188.0,0.0
2025-09-26 03:30:00,628.0,0.0,191.0,0.0
2025-09-26 04:00:00,627.0,0.0,188.0,0.0
2025-09-26 04:30:00,623.0,0.0,186.0,0.0
2025-09-26 05:00:00,624.0,0.0,188.0,0.0
2025-09-26 05:30:00,635.0,0.0,192.0,0.0
2025-09-26 06:00:00,633.0,0.0,191.0,0.0
2025-09-26 06:30:00,611.0,0.0,184.0,0.0
2025-09-26 07:00:00,628.0,0.0,193.0,0.0
2025-09-26 07:30:00,657.0,0.0,209.0,0.0
2025-09-26 08:00:00,686.0,0.0,222.0,0.0
2025-09-26 08:30:00,801.0,0.0,255.0,0.0
2025-09-26 09:00:00,834.0,0.0,273.0,0.0
2025-09-26 09:30:00,825.0,0.0,272.0,0.0
2025-09-26 10:00:00,851.0,0.0,274.0,0.0
2025-09-26 10:30:00,881.0,0.0,282.0,0.0
2025-09-26 11:00:00,872.0,0.0,285.0,0.0
2025-09-26 11:30:00,873.0,0.0,311.0,0.0
2025-09-26 12:00:00,846.0,0.0,311.0,0.0
2025-09-26 12:30:00,853.0,0.0,313.0,0.0
2025-09-26 13:00:00,845.0,0.0,313.0,0.0
2025-09-26 13:30:00,856.0,0.0,322.0,0.0
2025-09-26 14:00:00,880.0,0.0,323.0,0.0
2025-09-26 14:30:00,886.0,0.0,325.0,0.0
2025-09-26 15:00:00,896.0,0.0,357.0,0.0
2025-09-26 15:30:00,929.0,0.0,380.0,0.0
2025-09-26 16:00:00,888.0,0.0,372.0,0.0
2025-09-26 16:30:00,865.0,0.0,370.0,0.0
2025-09-26 17:00:00,846.0,0.0,369.0,0.0
2025-09-26 17:30:00,867.0,0.0,382.0,0.0
2025-09-26 18:00:00,861.0,0.0,373.0,0.0
2025-09-26 18:30:00,837.0,0.0,364.0,0.0
2025-09-26 19:00:00,820.0,0.0,348.0,0.0
2025-09-26 19:30:00,798.0,0.0,330.0,0.0
2025-09-26 20:00:00,740.0,0.0,290.0,0.0
2025-09-26 20:30:00,694.0,0.0,280.0,0.0
2025-09-26 21:00:00,677.0,0.0,282.0,0.0
2025-09-26 21:30:00,657.0,0.0,274.0,0.0
2025-09-26 22:00:00,679.0,0.0,277.0,0.0
2025-09-26 22:30:00,651.0,0.0,276.0,0.0
2025-09-26 23:00:00,664.0,0.0,274.0,0.0
2025-09-26 23:30:00,656.0,0.0,275.0,0.0
2025-09-27 00:00:00,661.0,0.0,275.0,0.0
2025-09-27 00:30:00,610.0,0.0,250.0,0.0
2025-09-27 01:00:00,636.0,0.0,256.0,0.0
2025-09-27 01:30:00,657.0,0.0,265.0,0.0
2025-09-27 02:00:00,653.0,0.0,261.0,0.0
2025-09-27 02:30:00,633.0,0.0,257.0,0.0
2025-09-27 03:00:00,654.0,0.0,261.0,0.0
2025-09-27 03:30:00,650.0,0.0,260.0,0.0
2025-09-27 04:00:00,652.0,0.0,264.0,0.0
2025-09-27 04:30:00,638.0,0.0,261.0,0.0
2025-09-27 05:00:00,641.0,0.0,260.0,0.0
2025-09-27 05:30:00,661.0,0.0,262.0,0.0
2025-09-27 06:00:00,636.0,0.0,249.0,0.0
2025-09-27 06:30:00,602.0,0.0,240.0,0.0
2025-09-27 07:00:00,648.0,0.0,260.0,0.0
2025-09-27 07:30:00,649.0,0.0,262.0,0.0
2025-09-27 08:00:00,555.0,0.0,241.0,0.0
2025-09-27 08:30:00,438.0,0.0,172.0,0.0
2025-09-27 09:00:00,475.0,0.0,177.0,0.0
2025-09-27 09:30:00,488.0,0.0,202.0,0.0
2025-09-27 10:00:00,479.0,0.0,208.0,0.0
2025-09-27 10:30:00,484.0,0.0,221.0,0.0
2025-09-27 11:00:00,482.0,0.0,223.0,0.0
2025-09-27 11:30:00,468.0,0.0,216.0,0.0
2025-09-27 12:00:00,458.0,0.0,259.0,0.0
2025-09-27 12:30:00,455.0,0.0,276.0,0.0
2025-09-27 13:00:00,449.0,0.0,281.0,0.0
2025-09-27 13:30:00,446.0,0.0,275.0,0.0
2025-09-27 14:00:00,446.0,0.0,275.0,0.0
2025-09-27 14:30:00,444.0,0.0,272.0,0.0
2025-09-27 15:00:00,423.0,0.0,253.0,0.0
2025-09-27 15:30:00,409.0,0.0,246.0,0.0
2025-09-27 16:00:00,399.0,0.0,237.0,0.0
2025-09-27 16:30:00,393.0,0.0,228.0,0.0
2025-09-27 17:00:00,394.0,0.0,228.0,0.0
2025-09-27 17:30:00,385.0,0.0,220.0,0.0
2025-09-27 18:00:00,285.0,0.0,160.0,0.0
2025-09-27 18:30:00,91.0,0.0,27.0,0.0
2025-09-27 19:00:00,90.0,0.0,24.0,0.0
2025-09-27 19:30:00,93.0,0.0,25.0,0.0
2025-09-27 20:00:00,93.0,0.0,24.0,0.0
2025-09-27 20:30:00,100.0,0.0,28.0,0.0
2025-09-27 21:00:00,96.0,0.0,25.0,0.0
2025-09-27 21:30:00,92.0,0.0,25.0,0.0
2025-09-27 22:00:00,87.0,0.0,28.0,0.0
2025-09-27 22:30:00,85.0,0.0,27.0,0.0
2025-09-27 23:00:00,86.0,0.0,30.0,0.0
2025-09-27 23:30:00,85.0,0.0,26.0,0.0
2025-09-28 00:00:00,83.0,0.0,25.0,0.0
2025-09-28 00:30:00,85.0,0.0,28.0,0.0
2025-09-28 01:00:00,86.0,0.0,24.0,0.0
2025-09-28 01:30:00,85.0,0.0,27.0,0.0
2025-09-28 02:00:00,83.0,0.0,25.0,0.0
2025-09-28 02:30:00,85.0,0.0,28.0,0.0
2025-09-28 03:00:00,85.0,0.0,28.0,0.0
2025-09-28 03:30:00,85.0,0.0,28.0,0.0
2025-09-28 04:00:00,85.0,0.0,28.0,0.0
2025-09-28 04:30:00,85.0,0.0,28.0,0.0
2025-09-28 05:00:00,85.0,0.0,28.0,0.0
2025-09-28 05:30:00,84.0,0.0,28.0,0.0
2025-09-28 06:00:00,84.0,0.0,29.0,0.0
2025-09-28 06:30:00,85.0,0.0,30.0,0.0
2025-09-28 07:00:00,85.0,0.0,30.0,0.0
2025-09-28 07:30:00,83.0,0.0,29.0,0.0
2025-09-28 08:00:00,83.0,0.0,31.0,0.0
2025-09-28 08:30:00,85.0,0.0,33.0,0.0
2025-09-28 09:00:00,85.0,0.0,31.0,0.0
2025-09-28 09:30:00,86.0,0.0,31.0,0.0
2025-09-28 10:00:00,86.0,0.0,31.0,0.0
2025-09-28 10:30:00,87.0,0.0,33.0,0.0
2025-09-28 11:00:00,90.0,0.0,33.0,0.0
2025-09-28 11:30:00,91.0,0.0,34.0,0.0
2025-09-28 12:00:00,90.0,0.0,33.0,0.0
2025-09-28 12:30:00,90.0,0.0,33.0,0.0
2025-09-28 13:00:00,90.0,0.0,34.0,0.0
2025-09-28 13:30:00,91.0,0.0,34.0,0.0
2025-09-28 14:00:00,93.0,0.0,35.0,0.0
2025-09-28 14:30:00,93.0,0.0,35.0,0.0
2025-09-28 15:00:00,95.0,0.0,35.0,0.0
2025-09-28 15:30:00,96.0,0.0,36.0,0.0
2025-09-28 16:00:00,94.0,0.0,34.0,0.0
2025-09-28 16:30:00,94.0,0.0,35.0,0.0
2025-09-28 17:00:00,91.0,0.0,35.0,0.0
2025-09-28 17:30:00,90.0,0.0,36.0,0.0
2025-09-28 18:00:00,88.0,0.0,34.0,0.0
2025-09-28 18:30:00,88.0,0.0,35.0,0.0
2025-09-28 19:00:00,87.0,0.0,33.0,0.0
2025-09-28 19:30:00,88.0,0.0,31.0,0.0
2025-09-28 20:00:00,89.0,0.0,33.0,0.0
2025-09-28 20:30:00,88.0,0.0,31.0,0.0
2025-09-28 21:00:00,89.0,0.0,32.0,0.0
2025-09-28 21:30:00,91.0,0.0,32.0,0.0
2025-09-28 22:00:00,91.0,0.0,34.0,0.0
2025-09-28 22:30:00,91.0,0.0,33.0,0.0
2025-09-28 23:00:00,89.0,0.0,35.0,0.0
2025-09-28 23:30:00,90.0,0.0,33.0,0.0
2025-09-29 00:00:00,90.0,0.0,32.0,0.0
2025-09-29 00:30:00,102.0,0.0,32.0,0.0
2025-09-29 01:00:00,102.0,0.0,31.0,0.0
2025-09-29 01:30:00,96.0,0.0,31.0,0.0
2025-09-29 02:00:00,99.0,0.0,32.0,0.0
2025-09-29 02:30:00,93.0,0.0,31.0,0.0
2025-09-29 03:00:00,90.0,0.0,30.0,0.0
2025-09-29 03:30:00,92.0,0.0,33.0,0.0
2025-09-29 04:00:00,91.0,0.0,31.0,0.0
2025-09-29 04:30:00,92.0,0.0,33.0,0.0
2025-09-29 05:00:00,91.0,0.0,30.0,0.0
2025-09-29 05:30:00,91.0,0.0,33.0,0.0
2025-09-29 06:00:00,89.0,0.0,31.0,0.0
2025-09-29 06:30:00,91.0,0.0,32.0,0.0
2025-09-29 07:00:00,95.0,0.0,31.0,0.0
2025-09-29 07:30:00,313.0,0.0,111.0,0.0
2025-09-29 08:00:00,601.0,0.0,263.0,0.0
2025-09-29 08:30:00,770.0,0.0,350.0,0.0
2025-09-29 09:00:00,825.0,0.0,385.0,0.0
2025-09-29 09:30:00,817.0,0.0,332.0,0.0
2025-09-29 10:00:00,813.0,0.0,309.0,0.0
2025-09-29 10:30:00,805.0,0.0,297.0,0.0
2025-09-29 11:00:00,806.0,0.0,299.0,0.0
2025-09-29 11:30:00,779.0,0.0,289.0,0.0
2025-09-29 12:00:00,733.0,0.0,263.0,0.0
2025-09-29 12:30:00,785.0,0.0,294.0,0.0
2025-09-29 13:00:00,790.0,0.0,290.0,0.0
2025-09-29 13:30:00,799.0,0.0,271.0,0.0
2025-09-29 14:00:00,788.0,0.0,257.0,0.0
2025-09-29 14:30:00,783.0,0.0,258.0,0.0
2025-09-29 15:00:00,775.0,0.0,253.0,0.0
2025-09-29 15:30:00,771.0,0.0,251.0,0.0
2025-09-29 16:00:00,770.0,0.0,253.0,0.0
2025-09-29 16:30:00,737.0,0.0,233.0,0.0
2025-09-29 17:00:00,758.0,0.0,249.0,0.0
2025-09-29 17:30:00,772.0,0.0,257.0,0.0
2025-09-29 18:00:00,763.0,0.0,258.0,0.0
2025-09-29 18:30:00,722.0,0.0,247.0,0.0
2025-09-29 19:00:00,700.0,0.0,236.0,0.0
2025-09-29 19:30:00,683.0,0.0,222.0,0.0
2025-09-29 20:00:00,612.0,0.0,200.0,0.0
2025-09-29 20:30:00,477.0,0.0,127.0,0.0
2025-09-29 21:00:00,447.0,0.0,115.0,0.0
2025-09-29 21:30:00,420.0,0.0,113.0,0.0
2025-09-29 22:00:00,406.0,0.0,110.0,0.0
2025-09-29 22:30:00,392.0,0.0,111.0,0.0
2025-09-29 23:00:00,386.0,0.0,108.0,0.0
2025-09-29 23:30:00,379.0,0.0,92.0,0.0
2025-09-30 00:00:00,371.0,0.0,80.0,0.0
2025-09-30 00:30:00,369.0,0.0,76.0,0.0
2025-09-30 01:00:00,356.0,0.0,81.0,0.0
2025-09-30 01:30:00,344.0,0.0,87.0,0.0
2025-09-30 02:00:00,348.0,0.0,94.0,0.0
2025-09-30 02:30:00,346.0,0.0,94.0,0.0
2025-09-30 03:00:00,333.0,0.0,79.0,0.0
2025-09-30 03:30:00,346.0,0.0,81.0,0.0
2025-09-30 04:00:00,346.0,0.0,79.0,0.0
2025-09-30 04:30:00,354.0,0.0,86.0,0.0
2025-09-30 05:00:00,350.0,0.0,85.0,0.0
2025-09-30 05:30:00,346.0,0.0,82.0,0.0
2025-09-30 06:00:00,349.0,0.0,83.0,0.0
2025-09-30 06:30:00,343.0,0.0,82.0,0.0
2025-09-30 07:00:00,351.0,0.0,86.0,0.0
2025-09-30 07:30:00,362.0,0.0,93.0,0.0
2025-09-30 08:00:00,402.0,0.0,108.0,0.0
2025-09-30 08:30:00,469.0,0.0,130.0,0.0
2025-09-30 09:00:00,490.0,0.0,175.0,0.0
2025-09-30 09:30:00,473.0,0.0,180.0,0.0
2025-09-30 10:00:00,476.0,0.0,168.0,0.0
2025-09-30 10:30:00,496.0,0.0,183.0,0.0
2025-09-30 11:00:00,502.0,0.0,193.0,0.0
2025-09-30 11:30:00,531.0,0.0,189.0,0.0
2025-09-30 12:00:00,535.0,0.0,194.0,0.0
2025-09-30 12:30:00,548.0,0.0,205.0,0.0
2025-09-30 13:00:00,490.0,0.0,222.0,0.0
2025-09-30 13:30:00,476.0,0.0,237.0,0.0
2025-09-30 14:00:00,498.0,0.0,236.0,0.0
2025-09-30 14:30:00,508.0,0.0,235.0,0.0
2025-09-30 15:00:00,491.0,0.0,230.0,0.0
2025-09-30 15:30:00,495.0,0.0,221.0,0.0
2025-09-30 16:00:00,481.0,0.0,221.0,0.0
2025-09-30 16:30:00,429.0,0.0,178.0,0.0
2025-09-30 17:00:00,437.0,0.0,176.0,0.0
2025-09-30 17:30:00,427.0,0.0,167.0,0.0
2025-09-30 18:00:00,410.0,0.0,184.0,0.0
2025-09-30 18:30:00,335.0,0.0,156.0,0.0
2025-09-30 19:00:00,322.0,0.0,143.0,0.0
2025-09-30 19:30:00,325.0,0.0,142.0,0.0
2025-09-30 20:00:00,368.0,0.0,174.0,0.0
2025-09-30 20:30:00,622.0,0.0,269.0,0.0
2025-09-30 21:00:00,577.0,0.0,275.0,0.0
2025-09-30 21:30:00,560.0,0.0,273.0,0.0
2025-09-30 22:00:00,556.0,0.0,269.0,0.0
2025-09-30 22:30:00,558.0,0.0,278.0,0.0
2025-09-30 23:00:00,552.0,0.0,271.0,0.0
2025-09-30 23:30:00,553.0,0.0,267.0,0.0
2025-10-01 00:00:00,549.0,0.0,264.0,0.0
2025-10-01 00:30:00,522.0,0.0,245.0,0.0
2025-10-01 01:00:00,543.0,0.0,256.0,0.0
2025-10-01 01:30:00,548.0,0.0,262.0,0.0
2025-10-01 02:00:00,539.0,0.0,257.0,0.0
2025-10-01 02:30:00,546.0,0.0,265.0,0.0
2025-10-01 03:00:00,546.0,0.0,257.0,0.0
2025-10-01 03:30:00,542.0,0.0,259.0,0.0
2025-10-01 04:00:00,542.0,0.0,253.0,0.0
2025-10-01 04:30:00,537.0,0.0,252.0,0.0
2025-10-01 05:00:00,530.0,0.0,250.0,0.0
2025-10-01 05:30:00,528.0,0.0,247.0,0.0
2025-10-01 06:00:00,529.0,0.0,247.0,0.0
2025-10-01 06:30:00,519.0,0.0,238.0,0.0
2025-10-01 07:00:00,533.0,0.0,245.0,0.0
2025-10-01 07:30:00,569.0,0.0,266.0,0.0
2025-10-01 08:00:00,601.0,0.0,287.0,0.0
2025-10-01 08:30:00,741.0,0.0,336.0,0.0
2025-10-01 09:00:00,776.0,0.0,384.0,0.0
2025-10-01 09:30:00,816.0,0.0,289.0,0.0
2025-10-01 10:00:00,826.0,0.0,283.0,0.0
2025-10-01 10:30:00,830.0,0.0,284.0,0.0
2025-10-01 11:00:00,839.0,0.0,289.0,0.0
2025-10-01 11:30:00,841.0,0.0,291.0,0.0
2025-10-01 12:00:00,802.0,0.0,264.0,0.0
2025-10-01 12:30:00,801.0,0.0,278.0,0.0
2025-10-01 13:00:00,780.0,0.0,282.0,0.0
2025-10-01 13:30:00,793.0,0.0,282.0,0.0
2025-10-01 14:00:00,775.0,0.0,266.0,0.0
2025-10-01 14:30:00,810.0,0.0,276.0,0.0
2025-10-01 15:00:00,840.0,0.0,279.0,0.0
2025-10-01 15:30:00,834.0,0.0,285.0,0.0
2025-10-01 16:00:00,819.0,0.0,271.0,0.0
2025-10-01 16:30:00,792.0,0.0,260.0,0.0
2025-10-01 17:00:00,816.0,0.0,271.0,0.0
2025-10-01 17:30:00,823.0,0.0,280.0,0.0
2025-10-01 18:00:00,825.0,0.0,280.0,0.0
2025-10-01 18:30:00,785.0,0.0,267.0,0.0
2025-10-01 19:00:00,765.0,0.0,261.0,0.0
2025-10-01 19:30:00,773.0,0.0,245.0,0.0
2025-10-01 20:00:00,720.0,0.0,221.0,0.0
2025-10-01 20:30:00,617.0,0.0,179.0,0.0
2025-10-01 21:00:00,607.0,0.0,180.0,0.0
2025-10-01 21:30:00,595.0,0.0,176.0,0.0
2025-10-01 22:00:00,598.0,0.0,174.0,0.0
2025-10-01 22:30:00,590.0,0.0,163.0,0.0
2025-10-01 23:00:00,573.0,0.0,151.0,0.0
2025-10-01 23:30:00,557.0,0.0,144.0,0.0
2025-10-02 00:00:00,548.0,0.0,143.0,0.0
2025-10-02 00:30:00,542.0,0.0,133.0,0.0
2025-10-02 01:00:00,543.0,0.0,135.0,0.0
2025-10-02 01:30:00,535.0,0.0,141.0,0.0
2025-10-02 02:00:00,544.0,0.0,146.0,0.0
2025-10-02 02:30:00,535.0,0.0,144.0,0.0
2025-10-02 03:00:00,530.0,0.0,146.0,0.0
2025-10-02 03:30:00,531.0,0.0,142.0,0.0
2025-10-02 04:00:00,524.0,0.0,138.0,0.0
2025-10-02 04:30:00,524.0,0.0,140.0,0.0
2025-10-02 05:00:00,525.0,0.0,139.0,0.0
2025-10-02 05:30:00,526.0,0.0,139.0,0.0
2025-10-02 06:00:00,538.0,0.0,147.0,0.0
2025-10-02 06:30:00,531.0,0.0,145.0,0.0
2025-10-02 07:00:00,542.0,0.0,148.0,0.0
2025-10-02 07:30:00,569.0,0.0,159.0,0.0
2025-10-02 08:00:00,605.0,0.0,179.0,0.0
2025-10-02 08:30:00,723.0,0.0,220.0,0.0
2025-10-02 09:00:00,776.0,0.0,252.0,0.0
2025-10-02 09:30:00,793.0,0.0,322.0,0.0
2025-10-02 10:00:00,798.0,0.0,315.0,0.0
2025-10-02 10:30:00,805.0,0.0,271.0,0.0
2025-10-02 11:00:00,843.0,0.0,280.0,0.0
2025-10-02 11:30:00,822.0,0.0,273.0,0.0
2025-10-02 12:00:00,810.0,0.0,269.0,0.0
2025-10-02 12:30:00,831.0,0.0,285.0,0.0
2025-10-02 13:00:00,809.0,0.0,284.0,0.0
2025-10-02 13:30:00,819.0,0.0,281.0,0.0
2025-10-02 14:00:00,822.0,0.0,274.0,0.0
2025-10-02 14:30:00,842.0,0.0,278.0,0.0
2025-10-02 15:00:00,838.0,0.0,277.0,0.0
2025-10-02 15:30:00,846.0,0.0,286.0,0.0
2025-10-02 16:00:00,861.0,0.0,284.0,0.0
2025-10-02 16:30:00,804.0,0.0,260.0,0.0
2025-10-02 17:00:00,818.0,0.0,269.0,0.0
2025-10-02 17:30:00,859.0,0.0,285.0,0.0
2025-10-02 18:00:00,844.0,0.0,286.0,0.0
2025-10-02 18:30:00,806.0,0.0,275.0,0.0
2025-10-02 19:00:00,783.0,0.0,261.0,0.0
2025-10-02 19:30:00,764.0,0.0,233.0,0.0
2025-10-02 20:00:00,721.0,0.0,220.0,0.0
2025-10-02 20:30:00,660.0,0.0,195.0,0.0
2025-10-02 21:00:00,645.0,0.0,191.0,0.0
2025-10-02 21:30:00,634.0,0.0,187.0,0.0
2025-10-02 22:00:00,633.0,0.0,186.0,0.0
2025-10-02 22:30:00,627.0,0.0,187.0,0.0
2025-10-02 23:00:00,604.0,0.0,174.0,0.0
2025-10-02 23:30:00,608.0,0.0,170.0,0.0
2025-10-03 00:00:00,605.0,0.0,165.0,0.0
2025-10-03 00:30:00,585.0,0.0,156.0,0.0
2025-10-03 01:00:00,609.0,0.0,167.0,0.0
2025-10-03 01:30:00,612.0,0.0,167.0,0.0
2025-10-03 02:00:00,613.0,0.0,169.0,0.0
2025-10-03 02:30:00,606.0,0.0,165.0,0.0
2025-10-03 03:00:00,608.0,0.0,164.0,0.0
2025-10-03 03:30:00,612.0,0.0,166.0,0.0
2025-10-03 04:00:00,613.0,0.0,166.0,0.0
2025-10-03 04:30:00,605.0,0.0,162.0,0.0
2025-10-03 05:00:00,608.0,0.0,165.0,0.0
2025-10-03 05:30:00,610.0,0.0,169.0,0.0
2025-10-03 06:00:00,604.0,0.0,164.0,0.0
2025-10-03 06:30:00,591.0,0.0,157.0,0.0
2025-10-03 07:00:00,595.0,0.0,156.0,0.0
2025-10-03 07:30:00,637.0,0.0,173.0,0.0
2025-10-03 08:00:00,669.0,0.0,204.0,0.0
2025-10-03 08:30:00,767.0,0.0,233.0,0.0
2025-10-03 09:00:00,810.0,0.0,269.0,0.0
2025-10-03 09:30:00,801.0,0.0,272.0,0.0
2025-10-03 10:00:00,809.0,0.0,274.0,0.0
2025-10-03 10:30:00,819.0,0.0,355.0,0.0
2025-10-03 11:00:00,836.0,0.0,371.0,0.0
2025-10-03 11:30:00,823.0,0.0,294.0,0.0
2025-10-03 12:00:00,797.0,0.0,280.0,0.0
2025-10-03 12:30:00,829.0,0.0,295.0,0.0
2025-10-03 13:00:00,803.0,0.0,298.0,0.0
2025-10-03 13:30:00,805.0,0.0,297.0,0.0
2025-10-03 14:00:00,817.0,0.0,298.0,0.0
2025-10-03 14:30:00,830.0,0.0,294.0,0.0
2025-10-03 15:00:00,844.0,0.0,297.0,0.0
2025-10-03 15:30:00,836.0,0.0,295.0,0.0
2025-10-03 16:00:00,845.0,0.0,298.0,0.0
2025-10-03 16:30:00,815.0,0.0,283.0,0.0
2025-10-03 17:00:00,817.0,0.0,298.0,0.0
2025-10-03 17:30:00,850.0,0.0,315.0,0.0
2025-10-03 18:00:00,817.0,0.0,304.0,0.0
2025-10-03 18:30:00,800.0,0.0,294.0,0.0
2025-10-03 19:00:00,779.0,0.0,279.0,0.0
2025-10-03 19:30:00,778.0,0.0,273.0,0.0
2025-10-03 20:00:00,727.0,0.0,246.0,0.0
2025-10-03 20:30:00,665.0,0.0,218.0,0.0
2025-10-03 21:00:00,664.0,0.0,210.0,0.0
2025-10-03 21:30:00,663.0,0.0,214.0,0.0
2025-10-03 22:00:00,648.0,0.0,211.0,0.0
2025-10-03 22:30:00,632.0,0.0,201.0,0.0
2025-10-03 23:00:00,640.0,0.0,198.0,0.0
2025-10-03 23:30:00,638.0,0.0,193.0,0.0
2025-10-04 00:00:00,633.0,0.0,196.0,0.0
2025-10-04 00:30:00,617.0,0.0,186.0,0.0
2025-10-04 01:00:00,621.0,0.0,188.0,0.0
2025-10-04 01:30:00,625.0,0.0,196.0,0.0
2025-10-04 02:00:00,603.0,0.0,191.0,0.0
2025-10-04 02:30:00,618.0,0.0,196.0,0.0
2025-10-04 03:00:00,603.0,0.0,193.0,0.0
2025-10-04 03:30:00,592.0,0.0,186.0,0.0
2025-10-04 04:00:00,584.0,0.0,185.0,0.0
2025-10-04 04:30:00,583.0,0.0,188.0,0.0
2025-10-04 05:00:00,576.0,0.0,182.0,0.0
2025-10-04 05:30:00,579.0,0.0,185.0,0.0
2025-10-04 06:00:00,575.0,0.0,184.0,0.0
2025-10-04 06:30:00,554.0,0.0,173.0,0.0
2025-10-04 07:00:00,567.0,0.0,176.0,0.0
2025-10-04 07:30:00,571.0,0.0,184.0,0.0
2025-10-04 08:00:00,475.0,0.0,152.0,0.0
2025-10-04 08:30:00,304.0,0.0,80.0,0.0
2025-10-04 09:00:00,313.0,0.0,70.0,0.0
2025-10-04 09:30:00,355.0,0.0,133.0,0.0
2025-10-04 10:00:00,364.0,0.0,134.0,0.0
2025-10-04 10:30:00,362.0,0.0,138.0,0.0
2025-10-04 11:00:00,371.0,0.0,148.0,0.0
2025-10-04 11:30:00,379.0,0.0,185.0,0.0
2025-10-04 12:00:00,373.0,0.0,201.0,0.0
2025-10-04 12:30:00,397.0,0.0,227.0,0.0
2025-10-04 13:00:00,415.0,0.0,255.0,0.0
2025-10-04 13:30:00,414.0,0.0,254.0,0.0
2025-10-04 14:00:00,418.0,0.0,248.0,0.0
2025-10-04 14:30:00,409.0,0.0,248.0,0.0
2025-10-04 15:00:00,411.0,0.0,254.0,0.0
2025-10-04 15:30:00,418.0,0.0,259.0,0.0
2025-10-04 16:00:00,438.0,0.0,267.0,0.0
2025-10-04 16:30:00,415.0,0.0,269.0,0.0
2025-10-04 17:00:00,392.0,0.0,256.0,0.0
2025-10-04 17:30:00,365.0,0.0,232.0,0.0
2025-10-04 18:00:00,256.0,0.0,144.0,0.0
2025-10-04 18:30:00,130.0,0.0,64.0,0.0
2025-10-04 19:00:00,129.0,0.0,60.0,0.0
2025-10-04 19:30:00,124.0,0.0,55.0,0.0
2025-10-04 20:00:00,123.0,0.0,53.0,0.0
2025-10-04 20:30:00,125.0,0.0,55.0,0.0
2025-10-04 21:00:00,124.0,0.0,54.0,0.0
2025-10-04 21:30:00,124.0,0.0,54.0,0.0
2025-10-04 22:00:00,119.0,0.0,49.0,0.0
2025-10-04 22:30:00,80.0,0.0,25.0,0.0
2025-10-04 23:00:00,83.0,0.0,29.0,0.0
2025-10-04 23:30:00,81.0,0.0,23.0,0.0
2025-10-05 00:00:00,80.0,0.0,24.0,0.0
2025-10-05 00:30:00,78.0,0.0,24.0,0.0
2025-10-05 01:00:00,78.0,0.0,23.0,0.0
2025-10-05 01:30:00,77.0,0.0,24.0,0.0
2025-10-05 02:00:00,76.0,0.0,21.0,0.0
2025-10-05 02:30:00,78.0,0.0,25.0,0.0
2025-10-05 03:00:00,76.0,0.0,22.0,0.0
2025-10-05 03:30:00,78.0,0.0,26.0,0.0
2025-10-05 04:00:00,77.0,0.0,24.0,0.0
2025-10-05 04:30:00,77.0,0.0,24.0,0.0
2025-10-05 05:00:00,78.0,0.0,26.0,0.0
2025-10-05 05:30:00,76.0,0.0,23.0,0.0
2025-10-05 06:00:00,78.0,0.0,26.0,0.0
2025-10-05 06:30:00,77.0,0.0,25.0,0.0
2025-10-05 07:00:00,77.0,0.0,26.0,0.0
2025-10-05 07:30:00,74.0,0.0,25.0,0.0
2025-10-05 08:00:00,68.0,0.0,25.0,0.0
2025-10-05 08:30:00,69.0,0.0,25.0,0.0
2025-10-05 09:00:00,67.0,0.0,23.0,0.0
2025-10-05 09:30:00,68.0,0.0,25.0,0.0
2025-10-05 10:00:00,68.0,0.0,23.0,0.0
2025-10-05 10:30:00,69.0,0.0,24.0,0.0
2025-10-05 11:00:00,68.0,0.0,23.0,0.0
2025-10-05 11:30:00,70.0,0.0,23.0,0.0
2025-10-05 12:00:00,69.0,0.0,23.0,0.0
2025-10-05 12:30:00,71.0,0.0,25.0,0.0
2025-10-05 13:00:00,71.0,0.0,26.0,0.0
2025-10-05 13:30:00,71.0,0.0,24.0,0.0
2025-10-05 14:00:00,72.0,0.0,26.0,0.0
2025-10-05 14:30:00,72.0,0.0,26.0,0.0
2025-10-05 15:00:00,71.0,0.0,24.0,0.0
2025-10-05 15:30:00,71.0,0.0,25.0,0.0
2025-10-05 16:00:00,71.0,0.0,26.0,0.0
2025-10-05 16:30:00,71.0,0.0,26.0,0.0
2025-10-05 17:00:00,70.0,0.0,24.0,0.0
2025-10-05 17:30:00,71.0,0.0,26.0,0.0
2025-10-05 18:00:00,75.0,0.0,26.0,0.0
2025-10-05 18:30:00,81.0,0.0,30.0,0.0
2025-10-05 19:00:00,80.0,0.0,27.0,0.0
2025-10-05 19:30:00,79.0,0.0,28.0,0.0
2025-10-05 20:00:00,74.0,0.0,24.0,0.0
2025-10-05 20:30:00,76.0,0.0,26.0,0.0
2025-10-05 21:00:00,76.0,0.0,26.0,0.0
2025-10-05 21:30:00,75.0,0.0,25.0,0.0
2025-10-05 22:00:00,76.0,0.0,27.0,0.0
2025-10-05 22:30:00,74.0,0.0,23.0,0.0
2025-10-05 23:00:00,76.0,0.0,25.0,0.0
2025-10-05 23:30:00,75.0,0.0,25.0,0.0
2025-10-06 00:00:00,74.0,0.0,23.0,0.0
2025-10-06 00:30:00,75.0,0.0,25.0,0.0
2025-10-06 01:00:00,74.0,0.0,24.0,0.0
2025-10-06 01:30:00,76.0,0.0,26.0,0.0
2025-10-06 02:00:00,73.0,0.0,25.0,0.0
2025-10-06 02:30:00,75.0,0.0,25.0,0.0
2025-10-06 03:00:00,75.0,0.0,27.0,0.0
2025-10-06 03:30:00,86.0,0.0,24.0,0.0
2025-10-06 04:00:00,89.0,0.0,27.0,0.0
2025-10-06 04:30:00,81.0,0.0,24.0,0.0
2025-10-06 05:00:00,77.0,0.0,24.0,0.0
2025-10-06 05:30:00,78.0,0.0,26.0,0.0
2025-10-06 06:00:00,102.0,0.0,23.0,0.0
2025-10-06 06:30:00,113.0,0.0,23.0,0.0
2025-10-06 07:00:00,126.0,0.0,28.0,0.0
2025-10-06 07:30:00,304.0,0.0,103.0,0.0
2025-10-06 08:00:00,660.0,0.0,301.0,0.0
2025-10-06 08:30:00,810.0,0.0,384.0,0.0
2025-10-06 09:00:00,832.0,0.0,398.0,0.0
2025-10-06 09:30:00,859.0,0.0,359.0,0.0
2025-10-06 10:00:00,851.0,0.0,297.0,0.0
2025-10-06 10:30:00,867.0,0.0,301.0,0.0
2025-10-06 11:00:00,866.0,0.0,299.0,0.0
2025-10-06 11:30:00,867.0,0.0,296.0,0.0
2025-10-06 12:00:00,815.0,0.0,273.0,0.0
2025-10-06 12:30:00,848.0,0.0,300.0,0.0
2025-10-06 13:00:00,818.0,0.0,296.0,0.0
2025-10-06 13:30:00,809.0,0.0,289.0,0.0
2025-10-06 14:00:00,854.0,0.0,293.0,0.0
2025-10-06 14:30:00,840.0,0.0,285.0,0.0
2025-10-06 15:00:00,826.0,0.0,284.0,0.0
2025-10-06 15:30:00,845.0,0.0,297.0,0.0
2025-10-06 16:00:00,818.0,0.0,283.0,0.0
2025-10-06 16:30:00,809.0,0.0,268.0,0.0
2025-10-06 17:00:00,796.0,0.0,278.0,0.0
2025-10-06 17:30:00,821.0,0.0,282.0,0.0
2025-10-06 18:00:00,834.0,0.0,286.0,0.0
2025-10-06 18:30:00,818.0,0.0,284.0,0.0
2025-10-06 19:00:00,814.0,0.0,276.0,0.0
2025-10-06 19:30:00,790.0,0.0,262.0,0.0
2025-10-06 20:00:00,732.0,0.0,237.0,0.0
2025-10-06 20:30:00,654.0,0.0,197.0,0.0
2025-10-06 21:00:00,628.0,0.0,186.0,0.0
2025-10-06 21:30:00,614.0,0.0,177.0,0.0
2025-10-06 22:00:00,617.0,0.0,176.0,0.0
2025-10-06 22:30:00,611.0,0.0,167.0,0.0
2025-10-06 23:00:00,614.0,0.0,164.0,0.0
2025-10-06 23:30:00,614.0,0.0,169.0,0.0
2025-10-07 00:00:00,608.0,0.0,163.0,0.0
2025-10-07 00:30:00,590.0,0.0,156.0,0.0
2025-10-07 01:00:00,613.0,0.0,164.0,0.0
2025-10-07 01:30:00,605.0,0.0,158.0,0.0
2025-10-07 02:00:00,608.0,0.0,162.0,0.0
2025-10-07 02:30:00,630.0,0.0,166.0,0.0
2025-10-07 03:00:00,623.0,0.0,165.0,0.0
2025-10-07 03:30:00,607.0,0.0,157.0,0.0
2025-10-07 04:00:00,601.0,0.0,159.0,0.0
2025-10-07 04:30:00,603.0,0.0,164.0,0.0
2025-10-07 05:00:00,599.0,0.0,160.0,0.0
2025-10-07 05:30:00,594.0,0.0,159.0,0.0
2025-10-07 06:00:00,592.0,0.0,160.0,0.0
2025-10-07 06:30:00,594.0,0.0,152.0,0.0
2025-10-07 07:00:00,605.0,0.0,162.0,0.0
2025-10-07 07:30:00,635.0,0.0,176.0,0.0
2025-10-07 08:00:00,677.0,0.0,208.0,0.0
2025-10-07 08:30:00,784.0,0.0,245.0,0.0
2025-10-07 09:00:00,842.0,0.0,271.0,0.0
2025-10-07 09:30:00,831.0,0.0,279.0,0.0
2025-10-07 10:00:00,834.0,0.0,291.0,0.0
2025-10-07 10:30:00,863.0,0.0,320.0,0.0
2025-10-07 11:00:00,870.0,0.0,320.0,0.0
2025-10-07 11:30:00,854.0,0.0,314.0,0.0
2025-10-07 12:00:00,845.0,0.0,304.0,0.0
2025-10-07 12:30:00,842.0,0.0,314.0,0.0
2025-10-07 13:00:00,827.0,0.0,318.0,0.0
2025-10-07 13:30:00,828.0,0.0,315.0,0.0
2025-10-07 14:00:00,845.0,0.0,319.0,0.0
2025-10-07 14:30:00,844.0,0.0,320.0,0.0
2025-10-07 15:00:00,831.0,0.0,316.0,0.0
2025-10-07 15:30:00,856.0,0.0,328.0,0.0
2025-10-07 16:00:00,859.0,0.0,327.0,0.0
2025-10-07 16:30:00,814.0,0.0,304.0,0.0
2025-10-07 17:00:00,861.0,0.0,326.0,0.0
2025-10-07 17:30:00,844.0,0.0,323.0,0.0
2025-10-07 18:00:00,831.0,0.0,324.0,0.0
2025-10-07 18:30:00,828.0,0.0,324.0,0.0
2025-10-07 19:00:00,798.0,0.0,313.0,0.0
2025-10-07 19:30:00,821.0,0.0,315.0,0.0
2025-10-07 20:00:00,754.0,0.0,273.0,0.0
2025-10-07 20:30:00,700.0,0.0,250.0,0.0
2025-10-07 21:00:00,691.0,0.0,253.0,0.0
2025-10-07 21:30:00,662.0,0.0,237.0,0.0
2025-10-07 22:00:00,641.0,0.0,228.0,0.0
2025-10-07 22:30:00,638.0,0.0,232.0,0.0
2025-10-07 23:00:00,636.0,0.0,229.0,0.0
2025-10-07 23:30:00,627.0,0.0,229.0,0.0
2025-10-08 00:00:00,623.0,0.0,230.0,0.0
2025-10-08 00:30:00,601.0,0.0,205.0,0.0
2025-10-08 01:00:00,614.0,0.0,210.0,0.0
2025-10-08 01:30:00,616.0,0.0,210.0,0.0
2025-10-08 02:00:00,618.0,0.0,210.0,0.0
2025-10-08 02:30:00,630.0,0.0,216.0,0.0
2025-10-08 03:00:00,628.0,0.0,213.0,0.0
2025-10-08 03:30:00,615.0,0.0,207.0,0.0
2025-10-08 04:00:00,618.0,0.0,210.0,0.0
2025-10-08 04:30:00,630.0,0.0,219.0,0.0
2025-10-08 05:00:00,632.0,0.0,218.0,0.0
2025-10-08 05:30:00,620.0,0.0,215.0,0.0
2025-10-08 06:00:00,622.0,0.0,213.0,0.0
2025-10-08 06:30:00,622.0,0.0,212.0,0.0
2025-10-08 07:00:00,627.0,0.0,214.0,0.0
2025-10-08 07:30:00,663.0,0.0,233.0,0.0
2025-10-08 08:00:00,702.0,0.0,251.0,0.0
2025-10-08 08:30:00,839.0,0.0,304.0,0.0
2025-10-08 09:00:00,831.0,0.0,315.0,0.0
2025-10-08 09:30:00,854.0,0.0,315.0,0.0
2025-10-08 10:00:00,850.0,0.0,310.0,0.0
2025-10-08 10:30:00,861.0,0.0,356.0,0.0
2025-10-08 11:00:00,864.0,0.0,358.0,0.0
2025-10-08 11:30:00,843.0,0.0,343.0,0.0
2025-10-08 12:00:00,840.0,0.0,344.0,0.0
2025-10-08 12:30:00,846.0,0.0,360.0,0.0
2025-10-08 13:00:00,843.0,0.0,368.0,0.0
2025-10-08 13:30:00,845.0,0.0,364.0,0.0
2025-10-08 14:00:00,855.0,0.0,359.0,0.0
2025-10-08 14:30:00,885.0,0.0,366.0,0.0
2025-10-08 15:00:00,887.0,0.0,366.0,0.0
2025-10-08 15:30:00,892.0,0.0,369.0,0.0
2025-10-08 16:00:00,876.0,0.0,367.0,0.0
2025-10-08 16:30:00,820.0,0.0,341.0,0.0
2025-10-08 17:00:00,860.0,0.0,365.0,0.0
2025-10-08 17:30:00,839.0,0.0,359.0,0.0
2025-10-08 18:00:00,839.0,0.0,357.0,0.0
2025-10-08 18:30:00,821.0,0.0,358.0,0.0
2025-10-08 19:00:00,780.0,0.0,342.0,0.0
2025-10-08 19:30:00,819.0,0.0,346.0,0.0
2025-10-08 20:00:00,745.0,0.0,311.0,0.0
2025-10-08 20:30:00,642.0,0.0,267.0,0.0
2025-10-08 21:00:00,645.0,0.0,273.0,0.0
2025-10-08 21:30:00,646.0,0.0,264.0,0.0
2025-10-08 22:00:00,622.0,0.0,262.0,0.0
2025-10-08 22:30:00,615.0,0.0,261.0,0.0
2025-10-08 23:00:00,614.0,0.0,261.0,0.0
2025-10-08 23:30:00,616.0,0.0,262.0,0.0
2025-10-09 00:00:00,614.0,0.0,256.0,0.0
2025-10-09 00:30:00,577.0,0.0,221.0,0.0
2025-10-09 01:00:00,594.0,0.0,231.0,0.0
2025-10-09 01:30:00,611.0,0.0,248.0,0.0
2025-10-09 02:00:00,609.0,0.0,248.0,0.0
2025-10-09 02:30:00,609.0,0.0,247.0,0.0
2025-10-09 03:00:00,609.0,0.0,249.0,0.0
2025-10-09 03:30:00,601.0,0.0,245.0,0.0
2025-10-09 04:00:00,605.0,0.0,248.0,0.0
2025-10-09 04:30:00,618.0,0.0,255.0,0.0
2025-10-09 05:00:00,625.0,0.0,248.0,0.0
2025-10-09 05:30:00,621.0,0.0,236.0,0.0
2025-10-09 06:00:00,594.0,0.0,238.0,0.0
2025-10-09 06:30:00,576.0,0.0,223.0,0.0
2025-10-09 07:00:00,583.0,0.0,208.0,0.0
2025-10-09 07:30:00,661.0,0.0,264.0,0.0
2025-10-09 08:00:00,659.0,0.0,241.0,0.0
2025-10-09 08:30:00,797.0,0.0,321.0,0.0
2025-10-09 09:00:00,807.0,0.0,334.0,0.0
2025-10-09 09:30:00,819.0,0.0,336.0,0.0
2025-10-09 10:00:00,820.0,0.0,330.0,0.0
2025-10-09 10:30:00,788.0,0.0,314.0,0.0
2025-10-09 11:00:00,776.0,0.0,311.0,0.0
2025-10-09 11:30:00,794.0,0.0,313.0,0.0
2025-10-09 12:00:00,757.0,0.0,300.0,0.0
2025-10-09 12:30:00,771.0,0.0,315.0,0.0
2025-10-09 13:00:00,759.0,0.0,319.0,0.0
2025-10-09 13:30:00,786.0,0.0,375.0,0.0
2025-10-09 14:00:00,823.0,0.0,395.0,0.0
2025-10-09 14:30:00,811.0,0.0,284.0,0.0
2025-10-09 15:00:00,823.0,0.0,289.0,0.0
2025-10-09 15:30:00,820.0,0.0,289.0,0.0
2025-10-09 16:00:00,820.0,0.0,289.0,0.0
2025-10-09 16:30:00,793.0,0.0,268.0,0.0
2025-10-09 17:00:00,811.0,0.0,278.0,0.0
2025-10-09 17:30:00,818.0,0.0,281.0,0.0
2025-10-09 18:00:00,840.0,0.0,296.0,0.0
2025-10-09 18:30:00,788.0,0.0,277.0,0.0
2025-10-09 19:00:00,793.0,0.0,276.0,0.0
2025-10-09 19:30:00,786.0,0.0,265.0,0.0
2025-10-09 20:00:00,730.0,0.0,235.0,0.0
2025-10-09 20:30:00,627.0,0.0,203.0,0.0
2025-10-09 21:00:00,631.0,0.0,205.0,0.0
2025-10-09 21:30:00,627.0,0.0,204.0,0.0
2025-10-09 22:00:00,618.0,0.0,206.0,0.0
2025-10-09 22:30:00,612.0,0.0,204.0,0.0
2025-10-09 23:00:00,619.0,0.0,204.0,0.0
2025-10-09 23:30:00,604.0,0.0,194.0,0.0
2025-10-10 00:00:00,604.0,0.0,191.0,0.0
2025-10-10 03:30:00,585.0,0.0,184.0,0.0
2025-10-10 04:30:00,585.0,0.0,183.0,0.0
2025-10-10 19:00:00,799.0,0.0,263.0,0.0
2025-10-10 21:30:00,582.0,0.0,133.0,0.0
2025-10-11 00:30:00,544.0,0.0,125.0,0.0
2025-10-11 01:00:00,541.0,0.0,117.0,0.0
2025-10-11 01:30:00,547.0,0.0,117.0,0.0
2025-10-11 02:00:00,548.0,0.0,117.0,0.0
2025-10-11 02:30:00,560.0,0.0,127.0,0.0
2025-10-11 03:00:00,560.0,0.0,131.0,0.0
2025-10-11 03:30:00,559.0,0.0,126.0,0.0
2025-10-11 04:00:00,550.0,0.0,125.0,0.0
2025-10-11 04:30:00,551.0,0.0,123.0,0.0
2025-10-11 05:00:00,553.0,0.0,124.0,0.0
2025-10-11 05:30:00,545.0,0.0,121.0,0.0
2025-10-11 06:00:00,544.0,0.0,121.0,0.0
2025-10-11 06:30:00,534.0,0.0,120.0,0.0
2025-10-11 07:00:00,531.0,0.0,116.0,0.0
2025-10-11 07:30:00,526.0,0.0,117.0,0.0
2025-10-11 08:00:00,357.0,0.0,78.0,0.0
2025-10-11 08:30:00,278.0,0.0,82.0,0.0
2025-10-11 09:00:00,336.0,0.0,113.0,0.0
2025-10-11 09:30:00,420.0,0.0,144.0,0.0
2025-10-11 10:00:00,442.0,0.0,139.0,0.0
2025-10-11 10:30:00,437.0,0.0,144.0,0.0
2025-10-11 11:00:00,434.0,0.0,153.0,0.0
2025-10-11 11:30:00,428.0,0.0,149.0,0.0
2025-10-11 12:00:00,425.0,0.0,148.0,0.0
2025-10-11 12:30:00,437.0,0.0,161.0,0.0
2025-10-11 13:00:00,435.0,0.0,163.0,0.0
2025-10-11 13:30:00,441.0,0.0,161.0,0.0
2025-10-11 14:00:00,450.0,0.0,159.0,0.0
2025-10-11 14:30:00,453.0,0.0,159.0,0.0
2025-10-11 15:00:00,450.0,0.0,159.0,0.0
2025-10-11 15:30:00,502.0,0.0,172.0,0.0
2025-10-11 16:00:00,493.0,0.0,174.0,0.0
2025-10-11 16:30:00,468.0,0.0,183.0,0.0
2025-10-11 17:00:00,456.0,0.0,213.0,0.0
2025-10-11 17:30:00,417.0,0.0,195.0,0.0
2025-10-11 18:00:00,266.0,0.0,91.0,2.0
2025-10-11 18:30:00,85.0,0.0,0.0,18.0
2025-10-11 19:00:00,80.0,0.0,0.0,20.0
2025-10-11 19:30:00,84.0,0.0,0.0,17.0
2025-10-11 20:00:00,107.0,0.0,4.0,0.0
2025-10-11 20:30:00,110.0,0.0,5.0,0.0
2025-10-11 21:00:00,112.0,0.0,7.0,0.0
2025-10-11 21:30:00,106.0,0.0,5.0,1.0
2025-10-11 22:00:00,107.0,0.0,6.0,0.0
2025-10-11 22:30:00,106.0,0.0,4.0,1.0
2025-10-11 23:00:00,104.0,0.0,33.0,0.0
2025-10-11 23:30:00,104.0,0.0,49.0,0.0
2025-10-12 00:00:00,104.0,0.0,48.0,0.0
2025-10-12 00:30:00,102.0,0.0,46.0,0.0
2025-10-12 01:00:00,104.0,0.0,47.0,0.0
2025-10-12 01:30:00,102.0,0.0,46.0,0.0
2025-10-12 02:00:00,103.0,0.0,47.0,0.0
2025-10-12 02:30:00,104.0,0.0,49.0,0.0
2025-10-12 03:00:00,101.0,0.0,47.0,0.0
2025-10-12 03:30:00,105.0,0.0,50.0,0.0
2025-10-12 04:00:00,103.0,0.0,47.0,0.0
2025-10-12 04:30:00,102.0,0.0,47.0,0.0
2025-10-12 05:00:00,103.0,0.0,50.0,0.0
2025-10-12 05:30:00,104.0,0.0,51.0,0.0
2025-10-12 06:00:00,102.0,0.0,49.0,0.0
2025-10-12 06:30:00,104.0,0.0,51.0,0.0
2025-10-12 07:00:00,102.0,0.0,49.0,0.0
2025-10-12 07:30:00,101.0,0.0,49.0,0.0
2025-10-12 08:00:00,99.0,0.0,49.0,0.0
2025-10-12 08:30:00,97.0,0.0,47.0,0.0
2025-10-12 09:00:00,94.0,0.0,44.0,0.0
2025-10-12 09:30:00,95.0,0.0,45.0,0.0
2025-10-12 10:00:00,95.0,0.0,44.0,0.0
2025-10-12 10:30:00,95.0,0.0,44.0,0.0
2025-10-12 11:00:00,96.0,0.0,44.0,0.0
2025-10-12 11:30:00,95.0,0.0,44.0,0.0
2025-10-12 12:00:00,97.0,0.0,46.0,0.0
2025-10-12 12:30:00,95.0,0.0,45.0,0.0
2025-10-12 13:00:00,95.0,0.0,45.0,0.0
2025-10-12 13:30:00,93.0,0.0,43.0,0.0
2025-10-12 14:00:00,96.0,0.0,44.0,0.0
2025-10-12 14:30:00,94.0,0.0,43.0,0.0
2025-10-12 15:00:00,96.0,0.0,45.0,0.0
2025-10-12 15:30:00,95.0,0.0,44.0,0.0
2025-10-12 16:00:00,96.0,0.0,46.0,0.0
2025-10-12 16:30:00,96.0,0.0,46.0,0.0
2025-10-12 17:00:00,96.0,0.0,47.0,0.0
2025-10-12 17:30:00,95.0,0.0,46.0,0.0
2025-10-12 18:00:00,95.0,0.0,47.0,0.0
2025-10-12 18:30:00,96.0,0.0,47.0,0.0
2025-10-12 19:00:00,97.0,0.0,45.0,0.0
2025-10-12 19:30:00,98.0,0.0,44.0,0.0
2025-10-12 20:00:00,99.0,0.0,44.0,0.0
2025-10-12 20:30:00,101.0,0.0,44.0,0.0
2025-10-12 21:00:00,101.0,0.0,44.0,0.0
2025-10-12 21:30:00,102.0,0.0,46.0,0.0
2025-10-12 22:00:00,99.0,0.0,43.0,0.0
2025-10-12 22:30:00,102.0,0.0,46.0,0.0
2025-10-12 23:00:00,101.0,0.0,46.0,0.0
2025-10-12 23:30:00,100.0,0.0,45.0,0.0
2025-10-13 00:00:00,101.0,0.0,46.0,0.0
2025-10-13 00:30:00,113.0,0.0,47.0,0.0
2025-10-13 01:00:00,116.0,0.0,48.0,0.0
2025-10-13 01:30:00,110.0,0.0,48.0,0.0
2025-10-13 02:00:00,110.0,0.0,47.0,0.0
2025-10-13 02:30:00,113.0,0.0,48.0,0.0
2025-10-13 03:00:00,119.0,0.0,48.0,0.0
2025-10-13 03:30:00,118.0,0.0,47.0,0.0
2025-10-13 04:00:00,110.0,0.0,47.0,0.0
2025-10-13 04:30:00,107.0,0.0,47.0,0.0
2025-10-13 05:00:00,108.0,0.0,48.0,0.0
2025-10-13 05:30:00,103.0,0.0,43.0,0.0
2025-10-13 06:00:00,145.0,0.0,69.0,0.0
2025-10-13 06:30:00,220.0,0.0,126.0,0.0
2025-10-13 07:00:00,221.0,0.0,116.0,0.0
2025-10-13 07:30:00,360.0,0.0,176.0,0.0
2025-10-13 08:00:00,624.0,0.0,266.0,0.0
2025-10-13 08:30:00,876.0,0.0,351.0,0.0
2025-10-13 09:00:00,858.0,0.0,320.0,0.0
2025-10-13 09:30:00,874.0,0.0,321.0,0.0
2025-10-13 10:00:00,853.0,0.0,292.0,0.0
2025-10-13 10:30:00,875.0,0.0,294.0,0.0
2025-10-13 11:00:00,890.0,0.0,298.0,0.0
2025-10-13 11:30:00,901.0,0.0,296.0,0.0
2025-10-13 12:00:00,818.0,0.0,261.0,0.0
2025-10-13 12:30:00,858.0,0.0,287.0,0.0
2025-10-13 13:00:00,870.0,0.0,307.0,0.0
2025-10-13 13:30:00,844.0,0.0,296.0,0.0
2025-10-13 14:00:00,865.0,0.0,297.0,0.0
2025-10-13 14:30:00,874.0,0.0,298.0,0.0
2025-10-13 15:00:00,873.0,0.0,301.0,0.0
2025-10-13 15:30:00,896.0,0.0,305.0,0.0
2025-10-13 16:00:00,902.0,0.0,305.0,0.0
2025-10-13 16:30:00,848.0,0.0,285.0,0.0
2025-10-13 17:00:00,832.0,0.0,277.0,0.0
2025-10-13 17:30:00,877.0,0.0,297.0,0.0
2025-10-13 18:00:00,805.0,0.0,280.0,0.0
2025-10-13 18:30:00,535.0,0.0,137.0,0.0
2025-10-13 19:00:00,517.0,0.0,129.0,0.0
2025-10-13 19:30:00,505.0,0.0,120.0,0.0
2025-10-13 20:00:00,492.0,0.0,108.0,0.0
2025-10-13 20:30:00,482.0,0.0,102.0,0.0
2025-10-13 21:00:00,510.0,0.0,124.0,0.0
2025-10-13 21:30:00,582.0,0.0,171.0,0.0
2025-10-13 22:00:00,576.0,0.0,168.0,0.0
2025-10-13 22:30:00,619.0,0.0,182.0,0.0
2025-10-13 23:00:00,677.0,0.0,213.0,0.0
2025-10-13 23:30:00,664.0,0.0,198.0,0.0
2025-10-14 00:00:00,688.0,0.0,210.0,0.0
2025-10-14 00:30:00,662.0,0.0,195.0,0.0
2025-10-14 01:00:00,657.0,0.0,192.0,0.0
2025-10-14 01:30:00,663.0,0.0,200.0,0.0
2025-10-14 02:00:00,646.0,0.0,198.0,0.0
2025-10-14 02:30:00,637.0,0.0,191.0,0.0
2025-10-14 03:00:00,652.0,0.0,202.0,0.0
2025-10-14 03:30:00,654.0,0.0,204.0,0.0
2025-10-14 04:00:00,659.0,0.0,208.0,0.0
2025-10-14 04:30:00,657.0,0.0,207.0,0.0
2025-10-14 05:00:00,649.0,0.0,205.0,0.0
2025-10-14 05:30:00,638.0,0.0,202.0,0.0
2025-10-14 06:00:00,617.0,0.0,192.0,0.0
2025-10-14 06:30:00,602.0,0.0,182.0,0.0
2025-10-14 07:00:00,621.0,0.0,180.0,0.0
2025-10-14 07:30:00,642.0,0.0,199.0,0.0
2025-10-14 08:00:00,682.0,0.0,215.0,0.0
2025-10-14 08:30:00,792.0,0.0,272.0,0.0
2025-10-14 09:00:00,847.0,0.0,345.0,0.0
2025-10-14 09:30:00,861.0,0.0,359.0,0.0
2025-10-14 10:00:00,849.0,0.0,363.0,0.0
2025-10-14 10:30:00,879.0,0.0,317.0,0.0
2025-10-14 11:00:00,855.0,0.0,311.0,0.0
2025-10-14 11:30:00,868.0,0.0,314.0,0.0
2025-10-14 12:00:00,820.0,0.0,302.0,0.0
2025-10-14 12:30:00,829.0,0.0,285.0,0.0
2025-10-14 13:00:00,820.0,0.0,276.0,0.0
2025-10-14 13:30:00,855.0,0.0,280.0,0.0
2025-10-14 14:00:00,857.0,0.0,275.0,0.0
2025-10-14 14:30:00,850.0,0.0,278.0,0.0
2025-10-14 15:00:00,834.0,0.0,272.0,0.0
2025-10-14 15:30:00,831.0,0.0,269.0,0.0
2025-10-14 16:00:00,832.0,0.0,269.0,0.0
2025-10-14 16:30:00,804.0,0.0,251.0,0.0
2025-10-14 17:00:00,826.0,0.0,263.0,0.0
2025-10-14 17:30:00,848.0,0.0,277.0,0.0
2025-10-14 18:00:00,805.0,0.0,269.0,0.0
2025-10-14 18:30:00,563.0,0.0,166.0,0.0
2025-10-14 19:00:00,508.0,0.0,156.0,0.0
2025-10-14 19:30:00,487.0,0.0,150.0,0.0
2025-10-14 20:00:00,471.0,0.0,134.0,0.0
2025-10-14 20:30:00,458.0,0.0,128.0,0.0
2025-10-14 21:00:00,519.0,0.0,163.0,0.0
2025-10-14 21:30:00,550.0,0.0,171.0,0.0
2025-10-14 22:00:00,589.0,0.0,172.0,0.0
2025-10-14 22:30:00,665.0,0.0,199.0,0.0
2025-10-14 23:00:00,665.0,0.0,211.0,0.0
2025-10-14 23:30:00,678.0,0.0,216.0,0.0
2025-10-15 00:00:00,663.0,0.0,205.0,0.0
2025-10-15 00:30:00,659.0,0.0,188.0,0.0
2025-10-15 01:00:00,662.0,0.0,192.0,0.0
2025-10-15 01:30:00,648.0,0.0,189.0,0.0
2025-10-15 02:00:00,658.0,0.0,197.0,0.0
2025-10-15 02:30:00,624.0,0.0,177.0,0.0
2025-10-15 03:00:00,655.0,0.0,194.0,0.0
2025-10-15 03:30:00,658.0,0.0,195.0,0.0
2025-10-15 04:00:00,650.0,0.0,196.0,0.0
2025-10-15 04:30:00,654.0,0.0,200.0,0.0
2025-10-15 05:00:00,635.0,0.0,186.0,0.0
2025-10-15 05:30:00,659.0,0.0,195.0,0.0
2025-10-15 06:00:00,640.0,0.0,188.0,0.0
2025-10-15 06:30:00,626.0,0.0,184.0,0.0
2025-10-15 07:00:00,660.0,0.0,197.0,0.0
2025-10-15 07:30:00,677.0,0.0,196.0,0.0
2025-10-15 08:00:00,697.0,0.0,218.0,0.0
2025-10-15 08:30:00,832.0,0.0,254.0,0.0
2025-10-15 09:00:00,855.0,0.0,267.0,0.0
2025-10-15 09:30:00,865.0,0.0,276.0,0.0
2025-10-15 10:00:00,867.0,0.0,275.0,0.0
2025-10-15 10:30:00,872.0,0.0,303.0,0.0
2025-10-15 11:00:00,860.0,0.0,339.0,0.0
2025-10-15 11:30:00,873.0,0.0,352.0,0.0
2025-10-15 12:00:00,830.0,0.0,343.0,0.0
2025-10-15 12:30:00,874.0,0.0,381.0,0.0
2025-10-15 13:00:00,860.0,0.0,317.0,0.0
2025-10-15 13:30:00,883.0,0.0,315.0,0.0
2025-10-15 14:00:00,880.0,0.0,303.0,0.0
2025-10-15 14:30:00,888.0,0.0,309.0,0.0
2025-10-15 15:00:00,884.0,0.0,306.0,0.0
2025-10-15 15:30:00,902.0,0.0,307.0,0.0
2025-10-15 16:00:00,901.0,0.0,308.0,0.0
2025-10-15 16:30:00,856.0,0.0,304.0,0.0
2025-10-15 17:00:00,874.0,0.0,324.0,0.0
2025-10-15 17:30:00,886.0,0.0,313.0,0.0
2025-10-15 18:00:00,829.0,0.0,262.0,0.0
2025-10-15 18:30:00,590.0,0.0,153.0,0.0
2025-10-15 19:00:00,543.0,0.0,126.0,0.0
2025-10-15 19:30:00,517.0,0.0,112.0,0.0
2025-10-15 20:00:00,491.0,0.0,91.0,0.0
2025-10-15 20:30:00,469.0,0.0,93.0,0.0
2025-10-15 21:00:00,439.0,0.0,111.0,0.0
2025-10-15 21:30:00,467.0,0.0,125.0,0.0
2025-10-15 22:00:00,578.0,0.0,170.0,0.0
2025-10-15 22:30:00,669.0,0.0,214.0,0.0
2025-10-15 23:00:00,681.0,0.0,232.0,0.0
2025-10-15 23:30:00,694.0,0.0,236.0,0.0
2025-10-16 00:00:00,684.0,0.0,231.0,0.0
2025-10-16 00:30:00,672.0,0.0,227.0,0.0
2025-10-16 01:00:00,678.0,0.0,225.0,0.0
2025-10-16 01:30:00,663.0,0.0,221.0,0.0
2025-10-16 02:00:00,672.0,0.0,227.0,0.0
2025-10-16 02:30:00,636.0,0.0,207.0,0.0
2025-10-16 03:00:00,658.0,0.0,208.0,0.0
2025-10-16 03:30:00,652.0,0.0,209.0,0.0
2025-10-16 04:00:00,630.0,0.0,202.0,0.0
2025-10-16 04:30:00,646.0,0.0,213.0,0.0
2025-10-16 05:00:00,651.0,0.0,218.0,0.0
2025-10-16 05:30:00,642.0,0.0,216.0,0.0
2025-10-16 06:00:00,657.0,0.0,220.0,0.0
2025-10-16 06:30:00,630.0,0.0,210.0,0.0
2025-10-16 07:00:00,640.0,0.0,206.0,0.0
2025-10-16 07:30:00,665.0,0.0,226.0,0.0
2025-10-16 08:00:00,695.0,0.0,246.0,0.0
2025-10-16 08:30:00,822.0,0.0,279.0,0.0
2025-10-16 09:00:00,827.0,0.0,288.0,0.0
2025-10-16 09:30:00,862.0,0.0,299.0,0.0
2025-10-16 10:00:00,879.0,0.0,312.0,0.0
2025-10-16 10:30:00,879.0,0.0,309.0,0.0
2025-10-16 11:00:00,868.0,0.0,299.0,0.0
2025-10-16 11:30:00,862.0,0.0,295.0,0.0
2025-10-16 12:00:00,820.0,0.0,278.0,0.0
2025-10-16 12:30:00,860.0,0.0,310.0,0.0
2025-10-16 13:00:00,833.0,0.0,293.0,0.0
2025-10-16 13:30:00,834.0,0.0,283.0,0.0
2025-10-16 14:00:00,846.0,0.0,275.0,0.0
2025-10-16 14:30:00,863.0,0.0,274.0,0.0
2025-10-16 15:00:00,838.0,0.0,265.0,0.0
2025-10-16 15:30:00,864.0,0.0,278.0,0.0
2025-10-16 16:00:00,877.0,0.0,282.0,0.0
2025-10-16 16:30:00,824.0,0.0,259.0,0.0
2025-10-16 17:00:00,860.0,0.0,280.0,0.0
2025-10-16 17:30:00,856.0,0.0,301.0,0.0
2025-10-16 18:00:00,787.0,0.0,301.0,0.0
2025-10-16 18:30:00,539.0,0.0,175.0,0.0
2025-10-16 19:00:00,517.0,0.0,168.0,0.0
2025-10-16 19:30:00,510.0,0.0,164.0,0.0
2025-10-16 20:00:00,494.0,0.0,153.0,0.0
2025-10-16 20:30:00,481.0,0.0,146.0,0.0
2025-10-16 21:00:00,467.0,0.0,133.0,0.0
2025-10-16 21:30:00,488.0,0.0,145.0,0.0
2025-10-16 22:00:00,595.0,0.0,236.0,0.0
2025-10-16 22:30:00,672.0,0.0,258.0,0.0
2025-10-16 23:00:00,688.0,0.0,265.0,0.0
2025-10-16 23:30:00,665.0,0.0,249.0,0.0
2025-10-17 00:00:00,672.0,0.0,256.0,0.0
2025-10-17 00:30:00,658.0,0.0,248.0,0.0
2025-10-17 01:00:00,667.0,0.0,248.0,0.0
2025-10-17 01:30:00,658.0,0.0,240.0,0.0
2025-10-17 02:00:00,651.0,0.0,230.0,0.0
2025-10-17 02:30:00,635.0,0.0,234.0,0.0
2025-10-17 03:00:00,663.0,0.0,246.0,0.0
2025-10-17 03:30:00,653.0,0.0,245.0,0.0
2025-10-17 04:00:00,649.0,0.0,244.0,0.0
2025-10-17 04:30:00,655.0,0.0,246.0,0.0
2025-10-17 05:00:00,647.0,0.0,252.0,0.0
2025-10-17 05:30:00,661.0,0.0,257.0,0.0
2025-10-17 06:00:00,656.0,0.0,248.0,0.0
2025-10-17 06:30:00,630.0,0.0,233.0,0.0
2025-10-17 07:00:00,662.0,0.0,239.0,0.0
2025-10-17 07:30:00,683.0,0.0,254.0,0.0
2025-10-17 08:00:00,680.0,0.0,252.0,0.0
2025-10-17 08:30:00,750.0,0.0,260.0,0.0
2025-10-17 09:00:00,811.0,0.0,282.0,0.0
2025-10-17 09:30:00,812.0,0.0,282.0,0.0
2025-10-17 10:00:00,812.0,0.0,282.0,0.0
2025-10-17 10:30:00,829.0,0.0,293.0,0.0
2025-10-17 11:00:00,811.0,0.0,290.0,0.0
2025-10-17 11:30:00,790.0,0.0,275.0,0.0
2025-10-17 12:00:00,762.0,0.0,263.0,0.0
2025-10-17 12:30:00,799.0,0.0,289.0,0.0
2025-10-17 13:00:00,813.0,0.0,319.0,0.0
2025-10-17 13:30:00,823.0,0.0,330.0,0.0
2025-10-17 14:00:00,841.0,0.0,366.0,0.0
2025-10-17 14:30:00,850.0,0.0,368.0,0.0
2025-10-17 15:00:00,862.0,0.0,367.0,0.0
2025-10-17 15:30:00,865.0,0.0,362.0,0.0
2025-10-17 16:00:00,866.0,0.0,362.0,0.0
2025-10-17 16:30:00,819.0,0.0,352.0,0.0
2025-10-17 17:00:00,850.0,0.0,363.0,0.0
2025-10-17 17:30:00,847.0,0.0,374.0,0.0
2025-10-17 18:00:00,773.0,0.0,347.0,0.0
2025-10-17 18:30:00,483.0,0.0,181.0,0.0
2025-10-17 19:00:00,423.0,0.0,140.0,0.0
2025-10-17 19:30:00,405.0,0.0,128.0,0.0
2025-10-17 20:00:00,400.0,0.0,127.0,0.0
2025-10-17 20:30:00,382.0,0.0,122.0,0.0
2025-10-17 21:00:00,376.0,0.0,120.0,0.0
2025-10-17 21:30:00,378.0,0.0,119.0,0.0
2025-10-17 22:00:00,501.0,0.0,193.0,0.0
2025-10-17 22:30:00,580.0,0.0,246.0,0.0
2025-10-17 23:00:00,593.0,0.0,250.0,0.0
2025-10-17 23:30:00,601.0,0.0,251.0,0.0
2025-10-18 00:00:00,608.0,0.0,246.0,0.0
2025-10-18 17:30:00,178.0,0.0,60.0,0.0
2025-10-18 21:30:00,93.0,0.0,23.0,0.0
2025-10-19 00:30:00,84.0,0.0,21.0,0.0
2025-10-19 01:00:00,84.0,0.0,21.0,0.0
2025-10-19 01:30:00,83.0,0.0,20.0,0.0
2025-10-19 02:00:00,81.0,0.0,20.0,0.0
2025-10-19 02:30:00,84.0,0.0,20.0,0.0
2025-10-19 03:00:00,83.0,0.0,22.0,0.0
2025-10-19 03:30:00,84.0,0.0,21.0,0.0
2025-10-19 04:00:00,83.0,0.0,22.0,0.0
2025-10-19 04:30:00,83.0,0.0,22.0,0.0
2025-10-19 05:00:00,83.0,0.0,23.0,0.0
2025-10-19 05:30:00,84.0,0.0,23.0,0.0
2025-10-19 06:00:00,83.0,0.0,22.0,0.0
2025-10-19 06:30:00,84.0,0.0,23.0,0.0
2025-10-19 07:00:00,85.0,0.0,23.0,0.0
2025-10-19 07:30:00,81.0,0.0,21.0,0.0
2025-10-19 08:00:00,79.0,0.0,21.0,0.0
2025-10-19 08:30:00,78.0,0.0,20.0,0.0
2025-10-19 09:00:00,76.0,0.0,20.0,0.0
2025-10-19 09:30:00,75.0,0.0,19.0,0.0
2025-10-19 10:00:00,77.0,0.0,19.0,0.0
2025-10-19 10:30:00,76.0,0.0,19.0,0.0
2025-10-19 11:00:00,78.0,0.0,21.0,0.0
2025-10-19 11:30:00,78.0,0.0,20.0,0.0
2025-10-19 12:00:00,79.0,0.0,20.0,0.0
2025-10-19 12:30:00,78.0,0.0,21.0,0.0
2025-10-19 13:00:00,78.0,0.0,20.0,0.0
2025-10-19 13:30:00,79.0,0.0,21.0,0.0
2025-10-19 14:00:00,79.0,0.0,19.0,0.0
2025-10-19 14:30:00,78.0,0.0,20.0,0.0
2025-10-19 15:00:00,78.0,0.0,19.0,0.0
2025-10-19 15:30:00,79.0,0.0,20.0,0.0
2025-10-19 16:00:00,77.0,0.0,19.0,0.0
2025-10-19 16:30:00,80.0,0.0,22.0,0.0
2025-10-19 17:00:00,79.0,0.0,22.0,0.0
2025-10-19 17:30:00,80.0,0.0,23.0,0.0
2025-10-19 18:00:00,80.0,0.0,22.0,0.0
2025-10-19 18:30:00,80.0,0.0,23.0,0.0
2025-10-19 19:00:00,81.0,0.0,22.0,0.0
2025-10-19 19:30:00,81.0,0.0,20.0,0.0
2025-10-19 20:00:00,84.0,0.0,22.0,0.0
2025-10-19 20:30:00,85.0,0.0,22.0,0.0
2025-10-19 21:00:00,84.0,0.0,20.0,0.0
2025-10-19 21:30:00,84.0,0.0,21.0,0.0
2025-10-19 22:00:00,85.0,0.0,22.0,0.0
2025-10-19 22:30:00,84.0,0.0,21.0,0.0
2025-10-19 23:00:00,84.0,0.0,22.0,0.0
2025-10-19 23:30:00,84.0,0.0,22.0,0.0
2025-10-20 00:00:00,85.0,0.0,22.0,0.0
2025-10-20 00:30:00,84.0,0.0,22.0,0.0
2025-10-20 01:00:00,85.0,0.0,23.0,0.0
2025-10-20 01:30:00,85.0,0.0,23.0,0.0
2025-10-20 02:00:00,82.0,0.0,21.0,0.0
2025-10-20 02:30:00,86.0,0.0,25.0,0.0
2025-10-20 03:00:00,84.0,0.0,24.0,0.0
2025-10-20 03:30:00,83.0,0.0,21.0,0.0
2025-10-20 04:00:00,83.0,0.0,21.0,0.0
2025-10-20 04:30:00,84.0,0.0,22.0,0.0
2025-10-20 05:00:00,83.0,0.0,21.0,0.0
2025-10-20 05:30:00,83.0,0.0,21.0,0.0
2025-10-20 06:00:00,84.0,0.0,20.0,0.0
2025-10-20 06:30:00,83.0,0.0,22.0,0.0
2025-10-20 07:00:00,82.0,0.0,21.0,0.0
2025-10-20 07:30:00,81.0,0.0,23.0,0.0
2025-10-20 08:00:00,79.0,0.0,22.0,0.0
2025-10-20 08:30:00,81.0,0.0,22.0,0.0
2025-10-20 09:00:00,79.0,0.0,20.0,0.0
2025-10-20 09:30:00,79.0,0.0,21.0,0.0
2025-10-20 10:00:00,85.0,0.0,24.0,0.0
2025-10-20 10:30:00,85.0,0.0,23.0,0.0
2025-10-20 11:00:00,80.0,0.0,19.0,0.0
2025-10-20 11:30:00,80.0,0.0,19.0,0.0
2025-10-20 12:00:00,83.0,0.0,20.0,0.0
2025-10-20 12:30:00,79.0,0.0,20.0,0.0
2025-10-20 13:00:00,80.0,0.0,20.0,0.0
2025-10-20 13:30:00,79.0,0.0,20.0,0.0
2025-10-20 14:00:00,78.0,0.0,19.0,0.0
2025-10-20 14:30:00,80.0,0.0,22.0,0.0
2025-10-20 15:00:00,78.0,0.0,20.0,0.0
2025-10-20 15:30:00,79.0,0.0,21.0,0.0
2025-10-20 16:00:00,79.0,0.0,20.0,0.0
2025-10-20 16:30:00,81.0,0.0,22.0,0.0
2025-10-20 17:00:00,81.0,0.0,22.0,0.0
2025-10-20 17:30:00,81.0,0.0,23.0,0.0
2025-10-20 18:00:00,80.0,0.0,22.0,0.0
2025-10-20 18:30:00,82.0,0.0,24.0,0.0
2025-10-20 19:00:00,79.0,0.0,20.0,0.0
2025-10-20 19:30:00,84.0,0.0,21.0,0.0
2025-10-20 20:00:00,88.0,0.0,23.0,0.0
2025-10-20 20:30:00,85.0,0.0,21.0,0.0
2025-10-20 21:00:00,86.0,0.0,21.0,0.0
2025-10-20 21:30:00,88.0,0.0,24.0,0.0
2025-10-20 22:00:00,85.0,0.0,22.0,0.0
2025-10-20 22:30:00,86.0,0.0,21.0,0.0
2025-10-20 23:00:00,86.0,0.0,23.0,0.0
2025-10-20 23:30:00,87.0,0.0,24.0,0.0
2025-10-21 00:00:00,85.0,0.0,21.0,0.0
2025-10-21 00:30:00,85.0,0.0,23.0,0.0
2025-10-21 01:00:00,87.0,0.0,23.0,0.0
2025-10-21 01:30:00,83.0,0.0,21.0,0.0
2025-10-21 02:00:00,84.0,0.0,19.0,0.0
2025-10-21 02:30:00,97.0,0.0,23.0,0.0
2025-10-21 03:00:00,97.0,0.0,22.0,0.0
2025-10-21 03:30:00,108.0,0.0,23.0,0.0
2025-10-21 04:00:00,106.0,0.0,20.0,0.0
2025-10-21 04:30:00,102.0,0.0,21.0,0.0
2025-10-21 05:00:00,90.0,0.0,21.0,0.0
2025-10-21 05:30:00,89.0,0.0,20.0,0.0
2025-10-21 06:00:00,103.0,0.0,28.0,0.0
2025-10-21 06:30:00,104.0,0.0,20.0,0.0
2025-10-21 07:00:00,150.0,0.0,55.0,0.0
2025-10-21 07:30:00,328.0,0.0,163.0,0.0
2025-10-21 08:00:00,571.0,0.0,228.0,0.0
2025-10-21 08:30:00,849.0,0.0,287.0,0.0
2025-10-21 09:00:00,827.0,0.0,317.0,0.0
2025-10-21 09:30:00,830.0,0.0,295.0,0.0
2025-10-21 10:00:00,832.0,0.0,290.0,0.0
2025-10-21 10:30:00,847.0,0.0,301.0,0.0
2025-10-21 11:00:00,878.0,0.0,313.0,0.0
2025-10-21 11:30:00,856.0,0.0,302.0,0.0
2025-10-21 12:00:00,811.0,0.0,287.0,0.0
2025-10-21 12:30:00,840.0,0.0,310.0,0.0
2025-10-21 13:00:00,824.0,0.0,311.0,0.0
2025-10-21 13:30:00,839.0,0.0,312.0,0.0
2025-10-21 14:00:00,842.0,0.0,305.0,0.0
2025-10-21 14:30:00,868.0,0.0,305.0,0.0
2025-10-21 15:00:00,844.0,0.0,298.0,0.0
2025-10-21 15:30:00,869.0,0.0,303.0,0.0
2025-10-21 16:00:00,836.0,0.0,290.0,0.0
2025-10-21 16:30:00,838.0,0.0,283.0,0.0
2025-10-21 17:00:00,806.0,0.0,282.0,0.0
2025-10-21 17:30:00,858.0,0.0,301.0,0.0
2025-10-21 18:00:00,779.0,0.0,282.0,0.0
2025-10-21 18:30:00,543.0,0.0,170.0,0.0
2025-10-21 19:00:00,500.0,0.0,149.0,0.0
2025-10-21 19:30:00,486.0,0.0,137.0,0.0
2025-10-21 20:00:00,482.0,0.0,131.0,0.0
2025-10-21 20:30:00,461.0,0.0,112.0,0.0
2025-10-21 21:00:00,455.0,0.0,112.0,0.0
2025-10-21 21:30:00,479.0,0.0,113.0,0.0
2025-10-21 22:00:00,541.0,0.0,149.0,0.0
2025-10-21 22:30:00,634.0,0.0,196.0,0.0
2025-10-21 23:00:00,636.0,0.0,197.0,0.0
2025-10-21 23:30:00,648.0,0.0,198.0,0.0
2025-10-22 00:00:00,649.0,0.0,196.0,0.0
2025-10-22 00:30:00,638.0,0.0,200.0,0.0
2025-10-22 01:00:00,658.0,0.0,209.0,0.0
2025-10-22 01:30:00,641.0,0.0,208.0,0.0
2025-10-22 02:00:00,635.0,0.0,203.0,0.0
2025-10-22 02:30:00,597.0,0.0,183.0,0.0
2025-10-22 03:00:00,624.0,0.0,197.0,0.0
2025-10-22 03:30:00,639.0,0.0,204.0,0.0
2025-10-22 04:00:00,634.0,0.0,201.0,0.0
2025-10-22 04:30:00,633.0,0.0,193.0,0.0
2025-10-22 05:00:00,636.0,0.0,197.0,0.0
2025-10-22 05:30:00,606.0,0.0,185.0,0.0
2025-10-22 06:00:00,631.0,0.0,196.0,0.0
2025-10-22 06:30:00,614.0,0.0,185.0,0.0
2025-10-22 07:00:00,621.0,0.0,180.0,0.0
2025-10-22 07:30:00,641.0,0.0,200.0,0.0
2025-10-22 08:00:00,706.0,0.0,272.0,0.0
2025-10-22 08:30:00,742.0,0.0,312.0,0.0
2025-10-22 09:00:00,791.0,0.0,335.0,0.0
2025-10-22 09:30:00,803.0,0.0,339.0,0.0
2025-10-22 10:00:00,799.0,0.0,346.0,0.0
2025-10-22 10:30:00,793.0,0.0,289.0,0.0
2025-10-22 11:00:00,841.0,0.0,301.0,0.0
2025-10-22 11:30:00,825.0,0.0,306.0,0.0
2025-10-22 12:00:00,791.0,0.0,289.0,0.0
2025-10-22 12:30:00,816.0,0.0,296.0,0.0
2025-10-22 13:00:00,830.0,0.0,306.0,0.0
2025-10-22 13:30:00,830.0,0.0,263.0,0.0
2025-10-22 14:00:00,846.0,0.0,257.0,0.0
2025-10-22 14:30:00,856.0,0.0,257.0,0.0
2025-10-22 15:00:00,831.0,0.0,245.0,0.0
2025-10-22 15:30:00,861.0,0.0,257.0,0.0
2025-10-22 16:00:00,839.0,0.0,246.0,0.0
2025-10-22 16:30:00,820.0,0.0,238.0,0.0
2025-10-22 17:00:00,828.0,0.0,245.0,0.0
2025-10-22 17:30:00,852.0,0.0,253.0,0.0
2025-10-22 18:00:00,782.0,0.0,223.0,0.0
2025-10-22 18:30:00,493.0,0.0,100.0,0.0
2025-10-22 19:00:00,424.0,0.0,109.0,0.0
2025-10-22 19:30:00,427.0,0.0,118.0,0.0
2025-10-22 20:00:00,424.0,0.0,114.0,0.0
2025-10-22 20:30:00,412.0,0.0,106.0,0.0
2025-10-22 21:00:00,411.0,0.0,110.0,0.0
2025-10-22 21:30:00,481.0,0.0,160.0,0.0
2025-10-22 22:00:00,508.0,0.0,165.0,0.0
2025-10-22 22:30:00,639.0,0.0,215.0,0.0
2025-10-22 23:00:00,653.0,0.0,230.0,0.0
2025-10-22 23:30:00,648.0,0.0,222.0,0.0
2025-10-23 00:00:00,648.0,0.0,223.0,0.0
2025-10-23 00:30:00,642.0,0.0,237.0,0.0
2025-10-23 01:00:00,683.0,0.0,263.0,0.0
2025-10-23 01:30:00,681.0,0.0,262.0,0.0
2025-10-23 02:00:00,629.0,0.0,239.0,0.0
2025-10-23 02:30:00,604.0,0.0,225.0,0.0
2025-10-23 03:00:00,614.0,0.0,239.0,0.0
2025-10-23 03:30:00,620.0,0.0,237.0,0.0
2025-10-23 04:00:00,614.0,0.0,240.0,0.0
2025-10-23 04:30:00,627.0,0.0,244.0,0.0
2025-10-23 05:00:00,610.0,0.0,240.0,0.0
2025-10-23 05:30:00,614.0,0.0,243.0,0.0
2025-10-23 06:00:00,602.0,0.0,230.0,0.0
2025-10-23 06:30:00,595.0,0.0,233.0,0.0
2025-10-23 07:00:00,607.0,0.0,238.0,0.0
2025-10-23 07:30:00,649.0,0.0,256.0,0.0
2025-10-23 08:00:00,682.0,0.0,274.0,0.0
2025-10-23 08:30:00,792.0,0.0,300.0,0.0
2025-10-23 09:00:00,819.0,0.0,319.0,0.0
2025-10-23 09:30:00,807.0,0.0,313.0,0.0
2025-10-23 10:00:00,854.0,0.0,330.0,0.0
2025-10-23 10:30:00,864.0,0.0,333.0,0.0
2025-10-23 11:00:00,862.0,0.0,337.0,0.0
2025-10-23 11:30:00,877.0,0.0,345.0,0.0
2025-10-23 12:00:00,812.0,0.0,319.0,0.0
2025-10-23 12:30:00,840.0,0.0,361.0,0.0
2025-10-23 13:00:00,868.0,0.0,393.0,0.0
2025-10-23 13:30:00,880.0,0.0,318.0,0.0
2025-10-23 14:00:00,905.0,0.0,309.0,0.0
2025-10-23 14:30:00,898.0,0.0,299.0,0.0
2025-10-23 15:00:00,885.0,0.0,290.0,0.0
2025-10-23 15:30:00,892.0,0.0,292.0,0.0
2025-10-23 16:00:00,857.0,0.0,280.0,0.0
2025-10-23 16:30:00,843.0,0.0,271.0,0.0
2025-10-23 17:00:00,849.0,0.0,277.0,0.0
2025-10-23 17:30:00,877.0,0.0,292.0,0.0
2025-10-23 18:00:00,803.0,0.0,266.0,0.0
2025-10-23 18:30:00,515.0,0.0,130.0,0.0
2025-10-23 19:00:00,469.0,0.0,110.0,0.0
2025-10-23 19:30:00,464.0,0.0,101.0,0.0
2025-10-23 20:00:00,451.0,0.0,96.0,0.0
2025-10-23 20:30:00,432.0,0.0,81.0,0.0
2025-10-23 21:00:00,419.0,0.0,78.0,0.0
2025-10-23 21:30:00,426.0,0.0,77.0,0.0
2025-10-23 22:00:00,487.0,0.0,132.0,0.0
2025-10-23 22:30:00,582.0,0.0,175.0,0.0
2025-10-23 23:00:00,595.0,0.0,168.0,0.0
2025-10-23 23:30:00,598.0,0.0,183.0,0.0
2025-10-24 00:00:00,617.0,0.0,183.0,0.0
2025-10-24 00:30:00,617.0,0.0,200.0,0.0
2025-10-24 01:00:00,630.0,0.0,208.0,0.0
2025-10-24 01:30:00,623.0,0.0,209.0,0.0
2025-10-24 02:00:00,621.0,0.0,195.0,0.0
2025-10-24 02:30:00,569.0,0.0,175.0,0.0
2025-10-24 03:00:00,586.0,0.0,179.0,0.0
2025-10-24 03:30:00,642.0,0.0,212.0,0.0
2025-10-24 04:00:00,581.0,0.0,179.0,0.0
2025-10-24 04:30:00,594.0,0.0,211.0,0.0
2025-10-24 05:00:00,636.0,0.0,215.0,0.0
2025-10-24 05:30:00,615.0,0.0,213.0,0.0
2025-10-24 06:00:00,617.0,0.0,210.0,0.0
2025-10-24 06:30:00,596.0,0.0,208.0,0.0
2025-10-24 07:00:00,598.0,0.0,205.0,0.0
2025-10-24 07:30:00,667.0,0.0,238.0,0.0
2025-10-24 08:00:00,675.0,0.0,247.0,0.0
2025-10-24 08:30:00,831.0,0.0,294.0,0.0
2025-10-24 09:00:00,880.0,0.0,313.0,0.0
2025-10-24 09:30:00,893.0,0.0,301.0,0.0
2025-10-24 10:00:00,900.0,0.0,300.0,0.0
2025-10-24 10:30:00,914.0,0.0,307.0,0.0
2025-10-24 11:00:00,919.0,0.0,313.0,0.0
2025-10-24 11:30:00,918.0,0.0,313.0,0.0
2025-10-24 12:00:00,846.0,0.0,306.0,0.0
2025-10-24 12:30:00,861.0,0.0,317.0,0.0
2025-10-24 13:00:00,858.0,0.0,320.0,0.0
2025-10-24 13:30:00,868.0,0.0,327.0,0.0
2025-10-24 14:00:00,876.0,0.0,326.0,0.0
2025-10-24 14:30:00,887.0,0.0,328.0,0.0
2025-10-24 15:00:00,896.0,0.0,334.0,0.0
2025-10-24 15:30:00,899.0,0.0,331.0,0.0
2025-10-24 16:00:00,885.0,0.0,326.0,0.0
2025-10-24 16:30:00,851.0,0.0,309.0,0.0
2025-10-24 17:00:00,875.0,0.0,324.0,0.0
2025-10-24 17:30:00,894.0,0.0,335.0,0.0
2025-10-24 18:00:00,834.0,0.0,319.0,0.0
2025-10-24 18:30:00,537.0,0.0,184.0,0.0
2025-10-24 19:00:00,494.0,0.0,173.0,0.0
2025-10-24 19:30:00,491.0,0.0,167.0,0.0
2025-10-24 20:00:00,477.0,0.0,155.0,0.0
2025-10-24 20:30:00,452.0,0.0,129.0,0.0
2025-10-24 21:00:00,436.0,0.0,128.0,0.0
2025-10-24 21:30:00,488.0,0.0,166.0,0.0
2025-10-24 22:00:00,576.0,0.0,208.0,0.0
2025-10-24 22:30:00,683.0,0.0,261.0,0.0
2025-10-24 23:00:00,643.0,0.0,242.0,0.0
2025-10-24 23:30:00,661.0,0.0,243.0,0.0
2025-10-25 00:00:00,629.0,0.0,235.0,0.0
2025-10-25 00:30:00,624.0,0.0,229.0,0.0
2025-10-25 01:00:00,616.0,0.0,226.0,0.0
2025-10-25 01:30:00,614.0,0.0,225.0,0.0
2025-10-25 02:00:00,611.0,0.0,225.0,0.0
2025-10-25 02:30:00,590.0,0.0,205.0,0.0
2025-10-25 03:00:00,620.0,0.0,232.0,0.0
2025-10-25 03:30:00,614.0,0.0,234.0,0.0
2025-10-25 04:00:00,614.0,0.0,234.0,0.0
2025-10-25 04:30:00,619.0,0.0,235.0,0.0
2025-10-25 05:00:00,627.0,0.0,234.0,0.0
2025-10-25 05:30:00,624.0,0.0,233.0,0.0
2025-10-25 06:00:00,630.0,0.0,235.0,0.0
2025-10-25 06:30:00,622.0,0.0,233.0,0.0
2025-10-25 07:00:00,643.0,0.0,241.0,0.0
2025-10-25 07:30:00,612.0,0.0,239.0,0.0
2025-10-25 08:00:00,472.0,0.0,179.0,0.0
2025-10-25 08:30:00,211.0,0.0,15.0,3.0
2025-10-25 09:00:00,217.0,0.0,22.0,0.0
2025-10-25 09:30:00,351.0,0.0,95.0,0.0
2025-10-25 10:00:00,359.0,0.0,142.0,0.0
2025-10-25 10:30:00,356.0,0.0,143.0,0.0
2025-10-25 11:00:00,376.0,0.0,145.0,0.0
2025-10-25 11:30:00,369.0,0.0,143.0,0.0
2025-10-25 12:00:00,365.0,0.0,152.0,0.0
2025-10-25 12:30:00,367.0,0.0,156.0,0.0
2025-10-25 13:00:00,394.0,0.0,174.0,0.0
2025-10-25 13:30:00,438.0,0.0,215.0,0.0
2025-10-25 14:00:00,442.0,0.0,214.0,0.0
2025-10-25 14:30:00,404.0,0.0,209.0,0.0
2025-10-25 15:00:00,402.0,0.0,211.0,0.0
2025-10-25 15:30:00,383.0,0.0,215.0,0.0
2025-10-25 16:00:00,370.0,0.0,216.0,0.0
2025-10-25 16:30:00,367.0,0.0,219.0,0.0
2025-10-25 17:00:00,360.0,0.0,217.0,0.0
2025-10-25 17:30:00,280.0,0.0,159.0,0.0
2025-10-25 18:00:00,203.0,0.0,115.0,0.0
2025-10-25 18:30:00,106.0,0.0,60.0,0.0
2025-10-25 19:00:00,113.0,0.0,65.0,0.0
2025-10-25 19:30:00,116.0,0.0,65.0,0.0
2025-10-25 20:00:00,115.0,0.0,64.0,0.0
2025-10-25 20:30:00,114.0,0.0,60.0,0.0
2025-10-25 21:00:00,113.0,0.0,59.0,0.0
2025-10-25 21:30:00,78.0,0.0,29.0,0.0
2025-10-25 22:00:00,76.0,0.0,26.0,0.0
2025-10-25 22:30:00,74.0,0.0,23.0,0.0
2025-10-25 23:00:00,73.0,0.0,24.0,0.0
2025-10-25 23:30:00,74.0,0.0,25.0,0.0
2025-10-26 00:00:00,73.0,0.0,23.0,0.0
2025-10-26 00:30:00,71.0,0.0,23.0,0.0
2025-10-26 01:00:00,73.0,0.0,23.0,0.0
2025-10-26 01:30:00,74.0,0.0,26.0,0.0
2025-10-26 02:00:00,73.0,0.0,26.0,0.0
2025-10-26 02:30:00,72.0,0.0,23.0,0.0
2025-10-26 03:00:00,73.0,0.0,24.0,0.0
2025-10-26 03:30:00,75.0,0.0,26.0,0.0
2025-10-26 04:00:00,73.0,0.0,26.0,0.0
2025-10-26 04:30:00,73.0,0.0,26.0,0.0
2025-10-26 05:00:00,73.0,0.0,25.0,0.0
2025-10-26 05:30:00,75.0,0.0,27.0,0.0
2025-10-26 06:00:00,73.0,0.0,26.0,0.0
2025-10-26 06:30:00,72.0,0.0,25.0,0.0
2025-10-26 07:00:00,72.0,0.0,25.0,0.0
2025-10-26 07:30:00,70.0,0.0,26.0,0.0
2025-10-26 08:00:00,67.0,0.0,23.0,0.0
2025-10-26 08:30:00,68.0,0.0,25.0,0.0
2025-10-26 09:00:00,64.0,0.0,22.0,0.0
2025-10-26 09:30:00,66.0,0.0,23.0,0.0
2025-10-26 10:00:00,67.0,0.0,24.0,0.0
2025-10-26 10:30:00,66.0,0.0,23.0,0.0
2025-10-26 11:00:00,69.0,0.0,25.0,0.0
2025-10-26 11:30:00,68.0,0.0,23.0,0.0
2025-10-26 12:00:00,67.0,0.0,21.0,0.0
2025-10-26 12:30:00,68.0,0.0,24.0,0.0
2025-10-26 13:00:00,69.0,0.0,24.0,0.0
2025-10-26 13:30:00,68.0,0.0,22.0,0.0
2025-10-26 14:00:00,68.0,0.0,24.0,0.0
2025-10-26 14:30:00,69.0,0.0,25.0,0.0
2025-10-26 15:00:00,69.0,0.0,25.0,0.0
2025-10-26 15:30:00,70.0,0.0,26.0,0.0
2025-10-26 16:00:00,68.0,0.0,26.0,0.0
2025-10-26 16:30:00,68.0,0.0,24.0,0.0
2025-10-26 17:00:00,70.0,0.0,25.0,0.0
2025-10-26 17:30:00,70.0,0.0,27.0,0.0
2025-10-26 18:00:00,69.0,0.0,25.0,0.0
2025-10-26 18:30:00,69.0,0.0,26.0,0.0
2025-10-26 19:00:00,69.0,0.0,23.0,0.0
2025-10-26 19:30:00,72.0,0.0,24.0,0.0
2025-10-26 20:00:00,73.0,0.0,26.0,0.0
2025-10-26 20:30:00,74.0,0.0,25.0,0.0
2025-10-26 21:00:00,74.0,0.0,25.0,0.0
2025-10-26 21:30:00,75.0,0.0,27.0,0.0
2025-10-26 22:00:00,74.0,0.0,25.0,0.0
2025-10-26 22:30:00,74.0,0.0,25.0,0.0
2025-10-26 23:00:00,74.0,0.0,27.0,0.0
2025-10-26 23:30:00,74.0,0.0,26.0,0.0
2025-10-27 00:00:00,74.0,0.0,25.0,0.0
2025-10-27 00:30:00,73.0,0.0,25.0,0.0
2025-10-27 01:00:00,81.0,0.0,24.0,0.0
2025-10-27 01:30:00,91.0,0.0,25.0,0.0
2025-10-27 02:00:00,94.0,0.0,24.0,0.0
2025-10-27 02:30:00,100.0,0.0,27.0,0.0
2025-10-27 03:00:00,96.0,0.0,27.0,0.0
2025-10-27 03:30:00,91.0,0.0,25.0,0.0
2025-10-27 04:00:00,91.0,0.0,26.0,0.0
2025-10-27 04:30:00,93.0,0.0,28.0,0.0
2025-10-27 05:00:00,85.0,0.0,25.0,0.0
2025-10-27 05:30:00,82.0,0.0,26.0,0.0
2025-10-27 06:00:00,132.0,0.0,56.0,0.0
2025-10-27 06:30:00,188.0,0.0,83.0,0.0
2025-10-27 07:00:00,193.0,0.0,84.0,0.0
2025-10-27 07:30:00,355.0,0.0,139.0,0.0
2025-10-27 08:00:00,590.0,0.0,278.0,0.0
2025-10-27 08:30:00,846.0,0.0,395.0,0.0
2025-10-27 09:00:00,926.0,0.0,426.0,0.0
2025-10-27 09:30:00,951.0,0.0,411.0,0.0
2025-10-27 10:00:00,932.0,0.0,352.0,0.0
2025-10-27 10:30:00,926.0,0.0,349.0,0.0
2025-10-27 11:00:00,913.0,0.0,337.0,0.0
2025-10-27 11:30:00,924.0,0.0,323.0,0.0
2025-10-27 12:00:00,871.0,0.0,303.0,0.0
2025-10-27 12:30:00,903.0,0.0,323.0,0.0
2025-10-27 13:00:00,897.0,0.0,329.0,0.0
2025-10-27 13:30:00,897.0,0.0,321.0,0.0
2025-10-27 14:00:00,912.0,0.0,313.0,0.0
2025-10-27 14:30:00,904.0,0.0,312.0,0.0
2025-10-27 15:00:00,923.0,0.0,344.0,0.0
2025-10-27 15:30:00,922.0,0.0,346.0,0.0
2025-10-27 16:00:00,908.0,0.0,338.0,0.0
2025-10-27 16:30:00,871.0,0.0,327.0,0.0
2025-10-27 17:00:00,883.0,0.0,341.0,0.0
2025-10-27 17:30:00,902.0,0.0,351.0,0.0
2025-10-27 18:00:00,875.0,0.0,342.0,0.0
2025-10-27 18:30:00,659.0,0.0,244.0,0.0
2025-10-27 19:00:00,618.0,0.0,231.0,0.0
2025-10-27 19:30:00,570.0,0.0,188.0,0.0
2025-10-27 20:00:00,541.0,0.0,163.0,0.0
2025-10-27 20:30:00,457.0,0.0,140.0,0.0
2025-10-27 21:00:00,509.0,0.0,195.0,0.0
2025-10-27 21:30:00,511.0,0.0,198.0,0.0
2025-10-27 22:00:00,568.0,0.0,208.0,0.0
2025-10-27 22:30:00,644.0,0.0,243.0,0.0
2025-10-27 23:00:00,674.0,0.0,256.0,0.0
2025-10-27 23:30:00,663.0,0.0,252.0,0.0
2025-10-28 00:00:00,676.0,0.0,250.0,0.0
2025-10-28 00:30:00,696.0,0.0,250.0,0.0
2025-10-28 01:00:00,664.0,0.0,241.0,0.0
2025-10-28 01:30:00,652.0,0.0,238.0,0.0
2025-10-28 02:00:00,653.0,0.0,239.0,0.0
2025-10-28 02:30:00,606.0,0.0,228.0,0.0
2025-10-28 03:00:00,639.0,0.0,238.0,0.0
2025-10-28 03:30:00,657.0,0.0,241.0,0.0
2025-10-28 04:00:00,645.0,0.0,241.0,0.0
2025-10-28 04:30:00,637.0,0.0,238.0,0.0
2025-10-28 05:00:00,635.0,0.0,238.0,0.0
2025-10-28 05:30:00,641.0,0.0,240.0,0.0
2025-10-28 06:00:00,634.0,0.0,238.0,0.0
2025-10-28 06:30:00,624.0,0.0,233.0,0.0
2025-10-28 07:00:00,664.0,0.0,247.0,0.0
2025-10-28 07:30:00,679.0,0.0,256.0,0.0
2025-10-28 08:00:00,724.0,0.0,276.0,0.0
2025-10-28 08:30:00,844.0,0.0,315.0,0.0
2025-10-28 09:00:00,864.0,0.0,327.0,0.0
2025-10-28 09:30:00,899.0,0.0,329.0,0.0
2025-10-28 10:00:00,881.0,0.0,360.0,0.0
2025-10-28 10:30:00,922.0,0.0,378.0,0.0
2025-10-28 11:00:00,914.0,0.0,372.0,0.0
2025-10-28 11:30:00,933.0,0.0,392.0,0.0
2025-10-28 12:00:00,900.0,0.0,328.0,0.0
2025-10-28 12:30:00,908.0,0.0,318.0,0.0
2025-10-28 13:00:00,922.0,0.0,332.0,0.0
2025-10-28 13:30:00,938.0,0.0,336.0,0.0
2025-10-28 14:00:00,940.0,0.0,328.0,0.0
2025-10-28 14:30:00,937.0,0.0,324.0,0.0
2025-10-28 15:00:00,942.0,0.0,323.0,0.0
2025-10-28 15:30:00,944.0,0.0,323.0,0.0
2025-10-28 16:00:00,924.0,0.0,312.0,0.0
2025-10-28 16:30:00,880.0,0.0,294.0,0.0
2025-10-28 17:00:00,905.0,0.0,310.0,0.0
2025-10-28 17:30:00,909.0,0.0,313.0,0.0
2025-10-28 18:00:00,882.0,0.0,306.0,0.0
2025-10-28 18:30:00,697.0,0.0,213.0,0.0
2025-10-28 19:00:00,675.0,0.0,212.0,0.0
2025-10-28 19:30:00,663.0,0.0,208.0,0.0
2025-10-28 20:00:00,614.0,0.0,185.0,0.0
2025-10-28 20:30:00,468.0,0.0,120.0,0.0
2025-10-28 21:00:00,451.0,0.0,118.0,0.0
2025-10-28 21:30:00,455.0,0.0,125.0,0.0
2025-10-28 22:00:00,597.0,0.0,202.0,0.0
2025-10-28 22:30:00,738.0,0.0,253.0,0.0
2025-10-28 23:00:00,751.0,0.0,264.0,0.0
2025-10-28 23:30:00,742.0,0.0,263.0,0.0
2025-10-29 00:00:00,728.0,0.0,255.0,0.0
2025-10-29 00:30:00,740.0,0.0,250.0,0.0
2025-10-29 01:00:00,735.0,0.0,244.0,0.0
2025-10-29 01:30:00,710.0,0.0,232.0,0.0
2025-10-29 02:00:00,714.0,0.0,230.0,0.0
2025-10-29 02:30:00,660.0,0.0,215.0,0.0
2025-10-29 03:00:00,714.0,0.0,233.0,0.0
2025-10-29 03:30:00,724.0,0.0,235.0,0.0
2025-10-29 04:00:00,708.0,0.0,230.0,0.0
2025-10-29 04:30:00,718.0,0.0,239.0,0.0
2025-10-29 05:00:00,708.0,0.0,236.0,0.0
2025-10-29 05:30:00,724.0,0.0,243.0,0.0
2025-10-29 06:00:00,718.0,0.0,240.0,0.0
2025-10-29 06:30:00,686.0,0.0,228.0,0.0
2025-10-29 07:00:00,723.0,0.0,235.0,0.0
2025-10-29 07:30:00,752.0,0.0,244.0,0.0
2025-10-29 08:00:00,800.0,0.0,269.0,0.0
2025-10-29 08:30:00,875.0,0.0,302.0,0.0
2025-10-29 09:00:00,929.0,0.0,327.0,0.0
2025-10-29 09:30:00,947.0,0.0,331.0,0.0
2025-10-29 10:00:00,953.0,0.0,329.0,0.0
2025-10-29 10:30:00,937.0,0.0,319.0,0.0
2025-10-29 11:00:00,944.0,0.0,321.0,0.0
2025-10-29 11:30:00,935.0,0.0,318.0,0.0
2025-10-29 12:00:00,905.0,0.0,348.0,0.0
2025-10-29 12:30:00,913.0,0.0,378.0,0.0
2025-10-29 13:00:00,914.0,0.0,347.0,0.0
2025-10-29 13:30:00,911.0,0.0,343.0,0.0
2025-10-29 14:00:00,927.0,0.0,342.0,0.0
2025-10-29 14:30:00,918.0,0.0,337.0,0.0
2025-10-29 15:00:00,939.0,0.0,340.0,0.0
2025-10-29 15:30:00,939.0,0.0,343.0,0.0
2025-10-29 16:00:00,928.0,0.0,337.0,0.0
2025-10-29 16:30:00,868.0,0.0,315.0,0.0
2025-10-29 17:00:00,896.0,0.0,328.0,0.0
2025-10-29 17:30:00,872.0,0.0,327.0,0.0
2025-10-29 18:00:00,850.0,0.0,307.0,0.0
2025-10-29 18:30:00,631.0,0.0,161.0,0.0
2025-10-29 19:00:00,632.0,0.0,161.0,0.0
2025-10-29 19:30:00,586.0,0.0,129.0,0.0
2025-10-29 20:00:00,545.0,0.0,115.0,0.0
2025-10-29 20:30:00,491.0,0.0,101.0,0.0
2025-10-29 21:00:00,554.0,0.0,150.0,0.0
2025-10-29 21:30:00,554.0,0.0,151.0,0.0
2025-10-29 22:00:00,588.0,0.0,165.0,0.0
2025-10-29 22:30:00,633.0,0.0,188.0,0.0
2025-10-29 23:00:00,694.0,0.0,228.0,0.0
2025-10-29 23:30:00,671.0,0.0,223.0,0.0
2025-10-30 00:00:00,678.0,0.0,217.0,0.0
2025-10-30 00:30:00,691.0,0.0,217.0,0.0
2025-10-30 01:00:00,680.0,0.0,212.0,0.0
2025-10-30 01:30:00,664.0,0.0,205.0,0.0
2025-10-30 02:00:00,674.0,0.0,210.0,0.0
2025-10-30 02:30:00,627.0,0.0,189.0,0.0
2025-10-30 03:00:00,684.0,0.0,210.0,0.0
2025-10-30 03:30:00,681.0,0.0,216.0,0.0
2025-10-30 04:00:00,681.0,0.0,213.0,0.0
2025-10-30 04:30:00,647.0,0.0,202.0,0.0
2025-10-30 05:00:00,675.0,0.0,214.0,0.0
2025-10-30 05:30:00,683.0,0.0,215.0,0.0
2025-10-30 06:00:00,690.0,0.0,218.0,0.0
2025-10-30 06:30:00,635.0,0.0,199.0,0.0
2025-10-30 07:00:00,685.0,0.0,213.0,0.0
2025-10-30 07:30:00,702.0,0.0,217.0,0.0
2025-10-30 08:00:00,739.0,0.0,238.0,0.0
2025-10-30 08:30:00,822.0,0.0,258.0,0.0
2025-10-30 09:00:00,866.0,0.0,279.0,0.0
2025-10-30 09:30:00,901.0,0.0,286.0,0.0
2025-10-30 10:00:00,919.0,0.0,300.0,0.0
2025-10-30 10:30:00,918.0,0.0,299.0,0.0
2025-10-30 11:00:00,925.0,0.0,302.0,0.0
2025-10-30 11:30:00,928.0,0.0,299.0,0.0
2025-10-30 12:00:00,873.0,0.0,282.0,0.0
2025-10-30 12:30:00,906.0,0.0,304.0,0.0
2025-10-30 13:00:00,892.0,0.0,334.0,0.0
2025-10-30 13:30:00,893.0,0.0,303.0,0.0
2025-10-30 14:00:00,931.0,0.0,307.0,0.0
2025-10-30 14:30:00,939.0,0.0,308.0,0.0
2025-10-30 15:00:00,960.0,0.0,313.0,0.0
2025-10-30 15:30:00,953.0,0.0,309.0,0.0
2025-10-30 16:00:00,935.0,0.0,301.0,0.0
2025-10-30 16:30:00,908.0,0.0,286.0,0.0
2025-10-30 17:00:00,907.0,0.0,288.0,0.0
2025-10-30 17:30:00,913.0,0.0,298.0,0.0
2025-10-30 18:00:00,857.0,0.0,276.0,0.0
2025-10-30 18:30:00,672.0,0.0,179.0,0.0
2025-10-30 19:00:00,644.0,0.0,201.0,0.0
2025-10-30 19:30:00,647.0,0.0,200.0,0.0
2025-10-30 20:00:00,618.0,0.0,180.0,0.0
2025-10-30 20:30:00,497.0,0.0,144.0,0.0
2025-10-30 21:00:00,534.0,0.0,182.0,0.0
2025-10-30 21:30:00,558.0,0.0,199.0,0.0
2025-10-30 22:00:00,573.0,0.0,206.0,0.0
2025-10-30 22:30:00,681.0,0.0,230.0,0.0
2025-10-30 23:00:00,685.0,0.0,232.0,0.0
2025-10-30 23:30:00,678.0,0.0,225.0,0.0
2025-10-31 00:00:00,689.0,0.0,232.0,0.0
2025-10-31 00:30:00,684.0,0.0,228.0,0.0
2025-10-31 01:00:00,676.0,0.0,223.0,0.0
2025-10-31 01:30:00,662.0,0.0,219.0,0.0
2025-10-31 02:00:00,659.0,0.0,219.0,0.0
2025-10-31 02:30:00,630.0,0.0,203.0,0.0
2025-10-31 03:00:00,690.0,0.0,226.0,0.0
2025-10-31 03:30:00,658.0,0.0,214.0,0.0
2025-10-31 04:00:00,661.0,0.0,217.0,0.0
2025-10-31 04:30:00,645.0,0.0,203.0,0.0
2025-10-31 05:00:00,656.0,0.0,206.0,0.0
2025-10-31 05:30:00,610.0,0.0,196.0,0.0
2025-10-31 06:00:00,606.0,0.0,196.0,0.0
2025-10-31 06:30:00,607.0,0.0,194.0,0.0
2025-10-31 07:00:00,635.0,0.0,202.0,0.0
2025-10-31 07:30:00,665.0,0.0,215.0,0.0
2025-10-31 08:00:00,712.0,0.0,234.0,0.0
2025-10-31 08:30:00,838.0,0.0,264.0,0.0
2025-10-31 09:00:00,887.0,0.0,293.0,0.0
2025-10-31 09:30:00,924.0,0.0,310.0,0.0
2025-10-31 10:00:00,915.0,0.0,307.0,0.0
2025-10-31 10:30:00,929.0,0.0,311.0,0.0
2025-10-31 11:00:00,921.0,0.0,304.0,0.0
2025-10-31 11:30:00,916.0,0.0,300.0,0.0
2025-10-31 12:00:00,866.0,0.0,279.0,0.0
2025-10-31 12:30:00,913.0,0.0,305.0,0.0
2025-10-31 13:00:00,909.0,0.0,322.0,0.0
2025-10-31 13:30:00,906.0,0.0,390.0,0.0
2025-10-31 14:00:00,916.0,0.0,388.0,0.0
2025-10-31 14:30:00,932.0,0.0,393.0,0.0
2025-10-31 15:00:00,921.0,0.0,386.0,0.0
2025-10-31 15:30:00,931.0,0.0,388.0,0.0
2025-10-31 16:00:00,918.0,0.0,382.0,0.0
2025-10-31 16:30:00,892.0,0.0,377.0,0.0
2025-10-31 17:00:00,933.0,0.0,401.0,0.0
2025-10-31 17:30:00,901.0,0.0,404.0,0.0
2025-10-31 18:00:00,831.0,0.0,366.0,0.0
2025-10-31 18:30:00,640.0,0.0,247.0,0.0
2025-10-31 19:00:00,635.0,0.0,247.0,0.0
2025-10-31 19:30:00,632.0,0.0,241.0,0.0
2025-10-31 20:00:00,598.0,0.0,229.0,0.0
2025-10-31 20:30:00,512.0,0.0,193.0,0.0
2025-10-31 21:00:00,520.0,0.0,195.0,0.0
2025-10-31 21:30:00,505.0,0.0,191.0,0.0
2025-10-31 22:00:00,631.0,0.0,264.0,0.0
2025-10-31 22:30:00,667.0,0.0,302.0,0.0
2025-10-31 23:00:00,658.0,0.0,310.0,0.0
2025-10-31 23:30:00,679.0,0.0,348.0,0.0
2025-11-01 00:00:00,702.0,0.0,356.0,0.0
